booking_id,customer_id,hotel_id,room_id,promotion_id,booking_date,check_in_date,check_out_date,adults,children,booking_channel,booking_status,currency,amount,discount_percentage,discount_amount,tax_amount,final_amount,created_timestamp,updated_timestamp
BOOK000001,CUST004122,HOT0011,ROOM001987,PROMO00064,2025-08-01,2025-08-07,2025-08-13,1,1,Mobile App,Completed,AED,15000.0,20,3000.0,2160.0,14160.0,2020-06-05 17:55:52,2025-09-24 03:29:27
BOOK000002,CUST003468,HOT0008,ROOM000453,PROMO00214,2026-05-01,2026-05-19,2026-05-22,2,0,Walk-In,Completed,AED,15000.0,5,750.0,2565.0,16815.0,2020-01-30 18:56:56,2022-01-14 01:12:57
BOOK000003,CUST004938,HOT0007,ROOM001649,PROMO00177,2025-04-12,2025-05-06,2025-05-08,3,1,Mobile App,Completed,INR,14000.0,5,700.0,2394.0,15694.0,2023-05-08 09:19:35,2026-05-07 15:48:40
BOOK000004,CUST004818,HOT0208,ROOM000084,PROMO00245,2026-03-28,2026-03-29,2026-04-04,1,2,Walk-In,Completed,AED,30000.0,20,6000.0,4320.0,28320.0,2026-05-21 09:34:56,2026-06-07 04:07:02
BOOK000005,CUST000048,HOT0013,ROOM000779,PROMO00090,2025-11-08,2025-11-16,2025-11-19,4,0,Walk-In,Confirmed,GBP,30000.0,0,0.0,5400.0,35400.0,2021-08-05 19:11:57,2023-07-03 14:52:27
BOOK000006,CUST003410,HOT0084,ROOM000529,PROMO00095,2025-04-29,2025-06-27,2025-06-29,3,0,Mobile App,Completed,SGD,5000.0,20,1000.0,720.0,4720.0,2022-05-28 11:00:27,2023-05-19 07:11:45
BOOK000007,CUST003694,HOT0150,ROOM000925,PROMO00024,2025-12-23,2026-01-07,2026-01-09,1,0,Expedia,Completed,,5000.0,15,750.0,765.0,5015.0,2021-01-30 14:06:58,2025-10-31 15:44:33
BOOK000008,CUST004603,HOT0186,ROOM001163,PROMO00147,2026-03-28,2026-04-28,2026-05-02,2,2,Website,Completed,EUR,10000.0,5,500.0,1710.0,11210.0,2020-04-11 01:57:47,2023-09-22 11:51:56
BOOK000009,CUST003917,HOT0138,ROOM000679,PROMO00070,2024-08-02,2024-08-28,2024-09-03,2,2,Website,Confirmed,SGD,90000.0,20,18000.0,12960.0,84960.0,2025-10-17 09:35:57,2026-05-20 05:21:30
BOOK000010,CUST003457,HOT0011,ROOM001987,PROMO00431,2025-08-03,2025-08-08,2025-08-12,2,1,Booking.com,Completed,AED,10000.0,20,2000.0,1440.0,9440.0,2022-05-09 07:49:18,2025-03-23 18:20:44
BOOK000011,CUST003207,HOT0086,ROOM001845,PROMO00278,2025-05-11,2025-05-17,2025-05-18,1,0,Travel Agent,Confirmed,INR,10000.0,15,1500.0,1530.0,10030.0,2024-01-30 07:27:56,2024-10-22 11:17:06
BOOK000012,CUST003055,HOT0174,ROOM001385,PROMO00407,2024-10-10,2024-11-06,2024-11-11,1,2,Booking.com,No Show,INR,75000.0,10,7500.0,12150.0,79650.0,2025-11-25 12:21:43,2026-04-24 13:57:24
BOOK000013,CUST004865,HOT0078,ROOM000391,PROMO00050,2025-02-05,2025-03-23,2025-03-28,4,1,Expedia,Completed,GBP,25000.0,15,3750.0,3825.0,25075.0,2025-10-23 17:39:58,2025-11-05 21:26:14
BOOK000014,CUST001518,HOT0160,ROOM000331,PROMO00016,2025-03-25,2025-05-02,2025-05-04,3,2,Travel Agent,Completed,INR,5000.0,0,0.0,900.0,-5900.0,2026-03-17 19:59:16,2026-05-01 11:06:21
BOOK000015,CUST004763,HOT0130,ROOM001119,PROMO00433,2025-10-21,2025-11-06,2025-11-08,3,2,Walk-In,Completed,EUR,14000.0,20,2800.0,2016.0,13216.0,2024-03-03 06:11:11,2025-01-16 13:06:50
BOOK000016,CUST001530,HOT0231,ROOM001427,PROMO00255,2025-09-24,2025-10-02,2025-10-03,3,2,Mobile App,Confirmed,AED,10000.0,10,1000.0,1620.0,10620.0,2021-09-18 08:10:37,2025-10-08 22:31:07
BOOK000017,CUST000780,HOT0097,ROOM000588,PROMO00062,2026-07-14,2026-08-13,2026-08-20,1,1,Expedia,Completed,SGD,24500.0,20,4900.0,3528.0,23128.0,2023-06-13 00:12:29,2026-01-01 19:49:26
BOOK000018,CUST000935,HOT0083,ROOM000357,PROMO00308,2026-05-16,2026-07-02,2026-07-04,3,2,Booking.com,Completed,AED,7000.0,10,700.0,1134.0,7434.0,2023-02-04 19:36:00,2023-10-25 11:03:14
BOOK000019,CUST003376,HOT0017,ROOM000228,PROMO00451,2026-01-08,2026-02-10,2026-02-11,2,0,Booking.com,Completed,AED,3500.0,20,700.0,504.0,3304.0,2022-08-23 14:46:16,2026-03-31 03:01:44
BOOK000020,CUST001068,HOT0196,ROOM000515,PROMO00050,2025-02-19,2025-03-19,2025-03-26,2,0,Walk-In,Completed,INR,24500.0,20,4900.0,3528.0,23128.0,2026-05-26 14:09:15,2026-06-21 09:11:47
BOOK000021,CUST003140,HOT0146,ROOM000752,PROMO00469,2025-11-25,2026-01-20,2026-01-21,2,2,Travel Agent,Completed,SGD,3500.0,15,525.0,535.5,3510.5,2022-06-27 00:27:11,2026-04-29 10:22:42
BOOK000022,CUST003313,HOT0061,ROOM001625,PROMO00437,2024-08-11,2024-08-29,2024-09-01,1,0,Booking.com,Completed,USD,45000.0,5,2250.0,7695.0,50445.0,2023-05-14 06:58:49,2026-03-31 12:39:17
BOOK000023,CUST001983,HOT0213,ROOM001785,PROMO00455,2024-08-25,2024-09-17,2024-09-19,1,2,Travel Agent,Completed,AED,30000.0,20,6000.0,4320.0,28320.0,2020-05-17 06:37:25,2022-03-08 22:01:56
BOOK000024,CUST004229,HOT0019,ROOM000609,PROMO00117,2025-08-13,2025-09-16,2025-09-22,2,0,Walk-In,Cancelled,INR,42000.0,5,2100.0,7182.0,47082.0,2024-01-02 16:32:30,2026-07-04 13:40:43
BOOK000025,CUST004729,HOT0044,ROOM000267,PROMO00078,2025-08-19,2025-09-13,2025-09-19,4,1,Travel Agent,Completed,USD,42000.0,10,4200.0,6804.0,44604.0,2024-06-29 00:10:09,2026-03-30 19:21:53
BOOK000026,CUST004956,HOT0219,ROOM000249,PROMO00393,2024-08-10,2024-08-16,2024-08-18,1,0,Website,Completed,SGD,5000.0,10,500.0,810.0,5310.0,2023-12-28 03:42:02,2026-01-30 23:05:37
BOOK000027,CUST001845,HOT0004,ROOM001613,PROMO00262,2025-01-12,2025-02-17,2025-02-18,2,0,Booking.com,Completed,EUR,2500.0,5,125.0,427.5,2802.5,2021-07-13 07:57:00,2024-05-30 14:57:57
BOOK000028,CUST000552,HOT0100,ROOM000252,PROMO00278,2026-03-03,2026-03-30,2026-04-05,1,1,Walk-In,Cancelled,INR,15000.0,20,3000.0,2160.0,14160.0,2023-12-20 22:52:57,2024-08-22 05:00:02
BOOK000029,CUST000452,HOT0054,ROOM001816,PROMO00076,2025-12-25,2026-02-18,2026-02-23,1,0,Mobile App,Confirmed,SGD,75000.0,20,15000.0,10800.0,70800.0,2020-03-25 15:58:09,2024-12-10 10:25:48
BOOK000030,CUST001258,HOT0061,ROOM000536,PROMO00041,2025-01-18,2025-03-11,2025-03-12,4,0,Walk-In,Completed,SGD,5000.0,10,500.0,810.0,5310.0,2023-02-01 06:54:35,2025-11-20 10:51:42
BOOK000031,CUST000690,HOT0192,ROOM001403,PROMO00061,2025-03-01,2025-03-13,2025-03-20,2,1,Travel Agent,Confirmed,AED,24500.0,15,3675.0,3748.5,24573.5,2021-06-29 02:20:21,2025-06-09 13:53:37
BOOK000032,CUST003614,HOT0150,ROOM000461,PROMO00079,2026-05-24,2026-06-28,2026-06-29,4,2,Booking.com,Completed,EUR,10000.0,5,500.0,1710.0,11210.0,2022-07-31 07:35:36,2024-08-26 14:08:16
BOOK000033,CUST002664,HOT0152,ROOM000398,PROMO00491,2025-03-10,2025-04-27,2025-05-04,4,1,Expedia,Confirmed,AED,105000.0,15,15750.0,16065.0,105315.0,2025-08-20 10:42:23,2026-04-18 06:26:36
BOOK000034,CUST002232,HOT0076,ROOM000635,PROMO00400,2025-05-20,2025-07-15,2025-07-17,3,0,Mobile App,Cancelled,SGD,7000.0,10,700.0,1134.0,7434.0,2021-11-30 22:01:16,2023-05-10 17:36:45
BOOK000035,CUST003121,HOT0003,ROOM001391,PROMO00209,2025-06-25,2025-08-03,2025-08-10,1,0,Expedia,Completed,EUR,70000.0,10,7000.0,11340.0,74340.0,2024-06-21 20:00:49,2026-01-26 21:46:53
BOOK000036,CUST001033,HOT0138,ROOM000571,PROMO00318,2026-06-19,2026-08-14,2026-08-17,1,0,Walk-In,Completed,EUR,45000.0,10,4500.0,7290.0,47790.0,2022-08-18 02:03:50,2026-04-05 20:20:45
BOOK000037,CUST002783,HOT0206,ROOM000829,PROMO00323,2024-08-24,2024-09-29,2024-09-30,4,1,Expedia,Completed,AED,7000.0,5,350.0,1197.0,7847.0,2026-06-19 09:06:54,2026-07-14 02:56:09
BOOK000038,CUST004474,HOT0248,ROOM001231,PROMO00404,2026-06-13,2026-07-14,2026-07-15,2,2,Booking.com,Completed,AED,3500.0,15,525.0,535.5,3510.5,2025-07-02 07:23:23,2026-03-19 23:51:16
BOOK000039,CUST999999,HOT0230,ROOM000259,PROMO00227,2024-09-21,2024-11-14,2024-11-16,1,0,Booking.com,Completed,GBP,20000.0,5,1000.0,3420.0,22420.0,2022-07-23 08:40:35,2024-10-30 19:51:47
BOOK000040,CUST003112,HOT0231,ROOM000210,PROMO00188,2024-08-13,2024-08-28,2024-08-13,1,0,Walk-In,Confirmed,SGD,25000.0,20,5000.0,3600.0,23600.0,2026-01-06 12:25:07,2026-03-18 14:32:12
BOOK000041,CUST003231,HOT0133,ROOM001939,PROMO00181,2025-10-06,2025-10-26,2025-11-02,1,1,Mobile App,Completed,AED,70000.0,5,3500.0,11970.0,78470.0,2022-12-29 11:31:07,2023-08-12 20:52:01
BOOK000042,CUST004274,HOT0136,ROOM001746,PROMO00326,2025-02-19,2025-04-08,2025-04-14,4,0,Mobile App,Completed,INR,30000.0,20,6000.0,4320.0,-28320.0,2024-02-11 08:22:48,2024-07-20 16:21:14
BOOK000043,CUST003487,HOT0172,ROOM001116,PROMO00093,2025-12-25,2026-01-18,2026-01-20,2,0,Mobile App,Completed,EUR,5000.0,20,1000.0,720.0,4720.0,2021-01-17 12:29:36,2022-02-24 02:29:45
BOOK000044,CUST003824,HOT0208,ROOM000067,PROMO00035,2025-06-16,2025-07-17,2025-07-20,1,0,Travel Agent,Cancelled,INR,45000.0,0,0.0,8100.0,53100.0,2020-08-10 12:54:10,2024-10-07 17:52:03
BOOK000045,CUST001471,HOT0229,ROOM000470,PROMO00150,2025-08-07,2025-09-23,2025-09-27,2,0,Travel Agent,Completed,INR,14000.0,5,700.0,2394.0,15694.0,2021-11-12 15:55:41,2023-09-10 11:59:42
BOOK000046,CUST000279,HOT0171,ROOM000209,PROMO00363,2026-05-09,2026-06-17,2026-06-19,2,2,Website,Confirmed,USD,10000.0,10,1000.0,1620.0,10620.0,2022-08-10 06:38:03,2025-02-17 14:11:21
BOOK000047,CUST001718,HOT0056,ROOM000627,PROMO00475,2025-04-22,2025-06-14,2025-06-19,3,2,Website,Cancelled,INR,75000.0,20,15000.0,10800.0,70800.0,2022-06-29 23:23:52,2024-12-18 07:33:21
BOOK000048,CUST003473,HOT0046,ROOM001412,PROMO00479,2025-05-04,2025-06-27,2025-06-29,1,2,Walk-In,Cancelled,EUR,20000.0,20,4000.0,2880.0,18880.0,2023-06-02 20:13:51,2023-12-26 16:59:50
BOOK000049,CUST002312,HOT0248,ROOM001673,PROMO00123,2025-07-29,2025-09-13,2025-09-20,4,0,Website,Confirmed,GBP,24500.0,20,4900.0,3528.0,23128.0,2023-11-26 14:17:55,2024-03-06 14:33:16
BOOK000050,CUST003582,HOT0039,ROOM001298,PROMO00135,2025-11-11,2025-12-08,2025-12-10,4,2,Travel Agent,Completed,INR,20000.0,10,2000.0,3240.0,21240.0,2023-09-06 05:19:33,2024-03-23 07:22:03
BOOK000051,CUST003176,HOT0092,ROOM001474,PROMO00232,2026-01-07,2026-02-07,2026-02-08,3,0,Website,Completed,INR,5000.0,15,750.0,765.0,5015.0,2022-12-12 20:00:13,2023-08-04 20:33:31
BOOK000052,CUST002406,HOT0160,ROOM001466,PROMO00413,2025-05-29,2025-06-30,2025-07-07,2,0,Website,Completed,GBP,70000.0,5,3500.0,11970.0,78470.0,2022-04-19 11:58:17,2025-12-19 05:04:43
BOOK000053,CUST000557,HOT0232,ROOM000868,PROMO00349,2026-03-24,2026-04-28,2026-05-03,3,2,Website,Confirmed,AED,35000.0,0,0.0,6300.0,41300.0,2026-03-08 18:27:10,2026-04-29 13:28:01
BOOK000054,CUST002355,HOT0068,ROOM000893,PROMO00491,2025-04-15,2025-05-17,2025-05-22,1,2,Website,Completed,AED,17500.0,10,1750.0,2835.0,18585.0,2025-05-06 07:05:46,2025-09-20 05:31:45
BOOK000055,CUST003677,HOT0167,ROOM000447,PROMO00479,2025-05-05,2025-05-31,2025-06-05,2,0,Walk-In,Completed,SGD,35000.0,20,7000.0,5040.0,33040.0,2025-10-14 07:23:51,2026-05-13 15:39:13
BOOK000056,CUST003864,HOT0117,ROOM000624,PROMO00234,2026-05-28,2026-05-30,2026-06-06,4,2,Website,Completed,USD,49000.0,20,9800.0,7056.0,46256.0,2026-01-07 06:55:00,2026-07-16 00:14:07
BOOK000057,CUST001855,HOT0249,ROOM001102,PROMO00060,2026-06-02,2026-06-07,2026-06-12,4,1,Booking.com,Confirmed,GBP,25000.0,0,0.0,4500.0,29500.0,2024-07-31 12:38:27,2025-12-04 06:17:51
BOOK000058,CUST000729,HOT0242,ROOM001220,PROMO00261,2025-02-26,2025-04-21,2025-04-24,2,1,Travel Agent,Completed,AED,45000.0,5,2250.0,7695.0,50445.0,2020-10-11 05:49:25,2021-08-07 06:03:54
BOOK000059,CUST002336,HOT0196,ROOM001316,PROMO00183,2026-05-08,2026-07-05,2026-07-12,3,0,Expedia,Confirmed,EUR,35000.0,0,0.0,6300.0,41300.0,2025-03-14 21:29:34,2025-06-15 10:37:05
BOOK000060,CUST003916,HOT0001,ROOM000598,PROMO00127,2025-03-08,2025-04-29,2025-05-06,1,1,Website,Completed,EUR,49000.0,15,7350.0,7497.0,49147.0,2023-06-07 20:02:59,2023-11-09 05:42:01
BOOK000061,CUST004244,HOT0037,ROOM000971,PROMO00297,2025-06-10,2025-06-16,2025-06-22,3,2,Expedia,Completed,GBP,60000.0,15,9000.0,9180.0,60180.0,2021-03-22 23:59:50,2025-08-05 13:16:13
BOOK000062,CUST003884,HOT0017,ROOM001418,PROMO00363,2026-02-28,2026-04-17,2026-04-23,2,1,Website,Completed,INR,42000.0,15,6300.0,6426.0,42126.0,2022-08-18 10:43:08,2025-04-19 08:40:23
BOOK000063,CUST003143,HOT0197,ROOM001692,PROMO00095,2025-05-30,2025-07-13,2025-07-14,3,1,Booking.com,Completed,USD,15000.0,10,1500.0,2430.0,15930.0,2021-02-08 09:20:30,2022-10-25 10:32:33
BOOK000064,CUST001398,HOT0041,ROOM000820,PROMO00313,2026-04-11,2026-05-11,2026-05-13,4,2,Mobile App,Confirmed,EUR,30000.0,0,0.0,5400.0,35400.0,2022-06-16 15:56:18,2022-12-31 06:45:45
BOOK000065,CUST004509,HOT0115,ROOM001525,PROMO00265,2025-03-11,2025-04-02,2025-04-03,4,1,Website,Confirmed,AED,7000.0,15,1050.0,1071.0,7021.0,2022-02-23 11:58:16,2025-10-14 22:27:53
BOOK000066,CUST000043,HOT0059,ROOM001728,PROMO00268,2025-09-25,2025-10-09,2025-10-14,4,2,Travel Agent,Completed,SGD,17500.0,10,1750.0,2835.0,18585.0,2026-04-23 03:59:00,2026-07-07 17:09:56
BOOK000067,CUST000680,HOT0218,ROOM001510,PROMO00192,2026-01-22,2026-03-02,2026-03-03,3,0,Mobile App,Confirmed,GBP,10000.0,5,500.0,1710.0,11210.0,2024-05-26 11:12:18,2025-09-21 11:20:52
BOOK000068,CUST002764,HOT0209,ROOM000791,PROMO00283,2025-06-21,2025-08-10,2025-08-15,4,1,Travel Agent,Confirmed,EUR,12500.0,5,625.0,2137.5,14012.5,2020-10-21 22:08:59,2024-10-07 03:27:10
BOOK000069,CUST000338,HOT0107,ROOM000231,PROMO00459,2025-09-03,2025-09-08,2025-09-15,3,0,Travel Agent,Completed,SGD,105000.0,20,21000.0,15120.0,99120.0,2024-08-10 08:40:26,2026-06-01 23:29:27
BOOK000070,CUST003883,HOT0151,ROOM001876,PROMO00459,2025-03-10,2025-04-30,2025-05-03,2,0,Mobile App,Confirmed,EUR,10500.0,15,1575.0,1606.5,10531.5,2025-03-12 22:33:42,2025-03-14 16:09:07
BOOK000071,CUST001035,HOT0058,ROOM000885,PROMO00177,2025-07-29,2025-09-18,2025-09-20,2,0,Booking.com,Completed,USD,5000.0,10,500.0,810.0,5310.0,2024-08-29 23:42:19,2024-10-13 21:48:17
BOOK000072,CUST002796,HOT0039,ROOM001082,PROMO00373,2025-08-17,2025-09-29,2025-09-30,4,0,Website,Completed,SGD,15000.0,15,2250.0,2295.0,15045.0,2021-08-26 13:11:47,2024-02-22 12:22:31
BOOK000073,CUST004887,HOT0216,ROOM000496,PROMO00356,2024-12-05,2025-01-03,2025-01-07,3,2,Travel Agent,Completed,GBP,60000.0,15,9000.0,9180.0,60180.0,2023-02-22 14:25:33,2024-01-17 10:35:24
BOOK000074,CUST002100,HOT0231,ROOM001098,PROMO00129,2025-02-22,2025-03-25,2025-03-28,1,1,Mobile App,Confirmed,USD,30000.0,0,0.0,5400.0,35400.0,2020-04-10 01:27:11,2020-06-07 22:52:05
BOOK000075,CUST003819,HOT0048,ROOM001392,PROMO00130,2025-12-22,2026-02-02,2026-02-04,2,1,Booking.com,Completed,AED,20000.0,10,2000.0,3240.0,21240.0,2025-01-01 20:44:29,2026-06-02 15:15:01
BOOK000076,CUST003968,HOT0118,ROOM000414,PROMO00270,2026-06-22,2026-07-07,2026-07-10,3,2,Travel Agent,Confirmed,EUR,10500.0,5,525.0,1795.5,11770.5,2020-08-17 00:25:06,2022-06-10 02:52:21
BOOK000077,CUST001890,HOT0247,ROOM000994,PROMO00013,2025-10-25,2025-12-02,2025-12-04,1,0,Booking.com,Confirmed,SGD,5000.0,15,750.0,765.0,5015.0,2023-10-08 15:55:40,2023-12-05 04:38:48
BOOK000078,CUST004384,HOT0019,ROOM001441,PROMO00100,2025-12-26,2025-12-27,2025-12-31,2,2,Mobile App,Confirmed,USD,20000.0,20,4000.0,2880.0,18880.0,2023-11-01 16:15:24,2025-04-19 11:43:13
BOOK000079,CUST002300,HOT0027,ROOM000628,PROMO00254,2024-08-25,2024-10-16,2024-10-21,2,1,Mobile App,Completed,GBP,50000.0,10,5000.0,8100.0,53100.0,2020-07-02 23:37:20,2025-07-15 02:09:20
BOOK000080,CUST003620,HOT0188,ROOM000025,PROMO00192,2025-12-08,2026-02-04,2026-02-10,2,2,Mobile App,Cancelled,USD,42000.0,10,4200.0,6804.0,44604.0,2021-02-24 09:01:57,2026-04-25 06:19:47
BOOK000081,CUST001968,HOT0209,ROOM001579,PROMO00419,2024-12-16,2024-12-20,2024-12-22,4,1,Booking.com,Cancelled,USD,5000.0,10,500.0,810.0,5310.0,2025-09-05 01:36:45,2025-10-28 17:50:47
BOOK000082,CUST004917,HOT0205,ROOM001916,PROMO00391,2025-05-01,2025-05-20,2025-05-22,2,0,Website,Cancelled,GBP,20000.0,0,0.0,3600.0,23600.0,2024-04-18 21:28:41,2024-09-25 15:48:47
BOOK000083,CUST001847,HOT0225,ROOM000273,PROMO00011,2024-12-29,2025-02-12,2025-02-13,2,1,Booking.com,Completed,,10000.0,10,1000.0,1620.0,10620.0,2026-06-10 05:08:30,2026-06-19 09:30:45
BOOK000084,CUST004691,HOT0110,ROOM000843,PROMO00068,2024-10-27,2024-11-23,2024-11-28,1,1,Booking.com,Completed,USD,75000.0,10,7500.0,12150.0,79650.0,2022-02-25 05:36:29,2026-04-08 23:07:39
BOOK000085,CUST002599,HOT0050,ROOM000610,PROMO00266,2026-06-30,2026-08-23,2026-08-29,3,2,Expedia,Cancelled,SGD,90000.0,0,0.0,16200.0,106200.0,2023-05-15 15:33:48,2025-09-19 10:36:46
BOOK000086,CUST003676,HOT0082,ROOM000668,PROMO00038,2025-10-06,2025-10-12,2025-10-13,3,0,Mobile App,Completed,SGD,5000.0,20,1000.0,720.0,4720.0,2022-10-27 17:59:58,2026-03-23 21:32:45
BOOK000087,CUST000727,HOT0063,ROOM000106,PROMO00433,2025-05-15,2025-05-19,2025-05-22,1,0,Website,Completed,INR,45000.0,5,2250.0,7695.0,50445.0,2025-07-16 18:13:45,2025-08-16 09:26:55
BOOK000088,CUST000519,HOT0022,ROOM001562,PROMO00003,2024-09-18,2024-10-09,2024-09-18,4,0,Travel Agent,Completed,INR,105000.0,10,10500.0,17010.0,111510.0,2025-10-23 16:48:01,2026-05-21 09:27:40
BOOK000089,CUST002823,HOT0006,ROOM001750,PROMO00292,2025-05-20,2025-06-21,2025-06-22,2,0,Travel Agent,Completed,SGD,2500.0,15,375.0,382.5,2507.5,2024-10-07 13:42:20,2024-12-04 07:27:28
BOOK000090,CUST000635,HOT0098,ROOM001473,PROMO00301,2026-03-16,2026-05-05,2026-05-07,1,0,Booking.com,Completed,GBP,5000.0,10,500.0,810.0,5310.0,2024-04-21 20:44:37,2025-08-21 19:55:14
BOOK000091,CUST004422,HOT0181,ROOM000700,PROMO00263,2025-05-07,2025-05-17,2025-05-22,1,2,Mobile App,Completed,USD,25000.0,15,3750.0,3825.0,25075.0,2022-01-24 12:22:46,2024-04-24 13:51:17
BOOK000092,CUST003188,HOT0054,ROOM000016,PROMO00135,2026-03-08,2026-04-14,2026-04-18,4,2,Expedia,No Show,SGD,14000.0,0,0.0,2520.0,16520.0,2024-02-07 04:53:23,2024-08-28 00:52:11
BOOK000093,CUST002792,HOT0174,ROOM001835,PROMO00214,2024-08-10,2024-09-29,2024-08-10,4,2,Website,Completed,AED,7500.0,5,375.0,1282.5,8407.5,2025-03-11 15:06:25,2025-09-19 21:58:35
BOOK000094,CUST002419,HOT0155,ROOM001142,PROMO00339,2024-11-29,2024-12-20,2024-12-26,4,1,Website,Completed,AED,60000.0,10,6000.0,9720.0,63720.0,2020-12-05 00:46:55,2025-07-12 08:25:36
BOOK000095,CUST004778,HOT0206,ROOM000577,PROMO00408,2024-09-02,2024-09-26,2024-10-02,1,0,Website,Completed,INR,42000.0,5,2100.0,7182.0,47082.0,2023-07-19 16:53:58,2024-02-06 01:26:25
BOOK000096,CUST002661,HOT0150,ROOM000832,PROMO00121,2026-05-09,2026-05-11,2026-05-14,4,0,Website,Cancelled,SGD,45000.0,5,2250.0,7695.0,50445.0,2021-01-03 02:33:38,2024-07-28 12:38:22
BOOK000097,CUST003967,HOT0026,ROOM000074,PROMO00032,2025-05-04,2025-06-19,2025-06-21,2,1,Travel Agent,Completed,AED,10000.0,15,1500.0,1530.0,10030.0,2022-03-24 23:32:17,2023-06-24 19:12:22
BOOK000098,CUST000033,HOT0151,ROOM001876,PROMO00038,2026-06-12,2026-07-22,2026-07-25,4,1,Walk-In,Confirmed,EUR,10500.0,0,0.0,1890.0,12390.0,2020-01-21 19:28:33,2022-12-26 01:13:13
BOOK000099,CUST004625,HOT0227,ROOM000080,PROMO00324,2026-04-04,2026-04-07,2026-04-11,4,2,Mobile App,Confirmed,INR,40000.0,5,2000.0,6840.0,44840.0,2022-10-23 01:19:18,2025-01-24 00:26:58
BOOK000100,CUST002544,HOT0223,ROOM001287,PROMO00070,2025-05-12,2025-07-10,2025-07-17,2,2,Website,Confirmed,USD,17500.0,20,3500.0,2520.0,16520.0,2024-03-26 11:03:42,2026-03-30 17:21:22
BOOK000101,CUST000303,HOT0091,ROOM001793,PROMO00114,2025-03-29,2025-04-02,2025-04-03,1,2,Walk-In,Cancelled,AED,7000.0,0,0.0,1260.0,8260.0,2026-05-21 19:12:03,2026-07-10 03:00:43
BOOK000102,CUST004384,HOT0127,ROOM001101,PROMO00239,2025-07-15,2025-09-03,2025-09-08,2,2,Travel Agent,Completed,EUR,17500.0,10,1750.0,2835.0,18585.0,2022-02-04 20:00:19,2022-02-22 02:11:27
BOOK000103,CUST003922,HOT0117,ROOM000709,PROMO00485,2025-06-28,2025-08-21,2025-08-23,2,1,Walk-In,Completed,GBP,30000.0,15,4500.0,4590.0,30090.0,2025-04-26 22:06:31,2025-07-03 19:20:21
BOOK000104,CUST000419,HOT0016,ROOM000004,PROMO00387,2025-12-15,2026-02-12,2026-02-16,3,1,Expedia,Confirmed,EUR,40000.0,15,6000.0,6120.0,40120.0,2026-03-22 21:27:27,2026-05-29 21:41:44
BOOK000105,CUST004995,HOT0032,ROOM000310,PROMO00081,2025-10-27,2025-11-18,2025-11-24,1,0,Mobile App,Completed,USD,21000.0,20,4200.0,3024.0,19824.0,2025-04-21 13:44:55,2025-06-26 03:19:53
BOOK000106,CUST002891,HOT0069,ROOM000145,PROMO00437,2026-04-25,2026-05-08,2026-05-12,3,1,Website,Completed,AED,14000.0,0,0.0,2520.0,16520.0,2022-05-03 12:16:59,2024-12-08 14:24:26
BOOK000107,CUST003844,HOT0028,ROOM000318,PROMO00427,2025-01-24,2025-02-15,2025-02-18,3,0,Mobile App,Cancelled,AED,45000.0,10,4500.0,7290.0,47790.0,2024-06-05 05:53:29,2025-11-25 23:25:05
BOOK000108,CUST001370,HOT0234,ROOM001600,PROMO00011,2024-12-09,2025-01-16,2025-01-21,3,1,Expedia,Completed,USD,12500.0,20,2500.0,1800.0,11800.0,2022-09-13 12:15:39,2024-01-07 07:24:02
BOOK000109,CUST000529,HOT0091,ROOM001927,PROMO00240,2024-12-02,2025-01-01,2025-01-03,4,1,Expedia,Completed,INR,10000.0,0,0.0,1800.0,11800.0,2025-05-05 17:38:25,2026-01-18 17:51:04
BOOK000110,CUST003452,HOT0159,ROOM001258,PROMO00311,2026-06-29,2026-07-19,2026-07-26,1,0,Walk-In,Cancelled,AED,70000.0,10,7000.0,11340.0,74340.0,2020-02-29 06:57:24,2020-12-10 03:39:51
BOOK000111,CUST003528,HOT0125,ROOM001057,PROMO00281,2025-07-19,2025-09-03,2025-09-06,2,2,Walk-In,Confirmed,SGD,21000.0,20,4200.0,3024.0,19824.0,2020-07-27 21:02:05,2025-11-02 00:03:05
BOOK000112,CUST003206,HOT0102,ROOM000773,PROMO00393,2026-06-16,2026-08-04,2026-08-10,1,1,Expedia,Completed,AED,21000.0,15,3150.0,3213.0,21063.0,2023-09-16 00:08:24,2023-10-21 04:57:42
BOOK000113,CUST004137,HOT0053,ROOM001734,PROMO00414,2026-03-07,2026-03-14,2026-03-20,3,1,Travel Agent,Cancelled,INR,21000.0,10,2100.0,3402.0,22302.0,2024-01-17 15:17:17,2024-07-10 20:56:27
BOOK000114,CUST001759,HOT0005,ROOM000922,PROMO00422,2025-06-13,2025-07-27,2025-08-01,1,1,Mobile App,Completed,AED,35000.0,20,7000.0,5040.0,33040.0,2021-03-07 01:25:35,2021-08-03 10:32:05
BOOK000115,CUST000626,HOT0245,ROOM000061,PROMO00322,2024-11-08,2024-12-08,2024-12-14,4,0,Travel Agent,Cancelled,EUR,21000.0,0,0.0,3780.0,24780.0,2026-06-03 18:26:17,2026-07-22 22:46:30
BOOK000116,CUST003436,HOT0193,ROOM001050,PROMO00245,2025-02-22,2025-03-25,2025-04-01,4,0,Mobile App,Confirmed,INR,70000.0,15,10500.0,10710.0,70210.0,2022-10-17 05:35:14,2023-10-19 14:49:38
BOOK000117,CUST001957,HOT0165,ROOM001638,PROMO00095,2025-03-01,2025-04-04,2025-04-05,3,0,Expedia,Completed,USD,7000.0,20,1400.0,1008.0,6608.0,2026-06-12 11:58:13,2026-07-21 13:40:52
BOOK000118,CUST003532,HOT0096,ROOM000340,PROMO00018,2026-04-08,2026-05-20,2026-05-25,1,1,Expedia,Completed,SGD,75000.0,15,11250.0,11475.0,75225.0,2024-11-12 20:56:39,2026-01-19 22:51:29
BOOK000119,CUST003719,HOT0228,ROOM001331,PROMO00325,2025-08-20,2025-09-10,2025-09-17,2,2,Walk-In,Completed,SGD,35000.0,5,1750.0,5985.0,39235.0,2021-12-29 10:54:23,2023-08-19 21:18:01
BOOK000120,CUST000447,HOT0012,ROOM000625,PROMO00233,2025-01-28,2025-02-11,2025-02-17,4,2,Travel Agent,Confirmed,GBP,30000.0,20,6000.0,4320.0,28320.0,2020-11-06 17:47:09,2026-04-29 15:26:29
BOOK000121,CUST004974,HOT0104,ROOM001499,PROMO00298,2024-12-12,2025-01-30,2025-02-06,3,1,Website,Confirmed,EUR,70000.0,0,0.0,12600.0,82600.0,2023-08-11 10:28:52,2026-04-29 02:42:08
BOOK000122,CUST003204,HOT0132,ROOM000407,PROMO00224,2024-09-14,2024-10-06,2024-10-07,4,1,Travel Agent,Completed,SGD,3500.0,20,700.0,504.0,3304.0,2025-08-07 12:49:52,2026-07-24 14:25:15
BOOK000123,CUST000708,HOT0219,ROOM001666,PROMO00423,2025-03-09,2025-03-10,2025-03-14,2,1,Booking.com,Completed,EUR,40000.0,0,0.0,7200.0,47200.0,2024-07-27 22:24:28,2025-02-28 12:16:34
BOOK000124,CUST000091,HOT0160,ROOM001755,PROMO00355,2025-12-22,2026-01-21,2026-01-23,2,2,Website,No Show,AED,5000.0,20,1000.0,720.0,4720.0,2021-12-20 16:10:27,2022-09-17 17:28:11
BOOK000125,CUST001699,HOT0172,ROOM001116,PROMO00148,2026-03-27,2026-05-05,2026-05-12,1,1,Mobile App,Cancelled,AED,17500.0,15,2625.0,2677.5,17552.5,2020-12-12 14:14:53,2024-01-16 07:30:40
BOOK000126,CUST000696,HOT0132,ROOM000757,PROMO00045,2025-06-06,2025-07-18,2025-07-24,4,2,Expedia,Completed,USD,21000.0,0,0.0,3780.0,24780.0,2023-10-14 09:52:43,2024-05-08 13:11:05
BOOK000127,CUST001007,HOT0051,ROOM000525,PROMO00261,2026-04-14,2026-05-10,2026-05-17,2,2,Walk-In,Completed,INR,35000.0,10,3500.0,5670.0,37170.0,2020-01-30 07:38:26,2020-08-06 10:13:25
BOOK000128,CUST002739,HOT0028,ROOM000014,PROMO00263,2024-10-05,2024-11-25,2024-11-26,4,1,Website,No Show,GBP,3500.0,0,0.0,630.0,4130.0,2023-11-17 20:44:16,2024-06-19 12:44:29
BOOK000129,CUST004915,HOT0238,ROOM001731,PROMO00372,2025-07-31,2025-09-18,2025-09-22,4,0,Mobile App,Cancelled,INR,40000.0,20,8000.0,5760.0,37760.0,2023-12-22 03:53:22,2026-05-30 21:09:18
BOOK000130,CUST001030,HOT0045,ROOM000941,PROMO00291,2024-12-22,2024-12-23,2024-12-25,2,0,Website,Completed,SGD,7000.0,5,350.0,1197.0,7847.0,2026-07-23 05:07:40,2026-07-23 10:01:55
BOOK000131,CUST001873,HOT0107,ROOM000231,PROMO00335,2025-12-28,2026-01-15,2026-01-16,2,0,Website,Completed,GBP,15000.0,20,3000.0,2160.0,14160.0,2022-01-12 15:09:09,2023-07-03 15:51:16
BOOK000132,CUST002726,HOT0227,ROOM001113,PROMO00287,2026-06-27,2026-06-28,2026-07-05,1,2,Walk-In,Completed,INR,105000.0,15,15750.0,16065.0,105315.0,2022-12-12 13:48:16,2025-02-07 21:49:08
BOOK000133,CUST000295,HOT0187,ROOM001757,PROMO00484,2025-06-27,2025-08-06,2025-08-13,1,2,Booking.com,Confirmed,SGD,17500.0,5,875.0,2992.5,19617.5,2025-05-12 23:51:06,2026-05-28 04:22:29
BOOK000134,CUST002173,HOT0193,ROOM001881,PROMO00214,2025-05-22,2025-06-09,2025-06-11,1,0,Website,Completed,GBP,14000.0,0,0.0,2520.0,16520.0,2023-07-25 21:26:46,2023-08-09 00:39:01
BOOK000135,CUST002879,HOT0113,ROOM000203,PROMO00212,2024-10-13,2024-12-03,2024-12-06,1,2,Expedia,Confirmed,GBP,30000.0,10,3000.0,4860.0,31860.0,2026-01-11 10:12:38,2026-04-18 01:13:19
BOOK000136,CUST000433,HOT0097,ROOM000116,PROMO00457,2025-05-28,2025-07-27,2025-07-29,1,2,Website,Confirmed,SGD,5000.0,5,250.0,855.0,5605.0,2026-07-25 01:30:43,2026-07-29 09:05:05
BOOK000137,CUST000475,HOT0005,ROOM001772,PROMO00218,2026-05-30,2026-06-23,2026-06-24,1,1,Expedia,Completed,GBP,15000.0,5,750.0,2565.0,16815.0,2024-04-28 22:43:29,2024-05-28 16:35:59
BOOK000138,CUST003697,HOT0018,ROOM001166,PROMO00432,2025-11-07,2025-11-10,2025-11-13,1,0,Walk-In,Completed,SGD,15000.0,5,750.0,2565.0,16815.0,2020-04-11 00:15:30,2025-06-19 19:23:51
BOOK000139,CUST001443,HOT0083,ROOM000380,PROMO00336,2024-10-29,2024-11-26,2024-12-03,4,2,Walk-In,Completed,USD,49000.0,5,2450.0,8379.0,54929.0,2024-11-17 16:06:00,2024-12-03 14:03:06
BOOK000140,CUST000671,HOT0235,ROOM001951,PROMO00139,2025-06-19,2025-08-07,2025-08-09,2,1,Mobile App,Cancelled,INR,5000.0,15,750.0,765.0,5015.0,2023-08-18 08:15:21,2023-09-09 13:44:42
BOOK000141,CUST000949,HOT0119,ROOM000178,PROMO00026,2024-12-22,2025-01-15,2025-01-21,2,0,Walk-In,Cancelled,SGD,30000.0,0,0.0,5400.0,35400.0,2021-03-11 20:56:36,2025-07-25 20:59:39
BOOK000142,CUST002377,HOT0090,ROOM000190,PROMO00138,2025-10-10,2025-11-10,2025-11-12,1,0,Mobile App,Cancelled,SGD,20000.0,15,3000.0,3060.0,20060.0,2026-02-02 11:17:10,2026-05-08 14:05:19
BOOK000143,CUST004582,HOT0209,ROOM000003,PROMO00447,2024-11-15,2024-11-21,2024-11-22,2,2,Booking.com,Completed,GBP,5000.0,15,750.0,765.0,5015.0,2024-11-23 20:30:46,2025-04-28 21:50:38
BOOK000144,CUST004720,HOT0067,ROOM000353,PROMO00213,2026-07-17,2026-09-01,2026-09-06,3,0,Expedia,Cancelled,AED,17500.0,10,1750.0,2835.0,18585.0,2026-01-30 14:22:52,2026-06-15 03:03:07
BOOK000145,CUST001669,HOT0032,ROOM001565,PROMO00014,2024-10-15,2024-12-13,2024-12-19,3,2,Travel Agent,Cancelled,SGD,90000.0,10,9000.0,14580.0,95580.0,2023-12-19 09:41:33,2024-08-16 20:35:09
BOOK000146,CUST003138,HOT0101,ROOM001489,PROMO00196,2026-04-20,2026-05-18,2026-05-19,1,0,Walk-In,Cancelled,GBP,15000.0,5,750.0,2565.0,16815.0,2026-04-30 02:18:30,2026-05-18 15:38:04
BOOK000147,CUST002427,HOT0142,ROOM001216,PROMO00362,2025-07-01,2025-08-27,2025-08-28,2,0,Booking.com,Completed,INR,2500.0,10,250.0,405.0,2655.0,2023-09-07 17:14:59,2026-01-21 18:54:46
BOOK000148,CUST002961,HOT0163,ROOM001141,PROMO00418,2026-04-18,2026-06-16,2026-06-19,4,0,Walk-In,Confirmed,USD,15000.0,15,2250.0,2295.0,15045.0,2022-03-24 06:49:14,2023-03-11 12:47:09
BOOK000149,CUST001786,HOT0050,ROOM001952,PROMO00298,2025-10-21,2025-10-23,2025-10-28,1,2,Mobile App,Completed,EUR,12500.0,0,0.0,2250.0,14750.0,2022-06-30 21:42:35,2025-02-13 14:53:19
BOOK000150,CUST004434,HOT0243,ROOM001911,PROMO00253,2025-09-17,2025-10-13,2025-10-19,3,2,Booking.com,No Show,USD,30000.0,15,4500.0,4590.0,30090.0,2021-04-10 14:20:22,2023-03-24 16:18:27
BOOK000151,CUST000425,HOT0225,ROOM001117,PROMO00341,2024-10-23,2024-11-21,2024-11-26,2,0,Mobile App,Completed,AED,12500.0,10,1250.0,2025.0,13275.0,2020-10-10 07:32:57,2022-09-23 09:07:00
BOOK000152,CUST000866,HOT0140,ROOM001644,PROMO00266,2024-08-24,2024-10-16,2024-10-20,3,2,Travel Agent,Confirmed,GBP,20000.0,15,3000.0,3060.0,20060.0,2022-04-20 04:58:12,2022-12-25 23:55:57
BOOK000153,CUST002398,HOT0182,ROOM001698,PROMO00001,2025-10-22,2025-12-03,2025-12-06,4,2,Walk-In,Confirmed,AED,15000.0,10,1500.0,2430.0,15930.0,2021-02-07 21:16:36,2021-09-09 13:28:16
BOOK000154,CUST004239,HOT0042,ROOM001809,PROMO00233,2024-11-03,2024-11-18,2024-11-24,2,0,Walk-In,Completed,GBP,30000.0,15,4500.0,4590.0,30090.0,2024-05-02 20:21:32,2024-12-19 11:26:50
BOOK000155,CUST003546,HOT0116,ROOM001796,PROMO00264,2025-02-17,2025-03-25,2025-04-01,4,1,Travel Agent,Confirmed,USD,49000.0,10,4900.0,7938.0,52038.0,2024-03-02 21:25:36,2025-07-11 01:07:11
BOOK000156,CUST000626,HOT0153,ROOM001281,PROMO00385,2024-08-31,2024-09-05,2024-09-09,3,1,Travel Agent,Completed,INR,28000.0,15,4200.0,4284.0,28084.0,2022-09-24 12:22:25,2024-10-16 03:29:29
BOOK000157,CUST002612,HOT0193,ROOM000386,PROMO00426,2025-04-29,2025-05-15,2025-05-22,4,1,Expedia,Completed,AED,17500.0,20,3500.0,2520.0,16520.0,2025-03-22 12:56:21,2025-04-14 05:02:45
BOOK000158,CUST000195,HOT0242,ROOM001220,PROMO00384,2026-03-03,2026-04-23,2026-04-28,1,1,Booking.com,Completed,SGD,75000.0,15,11250.0,11475.0,75225.0,2020-05-06 09:49:45,2023-06-14 22:58:02
BOOK000159,CUST000369,HOT0227,ROOM001096,PROMO00348,2025-02-19,2025-04-20,2025-04-23,4,2,Walk-In,Cancelled,USD,10500.0,5,525.0,1795.5,11770.5,2024-07-25 17:30:50,2025-06-04 08:41:19
BOOK000160,CUST003780,HOT0090,ROOM000930,PROMO00142,2026-01-07,2026-02-25,2026-03-01,4,2,Website,Completed,SGD,14000.0,0,0.0,2520.0,16520.0,2023-02-16 18:09:51,2023-05-29 22:24:19
BOOK000161,CUST002443,HOT0035,ROOM000756,PROMO00179,2025-08-07,2025-08-24,2025-08-25,2,2,Booking.com,Completed,AED,15000.0,20,3000.0,2160.0,14160.0,2023-11-07 06:19:41,2025-08-07 14:28:04
BOOK000162,CUST001439,HOT0009,ROOM001819,PROMO00476,2025-08-03,2025-08-21,2025-08-23,2,1,Mobile App,Completed,GBP,5000.0,10,500.0,810.0,5310.0,2021-03-23 23:11:25,2023-09-15 07:27:52
BOOK000163,CUST003286,HOT0222,ROOM001056,PROMO00003,2024-11-30,2025-01-14,2025-01-19,2,0,Expedia,Cancelled,EUR,35000.0,15,5250.0,5355.0,35105.0,2023-09-22 11:17:54,2025-03-26 01:30:06
BOOK000164,CUST001008,HOT0186,ROOM001163,PROMO00262,2025-02-12,2025-04-06,2025-04-10,1,1,Website,Confirmed,EUR,10000.0,20,2000.0,1440.0,9440.0,2022-03-26 16:28:37,2023-08-03 23:09:48
BOOK000165,CUST002693,HOT0094,ROOM000803,PROMO00028,2025-01-23,2025-03-20,2025-03-21,1,1,Travel Agent,Completed,GBP,3500.0,5,175.0,598.5,3923.5,2023-01-12 08:28:59,2023-11-01 00:29:49
BOOK000166,CUST000728,HOT0037,ROOM001623,PROMO00236,2025-07-29,2025-09-08,2025-09-12,1,1,Expedia,Completed,EUR,14000.0,10,1400.0,2268.0,14868.0,2020-02-01 18:13:48,2021-11-19 02:15:23
BOOK000167,CUST004217,HOT0106,ROOM001896,PROMO00422,2025-10-24,2025-11-13,2025-11-15,4,1,Travel Agent,Completed,GBP,10000.0,0,0.0,1800.0,11800.0,2021-08-08 15:00:33,2026-07-01 01:26:07
BOOK000168,CUST001181,HOT0131,ROOM000728,PROMO00104,2024-12-21,2024-12-23,2024-12-27,4,1,Travel Agent,Confirmed,AED,14000.0,5,700.0,2394.0,15694.0,2021-10-05 03:56:29,2023-11-16 05:36:30
BOOK000169,CUST002801,HOT0088,ROOM001640,PROMO00037,2025-11-29,2025-12-06,2025-12-10,1,2,Walk-In,Completed,USD,14000.0,20,2800.0,2016.0,13216.0,2026-07-10 05:47:42,2026-07-12 14:53:06
BOOK000170,CUST001685,HOT0203,ROOM000657,PROMO00252,2025-06-12,2025-08-09,2025-08-10,3,0,Walk-In,Completed,,3500.0,20,700.0,504.0,3304.0,2025-02-12 19:41:13,2025-04-01 04:48:38
BOOK000171,CUST001230,HOT0008,ROOM000040,PROMO00033,2026-05-24,2026-07-20,2026-07-22,1,0,Mobile App,Completed,EUR,30000.0,15,4500.0,4590.0,30090.0,2023-11-15 13:03:40,2024-02-11 11:19:16
BOOK000172,CUST003701,HOT0174,ROOM001729,PROMO00076,2025-06-30,2025-07-15,2025-07-20,4,0,Booking.com,Completed,EUR,35000.0,0,0.0,6300.0,41300.0,2023-11-27 20:49:54,2025-10-18 14:19:23
BOOK000173,CUST002039,HOT0230,ROOM000942,PROMO00475,2025-11-28,2025-12-07,2025-12-12,2,2,Mobile App,Confirmed,GBP,25000.0,10,2500.0,4050.0,26550.0,2021-11-27 01:47:58,2023-06-14 00:46:56
BOOK000174,CUST003224,HOT0036,ROOM000772,PROMO00275,2024-12-21,2025-01-27,2025-02-01,1,2,Mobile App,Completed,USD,75000.0,0,0.0,13500.0,88500.0,2023-02-02 00:56:16,2025-08-14 20:46:29
BOOK000175,CUST001656,HOT0039,ROOM000647,PROMO00488,2025-08-04,2025-09-06,2025-09-09,2,2,Expedia,Completed,EUR,45000.0,10,4500.0,7290.0,47790.0,2023-04-12 16:19:07,2025-02-15 14:42:19
BOOK000176,CUST002644,HOT0194,ROOM001294,PROMO00474,2026-05-23,2026-06-28,2026-07-01,1,2,Mobile App,Confirmed,INR,30000.0,5,1500.0,5130.0,33630.0,2021-01-26 10:51:08,2025-12-19 11:24:03
BOOK000177,CUST000845,HOT0169,ROOM000517,PROMO00418,2025-09-27,2025-09-30,2025-10-07,3,1,Booking.com,Completed,EUR,35000.0,20,7000.0,5040.0,33040.0,2022-06-05 06:33:25,2025-04-12 16:58:29
BOOK000178,CUST002305,HOT0116,ROOM001256,PROMO00366,2025-07-09,2025-07-17,2025-07-23,3,0,Booking.com,Completed,EUR,21000.0,15,3150.0,3213.0,21063.0,2022-02-07 19:15:21,2024-07-29 18:38:18
BOOK000179,CUST001138,HOT0052,ROOM001462,PROMO00176,2024-12-22,2025-02-08,2025-02-13,1,0,Expedia,Confirmed,SGD,25000.0,15,3750.0,3825.0,25075.0,2025-02-18 20:45:41,2025-08-10 17:51:37
BOOK000180,CUST001558,HOT0084,ROOM000441,PROMO00050,2024-12-08,2024-12-30,2025-01-03,3,1,Booking.com,Confirmed,GBP,10000.0,5,500.0,1710.0,11210.0,2020-03-21 14:30:51,2024-12-24 11:53:32
BOOK000181,CUST001102,HOT0062,ROOM000330,PROMO00145,2026-07-28,2026-09-14,2026-09-16,2,0,Travel Agent,Confirmed,GBP,20000.0,20,4000.0,2880.0,18880.0,2020-02-16 15:09:10,2026-02-01 13:05:53
BOOK000182,CUST003161,HOT0011,ROOM001058,PROMO00353,2024-11-13,2025-01-08,2025-01-09,4,0,Walk-In,Completed,EUR,2500.0,20,500.0,360.0,2360.0,2021-06-02 05:29:10,2026-04-09 03:16:08
BOOK000183,CUST000541,HOT0076,ROOM001302,PROMO00466,2025-12-25,2026-02-12,2026-02-15,4,0,Walk-In,Cancelled,EUR,10500.0,0,0.0,1890.0,12390.0,2022-10-08 05:41:02,2025-02-17 16:10:42
BOOK000184,CUST001649,HOT0069,ROOM001046,PROMO00043,2025-03-28,2025-05-19,2025-05-24,1,0,Website,No Show,SGD,25000.0,20,5000.0,3600.0,23600.0,2023-09-15 02:16:24,2024-05-27 12:17:05
BOOK000185,CUST004384,HOT0098,ROOM000794,PROMO00193,2025-05-17,2025-06-12,2025-06-13,1,2,Walk-In,Cancelled,SGD,5000.0,10,500.0,810.0,5310.0,2025-03-28 18:25:22,2025-09-17 19:26:41
BOOK000186,CUST002802,HOT0181,ROOM001713,PROMO00191,2025-10-11,2025-11-18,2025-11-20,3,0,Walk-In,Completed,AED,30000.0,15,4500.0,4590.0,30090.0,2020-03-26 11:02:08,2026-03-07 17:43:24
BOOK000187,CUST003349,HOT0225,ROOM000467,PROMO00453,2025-07-29,2025-08-02,2025-08-06,3,1,Mobile App,Completed,EUR,20000.0,15,3000.0,3060.0,20060.0,2021-10-07 22:31:09,2023-06-05 21:20:28
BOOK000188,CUST004614,HOT0082,ROOM001317,PROMO00497,2025-04-13,2025-05-30,2025-06-05,4,0,Travel Agent,Completed,INR,21000.0,10,2100.0,3402.0,22302.0,2024-02-14 05:03:49,2026-01-31 16:13:04
BOOK000189,CUST003850,HOT0184,ROOM001062,PROMO00211,2026-01-29,2026-02-18,2026-02-22,2,2,Expedia,Confirmed,EUR,60000.0,5,3000.0,10260.0,67260.0,2025-09-14 05:30:10,2025-10-26 20:15:42
BOOK000190,CUST003985,HOT0100,ROOM000713,PROMO00320,2025-06-22,2025-08-09,2025-08-14,4,2,Mobile App,Completed,USD,35000.0,10,3500.0,5670.0,37170.0,2021-01-12 00:02:05,2025-04-28 01:42:37
BOOK000191,CUST000979,HOT0161,ROOM001678,PROMO00196,2024-12-17,2025-01-31,2025-02-05,4,0,Travel Agent,Cancelled,EUR,35000.0,10,3500.0,5670.0,37170.0,2021-02-06 22:47:56,2026-02-05 20:56:54
BOOK000192,CUST000485,HOT0234,ROOM000402,PROMO00240,2025-08-12,2025-08-18,2025-08-19,1,1,Travel Agent,Completed,USD,15000.0,15,2250.0,2295.0,15045.0,2024-01-10 09:35:34,2025-06-17 18:14:48
BOOK000193,CUST004052,HOT0003,ROOM001391,PROMO00166,2024-12-08,2025-01-15,2025-01-20,3,0,Walk-In,Cancelled,INR,50000.0,5,2500.0,8550.0,56050.0,2023-02-12 02:41:20,2024-09-06 19:02:50
BOOK000194,CUST002071,HOT0159,ROOM000818,PROMO00001,2026-05-18,2026-06-20,2026-06-22,4,2,Walk-In,Completed,INR,14000.0,15,2100.0,2142.0,14042.0,2023-10-27 18:34:50,2023-12-21 21:54:28
BOOK000195,CUST002030,HOT0064,ROOM000976,PROMO00489,2026-03-17,2026-04-04,2026-04-10,3,1,Booking.com,Completed,USD,15000.0,20,3000.0,2160.0,14160.0,2024-11-05 06:06:39,2025-10-02 10:43:13
BOOK000196,CUST000530,HOT0012,ROOM001015,PROMO00490,2024-10-23,2024-12-06,2024-12-08,1,2,Travel Agent,Confirmed,SGD,14000.0,0,0.0,2520.0,16520.0,2021-02-17 13:48:33,2026-07-28 18:32:10
BOOK000197,CUST001141,HOT0188,ROOM000025,PROMO00175,2026-01-02,2026-01-22,2026-01-23,2,1,Website,Confirmed,INR,7000.0,20,1400.0,1008.0,6608.0,2025-12-22 14:00:30,2026-07-17 22:54:16
BOOK000198,CUST002671,HOT0208,ROOM001054,PROMO00128,2024-12-05,2025-01-13,2025-01-15,1,2,Mobile App,Completed,USD,30000.0,0,0.0,5400.0,35400.0,2023-02-22 23:16:14,2023-10-03 11:14:17
BOOK000199,CUST002574,HOT0097,ROOM000959,PROMO00371,2025-01-09,2025-02-08,2025-02-09,2,1,Website,Completed,SGD,5000.0,15,750.0,765.0,5015.0,2025-07-22 23:02:41,2025-09-16 16:27:38
BOOK000200,CUST000840,HOT0167,ROOM000447,PROMO00032,2025-08-24,2025-09-13,2025-09-17,4,2,Booking.com,Cancelled,EUR,28000.0,15,4200.0,4284.0,28084.0,2023-09-24 10:36:32,2026-01-11 03:06:30
BOOK000201,CUST003505,HOT0160,ROOM000331,PROMO00411,2024-10-06,2024-10-08,2024-10-09,2,0,Walk-In,Completed,AED,2500.0,10,250.0,405.0,2655.0,2021-10-20 23:38:14,2021-10-26 08:03:27
BOOK000202,CUST000804,HOT0248,ROOM001673,PROMO00172,2025-06-11,2025-06-13,2025-06-19,4,2,Mobile App,Completed,INR,21000.0,0,0.0,3780.0,24780.0,2025-05-05 18:34:23,2025-12-25 01:16:37
BOOK000203,CUST000694,HOT0044,ROOM001897,PROMO00462,2026-05-11,2026-05-26,2026-06-02,4,2,Mobile App,Completed,SGD,105000.0,20,21000.0,15120.0,99120.0,2025-01-05 05:54:43,2025-09-24 15:12:12
BOOK000204,CUST002228,HOT0166,ROOM001127,PROMO00413,2026-03-15,2026-04-23,2026-04-24,4,2,Walk-In,Completed,EUR,10000.0,0,0.0,1800.0,11800.0,2024-10-15 22:04:15,2025-07-26 22:17:55
BOOK000205,CUST000010,HOT0012,ROOM000510,PROMO00338,2026-01-15,2026-02-27,2026-03-01,1,1,Travel Agent,Completed,AED,10000.0,20,2000.0,1440.0,9440.0,2025-01-10 00:07:43,2025-01-19 23:12:44
BOOK000206,CUST003270,HOT0205,ROOM001916,PROMO00195,2025-11-29,2025-12-09,2025-12-14,4,1,Booking.com,Cancelled,AED,50000.0,10,5000.0,8100.0,53100.0,2025-04-22 22:34:10,2025-09-08 10:00:41
BOOK000207,CUST002754,HOT0127,ROOM001415,PROMO00167,2024-11-06,2024-11-09,2024-11-13,2,2,Booking.com,Completed,INR,28000.0,15,4200.0,4284.0,28084.0,2026-03-08 02:29:02,2026-03-11 02:49:25
BOOK000208,CUST002507,HOT0025,ROOM001075,PROMO00401,2025-12-28,2026-01-06,2026-01-13,2,1,Booking.com,Completed,EUR,24500.0,15,3675.0,3748.5,24573.5,2021-06-02 14:11:24,2023-08-15 00:36:35
BOOK000209,CUST004443,HOT0059,ROOM000800,PROMO00462,2025-10-01,2025-11-27,2025-12-04,2,1,Mobile App,Completed,GBP,105000.0,0,0.0,18900.0,123900.0,2022-12-30 06:58:44,2025-04-01 20:03:36
BOOK000210,CUST003685,HOT0196,ROOM000515,PROMO00262,2025-10-23,2025-12-03,2025-12-06,1,1,Travel Agent,Confirmed,SGD,10500.0,5,525.0,1795.5,11770.5,2020-03-31 14:14:58,2021-03-16 13:43:22
BOOK000211,CUST004067,HOT0241,ROOM000270,PROMO00230,2024-09-21,2024-10-18,2024-10-22,2,2,Website,Completed,SGD,40000.0,0,0.0,7200.0,47200.0,2024-08-18 00:28:35,2025-03-06 12:30:07
BOOK000212,CUST001270,HOT0154,ROOM001399,PROMO00077,2026-02-06,2026-03-27,2026-04-03,1,0,Walk-In,Completed,AED,70000.0,20,14000.0,10080.0,66080.0,2023-10-11 18:28:50,2026-06-13 09:36:20
BOOK000213,CUST004315,HOT0094,ROOM001296,PROMO00064,2025-02-02,2025-03-13,2025-03-20,4,0,Walk-In,Confirmed,GBP,35000.0,10,3500.0,5670.0,37170.0,2020-05-20 14:49:10,2025-08-14 11:15:27
BOOK000214,CUST001251,HOT0182,ROOM001108,PROMO00362,2025-09-10,2025-11-09,2025-11-16,1,2,Walk-In,Confirmed,USD,105000.0,20,21000.0,15120.0,99120.0,2025-08-24 22:59:14,2025-09-22 15:25:38
BOOK000215,CUST001982,HOT0107,ROOM001949,PROMO00304,2025-01-22,2025-02-19,2025-02-23,4,2,Expedia,Completed,AED,14000.0,0,0.0,2520.0,16520.0,2024-08-24 01:29:58,2025-05-15 14:28:26
BOOK000216,CUST003921,HOT0023,ROOM000469,PROMO00284,2025-01-04,2025-01-26,2025-01-29,4,2,Website,Completed,GBP,10500.0,15,1575.0,1606.5,10531.5,2025-08-29 12:16:46,2026-01-06 04:07:12
BOOK000217,CUST001727,HOT0067,ROOM001887,PROMO00287,2026-03-12,2026-04-19,2026-04-20,3,1,Expedia,Completed,INR,3500.0,0,0.0,630.0,4130.0,2026-06-25 04:28:48,2026-07-17 18:14:04
BOOK000218,CUST000232,HOT0224,ROOM000321,PROMO00390,2025-09-06,2025-10-09,2025-10-10,2,2,Mobile App,No Show,INR,7000.0,20,1400.0,1008.0,6608.0,2021-04-24 09:40:44,2023-03-30 07:06:50
BOOK000219,CUST000687,HOT0022,ROOM000059,PROMO00463,2025-09-19,2025-10-16,2025-10-18,2,1,Website,Confirmed,GBP,30000.0,15,4500.0,4590.0,30090.0,2026-02-15 20:36:46,2026-07-04 19:18:32
BOOK000220,CUST003103,HOT0235,ROOM001511,PROMO00280,2025-07-11,2025-07-16,2025-07-18,3,2,Travel Agent,Completed,EUR,5000.0,20,1000.0,720.0,4720.0,2024-03-08 08:12:43,2025-09-16 14:07:40
BOOK000221,CUST003060,HOT0073,ROOM000308,PROMO00387,2025-12-02,2026-01-22,2026-01-24,1,0,Expedia,Confirmed,EUR,5000.0,20,1000.0,720.0,4720.0,2025-12-06 19:51:18,2026-04-13 15:22:19
BOOK000222,CUST002559,HOT0009,ROOM000094,PROMO00062,2026-02-24,2026-04-14,2026-04-21,2,2,Travel Agent,Confirmed,AED,70000.0,10,7000.0,11340.0,74340.0,2026-04-24 07:12:43,2026-07-05 09:39:42
BOOK000223,CUST000860,HOT0084,ROOM000110,PROMO00392,2024-10-07,2024-12-03,2024-12-10,3,1,Mobile App,Confirmed,INR,24500.0,20,4900.0,3528.0,23128.0,2025-12-09 21:18:38,2026-06-27 06:03:38
BOOK000224,CUST004780,HOT0214,ROOM000142,PROMO00041,2025-10-13,2025-11-27,2025-11-28,3,1,Website,Completed,USD,3500.0,0,0.0,630.0,4130.0,2023-03-06 13:57:28,2026-05-17 22:50:19
BOOK000225,CUST003074,HOT0204,ROOM000485,PROMO00235,2024-09-11,2024-09-14,2024-09-19,4,2,Travel Agent,Confirmed,AED,50000.0,20,10000.0,7200.0,47200.0,2020-05-09 09:39:57,2024-12-19 14:59:51
BOOK000226,CUST002677,HOT0047,ROOM001803,PROMO00089,2025-10-16,2025-11-27,2025-12-04,2,0,Mobile App,Completed,EUR,17500.0,0,0.0,3150.0,20650.0,2025-06-14 08:58:43,2025-11-22 09:09:22
BOOK000227,CUST004824,HOT0149,ROOM000173,PROMO00476,2025-07-21,2025-08-26,2025-09-02,1,2,Mobile App,Confirmed,INR,105000.0,10,10500.0,17010.0,111510.0,2022-07-07 04:48:55,2025-02-07 07:01:23
BOOK000228,CUST000365,HOT0048,ROOM001567,PROMO00304,2025-12-30,2026-01-11,2026-01-16,2,0,Travel Agent,Completed,AED,50000.0,5,2500.0,8550.0,56050.0,2020-10-24 03:42:24,2022-06-03 23:56:32
BOOK000229,CUST003058,HOT0195,ROOM001469,PROMO00026,2025-08-10,2025-09-02,2025-09-04,3,0,Website,Completed,EUR,14000.0,0,0.0,2520.0,16520.0,2026-06-16 07:01:56,2026-06-20 04:14:12
BOOK000230,CUST002466,HOT0140,ROOM001397,PROMO00193,2026-07-15,2026-08-25,2026-08-26,2,2,Mobile App,Cancelled,GBP,10000.0,5,500.0,1710.0,11210.0,2025-04-08 16:54:19,2025-05-20 15:21:50
BOOK000231,CUST002011,HOT0122,ROOM000299,PROMO00015,2025-04-05,2025-05-13,2025-05-17,1,1,Walk-In,Completed,GBP,40000.0,0,0.0,7200.0,47200.0,2022-11-23 02:56:32,2023-04-11 02:30:18
BOOK000232,CUST002948,HOT0030,ROOM000319,PROMO00356,2026-01-27,2026-03-28,2026-04-02,4,0,Website,Completed,GBP,75000.0,0,0.0,13500.0,88500.0,2026-07-19 19:25:03,2026-07-23 02:29:31
BOOK000233,CUST000023,HOT0063,ROOM001070,PROMO00289,2026-03-10,2026-04-07,2026-04-14,4,2,Walk-In,Confirmed,GBP,35000.0,5,1750.0,5985.0,39235.0,2020-01-06 05:07:00,2020-09-08 07:10:24
BOOK000234,CUST001530,HOT0208,ROOM001053,PROMO00441,2026-05-06,2026-05-24,2026-05-31,3,2,Booking.com,Completed,USD,70000.0,10,7000.0,11340.0,74340.0,2024-03-05 15:20:50,2025-04-24 14:19:32
BOOK000235,CUST004906,HOT0184,ROOM001062,PROMO00439,2026-01-15,2026-01-24,2026-01-30,3,1,Travel Agent,Completed,GBP,90000.0,0,0.0,16200.0,106200.0,2020-04-04 13:07:32,2020-04-16 03:21:44
BOOK000236,CUST001633,HOT0172,ROOM000770,PROMO00042,2025-10-01,2025-10-12,2025-10-14,3,1,Expedia,Completed,SGD,30000.0,20,6000.0,4320.0,28320.0,2020-03-26 06:01:14,2020-04-19 07:28:26
BOOK000237,CUST003205,HOT0231,ROOM001098,PROMO00105,2025-01-12,2025-02-23,2025-02-25,3,2,Website,Completed,INR,20000.0,15,3000.0,3060.0,20060.0,2025-10-16 02:05:18,2026-02-23 06:13:11
BOOK000238,CUST002023,HOT0177,ROOM000167,PROMO00174,2025-01-09,2025-02-07,2025-02-10,4,2,Website,Completed,SGD,15000.0,10,1500.0,2430.0,15930.0,2021-10-11 12:13:03,2025-08-25 18:29:17
BOOK000239,CUST000054,HOT0243,ROOM001277,PROMO00447,2026-07-13,2026-08-08,2026-08-10,3,1,Expedia,Confirmed,USD,10000.0,20,2000.0,1440.0,9440.0,2020-01-16 00:23:47,2025-06-24 17:56:46
BOOK000240,CUST001401,HOT0157,ROOM001155,PROMO00288,2025-01-26,2025-03-10,2025-03-16,2,1,Website,Completed,EUR,90000.0,5,4500.0,15390.0,100890.0,2021-03-23 10:45:32,2021-09-14 04:49:54
BOOK000241,CUST000112,HOT0024,ROOM001181,PROMO00450,2025-06-20,2025-07-28,2025-07-29,3,2,Mobile App,Completed,SGD,7000.0,20,1400.0,1008.0,6608.0,2020-01-03 23:11:53,2022-09-07 04:29:26
BOOK000242,CUST004381,HOT0116,ROOM000691,PROMO00220,2026-07-28,2026-09-06,2026-09-08,3,0,Booking.com,Confirmed,EUR,20000.0,20,4000.0,2880.0,18880.0,2020-04-10 03:32:46,2022-12-26 16:04:14
BOOK000243,CUST004346,HOT0191,ROOM001286,PROMO00433,2025-01-15,2025-03-06,2025-03-10,4,0,Expedia,Completed,USD,20000.0,20,4000.0,2880.0,18880.0,2020-08-11 09:22:21,2026-06-25 01:55:34
BOOK000244,CUST004714,HOT0037,ROOM000971,PROMO00186,2025-02-24,2025-03-28,2025-04-04,3,2,Travel Agent,Completed,INR,70000.0,15,10500.0,10710.0,70210.0,2026-01-26 01:14:37,2026-02-13 01:46:51
BOOK000245,CUST000462,HOT0151,ROOM000417,PROMO00341,2025-09-28,2025-11-22,2025-11-25,4,1,Booking.com,Completed,AED,45000.0,15,6750.0,6885.0,45135.0,2025-05-18 03:39:58,2025-08-09 09:48:37
BOOK000246,CUST001616,HOT0137,ROOM001805,PROMO00412,2026-07-01,2026-08-13,2026-08-18,2,0,Booking.com,Completed,SGD,12500.0,20,2500.0,1800.0,11800.0,2026-06-02 06:35:29,2026-06-03 14:32:23
BOOK000247,CUST000630,HOT0070,ROOM000065,PROMO00260,2025-11-03,2025-11-24,2025-11-29,1,2,Expedia,Completed,INR,35000.0,0,0.0,6300.0,41300.0,2025-08-27 04:17:30,2026-07-29 18:14:13
BOOK000248,CUST004664,HOT0129,ROOM001605,PROMO00285,2025-06-14,2025-07-20,2025-07-27,2,0,Walk-In,Confirmed,GBP,24500.0,20,4900.0,3528.0,23128.0,2024-03-05 00:41:31,2025-01-10 11:08:37
BOOK000249,CUST000091,HOT0244,ROOM000695,PROMO00416,2025-08-17,2025-09-18,2025-09-20,2,1,Walk-In,Completed,AED,5000.0,20,1000.0,720.0,4720.0,2026-06-26 17:14:52,2026-07-29 03:35:48
BOOK000250,CUST004919,HOT0131,ROOM000225,PROMO00465,2025-03-11,2025-04-20,2025-04-21,3,2,Walk-In,Cancelled,EUR,7000.0,20,1400.0,1008.0,6608.0,2021-10-06 01:04:10,2024-01-02 00:59:23
BOOK000251,CUST002184,HOT0087,ROOM001230,PROMO00251,2025-09-18,2025-10-28,2025-11-04,1,0,Mobile App,Confirmed,SGD,35000.0,0,0.0,6300.0,41300.0,2026-05-24 14:28:37,2026-06-26 21:11:40
BOOK000252,CUST004577,HOT0053,ROOM001437,PROMO00262,2025-10-22,2025-12-20,2025-12-26,2,1,Mobile App,Completed,INR,30000.0,15,4500.0,4590.0,30090.0,2023-03-09 23:40:57,2023-05-12 13:09:43
BOOK000253,CUST000427,HOT0205,ROOM001341,PROMO00225,2025-09-24,2025-10-12,2025-10-16,1,1,Mobile App,Confirmed,SGD,10000.0,10,1000.0,1620.0,10620.0,2023-09-02 17:53:18,2024-06-10 01:10:19
BOOK000254,CUST000199,HOT0226,ROOM000482,PROMO00035,2025-08-22,2025-10-02,2025-10-03,3,0,Walk-In,Cancelled,EUR,15000.0,10,1500.0,2430.0,15930.0,2023-05-22 09:12:11,2026-04-08 12:50:04
BOOK000255,CUST004815,HOT0014,ROOM001872,PROMO00344,2024-11-29,2024-12-29,2025-01-02,1,0,Walk-In,Cancelled,GBP,14000.0,0,0.0,2520.0,16520.0,2026-07-21 14:13:40,2026-07-29 16:43:34
BOOK000256,CUST000089,HOT0015,ROOM001145,PROMO00326,2025-04-15,2025-05-15,2025-05-22,4,0,Travel Agent,Completed,AED,49000.0,5,2450.0,8379.0,54929.0,2021-10-16 01:59:52,2024-10-24 04:11:58
BOOK000257,CUST000278,HOT0187,ROOM001719,PROMO00253,2024-10-05,2024-11-02,2024-11-09,3,0,Mobile App,Confirmed,SGD,105000.0,5,5250.0,17955.0,117705.0,2022-05-18 13:38:30,2025-03-22 10:13:32
BOOK000258,CUST000070,HOT0204,ROOM000951,PROMO00441,2026-05-13,2026-05-21,2026-05-28,4,2,Website,Completed,SGD,17500.0,5,875.0,2992.5,19617.5,2022-07-13 01:18:31,2025-02-20 04:38:11
BOOK000259,CUST003681,HOT0052,ROOM000306,PROMO00014,2025-08-12,2025-09-29,2025-10-03,4,1,Booking.com,Cancelled,AED,14000.0,5,700.0,2394.0,15694.0,2022-08-19 02:56:50,2024-03-22 10:38:18
BOOK000260,CUST003722,HOT0093,ROOM001527,PROMO00303,2025-01-31,2025-03-27,2025-03-28,2,2,Travel Agent,Completed,SGD,15000.0,20,3000.0,2160.0,14160.0,2024-09-21 08:14:45,2024-12-18 16:54:13
BOOK000261,CUST000483,HOT0078,ROOM000406,PROMO00262,2024-10-25,2024-11-12,2024-11-17,4,1,Booking.com,Completed,EUR,50000.0,5,2500.0,8550.0,56050.0,2024-02-15 02:32:29,2026-05-10 09:55:56
BOOK000262,CUST004514,HOT0126,ROOM000602,PROMO00189,2026-01-05,2026-03-03,2026-03-05,3,1,Mobile App,No Show,USD,7000.0,15,1050.0,1071.0,7021.0,2021-09-26 14:20:25,2025-07-06 08:35:55
BOOK000263,CUST003707,HOT0210,ROOM000611,PROMO00399,2025-03-04,2025-04-29,2025-05-02,4,2,Mobile App,Cancelled,AED,30000.0,10,3000.0,4860.0,31860.0,2023-11-03 18:49:45,2024-12-21 14:46:19
BOOK000264,CUST003126,HOT0158,ROOM001687,PROMO00152,2025-05-16,2025-07-11,2025-07-12,2,1,Website,Completed,AED,10000.0,5,500.0,1710.0,11210.0,2021-12-25 21:57:43,2024-08-27 01:46:05
BOOK000265,CUST003170,HOT0121,ROOM001773,PROMO00345,2025-07-26,2025-09-17,2025-09-19,3,2,Expedia,Completed,INR,10000.0,20,2000.0,1440.0,9440.0,2026-07-16 05:15:07,2026-07-25 09:13:40
BOOK000266,CUST002935,HOT0028,ROOM001724,PROMO00046,2025-05-19,2025-07-18,2025-07-22,3,0,Mobile App,Completed,USD,10000.0,10,1000.0,1620.0,10620.0,2025-07-07 05:02:17,2025-08-19 21:36:01
BOOK000267,CUST000486,HOT0167,ROOM000936,PROMO00224,2025-06-15,2025-07-24,2025-07-26,3,1,Walk-In,Completed,INR,10000.0,5,500.0,1710.0,11210.0,2020-11-28 05:54:48,2022-03-19 22:38:31
BOOK000268,CUST003078,HOT0221,ROOM001813,PROMO00221,2024-12-03,2024-12-12,2024-12-16,4,2,Website,Completed,INR,20000.0,15,3000.0,3060.0,20060.0,2022-10-19 03:01:10,2026-07-06 15:16:50
BOOK000269,CUST000752,HOT0078,ROOM000840,PROMO00338,2024-09-19,2024-10-07,2024-10-11,2,0,Travel Agent,Completed,SGD,14000.0,15,2100.0,2142.0,14042.0,2020-10-27 23:12:03,2022-02-20 22:39:40
BOOK000270,CUST000345,HOT0032,ROOM000310,PROMO00454,2024-12-25,2025-02-14,2025-02-18,4,2,Travel Agent,Cancelled,SGD,14000.0,15,2100.0,2142.0,14042.0,2021-12-24 05:26:37,2025-08-30 00:22:24
BOOK000271,CUST001637,HOT0105,ROOM000188,PROMO00365,2025-05-15,2025-06-18,2025-06-22,3,2,Expedia,Completed,SGD,60000.0,20,12000.0,8640.0,56640.0,2022-04-22 21:46:19,2025-12-17 16:25:31
BOOK000272,CUST003983,HOT0249,ROOM000825,PROMO00132,2025-10-17,2025-10-20,2025-10-25,2,0,Booking.com,Confirmed,GBP,50000.0,5,2500.0,8550.0,56050.0,2023-07-13 05:46:21,2025-01-08 02:28:33
BOOK000273,CUST001287,HOT0116,ROOM001278,PROMO00500,2025-03-29,2025-05-13,2025-05-18,1,0,Expedia,Completed,USD,75000.0,10,7500.0,12150.0,79650.0,2025-03-18 22:29:54,2025-09-03 18:44:27
BOOK000274,CUST000544,HOT0203,ROOM000749,PROMO00006,2025-04-17,2025-05-06,2025-05-08,1,1,Walk-In,Confirmed,GBP,10000.0,15,1500.0,1530.0,10030.0,2025-02-13 08:47:58,2025-07-25 21:36:01
BOOK000275,CUST004101,HOT0077,ROOM000914,PROMO00467,2025-12-17,2025-12-23,2025-12-28,1,1,Mobile App,Completed,INR,12500.0,15,1875.0,1912.5,12537.5,2025-07-01 05:04:50,2025-08-01 11:41:09
BOOK000276,CUST003553,HOT0019,ROOM000126,PROMO00039,2026-06-18,2026-07-06,2026-07-07,1,2,Website,Completed,SGD,7000.0,15,1050.0,1071.0,7021.0,2022-09-11 22:14:04,2023-07-22 14:55:47
BOOK000277,CUST000911,HOT0060,ROOM001629,PROMO00177,2025-05-07,2025-06-09,2025-06-16,1,0,Expedia,Completed,EUR,35000.0,15,5250.0,5355.0,35105.0,2022-02-22 04:09:23,2025-11-24 12:59:26
BOOK000278,CUST003996,HOT0127,ROOM001101,PROMO00219,2026-01-21,2026-01-26,2026-01-27,1,0,Travel Agent,Cancelled,AED,3500.0,10,350.0,567.0,3717.0,2025-03-30 05:36:23,2026-07-28 11:06:12
BOOK000279,CUST004628,HOT0010,ROOM000520,PROMO00206,2024-08-13,2024-10-04,2024-10-06,1,2,Mobile App,Confirmed,GBP,5000.0,15,750.0,765.0,5015.0,2020-06-01 22:45:34,2025-09-10 02:14:38
BOOK000280,CUST002373,HOT0150,ROOM000461,PROMO00011,2025-04-28,2025-05-27,2025-05-28,1,2,Mobile App,Completed,EUR,10000.0,10,1000.0,1620.0,10620.0,2022-03-27 01:00:55,2022-05-16 15:24:30
BOOK000281,CUST002113,HOT0210,ROOM001899,PROMO00207,2026-06-28,2026-07-30,2026-08-05,3,0,Travel Agent,Confirmed,EUR,15000.0,15,2250.0,2295.0,15045.0,2023-05-15 06:40:44,2025-05-13 05:05:00
BOOK000282,CUST003445,HOT0118,ROOM000414,PROMO00151,2025-03-17,2025-03-23,2025-03-24,4,2,Travel Agent,Completed,SGD,3500.0,5,175.0,598.5,3923.5,2021-03-26 23:39:23,2022-04-02 14:59:55
BOOK000283,CUST001412,HOT0073,ROOM001931,PROMO00184,2026-07-06,2026-07-27,2026-07-28,1,1,Travel Agent,Completed,SGD,7000.0,10,700.0,1134.0,7434.0,2026-04-20 12:04:39,2026-06-13 06:31:41
BOOK000284,CUST004232,HOT0094,ROOM001039,PROMO00115,2025-10-17,2025-10-18,2025-10-19,2,0,Mobile App,Completed,EUR,5000.0,20,1000.0,720.0,4720.0,2023-11-15 22:51:37,2025-08-01 06:42:24
BOOK000285,CUST004537,HOT0184,ROOM001686,PROMO00200,2024-09-18,2024-10-17,2024-10-21,1,1,Travel Agent,Confirmed,GBP,28000.0,10,2800.0,4536.0,29736.0,2025-09-06 09:35:17,2026-06-07 12:17:13
BOOK000286,CUST002377,HOT0047,ROOM001735,PROMO00290,2026-04-24,2026-05-14,2026-05-17,4,1,Booking.com,Completed,INR,30000.0,20,6000.0,4320.0,28320.0,2024-09-28 06:35:38,2024-10-26 22:09:16
BOOK000287,CUST004767,HOT0159,ROOM000974,PROMO00067,2026-01-30,2026-03-05,2026-03-11,1,1,Website,Cancelled,INR,90000.0,20,18000.0,12960.0,84960.0,2020-12-01 04:51:10,2021-05-06 04:55:34
BOOK000288,CUST000937,HOT0200,ROOM001831,PROMO00335,2026-07-02,2026-08-02,2026-08-05,2,2,Travel Agent,Confirmed,INR,21000.0,5,1050.0,3591.0,23541.0,2021-05-26 03:49:20,2024-06-22 03:18:55
BOOK000289,CUST003176,HOT0090,ROOM001771,PROMO00452,2025-06-12,2025-07-03,2025-07-04,2,2,Mobile App,Cancelled,GBP,5000.0,20,1000.0,720.0,4720.0,2025-04-20 19:27:10,2025-05-28 00:00:21
BOOK000290,CUST004275,HOT0039,ROOM000164,PROMO00157,2025-12-24,2026-01-12,2026-01-17,2,2,Walk-In,Completed,GBP,12500.0,10,1250.0,2025.0,13275.0,2021-05-29 13:05:44,2022-01-12 21:38:56
BOOK000291,CUST004993,HOT0225,ROOM000467,PROMO00098,2026-05-08,2026-05-26,2026-06-02,3,1,Travel Agent,Confirmed,GBP,35000.0,15,5250.0,5355.0,35105.0,2022-09-06 13:26:55,2024-08-26 13:27:55
BOOK000292,CUST004582,HOT0105,ROOM001837,PROMO00216,2026-04-23,2026-05-25,2026-05-29,3,2,Booking.com,Confirmed,GBP,14000.0,10,1400.0,2268.0,14868.0,2025-01-01 22:37:00,2025-09-12 04:57:24
BOOK000293,CUST002606,HOT0011,ROOM001361,PROMO00206,2026-06-09,2026-07-15,2026-07-21,3,1,Travel Agent,Completed,AED,21000.0,0,0.0,3780.0,24780.0,2024-08-20 22:14:51,2025-08-08 20:51:14
BOOK000294,CUST004017,HOT0073,ROOM000626,PROMO00134,2024-08-20,2024-09-05,2024-09-06,2,0,Expedia,Confirmed,INR,5000.0,20,1000.0,720.0,4720.0,2021-02-09 09:29:15,2025-04-17 17:13:06
BOOK000295,CUST003757,HOT0069,ROOM000145,PROMO00244,2026-06-17,2026-07-16,2026-07-17,4,1,Travel Agent,Confirmed,EUR,3500.0,5,175.0,598.5,3923.5,2026-04-06 14:53:41,2026-06-28 02:48:21
BOOK000296,CUST002808,HOT0210,ROOM000513,PROMO00134,2025-01-01,2025-01-26,2025-01-27,2,2,Walk-In,Completed,SGD,5000.0,10,500.0,810.0,5310.0,2020-07-25 20:37:50,2024-02-19 19:36:24
BOOK000297,CUST003911,HOT0226,ROOM000482,PROMO00203,2024-11-16,2025-01-07,2025-01-13,4,1,Website,Completed,AED,90000.0,15,13500.0,13770.0,90270.0,2022-07-05 10:33:36,2024-03-01 08:34:12
BOOK000298,CUST001332,HOT0058,ROOM001540,PROMO00387,2026-01-24,2026-03-19,2026-03-22,1,2,Booking.com,Completed,EUR,21000.0,20,4200.0,3024.0,19824.0,2023-08-27 01:04:47,2023-10-26 03:44:18
BOOK000299,CUST002509,HOT0076,ROOM001302,PROMO00464,2025-06-18,2025-07-18,2025-07-22,2,1,Booking.com,Completed,SGD,14000.0,0,0.0,2520.0,16520.0,2025-02-21 20:01:51,2025-12-20 13:46:22
BOOK000300,CUST002847,HOT0131,ROOM000728,PROMO00167,2025-05-19,2025-05-21,2025-05-23,2,2,Travel Agent,Completed,AED,7000.0,0,0.0,1260.0,8260.0,2022-11-03 01:55:49,2025-05-11 16:17:39
BOOK000301,CUST003443,HOT0109,ROOM000997,PROMO00202,2025-06-03,2025-08-01,2025-08-03,3,0,Mobile App,Confirmed,SGD,14000.0,0,0.0,2520.0,16520.0,2020-07-10 02:35:12,2021-02-16 10:57:07
BOOK000302,CUST004794,HOT0187,ROOM001719,PROMO00412,2024-08-31,2024-10-01,2024-10-06,3,0,Travel Agent,Completed,EUR,75000.0,10,7500.0,12150.0,79650.0,2022-06-16 12:02:31,2022-11-23 06:25:35
BOOK000303,CUST004046,HOT0030,ROOM001945,PROMO00303,2024-09-28,2024-11-13,2024-11-16,3,0,Website,Completed,SGD,15000.0,0,0.0,2700.0,17700.0,2024-10-25 04:08:29,2025-11-09 21:03:56
BOOK000304,CUST003308,HOT0112,ROOM000614,PROMO00057,2026-05-02,2026-06-24,2026-06-25,4,1,Booking.com,Cancelled,USD,2500.0,15,375.0,382.5,2507.5,2022-12-10 17:47:22,2025-12-15 18:52:58
BOOK000305,CUST002195,HOT0078,ROOM000391,PROMO00492,2026-07-14,2026-07-22,2026-07-26,2,1,Expedia,Completed,USD,20000.0,20,4000.0,2880.0,18880.0,2023-01-27 03:09:35,2024-08-27 09:11:57
BOOK000306,CUST002068,HOT0061,ROOM001760,PROMO00397,2024-08-08,2024-09-28,2024-09-30,2,0,Travel Agent,Completed,USD,30000.0,0,0.0,5400.0,35400.0,2026-01-13 21:45:32,2026-03-07 10:15:47
BOOK000307,CUST001125,HOT0061,ROOM000536,PROMO00429,2026-05-11,2026-05-15,2026-05-16,1,1,Expedia,Completed,EUR,5000.0,20,1000.0,720.0,4720.0,2022-03-14 14:44:28,2026-04-20 22:11:35
BOOK000308,CUST004164,HOT0081,ROOM000538,PROMO00353,2024-08-22,2024-10-17,2024-10-21,3,0,Mobile App,Confirmed,EUR,20000.0,20,4000.0,2880.0,18880.0,2026-04-18 08:20:21,2026-07-28 09:34:26
BOOK000309,CUST004942,HOT0059,ROOM000243,PROMO00439,2025-01-30,2025-02-20,2025-02-21,1,0,Mobile App,Completed,EUR,15000.0,20,3000.0,2160.0,14160.0,2022-01-07 20:29:52,2022-10-28 08:03:49
BOOK000310,CUST000388,HOT0151,ROOM000451,PROMO00218,2024-09-20,2024-10-08,2024-10-09,3,0,Mobile App,No Show,INR,15000.0,15,2250.0,2295.0,15045.0,2021-06-25 15:07:51,2021-10-01 03:47:51
BOOK000311,CUST003802,HOT0163,ROOM001115,PROMO00220,2025-05-02,2025-05-03,2025-05-05,3,2,Walk-In,Completed,AED,10000.0,20,2000.0,1440.0,9440.0,2023-07-13 10:07:39,2025-12-15 15:57:58
BOOK000312,CUST004791,HOT0212,ROOM001908,PROMO00399,2025-09-15,2025-11-09,2025-11-12,4,0,Booking.com,Completed,AED,10500.0,0,0.0,1890.0,12390.0,2026-02-27 17:21:37,2026-06-25 08:30:09
BOOK000313,CUST002528,HOT0028,ROOM001724,PROMO00228,2024-10-25,2024-12-09,2024-12-10,1,2,Website,Completed,SGD,2500.0,0,0.0,450.0,2950.0,2024-11-20 05:59:22,2024-12-28 18:59:24
BOOK000314,CUST000635,HOT0201,ROOM000526,PROMO00148,2026-03-24,2026-04-26,2026-04-29,3,1,Expedia,Completed,AED,7500.0,15,1125.0,1147.5,7522.5,2021-08-09 18:54:51,2025-05-08 09:20:12
BOOK000315,CUST001344,HOT0028,ROOM001901,PROMO00345,2025-05-11,2025-06-09,2025-06-13,1,2,Travel Agent,Confirmed,SGD,40000.0,10,4000.0,6480.0,42480.0,2023-08-30 09:59:45,2025-10-16 14:20:05
BOOK000316,CUST000224,HOT0018,ROOM001121,PROMO00422,2025-10-10,2025-11-24,2025-11-25,3,2,Walk-In,Cancelled,GBP,5000.0,0,0.0,900.0,5900.0,2022-01-15 22:06:25,2024-06-23 10:45:04
BOOK000317,CUST003001,HOT0012,ROOM001961,PROMO00385,2026-05-07,2026-07-01,2026-07-03,2,2,Booking.com,Completed,GBP,5000.0,5,250.0,855.0,5605.0,2020-04-22 09:52:44,2020-07-17 11:06:51
BOOK000318,CUST002865,HOT0183,ROOM000052,PROMO00156,2025-02-08,2025-04-04,2025-04-09,3,0,Booking.com,Completed,AED,35000.0,10,3500.0,5670.0,37170.0,2024-05-03 19:55:43,2025-06-03 07:15:34
BOOK000319,CUST000845,HOT0055,ROOM001895,PROMO00349,2026-07-01,2026-08-05,2026-08-12,2,2,Walk-In,Cancelled,USD,105000.0,20,21000.0,15120.0,99120.0,2020-02-09 16:16:32,2025-11-15 23:52:33
BOOK000320,CUST003036,HOT0057,ROOM000765,PROMO00378,2024-07-29,2024-08-30,2024-09-03,3,0,Walk-In,No Show,EUR,60000.0,5,3000.0,10260.0,67260.0,2021-09-28 20:15:54,2024-12-30 17:17:46
BOOK000321,CUST002828,HOT0207,ROOM000901,PROMO00102,2026-02-21,2026-04-04,2026-04-07,1,1,Booking.com,Completed,INR,30000.0,20,6000.0,4320.0,28320.0,2025-06-10 11:59:41,2025-09-16 06:34:39
BOOK000322,CUST004896,HOT0038,ROOM000933,PROMO00327,2026-05-25,2026-06-22,2026-06-28,4,0,Walk-In,Confirmed,USD,30000.0,15,4500.0,4590.0,30090.0,2024-02-02 12:12:04,2025-12-27 16:15:11
BOOK000323,CUST003746,HOT0045,ROOM000197,PROMO00457,2025-01-25,2025-03-15,2025-03-21,3,1,Travel Agent,Confirmed,GBP,21000.0,20,4200.0,3024.0,19824.0,2022-10-23 11:05:30,2024-11-30 15:58:22
BOOK000324,CUST004603,HOT0044,ROOM001897,PROMO00436,2026-07-06,2026-08-15,2026-08-17,4,2,Booking.com,Completed,USD,30000.0,0,0.0,5400.0,35400.0,2023-04-28 02:21:07,2026-06-20 17:48:14
BOOK000325,CUST001435,HOT0151,ROOM000417,PROMO00152,2024-11-29,2024-12-31,2025-01-01,1,0,Booking.com,No Show,INR,15000.0,0,0.0,2700.0,17700.0,2024-02-19 16:03:28,2025-01-07 08:25:43
BOOK000326,CUST002222,HOT0187,ROOM001165,PROMO00374,2025-05-28,2025-06-05,2025-06-07,4,1,Mobile App,Completed,USD,20000.0,5,1000.0,3420.0,22420.0,2025-05-22 18:41:22,2026-07-22 19:37:30
BOOK000327,CUST004628,HOT0017,ROOM001418,PROMO00400,2025-08-09,2025-08-23,2025-08-27,2,1,Expedia,No Show,AED,28000.0,20,5600.0,4032.0,26432.0,2023-11-11 15:48:37,2025-08-05 03:14:05
BOOK000328,CUST004177,HOT0139,ROOM001711,PROMO00295,2025-03-11,2025-04-03,2025-04-05,1,0,Booking.com,Cancelled,INR,14000.0,20,2800.0,2016.0,13216.0,2023-04-02 22:12:22,2023-06-11 18:16:27
BOOK000329,CUST003778,HOT0178,ROOM000236,PROMO00102,2025-01-25,2025-02-02,2025-02-03,1,2,Walk-In,Completed,SGD,10000.0,0,0.0,1800.0,11800.0,2021-10-26 18:20:53,2025-01-23 10:05:05
BOOK000330,CUST002662,HOT0128,ROOM001168,PROMO00243,2024-08-16,2024-08-18,2024-08-22,4,2,Travel Agent,No Show,EUR,60000.0,10,6000.0,9720.0,63720.0,2020-01-11 21:47:53,2023-08-17 16:27:08
BOOK000331,CUST000980,HOT0024,ROOM001218,PROMO00203,2024-08-07,2024-09-06,2024-09-12,3,1,Walk-In,Completed,GBP,15000.0,5,750.0,2565.0,16815.0,2026-05-22 16:38:21,2026-07-29 09:04:14
BOOK000332,CUST000166,HOT0052,ROOM001500,PROMO00416,2024-09-06,2024-10-17,2024-10-18,1,2,Walk-In,Completed,SGD,2500.0,5,125.0,427.5,2802.5,2024-05-13 04:16:41,2024-07-13 04:10:38
BOOK000333,CUST002827,HOT0020,ROOM000260,PROMO00391,2024-10-11,2024-11-13,2024-11-19,1,1,Website,Confirmed,SGD,60000.0,15,9000.0,9180.0,60180.0,2024-10-13 15:54:50,2025-01-27 09:48:57
BOOK000334,CUST002934,HOT0199,ROOM000904,PROMO00075,2026-05-26,2026-06-13,2026-06-16,3,2,Mobile App,Completed,EUR,15000.0,20,3000.0,2160.0,14160.0,2020-12-13 02:34:46,2023-01-29 06:28:24
BOOK000335,CUST003984,HOT0034,ROOM000718,PROMO00256,2026-03-23,2026-05-22,2026-05-24,2,2,Travel Agent,Completed,SGD,10000.0,5,500.0,1710.0,11210.0,2022-10-31 12:07:03,2023-03-23 01:04:53
BOOK000336,CUST000594,HOT0001,ROOM000412,PROMO00372,2025-10-15,2025-10-31,2025-11-05,1,2,Travel Agent,Completed,SGD,12500.0,0,0.0,2250.0,14750.0,2021-11-27 20:31:10,2025-07-19 15:13:51
BOOK000337,CUST002695,HOT0018,ROOM000426,PROMO00462,2024-11-15,2025-01-04,2025-01-09,1,0,Travel Agent,Cancelled,GBP,12500.0,15,1875.0,1912.5,12537.5,2022-04-05 12:03:36,2022-10-11 19:29:48
BOOK000338,CUST000663,HOT0181,ROOM000972,PROMO00303,2025-09-15,2025-11-10,2025-11-12,4,1,Mobile App,Completed,SGD,5000.0,5,250.0,855.0,5605.0,2020-04-13 02:16:50,2021-01-17 17:10:32
BOOK000339,CUST003842,HOT0130,ROOM001072,PROMO00438,2025-11-07,2025-11-25,2025-11-27,3,0,Travel Agent,Completed,GBP,14000.0,10,1400.0,2268.0,14868.0,2020-11-03 02:48:13,2024-11-28 09:49:10
BOOK000340,CUST003697,HOT0190,ROOM001008,PROMO00124,2024-08-17,2024-09-17,2024-09-19,4,2,Expedia,Confirmed,AED,5000.0,20,1000.0,720.0,4720.0,2020-04-05 05:54:03,2023-03-29 19:44:12
BOOK000341,CUST004061,HOT0213,ROOM001292,PROMO00126,2025-08-10,2025-08-17,2025-08-19,2,2,Mobile App,Completed,AED,10000.0,5,500.0,1710.0,11210.0,2025-04-23 16:00:25,2025-12-04 08:57:03
BOOK000342,CUST004161,HOT0212,ROOM001921,PROMO00438,2026-06-18,2026-07-28,2026-07-31,3,1,Mobile App,Completed,USD,15000.0,20,3000.0,2160.0,14160.0,2024-07-20 02:25:41,2025-08-17 21:15:12
BOOK000343,CUST004650,HOT0249,ROOM001574,PROMO00188,2025-06-20,2025-06-29,2025-07-04,4,1,Mobile App,Confirmed,INR,75000.0,15,11250.0,11475.0,75225.0,2022-02-03 06:27:52,2022-09-18 17:33:51
BOOK000344,CUST001903,HOT0160,ROOM001466,PROMO00288,2024-10-08,2024-11-12,2024-11-19,1,2,Website,Cancelled,INR,70000.0,10,7000.0,11340.0,74340.0,2021-04-30 07:12:35,2025-10-09 20:40:52
BOOK000345,CUST004168,HOT0042,ROOM000432,PROMO00257,2025-08-01,2025-08-27,2025-08-30,2,2,Website,Completed,AED,10500.0,15,1575.0,1606.5,10531.5,2025-01-31 13:38:12,2026-04-23 16:10:44
BOOK000346,CUST004182,HOT0153,ROOM001580,PROMO00243,2025-05-22,2025-07-07,2025-07-12,1,1,Booking.com,Cancelled,GBP,75000.0,20,15000.0,10800.0,70800.0,2021-07-08 12:13:28,2024-07-31 07:58:13
BOOK000347,CUST002365,HOT0026,ROOM000148,PROMO00162,2024-11-02,2024-11-08,2024-11-14,4,0,Booking.com,Completed,SGD,42000.0,20,8400.0,6048.0,39648.0,2025-06-20 10:40:02,2025-10-23 15:48:59
BOOK000348,CUST000820,HOT0155,ROOM001983,PROMO00207,2026-07-13,2026-07-22,2026-07-27,3,2,Website,Confirmed,SGD,75000.0,0,0.0,13500.0,88500.0,2021-07-03 18:12:06,2023-12-19 00:04:33
BOOK000349,CUST002642,HOT0127,ROOM001352,PROMO00476,2025-06-28,2025-07-22,2025-07-27,3,1,Booking.com,Completed,USD,25000.0,0,0.0,4500.0,29500.0,2021-09-18 11:43:24,2022-09-23 12:41:56
BOOK000350,CUST004876,HOT0194,ROOM000587,PROMO00233,2025-11-08,2025-12-31,2026-01-04,4,1,Travel Agent,Completed,AED,10000.0,5,500.0,1710.0,11210.0,2022-03-02 10:39:16,2025-08-10 11:07:56
BOOK000351,CUST000615,HOT0103,ROOM001630,PROMO00177,2024-12-04,2025-01-15,2025-01-20,2,0,Expedia,Completed,USD,25000.0,0,0.0,4500.0,29500.0,2022-06-11 07:15:38,2024-07-08 17:09:24
BOOK000352,CUST004178,HOT0139,ROOM000965,PROMO00105,2025-05-31,2025-06-03,2025-06-05,3,1,Mobile App,No Show,SGD,10000.0,20,2000.0,1440.0,9440.0,2021-12-15 01:54:29,2023-06-27 22:50:24
BOOK000353,CUST002303,HOT0045,ROOM000346,PROMO00232,2024-10-26,2024-12-23,2024-12-25,1,0,Expedia,Confirmed,SGD,7000.0,5,350.0,1197.0,7847.0,2025-05-19 03:01:09,2026-06-03 22:59:09
BOOK000354,CUST001599,HOT0230,ROOM000506,PROMO00235,2024-07-31,2024-08-19,2024-08-26,1,2,Website,Completed,USD,70000.0,10,7000.0,11340.0,74340.0,2025-11-03 09:18:28,2026-02-22 19:50:06
BOOK000355,CUST003895,HOT0018,ROOM000426,PROMO00076,2024-09-25,2024-10-17,2024-10-22,2,2,Booking.com,Cancelled,AED,12500.0,5,625.0,2137.5,14012.5,2024-06-20 02:07:07,2024-09-19 04:08:13
BOOK000356,CUST002148,HOT0182,ROOM000139,PROMO00008,2026-02-20,2026-04-21,2026-04-23,4,1,Website,Confirmed,USD,30000.0,10,3000.0,4860.0,31860.0,2026-02-27 19:55:37,2026-07-20 22:26:30
BOOK000357,CUST004252,HOT0184,ROOM001479,PROMO00005,2025-05-09,2025-05-29,2025-05-31,2,1,Website,Confirmed,SGD,20000.0,10,2000.0,3240.0,21240.0,2021-04-20 20:28:47,2022-04-03 15:00:32
BOOK000358,CUST003665,HOT0116,ROOM000152,PROMO00471,2026-03-13,2026-03-25,2026-04-01,2,2,Website,Completed,GBP,35000.0,0,0.0,6300.0,41300.0,2025-12-18 22:49:59,2025-12-29 01:11:20
BOOK000359,CUST002978,HOT0189,ROOM000953,PROMO00181,2026-06-21,2026-08-19,2026-08-24,4,0,Mobile App,Completed,USD,17500.0,5,875.0,2992.5,19617.5,2023-11-10 23:32:39,2023-12-03 00:54:06
BOOK000360,CUST004443,HOT0218,ROOM001468,PROMO00272,2026-05-18,2026-06-24,2026-06-26,2,1,Travel Agent,Completed,SGD,7000.0,15,1050.0,1071.0,7021.0,2025-01-23 17:30:09,2026-03-04 20:10:07
BOOK000361,CUST001326,HOT0014,ROOM000605,PROMO00080,2025-06-18,2025-07-13,2025-07-17,3,0,Expedia,Completed,INR,10000.0,15,1500.0,1530.0,10030.0,2023-05-04 16:12:31,2025-06-03 23:01:09
BOOK000362,CUST001845,HOT0116,ROOM001449,PROMO00151,2026-03-30,2026-05-14,2026-05-17,1,2,Mobile App,No Show,GBP,7500.0,0,0.0,1350.0,8850.0,2022-10-08 14:51:44,2024-08-09 17:58:38
BOOK000363,CUST000922,HOT0220,ROOM000208,PROMO00241,2024-12-17,2024-12-29,2024-12-30,2,0,Booking.com,Cancelled,USD,10000.0,10,1000.0,1620.0,10620.0,2021-02-28 01:29:22,2024-11-01 10:30:17
BOOK000364,CUST004431,HOT0034,ROOM000718,PROMO00293,2026-01-06,2026-01-26,2026-02-02,2,2,Expedia,Cancelled,EUR,35000.0,20,7000.0,5040.0,33040.0,2025-08-30 18:26:19,2026-07-08 02:38:25
BOOK000365,CUST000267,HOT0111,ROOM000573,PROMO00278,2026-03-06,2026-03-13,2026-03-17,4,2,Travel Agent,Confirmed,EUR,10000.0,15,1500.0,1530.0,10030.0,2021-04-12 03:30:10,2025-10-11 11:18:39
BOOK000366,CUST003182,HOT0226,ROOM001705,PROMO00084,2025-06-15,2025-07-03,2025-07-08,1,2,Travel Agent,Cancelled,EUR,75000.0,5,3750.0,12825.0,84075.0,2024-02-01 10:14:43,2025-11-11 04:05:08
BOOK000367,CUST000282,HOT0015,ROOM001253,PROMO00390,2026-03-02,2026-03-06,2026-03-09,1,2,Booking.com,Completed,SGD,30000.0,10,3000.0,4860.0,31860.0,2021-09-29 22:37:11,2022-12-26 20:23:48
BOOK000368,CUST003549,HOT0020,ROOM000532,PROMO00069,2026-02-21,2026-04-01,2026-04-06,1,2,Mobile App,Completed,INR,50000.0,10,5000.0,8100.0,53100.0,2020-12-05 06:31:07,2025-09-29 01:33:36
BOOK000369,CUST001175,HOT0102,ROOM000773,PROMO00388,2025-06-03,2025-07-25,2025-07-30,1,0,Booking.com,Completed,SGD,17500.0,5,875.0,2992.5,19617.5,2021-01-22 12:41:28,2026-01-12 07:00:07
BOOK000370,CUST004449,HOT0015,ROOM001958,PROMO00426,2024-09-24,2024-10-17,2024-10-24,2,2,Expedia,Completed,GBP,70000.0,0,0.0,12600.0,82600.0,2021-07-01 01:43:04,2025-07-05 08:38:34
BOOK000371,CUST003495,HOT0020,ROOM000260,PROMO00099,2025-06-19,2025-07-28,2025-07-29,2,1,Booking.com,Confirmed,AED,10000.0,0,0.0,1800.0,11800.0,2026-01-02 12:06:10,2026-02-28 16:08:54
BOOK000372,CUST001193,HOT0140,ROOM000889,PROMO00171,2025-10-20,2025-11-10,2025-11-12,1,2,Walk-In,No Show,AED,7000.0,20,1400.0,1008.0,6608.0,2022-06-01 01:20:37,2022-07-14 20:14:07
BOOK000373,CUST002075,HOT0014,ROOM000490,PROMO00261,2026-02-03,2026-03-22,2026-03-26,3,2,Website,Confirmed,USD,20000.0,10,2000.0,3240.0,21240.0,2025-01-10 02:31:53,2025-09-10 22:55:24
BOOK000374,CUST004695,HOT0183,ROOM000672,PROMO00290,2025-11-28,2026-01-14,2026-01-20,2,1,Travel Agent,Completed,AED,60000.0,5,3000.0,10260.0,67260.0,2021-10-09 00:02:42,2024-12-01 16:24:50
BOOK000375,CUST002084,HOT0198,ROOM001743,PROMO00124,2025-04-19,2025-05-31,2025-06-06,3,1,Website,Completed,GBP,42000.0,20,8400.0,6048.0,39648.0,2025-08-16 14:46:14,2026-01-28 06:52:14
BOOK000376,CUST002391,HOT0188,ROOM000678,PROMO00195,2025-04-03,2025-04-11,2025-04-18,1,1,Booking.com,Completed,AED,105000.0,5,5250.0,17955.0,117705.0,2024-07-08 03:01:09,2025-11-10 03:27:38
BOOK000377,CUST004935,HOT0142,ROOM000798,PROMO00402,2025-12-30,2026-02-28,2026-03-02,4,2,Website,Completed,AED,30000.0,10,3000.0,4860.0,31860.0,2023-10-01 17:49:45,2024-04-01 06:21:10
BOOK000378,CUST003420,HOT0089,ROOM001144,PROMO00034,2025-11-08,2025-12-15,2025-12-21,2,0,Walk-In,Completed,INR,30000.0,0,0.0,5400.0,35400.0,2022-09-14 15:17:20,2024-05-31 08:44:05
BOOK000379,CUST003119,HOT0245,ROOM000783,PROMO00340,2025-12-31,2026-02-08,2026-02-09,4,0,Booking.com,Completed,,10000.0,20,2000.0,1440.0,9440.0,2021-08-15 03:07:42,2025-08-02 14:47:06
BOOK000380,CUST001397,HOT0056,ROOM000431,PROMO00303,2025-12-02,2025-12-03,2025-12-06,1,1,Mobile App,Completed,,7500.0,10,750.0,1215.0,7965.0,2020-11-27 19:03:47,2024-08-06 12:10:03
BOOK000381,CUST000763,HOT0138,ROOM000006,PROMO00122,2026-03-01,2026-03-27,2026-04-02,2,2,Travel Agent,Cancelled,GBP,42000.0,0,0.0,7560.0,49560.0,2025-10-19 12:17:51,2026-06-28 17:02:23
BOOK000382,CUST004724,HOT0120,ROOM001388,PROMO00225,2025-12-19,2026-01-27,2026-01-30,1,0,Booking.com,Confirmed,SGD,15000.0,20,3000.0,2160.0,14160.0,2021-06-04 12:11:22,2023-11-21 06:16:58
BOOK000383,CUST003501,HOT0104,ROOM000408,PROMO00211,2026-03-29,2026-05-04,2026-05-11,4,1,Booking.com,Completed,USD,24500.0,20,4900.0,3528.0,23128.0,2025-01-22 07:59:18,2025-05-01 13:55:45
BOOK000384,CUST000057,HOT0168,ROOM000419,PROMO00300,2026-05-22,2026-06-18,2026-06-20,3,0,Website,Completed,GBP,10000.0,0,0.0,1800.0,11800.0,2026-07-08 12:31:26,2026-07-29 19:59:03
BOOK000385,CUST000542,HOT0078,ROOM000969,PROMO00157,2025-08-19,2025-10-11,2025-10-16,2,1,Website,Confirmed,AED,25000.0,5,1250.0,4275.0,28025.0,2025-01-22 05:37:34,2025-03-26 10:56:17
BOOK000386,CUST000908,HOT0072,ROOM000874,PROMO00066,2024-12-23,2024-12-27,2024-12-30,3,1,Mobile App,Confirmed,INR,30000.0,0,0.0,5400.0,35400.0,2025-10-10 18:14:32,2025-12-10 16:13:55
BOOK000387,CUST002434,HOT0231,ROOM000210,PROMO00323,2025-11-12,2025-12-19,2025-12-26,3,0,Mobile App,Cancelled,GBP,35000.0,10,3500.0,5670.0,37170.0,2022-11-17 00:24:14,2024-03-02 23:41:33
BOOK000388,CUST002814,HOT0163,ROOM000439,PROMO00162,2025-05-18,2025-07-01,2025-07-05,3,0,Booking.com,Completed,SGD,40000.0,0,0.0,7200.0,47200.0,2022-04-05 02:59:44,2023-03-01 15:29:01
BOOK000389,CUST003681,HOT0102,ROOM001350,PROMO00060,2024-08-07,2024-08-30,2024-09-01,4,2,Walk-In,Completed,,7000.0,20,1400.0,1008.0,6608.0,2025-04-16 11:48:29,2026-01-13 19:54:08
BOOK000390,CUST000757,HOT0157,ROOM001155,PROMO00119,2025-02-04,2025-04-03,2025-04-10,4,1,Expedia,Confirmed,AED,105000.0,20,21000.0,15120.0,99120.0,2026-04-21 01:43:59,2026-07-14 01:36:02
BOOK000391,CUST002327,HOT0063,ROOM000438,PROMO00444,2025-02-26,2025-02-27,2025-03-01,3,0,Booking.com,Completed,AED,20000.0,15,3000.0,3060.0,20060.0,2024-03-08 22:04:00,2025-06-23 11:58:29
BOOK000392,CUST001355,HOT0221,ROOM001890,PROMO00129,2026-03-13,2026-04-25,2026-04-27,2,2,Travel Agent,Completed,EUR,14000.0,15,2100.0,2142.0,14042.0,2023-02-25 01:00:57,2025-03-31 03:47:47
BOOK000393,CUST004449,HOT0120,ROOM001388,PROMO00192,2026-05-07,2026-06-27,2026-06-29,1,1,Website,Completed,EUR,10000.0,5,500.0,1710.0,11210.0,2025-12-10 01:00:30,2026-01-07 07:40:08
BOOK000394,CUST000641,HOT0234,ROOM001600,PROMO00376,2026-01-14,2026-02-20,2026-02-26,3,0,Walk-In,Completed,SGD,15000.0,20,3000.0,2160.0,14160.0,2021-04-02 09:47:17,2022-06-30 21:50:25
BOOK000395,CUST004503,HOT0087,ROOM001230,PROMO00262,2026-02-02,2026-02-05,2026-02-07,3,1,Expedia,Confirmed,GBP,10000.0,20,2000.0,1440.0,9440.0,2024-11-26 05:23:13,2025-04-17 07:08:48
BOOK000396,CUST999999,HOT0178,ROOM000563,PROMO00364,2025-09-18,2025-10-07,2025-10-11,2,2,Website,Completed,INR,10000.0,15,1500.0,1530.0,10030.0,2024-09-22 21:56:49,2026-04-25 22:55:43
BOOK000397,CUST000691,HOT0151,ROOM000451,PROMO00451,2025-03-04,2025-05-03,2025-05-04,2,2,Website,Completed,EUR,15000.0,15,2250.0,2295.0,15045.0,2020-12-18 05:43:16,2021-03-01 14:54:31
BOOK000398,CUST000657,HOT0043,ROOM001658,PROMO00267,2025-12-07,2025-12-29,2026-01-05,3,0,Booking.com,Completed,SGD,35000.0,15,5250.0,5355.0,35105.0,2020-05-17 00:04:11,2024-10-31 13:17:33
BOOK000399,CUST004569,HOT0093,ROOM000671,PROMO00090,2025-01-09,2025-02-16,2025-02-18,3,2,Mobile App,Completed,USD,30000.0,0,0.0,5400.0,35400.0,2024-03-07 13:32:01,2026-01-28 07:48:47
BOOK000400,CUST003587,HOT0183,ROOM001877,PROMO00402,2025-11-25,2025-12-13,2025-12-18,3,1,Expedia,Completed,INR,17500.0,10,1750.0,2835.0,18585.0,2022-02-07 00:07:55,2024-11-18 19:33:54
BOOK000401,CUST003064,HOT0124,ROOM001080,PROMO00357,2024-12-30,2025-01-17,2025-01-20,3,1,Expedia,Cancelled,GBP,15000.0,15,2250.0,2295.0,15045.0,2025-04-17 05:28:19,2025-05-08 09:25:14
BOOK000402,CUST000930,HOT0157,ROOM000883,PROMO00134,2024-12-30,2025-01-14,2025-01-17,1,2,Expedia,Completed,INR,45000.0,20,9000.0,6480.0,42480.0,2025-07-19 01:14:48,2026-04-21 16:41:11
BOOK000403,CUST000577,HOT0105,ROOM000188,PROMO00378,2025-01-07,2025-02-07,2025-02-14,1,1,Travel Agent,Confirmed,USD,105000.0,20,21000.0,15120.0,99120.0,2021-02-06 10:34:48,2024-06-28 10:25:58
BOOK000404,CUST002244,HOT0074,ROOM000685,PROMO00355,2024-09-27,2024-11-18,2024-11-20,2,2,Travel Agent,Completed,INR,5000.0,5,250.0,855.0,5605.0,2026-04-19 14:58:12,2026-05-13 03:28:38
BOOK000405,CUST000979,HOT0136,ROOM001954,PROMO00190,2026-01-29,2026-03-12,2026-03-15,4,0,Walk-In,Completed,SGD,7500.0,15,1125.0,1147.5,-7522.5,2020-08-31 21:49:26,2026-05-16 12:48:14
BOOK000406,CUST001890,HOT0053,ROOM000690,PROMO00112,2024-12-25,2025-02-04,2025-02-11,2,2,Website,Completed,USD,49000.0,5,2450.0,8379.0,54929.0,2025-11-27 06:52:08,2026-04-22 18:28:43
BOOK000407,CUST002567,HOT0008,ROOM001787,PROMO00420,2026-03-13,2026-03-25,2026-03-30,2,2,Travel Agent,Completed,INR,25000.0,20,5000.0,3600.0,23600.0,2025-01-08 12:08:18,2025-12-07 03:38:26
BOOK000408,CUST002520,HOT0068,ROOM000893,PROMO00245,2025-10-23,2025-11-01,2025-11-05,4,0,Travel Agent,Completed,USD,14000.0,20,2800.0,2016.0,13216.0,2025-10-01 00:47:45,2026-04-23 15:28:15
BOOK000409,CUST000490,HOT0034,ROOM000667,PROMO00028,2024-11-08,2025-01-06,2025-01-07,2,2,Expedia,Completed,AED,5000.0,0,0.0,900.0,5900.0,2025-10-25 13:34:49,2026-04-11 21:26:24
BOOK000410,CUST000755,HOT0060,ROOM001629,PROMO00476,2025-05-22,2025-06-17,2025-06-24,4,1,Booking.com,Completed,INR,35000.0,0,0.0,6300.0,41300.0,2025-08-11 02:42:59,2026-05-31 18:28:01
BOOK000411,CUST002090,HOT0180,ROOM001198,PROMO00118,2026-06-20,2026-08-18,2026-08-21,3,2,Mobile App,Completed,EUR,10500.0,15,1575.0,1606.5,10531.5,2024-07-22 12:21:50,2026-06-03 21:11:11
BOOK000412,CUST000118,HOT0193,ROOM001827,PROMO00283,2025-05-07,2025-05-28,2025-05-30,4,2,Walk-In,Completed,AED,5000.0,0,0.0,900.0,5900.0,2024-04-05 02:52:56,2024-07-07 11:30:33
BOOK000413,CUST001165,HOT0228,ROOM000323,PROMO00181,2026-07-12,2026-08-26,2026-08-30,3,0,Mobile App,Cancelled,GBP,60000.0,15,9000.0,9180.0,60180.0,2022-08-19 21:09:15,2023-02-10 23:46:45
BOOK000414,CUST002618,HOT0143,ROOM000358,PROMO00419,2024-10-06,2024-10-29,2024-11-05,2,0,Mobile App,Cancelled,INR,70000.0,5,3500.0,11970.0,78470.0,2023-03-29 11:48:06,2024-06-30 15:09:21
BOOK000415,CUST004535,HOT0192,ROOM001903,PROMO00316,2024-09-04,2024-10-19,2024-10-26,3,0,Website,Completed,AED,17500.0,20,3500.0,2520.0,16520.0,2023-09-18 04:29:44,2025-04-01 01:59:48
BOOK000416,CUST002481,HOT0110,ROOM001151,PROMO00333,2025-02-14,2025-03-31,2025-04-02,4,2,Expedia,Completed,USD,7000.0,15,1050.0,1071.0,7021.0,2020-06-06 11:00:31,2025-07-30 00:07:05
BOOK000417,CUST003984,HOT0103,ROOM000054,PROMO00169,2025-10-01,2025-11-26,2025-12-02,3,1,Mobile App,Confirmed,AED,30000.0,10,3000.0,4860.0,31860.0,2025-10-13 07:30:28,2026-04-05 21:32:27
BOOK000418,CUST000267,HOT0216,ROOM000676,PROMO00277,2025-04-21,2025-05-20,2025-05-26,4,2,Mobile App,Completed,USD,21000.0,20,4200.0,3024.0,19824.0,2022-10-21 04:42:09,2025-07-23 08:39:22
BOOK000419,CUST004474,HOT0147,ROOM001169,PROMO00036,2026-07-26,2026-08-18,2026-08-21,2,1,Booking.com,Completed,USD,15000.0,20,3000.0,2160.0,14160.0,2025-07-03 13:58:41,2026-06-26 08:28:52
BOOK000420,CUST000427,HOT0220,ROOM000344,PROMO00361,2026-04-18,2026-06-03,2026-06-05,2,2,Expedia,Confirmed,AED,30000.0,0,0.0,5400.0,35400.0,2026-07-12 09:08:20,2026-07-20 03:12:47
BOOK000421,CUST001591,HOT0141,ROOM000372,PROMO00477,2025-10-23,2025-11-14,2025-11-18,1,2,Travel Agent,Completed,USD,28000.0,15,4200.0,4284.0,28084.0,2025-05-19 02:50:58,2026-05-19 00:57:24
BOOK000422,CUST002889,HOT0245,ROOM000122,PROMO00153,2024-11-02,2024-11-10,2024-11-15,2,0,Walk-In,Completed,INR,12500.0,20,2500.0,1800.0,11800.0,2024-02-20 11:40:33,2025-06-30 20:05:59
BOOK000423,CUST002373,HOT0214,ROOM000712,PROMO00350,2026-01-28,2026-02-26,2026-02-27,1,1,Walk-In,Confirmed,SGD,7000.0,15,1050.0,1071.0,7021.0,2020-05-06 12:22:35,2023-08-25 02:36:16
BOOK000424,CUST003157,HOT0062,ROOM001682,PROMO00410,2025-08-07,2025-09-10,2025-09-15,4,2,Website,Completed,USD,17500.0,5,875.0,2992.5,19617.5,2023-08-16 23:59:22,2026-01-28 22:31:03
BOOK000425,CUST003512,HOT0152,ROOM001777,PROMO00375,2024-09-16,2024-11-13,2024-11-18,3,1,Travel Agent,Confirmed,SGD,12500.0,0,0.0,2250.0,14750.0,2023-11-18 18:57:26,2025-04-18 06:55:17
BOOK000426,CUST001130,HOT0181,ROOM000766,PROMO00081,2025-04-01,2025-04-15,2025-04-16,1,2,Travel Agent,No Show,GBP,2500.0,10,250.0,405.0,2655.0,2024-11-09 16:23:02,2026-03-04 02:05:10
BOOK000427,CUST000024,HOT0230,ROOM000429,PROMO00187,2026-07-24,2026-09-18,2026-09-22,1,0,Mobile App,Confirmed,GBP,28000.0,0,0.0,5040.0,33040.0,2023-10-02 01:48:57,2026-02-22 04:38:23
BOOK000428,CUST000097,HOT0240,ROOM000053,PROMO00376,2025-07-02,2025-08-04,2025-08-05,1,0,Travel Agent,No Show,USD,2500.0,10,250.0,405.0,2655.0,2023-09-18 09:21:59,2025-07-15 04:41:42
BOOK000429,CUST000422,HOT0221,ROOM001573,PROMO00266,2025-05-28,2025-06-27,2025-07-01,1,2,Travel Agent,Cancelled,USD,14000.0,20,2800.0,2016.0,13216.0,2025-10-11 04:44:02,2025-11-28 04:55:15
BOOK000430,CUST004556,HOT0001,ROOM000598,PROMO00380,2024-10-13,2024-11-15,2024-11-22,1,0,Expedia,Cancelled,USD,49000.0,20,9800.0,7056.0,46256.0,2021-02-07 16:03:36,2025-12-22 09:31:52
BOOK000431,CUST000423,HOT0133,ROOM001939,PROMO00226,2026-03-06,2026-04-18,2026-04-19,1,0,Booking.com,Confirmed,USD,10000.0,20,2000.0,1440.0,9440.0,2022-09-21 04:36:38,2024-05-27 18:42:45
BOOK000432,CUST002610,HOT0217,ROOM001178,PROMO00015,2025-03-12,2025-03-26,2025-03-30,1,0,Booking.com,Completed,AED,10000.0,15,1500.0,1530.0,10030.0,2023-03-20 20:09:48,2025-11-12 23:32:09
BOOK000433,CUST001658,HOT0174,ROOM001307,PROMO00015,2026-07-28,2026-09-07,2026-09-13,2,0,Mobile App,Completed,GBP,30000.0,0,0.0,5400.0,35400.0,2026-06-09 13:04:49,2026-06-27 11:43:21
BOOK000434,CUST002309,HOT0098,ROOM000794,PROMO00076,2026-04-18,2026-05-11,2026-05-17,1,1,Expedia,Completed,USD,30000.0,10,3000.0,4860.0,31860.0,2020-11-13 00:57:47,2023-04-21 03:55:00
BOOK000435,CUST001859,HOT0138,ROOM000571,PROMO00188,2024-10-19,2024-11-25,2024-11-26,3,0,Expedia,Confirmed,USD,15000.0,0,0.0,2700.0,17700.0,2022-05-18 05:53:03,2026-07-22 00:54:28
BOOK000436,CUST001016,HOT0018,ROOM000426,PROMO00175,2025-09-22,2025-10-01,2025-10-06,1,2,Booking.com,Completed,EUR,12500.0,5,625.0,2137.5,14012.5,2022-08-07 03:25:01,2024-10-30 05:32:52
BOOK000437,CUST003032,HOT0190,ROOM001690,PROMO00468,2025-06-11,2025-07-29,2025-08-04,4,2,Mobile App,Confirmed,USD,42000.0,0,0.0,7560.0,49560.0,2022-04-03 12:27:50,2025-03-04 23:16:58
BOOK000438,CUST004086,HOT0040,ROOM000512,PROMO00077,2024-08-08,2024-09-01,2024-09-06,2,2,Mobile App,Completed,AED,75000.0,5,3750.0,12825.0,84075.0,2022-10-17 07:32:37,2025-01-26 17:26:45
BOOK000439,CUST001055,HOT0098,ROOM001408,PROMO00149,2025-04-19,2025-05-11,2025-05-15,3,2,Travel Agent,Cancelled,EUR,14000.0,5,700.0,2394.0,15694.0,2020-04-13 03:25:01,2026-06-04 23:41:32
BOOK000440,CUST004120,HOT0248,ROOM000394,PROMO00145,2026-06-27,2026-07-21,2026-07-28,3,0,Walk-In,Completed,AED,35000.0,15,5250.0,5355.0,35105.0,2024-01-23 20:54:43,2026-07-20 13:51:51
BOOK000441,CUST000091,HOT0041,ROOM000820,PROMO00186,2025-05-01,2025-06-20,2025-06-24,4,0,Walk-In,Cancelled,AED,60000.0,20,12000.0,8640.0,56640.0,2021-02-25 22:55:19,2026-05-19 10:33:18
BOOK000442,CUST004159,HOT0008,ROOM001544,PROMO00322,2025-06-14,2025-06-17,2025-06-24,1,2,Walk-In,Completed,EUR,105000.0,15,15750.0,16065.0,105315.0,2024-07-29 00:23:02,2026-01-14 14:38:34
BOOK000443,CUST000048,HOT0066,ROOM001622,PROMO00038,2024-12-26,2025-02-17,2025-02-23,3,1,Mobile App,No Show,SGD,21000.0,0,0.0,3780.0,24780.0,2025-10-04 07:51:16,2026-02-11 01:02:05
BOOK000444,CUST004880,HOT0115,ROOM001060,PROMO00317,2026-02-14,2026-03-17,2026-03-20,1,1,Walk-In,Confirmed,AED,45000.0,15,6750.0,6885.0,45135.0,2026-07-27 17:53:21,2026-07-28 14:08:36
BOOK000445,CUST000263,HOT0066,ROOM001808,PROMO00373,2026-06-22,2026-08-09,2026-08-14,2,2,Mobile App,Completed,GBP,75000.0,15,11250.0,11475.0,75225.0,2021-03-10 13:11:03,2021-08-30 23:00:12
BOOK000446,CUST001842,HOT0095,ROOM000844,PROMO00261,2025-03-04,2025-03-31,2025-04-05,1,0,Walk-In,Cancelled,GBP,12500.0,0,0.0,2250.0,14750.0,2021-12-29 13:52:05,2023-05-03 23:05:48
BOOK000447,CUST001405,HOT0223,ROOM001533,PROMO00264,2025-01-15,2025-01-22,2025-01-23,2,1,Travel Agent,Completed,EUR,15000.0,20,3000.0,2160.0,14160.0,2020-08-23 06:34:24,2026-07-20 17:30:56
BOOK000448,CUST004789,HOT0002,ROOM001505,PROMO00101,2025-09-24,2025-10-03,2025-10-05,4,2,Expedia,Completed,USD,10000.0,5,500.0,1710.0,11210.0,2020-04-21 09:43:15,2021-07-10 23:09:50
BOOK000449,CUST001716,HOT0082,ROOM001317,PROMO00142,2024-09-23,2024-10-14,2024-10-18,2,0,Travel Agent,Confirmed,GBP,14000.0,10,1400.0,2268.0,14868.0,2020-08-22 00:43:11,2024-10-05 18:44:45
BOOK000450,CUST003915,HOT0108,ROOM001377,PROMO00076,2026-03-13,2026-04-05,2026-04-10,1,1,Mobile App,Confirmed,AED,17500.0,20,3500.0,2520.0,16520.0,2022-11-13 10:16:44,2023-04-29 17:46:56
BOOK000451,CUST004218,HOT0192,ROOM000550,PROMO00456,2024-12-01,2025-01-14,2025-01-19,1,0,Booking.com,Completed,GBP,17500.0,10,1750.0,2835.0,18585.0,2024-06-21 18:39:44,2025-06-01 06:57:13
BOOK000452,CUST000102,HOT0055,ROOM000909,PROMO00084,2026-01-05,2026-02-01,2026-02-07,3,1,Mobile App,Completed,EUR,15000.0,15,2250.0,2295.0,15045.0,2020-04-08 21:35:49,2023-07-17 20:52:47
BOOK000453,CUST002340,HOT0221,ROOM001813,PROMO00328,2025-02-04,2025-04-04,2025-04-06,3,2,Mobile App,Completed,AED,10000.0,20,2000.0,1440.0,9440.0,2023-11-17 04:53:24,2026-02-02 18:46:23
BOOK000454,CUST004836,HOT0200,ROOM000859,PROMO00189,2024-11-19,2024-11-29,2024-12-06,2,2,Walk-In,Confirmed,GBP,49000.0,5,2450.0,8379.0,54929.0,2024-07-30 09:06:00,2025-01-22 11:46:28
BOOK000455,CUST001341,HOT0116,ROOM001143,PROMO00500,2024-11-03,2024-11-24,2024-11-29,4,1,Walk-In,Confirmed,INR,12500.0,5,625.0,2137.5,14012.5,2025-04-20 23:04:04,2025-08-22 22:23:04
BOOK000456,CUST000529,HOT0050,ROOM001940,PROMO00266,2025-08-22,2025-09-07,2025-09-09,1,1,Mobile App,Completed,USD,7000.0,20,1400.0,1008.0,6608.0,2025-01-15 11:35:21,2025-10-09 00:47:42
BOOK000457,CUST003680,HOT0223,ROOM001297,PROMO00433,2025-06-01,2025-06-14,2025-06-21,1,2,Website,Completed,EUR,70000.0,0,0.0,12600.0,82600.0,2020-02-11 17:08:33,2025-04-17 18:58:47
BOOK000458,CUST002792,HOT0192,ROOM000742,PROMO00415,2025-02-06,2025-02-13,2025-02-18,1,2,Mobile App,Cancelled,USD,35000.0,5,1750.0,5985.0,39235.0,2025-04-27 06:29:16,2026-03-09 19:58:31
BOOK000459,CUST003498,HOT0124,ROOM001604,PROMO00250,2025-03-04,2025-04-26,2025-05-01,4,0,Expedia,Completed,SGD,75000.0,5,3750.0,12825.0,84075.0,2022-11-15 01:56:30,2024-10-31 14:14:34
BOOK000460,CUST004363,HOT0166,ROOM000266,PROMO00308,2025-07-03,2025-07-24,2025-07-27,2,2,Expedia,Completed,EUR,10500.0,5,525.0,1795.5,11770.5,2024-03-21 18:50:17,2024-12-27 01:04:10
BOOK000461,CUST002410,HOT0125,ROOM001475,PROMO00467,2024-10-16,2024-12-12,2024-12-16,2,1,Walk-In,Completed,AED,28000.0,15,4200.0,4284.0,28084.0,2021-02-15 15:47:40,2024-05-24 08:58:12
BOOK000462,CUST003218,HOT0068,ROOM000393,PROMO00182,2025-03-21,2025-04-24,2025-04-28,4,1,Travel Agent,Confirmed,AED,20000.0,15,3000.0,3060.0,20060.0,2025-02-13 01:21:06,2025-04-25 03:34:23
BOOK000463,CUST004089,HOT0231,ROOM001098,PROMO00300,2026-03-23,2026-04-21,2026-04-24,1,1,Website,Completed,SGD,30000.0,20,6000.0,4320.0,28320.0,2024-07-02 06:57:22,2026-02-12 11:41:42
BOOK000464,CUST004138,HOT0013,ROOM001310,PROMO00499,2026-04-26,2026-06-04,2026-06-08,2,2,Travel Agent,No Show,EUR,14000.0,0,0.0,2520.0,16520.0,2026-03-15 08:06:58,2026-04-01 14:35:56
BOOK000465,CUST003579,HOT0132,ROOM001830,PROMO00246,2025-01-23,2025-02-07,2025-02-08,4,2,Expedia,Completed,SGD,7000.0,5,350.0,1197.0,7847.0,2023-12-27 15:25:11,2025-12-12 22:48:56
BOOK000466,CUST004700,HOT0068,ROOM001405,PROMO00268,2024-09-14,2024-09-23,2024-09-27,3,1,Booking.com,Completed,INR,14000.0,20,2800.0,2016.0,13216.0,2025-02-07 17:53:58,2025-05-13 06:45:41
BOOK000467,CUST004120,HOT0068,ROOM001405,PROMO00176,2024-12-02,2025-01-19,2025-01-21,2,1,Walk-In,Completed,USD,7000.0,5,350.0,1197.0,7847.0,2023-09-17 21:43:07,2026-07-16 12:55:48
BOOK000468,CUST000273,HOT0132,ROOM000179,PROMO00496,2025-07-21,2025-07-22,2025-07-28,3,1,Website,Confirmed,GBP,30000.0,15,4500.0,4590.0,30090.0,2025-09-13 21:24:30,2026-05-28 05:21:16
BOOK000469,CUST002652,HOT0247,ROOM000855,PROMO00304,2026-01-24,2026-02-27,2026-02-28,3,1,Expedia,Completed,GBP,3500.0,20,700.0,504.0,3304.0,2020-02-09 04:52:16,2022-01-13 12:45:43
BOOK000470,CUST004331,HOT0206,ROOM001071,PROMO00345,2026-05-20,2026-05-31,2026-06-03,4,0,Website,Confirmed,SGD,15000.0,10,1500.0,2430.0,15930.0,2026-06-08 00:08:14,2026-07-07 03:10:22
BOOK000471,CUST003849,HOT0194,ROOM001578,PROMO00354,2025-07-12,2025-08-16,2025-08-23,3,0,Mobile App,Cancelled,USD,17500.0,5,875.0,2992.5,19617.5,2026-03-12 05:55:45,2026-06-08 13:24:47
BOOK000472,CUST003011,HOT0193,ROOM000673,PROMO00174,2024-09-10,2024-10-01,2024-10-02,3,0,Mobile App,Completed,EUR,2500.0,5,125.0,427.5,2802.5,2024-11-09 12:54:39,2025-09-16 14:09:02
BOOK000473,CUST003295,HOT0141,ROOM001550,PROMO00088,2025-01-01,2025-01-03,2025-01-04,1,0,Mobile App,Completed,INR,5000.0,5,250.0,855.0,5605.0,2024-11-06 14:59:37,2026-07-12 15:02:21
BOOK000474,CUST004840,HOT0137,ROOM001805,PROMO00220,2025-02-17,2025-03-05,2025-03-07,3,1,Travel Agent,Confirmed,SGD,5000.0,5,250.0,855.0,5605.0,2021-01-30 06:34:49,2024-03-15 10:49:12
BOOK000475,CUST002016,HOT0045,ROOM000346,PROMO00364,2026-02-01,2026-03-05,2026-03-06,1,0,Mobile App,Completed,EUR,3500.0,10,350.0,567.0,3717.0,2021-04-06 16:44:35,2024-10-02 05:01:10
BOOK000476,CUST002876,HOT0042,ROOM001251,PROMO00187,2026-02-08,2026-03-11,2026-03-13,3,1,Website,Cancelled,EUR,14000.0,0,0.0,2520.0,16520.0,2023-03-25 08:39:47,2023-08-08 19:13:27
BOOK000477,CUST001173,HOT0146,ROOM000759,PROMO00441,2024-12-30,2025-01-15,2025-01-18,2,2,Travel Agent,Cancelled,USD,21000.0,15,3150.0,3213.0,21063.0,2023-05-25 07:40:41,2025-07-02 00:41:41
BOOK000478,CUST004773,HOT0022,ROOM001037,PROMO00267,2025-10-28,2025-12-10,2025-12-14,2,1,Mobile App,Completed,EUR,14000.0,10,1400.0,2268.0,14868.0,2025-08-06 02:44:39,2026-05-18 14:53:50
BOOK000479,CUST002825,HOT0139,ROOM001262,PROMO00500,2025-02-22,2025-02-26,2025-03-04,2,2,Expedia,Completed,AED,90000.0,10,9000.0,14580.0,95580.0,2022-01-15 08:58:25,2026-05-22 22:41:33
BOOK000480,CUST000092,HOT0054,ROOM000245,PROMO00360,2025-03-31,2025-05-26,2025-03-31,3,2,Expedia,Completed,AED,21000.0,20,4200.0,3024.0,19824.0,2023-07-08 16:12:09,2023-09-06 21:39:02
BOOK000481,CUST004873,HOT0106,ROOM001801,PROMO00034,2025-09-26,2025-10-03,2025-10-04,2,2,Expedia,Completed,EUR,10000.0,20,2000.0,1440.0,9440.0,2021-08-24 01:46:28,2025-03-28 02:07:12
BOOK000482,CUST002710,HOT0030,ROOM001924,PROMO00278,2026-04-26,2026-06-17,2026-06-18,3,0,Expedia,Completed,INR,2500.0,15,375.0,382.5,2507.5,2020-07-01 05:07:36,2022-12-03 15:59:07
BOOK000483,CUST004382,HOT0206,ROOM000147,PROMO00112,2024-09-12,2024-11-02,2024-11-08,4,2,Booking.com,Confirmed,GBP,90000.0,5,4500.0,15390.0,100890.0,2022-06-25 06:28:21,2025-09-11 12:33:10
BOOK000484,CUST002066,HOT0104,ROOM001333,PROMO00387,2026-05-23,2026-06-09,2026-06-13,4,1,Booking.com,Confirmed,SGD,14000.0,10,1400.0,2268.0,14868.0,2022-08-12 11:28:29,2026-05-30 18:08:12
BOOK000485,CUST004786,HOT0091,ROOM000853,PROMO00011,2025-03-28,2025-04-17,2025-04-20,4,2,Walk-In,Confirmed,EUR,15000.0,5,750.0,2565.0,16815.0,2023-11-20 02:44:57,2024-12-02 12:35:52
BOOK000486,CUST000158,HOT0044,ROOM000411,PROMO00160,2025-02-01,2025-04-02,2025-04-06,2,0,Mobile App,Completed,USD,60000.0,20,12000.0,8640.0,56640.0,2024-04-01 00:51:22,2024-11-07 20:58:45
BOOK000487,CUST001474,HOT0054,ROOM000016,PROMO00336,2026-07-06,2026-07-11,2026-07-16,4,0,Walk-In,Completed,USD,17500.0,15,2625.0,2677.5,17552.5,2022-11-26 03:32:46,2023-05-21 10:31:52
BOOK000488,CUST004542,HOT0192,ROOM000559,PROMO00284,2025-01-29,2025-02-10,2025-02-16,3,2,Travel Agent,Cancelled,AED,60000.0,20,12000.0,8640.0,56640.0,2021-06-20 18:26:47,2024-07-25 05:52:18
BOOK000489,CUST004418,HOT0034,ROOM000312,PROMO00449,2026-04-04,2026-05-12,2026-05-16,1,1,Mobile App,Confirmed,INR,60000.0,10,6000.0,9720.0,63720.0,2021-11-24 17:32:30,2022-12-08 14:25:28
BOOK000490,CUST000028,HOT0082,ROOM001317,PROMO00380,2025-03-08,2025-04-06,2025-04-09,1,0,Walk-In,Completed,EUR,10500.0,15,1575.0,1606.5,10531.5,2025-08-24 08:01:19,2026-06-23 21:51:35
BOOK000491,CUST003547,HOT0180,ROOM001289,PROMO00163,2024-08-03,2024-09-04,2024-09-07,3,0,Booking.com,Cancelled,USD,21000.0,0,0.0,3780.0,24780.0,2025-09-06 14:23:48,2026-03-22 12:02:03
BOOK000492,CUST004376,HOT0096,ROOM001621,PROMO00068,2025-10-29,2025-11-02,2025-11-04,2,1,Travel Agent,Confirmed,INR,14000.0,15,2100.0,2142.0,14042.0,2026-02-01 14:19:19,2026-07-01 19:45:07
BOOK000493,CUST000639,HOT0190,ROOM001807,PROMO00059,2026-05-12,2026-07-07,2026-07-09,3,1,Expedia,Completed,EUR,7000.0,10,700.0,1134.0,7434.0,2021-11-15 05:26:44,2022-10-05 09:52:28
BOOK000494,CUST001524,HOT0002,ROOM000111,PROMO00258,2026-05-31,2026-07-29,2026-07-30,3,0,Booking.com,No Show,EUR,10000.0,0,0.0,1800.0,11800.0,2023-06-23 02:44:54,2023-11-13 09:48:13
BOOK000495,CUST004029,HOT0175,ROOM001447,PROMO00014,2024-10-01,2024-10-24,2024-10-28,4,1,Mobile App,Completed,GBP,28000.0,0,0.0,5040.0,33040.0,2021-09-03 06:04:38,2022-05-15 00:23:33
BOOK000496,CUST001981,HOT0057,ROOM001271,PROMO00228,2024-10-13,2024-11-08,2024-11-09,3,2,Website,Completed,AED,5000.0,20,1000.0,720.0,4720.0,2024-08-01 04:32:07,2025-04-29 16:48:54
BOOK000497,CUST002288,HOT0143,ROOM000109,PROMO00439,2025-10-17,2025-11-24,2025-11-27,3,0,Booking.com,Completed,GBP,10500.0,10,1050.0,1701.0,11151.0,2021-04-08 08:27:20,2025-01-10 06:43:27
BOOK000498,CUST000591,HOT0247,ROOM001407,PROMO00143,2026-04-17,2026-05-12,2026-05-13,4,2,Walk-In,Completed,USD,15000.0,20,3000.0,2160.0,14160.0,2024-11-06 21:19:54,2026-04-29 16:40:46
BOOK000499,CUST002189,HOT0148,ROOM000385,PROMO00371,2026-06-13,2026-08-05,2026-08-06,4,2,Walk-In,Cancelled,GBP,5000.0,20,1000.0,720.0,4720.0,2026-02-07 18:54:23,2026-05-15 09:33:30
BOOK000500,CUST002049,HOT0193,ROOM000744,PROMO00348,2025-01-03,2025-02-15,2025-02-16,4,1,Walk-In,No Show,SGD,2500.0,10,250.0,405.0,2655.0,2020-05-01 06:46:39,2023-07-07 07:50:10
BOOK000501,CUST000463,HOT0138,ROOM000571,PROMO00104,2026-02-01,2026-02-07,2026-02-09,4,0,Expedia,Cancelled,USD,30000.0,15,4500.0,4590.0,30090.0,2024-03-08 15:38:25,2025-01-06 07:08:11
BOOK000502,CUST001898,HOT0129,ROOM001430,PROMO00026,2025-07-25,2025-09-20,2025-09-21,3,0,Website,Confirmed,SGD,3500.0,5,175.0,598.5,3923.5,2024-01-24 00:05:41,2024-11-28 08:25:11
BOOK000503,CUST002884,HOT0111,ROOM001261,PROMO00389,2025-12-12,2025-12-14,2025-12-20,3,2,Booking.com,Completed,EUR,15000.0,5,750.0,2565.0,16815.0,2023-05-14 17:33:19,2024-06-30 18:27:26
BOOK000504,CUST000202,HOT0059,ROOM001728,PROMO00151,2024-10-28,2024-11-14,2024-11-18,3,2,Mobile App,Confirmed,GBP,14000.0,0,0.0,2520.0,16520.0,2023-10-02 00:16:42,2025-07-06 18:27:33
BOOK000505,CUST001371,HOT0195,ROOM001469,PROMO00409,2025-02-23,2025-04-24,2025-04-26,2,1,Mobile App,Cancelled,USD,14000.0,5,700.0,2394.0,15694.0,2025-09-26 21:47:17,2026-05-31 09:14:40
BOOK000506,CUST000613,HOT0221,ROOM000088,PROMO00171,2024-10-01,2024-10-31,2024-11-02,2,2,Booking.com,Cancelled,GBP,10000.0,20,2000.0,1440.0,9440.0,2020-04-18 10:51:04,2023-02-08 09:33:58
BOOK000507,CUST003788,HOT0087,ROOM001508,PROMO00012,2026-05-31,2026-07-19,2026-07-26,4,0,Mobile App,Completed,GBP,17500.0,5,875.0,2992.5,19617.5,2020-01-16 03:02:16,2020-11-26 00:37:40
BOOK000508,CUST001793,HOT0002,ROOM001505,PROMO00440,2026-05-25,2026-07-15,2026-07-20,2,1,Walk-In,Completed,USD,25000.0,5,1250.0,4275.0,28025.0,2020-11-01 19:54:55,2022-03-27 00:39:21
BOOK000509,CUST002051,HOT0229,ROOM000686,PROMO00485,2025-04-08,2025-05-11,2025-05-13,1,2,Website,Completed,INR,20000.0,0,0.0,3600.0,23600.0,2023-03-21 15:19:39,2026-03-15 19:45:12
BOOK000510,CUST002662,HOT0243,ROOM000305,PROMO00307,2024-11-25,2024-12-27,2024-12-29,3,1,Website,No Show,EUR,20000.0,5,1000.0,3420.0,22420.0,2020-01-07 03:28:23,2022-07-15 23:46:25
BOOK000511,CUST001716,HOT0134,ROOM001883,PROMO00304,2025-07-27,2025-09-13,2025-09-20,1,2,Travel Agent,Completed,USD,49000.0,0,0.0,8820.0,57820.0,2026-07-26 09:56:54,2026-07-30 04:17:11
BOOK000512,CUST002068,HOT0140,ROOM001397,PROMO00383,2025-05-09,2025-06-16,2025-06-22,1,2,Booking.com,Completed,INR,60000.0,5,3000.0,10260.0,67260.0,2026-01-15 08:31:04,2026-04-26 20:32:57
BOOK000513,CUST000390,HOT0145,ROOM001378,PROMO00327,2026-07-26,2026-09-17,2026-09-23,1,2,Walk-In,Cancelled,AED,21000.0,0,0.0,3780.0,24780.0,2022-05-27 11:07:03,2023-02-07 14:09:29
BOOK000514,CUST002290,HOT0108,ROOM000495,PROMO00393,2025-01-08,2025-01-22,2025-01-23,2,2,Website,Completed,INR,10000.0,0,0.0,1800.0,11800.0,2024-11-23 01:15:33,2025-06-04 20:20:19
BOOK000515,CUST000805,HOT0125,ROOM001009,PROMO00227,2026-06-25,2026-08-24,2026-08-27,4,1,Website,Completed,GBP,30000.0,5,1500.0,5130.0,33630.0,2023-03-30 17:36:54,2026-01-03 04:13:59
BOOK000516,CUST000996,HOT0149,ROOM000263,PROMO00019,2024-12-21,2025-01-26,2025-02-01,3,1,Expedia,Cancelled,INR,21000.0,10,2100.0,3402.0,22302.0,2025-12-02 04:37:20,2026-05-03 17:45:13
BOOK000517,CUST003844,HOT0095,ROOM001342,PROMO00126,2024-08-07,2024-09-01,2024-09-03,1,2,Travel Agent,Completed,AED,10000.0,5,500.0,1710.0,11210.0,2020-06-21 19:01:11,2020-07-15 03:23:14
BOOK000518,CUST001783,HOT0166,ROOM001588,PROMO00219,2026-07-28,2026-08-14,2026-08-19,2,0,Expedia,Confirmed,INR,35000.0,10,3500.0,5670.0,37170.0,2022-01-19 18:29:27,2023-06-22 21:07:17
BOOK000519,CUST003902,HOT0238,ROOM000191,PROMO00126,2024-08-30,2024-09-01,2024-09-02,1,0,Mobile App,Completed,SGD,7000.0,20,1400.0,1008.0,6608.0,2021-01-17 09:07:10,2024-03-11 21:38:32
BOOK000520,CUST001069,HOT0118,ROOM000414,PROMO00334,2025-11-13,2025-12-10,2025-12-15,3,2,Booking.com,Confirmed,INR,17500.0,0,0.0,3150.0,20650.0,2026-03-31 02:50:55,2026-06-28 23:15:41
BOOK000521,CUST999999,HOT0227,ROOM001620,PROMO00069,2026-02-05,2026-02-25,2026-03-04,4,2,Booking.com,Cancelled,INR,35000.0,20,7000.0,5040.0,33040.0,2025-09-16 13:00:11,2025-12-09 14:29:18
BOOK000522,CUST003434,HOT0141,ROOM001825,PROMO00258,2026-05-05,2026-06-18,2026-06-21,3,2,Website,Cancelled,INR,30000.0,5,1500.0,5130.0,33630.0,2026-03-12 08:17:16,2026-06-28 12:19:55
BOOK000523,CUST002688,HOT0050,ROOM000033,PROMO00081,2024-12-01,2025-01-13,2025-01-19,2,1,Website,Completed,USD,42000.0,5,2100.0,7182.0,47082.0,2020-01-06 23:52:59,2020-11-24 04:18:54
BOOK000524,CUST003938,HOT0049,ROOM000440,PROMO00223,2025-10-01,2025-11-11,2025-11-13,3,0,Walk-In,Completed,EUR,10000.0,20,2000.0,1440.0,9440.0,2023-01-10 02:21:33,2026-04-29 03:40:10
BOOK000525,CUST003361,HOT0206,ROOM000577,PROMO00461,2026-07-29,2026-09-22,2026-09-29,3,1,Travel Agent,Completed,SGD,49000.0,5,2450.0,8379.0,54929.0,2022-04-14 20:49:06,2023-07-03 18:42:56
BOOK000526,CUST002905,HOT0096,ROOM000921,PROMO00403,2026-04-05,2026-04-24,2026-04-25,1,1,Travel Agent,Completed,SGD,15000.0,10,1500.0,2430.0,15930.0,2022-10-29 19:23:30,2024-04-18 17:24:04
BOOK000527,CUST004481,HOT0100,ROOM001587,PROMO00156,2025-02-23,2025-03-11,2025-03-17,3,0,Website,Completed,AED,60000.0,15,9000.0,9180.0,60180.0,2025-08-16 15:12:02,2026-03-03 12:24:48
BOOK000528,CUST000794,HOT0113,ROOM000721,PROMO00381,2025-04-04,2025-04-20,2025-04-24,1,1,Expedia,Cancelled,USD,20000.0,10,2000.0,3240.0,21240.0,2025-11-30 02:55:42,2026-01-07 16:17:40
BOOK000529,CUST001126,HOT0109,ROOM000472,PROMO00439,2024-08-09,2024-10-06,2024-10-10,2,0,Booking.com,Completed,AED,60000.0,0,0.0,10800.0,70800.0,2023-04-13 04:34:57,2025-03-26 00:26:21
BOOK000530,CUST002995,HOT0147,ROOM001169,PROMO00493,2024-11-01,2024-12-15,2024-12-21,4,1,Booking.com,Completed,AED,30000.0,5,1500.0,5130.0,33630.0,2022-05-12 21:54:06,2022-07-30 05:04:53
BOOK000531,CUST003705,HOT0023,ROOM000469,PROMO00341,2025-01-26,2025-02-27,2025-03-03,1,1,Travel Agent,Confirmed,EUR,14000.0,15,2100.0,2142.0,14042.0,2023-10-14 15:50:40,2024-01-31 23:58:33
BOOK000532,CUST003303,HOT0016,ROOM000764,PROMO00105,2024-12-23,2024-12-25,2024-12-27,1,0,Website,Completed,SGD,10000.0,20,2000.0,1440.0,9440.0,2022-09-22 21:16:11,2025-02-06 20:26:41
BOOK000533,CUST003782,HOT0123,ROOM001601,PROMO00189,2025-02-26,2025-04-02,2025-04-06,4,0,Website,Cancelled,AED,20000.0,5,1000.0,3420.0,22420.0,2026-07-27 20:11:20,2026-07-29 23:07:14
BOOK000534,CUST002929,HOT0111,ROOM001261,PROMO00199,2024-09-14,2024-11-12,2024-11-14,3,1,Booking.com,Completed,USD,5000.0,0,0.0,900.0,5900.0,2022-09-03 17:43:31,2023-05-08 16:51:10
BOOK000535,CUST000154,HOT0057,ROOM001909,PROMO00433,2025-06-05,2025-06-13,2025-06-14,2,2,Walk-In,Completed,INR,2500.0,20,500.0,360.0,2360.0,2024-08-14 23:09:22,2025-10-14 11:00:49
BOOK000536,CUST004644,HOT0165,ROOM000434,PROMO00018,2024-09-06,2024-10-24,2024-10-26,4,1,Expedia,Completed,USD,10000.0,15,1500.0,1530.0,10030.0,2024-03-02 00:10:06,2025-03-18 06:49:59
BOOK000537,CUST003099,HOT0062,ROOM000330,PROMO00023,2025-08-29,2025-10-09,2025-10-14,3,1,Mobile App,Completed,GBP,50000.0,0,0.0,9000.0,59000.0,2020-06-06 22:53:47,2021-03-22 21:09:27
BOOK000538,CUST003130,HOT0065,ROOM001776,PROMO00324,2025-10-22,2025-11-09,2025-11-14,4,1,Travel Agent,Completed,USD,12500.0,15,1875.0,1912.5,12537.5,2022-09-07 23:42:54,2025-07-27 06:54:52
BOOK000539,CUST000224,HOT0106,ROOM001493,PROMO00032,2025-05-18,2025-06-25,2025-06-30,1,0,Travel Agent,Completed,USD,12500.0,5,625.0,2137.5,14012.5,2021-01-20 10:40:28,2022-04-06 02:57:08
BOOK000540,CUST003721,HOT0165,ROOM001638,PROMO00433,2024-12-24,2024-12-31,2025-01-02,3,1,Website,Confirmed,USD,14000.0,20,2800.0,2016.0,13216.0,2022-11-15 00:52:22,2023-04-13 16:45:56
BOOK000541,CUST002903,HOT0091,ROOM001927,PROMO00346,2025-10-30,2025-11-08,2025-11-12,2,2,Mobile App,Completed,INR,20000.0,5,1000.0,3420.0,22420.0,2021-09-01 11:23:09,2021-12-20 02:16:31
BOOK000542,CUST004623,HOT0119,ROOM000078,PROMO00485,2026-05-03,2026-05-30,2026-06-05,3,0,Walk-In,Completed,AED,15000.0,10,1500.0,2430.0,15930.0,2022-04-24 09:57:53,2022-06-02 08:46:03
BOOK000543,CUST003688,HOT0086,ROOM001570,PROMO00435,2025-04-10,2025-04-28,2025-05-01,2,1,Walk-In,Confirmed,INR,45000.0,10,4500.0,7290.0,47790.0,2026-07-07 14:57:02,2026-07-12 05:57:13
BOOK000544,CUST002053,HOT0186,ROOM001774,PROMO00089,2025-07-10,2025-09-08,2025-09-13,4,1,Website,Completed,AED,17500.0,10,1750.0,2835.0,18585.0,2025-10-26 07:19:40,2026-03-22 10:03:42
BOOK000545,CUST003762,HOT0186,ROOM000244,PROMO00349,2024-11-24,2024-11-27,2024-11-30,3,1,Mobile App,No Show,EUR,30000.0,10,3000.0,4860.0,31860.0,2024-12-21 11:23:46,2026-04-08 11:18:48
BOOK000546,CUST002362,HOT0021,ROOM001795,PROMO00281,2024-09-28,2024-10-28,2024-11-04,2,2,Travel Agent,Completed,USD,70000.0,10,7000.0,11340.0,74340.0,2025-09-26 16:08:52,2025-10-20 13:46:26
BOOK000547,CUST004709,HOT0181,ROOM000700,PROMO00151,2024-10-31,2024-12-30,2025-01-03,4,1,Travel Agent,Completed,USD,20000.0,15,3000.0,3060.0,20060.0,2026-07-17 22:30:20,2026-07-18 14:32:48
BOOK000548,CUST000708,HOT0091,ROOM000570,PROMO00043,2025-11-26,2025-12-12,2025-12-13,3,0,Expedia,Completed,SGD,3500.0,15,525.0,535.5,3510.5,2022-05-24 14:17:23,2022-08-24 06:30:05
BOOK000549,CUST000909,HOT0250,ROOM000556,PROMO00164,2026-03-12,2026-03-14,2026-03-18,2,0,Mobile App,Completed,EUR,28000.0,5,1400.0,4788.0,31388.0,2024-06-11 11:26:23,2025-06-20 23:21:05
BOOK000550,CUST002254,HOT0190,ROOM001008,PROMO00422,2024-11-24,2024-12-15,2024-12-19,3,0,Expedia,Completed,SGD,10000.0,5,500.0,1710.0,11210.0,2020-02-28 03:59:40,2020-05-11 15:14:32
BOOK000551,CUST000679,HOT0239,ROOM001124,PROMO00370,2025-07-07,2025-08-13,2025-08-18,4,1,Booking.com,Confirmed,EUR,17500.0,5,875.0,2992.5,19617.5,2024-05-18 17:41:28,2025-04-09 15:17:49
BOOK000552,CUST001454,HOT0249,ROOM001574,PROMO00011,2025-10-11,2025-10-19,2025-10-22,4,2,Booking.com,Cancelled,EUR,45000.0,10,4500.0,7290.0,47790.0,2023-11-17 20:40:15,2024-08-15 11:44:48
BOOK000553,CUST001354,HOT0133,ROOM001851,PROMO00335,2026-05-09,2026-06-13,2026-06-16,1,0,Booking.com,Confirmed,INR,45000.0,5,2250.0,7695.0,50445.0,2021-12-11 14:00:16,2025-02-22 12:58:26
BOOK000554,CUST001254,HOT0237,ROOM001402,PROMO00156,2024-11-23,2025-01-19,2025-01-21,3,0,Walk-In,Completed,INR,10000.0,0,0.0,1800.0,11800.0,2021-08-27 04:36:45,2022-11-13 11:09:34
BOOK000555,CUST003044,HOT0246,ROOM000524,PROMO00236,2025-01-05,2025-02-04,2025-02-06,3,2,Travel Agent,Completed,SGD,5000.0,5,250.0,855.0,5605.0,2023-11-05 03:02:25,2024-03-05 09:19:39
BOOK000556,CUST004258,HOT0078,ROOM001633,PROMO00205,2024-11-28,2025-01-26,2025-01-30,4,2,Website,Completed,EUR,60000.0,10,6000.0,9720.0,63720.0,2023-04-25 05:47:40,2026-02-22 02:26:06
BOOK000557,CUST001335,HOT0217,ROOM000645,PROMO00322,2026-02-18,2026-02-28,2026-03-06,3,1,Walk-In,No Show,GBP,15000.0,15,2250.0,2295.0,15045.0,2026-03-18 04:30:09,2026-06-20 10:35:38
BOOK000558,CUST001504,HOT0208,ROOM001054,PROMO00409,2026-01-31,2026-03-09,2026-03-16,1,0,Walk-In,No Show,USD,105000.0,20,21000.0,15120.0,99120.0,2025-07-16 17:53:52,2026-01-30 14:31:29
BOOK000559,CUST002600,HOT0212,ROOM000130,PROMO00200,2025-05-11,2025-06-02,2025-06-03,2,2,Expedia,Completed,SGD,5000.0,5,250.0,855.0,5605.0,2026-06-23 22:37:24,2026-07-25 19:19:18
BOOK000560,CUST004655,HOT0047,ROOM001803,PROMO00183,2024-08-29,2024-09-21,2024-09-24,4,1,Travel Agent,Completed,INR,7500.0,15,1125.0,1147.5,7522.5,2026-06-10 14:23:28,2026-07-07 07:14:15
BOOK000561,CUST002166,HOT0125,ROOM001009,PROMO00171,2024-11-04,2025-01-01,2025-01-02,2,0,Walk-In,Completed,GBP,10000.0,15,1500.0,1530.0,10030.0,2021-01-25 09:32:43,2024-05-06 05:34:58
BOOK000562,CUST000900,HOT0195,ROOM001917,PROMO00366,2026-05-22,2026-06-30,2026-07-04,2,2,Mobile App,Completed,INR,40000.0,10,4000.0,6480.0,42480.0,2024-11-25 19:27:58,2025-02-17 23:25:22
BOOK000563,CUST002894,HOT0145,ROOM001378,PROMO00418,2025-02-04,2025-02-28,2025-03-02,1,0,Website,Cancelled,EUR,7000.0,0,0.0,1260.0,8260.0,2021-12-28 12:25:56,2026-04-03 22:56:01
BOOK000564,CUST000604,HOT0178,ROOM000563,PROMO00084,2026-02-03,2026-03-20,2026-03-23,3,0,Booking.com,Completed,AED,7500.0,5,375.0,1282.5,8407.5,2020-06-07 21:43:02,2023-05-23 13:58:16
BOOK000565,CUST003841,HOT0051,ROOM001279,PROMO00440,2024-12-23,2025-02-02,2025-02-05,1,1,Website,Completed,INR,10500.0,15,1575.0,1606.5,10531.5,2024-12-14 04:28:23,2024-12-25 01:16:27
BOOK000566,CUST001665,HOT0152,ROOM000398,PROMO00058,2024-08-01,2024-09-05,2024-09-08,1,1,Website,Completed,,45000.0,0,0.0,8100.0,53100.0,2026-06-06 03:02:29,2026-06-09 17:21:37
BOOK000567,CUST002709,HOT0130,ROOM001443,PROMO00469,2026-05-14,2026-07-13,2026-07-15,4,1,Website,Cancelled,SGD,10000.0,10,1000.0,1620.0,10620.0,2020-02-09 15:21:17,2022-03-13 13:53:39
BOOK000568,CUST004803,HOT0046,ROOM001412,PROMO00456,2025-10-21,2025-12-11,2025-12-15,3,2,Website,Confirmed,USD,40000.0,10,4000.0,6480.0,42480.0,2022-06-01 07:10:48,2026-03-19 09:05:49
BOOK000569,CUST000487,HOT0114,ROOM001122,PROMO00221,2026-05-14,2026-06-05,2026-06-09,1,2,Travel Agent,Completed,INR,20000.0,0,0.0,3600.0,23600.0,2023-07-18 09:23:21,2023-09-01 14:03:26
BOOK000570,CUST002052,HOT0085,ROOM001130,PROMO00364,2026-01-22,2026-03-21,2026-03-25,1,0,Website,Completed,SGD,40000.0,20,8000.0,5760.0,37760.0,2024-12-19 18:16:56,2025-06-11 19:56:22
BOOK000571,CUST003452,HOT0120,ROOM001388,PROMO00455,2025-08-17,2025-09-08,2025-09-14,1,0,Website,Cancelled,EUR,30000.0,5,1500.0,5130.0,33630.0,2021-06-18 10:35:15,2026-04-15 12:23:59
BOOK000572,CUST001355,HOT0151,ROOM001947,PROMO00335,2026-06-11,2026-06-29,2026-07-04,4,2,Booking.com,Cancelled,EUR,12500.0,10,1250.0,2025.0,13275.0,2022-09-18 23:50:12,2023-06-22 18:23:45
BOOK000573,CUST002172,HOT0249,ROOM001574,PROMO00261,2026-06-17,2026-08-14,2026-08-21,1,2,Booking.com,Confirmed,USD,105000.0,20,21000.0,15120.0,99120.0,2025-04-01 21:14:48,2026-04-30 15:07:48
BOOK000574,CUST000060,HOT0145,ROOM000788,PROMO00238,2026-03-18,2026-04-24,2026-04-25,3,2,Walk-In,Completed,USD,2500.0,10,250.0,405.0,2655.0,2022-04-14 14:38:42,2025-07-27 06:34:20
BOOK000575,CUST000153,HOT0208,ROOM001053,PROMO00298,2024-08-18,2024-09-17,2024-09-23,4,0,Mobile App,Completed,GBP,60000.0,20,12000.0,8640.0,56640.0,2024-10-18 01:10:16,2024-10-22 14:26:50
BOOK000576,CUST002593,HOT0124,ROOM001012,PROMO00069,2025-08-11,2025-10-09,2025-10-15,1,1,Mobile App,Completed,EUR,42000.0,20,8400.0,6048.0,39648.0,2023-04-18 18:36:31,2025-05-31 22:09:09
BOOK000577,CUST004966,HOT0248,ROOM001673,PROMO00405,2025-06-01,2025-07-14,2025-07-15,2,1,Booking.com,Confirmed,INR,3500.0,0,0.0,630.0,4130.0,2026-07-29 13:37:36,2026-07-30 00:02:00
BOOK000578,CUST003796,HOT0167,ROOM000739,PROMO00218,2025-05-24,2025-06-08,2025-06-09,4,0,Mobile App,Cancelled,GBP,5000.0,10,500.0,810.0,5310.0,2025-11-16 04:52:26,2025-12-16 00:49:46
BOOK000579,CUST000497,HOT0181,ROOM001789,PROMO00021,2026-04-25,2026-05-08,2026-05-13,4,1,Website,Completed,USD,17500.0,10,1750.0,2835.0,18585.0,2023-02-10 13:29:58,2025-03-12 02:04:25
BOOK000580,CUST001533,HOT0031,ROOM000540,PROMO00013,2025-07-03,2025-07-26,2025-08-01,2,2,Expedia,Confirmed,AED,21000.0,5,1050.0,3591.0,23541.0,2021-02-22 22:09:51,2023-12-18 18:18:43
BOOK000581,CUST003957,HOT0143,ROOM000845,PROMO00167,2026-01-07,2026-01-23,2026-01-25,4,0,Expedia,Completed,AED,7000.0,15,1050.0,1071.0,7021.0,2025-08-13 10:09:01,2025-10-06 19:01:25
BOOK000582,CUST003846,HOT0235,ROOM000251,PROMO00404,2025-04-13,2025-06-05,2025-06-09,4,0,Walk-In,Cancelled,INR,14000.0,0,0.0,2520.0,16520.0,2024-10-08 03:12:27,2026-07-08 12:12:19
BOOK000583,CUST001792,HOT0089,ROOM000784,PROMO00156,2026-06-09,2026-07-27,2026-08-03,1,2,Website,Completed,SGD,24500.0,5,1225.0,4189.5,27464.5,2021-04-06 17:16:33,2025-05-26 21:40:53
BOOK000584,CUST002935,HOT0050,ROOM001183,PROMO00092,2026-06-06,2026-07-22,2026-07-29,2,0,Expedia,Completed,EUR,17500.0,10,1750.0,2835.0,18585.0,2021-01-28 09:28:09,2025-11-22 07:07:31
BOOK000585,CUST004836,HOT0036,ROOM001858,PROMO00245,2026-01-16,2026-02-22,2026-02-25,3,0,Walk-In,Completed,USD,30000.0,0,0.0,5400.0,35400.0,2020-05-10 12:15:48,2021-01-12 08:19:58
BOOK000586,CUST000846,HOT0091,ROOM000760,PROMO00454,2025-01-07,2025-01-10,2025-01-14,2,2,Mobile App,Completed,EUR,10000.0,20,2000.0,1440.0,9440.0,2023-10-19 13:55:56,2025-03-29 05:41:43
BOOK000587,CUST003728,HOT0223,ROOM001533,PROMO00427,2025-01-14,2025-03-08,2025-03-10,1,1,Mobile App,Completed,GBP,30000.0,5,1500.0,5130.0,33630.0,2021-02-09 00:30:47,2022-05-13 12:44:58
BOOK000588,CUST001432,HOT0133,ROOM001939,PROMO00069,2025-11-22,2025-12-17,2025-12-23,3,0,Expedia,Completed,AED,60000.0,20,12000.0,8640.0,56640.0,2021-04-27 11:32:39,2026-03-22 07:33:09
BOOK000589,CUST001615,HOT0208,ROOM000084,PROMO00267,2025-12-07,2026-02-01,2026-02-05,3,2,Booking.com,Confirmed,USD,20000.0,15,3000.0,3060.0,20060.0,2021-09-29 10:34:26,2022-10-26 03:04:16
BOOK000590,CUST002313,HOT0128,ROOM000943,PROMO00156,2025-01-08,2025-02-16,2025-02-21,2,2,Expedia,Completed,AED,50000.0,10,5000.0,8100.0,53100.0,2023-11-23 21:39:22,2024-01-16 21:34:19
BOOK000591,CUST002099,HOT0176,ROOM000215,PROMO00248,2024-10-12,2024-12-10,2024-12-14,1,0,Expedia,Confirmed,GBP,40000.0,10,4000.0,6480.0,42480.0,2024-02-21 16:43:32,2024-09-19 19:38:19
BOOK000592,CUST000862,HOT0248,ROOM001234,PROMO00217,2026-03-01,2026-04-23,2026-04-28,3,2,Travel Agent,Completed,USD,75000.0,0,0.0,13500.0,88500.0,2024-10-13 21:11:40,2024-12-09 10:49:06
BOOK000593,CUST000473,HOT0171,ROOM000374,PROMO00240,2025-12-06,2025-12-18,2025-12-24,4,1,Mobile App,Completed,SGD,60000.0,15,9000.0,9180.0,60180.0,2025-03-13 10:10:28,2025-11-09 15:02:56
BOOK000594,CUST003738,HOT0126,ROOM000932,PROMO00471,2024-10-22,2024-11-29,2024-12-06,4,2,Booking.com,Confirmed,INR,105000.0,0,0.0,18900.0,123900.0,2026-01-27 06:38:16,2026-07-15 01:59:55
BOOK000595,CUST002616,HOT0136,ROOM001746,PROMO00207,2024-09-14,2024-09-17,2024-09-23,4,2,Booking.com,Completed,EUR,30000.0,15,4500.0,4590.0,30090.0,2024-02-08 13:18:44,2026-02-18 12:10:48
BOOK000596,CUST004260,HOT0111,ROOM000444,PROMO00059,2026-02-03,2026-03-29,2026-04-04,4,2,Travel Agent,Cancelled,INR,60000.0,5,3000.0,10260.0,67260.0,2025-11-09 10:40:42,2026-04-21 02:56:48
BOOK000597,CUST004452,HOT0075,ROOM001318,PROMO00280,2024-10-16,2024-11-26,2024-12-01,4,2,Mobile App,Completed,SGD,35000.0,0,0.0,6300.0,41300.0,2026-03-06 08:48:03,2026-05-09 18:56:33
BOOK000598,CUST000066,HOT0080,ROOM001710,PROMO00141,2025-11-02,2025-11-19,2025-11-22,4,0,Expedia,No Show,USD,45000.0,15,6750.0,6885.0,45135.0,2022-06-26 13:25:31,2026-02-26 02:48:42
BOOK000599,CUST002550,HOT0066,ROOM001808,PROMO00414,2025-04-03,2025-05-28,2025-05-29,1,1,Mobile App,Completed,INR,15000.0,15,2250.0,2295.0,15045.0,2021-09-14 07:03:39,2021-12-14 16:55:19
BOOK000600,CUST000889,HOT0105,ROOM001349,PROMO00272,2025-06-22,2025-08-20,2025-08-25,2,2,Expedia,No Show,SGD,35000.0,20,7000.0,5040.0,33040.0,2020-09-21 23:23:42,2022-04-04 05:12:32
BOOK000601,CUST001767,HOT0124,ROOM000704,PROMO00207,2025-05-15,2025-06-25,2025-07-01,3,2,Walk-In,Confirmed,GBP,15000.0,0,0.0,2700.0,17700.0,2025-01-13 01:32:16,2026-01-28 06:06:46
BOOK000602,CUST001169,HOT0239,ROOM001556,PROMO00487,2025-12-29,2026-01-28,2026-02-03,2,2,Website,Completed,SGD,90000.0,15,13500.0,13770.0,90270.0,2022-07-08 23:29:21,2022-11-27 23:23:46
BOOK000603,CUST003606,HOT0212,ROOM000479,PROMO00375,2025-06-07,2025-06-22,2025-06-27,4,2,Booking.com,Completed,AED,75000.0,0,0.0,13500.0,88500.0,2025-05-29 06:15:51,2025-09-02 00:09:32
BOOK000604,CUST001679,HOT0034,ROOM001172,PROMO00094,2025-09-29,2025-11-01,2025-11-06,1,1,Expedia,Confirmed,USD,12500.0,0,0.0,2250.0,14750.0,2024-07-17 02:32:42,2026-07-22 03:03:36
BOOK000605,CUST002857,HOT0087,ROOM001619,PROMO00236,2026-03-05,2026-04-22,2026-04-29,3,0,Booking.com,Completed,GBP,35000.0,5,1750.0,5985.0,39235.0,2021-01-31 20:35:48,2022-11-13 17:02:43
BOOK000606,CUST000144,HOT0021,ROOM001036,PROMO00467,2025-05-22,2025-07-03,2025-07-06,4,0,Mobile App,Completed,GBP,10500.0,15,1575.0,1606.5,10531.5,2021-07-25 19:12:17,2022-08-05 15:16:28
BOOK000607,CUST004997,HOT0027,ROOM000077,PROMO00030,2025-11-11,2025-12-16,2025-12-19,3,0,Website,No Show,EUR,7500.0,15,1125.0,1147.5,7522.5,2026-01-20 23:09:34,2026-05-26 22:30:42
BOOK000608,CUST003077,HOT0166,ROOM000327,PROMO00391,2024-09-18,2024-09-27,2024-10-02,1,2,Booking.com,Completed,SGD,25000.0,5,1250.0,4275.0,28025.0,2024-12-14 10:55:03,2025-01-06 04:08:57
BOOK000609,CUST003578,HOT0026,ROOM000148,PROMO00391,2025-08-28,2025-10-11,2025-10-15,4,0,Booking.com,Completed,SGD,28000.0,5,1400.0,4788.0,31388.0,2021-01-20 13:48:40,2023-05-06 04:13:54
BOOK000610,CUST001765,HOT0159,ROOM001523,PROMO00500,2024-12-14,2024-12-26,2024-12-31,1,0,Walk-In,Completed,EUR,25000.0,10,2500.0,4050.0,26550.0,2020-05-14 05:27:20,2025-08-17 11:11:00
BOOK000611,CUST001728,HOT0247,ROOM001538,PROMO00214,2025-08-02,2025-09-21,2025-09-23,4,0,Walk-In,Confirmed,USD,20000.0,10,2000.0,3240.0,21240.0,2023-03-16 13:53:00,2026-04-24 15:00:40
BOOK000612,CUST003413,HOT0196,ROOM001586,PROMO00296,2025-05-28,2025-07-18,2025-07-21,3,1,Travel Agent,Completed,GBP,45000.0,0,0.0,8100.0,53100.0,2024-01-16 05:34:35,2025-12-24 12:44:05
BOOK000613,CUST002517,HOT0112,ROOM001564,PROMO00346,2026-03-09,2026-04-29,2026-05-04,3,2,Walk-In,Confirmed,USD,17500.0,0,0.0,3150.0,20650.0,2021-04-17 03:08:17,2025-12-13 00:56:37
BOOK000614,CUST004892,HOT0219,ROOM000680,PROMO00325,2026-07-22,2026-08-04,2026-08-07,3,2,Mobile App,Completed,SGD,10500.0,10,1050.0,1701.0,11151.0,2021-08-08 19:01:44,2023-11-15 03:28:24
BOOK000615,CUST001839,HOT0206,ROOM000147,PROMO00212,2025-03-17,2025-03-24,2025-03-28,2,1,Booking.com,Confirmed,INR,60000.0,20,12000.0,8640.0,56640.0,2022-09-29 02:52:08,2023-09-29 23:26:51
BOOK000616,CUST002639,HOT0160,ROOM001755,PROMO00428,2026-02-07,2026-04-05,2026-04-12,2,1,Website,Completed,INR,17500.0,20,3500.0,2520.0,16520.0,2025-02-13 13:28:31,2025-10-03 04:40:07
BOOK000617,CUST002938,HOT0020,ROOM000867,PROMO00295,2025-04-02,2025-04-15,2025-04-22,1,0,Expedia,Completed,USD,105000.0,10,10500.0,17010.0,111510.0,2025-11-18 02:25:34,2026-03-14 08:51:22
BOOK000618,CUST000389,HOT0160,ROOM000331,PROMO00439,2024-11-26,2025-01-25,2025-01-29,3,0,Expedia,Completed,AED,10000.0,15,1500.0,1530.0,10030.0,2025-12-28 04:37:36,2026-07-25 11:44:38
BOOK000619,CUST003259,HOT0235,ROOM001759,PROMO00062,2025-03-17,2025-04-11,2025-04-12,4,2,Expedia,Completed,EUR,2500.0,20,500.0,360.0,2360.0,2025-05-16 07:48:07,2026-01-10 13:49:14
BOOK000620,CUST002541,HOT0123,ROOM000290,PROMO00435,2024-10-14,2024-12-05,2024-12-07,3,2,Expedia,Confirmed,INR,7000.0,0,0.0,1260.0,8260.0,2025-06-09 03:37:24,2026-07-29 08:46:50
BOOK000621,CUST003498,HOT0066,ROOM000688,PROMO00073,2025-11-07,2025-12-11,2025-12-18,1,0,Booking.com,Completed,GBP,70000.0,15,10500.0,10710.0,70210.0,2024-08-08 20:56:14,2025-02-03 16:18:08
BOOK000622,CUST002603,HOT0035,ROOM000756,PROMO00130,2026-06-17,2026-08-12,2026-08-17,1,0,Booking.com,Completed,USD,75000.0,10,7500.0,12150.0,79650.0,2021-05-18 15:23:56,2024-01-28 18:27:12
BOOK000623,CUST000966,HOT0024,ROOM001472,PROMO00413,2025-05-24,2025-06-19,2025-06-23,1,0,Booking.com,Completed,INR,28000.0,20,5600.0,4032.0,26432.0,2021-08-29 03:56:34,2025-07-06 01:16:34
BOOK000624,CUST003583,HOT0195,ROOM000720,PROMO00039,2024-12-07,2024-12-13,2024-12-14,4,2,Booking.com,Completed,EUR,15000.0,20,3000.0,2160.0,14160.0,2026-04-15 09:30:28,2026-04-25 09:14:29
BOOK000625,CUST001677,HOT0138,ROOM001867,PROMO00475,2026-06-07,2026-06-19,2026-06-21,1,0,Walk-In,Completed,AED,5000.0,5,250.0,855.0,5605.0,2024-04-28 16:32:43,2026-06-13 04:22:31
BOOK000626,CUST003172,HOT0219,ROOM000249,PROMO00145,2026-03-08,2026-04-24,2026-04-29,4,2,Mobile App,Cancelled,AED,12500.0,5,625.0,2137.5,14012.5,2020-05-11 11:04:07,2024-03-11 20:44:55
BOOK000627,CUST001313,HOT0107,ROOM001306,PROMO00196,2024-11-28,2024-12-15,2024-12-22,2,1,Website,Completed,SGD,17500.0,5,875.0,2992.5,19617.5,2022-01-04 06:09:59,2023-07-23 18:20:52
BOOK000628,CUST004088,HOT0234,ROOM000402,PROMO00482,2025-03-19,2025-03-22,2025-03-27,2,1,Mobile App,Completed,EUR,75000.0,10,7500.0,12150.0,79650.0,2022-05-07 22:47:13,2022-07-23 11:49:58
BOOK000629,CUST004170,HOT0118,ROOM000350,PROMO00235,2025-09-01,2025-10-31,2025-11-04,3,0,Walk-In,Completed,SGD,10000.0,0,0.0,1800.0,11800.0,2024-12-31 23:18:24,2025-06-18 14:11:32
BOOK000630,CUST001685,HOT0070,ROOM000986,PROMO00212,2026-06-05,2026-07-17,2026-07-19,4,1,Website,Completed,INR,20000.0,5,1000.0,3420.0,22420.0,2021-01-14 10:54:59,2026-02-11 14:52:22
BOOK000631,CUST001067,HOT0001,ROOM000220,PROMO00473,2025-07-28,2025-08-10,2025-08-15,3,1,Mobile App,Completed,INR,17500.0,15,2625.0,2677.5,17552.5,2024-12-07 21:54:44,2025-10-05 08:32:44
BOOK000632,CUST003323,HOT0232,ROOM000868,PROMO00101,2024-08-23,2024-10-01,2024-10-03,2,0,Website,Cancelled,GBP,14000.0,5,700.0,2394.0,15694.0,2025-03-16 01:23:53,2026-06-19 12:26:54
BOOK000633,CUST002832,HOT0131,ROOM000141,PROMO00490,2026-04-26,2026-06-24,2026-06-25,3,1,Walk-In,Completed,AED,2500.0,5,125.0,427.5,2802.5,2021-10-30 19:00:29,2024-12-19 13:05:05
BOOK000634,CUST000422,HOT0021,ROOM001795,PROMO00326,2025-05-09,2025-06-03,2025-06-05,3,0,Booking.com,Confirmed,SGD,20000.0,15,3000.0,3060.0,20060.0,2022-12-07 16:52:28,2025-07-23 20:16:06
BOOK000635,CUST000859,HOT0053,ROOM000387,PROMO00135,2024-11-12,2024-12-02,2024-12-04,1,0,Travel Agent,No Show,GBP,5000.0,20,1000.0,720.0,4720.0,2024-08-07 21:07:22,2026-06-27 00:42:59
BOOK000636,CUST002678,HOT0064,ROOM001134,PROMO00051,2025-01-20,2025-01-31,2025-02-06,1,1,Expedia,Completed,SGD,30000.0,0,0.0,5400.0,35400.0,2023-12-23 22:54:54,2024-05-29 04:02:07
BOOK000637,CUST003710,HOT0146,ROOM001159,PROMO00442,2026-06-26,2026-08-19,2026-08-25,3,0,Travel Agent,Completed,EUR,21000.0,0,0.0,3780.0,24780.0,2021-01-10 01:29:53,2022-05-14 03:33:02
BOOK000638,CUST004096,HOT0207,ROOM000367,PROMO00010,2024-09-15,2024-10-15,2024-10-17,4,0,Walk-In,Completed,AED,20000.0,20,4000.0,2880.0,18880.0,2024-10-28 19:38:24,2025-09-10 21:05:58
BOOK000639,CUST000231,HOT0118,ROOM001977,PROMO00349,2026-04-01,2026-04-04,2026-04-08,3,0,Expedia,Completed,GBP,28000.0,0,0.0,5040.0,33040.0,2020-03-19 03:31:33,2021-10-27 05:20:25
BOOK000640,CUST001786,HOT0121,ROOM000281,PROMO00362,2026-06-27,2026-07-17,2026-07-22,3,2,Website,Confirmed,EUR,17500.0,5,875.0,2992.5,19617.5,2021-08-10 21:12:50,2025-12-24 06:36:30
BOOK000641,CUST003657,HOT0182,ROOM000075,PROMO00228,2024-08-05,2024-09-18,2024-09-24,4,2,Booking.com,Completed,INR,21000.0,20,4200.0,3024.0,19824.0,2025-01-03 13:41:14,2025-06-10 09:23:24
BOOK000642,CUST004903,HOT0143,ROOM000070,PROMO00137,2024-10-16,2024-11-02,2024-11-06,3,2,Walk-In,Completed,GBP,14000.0,0,0.0,2520.0,16520.0,2026-04-02 14:51:17,2026-07-07 01:10:30
BOOK000643,CUST004119,HOT0247,ROOM001667,PROMO00291,2024-08-04,2024-09-24,2024-09-27,1,2,Booking.com,Completed,SGD,10500.0,5,525.0,1795.5,11770.5,2025-10-23 01:05:03,2026-07-15 12:55:33
BOOK000644,CUST004089,HOT0143,ROOM000384,PROMO00275,2025-09-15,2025-10-17,2025-10-19,4,1,Expedia,Completed,EUR,30000.0,5,1500.0,5130.0,33630.0,2020-05-25 16:22:48,2024-03-23 05:12:16
BOOK000645,CUST002652,HOT0179,ROOM001733,PROMO00155,2024-09-29,2024-10-18,2024-10-25,1,0,Expedia,Completed,INR,70000.0,10,7000.0,11340.0,74340.0,2023-04-21 23:46:10,2023-12-07 00:55:42
BOOK000646,CUST000253,HOT0143,ROOM001433,PROMO00220,2025-01-27,2025-03-27,2025-04-01,1,2,Expedia,Cancelled,AED,35000.0,5,1750.0,5985.0,39235.0,2022-07-20 15:50:33,2024-03-21 07:35:16
BOOK000647,CUST001209,HOT0179,ROOM000021,PROMO00356,2025-06-21,2025-06-30,2025-07-07,3,0,Mobile App,Cancelled,SGD,105000.0,20,21000.0,15120.0,99120.0,2025-07-02 06:04:54,2025-09-28 21:56:52
BOOK000648,CUST000712,HOT0184,ROOM001062,PROMO00336,2025-08-31,2025-09-08,2025-09-12,4,0,Booking.com,Completed,EUR,60000.0,20,12000.0,8640.0,56640.0,2021-05-19 11:39:54,2024-08-05 19:40:11
BOOK000649,CUST003348,HOT0065,ROOM001312,PROMO00134,2024-08-29,2024-09-21,2024-09-25,4,2,Walk-In,Confirmed,SGD,10000.0,20,2000.0,1440.0,9440.0,2025-01-12 18:10:36,2025-10-04 03:38:36
BOOK000650,CUST000533,HOT0225,ROOM001419,PROMO00014,2025-04-20,2025-05-05,2025-05-09,2,0,Walk-In,Cancelled,USD,60000.0,5,3000.0,10260.0,67260.0,2023-05-19 22:37:59,2024-01-31 07:49:32
BOOK000651,CUST003364,HOT0190,ROOM001008,PROMO00465,2025-08-13,2025-08-23,2025-08-30,4,2,Mobile App,Confirmed,INR,17500.0,5,875.0,2992.5,19617.5,2026-03-18 05:13:58,2026-07-10 05:04:10
BOOK000652,CUST003249,HOT0084,ROOM000110,PROMO00363,2024-08-26,2024-10-04,2024-10-06,3,1,Mobile App,Confirmed,AED,7000.0,10,700.0,1134.0,7434.0,2021-11-12 20:56:39,2022-03-06 07:58:54
BOOK000653,CUST002121,HOT0042,ROOM001809,PROMO00395,2025-10-17,2025-11-07,2025-11-08,3,2,Mobile App,Cancelled,AED,5000.0,0,0.0,900.0,5900.0,2020-05-23 22:41:06,2024-04-03 01:30:33
BOOK000654,CUST003949,HOT0015,ROOM001145,PROMO00294,2026-06-17,2026-07-14,2026-07-16,2,2,Expedia,Cancelled,GBP,14000.0,10,1400.0,2268.0,14868.0,2020-01-18 12:13:53,2025-04-21 10:56:42
BOOK000655,CUST001121,HOT0184,ROOM001035,PROMO00233,2026-01-07,2026-01-25,2026-01-27,1,1,Website,Completed,EUR,7000.0,5,350.0,1197.0,7847.0,2024-09-27 17:29:04,2025-10-29 18:42:02
BOOK000656,CUST002888,HOT0175,ROOM001458,PROMO00078,2025-10-02,2025-11-22,2025-11-26,3,2,Travel Agent,Completed,GBP,60000.0,10,6000.0,9720.0,63720.0,2020-12-15 16:40:03,2021-02-23 00:28:54
BOOK000657,CUST000549,HOT0074,ROOM000685,PROMO00082,2025-12-13,2026-01-13,2026-01-16,2,1,Booking.com,Cancelled,INR,7500.0,0,0.0,1350.0,8850.0,2022-08-20 07:55:35,2025-03-09 17:28:55
BOOK000658,CUST002334,HOT0212,ROOM000479,PROMO00176,2025-04-26,2025-06-01,2025-06-08,1,0,Expedia,Completed,INR,105000.0,0,0.0,18900.0,123900.0,2023-01-20 15:52:47,2023-07-09 15:26:52
BOOK000659,CUST001335,HOT0114,ROOM000409,PROMO00440,2025-07-22,2025-08-08,2025-08-13,2,1,Expedia,Completed,GBP,25000.0,10,2500.0,4050.0,26550.0,2022-05-30 20:25:39,2023-07-25 12:49:47
BOOK000660,CUST003559,HOT0215,ROOM000616,PROMO00466,2026-04-24,2026-04-30,2026-05-06,3,0,Website,Completed,SGD,90000.0,15,13500.0,13770.0,90270.0,2025-04-06 23:53:29,2025-07-28 13:35:35
BOOK000661,CUST004355,HOT0115,ROOM001859,PROMO00438,2025-09-10,2025-11-01,2025-11-05,3,1,Walk-In,Completed,USD,60000.0,0,0.0,10800.0,70800.0,2023-12-01 12:04:49,2025-11-04 20:32:46
BOOK000662,CUST004575,HOT0116,ROOM000727,PROMO00473,2025-04-18,2025-05-28,2025-06-01,3,2,Mobile App,Confirmed,EUR,10000.0,20,2000.0,1440.0,9440.0,2021-08-20 06:14:38,2024-11-12 08:50:28
BOOK000663,CUST000545,HOT0189,ROOM000900,PROMO00239,2024-09-05,2024-10-09,2024-10-10,4,1,Website,Completed,EUR,15000.0,10,1500.0,2430.0,15930.0,2022-04-03 02:33:56,2026-05-01 06:41:21
BOOK000664,CUST001324,HOT0176,ROOM000514,PROMO00066,2026-05-20,2026-06-05,2026-06-10,1,1,Walk-In,Confirmed,SGD,35000.0,15,5250.0,5355.0,35105.0,2020-03-06 18:51:20,2025-01-05 16:50:40
BOOK000665,CUST000656,HOT0243,ROOM001277,PROMO00473,2025-02-01,2025-02-19,2025-02-21,1,0,Travel Agent,Completed,AED,10000.0,0,0.0,1800.0,11800.0,2025-07-29 18:38:57,2026-03-26 13:56:11
BOOK000666,CUST002015,HOT0203,ROOM000949,PROMO00361,2025-10-16,2025-10-21,2025-10-28,4,0,Website,Completed,USD,49000.0,20,9800.0,7056.0,46256.0,2022-12-16 05:40:26,2026-05-13 12:08:38
BOOK000667,CUST004960,HOT0019,ROOM000126,PROMO00051,2025-12-02,2026-01-08,2026-01-11,2,2,Travel Agent,Completed,SGD,21000.0,5,1050.0,3591.0,23541.0,2021-09-03 06:41:28,2022-10-27 03:20:50
BOOK000668,CUST003151,HOT0007,ROOM000746,PROMO00481,2024-11-30,2024-12-26,2024-12-28,1,1,Expedia,Completed,EUR,10000.0,15,1500.0,1530.0,10030.0,2026-06-11 04:09:28,2026-07-21 13:01:02
BOOK000669,CUST001505,HOT0192,ROOM000550,PROMO00079,2026-02-03,2026-03-29,2026-04-03,3,0,Walk-In,Cancelled,EUR,17500.0,5,875.0,2992.5,19617.5,2025-10-30 06:10:06,2026-04-10 01:53:03
BOOK000670,CUST001204,HOT0155,ROOM001086,PROMO00265,2025-09-16,2025-09-20,2025-09-22,3,2,Travel Agent,No Show,GBP,10000.0,5,500.0,1710.0,11210.0,2021-01-21 15:28:28,2024-12-29 16:50:27
BOOK000671,CUST001423,HOT0039,ROOM000164,PROMO00236,2024-09-08,2024-11-07,2024-11-09,3,2,Walk-In,Confirmed,GBP,5000.0,20,1000.0,720.0,4720.0,2025-02-07 09:34:22,2026-07-23 20:54:13
BOOK000672,CUST001206,HOT0029,ROOM001450,PROMO00371,2025-03-26,2025-05-16,2025-05-18,1,2,Booking.com,Completed,SGD,7000.0,20,1400.0,1008.0,6608.0,2024-05-13 02:01:01,2026-03-10 05:26:28
BOOK000673,CUST001382,HOT0099,ROOM001558,PROMO00298,2025-04-29,2025-06-28,2025-07-01,2,1,Website,Cancelled,GBP,45000.0,15,6750.0,6885.0,45135.0,2020-04-16 19:08:30,2021-12-11 10:29:54
BOOK000674,CUST004154,HOT0039,ROOM000164,PROMO00047,2024-12-14,2025-01-27,2025-01-31,1,0,Mobile App,Confirmed,AED,10000.0,15,1500.0,1530.0,10030.0,2021-09-23 20:48:36,2025-03-27 04:28:22
BOOK000675,CUST003439,HOT0207,ROOM001563,PROMO00031,2026-06-06,2026-07-10,2026-07-13,1,0,Walk-In,Cancelled,GBP,30000.0,10,3000.0,4860.0,31860.0,2026-02-07 18:01:30,2026-04-17 22:51:39
BOOK000676,CUST004521,HOT0136,ROOM000283,PROMO00309,2025-04-08,2025-05-19,2025-05-23,3,1,Expedia,Completed,GBP,14000.0,0,0.0,2520.0,16520.0,2024-09-07 21:41:31,2026-07-01 16:23:00
BOOK000677,CUST003351,HOT0024,ROOM001218,PROMO00235,2025-12-17,2026-01-27,2026-02-02,3,1,Travel Agent,Completed,EUR,15000.0,15,2250.0,2295.0,15045.0,2021-11-30 07:46:20,2023-10-10 21:30:44
BOOK000678,CUST004429,HOT0137,ROOM001481,PROMO00342,2026-06-29,2026-07-09,2026-07-16,4,2,Expedia,Confirmed,USD,35000.0,10,3500.0,5670.0,37170.0,2025-08-30 00:46:34,2026-03-20 03:27:20
BOOK000679,CUST002715,HOT0069,ROOM000799,PROMO00363,2024-08-08,2024-10-01,2024-10-02,2,0,Booking.com,Cancelled,EUR,15000.0,0,0.0,2700.0,17700.0,2023-02-28 14:51:59,2024-07-11 02:39:42
BOOK000680,CUST004327,HOT0229,ROOM001464,PROMO00470,2024-12-08,2025-01-25,2025-02-01,3,2,Travel Agent,No Show,GBP,17500.0,15,2625.0,2677.5,17552.5,2022-07-23 22:41:31,2024-07-30 19:09:17
BOOK000681,CUST001163,HOT0022,ROOM001037,PROMO00134,2025-10-13,2025-10-15,2025-10-18,3,1,Website,Completed,SGD,10500.0,15,1575.0,1606.5,10531.5,2020-06-26 15:19:34,2025-06-03 13:29:15
BOOK000682,CUST003449,HOT0231,ROOM001427,PROMO00103,2024-08-31,2024-09-08,2024-09-15,3,1,Website,Completed,GBP,70000.0,0,0.0,12600.0,82600.0,2023-12-30 02:49:01,2025-12-31 18:25:28
BOOK000683,CUST000369,HOT0037,ROOM001194,PROMO00341,2024-08-27,2024-09-09,2024-09-10,3,0,Walk-In,Completed,EUR,5000.0,5,250.0,855.0,5605.0,2022-02-16 10:04:56,2024-06-05 03:55:28
BOOK000684,CUST000922,HOT0198,ROOM000928,PROMO00137,2024-11-26,2025-01-22,2025-01-27,1,0,Website,Confirmed,GBP,75000.0,5,3750.0,12825.0,84075.0,2025-10-27 11:21:40,2026-04-24 05:11:07
BOOK000685,CUST001219,HOT0066,ROOM001436,PROMO00243,2025-09-30,2025-11-27,2025-11-30,2,1,Expedia,Completed,USD,21000.0,5,1050.0,3591.0,23541.0,2020-04-03 08:24:57,2026-03-07 01:31:46
BOOK000686,CUST999999,HOT0067,ROOM001648,PROMO00279,2024-11-04,2024-12-21,2024-12-26,1,2,Website,Completed,SGD,75000.0,5,3750.0,12825.0,84075.0,2021-02-25 18:27:28,2022-10-29 10:26:17
BOOK000687,CUST000322,HOT0250,ROOM000118,PROMO00133,2025-01-09,2025-02-12,2025-02-16,1,1,Walk-In,Completed,SGD,40000.0,20,8000.0,5760.0,37760.0,2021-12-27 17:55:12,2024-03-23 08:14:12
BOOK000688,CUST001906,HOT0228,ROOM001652,PROMO00308,2026-02-17,2026-03-06,2026-03-10,2,1,Expedia,Cancelled,SGD,20000.0,10,2000.0,3240.0,21240.0,2021-03-08 17:41:58,2024-06-12 02:41:24
BOOK000689,CUST002464,HOT0182,ROOM000392,PROMO00061,2025-01-12,2025-02-08,2025-02-10,4,2,Expedia,Confirmed,AED,14000.0,20,2800.0,2016.0,13216.0,2021-08-13 03:13:07,2026-02-21 10:21:29
BOOK000690,CUST000303,HOT0142,ROOM000132,PROMO00257,2025-09-29,2025-11-19,2025-11-21,2,2,Travel Agent,Completed,INR,5000.0,0,0.0,900.0,5900.0,2023-11-08 15:40:36,2025-04-22 00:41:55
BOOK000691,CUST004923,HOT0186,ROOM001133,PROMO00185,2026-01-30,2026-02-04,2026-02-07,2,1,Mobile App,Completed,GBP,30000.0,5,1500.0,5130.0,33630.0,2026-07-03 02:12:44,2026-07-27 17:01:55
BOOK000692,CUST001832,HOT0020,ROOM000260,PROMO00156,2026-06-17,2026-08-12,2026-08-17,4,1,Travel Agent,Confirmed,USD,50000.0,20,10000.0,7200.0,47200.0,2020-05-25 14:05:31,2023-08-11 17:00:46
BOOK000693,CUST004775,HOT0066,ROOM001436,PROMO00331,2026-07-10,2026-08-25,2026-08-27,2,1,Walk-In,Confirmed,SGD,14000.0,20,2800.0,2016.0,13216.0,2024-09-28 20:39:43,2024-10-18 10:19:41
BOOK000694,CUST003996,HOT0170,ROOM001136,PROMO00182,2026-04-20,2026-05-29,2026-06-03,3,2,Mobile App,Completed,USD,12500.0,5,625.0,2137.5,14012.5,2025-01-20 05:19:27,2025-06-02 17:24:12
BOOK000695,CUST003202,HOT0236,ROOM001782,PROMO00344,2026-05-16,2026-06-13,2026-06-16,3,1,Expedia,Confirmed,USD,10500.0,15,1575.0,1606.5,10531.5,2026-04-01 23:30:49,2026-06-13 05:46:49
BOOK000696,CUST001957,HOT0047,ROOM000981,PROMO00300,2024-08-09,2024-10-06,2024-10-08,4,0,Walk-In,Completed,GBP,20000.0,20,4000.0,2880.0,18880.0,2022-02-28 04:59:06,2025-01-22 06:55:51
BOOK000697,CUST002784,HOT0217,ROOM001394,PROMO00127,2026-01-26,2026-03-06,2026-03-11,1,1,Booking.com,Completed,,75000.0,10,7500.0,12150.0,79650.0,2025-05-23 05:14:27,2025-08-21 16:06:11
BOOK000698,CUST001266,HOT0179,ROOM001598,PROMO00455,2025-06-14,2025-06-21,2025-06-22,3,1,Booking.com,Confirmed,AED,7000.0,15,1050.0,1071.0,7021.0,2022-03-06 19:56:09,2023-05-29 11:48:15
BOOK000699,CUST001081,HOT0222,ROOM000154,PROMO00233,2025-01-29,2025-02-09,2025-02-16,4,0,Travel Agent,Cancelled,AED,35000.0,20,7000.0,5040.0,33040.0,2021-05-01 00:20:43,2022-06-06 13:45:02
BOOK000700,CUST001607,HOT0073,ROOM001826,PROMO00273,2026-07-28,2026-08-21,2026-08-22,2,2,Booking.com,Confirmed,GBP,7000.0,0,0.0,1260.0,8260.0,2022-01-15 09:46:15,2025-11-02 03:31:02
BOOK000701,CUST002717,HOT0193,ROOM001050,PROMO00355,2025-10-24,2025-11-10,2025-11-16,4,0,Expedia,Completed,GBP,60000.0,15,9000.0,9180.0,60180.0,2025-01-12 06:15:19,2025-04-03 09:16:11
BOOK000702,CUST001570,HOT0077,ROOM000143,PROMO00372,2026-03-20,2026-05-08,2026-05-13,3,1,Travel Agent,Completed,EUR,35000.0,5,1750.0,5985.0,39235.0,2023-04-05 16:35:14,2025-01-21 15:45:55
BOOK000703,CUST003106,HOT0168,ROOM000737,PROMO00099,2025-12-26,2026-01-18,2026-01-22,3,1,Booking.com,Completed,GBP,20000.0,5,1000.0,3420.0,22420.0,2021-03-14 03:42:02,2025-01-26 20:01:11
BOOK000704,CUST999999,HOT0051,ROOM000525,PROMO00221,2024-09-25,2024-11-19,2024-11-22,1,1,Booking.com,Cancelled,GBP,15000.0,10,1500.0,2430.0,15930.0,2023-10-30 06:17:00,2025-12-05 09:56:01
BOOK000705,CUST000941,HOT0039,ROOM001298,PROMO00162,2025-03-05,2025-04-04,2025-04-11,3,1,Mobile App,Completed,EUR,70000.0,5,3500.0,11970.0,78470.0,2024-01-30 17:09:28,2025-08-20 09:38:19
BOOK000706,CUST000979,HOT0239,ROOM001124,PROMO00354,2025-10-08,2025-10-13,2025-10-19,2,0,Travel Agent,Cancelled,EUR,21000.0,20,4200.0,3024.0,19824.0,2025-11-14 12:19:25,2026-03-02 17:48:17
BOOK000707,CUST000797,HOT0056,ROOM000864,PROMO00272,2025-10-20,2025-12-05,2025-12-12,4,2,Website,Completed,GBP,70000.0,0,0.0,12600.0,82600.0,2025-11-03 23:50:18,2026-03-29 07:10:37
BOOK000708,CUST002981,HOT0047,ROOM000981,PROMO00365,2025-06-07,2025-07-17,2025-07-18,1,2,Travel Agent,Cancelled,SGD,10000.0,20,2000.0,1440.0,9440.0,2024-04-14 10:58:14,2025-01-16 06:01:56
BOOK000709,CUST003542,HOT0210,ROOM000646,PROMO00230,2025-12-11,2025-12-15,2025-12-20,3,1,Expedia,Completed,AED,17500.0,5,875.0,2992.5,19617.5,2021-08-05 20:34:56,2023-08-09 02:21:45
BOOK000710,CUST001752,HOT0155,ROOM001004,PROMO00348,2025-09-11,2025-10-05,2025-10-12,2,1,Expedia,Confirmed,GBP,17500.0,0,0.0,3150.0,20650.0,2023-09-06 23:00:54,2024-04-05 13:29:36
BOOK000711,CUST002918,HOT0110,ROOM000285,PROMO00027,2024-11-10,2024-12-31,2025-01-04,2,2,Booking.com,Completed,GBP,10000.0,5,500.0,1710.0,11210.0,2022-05-12 21:01:13,2025-12-17 13:10:54
BOOK000712,CUST001897,HOT0136,ROOM000334,PROMO00213,2024-08-31,2024-10-09,2024-10-14,3,1,Travel Agent,Confirmed,GBP,50000.0,20,10000.0,7200.0,47200.0,2025-06-28 12:07:47,2025-10-02 09:36:41
BOOK000713,CUST000322,HOT0107,ROOM001949,PROMO00282,2024-08-11,2024-08-21,2024-08-28,1,0,Expedia,Completed,SGD,24500.0,0,0.0,4410.0,28910.0,2020-04-10 08:34:01,2022-10-12 06:03:52
BOOK000714,CUST003773,HOT0145,ROOM001378,PROMO00074,2025-05-12,2025-07-08,2025-07-14,2,2,Walk-In,Cancelled,USD,21000.0,0,0.0,3780.0,24780.0,2024-12-18 20:39:56,2025-01-01 20:05:26
BOOK000715,CUST004857,HOT0154,ROOM001414,PROMO00220,2024-09-08,2024-09-11,2024-09-17,3,0,Website,Confirmed,SGD,21000.0,15,3150.0,3213.0,21063.0,2022-12-29 02:25:58,2025-11-24 05:33:48
BOOK000716,CUST003287,HOT0218,ROOM000549,PROMO00153,2025-05-16,2025-06-02,2025-06-09,2,2,Mobile App,Cancelled,AED,35000.0,0,0.0,6300.0,41300.0,2021-09-09 07:25:17,2023-07-26 20:02:48
BOOK000717,CUST004832,HOT0001,ROOM001081,PROMO00422,2025-04-16,2025-05-27,2025-05-28,1,2,Booking.com,Completed,GBP,7000.0,0,0.0,1260.0,8260.0,2020-04-10 01:06:34,2023-12-19 08:39:08
BOOK000718,CUST000817,HOT0067,ROOM000523,PROMO00395,2025-10-19,2025-12-09,2025-12-13,2,2,Expedia,Completed,INR,28000.0,15,4200.0,4284.0,28084.0,2022-08-10 06:26:25,2023-02-23 21:44:21
BOOK000719,CUST000927,HOT0230,ROOM001463,PROMO00432,2025-08-28,2025-10-18,2025-10-21,3,1,Website,Confirmed,AED,15000.0,20,3000.0,2160.0,14160.0,2023-11-12 17:32:42,2024-04-01 14:09:50
BOOK000720,CUST004730,HOT0099,ROOM000087,PROMO00231,2026-05-02,2026-06-14,2026-06-16,4,1,Website,Confirmed,USD,20000.0,20,4000.0,2880.0,18880.0,2024-03-18 05:33:49,2025-10-10 18:56:08
BOOK000721,CUST001897,HOT0185,ROOM001849,PROMO00377,2026-06-03,2026-07-29,2026-08-04,4,1,Expedia,Completed,EUR,60000.0,20,12000.0,8640.0,56640.0,2022-03-11 17:32:21,2024-09-07 11:30:05
BOOK000722,CUST000505,HOT0048,ROOM000880,PROMO00141,2026-02-15,2026-02-18,2026-02-21,2,0,Mobile App,Completed,GBP,30000.0,20,6000.0,4320.0,28320.0,2021-04-20 21:25:17,2023-09-20 16:26:12
BOOK000723,CUST003368,HOT0245,ROOM000783,PROMO00075,2025-09-16,2025-09-21,2025-09-26,1,0,Walk-In,Cancelled,AED,50000.0,5,2500.0,8550.0,56050.0,2022-01-26 22:28:29,2026-01-17 19:08:19
BOOK000724,CUST000753,HOT0101,ROOM001762,PROMO00212,2026-05-27,2026-06-23,2026-06-30,1,0,Mobile App,Completed,SGD,105000.0,5,5250.0,17955.0,117705.0,2025-12-01 06:41:04,2025-12-30 21:01:11
BOOK000725,CUST002552,HOT0189,ROOM000900,PROMO00066,2024-11-08,2024-12-10,2024-12-15,3,0,Booking.com,Completed,GBP,75000.0,10,7500.0,12150.0,79650.0,2020-08-25 11:28:32,2025-07-14 23:03:23
BOOK000726,CUST003120,HOT0134,ROOM001883,PROMO00132,2025-02-24,2025-03-10,2025-03-17,2,2,Booking.com,Completed,AED,49000.0,0,0.0,8820.0,57820.0,2021-04-03 19:59:16,2023-10-09 18:48:36
BOOK000727,CUST000281,HOT0092,ROOM001968,PROMO00155,2025-09-24,2025-10-13,2025-10-19,4,0,Mobile App,Confirmed,EUR,60000.0,15,9000.0,9180.0,60180.0,2024-02-18 22:14:22,2026-06-03 09:34:29
BOOK000728,CUST001919,HOT0039,ROOM001082,PROMO00169,2025-10-16,2025-11-22,2025-11-28,2,1,Booking.com,Confirmed,SGD,90000.0,20,18000.0,12960.0,84960.0,2026-01-24 04:38:26,2026-05-15 22:51:37
BOOK000729,CUST000541,HOT0170,ROOM001131,PROMO00398,2026-03-26,2026-03-27,2026-04-02,2,2,Booking.com,Completed,EUR,30000.0,5,1500.0,5130.0,33630.0,2022-03-25 07:57:54,2024-02-11 01:58:02
BOOK000730,CUST004971,HOT0091,ROOM000570,PROMO00181,2026-04-18,2026-05-10,2026-05-17,1,2,Booking.com,Completed,SGD,24500.0,20,4900.0,3528.0,23128.0,2026-03-20 02:16:47,2026-07-01 15:00:27
BOOK000731,CUST004798,HOT0110,ROOM000558,PROMO00153,2025-08-06,2025-08-17,2025-08-20,2,2,Walk-In,Completed,GBP,45000.0,15,6750.0,6885.0,45135.0,2020-05-29 12:52:02,2024-09-02 04:51:49
BOOK000732,CUST003091,HOT0158,ROOM000787,PROMO00185,2025-07-23,2025-08-09,2025-08-10,4,2,Booking.com,Completed,USD,15000.0,15,2250.0,2295.0,15045.0,2022-12-28 01:09:36,2025-03-15 18:26:20
BOOK000733,CUST002248,HOT0020,ROOM000998,PROMO00296,2026-03-15,2026-04-17,2026-04-21,2,0,Mobile App,Completed,USD,40000.0,5,2000.0,6840.0,44840.0,2025-08-04 21:24:38,2025-09-24 18:59:44
BOOK000734,CUST002913,HOT0210,ROOM001506,PROMO00165,2026-03-14,2026-03-29,2026-04-04,2,0,Website,Completed,AED,15000.0,5,750.0,2565.0,16815.0,2023-06-06 04:58:29,2023-06-27 08:21:19
BOOK000735,CUST000908,HOT0085,ROOM001274,PROMO00005,2025-08-27,2025-10-08,2025-10-15,1,2,Expedia,Confirmed,GBP,17500.0,20,3500.0,2520.0,16520.0,2022-05-11 08:31:26,2026-04-20 11:03:17
BOOK000736,CUST000937,HOT0233,ROOM001742,PROMO00372,2024-10-10,2024-11-10,2024-11-16,1,0,Booking.com,Confirmed,USD,90000.0,0,0.0,16200.0,106200.0,2025-03-15 18:05:58,2025-11-15 10:57:17
BOOK000737,CUST002216,HOT0030,ROOM001945,PROMO00268,2026-04-11,2026-06-03,2026-06-08,3,2,Mobile App,Completed,INR,25000.0,5,1250.0,4275.0,28025.0,2024-12-15 13:56:06,2025-01-23 00:32:49
BOOK000738,CUST000584,HOT0147,ROOM001647,PROMO00473,2024-10-02,2024-11-01,2024-11-08,2,1,Travel Agent,Confirmed,USD,70000.0,15,10500.0,10710.0,70210.0,2022-11-03 19:32:14,2026-03-22 09:15:23
BOOK000739,CUST000738,HOT0166,ROOM000327,PROMO00387,2025-11-10,2026-01-04,2026-01-09,3,2,Website,Completed,GBP,25000.0,20,5000.0,3600.0,23600.0,2022-02-20 05:59:05,2025-02-07 06:02:13
BOOK000740,CUST001490,HOT0229,ROOM000343,PROMO00036,2025-03-17,2025-05-07,2025-05-11,2,0,Walk-In,Completed,EUR,10000.0,10,1000.0,1620.0,10620.0,2020-07-13 08:35:02,2021-10-19 21:25:12
BOOK000741,CUST001025,HOT0223,ROOM000086,PROMO00066,2025-03-07,2025-03-26,2025-03-29,4,2,Mobile App,Completed,GBP,45000.0,5,2250.0,7695.0,50445.0,2024-04-10 02:30:33,2024-09-06 23:55:47
BOOK000742,CUST004853,HOT0126,ROOM000932,PROMO00249,2024-11-29,2025-01-19,2025-01-21,3,1,Mobile App,Cancelled,GBP,30000.0,20,6000.0,4320.0,28320.0,2021-10-28 03:48:55,2022-04-11 15:48:02
BOOK000743,CUST002444,HOT0129,ROOM001487,PROMO00176,2025-04-17,2025-05-29,2025-06-03,3,0,Travel Agent,Completed,GBP,75000.0,20,15000.0,10800.0,70800.0,2024-03-11 14:13:17,2025-02-23 09:45:11
BOOK000744,CUST000672,HOT0020,ROOM000489,PROMO00176,2025-01-02,2025-02-05,2025-02-07,1,1,Expedia,Completed,SGD,5000.0,20,1000.0,720.0,4720.0,2020-06-27 10:07:46,2021-08-15 20:58:32
BOOK000745,CUST003927,HOT0069,ROOM000799,PROMO00194,2024-08-20,2024-09-09,2024-09-15,3,1,Website,Cancelled,SGD,90000.0,5,4500.0,15390.0,100890.0,2020-04-12 13:24:23,2023-12-11 18:27:32
BOOK000746,CUST003421,HOT0213,ROOM000388,PROMO00289,2025-10-18,2025-12-16,2025-12-18,2,1,Booking.com,Completed,GBP,10000.0,20,2000.0,1440.0,9440.0,2021-02-13 23:52:56,2025-12-04 15:36:52
BOOK000747,CUST001673,HOT0042,ROOM000814,PROMO00407,2026-01-28,2026-02-05,2026-02-07,4,2,Mobile App,Completed,USD,30000.0,10,3000.0,4860.0,31860.0,2022-05-06 13:25:29,2025-07-28 01:59:40
BOOK000748,CUST004546,HOT0219,ROOM001666,PROMO00056,2025-09-14,2025-10-13,2025-10-15,1,0,Walk-In,Cancelled,INR,20000.0,10,2000.0,3240.0,21240.0,2023-01-15 08:31:52,2023-05-02 12:54:47
BOOK000749,CUST001942,HOT0036,ROOM001665,PROMO00378,2024-09-25,2024-11-01,2024-11-04,1,0,Booking.com,Completed,SGD,10500.0,20,2100.0,1512.0,9912.0,2025-01-17 10:30:10,2025-08-06 15:30:27
BOOK000750,CUST001144,HOT0155,ROOM001041,PROMO00222,2026-01-28,2026-01-31,2026-02-03,2,2,Walk-In,Completed,AED,21000.0,0,0.0,3780.0,24780.0,2024-03-16 23:15:30,2024-12-11 00:57:59
BOOK000751,CUST003701,HOT0179,ROOM001176,PROMO00383,2026-07-09,2026-07-23,2026-07-26,2,0,Walk-In,Completed,INR,45000.0,0,0.0,8100.0,53100.0,2026-05-05 00:29:03,2026-07-13 13:46:26
BOOK000752,CUST004124,HOT0085,ROOM001130,PROMO00004,2025-04-22,2025-05-03,2025-05-09,4,2,Travel Agent,Completed,AED,60000.0,20,12000.0,8640.0,56640.0,2020-07-02 04:46:17,2022-08-20 08:04:28
BOOK000753,CUST004573,HOT0059,ROOM001146,PROMO00488,2026-03-19,2026-04-23,2026-04-28,2,2,Expedia,Confirmed,GBP,25000.0,20,5000.0,3600.0,23600.0,2025-01-08 04:12:03,2026-03-21 16:39:01
BOOK000754,CUST003085,HOT0042,ROOM000814,PROMO00263,2025-08-09,2025-09-02,2025-09-08,3,0,Expedia,Confirmed,EUR,90000.0,15,13500.0,13770.0,90270.0,2026-03-01 02:00:22,2026-04-25 11:29:56
BOOK000755,CUST004150,HOT0247,ROOM001606,PROMO00095,2025-05-27,2025-07-26,2025-08-01,1,1,Website,Confirmed,AED,90000.0,10,9000.0,14580.0,95580.0,2024-05-05 14:40:43,2025-05-03 22:47:10
BOOK000756,CUST003510,HOT0065,ROOM001776,PROMO00050,2026-01-01,2026-01-24,2026-01-28,3,0,Booking.com,Completed,EUR,10000.0,15,1500.0,1530.0,10030.0,2020-01-11 11:31:26,2021-11-14 04:21:27
BOOK000757,CUST002287,HOT0136,ROOM000789,PROMO00175,2025-01-09,2025-01-15,2025-01-19,4,0,Website,Completed,GBP,60000.0,10,6000.0,9720.0,63720.0,2024-07-31 18:22:49,2025-11-11 04:21:43
BOOK000758,CUST003706,HOT0145,ROOM000005,PROMO00130,2026-04-12,2026-06-10,2026-06-16,2,2,Walk-In,No Show,EUR,90000.0,20,18000.0,12960.0,84960.0,2020-05-14 17:40:01,2020-12-06 13:06:50
BOOK000759,CUST000168,HOT0080,ROOM001960,PROMO00083,2025-05-21,2025-07-14,2025-07-15,2,0,Website,Completed,GBP,2500.0,0,0.0,450.0,2950.0,2021-07-15 19:27:56,2022-12-20 10:56:45
BOOK000760,CUST001829,HOT0164,ROOM000878,PROMO00317,2025-05-15,2025-05-22,2025-05-28,4,0,Travel Agent,Completed,AED,15000.0,20,3000.0,2160.0,14160.0,2022-10-29 22:41:39,2023-06-01 23:27:13
BOOK000761,CUST000626,HOT0136,ROOM001954,PROMO00215,2026-06-25,2026-06-28,2026-07-01,1,0,Mobile App,Confirmed,USD,7500.0,15,1125.0,1147.5,7522.5,2025-01-27 20:53:57,2026-04-01 13:21:25
BOOK000762,CUST004645,HOT0193,ROOM000734,PROMO00391,2024-11-14,2024-12-23,2024-12-30,3,2,Travel Agent,Confirmed,GBP,24500.0,20,4900.0,3528.0,23128.0,2025-10-22 11:14:06,2026-05-02 14:20:57
BOOK000763,CUST004314,HOT0034,ROOM000667,PROMO00070,2026-07-09,2026-08-01,2026-08-04,1,0,Walk-In,Completed,USD,15000.0,10,1500.0,2430.0,15930.0,2021-12-31 16:02:19,2023-11-01 01:14:27
BOOK000764,CUST003352,HOT0094,ROOM000803,PROMO00305,2024-10-06,2024-11-12,2024-11-17,4,2,Booking.com,Cancelled,EUR,17500.0,20,3500.0,2520.0,16520.0,2024-09-29 09:23:38,2025-11-14 00:54:29
BOOK000765,CUST003572,HOT0087,ROOM001508,PROMO00263,2025-05-09,2025-05-26,2025-05-30,4,0,Mobile App,Completed,INR,10000.0,5,500.0,1710.0,11210.0,2024-12-14 14:14:31,2025-02-19 21:07:59
BOOK000766,CUST000158,HOT0024,ROOM001181,PROMO00344,2025-11-26,2025-12-19,2025-12-23,2,2,Expedia,Confirmed,INR,28000.0,5,1400.0,4788.0,31388.0,2021-08-08 13:39:31,2022-05-27 00:09:49
BOOK000767,CUST004309,HOT0242,ROOM001704,PROMO00497,2025-07-04,2025-08-14,2025-08-19,3,1,Booking.com,Confirmed,EUR,12500.0,5,625.0,2137.5,14012.5,2023-05-26 21:55:33,2025-05-27 19:45:16
BOOK000768,CUST999999,HOT0021,ROOM001861,PROMO00258,2025-05-02,2025-06-05,2025-06-07,3,0,Booking.com,No Show,AED,20000.0,20,4000.0,2880.0,18880.0,2025-12-05 16:58:13,2026-04-01 14:53:07
BOOK000769,CUST003821,HOT0218,ROOM001928,PROMO00442,2026-02-15,2026-02-17,2026-02-24,2,0,Mobile App,Completed,AED,17500.0,10,1750.0,2835.0,18585.0,2023-03-31 04:17:44,2023-12-28 05:05:40
BOOK000770,CUST004479,HOT0009,ROOM000278,PROMO00163,2026-07-09,2026-07-27,2026-07-30,4,1,Booking.com,Cancelled,EUR,30000.0,15,4500.0,4590.0,30090.0,2020-01-29 07:49:52,2022-04-28 02:32:45
BOOK000771,CUST000858,HOT0219,ROOM000692,PROMO00400,2025-01-03,2025-02-05,2025-02-12,4,1,Expedia,Confirmed,SGD,17500.0,15,2625.0,2677.5,17552.5,2020-06-12 21:51:06,2023-04-23 04:38:25
BOOK000772,CUST002416,HOT0014,ROOM000605,PROMO00371,2025-05-26,2025-05-28,2025-06-04,3,1,Travel Agent,Completed,SGD,17500.0,10,1750.0,2835.0,18585.0,2020-06-09 03:36:09,2023-12-24 05:56:52
BOOK000773,CUST003887,HOT0153,ROOM000875,PROMO00357,2025-08-26,2025-10-18,2025-10-22,3,0,Booking.com,Completed,INR,14000.0,5,700.0,2394.0,15694.0,2026-04-16 17:54:43,2026-05-23 05:15:11
BOOK000774,CUST000719,HOT0102,ROOM000842,PROMO00297,2025-04-13,2025-04-29,2025-05-03,1,2,Website,Completed,EUR,14000.0,10,1400.0,2268.0,14868.0,2023-01-06 20:53:05,2024-07-07 04:48:39
BOOK000775,CUST003057,HOT0210,ROOM001162,PROMO00433,2026-03-06,2026-05-01,2026-05-04,3,1,Walk-In,Completed,GBP,21000.0,5,1050.0,3591.0,23541.0,2026-01-18 21:56:02,2026-03-17 09:43:01
BOOK000776,CUST002119,HOT0238,ROOM000191,PROMO00442,2024-12-09,2025-01-29,2025-02-03,1,1,Expedia,Confirmed,GBP,35000.0,10,3500.0,5670.0,37170.0,2023-09-23 23:38:42,2024-02-14 00:36:49
BOOK000777,CUST000671,HOT0128,ROOM000233,PROMO00345,2026-07-18,2026-07-30,2026-08-04,1,0,Website,Confirmed,AED,35000.0,0,0.0,6300.0,41300.0,2022-09-07 12:01:42,2024-09-14 10:03:25
BOOK000778,CUST000965,HOT0062,ROOM000980,PROMO00146,2025-09-06,2025-10-23,2025-10-30,3,0,Mobile App,Completed,,17500.0,0,0.0,3150.0,20650.0,2024-02-18 06:52:19,2026-05-14 14:37:43
BOOK000779,CUST000176,HOT0068,ROOM001405,PROMO00110,2026-05-22,2026-06-09,2026-06-13,3,1,Booking.com,Cancelled,SGD,14000.0,5,700.0,2394.0,15694.0,2022-07-21 16:32:11,2026-07-05 19:02:38
BOOK000780,CUST003868,HOT0066,ROOM000430,PROMO00131,2026-07-25,2026-07-31,2026-08-06,4,0,Mobile App,Completed,SGD,90000.0,10,9000.0,14580.0,95580.0,2024-07-13 06:54:35,2026-03-03 21:48:46
BOOK000781,CUST003946,HOT0236,ROOM001841,PROMO00136,2025-09-03,2025-09-22,2025-09-27,3,0,Walk-In,Cancelled,EUR,17500.0,5,875.0,2992.5,19617.5,2025-12-31 08:18:21,2026-04-13 03:39:14
BOOK000782,CUST003029,HOT0111,ROOM000802,PROMO00060,2024-12-06,2025-01-16,2025-01-19,1,0,Travel Agent,Completed,EUR,30000.0,10,3000.0,4860.0,31860.0,2025-07-23 16:04:09,2026-01-26 04:01:20
BOOK000783,CUST003927,HOT0223,ROOM001297,PROMO00310,2026-07-10,2026-08-08,2026-08-14,3,1,Expedia,Confirmed,GBP,60000.0,20,12000.0,8640.0,56640.0,2021-06-23 09:04:02,2022-11-01 05:19:14
BOOK000784,CUST003525,HOT0116,ROOM001256,PROMO00312,2025-02-17,2025-03-16,2025-03-22,1,2,Mobile App,Cancelled,USD,21000.0,5,1050.0,3591.0,23541.0,2020-04-27 01:59:03,2025-01-05 12:36:27
BOOK000785,CUST003957,HOT0203,ROOM001406,PROMO00190,2025-03-25,2025-04-21,2025-04-23,4,1,Expedia,Completed,GBP,10000.0,10,1000.0,1620.0,10620.0,2024-08-19 22:26:43,2024-09-03 10:02:40
BOOK000786,CUST001730,HOT0064,ROOM001020,PROMO00405,2024-10-20,2024-12-12,2024-12-13,3,1,Walk-In,Completed,USD,7000.0,15,1050.0,1071.0,7021.0,2022-11-05 14:15:03,2024-02-04 12:05:19
BOOK000787,CUST003857,HOT0101,ROOM001489,PROMO00435,2025-04-28,2025-05-30,2025-06-04,4,1,Booking.com,Confirmed,USD,75000.0,15,11250.0,11475.0,75225.0,2024-06-13 23:17:08,2025-05-08 00:15:39
BOOK000788,CUST003903,HOT0125,ROOM001057,PROMO00055,2024-08-11,2024-10-10,2024-10-11,4,1,Expedia,Completed,AED,7000.0,15,1050.0,1071.0,7021.0,2023-10-03 19:56:26,2025-08-13 08:34:42
BOOK000789,CUST004746,HOT0170,ROOM001131,PROMO00018,2025-01-28,2025-03-16,2025-03-19,3,1,Travel Agent,Completed,GBP,15000.0,10,1500.0,2430.0,15930.0,2020-03-07 01:01:49,2021-11-20 12:25:42
BOOK000790,CUST002062,HOT0197,ROOM001692,PROMO00150,2026-06-13,2026-08-11,2026-08-12,3,0,Travel Agent,Completed,AED,15000.0,20,3000.0,2160.0,14160.0,2021-02-05 02:37:43,2023-11-27 10:46:10
BOOK000791,CUST000008,HOT0084,ROOM000655,PROMO00103,2026-04-03,2026-05-27,2026-05-28,2,2,Mobile App,Completed,USD,5000.0,0,0.0,900.0,5900.0,2025-12-22 06:48:23,2026-01-04 11:30:57
BOOK000792,CUST000535,HOT0126,ROOM000932,PROMO00422,2026-02-21,2026-04-19,2026-04-21,2,2,Travel Agent,Cancelled,USD,30000.0,5,1500.0,5130.0,33630.0,2021-10-21 13:59:05,2022-08-10 14:03:17
BOOK000793,CUST003666,HOT0086,ROOM001112,PROMO00135,2024-10-25,2024-11-11,2024-11-16,4,0,Travel Agent,Completed,INR,35000.0,15,5250.0,5355.0,35105.0,2026-01-27 08:56:09,2026-04-21 16:54:46
BOOK000794,CUST001015,HOT0202,ROOM000313,PROMO00155,2025-12-09,2026-01-02,2026-01-04,3,1,Walk-In,Completed,SGD,20000.0,0,0.0,3600.0,23600.0,2025-07-17 10:05:42,2026-05-12 08:51:15
BOOK000795,CUST004384,HOT0001,ROOM001081,PROMO00179,2026-05-17,2026-06-17,2026-06-21,3,1,Travel Agent,Completed,GBP,28000.0,15,4200.0,4284.0,28084.0,2020-09-27 16:20:27,2024-04-07 17:12:28
BOOK000796,CUST002710,HOT0151,ROOM000417,PROMO00276,2025-11-25,2025-12-09,2025-12-11,4,2,Travel Agent,Completed,EUR,30000.0,20,6000.0,4320.0,28320.0,2020-02-10 05:48:25,2025-05-18 06:23:49
BOOK000797,CUST001509,HOT0134,ROOM001883,PROMO00452,2025-06-18,2025-07-31,2025-08-01,4,1,Travel Agent,Cancelled,SGD,7000.0,5,350.0,1197.0,7847.0,2020-10-29 09:40:01,2023-04-27 02:05:45
BOOK000798,CUST004058,HOT0096,ROOM000241,PROMO00436,2025-03-17,2025-05-09,2025-05-15,4,2,Website,Completed,SGD,60000.0,20,12000.0,8640.0,56640.0,2020-02-17 21:29:10,2026-02-08 13:13:15
BOOK000799,CUST000161,HOT0047,ROOM001803,PROMO00457,2025-02-27,2025-04-03,2025-04-08,4,1,Walk-In,Completed,INR,12500.0,0,0.0,2250.0,14750.0,2020-07-25 14:11:10,2022-07-19 05:39:50
BOOK000800,CUST001963,HOT0005,ROOM001190,PROMO00024,2025-03-12,2025-05-01,2025-05-06,4,1,Website,Completed,USD,25000.0,15,3750.0,3825.0,25075.0,2021-01-06 20:11:50,2025-06-12 05:28:55
BOOK000801,CUST002843,HOT0202,ROOM000028,PROMO00405,2025-11-15,2025-11-17,2025-11-24,2,0,Walk-In,Completed,SGD,49000.0,20,9800.0,7056.0,46256.0,2021-05-30 23:15:28,2022-05-01 01:01:46
BOOK000802,CUST002694,HOT0024,ROOM000034,PROMO00199,2025-05-16,2025-07-01,2025-07-06,1,1,Mobile App,Cancelled,USD,50000.0,5,2500.0,8550.0,56050.0,2021-05-28 10:36:41,2023-01-15 13:37:13
BOOK000803,CUST000670,HOT0228,ROOM001792,PROMO00099,2024-11-21,2024-12-18,2024-12-23,3,2,Travel Agent,Completed,EUR,35000.0,10,3500.0,5670.0,37170.0,2024-08-11 02:50:09,2026-04-05 14:30:40
BOOK000804,CUST003709,HOT0146,ROOM000555,PROMO00031,2024-08-15,2024-08-22,2024-08-24,3,0,Booking.com,Completed,AED,14000.0,20,2800.0,2016.0,13216.0,2021-05-16 19:24:20,2023-08-03 04:43:14
BOOK000805,CUST004450,HOT0169,ROOM001804,PROMO00287,2024-09-12,2024-10-18,2024-10-23,1,2,Travel Agent,Confirmed,SGD,17500.0,5,875.0,2992.5,19617.5,2021-07-18 03:43:15,2022-11-17 15:47:38
BOOK000806,CUST004239,HOT0172,ROOM001930,PROMO00257,2025-11-15,2025-12-01,2025-12-06,3,2,Expedia,Cancelled,EUR,17500.0,10,1750.0,2835.0,18585.0,2021-10-27 22:27:06,2026-06-26 19:51:16
BOOK000807,CUST004345,HOT0020,ROOM000532,PROMO00309,2024-12-08,2024-12-24,2024-12-30,2,2,Walk-In,Confirmed,AED,60000.0,10,6000.0,9720.0,63720.0,2022-01-19 02:23:38,2025-09-01 08:24:05
BOOK000808,CUST002800,HOT0201,ROOM000707,PROMO00401,2025-10-14,2025-12-03,2025-12-05,4,1,Walk-In,Completed,AED,5000.0,20,1000.0,720.0,4720.0,2022-11-04 16:33:43,2025-10-29 04:01:24
BOOK000809,CUST003509,HOT0202,ROOM000304,PROMO00187,2025-11-28,2026-01-03,2026-01-06,1,0,Website,Confirmed,INR,7500.0,10,750.0,1215.0,7965.0,2025-03-07 06:10:54,2026-07-16 06:25:35
BOOK000810,CUST002871,HOT0142,ROOM001454,PROMO00283,2025-09-09,2025-09-20,2025-09-22,4,1,Website,Confirmed,,10000.0,0,0.0,1800.0,11800.0,2025-05-12 18:35:31,2026-04-01 17:08:00
BOOK000811,CUST001466,HOT0246,ROOM000314,PROMO00244,2024-10-03,2024-11-01,2024-11-07,3,1,Booking.com,Cancelled,AED,15000.0,15,2250.0,2295.0,15045.0,2024-09-05 22:41:58,2026-07-07 19:46:04
BOOK000812,CUST001609,HOT0050,ROOM000610,PROMO00388,2026-02-18,2026-04-10,2026-04-11,3,0,Booking.com,Cancelled,USD,15000.0,15,2250.0,2295.0,15045.0,2025-06-05 16:46:03,2025-06-23 11:44:35
BOOK000813,CUST004060,HOT0061,ROOM001625,PROMO00251,2026-05-22,2026-06-26,2026-06-29,1,0,Booking.com,Cancelled,GBP,45000.0,20,9000.0,6480.0,42480.0,2020-04-17 08:44:52,2021-03-15 21:15:39
BOOK000814,CUST003087,HOT0174,ROOM001683,PROMO00102,2025-12-29,2026-01-10,2026-01-16,4,2,Mobile App,Completed,SGD,90000.0,0,0.0,16200.0,106200.0,2022-10-24 10:58:59,2023-05-12 17:37:10
BOOK000815,CUST004823,HOT0236,ROOM001782,PROMO00385,2025-04-02,2025-05-07,2025-05-14,4,1,Website,Completed,EUR,24500.0,10,2450.0,3969.0,26019.0,2025-02-13 06:08:31,2025-05-29 09:27:24
BOOK000816,CUST001761,HOT0199,ROOM000904,PROMO00087,2025-10-17,2025-10-24,2025-10-25,2,2,Website,Completed,AED,5000.0,5,250.0,855.0,5605.0,2025-02-08 18:27:48,2025-07-16 23:29:36
BOOK000817,CUST003188,HOT0242,ROOM001220,PROMO00419,2026-04-08,2026-05-03,2026-05-05,1,0,Expedia,Completed,AED,30000.0,10,3000.0,4860.0,31860.0,2022-12-31 01:20:27,2025-10-24 14:20:21
BOOK000818,CUST003767,HOT0078,ROOM000406,PROMO00462,2026-07-05,2026-08-09,2026-08-12,3,1,Travel Agent,Completed,INR,30000.0,20,6000.0,4320.0,28320.0,2023-01-20 14:45:39,2023-04-03 20:53:17
BOOK000819,CUST000635,HOT0212,ROOM000479,PROMO00364,2025-12-30,2026-01-05,2026-01-08,1,2,Expedia,Confirmed,USD,45000.0,5,2250.0,7695.0,50445.0,2022-06-15 05:28:18,2025-07-20 20:26:00
BOOK000820,CUST004118,HOT0139,ROOM000836,PROMO00271,2026-02-04,2026-03-11,2026-03-16,3,1,Website,Completed,USD,25000.0,0,0.0,4500.0,29500.0,2024-04-10 18:27:11,2025-09-17 13:41:12
BOOK000821,CUST001571,HOT0091,ROOM000570,PROMO00231,2024-12-02,2024-12-14,2024-12-16,4,2,Travel Agent,Completed,INR,7000.0,5,350.0,1197.0,7847.0,2020-03-19 18:59:24,2025-03-29 20:45:10
BOOK000822,CUST002236,HOT0165,ROOM000434,PROMO00493,2024-12-21,2025-01-28,2025-02-04,1,1,Website,Confirmed,INR,35000.0,5,1750.0,5985.0,39235.0,2021-10-09 20:25:25,2022-08-14 08:07:52
BOOK000823,CUST002312,HOT0222,ROOM000561,PROMO00306,2025-09-29,2025-11-09,2025-11-13,1,0,Walk-In,Completed,USD,20000.0,20,4000.0,2880.0,18880.0,2025-08-09 20:16:20,2026-02-03 19:49:31
BOOK000824,CUST000313,HOT0245,ROOM000288,PROMO00404,2025-09-22,2025-10-23,2025-10-26,4,1,Expedia,Completed,EUR,21000.0,0,0.0,3780.0,24780.0,2021-11-15 02:26:53,2022-04-10 12:48:54
BOOK000825,CUST000869,HOT0059,ROOM000800,PROMO00183,2025-08-09,2025-09-16,2025-09-19,3,1,Walk-In,Completed,GBP,45000.0,0,0.0,8100.0,53100.0,2025-04-06 08:03:44,2025-10-19 07:27:06
BOOK000826,CUST000784,HOT0196,ROOM000205,PROMO00221,2024-11-16,2024-12-25,2025-01-01,2,2,Mobile App,Cancelled,GBP,49000.0,20,9800.0,7056.0,46256.0,2021-01-20 09:38:10,2024-08-15 09:52:22
BOOK000827,CUST000743,HOT0223,ROOM001910,PROMO00163,2025-10-12,2025-11-16,2025-11-19,1,0,Expedia,Completed,GBP,7500.0,0,0.0,1350.0,8850.0,2022-07-24 15:53:37,2025-10-12 22:59:46
BOOK000828,CUST000611,HOT0141,ROOM001387,PROMO00077,2025-08-30,2025-10-13,2025-10-19,1,2,Website,Confirmed,AED,30000.0,20,6000.0,4320.0,28320.0,2026-07-11 08:35:39,2026-07-25 19:04:13
BOOK000829,CUST004134,HOT0157,ROOM001155,PROMO00023,2025-01-18,2025-02-25,2025-03-04,4,2,Expedia,Completed,INR,105000.0,0,0.0,18900.0,123900.0,2023-05-18 01:29:46,2023-05-23 02:51:41
BOOK000830,CUST004009,HOT0157,ROOM001300,PROMO00474,2026-01-29,2026-03-28,2026-03-31,2,2,Expedia,Completed,SGD,7500.0,5,375.0,1282.5,8407.5,2026-05-18 13:22:22,2026-05-23 03:50:19
BOOK000831,CUST002399,HOT0050,ROOM001373,PROMO00071,2026-05-03,2026-06-06,2026-06-08,2,2,Walk-In,Completed,INR,30000.0,15,4500.0,4590.0,30090.0,2025-07-24 15:30:30,2026-01-24 01:03:33
BOOK000832,CUST004254,HOT0118,ROOM000414,PROMO00436,2024-08-02,2024-08-13,2024-08-16,1,2,Website,Completed,AED,10500.0,20,2100.0,1512.0,9912.0,2020-02-19 16:16:42,2026-02-12 05:02:29
BOOK000833,CUST000143,HOT0207,ROOM001778,PROMO00479,2026-07-03,2026-08-20,2026-08-24,3,0,Booking.com,Completed,SGD,10000.0,5,500.0,1710.0,11210.0,2026-06-25 07:32:36,2026-07-02 06:21:15
BOOK000834,CUST001898,HOT0208,ROOM000084,PROMO00370,2025-04-09,2025-05-11,2025-05-12,4,1,Mobile App,No Show,USD,5000.0,5,250.0,855.0,5605.0,2023-06-16 07:44:37,2026-05-31 05:01:27
BOOK000835,CUST003080,HOT0031,ROOM000085,PROMO00337,2025-07-19,2025-08-15,2025-08-16,3,1,Expedia,Completed,USD,5000.0,5,250.0,855.0,5605.0,2021-10-14 09:07:43,2023-11-11 04:29:50
BOOK000836,CUST002791,HOT0125,ROOM000858,PROMO00266,2026-03-26,2026-04-18,2026-04-21,2,0,Walk-In,Completed,INR,10500.0,0,0.0,1890.0,12390.0,2025-11-08 01:48:05,2026-02-15 10:39:17
BOOK000837,CUST000650,HOT0101,ROOM001489,PROMO00251,2024-12-24,2025-02-07,2025-02-14,4,1,Website,Completed,AED,105000.0,0,0.0,18900.0,123900.0,2026-06-19 16:04:07,2026-07-19 06:35:42
BOOK000838,CUST004593,HOT0088,ROOM001314,PROMO00043,2025-03-14,2025-04-20,2025-04-25,3,1,Booking.com,Completed,EUR,35000.0,20,7000.0,5040.0,33040.0,2020-03-10 17:24:46,2020-04-21 15:51:12
BOOK000839,CUST004398,HOT0149,ROOM000681,PROMO00285,2026-06-28,2026-07-07,2026-07-11,1,2,Expedia,Completed,EUR,20000.0,10,2000.0,3240.0,21240.0,2024-10-12 10:07:47,2025-03-18 03:17:26
BOOK000840,CUST003013,HOT0169,ROOM000517,PROMO00448,2024-11-07,2024-11-12,2024-11-18,4,1,Website,Completed,SGD,30000.0,15,4500.0,4590.0,30090.0,2022-05-17 06:41:22,2023-09-04 13:10:21
BOOK000841,CUST001268,HOT0185,ROOM001661,PROMO00360,2026-04-11,2026-06-09,2026-06-13,4,0,Mobile App,Confirmed,AED,28000.0,20,5600.0,4032.0,26432.0,2024-03-12 14:32:42,2024-08-10 20:37:01
BOOK000842,CUST004575,HOT0193,ROOM000673,PROMO00178,2025-03-27,2025-03-29,2025-04-05,4,0,Mobile App,Confirmed,INR,17500.0,5,875.0,2992.5,19617.5,2023-02-16 01:40:25,2023-07-04 21:27:47
BOOK000843,CUST000589,HOT0186,ROOM001882,PROMO00330,2024-09-23,2024-11-16,2024-11-22,2,1,Walk-In,Cancelled,SGD,21000.0,20,4200.0,3024.0,19824.0,2026-07-20 01:52:12,2026-07-28 06:43:07
BOOK000844,CUST002676,HOT0219,ROOM000680,PROMO00020,2024-07-29,2024-08-01,2024-08-04,1,2,Mobile App,Cancelled,USD,10500.0,0,0.0,1890.0,-12390.0,2023-07-14 02:22:18,2024-10-21 00:29:45
BOOK000845,CUST000231,HOT0068,ROOM000296,PROMO00359,2025-02-27,2025-04-16,2025-04-18,4,1,Walk-In,Completed,EUR,7000.0,0,0.0,1260.0,8260.0,2021-12-31 01:34:10,2024-07-13 20:33:54
BOOK000846,CUST004483,HOT0149,ROOM000464,PROMO00402,2024-12-24,2025-02-11,2025-02-12,1,0,Walk-In,Completed,EUR,5000.0,10,500.0,810.0,5310.0,2026-01-11 14:32:48,2026-05-02 16:44:47
BOOK000847,CUST002363,HOT0065,ROOM001806,PROMO00116,2025-07-23,2025-09-10,2025-09-14,3,2,Expedia,Completed,USD,10000.0,15,1500.0,1530.0,10030.0,2020-06-15 18:38:21,2020-11-26 20:23:33
BOOK000848,CUST000491,HOT0024,ROOM000564,PROMO00101,2026-06-18,2026-08-11,2026-08-18,2,2,Travel Agent,Completed,EUR,35000.0,15,5250.0,5355.0,35105.0,2026-06-02 08:36:02,2026-07-06 06:14:27
BOOK000849,CUST001001,HOT0248,ROOM001234,PROMO00398,2025-06-03,2025-07-19,2025-07-21,1,1,Travel Agent,Completed,AED,30000.0,0,0.0,5400.0,35400.0,2022-11-02 07:48:20,2025-11-12 19:07:24
BOOK000850,CUST000122,HOT0017,ROOM000057,PROMO00289,2026-01-30,2026-03-15,2026-03-17,1,1,Website,Completed,INR,10000.0,20,2000.0,1440.0,9440.0,2020-09-11 01:10:24,2021-08-20 21:53:25
BOOK000851,CUST001392,HOT0044,ROOM000267,PROMO00439,2026-04-22,2026-06-09,2026-06-10,4,0,Travel Agent,Completed,INR,7000.0,0,0.0,1260.0,8260.0,2023-06-06 11:55:51,2024-06-05 07:29:17
BOOK000852,CUST001587,HOT0103,ROOM000362,PROMO00164,2025-10-21,2025-12-06,2025-12-07,1,1,Expedia,Completed,SGD,10000.0,5,500.0,1710.0,11210.0,2024-02-23 15:27:38,2025-04-21 23:17:20
BOOK000853,CUST005000,HOT0228,ROOM001792,PROMO00141,2026-07-28,2026-09-15,2026-09-18,1,1,Mobile App,Confirmed,AED,21000.0,20,4200.0,3024.0,19824.0,2023-11-19 05:37:03,2024-07-04 23:55:01
BOOK000854,CUST004063,HOT0066,ROOM001808,PROMO00328,2025-12-10,2026-01-10,2026-01-14,2,2,Website,Completed,USD,60000.0,0,0.0,10800.0,70800.0,2020-01-18 15:19:30,2025-06-25 22:27:46
BOOK000855,CUST004044,HOT0065,ROOM001312,PROMO00052,2025-08-16,2025-10-04,2025-10-10,4,2,Website,Cancelled,GBP,15000.0,5,750.0,2565.0,16815.0,2025-04-01 23:47:43,2026-06-11 01:08:00
BOOK000856,CUST000277,HOT0129,ROOM000010,PROMO00186,2026-03-21,2026-04-21,2026-04-23,4,2,Travel Agent,Completed,INR,5000.0,20,1000.0,720.0,4720.0,2020-04-14 09:20:06,2025-08-26 04:11:36
BOOK000857,CUST000319,HOT0027,ROOM001313,PROMO00466,2025-07-02,2025-07-26,2025-08-01,2,0,Expedia,Cancelled,USD,15000.0,20,3000.0,2160.0,14160.0,2021-05-19 10:59:44,2022-07-11 18:34:21
BOOK000858,CUST001360,HOT0040,ROOM000128,PROMO00416,2024-08-09,2024-08-28,2024-08-29,3,0,Walk-In,Confirmed,AED,5000.0,5,250.0,855.0,5605.0,2020-06-22 06:31:54,2025-06-09 13:40:40
BOOK000859,CUST000539,HOT0112,ROOM000614,PROMO00124,2026-03-21,2026-04-22,2026-04-27,4,1,Website,Confirmed,USD,12500.0,0,0.0,2250.0,14750.0,2024-05-22 02:13:16,2024-09-10 22:57:57
BOOK000860,CUST001348,HOT0094,ROOM001296,PROMO00104,2025-08-21,2025-10-01,2025-10-02,4,0,Travel Agent,Completed,SGD,5000.0,5,250.0,855.0,5605.0,2024-09-17 10:18:41,2026-07-25 23:33:56
BOOK000861,CUST004207,HOT0178,ROOM001272,PROMO00444,2025-04-29,2025-06-06,2025-06-10,1,0,Website,Completed,INR,10000.0,5,500.0,1710.0,11210.0,2024-09-06 03:14:13,2025-02-15 11:30:09
BOOK000862,CUST004938,HOT0099,ROOM001856,PROMO00289,2026-06-12,2026-06-26,2026-06-28,2,1,Website,Completed,EUR,7000.0,20,1400.0,1008.0,6608.0,2021-04-15 08:25:54,2022-02-04 17:43:25
BOOK000863,CUST003041,HOT0101,ROOM000823,PROMO00364,2026-02-14,2026-03-10,2026-03-16,2,1,Travel Agent,Cancelled,USD,30000.0,0,0.0,5400.0,35400.0,2020-08-27 19:36:40,2022-05-17 20:57:28
BOOK000864,CUST004667,HOT0235,ROOM000251,PROMO00346,2025-06-28,2025-07-08,2025-07-13,2,0,Walk-In,Completed,USD,17500.0,10,1750.0,2835.0,18585.0,2021-10-02 19:13:55,2022-05-17 14:29:40
BOOK000865,CUST999999,HOT0221,ROOM001890,PROMO00097,2026-05-16,2026-07-06,2026-07-10,4,2,Expedia,Cancelled,AED,28000.0,15,4200.0,4284.0,28084.0,2022-10-05 04:34:54,2025-09-30 03:10:54
BOOK000866,CUST003721,HOT0190,ROOM000833,PROMO00066,2025-07-19,2025-08-12,2025-08-14,4,1,Walk-In,Cancelled,EUR,30000.0,0,0.0,5400.0,35400.0,2023-03-19 06:46:34,2024-08-26 08:32:14
BOOK000867,CUST001556,HOT0194,ROOM001542,PROMO00496,2025-03-11,2025-04-19,2025-04-25,3,1,Website,No Show,AED,42000.0,15,6300.0,6426.0,42126.0,2022-01-03 12:40:56,2026-05-30 07:14:44
BOOK000868,CUST001641,HOT0153,ROOM001580,PROMO00464,2025-08-07,2025-08-30,2025-09-01,4,0,Walk-In,Completed,GBP,30000.0,15,4500.0,4590.0,30090.0,2021-12-22 10:13:10,2025-07-31 04:27:41
BOOK000869,CUST000823,HOT0157,ROOM000883,PROMO00047,2026-07-15,2026-09-06,2026-09-07,4,1,Walk-In,Completed,EUR,15000.0,20,3000.0,2160.0,14160.0,2026-06-07 03:56:57,2026-06-23 12:30:31
BOOK000870,CUST001445,HOT0097,ROOM000116,PROMO00413,2026-03-01,2026-03-07,2026-03-10,1,2,Mobile App,Completed,GBP,7500.0,0,0.0,1350.0,8850.0,2021-08-01 20:15:54,2025-09-07 08:32:20
BOOK000871,CUST001622,HOT0130,ROOM001626,PROMO00230,2025-09-23,2025-10-12,2025-10-18,2,0,Travel Agent,Completed,INR,21000.0,10,2100.0,3402.0,22302.0,2026-01-12 19:10:01,2026-06-12 11:05:19
BOOK000872,CUST001140,HOT0149,ROOM000638,PROMO00452,2025-01-10,2025-01-13,2025-01-19,2,0,Mobile App,Confirmed,USD,15000.0,0,0.0,2700.0,17700.0,2025-04-05 14:54:18,2025-09-06 00:08:49
BOOK000873,CUST004672,HOT0200,ROOM000859,PROMO00418,2024-09-29,2024-10-02,2024-10-06,3,2,Mobile App,Confirmed,USD,28000.0,0,0.0,5040.0,33040.0,2021-01-25 01:25:07,2021-09-09 10:17:44
BOOK000874,CUST003885,HOT0152,ROOM000483,PROMO00487,2026-01-14,2026-02-21,2026-02-26,3,2,Expedia,Confirmed,GBP,35000.0,5,1750.0,5985.0,39235.0,2025-02-23 00:55:15,2025-09-10 12:14:58
BOOK000875,CUST003385,HOT0043,ROOM000738,PROMO00299,2026-05-17,2026-06-21,2026-06-22,4,1,Walk-In,Confirmed,SGD,5000.0,15,750.0,765.0,5015.0,2024-04-03 06:15:01,2025-10-31 21:13:55
BOOK000876,CUST000427,HOT0085,ROOM000534,PROMO00026,2025-01-09,2025-02-06,2025-02-08,1,1,Walk-In,Completed,USD,30000.0,0,0.0,5400.0,35400.0,2025-11-06 18:43:08,2026-03-12 13:25:11
BOOK000877,CUST001700,HOT0153,ROOM001281,PROMO00174,2024-09-01,2024-09-27,2024-09-28,4,0,Travel Agent,Completed,INR,7000.0,10,700.0,1134.0,7434.0,2024-07-01 22:23:47,2026-02-19 06:11:30
BOOK000878,CUST001233,HOT0009,ROOM001819,PROMO00104,2025-02-24,2025-04-11,2025-04-17,3,2,Travel Agent,Confirmed,INR,15000.0,5,750.0,2565.0,16815.0,2020-05-28 08:58:37,2022-05-29 23:06:16
BOOK000879,CUST000249,HOT0222,ROOM001157,PROMO00007,2026-02-18,2026-02-27,2026-03-06,1,0,Travel Agent,Cancelled,GBP,105000.0,15,15750.0,16065.0,105315.0,2020-09-22 07:36:42,2022-07-26 03:24:18
BOOK000880,CUST001339,HOT0130,ROOM001119,PROMO00283,2026-01-03,2026-01-09,2026-01-10,4,2,Walk-In,No Show,AED,7000.0,20,1400.0,1008.0,6608.0,2023-07-26 12:57:43,2023-11-19 02:53:44
BOOK000881,CUST003732,HOT0027,ROOM000557,PROMO00297,2025-06-29,2025-08-06,2025-08-12,3,1,Expedia,Completed,INR,21000.0,0,0.0,3780.0,24780.0,2024-04-30 21:12:59,2025-03-29 10:30:49
BOOK000882,CUST003423,HOT0030,ROOM000319,PROMO00097,2026-05-04,2026-06-11,2026-06-13,3,0,Walk-In,Confirmed,AED,30000.0,5,1500.0,5130.0,33630.0,2020-03-12 10:39:36,2024-06-15 12:37:07
BOOK000883,CUST003668,HOT0191,ROOM000227,PROMO00343,2025-12-11,2025-12-27,2025-12-29,2,2,Expedia,Completed,EUR,20000.0,15,3000.0,3060.0,20060.0,2024-11-08 07:00:58,2026-01-16 03:58:23
BOOK000884,CUST001282,HOT0072,ROOM000874,PROMO00059,2024-11-23,2025-01-09,2025-01-12,3,0,Walk-In,Completed,EUR,30000.0,5,1500.0,5130.0,33630.0,2026-07-13 06:34:06,2026-07-26 02:35:51
BOOK000885,CUST002478,HOT0183,ROOM000946,PROMO00250,2025-12-31,2026-01-26,2026-02-02,3,2,Mobile App,Completed,EUR,70000.0,5,3500.0,11970.0,78470.0,2022-11-12 16:01:31,2026-04-28 08:21:24
BOOK000886,CUST003920,HOT0186,ROOM000244,PROMO00108,2025-11-15,2026-01-05,2026-01-11,4,1,Travel Agent,Completed,GBP,60000.0,10,6000.0,9720.0,63720.0,2024-09-30 11:38:20,2024-10-28 05:29:23
BOOK000887,CUST004377,HOT0237,ROOM000303,PROMO00158,2026-05-21,2026-07-10,2026-07-13,3,1,Mobile App,Confirmed,USD,10500.0,10,1050.0,1701.0,11151.0,2024-03-05 01:41:06,2024-08-23 08:22:10
BOOK000888,CUST001675,HOT0196,ROOM000515,PROMO00228,2025-07-04,2025-07-27,2025-07-31,1,2,Expedia,Completed,INR,14000.0,10,1400.0,2268.0,14868.0,2022-10-19 11:44:29,2026-01-20 17:30:31
BOOK000889,CUST003372,HOT0233,ROOM000808,PROMO00376,2025-07-20,2025-09-16,2025-09-20,1,1,Expedia,Completed,SGD,28000.0,10,2800.0,4536.0,29736.0,2023-06-01 22:09:33,2025-05-06 11:34:33
BOOK000890,CUST003182,HOT0009,ROOM000617,PROMO00366,2026-05-14,2026-06-20,2026-06-27,3,2,Walk-In,Completed,INR,70000.0,5,3500.0,11970.0,78470.0,2024-03-02 21:46:14,2024-03-26 23:36:52
BOOK000891,CUST003570,HOT0108,ROOM001295,PROMO00259,2024-10-01,2024-10-12,2024-10-13,1,0,Booking.com,Completed,INR,3500.0,5,175.0,598.5,3923.5,2021-05-02 23:10:06,2022-07-05 09:44:40
BOOK000892,CUST004035,HOT0202,ROOM000028,PROMO00126,2025-03-14,2025-04-19,2025-04-23,4,0,Walk-In,Completed,AED,28000.0,15,4200.0,4284.0,28084.0,2022-11-15 16:42:03,2025-11-25 09:44:31
BOOK000893,CUST002289,HOT0116,ROOM000727,PROMO00027,2024-12-27,2024-12-29,2025-01-04,2,2,Travel Agent,Completed,SGD,15000.0,10,1500.0,2430.0,15930.0,2024-10-06 11:38:13,2025-06-14 18:07:36
BOOK000894,CUST000380,HOT0183,ROOM000052,PROMO00463,2024-11-02,2024-12-16,2024-12-19,3,2,Booking.com,Completed,EUR,21000.0,0,0.0,3780.0,24780.0,2024-12-28 10:43:29,2025-03-02 07:17:55
BOOK000895,CUST003546,HOT0040,ROOM001022,PROMO00212,2025-03-25,2025-03-26,2025-03-27,1,2,Walk-In,Completed,SGD,3500.0,5,175.0,598.5,3923.5,2020-04-20 12:43:36,2023-09-10 21:26:41
BOOK000896,CUST002984,HOT0139,ROOM000822,PROMO00063,2024-08-08,2024-08-23,2024-08-30,1,0,Mobile App,Completed,EUR,70000.0,5,3500.0,11970.0,78470.0,2024-06-19 15:34:03,2026-05-27 09:42:59
BOOK000897,CUST002287,HOT0109,ROOM001907,PROMO00093,2026-04-10,2026-05-08,2026-05-13,2,0,Walk-In,Completed,USD,50000.0,0,0.0,9000.0,59000.0,2024-02-07 12:52:20,2025-12-05 19:19:29
BOOK000898,CUST004713,HOT0184,ROOM000161,PROMO00018,2026-05-26,2026-07-11,2026-07-15,2,0,Walk-In,Completed,AED,40000.0,15,6000.0,6120.0,40120.0,2025-12-27 05:18:18,2026-05-21 03:54:08
BOOK000899,CUST000891,HOT0053,ROOM000387,PROMO00272,2026-03-27,2026-03-30,2026-04-05,2,1,Walk-In,Completed,GBP,15000.0,15,2250.0,2295.0,15045.0,2025-05-23 02:34:44,2026-07-10 11:03:14
BOOK000900,CUST004253,HOT0180,ROOM001198,PROMO00261,2026-01-06,2026-02-25,2026-03-03,4,0,Travel Agent,Completed,GBP,21000.0,0,0.0,3780.0,24780.0,2023-10-15 14:26:12,2024-04-05 12:00:53
BOOK000901,CUST004183,HOT0109,ROOM001907,PROMO00422,2024-10-17,2024-12-07,2024-12-11,3,1,Mobile App,Completed,INR,40000.0,20,8000.0,5760.0,37760.0,2025-01-26 10:48:02,2026-05-28 23:50:46
BOOK000902,CUST002104,HOT0057,ROOM001892,PROMO00433,2025-07-23,2025-08-11,2025-08-17,4,0,Booking.com,Completed,INR,42000.0,0,0.0,7560.0,49560.0,2025-09-13 08:31:22,2025-11-24 06:39:13
BOOK000903,CUST002125,HOT0151,ROOM001876,PROMO00258,2025-12-20,2026-01-06,2026-01-08,1,0,Mobile App,Completed,EUR,7000.0,5,350.0,1197.0,7847.0,2021-12-01 10:09:32,2024-12-03 06:40:48
BOOK000904,CUST000450,HOT0238,ROOM000191,PROMO00007,2026-06-18,2026-07-17,2026-07-24,3,0,Mobile App,Completed,EUR,49000.0,10,4900.0,7938.0,52038.0,2024-10-02 01:10:42,2026-02-26 17:08:37
BOOK000905,CUST003964,HOT0042,ROOM001953,PROMO00346,2026-02-07,2026-03-09,2026-03-16,1,1,Walk-In,Completed,AED,49000.0,0,0.0,8820.0,57820.0,2023-06-28 10:40:20,2026-03-13 21:47:02
BOOK000906,CUST003829,HOT0071,ROOM001196,PROMO00078,2026-03-20,2026-03-24,2026-03-31,2,2,Booking.com,Completed,GBP,49000.0,5,2450.0,8379.0,54929.0,2020-12-18 10:40:05,2023-02-15 01:49:35
BOOK000907,CUST002457,HOT0238,ROOM001435,PROMO00321,2025-09-30,2025-10-15,2025-10-22,2,1,Website,Confirmed,SGD,105000.0,5,5250.0,17955.0,117705.0,2024-11-07 05:59:10,2025-04-11 10:12:09
BOOK000908,CUST003925,HOT0141,ROOM001205,PROMO00061,2024-09-23,2024-10-23,2024-10-27,1,1,Website,Cancelled,GBP,40000.0,10,4000.0,6480.0,42480.0,2025-12-15 11:41:23,2026-05-29 17:17:43
BOOK000909,CUST001790,HOT0048,ROOM000456,PROMO00169,2025-06-04,2025-07-21,2025-07-25,4,0,Booking.com,Completed,INR,14000.0,5,700.0,2394.0,15694.0,2022-01-20 15:31:23,2026-02-18 00:29:58
BOOK000910,CUST003754,HOT0092,ROOM001335,PROMO00166,2025-02-27,2025-04-26,2025-04-29,4,2,Mobile App,Confirmed,SGD,30000.0,10,3000.0,4860.0,31860.0,2022-06-03 16:46:03,2026-03-30 10:12:48
BOOK000911,CUST004481,HOT0248,ROOM001673,PROMO00129,2025-03-16,2025-03-26,2025-04-01,2,1,Travel Agent,Completed,USD,21000.0,0,0.0,3780.0,24780.0,2024-07-17 10:17:39,2026-04-26 15:45:01
BOOK000912,CUST000639,HOT0134,ROOM001354,PROMO00014,2025-01-09,2025-03-03,2025-03-07,1,1,Mobile App,Completed,EUR,20000.0,20,4000.0,2880.0,18880.0,2021-05-05 18:57:38,2023-06-07 21:56:28
BOOK000913,CUST004256,HOT0248,ROOM001234,PROMO00309,2025-07-20,2025-09-05,2025-09-07,2,1,Website,Cancelled,,30000.0,15,4500.0,4590.0,30090.0,2025-04-11 23:46:30,2025-08-26 18:56:39
BOOK000914,CUST001270,HOT0014,ROOM001872,PROMO00081,2026-07-26,2026-08-04,2026-08-07,2,1,Mobile App,Completed,INR,10500.0,20,2100.0,1512.0,9912.0,2025-10-22 14:38:44,2026-07-24 05:39:40
BOOK000915,CUST001004,HOT0066,ROOM000430,PROMO00219,2025-04-13,2025-05-07,2025-05-10,3,1,Travel Agent,Completed,USD,45000.0,5,2250.0,7695.0,50445.0,2021-03-15 05:27:40,2023-02-26 11:23:41
BOOK000916,CUST002630,HOT0211,ROOM001516,PROMO00179,2025-02-19,2025-03-06,2025-03-10,1,0,Mobile App,Completed,SGD,20000.0,15,3000.0,3060.0,20060.0,2024-02-02 08:08:41,2025-02-27 22:43:20
BOOK000917,CUST000419,HOT0060,ROOM000736,PROMO00181,2025-06-04,2025-07-11,2025-07-15,3,2,Walk-In,No Show,SGD,40000.0,15,6000.0,6120.0,40120.0,2023-09-07 15:24:02,2025-03-21 22:09:34
BOOK000918,CUST003541,HOT0027,ROOM001313,PROMO00169,2024-09-04,2024-10-31,2024-11-07,2,0,Walk-In,Completed,EUR,17500.0,10,1750.0,2835.0,18585.0,2023-03-12 12:20:43,2023-05-20 16:29:58
BOOK000919,CUST000822,HOT0105,ROOM001349,PROMO00034,2024-09-22,2024-10-09,2024-10-13,1,1,Website,Completed,AED,28000.0,15,4200.0,4284.0,28084.0,2026-04-22 11:55:00,2026-06-18 00:36:40
BOOK000920,CUST004048,HOT0183,ROOM000672,PROMO00070,2025-10-20,2025-11-18,2025-11-21,4,2,Website,Completed,EUR,30000.0,0,0.0,5400.0,35400.0,2020-08-06 17:43:37,2025-09-05 17:01:01
BOOK000921,CUST003730,HOT0200,ROOM001202,PROMO00208,2026-04-12,2026-06-01,2026-06-07,4,1,Booking.com,Cancelled,SGD,15000.0,0,0.0,2700.0,17700.0,2025-05-07 10:02:15,2026-04-09 19:37:23
BOOK000922,CUST002415,HOT0214,ROOM000712,PROMO00293,2025-04-11,2025-05-24,2025-05-30,3,1,Travel Agent,Completed,EUR,42000.0,15,6300.0,6426.0,42126.0,2021-01-08 23:44:33,2021-10-05 16:06:45
BOOK000923,CUST003061,HOT0191,ROOM000262,PROMO00175,2025-07-23,2025-09-14,2025-09-21,4,2,Mobile App,Completed,EUR,17500.0,0,0.0,3150.0,20650.0,2026-04-08 17:33:06,2026-06-04 09:54:44
BOOK000924,CUST001299,HOT0187,ROOM001719,PROMO00407,2025-10-01,2025-10-21,2025-10-27,2,1,Booking.com,Completed,EUR,90000.0,0,0.0,16200.0,106200.0,2022-11-09 23:17:05,2024-07-23 07:40:05
BOOK000925,CUST004833,HOT0055,ROOM001740,PROMO00195,2025-04-24,2025-05-03,2025-05-08,2,1,Mobile App,Completed,AED,50000.0,15,7500.0,7650.0,50150.0,2021-06-22 01:18:12,2024-04-30 10:17:02
BOOK000926,CUST001052,HOT0020,ROOM000017,PROMO00187,2025-12-27,2026-01-10,2026-01-17,3,2,Travel Agent,No Show,GBP,17500.0,5,875.0,2992.5,19617.5,2021-08-28 05:38:33,2022-05-31 10:46:58
BOOK000927,CUST003797,HOT0030,ROOM000319,PROMO00476,2025-03-08,2025-03-25,2025-03-28,2,1,Expedia,Completed,GBP,45000.0,15,6750.0,6885.0,45135.0,2023-04-30 07:30:32,2025-03-02 10:20:31
BOOK000928,CUST004348,HOT0015,ROOM001145,PROMO00259,2026-04-02,2026-05-06,2026-05-07,3,2,Travel Agent,Completed,GBP,7000.0,0,0.0,1260.0,8260.0,2021-05-16 22:37:10,2023-05-02 00:03:07
BOOK000929,CUST003568,HOT0136,ROOM000789,PROMO00121,2024-12-01,2024-12-10,2024-12-15,4,0,Website,No Show,SGD,75000.0,20,15000.0,10800.0,70800.0,2025-11-16 11:23:54,2026-05-01 09:44:14
BOOK000930,CUST004977,HOT0165,ROOM000984,PROMO00019,2024-09-01,2024-09-16,2024-09-18,4,0,Expedia,Cancelled,AED,10000.0,20,2000.0,1440.0,9440.0,2024-10-29 14:43:30,2026-07-15 00:41:56
BOOK000931,CUST001875,HOT0154,ROOM001019,PROMO00414,2025-06-29,2025-07-27,2025-08-02,4,1,Expedia,Completed,SGD,30000.0,10,3000.0,4860.0,31860.0,2023-03-14 23:06:41,2025-11-22 15:08:33
BOOK000932,CUST004028,HOT0141,ROOM001677,PROMO00345,2025-11-01,2025-11-13,2025-11-20,1,2,Website,Completed,EUR,17500.0,5,875.0,2992.5,19617.5,2020-01-22 18:09:54,2022-05-12 21:39:26
BOOK000933,CUST001061,HOT0046,ROOM001412,PROMO00383,2024-11-05,2024-11-14,2024-11-15,3,1,Website,Completed,AED,10000.0,10,1000.0,1620.0,10620.0,2023-03-13 08:10:26,2025-01-16 15:04:17
BOOK000934,CUST002656,HOT0182,ROOM000075,PROMO00248,2024-10-06,2024-11-06,2024-11-08,1,2,Expedia,Confirmed,EUR,7000.0,10,700.0,1134.0,7434.0,2021-08-22 16:33:29,2024-02-13 00:42:37
BOOK000935,CUST001763,HOT0238,ROOM001435,PROMO00030,2025-11-02,2025-11-13,2025-11-14,2,0,Booking.com,Completed,SGD,15000.0,0,0.0,2700.0,17700.0,2023-12-03 23:41:43,2024-12-16 23:37:59
BOOK000936,CUST000987,HOT0129,ROOM000913,PROMO00385,2026-05-27,2026-07-01,2026-07-03,1,2,Mobile App,Completed,EUR,14000.0,15,2100.0,2142.0,14042.0,2020-07-28 06:59:06,2020-12-02 09:20:59
BOOK000937,CUST004850,HOT0079,ROOM001325,PROMO00028,2026-06-28,2026-07-16,2026-07-22,3,1,Mobile App,Cancelled,INR,21000.0,5,1050.0,3591.0,23541.0,2024-01-28 05:04:54,2025-04-13 05:32:20
BOOK000938,CUST004997,HOT0149,ROOM000638,PROMO00320,2026-02-21,2026-04-02,2026-04-07,4,2,Mobile App,No Show,SGD,12500.0,15,1875.0,1912.5,12537.5,2026-01-01 18:01:08,2026-05-17 18:40:29
BOOK000939,CUST002827,HOT0061,ROOM000735,PROMO00275,2026-03-23,2026-04-19,2026-04-24,2,2,Walk-In,Completed,GBP,12500.0,10,1250.0,2025.0,13275.0,2024-11-26 16:58:50,2026-01-05 07:37:46
BOOK000940,CUST000850,HOT0031,ROOM000316,PROMO00201,2025-04-16,2025-05-24,2025-05-28,2,0,Expedia,Completed,SGD,60000.0,15,9000.0,9180.0,60180.0,2025-11-04 08:43:27,2026-06-09 09:01:23
BOOK000941,CUST001219,HOT0113,ROOM000915,PROMO00285,2025-09-27,2025-10-28,2025-10-31,2,1,Travel Agent,Confirmed,SGD,30000.0,0,0.0,5400.0,35400.0,2024-06-04 16:23:12,2025-01-28 16:41:03
BOOK000942,CUST000287,HOT0054,ROOM001092,PROMO00437,2026-02-16,2026-04-11,2026-04-12,1,1,Expedia,Confirmed,GBP,5000.0,15,750.0,765.0,5015.0,2025-05-22 09:00:10,2026-04-22 21:36:26
BOOK000943,CUST003088,HOT0075,ROOM000442,PROMO00024,2026-01-28,2026-03-25,2026-03-31,1,0,Booking.com,Cancelled,GBP,15000.0,0,0.0,2700.0,17700.0,2025-10-24 12:56:19,2026-01-27 11:51:30
BOOK000944,CUST004004,HOT0120,ROOM001388,PROMO00179,2024-12-31,2025-02-07,2025-02-12,3,0,Travel Agent,Confirmed,GBP,25000.0,10,2500.0,4050.0,26550.0,2020-05-14 04:09:16,2022-01-21 22:55:41
BOOK000945,CUST002273,HOT0156,ROOM000390,PROMO00418,2025-08-08,2025-08-15,2025-08-16,4,2,Walk-In,Completed,AED,7000.0,10,700.0,1134.0,7434.0,2023-05-24 10:14:50,2024-06-09 12:30:42
BOOK000946,CUST004469,HOT0033,ROOM001059,PROMO00443,2024-12-12,2024-12-31,2025-01-06,2,0,Expedia,Completed,AED,15000.0,5,750.0,2565.0,16815.0,2021-09-08 16:46:26,2023-07-04 12:16:32
BOOK000947,CUST004741,HOT0004,ROOM001613,PROMO00412,2025-02-02,2025-02-19,2025-02-24,2,1,Travel Agent,Completed,SGD,12500.0,10,1250.0,2025.0,13275.0,2021-06-10 09:43:38,2024-10-19 08:51:29
BOOK000948,CUST004804,HOT0126,ROOM001521,PROMO00188,2025-02-14,2025-03-31,2025-04-06,2,2,Website,Confirmed,SGD,90000.0,10,9000.0,14580.0,95580.0,2020-07-29 00:41:40,2024-08-17 00:08:07
BOOK000949,CUST001537,HOT0131,ROOM000225,PROMO00187,2025-04-26,2025-06-17,2025-06-21,4,1,Booking.com,Completed,AED,28000.0,0,0.0,5040.0,33040.0,2021-05-04 18:56:57,2021-07-07 06:24:34
BOOK000950,CUST003096,HOT0076,ROOM000987,PROMO00308,2024-11-18,2025-01-06,2025-01-10,4,2,Booking.com,No Show,GBP,28000.0,0,0.0,5040.0,33040.0,2022-05-14 15:10:48,2024-04-21 16:41:35
BOOK000951,CUST002796,HOT0230,ROOM000429,PROMO00076,2026-04-27,2026-05-23,2026-05-24,1,1,Mobile App,No Show,AED,7000.0,15,1050.0,1071.0,7021.0,2020-08-18 17:39:39,2024-06-10 17:10:29
BOOK000952,CUST000218,HOT0113,ROOM001270,PROMO00264,2025-12-05,2026-01-13,2026-01-19,4,2,Mobile App,Confirmed,GBP,30000.0,15,4500.0,4590.0,30090.0,2022-07-17 20:28:35,2023-09-25 09:21:37
BOOK000953,CUST001449,HOT0177,ROOM000778,PROMO00204,2025-02-20,2025-04-03,2025-04-06,3,1,Website,Confirmed,AED,21000.0,10,2100.0,3402.0,22302.0,2025-09-23 06:05:13,2026-02-01 15:02:09
BOOK000954,CUST000848,HOT0220,ROOM000973,PROMO00239,2025-02-18,2025-03-28,2025-04-02,2,1,Booking.com,Completed,USD,12500.0,20,2500.0,1800.0,11800.0,2022-09-19 15:46:12,2024-05-19 10:27:29
BOOK000955,CUST003425,HOT0078,ROOM000792,PROMO00401,2024-08-17,2024-08-25,2024-08-29,4,2,Travel Agent,Completed,USD,60000.0,20,12000.0,8640.0,56640.0,2021-10-18 19:05:12,2023-04-26 04:24:09
BOOK000956,CUST004531,HOT0029,ROOM000826,PROMO00111,2026-06-05,2026-06-28,2026-07-05,1,2,Mobile App,Completed,SGD,35000.0,20,7000.0,5040.0,33040.0,2025-08-28 09:40:57,2026-04-27 17:35:02
BOOK000957,CUST004986,HOT0133,ROOM001851,PROMO00374,2026-06-29,2026-07-17,2026-07-22,1,0,Booking.com,Confirmed,INR,75000.0,5,3750.0,12825.0,84075.0,2020-09-15 13:59:48,2024-08-06 14:57:43
BOOK000958,CUST004719,HOT0221,ROOM001813,PROMO00125,2026-04-14,2026-06-04,2026-06-05,2,1,Website,Completed,GBP,5000.0,20,1000.0,720.0,4720.0,2021-10-12 21:55:17,2026-06-09 14:32:22
BOOK000959,CUST001289,HOT0112,ROOM000857,PROMO00399,2026-04-11,2026-06-04,2026-06-06,1,0,Mobile App,Completed,INR,20000.0,10,2000.0,3240.0,21240.0,2025-08-20 08:03:48,2026-07-04 18:19:14
BOOK000960,CUST002729,HOT0070,ROOM000957,PROMO00069,2024-09-24,2024-10-14,2024-10-20,4,2,Mobile App,Completed,GBP,15000.0,20,3000.0,2160.0,14160.0,2022-09-24 04:08:27,2026-04-16 13:18:40
BOOK000961,CUST004028,HOT0071,ROOM000478,PROMO00489,2025-07-30,2025-08-28,2025-09-04,4,1,Mobile App,Completed,EUR,49000.0,15,7350.0,7497.0,49147.0,2024-10-03 00:52:29,2026-07-19 04:05:56
BOOK000962,CUST000553,HOT0073,ROOM000308,PROMO00384,2025-11-13,2026-01-12,2026-01-19,1,0,Booking.com,Confirmed,USD,17500.0,0,0.0,3150.0,20650.0,2026-06-28 18:17:28,2026-07-03 04:02:29
BOOK000963,CUST004947,HOT0222,ROOM001157,PROMO00343,2026-06-26,2026-07-28,2026-08-01,2,0,Walk-In,Confirmed,USD,60000.0,10,6000.0,9720.0,63720.0,2020-07-01 05:22:16,2025-06-05 19:45:47
BOOK000964,CUST002454,HOT0176,ROOM001999,PROMO00225,2025-02-16,2025-02-23,2025-02-27,4,1,Walk-In,Confirmed,INR,20000.0,15,3000.0,3060.0,20060.0,2024-09-12 06:06:13,2024-10-04 17:08:10
BOOK000965,CUST001717,HOT0245,ROOM001326,PROMO00090,2025-08-28,2025-09-08,2025-09-13,4,0,Walk-In,Completed,AED,25000.0,5,1250.0,4275.0,28025.0,2024-10-21 19:29:12,2026-06-20 04:48:51
BOOK000966,CUST004905,HOT0126,ROOM001521,PROMO00186,2025-07-18,2025-07-25,2025-07-26,1,2,Mobile App,Confirmed,GBP,15000.0,5,750.0,2565.0,16815.0,2025-07-21 14:31:58,2026-01-12 23:55:10
BOOK000967,CUST003522,HOT0229,ROOM000343,PROMO00005,2024-12-17,2025-02-07,2025-02-12,3,0,Expedia,Completed,USD,12500.0,15,1875.0,1912.5,12537.5,2022-02-24 03:33:14,2026-05-19 12:35:39
BOOK000968,CUST003653,HOT0187,ROOM001862,PROMO00167,2025-04-24,2025-06-22,2025-06-26,4,2,Mobile App,Completed,AED,10000.0,0,0.0,1800.0,11800.0,2023-09-04 17:59:24,2025-03-04 18:18:07
BOOK000969,CUST002603,HOT0095,ROOM002000,PROMO00190,2024-11-21,2024-11-29,2024-12-01,1,0,Travel Agent,Completed,USD,7000.0,0,0.0,1260.0,8260.0,2021-03-10 16:18:34,2026-04-09 16:08:52
BOOK000970,CUST003295,HOT0121,ROOM001932,PROMO00261,2025-08-19,2025-08-28,2025-09-02,3,1,Booking.com,Cancelled,GBP,25000.0,20,5000.0,3600.0,23600.0,2026-03-04 15:13:28,2026-04-19 11:15:07
BOOK000971,CUST000928,HOT0065,ROOM000553,PROMO00105,2025-06-13,2025-08-08,2025-08-09,3,2,Walk-In,Completed,INR,3500.0,0,0.0,630.0,4130.0,2025-09-02 23:33:05,2026-06-03 22:02:04
BOOK000972,CUST002566,HOT0048,ROOM001545,PROMO00435,2025-04-28,2025-05-29,2025-06-03,2,0,Website,Completed,USD,12500.0,20,2500.0,1800.0,11800.0,2020-06-15 18:14:29,2024-01-08 19:55:58
BOOK000973,CUST000917,HOT0094,ROOM001039,PROMO00030,2026-02-12,2026-03-15,2026-03-19,4,2,Walk-In,Completed,GBP,20000.0,5,1000.0,3420.0,22420.0,2025-04-24 00:17:28,2026-04-10 09:11:47
BOOK000974,CUST003052,HOT0180,ROOM000475,PROMO00434,2025-05-29,2025-06-07,2025-06-13,1,2,Travel Agent,Completed,USD,21000.0,5,1050.0,3591.0,23541.0,2026-04-15 22:32:52,2026-06-02 14:06:28
BOOK000975,CUST002671,HOT0049,ROOM001584,PROMO00298,2024-08-06,2024-10-05,2024-10-09,1,2,Travel Agent,Completed,USD,10000.0,15,1500.0,1530.0,10030.0,2024-03-17 12:57:27,2025-09-14 14:09:24
BOOK000976,CUST003253,HOT0049,ROOM000440,PROMO00157,2025-12-21,2025-12-29,2026-01-02,1,2,Booking.com,No Show,USD,20000.0,10,2000.0,3240.0,21240.0,2021-11-03 19:27:48,2025-01-15 10:44:22
BOOK000977,CUST004505,HOT0103,ROOM000176,PROMO00291,2025-06-01,2025-07-08,2025-07-15,2,1,Travel Agent,Completed,USD,49000.0,20,9800.0,7056.0,46256.0,2022-05-26 04:28:13,2023-11-21 04:41:45
BOOK000978,CUST000206,HOT0220,ROOM000344,PROMO00478,2025-11-07,2025-12-20,2025-12-21,4,2,Booking.com,Completed,EUR,15000.0,0,0.0,2700.0,17700.0,2025-11-16 23:03:35,2026-07-22 21:17:17
BOOK000979,CUST004922,HOT0189,ROOM000022,PROMO00364,2026-06-27,2026-08-14,2026-08-17,1,1,Website,Confirmed,AED,45000.0,5,2250.0,7695.0,50445.0,2024-03-13 05:36:08,2025-11-25 19:32:01
BOOK000980,CUST004424,HOT0034,ROOM001172,PROMO00350,2026-07-27,2026-09-03,2026-09-05,4,0,Mobile App,Confirmed,SGD,5000.0,15,750.0,765.0,5015.0,2020-07-24 21:27:42,2025-01-16 20:04:54
BOOK000981,CUST000285,HOT0161,ROOM000648,PROMO00345,2024-08-02,2024-08-05,2024-08-10,4,2,Website,Completed,USD,12500.0,15,1875.0,1912.5,12537.5,2026-01-04 06:02:57,2026-01-30 21:11:08
BOOK000982,CUST000679,HOT0183,ROOM000697,PROMO00042,2026-04-23,2026-06-06,2026-06-08,1,1,Expedia,Confirmed,EUR,7000.0,15,1050.0,1071.0,7021.0,2023-04-10 19:52:57,2024-02-18 03:45:55
BOOK000983,CUST003140,HOT0209,ROOM000791,PROMO00211,2026-03-05,2026-04-08,2026-04-10,3,1,Expedia,No Show,GBP,5000.0,15,750.0,765.0,5015.0,2022-02-18 12:21:39,2023-01-14 07:59:40
BOOK000984,CUST001867,HOT0001,ROOM000598,PROMO00111,2025-01-13,2025-01-27,2025-02-03,2,1,Mobile App,Completed,INR,49000.0,15,7350.0,7497.0,49147.0,2022-01-16 02:03:56,2025-04-06 03:26:06
BOOK000985,CUST001617,HOT0009,ROOM000278,PROMO00341,2026-04-21,2026-04-25,2026-05-02,3,1,Walk-In,Completed,AED,70000.0,15,10500.0,10710.0,70210.0,2024-10-28 08:53:34,2025-07-08 22:57:23
BOOK000986,CUST003760,HOT0049,ROOM001045,PROMO00449,2026-01-09,2026-02-12,2026-02-15,3,0,Website,Cancelled,EUR,15000.0,15,2250.0,2295.0,15045.0,2023-05-22 04:15:32,2025-11-20 03:12:53
BOOK000987,CUST002504,HOT0233,ROOM000117,PROMO00055,2025-02-18,2025-04-05,2025-04-06,1,0,Booking.com,Confirmed,INR,15000.0,0,0.0,2700.0,17700.0,2026-02-09 03:29:20,2026-07-09 22:35:16
BOOK000988,CUST004781,HOT0052,ROOM001749,PROMO00031,2024-09-15,2024-10-12,2024-10-16,1,1,Mobile App,Completed,AED,28000.0,20,5600.0,4032.0,26432.0,2021-03-07 13:27:08,2023-06-06 10:27:41
BOOK000989,CUST003919,HOT0008,ROOM000150,PROMO00369,2024-11-07,2024-11-24,2024-11-28,2,0,Expedia,Completed,SGD,60000.0,0,0.0,10800.0,70800.0,2024-11-18 17:45:43,2026-04-02 09:26:28
BOOK000990,CUST004947,HOT0006,ROOM000952,PROMO00196,2024-08-05,2024-08-16,2024-08-05,2,1,Travel Agent,Completed,GBP,30000.0,20,6000.0,4320.0,28320.0,2021-12-02 20:40:05,2023-06-01 12:09:28
BOOK000991,CUST003509,HOT0242,ROOM001224,PROMO00355,2025-01-15,2025-01-25,2025-01-27,2,2,Walk-In,Completed,SGD,30000.0,0,0.0,5400.0,35400.0,2024-05-11 16:53:04,2025-08-15 16:08:09
BOOK000992,CUST003626,HOT0120,ROOM001388,PROMO00294,2026-05-23,2026-05-28,2026-05-29,4,2,Website,Completed,AED,5000.0,0,0.0,900.0,5900.0,2020-04-22 22:53:35,2026-04-10 05:25:33
BOOK000993,CUST003672,HOT0174,ROOM001835,PROMO00197,2026-02-03,2026-03-26,2026-04-02,3,1,Walk-In,Confirmed,INR,17500.0,15,2625.0,2677.5,17552.5,2022-06-19 04:42:20,2025-09-13 02:13:33
BOOK000994,CUST000838,HOT0240,ROOM000053,PROMO00456,2026-02-03,2026-03-28,2026-03-30,4,2,Website,Completed,INR,5000.0,20,1000.0,720.0,4720.0,2025-11-30 16:52:18,2025-12-10 11:53:04
BOOK000995,CUST003683,HOT0033,ROOM000223,PROMO00076,2026-05-18,2026-06-05,2026-06-08,3,1,Booking.com,Completed,USD,30000.0,5,1500.0,5130.0,33630.0,2023-10-16 16:42:45,2024-08-09 10:39:44
BOOK000996,CUST001917,HOT0165,ROOM000984,PROMO00358,2025-09-16,2025-11-06,2025-11-13,3,1,Expedia,Completed,GBP,35000.0,15,5250.0,5355.0,35105.0,2020-06-30 01:29:55,2025-10-12 04:23:38
BOOK000997,CUST004964,HOT0162,ROOM000119,PROMO00036,2024-10-28,2024-10-29,2024-10-30,1,1,Travel Agent,Completed,INR,10000.0,10,1000.0,1620.0,10620.0,2026-07-28 17:18:59,2026-07-29 16:55:52
BOOK000998,CUST001481,HOT0039,ROOM000164,PROMO00308,2025-06-02,2025-06-06,2025-06-13,1,1,Booking.com,Completed,USD,17500.0,5,875.0,2992.5,19617.5,2020-11-20 08:26:00,2023-05-20 03:57:52
BOOK000999,CUST002323,HOT0009,ROOM000882,PROMO00453,2025-12-23,2026-01-17,2026-01-21,1,1,Website,Completed,SGD,60000.0,10,6000.0,9720.0,63720.0,2025-03-03 11:55:19,2025-09-13 13:14:09
BOOK001000,CUST004187,HOT0155,ROOM001225,PROMO00376,2024-08-24,2024-09-19,2024-09-24,1,2,Expedia,Completed,GBP,35000.0,0,0.0,6300.0,41300.0,2022-08-19 08:01:37,2026-04-26 10:36:26
BOOK001001,CUST000929,HOT0201,ROOM000526,PROMO00489,2026-06-25,2026-08-22,2026-08-25,1,1,Booking.com,Completed,EUR,7500.0,0,0.0,1350.0,8850.0,2025-11-18 00:19:44,2026-03-22 14:10:08
BOOK001002,CUST002780,HOT0107,ROOM001696,PROMO00389,2024-10-15,2024-11-14,2024-11-20,2,0,Travel Agent,Completed,SGD,21000.0,10,2100.0,3402.0,22302.0,2024-04-15 21:12:18,2025-08-28 18:51:40
BOOK001003,CUST003990,HOT0207,ROOM001778,PROMO00158,2025-03-18,2025-03-27,2025-04-03,3,0,Travel Agent,Completed,AED,17500.0,5,875.0,2992.5,19617.5,2020-04-02 04:30:25,2024-12-22 18:11:50
BOOK001004,CUST002858,HOT0094,ROOM001296,PROMO00285,2024-11-17,2025-01-04,2025-01-07,1,1,Mobile App,Completed,INR,15000.0,0,0.0,2700.0,17700.0,2020-05-17 23:30:57,2026-03-18 00:32:38
BOOK001005,CUST001713,HOT0044,ROOM000293,PROMO00439,2024-08-04,2024-09-14,2024-09-19,2,0,Mobile App,Confirmed,GBP,75000.0,20,15000.0,10800.0,70800.0,2023-08-12 10:46:07,2025-04-23 05:50:29
BOOK001006,CUST004126,HOT0236,ROOM001535,PROMO00492,2025-02-09,2025-03-09,2025-03-12,2,0,Travel Agent,Cancelled,GBP,45000.0,10,4500.0,7290.0,47790.0,2020-05-29 02:35:08,2022-12-12 19:16:12
BOOK001007,CUST000182,HOT0127,ROOM001352,PROMO00175,2024-12-25,2025-01-10,2025-01-15,2,1,Walk-In,Completed,INR,25000.0,5,1250.0,4275.0,28025.0,2025-01-04 08:01:49,2026-02-07 13:53:10
BOOK001008,CUST002879,HOT0220,ROOM001982,PROMO00074,2025-01-13,2025-01-16,2025-01-18,2,0,Mobile App,Completed,SGD,30000.0,5,1500.0,5130.0,33630.0,2024-08-25 09:05:23,2026-03-17 15:21:16
BOOK001009,CUST000547,HOT0099,ROOM000177,PROMO00056,2025-06-29,2025-07-18,2025-07-19,2,1,Travel Agent,Confirmed,INR,10000.0,0,0.0,1800.0,11800.0,2023-06-08 01:19:22,2025-01-26 22:06:38
BOOK001010,CUST000647,HOT0036,ROOM001665,PROMO00146,2024-12-25,2024-12-28,2025-01-04,3,1,Website,Cancelled,SGD,24500.0,5,1225.0,4189.5,27464.5,2021-10-22 21:01:03,2022-12-10 18:41:19
BOOK001011,CUST001747,HOT0161,ROOM000653,PROMO00053,2025-09-06,2025-10-31,2025-11-04,2,0,Website,Completed,EUR,20000.0,10,2000.0,3240.0,21240.0,2021-03-27 20:41:09,2025-05-15 08:30:24
BOOK001012,CUST001326,HOT0034,ROOM000312,PROMO00468,2024-07-30,2024-08-29,2024-08-30,2,0,Walk-In,Completed,EUR,15000.0,0,0.0,2700.0,17700.0,2026-01-24 07:02:45,2026-07-15 13:08:15
BOOK001013,CUST004948,HOT0243,ROOM000830,PROMO00334,2025-02-17,2025-03-09,2025-03-11,2,2,Travel Agent,Completed,SGD,20000.0,20,4000.0,2880.0,18880.0,2025-09-25 14:24:46,2026-01-27 05:32:22
BOOK001014,CUST000630,HOT0068,ROOM000296,PROMO00323,2025-05-12,2025-05-26,2025-05-27,4,1,Website,Completed,INR,3500.0,5,175.0,598.5,3923.5,2020-08-30 11:18:17,2021-05-25 01:07:43
BOOK001015,CUST000958,HOT0161,ROOM000653,PROMO00112,2025-08-17,2025-10-01,2025-10-06,2,0,Walk-In,Completed,USD,25000.0,15,3750.0,3825.0,25075.0,2023-12-25 22:18:54,2024-01-25 20:58:50
BOOK001016,CUST000303,HOT0028,ROOM001021,PROMO00116,2025-08-06,2025-08-22,2025-08-25,3,2,Expedia,Cancelled,SGD,21000.0,15,3150.0,3213.0,21063.0,2024-12-12 15:11:40,2025-12-09 14:17:52
BOOK001017,CUST000262,HOT0202,ROOM001030,PROMO00491,2025-08-17,2025-09-20,2025-09-25,2,0,Website,Cancelled,USD,17500.0,20,3500.0,2520.0,16520.0,2024-02-19 03:00:59,2025-02-21 08:59:59
BOOK001018,CUST002391,HOT0112,ROOM001967,PROMO00423,2024-12-24,2025-01-28,2025-02-02,1,1,Booking.com,Completed,GBP,50000.0,15,7500.0,7650.0,50150.0,2023-06-23 15:58:09,2023-11-27 22:45:44
BOOK001019,CUST003707,HOT0003,ROOM000630,PROMO00157,2025-04-19,2025-05-12,2025-05-17,4,1,Website,Confirmed,INR,35000.0,15,5250.0,5355.0,35105.0,2024-05-09 06:14:17,2025-10-02 12:21:42
BOOK001020,CUST001282,HOT0028,ROOM000318,PROMO00046,2026-07-24,2026-09-06,2026-09-08,1,2,Website,Cancelled,USD,30000.0,10,3000.0,4860.0,31860.0,2025-09-25 10:12:14,2026-05-15 02:13:06
BOOK001021,CUST001493,HOT0027,ROOM000716,PROMO00446,2025-10-08,2025-11-22,2025-11-26,1,2,Website,No Show,AED,14000.0,5,700.0,2394.0,15694.0,2023-07-09 11:19:27,2024-06-08 20:33:23
BOOK001022,CUST002287,HOT0063,ROOM001898,PROMO00130,2025-11-02,2025-12-29,2025-12-30,1,1,Travel Agent,Cancelled,INR,5000.0,0,0.0,900.0,5900.0,2025-03-05 00:43:30,2025-07-02 18:29:53
BOOK001023,CUST001312,HOT0149,ROOM000548,PROMO00418,2025-12-02,2026-01-18,2026-01-23,1,1,Travel Agent,Completed,,25000.0,0,0.0,4500.0,29500.0,2024-03-01 19:33:36,2025-09-12 03:31:35
BOOK001024,CUST000155,HOT0178,ROOM000236,PROMO00254,2025-10-24,2025-10-25,2025-10-30,3,0,Mobile App,Completed,GBP,50000.0,10,5000.0,8100.0,53100.0,2025-11-30 14:03:06,2026-01-27 07:29:47
BOOK001025,CUST000795,HOT0156,ROOM001330,PROMO00017,2026-04-25,2026-06-11,2026-06-14,1,1,Travel Agent,Completed,EUR,30000.0,5,1500.0,5130.0,33630.0,2022-05-10 02:54:59,2023-11-19 02:12:20
BOOK001026,CUST002529,HOT0025,ROOM000151,PROMO00463,2025-04-16,2025-04-21,2025-04-28,3,0,Expedia,Confirmed,USD,17500.0,5,875.0,2992.5,-19617.5,2021-05-27 06:55:00,2023-06-24 12:14:52
BOOK001027,CUST003952,HOT0247,ROOM001407,PROMO00390,2026-05-17,2026-06-09,2026-06-14,1,2,Travel Agent,Completed,USD,75000.0,15,11250.0,11475.0,75225.0,2020-10-13 14:58:23,2024-04-11 19:26:19
BOOK001028,CUST003832,HOT0093,ROOM000671,PROMO00103,2025-11-21,2026-01-19,2026-01-20,3,1,Travel Agent,Cancelled,USD,15000.0,20,3000.0,2160.0,14160.0,2021-06-09 07:45:30,2021-07-14 09:18:01
BOOK001029,CUST000731,HOT0148,ROOM000503,PROMO00082,2025-05-15,2025-05-18,2025-05-24,1,0,Website,Confirmed,EUR,30000.0,20,6000.0,4320.0,28320.0,2023-08-30 12:17:25,2024-08-16 05:32:45
BOOK001030,CUST004267,HOT0219,ROOM000692,PROMO00172,2026-05-09,2026-07-02,2026-07-07,2,2,Mobile App,Confirmed,INR,12500.0,15,1875.0,1912.5,12537.5,2024-05-25 16:57:27,2026-07-19 18:46:25
BOOK001031,CUST003096,HOT0092,ROOM001968,PROMO00453,2025-04-28,2025-06-23,2025-06-30,3,0,Mobile App,Confirmed,INR,70000.0,15,10500.0,10710.0,70210.0,2022-11-09 16:11:06,2024-08-26 22:06:53
BOOK001032,CUST000405,HOT0040,ROOM001022,PROMO00298,2024-12-14,2025-01-07,2025-01-10,3,1,Travel Agent,Confirmed,AED,10500.0,10,1050.0,1701.0,11151.0,2024-09-22 13:21:07,2025-09-25 12:40:31
BOOK001033,CUST001086,HOT0233,ROOM001926,PROMO00347,2025-04-24,2025-04-30,2025-05-03,4,1,Expedia,Confirmed,USD,30000.0,15,4500.0,4590.0,30090.0,2020-03-30 16:14:48,2023-09-18 04:57:32
BOOK001034,CUST003759,HOT0018,ROOM001166,PROMO00135,2024-12-02,2025-01-14,2025-01-15,1,1,Walk-In,Confirmed,GBP,5000.0,5,250.0,855.0,5605.0,2020-09-05 11:38:24,2020-10-01 22:58:16
BOOK001035,CUST004833,HOT0031,ROOM001208,PROMO00447,2025-07-07,2025-07-20,2025-07-26,1,0,Booking.com,Confirmed,EUR,42000.0,0,0.0,7560.0,49560.0,2024-12-04 00:11:00,2025-12-08 10:58:09
BOOK001036,CUST000084,HOT0241,ROOM000092,PROMO00090,2024-10-29,2024-11-15,2024-11-17,4,2,Expedia,Confirmed,USD,5000.0,10,500.0,810.0,5310.0,2021-09-28 14:40:22,2023-11-26 01:24:31
BOOK001037,CUST001393,HOT0223,ROOM001533,PROMO00266,2026-01-18,2026-02-08,2026-02-12,1,0,Website,Confirmed,EUR,60000.0,0,0.0,10800.0,70800.0,2024-04-03 15:39:55,2025-08-16 16:26:06
BOOK001038,CUST004071,HOT0005,ROOM000705,PROMO00380,2025-11-28,2025-12-26,2025-12-28,1,1,Walk-In,Confirmed,USD,10000.0,15,1500.0,1530.0,10030.0,2021-04-17 23:04:08,2024-01-24 19:40:08
BOOK001039,CUST002246,HOT0213,ROOM000182,PROMO00179,2024-11-18,2024-11-24,2024-11-28,1,1,Travel Agent,Confirmed,USD,10000.0,10,1000.0,1620.0,10620.0,2020-12-18 01:36:29,2022-05-08 08:30:03
BOOK001040,CUST002528,HOT0157,ROOM001300,PROMO00116,2026-06-12,2026-07-06,2026-07-09,2,2,Expedia,Confirmed,GBP,7500.0,0,0.0,1350.0,8850.0,2022-03-30 02:07:10,2025-11-16 19:37:41
BOOK001041,CUST000763,HOT0190,ROOM001807,PROMO00072,2025-01-28,2025-02-02,2025-02-05,4,2,Website,Completed,SGD,10500.0,15,1575.0,1606.5,10531.5,2021-01-31 15:12:53,2023-05-30 12:25:46
BOOK001042,CUST004776,HOT0219,ROOM000249,PROMO00194,2026-01-10,2026-01-24,2026-01-29,1,1,Website,Confirmed,,12500.0,15,1875.0,1912.5,12537.5,2023-09-28 08:28:55,2025-11-07 09:42:01
BOOK001043,CUST002616,HOT0027,ROOM001597,PROMO00136,2025-10-03,2025-12-02,2025-12-04,4,0,Expedia,Completed,USD,10000.0,0,0.0,1800.0,11800.0,2024-02-23 06:59:27,2025-04-29 16:05:01
BOOK001044,CUST000016,HOT0234,ROOM000402,PROMO00459,2025-12-30,2026-01-18,2026-01-20,4,1,Travel Agent,Completed,AED,30000.0,10,3000.0,4860.0,31860.0,2024-09-08 09:31:56,2026-04-08 13:25:13
BOOK001045,CUST004098,HOT0080,ROOM001013,PROMO00144,2025-10-07,2025-10-26,2025-10-28,3,2,Expedia,Completed,AED,14000.0,10,1400.0,2268.0,14868.0,2024-02-02 09:54:16,2025-03-05 12:49:41
BOOK001046,CUST001449,HOT0166,ROOM001127,PROMO00399,2025-03-18,2025-05-13,2025-05-19,3,2,Walk-In,Completed,EUR,60000.0,20,12000.0,8640.0,56640.0,2022-03-31 17:27:57,2022-05-29 07:34:16
BOOK001047,CUST002910,HOT0206,ROOM001864,PROMO00308,2024-11-20,2024-12-12,2024-12-16,1,1,Mobile App,Confirmed,GBP,28000.0,0,0.0,5040.0,33040.0,2020-05-17 02:52:07,2022-03-30 04:16:10
BOOK001048,CUST001872,HOT0072,ROOM000032,PROMO00282,2025-12-01,2025-12-10,2025-12-15,3,0,Booking.com,Cancelled,EUR,35000.0,15,5250.0,5355.0,35105.0,2025-03-21 08:31:54,2026-05-29 06:32:53
BOOK001049,CUST003591,HOT0166,ROOM001018,PROMO00011,2026-07-07,2026-07-24,2026-07-26,1,0,Mobile App,Completed,AED,20000.0,15,3000.0,3060.0,20060.0,2023-08-10 22:42:45,2026-03-16 04:29:28
BOOK001050,CUST001824,HOT0132,ROOM000924,PROMO00327,2025-05-31,2025-06-06,2025-06-08,4,2,Expedia,Completed,EUR,5000.0,0,0.0,900.0,5900.0,2020-06-01 06:18:06,2021-11-27 02:49:16
BOOK001051,CUST004710,HOT0043,ROOM001658,PROMO00175,2026-06-09,2026-07-18,2026-07-22,2,2,Booking.com,Completed,INR,20000.0,0,0.0,3600.0,23600.0,2020-04-04 09:49:12,2021-06-23 14:33:05
BOOK001052,CUST000808,HOT0185,ROOM000631,PROMO00101,2024-09-01,2024-10-28,2024-10-31,2,2,Booking.com,Completed,INR,45000.0,5,2250.0,7695.0,50445.0,2020-12-24 01:02:03,2026-06-21 15:06:07
BOOK001053,CUST002811,HOT0116,ROOM001278,PROMO00438,2025-08-29,2025-10-16,2025-10-22,1,1,Mobile App,Confirmed,AED,90000.0,20,18000.0,12960.0,84960.0,2025-09-25 12:36:01,2026-04-14 15:44:54
BOOK001054,CUST002250,HOT0016,ROOM000764,PROMO00225,2025-04-02,2025-04-05,2025-04-10,1,0,Booking.com,Completed,INR,25000.0,5,1250.0,4275.0,28025.0,2022-03-17 03:27:02,2023-10-07 17:58:45
BOOK001055,CUST004014,HOT0139,ROOM000836,PROMO00355,2025-04-12,2025-05-06,2025-05-09,1,1,Walk-In,Completed,GBP,15000.0,20,3000.0,2160.0,14160.0,2020-01-22 09:28:16,2021-09-13 04:12:11
BOOK001056,CUST001083,HOT0081,ROOM000337,PROMO00037,2024-10-27,2024-12-08,2024-12-13,4,0,Walk-In,Completed,AED,50000.0,0,0.0,9000.0,59000.0,2023-06-03 01:55:00,2026-01-04 09:01:54
BOOK001057,CUST002303,HOT0007,ROOM001769,PROMO00412,2026-04-15,2026-05-04,2026-05-08,2,0,Mobile App,Cancelled,EUR,14000.0,0,0.0,2520.0,16520.0,2020-01-05 09:26:01,2025-07-11 22:26:07
BOOK001058,CUST002217,HOT0069,ROOM000214,PROMO00290,2025-04-06,2025-05-29,2025-06-04,1,1,Website,Confirmed,GBP,21000.0,20,4200.0,3024.0,19824.0,2025-04-04 15:10:12,2026-02-14 03:06:10
BOOK001059,CUST001397,HOT0162,ROOM001555,PROMO00055,2025-11-03,2025-11-06,2025-11-08,2,2,Expedia,Completed,GBP,14000.0,0,0.0,2520.0,16520.0,2026-04-04 21:03:22,2026-07-25 01:47:44
BOOK001060,CUST001568,HOT0087,ROOM001230,PROMO00395,2025-10-06,2025-11-23,2025-11-27,1,2,Expedia,Completed,EUR,20000.0,0,0.0,3600.0,23600.0,2021-11-19 21:24:31,2025-05-16 11:26:58
BOOK001061,CUST002118,HOT0247,ROOM000855,PROMO00152,2025-10-26,2025-12-23,2025-12-27,3,0,Mobile App,Completed,AED,14000.0,5,700.0,2394.0,15694.0,2020-12-31 09:12:13,2021-10-13 09:45:36
BOOK001062,CUST004114,HOT0146,ROOM000555,PROMO00176,2025-10-24,2025-12-22,2025-12-25,3,2,Walk-In,Cancelled,AED,21000.0,15,3150.0,3213.0,21063.0,2026-01-06 03:20:27,2026-07-04 17:36:09
BOOK001063,CUST003365,HOT0056,ROOM000864,PROMO00326,2024-12-21,2025-02-17,2025-02-24,2,0,Walk-In,Completed,GBP,70000.0,0,0.0,12600.0,82600.0,2024-11-30 16:49:54,2025-03-09 13:12:03
BOOK001064,CUST000834,HOT0032,ROOM000310,PROMO00367,2025-12-25,2026-02-07,2026-02-08,1,1,Travel Agent,Completed,SGD,3500.0,10,350.0,567.0,3717.0,2024-05-23 09:28:20,2026-05-30 07:59:05
BOOK001065,CUST000794,HOT0158,ROOM001305,PROMO00299,2024-10-13,2024-10-14,2024-10-20,2,0,Expedia,Confirmed,USD,21000.0,10,2100.0,3402.0,22302.0,2026-06-07 15:48:11,2026-07-04 04:30:30
BOOK001066,CUST000841,HOT0237,ROOM001370,PROMO00236,2026-01-01,2026-01-24,2026-01-31,4,1,Travel Agent,No Show,AED,24500.0,15,3675.0,3748.5,24573.5,2023-03-30 17:30:52,2024-01-19 13:07:33
BOOK001067,CUST003926,HOT0044,ROOM000544,PROMO00377,2024-10-24,2024-11-29,2024-11-30,3,1,Mobile App,Completed,GBP,10000.0,0,0.0,1800.0,11800.0,2026-04-26 13:21:17,2026-05-14 11:27:41
BOOK001068,CUST004226,HOT0129,ROOM000519,PROMO00196,2024-10-03,2024-11-05,2024-11-11,3,2,Mobile App,Completed,SGD,90000.0,20,18000.0,12960.0,84960.0,2026-07-14 13:54:59,2026-07-19 13:24:17
BOOK001069,CUST002371,HOT0224,ROOM000321,PROMO00359,2024-08-13,2024-09-04,2024-09-06,4,1,Mobile App,Confirmed,INR,14000.0,15,2100.0,2142.0,14042.0,2024-12-21 19:09:17,2025-02-03 15:56:19
BOOK001070,CUST001138,HOT0171,ROOM000354,PROMO00321,2025-06-20,2025-07-22,2025-07-25,1,0,Website,Completed,AED,7500.0,5,375.0,1282.5,8407.5,2024-08-30 03:31:57,2025-11-13 23:03:55
BOOK001071,CUST003947,HOT0046,ROOM001448,PROMO00057,2025-08-22,2025-08-25,2025-08-26,3,0,Expedia,Confirmed,USD,5000.0,15,750.0,765.0,5015.0,2025-11-26 18:32:12,2026-02-28 08:20:55
BOOK001072,CUST000555,HOT0082,ROOM000801,PROMO00229,2024-12-02,2025-01-24,2025-01-29,2,2,Travel Agent,Completed,EUR,17500.0,20,3500.0,2520.0,16520.0,2025-12-05 14:19:39,2026-02-01 00:11:58
BOOK001073,CUST004689,HOT0066,ROOM001003,PROMO00020,2026-07-26,2026-09-03,2026-09-10,1,1,Booking.com,Completed,USD,17500.0,10,1750.0,2835.0,18585.0,2024-02-20 22:27:11,2024-05-15 12:11:42
BOOK001074,CUST001118,HOT0172,ROOM000755,PROMO00027,2025-03-14,2025-03-31,2025-04-02,2,1,Travel Agent,Completed,AED,7000.0,0,0.0,1260.0,8260.0,2021-12-13 12:06:32,2024-11-19 18:46:29
BOOK001075,CUST004781,HOT0160,ROOM001755,PROMO00072,2025-11-13,2025-11-21,2025-11-24,1,0,Website,Completed,USD,7500.0,20,1500.0,1080.0,7080.0,2024-11-29 19:38:30,2026-02-16 00:44:53
BOOK001076,CUST002126,HOT0019,ROOM000641,PROMO00263,2025-09-25,2025-11-04,2025-11-10,4,1,Booking.com,Confirmed,GBP,90000.0,0,0.0,16200.0,106200.0,2020-12-04 14:57:05,2020-12-08 15:23:10
BOOK001077,CUST004876,HOT0054,ROOM001816,PROMO00047,2025-09-27,2025-11-22,2025-11-28,2,1,Walk-In,Cancelled,INR,90000.0,20,18000.0,12960.0,84960.0,2023-02-23 18:24:54,2023-05-09 18:19:06
BOOK001078,CUST000388,HOT0110,ROOM001452,PROMO00318,2024-09-10,2024-11-08,2024-11-15,3,2,Expedia,Cancelled,GBP,17500.0,10,1750.0,2835.0,18585.0,2026-02-03 13:50:20,2026-02-20 11:22:12
BOOK001079,CUST000079,HOT0214,ROOM001200,PROMO00498,2025-11-20,2026-01-01,2026-01-03,4,1,Booking.com,Completed,GBP,30000.0,20,6000.0,4320.0,28320.0,2021-11-14 21:55:37,2025-07-24 21:57:13
BOOK001080,CUST003579,HOT0225,ROOM000273,PROMO00258,2025-04-12,2025-05-10,2025-05-12,3,0,Walk-In,Confirmed,,20000.0,10,2000.0,3240.0,21240.0,2022-11-21 22:22:14,2025-04-30 04:57:33
BOOK001081,CUST002158,HOT0057,ROOM000765,PROMO00042,2025-06-05,2025-06-18,2025-06-21,3,1,Mobile App,No Show,SGD,45000.0,0,0.0,8100.0,53100.0,2021-03-15 15:51:10,2024-04-06 03:41:00
BOOK001082,CUST002989,HOT0127,ROOM001670,PROMO00276,2026-07-22,2026-08-28,2026-08-30,4,2,Website,Completed,SGD,5000.0,0,0.0,900.0,5900.0,2026-05-15 07:18:35,2026-07-08 11:13:45
BOOK001083,CUST002619,HOT0091,ROOM001438,PROMO00457,2025-01-13,2025-02-21,2025-02-28,1,1,Booking.com,Completed,AED,35000.0,5,1750.0,5985.0,39235.0,2024-02-08 12:39:10,2026-07-23 09:45:02
BOOK001084,CUST999999,HOT0233,ROOM001742,PROMO00179,2025-08-29,2025-10-16,2025-10-18,2,1,Booking.com,Confirmed,SGD,30000.0,15,4500.0,4590.0,30090.0,2022-07-08 01:34:59,2025-11-05 18:19:27
BOOK001085,CUST002719,HOT0214,ROOM001268,PROMO00352,2024-07-30,2024-08-14,2024-08-20,1,2,Expedia,Completed,AED,30000.0,0,0.0,5400.0,35400.0,2022-03-29 12:57:43,2022-04-07 17:40:49
BOOK001086,CUST003669,HOT0194,ROOM001973,PROMO00393,2024-08-04,2024-09-28,2024-10-02,2,2,Walk-In,Confirmed,USD,60000.0,10,6000.0,9720.0,63720.0,2021-11-01 08:06:39,2024-11-20 22:28:30
BOOK001087,CUST000693,HOT0098,ROOM000918,PROMO00318,2025-05-27,2025-07-19,2025-07-22,1,1,Walk-In,Confirmed,GBP,7500.0,0,0.0,1350.0,8850.0,2023-11-17 09:24:26,2025-08-27 09:42:00
BOOK001088,CUST003094,HOT0120,ROOM001388,PROMO00302,2024-12-10,2024-12-12,2024-12-19,2,1,Mobile App,Completed,AED,35000.0,10,3500.0,5670.0,37170.0,2020-02-27 05:34:37,2021-04-21 22:09:23
BOOK001089,CUST003414,HOT0018,ROOM000237,PROMO00162,2025-12-22,2026-01-25,2026-02-01,3,2,Booking.com,Completed,SGD,35000.0,10,3500.0,5670.0,37170.0,2022-02-20 01:34:37,2025-03-25 04:58:48
BOOK001090,CUST004971,HOT0098,ROOM000656,PROMO00205,2026-01-14,2026-02-19,2026-02-21,1,0,Mobile App,Completed,SGD,14000.0,5,700.0,2394.0,15694.0,2024-12-21 01:06:54,2026-05-12 18:36:25
BOOK001091,CUST000629,HOT0225,ROOM000467,PROMO00367,2025-03-25,2025-05-10,2025-05-14,3,0,Expedia,Completed,SGD,20000.0,10,2000.0,3240.0,21240.0,2023-08-05 13:17:50,2025-02-06 06:22:21
BOOK001092,CUST002218,HOT0225,ROOM000467,PROMO00096,2024-11-26,2024-12-05,2024-12-06,2,0,Walk-In,Confirmed,INR,5000.0,15,750.0,765.0,5015.0,2020-07-30 00:52:07,2023-11-11 13:05:09
BOOK001093,CUST001026,HOT0082,ROOM000271,PROMO00409,2025-12-20,2025-12-31,2026-01-06,4,2,Mobile App,Completed,SGD,42000.0,10,4200.0,6804.0,44604.0,2020-12-15 09:23:59,2026-06-19 03:14:48
BOOK001094,CUST003240,HOT0046,ROOM001664,PROMO00409,2024-10-19,2024-10-26,2024-11-02,1,1,Website,Completed,USD,17500.0,5,875.0,2992.5,19617.5,2026-05-27 21:51:34,2026-06-01 17:25:53
BOOK001095,CUST002094,HOT0216,ROOM001470,PROMO00464,2026-06-25,2026-06-27,2026-07-04,4,1,Expedia,Cancelled,INR,49000.0,20,9800.0,7056.0,46256.0,2022-12-16 02:42:49,2025-07-24 19:46:50
BOOK001096,CUST004149,HOT0144,ROOM000213,PROMO00487,2026-05-28,2026-06-21,2026-06-25,2,1,Walk-In,Completed,AED,10000.0,10,1000.0,1620.0,10620.0,2023-06-18 07:21:07,2023-12-25 12:01:10
BOOK001097,CUST002675,HOT0145,ROOM000788,PROMO00297,2025-10-17,2025-11-02,2025-11-08,4,0,Walk-In,Confirmed,INR,15000.0,10,1500.0,2430.0,15930.0,2022-04-23 11:00:45,2022-05-31 19:50:03
BOOK001098,CUST003509,HOT0197,ROOM000920,PROMO00477,2025-05-04,2025-06-19,2025-06-25,1,2,Mobile App,Confirmed,GBP,42000.0,5,2100.0,7182.0,47082.0,2020-02-09 05:16:40,2022-01-19 00:39:00
BOOK001099,CUST000659,HOT0147,ROOM001906,PROMO00490,2024-08-22,2024-10-20,2024-10-27,2,1,Travel Agent,Completed,GBP,35000.0,5,1750.0,5985.0,39235.0,2021-07-11 00:02:56,2025-06-16 06:52:49
BOOK001100,CUST000163,HOT0056,ROOM000627,PROMO00478,2025-10-18,2025-12-07,2025-12-08,3,1,Walk-In,Completed,SGD,15000.0,0,0.0,2700.0,17700.0,2021-03-24 04:02:15,2025-03-06 09:44:06
BOOK001101,CUST003503,HOT0116,ROOM000727,PROMO00226,2025-08-29,2025-10-15,2025-10-17,3,2,Walk-In,Completed,GBP,5000.0,0,0.0,900.0,5900.0,2022-05-29 13:15:52,2025-06-25 03:47:31
BOOK001102,CUST004464,HOT0084,ROOM000655,PROMO00480,2025-10-13,2025-11-06,2025-11-07,1,0,Travel Agent,Completed,AED,5000.0,0,0.0,900.0,5900.0,2025-11-06 19:56:55,2025-11-15 10:05:44
BOOK001103,CUST004776,HOT0042,ROOM000702,PROMO00163,2026-03-25,2026-04-19,2026-04-23,2,2,Booking.com,Confirmed,INR,28000.0,15,4200.0,4284.0,28084.0,2021-05-24 11:44:17,2024-08-28 12:33:24
BOOK001104,CUST000325,HOT0197,ROOM000920,PROMO00120,2025-11-04,2025-11-12,2025-11-13,2,2,Travel Agent,Completed,GBP,7000.0,20,1400.0,1008.0,6608.0,2022-03-08 01:21:53,2022-12-10 04:39:21
BOOK001105,CUST004463,HOT0085,ROOM000824,PROMO00332,2025-03-20,2025-05-01,2025-05-05,1,0,Mobile App,Completed,EUR,60000.0,10,6000.0,9720.0,63720.0,2024-10-25 17:09:27,2025-04-25 12:34:17
BOOK001106,CUST002346,HOT0098,ROOM001473,PROMO00369,2025-01-27,2025-03-21,2025-03-22,1,1,Website,Confirmed,SGD,2500.0,15,375.0,382.5,2507.5,2021-08-12 10:42:49,2025-05-17 09:28:47
BOOK001107,CUST002666,HOT0197,ROOM000715,PROMO00253,2024-12-13,2025-01-03,2025-01-08,4,1,Travel Agent,Completed,SGD,17500.0,5,875.0,2992.5,19617.5,2023-12-14 12:41:56,2024-01-14 06:09:22
BOOK001108,CUST002162,HOT0078,ROOM000956,PROMO00426,2025-08-27,2025-10-23,2025-10-25,2,2,Mobile App,Confirmed,INR,14000.0,0,0.0,2520.0,16520.0,2025-06-07 06:19:26,2026-03-25 17:28:32
BOOK001109,CUST004008,HOT0088,ROOM001811,PROMO00496,2026-04-30,2026-06-17,2026-06-22,3,0,Travel Agent,Completed,USD,12500.0,10,1250.0,2025.0,13275.0,2022-11-29 02:24:47,2023-06-09 15:59:35
BOOK001110,CUST001605,HOT0159,ROOM001258,PROMO00149,2025-01-11,2025-02-17,2025-02-23,4,0,Travel Agent,Completed,GBP,60000.0,15,9000.0,9180.0,60180.0,2023-12-20 06:59:32,2024-01-03 18:00:57
BOOK001111,CUST002518,HOT0159,ROOM001854,PROMO00303,2025-05-31,2025-06-18,2025-06-20,1,2,Booking.com,Completed,SGD,7000.0,15,1050.0,1071.0,7021.0,2025-09-14 16:08:34,2026-03-21 20:33:10
BOOK001112,CUST002935,HOT0061,ROOM001821,PROMO00393,2025-05-18,2025-05-21,2025-05-27,2,0,Expedia,No Show,GBP,30000.0,5,1500.0,5130.0,33630.0,2021-02-10 10:58:56,2024-12-30 16:30:58
BOOK001113,CUST000336,HOT0147,ROOM001863,PROMO00338,2025-09-19,2025-11-17,2025-11-23,4,1,Travel Agent,Cancelled,USD,15000.0,5,750.0,2565.0,16815.0,2020-02-08 00:33:42,2025-10-31 06:10:19
BOOK001114,CUST001897,HOT0165,ROOM000434,PROMO00041,2025-04-21,2025-04-24,2025-05-01,1,1,Mobile App,Completed,EUR,35000.0,5,1750.0,5985.0,39235.0,2024-10-24 14:01:07,2026-07-04 09:06:33
BOOK001115,CUST000612,HOT0163,ROOM001552,PROMO00186,2025-09-22,2025-10-29,2025-11-03,2,0,Walk-In,Completed,INR,50000.0,0,0.0,9000.0,59000.0,2022-03-15 03:44:51,2025-12-01 23:47:49
BOOK001116,CUST001311,HOT0193,ROOM000744,PROMO00015,2026-03-14,2026-04-23,2026-04-30,2,2,Mobile App,Cancelled,SGD,17500.0,20,3500.0,2520.0,16520.0,2026-01-25 12:33:35,2026-05-13 13:49:33
BOOK001117,CUST002371,HOT0167,ROOM001576,PROMO00020,2024-08-12,2024-08-28,2024-09-03,2,2,Walk-In,Completed,GBP,60000.0,0,0.0,10800.0,70800.0,2023-12-11 11:42:38,2026-07-18 19:27:18
BOOK001118,CUST002563,HOT0243,ROOM000050,PROMO00161,2024-10-15,2024-10-28,2024-11-02,2,0,Walk-In,Cancelled,USD,12500.0,10,1250.0,2025.0,13275.0,2025-12-05 21:00:31,2026-07-10 00:51:47
BOOK001119,CUST003251,HOT0045,ROOM001490,PROMO00212,2026-06-13,2026-07-17,2026-07-19,4,2,Walk-In,Confirmed,,10000.0,0,0.0,1800.0,11800.0,2022-01-02 13:39:37,2025-04-03 01:45:40
BOOK001120,CUST003566,HOT0105,ROOM000982,PROMO00215,2024-12-26,2025-02-23,2025-02-28,4,1,Walk-In,Cancelled,AED,50000.0,5,2500.0,8550.0,56050.0,2020-05-28 20:20:32,2021-07-05 02:20:42
BOOK001121,CUST004807,HOT0144,ROOM000213,PROMO00151,2024-12-11,2025-01-10,2025-01-13,1,1,Walk-In,Completed,USD,7500.0,0,0.0,1350.0,8850.0,2020-04-23 19:59:07,2025-04-19 22:22:34
BOOK001122,CUST003180,HOT0157,ROOM000883,PROMO00190,2024-12-02,2025-01-06,2025-01-12,4,0,Expedia,Completed,GBP,90000.0,10,9000.0,14580.0,95580.0,2024-01-24 23:48:04,2026-07-03 17:00:52
BOOK001123,CUST002805,HOT0093,ROOM000671,PROMO00453,2025-03-27,2025-04-24,2025-04-28,2,2,Expedia,Cancelled,AED,60000.0,0,0.0,10800.0,70800.0,2024-02-18 16:16:01,2024-09-15 08:15:39
BOOK001124,CUST003248,HOT0099,ROOM000996,PROMO00035,2024-09-17,2024-10-05,2024-10-06,2,0,Expedia,Cancelled,EUR,15000.0,10,1500.0,2430.0,15930.0,2026-06-15 12:32:57,2026-07-21 11:03:02
BOOK001125,CUST002452,HOT0221,ROOM000088,PROMO00283,2025-04-25,2025-05-22,2025-05-25,2,0,Expedia,No Show,SGD,15000.0,0,0.0,2700.0,17700.0,2020-04-19 18:01:57,2021-09-03 13:44:11
BOOK001126,CUST004047,HOT0231,ROOM001000,PROMO00301,2026-03-07,2026-03-12,2026-03-13,2,1,Walk-In,Cancelled,EUR,7000.0,0,0.0,1260.0,8260.0,2021-10-15 21:45:16,2024-02-28 11:25:19
BOOK001127,CUST004789,HOT0121,ROOM001932,PROMO00495,2025-02-06,2025-03-09,2025-03-16,4,2,Expedia,Confirmed,USD,35000.0,10,3500.0,5670.0,37170.0,2020-04-15 10:48:03,2025-03-02 18:41:18
BOOK001128,CUST002758,HOT0217,ROOM001327,PROMO00134,2025-07-07,2025-08-06,2025-08-07,4,1,Website,Confirmed,AED,5000.0,20,1000.0,720.0,4720.0,2020-03-10 17:51:43,2020-06-11 07:06:34
BOOK001129,CUST001843,HOT0125,ROOM001475,PROMO00155,2026-07-11,2026-08-22,2026-08-26,2,0,Booking.com,Cancelled,EUR,28000.0,5,1400.0,4788.0,31388.0,2020-07-05 21:44:32,2023-04-11 21:37:36
BOOK001130,CUST001855,HOT0192,ROOM000550,PROMO00113,2025-08-09,2025-08-22,2025-08-26,3,1,Walk-In,Confirmed,USD,14000.0,5,700.0,2394.0,15694.0,2021-10-25 05:48:32,2024-06-26 00:20:48
BOOK001131,CUST002935,HOT0229,ROOM001700,PROMO00381,2024-12-31,2025-01-02,2025-01-04,4,2,Travel Agent,Completed,EUR,5000.0,0,0.0,900.0,5900.0,2020-06-22 09:59:26,2022-08-14 01:15:09
BOOK001132,CUST003319,HOT0191,ROOM001286,PROMO00418,2025-03-11,2025-05-05,2025-05-09,2,0,Booking.com,Completed,USD,20000.0,20,4000.0,2880.0,18880.0,2023-10-22 12:19:26,2025-03-09 14:12:44
BOOK001133,CUST003406,HOT0125,ROOM000858,PROMO00312,2024-12-13,2025-01-05,2025-01-10,3,2,Booking.com,Completed,EUR,17500.0,0,0.0,3150.0,20650.0,2022-02-13 08:50:56,2025-03-18 09:36:53
BOOK001134,CUST004636,HOT0018,ROOM000606,PROMO00472,2025-07-03,2025-08-05,2025-08-07,1,2,Booking.com,Completed,INR,5000.0,5,250.0,855.0,5605.0,2021-06-07 19:22:02,2025-02-04 06:16:22
BOOK001135,CUST004034,HOT0162,ROOM001850,PROMO00063,2025-07-15,2025-08-26,2025-08-27,1,0,Booking.com,Completed,INR,5000.0,0,0.0,900.0,5900.0,2021-06-19 21:54:29,2026-02-04 04:09:00
BOOK001136,CUST001517,HOT0179,ROOM001598,PROMO00500,2024-10-05,2024-12-03,2024-12-05,3,1,Walk-In,Confirmed,SGD,14000.0,5,700.0,2394.0,15694.0,2023-07-09 02:55:32,2024-01-20 18:07:22
BOOK001137,CUST004483,HOT0178,ROOM001721,PROMO00260,2024-11-12,2024-12-16,2024-12-17,4,1,Website,Confirmed,SGD,15000.0,0,0.0,2700.0,17700.0,2022-12-26 04:23:52,2023-07-22 19:26:31
BOOK001138,CUST001380,HOT0065,ROOM001192,PROMO00130,2024-12-05,2025-01-10,2025-01-13,4,0,Travel Agent,Completed,INR,10500.0,10,1050.0,1701.0,11151.0,2026-03-23 00:14:16,2026-05-30 23:19:44
BOOK001139,CUST001930,HOT0162,ROOM000119,PROMO00423,2025-11-12,2025-12-05,2025-12-12,3,1,Booking.com,Completed,SGD,70000.0,15,10500.0,10710.0,70210.0,2021-10-30 09:32:26,2023-02-01 01:39:31
BOOK001140,CUST002819,HOT0222,ROOM001642,PROMO00479,2025-04-04,2025-04-25,2025-04-30,4,1,Expedia,Completed,USD,25000.0,10,2500.0,4050.0,26550.0,2020-05-02 14:12:22,2024-11-04 15:56:31
BOOK001141,CUST002027,HOT0032,ROOM001565,PROMO00029,2026-04-28,2026-05-04,2026-05-11,4,0,Expedia,No Show,USD,105000.0,20,21000.0,15120.0,99120.0,2026-07-13 00:59:31,2026-07-25 06:19:26
BOOK001142,CUST003443,HOT0087,ROOM001230,PROMO00339,2026-07-10,2026-09-07,2026-09-09,3,2,Website,Cancelled,GBP,10000.0,10,1000.0,1620.0,10620.0,2026-01-26 19:03:07,2026-04-07 07:55:13
BOOK001143,CUST003859,HOT0163,ROOM001552,PROMO00232,2025-01-31,2025-03-11,2025-03-18,4,1,Walk-In,Completed,INR,70000.0,15,10500.0,10710.0,70210.0,2020-01-15 21:28:08,2022-03-15 22:39:34
BOOK001144,CUST004681,HOT0017,ROOM001791,PROMO00267,2025-08-29,2025-10-08,2025-10-15,3,2,Travel Agent,Confirmed,GBP,24500.0,15,3675.0,3748.5,24573.5,2024-02-26 10:20:36,2025-04-30 02:44:34
BOOK001145,CUST003234,HOT0242,ROOM001220,PROMO00398,2026-01-23,2026-03-22,2026-03-23,1,2,Booking.com,Completed,GBP,15000.0,15,2250.0,2295.0,15045.0,2020-09-29 00:46:10,2024-10-22 14:54:41
BOOK001146,CUST004639,HOT0059,ROOM000911,PROMO00290,2025-08-30,2025-09-18,2025-09-23,3,1,Travel Agent,Cancelled,EUR,17500.0,20,3500.0,2520.0,16520.0,2026-01-11 03:44:01,2026-03-27 08:38:32
BOOK001147,CUST004080,HOT0175,ROOM000554,PROMO00495,2024-09-22,2024-11-08,2024-11-15,1,2,Website,Confirmed,USD,105000.0,15,15750.0,16065.0,105315.0,2022-12-17 18:46:32,2024-11-23 11:13:24
BOOK001148,CUST003412,HOT0016,ROOM001074,PROMO00493,2026-04-17,2026-05-14,2026-05-19,3,1,Website,Cancelled,GBP,25000.0,10,2500.0,4050.0,26550.0,2023-09-12 07:15:43,2025-08-27 02:59:50
BOOK001149,CUST002028,HOT0197,ROOM000920,PROMO00232,2025-09-15,2025-11-10,2025-11-17,2,1,Website,Completed,USD,49000.0,10,4900.0,7938.0,52038.0,2020-05-08 16:04:36,2021-04-29 16:13:47
BOOK001150,CUST001053,HOT0128,ROOM000446,PROMO00220,2025-10-02,2025-10-22,2025-10-26,3,1,Walk-In,Confirmed,USD,20000.0,15,3000.0,3060.0,20060.0,2024-07-13 14:31:38,2024-07-19 13:49:46
BOOK001151,CUST004540,HOT0053,ROOM000690,PROMO00453,2025-05-25,2025-06-02,2025-06-03,2,0,Walk-In,Completed,AED,7000.0,15,1050.0,1071.0,7021.0,2025-06-18 14:04:18,2025-10-15 18:30:51
BOOK001152,CUST000885,HOT0207,ROOM001976,PROMO00242,2024-09-04,2024-11-02,2024-11-07,3,1,Mobile App,Completed,USD,25000.0,5,1250.0,4275.0,28025.0,2026-03-14 11:37:17,2026-06-22 03:22:53
BOOK001153,CUST003414,HOT0116,ROOM000727,PROMO00364,2025-03-28,2025-05-25,2025-05-26,3,2,Booking.com,Completed,AED,2500.0,10,250.0,405.0,2655.0,2021-05-08 15:09:41,2022-04-13 18:24:55
BOOK001154,CUST004534,HOT0018,ROOM001166,PROMO00460,2025-01-10,2025-01-31,2025-02-05,4,2,Booking.com,Completed,EUR,25000.0,5,1250.0,4275.0,28025.0,2023-01-05 10:51:25,2024-09-05 21:57:48
BOOK001155,CUST001215,HOT0130,ROOM001443,PROMO00010,2024-09-22,2024-11-12,2024-11-18,1,2,Website,Completed,GBP,30000.0,10,3000.0,4860.0,31860.0,2024-06-02 23:31:01,2024-08-28 12:19:55
BOOK001156,CUST004301,HOT0202,ROOM001030,PROMO00376,2025-07-14,2025-08-24,2025-08-28,2,1,Travel Agent,Confirmed,AED,14000.0,0,0.0,2520.0,16520.0,2021-09-13 03:40:00,2022-11-12 03:54:16
BOOK001157,CUST000354,HOT0067,ROOM000523,PROMO00093,2024-08-12,2024-08-13,2024-08-16,2,0,Mobile App,Confirmed,GBP,21000.0,15,3150.0,3213.0,21063.0,2021-05-02 05:37:20,2025-12-17 04:44:24
BOOK001158,CUST000191,HOT0044,ROOM000267,PROMO00095,2025-04-28,2025-06-04,2025-06-06,4,2,Mobile App,Completed,USD,14000.0,10,1400.0,2268.0,14868.0,2021-01-04 02:17:05,2024-02-28 10:09:49
BOOK001159,CUST004857,HOT0016,ROOM000004,PROMO00442,2026-05-14,2026-07-10,2026-07-14,1,1,Booking.com,Completed,USD,40000.0,20,8000.0,5760.0,37760.0,2023-12-21 15:35:32,2026-04-27 18:01:02
BOOK001160,CUST002404,HOT0107,ROOM001766,PROMO00472,2025-07-02,2025-08-23,2025-08-30,1,2,Expedia,Completed,USD,35000.0,10,3500.0,5670.0,37170.0,2026-07-03 20:49:58,2026-07-24 11:39:03
BOOK001161,CUST001898,HOT0027,ROOM000628,PROMO00482,2025-11-09,2025-12-09,2025-12-16,3,0,Website,Confirmed,INR,70000.0,10,7000.0,11340.0,74340.0,2022-04-21 04:50:30,2025-04-25 16:37:21
BOOK001162,CUST004469,HOT0137,ROOM001114,PROMO00178,2026-02-15,2026-03-09,2026-03-16,2,1,Website,Completed,SGD,17500.0,0,0.0,3150.0,20650.0,2024-10-30 21:41:28,2025-01-19 06:49:57
BOOK001163,CUST002212,HOT0147,ROOM001647,PROMO00258,2024-11-08,2024-12-30,2025-01-02,4,0,Expedia,Completed,EUR,30000.0,20,6000.0,4320.0,28320.0,2026-07-19 05:22:39,2026-07-24 03:13:46
BOOK001164,CUST002552,HOT0096,ROOM000541,PROMO00211,2024-10-11,2024-10-12,2024-10-14,4,0,Mobile App,Cancelled,USD,14000.0,10,1400.0,2268.0,14868.0,2026-01-05 15:13:31,2026-05-26 19:01:33
BOOK001165,CUST003125,HOT0078,ROOM001055,PROMO00437,2025-05-20,2025-05-29,2025-06-03,4,1,Mobile App,Completed,INR,50000.0,15,7500.0,7650.0,50150.0,2024-02-24 03:16:37,2024-09-02 05:29:01
BOOK001166,CUST003639,HOT0169,ROOM000517,PROMO00312,2025-05-31,2025-06-24,2025-06-28,2,0,Expedia,Completed,AED,20000.0,10,2000.0,3240.0,21240.0,2024-07-26 13:50:25,2026-07-03 20:17:37
BOOK001167,CUST002457,HOT0123,ROOM000009,PROMO00090,2025-10-16,2025-11-27,2025-12-04,1,0,Expedia,Confirmed,AED,35000.0,0,0.0,6300.0,41300.0,2021-08-05 04:56:47,2023-09-12 05:11:17
BOOK001168,CUST002101,HOT0124,ROOM001012,PROMO00015,2025-08-30,2025-09-23,2025-09-27,1,0,Walk-In,Completed,SGD,28000.0,20,5600.0,4032.0,26432.0,2022-05-12 16:29:23,2023-03-20 00:13:44
BOOK001169,CUST000937,HOT0079,ROOM000487,PROMO00074,2025-04-29,2025-05-21,2025-05-25,2,2,Booking.com,Completed,GBP,14000.0,0,0.0,2520.0,16520.0,2020-01-21 21:36:35,2023-11-07 19:22:41
BOOK001170,CUST001253,HOT0206,ROOM000147,PROMO00356,2025-03-17,2025-04-08,2025-04-09,2,0,Walk-In,Completed,EUR,15000.0,20,3000.0,2160.0,14160.0,2024-05-04 22:58:14,2025-02-18 15:11:51
BOOK001171,CUST000068,HOT0089,ROOM001273,PROMO00427,2025-04-23,2025-05-10,2025-05-13,2,1,Walk-In,Confirmed,AED,7500.0,5,375.0,1282.5,8407.5,2023-08-27 07:17:15,2025-06-23 12:04:20
BOOK001172,CUST004344,HOT0187,ROOM000592,PROMO00434,2026-03-27,2026-04-12,2026-04-19,3,0,Travel Agent,Completed,AED,24500.0,20,4900.0,3528.0,23128.0,2022-05-07 22:54:04,2025-12-30 06:46:29
BOOK001173,CUST004119,HOT0013,ROOM001310,PROMO00351,2025-11-27,2025-12-19,2025-12-26,1,2,Travel Agent,Confirmed,USD,24500.0,15,3675.0,3748.5,24573.5,2021-05-14 03:25:08,2023-04-24 08:59:25
BOOK001174,CUST002644,HOT0100,ROOM000713,PROMO00225,2024-08-16,2024-09-12,2024-09-14,4,1,Travel Agent,Confirmed,GBP,14000.0,10,1400.0,2268.0,14868.0,2021-11-30 09:47:40,2022-02-04 23:29:03
BOOK001175,CUST003440,HOT0109,ROOM000027,PROMO00241,2026-06-05,2026-07-02,2026-07-03,2,1,Website,Cancelled,EUR,10000.0,15,1500.0,1530.0,10030.0,2026-01-09 18:34:01,2026-05-26 17:02:11
BOOK001176,CUST004568,HOT0239,ROOM001675,PROMO00455,2024-11-05,2024-12-10,2024-12-15,2,1,Walk-In,No Show,INR,35000.0,0,0.0,6300.0,41300.0,2023-02-19 08:09:01,2025-10-09 16:20:34
BOOK001177,CUST000517,HOT0197,ROOM000096,PROMO00497,2026-03-18,2026-04-17,2026-04-23,3,0,Walk-In,Cancelled,GBP,90000.0,5,4500.0,15390.0,100890.0,2024-07-07 01:45:43,2024-07-25 02:28:35
BOOK001178,CUST002503,HOT0100,ROOM001587,PROMO00258,2026-05-07,2026-06-29,2026-06-30,3,2,Booking.com,Completed,EUR,10000.0,10,1000.0,1620.0,10620.0,2020-11-08 14:59:19,2020-12-16 17:39:25
BOOK001179,CUST003200,HOT0030,ROOM001395,PROMO00411,2025-06-16,2025-07-22,2025-07-28,4,1,Booking.com,Cancelled,AED,60000.0,5,3000.0,10260.0,67260.0,2020-11-01 21:37:42,2024-12-30 19:54:27
BOOK001180,CUST003865,HOT0057,ROOM000103,PROMO00329,2026-04-21,2026-06-07,2026-06-08,4,2,Website,Completed,USD,10000.0,20,2000.0,1440.0,9440.0,2021-09-15 07:11:13,2022-06-23 16:45:08
BOOK001181,CUST001431,HOT0210,ROOM000611,PROMO00366,2025-07-16,2025-08-01,2025-08-02,1,2,Booking.com,Completed,GBP,10000.0,15,1500.0,1530.0,10030.0,2023-06-19 04:46:52,2025-09-28 12:39:09
BOOK001182,CUST004801,HOT0033,ROOM000325,PROMO00230,2025-03-22,2025-04-18,2025-04-25,2,2,Website,Completed,INR,35000.0,15,5250.0,5355.0,35105.0,2025-04-07 23:33:03,2026-06-24 11:11:53
BOOK001183,CUST001270,HOT0120,ROOM001388,PROMO00048,2024-09-18,2024-11-15,2024-11-17,2,1,Website,Completed,EUR,10000.0,20,2000.0,1440.0,9440.0,2026-03-23 22:37:03,2026-04-21 23:21:49
BOOK001184,CUST000545,HOT0249,ROOM000825,PROMO00293,2025-09-26,2025-11-01,2025-11-02,2,0,Travel Agent,Completed,SGD,10000.0,15,1500.0,1530.0,10030.0,2023-04-29 01:05:47,2025-02-03 01:03:34
BOOK001185,CUST000145,HOT0008,ROOM001544,PROMO00352,2026-03-23,2026-04-09,2026-04-14,2,1,Website,Confirmed,GBP,75000.0,5,3750.0,12825.0,84075.0,2024-05-26 06:19:09,2026-07-06 14:25:23
BOOK001186,CUST002859,HOT0220,ROOM000208,PROMO00001,2025-06-10,2025-08-04,2025-08-11,3,1,Travel Agent,Completed,AED,70000.0,0,0.0,12600.0,82600.0,2021-03-20 20:36:20,2022-11-30 07:44:47
BOOK001187,CUST001235,HOT0230,ROOM000662,PROMO00150,2025-12-26,2026-02-03,2026-02-08,3,2,Walk-In,Completed,USD,75000.0,20,15000.0,10800.0,70800.0,2022-07-04 11:56:16,2024-10-25 12:22:07
BOOK001188,CUST004548,HOT0151,ROOM000417,PROMO00332,2026-04-25,2026-05-24,2026-05-27,2,1,Website,Confirmed,AED,45000.0,5,2250.0,7695.0,50445.0,2020-10-18 06:26:41,2025-01-05 22:34:04
BOOK001189,CUST001816,HOT0126,ROOM000932,PROMO00054,2025-10-05,2025-11-18,2025-11-22,4,0,Travel Agent,Confirmed,AED,60000.0,10,6000.0,9720.0,63720.0,2025-10-09 03:51:05,2025-10-21 12:22:22
BOOK001190,CUST002943,HOT0164,ROOM000878,PROMO00077,2024-08-02,2024-09-30,2024-10-04,2,2,Walk-In,Completed,,10000.0,20,2000.0,1440.0,9440.0,2022-11-11 10:59:48,2026-03-30 15:58:53
BOOK001191,CUST004901,HOT0039,ROOM001082,PROMO00193,2026-01-26,2026-03-10,2026-03-17,2,1,Website,Completed,INR,105000.0,0,0.0,18900.0,123900.0,2024-05-06 07:37:41,2026-06-27 20:28:25
BOOK001192,CUST001549,HOT0026,ROOM001738,PROMO00263,2025-05-19,2025-07-12,2025-07-19,2,2,Booking.com,Completed,AED,49000.0,0,0.0,8820.0,57820.0,2023-04-20 18:43:53,2024-02-28 22:23:40
BOOK001193,CUST001095,HOT0072,ROOM000874,PROMO00255,2026-01-05,2026-01-23,2026-01-30,4,1,Mobile App,Confirmed,AED,70000.0,20,14000.0,10080.0,66080.0,2021-02-10 20:22:48,2023-02-05 13:17:11
BOOK001194,CUST002856,HOT0159,ROOM000818,PROMO00183,2026-02-26,2026-03-15,2026-03-21,3,1,Mobile App,Completed,AED,42000.0,0,0.0,7560.0,49560.0,2023-09-07 07:22:54,2025-03-11 08:14:11
BOOK001195,CUST003610,HOT0131,ROOM001592,PROMO00470,2025-01-21,2025-01-25,2025-01-28,1,2,Website,Confirmed,GBP,21000.0,10,2100.0,3402.0,22302.0,2021-03-03 07:35:28,2024-07-09 00:13:58
BOOK001196,CUST002169,HOT0168,ROOM001118,PROMO00410,2026-02-27,2026-04-03,2026-04-09,1,1,Mobile App,Completed,SGD,90000.0,5,4500.0,15390.0,100890.0,2026-03-13 05:34:19,2026-06-23 19:19:57
BOOK001197,CUST004465,HOT0024,ROOM001181,PROMO00077,2026-07-03,2026-07-08,2026-07-14,4,0,Booking.com,Completed,INR,42000.0,10,4200.0,6804.0,44604.0,2024-10-29 02:38:53,2025-12-15 16:47:08
BOOK001198,CUST001384,HOT0219,ROOM000249,PROMO00237,2024-12-18,2025-02-03,2025-02-08,3,1,Mobile App,Completed,USD,12500.0,10,1250.0,2025.0,13275.0,2021-06-05 12:35:26,2023-12-27 16:06:26
BOOK001199,CUST003574,HOT0075,ROOM000134,PROMO00165,2026-02-18,2026-03-13,2026-03-16,4,1,Mobile App,Cancelled,AED,10500.0,20,2100.0,1512.0,9912.0,2020-09-04 18:21:43,2025-02-12 10:26:05
BOOK001200,CUST003281,HOT0144,ROOM000213,PROMO00242,2024-10-13,2024-11-16,2024-11-23,4,2,Booking.com,Confirmed,INR,17500.0,20,3500.0,2520.0,16520.0,2022-06-04 02:30:52,2024-05-31 05:01:24
BOOK001201,CUST003335,HOT0061,ROOM000536,PROMO00453,2026-05-08,2026-06-03,2026-06-05,1,0,Expedia,Cancelled,EUR,10000.0,10,1000.0,1620.0,10620.0,2024-01-06 23:05:22,2024-07-20 03:38:52
BOOK001202,CUST003009,HOT0180,ROOM000475,PROMO00344,2025-06-02,2025-07-04,2025-07-05,3,0,Walk-In,Confirmed,EUR,3500.0,5,175.0,598.5,3923.5,2021-05-17 20:25:13,2022-09-27 06:19:14
BOOK001203,CUST004877,HOT0174,ROOM001307,PROMO00003,2026-02-02,2026-03-15,2026-03-18,2,0,Website,Completed,GBP,15000.0,0,0.0,2700.0,17700.0,2020-03-13 06:29:40,2021-04-21 19:05:19
BOOK001204,CUST000870,HOT0193,ROOM000711,PROMO00431,2025-03-28,2025-04-16,2025-04-21,2,0,Walk-In,Confirmed,INR,12500.0,10,1250.0,2025.0,13275.0,2021-02-06 03:36:36,2024-09-27 07:35:11
BOOK001205,CUST002814,HOT0208,ROOM000084,PROMO00400,2024-12-27,2024-12-31,2025-01-06,1,1,Travel Agent,Completed,INR,30000.0,0,0.0,5400.0,35400.0,2024-02-29 17:45:06,2024-11-18 17:26:18
BOOK001206,CUST001994,HOT0155,ROOM000806,PROMO00073,2025-02-06,2025-02-26,2025-03-01,3,1,Walk-In,Cancelled,USD,15000.0,20,3000.0,2160.0,14160.0,2023-06-21 03:13:58,2024-02-08 04:16:26
BOOK001207,CUST004592,HOT0157,ROOM000240,PROMO00124,2026-07-10,2026-08-30,2026-09-03,3,2,Website,Completed,AED,20000.0,10,2000.0,3240.0,21240.0,2020-03-20 09:36:05,2022-12-02 04:18:48
BOOK001208,CUST002119,HOT0075,ROOM001560,PROMO00110,2026-07-01,2026-07-20,2026-07-22,3,1,Website,Cancelled,EUR,5000.0,20,1000.0,720.0,4720.0,2020-10-25 00:24:17,2021-08-16 04:37:29
BOOK001209,CUST002849,HOT0248,ROOM001673,PROMO00037,2024-08-18,2024-08-26,2024-08-29,4,2,Booking.com,Completed,INR,10500.0,5,525.0,1795.5,11770.5,2022-08-02 17:39:58,2022-09-22 00:35:59
BOOK001210,CUST000852,HOT0120,ROOM001388,PROMO00440,2026-07-25,2026-08-04,2026-08-08,3,2,Website,Cancelled,INR,20000.0,5,1000.0,3420.0,22420.0,2024-06-14 00:03:54,2025-08-14 23:14:52
BOOK001211,CUST000839,HOT0199,ROOM000427,PROMO00314,2025-07-23,2025-09-20,2025-09-23,1,1,Expedia,Completed,EUR,21000.0,5,1050.0,3591.0,23541.0,2024-05-15 00:04:05,2024-07-08 16:42:56
BOOK001212,CUST003398,HOT0053,ROOM001734,PROMO00484,2026-04-02,2026-05-16,2026-05-18,1,1,Website,Confirmed,INR,7000.0,20,1400.0,1008.0,6608.0,2023-02-05 05:55:58,2023-09-15 21:28:09
BOOK001213,CUST003787,HOT0049,ROOM001161,PROMO00176,2025-07-20,2025-08-25,2025-08-31,4,2,Mobile App,Completed,GBP,60000.0,5,3000.0,10260.0,67260.0,2025-10-27 15:06:24,2026-03-16 14:48:20
BOOK001214,CUST004530,HOT0169,ROOM000189,PROMO00113,2026-05-25,2026-07-20,2026-07-25,4,1,Walk-In,Completed,USD,35000.0,0,0.0,6300.0,41300.0,2024-12-27 09:48:22,2026-06-21 05:37:38
BOOK001215,CUST003283,HOT0051,ROOM001870,PROMO00089,2026-04-29,2026-05-27,2026-05-29,1,0,Travel Agent,Completed,GBP,10000.0,10,1000.0,1620.0,10620.0,2025-08-15 02:57:45,2026-07-24 00:01:38
BOOK001216,CUST001862,HOT0010,ROOM000622,PROMO00225,2026-07-08,2026-08-29,2026-09-04,1,0,Website,Completed,SGD,30000.0,20,6000.0,4320.0,28320.0,2020-05-19 09:49:51,2024-06-19 13:54:53
BOOK001217,CUST000453,HOT0003,ROOM000562,PROMO00204,2025-03-25,2025-04-17,2025-04-23,3,2,Website,Completed,INR,60000.0,10,6000.0,9720.0,63720.0,2024-12-08 21:44:15,2025-04-24 00:23:13
BOOK001218,CUST000701,HOT0133,ROOM001851,PROMO00147,2025-10-31,2025-11-07,2025-11-10,1,1,Booking.com,Completed,AED,45000.0,15,6750.0,6885.0,45135.0,2021-09-16 20:42:34,2021-12-06 20:52:59
BOOK001219,CUST003929,HOT0056,ROOM000864,PROMO00424,2025-03-11,2025-04-25,2025-04-30,1,2,Travel Agent,Confirmed,AED,50000.0,20,10000.0,7200.0,47200.0,2024-11-03 02:47:39,2025-05-08 01:42:07
BOOK001220,CUST004238,HOT0148,ROOM000503,PROMO00094,2026-04-28,2026-05-11,2026-05-12,1,1,Website,Completed,USD,5000.0,10,500.0,810.0,5310.0,2026-05-28 01:00:39,2026-06-06 02:04:22
BOOK001221,CUST003298,HOT0117,ROOM000776,PROMO00458,2025-11-09,2025-12-11,2025-12-14,3,0,Walk-In,Completed,EUR,7500.0,15,1125.0,1147.5,7522.5,2024-03-28 06:00:44,2024-11-24 05:21:14
BOOK001222,CUST002723,HOT0155,ROOM001041,PROMO00426,2026-02-17,2026-03-10,2026-03-16,3,0,Walk-In,Completed,AED,42000.0,0,0.0,7560.0,49560.0,2022-04-30 23:14:20,2024-11-20 16:47:26
BOOK001223,CUST002064,HOT0044,ROOM000293,PROMO00233,2024-09-23,2024-11-11,2024-11-18,2,0,Walk-In,Completed,GBP,105000.0,10,10500.0,17010.0,111510.0,2022-03-11 21:05:43,2026-06-04 07:31:51
BOOK001224,CUST002418,HOT0082,ROOM001446,PROMO00481,2024-08-28,2024-10-15,2024-10-17,1,1,Expedia,Cancelled,EUR,30000.0,20,6000.0,4320.0,28320.0,2025-06-27 00:38:23,2026-04-04 22:25:16
BOOK001225,CUST003209,HOT0078,ROOM001633,PROMO00347,2025-06-03,2025-07-28,2025-08-04,2,0,Walk-In,Completed,INR,105000.0,0,0.0,18900.0,123900.0,2025-10-17 03:13:04,2026-07-28 19:45:01
BOOK001226,CUST000258,HOT0238,ROOM000682,PROMO00128,2025-10-08,2025-12-07,2025-12-11,3,0,Mobile App,Cancelled,USD,14000.0,20,2800.0,2016.0,13216.0,2025-08-17 15:07:30,2026-05-15 10:08:01
BOOK001227,CUST000234,HOT0237,ROOM001370,PROMO00393,2025-03-15,2025-04-28,2025-05-04,2,2,Expedia,Completed,AED,21000.0,0,0.0,3780.0,24780.0,2021-09-02 06:41:18,2024-12-27 03:09:18
BOOK001228,CUST001331,HOT0157,ROOM000531,PROMO00351,2024-12-08,2025-01-20,2025-01-25,4,0,Expedia,Confirmed,AED,35000.0,5,1750.0,5985.0,39235.0,2026-01-10 19:53:43,2026-06-16 20:11:24
BOOK001229,CUST000762,HOT0017,ROOM000057,PROMO00273,2026-07-22,2026-08-18,2026-08-22,3,0,Expedia,Confirmed,AED,20000.0,5,1000.0,3420.0,22420.0,2026-02-22 05:59:01,2026-03-09 10:00:58
BOOK001230,CUST003349,HOT0130,ROOM001626,PROMO00244,2026-01-01,2026-01-15,2026-01-21,2,2,Website,Completed,INR,21000.0,10,2100.0,3402.0,22302.0,2023-10-15 00:54:09,2025-11-10 16:39:20
BOOK001231,CUST002535,HOT0038,ROOM001775,PROMO00097,2024-09-26,2024-11-20,2024-11-21,4,0,Mobile App,Completed,USD,3500.0,10,350.0,567.0,3717.0,2021-03-11 21:02:21,2023-02-14 04:17:47
BOOK001232,CUST001917,HOT0010,ROOM001712,PROMO00057,2025-09-23,2025-10-24,2025-10-31,3,0,Expedia,Completed,EUR,24500.0,0,0.0,4410.0,28910.0,2024-05-22 04:02:46,2026-05-29 22:51:26
BOOK001233,CUST003727,HOT0020,ROOM000867,PROMO00383,2025-02-19,2025-03-11,2025-03-15,1,1,Booking.com,Completed,SGD,60000.0,0,0.0,10800.0,70800.0,2022-11-08 02:24:28,2024-10-01 15:55:49
BOOK001234,CUST003744,HOT0168,ROOM000737,PROMO00342,2024-08-12,2024-09-21,2024-09-28,3,0,Travel Agent,Completed,USD,35000.0,5,1750.0,5985.0,39235.0,2020-01-20 13:19:02,2023-02-13 21:19:29
BOOK001235,CUST001200,HOT0156,ROOM001330,PROMO00350,2026-01-22,2026-03-07,2026-03-12,4,1,Mobile App,Confirmed,USD,50000.0,20,10000.0,7200.0,47200.0,2024-03-16 00:55:50,2026-03-10 22:15:36
BOOK001236,CUST000389,HOT0148,ROOM001383,PROMO00115,2025-07-12,2025-08-19,2025-08-20,3,1,Mobile App,Completed,EUR,7000.0,20,1400.0,1008.0,6608.0,2026-07-27 01:31:40,2026-07-29 04:35:34
BOOK001237,CUST003895,HOT0062,ROOM001111,PROMO00153,2024-10-07,2024-10-21,2024-10-23,4,0,Expedia,Completed,SGD,10000.0,20,2000.0,1440.0,9440.0,2022-12-08 11:28:27,2024-11-14 07:09:28
BOOK001238,CUST001775,HOT0229,ROOM000686,PROMO00113,2025-10-16,2025-11-24,2025-11-26,4,1,Website,Confirmed,USD,20000.0,10,2000.0,3240.0,21240.0,2023-04-09 15:34:55,2026-04-04 16:46:09
BOOK001239,CUST004284,HOT0102,ROOM001989,PROMO00309,2026-07-14,2026-08-03,2026-08-09,4,0,Mobile App,Completed,AED,15000.0,0,0.0,2700.0,17700.0,2025-01-12 09:56:09,2025-04-05 03:27:31
BOOK001240,CUST003664,HOT0123,ROOM001693,PROMO00016,2026-04-07,2026-06-06,2026-06-09,2,2,Travel Agent,Completed,EUR,10500.0,5,525.0,1795.5,11770.5,2023-04-15 06:42:19,2026-06-10 10:11:26
BOOK001241,CUST002854,HOT0126,ROOM000602,PROMO00380,2025-05-17,2025-05-20,2025-05-22,2,2,Booking.com,Completed,EUR,7000.0,0,0.0,1260.0,8260.0,2020-06-19 22:30:39,2024-05-17 18:54:00
BOOK001242,CUST004764,HOT0200,ROOM001353,PROMO00085,2025-04-23,2025-05-26,2025-06-02,3,0,Travel Agent,Completed,INR,105000.0,20,21000.0,15120.0,99120.0,2020-01-17 03:44:03,2020-09-13 04:54:06
BOOK001243,CUST004200,HOT0069,ROOM001005,PROMO00187,2026-04-04,2026-05-13,2026-05-14,2,1,Travel Agent,Confirmed,USD,2500.0,5,125.0,427.5,2802.5,2024-11-19 23:36:30,2026-01-21 01:33:33
BOOK001244,CUST003137,HOT0017,ROOM001418,PROMO00359,2024-11-24,2024-12-12,2024-12-17,4,2,Expedia,Confirmed,INR,35000.0,5,1750.0,5985.0,39235.0,2022-03-15 01:47:08,2022-12-18 09:52:53
BOOK001245,CUST000625,HOT0117,ROOM001214,PROMO00047,2024-09-21,2024-10-24,2024-10-28,4,1,Mobile App,Completed,AED,10000.0,0,0.0,1800.0,11800.0,2024-07-10 09:50:06,2026-03-18 18:46:03
BOOK001246,CUST002026,HOT0219,ROOM001666,PROMO00416,2025-11-01,2025-12-01,2025-12-04,4,2,Booking.com,Cancelled,EUR,30000.0,15,4500.0,4590.0,30090.0,2020-01-25 09:20:04,2023-07-05 10:41:20
BOOK001247,CUST001000,HOT0035,ROOM000449,PROMO00127,2025-10-09,2025-11-01,2025-11-06,2,2,Mobile App,Completed,GBP,12500.0,10,1250.0,2025.0,13275.0,2024-08-24 15:49:15,2026-02-28 07:03:27
BOOK001248,CUST004876,HOT0043,ROOM001658,PROMO00254,2025-04-14,2025-06-05,2025-06-06,3,1,Travel Agent,Completed,SGD,5000.0,15,750.0,765.0,5015.0,2026-05-21 08:11:52,2026-07-03 19:45:32
BOOK001249,CUST002693,HOT0033,ROOM001572,PROMO00371,2024-08-18,2024-10-16,2024-10-20,3,1,Walk-In,Cancelled,INR,60000.0,5,3000.0,10260.0,67260.0,2024-05-05 19:38:01,2025-03-04 14:40:03
BOOK001250,CUST004675,HOT0076,ROOM000987,PROMO00153,2024-10-17,2024-10-18,2024-10-22,3,1,Booking.com,Completed,AED,28000.0,10,2800.0,4536.0,29736.0,2022-10-12 13:57:11,2023-11-28 15:23:12
BOOK001251,CUST004002,HOT0007,ROOM000746,PROMO00289,2025-01-30,2025-03-07,2025-03-13,3,0,Walk-In,No Show,GBP,30000.0,20,6000.0,4320.0,28320.0,2026-07-14 19:21:44,2026-07-23 00:52:25
BOOK001252,CUST002866,HOT0150,ROOM000832,PROMO00354,2026-01-20,2026-01-27,2026-02-03,1,0,Mobile App,Confirmed,AED,105000.0,0,0.0,18900.0,123900.0,2021-12-12 23:45:55,2024-03-25 16:07:42
BOOK001253,CUST001642,HOT0063,ROOM001898,PROMO00328,2026-03-31,2026-05-02,2026-05-09,2,0,Walk-In,Completed,GBP,35000.0,0,0.0,6300.0,41300.0,2023-02-03 10:32:22,2023-04-12 05:47:38
BOOK001254,CUST004392,HOT0137,ROOM000107,PROMO00232,2025-04-06,2025-05-25,2025-05-29,3,0,Walk-In,Completed,EUR,40000.0,20,8000.0,5760.0,37760.0,2024-07-06 02:49:16,2024-12-26 21:54:07
BOOK001255,CUST004284,HOT0095,ROOM000844,PROMO00024,2024-10-24,2024-11-27,2024-11-29,3,2,Booking.com,Completed,AED,5000.0,15,750.0,765.0,5015.0,2023-10-29 11:21:48,2026-04-17 07:49:23
BOOK001256,CUST003672,HOT0075,ROOM000466,PROMO00114,2025-10-14,2025-11-10,2025-11-14,3,0,Booking.com,Completed,SGD,28000.0,20,5600.0,4032.0,26432.0,2023-10-07 20:46:08,2024-07-20 21:37:08
BOOK001257,CUST000288,HOT0163,ROOM000439,PROMO00219,2024-09-25,2024-10-05,2024-10-12,1,1,Walk-In,Completed,SGD,70000.0,5,3500.0,11970.0,78470.0,2025-01-04 21:04:56,2026-07-20 11:18:25
BOOK001258,CUST004481,HOT0166,ROOM001127,PROMO00487,2025-05-05,2025-05-23,2025-05-28,4,1,Travel Agent,Completed,GBP,50000.0,15,7500.0,7650.0,50150.0,2026-03-16 14:25:10,2026-07-05 14:42:14
BOOK001259,CUST003444,HOT0093,ROOM000651,PROMO00314,2026-06-17,2026-06-19,2026-06-20,4,0,Booking.com,Confirmed,GBP,5000.0,5,250.0,855.0,5605.0,2023-01-02 16:16:36,2023-03-21 07:31:50
BOOK001260,CUST003508,HOT0183,ROOM001877,PROMO00460,2026-07-09,2026-08-25,2026-08-27,2,0,Mobile App,Completed,INR,7000.0,5,350.0,1197.0,7847.0,2023-08-27 22:46:08,2023-10-24 19:58:14
BOOK001261,CUST002558,HOT0069,ROOM000543,PROMO00423,2025-11-14,2025-11-22,2025-11-27,4,1,Travel Agent,Cancelled,GBP,50000.0,0,0.0,9000.0,59000.0,2021-11-26 07:34:37,2023-11-02 07:33:56
BOOK001262,CUST003156,HOT0207,ROOM001976,PROMO00447,2026-02-14,2026-03-15,2026-03-22,1,1,Expedia,Completed,AED,35000.0,0,0.0,6300.0,41300.0,2022-11-15 23:28:58,2026-02-10 15:39:43
BOOK001263,CUST004631,HOT0125,ROOM001475,PROMO00295,2025-03-28,2025-04-21,2025-04-26,3,1,Website,Completed,SGD,35000.0,20,7000.0,5040.0,33040.0,2026-03-11 19:40:12,2026-04-02 08:47:01
BOOK001264,CUST000900,HOT0248,ROOM001673,PROMO00111,2024-10-18,2024-11-22,2024-11-25,3,0,Mobile App,Completed,GBP,10500.0,20,2100.0,1512.0,9912.0,2020-07-20 21:31:30,2023-01-12 03:09:07
BOOK001265,CUST000572,HOT0212,ROOM001684,PROMO00494,2026-02-10,2026-02-11,2026-02-17,4,2,Walk-In,Completed,EUR,15000.0,0,0.0,2700.0,17700.0,2020-03-09 09:17:34,2021-06-22 04:07:21
BOOK001266,CUST003645,HOT0168,ROOM001363,PROMO00348,2025-09-25,2025-11-23,2025-11-24,2,1,Travel Agent,Completed,INR,10000.0,20,2000.0,1440.0,9440.0,2020-06-22 05:59:16,2023-08-04 13:39:16
BOOK001267,CUST000847,HOT0165,ROOM000984,PROMO00111,2025-04-27,2025-05-13,2025-05-16,4,0,Expedia,Completed,AED,15000.0,10,1500.0,2430.0,15930.0,2022-08-29 16:17:00,2025-02-07 23:09:51
BOOK001268,CUST002870,HOT0117,ROOM001763,PROMO00438,2025-08-15,2025-09-04,2025-09-08,3,2,Booking.com,Completed,INR,40000.0,15,6000.0,6120.0,40120.0,2020-08-21 08:16:31,2021-11-02 01:54:55
BOOK001269,CUST004931,HOT0115,ROOM001319,PROMO00060,2025-08-18,2025-09-21,2025-09-26,2,1,Travel Agent,Confirmed,SGD,50000.0,15,7500.0,7650.0,50150.0,2024-10-13 01:06:58,2025-12-11 22:58:57
BOOK001270,CUST004295,HOT0185,ROOM000768,PROMO00061,2025-09-06,2025-09-19,2025-09-22,4,2,Expedia,Completed,EUR,45000.0,0,0.0,8100.0,53100.0,2020-09-08 19:58:00,2021-05-13 03:35:20
BOOK001271,CUST003531,HOT0059,ROOM000243,PROMO00082,2024-09-09,2024-10-30,2024-11-05,1,1,Travel Agent,Cancelled,AED,90000.0,15,13500.0,13770.0,90270.0,2023-04-03 14:05:33,2024-12-03 19:21:04
BOOK001272,CUST001737,HOT0068,ROOM000296,PROMO00036,2025-06-07,2025-07-24,2025-07-27,1,0,Travel Agent,Cancelled,USD,10500.0,15,1575.0,1606.5,10531.5,2025-04-22 17:24:17,2025-07-21 03:14:11
BOOK001273,CUST003988,HOT0133,ROOM001851,PROMO00157,2024-08-22,2024-09-27,2024-10-02,2,0,Expedia,Completed,USD,75000.0,10,7500.0,12150.0,79650.0,2024-04-20 08:28:01,2024-08-19 13:25:10
BOOK001274,CUST002420,HOT0043,ROOM001303,PROMO00271,2025-12-25,2026-01-31,2026-02-02,1,2,Expedia,Completed,SGD,7000.0,20,1400.0,1008.0,6608.0,2024-09-07 21:02:19,2024-12-15 01:03:18
BOOK001275,CUST002635,HOT0077,ROOM000914,PROMO00187,2025-10-07,2025-12-05,2025-12-12,3,0,Travel Agent,Completed,GBP,17500.0,5,875.0,2992.5,19617.5,2023-04-15 16:10:38,2025-02-13 23:56:33
BOOK001276,CUST001662,HOT0183,ROOM000672,PROMO00187,2025-05-25,2025-05-28,2025-06-04,3,1,Booking.com,Completed,INR,70000.0,5,3500.0,11970.0,78470.0,2021-09-05 15:03:49,2025-10-03 23:17:13
BOOK001277,CUST000643,HOT0154,ROOM001019,PROMO00245,2026-01-24,2026-02-28,2026-03-07,4,1,Expedia,Confirmed,EUR,35000.0,20,7000.0,5040.0,33040.0,2023-07-28 03:21:43,2025-12-14 12:01:25
BOOK001278,CUST004641,HOT0247,ROOM000994,PROMO00247,2025-09-16,2025-10-05,2025-10-08,3,2,Website,Completed,SGD,7500.0,5,375.0,1282.5,8407.5,2023-08-01 14:21:59,2026-03-30 21:16:43
BOOK001279,CUST000508,HOT0182,ROOM001770,PROMO00075,2025-04-09,2025-05-28,2025-06-04,4,0,Mobile App,Completed,EUR,49000.0,0,0.0,8820.0,57820.0,2025-01-13 17:52:52,2026-02-22 11:50:29
BOOK001280,CUST004272,HOT0097,ROOM000959,PROMO00025,2026-01-06,2026-02-08,2026-02-11,4,2,Expedia,Completed,SGD,15000.0,0,0.0,2700.0,17700.0,2021-12-02 08:30:27,2023-02-02 00:02:56
BOOK001281,CUST004678,HOT0240,ROOM000045,PROMO00003,2025-09-02,2025-10-25,2025-10-30,4,0,Booking.com,Confirmed,GBP,35000.0,5,1750.0,5985.0,39235.0,2020-03-29 12:43:20,2023-09-09 09:22:05
BOOK001282,CUST000205,HOT0216,ROOM000496,PROMO00017,2024-10-10,2024-11-06,2024-11-10,4,1,Booking.com,Completed,GBP,60000.0,10,6000.0,9720.0,63720.0,2026-03-04 21:01:44,2026-05-29 18:29:46
BOOK001283,CUST004337,HOT0202,ROOM000028,PROMO00066,2025-06-21,2025-06-24,2025-06-28,1,1,Walk-In,Completed,INR,28000.0,0,0.0,5040.0,33040.0,2023-02-16 15:41:23,2024-12-06 01:10:34
BOOK001284,CUST001410,HOT0029,ROOM000258,PROMO00448,2025-03-06,2025-04-12,2025-04-14,3,0,Travel Agent,Completed,EUR,10000.0,15,1500.0,1530.0,10030.0,2023-03-29 22:07:26,2025-03-15 17:35:19
BOOK001285,CUST000958,HOT0136,ROOM000283,PROMO00073,2026-03-30,2026-05-22,2026-05-29,1,0,Mobile App,Cancelled,USD,24500.0,0,0.0,4410.0,28910.0,2021-07-17 09:51:39,2026-06-21 15:12:39
BOOK001286,CUST003347,HOT0027,ROOM001597,PROMO00013,2024-10-25,2024-12-19,2024-12-20,2,2,Website,Completed,SGD,5000.0,20,1000.0,720.0,4720.0,2021-08-06 19:25:53,2025-10-25 10:51:24
BOOK001287,CUST004387,HOT0085,ROOM001338,PROMO00291,2025-04-25,2025-05-01,2025-05-05,3,2,Expedia,Completed,GBP,10000.0,5,500.0,1710.0,11210.0,2026-07-07 04:31:13,2026-07-07 12:54:42
BOOK001288,CUST004361,HOT0213,ROOM000182,PROMO00424,2024-12-07,2025-01-12,2025-01-18,3,1,Expedia,Completed,EUR,15000.0,5,750.0,2565.0,16815.0,2026-06-14 14:11:50,2026-07-16 15:26:20
BOOK001289,CUST001308,HOT0040,ROOM000042,PROMO00457,2025-12-12,2025-12-18,2025-12-21,2,0,Booking.com,Confirmed,USD,30000.0,10,3000.0,4860.0,31860.0,2021-10-12 04:49:21,2023-09-17 08:13:44
BOOK001290,CUST003393,HOT0015,ROOM001145,PROMO00132,2025-04-15,2025-05-22,2025-05-24,2,1,Expedia,Completed,GBP,14000.0,0,0.0,2520.0,16520.0,2021-06-23 15:36:27,2024-04-29 14:14:40
BOOK001291,CUST002440,HOT0022,ROOM000219,PROMO00281,2025-05-31,2025-06-10,2025-06-12,4,1,Website,Completed,GBP,5000.0,5,250.0,855.0,5605.0,2024-04-07 23:02:25,2025-05-28 10:59:14
BOOK001292,CUST000965,HOT0077,ROOM000914,PROMO00001,2026-01-29,2026-01-30,2026-02-05,4,1,Expedia,Completed,GBP,15000.0,20,3000.0,2160.0,14160.0,2024-02-09 08:29:05,2025-09-08 01:46:56
BOOK001293,CUST002974,HOT0236,ROOM000044,PROMO00340,2026-01-05,2026-02-25,2026-02-27,4,0,Travel Agent,Cancelled,AED,7000.0,5,350.0,1197.0,7847.0,2021-06-05 15:02:50,2025-09-05 08:04:27
BOOK001294,CUST000208,HOT0141,ROOM000372,PROMO00281,2026-02-22,2026-03-22,2026-03-23,1,1,Walk-In,Completed,USD,7000.0,20,1400.0,1008.0,6608.0,2022-04-09 07:25:08,2024-02-02 22:30:57
BOOK001295,CUST003007,HOT0082,ROOM001317,PROMO00487,2025-09-26,2025-11-22,2025-11-28,1,2,Website,Completed,USD,21000.0,10,2100.0,3402.0,22302.0,2022-05-23 07:37:11,2024-07-03 22:04:38
BOOK001296,CUST000310,HOT0045,ROOM000346,PROMO00062,2026-01-18,2026-02-19,2026-01-18,3,0,Mobile App,Completed,SGD,7000.0,0,0.0,1260.0,8260.0,2020-01-13 01:35:43,2021-11-26 00:14:56
BOOK001297,CUST001885,HOT0074,ROOM001514,PROMO00443,2024-11-21,2024-11-24,2024-11-27,1,2,Travel Agent,Confirmed,SGD,10500.0,20,2100.0,1512.0,9912.0,2023-12-17 12:03:52,2025-12-15 21:11:05
BOOK001298,CUST004340,HOT0186,ROOM001774,PROMO00299,2025-06-01,2025-07-23,2025-07-27,3,0,Booking.com,Completed,SGD,14000.0,10,1400.0,2268.0,14868.0,2026-06-17 06:54:41,2026-07-28 07:30:19
BOOK001299,CUST003267,HOT0014,ROOM000605,PROMO00252,2025-02-18,2025-04-19,2025-04-23,1,0,Mobile App,Completed,INR,10000.0,0,0.0,1800.0,11800.0,2023-12-09 05:33:02,2025-10-25 18:04:49
BOOK001300,CUST999999,HOT0078,ROOM000840,PROMO00216,2025-11-18,2026-01-15,2026-01-16,4,0,Expedia,Confirmed,GBP,3500.0,0,0.0,630.0,4130.0,2023-08-23 12:22:10,2025-07-04 08:58:40
BOOK001301,CUST002360,HOT0096,ROOM000921,PROMO00064,2025-09-23,2025-09-24,2025-09-28,3,0,Website,Completed,INR,60000.0,15,9000.0,9180.0,60180.0,2020-09-22 03:49:15,2021-03-13 00:16:44
BOOK001302,CUST003726,HOT0027,ROOM001513,PROMO00051,2026-07-20,2026-09-10,2026-09-15,1,2,Booking.com,No Show,SGD,75000.0,0,0.0,13500.0,88500.0,2024-05-16 15:37:37,2024-06-26 22:06:18
BOOK001303,CUST004263,HOT0186,ROOM000244,PROMO00182,2025-08-13,2025-09-21,2025-09-26,4,0,Website,Completed,SGD,50000.0,15,7500.0,7650.0,50150.0,2025-03-10 12:44:15,2026-07-09 13:02:58
BOOK001304,CUST003582,HOT0185,ROOM001661,PROMO00149,2025-02-21,2025-03-01,2025-03-06,1,1,Travel Agent,Completed,USD,35000.0,10,3500.0,5670.0,37170.0,2023-11-02 17:11:43,2024-06-14 15:13:00
BOOK001305,CUST004935,HOT0006,ROOM000947,PROMO00094,2024-09-12,2024-10-28,2024-10-31,2,0,Walk-In,Confirmed,AED,21000.0,5,1050.0,3591.0,23541.0,2023-09-24 04:50:51,2025-07-08 17:04:15
BOOK001306,CUST002918,HOT0071,ROOM000748,PROMO00083,2024-10-21,2024-11-19,2024-11-25,1,2,Website,Confirmed,AED,21000.0,20,4200.0,3024.0,19824.0,2021-01-18 08:52:15,2026-05-19 20:15:04
BOOK001307,CUST002466,HOT0086,ROOM000740,PROMO00295,2025-04-23,2025-05-28,2025-06-01,2,2,Mobile App,Completed,AED,10000.0,15,1500.0,1530.0,-10030.0,2025-06-13 07:39:37,2025-08-01 23:25:29
BOOK001308,CUST002862,HOT0082,ROOM000801,PROMO00152,2026-06-14,2026-07-16,2026-07-21,3,1,Booking.com,No Show,USD,17500.0,20,3500.0,2520.0,16520.0,2024-02-29 12:48:58,2025-01-19 11:43:15
BOOK001309,CUST002149,HOT0235,ROOM001511,PROMO00430,2024-08-06,2024-08-08,2024-08-13,2,1,Website,Completed,INR,12500.0,5,625.0,2137.5,14012.5,2022-01-19 13:08:43,2026-04-16 21:39:44
BOOK001310,CUST004232,HOT0105,ROOM000188,PROMO00394,2024-11-14,2024-12-27,2024-12-31,3,0,Travel Agent,Confirmed,AED,60000.0,0,0.0,10800.0,70800.0,2021-12-05 06:11:08,2025-01-01 20:44:42
BOOK001311,CUST001680,HOT0119,ROOM000640,PROMO00488,2025-06-14,2025-07-27,2025-07-31,2,1,Booking.com,Cancelled,INR,20000.0,20,4000.0,2880.0,18880.0,2025-07-17 16:13:28,2025-11-24 22:03:39
BOOK001312,CUST001107,HOT0194,ROOM000819,PROMO00456,2025-02-11,2025-03-26,2025-03-29,2,0,Walk-In,Completed,SGD,7500.0,15,1125.0,1147.5,7522.5,2020-09-05 02:42:41,2026-04-17 11:25:11
BOOK001313,CUST003918,HOT0170,ROOM001136,PROMO00089,2025-05-26,2025-06-30,2025-07-05,4,0,Website,Cancelled,USD,12500.0,15,1875.0,1912.5,12537.5,2020-05-31 16:42:25,2022-03-08 15:32:49
BOOK001314,CUST002494,HOT0120,ROOM001388,PROMO00408,2024-10-08,2024-10-17,2024-10-23,3,2,Expedia,Completed,USD,30000.0,15,4500.0,4590.0,30090.0,2025-07-14 03:34:29,2026-03-11 04:35:54
BOOK001315,CUST003927,HOT0209,ROOM000003,PROMO00262,2025-01-16,2025-03-08,2025-03-14,1,0,Booking.com,Completed,USD,30000.0,20,6000.0,4320.0,28320.0,2026-02-19 23:17:09,2026-05-15 19:07:21
BOOK001316,CUST003269,HOT0120,ROOM001388,PROMO00393,2024-10-09,2024-11-15,2024-11-16,3,2,Walk-In,Cancelled,GBP,5000.0,10,500.0,810.0,5310.0,2021-03-05 08:00:23,2025-10-30 00:05:23
BOOK001317,CUST004365,HOT0044,ROOM001730,PROMO00414,2025-01-13,2025-03-05,2025-03-10,1,1,Expedia,Completed,AED,75000.0,0,0.0,13500.0,88500.0,2021-08-18 04:03:45,2023-01-22 17:18:03
BOOK001318,CUST004686,HOT0070,ROOM000957,PROMO00367,2026-01-06,2026-01-11,2026-01-14,1,1,Mobile App,Cancelled,SGD,7500.0,15,1125.0,1147.5,7522.5,2020-06-22 04:33:51,2025-07-10 03:45:32
BOOK001319,CUST001843,HOT0192,ROOM000742,PROMO00336,2025-08-16,2025-08-25,2025-08-30,3,1,Walk-In,Completed,INR,35000.0,20,7000.0,5040.0,33040.0,2022-12-30 09:11:44,2025-06-06 07:36:51
BOOK001320,CUST001258,HOT0043,ROOM000738,PROMO00245,2026-03-01,2026-04-28,2026-05-05,4,2,Booking.com,Completed,USD,35000.0,10,3500.0,5670.0,37170.0,2023-08-03 05:55:28,2025-02-11 04:59:33
BOOK001321,CUST004506,HOT0238,ROOM000682,PROMO00419,2024-10-24,2024-10-27,2024-11-01,2,0,Booking.com,Confirmed,AED,17500.0,20,3500.0,2520.0,16520.0,2024-11-29 19:59:41,2026-02-06 00:16:32
BOOK001322,CUST002261,HOT0020,ROOM000532,PROMO00022,2025-01-04,2025-01-13,2025-01-14,4,0,Mobile App,Cancelled,AED,10000.0,0,0.0,1800.0,11800.0,2025-11-02 21:49:45,2026-04-07 10:14:09
BOOK001323,CUST001686,HOT0052,ROOM000306,PROMO00010,2025-03-21,2025-05-16,2025-05-23,4,2,Expedia,Cancelled,AED,24500.0,15,3675.0,3748.5,24573.5,2021-10-03 13:07:31,2022-08-11 22:03:56
BOOK001324,CUST001767,HOT0136,ROOM001746,PROMO00097,2025-09-24,2025-11-10,2025-11-16,4,1,Travel Agent,Completed,GBP,30000.0,10,3000.0,4860.0,31860.0,2023-02-16 06:29:26,2026-03-06 15:25:07
BOOK001325,CUST003699,HOT0091,ROOM000601,PROMO00255,2025-01-05,2025-02-17,2025-02-20,1,0,Expedia,Completed,USD,7500.0,15,1125.0,1147.5,7522.5,2020-05-24 01:37:15,2023-03-08 11:40:13
BOOK001326,CUST000308,HOT0007,ROOM001769,PROMO00086,2025-08-01,2025-09-19,2025-09-24,4,1,Website,No Show,USD,17500.0,20,3500.0,2520.0,16520.0,2020-12-09 00:24:02,2021-10-13 11:53:18
BOOK001327,CUST003585,HOT0023,ROOM000037,PROMO00008,2024-11-20,2024-12-25,2024-12-31,1,0,Travel Agent,Completed,AED,90000.0,5,4500.0,15390.0,100890.0,2021-07-16 02:24:52,2022-10-29 07:11:23
BOOK001328,CUST004985,HOT0073,ROOM000626,PROMO00004,2025-01-02,2025-02-23,2025-03-02,3,0,Expedia,Completed,AED,35000.0,20,7000.0,5040.0,33040.0,2025-11-15 13:39:34,2025-12-06 04:27:51
BOOK001329,CUST001537,HOT0203,ROOM000949,PROMO00221,2025-08-18,2025-09-06,2025-09-09,1,0,Mobile App,Completed,GBP,21000.0,20,4200.0,3024.0,19824.0,2020-08-12 18:50:51,2022-01-29 17:37:11
BOOK001330,CUST002194,HOT0128,ROOM001094,PROMO00186,2024-10-09,2024-12-02,2024-12-07,3,1,Mobile App,Completed,GBP,17500.0,0,0.0,3150.0,20650.0,2022-08-11 05:04:41,2023-10-13 23:14:51
BOOK001331,CUST001216,HOT0080,ROOM001815,PROMO00275,2025-09-06,2025-10-16,2025-10-23,3,2,Mobile App,Completed,AED,105000.0,10,10500.0,17010.0,111510.0,2020-05-01 16:41:26,2021-02-28 03:35:33
BOOK001332,CUST002994,HOT0094,ROOM001039,PROMO00024,2025-01-26,2025-02-07,2025-02-10,2,0,Booking.com,Completed,GBP,15000.0,10,1500.0,2430.0,15930.0,2022-03-08 17:18:33,2024-06-20 02:33:15
BOOK001333,CUST004198,HOT0022,ROOM001689,PROMO00141,2024-10-21,2024-11-16,2024-11-20,1,0,Walk-In,Cancelled,GBP,10000.0,5,500.0,1710.0,11210.0,2020-05-22 07:56:12,2022-01-10 14:03:38
BOOK001334,CUST004787,HOT0105,ROOM001349,PROMO00281,2025-12-14,2026-02-01,2026-02-08,4,0,Mobile App,Completed,USD,49000.0,0,0.0,8820.0,57820.0,2022-05-29 07:57:56,2026-04-03 04:08:59
BOOK001335,CUST003309,HOT0023,ROOM000282,PROMO00407,2024-07-29,2024-09-03,2024-09-04,3,1,Mobile App,Completed,USD,2500.0,0,0.0,450.0,2950.0,2021-12-22 17:17:44,2022-02-20 04:18:25
BOOK001336,CUST001548,HOT0190,ROOM001822,PROMO00382,2025-06-06,2025-06-20,2025-06-21,1,0,Walk-In,Completed,INR,3500.0,10,350.0,567.0,3717.0,2023-11-28 06:15:00,2025-12-27 23:08:48
BOOK001337,CUST003067,HOT0204,ROOM001158,PROMO00094,2025-09-12,2025-10-01,2025-10-06,3,1,Booking.com,Cancelled,GBP,17500.0,20,3500.0,2520.0,16520.0,2024-12-18 10:04:04,2025-02-14 06:04:40
BOOK001338,CUST004579,HOT0028,ROOM001786,PROMO00239,2025-11-24,2026-01-02,2026-01-09,3,0,Expedia,No Show,AED,24500.0,0,0.0,4410.0,28910.0,2022-12-18 03:46:49,2025-08-01 09:25:51
BOOK001339,CUST004862,HOT0093,ROOM001718,PROMO00141,2024-11-30,2024-12-12,2024-12-15,4,2,Travel Agent,No Show,INR,7500.0,10,750.0,1215.0,7965.0,2022-03-21 21:15:58,2024-06-23 22:17:34
BOOK001340,CUST002190,HOT0199,ROOM000125,PROMO00186,2026-05-30,2026-06-19,2026-06-20,2,1,Walk-In,Completed,USD,3500.0,5,175.0,598.5,3923.5,2020-12-26 11:45:38,2022-02-01 01:27:52
BOOK001341,CUST001749,HOT0003,ROOM001391,PROMO00098,2026-04-12,2026-06-05,2026-06-08,2,0,Mobile App,Cancelled,EUR,30000.0,20,6000.0,4320.0,28320.0,2021-07-17 17:58:55,2024-08-31 19:38:40
BOOK001342,CUST002242,HOT0071,ROOM000478,PROMO00113,2024-11-12,2024-12-14,2024-12-17,2,2,Expedia,Confirmed,INR,21000.0,20,4200.0,3024.0,19824.0,2020-01-22 05:24:03,2022-08-01 04:08:08
BOOK001343,CUST002778,HOT0183,ROOM000672,PROMO00380,2025-02-14,2025-03-31,2025-04-05,2,1,Mobile App,Completed,GBP,50000.0,5,2500.0,8550.0,56050.0,2020-08-05 03:54:26,2023-07-03 20:02:42
BOOK001344,CUST002582,HOT0221,ROOM000088,PROMO00284,2024-07-30,2024-09-25,2024-09-28,2,0,Website,No Show,EUR,15000.0,0,0.0,2700.0,17700.0,2023-01-12 00:54:09,2025-08-01 19:55:59
BOOK001345,CUST000638,HOT0031,ROOM000169,PROMO00499,2024-09-28,2024-11-09,2024-11-15,4,1,Booking.com,Cancelled,USD,21000.0,10,2100.0,3402.0,22302.0,2024-04-20 08:00:43,2026-02-15 15:19:03
BOOK001346,CUST001478,HOT0061,ROOM001760,PROMO00091,2025-11-14,2026-01-06,2026-01-13,1,0,Expedia,Completed,EUR,105000.0,20,21000.0,15120.0,99120.0,2021-01-04 17:03:24,2026-06-17 14:41:05
BOOK001347,CUST001742,HOT0152,ROOM001777,PROMO00076,2025-10-16,2025-12-06,2025-12-11,4,0,Booking.com,Completed,EUR,12500.0,0,0.0,2250.0,14750.0,2023-10-22 21:50:28,2023-11-12 20:53:45
BOOK001348,CUST002812,HOT0088,ROOM001640,PROMO00086,2025-01-06,2025-02-17,2025-02-23,3,1,Website,No Show,SGD,21000.0,15,3150.0,3213.0,21063.0,2024-10-28 10:51:07,2025-09-19 14:16:07
BOOK001349,CUST001281,HOT0248,ROOM001673,PROMO00050,2025-07-13,2025-08-28,2025-09-01,3,0,Expedia,Completed,GBP,14000.0,15,2100.0,2142.0,14042.0,2022-10-04 20:40:19,2026-06-07 11:42:50
BOOK001350,CUST000609,HOT0006,ROOM001988,PROMO00466,2025-01-19,2025-02-13,2025-02-16,2,2,Mobile App,Completed,AED,7500.0,5,375.0,1282.5,8407.5,2021-09-20 02:29:02,2023-01-25 13:22:21
BOOK001351,CUST001430,HOT0037,ROOM001788,PROMO00089,2025-09-27,2025-11-25,2025-11-30,3,1,Travel Agent,Completed,EUR,25000.0,0,0.0,4500.0,29500.0,2021-06-05 00:52:26,2022-06-13 10:47:56
BOOK001352,CUST000191,HOT0127,ROOM000381,PROMO00480,2026-04-29,2026-05-06,2026-05-10,4,2,Mobile App,Cancelled,INR,28000.0,10,2800.0,4536.0,29736.0,2020-07-26 03:47:32,2021-06-15 07:58:46
BOOK001353,CUST001411,HOT0010,ROOM000991,PROMO00013,2026-07-22,2026-09-17,2026-09-20,1,0,Mobile App,Completed,EUR,30000.0,5,1500.0,5130.0,33630.0,2024-03-05 00:10:12,2026-03-05 02:10:04
BOOK001354,CUST001300,HOT0020,ROOM000532,PROMO00366,2025-07-14,2025-08-27,2025-09-01,1,0,Expedia,Completed,AED,50000.0,10,5000.0,8100.0,53100.0,2020-05-06 05:06:34,2026-04-15 08:12:55
BOOK001355,CUST001728,HOT0096,ROOM000340,PROMO00130,2025-09-25,2025-11-04,2025-11-11,2,2,Travel Agent,Completed,EUR,105000.0,5,5250.0,17955.0,117705.0,2021-12-17 06:31:44,2025-12-05 09:40:41
BOOK001356,CUST000872,HOT0202,ROOM000028,PROMO00332,2024-09-07,2024-10-11,2024-10-17,3,2,Website,Confirmed,AED,42000.0,5,2100.0,7182.0,47082.0,2021-08-29 15:26:55,2021-12-07 07:10:51
BOOK001357,CUST003493,HOT0041,ROOM000754,PROMO00328,2025-11-07,2025-11-11,2025-11-15,1,0,Expedia,Completed,SGD,20000.0,15,3000.0,3060.0,20060.0,2025-02-12 13:12:09,2025-10-22 09:54:43
BOOK001358,CUST002274,HOT0185,ROOM000747,PROMO00160,2026-07-11,2026-08-21,2026-08-25,2,1,Website,Confirmed,GBP,14000.0,15,2100.0,2142.0,14042.0,2021-09-13 18:24:43,2024-05-17 15:13:35
BOOK001359,CUST002833,HOT0163,ROOM001115,PROMO00224,2025-01-28,2025-03-19,2025-03-26,4,1,Booking.com,Completed,AED,35000.0,20,7000.0,5040.0,33040.0,2025-09-29 10:01:22,2025-12-02 03:58:19
BOOK001360,CUST003399,HOT0082,ROOM000668,PROMO00132,2025-10-12,2025-11-15,2025-11-20,4,0,Walk-In,Completed,USD,25000.0,15,3750.0,3825.0,25075.0,2022-04-29 01:27:47,2026-01-02 15:29:45
BOOK001361,CUST004113,HOT0168,ROOM001963,PROMO00449,2024-12-16,2025-01-11,2025-01-13,3,0,Booking.com,Completed,GBP,30000.0,0,0.0,5400.0,35400.0,2022-10-08 12:24:54,2026-03-02 15:21:47
BOOK001362,CUST003269,HOT0222,ROOM001642,PROMO00255,2025-12-16,2025-12-25,2025-12-26,1,1,Website,Cancelled,USD,5000.0,10,500.0,810.0,5310.0,2021-01-26 14:58:20,2025-03-21 07:28:08
BOOK001363,CUST003690,HOT0059,ROOM000800,PROMO00356,2024-10-02,2024-11-19,2024-11-23,3,1,Expedia,Completed,AED,60000.0,5,3000.0,10260.0,67260.0,2020-02-12 07:23:53,2025-09-11 14:42:53
BOOK001364,CUST002948,HOT0224,ROOM001063,PROMO00457,2026-03-28,2026-03-30,2026-04-03,2,2,Walk-In,Completed,EUR,60000.0,10,6000.0,9720.0,63720.0,2020-06-19 08:37:00,2022-10-12 07:43:31
BOOK001365,CUST000011,HOT0221,ROOM000088,PROMO00349,2026-03-24,2026-04-06,2026-04-11,1,2,Mobile App,Confirmed,SGD,25000.0,20,5000.0,3600.0,23600.0,2023-03-06 08:52:48,2025-01-07 11:46:27
BOOK001366,CUST000561,HOT0028,ROOM001707,PROMO00483,2025-09-12,2025-09-27,2025-10-03,4,0,Expedia,Cancelled,INR,42000.0,5,2100.0,7182.0,47082.0,2025-02-05 14:16:06,2025-02-24 13:34:34
BOOK001367,CUST003295,HOT0069,ROOM001005,PROMO00133,2025-04-20,2025-06-17,2025-06-18,4,2,Travel Agent,Confirmed,AED,2500.0,10,250.0,405.0,2655.0,2025-06-03 18:47:44,2025-06-27 06:34:27
BOOK001368,CUST000294,HOT0073,ROOM000230,PROMO00322,2026-02-10,2026-03-21,2026-03-25,4,2,Walk-In,Confirmed,EUR,28000.0,20,5600.0,4032.0,26432.0,2022-12-04 19:22:31,2024-04-19 12:16:20
BOOK001369,CUST003551,HOT0209,ROOM001579,PROMO00094,2025-10-22,2025-10-31,2025-11-05,4,1,Expedia,Completed,EUR,12500.0,10,1250.0,2025.0,13275.0,2023-05-07 11:54:16,2025-03-28 07:35:41
BOOK001370,CUST000709,HOT0138,ROOM000679,PROMO00149,2025-10-26,2025-11-07,2025-11-10,3,2,Booking.com,Completed,USD,45000.0,15,6750.0,6885.0,45135.0,2022-07-18 07:15:58,2024-06-23 08:39:04
BOOK001371,CUST000565,HOT0208,ROOM001053,PROMO00442,2025-04-17,2025-04-18,2025-04-24,3,2,Expedia,Completed,AED,60000.0,5,3000.0,10260.0,67260.0,2025-10-08 04:33:19,2026-07-05 20:19:32
BOOK001372,CUST000135,HOT0119,ROOM001722,PROMO00266,2025-05-31,2025-06-29,2025-07-02,4,0,Travel Agent,Completed,SGD,21000.0,10,2100.0,3402.0,22302.0,2022-05-31 19:02:21,2022-08-02 03:17:53
BOOK001373,CUST001202,HOT0206,ROOM000216,PROMO00348,2025-03-02,2025-03-15,2025-03-16,1,0,Mobile App,Cancelled,AED,15000.0,5,750.0,2565.0,16815.0,2022-05-22 18:48:41,2022-08-14 13:12:11
BOOK001374,CUST002080,HOT0016,ROOM001943,PROMO00206,2025-03-30,2025-04-11,2025-04-16,4,0,Travel Agent,Confirmed,EUR,12500.0,20,2500.0,1800.0,11800.0,2023-01-14 07:35:00,2025-02-14 13:52:34
BOOK001375,CUST000842,HOT0242,ROOM001224,PROMO00396,2025-05-13,2025-06-06,2025-06-09,1,1,Booking.com,Completed,USD,45000.0,5,2250.0,7695.0,50445.0,2023-02-03 00:44:13,2025-04-26 17:48:08
BOOK001376,CUST000440,HOT0153,ROOM000722,PROMO00028,2025-12-22,2026-02-12,2026-02-13,3,2,Mobile App,Completed,GBP,2500.0,10,250.0,405.0,2655.0,2023-09-15 16:31:23,2024-09-08 17:53:15
BOOK001377,CUST002974,HOT0178,ROOM001043,PROMO00014,2026-01-08,2026-02-18,2026-02-24,4,0,Mobile App,Completed,EUR,60000.0,20,12000.0,8640.0,56640.0,2020-07-19 06:46:14,2020-08-31 16:00:06
BOOK001378,CUST004693,HOT0142,ROOM000774,PROMO00413,2025-01-25,2025-02-01,2025-02-04,1,2,Website,Cancelled,AED,30000.0,20,6000.0,4320.0,28320.0,2025-03-31 11:46:02,2026-05-21 21:17:36
BOOK001379,CUST002354,HOT0019,ROOM000609,PROMO00025,2026-07-09,2026-08-03,2026-08-09,3,0,Website,Cancelled,INR,42000.0,20,8400.0,6048.0,39648.0,2020-03-19 20:26:29,2023-12-25 05:57:11
BOOK001380,CUST003695,HOT0218,ROOM001356,PROMO00024,2025-05-09,2025-06-02,2025-06-08,1,1,Mobile App,Completed,INR,42000.0,20,8400.0,6048.0,39648.0,2021-06-27 12:00:14,2024-05-16 10:31:09
BOOK001381,CUST004089,HOT0138,ROOM000006,PROMO00042,2026-05-04,2026-06-05,2026-06-12,1,1,Website,Cancelled,INR,49000.0,10,4900.0,7938.0,52038.0,2022-01-12 12:03:53,2025-01-21 05:33:02
BOOK001382,CUST003828,HOT0091,ROOM000570,PROMO00247,2025-01-10,2025-03-01,2025-03-04,4,0,Website,Completed,,10500.0,20,2100.0,1512.0,9912.0,2020-07-13 16:46:53,2025-01-02 12:44:34
BOOK001383,CUST002643,HOT0228,ROOM001652,PROMO00494,2026-02-09,2026-03-12,2026-03-15,2,2,Mobile App,Confirmed,EUR,15000.0,10,1500.0,2430.0,15930.0,2024-11-29 22:09:40,2025-06-29 00:10:21
BOOK001384,CUST001221,HOT0213,ROOM000182,PROMO00228,2025-09-13,2025-09-27,2025-10-03,1,0,Travel Agent,Completed,GBP,15000.0,15,2250.0,2295.0,15045.0,2023-10-27 15:43:24,2025-09-22 07:29:20
BOOK001385,CUST002296,HOT0116,ROOM001256,PROMO00260,2026-04-20,2026-06-01,2026-06-07,1,2,Mobile App,Completed,USD,21000.0,10,2100.0,3402.0,22302.0,2025-01-28 11:51:27,2026-06-04 12:46:07
BOOK001386,CUST000819,HOT0106,ROOM000743,PROMO00030,2025-04-23,2025-04-27,2025-04-28,4,0,Expedia,Completed,INR,10000.0,15,1500.0,1530.0,10030.0,2022-06-18 22:37:41,2024-02-14 05:59:34
BOOK001387,CUST004920,HOT0189,ROOM001865,PROMO00161,2025-01-26,2025-02-23,2025-02-27,3,1,Travel Agent,Completed,INR,10000.0,5,500.0,1710.0,11210.0,2025-09-21 23:27:31,2025-11-28 22:40:49
BOOK001388,CUST999999,HOT0143,ROOM000109,PROMO00473,2025-09-28,2025-10-11,2025-10-14,3,1,Booking.com,Completed,USD,10500.0,10,1050.0,1701.0,11151.0,2023-11-26 04:37:01,2026-07-25 22:38:31
BOOK001389,CUST000478,HOT0111,ROOM000444,PROMO00103,2024-08-06,2024-08-07,2024-08-14,4,0,Booking.com,Completed,GBP,70000.0,5,3500.0,11970.0,78470.0,2023-12-24 06:26:38,2024-02-07 20:04:55
BOOK001390,CUST001303,HOT0060,ROOM001519,PROMO00101,2025-03-26,2025-04-06,2025-04-11,2,0,Website,Completed,GBP,35000.0,10,3500.0,5670.0,37170.0,2025-12-19 02:10:10,2026-07-17 09:30:48
BOOK001391,CUST000447,HOT0244,ROOM000698,PROMO00025,2026-05-06,2026-05-08,2026-05-11,3,1,Walk-In,Completed,USD,15000.0,0,0.0,2700.0,17700.0,2025-05-19 05:56:53,2025-11-16 10:08:46
BOOK001392,CUST001883,HOT0117,ROOM001763,PROMO00335,2025-04-23,2025-05-01,2025-05-06,1,1,Expedia,Cancelled,EUR,50000.0,0,0.0,9000.0,59000.0,2026-03-28 02:24:36,2026-05-23 21:14:08
BOOK001393,CUST003910,HOT0159,ROOM000977,PROMO00482,2025-03-24,2025-05-05,2025-05-06,1,1,Booking.com,Completed,USD,10000.0,20,2000.0,1440.0,9440.0,2023-01-19 16:47:49,2024-01-23 17:04:42
BOOK001394,CUST001651,HOT0073,ROOM000308,PROMO00363,2025-10-01,2025-11-30,2025-12-07,3,2,Mobile App,Completed,INR,17500.0,15,2625.0,2677.5,17552.5,2026-03-17 14:08:03,2026-04-14 01:29:00
BOOK001395,CUST003984,HOT0081,ROOM000538,PROMO00463,2026-01-31,2026-03-31,2026-04-03,4,0,Website,Completed,GBP,15000.0,15,2250.0,2295.0,15045.0,2025-10-01 11:52:45,2026-06-23 23:00:39
BOOK001396,CUST001227,HOT0217,ROOM001178,PROMO00060,2025-01-29,2025-02-14,2025-02-17,2,2,Walk-In,No Show,INR,7500.0,10,750.0,1215.0,7965.0,2026-07-21 10:08:40,2026-07-29 01:29:04
BOOK001397,CUST002207,HOT0120,ROOM001388,PROMO00096,2025-08-26,2025-08-31,2025-09-06,2,0,Walk-In,Cancelled,GBP,30000.0,5,1500.0,5130.0,33630.0,2021-02-09 15:30:41,2023-08-22 06:13:07
BOOK001398,CUST002342,HOT0068,ROOM001405,PROMO00126,2024-09-25,2024-11-11,2024-11-12,2,2,Website,Completed,SGD,3500.0,15,525.0,535.5,3510.5,2020-08-10 20:55:13,2021-06-08 10:18:18
BOOK001399,CUST002035,HOT0029,ROOM001577,PROMO00267,2026-03-06,2026-05-04,2026-05-07,4,2,Travel Agent,Completed,AED,45000.0,0,0.0,8100.0,53100.0,2022-05-01 13:03:32,2022-08-21 20:19:13
BOOK001400,CUST000414,HOT0131,ROOM000039,PROMO00216,2026-03-11,2026-04-15,2026-04-17,3,0,Website,Completed,GBP,7000.0,15,1050.0,1071.0,7021.0,2021-05-20 01:57:12,2022-10-18 20:29:15
BOOK001401,CUST001292,HOT0201,ROOM000526,PROMO00038,2025-01-04,2025-02-17,2025-02-24,3,2,Website,Completed,INR,17500.0,5,875.0,2992.5,19617.5,2024-02-12 12:34:01,2024-09-02 11:13:05
BOOK001402,CUST000305,HOT0177,ROOM001322,PROMO00040,2024-07-31,2024-08-18,2024-08-19,2,2,Booking.com,Completed,GBP,3500.0,0,0.0,630.0,4130.0,2022-07-26 06:32:32,2026-04-28 09:08:58
BOOK001403,CUST002009,HOT0194,ROOM001973,PROMO00484,2025-09-26,2025-11-23,2025-11-27,4,2,Travel Agent,Completed,GBP,60000.0,15,9000.0,9180.0,60180.0,2026-01-04 07:39:24,2026-06-25 09:04:21
BOOK001404,CUST004506,HOT0226,ROOM001705,PROMO00249,2025-09-13,2025-10-12,2025-10-19,4,1,Mobile App,Completed,AED,105000.0,5,5250.0,17955.0,117705.0,2022-11-28 16:50:37,2026-04-11 14:44:21
BOOK001405,CUST000810,HOT0223,ROOM000086,PROMO00066,2025-09-01,2025-09-29,2025-10-06,3,2,Travel Agent,Confirmed,GBP,105000.0,5,5250.0,17955.0,117705.0,2022-05-04 13:52:37,2025-07-05 01:03:46
BOOK001406,CUST003502,HOT0073,ROOM000230,PROMO00423,2026-05-18,2026-05-27,2026-05-31,3,2,Mobile App,Completed,EUR,28000.0,5,1400.0,4788.0,31388.0,2020-05-07 05:35:35,2025-08-18 05:15:51
BOOK001407,CUST002028,HOT0227,ROOM000080,PROMO00471,2025-08-28,2025-10-10,2025-10-14,2,0,Travel Agent,Confirmed,INR,40000.0,5,2000.0,6840.0,44840.0,2022-12-27 19:24:51,2023-12-20 05:12:45
BOOK001408,CUST000632,HOT0188,ROOM000025,PROMO00348,2024-11-16,2024-12-25,2024-12-29,3,1,Walk-In,No Show,INR,28000.0,10,2800.0,4536.0,29736.0,2024-03-23 16:27:40,2025-09-19 21:16:13
BOOK001409,CUST001112,HOT0013,ROOM001920,PROMO00132,2025-01-10,2025-03-07,2025-03-14,3,1,Booking.com,Confirmed,INR,70000.0,20,14000.0,10080.0,66080.0,2024-02-22 13:33:08,2025-12-01 13:12:00
BOOK001410,CUST000992,HOT0062,ROOM000539,PROMO00214,2024-08-14,2024-09-20,2024-09-26,1,0,Booking.com,Cancelled,GBP,60000.0,20,12000.0,8640.0,56640.0,2026-07-09 12:29:29,2026-07-23 09:58:55
BOOK001411,CUST003482,HOT0242,ROOM001704,PROMO00300,2025-11-10,2025-12-07,2025-12-09,3,0,Website,Completed,EUR,5000.0,15,750.0,765.0,5015.0,2024-01-07 16:50:28,2025-10-17 03:39:26
BOOK001412,CUST004231,HOT0031,ROOM000114,PROMO00271,2025-03-23,2025-03-30,2025-04-05,4,0,Booking.com,Confirmed,USD,60000.0,5,3000.0,10260.0,67260.0,2022-12-03 10:09:26,2023-11-21 01:31:56
BOOK001413,CUST004324,HOT0164,ROOM000985,PROMO00247,2026-02-15,2026-03-07,2026-03-10,4,2,Booking.com,Completed,GBP,21000.0,15,3150.0,3213.0,21063.0,2023-03-28 11:49:01,2024-04-08 06:35:34
BOOK001414,CUST002560,HOT0067,ROOM000291,PROMO00468,2025-03-05,2025-03-28,2025-04-03,2,1,Expedia,Completed,SGD,15000.0,20,3000.0,2160.0,14160.0,2021-08-07 02:00:29,2024-01-08 03:39:43
BOOK001415,CUST003585,HOT0024,ROOM001089,PROMO00489,2026-05-18,2026-06-23,2026-06-26,4,0,Website,Completed,AED,10500.0,15,1575.0,1606.5,10531.5,2023-05-22 21:48:28,2025-08-19 19:33:17
BOOK001416,CUST004364,HOT0083,ROOM000689,PROMO00239,2025-12-09,2026-01-07,2026-01-14,2,0,Walk-In,Cancelled,SGD,49000.0,20,9800.0,7056.0,46256.0,2021-05-11 15:30:19,2023-01-31 10:49:42
BOOK001417,CUST004000,HOT0021,ROOM001795,PROMO00223,2025-08-31,2025-09-26,2025-10-03,4,1,Website,Completed,SGD,70000.0,10,7000.0,11340.0,74340.0,2020-12-25 00:47:48,2024-10-04 15:07:14
BOOK001418,CUST004865,HOT0206,ROOM001365,PROMO00333,2025-11-07,2025-12-08,2025-12-13,2,1,Expedia,Completed,USD,17500.0,5,875.0,2992.5,19617.5,2022-01-20 00:10:46,2022-04-11 10:19:47
BOOK001419,CUST004749,HOT0151,ROOM000451,PROMO00047,2025-11-21,2026-01-18,2026-01-22,2,2,Mobile App,Confirmed,GBP,60000.0,10,6000.0,9720.0,63720.0,2023-12-30 00:03:09,2024-11-02 08:32:02
BOOK001420,CUST003610,HOT0171,ROOM000903,PROMO00473,2024-09-17,2024-11-14,2024-11-20,3,2,Expedia,Cancelled,SGD,15000.0,0,0.0,2700.0,17700.0,2021-02-08 11:19:48,2024-09-11 19:45:52
BOOK001421,CUST001439,HOT0171,ROOM000209,PROMO00030,2025-10-22,2025-11-10,2025-11-13,1,1,Expedia,Completed,INR,15000.0,10,1500.0,2430.0,15930.0,2024-08-31 16:34:07,2025-03-04 21:53:39
BOOK001422,CUST002817,HOT0232,ROOM000950,PROMO00188,2026-04-18,2026-05-20,2026-05-25,4,1,Walk-In,Completed,INR,50000.0,0,0.0,9000.0,59000.0,2021-03-04 09:21:13,2022-10-17 05:53:16
BOOK001423,CUST002965,HOT0211,ROOM001627,PROMO00389,2025-03-12,2025-04-26,2025-04-29,1,2,Booking.com,Completed,GBP,45000.0,20,9000.0,6480.0,42480.0,2023-11-19 19:10:06,2024-12-31 03:03:09
BOOK001424,CUST003294,HOT0062,ROOM001111,PROMO00135,2024-09-30,2024-10-08,2024-10-12,3,0,Walk-In,Completed,EUR,20000.0,5,1000.0,3420.0,22420.0,2026-06-17 09:13:00,2026-07-01 16:17:53
BOOK001425,CUST003755,HOT0129,ROOM001605,PROMO00270,2026-06-20,2026-07-13,2026-07-20,4,2,Mobile App,Confirmed,AED,24500.0,0,0.0,4410.0,28910.0,2021-11-08 13:52:07,2025-07-13 05:50:41
BOOK001426,CUST001214,HOT0129,ROOM001324,PROMO00001,2026-03-11,2026-03-27,2026-04-02,1,2,Mobile App,Completed,EUR,30000.0,20,6000.0,4320.0,28320.0,2022-02-10 15:46:12,2025-09-27 14:04:25
BOOK001427,CUST000888,HOT0102,ROOM000675,PROMO00001,2025-04-12,2025-04-20,2025-04-27,2,1,Expedia,Completed,USD,35000.0,15,5250.0,5355.0,35105.0,2022-04-13 09:13:59,2022-04-13 17:38:21
BOOK001428,CUST001645,HOT0026,ROOM000309,PROMO00256,2026-01-15,2026-02-09,2026-02-14,3,0,Travel Agent,No Show,EUR,75000.0,15,11250.0,11475.0,75225.0,2020-03-31 06:36:29,2023-10-18 02:11:08
BOOK001429,CUST000374,HOT0210,ROOM001506,PROMO00056,2026-01-02,2026-01-16,2026-01-22,4,1,Expedia,Completed,USD,15000.0,10,1500.0,2430.0,15930.0,2024-05-18 22:04:28,2025-02-15 01:58:08
BOOK001430,CUST001570,HOT0032,ROOM000310,PROMO00367,2025-11-09,2025-11-16,2025-11-18,2,2,Expedia,Completed,GBP,7000.0,10,700.0,1134.0,7434.0,2025-04-10 11:22:22,2026-06-29 05:23:17
BOOK001431,CUST000165,HOT0183,ROOM001877,PROMO00221,2025-08-30,2025-10-17,2025-10-18,3,1,Expedia,Completed,GBP,3500.0,10,350.0,567.0,3717.0,2026-07-30 07:30:24,2026-07-30 11:29:40
BOOK001432,CUST003829,HOT0164,ROOM001269,PROMO00172,2026-06-25,2026-07-06,2026-07-09,4,1,Website,Cancelled,GBP,7500.0,15,1125.0,1147.5,7522.5,2024-03-01 00:34:18,2026-06-17 15:00:36
BOOK001433,CUST004482,HOT0052,ROOM001557,PROMO00024,2024-10-31,2024-11-19,2024-11-21,1,0,Mobile App,Completed,EUR,30000.0,5,1500.0,5130.0,33630.0,2026-03-06 20:27:37,2026-06-05 02:02:04
BOOK001434,CUST001519,HOT0108,ROOM000948,PROMO00457,2025-07-29,2025-08-23,2025-08-24,3,2,Mobile App,Cancelled,GBP,2500.0,10,250.0,405.0,2655.0,2024-01-03 15:33:21,2024-03-30 23:15:59
BOOK001435,CUST000549,HOT0211,ROOM001553,PROMO00287,2025-11-28,2025-12-31,2026-01-01,1,0,Website,Completed,SGD,2500.0,15,375.0,382.5,2507.5,2021-07-06 22:41:20,2025-05-17 19:46:49
BOOK001436,CUST001808,HOT0069,ROOM001005,PROMO00325,2025-10-09,2025-10-16,2025-10-17,2,1,Expedia,Completed,INR,2500.0,0,0.0,450.0,2950.0,2023-04-03 04:08:45,2026-03-17 15:04:52
BOOK001437,CUST003091,HOT0091,ROOM001793,PROMO00219,2025-11-02,2025-11-05,2025-11-11,4,0,Website,Completed,EUR,42000.0,15,6300.0,6426.0,42126.0,2022-02-24 14:40:25,2026-02-13 14:00:03
BOOK001438,CUST004902,HOT0130,ROOM001758,PROMO00219,2025-08-17,2025-10-10,2025-10-16,3,2,Travel Agent,Cancelled,USD,15000.0,15,2250.0,2295.0,15045.0,2023-04-07 12:10:38,2025-06-06 03:45:29
BOOK001439,CUST004344,HOT0131,ROOM000728,PROMO00421,2025-12-18,2026-02-09,2026-02-11,3,1,Website,Confirmed,USD,7000.0,10,700.0,1134.0,7434.0,2023-03-07 11:53:08,2023-11-08 23:15:35
BOOK001440,CUST004552,HOT0174,ROOM001720,PROMO00462,2025-01-31,2025-03-07,2025-03-13,4,1,Travel Agent,Completed,AED,60000.0,10,6000.0,9720.0,63720.0,2026-06-08 00:18:49,2026-07-29 06:52:49
BOOK001441,CUST004605,HOT0084,ROOM000529,PROMO00065,2025-03-26,2025-04-30,2025-05-04,1,1,Mobile App,Cancelled,AED,10000.0,20,2000.0,1440.0,9440.0,2025-10-25 12:53:00,2026-01-20 14:10:19
BOOK001442,CUST004704,HOT0111,ROOM001582,PROMO00454,2026-06-20,2026-07-24,2026-07-26,3,1,Mobile App,Completed,INR,7000.0,10,700.0,1134.0,7434.0,2025-08-03 23:02:09,2026-01-29 19:13:49
BOOK001443,CUST003041,HOT0067,ROOM000465,PROMO00399,2025-12-10,2026-01-01,2026-01-06,3,1,Walk-In,Completed,INR,75000.0,20,15000.0,10800.0,70800.0,2020-08-02 13:29:27,2024-10-23 14:36:39
BOOK001444,CUST001635,HOT0076,ROOM000635,PROMO00432,2024-12-04,2024-12-16,2024-12-21,3,0,Website,Cancelled,EUR,17500.0,15,2625.0,2677.5,17552.5,2025-10-01 04:16:19,2026-06-08 10:12:17
BOOK001445,CUST003673,HOT0160,ROOM001486,PROMO00210,2025-12-04,2025-12-19,2025-12-26,3,1,Expedia,Cancelled,AED,35000.0,10,3500.0,5670.0,37170.0,2024-06-22 21:33:43,2024-06-24 19:53:05
BOOK001446,CUST004401,HOT0010,ROOM001820,PROMO00449,2026-02-26,2026-03-30,2026-04-04,1,0,Travel Agent,Completed,INR,17500.0,10,1750.0,2835.0,18585.0,2023-08-11 13:17:40,2024-04-17 19:50:58
BOOK001447,CUST003252,HOT0189,ROOM000953,PROMO00260,2026-06-02,2026-06-27,2026-07-02,4,1,Expedia,Cancelled,USD,17500.0,15,2625.0,2677.5,17552.5,2026-04-30 16:36:57,2026-06-15 09:33:36
BOOK001448,CUST002220,HOT0133,ROOM001939,PROMO00281,2025-09-23,2025-10-20,2025-10-25,3,2,Mobile App,Confirmed,INR,50000.0,20,10000.0,7200.0,47200.0,2021-04-26 05:55:54,2026-02-27 09:21:32
BOOK001449,CUST002050,HOT0185,ROOM000747,PROMO00212,2024-08-14,2024-10-02,2024-10-04,3,2,Walk-In,Completed,EUR,7000.0,0,0.0,1260.0,8260.0,2025-06-26 11:17:15,2026-03-24 10:47:55
BOOK001450,CUST000924,HOT0135,ROOM000024,PROMO00492,2024-10-20,2024-12-18,2024-12-23,4,2,Booking.com,Cancelled,AED,50000.0,20,10000.0,7200.0,47200.0,2020-11-02 07:33:47,2026-05-14 13:10:16
BOOK001451,CUST004058,HOT0244,ROOM001984,PROMO00391,2026-03-06,2026-03-30,2026-03-31,4,2,Expedia,Cancelled,INR,10000.0,10,1000.0,1620.0,10620.0,2023-01-14 16:07:16,2024-11-29 14:07:39
BOOK001452,CUST001071,HOT0013,ROOM001617,PROMO00145,2026-06-19,2026-07-11,2026-07-17,4,0,Website,Completed,EUR,30000.0,5,1500.0,5130.0,33630.0,2025-04-07 14:19:12,2025-06-16 22:52:19
BOOK001453,CUST000612,HOT0200,ROOM001202,PROMO00184,2025-12-08,2025-12-18,2025-12-20,1,2,Walk-In,Cancelled,GBP,5000.0,0,0.0,900.0,5900.0,2022-07-10 21:58:01,2024-02-02 07:36:31
BOOK001454,CUST003519,HOT0183,ROOM000672,PROMO00180,2025-09-18,2025-09-30,2025-10-07,3,2,Website,Completed,EUR,70000.0,0,0.0,12600.0,82600.0,2023-08-26 09:54:24,2025-06-20 12:44:11
BOOK001455,CUST004356,HOT0203,ROOM000926,PROMO00499,2025-01-30,2025-02-12,2025-02-15,2,2,Travel Agent,Cancelled,AED,45000.0,0,0.0,8100.0,53100.0,2022-06-17 23:45:03,2024-12-31 01:33:54
BOOK001456,CUST003518,HOT0176,ROOM001235,PROMO00010,2026-05-30,2026-06-11,2026-06-13,3,0,Travel Agent,Completed,AED,30000.0,5,1500.0,5130.0,33630.0,2023-10-31 03:35:00,2024-11-03 19:51:33
BOOK001457,CUST003009,HOT0012,ROOM000510,PROMO00447,2024-10-12,2024-11-15,2024-11-20,2,1,Booking.com,No Show,AED,25000.0,20,5000.0,3600.0,23600.0,2026-04-17 00:45:09,2026-06-21 15:03:47
BOOK001458,CUST001457,HOT0057,ROOM000765,PROMO00127,2025-10-30,2025-12-21,2025-12-24,2,2,Website,Completed,INR,45000.0,20,9000.0,6480.0,42480.0,2020-06-24 17:03:28,2026-04-06 18:38:54
BOOK001459,CUST004444,HOT0075,ROOM000261,PROMO00058,2025-01-26,2025-03-19,2025-03-21,1,0,Website,Completed,GBP,10000.0,20,2000.0,1440.0,9440.0,2020-02-04 19:43:55,2023-08-11 10:01:51
BOOK001460,CUST000619,HOT0028,ROOM001021,PROMO00362,2025-10-19,2025-11-16,2025-11-19,1,2,Website,Cancelled,EUR,21000.0,5,1050.0,3591.0,23541.0,2020-06-28 19:14:49,2021-07-17 19:29:56
BOOK001461,CUST000339,HOT0212,ROOM001684,PROMO00391,2026-03-05,2026-04-29,2026-05-05,3,0,Walk-In,Completed,EUR,15000.0,5,750.0,2565.0,16815.0,2022-08-13 23:06:51,2024-08-12 03:08:51
BOOK001462,CUST004571,HOT0041,ROOM001681,PROMO00003,2024-11-08,2025-01-05,2025-01-07,4,2,Travel Agent,Completed,USD,5000.0,0,0.0,900.0,5900.0,2021-03-29 16:16:44,2026-07-16 04:58:30
BOOK001463,CUST003011,HOT0026,ROOM000309,PROMO00448,2024-12-20,2024-12-26,2024-12-27,1,2,Booking.com,Completed,INR,15000.0,20,3000.0,2160.0,14160.0,2024-08-13 17:37:08,2024-12-05 20:43:14
BOOK001464,CUST004306,HOT0149,ROOM000464,PROMO00418,2026-07-03,2026-08-28,2026-09-01,3,1,Travel Agent,Cancelled,EUR,20000.0,10,2000.0,3240.0,21240.0,2020-11-20 04:37:50,2022-11-22 14:05:26
BOOK001465,CUST004058,HOT0147,ROOM001647,PROMO00448,2024-08-18,2024-09-05,2024-09-11,4,0,Travel Agent,Cancelled,INR,60000.0,0,0.0,10800.0,70800.0,2023-12-16 10:36:03,2024-09-25 10:15:43
BOOK001466,CUST002567,HOT0193,ROOM001881,PROMO00346,2025-01-16,2025-02-27,2025-03-04,3,0,Mobile App,Completed,EUR,35000.0,10,3500.0,5670.0,37170.0,2026-05-01 06:11:54,2026-05-03 11:02:14
BOOK001467,CUST004328,HOT0035,ROOM001099,PROMO00423,2026-07-08,2026-08-29,2026-09-01,3,0,Expedia,Confirmed,USD,7500.0,5,375.0,1282.5,8407.5,2024-09-15 06:45:03,2025-05-28 09:07:15
BOOK001468,CUST004869,HOT0215,ROOM000295,PROMO00173,2026-02-08,2026-02-16,2026-02-19,2,1,Booking.com,Completed,INR,10500.0,20,2100.0,1512.0,9912.0,2023-09-04 22:28:03,2025-01-30 03:36:14
BOOK001469,CUST001601,HOT0133,ROOM001939,PROMO00399,2025-05-25,2025-06-20,2025-06-24,1,0,Travel Agent,Completed,AED,40000.0,15,6000.0,6120.0,40120.0,2024-06-29 20:20:39,2024-07-30 02:40:57
BOOK001470,CUST000760,HOT0249,ROOM000825,PROMO00088,2026-06-19,2026-06-28,2026-07-05,1,1,Expedia,Confirmed,SGD,70000.0,5,3500.0,11970.0,78470.0,2025-10-23 13:08:03,2025-11-12 13:42:34
BOOK001471,CUST000975,HOT0116,ROOM001029,PROMO00477,2025-06-19,2025-07-03,2025-07-06,3,0,Mobile App,No Show,INR,15000.0,15,2250.0,2295.0,15045.0,2021-10-13 10:00:23,2026-01-09 04:12:50
BOOK001472,CUST004834,HOT0107,ROOM001306,PROMO00401,2025-12-27,2026-01-03,2026-01-05,2,0,Website,Cancelled,GBP,5000.0,0,0.0,900.0,5900.0,2020-09-25 06:28:38,2025-02-22 18:43:08
BOOK001473,CUST001081,HOT0232,ROOM000600,PROMO00246,2026-07-03,2026-08-06,2026-08-11,3,1,Mobile App,Cancelled,GBP,12500.0,20,2500.0,1800.0,11800.0,2024-02-04 05:21:25,2024-05-25 08:12:48
BOOK001474,CUST002868,HOT0178,ROOM001965,PROMO00356,2024-08-04,2024-09-09,2024-09-14,4,1,Booking.com,Cancelled,EUR,17500.0,20,3500.0,2520.0,16520.0,2026-03-26 17:36:59,2026-05-31 06:04:04
BOOK001475,CUST002782,HOT0076,ROOM000317,PROMO00315,2024-09-06,2024-10-01,2024-10-07,1,2,Booking.com,Completed,EUR,60000.0,0,0.0,10800.0,70800.0,2020-01-10 06:00:32,2021-01-20 13:53:08
BOOK001476,CUST003656,HOT0134,ROOM001883,PROMO00367,2025-05-13,2025-06-16,2025-06-20,4,2,Website,Completed,GBP,28000.0,20,5600.0,4032.0,26432.0,2022-04-03 22:22:53,2025-09-27 04:27:04
BOOK001477,CUST000670,HOT0247,ROOM000505,PROMO00439,2026-01-31,2026-03-12,2026-03-16,1,1,Travel Agent,Confirmed,SGD,60000.0,10,6000.0,9720.0,63720.0,2022-02-26 01:27:47,2024-09-08 07:25:00
BOOK001478,CUST001161,HOT0070,ROOM001355,PROMO00475,2025-12-31,2026-01-27,2026-01-28,3,1,Website,Completed,AED,5000.0,0,0.0,900.0,5900.0,2023-10-06 10:00:46,2024-07-22 18:49:33
BOOK001479,CUST000639,HOT0055,ROOM001740,PROMO00176,2025-03-15,2025-04-10,2025-04-12,3,2,Website,Cancelled,INR,20000.0,10,2000.0,3240.0,21240.0,2024-05-23 15:18:45,2025-10-12 10:25:25
BOOK001480,CUST002465,HOT0191,ROOM001132,PROMO00342,2024-12-02,2024-12-30,2025-01-03,4,1,Walk-In,Cancelled,AED,20000.0,5,1000.0,3420.0,22420.0,2020-01-08 17:27:43,2020-12-20 20:22:39
BOOK001481,CUST002936,HOT0131,ROOM000039,PROMO00427,2026-01-06,2026-02-18,2026-02-25,4,2,Travel Agent,Completed,INR,24500.0,10,2450.0,3969.0,26019.0,2023-12-13 20:32:58,2025-04-28 04:30:37
BOOK001482,CUST003317,HOT0083,ROOM000380,PROMO00474,2026-03-27,2026-05-26,2026-06-02,3,1,Website,Confirmed,INR,49000.0,10,4900.0,7938.0,52038.0,2021-10-03 12:40:36,2024-02-20 21:28:24
BOOK001483,CUST003791,HOT0151,ROOM000451,PROMO00300,2025-03-28,2025-05-12,2025-05-17,4,0,Travel Agent,Completed,INR,75000.0,15,11250.0,11475.0,75225.0,2022-05-08 01:40:37,2024-06-27 20:26:17
BOOK001484,CUST004514,HOT0189,ROOM001507,PROMO00268,2025-09-01,2025-09-27,2025-09-28,4,2,Expedia,Completed,INR,15000.0,15,2250.0,2295.0,15045.0,2020-09-10 01:42:50,2021-08-01 14:26:43
BOOK001485,CUST004193,HOT0171,ROOM000459,PROMO00302,2024-08-24,2024-08-25,2024-08-30,3,1,Walk-In,Completed,EUR,12500.0,10,1250.0,2025.0,13275.0,2026-06-06 19:13:25,2026-07-13 12:23:32
BOOK001486,CUST003844,HOT0098,ROOM001408,PROMO00132,2026-01-12,2026-01-17,2026-01-12,3,2,Booking.com,Completed,INR,3500.0,0,0.0,630.0,4130.0,2023-09-23 08:22:03,2024-07-21 12:25:39
BOOK001487,CUST004081,HOT0198,ROOM001265,PROMO00066,2025-12-18,2026-01-17,2026-01-22,4,1,Website,Completed,USD,12500.0,0,0.0,2250.0,14750.0,2024-06-06 00:54:40,2025-11-16 16:21:58
BOOK001488,CUST001077,HOT0187,ROOM000592,PROMO00229,2025-06-05,2025-06-11,2025-06-13,3,2,Travel Agent,Completed,AED,7000.0,15,1050.0,1071.0,7021.0,2026-06-26 04:22:26,2026-07-16 09:36:51
BOOK001489,CUST002108,HOT0007,ROOM000324,PROMO00485,2024-08-11,2024-09-22,2024-09-29,2,1,Expedia,Completed,SGD,17500.0,10,1750.0,2835.0,18585.0,2024-10-09 06:04:21,2024-12-27 21:41:21
BOOK001490,CUST004785,HOT0023,ROOM000079,PROMO00093,2026-07-08,2026-08-17,2026-08-20,1,0,Expedia,Completed,SGD,30000.0,20,6000.0,4320.0,28320.0,2020-05-22 15:59:39,2024-06-09 06:37:27
BOOK001491,CUST003137,HOT0079,ROOM000218,PROMO00082,2024-08-06,2024-08-25,2024-08-28,3,0,Walk-In,Completed,GBP,45000.0,5,2250.0,7695.0,50445.0,2024-01-02 14:49:30,2025-05-15 04:00:44
BOOK001492,CUST003849,HOT0134,ROOM001354,PROMO00318,2025-06-12,2025-06-25,2025-07-02,3,0,Booking.com,Confirmed,INR,35000.0,20,7000.0,5040.0,33040.0,2024-10-12 16:12:06,2026-04-19 05:39:20
BOOK001493,CUST002133,HOT0131,ROOM000728,PROMO00192,2024-12-17,2025-02-05,2025-02-07,3,1,Website,Completed,SGD,7000.0,20,1400.0,1008.0,6608.0,2024-01-24 03:36:50,2025-02-09 17:24:58
BOOK001494,CUST001313,HOT0036,ROOM001665,PROMO00114,2026-04-18,2026-05-02,2026-05-05,1,2,Expedia,Cancelled,USD,10500.0,10,1050.0,1701.0,11151.0,2022-08-09 13:53:45,2026-04-14 16:45:35
BOOK001495,CUST000741,HOT0188,ROOM000025,PROMO00275,2025-07-07,2025-08-12,2025-08-18,1,1,Mobile App,Completed,GBP,42000.0,15,6300.0,6426.0,42126.0,2026-06-01 04:00:02,2026-06-18 15:31:21
BOOK001496,CUST002920,HOT0133,ROOM001851,PROMO00271,2024-08-27,2024-10-20,2024-10-21,2,2,Mobile App,Completed,INR,15000.0,5,750.0,2565.0,16815.0,2025-11-09 10:13:56,2026-06-15 10:03:06
BOOK001497,CUST003842,HOT0061,ROOM001254,PROMO00349,2026-02-07,2026-03-17,2026-03-18,1,1,Expedia,Confirmed,EUR,15000.0,15,2250.0,2295.0,15045.0,2026-04-06 02:50:46,2026-07-11 20:08:05
BOOK001498,CUST004923,HOT0227,ROOM000080,PROMO00471,2024-12-27,2025-02-25,2025-03-01,1,2,Walk-In,Completed,AED,40000.0,15,6000.0,6120.0,40120.0,2022-04-19 04:26:20,2022-05-10 03:17:28
BOOK001499,CUST002502,HOT0089,ROOM001276,PROMO00470,2025-01-20,2025-03-05,2025-03-09,4,0,Website,Cancelled,EUR,10000.0,15,1500.0,1530.0,10030.0,2023-02-20 00:22:30,2023-08-17 12:08:18
BOOK001500,CUST003224,HOT0011,ROOM000643,PROMO00482,2025-11-06,2025-11-16,2025-11-21,1,1,Expedia,Completed,GBP,35000.0,5,1750.0,5985.0,39235.0,2021-04-03 13:33:10,2026-05-29 20:35:56
BOOK001501,CUST002786,HOT0244,ROOM001984,PROMO00026,2025-04-03,2025-04-12,2025-04-17,1,0,Booking.com,Completed,AED,50000.0,20,10000.0,7200.0,47200.0,2025-09-13 12:57:03,2026-04-06 23:26:03
BOOK001502,CUST002930,HOT0115,ROOM000424,PROMO00452,2026-07-04,2026-08-13,2026-08-18,4,1,Website,Completed,SGD,12500.0,10,1250.0,2025.0,13275.0,2020-01-24 19:43:52,2025-11-17 16:40:08
BOOK001503,CUST002007,HOT0208,ROOM001053,PROMO00195,2025-12-29,2026-01-11,2026-01-13,3,0,Expedia,Completed,GBP,20000.0,15,3000.0,3060.0,20060.0,2021-07-24 09:28:41,2024-11-25 15:46:07
BOOK001504,CUST003961,HOT0016,ROOM001074,PROMO00263,2025-10-03,2025-10-09,2025-10-10,2,0,Website,Completed,USD,5000.0,0,0.0,900.0,5900.0,2022-01-27 20:52:17,2025-12-14 01:37:28
BOOK001505,CUST999999,HOT0084,ROOM001315,PROMO00367,2025-12-13,2026-02-03,2026-02-09,2,2,Website,Completed,EUR,60000.0,10,6000.0,9720.0,63720.0,2022-09-01 00:48:01,2025-11-01 00:45:29
BOOK001506,CUST002501,HOT0095,ROOM000844,PROMO00397,2025-05-23,2025-07-01,2025-07-05,1,0,Expedia,Completed,INR,10000.0,5,500.0,1710.0,11210.0,2020-03-29 03:45:23,2022-04-28 21:27:52
BOOK001507,CUST001515,HOT0157,ROOM001369,PROMO00085,2026-03-01,2026-04-29,2026-05-01,2,1,Booking.com,Cancelled,INR,7000.0,5,350.0,1197.0,7847.0,2022-12-05 09:11:13,2023-06-20 21:33:04
BOOK001508,CUST003449,HOT0201,ROOM000526,PROMO00352,2025-04-12,2025-05-02,2025-05-08,2,0,Website,Confirmed,GBP,15000.0,20,3000.0,2160.0,14160.0,2026-02-28 13:02:48,2026-06-29 11:00:50
BOOK001509,CUST004642,HOT0081,ROOM000337,PROMO00230,2024-08-16,2024-08-21,2024-08-27,3,0,Expedia,Completed,EUR,60000.0,5,3000.0,10260.0,67260.0,2020-11-20 15:57:53,2022-01-06 03:06:59
BOOK001510,CUST002259,HOT0245,ROOM000122,PROMO00324,2026-02-22,2026-04-06,2026-04-07,3,0,Mobile App,Completed,EUR,2500.0,5,125.0,427.5,2802.5,2024-12-21 19:53:46,2026-06-09 23:25:54
BOOK001511,CUST002389,HOT0131,ROOM001674,PROMO00411,2025-07-05,2025-08-22,2025-08-29,2,0,Travel Agent,Completed,SGD,24500.0,5,1225.0,4189.5,27464.5,2020-11-15 02:26:42,2023-08-24 06:21:53
BOOK001512,CUST001730,HOT0013,ROOM000851,PROMO00320,2025-04-12,2025-04-20,2025-04-24,1,0,Walk-In,Confirmed,AED,14000.0,5,700.0,2394.0,15694.0,2020-05-12 22:12:18,2025-04-08 18:41:18
BOOK001513,CUST003873,HOT0173,ROOM001049,PROMO00202,2026-07-21,2026-08-24,2026-08-30,1,1,Expedia,Completed,INR,30000.0,5,1500.0,5130.0,33630.0,2024-02-14 05:01:42,2024-10-21 10:39:49
BOOK001514,CUST001350,HOT0237,ROOM000303,PROMO00304,2026-02-09,2026-03-11,2026-03-17,2,1,Expedia,Completed,GBP,21000.0,0,0.0,3780.0,24780.0,2026-06-30 15:01:42,2026-07-18 19:49:19
BOOK001515,CUST000082,HOT0051,ROOM001329,PROMO00104,2025-10-24,2025-12-06,2025-12-13,3,1,Walk-In,No Show,USD,35000.0,10,3500.0,5670.0,37170.0,2025-05-28 14:35:17,2026-04-22 11:43:02
BOOK001516,CUST004604,HOT0219,ROOM000508,PROMO00289,2025-02-19,2025-04-07,2025-04-14,2,1,Website,Confirmed,AED,35000.0,0,0.0,6300.0,41300.0,2022-04-01 23:36:38,2025-08-20 11:49:56
BOOK001517,CUST004731,HOT0096,ROOM001014,PROMO00447,2024-12-30,2025-01-02,2025-01-09,4,0,Expedia,Completed,GBP,35000.0,15,5250.0,5355.0,35105.0,2022-05-14 16:57:02,2022-11-08 02:43:58
BOOK001518,CUST000979,HOT0174,ROOM001729,PROMO00384,2025-09-14,2025-11-04,2025-11-05,4,0,Expedia,No Show,INR,7000.0,5,350.0,1197.0,7847.0,2020-10-21 08:59:00,2023-10-08 10:01:06
BOOK001519,CUST004231,HOT0127,ROOM001415,PROMO00148,2025-04-29,2025-06-24,2025-06-26,3,0,Travel Agent,Completed,INR,14000.0,5,700.0,2394.0,15694.0,2023-02-03 03:08:06,2024-12-14 11:28:24
BOOK001520,CUST003575,HOT0066,ROOM000430,PROMO00187,2025-11-19,2025-12-02,2025-12-08,3,1,Travel Agent,No Show,EUR,90000.0,10,9000.0,14580.0,95580.0,2023-11-02 02:13:22,2024-04-22 15:23:54
BOOK001521,CUST003475,HOT0043,ROOM001303,PROMO00014,2024-11-15,2025-01-13,2025-01-17,2,0,Mobile App,Cancelled,USD,14000.0,10,1400.0,2268.0,14868.0,2020-05-04 07:46:09,2022-10-14 12:42:45
BOOK001522,CUST002405,HOT0202,ROOM000313,PROMO00076,2026-02-27,2026-03-20,2026-03-26,1,1,Mobile App,Confirmed,SGD,60000.0,15,9000.0,9180.0,60180.0,2020-01-22 01:29:37,2020-03-12 09:51:29
BOOK001523,CUST003924,HOT0024,ROOM001218,PROMO00297,2025-06-23,2025-08-21,2025-08-27,3,0,Booking.com,Completed,EUR,15000.0,15,2250.0,2295.0,15045.0,2025-11-15 22:36:24,2026-07-21 03:15:47
BOOK001524,CUST000080,HOT0090,ROOM000277,PROMO00065,2025-04-14,2025-05-16,2025-05-17,3,1,Walk-In,Completed,GBP,2500.0,5,125.0,427.5,2802.5,2025-09-06 22:23:29,2025-12-06 17:06:47
BOOK001525,CUST004617,HOT0181,ROOM001515,PROMO00424,2025-07-05,2025-07-10,2025-07-16,2,1,Walk-In,No Show,USD,15000.0,15,2250.0,2295.0,15045.0,2021-07-17 02:10:41,2023-03-04 11:43:00
BOOK001526,CUST003386,HOT0194,ROOM001294,PROMO00290,2025-07-02,2025-08-23,2025-08-24,1,1,Booking.com,Cancelled,INR,10000.0,0,0.0,1800.0,11800.0,2022-05-05 15:22:34,2023-05-10 21:59:09
BOOK001527,CUST000510,HOT0248,ROOM000394,PROMO00403,2025-01-28,2025-02-17,2025-02-23,4,2,Walk-In,Confirmed,INR,30000.0,0,0.0,5400.0,35400.0,2023-01-14 09:53:51,2026-05-16 19:55:55
BOOK001528,CUST003668,HOT0094,ROOM000803,PROMO00214,2025-11-19,2025-12-17,2025-12-23,1,1,Walk-In,No Show,SGD,21000.0,10,2100.0,3402.0,22302.0,2020-12-21 02:05:28,2024-06-20 15:57:57
BOOK001529,CUST002986,HOT0122,ROOM000013,PROMO00425,2025-05-28,2025-06-13,2025-06-15,3,0,Walk-In,Completed,EUR,10000.0,15,1500.0,1530.0,10030.0,2025-04-23 18:05:04,2025-06-17 07:51:52
BOOK001530,CUST000217,HOT0032,ROOM001565,PROMO00431,2024-08-16,2024-09-17,2024-09-21,4,1,Website,Completed,SGD,60000.0,20,12000.0,8640.0,56640.0,2023-03-24 13:30:51,2026-05-21 07:20:43
BOOK001531,CUST004581,HOT0199,ROOM000904,PROMO00458,2025-05-12,2025-06-30,2025-07-03,4,2,Mobile App,Completed,INR,15000.0,0,0.0,2700.0,17700.0,2023-02-01 21:54:36,2026-03-16 00:59:08
BOOK001532,CUST001144,HOT0236,ROOM001782,PROMO00330,2025-12-25,2026-02-10,2026-02-12,1,0,Walk-In,Cancelled,USD,7000.0,15,1050.0,1071.0,7021.0,2024-03-31 01:55:11,2025-12-06 04:45:21
BOOK001533,CUST004313,HOT0190,ROOM001822,PROMO00174,2024-08-21,2024-10-20,2024-10-22,1,2,Booking.com,Cancelled,AED,7000.0,0,0.0,1260.0,8260.0,2022-12-28 11:28:09,2024-07-22 12:42:01
BOOK001534,CUST003849,HOT0206,ROOM001864,PROMO00023,2025-09-10,2025-10-12,2025-10-16,2,2,Expedia,Completed,AED,28000.0,10,2800.0,4536.0,29736.0,2020-01-28 17:26:36,2025-09-28 10:12:05
BOOK001535,CUST001286,HOT0107,ROOM001766,PROMO00228,2026-05-22,2026-07-06,2026-07-09,4,1,Walk-In,Completed,USD,15000.0,10,1500.0,2430.0,15930.0,2023-06-21 06:28:32,2025-07-06 18:26:06
BOOK001536,CUST003950,HOT0082,ROOM001317,PROMO00428,2025-05-06,2025-05-10,2025-05-17,4,0,Expedia,Cancelled,AED,24500.0,20,4900.0,3528.0,23128.0,2022-09-15 01:50:52,2022-12-30 22:53:01
BOOK001537,CUST000562,HOT0104,ROOM000604,PROMO00444,2026-02-03,2026-02-09,2026-02-10,3,0,Expedia,Completed,SGD,15000.0,5,750.0,2565.0,16815.0,2020-11-30 23:07:50,2022-12-17 23:15:52
BOOK001538,CUST003731,HOT0004,ROOM001135,PROMO00212,2025-06-25,2025-06-28,2025-07-01,3,1,Website,Confirmed,SGD,15000.0,5,750.0,2565.0,16815.0,2025-03-15 04:31:23,2026-03-07 15:29:33
BOOK001539,CUST001221,HOT0079,ROOM000275,PROMO00491,2025-02-05,2025-03-13,2025-03-18,1,0,Booking.com,Cancelled,USD,75000.0,5,3750.0,12825.0,84075.0,2025-07-09 07:58:21,2026-05-02 23:25:13
BOOK001540,CUST000507,HOT0117,ROOM001214,PROMO00432,2026-04-10,2026-05-22,2026-05-25,1,2,Travel Agent,Cancelled,EUR,7500.0,0,0.0,1350.0,-8850.0,2020-11-01 03:06:48,2023-03-28 04:55:21
BOOK001541,CUST004699,HOT0040,ROOM000849,PROMO00179,2026-05-11,2026-06-18,2026-06-23,4,1,Travel Agent,Completed,GBP,50000.0,0,0.0,9000.0,59000.0,2024-03-29 01:02:57,2026-02-05 18:55:06
BOOK001542,CUST000019,HOT0104,ROOM000604,PROMO00258,2025-05-11,2025-06-20,2025-06-25,4,1,Expedia,Confirmed,GBP,75000.0,5,3750.0,12825.0,84075.0,2023-01-24 16:57:16,2025-06-08 04:22:25
BOOK001543,CUST003833,HOT0112,ROOM000158,PROMO00052,2026-06-24,2026-07-22,2026-07-23,4,0,Walk-In,Completed,AED,5000.0,10,500.0,810.0,-5310.0,2022-01-01 09:31:28,2022-06-29 15:50:39
BOOK001544,CUST000800,HOT0177,ROOM001322,PROMO00470,2025-10-30,2025-11-28,2025-12-01,4,2,Mobile App,Completed,EUR,10500.0,10,1050.0,1701.0,11151.0,2026-01-10 00:37:04,2026-02-01 20:06:13
BOOK001545,CUST003195,HOT0010,ROOM000302,PROMO00182,2025-11-16,2025-11-19,2025-11-20,2,0,Booking.com,Completed,GBP,7000.0,0,0.0,1260.0,8260.0,2025-07-20 19:27:32,2026-07-11 02:36:52
BOOK001546,CUST002666,HOT0214,ROOM000142,PROMO00137,2026-01-30,2026-03-22,2026-03-29,2,0,Travel Agent,Confirmed,INR,24500.0,20,4900.0,3528.0,23128.0,2025-05-21 04:30:22,2026-03-19 20:01:50
BOOK001547,CUST003305,HOT0147,ROOM000105,PROMO00015,2026-05-11,2026-05-25,2026-06-01,1,2,Website,No Show,EUR,35000.0,15,5250.0,5355.0,35105.0,2021-07-14 20:27:22,2025-02-06 01:02:45
BOOK001548,CUST003714,HOT0041,ROOM001994,PROMO00342,2025-01-22,2025-03-14,2025-03-19,2,2,Website,Completed,INR,17500.0,15,2625.0,2677.5,17552.5,2025-11-23 05:08:34,2026-01-10 06:55:57
BOOK001549,CUST000463,HOT0105,ROOM000982,PROMO00080,2025-05-14,2025-05-21,2025-05-23,4,1,Walk-In,Completed,AED,20000.0,5,1000.0,3420.0,22420.0,2025-12-30 06:14:21,2026-01-08 16:25:59
BOOK001550,CUST004624,HOT0170,ROOM000535,PROMO00270,2025-03-27,2025-05-22,2025-05-29,1,0,Travel Agent,Confirmed,AED,70000.0,5,3500.0,11970.0,78470.0,2021-03-05 11:35:36,2026-05-06 01:42:29
BOOK001551,CUST000188,HOT0234,ROOM001727,PROMO00084,2025-06-13,2025-08-09,2025-08-16,2,1,Booking.com,Confirmed,USD,17500.0,15,2625.0,2677.5,17552.5,2022-07-20 07:29:08,2022-12-20 11:40:09
BOOK001552,CUST000682,HOT0035,ROOM000018,PROMO00497,2026-03-28,2026-05-25,2026-05-29,2,0,Travel Agent,Completed,EUR,40000.0,20,8000.0,5760.0,37760.0,2026-03-16 00:39:56,2026-07-09 12:07:31
BOOK001553,CUST001512,HOT0027,ROOM000077,PROMO00273,2025-03-20,2025-05-10,2025-05-12,3,1,Walk-In,Completed,EUR,5000.0,10,500.0,810.0,5310.0,2023-04-07 07:05:54,2023-12-20 04:59:01
BOOK001554,CUST001934,HOT0101,ROOM001489,PROMO00141,2025-12-02,2026-01-22,2026-01-29,1,2,Booking.com,Confirmed,USD,105000.0,15,15750.0,16065.0,105315.0,2025-10-30 16:31:59,2026-02-22 13:49:12
BOOK001555,CUST000130,HOT0072,ROOM000582,PROMO00008,2024-12-26,2025-02-15,2025-02-22,4,0,Mobile App,Completed,USD,17500.0,5,875.0,2992.5,19617.5,2022-03-04 10:42:23,2025-06-26 16:28:09
BOOK001556,CUST003516,HOT0022,ROOM001689,PROMO00168,2025-08-02,2025-09-12,2025-09-13,3,0,Mobile App,Completed,USD,2500.0,15,375.0,382.5,2507.5,2024-02-04 09:34:16,2026-04-26 14:04:57
BOOK001557,CUST001076,HOT0016,ROOM001074,PROMO00455,2026-02-20,2026-03-22,2026-03-26,1,1,Walk-In,Confirmed,INR,20000.0,5,1000.0,3420.0,22420.0,2023-07-04 08:24:25,2026-01-11 23:30:55
BOOK001558,CUST000478,HOT0202,ROOM001783,PROMO00354,2024-09-03,2024-10-24,2024-10-26,4,0,Website,Confirmed,USD,5000.0,0,0.0,900.0,5900.0,2026-02-02 11:29:11,2026-04-24 21:44:29
BOOK001559,CUST001483,HOT0184,ROOM001479,PROMO00130,2026-01-12,2026-03-07,2026-03-13,4,0,Expedia,Confirmed,USD,60000.0,0,0.0,10800.0,70800.0,2022-10-11 10:14:27,2025-10-11 13:52:29
BOOK001560,CUST002703,HOT0153,ROOM000846,PROMO00112,2025-12-05,2026-01-23,2026-01-25,4,0,Expedia,Cancelled,AED,7000.0,5,350.0,1197.0,7847.0,2025-12-21 13:57:25,2026-04-18 23:42:34
BOOK001561,CUST001050,HOT0091,ROOM000601,PROMO00273,2025-02-10,2025-04-08,2025-04-15,1,2,Travel Agent,Cancelled,EUR,17500.0,10,1750.0,2835.0,18585.0,2025-10-24 05:37:12,2026-03-08 13:01:36
BOOK001562,CUST002984,HOT0145,ROOM000788,PROMO00468,2024-10-23,2024-11-14,2024-11-19,4,1,Mobile App,Completed,GBP,12500.0,20,2500.0,1800.0,11800.0,2023-12-05 02:32:37,2026-04-28 07:26:22
BOOK001563,CUST001637,HOT0239,ROOM001556,PROMO00123,2025-09-03,2025-10-30,2025-11-05,3,2,Mobile App,Completed,EUR,90000.0,0,0.0,16200.0,106200.0,2024-09-26 02:12:33,2025-07-26 17:06:39
BOOK001564,CUST000563,HOT0067,ROOM001648,PROMO00070,2026-07-17,2026-08-30,2026-09-04,2,2,Booking.com,Confirmed,SGD,75000.0,0,0.0,13500.0,88500.0,2024-04-24 19:22:24,2024-10-04 01:33:59
BOOK001565,CUST003573,HOT0042,ROOM000217,PROMO00367,2025-06-10,2025-06-25,2025-07-02,3,1,Website,Completed,GBP,35000.0,15,5250.0,5355.0,35105.0,2020-08-16 23:05:27,2021-09-02 05:06:56
BOOK001566,CUST004059,HOT0051,ROOM000850,PROMO00379,2025-10-15,2025-11-20,2025-11-22,1,0,Website,Confirmed,GBP,10000.0,20,2000.0,1440.0,9440.0,2023-12-12 04:31:16,2026-01-04 03:49:47
BOOK001567,CUST003004,HOT0092,ROOM001663,PROMO00018,2026-01-14,2026-03-12,2026-03-18,4,0,Mobile App,Completed,SGD,90000.0,0,0.0,16200.0,106200.0,2020-07-15 16:57:47,2025-01-12 11:26:24
BOOK001568,CUST000591,HOT0190,ROOM001690,PROMO00366,2025-11-25,2026-01-06,2026-01-07,3,0,Walk-In,Confirmed,INR,7000.0,0,0.0,1260.0,8260.0,2025-07-01 11:37:25,2026-04-27 05:07:20
BOOK001569,CUST004745,HOT0202,ROOM001783,PROMO00217,2025-03-30,2025-04-23,2025-04-29,3,1,Booking.com,Completed,EUR,15000.0,5,750.0,2565.0,16815.0,2026-04-03 04:07:14,2026-07-08 01:22:50
BOOK001570,CUST003939,HOT0184,ROOM000161,PROMO00202,2024-10-01,2024-10-13,2024-10-19,3,2,Mobile App,Cancelled,AED,60000.0,20,12000.0,8640.0,56640.0,2020-10-16 23:51:16,2023-02-03 18:13:10
BOOK001571,CUST002704,HOT0064,ROOM001186,PROMO00481,2025-12-15,2026-01-20,2026-01-27,2,2,Travel Agent,Completed,GBP,70000.0,10,7000.0,11340.0,74340.0,2023-07-31 07:17:58,2024-07-23 23:45:36
BOOK001572,CUST000516,HOT0019,ROOM000641,PROMO00041,2026-01-21,2026-03-15,2026-03-17,3,2,Expedia,Completed,INR,30000.0,0,0.0,5400.0,35400.0,2023-11-07 20:49:17,2025-12-06 00:15:01
BOOK001573,CUST003926,HOT0067,ROOM001379,PROMO00276,2026-02-05,2026-02-21,2026-02-26,2,0,Mobile App,Confirmed,GBP,25000.0,10,2500.0,4050.0,26550.0,2024-12-07 23:07:53,2026-01-15 17:00:56
BOOK001574,CUST002785,HOT0207,ROOM000901,PROMO00264,2026-05-10,2026-05-24,2026-05-28,3,1,Travel Agent,Completed,EUR,40000.0,10,4000.0,6480.0,42480.0,2024-05-05 14:59:50,2025-11-20 05:17:48
BOOK001575,CUST001110,HOT0031,ROOM001611,PROMO00238,2025-08-01,2025-08-19,2025-08-26,1,0,Booking.com,Completed,USD,70000.0,0,0.0,12600.0,82600.0,2024-09-10 15:54:17,2024-10-17 18:09:06
BOOK001576,CUST003441,HOT0237,ROOM000238,PROMO00098,2025-03-02,2025-04-19,2025-04-25,2,1,Website,Completed,SGD,21000.0,0,0.0,3780.0,24780.0,2024-02-18 14:49:31,2024-06-18 10:11:34
BOOK001577,CUST002664,HOT0144,ROOM000816,PROMO00075,2026-04-20,2026-06-16,2026-06-23,2,2,Website,Completed,AED,105000.0,20,21000.0,15120.0,99120.0,2022-02-22 04:49:21,2024-04-15 23:19:37
BOOK001578,CUST003849,HOT0087,ROOM001619,PROMO00354,2026-04-27,2026-06-21,2026-06-24,3,2,Mobile App,Confirmed,AED,15000.0,10,1500.0,2430.0,15930.0,2025-12-10 08:52:15,2026-07-25 08:21:04
BOOK001579,CUST004190,HOT0182,ROOM000075,PROMO00225,2025-04-17,2025-05-21,2025-05-22,3,1,Website,Confirmed,EUR,3500.0,10,350.0,567.0,3717.0,2021-04-26 05:54:13,2022-07-02 14:09:15
BOOK001580,CUST000937,HOT0168,ROOM001118,PROMO00099,2025-01-30,2025-03-22,2025-01-30,1,0,Walk-In,Cancelled,AED,30000.0,10,3000.0,4860.0,31860.0,2022-11-09 17:11:39,2024-07-31 03:56:09
BOOK001581,CUST002328,HOT0054,ROOM001092,PROMO00119,2026-01-21,2026-01-26,2026-01-31,4,0,Walk-In,Completed,SGD,25000.0,0,0.0,4500.0,29500.0,2025-12-28 14:54:34,2026-06-23 23:50:17
BOOK001582,CUST004955,HOT0171,ROOM001204,PROMO00339,2025-10-12,2025-12-03,2025-12-04,2,0,Mobile App,Completed,EUR,15000.0,20,3000.0,2160.0,14160.0,2022-12-21 21:56:13,2023-02-24 07:28:00
BOOK001583,CUST001514,HOT0141,ROOM001677,PROMO00445,2026-04-04,2026-05-09,2026-05-12,2,0,Booking.com,Completed,GBP,7500.0,10,750.0,1215.0,7965.0,2024-12-08 14:42:03,2025-10-09 18:57:40
BOOK001584,CUST002167,HOT0227,ROOM001149,PROMO00407,2025-09-10,2025-10-20,2025-10-21,3,1,Website,Completed,USD,2500.0,0,0.0,450.0,2950.0,2022-04-19 10:00:07,2022-04-27 20:59:14
BOOK001585,CUST003551,HOT0173,ROOM001049,PROMO00325,2026-07-16,2026-08-13,2026-08-15,2,2,Booking.com,Completed,INR,10000.0,10,1000.0,1620.0,10620.0,2025-04-06 09:28:55,2025-04-11 23:31:08
BOOK001586,CUST004789,HOT0009,ROOM001839,PROMO00104,2024-09-16,2024-09-21,2024-09-22,3,0,Walk-In,Confirmed,GBP,15000.0,15,2250.0,2295.0,15045.0,2026-03-13 20:33:51,2026-03-25 09:22:36
BOOK001587,CUST999999,HOT0029,ROOM001577,PROMO00079,2025-05-19,2025-06-08,2025-06-09,2,1,Walk-In,Completed,SGD,15000.0,15,2250.0,2295.0,15045.0,2024-01-16 01:14:04,2025-06-20 19:15:32
BOOK001588,CUST003441,HOT0248,ROOM001234,PROMO00219,2025-11-28,2026-01-16,2026-01-22,2,1,Walk-In,Completed,USD,90000.0,20,18000.0,12960.0,84960.0,2020-03-01 14:06:15,2020-08-19 14:48:40
BOOK001589,CUST000952,HOT0172,ROOM001930,PROMO00271,2026-05-18,2026-07-06,2026-05-18,2,1,Expedia,Cancelled,AED,17500.0,20,3500.0,2520.0,16520.0,2023-11-26 12:10:27,2025-01-16 00:09:34
BOOK001590,CUST000063,HOT0135,ROOM001280,PROMO00373,2024-11-17,2024-12-12,2024-12-15,1,2,Website,Completed,GBP,21000.0,20,4200.0,3024.0,19824.0,2024-08-24 23:17:04,2024-10-17 07:59:45
BOOK001591,CUST004645,HOT0154,ROOM001699,PROMO00413,2025-08-21,2025-08-25,2025-08-27,2,1,Booking.com,Completed,INR,10000.0,0,0.0,1800.0,11800.0,2020-05-12 08:44:23,2024-05-29 21:07:11
BOOK001592,CUST000865,HOT0170,ROOM000008,PROMO00422,2025-12-07,2026-01-02,2026-01-08,1,2,Expedia,Completed,SGD,90000.0,10,9000.0,14580.0,95580.0,2020-06-16 16:51:28,2025-10-21 20:36:40
BOOK001593,CUST001952,HOT0115,ROOM001859,PROMO00313,2025-10-05,2025-10-17,2025-10-20,2,1,Mobile App,Completed,SGD,45000.0,15,6750.0,6885.0,45135.0,2024-03-31 13:15:27,2026-07-04 02:24:27
BOOK001594,CUST001967,HOT0045,ROOM000346,PROMO00386,2024-10-19,2024-11-20,2024-11-23,2,2,Walk-In,Confirmed,SGD,10500.0,5,525.0,1795.5,11770.5,2024-12-27 00:11:26,2025-10-19 15:03:37
BOOK001595,CUST003795,HOT0051,ROOM001329,PROMO00339,2025-06-12,2025-06-22,2025-06-24,3,1,Mobile App,Confirmed,USD,10000.0,0,0.0,1800.0,11800.0,2025-11-26 22:21:10,2026-03-18 05:19:06
BOOK001596,CUST004801,HOT0196,ROOM001316,PROMO00246,2026-02-19,2026-02-21,2026-02-24,2,1,Mobile App,Confirmed,EUR,15000.0,15,2250.0,2295.0,15045.0,2022-01-13 18:28:03,2024-05-24 02:31:11
BOOK001597,CUST003355,HOT0098,ROOM000144,PROMO00226,2025-06-24,2025-06-26,2025-07-03,2,1,Booking.com,Confirmed,USD,17500.0,15,2625.0,2677.5,17552.5,2021-09-20 11:37:51,2024-06-25 09:52:27
BOOK001598,CUST004295,HOT0248,ROOM001231,PROMO00060,2025-01-10,2025-02-04,2025-02-06,4,0,Expedia,Completed,USD,7000.0,10,700.0,1134.0,7434.0,2021-06-12 02:21:34,2024-01-05 16:09:18
BOOK001599,CUST003691,HOT0139,ROOM001262,PROMO00384,2025-10-27,2025-10-30,2025-11-03,4,1,Expedia,Confirmed,AED,60000.0,5,3000.0,10260.0,67260.0,2025-08-03 10:12:18,2025-10-20 13:43:25
BOOK001600,CUST000247,HOT0087,ROOM000184,PROMO00106,2025-07-29,2025-08-27,2025-08-30,3,2,Booking.com,Completed,USD,21000.0,5,1050.0,3591.0,23541.0,2024-02-17 08:19:45,2025-07-02 19:40:51
BOOK001601,CUST002253,HOT0225,ROOM001993,PROMO00445,2026-02-20,2026-04-10,2026-04-11,1,1,Mobile App,Completed,EUR,7000.0,15,1050.0,1071.0,7021.0,2022-07-27 19:59:11,2022-09-20 07:18:15
BOOK001602,CUST003412,HOT0108,ROOM000495,PROMO00496,2025-10-31,2025-12-03,2025-12-05,2,0,Travel Agent,Completed,SGD,20000.0,5,1000.0,3420.0,22420.0,2024-08-14 06:01:25,2024-11-09 08:46:06
BOOK001603,CUST004198,HOT0072,ROOM001715,PROMO00291,2026-02-22,2026-03-07,2026-03-13,3,0,Website,Completed,SGD,21000.0,0,0.0,3780.0,24780.0,2024-05-23 20:16:09,2025-10-22 14:11:26
BOOK001604,CUST003893,HOT0081,ROOM000337,PROMO00383,2026-05-02,2026-06-04,2026-06-09,4,1,Mobile App,Confirmed,INR,50000.0,15,7500.0,7650.0,50150.0,2025-11-25 19:27:47,2026-07-10 09:27:36
BOOK001605,CUST000437,HOT0124,ROOM001604,PROMO00303,2024-08-23,2024-09-14,2024-09-20,2,0,Walk-In,Completed,USD,90000.0,0,0.0,16200.0,106200.0,2022-12-11 13:33:56,2024-03-23 04:16:44
BOOK001606,CUST001228,HOT0248,ROOM001673,PROMO00225,2026-06-13,2026-06-29,2026-07-02,1,2,Website,Cancelled,GBP,10500.0,5,525.0,1795.5,11770.5,2023-07-13 10:23:38,2025-12-26 21:05:13
BOOK001607,CUST004017,HOT0193,ROOM000744,PROMO00211,2025-02-28,2025-03-21,2025-03-22,2,1,Travel Agent,Completed,USD,2500.0,10,250.0,405.0,2655.0,2026-02-08 09:11:30,2026-03-03 17:23:59
BOOK001608,CUST000014,HOT0138,ROOM000006,PROMO00393,2025-04-16,2025-05-17,2025-05-21,3,2,Travel Agent,Completed,USD,28000.0,15,4200.0,4284.0,28084.0,2024-06-23 00:13:42,2025-04-02 11:41:10
BOOK001609,CUST003006,HOT0043,ROOM000738,PROMO00305,2024-12-26,2025-02-19,2025-02-25,1,0,Travel Agent,Completed,SGD,30000.0,10,3000.0,4860.0,31860.0,2022-06-20 07:57:47,2022-09-30 05:15:24
BOOK001610,CUST002740,HOT0113,ROOM001339,PROMO00129,2026-01-19,2026-01-28,2026-01-31,4,0,Travel Agent,Completed,INR,7500.0,0,0.0,1350.0,8850.0,2024-04-24 09:06:54,2024-06-09 19:59:14
BOOK001611,CUST001885,HOT0019,ROOM000126,PROMO00424,2025-09-01,2025-09-15,2025-09-18,4,0,Walk-In,Completed,SGD,21000.0,15,3150.0,3213.0,21063.0,2024-01-22 02:40:01,2024-02-05 08:17:20
BOOK001612,CUST001091,HOT0193,ROOM000711,PROMO00137,2026-03-19,2026-04-07,2026-04-09,3,2,Walk-In,Confirmed,INR,5000.0,0,0.0,900.0,5900.0,2024-02-21 21:57:55,2025-12-09 14:55:42
BOOK001613,CUST001238,HOT0076,ROOM000987,PROMO00117,2025-12-15,2026-01-04,2026-01-06,1,1,Expedia,Completed,USD,14000.0,10,1400.0,2268.0,14868.0,2022-07-31 03:22:07,2022-10-25 23:33:48
BOOK001614,CUST001889,HOT0222,ROOM000561,PROMO00141,2026-06-03,2026-07-29,2026-08-02,4,2,Travel Agent,Completed,INR,20000.0,20,4000.0,2880.0,18880.0,2021-09-07 06:02:06,2022-01-24 08:11:56
BOOK001615,CUST000101,HOT0054,ROOM000813,PROMO00238,2026-03-16,2026-05-10,2026-05-16,2,1,Walk-In,Completed,USD,30000.0,15,4500.0,4590.0,30090.0,2021-04-13 10:21:26,2024-06-15 06:25:38
BOOK001616,CUST002712,HOT0083,ROOM000380,PROMO00390,2026-02-04,2026-02-08,2026-02-11,2,2,Walk-In,Completed,SGD,21000.0,10,2100.0,3402.0,22302.0,2024-05-09 17:38:41,2025-09-03 14:32:34
BOOK001617,CUST000740,HOT0095,ROOM002000,PROMO00422,2025-02-10,2025-03-18,2025-03-20,3,1,Travel Agent,Completed,USD,7000.0,10,700.0,1134.0,7434.0,2024-05-16 01:52:23,2025-09-02 18:38:20
BOOK001618,CUST001475,HOT0095,ROOM001386,PROMO00241,2024-12-04,2024-12-27,2024-12-29,3,0,Walk-In,Completed,EUR,30000.0,0,0.0,5400.0,35400.0,2021-08-29 16:52:57,2022-06-07 12:09:11
BOOK001619,CUST003300,HOT0113,ROOM000915,PROMO00160,2026-01-02,2026-01-05,2026-01-12,4,1,Website,Completed,EUR,70000.0,20,14000.0,10080.0,66080.0,2020-11-09 04:20:47,2025-09-06 10:32:30
BOOK001620,CUST002946,HOT0119,ROOM000640,PROMO00205,2026-05-28,2026-07-19,2026-07-26,2,1,Expedia,Confirmed,SGD,35000.0,15,5250.0,5355.0,35105.0,2024-03-08 07:25:16,2025-02-24 10:57:40
BOOK001621,CUST003473,HOT0203,ROOM001457,PROMO00484,2026-03-17,2026-04-15,2026-04-18,3,2,Mobile App,Cancelled,INR,7500.0,5,375.0,1282.5,8407.5,2026-01-30 15:45:10,2026-03-12 07:50:29
BOOK001622,CUST003056,HOT0089,ROOM001273,PROMO00104,2025-08-17,2025-10-09,2025-10-14,3,0,Travel Agent,Completed,USD,12500.0,0,0.0,2250.0,14750.0,2022-05-01 04:55:07,2026-05-17 19:06:03
BOOK001623,CUST002200,HOT0191,ROOM001286,PROMO00445,2025-09-10,2025-10-07,2025-10-11,4,1,Walk-In,Completed,INR,20000.0,10,2000.0,3240.0,21240.0,2025-12-04 21:56:18,2026-03-19 09:02:00
BOOK001624,CUST001478,HOT0163,ROOM001141,PROMO00032,2025-07-11,2025-08-11,2025-08-16,2,1,Mobile App,Completed,AED,25000.0,0,0.0,4500.0,29500.0,2026-05-05 12:12:10,2026-06-20 03:48:57
BOOK001625,CUST000560,HOT0073,ROOM000308,PROMO00388,2024-11-25,2024-12-21,2024-12-25,1,1,Website,Completed,GBP,10000.0,10,1000.0,1620.0,10620.0,2025-12-13 14:15:12,2026-06-05 17:57:32
BOOK001626,CUST004352,HOT0248,ROOM001673,PROMO00394,2025-10-05,2025-11-01,2025-11-04,4,2,Travel Agent,Completed,AED,10500.0,15,1575.0,1606.5,10531.5,2021-11-19 04:45:58,2023-05-02 10:23:47
BOOK001627,CUST001989,HOT0188,ROOM001554,PROMO00408,2025-01-08,2025-02-09,2025-02-16,2,1,Booking.com,Completed,SGD,17500.0,20,3500.0,2520.0,16520.0,2023-09-12 13:09:55,2024-01-23 13:27:16
BOOK001628,CUST000832,HOT0054,ROOM000245,PROMO00406,2025-07-15,2025-07-23,2025-07-28,2,0,Walk-In,Completed,EUR,35000.0,15,5250.0,5355.0,35105.0,2022-01-29 18:39:58,2023-12-10 00:08:28
BOOK001629,CUST000759,HOT0210,ROOM001162,PROMO00443,2024-10-07,2024-11-23,2024-11-28,2,1,Website,Confirmed,INR,35000.0,15,5250.0,5355.0,35105.0,2024-07-28 20:19:42,2024-10-02 00:18:40
BOOK001630,CUST003576,HOT0138,ROOM001498,PROMO00197,2026-04-28,2026-05-31,2026-06-07,2,1,Expedia,Cancelled,EUR,24500.0,15,3675.0,3748.5,24573.5,2023-12-15 08:06:55,2024-06-19 05:18:32
BOOK001631,CUST000557,HOT0078,ROOM000956,PROMO00433,2026-01-07,2026-02-25,2026-02-28,3,1,Booking.com,No Show,GBP,21000.0,15,3150.0,3213.0,21063.0,2022-06-05 12:29:59,2023-03-11 08:30:56
BOOK001632,CUST003839,HOT0022,ROOM000219,PROMO00053,2024-12-14,2025-01-12,2025-01-13,1,1,Website,Completed,USD,2500.0,15,375.0,382.5,2507.5,2024-11-28 08:27:25,2025-06-06 09:02:43
BOOK001633,CUST002680,HOT0108,ROOM000348,PROMO00447,2025-11-05,2025-11-18,2025-11-22,4,2,Mobile App,Completed,AED,28000.0,5,1400.0,4788.0,31388.0,2024-01-08 22:28:13,2026-07-28 15:31:37
BOOK001634,CUST001174,HOT0229,ROOM001464,PROMO00053,2024-10-04,2024-10-11,2024-10-17,1,0,Website,Completed,USD,15000.0,15,2250.0,2295.0,15045.0,2024-02-29 14:05:09,2024-09-14 23:34:01
BOOK001635,CUST004345,HOT0057,ROOM001909,PROMO00337,2026-05-01,2026-05-06,2026-05-08,4,2,Booking.com,Completed,GBP,5000.0,20,1000.0,720.0,4720.0,2020-07-12 10:45:01,2023-12-11 01:15:47
BOOK001636,CUST002758,HOT0131,ROOM000123,PROMO00126,2025-08-31,2025-10-26,2025-11-02,1,2,Travel Agent,Confirmed,EUR,17500.0,5,875.0,2992.5,19617.5,2025-03-22 20:15:53,2026-06-13 18:41:57
BOOK001637,CUST004232,HOT0009,ROOM000882,PROMO00288,2026-07-29,2026-08-05,2026-08-12,1,2,Mobile App,Confirmed,SGD,105000.0,0,0.0,18900.0,123900.0,2020-04-18 08:00:03,2024-07-13 16:33:18
BOOK001638,CUST002855,HOT0117,ROOM001651,PROMO00022,2025-03-28,2025-05-08,2025-05-11,4,0,Website,Completed,INR,7500.0,0,0.0,1350.0,8850.0,2021-12-27 01:47:08,2022-09-28 20:40:58
BOOK001639,CUST001232,HOT0061,ROOM001760,PROMO00243,2024-12-21,2025-01-15,2025-01-21,3,0,Travel Agent,Completed,SGD,90000.0,15,13500.0,13770.0,90270.0,2026-01-04 06:44:42,2026-01-24 06:10:38
BOOK001640,CUST004694,HOT0063,ROOM001332,PROMO00121,2025-05-25,2025-07-17,2025-07-20,2,2,Walk-In,Confirmed,AED,21000.0,10,2100.0,3402.0,22302.0,2022-11-12 03:18:53,2023-07-26 23:06:24
BOOK001641,CUST001883,HOT0142,ROOM000272,PROMO00027,2025-09-06,2025-09-27,2025-09-29,3,0,Website,Completed,INR,14000.0,15,2100.0,2142.0,14042.0,2026-07-17 07:45:03,2026-07-26 08:50:03
BOOK001642,CUST002550,HOT0066,ROOM001436,PROMO00404,2026-03-30,2026-05-24,2026-05-25,2,0,Expedia,Cancelled,AED,7000.0,5,350.0,1197.0,7847.0,2023-01-19 06:10:01,2023-03-05 11:56:25
BOOK001643,CUST002188,HOT0111,ROOM001582,PROMO00189,2025-11-27,2026-01-11,2026-01-13,3,2,Expedia,Completed,EUR,7000.0,10,700.0,1134.0,7434.0,2024-01-11 15:12:55,2024-08-12 13:19:56
BOOK001644,CUST001221,HOT0070,ROOM000957,PROMO00405,2026-06-29,2026-08-20,2026-08-27,2,1,Booking.com,Confirmed,USD,17500.0,10,1750.0,2835.0,18585.0,2021-03-07 12:17:25,2021-11-28 04:28:53
BOOK001645,CUST003333,HOT0047,ROOM000981,PROMO00300,2024-09-27,2024-11-07,2024-11-09,3,1,Walk-In,Completed,AED,20000.0,5,1000.0,3420.0,22420.0,2023-05-14 23:35:24,2026-02-06 08:37:06
BOOK001646,CUST003071,HOT0155,ROOM001041,PROMO00419,2025-09-25,2025-09-27,2025-10-02,4,2,Booking.com,Completed,AED,35000.0,0,0.0,6300.0,41300.0,2026-02-15 12:34:15,2026-06-22 03:32:43
BOOK001647,CUST001633,HOT0204,ROOM000951,PROMO00058,2025-08-06,2025-09-26,2025-09-27,3,0,Mobile App,Completed,USD,2500.0,15,375.0,382.5,2507.5,2022-02-26 01:15:27,2022-05-17 04:41:36
BOOK001648,CUST000918,HOT0062,ROOM001093,PROMO00483,2025-05-11,2025-06-27,2025-06-30,4,0,Booking.com,Confirmed,INR,30000.0,20,6000.0,4320.0,28320.0,2020-05-10 22:39:50,2026-01-29 17:53:15
BOOK001649,CUST004239,HOT0195,ROOM000165,PROMO00253,2025-02-20,2025-04-12,2025-04-14,3,0,Website,Confirmed,AED,20000.0,5,1000.0,3420.0,22420.0,2021-06-02 19:15:39,2023-02-03 11:36:47
BOOK001650,CUST002145,HOT0058,ROOM001078,PROMO00038,2025-09-27,2025-10-26,2025-10-30,4,0,Expedia,Completed,INR,28000.0,10,2800.0,4536.0,29736.0,2022-06-07 14:13:45,2023-03-07 16:44:27
BOOK001651,CUST002052,HOT0123,ROOM000912,PROMO00060,2025-01-12,2025-01-17,2025-01-19,3,0,Mobile App,Completed,SGD,5000.0,5,250.0,855.0,5605.0,2020-07-14 03:39:35,2024-04-30 09:10:07
BOOK001652,CUST000874,HOT0102,ROOM001371,PROMO00160,2025-07-23,2025-07-28,2025-08-04,3,0,Mobile App,Completed,AED,70000.0,5,3500.0,11970.0,78470.0,2023-02-22 20:25:20,2025-09-09 20:44:06
BOOK001653,CUST000895,HOT0076,ROOM001302,PROMO00408,2025-10-12,2025-11-08,2025-11-12,1,1,Walk-In,Completed,EUR,14000.0,0,0.0,2520.0,16520.0,2022-03-03 03:43:50,2025-12-17 03:17:23
BOOK001654,CUST001969,HOT0037,ROOM001981,PROMO00332,2025-04-12,2025-05-25,2025-05-30,1,2,Walk-In,Confirmed,EUR,75000.0,20,15000.0,10800.0,70800.0,2024-04-04 04:35:42,2025-04-30 12:10:10
BOOK001655,CUST000546,HOT0064,ROOM000976,PROMO00015,2025-11-01,2025-12-13,2025-12-16,2,2,Travel Agent,Completed,AED,7500.0,0,0.0,1350.0,8850.0,2026-04-18 11:31:17,2026-06-21 17:02:56
BOOK001656,CUST000892,HOT0017,ROOM000057,PROMO00077,2025-04-14,2025-06-01,2025-06-02,4,1,Booking.com,Completed,INR,5000.0,10,500.0,810.0,5310.0,2022-05-07 00:57:08,2022-10-16 22:59:50
BOOK001657,CUST003522,HOT0066,ROOM001808,PROMO00203,2026-02-22,2026-03-28,2026-04-02,2,0,Expedia,Cancelled,INR,75000.0,15,11250.0,11475.0,75225.0,2020-08-21 00:32:59,2023-09-04 13:16:53
BOOK001658,CUST004581,HOT0078,ROOM001633,PROMO00318,2026-05-31,2026-06-04,2026-06-11,4,1,Website,Completed,AED,105000.0,20,21000.0,15120.0,99120.0,2022-04-17 12:09:28,2025-09-03 21:08:58
BOOK001659,CUST001224,HOT0039,ROOM000164,PROMO00444,2025-04-20,2025-04-27,2025-04-28,3,0,Booking.com,Cancelled,USD,2500.0,20,500.0,360.0,2360.0,2026-04-04 21:35:08,2026-06-29 21:57:31
BOOK001660,CUST001196,HOT0159,ROOM000818,PROMO00193,2025-02-28,2025-04-20,2025-04-21,3,0,Booking.com,Completed,INR,7000.0,0,0.0,1260.0,8260.0,2021-08-07 05:30:15,2026-04-16 06:46:37
BOOK001661,CUST002325,HOT0029,ROOM000826,PROMO00214,2025-01-07,2025-02-10,2025-02-16,4,1,Expedia,Confirmed,INR,30000.0,20,6000.0,4320.0,28320.0,2025-04-13 09:10:27,2025-05-21 14:19:01
BOOK001662,CUST002453,HOT0238,ROOM001052,PROMO00070,2025-10-27,2025-12-19,2025-12-24,2,0,Mobile App,Completed,INR,75000.0,0,0.0,13500.0,88500.0,2021-08-21 15:37:14,2025-10-10 17:38:38
BOOK001663,CUST003327,HOT0086,ROOM000484,PROMO00336,2025-07-08,2025-07-31,2025-08-07,1,1,Travel Agent,Completed,GBP,17500.0,15,2625.0,2677.5,17552.5,2023-02-24 03:00:38,2024-11-10 15:18:47
BOOK001664,CUST003683,HOT0006,ROOM001988,PROMO00178,2026-05-17,2026-07-04,2026-07-07,3,1,Expedia,Completed,GBP,7500.0,10,750.0,1215.0,7965.0,2023-07-26 17:23:41,2025-08-19 20:58:06
BOOK001665,CUST001317,HOT0106,ROOM000743,PROMO00039,2025-09-22,2025-09-28,2025-09-29,1,2,Walk-In,Confirmed,GBP,10000.0,0,0.0,1800.0,11800.0,2024-06-15 20:20:20,2026-01-09 06:06:38
BOOK001666,CUST001085,HOT0218,ROOM001928,PROMO00419,2025-12-27,2026-01-16,2026-01-20,4,2,Expedia,Completed,USD,10000.0,5,500.0,1710.0,11210.0,2024-02-12 11:45:27,2026-05-28 04:37:09
BOOK001667,CUST001129,HOT0116,ROOM001278,PROMO00140,2025-10-29,2025-12-13,2025-12-17,2,0,Expedia,Completed,INR,60000.0,15,9000.0,9180.0,60180.0,2021-09-23 10:14:55,2026-03-16 20:10:26
BOOK001668,CUST004787,HOT0171,ROOM000903,PROMO00331,2026-04-30,2026-06-10,2026-06-13,1,0,Walk-In,Completed,AED,7500.0,10,750.0,1215.0,7965.0,2022-09-22 03:42:04,2024-01-24 08:23:10
BOOK001669,CUST003341,HOT0009,ROOM000278,PROMO00133,2025-07-03,2025-07-05,2025-07-07,3,2,Booking.com,Completed,USD,20000.0,20,4000.0,2880.0,18880.0,2025-08-05 19:39:14,2025-12-02 02:24:15
BOOK001670,CUST003715,HOT0241,ROOM000753,PROMO00411,2025-02-26,2025-03-01,2025-03-07,3,0,Travel Agent,Completed,USD,42000.0,0,0.0,7560.0,49560.0,2024-10-28 04:51:23,2025-07-05 10:41:32
BOOK001671,CUST001444,HOT0157,ROOM000240,PROMO00288,2026-05-12,2026-06-30,2026-07-02,1,2,Mobile App,Completed,EUR,10000.0,5,500.0,1710.0,11210.0,2022-07-30 03:48:09,2024-10-02 16:23:43
BOOK001672,CUST004446,HOT0240,ROOM001229,PROMO00179,2026-03-16,2026-04-04,2026-04-05,2,2,Website,Confirmed,EUR,7000.0,10,700.0,1134.0,7434.0,2023-07-09 06:26:06,2023-09-12 19:31:39
BOOK001673,CUST002754,HOT0017,ROOM000057,PROMO00148,2024-10-22,2024-12-08,2024-12-11,2,0,Booking.com,Completed,AED,15000.0,5,750.0,2565.0,16815.0,2020-02-26 14:40:48,2021-08-11 17:52:10
BOOK001674,CUST000823,HOT0013,ROOM001617,PROMO00495,2025-03-28,2025-04-20,2025-04-22,2,2,Travel Agent,Confirmed,GBP,10000.0,0,0.0,1800.0,11800.0,2022-10-10 22:15:58,2024-04-05 08:30:05
BOOK001675,CUST002183,HOT0114,ROOM000480,PROMO00279,2025-09-17,2025-10-27,2025-10-28,1,2,Expedia,Completed,GBP,15000.0,0,0.0,2700.0,17700.0,2020-02-03 16:28:24,2022-04-02 16:47:37
BOOK001676,CUST001054,HOT0040,ROOM000128,PROMO00122,2025-12-08,2026-01-17,2026-01-22,2,1,Walk-In,Confirmed,EUR,25000.0,20,5000.0,3600.0,23600.0,2024-12-09 13:10:23,2026-03-18 01:36:07
BOOK001677,CUST002988,HOT0047,ROOM001735,PROMO00234,2024-10-12,2024-10-25,2024-11-01,3,1,Mobile App,Completed,AED,70000.0,15,10500.0,10710.0,70210.0,2020-08-19 14:38:01,2026-03-17 21:19:38
BOOK001678,CUST002338,HOT0183,ROOM000052,PROMO00259,2025-04-15,2025-04-28,2025-04-30,3,1,Website,No Show,AED,14000.0,20,2800.0,2016.0,13216.0,2023-06-28 18:28:45,2024-05-14 11:32:11
BOOK001679,CUST000209,HOT0197,ROOM001692,PROMO00232,2026-02-04,2026-03-02,2026-03-05,1,1,Booking.com,Confirmed,GBP,45000.0,5,2250.0,7695.0,50445.0,2024-11-01 00:40:04,2025-04-19 23:06:10
BOOK001680,CUST002344,HOT0236,ROOM000044,PROMO00244,2025-03-05,2025-03-10,2025-03-15,1,1,Travel Agent,Completed,AED,17500.0,5,875.0,2992.5,19617.5,2023-09-27 20:06:26,2023-12-10 17:12:48
BOOK001681,CUST000056,HOT0003,ROOM000471,PROMO00360,2026-07-26,2026-08-07,2026-08-10,3,1,Website,Confirmed,SGD,7500.0,5,375.0,1282.5,8407.5,2024-09-22 23:31:41,2025-08-03 00:31:33
BOOK001682,CUST004044,HOT0225,ROOM001993,PROMO00474,2025-11-30,2025-12-21,2025-12-26,4,0,Travel Agent,Confirmed,USD,35000.0,20,7000.0,5040.0,33040.0,2025-07-12 22:50:35,2025-07-24 04:19:00
BOOK001683,CUST000175,HOT0223,ROOM000224,PROMO00229,2026-04-26,2026-05-31,2026-06-05,4,1,Expedia,Completed,SGD,75000.0,0,0.0,13500.0,88500.0,2025-01-17 00:23:26,2025-05-20 21:39:00
BOOK001684,CUST000709,HOT0245,ROOM000122,PROMO00456,2025-11-17,2025-11-28,2025-11-30,4,2,Booking.com,Cancelled,AED,5000.0,10,500.0,810.0,5310.0,2025-12-03 11:19:48,2026-07-20 16:56:31
BOOK001685,CUST001668,HOT0055,ROOM001428,PROMO00102,2026-02-02,2026-03-10,2026-03-11,1,0,Travel Agent,Completed,AED,15000.0,0,0.0,2700.0,17700.0,2024-09-20 02:18:16,2024-11-11 07:35:24
BOOK001686,CUST000015,HOT0105,ROOM000188,PROMO00468,2025-01-31,2025-02-13,2025-02-17,3,1,Travel Agent,Completed,GBP,60000.0,20,12000.0,8640.0,56640.0,2021-08-27 16:04:01,2025-06-22 18:44:34
BOOK001687,CUST001578,HOT0113,ROOM000203,PROMO00207,2025-03-14,2025-03-20,2025-03-25,1,2,Expedia,Cancelled,GBP,50000.0,10,5000.0,8100.0,53100.0,2023-08-19 18:22:00,2023-10-21 09:19:32
BOOK001688,CUST001793,HOT0192,ROOM001123,PROMO00457,2025-11-25,2025-12-15,2025-12-17,2,0,Walk-In,Completed,INR,14000.0,0,0.0,2520.0,16520.0,2026-01-27 05:24:31,2026-03-20 06:24:19
BOOK001689,CUST001027,HOT0190,ROOM001822,PROMO00060,2024-11-23,2024-11-27,2024-12-02,1,2,Walk-In,No Show,GBP,17500.0,15,2625.0,2677.5,17552.5,2020-04-01 01:54:25,2021-04-21 23:06:52
BOOK001690,CUST002282,HOT0198,ROOM000790,PROMO00088,2025-07-04,2025-07-20,2025-07-23,1,1,Mobile App,Completed,AED,30000.0,20,6000.0,4320.0,28320.0,2025-04-25 09:05:28,2026-07-30 00:32:36
BOOK001691,CUST003714,HOT0139,ROOM000822,PROMO00086,2026-02-13,2026-03-21,2026-03-22,2,0,Website,Completed,EUR,10000.0,20,2000.0,1440.0,9440.0,2023-11-15 07:24:15,2024-05-26 16:07:49
BOOK001692,CUST002403,HOT0057,ROOM000765,PROMO00205,2026-03-12,2026-04-30,2026-05-07,4,0,Website,Cancelled,SGD,105000.0,20,21000.0,15120.0,99120.0,2020-03-10 05:52:20,2021-01-23 19:06:39
BOOK001693,CUST002739,HOT0063,ROOM001332,PROMO00497,2025-11-02,2025-12-01,2025-12-03,3,2,Expedia,Cancelled,INR,14000.0,0,0.0,2520.0,16520.0,2020-04-09 23:04:01,2025-05-27 20:56:53
BOOK001694,CUST000546,HOT0033,ROOM000575,PROMO00214,2025-09-29,2025-10-19,2025-10-20,1,1,Walk-In,Cancelled,INR,15000.0,15,2250.0,2295.0,15045.0,2022-01-15 01:26:42,2024-03-09 14:50:10
BOOK001695,CUST000770,HOT0083,ROOM001182,PROMO00097,2025-01-21,2025-02-06,2025-02-10,1,2,Website,Completed,INR,14000.0,15,2100.0,2142.0,14042.0,2023-02-04 21:03:37,2024-10-01 05:45:09
BOOK001696,CUST003186,HOT0192,ROOM001903,PROMO00414,2025-07-25,2025-09-01,2025-09-07,3,0,Booking.com,Completed,EUR,15000.0,0,0.0,2700.0,17700.0,2024-04-04 05:54:46,2025-06-20 17:29:27
BOOK001697,CUST003787,HOT0026,ROOM000148,PROMO00048,2025-11-08,2025-12-22,2025-12-27,4,0,Website,Confirmed,GBP,35000.0,10,3500.0,5670.0,37170.0,2023-06-05 08:56:04,2024-04-13 23:32:44
BOOK001698,CUST002346,HOT0045,ROOM000197,PROMO00186,2024-11-09,2024-12-02,2024-12-04,1,1,Travel Agent,Completed,INR,7000.0,5,350.0,1197.0,7847.0,2022-12-11 17:21:40,2025-07-09 06:40:26
BOOK001699,CUST001786,HOT0156,ROOM000390,PROMO00384,2026-02-17,2026-03-06,2026-03-13,1,0,Expedia,Completed,SGD,49000.0,10,4900.0,7938.0,52038.0,2021-05-26 02:34:27,2023-05-18 17:46:42
BOOK001700,CUST001017,HOT0112,ROOM000146,PROMO00327,2025-10-13,2025-12-01,2025-12-07,3,2,Walk-In,Completed,INR,90000.0,20,18000.0,12960.0,84960.0,2023-10-24 14:35:28,2025-07-07 11:20:37
BOOK001701,CUST003964,HOT0183,ROOM000946,PROMO00445,2026-05-10,2026-05-14,2026-05-19,2,0,Expedia,Completed,EUR,50000.0,0,0.0,9000.0,59000.0,2020-08-10 11:11:40,2021-11-27 14:19:53
BOOK001702,CUST002204,HOT0105,ROOM000982,PROMO00067,2025-06-10,2025-07-30,2025-08-06,4,2,Booking.com,Completed,USD,70000.0,10,7000.0,11340.0,74340.0,2023-11-03 20:01:02,2025-08-10 17:05:45
BOOK001703,CUST003631,HOT0066,ROOM001436,PROMO00129,2026-07-07,2026-07-26,2026-07-29,1,2,Expedia,Confirmed,SGD,21000.0,5,1050.0,3591.0,23541.0,2022-12-30 17:57:16,2025-09-30 11:44:23
BOOK001704,CUST002915,HOT0031,ROOM001970,PROMO00216,2025-03-31,2025-05-02,2025-05-07,2,0,Travel Agent,Confirmed,SGD,17500.0,0,0.0,3150.0,20650.0,2024-01-12 08:48:43,2026-03-17 17:43:15
BOOK001705,CUST003609,HOT0211,ROOM001516,PROMO00073,2024-09-02,2024-10-28,2024-11-04,4,1,Walk-In,Confirmed,INR,35000.0,20,7000.0,5040.0,33040.0,2020-10-05 06:45:17,2025-04-23 00:22:50
BOOK001706,CUST002896,HOT0214,ROOM001200,PROMO00158,2024-08-25,2024-10-20,2024-10-24,1,0,Website,Completed,EUR,60000.0,15,9000.0,9180.0,60180.0,2025-10-18 08:50:53,2026-01-10 15:30:21
BOOK001707,CUST000701,HOT0155,ROOM001004,PROMO00004,2026-03-01,2026-04-11,2026-04-14,1,2,Mobile App,Completed,USD,7500.0,15,1125.0,1147.5,7522.5,2024-11-13 04:13:55,2026-05-09 23:24:41
BOOK001708,CUST004661,HOT0008,ROOM000578,PROMO00251,2026-04-24,2026-05-13,2026-05-17,3,1,Walk-In,Completed,EUR,10000.0,5,500.0,1710.0,11210.0,2025-09-01 19:49:32,2026-07-29 06:12:14
BOOK001709,CUST004079,HOT0077,ROOM000143,PROMO00052,2026-02-24,2026-03-01,2026-03-02,3,2,Website,Completed,INR,7000.0,20,1400.0,1008.0,6608.0,2024-08-08 07:44:14,2024-12-01 03:17:25
BOOK001710,CUST004446,HOT0105,ROOM000188,PROMO00395,2024-09-30,2024-11-26,2024-11-28,2,0,Booking.com,Cancelled,INR,30000.0,5,1500.0,5130.0,33630.0,2024-11-27 12:31:40,2025-10-16 14:10:09
BOOK001711,CUST002347,HOT0041,ROOM001681,PROMO00126,2024-08-16,2024-10-05,2024-10-12,1,1,Walk-In,Completed,GBP,17500.0,0,0.0,3150.0,20650.0,2026-01-06 21:55:08,2026-04-13 07:06:22
BOOK001712,CUST000554,HOT0231,ROOM001461,PROMO00292,2026-07-14,2026-09-01,2026-09-06,1,2,Mobile App,Completed,GBP,25000.0,20,5000.0,3600.0,23600.0,2021-11-08 23:22:17,2025-08-14 10:05:10
BOOK001713,CUST001617,HOT0124,ROOM001739,PROMO00464,2025-11-22,2026-01-08,2026-01-10,3,0,Booking.com,Cancelled,USD,7000.0,0,0.0,1260.0,8260.0,2020-07-05 04:56:21,2025-08-13 12:23:04
BOOK001714,CUST004175,HOT0082,ROOM001446,PROMO00076,2025-01-07,2025-01-30,2025-02-03,2,1,Travel Agent,Completed,AED,60000.0,5,3000.0,10260.0,67260.0,2021-09-09 23:30:17,2024-11-05 23:57:05
BOOK001715,CUST002989,HOT0089,ROOM001144,PROMO00049,2026-07-22,2026-08-24,2026-08-30,3,2,Mobile App,Completed,EUR,30000.0,10,3000.0,4860.0,31860.0,2023-02-07 16:22:42,2025-10-31 23:41:09
BOOK001716,CUST003493,HOT0115,ROOM001171,PROMO00090,2025-07-21,2025-08-06,2025-08-13,1,0,Expedia,Cancelled,AED,24500.0,10,2450.0,3969.0,26019.0,2024-01-26 23:18:53,2024-05-20 02:57:52
BOOK001717,CUST002266,HOT0015,ROOM001958,PROMO00432,2025-07-07,2025-09-01,2025-09-05,1,1,Website,Completed,AED,40000.0,10,4000.0,6480.0,42480.0,2020-10-10 12:17:18,2022-07-09 05:57:30
BOOK001718,CUST004756,HOT0143,ROOM001433,PROMO00294,2026-06-25,2026-07-24,2026-07-31,4,0,Travel Agent,Completed,INR,49000.0,20,9800.0,7056.0,46256.0,2022-05-13 15:07:36,2022-09-22 23:24:20
BOOK001719,CUST004410,HOT0124,ROOM001739,PROMO00395,2024-11-15,2024-12-01,2024-12-03,3,0,Walk-In,Confirmed,AED,7000.0,5,350.0,1197.0,7847.0,2025-12-28 14:45:07,2026-05-22 08:52:17
BOOK001720,CUST002622,HOT0157,ROOM000531,PROMO00267,2025-06-20,2025-07-23,2025-07-25,4,0,Travel Agent,Completed,AED,14000.0,0,0.0,2520.0,16520.0,2023-03-08 15:45:56,2025-01-22 12:08:45
BOOK001721,CUST002002,HOT0024,ROOM001181,PROMO00219,2025-08-09,2025-10-04,2025-10-09,4,2,Expedia,Confirmed,SGD,35000.0,15,5250.0,5355.0,35105.0,2023-04-20 20:20:56,2025-02-09 02:49:45
BOOK001722,CUST002186,HOT0245,ROOM000783,PROMO00135,2024-10-21,2024-11-25,2024-12-02,3,2,Travel Agent,Completed,EUR,70000.0,10,7000.0,11340.0,74340.0,2020-04-04 19:06:51,2020-09-03 00:23:43
BOOK001723,CUST000918,HOT0126,ROOM000602,PROMO00102,2025-01-21,2025-03-02,2025-03-04,2,2,Website,Cancelled,SGD,7000.0,0,0.0,1260.0,8260.0,2022-02-23 00:25:36,2024-03-12 21:57:14
BOOK001724,CUST004658,HOT0159,ROOM000593,PROMO00467,2026-02-10,2026-02-17,2026-02-23,2,2,Mobile App,Completed,EUR,42000.0,15,6300.0,6426.0,42126.0,2020-06-06 12:54:04,2025-02-04 23:00:42
BOOK001725,CUST004460,HOT0050,ROOM001023,PROMO00275,2024-10-27,2024-12-11,2024-12-12,2,1,Mobile App,Completed,SGD,15000.0,20,3000.0,2160.0,14160.0,2024-11-22 01:01:40,2024-12-26 06:21:49
BOOK001726,CUST003655,HOT0058,ROOM000198,PROMO00273,2024-08-21,2024-09-27,2024-10-01,1,1,Booking.com,Completed,EUR,60000.0,15,9000.0,9180.0,60180.0,2025-06-08 20:35:47,2026-03-27 14:28:01
BOOK001727,CUST003518,HOT0111,ROOM000444,PROMO00153,2026-02-18,2026-02-23,2026-03-01,4,1,Website,Completed,INR,60000.0,0,0.0,10800.0,70800.0,2020-08-25 11:21:36,2022-01-17 10:25:12
BOOK001728,CUST002339,HOT0057,ROOM001892,PROMO00039,2024-11-11,2024-12-04,2024-12-10,3,1,Website,Cancelled,EUR,42000.0,15,6300.0,6426.0,42126.0,2020-02-17 23:23:35,2024-04-24 06:03:03
BOOK001729,CUST004552,HOT0027,ROOM000628,PROMO00375,2025-09-20,2025-11-08,2025-11-09,2,0,Mobile App,Completed,SGD,10000.0,15,1500.0,1530.0,10030.0,2021-09-24 23:56:45,2024-09-11 09:13:10
BOOK001730,CUST001193,HOT0250,ROOM001246,PROMO00053,2026-01-23,2026-02-05,2026-02-12,3,0,Mobile App,Cancelled,INR,17500.0,20,3500.0,2520.0,16520.0,2025-08-28 18:25:41,2026-02-21 03:46:41
BOOK001731,CUST002334,HOT0019,ROOM000126,PROMO00292,2025-06-04,2025-06-24,2025-06-27,3,2,Website,Completed,USD,21000.0,20,4200.0,3024.0,19824.0,2020-11-11 00:52:09,2023-12-28 22:32:25
BOOK001732,CUST001715,HOT0207,ROOM001563,PROMO00285,2026-05-14,2026-06-12,2026-06-17,4,2,Mobile App,Completed,EUR,50000.0,15,7500.0,7650.0,50150.0,2026-01-17 14:54:13,2026-05-21 06:42:29
BOOK001733,CUST003335,HOT0051,ROOM000089,PROMO00469,2026-04-01,2026-04-12,2026-04-17,4,2,Walk-In,Completed,USD,35000.0,15,5250.0,5355.0,35105.0,2025-02-01 06:54:20,2025-03-12 07:24:43
BOOK001734,CUST000011,HOT0150,ROOM001109,PROMO00116,2025-08-13,2025-08-26,2025-09-01,4,0,Travel Agent,Cancelled,INR,42000.0,5,2100.0,7182.0,47082.0,2026-07-08 12:32:40,2026-07-24 17:52:28
BOOK001735,CUST003814,HOT0109,ROOM000997,PROMO00474,2025-05-20,2025-07-07,2025-07-12,2,1,Booking.com,Completed,USD,35000.0,15,5250.0,5355.0,35105.0,2023-01-21 17:06:07,2025-12-13 16:27:51
BOOK001736,CUST001296,HOT0057,ROOM001892,PROMO00451,2025-10-28,2025-12-24,2025-12-26,2,0,Travel Agent,Completed,AED,14000.0,5,700.0,2394.0,15694.0,2024-10-08 13:45:10,2026-02-27 13:31:50
BOOK001737,CUST004755,HOT0227,ROOM001919,PROMO00258,2025-04-11,2025-04-28,2025-05-03,4,1,Travel Agent,Confirmed,SGD,25000.0,10,2500.0,4050.0,26550.0,2024-04-19 13:48:06,2024-08-13 09:53:08
BOOK001738,CUST002306,HOT0050,ROOM000033,PROMO00445,2025-09-21,2025-09-22,2025-09-29,3,0,Booking.com,Completed,GBP,49000.0,15,7350.0,7497.0,49147.0,2020-10-24 00:35:01,2025-03-03 06:08:15
BOOK001739,CUST000139,HOT0061,ROOM001821,PROMO00321,2026-03-11,2026-04-25,2026-05-02,1,1,Mobile App,Completed,GBP,35000.0,10,3500.0,5670.0,37170.0,2023-07-08 13:56:22,2026-04-24 07:40:48
BOOK001740,CUST001743,HOT0153,ROOM000875,PROMO00041,2025-05-12,2025-06-25,2025-06-27,1,0,Expedia,Completed,EUR,7000.0,5,350.0,1197.0,7847.0,2026-01-02 21:51:40,2026-02-14 16:03:06
BOOK001741,CUST004457,HOT0117,ROOM001214,PROMO00369,2026-05-15,2026-06-02,2026-06-09,2,2,Travel Agent,No Show,GBP,17500.0,20,3500.0,2520.0,16520.0,2020-06-27 03:54:02,2021-10-31 22:39:39
BOOK001742,CUST000740,HOT0171,ROOM000280,PROMO00068,2025-07-06,2025-07-09,2025-07-13,1,1,Booking.com,Completed,SGD,10000.0,15,1500.0,1530.0,10030.0,2023-06-12 10:45:36,2024-08-29 14:02:43
BOOK001743,CUST002324,HOT0180,ROOM001173,PROMO00346,2026-02-17,2026-03-15,2026-03-18,3,2,Expedia,Completed,EUR,30000.0,10,3000.0,4860.0,31860.0,2020-10-09 08:54:57,2026-06-28 21:04:48
BOOK001744,CUST000079,HOT0036,ROOM001998,PROMO00343,2025-01-20,2025-03-16,2025-03-22,4,0,Website,Completed,INR,42000.0,20,8400.0,6048.0,39648.0,2022-09-22 12:26:53,2025-08-24 08:43:39
BOOK001745,CUST001204,HOT0144,ROOM000816,PROMO00238,2026-06-21,2026-07-29,2026-08-02,3,0,Booking.com,Completed,SGD,60000.0,0,0.0,10800.0,70800.0,2020-01-17 00:41:47,2021-03-30 02:34:30
BOOK001746,CUST003785,HOT0179,ROOM001530,PROMO00477,2025-01-16,2025-02-08,2025-02-13,1,1,Walk-In,No Show,USD,50000.0,5,2500.0,8550.0,56050.0,2025-12-25 01:29:22,2026-01-17 14:36:09
BOOK001747,CUST000960,HOT0105,ROOM000982,PROMO00480,2024-11-26,2024-11-30,2024-12-07,2,0,Mobile App,Completed,SGD,70000.0,10,7000.0,11340.0,74340.0,2026-07-02 19:05:02,2026-07-16 17:16:52
BOOK001748,CUST001578,HOT0093,ROOM001913,PROMO00484,2025-10-22,2025-12-19,2025-12-20,1,1,Travel Agent,Confirmed,EUR,5000.0,0,0.0,900.0,5900.0,2026-04-05 11:14:00,2026-06-12 06:08:09
BOOK001749,CUST002992,HOT0184,ROOM001308,PROMO00252,2024-10-01,2024-11-15,2024-11-17,4,2,Travel Agent,Completed,AED,20000.0,15,3000.0,3060.0,20060.0,2020-11-08 01:17:27,2022-03-08 23:06:03
BOOK001750,CUST000464,HOT0064,ROOM000131,PROMO00075,2025-10-07,2025-11-26,2025-11-30,4,2,Website,Completed,INR,14000.0,15,2100.0,2142.0,14042.0,2020-05-17 22:55:44,2025-12-18 18:11:23
BOOK001751,CUST003590,HOT0118,ROOM000428,PROMO00110,2025-08-18,2025-10-05,2025-10-10,3,1,Walk-In,Completed,INR,50000.0,15,7500.0,7650.0,50150.0,2021-05-31 20:02:50,2021-06-25 21:11:19
BOOK001752,CUST003986,HOT0193,ROOM000744,PROMO00325,2026-04-14,2026-05-05,2026-05-08,4,0,Website,Completed,SGD,7500.0,0,0.0,1350.0,8850.0,2023-10-16 14:54:53,2026-06-20 18:15:04
BOOK001753,CUST000830,HOT0146,ROOM001159,PROMO00083,2025-08-17,2025-10-13,2025-10-14,3,2,Walk-In,Completed,EUR,3500.0,5,175.0,598.5,3923.5,2026-02-15 02:34:40,2026-03-25 01:10:48
BOOK001754,CUST000958,HOT0159,ROOM000974,PROMO00328,2025-07-21,2025-08-13,2025-08-17,2,2,Walk-In,Confirmed,GBP,60000.0,20,12000.0,8640.0,56640.0,2024-09-20 11:22:15,2026-05-01 15:56:35
BOOK001755,CUST004758,HOT0215,ROOM001079,PROMO00323,2025-04-14,2025-05-25,2025-05-28,2,1,Expedia,Confirmed,USD,21000.0,15,3150.0,3213.0,21063.0,2026-07-10 08:56:43,2026-07-13 16:02:01
BOOK001756,CUST000557,HOT0171,ROOM001654,PROMO00228,2024-09-27,2024-10-02,2024-10-07,2,1,Expedia,Completed,AED,75000.0,15,11250.0,11475.0,75225.0,2025-10-11 05:45:16,2026-01-28 01:00:12
BOOK001757,CUST000325,HOT0024,ROOM001472,PROMO00106,2025-06-10,2025-06-21,2025-06-25,4,1,Expedia,No Show,AED,28000.0,15,4200.0,4284.0,28084.0,2021-03-17 00:00:01,2023-11-13 08:51:11
BOOK001758,CUST001241,HOT0175,ROOM001097,PROMO00104,2025-08-07,2025-09-25,2025-09-29,4,1,Mobile App,No Show,EUR,40000.0,15,6000.0,6120.0,40120.0,2020-07-14 02:15:04,2020-10-10 21:31:30
BOOK001759,CUST004811,HOT0238,ROOM000191,PROMO00497,2024-07-30,2024-08-14,2024-08-16,2,2,Mobile App,Completed,EUR,14000.0,15,2100.0,2142.0,14042.0,2023-12-31 12:25:51,2026-02-15 19:27:32
BOOK001760,CUST004896,HOT0026,ROOM000309,PROMO00125,2024-10-31,2024-11-22,2024-11-26,1,0,Website,Completed,AED,60000.0,10,6000.0,9720.0,63720.0,2025-11-24 22:04:19,2026-02-23 16:37:58
BOOK001761,CUST000741,HOT0160,ROOM000234,PROMO00039,2025-01-13,2025-02-17,2025-02-22,2,1,Mobile App,Completed,EUR,17500.0,5,875.0,2992.5,19617.5,2021-06-28 01:23:37,2025-02-19 02:50:27
BOOK001762,CUST004762,HOT0141,ROOM001825,PROMO00099,2024-11-10,2024-11-30,2024-12-06,3,0,Walk-In,Confirmed,USD,60000.0,5,3000.0,10260.0,67260.0,2025-12-14 06:31:00,2026-01-04 22:28:41
BOOK001763,CUST000575,HOT0032,ROOM001565,PROMO00269,2026-03-05,2026-04-02,2026-04-08,3,1,Mobile App,Cancelled,INR,90000.0,15,13500.0,13770.0,90270.0,2023-01-05 22:51:44,2023-10-22 22:37:49
BOOK001764,CUST001614,HOT0087,ROOM001230,PROMO00092,2026-01-12,2026-01-20,2026-01-27,1,0,Mobile App,Completed,GBP,35000.0,0,0.0,6300.0,41300.0,2021-12-31 14:41:39,2022-02-11 00:05:53
BOOK001765,CUST004330,HOT0014,ROOM000490,PROMO00364,2025-04-06,2025-04-12,2025-04-15,1,2,Walk-In,Completed,INR,15000.0,5,750.0,2565.0,16815.0,2020-11-23 03:08:44,2025-07-10 03:10:42
BOOK001766,CUST001427,HOT0033,ROOM001264,PROMO00275,2024-12-04,2025-01-02,2025-01-03,3,0,Travel Agent,Completed,INR,15000.0,0,0.0,2700.0,17700.0,2023-09-07 20:06:58,2026-02-23 02:15:58
BOOK001767,CUST001130,HOT0230,ROOM000662,PROMO00259,2026-05-11,2026-07-07,2026-07-12,4,2,Walk-In,Completed,USD,75000.0,20,15000.0,10800.0,70800.0,2024-09-29 05:48:23,2025-07-17 22:21:31
BOOK001768,CUST002351,HOT0008,ROOM001423,PROMO00401,2026-03-09,2026-03-18,2026-03-23,4,1,Booking.com,Completed,AED,35000.0,0,0.0,6300.0,41300.0,2026-04-13 02:43:22,2026-07-21 14:15:54
BOOK001769,CUST000012,HOT0058,ROOM000885,PROMO00119,2025-11-15,2025-12-28,2025-12-31,4,2,Mobile App,Completed,USD,7500.0,10,750.0,1215.0,7965.0,2022-10-11 19:36:31,2023-04-23 03:02:22
BOOK001770,CUST002435,HOT0121,ROOM000780,PROMO00108,2025-09-30,2025-10-05,2025-10-07,1,0,Walk-In,Cancelled,INR,10000.0,15,1500.0,1530.0,10030.0,2025-02-23 21:34:49,2025-05-08 02:52:46
BOOK001771,CUST002763,HOT0152,ROOM000483,PROMO00020,2026-01-30,2026-02-11,2026-02-12,2,1,Booking.com,Completed,SGD,7000.0,10,700.0,1134.0,7434.0,2024-07-16 05:36:28,2026-07-17 05:08:16
BOOK001772,CUST000335,HOT0044,ROOM000293,PROMO00204,2025-06-19,2025-06-23,2025-06-28,3,1,Website,Completed,SGD,75000.0,10,7500.0,12150.0,79650.0,2026-02-08 05:12:57,2026-07-10 04:59:28
BOOK001773,CUST001430,HOT0188,ROOM001554,PROMO00168,2025-04-14,2025-05-12,2025-05-15,1,1,Walk-In,Completed,INR,7500.0,10,750.0,1215.0,7965.0,2021-07-14 16:58:55,2025-12-29 00:44:27
BOOK001774,CUST002523,HOT0113,ROOM000915,PROMO00339,2025-04-05,2025-05-02,2025-05-06,2,1,Travel Agent,Completed,EUR,40000.0,20,8000.0,5760.0,37760.0,2025-01-31 01:44:23,2026-07-12 23:00:31
BOOK001775,CUST004929,HOT0065,ROOM001806,PROMO00119,2025-05-31,2025-06-10,2025-06-11,1,1,Walk-In,Completed,EUR,2500.0,5,125.0,427.5,2802.5,2024-06-22 00:59:45,2025-03-07 05:04:45
BOOK001776,CUST002648,HOT0048,ROOM001392,PROMO00410,2025-05-01,2025-06-12,2025-06-17,2,0,Booking.com,Completed,EUR,50000.0,20,10000.0,7200.0,47200.0,2022-10-23 13:05:26,2023-10-22 15:18:13
BOOK001777,CUST004751,HOT0023,ROOM001526,PROMO00072,2025-12-28,2026-02-23,2026-03-01,1,1,Travel Agent,Confirmed,EUR,21000.0,5,1050.0,3591.0,23541.0,2024-05-20 03:57:18,2025-10-16 03:31:03
BOOK001778,CUST001453,HOT0218,ROOM001468,PROMO00496,2026-07-26,2026-08-02,2026-08-04,4,0,Walk-In,Completed,AED,7000.0,20,1400.0,1008.0,6608.0,2022-10-12 18:33:14,2025-12-04 17:20:13
BOOK001779,CUST000186,HOT0146,ROOM001422,PROMO00073,2025-02-10,2025-03-17,2025-03-20,3,0,Mobile App,Completed,EUR,7500.0,20,1500.0,1080.0,7080.0,2024-12-10 14:16:33,2025-08-20 02:28:58
BOOK001780,CUST003654,HOT0126,ROOM000932,PROMO00138,2026-05-19,2026-07-12,2026-07-13,1,1,Booking.com,Confirmed,AED,15000.0,0,0.0,2700.0,17700.0,2025-08-20 05:25:46,2025-10-24 16:20:23
BOOK001781,CUST002240,HOT0040,ROOM000849,PROMO00472,2025-01-08,2025-03-01,2025-03-07,3,1,Walk-In,Confirmed,INR,60000.0,15,9000.0,9180.0,60180.0,2022-01-05 18:05:06,2024-09-06 05:42:10
BOOK001782,CUST001489,HOT0230,ROOM001463,PROMO00266,2026-03-18,2026-05-16,2026-05-20,4,1,Website,Confirmed,GBP,20000.0,5,1000.0,3420.0,22420.0,2020-02-20 03:44:38,2024-09-15 13:10:12
BOOK001783,CUST002570,HOT0078,ROOM000406,PROMO00095,2026-07-01,2026-08-14,2026-08-18,1,1,Website,Completed,SGD,40000.0,15,6000.0,6120.0,40120.0,2026-03-20 07:52:57,2026-06-02 23:50:55
BOOK001784,CUST003468,HOT0059,ROOM000243,PROMO00272,2026-04-23,2026-04-30,2026-05-05,3,2,Booking.com,Completed,AED,75000.0,15,11250.0,11475.0,75225.0,2021-08-13 02:32:06,2024-01-04 16:26:31
BOOK001785,CUST003923,HOT0110,ROOM000843,PROMO00368,2026-07-08,2026-08-29,2026-09-03,3,2,Website,Confirmed,EUR,75000.0,20,15000.0,10800.0,70800.0,2022-06-03 23:17:54,2023-01-28 09:03:40
BOOK001786,CUST001254,HOT0081,ROOM001810,PROMO00040,2024-09-15,2024-10-08,2024-10-13,1,1,Website,Cancelled,EUR,50000.0,5,2500.0,8550.0,56050.0,2020-04-10 03:51:27,2023-05-28 21:27:30
BOOK001787,CUST004652,HOT0205,ROOM001695,PROMO00121,2025-12-16,2026-02-10,2026-02-15,4,2,Walk-In,Completed,AED,17500.0,20,3500.0,2520.0,16520.0,2022-09-25 20:31:30,2023-11-23 05:01:12
BOOK001788,CUST000235,HOT0088,ROOM001814,PROMO00365,2025-07-11,2025-07-21,2025-07-28,1,0,Travel Agent,Completed,GBP,35000.0,15,5250.0,5355.0,35105.0,2021-09-16 00:19:32,2023-11-13 08:26:01
BOOK001789,CUST000168,HOT0203,ROOM000949,PROMO00096,2025-06-25,2025-07-30,2025-08-06,3,1,Travel Agent,Confirmed,GBP,49000.0,10,4900.0,7938.0,52038.0,2022-09-26 04:23:17,2024-12-21 06:22:24
BOOK001790,CUST002402,HOT0196,ROOM001838,PROMO00317,2025-02-04,2025-02-19,2025-02-21,1,1,Website,Cancelled,INR,10000.0,0,0.0,1800.0,11800.0,2021-12-14 13:32:08,2023-08-02 11:31:30
BOOK001791,CUST001079,HOT0243,ROOM000830,PROMO00197,2025-03-20,2025-05-14,2025-05-18,2,2,Website,Completed,INR,40000.0,10,4000.0,6480.0,42480.0,2024-11-15 17:54:23,2025-02-14 01:06:09
BOOK001792,CUST001875,HOT0011,ROOM000401,PROMO00458,2026-07-23,2026-07-25,2026-07-28,3,1,Booking.com,Cancelled,USD,7500.0,15,1125.0,1147.5,7522.5,2023-07-20 04:22:21,2026-07-10 06:55:06
BOOK001793,CUST004777,HOT0077,ROOM000914,PROMO00200,2025-04-29,2025-06-05,2025-06-10,1,2,Travel Agent,Completed,INR,12500.0,15,1875.0,1912.5,12537.5,2026-03-23 15:08:12,2026-03-31 17:03:26
BOOK001794,CUST001825,HOT0184,ROOM001686,PROMO00025,2026-01-25,2026-03-24,2026-03-30,2,2,Walk-In,Confirmed,EUR,42000.0,10,4200.0,6804.0,44604.0,2020-07-04 22:49:06,2021-12-13 08:08:03
BOOK001795,CUST002213,HOT0008,ROOM000150,PROMO00483,2026-05-01,2026-05-12,2026-05-15,2,1,Travel Agent,Completed,INR,45000.0,0,0.0,8100.0,53100.0,2020-05-20 14:01:30,2020-09-08 08:33:09
BOOK001796,CUST001912,HOT0184,ROOM001308,PROMO00247,2026-05-20,2026-06-06,2026-06-11,1,2,Travel Agent,Confirmed,AED,50000.0,20,10000.0,7200.0,47200.0,2024-01-09 17:11:59,2025-07-24 12:16:48
BOOK001797,CUST003264,HOT0115,ROOM001525,PROMO00258,2025-01-07,2025-02-08,2025-02-14,3,2,Travel Agent,Confirmed,USD,42000.0,20,8400.0,6048.0,39648.0,2025-02-21 06:19:33,2026-01-23 00:31:48
BOOK001798,CUST001260,HOT0161,ROOM000653,PROMO00040,2025-06-21,2025-08-01,2025-08-07,1,2,Walk-In,Completed,USD,30000.0,5,1500.0,5130.0,33630.0,2022-10-18 21:28:20,2023-03-18 23:17:37
BOOK001799,CUST003489,HOT0229,ROOM000470,PROMO00314,2026-01-10,2026-03-06,2026-03-12,3,1,Website,Completed,USD,21000.0,15,3150.0,3213.0,21063.0,2020-10-18 04:15:08,2024-04-22 02:09:24
BOOK001800,CUST001008,HOT0140,ROOM001397,PROMO00285,2025-10-25,2025-12-07,2025-12-09,2,2,Website,Completed,,20000.0,5,1000.0,3420.0,22420.0,2020-01-02 16:41:34,2023-12-23 11:27:44
BOOK001801,CUST000519,HOT0100,ROOM000399,PROMO00477,2025-10-21,2025-11-19,2025-11-22,1,0,Booking.com,Completed,GBP,21000.0,15,3150.0,3213.0,21063.0,2023-10-15 11:11:03,2024-01-27 20:26:47
BOOK001802,CUST004029,HOT0020,ROOM000260,PROMO00046,2025-08-13,2025-09-10,2025-09-11,2,0,Website,Completed,USD,10000.0,0,0.0,1800.0,11800.0,2020-02-25 09:13:07,2021-10-04 20:56:07
BOOK001803,CUST001777,HOT0173,ROOM000899,PROMO00492,2026-06-11,2026-06-23,2026-06-30,2,2,Mobile App,Completed,SGD,49000.0,20,9800.0,7056.0,46256.0,2022-11-18 20:06:30,2026-05-17 06:01:49
BOOK001804,CUST003205,HOT0027,ROOM000939,PROMO00181,2026-01-22,2026-03-08,2026-03-13,3,2,Travel Agent,Completed,AED,17500.0,5,875.0,2992.5,19617.5,2021-07-10 06:01:45,2023-01-06 15:28:44
BOOK001805,CUST004127,HOT0044,ROOM000411,PROMO00115,2025-02-15,2025-03-14,2025-03-19,1,2,Expedia,Cancelled,USD,75000.0,15,11250.0,11475.0,75225.0,2022-09-19 19:18:51,2025-04-19 07:29:47
BOOK001806,CUST000876,HOT0177,ROOM001389,PROMO00428,2025-03-07,2025-04-19,2025-04-24,1,0,Travel Agent,Completed,EUR,35000.0,10,3500.0,5670.0,37170.0,2021-01-31 13:45:03,2022-05-03 08:57:22
BOOK001807,CUST004864,HOT0017,ROOM001418,PROMO00322,2026-06-08,2026-08-01,2026-08-06,3,2,Mobile App,Cancelled,EUR,35000.0,5,1750.0,5985.0,39235.0,2020-11-20 23:07:58,2021-03-17 14:51:10
BOOK001808,CUST004649,HOT0132,ROOM000566,PROMO00325,2025-11-10,2025-12-11,2025-12-17,3,0,Mobile App,Cancelled,SGD,30000.0,15,4500.0,4590.0,30090.0,2021-08-16 01:53:39,2026-05-11 10:07:55
BOOK001809,CUST001326,HOT0043,ROOM001303,PROMO00166,2024-11-24,2024-12-04,2024-12-06,3,2,Travel Agent,Confirmed,,7000.0,10,700.0,1134.0,7434.0,2022-04-20 19:53:58,2022-12-25 17:31:27
BOOK001810,CUST000009,HOT0215,ROOM000295,PROMO00372,2025-07-23,2025-07-30,2025-07-31,2,0,Expedia,No Show,AED,3500.0,15,525.0,535.5,3510.5,2023-01-01 12:39:48,2023-07-04 18:28:14
BOOK001811,CUST003642,HOT0205,ROOM000192,PROMO00204,2025-11-18,2025-12-12,2025-12-15,1,0,Website,Completed,SGD,10500.0,15,1575.0,1606.5,10531.5,2026-05-22 17:27:57,2026-06-28 16:31:23
BOOK001812,CUST001923,HOT0031,ROOM001970,PROMO00010,2025-01-28,2025-03-04,2025-03-08,2,2,Website,Confirmed,AED,14000.0,15,2100.0,2142.0,14042.0,2023-04-21 14:20:44,2023-10-17 20:49:47
BOOK001813,CUST002288,HOT0085,ROOM001223,PROMO00002,2025-11-18,2025-12-23,2025-12-25,3,1,Walk-In,Completed,USD,10000.0,15,1500.0,1530.0,10030.0,2021-12-30 15:49:29,2022-02-09 22:05:09
BOOK001814,CUST001331,HOT0199,ROOM000242,PROMO00179,2026-06-23,2026-07-24,2026-07-25,2,1,Expedia,Completed,INR,10000.0,5,500.0,1710.0,11210.0,2021-03-17 16:34:39,2024-02-08 11:19:51
BOOK001815,CUST002913,HOT0021,ROOM001036,PROMO00106,2026-05-31,2026-06-25,2026-06-26,3,2,Walk-In,Completed,INR,3500.0,15,525.0,535.5,3510.5,2024-06-17 13:13:01,2024-12-16 05:47:59
BOOK001816,CUST004254,HOT0053,ROOM000665,PROMO00344,2025-12-29,2026-02-04,2026-02-08,1,1,Expedia,Completed,EUR,10000.0,20,2000.0,1440.0,9440.0,2022-08-09 09:51:10,2026-07-15 12:40:03
BOOK001817,CUST002904,HOT0080,ROOM001710,PROMO00315,2026-07-04,2026-08-08,2026-08-11,3,1,Mobile App,Completed,AED,45000.0,5,2250.0,7695.0,50445.0,2023-03-15 02:09:12,2024-07-21 09:06:26
BOOK001818,CUST000122,HOT0239,ROOM001675,PROMO00047,2026-02-09,2026-04-09,2026-04-16,4,0,Travel Agent,Confirmed,EUR,49000.0,20,9800.0,7056.0,46256.0,2021-08-06 01:23:58,2026-04-30 18:41:53
BOOK001819,CUST001268,HOT0154,ROOM001602,PROMO00453,2025-03-11,2025-05-07,2025-05-09,3,1,Mobile App,Cancelled,SGD,5000.0,0,0.0,900.0,5900.0,2025-06-26 04:34:46,2026-05-16 07:43:50
BOOK001820,CUST004652,HOT0012,ROOM001894,PROMO00452,2026-05-07,2026-05-29,2026-06-04,1,1,Expedia,Completed,GBP,30000.0,10,3000.0,4860.0,31860.0,2020-12-18 01:30:52,2023-07-27 02:47:31
BOOK001821,CUST004105,HOT0113,ROOM001270,PROMO00011,2025-07-31,2025-08-28,2025-08-31,3,1,Walk-In,Completed,USD,15000.0,0,0.0,2700.0,17700.0,2024-07-16 11:25:35,2026-01-19 23:11:41
BOOK001822,CUST003695,HOT0228,ROOM001275,PROMO00055,2025-05-10,2025-06-05,2025-06-08,4,2,Mobile App,Confirmed,EUR,10500.0,10,1050.0,1701.0,11151.0,2022-05-01 13:44:19,2023-09-09 04:22:52
BOOK001823,CUST002895,HOT0172,ROOM001180,PROMO00334,2024-09-05,2024-10-22,2024-10-23,1,0,Walk-In,Confirmed,AED,2500.0,0,0.0,450.0,2950.0,2022-08-30 09:54:33,2023-06-17 14:56:39
BOOK001824,CUST001228,HOT0046,ROOM001002,PROMO00265,2024-10-03,2024-10-29,2024-11-03,4,1,Travel Agent,Completed,INR,35000.0,20,7000.0,5040.0,33040.0,2026-01-30 05:10:43,2026-02-13 11:00:31
BOOK001825,CUST001720,HOT0124,ROOM001604,PROMO00486,2026-03-28,2026-05-25,2026-05-30,1,1,Website,Completed,AED,75000.0,15,11250.0,11475.0,75225.0,2020-06-13 20:58:12,2026-01-19 01:51:53
BOOK001826,CUST004882,HOT0157,ROOM001155,PROMO00063,2024-09-09,2024-11-05,2024-11-12,1,2,Walk-In,Cancelled,USD,105000.0,10,10500.0,17010.0,111510.0,2025-05-24 17:16:22,2025-10-22 00:14:51
BOOK001827,CUST002837,HOT0150,ROOM000180,PROMO00173,2024-08-06,2024-09-16,2024-09-23,4,2,Walk-In,No Show,EUR,24500.0,0,0.0,4410.0,28910.0,2024-10-18 12:51:45,2024-10-31 22:40:08
BOOK001828,CUST003953,HOT0168,ROOM000737,PROMO00397,2025-08-05,2025-08-07,2025-08-08,1,2,Booking.com,Completed,AED,5000.0,20,1000.0,720.0,4720.0,2025-04-21 21:13:02,2026-07-09 00:10:29
BOOK001829,CUST000791,HOT0085,ROOM001274,PROMO00307,2025-03-21,2025-05-11,2025-05-15,3,0,Travel Agent,Completed,GBP,10000.0,10,1000.0,1620.0,10620.0,2026-05-28 07:51:31,2026-06-28 14:15:01
BOOK001830,CUST004311,HOT0114,ROOM000020,PROMO00148,2026-04-12,2026-06-03,2026-06-04,4,1,Travel Agent,Completed,SGD,10000.0,15,1500.0,1530.0,10030.0,2021-06-11 09:35:56,2023-02-17 20:44:41
BOOK001831,CUST004462,HOT0190,ROOM001690,PROMO00414,2025-01-28,2025-03-23,2025-03-27,3,0,Expedia,Confirmed,EUR,28000.0,15,4200.0,4284.0,28084.0,2023-05-16 20:26:26,2025-08-18 14:01:16
BOOK001832,CUST004186,HOT0032,ROOM001565,PROMO00072,2026-04-03,2026-05-07,2026-05-11,1,2,Mobile App,Completed,EUR,60000.0,10,6000.0,9720.0,63720.0,2022-11-02 09:41:05,2025-04-02 19:23:54
BOOK001833,CUST003681,HOT0125,ROOM001009,PROMO00236,2026-04-05,2026-04-29,2026-05-03,4,2,Booking.com,Completed,EUR,40000.0,10,4000.0,6480.0,42480.0,2023-01-11 14:06:04,2023-01-21 03:13:51
BOOK001834,CUST002299,HOT0023,ROOM000037,PROMO00152,2026-03-07,2026-04-16,2026-04-23,1,0,Travel Agent,Cancelled,AED,105000.0,0,0.0,18900.0,123900.0,2021-01-31 15:10:04,2024-02-14 21:36:38
BOOK001835,CUST003477,HOT0153,ROOM000722,PROMO00045,2025-04-06,2025-05-03,2025-05-08,2,1,Website,Cancelled,USD,12500.0,10,1250.0,2025.0,13275.0,2025-08-12 06:46:55,2026-05-19 00:45:56
BOOK001836,CUST004249,HOT0200,ROOM001236,PROMO00304,2026-06-29,2026-07-23,2026-07-25,1,0,Booking.com,Completed,AED,5000.0,20,1000.0,720.0,4720.0,2021-12-02 10:49:26,2026-01-01 01:23:01
BOOK001837,CUST004470,HOT0142,ROOM000272,PROMO00365,2025-01-04,2025-02-19,2025-02-22,3,2,Travel Agent,Cancelled,GBP,21000.0,0,0.0,3780.0,24780.0,2025-01-14 00:50:27,2026-03-28 00:55:58
BOOK001838,CUST002453,HOT0172,ROOM000770,PROMO00107,2026-06-09,2026-06-17,2026-06-18,3,1,Expedia,Completed,USD,15000.0,5,750.0,2565.0,16815.0,2021-09-15 21:28:16,2024-12-12 05:03:16
BOOK001839,CUST002193,HOT0092,ROOM001482,PROMO00473,2024-10-13,2024-10-17,2024-10-18,1,0,Website,Completed,EUR,2500.0,0,0.0,450.0,2950.0,2023-08-08 12:53:58,2024-10-03 03:32:15
BOOK001840,CUST003127,HOT0067,ROOM000523,PROMO00034,2024-10-19,2024-12-06,2024-12-10,4,1,Walk-In,Confirmed,GBP,28000.0,5,1400.0,4788.0,31388.0,2020-05-03 23:01:48,2021-01-20 05:54:48
BOOK001841,CUST003041,HOT0103,ROOM000297,PROMO00021,2025-08-17,2025-09-19,2025-09-21,1,2,Website,Completed,SGD,30000.0,10,3000.0,4860.0,31860.0,2020-04-10 04:34:39,2020-08-08 05:55:33
BOOK001842,CUST002812,HOT0078,ROOM000406,PROMO00375,2025-05-05,2025-06-22,2025-06-24,1,1,Mobile App,Completed,USD,20000.0,5,1000.0,3420.0,22420.0,2024-10-14 04:44:38,2025-05-15 10:24:22
BOOK001843,CUST001957,HOT0007,ROOM000746,PROMO00141,2025-08-18,2025-10-17,2025-10-20,1,1,Expedia,Completed,INR,15000.0,5,750.0,2565.0,16815.0,2026-07-03 00:18:28,2026-07-09 08:32:12
BOOK001844,CUST002068,HOT0230,ROOM000795,PROMO00091,2026-01-16,2026-02-06,2026-02-10,1,0,Booking.com,No Show,AED,14000.0,15,2100.0,2142.0,14042.0,2024-06-21 03:42:34,2025-11-20 23:19:28
BOOK001845,CUST000631,HOT0178,ROOM000236,PROMO00077,2025-11-26,2025-12-31,2026-01-04,3,0,Mobile App,Confirmed,INR,40000.0,0,0.0,7200.0,47200.0,2020-04-27 10:15:05,2024-12-05 17:09:32
BOOK001846,CUST004985,HOT0084,ROOM000110,PROMO00306,2024-11-13,2024-12-09,2024-12-15,4,1,Booking.com,Completed,EUR,21000.0,0,0.0,3780.0,24780.0,2020-02-19 22:56:19,2022-02-13 03:08:28
BOOK001847,CUST002586,HOT0240,ROOM001672,PROMO00263,2024-09-21,2024-10-29,2024-11-03,4,1,Expedia,Cancelled,AED,17500.0,5,875.0,2992.5,19617.5,2022-12-03 06:51:48,2024-01-12 17:16:45
BOOK001848,CUST001360,HOT0040,ROOM000677,PROMO00209,2026-04-13,2026-06-07,2026-06-09,3,1,Booking.com,Completed,GBP,5000.0,0,0.0,900.0,5900.0,2021-04-11 03:53:18,2026-02-24 20:34:16
BOOK001849,CUST000611,HOT0111,ROOM001582,PROMO00480,2025-11-30,2026-01-24,2026-01-25,3,0,Expedia,Confirmed,USD,3500.0,5,175.0,598.5,3923.5,2021-09-09 22:13:02,2023-09-19 06:02:45
BOOK001850,CUST001576,HOT0065,ROOM001312,PROMO00153,2026-06-04,2026-07-25,2026-07-30,4,2,Booking.com,Confirmed,INR,12500.0,15,1875.0,1912.5,12537.5,2020-01-06 04:24:53,2021-06-21 04:58:18
BOOK001851,CUST004877,HOT0201,ROOM000526,PROMO00341,2025-05-07,2025-06-15,2025-06-16,2,0,Website,Completed,EUR,2500.0,20,500.0,360.0,2360.0,2026-06-17 02:18:30,2026-06-30 19:58:21
BOOK001852,CUST002425,HOT0132,ROOM000326,PROMO00380,2026-04-04,2026-05-22,2026-05-25,1,0,Walk-In,Completed,EUR,45000.0,15,6750.0,6885.0,45135.0,2025-12-11 01:40:23,2026-04-04 08:07:02
BOOK001853,CUST003827,HOT0024,ROOM000034,PROMO00258,2024-12-22,2025-01-14,2025-01-21,2,0,Booking.com,Confirmed,GBP,70000.0,10,7000.0,11340.0,74340.0,2024-04-11 04:30:28,2025-07-23 14:08:02
BOOK001854,CUST004578,HOT0247,ROOM001606,PROMO00057,2025-07-07,2025-08-05,2025-08-06,4,2,Walk-In,Completed,EUR,15000.0,0,0.0,2700.0,17700.0,2025-08-07 23:45:17,2025-08-08 03:49:53
BOOK001855,CUST001493,HOT0113,ROOM001339,PROMO00348,2025-01-10,2025-02-03,2025-02-06,4,1,Mobile App,Completed,GBP,7500.0,15,1125.0,1147.5,7522.5,2026-03-07 13:16:21,2026-06-21 07:01:53
BOOK001856,CUST002257,HOT0173,ROOM000899,PROMO00336,2025-09-09,2025-11-01,2025-11-06,4,2,Website,Completed,EUR,35000.0,15,5250.0,5355.0,35105.0,2022-08-20 13:08:47,2024-10-31 14:53:04
BOOK001857,CUST002498,HOT0248,ROOM000394,PROMO00481,2025-09-29,2025-11-11,2025-11-14,4,0,Website,Confirmed,EUR,15000.0,15,2250.0,2295.0,15045.0,2025-06-27 15:14:36,2026-06-26 15:36:10
BOOK001858,CUST001798,HOT0107,ROOM001766,PROMO00006,2026-02-25,2026-04-17,2026-04-22,3,0,Walk-In,No Show,SGD,25000.0,0,0.0,4500.0,29500.0,2021-10-30 08:04:12,2022-06-01 07:49:58
BOOK001859,CUST000935,HOT0209,ROOM001985,PROMO00481,2026-03-29,2026-04-20,2026-04-21,3,0,Walk-In,Cancelled,USD,15000.0,20,3000.0,2160.0,14160.0,2023-12-04 19:47:37,2025-11-24 13:16:57
BOOK001860,CUST000294,HOT0120,ROOM001388,PROMO00425,2024-10-12,2024-11-19,2024-11-20,4,0,Website,Completed,EUR,5000.0,20,1000.0,720.0,4720.0,2023-02-28 19:00:45,2024-02-13 06:13:28
BOOK001861,CUST004446,HOT0188,ROOM000356,PROMO00036,2025-02-17,2025-04-01,2025-04-04,1,2,Website,Confirmed,USD,15000.0,15,2250.0,2295.0,15045.0,2022-02-10 23:22:55,2023-12-22 10:47:53
BOOK001862,CUST004000,HOT0069,ROOM000145,PROMO00427,2025-12-29,2026-01-16,2026-01-21,1,2,Mobile App,Completed,INR,17500.0,0,0.0,3150.0,20650.0,2025-03-02 21:58:55,2026-07-18 10:17:35
BOOK001863,CUST004498,HOT0046,ROOM000944,PROMO00485,2026-07-18,2026-09-13,2026-09-14,3,1,Mobile App,Completed,SGD,7000.0,5,350.0,1197.0,7847.0,2020-11-28 00:37:29,2021-03-17 11:42:21
BOOK001864,CUST002627,HOT0235,ROOM000251,PROMO00428,2025-05-28,2025-07-17,2025-07-22,3,1,Website,Completed,EUR,17500.0,5,875.0,2992.5,19617.5,2022-07-22 09:56:07,2025-12-17 02:32:10
BOOK001865,CUST003856,HOT0231,ROOM001384,PROMO00493,2026-01-17,2026-02-13,2026-02-18,1,1,Booking.com,Completed,USD,25000.0,15,3750.0,3825.0,25075.0,2022-11-06 22:55:38,2023-02-17 01:31:10
BOOK001866,CUST002836,HOT0002,ROOM001505,PROMO00097,2026-02-03,2026-02-20,2026-02-24,1,1,Expedia,Completed,SGD,20000.0,15,3000.0,3060.0,20060.0,2024-01-11 07:33:42,2026-01-25 09:15:42
BOOK001867,CUST004261,HOT0199,ROOM000706,PROMO00075,2026-04-08,2026-05-26,2026-05-30,1,1,Website,Completed,USD,40000.0,15,6000.0,6120.0,40120.0,2025-10-05 14:03:03,2026-06-12 21:44:28
BOOK001868,CUST001734,HOT0042,ROOM001809,PROMO00122,2025-03-11,2025-03-22,2025-03-27,2,2,Expedia,Confirmed,EUR,25000.0,20,5000.0,3600.0,23600.0,2022-08-24 20:36:25,2026-07-12 14:16:51
BOOK001869,CUST000242,HOT0160,ROOM000331,PROMO00177,2025-10-26,2025-12-03,2025-12-05,2,1,Walk-In,Confirmed,EUR,5000.0,20,1000.0,720.0,4720.0,2021-09-10 16:00:07,2022-06-09 00:11:46
BOOK001870,CUST000682,HOT0102,ROOM000030,PROMO00134,2024-09-11,2024-09-20,2024-09-21,1,2,Expedia,Cancelled,EUR,2500.0,0,0.0,450.0,2950.0,2022-02-12 09:04:11,2026-03-30 09:48:22
BOOK001871,CUST003192,HOT0226,ROOM001705,PROMO00387,2026-05-12,2026-06-28,2026-07-01,3,2,Booking.com,Confirmed,USD,45000.0,5,2250.0,7695.0,50445.0,2026-02-04 09:27:09,2026-02-09 16:28:45
BOOK001872,CUST003454,HOT0145,ROOM000005,PROMO00096,2025-05-07,2025-05-08,2025-05-11,4,0,Website,Completed,USD,45000.0,5,2250.0,7695.0,50445.0,2021-08-15 10:39:14,2021-10-22 03:54:30
BOOK001873,CUST000237,HOT0174,ROOM001385,PROMO00241,2025-03-20,2025-05-17,2025-05-18,2,2,Walk-In,Confirmed,AED,15000.0,10,1500.0,2430.0,15930.0,2024-05-05 11:32:41,2025-09-13 14:05:50
BOOK001874,CUST003959,HOT0082,ROOM001317,PROMO00430,2025-04-25,2025-06-23,2025-06-27,4,1,Booking.com,Completed,GBP,14000.0,20,2800.0,2016.0,13216.0,2022-04-23 21:47:50,2024-07-09 04:21:02
BOOK001875,CUST001725,HOT0203,ROOM001282,PROMO00463,2025-04-08,2025-04-30,2025-05-04,2,2,Walk-In,Completed,EUR,28000.0,5,1400.0,4788.0,31388.0,2023-02-26 00:56:14,2023-12-18 07:24:27
BOOK001876,CUST001259,HOT0224,ROOM000321,PROMO00500,2025-05-10,2025-07-04,2025-07-08,1,2,Expedia,Completed,AED,28000.0,15,4200.0,4284.0,28084.0,2020-08-20 02:28:01,2022-04-17 14:11:02
BOOK001877,CUST002045,HOT0089,ROOM001950,PROMO00161,2025-06-16,2025-07-31,2025-08-06,4,1,Website,Completed,EUR,21000.0,5,1050.0,3591.0,23541.0,2022-08-16 08:15:32,2026-05-12 18:27:43
BOOK001878,CUST000381,HOT0102,ROOM001503,PROMO00110,2024-12-15,2025-02-09,2025-02-15,2,2,Website,Confirmed,INR,42000.0,15,6300.0,6426.0,42126.0,2023-07-22 18:14:33,2024-06-10 07:25:47
BOOK001879,CUST001456,HOT0013,ROOM001617,PROMO00319,2024-08-20,2024-09-12,2024-09-18,2,1,Mobile App,Cancelled,SGD,30000.0,5,1500.0,5130.0,33630.0,2023-08-03 12:14:24,2025-01-26 17:58:50
BOOK001880,CUST002475,HOT0222,ROOM000154,PROMO00469,2025-06-15,2025-07-05,2025-07-10,4,2,Booking.com,Completed,EUR,25000.0,15,3750.0,3825.0,25075.0,2021-09-27 14:30:13,2025-12-29 10:42:02
BOOK001881,CUST003618,HOT0052,ROOM001929,PROMO00337,2025-07-23,2025-08-02,2025-08-06,1,1,Travel Agent,Cancelled,GBP,20000.0,0,0.0,3600.0,-23600.0,2024-02-09 20:41:32,2025-12-01 21:31:21
BOOK001882,CUST001317,HOT0014,ROOM001872,PROMO00322,2026-06-27,2026-07-29,2026-08-02,3,2,Travel Agent,Completed,AED,14000.0,15,2100.0,2142.0,14042.0,2023-09-12 23:03:16,2024-02-07 02:29:51
BOOK001883,CUST001718,HOT0078,ROOM001633,PROMO00333,2025-04-23,2025-06-20,2025-06-23,1,0,Website,No Show,INR,45000.0,5,2250.0,7695.0,50445.0,2022-11-18 04:34:18,2024-10-23 01:59:28
BOOK001884,CUST003477,HOT0011,ROOM001964,PROMO00066,2026-06-11,2026-07-26,2026-08-02,4,0,Walk-In,Completed,SGD,49000.0,15,7350.0,7497.0,49147.0,2021-02-18 06:41:08,2024-03-01 06:02:15
BOOK001885,CUST003842,HOT0161,ROOM000886,PROMO00302,2025-03-27,2025-04-04,2025-04-05,3,1,Mobile App,Confirmed,SGD,3500.0,0,0.0,630.0,4130.0,2022-10-23 22:13:07,2023-06-28 00:24:56
BOOK001886,CUST001510,HOT0023,ROOM000079,PROMO00317,2025-05-25,2025-06-03,2025-06-04,4,2,Expedia,Completed,AED,10000.0,5,500.0,1710.0,11210.0,2024-08-05 12:29:16,2026-05-23 23:47:57
BOOK001887,CUST001626,HOT0155,ROOM001142,PROMO00268,2025-06-03,2025-07-30,2025-08-06,4,1,Mobile App,Completed,AED,70000.0,15,10500.0,10710.0,70210.0,2024-05-07 14:11:12,2025-08-13 13:42:33
BOOK001888,CUST004332,HOT0227,ROOM001149,PROMO00438,2024-10-12,2024-11-03,2024-11-05,2,0,Booking.com,Completed,AED,5000.0,10,500.0,810.0,5310.0,2024-06-02 16:51:31,2024-07-17 10:55:17
BOOK001889,CUST004454,HOT0148,ROOM000276,PROMO00058,2025-09-24,2025-10-29,2025-10-31,2,1,Website,Confirmed,SGD,7000.0,15,1050.0,1071.0,7021.0,2021-04-23 08:41:55,2024-11-30 06:44:23
BOOK001890,CUST001028,HOT0013,ROOM001617,PROMO00116,2025-08-15,2025-08-26,2025-08-30,4,2,Expedia,Completed,EUR,20000.0,0,0.0,3600.0,23600.0,2022-12-21 16:35:24,2026-03-10 10:32:31
BOOK001891,CUST001729,HOT0035,ROOM000415,PROMO00124,2024-12-26,2025-01-02,2025-01-09,4,0,Expedia,Completed,EUR,70000.0,5,3500.0,11970.0,78470.0,2026-06-15 13:32:37,2026-07-14 14:01:51
BOOK001892,CUST002374,HOT0098,ROOM001473,PROMO00018,2024-12-10,2025-01-05,2025-01-07,3,0,Website,Completed,INR,5000.0,10,500.0,810.0,5310.0,2024-03-27 00:29:12,2025-06-07 13:50:20
BOOK001893,CUST001069,HOT0226,ROOM000670,PROMO00204,2026-01-25,2026-02-16,2026-02-19,1,2,Travel Agent,Confirmed,EUR,21000.0,15,3150.0,3213.0,21063.0,2025-09-11 04:37:58,2026-02-06 00:24:04
BOOK001894,CUST002302,HOT0154,ROOM000212,PROMO00091,2026-04-22,2026-05-29,2026-06-01,3,1,Mobile App,Completed,INR,15000.0,20,3000.0,2160.0,14160.0,2022-10-01 21:06:33,2025-08-06 02:16:59
BOOK001895,CUST002302,HOT0010,ROOM000710,PROMO00174,2025-09-29,2025-11-07,2025-11-14,4,1,Booking.com,No Show,USD,49000.0,10,4900.0,7938.0,52038.0,2026-03-28 00:21:41,2026-05-11 17:39:59
BOOK001896,CUST001026,HOT0234,ROOM001600,PROMO00348,2026-02-03,2026-02-04,2026-02-09,2,1,Expedia,Confirmed,GBP,12500.0,10,1250.0,2025.0,13275.0,2021-11-28 09:25:15,2022-05-18 13:53:30
BOOK001897,CUST001245,HOT0245,ROOM000061,PROMO00274,2026-05-06,2026-05-23,2026-05-28,3,1,Booking.com,Completed,AED,17500.0,20,3500.0,2520.0,16520.0,2021-08-23 14:17:13,2022-09-01 10:17:12
BOOK001898,CUST003336,HOT0235,ROOM001759,PROMO00230,2025-12-25,2026-01-05,2026-01-09,3,0,Expedia,Completed,EUR,10000.0,5,500.0,1710.0,11210.0,2022-07-02 09:52:00,2025-08-13 10:15:21
BOOK001899,CUST004442,HOT0168,ROOM000737,PROMO00149,2025-05-20,2025-06-23,2025-06-27,3,0,Mobile App,No Show,GBP,20000.0,20,4000.0,2880.0,18880.0,2022-05-29 04:16:47,2024-09-07 23:35:09
BOOK001900,CUST000266,HOT0152,ROOM000483,PROMO00264,2026-04-22,2026-05-22,2026-05-24,3,1,Travel Agent,No Show,AED,14000.0,10,1400.0,2268.0,14868.0,2023-07-25 14:54:26,2023-08-09 15:54:11
BOOK001901,CUST004742,HOT0018,ROOM000237,PROMO00153,2026-02-18,2026-03-18,2026-03-25,4,1,Expedia,No Show,USD,35000.0,20,7000.0,5040.0,33040.0,2024-01-11 14:26:18,2025-11-06 13:30:35
BOOK001902,CUST004750,HOT0225,ROOM000467,PROMO00098,2026-05-18,2026-06-04,2026-06-07,2,1,Booking.com,Completed,SGD,15000.0,10,1500.0,2430.0,15930.0,2021-04-12 22:31:24,2024-10-07 11:45:35
BOOK001903,CUST001049,HOT0192,ROOM000550,PROMO00082,2026-01-30,2026-02-21,2026-02-28,3,2,Website,Completed,SGD,24500.0,0,0.0,4410.0,28910.0,2022-08-11 17:59:04,2023-11-23 13:19:45
BOOK001904,CUST002185,HOT0008,ROOM001787,PROMO00185,2026-06-06,2026-07-18,2026-07-19,1,1,Walk-In,Completed,SGD,5000.0,15,750.0,765.0,5015.0,2025-12-26 16:46:26,2026-02-21 03:09:15
BOOK001905,CUST003287,HOT0027,ROOM001597,PROMO00142,2026-03-17,2026-04-14,2026-04-21,4,2,Travel Agent,Completed,INR,35000.0,15,5250.0,5355.0,35105.0,2025-11-02 10:08:06,2026-07-04 17:49:36
BOOK001906,CUST002748,HOT0184,ROOM001479,PROMO00350,2025-12-07,2025-12-10,2025-12-15,4,2,Mobile App,Completed,SGD,50000.0,15,7500.0,7650.0,50150.0,2022-06-09 13:17:28,2024-01-05 03:34:22
BOOK001907,CUST004817,HOT0085,ROOM001972,PROMO00455,2026-06-29,2026-08-17,2026-08-18,2,2,Travel Agent,Completed,INR,15000.0,0,0.0,2700.0,17700.0,2023-11-23 11:25:31,2024-12-25 06:12:39
BOOK001908,CUST002280,HOT0144,ROOM001631,PROMO00325,2026-06-16,2026-08-14,2026-08-15,3,1,Walk-In,Confirmed,USD,2500.0,0,0.0,450.0,2950.0,2021-03-03 04:51:58,2025-05-07 01:27:44
BOOK001909,CUST002737,HOT0144,ROOM000213,PROMO00232,2025-09-12,2025-10-29,2025-11-05,2,1,Walk-In,Completed,GBP,17500.0,10,1750.0,2835.0,18585.0,2024-06-07 13:43:43,2024-11-03 08:54:26
BOOK001910,CUST002660,HOT0094,ROOM001296,PROMO00265,2025-10-07,2025-11-28,2025-12-02,2,2,Expedia,Completed,AED,20000.0,5,1000.0,3420.0,22420.0,2021-11-24 20:22:49,2022-01-09 00:12:46
BOOK001911,CUST001436,HOT0028,ROOM001901,PROMO00482,2026-01-24,2026-03-05,2026-03-07,4,2,Expedia,Confirmed,GBP,20000.0,15,3000.0,3060.0,20060.0,2023-10-14 12:18:26,2024-08-27 00:20:59
BOOK001912,CUST000590,HOT0107,ROOM001766,PROMO00437,2025-07-27,2025-09-23,2025-09-27,1,2,Travel Agent,Completed,EUR,20000.0,15,3000.0,3060.0,20060.0,2020-10-15 23:43:13,2026-01-18 02:41:56
BOOK001913,CUST001901,HOT0022,ROOM001037,PROMO00376,2026-05-18,2026-07-14,2026-07-20,1,2,Website,Completed,AED,21000.0,20,4200.0,3024.0,19824.0,2024-09-26 20:40:25,2026-01-30 14:45:21
BOOK001914,CUST000656,HOT0133,ROOM001939,PROMO00054,2025-01-02,2025-01-25,2025-02-01,4,1,Booking.com,Cancelled,INR,70000.0,20,14000.0,10080.0,66080.0,2020-02-22 09:14:17,2024-08-18 09:33:37
BOOK001915,CUST004711,HOT0104,ROOM000633,PROMO00322,2026-06-25,2026-07-08,2026-07-14,3,1,Mobile App,Completed,GBP,90000.0,0,0.0,16200.0,106200.0,2024-08-15 20:36:06,2026-06-16 11:40:19
BOOK001916,CUST004521,HOT0146,ROOM000759,PROMO00281,2026-03-12,2026-04-26,2026-04-29,2,1,Website,Completed,INR,21000.0,15,3150.0,3213.0,21063.0,2021-07-16 22:59:48,2022-12-31 21:42:38
BOOK001917,CUST004129,HOT0054,ROOM000583,PROMO00361,2025-10-05,2025-10-25,2025-10-27,1,1,Travel Agent,Confirmed,USD,30000.0,10,3000.0,4860.0,31860.0,2024-08-13 22:36:39,2025-05-18 02:43:24
BOOK001918,CUST003671,HOT0099,ROOM001293,PROMO00389,2026-07-26,2026-08-26,2026-08-31,1,2,Mobile App,Completed,INR,17500.0,0,0.0,3150.0,20650.0,2024-09-09 09:38:38,2024-09-13 15:15:22
BOOK001919,CUST004650,HOT0033,ROOM000575,PROMO00477,2024-11-14,2024-12-04,2024-12-11,1,1,Booking.com,Completed,GBP,105000.0,5,5250.0,17955.0,117705.0,2023-02-12 03:58:38,2024-02-18 02:16:54
BOOK001920,CUST002743,HOT0007,ROOM000746,PROMO00035,2024-12-20,2025-01-31,2025-02-04,4,2,Mobile App,Cancelled,AED,20000.0,15,3000.0,3060.0,20060.0,2026-04-07 21:15:15,2026-06-25 08:52:40
BOOK001921,CUST004616,HOT0029,ROOM000076,PROMO00346,2026-02-07,2026-03-26,2026-03-27,2,1,Mobile App,Completed,GBP,10000.0,20,2000.0,1440.0,9440.0,2021-02-23 20:25:52,2025-09-18 17:07:40
BOOK001922,CUST002866,HOT0052,ROOM001557,PROMO00064,2026-04-17,2026-04-24,2026-04-30,3,0,Expedia,Cancelled,INR,90000.0,20,18000.0,12960.0,84960.0,2026-07-24 16:38:41,2026-07-26 18:13:43
BOOK001923,CUST004071,HOT0037,ROOM000821,PROMO00097,2025-04-24,2025-05-25,2025-05-30,2,0,Travel Agent,Completed,GBP,75000.0,15,11250.0,11475.0,75225.0,2025-09-22 20:11:28,2025-10-07 02:02:18
BOOK001924,CUST000690,HOT0098,ROOM000918,PROMO00005,2024-08-11,2024-09-11,2024-09-18,4,2,Expedia,Cancelled,USD,17500.0,5,875.0,2992.5,19617.5,2023-09-29 12:18:29,2025-07-03 03:30:19
BOOK001925,CUST002381,HOT0104,ROOM001660,PROMO00092,2025-05-23,2025-06-19,2025-06-24,1,1,Booking.com,Completed,AED,12500.0,15,1875.0,1912.5,12537.5,2026-05-03 17:35:10,2026-05-26 21:13:54
BOOK001926,CUST004487,HOT0039,ROOM001298,PROMO00422,2025-11-12,2025-11-14,2025-11-17,1,1,Booking.com,Completed,USD,30000.0,20,6000.0,4320.0,28320.0,2023-03-04 05:49:41,2025-02-02 11:55:34
BOOK001927,CUST002367,HOT0125,ROOM001009,PROMO00325,2024-09-01,2024-09-28,2024-10-01,1,2,Travel Agent,Completed,SGD,30000.0,5,1500.0,5130.0,33630.0,2024-04-18 22:25:44,2026-03-27 02:31:50
BOOK001928,CUST003500,HOT0102,ROOM001451,PROMO00001,2025-12-14,2026-01-06,2026-01-09,4,2,Booking.com,Completed,INR,7500.0,5,375.0,1282.5,8407.5,2020-07-04 04:59:53,2020-12-07 19:54:06
BOOK001929,CUST002138,HOT0016,ROOM001434,PROMO00383,2026-07-23,2026-08-13,2026-08-20,3,1,Walk-In,Completed,EUR,17500.0,20,3500.0,2520.0,16520.0,2024-01-26 00:12:20,2024-04-24 16:39:04
BOOK001930,CUST002341,HOT0152,ROOM000398,PROMO00063,2025-02-03,2025-02-09,2025-02-15,4,0,Website,Completed,AED,90000.0,15,13500.0,13770.0,90270.0,2021-04-03 21:11:30,2024-03-06 16:35:49
BOOK001931,CUST000986,HOT0182,ROOM001770,PROMO00047,2025-12-01,2026-01-13,2026-01-18,3,2,Booking.com,Confirmed,AED,35000.0,15,5250.0,5355.0,35105.0,2021-02-03 05:35:43,2021-05-30 00:46:47
BOOK001932,CUST000788,HOT0135,ROOM000418,PROMO00362,2024-12-19,2025-02-03,2025-02-10,1,1,Mobile App,Completed,SGD,105000.0,15,15750.0,16065.0,105315.0,2024-03-21 16:59:24,2026-04-06 08:22:15
BOOK001933,CUST002097,HOT0057,ROOM001955,PROMO00423,2024-11-28,2024-12-03,2024-12-05,1,1,Mobile App,Completed,AED,30000.0,0,0.0,5400.0,35400.0,2023-09-09 04:40:01,2025-08-31 01:39:42
BOOK001934,CUST000970,HOT0037,ROOM000642,PROMO00146,2025-02-16,2025-04-01,2025-04-07,2,0,Mobile App,Completed,AED,60000.0,10,6000.0,9720.0,63720.0,2020-07-17 22:21:11,2022-06-30 07:48:37
BOOK001935,CUST001409,HOT0004,ROOM001613,PROMO00424,2025-06-16,2025-06-27,2025-07-03,4,2,Website,Confirmed,AED,15000.0,15,2250.0,2295.0,15045.0,2025-10-19 22:45:43,2026-07-23 05:19:31
BOOK001936,CUST001516,HOT0146,ROOM000555,PROMO00137,2025-03-11,2025-04-30,2025-05-05,4,0,Website,Completed,INR,35000.0,5,1750.0,5985.0,39235.0,2025-07-22 04:44:31,2025-08-18 04:25:13
BOOK001937,CUST004928,HOT0082,ROOM001446,PROMO00109,2025-01-21,2025-03-22,2025-03-23,2,1,Mobile App,Completed,INR,15000.0,0,0.0,2700.0,17700.0,2024-08-25 00:21:51,2026-04-25 07:51:16
BOOK001938,CUST002374,HOT0012,ROOM000625,PROMO00309,2025-08-08,2025-09-09,2025-09-10,1,0,Walk-In,Completed,SGD,5000.0,5,250.0,855.0,5605.0,2024-01-31 14:32:23,2024-11-05 10:11:14
BOOK001939,CUST003899,HOT0114,ROOM000480,PROMO00168,2025-08-21,2025-10-04,2025-10-09,1,2,Walk-In,Completed,AED,75000.0,0,0.0,13500.0,88500.0,2020-12-14 03:13:39,2023-12-30 23:44:02
BOOK001940,CUST004004,HOT0208,ROOM001053,PROMO00058,2024-10-23,2024-11-27,2024-12-04,3,2,Travel Agent,Completed,EUR,70000.0,20,14000.0,10080.0,66080.0,2024-07-13 00:00:28,2025-03-13 10:05:29
BOOK001941,CUST001404,HOT0154,ROOM001480,PROMO00356,2026-05-15,2026-06-16,2026-06-21,2,0,Website,Completed,GBP,12500.0,5,625.0,2137.5,14012.5,2022-07-09 13:30:01,2023-10-30 16:53:02
BOOK001942,CUST004833,HOT0123,ROOM001936,PROMO00241,2024-10-21,2024-11-11,2024-11-12,1,0,Expedia,Completed,AED,10000.0,0,0.0,1800.0,11800.0,2021-05-12 05:45:24,2026-01-25 11:51:28
BOOK001943,CUST000947,HOT0205,ROOM001032,PROMO00361,2024-12-26,2025-02-07,2025-02-09,1,1,Mobile App,Confirmed,SGD,30000.0,20,6000.0,4320.0,28320.0,2023-12-06 07:35:17,2024-06-24 23:37:57
BOOK001944,CUST000921,HOT0194,ROOM001578,PROMO00032,2026-06-05,2026-06-14,2026-06-16,1,0,Walk-In,Completed,INR,5000.0,10,500.0,810.0,5310.0,2024-07-05 02:14:49,2026-07-07 12:31:30
BOOK001945,CUST001150,HOT0065,ROOM000553,PROMO00025,2025-08-12,2025-09-03,2025-09-07,3,1,Booking.com,Completed,GBP,14000.0,5,700.0,2394.0,15694.0,2021-09-01 15:21:14,2024-06-17 12:31:42
BOOK001946,CUST003234,HOT0179,ROOM000060,PROMO00221,2025-05-28,2025-07-03,2025-07-10,3,0,Expedia,Completed,INR,24500.0,5,1225.0,4189.5,27464.5,2023-04-10 23:53:22,2026-01-21 03:06:40
BOOK001947,CUST002878,HOT0172,ROOM001974,PROMO00045,2025-07-08,2025-08-22,2025-08-28,3,0,Walk-In,Completed,SGD,15000.0,10,1500.0,2430.0,15930.0,2020-02-29 11:54:14,2026-03-07 21:03:34
BOOK001948,CUST003853,HOT0225,ROOM001993,PROMO00052,2025-07-30,2025-08-22,2025-08-26,2,2,Expedia,Completed,GBP,28000.0,20,5600.0,4032.0,26432.0,2022-01-31 10:47:43,2025-09-05 23:10:48
BOOK001949,CUST004542,HOT0070,ROOM000065,PROMO00314,2025-04-08,2025-04-25,2025-04-26,1,0,Mobile App,Completed,SGD,7000.0,15,1050.0,1071.0,7021.0,2025-11-06 03:09:26,2026-03-21 14:23:38
BOOK001950,CUST003425,HOT0096,ROOM000241,PROMO00032,2026-04-14,2026-04-29,2026-05-01,2,0,Travel Agent,Completed,USD,20000.0,20,4000.0,2880.0,18880.0,2021-11-12 10:51:37,2024-10-30 17:35:25
BOOK001951,CUST004808,HOT0033,ROOM001288,PROMO00434,2026-02-18,2026-04-14,2026-04-18,4,2,Travel Agent,Confirmed,USD,14000.0,5,700.0,2394.0,15694.0,2023-06-05 15:47:59,2026-05-27 12:54:45
BOOK001952,CUST003603,HOT0100,ROOM000399,PROMO00302,2024-08-25,2024-09-10,2024-09-12,2,1,Mobile App,Completed,SGD,14000.0,15,2100.0,2142.0,14042.0,2020-10-09 04:38:23,2022-08-05 16:08:52
BOOK001953,CUST003002,HOT0006,ROOM000947,PROMO00352,2026-06-07,2026-06-12,2026-06-19,4,1,Website,Cancelled,AED,49000.0,15,7350.0,7497.0,49147.0,2024-06-24 00:09:52,2025-08-05 03:55:19
BOOK001954,CUST003249,HOT0218,ROOM000576,PROMO00240,2024-12-09,2024-12-27,2024-12-31,2,1,Website,Cancelled,EUR,60000.0,5,3000.0,10260.0,67260.0,2023-04-04 10:09:50,2024-04-10 04:34:52
BOOK001955,CUST000198,HOT0154,ROOM001414,PROMO00262,2024-09-17,2024-10-30,2024-11-02,4,2,Booking.com,No Show,EUR,10500.0,15,1575.0,1606.5,10531.5,2020-10-08 19:47:04,2023-12-24 05:27:51
BOOK001956,CUST002156,HOT0037,ROOM000971,PROMO00080,2025-08-27,2025-09-17,2025-09-18,2,1,Mobile App,Cancelled,INR,10000.0,5,500.0,1710.0,11210.0,2021-10-15 01:28:11,2025-10-09 19:23:41
BOOK001957,CUST004791,HOT0247,ROOM000855,PROMO00486,2025-08-11,2025-10-08,2025-10-12,1,0,Mobile App,Confirmed,GBP,14000.0,0,0.0,2520.0,16520.0,2023-10-19 02:44:41,2025-04-10 08:46:08
BOOK001958,CUST003123,HOT0104,ROOM001499,PROMO00150,2024-09-07,2024-10-15,2024-10-18,4,2,Travel Agent,Confirmed,AED,30000.0,15,4500.0,4590.0,30090.0,2025-07-30 13:04:04,2026-01-21 06:45:30
BOOK001959,CUST003550,HOT0238,ROOM000682,PROMO00031,2025-03-14,2025-03-17,2025-03-18,4,0,Booking.com,Cancelled,GBP,3500.0,0,0.0,630.0,4130.0,2021-11-01 08:29:02,2026-01-19 03:21:53
BOOK001960,CUST002452,HOT0129,ROOM001487,PROMO00068,2026-01-08,2026-01-21,2026-01-28,3,1,Website,Completed,GBP,105000.0,10,10500.0,17010.0,111510.0,2024-01-22 15:13:28,2025-04-05 08:16:37
BOOK001961,CUST001571,HOT0125,ROOM001057,PROMO00074,2026-01-08,2026-03-03,2026-03-04,1,1,Mobile App,Completed,USD,7000.0,10,700.0,1134.0,7434.0,2023-07-19 02:01:43,2024-06-13 07:50:07
BOOK001962,CUST004322,HOT0131,ROOM000225,PROMO00315,2024-11-17,2025-01-08,2025-01-15,2,0,Expedia,Completed,INR,49000.0,0,0.0,8820.0,57820.0,2025-05-04 00:10:37,2026-05-04 00:27:23
BOOK001963,CUST002604,HOT0062,ROOM001111,PROMO00480,2025-06-12,2025-07-13,2025-07-20,2,0,Mobile App,Completed,INR,35000.0,10,3500.0,5670.0,37170.0,2020-05-16 14:45:50,2025-02-07 22:33:45
BOOK001964,CUST002001,HOT0189,ROOM001549,PROMO00237,2026-07-21,2026-08-19,2026-08-20,3,1,Expedia,Confirmed,SGD,5000.0,15,750.0,765.0,5015.0,2025-05-23 11:11:26,2026-05-18 02:35:55
BOOK001965,CUST003326,HOT0006,ROOM000947,PROMO00128,2025-04-12,2025-04-26,2025-05-02,4,0,Mobile App,Completed,INR,42000.0,15,6300.0,6426.0,42126.0,2025-11-19 05:13:32,2026-05-26 15:03:29
BOOK001966,CUST001415,HOT0179,ROOM000021,PROMO00256,2025-05-09,2025-05-10,2025-05-11,2,1,Travel Agent,Completed,SGD,15000.0,20,3000.0,2160.0,14160.0,2025-10-27 16:27:18,2026-02-23 21:23:05
BOOK001967,CUST004196,HOT0233,ROOM001742,PROMO00103,2026-01-21,2026-02-12,2026-02-16,4,1,Walk-In,Completed,INR,60000.0,5,3000.0,10260.0,67260.0,2020-02-18 16:17:23,2024-11-04 21:41:52
BOOK001968,CUST003156,HOT0171,ROOM001654,PROMO00202,2025-08-01,2025-08-16,2025-08-19,2,2,Walk-In,Cancelled,EUR,45000.0,0,0.0,8100.0,53100.0,2021-03-08 03:34:41,2025-03-24 05:29:15
BOOK001969,CUST004596,HOT0129,ROOM000010,PROMO00381,2026-05-21,2026-06-25,2026-06-29,4,2,Mobile App,Completed,AED,10000.0,10,1000.0,1620.0,10620.0,2025-02-13 07:39:11,2026-05-04 04:46:47
BOOK001970,CUST001462,HOT0027,ROOM000077,PROMO00212,2024-12-07,2025-01-17,2025-01-23,3,0,Expedia,Completed,USD,15000.0,15,2250.0,2295.0,15045.0,2023-08-16 16:58:17,2026-07-30 03:41:26
BOOK001971,CUST003605,HOT0146,ROOM000255,PROMO00040,2025-08-17,2025-10-02,2025-10-04,1,1,Website,Completed,USD,20000.0,20,4000.0,2880.0,18880.0,2025-01-07 20:55:34,2026-04-16 20:50:23
BOOK001972,CUST001168,HOT0092,ROOM000095,PROMO00023,2025-01-21,2025-02-23,2025-02-25,4,1,Booking.com,Confirmed,INR,10000.0,15,1500.0,1530.0,10030.0,2023-08-06 18:44:02,2025-04-26 13:32:47
BOOK001973,CUST004351,HOT0226,ROOM001705,PROMO00275,2025-07-17,2025-08-13,2025-08-16,2,2,Booking.com,Completed,USD,45000.0,20,9000.0,6480.0,42480.0,2021-07-29 03:38:54,2022-03-07 06:17:07
BOOK001974,CUST000773,HOT0242,ROOM001224,PROMO00378,2026-01-20,2026-01-29,2026-02-04,2,1,Expedia,Completed,SGD,90000.0,0,0.0,16200.0,106200.0,2024-07-18 09:06:36,2025-08-20 17:47:25
BOOK001975,CUST002122,HOT0222,ROOM000572,PROMO00360,2026-07-21,2026-09-10,2026-09-15,3,1,Expedia,Completed,USD,35000.0,0,0.0,6300.0,41300.0,2021-09-04 20:38:23,2024-01-18 08:37:25
BOOK001976,CUST003827,HOT0137,ROOM001481,PROMO00239,2025-10-15,2025-10-23,2025-10-29,4,1,Website,Cancelled,INR,30000.0,5,1500.0,5130.0,33630.0,2023-05-23 01:55:56,2025-01-20 15:30:20
BOOK001977,CUST002987,HOT0091,ROOM000171,PROMO00258,2026-04-06,2026-04-13,2026-04-18,3,1,Mobile App,Cancelled,SGD,12500.0,20,2500.0,1800.0,11800.0,2021-09-14 12:00:29,2025-02-01 08:02:57
BOOK001978,CUST001054,HOT0183,ROOM000672,PROMO00136,2025-12-16,2026-01-04,2026-01-10,2,1,Booking.com,Completed,SGD,60000.0,5,3000.0,10260.0,67260.0,2020-03-02 19:08:38,2023-07-13 14:46:43
BOOK001979,CUST002816,HOT0050,ROOM000610,PROMO00395,2025-09-09,2025-11-05,2025-11-06,1,2,Expedia,Completed,INR,15000.0,15,2250.0,2295.0,15045.0,2021-01-02 11:26:17,2023-02-22 13:05:41
BOOK001980,CUST002905,HOT0231,ROOM001461,PROMO00143,2026-01-29,2026-03-17,2026-03-23,1,2,Expedia,Completed,USD,30000.0,20,6000.0,4320.0,28320.0,2022-11-14 19:49:32,2024-09-15 23:49:35
BOOK001981,CUST002801,HOT0207,ROOM000367,PROMO00420,2025-06-23,2025-08-18,2025-08-23,3,2,Mobile App,Confirmed,USD,50000.0,0,0.0,9000.0,59000.0,2020-10-31 02:47:23,2022-02-14 16:45:34
BOOK001982,CUST002838,HOT0222,ROOM000572,PROMO00388,2025-04-03,2025-05-04,2025-05-05,3,1,Booking.com,Confirmed,AED,7000.0,10,700.0,1134.0,7434.0,2021-07-14 23:33:01,2026-02-05 02:30:56
BOOK001983,CUST001585,HOT0198,ROOM000714,PROMO00048,2024-11-08,2024-11-19,2024-11-24,4,1,Booking.com,Cancelled,INR,12500.0,15,1875.0,1912.5,12537.5,2024-07-16 00:38:52,2024-10-23 13:47:47
BOOK001984,CUST002432,HOT0027,ROOM000557,PROMO00102,2024-08-15,2024-10-12,2024-10-16,1,2,Mobile App,No Show,USD,14000.0,15,2100.0,2142.0,14042.0,2020-03-11 17:06:46,2023-03-28 22:57:05
BOOK001985,CUST001122,HOT0198,ROOM001265,PROMO00208,2026-05-20,2026-05-27,2026-05-28,4,0,Website,Completed,EUR,2500.0,10,250.0,405.0,2655.0,2021-10-25 14:58:29,2022-03-24 22:09:01
BOOK001986,CUST001119,HOT0156,ROOM000966,PROMO00206,2026-06-03,2026-06-07,2026-06-09,1,1,Mobile App,Completed,USD,14000.0,20,2800.0,2016.0,13216.0,2021-06-26 17:36:40,2025-02-19 19:47:45
BOOK001987,CUST004857,HOT0051,ROOM000525,PROMO00085,2025-09-19,2025-11-06,2025-11-09,1,0,Travel Agent,Completed,EUR,15000.0,15,2250.0,2295.0,15045.0,2021-08-19 15:42:08,2024-11-01 01:53:41
BOOK001988,CUST000688,HOT0149,ROOM000173,PROMO00090,2025-11-13,2026-01-08,2026-01-13,4,2,Expedia,Completed,SGD,75000.0,10,7500.0,12150.0,79650.0,2021-07-30 10:10:38,2023-08-02 12:57:48
BOOK001989,CUST000787,HOT0235,ROOM001697,PROMO00174,2025-04-05,2025-05-31,2025-06-03,1,0,Website,Completed,SGD,30000.0,15,4500.0,4590.0,30090.0,2024-03-29 09:39:36,2025-10-06 09:11:28
BOOK001990,CUST002205,HOT0217,ROOM000645,PROMO00334,2025-01-20,2025-02-04,2025-02-11,2,0,Mobile App,Completed,INR,17500.0,10,1750.0,2835.0,18585.0,2022-04-08 23:21:28,2022-06-06 10:56:56
BOOK001991,CUST004930,HOT0193,ROOM001827,PROMO00181,2025-03-21,2025-04-08,2025-04-09,2,2,Booking.com,Cancelled,USD,2500.0,20,500.0,360.0,2360.0,2020-09-29 21:27:10,2023-08-06 13:11:20
BOOK001992,CUST000449,HOT0163,ROOM001552,PROMO00454,2026-06-09,2026-06-19,2026-06-25,1,0,Mobile App,Completed,INR,60000.0,15,9000.0,9180.0,60180.0,2023-05-20 16:53:56,2023-10-21 14:33:45
BOOK001993,CUST002628,HOT0115,ROOM000332,PROMO00413,2025-09-14,2025-10-16,2025-10-18,2,2,Walk-In,Cancelled,GBP,14000.0,15,2100.0,2142.0,14042.0,2025-02-08 00:55:43,2025-03-12 05:51:48
BOOK001994,CUST000346,HOT0202,ROOM001030,PROMO00288,2024-09-30,2024-10-18,2024-10-23,1,2,Walk-In,Completed,EUR,17500.0,10,1750.0,2835.0,18585.0,2020-05-21 01:40:47,2025-12-02 18:54:43
BOOK001995,CUST000592,HOT0048,ROOM000880,PROMO00494,2024-09-01,2024-10-28,2024-11-03,1,1,Mobile App,Confirmed,USD,60000.0,20,12000.0,8640.0,56640.0,2021-08-05 01:58:41,2021-08-24 23:09:42
BOOK001996,CUST004349,HOT0133,ROOM001851,PROMO00069,2026-06-09,2026-08-04,2026-08-09,1,1,Mobile App,Completed,AED,75000.0,10,7500.0,12150.0,79650.0,2025-10-23 14:46:53,2025-10-25 15:46:26
BOOK001997,CUST002191,HOT0020,ROOM000491,PROMO00138,2025-04-04,2025-05-24,2025-05-26,2,2,Travel Agent,Completed,AED,20000.0,15,3000.0,3060.0,20060.0,2021-06-02 20:23:25,2021-11-13 00:11:07
BOOK001998,CUST004971,HOT0133,ROOM001939,PROMO00071,2025-01-22,2025-02-13,2025-02-16,1,2,Walk-In,Completed,GBP,30000.0,0,0.0,5400.0,35400.0,2023-03-11 07:12:03,2025-11-09 17:17:42
BOOK001999,CUST002158,HOT0212,ROOM000479,PROMO00109,2026-01-28,2026-03-05,2026-03-08,4,0,Website,Cancelled,AED,45000.0,15,6750.0,6885.0,45135.0,2020-04-07 09:53:34,2020-12-25 22:50:34
BOOK002000,CUST004330,HOT0088,ROOM001033,PROMO00102,2026-04-04,2026-04-05,2026-04-08,2,0,Website,Completed,EUR,7500.0,15,1125.0,1147.5,7522.5,2023-07-20 03:27:32,2024-07-29 23:18:59
BOOK002001,CUST002153,HOT0210,ROOM000611,PROMO00141,2026-04-27,2026-04-30,2026-05-02,4,0,Expedia,No Show,SGD,20000.0,20,4000.0,2880.0,18880.0,2025-05-05 01:20:56,2025-06-04 08:50:14
BOOK002002,CUST004592,HOT0030,ROOM001395,PROMO00060,2024-10-19,2024-10-22,2024-10-27,4,2,Booking.com,Completed,INR,50000.0,0,0.0,9000.0,59000.0,2025-05-04 01:46:07,2026-03-19 01:49:04
BOOK002003,CUST000022,HOT0003,ROOM001241,PROMO00469,2025-09-09,2025-10-31,2025-11-07,1,1,Walk-In,Completed,EUR,70000.0,15,10500.0,10710.0,70210.0,2020-09-11 04:24:02,2025-07-25 12:51:12
BOOK002004,CUST003181,HOT0050,ROOM001952,PROMO00241,2024-08-27,2024-09-10,2024-09-17,3,0,Mobile App,Completed,EUR,17500.0,5,875.0,2992.5,19617.5,2020-01-18 02:57:46,2024-01-07 10:16:47
BOOK002005,CUST000404,HOT0093,ROOM001913,PROMO00016,2025-04-19,2025-05-26,2025-05-29,1,0,Walk-In,Confirmed,AED,15000.0,10,1500.0,2430.0,15930.0,2022-04-22 01:57:13,2024-10-18 18:57:57
BOOK002006,CUST000430,HOT0187,ROOM001140,PROMO00486,2026-07-26,2026-09-05,2026-09-09,4,0,Walk-In,Completed,USD,28000.0,15,4200.0,4284.0,28084.0,2026-06-21 01:08:26,2026-06-25 23:49:52
BOOK002007,CUST002631,HOT0041,ROOM001681,PROMO00490,2026-01-07,2026-01-23,2026-01-25,2,2,Walk-In,Completed,AED,5000.0,5,250.0,855.0,5605.0,2024-07-05 17:00:58,2026-05-15 11:07:10
BOOK002008,CUST000737,HOT0160,ROOM000160,PROMO00047,2024-08-09,2024-08-13,2024-08-18,4,0,Expedia,Completed,INR,75000.0,5,3750.0,12825.0,84075.0,2026-03-07 16:34:12,2026-05-20 09:57:50
BOOK002009,CUST003418,HOT0166,ROOM000266,PROMO00126,2026-07-29,2026-08-27,2026-09-02,1,2,Walk-In,Confirmed,EUR,21000.0,15,3150.0,3213.0,21063.0,2023-04-06 12:27:42,2026-07-04 01:39:55
BOOK002010,CUST002722,HOT0160,ROOM001374,PROMO00201,2025-03-23,2025-05-14,2025-05-20,4,2,Booking.com,Cancelled,EUR,60000.0,0,0.0,10800.0,70800.0,2025-01-07 13:03:23,2025-05-16 23:59:44
BOOK002011,CUST001184,HOT0165,ROOM000984,PROMO00099,2026-07-19,2026-08-28,2026-09-02,3,1,Website,Confirmed,SGD,25000.0,20,5000.0,3600.0,23600.0,2022-08-06 19:05:39,2022-10-21 07:42:54
BOOK002012,CUST001479,HOT0001,ROOM000598,PROMO00005,2025-06-03,2025-07-31,2025-08-03,2,2,Travel Agent,Cancelled,EUR,21000.0,20,4200.0,3024.0,19824.0,2025-07-30 10:14:08,2026-06-14 16:55:15
BOOK002013,CUST002848,HOT0195,ROOM000165,PROMO00405,2025-09-24,2025-11-21,2025-11-26,4,2,Mobile App,Cancelled,AED,50000.0,5,2500.0,8550.0,56050.0,2020-07-19 17:15:54,2024-12-11 19:06:28
BOOK002014,CUST002711,HOT0158,ROOM001343,PROMO00341,2024-08-25,2024-09-08,2024-09-13,3,2,Booking.com,Cancelled,INR,25000.0,20,5000.0,3600.0,23600.0,2021-01-08 16:29:20,2025-09-27 21:45:50
BOOK002015,CUST002367,HOT0112,ROOM000158,PROMO00361,2025-10-03,2025-10-08,2025-10-12,2,0,Travel Agent,Completed,GBP,20000.0,20,4000.0,2880.0,18880.0,2023-08-07 23:43:34,2025-10-30 02:20:23
BOOK002016,CUST000962,HOT0233,ROOM001495,PROMO00267,2025-04-02,2025-04-25,2025-04-28,1,2,Booking.com,Completed,INR,15000.0,20,3000.0,2160.0,14160.0,2023-01-08 11:05:55,2025-06-18 07:03:28
BOOK002017,CUST003697,HOT0090,ROOM001771,PROMO00296,2025-07-01,2025-07-12,2025-07-19,2,1,Travel Agent,Completed,SGD,35000.0,15,5250.0,5355.0,35105.0,2026-04-07 22:18:42,2026-05-17 03:32:26
BOOK002018,CUST000953,HOT0198,ROOM000928,PROMO00310,2025-07-24,2025-08-31,2025-09-01,2,0,Mobile App,Completed,USD,15000.0,20,3000.0,2160.0,14160.0,2026-06-13 17:08:14,2026-07-28 13:32:52
BOOK002019,CUST004970,HOT0122,ROOM001615,PROMO00031,2024-12-27,2025-02-10,2025-02-12,1,1,Mobile App,Cancelled,GBP,5000.0,0,0.0,900.0,5900.0,2021-10-13 22:21:05,2022-08-24 04:13:48
BOOK002020,CUST000774,HOT0034,ROOM001834,PROMO00198,2024-10-15,2024-12-09,2024-12-11,3,2,Walk-In,Confirmed,GBP,10000.0,15,1500.0,1530.0,10030.0,2025-04-07 01:44:25,2026-01-16 10:05:45
BOOK002021,CUST002513,HOT0198,ROOM001265,PROMO00246,2025-10-02,2025-10-06,2025-10-08,4,1,Booking.com,Completed,GBP,5000.0,0,0.0,900.0,5900.0,2022-01-23 08:09:56,2023-03-04 17:18:05
BOOK002022,CUST000111,HOT0023,ROOM001526,PROMO00421,2025-03-02,2025-04-06,2025-04-10,1,2,Booking.com,Completed,INR,14000.0,15,2100.0,2142.0,14042.0,2021-09-22 14:38:59,2025-08-22 22:48:30
BOOK002023,CUST002610,HOT0086,ROOM000484,PROMO00060,2025-06-03,2025-07-25,2025-07-30,2,0,Website,Completed,GBP,12500.0,5,625.0,2137.5,14012.5,2022-05-10 12:06:22,2025-03-03 23:04:03
BOOK002024,CUST001928,HOT0248,ROOM001673,PROMO00332,2025-11-16,2025-12-26,2026-01-02,3,2,Website,Completed,INR,24500.0,20,4900.0,3528.0,23128.0,2023-09-01 08:50:35,2024-02-16 15:25:48
BOOK002025,CUST004822,HOT0204,ROOM001158,PROMO00161,2025-02-28,2025-04-16,2025-04-19,4,2,Expedia,Confirmed,SGD,10500.0,0,0.0,1890.0,12390.0,2025-11-08 07:11:02,2026-05-20 00:18:00
BOOK002026,CUST002729,HOT0113,ROOM001270,PROMO00476,2025-02-20,2025-04-14,2025-04-17,1,2,Travel Agent,Confirmed,EUR,15000.0,0,0.0,2700.0,17700.0,2024-05-11 10:42:52,2025-01-12 15:14:44
BOOK002027,CUST000866,HOT0135,ROOM000292,PROMO00011,2024-10-31,2024-11-04,2024-11-11,4,1,Walk-In,Cancelled,EUR,70000.0,0,0.0,12600.0,82600.0,2023-08-14 19:27:51,2025-07-04 00:20:26
BOOK002028,CUST004615,HOT0002,ROOM000111,PROMO00278,2026-01-02,2026-02-01,2026-02-05,4,1,Walk-In,Confirmed,EUR,40000.0,10,4000.0,6480.0,42480.0,2023-05-10 01:59:01,2023-07-19 08:34:00
BOOK002029,CUST001935,HOT0194,ROOM001432,PROMO00444,2024-09-12,2024-10-31,2024-11-05,4,0,Mobile App,Completed,AED,75000.0,20,15000.0,10800.0,70800.0,2025-07-28 00:43:49,2025-08-21 16:06:01
BOOK002030,CUST004679,HOT0229,ROOM001464,PROMO00450,2025-05-31,2025-07-23,2025-07-25,4,2,Mobile App,Completed,INR,5000.0,20,1000.0,720.0,4720.0,2023-02-11 18:52:36,2024-04-23 23:52:53
BOOK002031,CUST004781,HOT0110,ROOM000804,PROMO00103,2025-05-15,2025-05-26,2025-05-30,4,2,Travel Agent,Completed,SGD,14000.0,20,2800.0,2016.0,13216.0,2022-08-23 16:41:14,2023-05-16 14:40:44
BOOK002032,CUST001684,HOT0186,ROOM001882,PROMO00041,2025-09-15,2025-10-18,2025-10-20,2,1,Booking.com,Completed,EUR,7000.0,10,700.0,1134.0,7434.0,2025-01-21 05:06:36,2026-05-16 21:49:00
BOOK002033,CUST002380,HOT0118,ROOM001977,PROMO00225,2026-02-17,2026-04-16,2026-04-20,2,2,Expedia,No Show,USD,28000.0,20,5600.0,4032.0,26432.0,2023-05-11 06:40:39,2025-01-15 12:33:53
BOOK002034,CUST003955,HOT0191,ROOM000565,PROMO00120,2025-09-01,2025-09-25,2025-10-02,3,0,Walk-In,Completed,INR,35000.0,20,7000.0,5040.0,33040.0,2024-05-20 21:20:28,2025-12-29 15:38:53
BOOK002035,CUST001403,HOT0186,ROOM001509,PROMO00212,2024-10-14,2024-10-15,2024-10-16,3,2,Booking.com,Completed,AED,5000.0,0,0.0,900.0,5900.0,2024-09-11 05:37:26,2026-02-25 17:58:51
BOOK002036,CUST002905,HOT0149,ROOM000548,PROMO00245,2025-06-13,2025-07-30,2025-08-06,2,0,Mobile App,Completed,USD,35000.0,0,0.0,6300.0,41300.0,2022-10-30 13:13:43,2023-03-16 12:06:11
BOOK002037,CUST004887,HOT0239,ROOM001675,PROMO00383,2025-08-16,2025-09-08,2025-09-09,3,1,Website,Completed,SGD,7000.0,20,1400.0,1008.0,6608.0,2025-09-06 07:15:56,2025-10-14 07:06:21
BOOK002038,CUST002309,HOT0168,ROOM001963,PROMO00332,2025-10-31,2025-11-20,2025-11-21,2,0,Walk-In,Completed,EUR,15000.0,10,1500.0,2430.0,15930.0,2025-06-20 14:30:56,2025-11-11 20:42:04
BOOK002039,CUST000989,HOT0249,ROOM001102,PROMO00127,2025-04-17,2025-06-06,2025-06-13,1,1,Travel Agent,Completed,INR,35000.0,5,1750.0,5985.0,39235.0,2022-06-12 12:34:41,2022-09-19 07:26:12
BOOK002040,CUST004787,HOT0234,ROOM000402,PROMO00493,2024-07-30,2024-09-26,2024-09-28,1,2,Booking.com,Completed,INR,30000.0,0,0.0,5400.0,35400.0,2020-01-14 19:36:35,2020-02-21 21:41:03
BOOK002041,CUST003034,HOT0211,ROOM001627,PROMO00369,2025-05-31,2025-06-25,2025-06-26,4,2,Mobile App,Completed,EUR,15000.0,0,0.0,2700.0,17700.0,2024-05-24 17:51:12,2025-08-01 22:46:19
BOOK002042,CUST001924,HOT0121,ROOM001932,PROMO00036,2024-12-15,2025-01-16,2025-01-22,1,1,Travel Agent,Confirmed,AED,30000.0,20,6000.0,4320.0,28320.0,2024-09-19 22:17:31,2025-04-01 04:42:03
BOOK002043,CUST000038,HOT0033,ROOM000325,PROMO00275,2024-11-28,2024-12-06,2024-12-10,2,1,Walk-In,Completed,EUR,20000.0,15,3000.0,3060.0,20060.0,2026-06-05 14:13:03,2026-07-21 02:42:46
BOOK002044,CUST002497,HOT0231,ROOM001914,PROMO00473,2026-01-17,2026-02-14,2026-02-16,1,2,Website,Completed,GBP,7000.0,5,350.0,1197.0,7847.0,2026-04-01 12:43:15,2026-06-14 05:21:58
BOOK002045,CUST002018,HOT0104,ROOM000410,PROMO00284,2026-05-17,2026-06-30,2026-07-02,2,1,Booking.com,Completed,GBP,20000.0,0,0.0,3600.0,23600.0,2021-07-14 20:45:25,2024-07-14 05:55:19
BOOK002046,CUST003934,HOT0088,ROOM001814,PROMO00357,2025-08-30,2025-10-09,2025-10-15,2,1,Website,Completed,GBP,30000.0,15,4500.0,4590.0,30090.0,2023-06-22 22:28:52,2026-03-23 18:43:20
BOOK002047,CUST001194,HOT0200,ROOM001353,PROMO00119,2025-05-30,2025-07-07,2025-07-11,4,1,Mobile App,No Show,INR,60000.0,10,6000.0,9720.0,63720.0,2022-08-09 16:44:57,2023-05-24 22:43:18
BOOK002048,CUST004497,HOT0099,ROOM001558,PROMO00351,2025-09-07,2025-10-30,2025-11-04,1,1,Website,Cancelled,SGD,75000.0,20,15000.0,10800.0,70800.0,2024-02-08 03:11:15,2026-05-19 17:09:08
BOOK002049,CUST003644,HOT0078,ROOM001633,PROMO00166,2026-07-07,2026-08-27,2026-08-31,1,0,Walk-In,Completed,AED,60000.0,10,6000.0,9720.0,63720.0,2020-03-14 15:28:38,2024-11-04 08:13:32
BOOK002050,CUST004118,HOT0112,ROOM001564,PROMO00136,2026-04-24,2026-05-18,2026-05-21,3,2,Website,Completed,SGD,10500.0,15,1575.0,1606.5,10531.5,2026-04-13 22:55:47,2026-07-22 14:26:28
BOOK002051,CUST004661,HOT0004,ROOM000516,PROMO00311,2026-04-08,2026-05-15,2026-05-17,3,0,Travel Agent,Completed,INR,20000.0,10,2000.0,3240.0,21240.0,2020-06-20 05:07:41,2025-07-01 22:52:33
BOOK002052,CUST004341,HOT0076,ROOM001247,PROMO00033,2025-01-21,2025-02-19,2025-02-23,2,0,Walk-In,No Show,SGD,10000.0,10,1000.0,1620.0,10620.0,2024-08-29 15:34:19,2024-12-31 09:26:43
BOOK002053,CUST003188,HOT0054,ROOM001816,PROMO00141,2025-05-10,2025-05-27,2025-06-03,2,0,Travel Agent,Completed,AED,105000.0,0,0.0,18900.0,123900.0,2025-11-21 16:19:33,2026-06-21 21:24:49
BOOK002054,CUST000275,HOT0163,ROOM001175,PROMO00270,2024-10-07,2024-11-22,2024-11-27,3,1,Booking.com,Completed,GBP,50000.0,5,2500.0,8550.0,56050.0,2023-05-12 22:11:26,2026-05-23 01:07:05
BOOK002055,CUST001104,HOT0110,ROOM000285,PROMO00477,2026-06-27,2026-08-16,2026-08-17,4,2,Mobile App,Confirmed,EUR,2500.0,0,0.0,450.0,2950.0,2022-12-19 07:34:12,2024-02-21 04:14:04
BOOK002056,CUST004803,HOT0115,ROOM001024,PROMO00236,2026-04-14,2026-05-04,2026-05-09,3,1,Website,Completed,INR,50000.0,5,2500.0,8550.0,56050.0,2024-04-16 21:00:26,2025-02-08 23:53:47
BOOK002057,CUST001991,HOT0222,ROOM001157,PROMO00491,2024-08-27,2024-09-17,2024-09-19,3,1,Website,Cancelled,INR,30000.0,5,1500.0,5130.0,33630.0,2024-03-08 04:19:53,2024-06-21 04:07:13
BOOK002058,CUST001842,HOT0138,ROOM000679,PROMO00117,2025-11-29,2025-12-01,2025-12-08,4,0,Booking.com,Completed,USD,105000.0,15,15750.0,16065.0,105315.0,2021-06-17 09:14:32,2024-11-06 13:03:36
BOOK002059,CUST002858,HOT0042,ROOM001953,PROMO00311,2026-04-21,2026-04-24,2026-04-27,4,2,Expedia,Confirmed,INR,21000.0,10,2100.0,3402.0,22302.0,2021-06-26 18:48:08,2021-12-14 11:37:08
BOOK002060,CUST001551,HOT0021,ROOM000328,PROMO00042,2024-10-05,2024-11-12,2024-11-19,1,2,Walk-In,Cancelled,EUR,70000.0,15,10500.0,10710.0,70210.0,2021-04-23 20:55:44,2026-03-27 14:38:40
BOOK002061,CUST001341,HOT0010,ROOM000999,PROMO00100,2024-09-03,2024-10-13,2024-10-16,3,2,Travel Agent,Cancelled,GBP,21000.0,0,0.0,3780.0,24780.0,2021-01-09 06:23:15,2025-02-14 08:45:38
BOOK002062,CUST000697,HOT0206,ROOM001365,PROMO00054,2025-01-08,2025-01-10,2025-01-17,4,2,Mobile App,Confirmed,USD,24500.0,5,1225.0,4189.5,27464.5,2026-04-19 01:41:19,2026-06-15 08:33:21
BOOK002063,CUST003484,HOT0109,ROOM000916,PROMO00340,2026-07-14,2026-07-28,2026-08-03,2,0,Travel Agent,Completed,AED,21000.0,10,2100.0,3402.0,22302.0,2023-05-23 15:23:13,2026-03-25 10:55:56
BOOK002064,CUST003444,HOT0021,ROOM001795,PROMO00187,2026-07-21,2026-09-14,2026-09-19,4,1,Expedia,Completed,INR,50000.0,20,10000.0,7200.0,47200.0,2022-08-21 02:02:09,2024-01-13 02:51:47
BOOK002065,CUST001744,HOT0233,ROOM000808,PROMO00435,2025-12-31,2026-02-14,2026-02-16,3,1,Travel Agent,Completed,SGD,14000.0,15,2100.0,2142.0,14042.0,2024-03-27 04:13:42,2024-09-15 19:18:43
BOOK002066,CUST004941,HOT0213,ROOM001292,PROMO00449,2025-10-17,2025-11-03,2025-11-08,3,0,Website,No Show,USD,25000.0,20,5000.0,3600.0,23600.0,2021-02-15 21:18:58,2023-02-27 06:50:14
BOOK002067,CUST002885,HOT0058,ROOM001078,PROMO00485,2025-01-23,2025-01-26,2025-01-30,1,2,Walk-In,Confirmed,INR,28000.0,15,4200.0,4284.0,28084.0,2026-02-09 03:45:02,2026-05-18 02:20:17
BOOK002068,CUST002220,HOT0170,ROOM000008,PROMO00193,2025-07-17,2025-09-01,2025-09-04,1,2,Mobile App,Completed,EUR,45000.0,5,2250.0,7695.0,50445.0,2022-08-12 09:53:41,2022-11-29 18:21:58
BOOK002069,CUST000877,HOT0089,ROOM001694,PROMO00114,2026-05-17,2026-06-01,2026-06-03,3,1,Walk-In,Completed,INR,7000.0,5,350.0,1197.0,7847.0,2024-08-21 17:27:13,2024-11-15 07:09:46
BOOK002070,CUST000386,HOT0012,ROOM001961,PROMO00189,2025-12-05,2025-12-11,2025-12-18,3,0,Website,Completed,USD,17500.0,20,3500.0,2520.0,16520.0,2023-04-08 06:37:40,2024-02-20 03:38:23
BOOK002071,CUST001849,HOT0161,ROOM001439,PROMO00412,2025-08-04,2025-08-20,2025-08-26,2,1,Website,Confirmed,INR,21000.0,5,1050.0,3591.0,23541.0,2021-09-15 07:33:45,2026-07-28 21:58:33
BOOK002072,CUST002078,HOT0121,ROOM000011,PROMO00165,2024-09-15,2024-10-09,2024-10-13,4,0,Booking.com,Completed,SGD,60000.0,15,9000.0,9180.0,60180.0,2022-05-01 14:47:23,2024-05-24 14:53:14
BOOK002073,CUST004153,HOT0236,ROOM001782,PROMO00227,2025-02-15,2025-03-23,2025-03-25,3,2,Travel Agent,Confirmed,INR,7000.0,5,350.0,1197.0,7847.0,2026-01-14 18:48:29,2026-04-03 06:19:36
BOOK002074,CUST002956,HOT0054,ROOM001092,PROMO00363,2026-02-08,2026-02-19,2026-02-26,3,0,Expedia,Completed,AED,35000.0,5,1750.0,5985.0,39235.0,2020-09-15 13:29:33,2022-06-14 22:37:54
BOOK002075,CUST003119,HOT0158,ROOM000787,PROMO00152,2025-12-26,2026-01-28,2026-02-03,3,1,Booking.com,Completed,,90000.0,5,4500.0,15390.0,100890.0,2025-08-01 00:14:33,2025-08-18 21:32:03
BOOK002076,CUST003659,HOT0021,ROOM001304,PROMO00305,2025-04-07,2025-05-16,2025-05-20,1,2,Website,Completed,EUR,20000.0,0,0.0,3600.0,23600.0,2026-05-26 23:34:22,2026-07-13 19:43:35
BOOK002077,CUST001685,HOT0094,ROOM000803,PROMO00477,2025-12-24,2025-12-28,2025-12-30,4,2,Mobile App,Cancelled,GBP,7000.0,0,0.0,1260.0,8260.0,2025-12-18 08:31:54,2026-07-03 23:39:54
BOOK002078,CUST002006,HOT0004,ROOM001566,PROMO00166,2026-05-10,2026-06-08,2026-06-15,4,1,Booking.com,Completed,GBP,35000.0,15,5250.0,5355.0,35105.0,2024-10-07 08:20:07,2026-03-21 10:00:27
BOOK002079,CUST003578,HOT0011,ROOM001964,PROMO00294,2026-03-18,2026-04-30,2026-05-07,3,1,Travel Agent,Completed,EUR,49000.0,10,4900.0,7938.0,52038.0,2023-05-21 08:56:19,2025-03-04 16:03:13
BOOK002080,CUST001500,HOT0074,ROOM001100,PROMO00059,2025-01-05,2025-02-11,2025-02-18,2,2,Mobile App,Cancelled,USD,105000.0,20,21000.0,15120.0,99120.0,2023-10-15 13:45:07,2026-07-04 08:20:49
BOOK002081,CUST001855,HOT0122,ROOM000763,PROMO00136,2026-02-10,2026-02-28,2026-03-05,2,0,Booking.com,Confirmed,USD,35000.0,0,0.0,6300.0,41300.0,2022-11-03 06:28:13,2025-07-25 08:35:07
BOOK002082,CUST004196,HOT0228,ROOM000568,PROMO00279,2025-03-06,2025-04-02,2025-04-07,1,2,Website,Completed,GBP,50000.0,5,2500.0,8550.0,56050.0,2025-04-07 14:48:26,2025-12-08 03:14:53
BOOK002083,CUST004361,HOT0021,ROOM001795,PROMO00039,2025-09-11,2025-11-04,2025-11-05,2,0,Travel Agent,Cancelled,AED,10000.0,15,1500.0,1530.0,10030.0,2026-04-15 22:14:10,2026-07-11 00:11:20
BOOK002084,CUST000246,HOT0173,ROOM000899,PROMO00270,2024-08-19,2024-09-04,2024-09-08,4,0,Mobile App,Completed,USD,28000.0,20,5600.0,4032.0,26432.0,2021-10-22 00:28:42,2023-10-27 07:04:09
BOOK002085,CUST004551,HOT0119,ROOM001817,PROMO00069,2024-11-22,2024-12-18,2024-12-25,3,0,Booking.com,Completed,SGD,24500.0,0,0.0,4410.0,28910.0,2021-10-06 14:33:34,2024-04-09 04:43:29
BOOK002086,CUST000410,HOT0185,ROOM000747,PROMO00075,2024-10-06,2024-11-18,2024-11-24,4,2,Booking.com,Completed,EUR,21000.0,5,1050.0,3591.0,23541.0,2021-05-04 19:19:20,2022-04-10 11:33:06
BOOK002087,CUST001943,HOT0247,ROOM001538,PROMO00321,2025-02-16,2025-02-17,2025-02-23,1,1,Walk-In,Completed,INR,60000.0,20,12000.0,8640.0,56640.0,2024-10-03 02:53:05,2025-02-07 22:50:38
BOOK002088,CUST002209,HOT0067,ROOM000291,PROMO00085,2025-05-18,2025-06-03,2025-06-10,2,0,Expedia,Completed,AED,17500.0,0,0.0,3150.0,20650.0,2026-02-05 02:33:33,2026-07-15 15:21:52
BOOK002089,CUST000058,HOT0082,ROOM000801,PROMO00491,2026-01-07,2026-02-13,2026-02-14,4,1,Mobile App,Completed,AED,3500.0,5,175.0,598.5,3923.5,2024-03-25 13:31:03,2026-03-13 06:41:24
BOOK002090,CUST000356,HOT0048,ROOM001590,PROMO00412,2025-05-13,2025-06-09,2025-06-12,2,2,Website,Completed,USD,30000.0,5,1500.0,5130.0,33630.0,2022-03-18 21:28:55,2025-09-29 08:35:06
BOOK002091,CUST001279,HOT0069,ROOM000543,PROMO00136,2026-05-26,2026-06-05,2026-06-09,4,2,Booking.com,Completed,EUR,40000.0,0,0.0,7200.0,47200.0,2020-08-29 17:07:14,2023-05-17 09:42:51
BOOK002092,CUST000277,HOT0046,ROOM001412,PROMO00111,2025-09-18,2025-10-03,2025-10-09,3,2,Mobile App,Confirmed,INR,60000.0,20,12000.0,8640.0,56640.0,2024-06-01 20:15:35,2025-10-07 09:59:44
BOOK002093,CUST002369,HOT0058,ROOM001540,PROMO00394,2026-07-13,2026-08-17,2026-08-18,4,2,Website,Completed,INR,7000.0,0,0.0,1260.0,8260.0,2023-07-30 06:30:52,2026-07-26 16:36:11
BOOK002094,CUST001556,HOT0040,ROOM001559,PROMO00456,2025-06-27,2025-07-18,2025-07-22,2,0,Booking.com,Completed,EUR,40000.0,20,8000.0,5760.0,37760.0,2024-05-06 07:31:05,2025-09-13 10:42:56
BOOK002095,CUST002884,HOT0189,ROOM000953,PROMO00344,2026-04-03,2026-04-23,2026-04-30,1,0,Booking.com,Completed,USD,24500.0,10,2450.0,3969.0,26019.0,2022-02-21 16:03:57,2026-01-01 11:28:30
BOOK002096,CUST004418,HOT0204,ROOM000485,PROMO00064,2026-07-13,2026-07-19,2026-07-21,1,2,Travel Agent,Completed,INR,20000.0,10,2000.0,3240.0,21240.0,2024-02-25 17:59:11,2026-02-25 11:16:47
BOOK002097,CUST001454,HOT0037,ROOM001623,PROMO00244,2025-02-21,2025-04-19,2025-04-22,2,1,Travel Agent,Cancelled,EUR,10500.0,0,0.0,1890.0,12390.0,2023-03-07 20:29:29,2026-05-07 10:18:53
BOOK002098,CUST002950,HOT0234,ROOM000623,PROMO00398,2026-07-19,2026-08-15,2026-08-17,1,0,Travel Agent,Completed,GBP,5000.0,20,1000.0,720.0,4720.0,2022-11-20 11:36:18,2023-03-22 09:47:16
BOOK002099,CUST001120,HOT0173,ROOM001531,PROMO00356,2026-01-31,2026-03-16,2026-03-17,4,0,Travel Agent,Completed,SGD,10000.0,20,2000.0,1440.0,9440.0,2022-03-09 17:24:50,2022-11-12 04:07:04
BOOK002100,CUST002601,HOT0244,ROOM000585,PROMO00472,2025-03-28,2025-03-31,2025-04-04,1,1,Expedia,No Show,GBP,20000.0,20,4000.0,2880.0,18880.0,2022-09-26 14:30:43,2026-07-16 15:31:30
BOOK002101,CUST002205,HOT0136,ROOM000283,PROMO00167,2024-11-28,2024-12-12,2024-12-16,1,1,Expedia,Cancelled,EUR,14000.0,10,1400.0,2268.0,14868.0,2022-01-11 09:46:32,2023-09-13 22:08:21
BOOK002102,CUST001782,HOT0159,ROOM001854,PROMO00432,2024-09-13,2024-09-30,2024-10-06,3,0,Mobile App,Completed,USD,21000.0,15,3150.0,3213.0,21063.0,2023-02-17 03:51:30,2024-02-12 18:29:16
BOOK002103,CUST000344,HOT0108,ROOM001295,PROMO00368,2026-07-02,2026-07-29,2026-08-03,2,1,Booking.com,Confirmed,EUR,17500.0,20,3500.0,2520.0,16520.0,2022-01-03 20:56:14,2025-12-19 13:23:21
BOOK002104,CUST004664,HOT0225,ROOM001419,PROMO00318,2026-03-07,2026-04-05,2026-04-11,2,0,Walk-In,Completed,USD,90000.0,5,4500.0,15390.0,100890.0,2022-08-23 20:39:39,2023-02-03 18:44:28
BOOK002105,CUST001858,HOT0164,ROOM000985,PROMO00139,2024-07-31,2024-09-14,2024-09-15,3,1,Mobile App,Completed,INR,7000.0,0,0.0,1260.0,8260.0,2021-06-24 00:50:11,2021-10-24 05:07:05
BOOK002106,CUST000857,HOT0117,ROOM001214,PROMO00129,2025-03-29,2025-05-05,2025-05-06,4,0,Expedia,No Show,USD,2500.0,10,250.0,405.0,2655.0,2023-03-08 12:43:00,2026-01-07 04:25:44
BOOK002107,CUST000826,HOT0005,ROOM000246,PROMO00447,2024-11-26,2024-12-10,2024-12-14,3,1,Expedia,No Show,USD,10000.0,20,2000.0,1440.0,9440.0,2022-11-15 17:37:27,2025-03-21 15:04:10
BOOK002108,CUST002344,HOT0115,ROOM001525,PROMO00281,2025-04-17,2025-05-28,2025-05-29,2,0,Booking.com,Completed,SGD,7000.0,15,1050.0,1071.0,7021.0,2020-04-09 08:23:31,2023-09-26 00:32:45
BOOK002109,CUST004385,HOT0011,ROOM000643,PROMO00130,2026-05-13,2026-07-05,2026-07-09,1,1,Website,Cancelled,USD,28000.0,10,2800.0,4536.0,29736.0,2022-07-15 14:11:57,2024-01-06 03:43:24
BOOK002110,CUST000742,HOT0196,ROOM001316,PROMO00153,2025-05-22,2025-06-03,2025-06-06,4,1,Travel Agent,Confirmed,SGD,15000.0,0,0.0,2700.0,17700.0,2025-04-30 18:16:44,2026-01-26 09:47:00
BOOK002111,CUST000108,HOT0103,ROOM001781,PROMO00089,2024-12-31,2025-02-05,2025-02-07,3,2,Travel Agent,Completed,SGD,5000.0,0,0.0,900.0,5900.0,2021-09-14 17:45:31,2022-12-19 16:44:36
BOOK002112,CUST000999,HOT0204,ROOM001158,PROMO00185,2025-08-05,2025-08-08,2025-08-09,4,2,Mobile App,Completed,GBP,3500.0,10,350.0,567.0,3717.0,2024-01-20 10:03:20,2026-06-09 12:44:00
BOOK002113,CUST001975,HOT0120,ROOM001388,PROMO00296,2025-10-21,2025-11-20,2025-11-22,1,2,Website,Completed,GBP,10000.0,15,1500.0,1530.0,10030.0,2020-07-14 06:43:47,2024-07-16 21:59:41
BOOK002114,CUST002867,HOT0206,ROOM001365,PROMO00126,2025-04-04,2025-05-05,2025-05-12,4,2,Walk-In,Confirmed,AED,24500.0,20,4900.0,3528.0,23128.0,2021-06-07 19:30:35,2023-10-02 21:14:04
BOOK002115,CUST004158,HOT0115,ROOM000424,PROMO00095,2025-04-25,2025-05-02,2025-05-06,2,1,Walk-In,Confirmed,EUR,10000.0,5,500.0,1710.0,11210.0,2023-02-18 00:05:34,2023-06-30 15:30:14
BOOK002116,CUST002012,HOT0105,ROOM001837,PROMO00470,2024-12-02,2025-01-25,2025-01-27,1,0,Expedia,Completed,AED,7000.0,10,700.0,1134.0,7434.0,2026-04-19 12:50:44,2026-06-06 22:46:23
BOOK002117,CUST003488,HOT0020,ROOM000532,PROMO00150,2025-04-14,2025-05-04,2025-05-11,3,0,Mobile App,Cancelled,EUR,70000.0,0,0.0,12600.0,82600.0,2020-06-09 22:51:12,2023-07-30 13:12:27
BOOK002118,CUST000602,HOT0148,ROOM001383,PROMO00205,2026-07-05,2026-08-29,2026-09-04,2,0,Booking.com,Completed,INR,42000.0,20,8400.0,6048.0,39648.0,2025-01-02 08:56:23,2026-02-26 19:49:59
BOOK002119,CUST001773,HOT0172,ROOM000136,PROMO00321,2025-10-21,2025-10-23,2025-10-28,3,2,Website,Cancelled,INR,50000.0,20,10000.0,7200.0,47200.0,2024-12-11 13:42:06,2025-09-25 19:31:47
BOOK002120,CUST001378,HOT0160,ROOM000234,PROMO00138,2025-01-02,2025-02-27,2025-03-03,4,0,Travel Agent,Completed,AED,14000.0,15,2100.0,2142.0,14042.0,2024-05-01 10:09:52,2026-01-26 10:28:48
BOOK002121,CUST004758,HOT0120,ROOM001388,PROMO00066,2026-06-26,2026-08-17,2026-08-23,2,1,Expedia,Completed,GBP,30000.0,0,0.0,5400.0,35400.0,2023-12-02 00:26:11,2024-10-09 06:50:22
BOOK002122,CUST000650,HOT0173,ROOM001049,PROMO00492,2026-05-24,2026-06-12,2026-06-17,3,2,Website,Completed,SGD,25000.0,10,2500.0,4050.0,26550.0,2025-01-14 11:47:54,2025-10-24 03:20:29
BOOK002123,CUST000513,HOT0237,ROOM001368,PROMO00329,2025-11-13,2025-12-22,2025-12-29,4,1,Expedia,Cancelled,USD,24500.0,10,2450.0,3969.0,26019.0,2020-01-22 20:49:59,2023-09-25 06:58:54
BOOK002124,CUST004865,HOT0079,ROOM000361,PROMO00284,2024-10-26,2024-11-01,2024-11-03,4,2,Booking.com,Completed,SGD,10000.0,10,1000.0,1620.0,10620.0,2021-06-03 08:39:16,2025-05-18 03:01:18
BOOK002125,CUST001599,HOT0168,ROOM000419,PROMO00085,2026-06-20,2026-07-04,2026-07-09,4,2,Mobile App,Confirmed,GBP,25000.0,5,1250.0,4275.0,28025.0,2021-06-13 09:38:47,2026-07-04 14:16:59
BOOK002126,CUST000268,HOT0045,ROOM000941,PROMO00255,2025-01-08,2025-02-22,2025-02-27,2,0,Mobile App,Completed,SGD,17500.0,5,875.0,2992.5,19617.5,2026-01-06 00:23:51,2026-07-30 10:43:40
BOOK002127,CUST002705,HOT0040,ROOM000677,PROMO00220,2026-03-19,2026-03-26,2026-04-01,3,1,Expedia,Completed,AED,15000.0,0,0.0,2700.0,17700.0,2020-04-30 07:04:12,2022-03-06 11:02:30
BOOK002128,CUST003876,HOT0168,ROOM000737,PROMO00486,2025-06-26,2025-07-13,2025-07-17,3,2,Travel Agent,Completed,USD,20000.0,15,3000.0,3060.0,-20060.0,2024-09-24 20:49:23,2024-12-06 21:20:29
BOOK002129,CUST002791,HOT0208,ROOM001053,PROMO00442,2025-09-10,2025-09-25,2025-10-02,2,0,Mobile App,Confirmed,EUR,70000.0,20,14000.0,10080.0,66080.0,2021-09-07 02:30:06,2024-10-23 11:02:28
BOOK002130,CUST001961,HOT0094,ROOM000803,PROMO00094,2025-12-13,2025-12-21,2025-12-26,2,0,Expedia,Completed,INR,17500.0,0,0.0,3150.0,20650.0,2024-12-04 22:38:26,2025-09-29 09:55:11
BOOK002131,CUST002233,HOT0037,ROOM000821,PROMO00395,2025-07-20,2025-09-05,2025-09-08,4,0,Travel Agent,No Show,USD,45000.0,0,0.0,8100.0,53100.0,2026-04-03 22:21:27,2026-05-09 06:49:03
BOOK002132,CUST003582,HOT0200,ROOM001561,PROMO00233,2026-05-17,2026-06-16,2026-06-22,4,1,Mobile App,Cancelled,EUR,21000.0,0,0.0,3780.0,24780.0,2024-06-14 12:18:38,2024-12-22 08:45:51
BOOK002133,CUST002806,HOT0044,ROOM000267,PROMO00202,2025-01-26,2025-02-21,2025-02-26,3,1,Mobile App,Confirmed,EUR,35000.0,20,7000.0,5040.0,33040.0,2022-04-08 09:24:23,2022-10-28 13:22:02
BOOK002134,CUST003138,HOT0214,ROOM000142,PROMO00163,2025-04-12,2025-05-05,2025-05-08,3,2,Walk-In,Completed,GBP,10500.0,0,0.0,1890.0,12390.0,2021-11-27 17:10:42,2025-03-16 01:12:50
BOOK002135,CUST001249,HOT0105,ROOM000982,PROMO00275,2025-04-01,2025-05-29,2025-06-02,1,0,Walk-In,Completed,INR,40000.0,15,6000.0,6120.0,40120.0,2021-07-28 22:28:06,2026-03-20 09:13:15
BOOK002136,CUST002878,HOT0183,ROOM000946,PROMO00393,2025-11-14,2025-12-06,2025-12-11,2,1,Mobile App,Cancelled,INR,50000.0,0,0.0,9000.0,59000.0,2020-11-26 19:13:49,2022-08-03 13:34:23
BOOK002137,CUST001143,HOT0096,ROOM001284,PROMO00003,2024-08-22,2024-09-24,2024-09-26,1,0,Walk-In,Completed,USD,7000.0,0,0.0,1260.0,8260.0,2023-07-31 18:22:33,2023-12-06 23:13:35
BOOK002138,CUST003290,HOT0035,ROOM000872,PROMO00247,2026-03-26,2026-05-06,2026-05-12,3,0,Website,Cancelled,EUR,21000.0,10,2100.0,3402.0,22302.0,2023-10-02 18:43:38,2026-07-20 04:12:43
BOOK002139,CUST000348,HOT0030,ROOM000644,PROMO00124,2025-07-11,2025-08-20,2025-08-24,1,1,Mobile App,Completed,INR,10000.0,20,2000.0,1440.0,9440.0,2026-02-01 20:56:00,2026-03-11 03:35:49
BOOK002140,CUST002689,HOT0017,ROOM000228,PROMO00016,2025-07-04,2025-08-02,2025-08-07,2,0,Mobile App,Completed,SGD,17500.0,5,875.0,2992.5,19617.5,2021-05-23 13:58:39,2024-08-21 01:01:26
BOOK002141,CUST001742,HOT0083,ROOM001182,PROMO00050,2024-09-02,2024-10-03,2024-10-06,4,2,Expedia,Confirmed,EUR,10500.0,0,0.0,1890.0,12390.0,2026-05-14 00:14:43,2026-05-19 22:27:43
BOOK002142,CUST002291,HOT0069,ROOM000543,PROMO00449,2025-06-20,2025-06-22,2025-06-23,1,2,Website,Completed,INR,10000.0,10,1000.0,1620.0,10620.0,2021-08-02 21:25:40,2023-03-07 06:03:42
BOOK002143,CUST003535,HOT0121,ROOM001773,PROMO00192,2025-04-19,2025-05-08,2025-05-11,1,1,Walk-In,No Show,INR,15000.0,10,1500.0,2430.0,15930.0,2022-12-03 19:45:45,2026-07-11 00:21:45
BOOK002144,CUST004132,HOT0022,ROOM000219,PROMO00448,2025-04-18,2025-05-07,2025-05-13,2,0,Mobile App,Completed,AED,15000.0,20,3000.0,2160.0,14160.0,2024-03-29 00:48:07,2025-06-05 03:05:37
BOOK002145,CUST001816,HOT0241,ROOM000753,PROMO00383,2025-10-16,2025-11-07,2025-11-11,2,2,Expedia,Completed,EUR,28000.0,0,0.0,5040.0,33040.0,2020-04-26 07:05:27,2022-08-20 00:16:27
BOOK002146,CUST001671,HOT0182,ROOM000139,PROMO00092,2025-03-27,2025-04-08,2025-04-11,2,1,Website,Completed,EUR,45000.0,10,4500.0,7290.0,47790.0,2024-04-13 15:14:59,2026-02-14 20:48:24
BOOK002147,CUST002547,HOT0117,ROOM000860,PROMO00364,2024-11-25,2024-12-24,2024-12-30,1,1,Expedia,Completed,GBP,42000.0,15,6300.0,6426.0,42126.0,2021-06-16 20:40:57,2026-06-24 12:41:10
BOOK002148,CUST001522,HOT0024,ROOM001089,PROMO00037,2025-10-18,2025-12-14,2025-12-17,3,1,Travel Agent,Confirmed,USD,10500.0,20,2100.0,1512.0,9912.0,2020-10-27 06:10:07,2021-08-30 21:24:34
BOOK002149,CUST001230,HOT0238,ROOM000682,PROMO00132,2025-08-18,2025-09-10,2025-09-17,1,2,Booking.com,Completed,INR,24500.0,15,3675.0,3748.5,24573.5,2020-06-26 10:33:37,2024-07-14 03:08:24
BOOK002150,CUST004120,HOT0088,ROOM001814,PROMO00084,2024-12-27,2025-02-21,2025-02-22,1,1,Website,Confirmed,SGD,5000.0,0,0.0,900.0,5900.0,2024-11-03 14:52:33,2024-12-14 16:50:08
BOOK002151,CUST002357,HOT0159,ROOM000977,PROMO00146,2025-01-21,2025-02-28,2025-03-06,1,1,Website,Completed,INR,60000.0,5,3000.0,10260.0,67260.0,2022-11-06 01:11:32,2023-04-18 04:18:52
BOOK002152,CUST003195,HOT0249,ROOM001574,PROMO00290,2026-07-05,2026-08-26,2026-08-29,3,2,Booking.com,Cancelled,USD,45000.0,5,2250.0,7695.0,50445.0,2022-07-06 11:01:35,2024-01-07 15:28:16
BOOK002153,CUST002861,HOT0093,ROOM000098,PROMO00044,2024-09-02,2024-09-21,2024-09-28,1,0,Website,Completed,AED,24500.0,15,3675.0,3748.5,24573.5,2021-09-05 17:20:59,2022-02-06 14:38:43
BOOK002154,CUST003050,HOT0100,ROOM001650,PROMO00151,2025-07-10,2025-07-14,2025-07-17,3,2,Travel Agent,Confirmed,INR,7500.0,5,375.0,1282.5,8407.5,2026-04-01 21:18:34,2026-04-10 00:59:10
BOOK002155,CUST002349,HOT0139,ROOM001184,PROMO00001,2026-02-15,2026-04-11,2026-04-18,4,0,Booking.com,Completed,EUR,70000.0,10,7000.0,11340.0,74340.0,2022-03-30 18:11:59,2024-11-09 07:02:41
BOOK002156,CUST004139,HOT0154,ROOM001602,PROMO00144,2025-01-11,2025-02-23,2025-02-25,3,1,Walk-In,Completed,EUR,5000.0,0,0.0,900.0,5900.0,2023-08-26 20:57:41,2025-01-31 09:34:52
BOOK002157,CUST000072,HOT0201,ROOM000526,PROMO00381,2026-03-20,2026-04-30,2026-05-01,1,2,Mobile App,Completed,SGD,2500.0,10,250.0,405.0,2655.0,2023-07-17 20:35:54,2025-04-27 18:48:19
BOOK002158,CUST001994,HOT0176,ROOM001210,PROMO00148,2025-03-12,2025-04-26,2025-04-27,4,2,Expedia,Confirmed,INR,3500.0,5,175.0,598.5,3923.5,2025-12-23 02:48:15,2026-06-18 13:19:07
BOOK002159,CUST001744,HOT0247,ROOM001538,PROMO00350,2025-08-01,2025-09-28,2025-10-01,1,1,Walk-In,Confirmed,INR,30000.0,10,3000.0,4860.0,31860.0,2023-02-18 13:50:29,2023-08-04 22:55:59
BOOK002160,CUST003360,HOT0068,ROOM000056,PROMO00083,2026-01-16,2026-02-15,2026-02-20,2,1,Booking.com,Confirmed,AED,12500.0,15,1875.0,1912.5,12537.5,2024-06-01 18:01:15,2025-09-12 22:44:42
BOOK002161,CUST004930,HOT0127,ROOM001415,PROMO00040,2025-02-14,2025-02-22,2025-02-23,1,1,Travel Agent,Confirmed,GBP,7000.0,0,0.0,1260.0,8260.0,2026-05-21 16:23:58,2026-07-03 20:24:51
BOOK002162,CUST002275,HOT0219,ROOM000680,PROMO00166,2026-06-05,2026-07-23,2026-07-27,3,1,Expedia,Cancelled,GBP,14000.0,5,700.0,2394.0,15694.0,2020-10-15 14:13:19,2026-01-10 09:31:02
BOOK002163,CUST002642,HOT0089,ROOM001273,PROMO00084,2025-01-16,2025-03-12,2025-03-14,2,0,Travel Agent,Completed,SGD,5000.0,10,500.0,810.0,5310.0,2026-02-27 11:26:22,2026-07-02 18:56:07
BOOK002164,CUST004226,HOT0037,ROOM001981,PROMO00090,2025-03-05,2025-04-09,2025-04-13,3,0,Mobile App,Confirmed,INR,60000.0,15,9000.0,9180.0,60180.0,2025-01-29 16:43:10,2025-05-27 18:20:31
BOOK002165,CUST000020,HOT0059,ROOM001728,PROMO00373,2025-07-20,2025-08-02,2025-08-09,4,2,Mobile App,Cancelled,SGD,24500.0,20,4900.0,3528.0,23128.0,2025-08-18 07:57:41,2025-11-28 09:42:16
BOOK002166,CUST003568,HOT0026,ROOM000148,PROMO00073,2024-08-03,2024-09-15,2024-09-19,4,1,Website,Completed,EUR,28000.0,5,1400.0,4788.0,31388.0,2022-06-04 16:15:01,2024-10-05 22:49:03
BOOK002167,CUST004556,HOT0132,ROOM000179,PROMO00056,2025-02-05,2025-02-27,2025-03-01,3,0,Travel Agent,Confirmed,SGD,10000.0,0,0.0,1800.0,11800.0,2022-02-15 13:24:51,2023-05-27 15:48:07
BOOK002168,CUST003794,HOT0049,ROOM001706,PROMO00253,2026-02-07,2026-02-23,2026-03-02,1,0,Website,No Show,GBP,105000.0,10,10500.0,17010.0,111510.0,2021-10-07 04:29:33,2023-10-27 14:36:07
BOOK002169,CUST001424,HOT0206,ROOM000829,PROMO00246,2025-02-22,2025-04-07,2025-04-13,2,1,Booking.com,Confirmed,GBP,42000.0,15,6300.0,6426.0,42126.0,2022-12-22 06:09:15,2025-03-21 07:51:29
BOOK002170,CUST002528,HOT0017,ROOM001418,PROMO00440,2025-06-18,2025-06-24,2025-07-01,2,2,Expedia,Completed,GBP,49000.0,15,7350.0,7497.0,49147.0,2022-04-03 22:44:54,2024-07-19 21:40:54
BOOK002171,CUST002564,HOT0056,ROOM000335,PROMO00491,2026-04-05,2026-05-17,2026-05-21,1,0,Travel Agent,Completed,AED,28000.0,0,0.0,5040.0,33040.0,2023-07-15 06:58:39,2026-02-09 12:51:52
BOOK002172,CUST999999,HOT0115,ROOM001765,PROMO00412,2025-09-01,2025-09-23,2025-09-30,2,0,Booking.com,Cancelled,AED,49000.0,0,0.0,8820.0,57820.0,2024-05-08 22:38:18,2026-05-19 04:27:01
BOOK002173,CUST002003,HOT0003,ROOM001391,PROMO00350,2024-10-28,2024-12-05,2024-12-07,4,2,Website,Completed,SGD,20000.0,10,2000.0,3240.0,21240.0,2025-04-21 21:27:29,2026-04-04 23:57:42
BOOK002174,CUST001845,HOT0053,ROOM000613,PROMO00182,2026-04-16,2026-06-13,2026-06-18,1,1,Walk-In,Completed,INR,17500.0,0,0.0,3150.0,20650.0,2023-01-13 23:50:17,2023-07-08 00:51:04
BOOK002175,CUST001203,HOT0059,ROOM000243,PROMO00308,2024-08-16,2024-08-25,2024-08-26,4,1,Travel Agent,Completed,USD,15000.0,20,3000.0,2160.0,14160.0,2020-12-29 09:11:18,2022-08-17 16:59:57
BOOK002176,CUST001939,HOT0038,ROOM001028,PROMO00059,2025-01-31,2025-03-15,2025-03-18,2,0,Walk-In,Cancelled,EUR,45000.0,20,9000.0,6480.0,42480.0,2025-07-23 21:19:26,2026-04-05 05:40:04
BOOK002177,CUST001495,HOT0140,ROOM001595,PROMO00328,2025-07-23,2025-09-11,2025-09-17,4,2,Website,Cancelled,SGD,60000.0,20,12000.0,8640.0,56640.0,2021-05-29 13:23:54,2026-01-04 04:46:36
BOOK002178,CUST004824,HOT0179,ROOM001107,PROMO00303,2025-10-09,2025-11-03,2025-11-04,1,2,Travel Agent,Completed,EUR,3500.0,5,175.0,598.5,3923.5,2020-02-12 17:55:22,2023-03-13 21:37:58
BOOK002179,CUST001661,HOT0067,ROOM001634,PROMO00220,2024-09-09,2024-09-16,2024-09-21,3,0,Mobile App,No Show,GBP,75000.0,0,0.0,13500.0,88500.0,2024-10-03 13:36:18,2024-12-11 20:56:32
BOOK002180,CUST003789,HOT0172,ROOM001116,PROMO00257,2024-09-19,2024-10-24,2024-10-29,3,0,Travel Agent,Completed,GBP,12500.0,15,1875.0,1912.5,12537.5,2026-07-11 08:59:22,2026-07-25 01:07:55
BOOK002181,CUST000462,HOT0206,ROOM001864,PROMO00211,2026-05-23,2026-07-17,2026-07-19,3,0,Website,Confirmed,EUR,14000.0,10,1400.0,2268.0,14868.0,2022-09-03 16:17:05,2024-06-18 07:43:25
BOOK002182,CUST004840,HOT0017,ROOM001791,PROMO00027,2026-01-22,2026-03-16,2026-03-21,2,0,Mobile App,Completed,EUR,17500.0,20,3500.0,2520.0,16520.0,2026-07-13 10:30:00,2026-07-29 10:04:05
BOOK002183,CUST003378,HOT0152,ROOM000398,PROMO00352,2024-07-31,2024-09-01,2024-09-02,2,0,Expedia,Completed,GBP,15000.0,5,750.0,2565.0,16815.0,2021-02-19 15:55:45,2025-02-22 04:25:29
BOOK002184,CUST004642,HOT0075,ROOM000134,PROMO00130,2024-08-14,2024-08-31,2024-09-01,2,0,Travel Agent,Completed,AED,3500.0,15,525.0,535.5,3510.5,2021-08-08 01:35:13,2025-03-09 15:05:25
BOOK002185,CUST000086,HOT0221,ROOM001193,PROMO00027,2026-04-16,2026-05-29,2026-04-16,3,1,Website,Completed,SGD,60000.0,5,3000.0,10260.0,67260.0,2023-07-05 02:31:27,2023-08-22 21:35:11
BOOK002186,CUST004529,HOT0209,ROOM001579,PROMO00158,2025-05-27,2025-07-23,2025-07-29,4,0,Travel Agent,Completed,GBP,15000.0,5,750.0,2565.0,16815.0,2024-10-12 10:18:36,2026-02-12 20:48:16
BOOK002187,CUST002476,HOT0148,ROOM000503,PROMO00203,2025-12-27,2026-02-17,2026-02-21,4,2,Walk-In,Completed,,20000.0,15,3000.0,3060.0,20060.0,2025-07-16 21:29:09,2026-07-17 19:38:08
BOOK002188,CUST002293,HOT0234,ROOM001727,PROMO00475,2025-02-26,2025-03-18,2025-03-20,3,2,Walk-In,Confirmed,AED,5000.0,15,750.0,765.0,5015.0,2024-12-31 17:05:22,2025-10-13 17:40:59
BOOK002189,CUST003402,HOT0059,ROOM000800,PROMO00053,2025-07-23,2025-09-14,2025-09-16,1,1,Expedia,Completed,EUR,30000.0,20,6000.0,4320.0,28320.0,2025-08-23 07:14:55,2025-09-05 08:03:19
BOOK002190,CUST004950,HOT0223,ROOM000224,PROMO00265,2024-07-29,2024-08-17,2024-08-24,1,2,Mobile App,Completed,EUR,105000.0,0,0.0,18900.0,123900.0,2025-11-05 06:55:34,2026-05-02 13:37:07
BOOK002191,CUST003296,HOT0125,ROOM001475,PROMO00067,2025-04-18,2025-05-12,2025-05-17,4,2,Website,Completed,GBP,35000.0,10,3500.0,5670.0,37170.0,2022-03-30 06:10:57,2026-04-11 08:40:32
BOOK002192,CUST003387,HOT0239,ROOM001675,PROMO00500,2026-05-08,2026-06-25,2026-06-29,3,2,Walk-In,Cancelled,AED,28000.0,5,1400.0,4788.0,31388.0,2024-04-19 20:12:09,2026-01-14 21:21:23
BOOK002193,CUST001091,HOT0077,ROOM000143,PROMO00345,2026-02-18,2026-03-25,2026-03-28,1,2,Mobile App,Completed,GBP,21000.0,5,1050.0,3591.0,23541.0,2021-09-14 06:04:39,2023-01-05 22:20:05
BOOK002194,CUST002709,HOT0186,ROOM001882,PROMO00249,2026-01-17,2026-03-10,2026-03-12,3,1,Walk-In,Completed,AED,7000.0,5,350.0,1197.0,7847.0,2020-11-04 19:10:05,2022-07-26 06:02:19
BOOK002195,CUST001141,HOT0061,ROOM001625,PROMO00161,2026-06-27,2026-07-04,2026-07-10,1,0,Travel Agent,Completed,EUR,90000.0,20,18000.0,12960.0,84960.0,2024-02-07 03:25:00,2026-03-29 11:12:14
BOOK002196,CUST003794,HOT0033,ROOM001059,PROMO00290,2025-07-29,2025-09-24,2025-09-29,2,2,Travel Agent,No Show,SGD,12500.0,0,0.0,2250.0,14750.0,2020-03-15 11:38:53,2023-03-30 02:53:11
BOOK002197,CUST000234,HOT0244,ROOM000585,PROMO00475,2025-10-15,2025-10-30,2025-11-01,1,1,Booking.com,Completed,AED,10000.0,15,1500.0,1530.0,10030.0,2022-02-27 16:31:05,2023-09-22 16:00:43
BOOK002198,CUST000792,HOT0170,ROOM001131,PROMO00172,2024-12-16,2025-02-10,2025-02-12,4,2,Booking.com,No Show,AED,10000.0,5,500.0,1710.0,11210.0,2022-06-09 17:34:47,2024-08-03 23:03:20
BOOK002199,CUST000583,HOT0214,ROOM001200,PROMO00030,2025-07-07,2025-08-25,2025-08-28,1,1,Expedia,Confirmed,SGD,45000.0,15,6750.0,6885.0,45135.0,2023-08-15 03:33:01,2025-02-02 06:41:42
BOOK002200,CUST003900,HOT0132,ROOM000407,PROMO00292,2025-02-06,2025-04-04,2025-04-09,3,2,Mobile App,No Show,SGD,17500.0,5,875.0,2992.5,19617.5,2025-07-11 12:18:03,2026-06-28 03:44:01
BOOK002201,CUST004145,HOT0078,ROOM000956,PROMO00280,2024-11-24,2024-12-24,2024-12-30,2,0,Walk-In,Cancelled,AED,42000.0,0,0.0,7560.0,49560.0,2020-10-25 05:10:08,2025-04-04 10:31:24
BOOK002202,CUST002068,HOT0103,ROOM000054,PROMO00077,2025-12-08,2025-12-16,2025-12-21,2,0,Website,Cancelled,EUR,25000.0,10,2500.0,4050.0,26550.0,2023-03-26 10:33:12,2023-11-22 14:16:31
BOOK002203,CUST001657,HOT0211,ROOM001543,PROMO00127,2024-10-21,2024-11-05,2024-11-07,3,0,Mobile App,Cancelled,AED,20000.0,10,2000.0,3240.0,21240.0,2020-10-20 16:30:00,2024-01-21 12:56:19
BOOK002204,CUST000359,HOT0047,ROOM000981,PROMO00431,2026-03-13,2026-05-03,2026-05-09,3,1,Booking.com,Completed,GBP,60000.0,0,0.0,10800.0,70800.0,2021-07-07 20:36:43,2024-05-03 19:23:32
BOOK002205,CUST004855,HOT0119,ROOM000640,PROMO00149,2024-10-05,2024-11-07,2024-11-13,2,1,Website,Completed,USD,30000.0,20,6000.0,4320.0,28320.0,2025-06-11 11:49:20,2026-03-18 10:43:13
BOOK002206,CUST004807,HOT0081,ROOM001810,PROMO00398,2026-07-23,2026-09-11,2026-09-14,1,1,Walk-In,Completed,GBP,30000.0,15,4500.0,4590.0,30090.0,2025-07-01 02:07:14,2026-02-21 15:58:34
BOOK002207,CUST001558,HOT0110,ROOM000843,PROMO00196,2026-04-18,2026-04-20,2026-04-24,1,1,Walk-In,Confirmed,USD,60000.0,5,3000.0,10260.0,67260.0,2022-09-04 16:25:36,2026-06-15 13:27:00
BOOK002208,CUST001965,HOT0057,ROOM001892,PROMO00485,2025-12-05,2025-12-30,2026-01-02,4,1,Mobile App,Completed,EUR,21000.0,0,0.0,3780.0,24780.0,2026-03-07 05:16:18,2026-06-04 12:51:14
BOOK002209,CUST001780,HOT0081,ROOM000036,PROMO00400,2024-11-03,2024-11-14,2024-11-16,4,2,Expedia,No Show,GBP,7000.0,5,350.0,1197.0,7847.0,2020-10-17 14:27:10,2024-02-15 11:48:48
BOOK002210,CUST000781,HOT0183,ROOM000672,PROMO00238,2025-04-18,2025-05-16,2025-05-17,1,1,Mobile App,Completed,USD,10000.0,15,1500.0,1530.0,10030.0,2021-12-31 14:44:37,2022-08-21 01:13:48
BOOK002211,CUST002860,HOT0200,ROOM001202,PROMO00480,2026-01-29,2026-03-30,2026-04-01,4,2,Booking.com,No Show,INR,5000.0,20,1000.0,720.0,4720.0,2025-11-04 15:11:38,2026-01-26 15:38:17
BOOK002212,CUST003064,HOT0077,ROOM001732,PROMO00468,2025-10-05,2025-10-19,2025-10-22,1,1,Website,Completed,SGD,21000.0,10,2100.0,3402.0,22302.0,2025-10-17 22:35:53,2026-06-20 11:58:29
BOOK002213,CUST001934,HOT0012,ROOM001894,PROMO00459,2025-01-05,2025-02-17,2025-02-18,3,2,Website,Completed,AED,5000.0,0,0.0,900.0,5900.0,2024-01-30 08:51:24,2025-09-14 19:00:02
BOOK002214,CUST000680,HOT0140,ROOM001104,PROMO00145,2026-05-06,2026-05-15,2026-05-22,3,2,Website,Completed,SGD,49000.0,15,7350.0,7497.0,49147.0,2025-05-29 20:39:06,2025-09-05 00:51:52
BOOK002215,CUST000085,HOT0226,ROOM000482,PROMO00302,2025-06-14,2025-07-11,2025-07-17,2,1,Booking.com,Confirmed,INR,90000.0,0,0.0,16200.0,106200.0,2023-03-11 22:58:21,2023-07-04 03:07:51
BOOK002216,CUST002998,HOT0114,ROOM000186,PROMO00482,2025-12-02,2026-01-04,2026-01-08,3,1,Walk-In,Cancelled,SGD,10000.0,20,2000.0,1440.0,9440.0,2024-12-22 15:40:38,2026-07-11 11:26:03
BOOK002217,CUST002509,HOT0024,ROOM000564,PROMO00117,2024-08-03,2024-09-17,2024-09-21,3,1,Mobile App,Cancelled,EUR,20000.0,20,4000.0,2880.0,18880.0,2026-03-17 14:40:13,2026-03-22 10:19:53
BOOK002218,CUST002518,HOT0073,ROOM001826,PROMO00261,2025-10-10,2025-11-17,2025-11-24,1,2,Walk-In,Completed,SGD,49000.0,10,4900.0,7938.0,52038.0,2026-07-25 15:21:32,2026-07-29 10:31:24
BOOK002219,CUST001276,HOT0202,ROOM001030,PROMO00362,2026-01-31,2026-02-13,2026-02-17,1,1,Expedia,Completed,GBP,14000.0,5,700.0,2394.0,-15694.0,2023-08-06 03:48:40,2024-03-03 00:05:31
BOOK002220,CUST000124,HOT0200,ROOM000859,PROMO00170,2026-02-13,2026-03-02,2026-03-08,4,0,Mobile App,No Show,GBP,42000.0,15,6300.0,6426.0,42126.0,2024-02-23 01:06:04,2025-09-09 22:52:55
BOOK002221,CUST002412,HOT0162,ROOM001850,PROMO00133,2025-10-25,2025-11-28,2025-12-04,3,2,Travel Agent,Completed,SGD,30000.0,20,6000.0,4320.0,28320.0,2024-08-21 20:31:59,2025-09-27 03:50:10
BOOK002222,CUST003507,HOT0195,ROOM000012,PROMO00002,2026-04-17,2026-06-01,2026-06-02,3,0,Mobile App,Completed,AED,5000.0,20,1000.0,720.0,4720.0,2023-03-21 07:41:26,2024-04-10 23:02:16
BOOK002223,CUST002902,HOT0135,ROOM001154,PROMO00373,2024-12-02,2025-01-18,2025-01-21,3,2,Travel Agent,Completed,EUR,15000.0,0,0.0,2700.0,17700.0,2024-05-22 23:34:52,2025-01-31 17:40:00
BOOK002224,CUST000144,HOT0059,ROOM001146,PROMO00093,2026-03-13,2026-04-22,2026-04-27,1,2,Expedia,Completed,INR,25000.0,10,2500.0,4050.0,26550.0,2024-04-21 12:21:47,2025-03-21 13:00:42
BOOK002225,CUST003916,HOT0152,ROOM000483,PROMO00221,2024-09-25,2024-10-20,2024-10-23,4,2,Mobile App,Completed,INR,21000.0,15,3150.0,3213.0,21063.0,2024-12-26 02:50:43,2025-07-06 19:47:43
BOOK002226,CUST001765,HOT0016,ROOM001460,PROMO00218,2025-05-20,2025-06-03,2025-06-08,1,1,Expedia,Completed,SGD,17500.0,15,2625.0,2677.5,17552.5,2020-01-03 01:45:52,2021-12-25 19:47:36
BOOK002227,CUST002074,HOT0166,ROOM000696,PROMO00471,2024-10-24,2024-11-15,2024-11-16,3,1,Walk-In,Completed,,10000.0,10,1000.0,1620.0,10620.0,2022-04-05 10:38:25,2022-10-02 09:50:56
BOOK002228,CUST003509,HOT0170,ROOM001131,PROMO00293,2025-10-13,2025-12-09,2025-12-11,2,0,Mobile App,Completed,AED,10000.0,0,0.0,1800.0,11800.0,2020-10-14 18:56:34,2022-11-17 00:00:45
BOOK002229,CUST003712,HOT0027,ROOM001691,PROMO00206,2025-06-06,2025-07-25,2025-07-31,2,0,Walk-In,Completed,EUR,90000.0,5,4500.0,15390.0,100890.0,2024-04-17 03:20:49,2025-06-08 19:29:01
BOOK002230,CUST004866,HOT0091,ROOM000907,PROMO00480,2026-05-20,2026-06-05,2026-06-12,4,1,Expedia,Cancelled,EUR,49000.0,10,4900.0,7938.0,52038.0,2026-05-07 03:22:20,2026-06-26 16:58:57
BOOK002231,CUST004662,HOT0019,ROOM001568,PROMO00200,2026-05-19,2026-07-18,2026-07-20,1,1,Website,Completed,GBP,5000.0,20,1000.0,720.0,4720.0,2023-10-05 21:39:46,2026-06-05 11:35:55
BOOK002232,CUST001682,HOT0098,ROOM000656,PROMO00312,2024-11-19,2024-12-15,2024-12-20,3,0,Website,Completed,SGD,35000.0,0,0.0,6300.0,41300.0,2022-07-12 00:51:54,2026-07-18 16:03:41
BOOK002233,CUST004465,HOT0088,ROOM000730,PROMO00010,2025-07-01,2025-08-13,2025-08-20,1,2,Travel Agent,Cancelled,AED,70000.0,0,0.0,12600.0,82600.0,2020-03-19 09:34:21,2023-02-19 03:21:23
BOOK002234,CUST004986,HOT0184,ROOM001308,PROMO00036,2025-11-10,2025-12-29,2026-01-01,2,2,Walk-In,Confirmed,SGD,30000.0,10,3000.0,4860.0,31860.0,2021-10-10 04:59:47,2024-09-16 15:34:26
BOOK002235,CUST000476,HOT0030,ROOM000644,PROMO00183,2024-12-01,2024-12-16,2024-12-19,1,2,Walk-In,Cancelled,USD,7500.0,10,750.0,1215.0,7965.0,2024-09-05 03:35:05,2026-03-15 19:12:22
BOOK002236,CUST004533,HOT0036,ROOM001665,PROMO00331,2024-12-05,2025-01-27,2025-02-01,3,0,Booking.com,Confirmed,GBP,17500.0,20,3500.0,2520.0,16520.0,2021-07-27 03:20:28,2024-10-07 14:22:40
BOOK002237,CUST002437,HOT0027,ROOM000939,PROMO00359,2025-03-28,2025-05-26,2025-05-28,3,0,Website,Completed,EUR,7000.0,20,1400.0,1008.0,6608.0,2021-05-23 17:10:28,2021-10-24 14:42:02
BOOK002238,CUST003427,HOT0068,ROOM000893,PROMO00248,2024-08-05,2024-08-22,2024-08-23,3,1,Travel Agent,Confirmed,EUR,3500.0,0,0.0,630.0,4130.0,2024-03-25 02:25:39,2024-07-11 00:20:56
BOOK002239,CUST001818,HOT0132,ROOM000757,PROMO00398,2025-12-24,2026-02-09,2026-02-14,3,2,Walk-In,Cancelled,EUR,17500.0,0,0.0,3150.0,20650.0,2023-09-24 07:34:49,2025-11-04 07:07:22
BOOK002240,CUST003916,HOT0162,ROOM000978,PROMO00045,2025-12-27,2026-02-14,2026-02-17,1,1,Website,Cancelled,USD,10500.0,15,1575.0,1606.5,10531.5,2021-03-24 15:32:34,2025-01-22 01:21:04
BOOK002241,CUST002281,HOT0069,ROOM001005,PROMO00431,2025-10-05,2025-10-23,2025-10-25,2,1,Website,Completed,USD,5000.0,20,1000.0,720.0,4720.0,2025-08-11 03:50:57,2025-09-07 15:31:55
BOOK002242,CUST000296,HOT0024,ROOM001218,PROMO00274,2026-03-26,2026-04-10,2026-04-17,1,1,Booking.com,Completed,SGD,17500.0,10,1750.0,2835.0,18585.0,2023-10-09 10:30:44,2024-06-17 06:33:19
BOOK002243,CUST003916,HOT0063,ROOM001745,PROMO00399,2026-07-28,2026-08-03,2026-08-04,2,2,Mobile App,Completed,GBP,10000.0,5,500.0,1710.0,11210.0,2025-09-09 22:10:37,2026-01-30 17:47:38
BOOK002244,CUST999999,HOT0087,ROOM000184,PROMO00120,2025-01-12,2025-02-17,2025-02-24,2,0,Website,Completed,INR,49000.0,15,7350.0,7497.0,49147.0,2023-08-04 07:28:28,2025-11-08 14:32:32
BOOK002245,CUST003966,HOT0084,ROOM000124,PROMO00383,2026-02-10,2026-04-04,2026-04-11,4,2,Walk-In,Confirmed,GBP,70000.0,0,0.0,12600.0,82600.0,2021-09-02 06:39:38,2023-02-22 20:09:59
BOOK002246,CUST003904,HOT0240,ROOM000053,PROMO00303,2026-02-15,2026-03-19,2026-03-26,3,1,Expedia,Cancelled,EUR,17500.0,10,1750.0,2835.0,18585.0,2021-09-25 07:57:04,2022-04-21 14:40:00
BOOK002247,CUST002521,HOT0156,ROOM000379,PROMO00459,2025-07-24,2025-07-30,2025-08-03,3,1,Website,Completed,GBP,14000.0,15,2100.0,2142.0,14042.0,2025-01-02 02:31:26,2025-09-26 22:58:38
BOOK002248,CUST001132,HOT0025,ROOM001320,PROMO00056,2025-06-01,2025-06-11,2025-06-14,2,1,Website,Cancelled,EUR,45000.0,10,4500.0,7290.0,47790.0,2022-08-26 10:10:07,2024-10-22 19:33:25
BOOK002249,CUST001053,HOT0048,ROOM001545,PROMO00219,2025-06-20,2025-07-05,2025-07-06,2,2,Expedia,Completed,GBP,2500.0,10,250.0,405.0,2655.0,2025-03-06 14:38:12,2025-03-25 06:01:22
BOOK002250,CUST002501,HOT0088,ROOM000530,PROMO00165,2026-04-11,2026-05-09,2026-05-15,2,2,Mobile App,Completed,GBP,21000.0,10,2100.0,3402.0,22302.0,2024-10-08 07:29:06,2025-05-29 01:11:30
BOOK002251,CUST002926,HOT0247,ROOM000852,PROMO00369,2025-06-17,2025-07-23,2025-07-28,3,0,Expedia,No Show,INR,25000.0,20,5000.0,3600.0,23600.0,2022-08-17 08:44:43,2022-08-31 01:58:24
BOOK002252,CUST003175,HOT0035,ROOM000449,PROMO00080,2024-08-02,2024-09-20,2024-09-26,1,1,Walk-In,Completed,SGD,15000.0,10,1500.0,2430.0,15930.0,2021-11-26 05:40:51,2026-07-29 07:02:20
BOOK002253,CUST003401,HOT0250,ROOM001612,PROMO00171,2025-10-30,2025-11-09,2025-11-11,2,0,Booking.com,No Show,EUR,20000.0,10,2000.0,3240.0,21240.0,2023-09-18 14:27:08,2025-01-04 18:19:55
BOOK002254,CUST000090,HOT0151,ROOM000451,PROMO00443,2025-06-12,2025-07-08,2025-07-14,1,1,Walk-In,Completed,USD,90000.0,20,18000.0,12960.0,84960.0,2020-11-04 19:31:06,2025-11-29 19:08:46
BOOK002255,CUST001404,HOT0146,ROOM000555,PROMO00463,2025-07-13,2025-08-11,2025-08-17,1,0,Expedia,Completed,INR,42000.0,0,0.0,7560.0,49560.0,2024-01-19 16:14:38,2026-06-06 06:57:26
BOOK002256,CUST003914,HOT0228,ROOM001275,PROMO00498,2026-06-11,2026-07-13,2026-07-17,1,2,Mobile App,Completed,GBP,14000.0,5,700.0,2394.0,15694.0,2025-02-26 06:59:12,2025-05-22 00:24:10
BOOK002257,CUST003953,HOT0173,ROOM001531,PROMO00394,2026-03-22,2026-04-29,2026-05-06,2,1,Expedia,Confirmed,EUR,70000.0,0,0.0,12600.0,82600.0,2022-08-24 13:50:37,2022-11-02 21:29:05
BOOK002258,CUST003929,HOT0225,ROOM001419,PROMO00073,2026-04-08,2026-05-20,2026-05-24,4,1,Website,Completed,EUR,60000.0,5,3000.0,10260.0,67260.0,2021-10-08 14:24:49,2022-02-07 13:35:29
BOOK002259,CUST000005,HOT0218,ROOM000549,PROMO00416,2024-10-13,2024-11-11,2024-11-17,3,1,Booking.com,Confirmed,EUR,30000.0,0,0.0,5400.0,35400.0,2023-12-12 21:12:13,2025-10-16 15:40:24
BOOK002260,CUST004340,HOT0120,ROOM001388,PROMO00487,2025-03-09,2025-03-25,2025-03-29,4,0,Travel Agent,Cancelled,GBP,20000.0,20,4000.0,2880.0,18880.0,2023-09-27 06:08:59,2026-05-05 01:09:11
BOOK002261,CUST001465,HOT0046,ROOM001664,PROMO00266,2025-04-02,2025-04-20,2025-04-25,4,0,Website,Confirmed,USD,12500.0,20,2500.0,1800.0,11800.0,2025-04-28 18:23:07,2026-04-29 17:47:10
BOOK002262,CUST000743,HOT0163,ROOM001175,PROMO00022,2026-04-21,2026-05-28,2026-05-30,1,2,Travel Agent,Completed,EUR,20000.0,5,1000.0,3420.0,22420.0,2020-06-16 23:45:12,2021-10-22 13:55:05
BOOK002263,CUST002835,HOT0032,ROOM001565,PROMO00224,2025-10-01,2025-10-25,2025-10-27,4,0,Website,Completed,GBP,30000.0,5,1500.0,5130.0,33630.0,2026-05-06 02:19:06,2026-06-21 07:09:57
BOOK002264,CUST001465,HOT0051,ROOM001279,PROMO00476,2025-01-12,2025-02-10,2025-02-15,4,1,Walk-In,Completed,SGD,17500.0,5,875.0,2992.5,19617.5,2021-11-25 10:12:06,2025-11-27 20:57:14
BOOK002265,CUST000614,HOT0148,ROOM000276,PROMO00123,2026-05-07,2026-07-04,2026-07-08,3,0,Mobile App,Completed,USD,14000.0,5,700.0,2394.0,15694.0,2021-02-17 17:04:44,2026-07-17 23:05:20
BOOK002266,CUST003829,HOT0178,ROOM000236,PROMO00183,2025-03-11,2025-05-06,2025-05-09,4,0,Walk-In,Cancelled,INR,30000.0,15,4500.0,4590.0,30090.0,2023-08-26 18:48:31,2025-06-24 15:50:26
BOOK002267,CUST002362,HOT0109,ROOM001907,PROMO00257,2024-10-15,2024-11-24,2024-12-01,1,2,Walk-In,Completed,EUR,70000.0,5,3500.0,11970.0,78470.0,2024-01-06 16:48:13,2025-11-28 22:12:04
BOOK002268,CUST004718,HOT0190,ROOM000833,PROMO00013,2025-07-08,2025-08-17,2025-08-19,3,2,Travel Agent,Completed,INR,30000.0,15,4500.0,4590.0,30090.0,2024-07-21 22:13:08,2025-01-22 09:15:58
BOOK002269,CUST004582,HOT0085,ROOM000824,PROMO00198,2025-09-21,2025-10-09,2025-10-16,3,1,Mobile App,Completed,EUR,105000.0,20,21000.0,15120.0,99120.0,2020-04-26 13:43:30,2026-01-26 17:18:35
BOOK002270,CUST000398,HOT0013,ROOM001310,PROMO00313,2025-06-02,2025-07-10,2025-07-11,1,2,Mobile App,Confirmed,SGD,3500.0,20,700.0,504.0,3304.0,2022-02-18 10:41:45,2025-05-01 16:31:38
BOOK002271,CUST004079,HOT0014,ROOM001872,PROMO00246,2024-11-09,2024-12-27,2025-01-01,4,0,Booking.com,Completed,EUR,17500.0,0,0.0,3150.0,20650.0,2024-11-29 04:12:20,2025-01-08 15:02:43
BOOK002272,CUST001650,HOT0046,ROOM000944,PROMO00011,2025-11-21,2025-12-14,2025-12-16,1,2,Expedia,Confirmed,SGD,14000.0,0,0.0,2520.0,16520.0,2024-07-01 02:21:15,2025-06-02 20:54:42
BOOK002273,CUST003913,HOT0193,ROOM000744,PROMO00410,2025-08-26,2025-09-18,2025-09-19,4,1,Mobile App,Completed,SGD,2500.0,10,250.0,405.0,2655.0,2020-12-23 03:41:04,2023-01-25 12:25:31
BOOK002274,CUST000752,HOT0018,ROOM001121,PROMO00493,2025-08-26,2025-09-04,2025-09-07,4,0,Walk-In,Completed,GBP,15000.0,5,750.0,2565.0,16815.0,2020-08-31 10:38:26,2021-07-04 07:56:09
BOOK002275,CUST003019,HOT0041,ROOM001681,PROMO00420,2025-05-16,2025-06-22,2025-06-27,1,1,Walk-In,No Show,USD,12500.0,15,1875.0,1912.5,12537.5,2020-03-10 23:13:21,2022-08-22 09:13:53
BOOK002276,CUST004216,HOT0121,ROOM001249,PROMO00304,2025-03-06,2025-03-20,2025-03-23,2,2,Mobile App,Completed,INR,45000.0,10,4500.0,7290.0,47790.0,2023-06-08 06:36:02,2023-07-03 05:43:56
BOOK002277,CUST001804,HOT0186,ROOM001628,PROMO00228,2024-09-18,2024-09-24,2024-09-26,3,0,Expedia,Confirmed,EUR,14000.0,20,2800.0,2016.0,13216.0,2021-09-13 20:44:24,2023-11-11 17:22:09
BOOK002278,CUST003577,HOT0054,ROOM000813,PROMO00307,2025-04-17,2025-05-25,2025-05-27,2,1,Mobile App,Completed,EUR,10000.0,0,0.0,1800.0,11800.0,2023-08-22 05:26:09,2025-02-24 07:00:33
BOOK002279,CUST003202,HOT0124,ROOM000704,PROMO00089,2026-04-22,2026-04-25,2026-04-29,2,2,Website,Completed,INR,10000.0,10,1000.0,1620.0,10620.0,2024-01-02 05:23:43,2025-02-27 17:47:36
BOOK002280,CUST004464,HOT0044,ROOM000892,PROMO00181,2024-11-19,2024-12-23,2024-12-27,1,1,Website,Completed,GBP,28000.0,20,5600.0,4032.0,26432.0,2025-03-13 18:22:54,2025-11-17 05:05:11
BOOK002281,CUST000665,HOT0151,ROOM001947,PROMO00311,2026-01-19,2026-02-23,2026-02-24,2,1,Booking.com,Completed,SGD,2500.0,20,500.0,360.0,2360.0,2024-03-14 15:33:32,2025-11-20 23:47:30
BOOK002282,CUST003959,HOT0094,ROOM001296,PROMO00087,2024-12-10,2024-12-21,2024-12-25,4,2,Travel Agent,Completed,SGD,20000.0,0,0.0,3600.0,23600.0,2024-05-18 09:26:48,2025-11-01 02:42:57
BOOK002283,CUST000282,HOT0003,ROOM001717,PROMO00462,2025-04-29,2025-06-24,2025-06-26,3,2,Mobile App,Cancelled,USD,5000.0,10,500.0,810.0,5310.0,2025-01-18 04:55:49,2026-06-15 05:27:41
BOOK002284,CUST004036,HOT0021,ROOM000871,PROMO00481,2025-01-19,2025-03-05,2025-03-10,4,0,Booking.com,Completed,INR,50000.0,20,10000.0,7200.0,47200.0,2023-06-13 19:49:40,2026-05-10 08:21:02
BOOK002285,CUST003694,HOT0114,ROOM000409,PROMO00492,2026-04-02,2026-04-10,2026-04-17,2,2,Booking.com,Completed,SGD,35000.0,15,5250.0,5355.0,35105.0,2023-11-21 14:24:00,2024-06-12 09:30:59
BOOK002286,CUST000049,HOT0160,ROOM000234,PROMO00057,2025-08-18,2025-08-28,2025-08-29,3,2,Website,Completed,AED,3500.0,10,350.0,567.0,3717.0,2020-07-16 21:38:35,2023-12-11 10:24:20
BOOK002287,CUST000112,HOT0032,ROOM000310,PROMO00211,2025-11-10,2025-12-17,2025-12-20,1,0,Expedia,Completed,GBP,10500.0,10,1050.0,1701.0,11151.0,2022-03-13 05:29:56,2024-11-25 08:47:12
BOOK002288,CUST003153,HOT0034,ROOM001172,PROMO00256,2025-01-26,2025-02-13,2025-02-16,4,2,Walk-In,Confirmed,EUR,7500.0,15,1125.0,1147.5,7522.5,2026-07-01 17:32:40,2026-07-08 04:00:07
BOOK002289,CUST001168,HOT0202,ROOM000028,PROMO00141,2025-12-05,2025-12-10,2025-12-17,4,1,Website,Cancelled,SGD,49000.0,15,7350.0,7497.0,49147.0,2024-08-25 10:44:57,2025-11-30 01:35:00
BOOK002290,CUST001317,HOT0025,ROOM001918,PROMO00038,2025-02-11,2025-03-15,2025-03-19,1,2,Walk-In,Cancelled,GBP,40000.0,5,2000.0,6840.0,44840.0,2022-07-26 14:05:45,2023-12-22 16:53:37
BOOK002291,CUST000516,HOT0035,ROOM000018,PROMO00346,2026-06-25,2026-08-06,2026-08-08,1,2,Website,Confirmed,AED,20000.0,15,3000.0,3060.0,20060.0,2025-11-15 03:41:10,2026-07-28 04:41:15
BOOK002292,CUST004675,HOT0128,ROOM001761,PROMO00362,2026-07-08,2026-08-11,2026-08-17,4,1,Expedia,Completed,INR,15000.0,15,2250.0,2295.0,15045.0,2021-04-26 09:12:08,2024-07-17 17:12:16
BOOK002293,CUST000830,HOT0052,ROOM000732,PROMO00141,2025-02-20,2025-03-23,2025-03-28,2,2,Travel Agent,Completed,INR,75000.0,20,15000.0,10800.0,70800.0,2021-02-19 05:09:56,2022-04-09 19:54:43
BOOK002294,CUST000704,HOT0146,ROOM000476,PROMO00170,2025-12-06,2025-12-31,2026-01-05,4,0,Travel Agent,Confirmed,GBP,75000.0,20,15000.0,10800.0,70800.0,2021-07-02 22:47:14,2021-11-09 07:25:02
BOOK002295,CUST000090,HOT0102,ROOM001350,PROMO00412,2026-03-28,2026-05-23,2026-05-26,3,1,Expedia,Completed,SGD,10500.0,10,1050.0,1701.0,11151.0,2023-12-29 10:49:49,2025-03-31 13:00:52
BOOK002296,CUST000063,HOT0188,ROOM000356,PROMO00173,2026-04-08,2026-05-25,2026-05-27,4,0,Booking.com,Completed,SGD,10000.0,20,2000.0,1440.0,9440.0,2020-12-08 00:25:26,2021-02-16 12:50:52
BOOK002297,CUST000838,HOT0196,ROOM001838,PROMO00386,2025-11-10,2026-01-09,2026-01-10,4,0,Walk-In,Completed,INR,5000.0,15,750.0,765.0,5015.0,2020-04-02 00:52:00,2024-06-24 02:12:37
BOOK002298,CUST001062,HOT0061,ROOM000536,PROMO00388,2025-01-03,2025-01-31,2025-02-04,1,1,Mobile App,Cancelled,GBP,20000.0,10,2000.0,3240.0,21240.0,2023-12-07 00:31:45,2025-12-26 19:49:00
BOOK002299,CUST003161,HOT0111,ROOM001261,PROMO00296,2026-05-18,2026-06-01,2026-06-04,3,0,Mobile App,Completed,GBP,7500.0,5,375.0,1282.5,8407.5,2024-06-24 10:00:55,2024-07-12 09:07:53
BOOK002300,CUST004465,HOT0117,ROOM001763,PROMO00174,2025-12-11,2025-12-23,2025-12-26,2,1,Booking.com,Confirmed,USD,30000.0,0,0.0,5400.0,35400.0,2023-06-16 00:42:07,2023-08-22 22:48:12
BOOK002301,CUST000063,HOT0053,ROOM000613,PROMO00449,2025-06-01,2025-06-21,2025-06-27,3,0,Booking.com,Confirmed,AED,21000.0,20,4200.0,3024.0,19824.0,2022-11-13 12:58:16,2023-05-28 01:05:29
BOOK002302,CUST001378,HOT0084,ROOM000124,PROMO00455,2025-03-10,2025-03-22,2025-03-24,1,2,Walk-In,Confirmed,SGD,20000.0,0,0.0,3600.0,23600.0,2020-06-14 10:56:56,2024-06-14 01:57:42
BOOK002303,CUST000772,HOT0250,ROOM000370,PROMO00482,2025-10-28,2025-11-13,2025-11-16,3,0,Walk-In,Cancelled,SGD,45000.0,10,4500.0,7290.0,47790.0,2020-10-20 01:39:36,2024-08-11 17:53:29
BOOK002304,CUST002113,HOT0139,ROOM000965,PROMO00294,2024-11-03,2024-12-30,2025-01-03,1,0,Travel Agent,Completed,INR,20000.0,20,4000.0,2880.0,18880.0,2021-03-20 12:59:59,2021-09-04 16:59:59
BOOK002305,CUST001249,HOT0241,ROOM000068,PROMO00181,2026-04-27,2026-06-10,2026-06-15,3,0,Mobile App,No Show,EUR,75000.0,5,3750.0,12825.0,84075.0,2022-05-05 16:09:34,2024-12-11 05:34:47
BOOK002306,CUST002539,HOT0091,ROOM000601,PROMO00444,2026-07-27,2026-08-24,2026-08-27,2,1,Booking.com,Cancelled,SGD,7500.0,15,1125.0,1147.5,7522.5,2026-04-28 18:14:05,2026-06-28 11:57:20
BOOK002307,CUST002180,HOT0133,ROOM001851,PROMO00089,2025-06-28,2025-08-12,2025-08-13,1,0,Booking.com,Completed,GBP,15000.0,15,2250.0,2295.0,15045.0,2024-01-03 19:03:42,2024-02-24 18:52:20
BOOK002308,CUST002273,HOT0010,ROOM000991,PROMO00382,2025-02-26,2025-03-06,2025-03-12,2,1,Booking.com,Confirmed,EUR,60000.0,15,9000.0,9180.0,60180.0,2026-05-01 11:56:13,2026-05-30 10:07:43
BOOK002309,CUST002136,HOT0214,ROOM001268,PROMO00279,2024-12-30,2025-01-19,2025-01-26,4,2,Walk-In,Confirmed,AED,35000.0,0,0.0,6300.0,41300.0,2021-02-01 05:42:51,2025-10-14 20:48:42
BOOK002310,CUST000398,HOT0097,ROOM000584,PROMO00259,2025-08-03,2025-08-26,2025-08-29,2,2,Booking.com,Completed,AED,10500.0,10,1050.0,1701.0,11151.0,2023-09-04 20:03:05,2024-09-13 21:50:28
BOOK002311,CUST000326,HOT0125,ROOM001475,PROMO00366,2026-02-20,2026-02-27,2026-03-04,4,2,Website,Confirmed,EUR,35000.0,0,0.0,6300.0,41300.0,2020-07-08 12:09:56,2020-10-26 13:14:06
BOOK002312,CUST000849,HOT0226,ROOM000482,PROMO00001,2026-01-23,2026-03-12,2026-03-16,1,2,Travel Agent,Completed,GBP,60000.0,0,0.0,10800.0,70800.0,2021-03-10 23:53:53,2026-05-29 03:50:04
BOOK002313,CUST002121,HOT0104,ROOM000551,PROMO00011,2024-12-10,2025-01-21,2025-01-25,4,1,Mobile App,Completed,AED,14000.0,15,2100.0,2142.0,14042.0,2021-10-14 02:19:10,2022-07-10 10:09:45
BOOK002314,CUST004685,HOT0145,ROOM000289,PROMO00403,2026-01-25,2026-03-08,2026-03-14,4,0,Booking.com,Completed,INR,21000.0,15,3150.0,3213.0,21063.0,2026-06-03 18:03:27,2026-06-25 05:47:38
BOOK002315,CUST002718,HOT0044,ROOM000892,PROMO00369,2024-09-14,2024-11-08,2024-11-11,1,2,Expedia,Completed,GBP,21000.0,0,0.0,3780.0,24780.0,2023-10-18 11:58:42,2026-07-18 19:19:57
BOOK002316,CUST004074,HOT0038,ROOM000102,PROMO00130,2024-09-17,2024-10-17,2024-10-20,4,0,Website,Cancelled,USD,30000.0,0,0.0,5400.0,35400.0,2025-05-06 01:57:09,2026-05-01 13:28:01
BOOK002317,CUST002142,HOT0085,ROOM000534,PROMO00064,2024-11-23,2025-01-02,2025-01-09,3,2,Travel Agent,No Show,INR,105000.0,5,5250.0,17955.0,117705.0,2021-01-24 22:59:06,2025-07-05 10:25:46
BOOK002318,CUST001076,HOT0158,ROOM000787,PROMO00137,2025-02-11,2025-02-28,2025-03-02,1,2,Mobile App,Completed,SGD,30000.0,15,4500.0,4590.0,30090.0,2023-09-16 23:40:30,2026-05-08 20:52:05
BOOK002319,CUST004146,HOT0153,ROOM001980,PROMO00193,2024-09-23,2024-11-18,2024-11-23,4,1,Walk-In,No Show,GBP,12500.0,15,1875.0,1912.5,12537.5,2022-07-12 16:19:01,2025-09-15 08:19:27
BOOK002320,CUST000017,HOT0084,ROOM000124,PROMO00105,2025-04-11,2025-05-17,2025-05-19,2,2,Mobile App,No Show,EUR,20000.0,10,2000.0,3240.0,21240.0,2025-07-11 09:43:39,2026-01-28 03:28:50
BOOK002321,CUST002073,HOT0048,ROOM000863,PROMO00078,2025-04-12,2025-05-03,2025-05-10,4,1,Booking.com,Completed,INR,24500.0,5,1225.0,4189.5,27464.5,2020-12-19 11:50:01,2026-03-27 09:58:45
BOOK002322,CUST000143,HOT0068,ROOM000393,PROMO00054,2025-10-02,2025-11-23,2025-11-25,1,0,Expedia,Confirmed,SGD,10000.0,0,0.0,1800.0,11800.0,2026-06-13 06:54:42,2026-07-22 02:09:42
BOOK002323,CUST000022,HOT0059,ROOM000937,PROMO00444,2024-10-21,2024-10-22,2024-10-27,2,2,Walk-In,Confirmed,EUR,12500.0,20,2500.0,1800.0,11800.0,2021-06-27 17:51:50,2025-09-17 21:15:09
BOOK002324,CUST004269,HOT0187,ROOM001375,PROMO00133,2026-04-10,2026-05-15,2026-05-18,1,2,Website,Completed,INR,10500.0,10,1050.0,1701.0,11151.0,2021-03-01 03:59:43,2023-02-20 09:45:45
BOOK002325,CUST002073,HOT0152,ROOM001777,PROMO00078,2024-10-26,2024-11-26,2024-12-02,1,0,Expedia,Cancelled,AED,15000.0,15,2250.0,2295.0,15045.0,2024-07-24 10:31:10,2026-06-30 14:45:02
BOOK002326,CUST001549,HOT0129,ROOM001430,PROMO00166,2025-10-07,2025-10-24,2025-10-28,2,0,Walk-In,Cancelled,AED,14000.0,0,0.0,2520.0,16520.0,2023-10-05 07:16:21,2025-10-26 05:29:26
BOOK002327,CUST001247,HOT0032,ROOM000310,PROMO00170,2025-11-14,2025-11-29,2025-12-04,1,0,Website,No Show,INR,17500.0,15,2625.0,2677.5,17552.5,2021-12-01 15:22:35,2024-08-17 01:18:44
BOOK002328,CUST004750,HOT0081,ROOM000337,PROMO00054,2026-02-20,2026-03-16,2026-03-19,3,1,Website,Completed,AED,30000.0,0,0.0,5400.0,35400.0,2023-01-30 18:06:32,2025-05-14 04:39:18
BOOK002329,CUST000148,HOT0248,ROOM001234,PROMO00419,2026-01-21,2026-02-25,2026-03-02,2,1,Website,Confirmed,USD,75000.0,20,15000.0,10800.0,70800.0,2021-04-28 04:54:30,2021-06-03 01:07:23
BOOK002330,CUST004424,HOT0219,ROOM000249,PROMO00372,2025-01-15,2025-03-06,2025-03-09,1,2,Booking.com,Confirmed,SGD,7500.0,0,0.0,1350.0,8850.0,2021-07-08 21:54:18,2025-10-18 18:06:08
BOOK002331,CUST003207,HOT0003,ROOM000562,PROMO00158,2026-01-07,2026-03-04,2026-03-10,4,2,Walk-In,Cancelled,AED,60000.0,10,6000.0,9720.0,63720.0,2023-06-12 16:58:18,2025-02-25 15:59:44
BOOK002332,CUST003724,HOT0045,ROOM000346,PROMO00300,2026-02-18,2026-02-26,2026-03-02,2,0,Expedia,Completed,GBP,14000.0,10,1400.0,2268.0,14868.0,2021-03-29 03:07:59,2024-05-24 20:24:29
BOOK002333,CUST002570,HOT0198,ROOM000884,PROMO00027,2025-06-04,2025-06-25,2025-06-29,2,0,Booking.com,Cancelled,GBP,14000.0,15,2100.0,2142.0,14042.0,2025-09-18 08:56:31,2026-06-13 22:29:56
BOOK002334,CUST002696,HOT0074,ROOM000595,PROMO00408,2026-06-20,2026-07-18,2026-07-24,2,0,Website,Completed,SGD,90000.0,10,9000.0,14580.0,95580.0,2025-10-05 07:30:01,2026-05-10 21:49:43
BOOK002335,CUST002192,HOT0166,ROOM001018,PROMO00273,2025-06-08,2025-08-06,2025-08-13,1,2,Mobile App,Completed,EUR,70000.0,15,10500.0,10710.0,70210.0,2022-11-10 01:14:21,2025-08-16 16:42:07
BOOK002336,CUST002154,HOT0062,ROOM000330,PROMO00003,2025-07-28,2025-08-11,2025-08-16,3,1,Walk-In,No Show,GBP,50000.0,15,7500.0,7650.0,50150.0,2020-05-25 18:11:54,2024-01-07 00:16:57
BOOK002337,CUST001104,HOT0216,ROOM000854,PROMO00199,2026-06-16,2026-06-17,2026-06-18,2,0,Expedia,Confirmed,SGD,2500.0,5,125.0,427.5,2802.5,2026-06-25 15:38:03,2026-07-13 02:10:50
BOOK002338,CUST002307,HOT0018,ROOM001166,PROMO00323,2025-07-08,2025-08-23,2025-08-28,2,1,Walk-In,No Show,INR,25000.0,15,3750.0,3825.0,25075.0,2025-03-26 23:15:49,2025-06-12 11:27:44
BOOK002339,CUST003983,HOT0062,ROOM000330,PROMO00196,2025-12-19,2026-02-13,2026-02-19,2,1,Travel Agent,Completed,INR,60000.0,10,6000.0,9720.0,63720.0,2023-08-19 21:50:23,2026-01-11 04:22:23
BOOK002340,CUST004980,HOT0143,ROOM001047,PROMO00405,2025-03-19,2025-04-27,2025-04-29,1,1,Booking.com,Confirmed,USD,20000.0,20,4000.0,2880.0,18880.0,2023-09-10 17:31:59,2024-09-14 23:56:34
BOOK002341,CUST002616,HOT0173,ROOM000450,PROMO00447,2025-05-18,2025-06-17,2025-06-18,4,1,Mobile App,Completed,AED,5000.0,5,250.0,855.0,5605.0,2023-09-17 17:08:12,2024-08-05 13:32:30
BOOK002342,CUST004670,HOT0016,ROOM001074,PROMO00430,2025-07-06,2025-07-20,2025-07-21,2,0,Travel Agent,Completed,AED,5000.0,5,250.0,855.0,5605.0,2021-07-10 19:34:44,2024-10-30 22:05:16
BOOK002343,CUST002315,HOT0093,ROOM001445,PROMO00060,2025-12-22,2026-01-06,2026-01-08,4,0,Booking.com,No Show,AED,5000.0,0,0.0,900.0,5900.0,2024-05-17 19:01:15,2026-07-17 01:53:06
BOOK002344,CUST004628,HOT0071,ROOM000183,PROMO00239,2025-01-30,2025-02-14,2025-02-20,3,2,Travel Agent,Confirmed,USD,42000.0,20,8400.0,6048.0,39648.0,2020-01-31 22:28:05,2026-01-28 23:30:16
BOOK002345,CUST000656,HOT0179,ROOM001598,PROMO00332,2024-12-15,2025-02-11,2025-02-15,3,2,Mobile App,Completed,EUR,28000.0,0,0.0,5040.0,33040.0,2025-07-23 06:34:57,2026-07-19 12:07:12
BOOK002346,CUST002752,HOT0054,ROOM000016,PROMO00378,2026-04-17,2026-05-21,2026-05-27,2,0,Travel Agent,Confirmed,EUR,21000.0,20,4200.0,3024.0,19824.0,2024-06-01 15:46:10,2026-01-23 07:22:04
BOOK002347,CUST002836,HOT0150,ROOM000594,PROMO00303,2025-07-15,2025-07-21,2025-07-22,1,1,Walk-In,Cancelled,GBP,15000.0,15,2250.0,2295.0,15045.0,2023-06-03 09:02:40,2024-03-21 11:43:34
BOOK002348,CUST000884,HOT0179,ROOM001733,PROMO00012,2026-04-13,2026-06-02,2026-06-08,2,0,Website,Completed,GBP,60000.0,0,0.0,10800.0,70800.0,2021-10-23 05:59:23,2024-04-16 11:08:27
BOOK002349,CUST004332,HOT0032,ROOM001565,PROMO00407,2024-12-17,2025-01-19,2025-01-23,2,0,Walk-In,Confirmed,INR,60000.0,20,12000.0,8640.0,56640.0,2021-01-26 10:37:49,2022-10-23 00:02:19
BOOK002350,CUST001556,HOT0178,ROOM000866,PROMO00326,2025-07-04,2025-07-08,2025-07-11,3,1,Website,Completed,SGD,45000.0,20,9000.0,6480.0,42480.0,2024-07-02 00:54:19,2025-09-28 18:16:36
BOOK002351,CUST000460,HOT0223,ROOM001910,PROMO00394,2025-07-30,2025-09-05,2025-09-09,2,2,Mobile App,Completed,GBP,10000.0,20,2000.0,1440.0,9440.0,2025-10-24 11:53:50,2026-04-16 17:23:45
BOOK002352,CUST001957,HOT0090,ROOM000930,PROMO00161,2025-04-02,2025-04-10,2025-04-16,1,2,Expedia,Completed,USD,21000.0,15,3150.0,3213.0,21063.0,2023-05-09 14:50:06,2024-11-25 21:40:32
BOOK002353,CUST002410,HOT0068,ROOM001405,PROMO00302,2025-01-16,2025-03-11,2025-03-15,2,0,Website,Completed,EUR,14000.0,15,2100.0,2142.0,14042.0,2020-05-16 14:24:35,2022-05-22 06:35:53
BOOK002354,CUST002441,HOT0189,ROOM000900,PROMO00382,2025-04-12,2025-05-13,2025-05-16,4,0,Website,No Show,INR,45000.0,15,6750.0,6885.0,45135.0,2021-11-14 08:11:05,2024-03-21 04:52:36
BOOK002355,CUST000102,HOT0175,ROOM001942,PROMO00297,2025-08-31,2025-10-02,2025-10-03,4,1,Travel Agent,Completed,INR,3500.0,0,0.0,630.0,4130.0,2026-02-17 23:55:47,2026-04-18 17:06:36
BOOK002356,CUST000855,HOT0102,ROOM001217,PROMO00223,2024-10-27,2024-11-04,2024-11-06,2,0,Mobile App,Completed,EUR,30000.0,20,6000.0,4320.0,28320.0,2022-10-21 16:55:57,2025-09-13 19:11:20
BOOK002357,CUST001161,HOT0194,ROOM001432,PROMO00398,2024-08-23,2024-10-22,2024-10-23,4,1,Mobile App,Cancelled,GBP,15000.0,0,0.0,2700.0,17700.0,2024-01-30 08:30:19,2025-11-07 07:18:42
BOOK002358,CUST003082,HOT0039,ROOM000647,PROMO00016,2024-10-17,2024-10-26,2024-10-29,3,2,Website,Completed,USD,45000.0,20,9000.0,6480.0,42480.0,2025-09-15 21:52:58,2025-10-31 07:19:18
BOOK002359,CUST000046,HOT0151,ROOM001876,PROMO00326,2026-05-21,2026-05-30,2026-06-03,2,0,Travel Agent,Completed,AED,14000.0,10,1400.0,2268.0,14868.0,2021-02-24 21:11:44,2024-02-28 08:12:30
BOOK002360,CUST001036,HOT0089,ROOM001694,PROMO00039,2026-05-28,2026-07-24,2026-07-26,1,0,Mobile App,Completed,AED,7000.0,5,350.0,1197.0,7847.0,2025-01-11 15:07:25,2025-11-27 12:00:18
BOOK002361,CUST001834,HOT0220,ROOM000015,PROMO00172,2025-06-18,2025-07-18,2025-07-24,2,1,Travel Agent,Completed,SGD,90000.0,5,4500.0,15390.0,100890.0,2024-04-28 23:43:13,2025-04-26 03:12:50
BOOK002362,CUST003973,HOT0089,ROOM000298,PROMO00365,2025-03-02,2025-04-29,2025-05-03,3,2,Booking.com,Completed,USD,14000.0,10,1400.0,2268.0,14868.0,2025-08-20 23:29:47,2025-10-23 06:11:51
BOOK002363,CUST001561,HOT0002,ROOM000111,PROMO00191,2026-04-03,2026-06-02,2026-06-06,3,0,Website,No Show,EUR,40000.0,5,2000.0,6840.0,44840.0,2021-08-18 16:32:07,2025-05-30 09:42:55
BOOK002364,CUST002474,HOT0233,ROOM001495,PROMO00480,2024-11-22,2025-01-02,2025-01-08,1,0,Travel Agent,Completed,GBP,30000.0,20,6000.0,4320.0,28320.0,2021-02-01 03:23:18,2022-04-19 19:59:36
BOOK002365,CUST001373,HOT0169,ROOM001616,PROMO00335,2026-04-17,2026-05-12,2026-05-13,4,1,Expedia,Completed,EUR,5000.0,10,500.0,810.0,5310.0,2026-03-08 05:18:07,2026-05-05 14:23:46
BOOK002366,CUST004403,HOT0032,ROOM000310,PROMO00217,2025-08-10,2025-09-27,2025-10-03,4,1,Booking.com,Confirmed,EUR,21000.0,20,4200.0,3024.0,19824.0,2022-09-16 18:59:16,2026-06-27 13:33:50
BOOK002367,CUST000064,HOT0042,ROOM001953,PROMO00384,2025-12-18,2026-01-10,2026-01-11,4,1,Travel Agent,Confirmed,USD,7000.0,10,700.0,1134.0,7434.0,2021-05-19 13:22:21,2026-05-07 16:39:59
BOOK002368,CUST004589,HOT0232,ROOM000699,PROMO00338,2026-03-08,2026-04-25,2026-05-01,3,1,Mobile App,Completed,EUR,21000.0,20,4200.0,3024.0,19824.0,2022-06-24 11:56:06,2024-10-29 07:27:38
BOOK002369,CUST002128,HOT0198,ROOM001743,PROMO00224,2025-12-10,2025-12-26,2026-01-01,4,0,Walk-In,Confirmed,GBP,42000.0,0,0.0,7560.0,49560.0,2023-04-05 22:04:07,2025-11-04 05:58:02
BOOK002370,CUST002701,HOT0221,ROOM001573,PROMO00008,2026-04-07,2026-05-28,2026-05-31,4,0,Travel Agent,Cancelled,SGD,10500.0,0,0.0,1890.0,12390.0,2020-07-11 13:44:49,2021-05-15 20:41:22
BOOK002371,CUST000175,HOT0221,ROOM001890,PROMO00415,2026-04-04,2026-04-16,2026-04-21,1,1,Booking.com,Completed,INR,35000.0,15,5250.0,5355.0,35105.0,2020-08-12 04:33:46,2022-10-08 09:55:19
BOOK002372,CUST001912,HOT0050,ROOM001843,PROMO00309,2025-01-05,2025-01-26,2025-01-29,2,0,Website,Completed,USD,15000.0,0,0.0,2700.0,17700.0,2024-08-27 05:02:17,2025-06-13 10:00:34
BOOK002373,CUST004957,HOT0011,ROOM001227,PROMO00473,2025-11-06,2025-11-26,2025-12-02,1,0,Mobile App,No Show,AED,90000.0,0,0.0,16200.0,106200.0,2024-08-14 01:39:12,2024-11-19 14:13:33
BOOK002374,CUST003182,HOT0233,ROOM001219,PROMO00328,2026-07-02,2026-07-23,2026-07-25,2,1,Expedia,Cancelled,USD,30000.0,20,6000.0,4320.0,28320.0,2023-02-02 03:00:05,2025-09-29 14:58:15
BOOK002375,CUST000771,HOT0055,ROOM001425,PROMO00481,2025-01-27,2025-01-30,2025-02-06,2,0,Expedia,Completed,AED,17500.0,15,2625.0,2677.5,17552.5,2021-08-03 04:59:22,2025-11-14 06:41:12
BOOK002376,CUST000406,HOT0128,ROOM000462,PROMO00405,2024-10-22,2024-10-26,2024-10-28,1,2,Walk-In,No Show,USD,20000.0,20,4000.0,2880.0,18880.0,2024-10-14 12:00:06,2024-11-21 10:35:05
BOOK002377,CUST002609,HOT0194,ROOM001088,PROMO00400,2024-12-08,2025-01-25,2025-01-29,1,2,Website,Completed,GBP,20000.0,10,2000.0,3240.0,21240.0,2021-04-16 03:40:31,2026-02-22 04:09:29
BOOK002378,CUST000146,HOT0230,ROOM000506,PROMO00236,2026-02-11,2026-04-09,2026-04-10,3,1,Booking.com,Completed,GBP,10000.0,0,0.0,1800.0,11800.0,2025-09-20 09:46:13,2025-11-22 07:49:33
BOOK002379,CUST003139,HOT0027,ROOM001313,PROMO00362,2025-02-03,2025-03-22,2025-03-23,3,0,Mobile App,Completed,USD,2500.0,15,375.0,382.5,2507.5,2024-03-12 02:43:54,2025-05-11 16:31:13
BOOK002380,CUST001175,HOT0076,ROOM000635,PROMO00208,2025-08-22,2025-09-09,2025-09-16,3,1,Booking.com,Completed,INR,24500.0,10,2450.0,3969.0,26019.0,2023-02-02 20:28:49,2025-01-05 23:27:02
BOOK002381,CUST002810,HOT0205,ROOM001032,PROMO00258,2026-04-23,2026-05-13,2026-05-14,1,2,Booking.com,Cancelled,INR,15000.0,20,3000.0,2160.0,14160.0,2023-01-28 21:55:08,2025-02-11 16:30:45
BOOK002382,CUST003396,HOT0100,ROOM000713,PROMO00076,2025-07-19,2025-08-12,2025-08-15,3,0,Mobile App,Cancelled,AED,21000.0,15,3150.0,3213.0,21063.0,2023-02-12 14:45:43,2025-01-04 05:08:58
BOOK002383,CUST000517,HOT0203,ROOM001406,PROMO00424,2025-03-11,2025-05-08,2025-05-15,4,0,Travel Agent,Cancelled,USD,35000.0,5,1750.0,5985.0,39235.0,2021-05-21 23:58:14,2025-09-23 08:34:06
BOOK002384,CUST002325,HOT0249,ROOM001574,PROMO00065,2024-12-21,2025-01-18,2025-01-24,1,2,Travel Agent,Completed,GBP,90000.0,20,18000.0,12960.0,84960.0,2020-01-12 05:50:23,2022-06-06 20:20:41
BOOK002385,CUST000778,HOT0062,ROOM001111,PROMO00232,2026-07-13,2026-07-16,2026-07-22,3,2,Expedia,Completed,EUR,30000.0,0,0.0,5400.0,35400.0,2021-03-22 17:44:21,2026-02-22 04:23:45
BOOK002386,CUST004537,HOT0240,ROOM000053,PROMO00120,2026-07-07,2026-08-23,2026-08-29,3,2,Travel Agent,Completed,AED,15000.0,20,3000.0,2160.0,14160.0,2022-03-30 09:38:25,2025-09-28 11:47:08
BOOK002387,CUST004829,HOT0219,ROOM000692,PROMO00157,2025-01-24,2025-01-27,2025-01-30,4,0,Travel Agent,Completed,EUR,7500.0,10,750.0,1215.0,7965.0,2025-01-06 06:50:45,2026-05-05 09:53:40
BOOK002388,CUST001904,HOT0096,ROOM001014,PROMO00315,2025-10-16,2025-11-03,2025-11-10,4,0,Website,Confirmed,USD,35000.0,20,7000.0,5040.0,33040.0,2025-12-14 04:49:10,2026-01-18 05:47:36
BOOK002389,CUST003047,HOT0094,ROOM001039,PROMO00219,2025-07-10,2025-08-23,2025-08-29,1,1,Booking.com,Completed,INR,30000.0,20,6000.0,4320.0,28320.0,2020-05-04 13:58:30,2025-01-10 05:55:32
BOOK002390,CUST000324,HOT0126,ROOM001521,PROMO00398,2025-03-30,2025-05-10,2025-05-14,2,1,Booking.com,Completed,EUR,60000.0,20,12000.0,8640.0,56640.0,2020-10-25 21:23:22,2024-12-24 10:52:28
BOOK002391,CUST001101,HOT0182,ROOM000139,PROMO00323,2025-05-26,2025-06-23,2025-06-25,1,0,Booking.com,Completed,GBP,30000.0,10,3000.0,4860.0,31860.0,2022-09-01 03:53:56,2025-11-04 05:36:30
BOOK002392,CUST001439,HOT0240,ROOM001229,PROMO00011,2026-07-03,2026-07-22,2026-07-26,1,2,Website,Confirmed,AED,28000.0,15,4200.0,4284.0,28084.0,2022-10-22 20:16:01,2026-05-05 19:31:29
BOOK002393,CUST000443,HOT0057,ROOM001271,PROMO00206,2025-03-27,2025-04-14,2025-04-15,4,0,Expedia,Completed,INR,5000.0,20,1000.0,720.0,4720.0,2026-04-07 02:08:07,2026-05-19 01:47:10
BOOK002394,CUST004780,HOT0124,ROOM001604,PROMO00267,2025-02-04,2025-03-19,2025-03-20,4,2,Travel Agent,Completed,GBP,15000.0,20,3000.0,2160.0,14160.0,2024-12-04 12:35:37,2025-06-09 06:45:56
BOOK002395,CUST001313,HOT0026,ROOM001956,PROMO00304,2025-11-28,2025-12-30,2026-01-02,1,0,Expedia,Completed,SGD,7500.0,0,0.0,1350.0,8850.0,2022-03-15 09:37:43,2025-03-09 00:57:37
BOOK002396,CUST001119,HOT0202,ROOM001783,PROMO00129,2024-10-18,2024-11-12,2024-11-18,1,1,Mobile App,Completed,USD,15000.0,0,0.0,2700.0,17700.0,2025-11-24 11:29:16,2026-04-13 03:51:07
BOOK002397,CUST004824,HOT0187,ROOM000758,PROMO00314,2025-08-21,2025-09-15,2025-09-19,4,0,Website,Cancelled,INR,10000.0,5,500.0,1710.0,11210.0,2023-02-24 02:47:58,2024-07-06 20:03:44
BOOK002398,CUST000979,HOT0122,ROOM001868,PROMO00404,2025-04-30,2025-06-28,2025-07-01,1,1,Booking.com,Completed,GBP,30000.0,20,6000.0,4320.0,28320.0,2022-01-16 16:28:59,2025-09-26 04:43:04
BOOK002399,CUST000860,HOT0142,ROOM000774,PROMO00381,2025-06-16,2025-08-03,2025-08-10,2,2,Website,Confirmed,INR,70000.0,10,7000.0,11340.0,74340.0,2024-01-18 07:03:09,2024-12-06 08:57:57
BOOK002400,CUST002917,HOT0025,ROOM001532,PROMO00310,2025-11-05,2025-11-16,2025-11-18,1,1,Website,Completed,INR,20000.0,15,3000.0,3060.0,20060.0,2025-10-24 12:32:10,2025-11-12 06:23:58
BOOK002401,CUST002678,HOT0107,ROOM001949,PROMO00058,2025-07-25,2025-08-28,2025-08-31,1,1,Website,Cancelled,SGD,10500.0,15,1575.0,1606.5,10531.5,2023-08-31 21:26:33,2024-02-04 20:23:33
BOOK002402,CUST001253,HOT0187,ROOM000149,PROMO00474,2026-02-23,2026-04-04,2026-04-05,3,2,Walk-In,Completed,SGD,3500.0,10,350.0,567.0,3717.0,2024-06-06 03:41:32,2024-12-10 04:42:39
BOOK002403,CUST002371,HOT0178,ROOM000236,PROMO00362,2026-06-21,2026-08-05,2026-08-06,3,2,Website,Confirmed,INR,10000.0,0,0.0,1800.0,11800.0,2024-01-31 11:27:19,2024-03-08 00:18:06
BOOK002404,CUST000892,HOT0199,ROOM000125,PROMO00205,2024-09-23,2024-10-07,2024-10-13,4,1,Travel Agent,Cancelled,EUR,21000.0,15,3150.0,3213.0,21063.0,2026-03-05 19:18:57,2026-07-04 11:52:23
BOOK002405,CUST004833,HOT0134,ROOM001883,PROMO00374,2025-04-28,2025-05-11,2025-05-13,2,1,Walk-In,Cancelled,USD,14000.0,10,1400.0,2268.0,14868.0,2023-05-14 23:34:58,2025-03-26 02:26:29
BOOK002406,CUST003312,HOT0142,ROOM000455,PROMO00199,2025-07-24,2025-07-28,2025-07-29,2,2,Travel Agent,Completed,INR,2500.0,0,0.0,450.0,2950.0,2025-02-21 07:49:44,2026-06-03 23:53:11
BOOK002407,CUST002309,HOT0044,ROOM000411,PROMO00357,2025-04-10,2025-04-20,2025-04-25,3,1,Booking.com,Confirmed,USD,75000.0,20,15000.0,10800.0,70800.0,2023-06-17 17:07:21,2023-10-05 06:20:30
BOOK002408,CUST000339,HOT0018,ROOM000426,PROMO00317,2026-06-15,2026-07-31,2026-08-05,2,1,Mobile App,Confirmed,USD,12500.0,0,0.0,2250.0,14750.0,2021-04-19 17:52:50,2024-03-18 10:39:02
BOOK002409,CUST004105,HOT0220,ROOM000344,PROMO00264,2024-08-07,2024-09-21,2024-09-27,4,0,Booking.com,Completed,EUR,90000.0,0,0.0,16200.0,106200.0,2026-06-06 03:32:21,2026-06-24 17:21:14
BOOK002410,CUST004323,HOT0043,ROOM001303,PROMO00018,2024-10-21,2024-12-02,2024-12-08,2,0,Expedia,Cancelled,AED,21000.0,15,3150.0,3213.0,21063.0,2023-02-05 05:45:35,2024-03-16 01:18:02
BOOK002411,CUST001682,HOT0100,ROOM000713,PROMO00233,2025-03-13,2025-03-26,2025-03-31,1,2,Walk-In,Cancelled,INR,35000.0,10,3500.0,5670.0,37170.0,2021-03-30 03:34:19,2022-05-22 00:35:38
BOOK002412,CUST002703,HOT0175,ROOM001097,PROMO00273,2026-03-04,2026-04-13,2026-04-19,3,1,Booking.com,Completed,AED,60000.0,10,6000.0,9720.0,63720.0,2024-07-27 21:42:14,2025-09-03 11:18:33
BOOK002413,CUST000929,HOT0232,ROOM001211,PROMO00173,2026-05-10,2026-05-16,2026-05-18,4,2,Walk-In,Confirmed,AED,20000.0,20,4000.0,2880.0,18880.0,2022-05-15 06:47:19,2026-05-04 06:30:25
BOOK002414,CUST001915,HOT0159,ROOM000977,PROMO00178,2026-05-08,2026-05-21,2026-05-22,2,2,Website,Completed,USD,10000.0,0,0.0,1800.0,11800.0,2021-10-29 16:04:09,2022-02-06 23:12:25
BOOK002415,CUST001341,HOT0169,ROOM001784,PROMO00106,2026-05-04,2026-05-17,2026-05-19,1,2,Expedia,No Show,GBP,20000.0,15,3000.0,3060.0,20060.0,2025-09-10 13:37:34,2025-11-24 18:12:51
BOOK002416,CUST000741,HOT0125,ROOM001009,PROMO00264,2026-05-11,2026-06-18,2026-06-21,3,2,Walk-In,Completed,SGD,30000.0,10,3000.0,4860.0,31860.0,2020-05-31 04:55:09,2022-03-22 16:45:53
BOOK002417,CUST001524,HOT0111,ROOM000573,PROMO00416,2025-03-29,2025-04-25,2025-04-27,2,0,Walk-In,Confirmed,AED,5000.0,10,500.0,810.0,5310.0,2023-03-08 11:51:44,2026-05-20 03:13:53
BOOK002418,CUST002877,HOT0001,ROOM000527,PROMO00138,2025-09-16,2025-11-15,2025-11-22,4,0,Expedia,Completed,AED,35000.0,5,1750.0,5985.0,39235.0,2026-07-06 07:20:41,2026-07-07 00:26:05
BOOK002419,CUST004175,HOT0094,ROOM001296,PROMO00032,2024-08-10,2024-09-30,2024-10-01,4,2,Mobile App,Completed,USD,5000.0,20,1000.0,720.0,4720.0,2025-10-04 17:10:40,2025-11-23 12:00:19
BOOK002420,CUST001072,HOT0086,ROOM001845,PROMO00359,2026-06-09,2026-07-28,2026-07-29,2,1,Mobile App,Completed,AED,10000.0,5,500.0,1710.0,11210.0,2025-08-22 06:45:31,2025-10-10 11:16:18
BOOK002421,CUST003342,HOT0013,ROOM001920,PROMO00097,2025-10-07,2025-11-14,2025-11-15,4,1,Website,Completed,AED,10000.0,0,0.0,1800.0,11800.0,2022-03-26 04:25:33,2026-01-25 02:37:54
BOOK002422,CUST004310,HOT0141,ROOM001768,PROMO00396,2026-01-07,2026-03-02,2026-03-03,2,2,Expedia,Completed,EUR,10000.0,0,0.0,1800.0,11800.0,2025-01-16 09:46:53,2025-02-24 09:08:22
BOOK002423,CUST002424,HOT0159,ROOM000593,PROMO00427,2025-04-12,2025-05-05,2025-05-07,2,2,Booking.com,Completed,INR,14000.0,5,700.0,2394.0,15694.0,2020-12-31 23:36:31,2022-08-05 13:38:37
BOOK002424,CUST004491,HOT0081,ROOM000120,PROMO00479,2026-01-10,2026-01-22,2026-01-28,4,2,Walk-In,Completed,INR,15000.0,0,0.0,2700.0,17700.0,2020-02-27 20:15:02,2024-08-01 00:39:00
BOOK002425,CUST000076,HOT0060,ROOM001290,PROMO00151,2025-03-03,2025-03-07,2025-03-14,1,1,Website,Completed,EUR,70000.0,15,10500.0,10710.0,70210.0,2020-08-18 05:35:40,2023-04-29 16:03:26
BOOK002426,CUST001883,HOT0112,ROOM001967,PROMO00241,2025-03-10,2025-04-08,2025-04-12,4,1,Walk-In,Completed,EUR,40000.0,10,4000.0,6480.0,42480.0,2024-08-21 00:37:45,2026-06-18 14:12:45
BOOK002427,CUST003895,HOT0150,ROOM000925,PROMO00074,2024-11-27,2024-12-02,2024-12-06,2,0,Mobile App,Completed,AED,10000.0,20,2000.0,1440.0,9440.0,2024-09-29 08:58:41,2024-11-24 00:40:07
BOOK002428,CUST001592,HOT0078,ROOM001055,PROMO00337,2026-02-20,2026-02-28,2026-03-04,1,1,Walk-In,Completed,AED,40000.0,5,2000.0,6840.0,44840.0,2020-08-28 00:54:43,2025-03-12 16:50:25
BOOK002429,CUST002474,HOT0046,ROOM001412,PROMO00044,2025-06-08,2025-07-04,2025-07-11,1,1,Walk-In,Cancelled,SGD,70000.0,5,3500.0,11970.0,78470.0,2026-01-01 05:09:38,2026-03-11 15:02:00
BOOK002430,CUST002234,HOT0114,ROOM000480,PROMO00283,2024-10-08,2024-11-04,2024-11-10,3,0,Booking.com,Completed,USD,90000.0,10,9000.0,14580.0,95580.0,2021-11-08 08:58:51,2025-10-09 20:00:06
BOOK002431,CUST001740,HOT0081,ROOM000538,PROMO00363,2025-01-20,2025-02-18,2025-02-21,4,1,Walk-In,Completed,SGD,15000.0,0,0.0,2700.0,17700.0,2023-12-21 23:08:22,2024-04-30 18:37:04
BOOK002432,CUST003578,HOT0003,ROOM001641,PROMO00021,2026-04-18,2026-05-19,2026-05-24,4,2,Booking.com,Completed,INR,50000.0,0,0.0,9000.0,59000.0,2024-08-27 17:55:10,2026-06-24 00:57:40
BOOK002433,CUST003082,HOT0137,ROOM001114,PROMO00261,2025-04-07,2025-04-17,2025-04-19,4,0,Travel Agent,Confirmed,EUR,5000.0,20,1000.0,720.0,4720.0,2026-03-08 11:28:47,2026-04-24 10:53:18
BOOK002434,CUST001758,HOT0069,ROOM000543,PROMO00073,2025-03-02,2025-04-17,2025-04-18,2,0,Booking.com,Cancelled,EUR,10000.0,0,0.0,1800.0,11800.0,2024-03-22 17:19:11,2025-07-30 06:53:36
BOOK002435,CUST001653,HOT0220,ROOM000973,PROMO00431,2025-03-13,2025-04-11,2025-04-13,1,2,Expedia,Completed,AED,5000.0,10,500.0,810.0,5310.0,2022-09-17 13:18:15,2025-02-21 13:49:57
BOOK002436,CUST002775,HOT0005,ROOM001105,PROMO00500,2025-12-01,2025-12-20,2025-12-26,3,1,Travel Agent,Completed,SGD,42000.0,0,0.0,7560.0,49560.0,2024-05-04 21:07:35,2026-03-11 21:44:13
BOOK002437,CUST004071,HOT0185,ROOM000747,PROMO00207,2025-02-07,2025-03-16,2025-03-22,2,1,Mobile App,Completed,INR,21000.0,15,3150.0,3213.0,21063.0,2024-07-05 17:25:03,2024-07-20 15:18:17
BOOK002438,CUST001015,HOT0085,ROOM001424,PROMO00430,2025-07-26,2025-08-30,2025-09-03,1,1,Walk-In,Completed,GBP,10000.0,20,2000.0,1440.0,9440.0,2024-12-13 12:54:57,2025-03-15 18:45:33
BOOK002439,CUST002004,HOT0057,ROOM001955,PROMO00224,2026-04-09,2026-04-21,2026-04-27,1,0,Website,Completed,AED,90000.0,5,4500.0,15390.0,100890.0,2023-01-03 04:49:01,2025-01-05 07:32:56
BOOK002440,CUST000299,HOT0110,ROOM001358,PROMO00243,2025-03-30,2025-05-11,2025-05-13,4,0,Website,Completed,INR,5000.0,20,1000.0,720.0,4720.0,2024-01-23 10:34:36,2026-06-13 23:31:11
BOOK002441,CUST003108,HOT0241,ROOM000753,PROMO00320,2025-10-08,2025-11-04,2025-11-10,4,2,Expedia,Cancelled,INR,42000.0,10,4200.0,6804.0,44604.0,2024-01-08 04:48:48,2024-10-16 20:41:55
BOOK002442,CUST000879,HOT0077,ROOM000891,PROMO00280,2026-05-17,2026-06-15,2026-06-20,2,0,Website,Completed,INR,12500.0,10,1250.0,2025.0,13275.0,2023-01-25 02:40:32,2023-06-13 16:07:29
BOOK002443,CUST002122,HOT0113,ROOM001339,PROMO00019,2025-08-09,2025-08-26,2025-09-02,2,0,Booking.com,Completed,INR,17500.0,5,875.0,2992.5,19617.5,2023-03-01 17:13:45,2023-12-18 07:38:19
BOOK002444,CUST003593,HOT0210,ROOM001506,PROMO00387,2025-06-21,2025-07-15,2025-07-22,2,2,Mobile App,Completed,INR,17500.0,10,1750.0,2835.0,18585.0,2025-05-31 10:55:26,2026-01-18 10:20:08
BOOK002445,CUST004939,HOT0125,ROOM001475,PROMO00428,2026-07-27,2026-09-23,2026-09-29,3,2,Booking.com,Completed,USD,42000.0,15,6300.0,6426.0,42126.0,2026-02-21 19:55:56,2026-07-15 22:59:05
BOOK002446,CUST001913,HOT0025,ROOM001756,PROMO00328,2026-06-17,2026-08-05,2026-08-07,3,2,Mobile App,Completed,USD,7000.0,15,1050.0,1071.0,7021.0,2024-04-26 17:37:17,2025-02-26 02:07:06
BOOK002447,CUST001286,HOT0240,ROOM001410,PROMO00004,2026-04-26,2026-05-28,2026-05-30,2,2,Website,Completed,SGD,10000.0,5,500.0,1710.0,11210.0,2021-02-10 22:32:24,2026-04-10 06:57:11
BOOK002448,CUST004026,HOT0112,ROOM001967,PROMO00382,2024-11-05,2024-12-27,2025-01-01,2,0,Travel Agent,Cancelled,GBP,50000.0,10,5000.0,8100.0,53100.0,2024-05-09 00:39:50,2026-01-19 15:29:11
BOOK002449,CUST002328,HOT0200,ROOM001202,PROMO00492,2024-07-29,2024-09-18,2024-09-24,1,2,Website,Completed,GBP,15000.0,20,3000.0,2160.0,14160.0,2023-04-19 13:02:22,2023-09-11 20:07:29
BOOK002450,CUST004713,HOT0126,ROOM000963,PROMO00352,2026-04-12,2026-04-14,2026-04-16,3,1,Website,Completed,INR,14000.0,15,2100.0,2142.0,14042.0,2026-05-15 04:31:32,2026-07-19 19:51:36
BOOK002451,CUST002837,HOT0057,ROOM000103,PROMO00187,2024-10-22,2024-12-19,2024-12-20,3,0,Expedia,Confirmed,SGD,10000.0,10,1000.0,1620.0,10620.0,2023-02-03 07:42:49,2025-09-22 13:18:55
BOOK002452,CUST001821,HOT0224,ROOM001063,PROMO00122,2024-11-08,2025-01-02,2025-01-03,3,0,Expedia,Completed,INR,15000.0,0,0.0,2700.0,17700.0,2020-12-01 13:47:38,2023-01-19 12:24:27
BOOK002453,CUST002473,HOT0201,ROOM000707,PROMO00497,2025-06-02,2025-07-01,2025-07-06,1,1,Booking.com,Completed,USD,12500.0,15,1875.0,1912.5,12537.5,2024-07-22 06:41:30,2025-08-11 06:10:24
BOOK002454,CUST004691,HOT0102,ROOM001503,PROMO00177,2025-11-05,2026-01-02,2026-01-08,2,1,Booking.com,Completed,INR,42000.0,0,0.0,7560.0,49560.0,2025-08-02 19:59:38,2025-10-20 03:56:46
BOOK002455,CUST001148,HOT0019,ROOM000609,PROMO00391,2024-08-26,2024-09-28,2024-10-03,2,1,Travel Agent,Completed,GBP,35000.0,20,7000.0,5040.0,33040.0,2025-07-26 10:57:57,2026-01-21 09:27:34
BOOK002456,CUST003299,HOT0233,ROOM001495,PROMO00198,2025-02-23,2025-02-25,2025-03-04,3,1,Mobile App,Confirmed,INR,35000.0,20,7000.0,5040.0,33040.0,2023-08-04 05:25:58,2025-06-17 17:39:38
BOOK002457,CUST002776,HOT0222,ROOM001056,PROMO00025,2026-04-11,2026-05-10,2026-05-14,4,0,Walk-In,Completed,SGD,28000.0,15,4200.0,4284.0,28084.0,2020-05-12 21:05:11,2022-03-26 16:00:05
BOOK002458,CUST000961,HOT0060,ROOM001290,PROMO00444,2025-05-15,2025-06-14,2025-06-18,4,0,Mobile App,Completed,EUR,40000.0,20,8000.0,5760.0,37760.0,2021-06-26 21:34:33,2025-01-26 07:48:44
BOOK002459,CUST004055,HOT0037,ROOM000821,PROMO00124,2026-06-01,2026-07-08,2026-07-13,1,2,Travel Agent,Confirmed,SGD,75000.0,20,15000.0,10800.0,70800.0,2020-01-24 20:47:58,2024-06-03 02:14:32
BOOK002460,CUST000267,HOT0158,ROOM001343,PROMO00477,2025-01-05,2025-02-09,2025-02-10,4,0,Booking.com,Completed,SGD,5000.0,20,1000.0,720.0,4720.0,2025-01-16 04:31:01,2025-04-30 08:48:54
BOOK002461,CUST001833,HOT0216,ROOM000676,PROMO00024,2025-07-04,2025-07-06,2025-07-11,4,2,Walk-In,Completed,USD,17500.0,10,1750.0,2835.0,-18585.0,2021-02-19 00:11:06,2024-08-29 17:12:20
BOOK002462,CUST001455,HOT0065,ROOM000553,PROMO00013,2026-07-02,2026-08-18,2026-08-23,2,2,Walk-In,Confirmed,INR,17500.0,10,1750.0,2835.0,18585.0,2025-04-27 04:29:32,2026-04-16 23:58:58
BOOK002463,CUST001376,HOT0172,ROOM001930,PROMO00094,2025-09-28,2025-10-06,2025-10-12,1,1,Mobile App,Confirmed,,21000.0,15,3150.0,3213.0,21063.0,2021-11-13 13:18:07,2023-10-28 12:56:26
BOOK002464,CUST004627,HOT0006,ROOM000952,PROMO00375,2025-10-11,2025-10-12,2025-10-13,2,1,Website,Completed,GBP,10000.0,10,1000.0,1620.0,10620.0,2021-02-19 16:18:15,2022-02-06 00:38:12
BOOK002465,CUST002555,HOT0036,ROOM000477,PROMO00055,2026-04-09,2026-04-15,2026-04-22,3,1,Expedia,Confirmed,INR,70000.0,20,14000.0,10080.0,66080.0,2024-01-23 00:14:42,2025-10-10 19:46:34
BOOK002466,CUST002216,HOT0245,ROOM000122,PROMO00361,2025-08-06,2025-08-24,2025-08-28,2,1,Expedia,Completed,AED,10000.0,10,1000.0,1620.0,10620.0,2023-05-10 20:54:45,2024-06-02 05:45:47
BOOK002467,CUST003232,HOT0197,ROOM000920,PROMO00230,2025-04-07,2025-04-26,2025-04-27,1,0,Website,Completed,GBP,7000.0,15,1050.0,1071.0,7021.0,2023-05-15 09:37:01,2025-06-20 05:00:16
BOOK002468,CUST004722,HOT0122,ROOM001615,PROMO00197,2025-06-01,2025-06-25,2025-06-30,2,1,Walk-In,Cancelled,EUR,12500.0,15,1875.0,1912.5,12537.5,2021-06-19 14:28:28,2024-12-23 03:58:40
BOOK002469,CUST002728,HOT0016,ROOM001496,PROMO00365,2025-11-29,2026-01-26,2026-02-02,3,0,Mobile App,Completed,,105000.0,0,0.0,18900.0,123900.0,2020-09-17 15:16:55,2026-05-30 20:37:02
BOOK002470,CUST004494,HOT0214,ROOM001268,PROMO00327,2025-09-16,2025-10-09,2025-10-14,3,2,Walk-In,Cancelled,SGD,25000.0,0,0.0,4500.0,29500.0,2020-12-29 06:14:55,2021-02-20 21:06:29
BOOK002471,CUST000282,HOT0171,ROOM001654,PROMO00039,2026-07-12,2026-09-01,2026-09-04,1,2,Walk-In,No Show,AED,45000.0,20,9000.0,6480.0,42480.0,2026-07-07 08:06:23,2026-07-15 13:24:51
BOOK002472,CUST003071,HOT0045,ROOM000346,PROMO00337,2025-05-13,2025-05-29,2025-06-02,2,0,Expedia,Completed,USD,14000.0,0,0.0,2520.0,16520.0,2022-05-14 05:38:50,2025-04-22 21:11:01
BOOK002473,CUST000484,HOT0017,ROOM000057,PROMO00452,2024-11-06,2024-11-19,2024-11-22,2,1,Mobile App,No Show,AED,15000.0,10,1500.0,2430.0,15930.0,2024-06-15 06:50:12,2025-05-20 12:16:57
BOOK002474,CUST000522,HOT0027,ROOM001691,PROMO00126,2024-09-13,2024-11-12,2024-11-19,3,2,Mobile App,Completed,EUR,105000.0,20,21000.0,15120.0,99120.0,2026-05-25 01:18:16,2026-06-01 08:09:53
BOOK002475,CUST000108,HOT0144,ROOM000100,PROMO00229,2025-06-13,2025-07-08,2025-07-09,4,2,Website,Confirmed,SGD,10000.0,20,2000.0,1440.0,9440.0,2022-08-19 15:24:12,2025-12-12 09:29:00
BOOK002476,CUST003713,HOT0174,ROOM001720,PROMO00458,2026-03-21,2026-04-26,2026-04-28,1,0,Expedia,Completed,USD,20000.0,10,2000.0,3240.0,21240.0,2021-01-20 17:39:05,2021-08-27 08:15:38
BOOK002477,CUST000873,HOT0173,ROOM001049,PROMO00347,2024-10-24,2024-11-14,2024-11-18,1,2,Website,Confirmed,GBP,20000.0,20,4000.0,2880.0,18880.0,2025-04-05 23:14:17,2026-03-17 22:15:24
BOOK002478,CUST002985,HOT0218,ROOM001510,PROMO00279,2024-10-13,2024-12-02,2024-12-04,1,0,Mobile App,Completed,INR,20000.0,0,0.0,3600.0,23600.0,2025-02-12 21:53:15,2026-05-13 01:28:33
BOOK002479,CUST002556,HOT0038,ROOM000660,PROMO00323,2025-11-12,2025-12-14,2025-12-18,1,2,Booking.com,Completed,AED,40000.0,5,2000.0,6840.0,44840.0,2020-06-16 14:49:48,2020-12-23 16:15:51
BOOK002480,CUST001630,HOT0075,ROOM000442,PROMO00019,2025-05-20,2025-06-01,2025-06-07,1,0,Travel Agent,No Show,EUR,15000.0,20,3000.0,2160.0,14160.0,2024-06-07 09:13:37,2024-07-25 07:09:18
BOOK002481,CUST002502,HOT0114,ROOM001122,PROMO00323,2025-03-22,2025-04-19,2025-04-23,4,2,Website,No Show,USD,20000.0,0,0.0,3600.0,23600.0,2023-10-14 19:35:47,2024-11-15 01:57:41
BOOK002482,CUST001407,HOT0134,ROOM001354,PROMO00409,2025-05-14,2025-06-27,2025-06-29,3,0,Booking.com,Completed,EUR,10000.0,15,1500.0,1530.0,10030.0,2025-10-12 17:43:08,2026-07-26 23:44:54
BOOK002483,CUST003867,HOT0042,ROOM000217,PROMO00211,2025-01-19,2025-02-15,2025-02-19,2,2,Booking.com,Completed,EUR,20000.0,5,1000.0,3420.0,22420.0,2024-04-24 11:49:56,2025-04-13 16:34:57
BOOK002484,CUST001339,HOT0184,ROOM001308,PROMO00006,2024-10-18,2024-12-08,2024-12-13,1,2,Expedia,Cancelled,GBP,50000.0,10,5000.0,8100.0,53100.0,2021-12-16 22:17:30,2024-09-18 16:32:11
BOOK002485,CUST001843,HOT0080,ROOM001815,PROMO00433,2024-12-30,2025-01-04,2025-01-09,4,1,Walk-In,Confirmed,GBP,75000.0,20,15000.0,10800.0,70800.0,2021-03-13 23:45:12,2022-10-19 13:07:33
BOOK002486,CUST002691,HOT0249,ROOM000825,PROMO00068,2025-02-25,2025-04-04,2025-04-06,2,0,Mobile App,Completed,INR,20000.0,15,3000.0,3060.0,20060.0,2024-08-19 17:34:40,2024-12-29 20:17:46
BOOK002487,CUST001116,HOT0089,ROOM001694,PROMO00019,2024-09-19,2024-10-29,2024-11-03,4,1,Website,Confirmed,AED,17500.0,15,2625.0,2677.5,17552.5,2022-10-28 15:22:10,2024-02-09 16:56:07
BOOK002488,CUST002617,HOT0205,ROOM001925,PROMO00403,2026-04-23,2026-05-13,2026-05-18,2,1,Travel Agent,Completed,GBP,75000.0,5,3750.0,12825.0,84075.0,2022-11-14 17:25:39,2026-03-05 00:50:54
BOOK002489,CUST002694,HOT0064,ROOM001186,PROMO00398,2026-01-27,2026-03-15,2026-03-18,4,2,Walk-In,Completed,EUR,30000.0,5,1500.0,5130.0,33630.0,2026-06-27 20:31:43,2026-07-25 14:03:57
BOOK002490,CUST004110,HOT0250,ROOM000370,PROMO00179,2025-06-13,2025-06-24,2025-07-01,4,2,Expedia,Completed,EUR,105000.0,5,5250.0,17955.0,117705.0,2025-08-21 21:18:05,2026-06-20 11:13:52
BOOK002491,CUST000014,HOT0070,ROOM000957,PROMO00164,2026-01-07,2026-02-23,2026-02-28,4,1,Website,Confirmed,INR,12500.0,5,625.0,2137.5,14012.5,2022-06-03 09:39:27,2025-05-19 05:05:00
BOOK002492,CUST001725,HOT0200,ROOM001571,PROMO00326,2026-07-14,2026-08-21,2026-08-26,1,2,Website,Completed,SGD,50000.0,0,0.0,9000.0,59000.0,2021-12-15 19:31:39,2025-03-01 23:25:25
BOOK002493,CUST004109,HOT0016,ROOM001460,PROMO00116,2025-04-12,2025-05-19,2025-05-22,2,1,Booking.com,No Show,AED,10500.0,5,525.0,1795.5,11770.5,2023-01-28 11:29:53,2025-12-04 05:22:13
BOOK002494,CUST004608,HOT0055,ROOM001643,PROMO00347,2025-03-08,2025-05-04,2025-05-09,1,1,Expedia,Completed,SGD,50000.0,15,7500.0,7650.0,50150.0,2026-07-01 09:07:01,2026-07-13 06:28:41
BOOK002495,CUST000677,HOT0205,ROOM001916,PROMO00447,2025-11-06,2025-12-20,2025-12-25,2,1,Travel Agent,Completed,USD,50000.0,20,10000.0,7200.0,47200.0,2020-06-30 20:05:13,2024-12-18 10:36:58
BOOK002496,CUST003551,HOT0112,ROOM001455,PROMO00108,2026-06-29,2026-06-30,2026-07-03,1,2,Expedia,Confirmed,USD,45000.0,10,4500.0,7290.0,47790.0,2020-06-01 22:36:12,2026-07-27 09:11:05
BOOK002497,CUST003321,HOT0125,ROOM001475,PROMO00310,2025-01-15,2025-03-12,2025-03-18,3,2,Website,Confirmed,SGD,42000.0,15,6300.0,6426.0,42126.0,2024-05-12 20:37:59,2025-07-05 19:16:18
BOOK002498,CUST001502,HOT0213,ROOM001785,PROMO00230,2025-05-26,2025-06-14,2025-06-16,2,1,Walk-In,Completed,GBP,30000.0,20,6000.0,4320.0,28320.0,2024-06-30 00:02:24,2026-04-23 00:58:10
BOOK002499,CUST002359,HOT0140,ROOM001397,PROMO00130,2026-06-03,2026-07-02,2026-07-04,4,1,Travel Agent,Completed,EUR,20000.0,5,1000.0,3420.0,22420.0,2025-03-23 23:06:09,2026-05-19 08:21:33
BOOK002500,CUST004562,HOT0233,ROOM001748,PROMO00023,2025-09-27,2025-10-07,2025-10-10,3,2,Walk-In,Confirmed,GBP,15000.0,5,750.0,2565.0,16815.0,2023-07-17 13:08:29,2026-01-31 18:49:54
BOOK002501,CUST000003,HOT0034,ROOM001834,PROMO00232,2024-08-16,2024-10-01,2024-10-06,3,2,Travel Agent,Completed,USD,25000.0,10,2500.0,4050.0,26550.0,2024-12-10 09:15:07,2025-09-27 19:12:10
BOOK002502,CUST004215,HOT0115,ROOM000424,PROMO00016,2026-01-03,2026-02-24,2026-02-28,3,0,Travel Agent,Confirmed,GBP,10000.0,5,500.0,1710.0,11210.0,2020-11-22 03:24:34,2024-09-05 21:04:04
BOOK002503,CUST004638,HOT0050,ROOM000610,PROMO00086,2026-04-26,2026-05-19,2026-05-26,3,2,Booking.com,Completed,AED,105000.0,0,0.0,18900.0,123900.0,2025-11-04 14:18:23,2026-07-26 15:30:53
BOOK002504,CUST004307,HOT0026,ROOM000309,PROMO00349,2024-09-19,2024-11-17,2024-11-20,1,2,Walk-In,Completed,INR,45000.0,0,0.0,8100.0,53100.0,2024-12-26 17:36:17,2025-01-28 05:59:34
BOOK002505,CUST002561,HOT0239,ROOM001675,PROMO00301,2025-01-22,2025-02-23,2025-02-26,1,1,Booking.com,Completed,SGD,21000.0,0,0.0,3780.0,24780.0,2024-04-11 18:09:55,2025-12-05 03:06:37
BOOK002506,CUST000043,HOT0003,ROOM000630,PROMO00314,2024-10-08,2024-11-14,2024-11-18,4,1,Mobile App,Completed,SGD,28000.0,5,1400.0,4788.0,31388.0,2022-02-01 07:22:54,2026-04-16 05:20:49
BOOK002507,CUST002916,HOT0075,ROOM001701,PROMO00441,2025-05-26,2025-07-06,2025-07-09,2,2,Booking.com,Completed,INR,7500.0,5,375.0,1282.5,8407.5,2025-02-23 16:19:17,2025-06-16 19:26:40
BOOK002508,CUST004857,HOT0057,ROOM001271,PROMO00211,2024-09-26,2024-10-14,2024-10-15,1,2,Mobile App,Cancelled,EUR,5000.0,0,0.0,900.0,5900.0,2023-12-08 13:37:45,2026-01-21 00:46:31
BOOK002509,CUST000996,HOT0066,ROOM000430,PROMO00384,2026-07-24,2026-07-25,2026-07-31,2,2,Mobile App,Cancelled,INR,90000.0,20,18000.0,12960.0,84960.0,2023-04-30 09:34:37,2026-02-11 18:32:37
BOOK002510,CUST000116,HOT0142,ROOM001216,PROMO00346,2025-05-12,2025-06-05,2025-06-09,3,0,Walk-In,Cancelled,AED,10000.0,5,500.0,1710.0,11210.0,2021-10-22 00:05:14,2023-03-07 13:57:24
BOOK002511,CUST003682,HOT0036,ROOM000477,PROMO00064,2024-10-04,2024-11-02,2024-11-03,2,0,Travel Agent,Cancelled,GBP,10000.0,10,1000.0,1620.0,10620.0,2025-07-27 09:47:35,2026-01-20 04:34:41
BOOK002512,CUST001574,HOT0130,ROOM001072,PROMO00222,2024-12-07,2025-01-12,2025-01-13,4,1,Expedia,Completed,SGD,7000.0,15,1050.0,1071.0,7021.0,2025-09-18 05:02:12,2025-12-11 00:51:09
BOOK002513,CUST002405,HOT0234,ROOM001237,PROMO00068,2026-04-18,2026-05-10,2026-05-14,3,0,Walk-In,Completed,INR,60000.0,10,6000.0,9720.0,63720.0,2023-12-01 21:26:32,2025-10-23 01:05:00
BOOK002514,CUST002277,HOT0051,ROOM000850,PROMO00469,2025-10-05,2025-11-02,2025-11-09,2,0,Expedia,Confirmed,INR,35000.0,5,1750.0,5985.0,39235.0,2020-10-20 08:16:24,2021-06-10 14:00:18
BOOK002515,CUST002471,HOT0239,ROOM001675,PROMO00367,2026-01-25,2026-03-04,2026-03-10,4,0,Expedia,Completed,USD,42000.0,10,4200.0,6804.0,44604.0,2024-05-11 21:45:19,2025-07-02 23:51:05
BOOK002516,CUST003786,HOT0195,ROOM001855,PROMO00176,2024-10-21,2024-11-05,2024-11-07,2,2,Expedia,Confirmed,USD,5000.0,5,250.0,855.0,5605.0,2022-12-27 19:12:06,2024-09-01 03:03:38
BOOK002517,CUST001689,HOT0091,ROOM000570,PROMO00057,2025-09-22,2025-11-08,2025-11-11,1,2,Mobile App,Completed,GBP,10500.0,10,1050.0,1701.0,11151.0,2026-01-06 16:58:03,2026-04-22 10:44:21
BOOK002518,CUST004521,HOT0096,ROOM000066,PROMO00232,2026-06-22,2026-07-03,2026-07-06,1,0,Website,Confirmed,USD,30000.0,15,4500.0,4590.0,30090.0,2020-08-26 03:12:33,2022-11-22 10:13:30
BOOK002519,CUST004215,HOT0185,ROOM000768,PROMO00299,2025-09-20,2025-09-30,2025-10-01,1,0,Booking.com,Completed,INR,15000.0,15,2250.0,2295.0,15045.0,2024-12-18 07:43:06,2026-07-09 13:56:19
BOOK002520,CUST003200,HOT0044,ROOM001730,PROMO00178,2024-09-16,2024-11-01,2024-11-07,4,0,Expedia,Completed,GBP,90000.0,20,18000.0,12960.0,84960.0,2021-06-01 23:52:32,2024-05-24 01:10:30
BOOK002521,CUST003111,HOT0010,ROOM001291,PROMO00297,2026-01-15,2026-02-09,2026-02-10,3,1,Mobile App,Completed,SGD,2500.0,10,250.0,405.0,2655.0,2021-06-06 09:28:10,2022-04-06 09:45:31
BOOK002522,CUST000323,HOT0081,ROOM000036,PROMO00284,2025-10-28,2025-12-24,2025-12-30,2,0,Travel Agent,Completed,AED,21000.0,0,0.0,3780.0,24780.0,2022-01-25 01:04:02,2022-03-25 13:21:49
BOOK002523,CUST004987,HOT0247,ROOM001606,PROMO00320,2024-10-03,2024-11-01,2024-11-04,2,1,Walk-In,Completed,INR,45000.0,5,2250.0,7695.0,50445.0,2020-08-21 00:16:31,2025-08-04 16:44:15
BOOK002524,CUST000396,HOT0027,ROOM001313,PROMO00339,2024-09-04,2024-10-30,2024-10-31,1,0,Booking.com,Completed,EUR,2500.0,15,375.0,382.5,2507.5,2023-09-15 03:03:18,2024-09-24 01:20:06
BOOK002525,CUST003911,HOT0233,ROOM001431,PROMO00373,2025-06-04,2025-06-22,2025-06-27,2,0,Travel Agent,Confirmed,GBP,17500.0,20,3500.0,2520.0,16520.0,2022-09-19 01:23:32,2023-01-02 00:54:28
BOOK002526,CUST001012,HOT0165,ROOM000434,PROMO00433,2025-02-22,2025-04-14,2025-04-20,2,0,Website,Completed,USD,30000.0,0,0.0,5400.0,35400.0,2022-05-16 12:04:51,2023-09-13 06:53:34
BOOK002527,CUST003124,HOT0158,ROOM000839,PROMO00409,2025-06-14,2025-06-24,2025-07-01,3,2,Travel Agent,Completed,INR,105000.0,20,21000.0,15120.0,99120.0,2023-01-06 12:57:00,2026-07-05 10:21:03
BOOK002528,CUST004551,HOT0245,ROOM000993,PROMO00246,2024-08-20,2024-10-19,2024-10-22,4,2,Travel Agent,Completed,AED,10500.0,0,0.0,1890.0,12390.0,2020-10-24 06:00:02,2025-12-07 03:25:38
BOOK002529,CUST003515,HOT0035,ROOM000872,PROMO00038,2026-03-01,2026-04-20,2026-04-23,2,2,Booking.com,Completed,USD,10500.0,20,2100.0,1512.0,9912.0,2020-10-28 19:08:08,2023-06-10 01:25:09
BOOK002530,CUST002970,HOT0236,ROOM001782,PROMO00301,2026-02-08,2026-03-10,2026-03-16,2,0,Expedia,Completed,INR,21000.0,20,4200.0,3024.0,19824.0,2021-12-07 14:24:18,2022-02-21 06:33:26
BOOK002531,CUST002010,HOT0040,ROOM000512,PROMO00230,2025-09-24,2025-10-19,2025-10-24,4,2,Walk-In,Completed,SGD,75000.0,20,15000.0,10800.0,70800.0,2021-11-04 22:18:54,2025-05-19 16:47:46
BOOK002532,CUST000406,HOT0003,ROOM000724,PROMO00043,2025-02-17,2025-02-21,2025-02-25,2,0,Booking.com,Cancelled,INR,10000.0,10,1000.0,1620.0,10620.0,2024-09-01 21:00:16,2025-08-17 21:37:09
BOOK002533,CUST001753,HOT0065,ROOM000553,PROMO00371,2025-06-06,2025-06-21,2025-06-22,3,0,Travel Agent,Cancelled,AED,3500.0,15,525.0,535.5,-3510.5,2020-10-18 05:13:45,2022-06-25 16:22:51
BOOK002534,CUST000053,HOT0144,ROOM000100,PROMO00276,2025-05-21,2025-06-30,2025-07-05,2,1,Travel Agent,Completed,EUR,50000.0,20,10000.0,7200.0,47200.0,2020-06-09 13:43:27,2023-02-09 01:07:08
BOOK002535,CUST000377,HOT0246,ROOM000369,PROMO00287,2026-06-25,2026-08-22,2026-08-23,1,0,Website,No Show,EUR,2500.0,0,0.0,450.0,2950.0,2022-07-24 01:25:11,2023-03-02 12:27:44
BOOK002536,CUST003417,HOT0055,ROOM000909,PROMO00132,2025-12-07,2025-12-16,2025-12-22,2,2,Mobile App,Completed,USD,15000.0,10,1500.0,2430.0,15930.0,2020-05-25 03:33:53,2026-02-13 07:12:38
BOOK002537,CUST003289,HOT0147,ROOM000664,PROMO00020,2025-12-01,2025-12-18,2025-12-21,2,2,Walk-In,Confirmed,SGD,10500.0,15,1575.0,1606.5,-10531.5,2020-02-16 10:11:06,2022-03-27 12:01:41
BOOK002538,CUST001551,HOT0249,ROOM001102,PROMO00439,2024-10-18,2024-11-21,2024-11-28,2,1,Walk-In,Cancelled,USD,35000.0,5,1750.0,5985.0,39235.0,2025-07-27 09:12:48,2026-04-18 13:49:25
BOOK002539,CUST002376,HOT0043,ROOM001658,PROMO00183,2026-07-05,2026-07-19,2026-07-20,1,1,Mobile App,No Show,INR,5000.0,0,0.0,900.0,5900.0,2021-09-03 07:19:01,2023-10-15 00:04:56
BOOK002540,CUST002188,HOT0036,ROOM001858,PROMO00057,2026-04-07,2026-04-23,2026-04-27,3,1,Walk-In,Completed,GBP,40000.0,10,4000.0,6480.0,42480.0,2020-01-24 23:52:14,2024-11-19 18:37:10
BOOK002541,CUST000350,HOT0138,ROOM000679,PROMO00037,2026-01-30,2026-02-03,2026-02-10,2,1,Expedia,Completed,USD,105000.0,5,5250.0,17955.0,117705.0,2020-03-28 23:07:07,2024-02-16 17:46:23
BOOK002542,CUST004301,HOT0202,ROOM001030,PROMO00222,2024-12-08,2025-01-05,2025-01-12,4,0,Website,No Show,INR,24500.0,0,0.0,4410.0,28910.0,2024-10-19 22:42:21,2025-10-30 04:40:06
BOOK002543,CUST002659,HOT0187,ROOM000758,PROMO00124,2025-02-19,2025-04-10,2025-04-17,4,2,Website,Confirmed,GBP,17500.0,10,1750.0,2835.0,18585.0,2022-10-24 06:25:09,2025-11-15 02:27:17
BOOK002544,CUST000093,HOT0061,ROOM000091,PROMO00127,2026-05-15,2026-05-25,2026-05-30,1,0,Booking.com,Completed,GBP,12500.0,5,625.0,2137.5,14012.5,2026-07-04 15:33:39,2026-07-22 05:44:08
BOOK002545,CUST002837,HOT0108,ROOM001491,PROMO00227,2024-12-19,2025-02-09,2025-02-11,2,1,Mobile App,Completed,USD,7000.0,5,350.0,1197.0,7847.0,2025-01-26 21:28:24,2025-08-06 21:02:50
BOOK002546,CUST001168,HOT0153,ROOM000062,PROMO00087,2026-01-29,2026-02-06,2026-02-12,2,2,Expedia,Confirmed,SGD,21000.0,20,4200.0,3024.0,19824.0,2026-06-15 14:24:32,2026-06-18 13:08:16
BOOK002547,CUST003573,HOT0183,ROOM000697,PROMO00296,2026-07-04,2026-07-10,2026-07-16,3,2,Travel Agent,Cancelled,GBP,21000.0,10,2100.0,3402.0,22302.0,2020-04-08 18:49:00,2024-12-25 13:38:15
BOOK002548,CUST000647,HOT0007,ROOM001583,PROMO00339,2025-10-11,2025-11-17,2025-11-21,1,0,Expedia,Completed,EUR,20000.0,10,2000.0,3240.0,21240.0,2025-05-26 19:25:51,2025-06-13 16:48:20
BOOK002549,CUST000621,HOT0205,ROOM001925,PROMO00337,2024-09-14,2024-09-21,2024-09-25,4,0,Expedia,Cancelled,SGD,60000.0,10,6000.0,9720.0,63720.0,2023-07-30 04:30:42,2026-06-19 23:10:30
BOOK002550,CUST000778,HOT0055,ROOM001740,PROMO00431,2025-08-19,2025-08-31,2025-09-02,4,1,Travel Agent,Completed,SGD,20000.0,15,3000.0,3060.0,20060.0,2021-02-21 02:02:06,2024-12-17 04:01:06
BOOK002551,CUST000426,HOT0009,ROOM000094,PROMO00491,2026-03-19,2026-03-28,2026-03-29,1,0,Walk-In,Completed,AED,10000.0,10,1000.0,1620.0,10620.0,2025-05-02 03:26:16,2026-02-10 11:50:05
BOOK002552,CUST002586,HOT0066,ROOM001409,PROMO00489,2025-08-27,2025-09-09,2025-09-12,1,1,Expedia,Completed,SGD,15000.0,10,1500.0,2430.0,15930.0,2024-11-12 20:40:29,2025-01-16 06:02:04
BOOK002553,CUST001140,HOT0142,ROOM000798,PROMO00248,2025-11-15,2025-11-30,2025-12-01,1,2,Website,Cancelled,INR,15000.0,20,3000.0,2160.0,14160.0,2020-09-16 10:08:15,2023-10-20 13:30:24
BOOK002554,CUST000349,HOT0033,ROOM001572,PROMO00030,2025-01-14,2025-01-25,2025-01-30,4,0,Travel Agent,Cancelled,AED,75000.0,20,15000.0,10800.0,70800.0,2024-05-28 15:21:35,2025-09-20 04:55:26
BOOK002555,CUST002754,HOT0236,ROOM001782,PROMO00428,2024-08-28,2024-09-07,2024-09-12,4,1,Travel Agent,Confirmed,EUR,17500.0,15,2625.0,2677.5,17552.5,2022-05-31 14:45:42,2024-05-27 08:42:58
BOOK002556,CUST000629,HOT0085,ROOM001338,PROMO00475,2026-07-22,2026-08-02,2026-08-05,3,2,Booking.com,No Show,EUR,7500.0,10,750.0,1215.0,7965.0,2026-06-18 18:35:49,2026-06-25 23:04:02
BOOK002557,CUST004369,HOT0089,ROOM001800,PROMO00075,2026-06-02,2026-06-04,2026-06-09,4,0,Travel Agent,Completed,EUR,50000.0,20,10000.0,7200.0,47200.0,2025-11-04 20:33:11,2026-05-27 19:24:34
BOOK002558,CUST002676,HOT0197,ROOM000096,PROMO00494,2024-11-16,2024-12-30,2025-01-05,2,0,Travel Agent,Completed,GBP,90000.0,0,0.0,16200.0,106200.0,2026-02-22 15:22:40,2026-02-25 11:21:19
BOOK002559,CUST003472,HOT0179,ROOM001107,PROMO00396,2024-09-13,2024-09-15,2024-09-22,1,2,Travel Agent,Completed,GBP,24500.0,0,0.0,4410.0,28910.0,2025-01-19 07:57:15,2026-04-29 07:14:54
BOOK002560,CUST003739,HOT0130,ROOM001443,PROMO00302,2025-01-05,2025-02-21,2025-02-24,4,0,Website,Completed,AED,15000.0,20,3000.0,2160.0,14160.0,2025-12-30 13:41:18,2026-04-09 17:29:42
BOOK002561,CUST002455,HOT0175,ROOM001942,PROMO00125,2024-08-06,2024-08-13,2024-08-14,1,0,Website,Completed,EUR,3500.0,0,0.0,630.0,4130.0,2023-09-15 04:56:18,2025-05-22 08:39:20
BOOK002562,CUST001712,HOT0001,ROOM000412,PROMO00467,2024-08-13,2024-09-17,2024-09-24,2,0,Booking.com,Completed,EUR,17500.0,0,0.0,3150.0,20650.0,2024-01-16 21:12:33,2024-10-03 13:26:56
BOOK002563,CUST002331,HOT0248,ROOM001231,PROMO00181,2025-05-05,2025-05-19,2025-05-20,2,0,Walk-In,Completed,USD,3500.0,10,350.0,567.0,3717.0,2020-02-01 06:00:59,2023-03-12 13:00:07
BOOK002564,CUST000986,HOT0090,ROOM000277,PROMO00090,2026-07-04,2026-08-21,2026-08-28,4,2,Expedia,Completed,GBP,17500.0,0,0.0,3150.0,20650.0,2025-01-12 00:53:26,2025-04-30 15:07:16
BOOK002565,CUST003687,HOT0120,ROOM001388,PROMO00463,2026-03-17,2026-05-06,2026-05-07,1,0,Mobile App,Completed,INR,5000.0,10,500.0,810.0,5310.0,2020-07-14 21:20:52,2022-11-07 17:43:16
BOOK002566,CUST000526,HOT0122,ROOM000537,PROMO00444,2026-01-10,2026-03-03,2026-03-09,2,0,Walk-In,Completed,INR,21000.0,20,4200.0,3024.0,19824.0,2026-01-02 11:57:11,2026-06-16 21:53:25
BOOK002567,CUST004080,HOT0015,ROOM001253,PROMO00189,2025-09-05,2025-10-06,2025-10-11,1,2,Mobile App,Completed,EUR,50000.0,20,10000.0,7200.0,47200.0,2021-03-30 12:12:10,2026-07-28 03:38:18
BOOK002568,CUST003934,HOT0035,ROOM001099,PROMO00493,2026-04-09,2026-04-27,2026-05-03,2,0,Mobile App,Completed,INR,15000.0,10,1500.0,2430.0,15930.0,2023-05-29 08:04:19,2023-06-27 16:46:36
BOOK002569,CUST002499,HOT0121,ROOM001773,PROMO00308,2026-04-11,2026-05-30,2026-06-05,1,2,Website,No Show,EUR,30000.0,10,3000.0,4860.0,31860.0,2021-08-11 22:53:08,2026-03-20 01:16:26
BOOK002570,CUST000314,HOT0037,ROOM001623,PROMO00223,2025-11-24,2026-01-20,2026-01-23,4,2,Walk-In,Confirmed,GBP,10500.0,20,2100.0,1512.0,9912.0,2022-05-21 11:04:22,2024-04-29 10:33:38
BOOK002571,CUST003880,HOT0054,ROOM000016,PROMO00384,2024-11-11,2024-11-29,2024-12-03,3,2,Mobile App,Cancelled,SGD,14000.0,0,0.0,2520.0,16520.0,2025-10-22 07:31:13,2026-04-15 03:08:33
BOOK002572,CUST000972,HOT0123,ROOM001936,PROMO00201,2026-07-29,2026-08-20,2026-08-22,2,1,Travel Agent,Cancelled,AED,20000.0,20,4000.0,2880.0,18880.0,2020-10-11 02:10:19,2024-10-04 06:11:46
BOOK002573,CUST001577,HOT0182,ROOM000392,PROMO00446,2025-06-09,2025-06-28,2025-06-29,2,2,Mobile App,Completed,INR,7000.0,20,1400.0,1008.0,6608.0,2025-04-20 11:35:52,2025-11-24 02:23:17
BOOK002574,CUST004123,HOT0096,ROOM000719,PROMO00343,2025-10-14,2025-10-17,2025-10-24,1,1,Website,Confirmed,SGD,35000.0,0,0.0,6300.0,41300.0,2023-10-23 02:40:32,2025-11-21 18:25:04
BOOK002575,CUST001480,HOT0091,ROOM000171,PROMO00079,2025-07-07,2025-07-27,2025-07-31,3,2,Website,Completed,GBP,10000.0,10,1000.0,1620.0,10620.0,2023-12-10 15:15:40,2024-05-30 14:22:11
BOOK002576,CUST002591,HOT0042,ROOM000814,PROMO00132,2025-06-03,2025-06-27,2025-07-03,4,1,Travel Agent,Completed,SGD,90000.0,15,13500.0,13770.0,90270.0,2020-02-09 20:04:04,2020-06-16 03:45:33
BOOK002577,CUST002449,HOT0170,ROOM001131,PROMO00483,2025-05-20,2025-06-24,2025-06-26,3,0,Mobile App,Confirmed,INR,10000.0,10,1000.0,1620.0,10620.0,2021-04-30 08:01:13,2023-05-03 22:51:37
BOOK002578,CUST004292,HOT0241,ROOM001685,PROMO00486,2025-11-17,2026-01-06,2026-01-07,3,1,Expedia,Completed,SGD,15000.0,5,750.0,2565.0,16815.0,2022-07-09 18:36:58,2025-07-25 00:06:13
BOOK002579,CUST004978,HOT0097,ROOM000584,PROMO00377,2026-04-13,2026-04-22,2026-04-25,2,0,Website,Confirmed,USD,10500.0,10,1050.0,1701.0,11151.0,2022-07-03 07:55:39,2023-11-13 15:50:55
BOOK002580,CUST000815,HOT0130,ROOM000580,PROMO00417,2025-02-19,2025-03-15,2025-03-20,1,2,Expedia,Confirmed,GBP,12500.0,20,2500.0,1800.0,11800.0,2024-03-04 02:20:26,2026-04-25 15:05:08
BOOK002581,CUST002319,HOT0026,ROOM001956,PROMO00249,2025-05-29,2025-07-20,2025-07-22,3,0,Booking.com,Confirmed,USD,5000.0,15,750.0,765.0,5015.0,2023-04-02 02:13:48,2023-08-30 05:49:46
BOOK002582,CUST004837,HOT0056,ROOM000454,PROMO00125,2024-10-09,2024-10-22,2024-10-26,3,0,Website,Completed,EUR,28000.0,10,2800.0,4536.0,29736.0,2020-12-22 17:32:52,2022-05-10 21:29:13
BOOK002583,CUST000987,HOT0139,ROOM001711,PROMO00137,2025-05-04,2025-05-12,2025-05-13,4,0,Mobile App,Completed,AED,7000.0,15,1050.0,1071.0,7021.0,2021-02-12 21:26:33,2022-09-02 20:56:12
BOOK002584,CUST002195,HOT0184,ROOM000161,PROMO00192,2025-06-16,2025-07-30,2025-08-02,4,2,Mobile App,Cancelled,EUR,30000.0,10,3000.0,4860.0,31860.0,2026-03-27 06:18:34,2026-05-24 21:28:09
BOOK002585,CUST002715,HOT0189,ROOM001038,PROMO00199,2025-08-25,2025-09-26,2025-09-28,2,2,Walk-In,Cancelled,EUR,20000.0,15,3000.0,3060.0,20060.0,2024-03-23 18:25:32,2026-05-20 23:05:55
BOOK002586,CUST004982,HOT0217,ROOM001323,PROMO00141,2025-12-06,2025-12-31,2026-01-03,1,2,Mobile App,Completed,GBP,10500.0,15,1575.0,1606.5,10531.5,2023-04-19 22:05:57,2025-07-30 07:02:25
BOOK002587,CUST002382,HOT0143,ROOM000358,PROMO00461,2024-10-23,2024-11-08,2024-11-09,1,0,Website,Confirmed,SGD,10000.0,10,1000.0,1620.0,10620.0,2024-11-18 01:54:03,2026-02-26 01:38:58
BOOK002588,CUST001094,HOT0196,ROOM000248,PROMO00151,2024-12-06,2024-12-24,2024-12-26,4,1,Travel Agent,Completed,INR,20000.0,0,0.0,3600.0,23600.0,2024-05-02 10:30:55,2025-04-16 02:15:15
BOOK002589,CUST003981,HOT0155,ROOM000806,PROMO00092,2026-07-07,2026-08-05,2026-08-09,2,2,Walk-In,Completed,AED,20000.0,20,4000.0,2880.0,18880.0,2021-07-14 21:13:13,2023-07-02 09:30:53
BOOK002590,CUST001922,HOT0244,ROOM001607,PROMO00468,2025-06-25,2025-07-14,2025-07-19,3,0,Travel Agent,Completed,USD,50000.0,0,0.0,9000.0,59000.0,2025-04-14 05:45:11,2026-03-21 17:23:24
BOOK002591,CUST003376,HOT0129,ROOM000519,PROMO00483,2025-07-28,2025-08-13,2025-08-15,1,1,Travel Agent,Completed,AED,30000.0,20,6000.0,4320.0,28320.0,2021-03-06 00:20:15,2024-12-16 05:02:37
BOOK002592,CUST003968,HOT0050,ROOM000968,PROMO00002,2025-01-18,2025-03-09,2025-03-16,4,2,Travel Agent,Completed,USD,105000.0,10,10500.0,17010.0,111510.0,2021-10-01 21:55:58,2025-06-18 06:31:29
BOOK002593,CUST000873,HOT0184,ROOM000161,PROMO00363,2026-03-29,2026-05-10,2026-05-17,1,1,Booking.com,Completed,GBP,70000.0,0,0.0,12600.0,82600.0,2024-12-13 01:31:23,2026-02-22 11:04:07
BOOK002594,CUST001115,HOT0077,ROOM000463,PROMO00040,2025-03-16,2025-03-27,2025-03-30,4,1,Expedia,Completed,SGD,15000.0,10,1500.0,2430.0,15930.0,2023-06-22 06:33:23,2025-03-22 00:04:46
BOOK002595,CUST000332,HOT0218,ROOM000576,PROMO00490,2024-09-28,2024-10-24,2024-10-25,1,0,Expedia,Completed,AED,15000.0,20,3000.0,2160.0,14160.0,2025-01-18 22:48:50,2026-07-05 22:59:20
BOOK002596,CUST000404,HOT0135,ROOM000418,PROMO00382,2025-04-07,2025-05-01,2025-05-03,2,2,Expedia,Cancelled,GBP,30000.0,0,0.0,5400.0,35400.0,2022-01-05 19:12:10,2022-11-09 16:02:30
BOOK002597,CUST000912,HOT0108,ROOM000948,PROMO00122,2026-05-19,2026-07-11,2026-07-13,4,2,Mobile App,Confirmed,AED,5000.0,5,250.0,855.0,5605.0,2020-06-02 20:47:56,2024-07-31 19:40:35
BOOK002598,CUST003447,HOT0108,ROOM000495,PROMO00418,2025-12-03,2026-02-01,2026-02-07,4,1,Website,Confirmed,AED,60000.0,5,3000.0,10260.0,67260.0,2021-06-23 13:34:23,2022-05-06 22:04:41
BOOK002599,CUST003784,HOT0057,ROOM000632,PROMO00158,2026-02-19,2026-04-17,2026-04-18,2,0,Walk-In,Confirmed,SGD,5000.0,10,500.0,810.0,5310.0,2021-10-06 08:29:09,2022-12-05 01:59:14
BOOK002600,CUST003347,HOT0017,ROOM000057,PROMO00290,2026-04-16,2026-05-26,2026-06-02,4,1,Booking.com,Confirmed,EUR,35000.0,20,7000.0,5040.0,33040.0,2023-08-08 01:02:39,2026-03-28 02:42:09
BOOK002601,CUST004740,HOT0172,ROOM001930,PROMO00254,2024-12-03,2025-01-06,2025-01-11,4,1,Website,Cancelled,SGD,17500.0,5,875.0,2992.5,19617.5,2022-11-18 17:40:31,2023-07-24 21:01:06
BOOK002602,CUST000029,HOT0162,ROOM001555,PROMO00186,2026-04-28,2026-05-04,2026-05-10,1,1,Travel Agent,Completed,GBP,42000.0,10,4200.0,6804.0,44604.0,2023-10-29 17:24:25,2025-01-04 21:32:57
BOOK002603,CUST000113,HOT0030,ROOM000644,PROMO00009,2024-11-09,2024-11-16,2024-11-21,1,1,Walk-In,Completed,AED,12500.0,10,1250.0,2025.0,13275.0,2023-06-06 19:18:33,2025-09-11 06:29:00
BOOK002604,CUST001538,HOT0239,ROOM001556,PROMO00203,2025-07-18,2025-08-21,2025-08-26,3,2,Walk-In,Completed,AED,75000.0,10,7500.0,12150.0,79650.0,2022-08-16 19:53:26,2024-06-01 07:00:37
BOOK002605,CUST001273,HOT0084,ROOM000110,PROMO00109,2025-04-21,2025-06-08,2025-06-11,2,0,Travel Agent,Cancelled,GBP,10500.0,0,0.0,1890.0,12390.0,2025-03-10 05:26:29,2026-01-30 17:32:43
BOOK002606,CUST003915,HOT0058,ROOM000202,PROMO00328,2024-12-10,2025-01-11,2025-01-17,2,2,Website,Completed,GBP,90000.0,10,9000.0,14580.0,95580.0,2025-07-23 20:28:26,2026-01-08 23:39:59
BOOK002607,CUST002678,HOT0196,ROOM001316,PROMO00038,2025-06-17,2025-07-03,2025-07-05,1,1,Mobile App,Confirmed,EUR,10000.0,5,500.0,1710.0,11210.0,2022-02-02 06:02:00,2025-10-06 18:22:29
BOOK002608,CUST000255,HOT0187,ROOM001140,PROMO00357,2025-04-05,2025-04-10,2025-04-16,2,0,Mobile App,Completed,EUR,42000.0,10,4200.0,6804.0,44604.0,2021-04-28 21:56:48,2021-09-24 05:44:02
BOOK002609,CUST004163,HOT0087,ROOM001508,PROMO00304,2026-03-19,2026-03-23,2026-03-28,4,1,Walk-In,Completed,EUR,12500.0,5,625.0,2137.5,14012.5,2024-02-29 18:19:59,2024-03-11 19:38:33
BOOK002610,CUST003322,HOT0191,ROOM001286,PROMO00180,2024-10-21,2024-11-13,2024-11-18,3,1,Mobile App,Confirmed,EUR,25000.0,15,3750.0,3825.0,25075.0,2023-02-20 04:36:06,2025-05-23 23:09:08
BOOK002611,CUST000474,HOT0018,ROOM001121,PROMO00199,2026-04-04,2026-05-24,2026-05-28,2,1,Expedia,Completed,GBP,20000.0,0,0.0,3600.0,23600.0,2022-12-13 21:29:38,2025-05-27 00:44:27
BOOK002612,CUST003641,HOT0036,ROOM001665,PROMO00358,2025-05-03,2025-05-06,2025-05-12,4,1,Mobile App,Completed,USD,21000.0,5,1050.0,3591.0,23541.0,2020-03-28 17:14:29,2026-01-03 06:19:39
BOOK002613,CUST001739,HOT0176,ROOM001210,PROMO00309,2026-04-17,2026-06-06,2026-06-11,3,0,Mobile App,Completed,USD,17500.0,20,3500.0,2520.0,16520.0,2020-03-18 19:26:06,2025-10-04 17:52:10
BOOK002614,CUST001208,HOT0072,ROOM001779,PROMO00266,2025-04-01,2025-04-06,2025-04-13,3,0,Booking.com,Completed,GBP,105000.0,10,10500.0,17010.0,111510.0,2021-04-19 00:48:37,2022-10-08 23:51:59
BOOK002615,CUST003052,HOT0025,ROOM001068,PROMO00023,2025-07-29,2025-09-15,2025-09-16,2,1,Mobile App,Confirmed,INR,15000.0,20,3000.0,2160.0,14160.0,2021-01-15 23:23:42,2024-11-18 07:38:30
BOOK002616,CUST001827,HOT0062,ROOM000539,PROMO00091,2026-07-15,2026-08-14,2026-08-17,1,0,Expedia,Completed,USD,30000.0,5,1500.0,5130.0,33630.0,2021-03-05 01:11:54,2024-11-27 19:30:36
BOOK002617,CUST004283,HOT0111,ROOM000573,PROMO00400,2025-12-21,2026-02-03,2026-02-04,3,2,Booking.com,Confirmed,SGD,2500.0,0,0.0,450.0,2950.0,2020-07-15 06:50:16,2024-02-13 13:20:05
BOOK002618,CUST000501,HOT0124,ROOM001080,PROMO00411,2026-03-09,2026-04-15,2026-04-21,2,0,Mobile App,Cancelled,GBP,30000.0,0,0.0,5400.0,35400.0,2025-11-18 08:31:09,2025-12-29 23:45:08
BOOK002619,CUST003666,HOT0025,ROOM001068,PROMO00162,2026-05-14,2026-06-03,2026-06-06,3,0,Travel Agent,Completed,SGD,45000.0,15,6750.0,6885.0,45135.0,2025-04-17 02:25:43,2025-06-01 21:47:59
BOOK002620,CUST003406,HOT0220,ROOM000973,PROMO00250,2025-09-26,2025-11-16,2025-11-19,2,1,Walk-In,Completed,SGD,7500.0,15,1125.0,1147.5,7522.5,2024-09-01 21:08:38,2026-03-01 05:04:35
BOOK002621,CUST001952,HOT0021,ROOM001861,PROMO00010,2026-07-12,2026-08-14,2026-08-19,4,1,Mobile App,Completed,AED,50000.0,20,10000.0,7200.0,47200.0,2021-11-02 02:02:45,2022-05-31 22:07:12
BOOK002622,CUST002882,HOT0101,ROOM001762,PROMO00249,2026-07-10,2026-08-02,2026-08-06,4,1,Website,Completed,GBP,60000.0,20,12000.0,8640.0,56640.0,2021-03-01 19:59:16,2024-02-04 17:26:45
BOOK002623,CUST003073,HOT0113,ROOM001270,PROMO00462,2025-06-26,2025-07-03,2025-07-05,2,0,Walk-In,Completed,USD,10000.0,5,500.0,1710.0,11210.0,2026-05-24 18:44:17,2026-07-15 12:42:06
BOOK002624,CUST000097,HOT0005,ROOM000705,PROMO00284,2026-01-22,2026-03-09,2026-03-10,4,0,Walk-In,Confirmed,EUR,5000.0,0,0.0,900.0,5900.0,2022-06-29 14:39:47,2022-07-10 12:40:57
BOOK002625,CUST000324,HOT0018,ROOM001166,PROMO00322,2024-12-12,2025-01-27,2025-02-01,3,2,Expedia,Cancelled,EUR,25000.0,20,5000.0,3600.0,23600.0,2021-04-08 01:47:47,2023-06-06 18:44:29
BOOK002626,CUST001204,HOT0065,ROOM001776,PROMO00210,2025-09-25,2025-11-12,2025-11-19,4,0,Mobile App,Completed,EUR,17500.0,5,875.0,2992.5,19617.5,2026-05-05 12:10:18,2026-07-02 15:08:19
BOOK002627,CUST001564,HOT0107,ROOM000231,PROMO00420,2025-01-25,2025-03-03,2025-03-04,2,0,Website,Completed,INR,15000.0,20,3000.0,2160.0,14160.0,2025-04-24 03:05:16,2025-05-25 16:06:58
BOOK002628,CUST002253,HOT0012,ROOM001209,PROMO00330,2025-12-08,2025-12-18,2025-12-19,2,1,Booking.com,Confirmed,SGD,3500.0,10,350.0,567.0,3717.0,2022-04-24 06:55:31,2023-03-24 10:34:34
BOOK002629,CUST002005,HOT0153,ROOM001980,PROMO00022,2024-08-26,2024-09-14,2024-09-21,1,1,Expedia,No Show,SGD,17500.0,0,0.0,3150.0,20650.0,2024-07-22 20:23:32,2024-12-22 22:04:03
BOOK002630,CUST000425,HOT0185,ROOM001661,PROMO00432,2024-10-23,2024-10-29,2024-11-02,2,2,Walk-In,Completed,SGD,28000.0,15,4200.0,4284.0,28084.0,2025-04-10 06:09:16,2026-06-05 11:31:01
BOOK002631,CUST003419,HOT0097,ROOM000116,PROMO00169,2026-06-25,2026-08-09,2026-08-10,1,0,Website,Confirmed,EUR,2500.0,20,500.0,360.0,2360.0,2020-02-26 06:02:28,2023-04-10 09:30:58
BOOK002632,CUST004731,HOT0155,ROOM001983,PROMO00340,2025-05-18,2025-06-10,2025-06-16,2,2,Walk-In,Cancelled,USD,90000.0,0,0.0,16200.0,106200.0,2020-06-16 23:27:18,2020-10-04 12:17:38
BOOK002633,CUST000271,HOT0173,ROOM001049,PROMO00373,2025-05-06,2025-05-18,2025-05-25,2,2,Expedia,Cancelled,AED,35000.0,15,5250.0,5355.0,35105.0,2025-07-17 18:45:48,2025-11-18 03:03:14
BOOK002634,CUST002292,HOT0170,ROOM001747,PROMO00115,2025-06-22,2025-08-10,2025-08-11,1,1,Website,Completed,GBP,7000.0,0,0.0,1260.0,8260.0,2022-03-12 22:28:28,2026-03-27 03:14:03
BOOK002635,CUST001039,HOT0085,ROOM001239,PROMO00158,2025-02-12,2025-03-25,2025-03-30,1,1,Mobile App,Completed,GBP,12500.0,15,1875.0,1912.5,12537.5,2024-07-20 14:27:07,2025-10-25 03:34:35
BOOK002636,CUST000476,HOT0111,ROOM000802,PROMO00357,2025-09-27,2025-10-21,2025-10-28,4,0,Travel Agent,Completed,GBP,70000.0,0,0.0,12600.0,82600.0,2023-09-27 19:21:47,2026-05-05 21:45:51
BOOK002637,CUST001098,HOT0029,ROOM000810,PROMO00408,2024-10-29,2024-11-08,2024-11-12,2,0,Travel Agent,Completed,USD,40000.0,20,8000.0,5760.0,37760.0,2024-09-29 04:15:49,2024-12-20 20:53:28
BOOK002638,CUST003751,HOT0076,ROOM000987,PROMO00028,2025-05-03,2025-06-15,2025-06-20,1,2,Travel Agent,Completed,AED,35000.0,20,7000.0,5040.0,33040.0,2026-02-28 18:40:15,2026-06-12 08:41:21
BOOK002639,CUST004277,HOT0165,ROOM001638,PROMO00253,2025-08-13,2025-09-19,2025-09-20,3,2,Mobile App,Cancelled,AED,7000.0,15,1050.0,1071.0,7021.0,2023-12-24 08:58:08,2025-12-22 15:28:57
BOOK002640,CUST003637,HOT0230,ROOM000019,PROMO00492,2024-12-30,2025-01-14,2025-01-21,2,0,Booking.com,Completed,SGD,70000.0,0,0.0,12600.0,82600.0,2020-02-15 14:40:47,2025-07-13 06:19:47
BOOK002641,CUST002902,HOT0213,ROOM000597,PROMO00324,2025-10-15,2025-10-26,2025-11-01,4,1,Website,Cancelled,AED,30000.0,0,0.0,5400.0,35400.0,2022-02-25 04:53:21,2023-09-16 07:53:53
BOOK002642,CUST004218,HOT0223,ROOM000155,PROMO00461,2025-05-29,2025-07-26,2025-07-31,2,2,Travel Agent,Completed,SGD,12500.0,15,1875.0,1912.5,12537.5,2022-08-30 17:40:31,2026-06-26 05:43:34
BOOK002643,CUST003320,HOT0084,ROOM000124,PROMO00341,2025-10-19,2025-11-13,2025-11-14,4,1,Walk-In,Completed,SGD,10000.0,10,1000.0,1620.0,10620.0,2021-01-16 23:05:09,2026-02-25 12:49:00
BOOK002644,CUST002226,HOT0004,ROOM000516,PROMO00486,2024-09-11,2024-10-16,2024-10-20,3,1,Walk-In,Completed,AED,40000.0,5,2000.0,6840.0,44840.0,2025-04-15 08:42:10,2026-03-03 10:50:36
BOOK002645,CUST001836,HOT0064,ROOM001040,PROMO00446,2024-10-01,2024-11-14,2024-11-16,3,2,Walk-In,Completed,SGD,14000.0,15,2100.0,2142.0,14042.0,2025-10-14 05:11:46,2025-10-29 12:58:52
BOOK002646,CUST002448,HOT0005,ROOM001444,PROMO00245,2025-10-15,2025-12-13,2025-12-19,4,1,Expedia,Completed,GBP,30000.0,20,6000.0,4320.0,28320.0,2023-05-21 16:43:41,2026-06-05 14:02:15
BOOK002647,CUST003857,HOT0055,ROOM001740,PROMO00375,2024-09-25,2024-10-14,2024-10-17,1,0,Website,Completed,INR,30000.0,20,6000.0,4320.0,28320.0,2025-01-16 02:42:02,2025-02-19 09:37:19
BOOK002648,CUST002095,HOT0218,ROOM000549,PROMO00324,2025-07-29,2025-09-05,2025-09-11,2,2,Expedia,Completed,GBP,30000.0,10,3000.0,4860.0,31860.0,2021-11-06 15:21:20,2021-11-28 03:48:16
BOOK002649,CUST002038,HOT0204,ROOM000533,PROMO00045,2024-11-18,2024-12-28,2024-12-30,3,0,Travel Agent,Completed,INR,20000.0,5,1000.0,3420.0,22420.0,2020-04-12 15:44:42,2020-05-19 23:46:17
BOOK002650,CUST000998,HOT0087,ROOM001230,PROMO00264,2026-04-17,2026-06-15,2026-06-20,4,1,Booking.com,Completed,EUR,25000.0,10,2500.0,4050.0,26550.0,2026-02-28 03:30:27,2026-07-06 21:51:19
BOOK002651,CUST000247,HOT0018,ROOM000606,PROMO00149,2025-07-22,2025-08-02,2025-08-06,1,0,Mobile App,Cancelled,SGD,10000.0,20,2000.0,1440.0,9440.0,2023-11-04 04:45:31,2025-09-16 10:28:44
BOOK002652,CUST002941,HOT0215,ROOM001079,PROMO00240,2025-05-30,2025-06-19,2025-06-24,1,0,Booking.com,Completed,GBP,35000.0,5,1750.0,5985.0,39235.0,2022-01-26 15:04:10,2023-01-29 20:07:06
BOOK002653,CUST003456,HOT0180,ROOM000047,PROMO00452,2024-12-05,2024-12-08,2024-12-14,4,2,Expedia,Completed,SGD,42000.0,15,6300.0,6426.0,42126.0,2020-10-13 10:29:20,2023-02-07 07:45:36
BOOK002654,CUST004941,HOT0133,ROOM001851,PROMO00363,2026-06-30,2026-08-10,2026-08-13,3,0,Website,Cancelled,EUR,45000.0,10,4500.0,7290.0,47790.0,2026-06-23 12:57:20,2026-07-25 14:22:50
BOOK002655,CUST004113,HOT0193,ROOM000744,PROMO00036,2026-02-04,2026-02-11,2026-02-16,4,1,Expedia,Completed,USD,12500.0,15,1875.0,1912.5,12537.5,2024-03-19 09:39:01,2024-08-26 07:09:28
BOOK002656,CUST003183,HOT0133,ROOM001939,PROMO00289,2025-09-23,2025-10-16,2025-10-17,4,2,Website,Completed,USD,10000.0,0,0.0,1800.0,11800.0,2024-08-09 10:31:24,2025-09-05 09:42:05
BOOK002657,CUST004996,HOT0151,ROOM000417,PROMO00218,2025-01-08,2025-01-10,2025-01-17,3,2,Walk-In,Cancelled,AED,105000.0,15,15750.0,16065.0,105315.0,2023-12-17 04:59:39,2024-05-03 11:22:40
BOOK002658,CUST001074,HOT0178,ROOM001043,PROMO00297,2025-07-21,2025-07-23,2025-07-28,1,2,Walk-In,Cancelled,USD,50000.0,20,10000.0,7200.0,47200.0,2023-05-04 13:29:31,2023-05-18 07:06:59
BOOK002659,CUST001898,HOT0249,ROOM001102,PROMO00019,2026-06-25,2026-08-05,2026-08-07,1,0,Booking.com,Completed,EUR,10000.0,5,500.0,1710.0,11210.0,2021-08-29 01:46:55,2023-09-19 13:50:54
BOOK002660,CUST003008,HOT0030,ROOM000319,PROMO00312,2024-09-12,2024-09-14,2024-09-15,4,1,Travel Agent,Cancelled,USD,15000.0,0,0.0,2700.0,17700.0,2021-06-22 09:07:57,2024-12-14 15:07:28
BOOK002661,CUST004517,HOT0232,ROOM000950,PROMO00149,2024-12-08,2025-01-30,2025-02-06,4,0,Travel Agent,Confirmed,AED,70000.0,10,7000.0,11340.0,74340.0,2026-02-06 05:01:24,2026-02-24 08:36:14
BOOK002662,CUST002185,HOT0219,ROOM000692,PROMO00091,2025-06-30,2025-07-20,2025-07-22,1,2,Travel Agent,Completed,AED,5000.0,0,0.0,900.0,5900.0,2024-12-25 19:36:24,2025-10-01 13:13:08
BOOK002663,CUST000641,HOT0190,ROOM000666,PROMO00308,2026-04-10,2026-06-01,2026-06-03,1,0,Walk-In,Completed,EUR,20000.0,5,1000.0,3420.0,22420.0,2022-03-11 14:01:48,2024-09-08 21:37:49
BOOK002664,CUST003795,HOT0023,ROOM000282,PROMO00063,2025-03-07,2025-04-18,2025-04-19,1,2,Travel Agent,Confirmed,SGD,2500.0,10,250.0,405.0,2655.0,2020-09-22 19:52:23,2022-01-16 09:20:05
BOOK002665,CUST000207,HOT0033,ROOM000575,PROMO00298,2026-07-16,2026-08-09,2026-08-15,2,0,Website,Completed,SGD,90000.0,15,13500.0,13770.0,90270.0,2022-07-03 07:43:20,2025-10-02 03:12:47
BOOK002666,CUST001491,HOT0197,ROOM000096,PROMO00297,2024-10-28,2024-12-01,2024-12-06,2,1,Booking.com,Cancelled,SGD,75000.0,5,3750.0,12825.0,84075.0,2022-02-14 19:29:23,2023-11-14 21:13:47
BOOK002667,CUST004577,HOT0039,ROOM001082,PROMO00392,2024-10-31,2024-12-19,2024-12-26,2,2,Walk-In,Confirmed,SGD,105000.0,5,5250.0,17955.0,117705.0,2023-07-27 12:05:13,2025-09-25 20:34:03
BOOK002668,CUST003776,HOT0170,ROOM001747,PROMO00308,2024-10-14,2024-11-24,2024-11-30,3,0,Expedia,Completed,USD,42000.0,15,6300.0,6426.0,42126.0,2024-07-29 15:24:48,2025-07-25 23:06:07
BOOK002669,CUST000088,HOT0043,ROOM001658,PROMO00412,2024-08-08,2024-08-27,2024-09-02,3,0,Mobile App,Confirmed,INR,30000.0,5,1500.0,5130.0,33630.0,2024-09-15 18:48:48,2025-06-18 18:07:20
BOOK002670,CUST002254,HOT0209,ROOM000791,PROMO00499,2025-08-23,2025-09-22,2025-09-29,4,0,Travel Agent,Completed,AED,17500.0,15,2625.0,2677.5,17552.5,2023-02-18 16:32:22,2024-03-23 05:20:06
BOOK002671,CUST000916,HOT0074,ROOM001752,PROMO00265,2026-04-05,2026-06-04,2026-06-08,2,2,Booking.com,Confirmed,AED,10000.0,20,2000.0,1440.0,9440.0,2023-01-01 12:57:23,2023-10-31 16:11:35
BOOK002672,CUST001001,HOT0248,ROOM001231,PROMO00295,2025-08-11,2025-09-29,2025-10-06,3,0,Walk-In,Completed,EUR,24500.0,10,2450.0,3969.0,26019.0,2023-02-28 22:49:31,2024-12-08 14:20:57
BOOK002673,CUST003223,HOT0226,ROOM001585,PROMO00181,2026-03-29,2026-04-26,2026-04-28,2,2,Mobile App,Completed,USD,30000.0,0,0.0,5400.0,35400.0,2023-09-17 05:00:54,2026-03-12 02:00:40
BOOK002674,CUST003405,HOT0025,ROOM001075,PROMO00416,2025-06-09,2025-06-19,2025-06-25,2,1,Booking.com,Completed,INR,21000.0,20,4200.0,3024.0,19824.0,2023-01-21 07:46:51,2025-11-25 21:01:34
BOOK002675,CUST004124,HOT0138,ROOM001189,PROMO00410,2026-02-11,2026-04-08,2026-04-13,4,0,Travel Agent,Completed,AED,25000.0,20,5000.0,3600.0,23600.0,2022-10-03 11:15:53,2025-03-13 23:25:34
BOOK002676,CUST001545,HOT0068,ROOM001405,PROMO00086,2026-04-18,2026-05-21,2026-05-27,2,1,Travel Agent,Completed,AED,21000.0,0,0.0,3780.0,24780.0,2026-02-15 08:45:21,2026-05-19 07:36:58
BOOK002677,CUST004978,HOT0166,ROOM000547,PROMO00245,2025-11-30,2025-12-19,2025-12-20,1,1,Booking.com,Completed,GBP,15000.0,0,0.0,2700.0,17700.0,2021-08-13 10:47:47,2022-05-12 02:56:59
BOOK002678,CUST002884,HOT0104,ROOM000604,PROMO00470,2024-10-25,2024-11-27,2024-12-01,1,2,Travel Agent,Completed,EUR,60000.0,0,0.0,10800.0,70800.0,2025-12-05 05:16:51,2026-04-24 10:23:16
BOOK002679,CUST000188,HOT0084,ROOM001315,PROMO00097,2026-01-27,2026-02-05,2026-02-10,4,0,Booking.com,Completed,INR,50000.0,15,7500.0,7650.0,50150.0,2020-04-23 16:28:29,2023-01-28 08:04:46
BOOK002680,CUST004564,HOT0093,ROOM001527,PROMO00471,2026-02-17,2026-03-22,2026-03-27,3,2,Travel Agent,Completed,EUR,75000.0,10,7500.0,12150.0,79650.0,2021-11-03 06:56:08,2025-07-01 12:13:35
BOOK002681,CUST001839,HOT0219,ROOM001666,PROMO00387,2024-12-14,2025-02-07,2025-02-10,4,1,Booking.com,Completed,INR,30000.0,10,3000.0,4860.0,31860.0,2024-01-16 10:45:09,2025-05-24 14:54:10
BOOK002682,CUST002460,HOT0005,ROOM000488,PROMO00375,2026-07-08,2026-07-17,2026-07-24,2,1,Mobile App,Completed,GBP,105000.0,0,0.0,18900.0,123900.0,2022-02-01 11:54:00,2024-12-21 18:35:03
BOOK002683,CUST002310,HOT0057,ROOM000765,PROMO00268,2024-10-05,2024-10-13,2024-10-18,3,1,Booking.com,Completed,USD,75000.0,10,7500.0,12150.0,79650.0,2023-03-11 04:59:34,2025-04-11 21:00:58
BOOK002684,CUST000500,HOT0154,ROOM000212,PROMO00483,2026-02-14,2026-03-25,2026-03-29,4,2,Mobile App,Confirmed,INR,20000.0,5,1000.0,3420.0,22420.0,2026-01-15 20:51:45,2026-07-01 06:07:14
BOOK002685,CUST003191,HOT0003,ROOM000542,PROMO00387,2024-10-15,2024-12-02,2024-12-07,1,1,Expedia,Confirmed,SGD,12500.0,0,0.0,2250.0,14750.0,2023-11-17 02:31:40,2026-06-24 16:09:01
BOOK002686,CUST002851,HOT0123,ROOM000290,PROMO00357,2024-11-06,2024-11-10,2024-11-11,3,2,Booking.com,Completed,EUR,3500.0,15,525.0,535.5,3510.5,2020-09-02 04:15:49,2022-02-27 12:30:00
BOOK002687,CUST002857,HOT0244,ROOM001984,PROMO00243,2024-11-21,2024-11-30,2024-12-04,2,0,Mobile App,Completed,SGD,40000.0,15,6000.0,6120.0,40120.0,2023-06-20 07:07:48,2025-09-08 13:24:51
BOOK002688,CUST003965,HOT0074,ROOM001992,PROMO00231,2025-08-25,2025-10-19,2025-10-22,1,2,Website,Confirmed,USD,30000.0,5,1500.0,5130.0,33630.0,2023-09-09 19:56:52,2024-01-01 15:32:13
BOOK002689,CUST002320,HOT0115,ROOM000352,PROMO00460,2025-07-26,2025-07-29,2025-08-04,2,1,Mobile App,Completed,GBP,21000.0,0,0.0,3780.0,24780.0,2022-01-07 04:00:06,2026-05-09 21:01:54
BOOK002690,CUST001669,HOT0183,ROOM000697,PROMO00424,2024-11-25,2025-01-05,2025-01-10,2,2,Expedia,Completed,USD,17500.0,15,2625.0,2677.5,17552.5,2021-05-08 09:33:50,2021-09-13 04:53:24
BOOK002691,CUST003030,HOT0131,ROOM000123,PROMO00307,2025-08-10,2025-09-21,2025-09-23,1,2,Travel Agent,Cancelled,GBP,5000.0,5,250.0,855.0,5605.0,2020-12-08 05:55:32,2023-03-19 20:33:36
BOOK002692,CUST001981,HOT0006,ROOM000947,PROMO00396,2026-03-04,2026-04-22,2026-04-24,4,2,Expedia,Completed,AED,14000.0,5,700.0,2394.0,15694.0,2022-06-11 21:38:11,2026-06-09 17:13:22
BOOK002693,CUST000861,HOT0074,ROOM000685,PROMO00243,2026-03-10,2026-04-28,2026-05-02,1,1,Travel Agent,Completed,EUR,10000.0,20,2000.0,1440.0,9440.0,2022-06-24 05:51:52,2024-02-26 22:46:42
BOOK002694,CUST004895,HOT0057,ROOM001955,PROMO00064,2026-01-31,2026-03-18,2026-03-24,2,2,Expedia,No Show,INR,90000.0,10,9000.0,14580.0,95580.0,2025-03-22 23:25:23,2025-06-25 09:34:18
BOOK002695,CUST000651,HOT0004,ROOM000516,PROMO00460,2025-04-09,2025-05-13,2025-05-14,2,2,Mobile App,Completed,,10000.0,20,2000.0,1440.0,9440.0,2025-06-02 16:03:52,2025-07-22 17:22:01
BOOK002696,CUST003059,HOT0015,ROOM001145,PROMO00453,2024-11-16,2024-12-10,2024-12-16,4,2,Website,Completed,AED,42000.0,5,2100.0,7182.0,47082.0,2026-06-28 01:28:06,2026-07-02 22:58:27
BOOK002697,CUST002184,HOT0051,ROOM001870,PROMO00487,2024-09-13,2024-10-03,2024-10-05,3,2,Booking.com,Completed,SGD,10000.0,10,1000.0,1620.0,10620.0,2021-04-06 18:43:24,2024-04-27 15:02:54
BOOK002698,CUST001288,HOT0238,ROOM001731,PROMO00423,2025-12-11,2026-01-21,2026-01-28,2,2,Booking.com,Completed,EUR,70000.0,10,7000.0,11340.0,74340.0,2020-09-05 02:52:41,2021-12-23 01:51:30
BOOK002699,CUST003018,HOT0227,ROOM001919,PROMO00355,2025-09-01,2025-09-03,2025-09-10,4,1,Website,Completed,AED,35000.0,10,3500.0,5670.0,37170.0,2020-04-24 13:17:40,2025-09-04 05:24:34
BOOK002700,CUST001868,HOT0237,ROOM001402,PROMO00250,2025-01-24,2025-03-04,2025-03-08,4,2,Expedia,Confirmed,AED,20000.0,20,4000.0,2880.0,18880.0,2022-10-04 14:26:48,2025-09-24 11:20:37
BOOK002701,CUST004434,HOT0129,ROOM000494,PROMO00256,2025-10-17,2025-11-15,2025-11-17,1,2,Mobile App,Cancelled,GBP,30000.0,15,4500.0,4590.0,30090.0,2025-09-10 03:48:00,2026-07-21 22:56:08
BOOK002702,CUST001983,HOT0083,ROOM000689,PROMO00465,2025-12-18,2025-12-23,2025-12-25,2,0,Website,Cancelled,AED,14000.0,5,700.0,2394.0,15694.0,2020-11-28 02:41:39,2026-04-22 06:54:20
BOOK002703,CUST001842,HOT0238,ROOM001731,PROMO00097,2025-11-22,2026-01-15,2026-01-17,1,0,Mobile App,Completed,USD,20000.0,15,3000.0,3060.0,20060.0,2021-12-21 02:24:03,2026-01-22 08:02:52
BOOK002704,CUST001219,HOT0178,ROOM001272,PROMO00165,2024-08-07,2024-08-16,2024-08-23,3,2,Website,Completed,AED,17500.0,5,875.0,2992.5,19617.5,2025-07-20 05:14:22,2026-05-20 03:43:54
BOOK002705,CUST003729,HOT0009,ROOM001502,PROMO00247,2024-09-05,2024-09-23,2024-09-26,4,0,Website,Cancelled,SGD,15000.0,0,0.0,2700.0,17700.0,2021-03-28 09:08:52,2024-02-06 01:10:53
BOOK002706,CUST001307,HOT0035,ROOM000449,PROMO00295,2026-01-12,2026-01-28,2026-01-31,1,2,Mobile App,Completed,INR,7500.0,15,1125.0,1147.5,7522.5,2024-08-12 01:14:59,2026-04-08 00:27:03
BOOK002707,CUST004448,HOT0137,ROOM000250,PROMO00330,2025-03-28,2025-04-18,2025-04-24,2,1,Website,Completed,EUR,15000.0,15,2250.0,2295.0,15045.0,2020-05-21 00:37:27,2026-03-02 04:09:20
BOOK002708,CUST999999,HOT0247,ROOM000852,PROMO00351,2026-03-06,2026-04-13,2026-04-16,1,0,Walk-In,Cancelled,EUR,15000.0,5,750.0,2565.0,16815.0,2022-11-28 22:00:37,2026-02-01 14:11:04
BOOK002709,CUST001320,HOT0194,ROOM001832,PROMO00140,2025-01-24,2025-02-22,2025-02-28,3,1,Travel Agent,Confirmed,GBP,42000.0,15,6300.0,6426.0,42126.0,2020-11-22 06:17:04,2023-03-06 18:18:14
BOOK002710,CUST002708,HOT0220,ROOM000973,PROMO00438,2025-03-21,2025-04-01,2025-04-07,1,2,Walk-In,Completed,AED,15000.0,5,750.0,2565.0,16815.0,2025-12-19 11:00:07,2026-07-21 06:13:16
BOOK002711,CUST000570,HOT0070,ROOM000957,PROMO00049,2026-04-29,2026-05-22,2026-05-27,1,0,Website,Confirmed,EUR,12500.0,0,0.0,2250.0,14750.0,2023-11-03 03:14:25,2025-08-26 23:58:49
BOOK002712,CUST003723,HOT0118,ROOM000414,PROMO00334,2026-03-24,2026-04-09,2026-04-13,4,0,Mobile App,Completed,USD,14000.0,15,2100.0,2142.0,14042.0,2020-02-18 03:24:23,2020-05-12 09:20:49
BOOK002713,CUST002140,HOT0226,ROOM000670,PROMO00218,2024-09-19,2024-09-26,2024-09-30,1,2,Walk-In,Completed,,28000.0,0,0.0,5040.0,33040.0,2022-09-18 18:09:52,2024-04-15 06:10:10
BOOK002714,CUST002471,HOT0018,ROOM000426,PROMO00444,2025-07-30,2025-09-28,2025-10-03,2,1,Travel Agent,Completed,GBP,12500.0,0,0.0,2250.0,14750.0,2025-03-10 19:23:48,2025-09-21 18:46:21
BOOK002715,CUST003802,HOT0225,ROOM000467,PROMO00346,2025-11-07,2025-11-30,2025-12-03,1,0,Walk-In,Completed,USD,15000.0,0,0.0,2700.0,17700.0,2023-09-02 11:39:50,2026-01-24 09:18:09
BOOK002716,CUST002180,HOT0058,ROOM000198,PROMO00394,2024-09-25,2024-11-05,2024-11-06,3,1,Booking.com,Completed,INR,15000.0,0,0.0,2700.0,17700.0,2026-02-07 18:32:05,2026-04-20 10:12:03
BOOK002717,CUST001666,HOT0151,ROOM000417,PROMO00422,2025-08-29,2025-10-05,2025-10-09,2,1,Mobile App,Confirmed,AED,60000.0,15,9000.0,9180.0,60180.0,2022-04-30 14:14:45,2026-07-01 03:55:55
BOOK002718,CUST004666,HOT0078,ROOM000406,PROMO00442,2026-02-16,2026-04-08,2026-04-11,3,2,Website,Cancelled,INR,30000.0,10,3000.0,4860.0,31860.0,2026-02-01 11:30:45,2026-06-15 07:33:06
BOOK002719,CUST003647,HOT0101,ROOM001762,PROMO00221,2025-07-11,2025-09-01,2025-09-08,4,1,Website,Confirmed,GBP,105000.0,10,10500.0,17010.0,111510.0,2021-11-28 00:50:42,2024-03-08 16:19:22
BOOK002720,CUST001766,HOT0115,ROOM000315,PROMO00170,2024-11-16,2024-12-16,2024-12-21,2,2,Mobile App,Cancelled,INR,50000.0,10,5000.0,8100.0,53100.0,2020-06-08 17:45:27,2022-02-03 20:15:56
BOOK002721,CUST000868,HOT0087,ROOM001619,PROMO00417,2024-12-09,2024-12-11,2024-12-14,4,1,Expedia,Cancelled,GBP,15000.0,20,3000.0,2160.0,14160.0,2023-09-25 11:07:08,2026-06-06 17:30:36
BOOK002722,CUST004679,HOT0146,ROOM000555,PROMO00226,2025-08-26,2025-10-09,2025-10-16,1,1,Travel Agent,Confirmed,EUR,49000.0,20,9800.0,7056.0,46256.0,2023-06-07 01:31:42,2025-02-02 19:32:28
BOOK002723,CUST000300,HOT0130,ROOM000382,PROMO00153,2024-10-03,2024-11-16,2024-11-23,3,0,Walk-In,Completed,INR,70000.0,0,0.0,12600.0,82600.0,2025-12-28 23:25:18,2026-02-22 20:38:08
BOOK002724,CUST002101,HOT0187,ROOM000187,PROMO00450,2026-07-08,2026-08-29,2026-09-04,2,0,Walk-In,Completed,INR,21000.0,5,1050.0,3591.0,23541.0,2021-09-26 13:41:43,2026-06-13 06:08:45
BOOK002725,CUST002745,HOT0245,ROOM000993,PROMO00425,2026-07-17,2026-07-27,2026-08-01,4,1,Mobile App,Cancelled,USD,17500.0,20,3500.0,2520.0,16520.0,2020-09-13 03:15:24,2023-04-11 16:28:25
BOOK002726,CUST000462,HOT0161,ROOM001741,PROMO00408,2026-01-20,2026-02-03,2026-02-08,2,2,Expedia,Cancelled,AED,75000.0,5,3750.0,12825.0,84075.0,2020-02-19 06:43:38,2022-05-05 03:56:56
BOOK002727,CUST004224,HOT0109,ROOM000916,PROMO00139,2026-04-16,2026-05-20,2026-05-26,1,1,Website,Cancelled,INR,21000.0,0,0.0,3780.0,24780.0,2021-09-15 03:10:47,2023-01-21 03:25:40
BOOK002728,CUST002445,HOT0149,ROOM000781,PROMO00350,2024-09-18,2024-10-27,2024-10-28,3,1,Expedia,Cancelled,SGD,15000.0,15,2250.0,2295.0,15045.0,2025-03-25 17:41:07,2026-05-11 13:31:38
BOOK002729,CUST002089,HOT0137,ROOM000620,PROMO00450,2025-04-05,2025-04-28,2025-05-02,4,1,Walk-In,Completed,INR,14000.0,10,1400.0,2268.0,14868.0,2021-06-30 17:55:38,2023-08-28 13:59:45
BOOK002730,CUST003187,HOT0023,ROOM000079,PROMO00331,2025-12-22,2026-02-05,2026-02-08,4,2,Walk-In,Completed,SGD,30000.0,10,3000.0,4860.0,31860.0,2026-05-06 17:05:29,2026-06-26 03:50:29
BOOK002731,CUST000936,HOT0171,ROOM000459,PROMO00025,2025-09-23,2025-10-28,2025-10-29,2,0,Expedia,Confirmed,USD,2500.0,0,0.0,450.0,2950.0,2025-10-24 14:50:37,2026-07-19 16:03:48
BOOK002732,CUST003311,HOT0164,ROOM001456,PROMO00186,2026-01-21,2026-03-13,2026-03-15,4,1,Mobile App,Confirmed,INR,20000.0,20,4000.0,2880.0,18880.0,2024-09-03 14:38:18,2025-01-07 13:45:41
BOOK002733,CUST001734,HOT0029,ROOM000258,PROMO00411,2024-10-06,2024-10-12,2024-10-17,4,1,Website,Confirmed,EUR,25000.0,0,0.0,4500.0,29500.0,2026-01-07 17:48:40,2026-02-24 15:32:08
BOOK002734,CUST001781,HOT0199,ROOM000242,PROMO00175,2025-02-23,2025-04-11,2025-04-12,2,2,Walk-In,Completed,EUR,10000.0,10,1000.0,1620.0,10620.0,2022-04-07 11:07:23,2025-05-21 12:57:36
BOOK002735,CUST003503,HOT0116,ROOM001449,PROMO00365,2024-09-12,2024-11-03,2024-11-10,1,1,Mobile App,Completed,USD,17500.0,15,2625.0,2677.5,17552.5,2024-07-17 14:48:02,2025-06-03 14:03:12
BOOK002736,CUST003827,HOT0137,ROOM000107,PROMO00430,2024-12-23,2025-02-18,2025-02-20,4,0,Mobile App,Cancelled,INR,20000.0,10,2000.0,3240.0,21240.0,2020-11-29 12:56:54,2025-09-03 21:02:42
BOOK002737,CUST002403,HOT0107,ROOM000231,PROMO00284,2024-07-30,2024-08-07,2024-08-13,2,2,Walk-In,Confirmed,SGD,90000.0,0,0.0,16200.0,106200.0,2020-10-06 22:27:23,2022-10-28 21:57:04
BOOK002738,CUST000222,HOT0113,ROOM001270,PROMO00169,2024-08-15,2024-10-04,2024-08-15,2,0,Booking.com,Completed,USD,25000.0,0,0.0,4500.0,29500.0,2020-10-08 13:36:19,2021-05-07 04:10:22
BOOK002739,CUST000783,HOT0157,ROOM000396,PROMO00378,2025-10-20,2025-11-05,2025-11-10,2,0,Booking.com,Completed,AED,35000.0,5,1750.0,5985.0,39235.0,2020-05-03 22:26:43,2022-01-12 12:20:00
BOOK002740,CUST001195,HOT0210,ROOM000786,PROMO00250,2025-03-07,2025-04-02,2025-04-05,2,1,Walk-In,Completed,USD,21000.0,0,0.0,3780.0,24780.0,2021-10-10 00:11:17,2025-08-09 03:25:03
BOOK002741,CUST999999,HOT0226,ROOM001585,PROMO00075,2026-01-16,2026-03-11,2026-03-17,4,2,Booking.com,Confirmed,AED,90000.0,15,13500.0,13770.0,90270.0,2026-07-02 20:42:08,2026-07-22 21:39:22
BOOK002742,CUST002630,HOT0164,ROOM000878,PROMO00411,2024-12-24,2025-02-16,2025-02-17,4,1,Mobile App,Completed,SGD,2500.0,15,375.0,382.5,2507.5,2022-11-13 04:03:45,2024-12-13 22:54:28
BOOK002743,CUST004727,HOT0106,ROOM001608,PROMO00322,2025-02-15,2025-02-26,2025-03-03,1,2,Mobile App,Completed,USD,50000.0,15,7500.0,7650.0,50150.0,2026-01-13 03:55:15,2026-01-18 23:26:06
BOOK002744,CUST004713,HOT0170,ROOM001131,PROMO00156,2025-07-07,2025-07-11,2025-07-17,3,0,Website,Completed,SGD,30000.0,5,1500.0,5130.0,33630.0,2025-07-09 12:50:23,2025-07-24 17:26:21
BOOK002745,CUST003160,HOT0103,ROOM000362,PROMO00238,2025-10-21,2025-12-13,2025-12-19,1,0,Website,Completed,GBP,60000.0,15,9000.0,9180.0,60180.0,2021-10-09 19:43:45,2022-10-14 02:07:16
BOOK002746,CUST001635,HOT0113,ROOM000915,PROMO00002,2026-04-02,2026-04-20,2026-04-26,2,1,Walk-In,Completed,SGD,60000.0,15,9000.0,9180.0,60180.0,2022-05-20 09:18:21,2022-07-12 09:03:04
BOOK002747,CUST003960,HOT0012,ROOM000510,PROMO00237,2026-01-11,2026-03-05,2026-03-08,4,2,Booking.com,No Show,EUR,15000.0,10,1500.0,2430.0,15930.0,2021-05-03 10:16:09,2026-05-02 13:03:33
BOOK002748,CUST003550,HOT0188,ROOM000678,PROMO00374,2024-10-18,2024-12-08,2024-12-14,3,2,Mobile App,Confirmed,EUR,90000.0,20,18000.0,12960.0,84960.0,2023-01-10 22:42:24,2026-01-27 18:32:45
BOOK002749,CUST001992,HOT0068,ROOM000296,PROMO00460,2025-02-18,2025-03-24,2025-03-27,3,1,Expedia,Completed,GBP,10500.0,0,0.0,1890.0,12390.0,2025-09-12 14:10:55,2026-03-16 07:15:05
BOOK002750,CUST002709,HOT0241,ROOM000162,PROMO00099,2025-11-23,2026-01-05,2026-01-07,1,2,Expedia,Cancelled,EUR,10000.0,20,2000.0,1440.0,9440.0,2020-02-05 08:58:13,2023-05-31 12:50:41
BOOK002751,CUST000128,HOT0072,ROOM001715,PROMO00294,2024-08-29,2024-09-04,2024-09-11,1,1,Expedia,Confirmed,INR,24500.0,20,4900.0,3528.0,23128.0,2023-08-12 20:42:50,2025-10-11 22:28:11
BOOK002752,CUST004627,HOT0195,ROOM001360,PROMO00459,2024-12-27,2025-01-19,2025-01-23,3,0,Mobile App,Completed,GBP,20000.0,20,4000.0,2880.0,18880.0,2022-10-08 09:34:15,2025-01-05 02:29:26
BOOK002753,CUST000424,HOT0175,ROOM001458,PROMO00257,2026-04-15,2026-04-16,2026-04-19,2,1,Mobile App,Completed,SGD,45000.0,0,0.0,8100.0,53100.0,2026-03-23 15:20:05,2026-06-05 04:45:25
BOOK002754,CUST004424,HOT0196,ROOM001199,PROMO00082,2026-03-26,2026-05-22,2026-05-25,1,1,Website,Completed,EUR,10500.0,0,0.0,1890.0,12390.0,2023-05-02 16:59:33,2025-02-27 13:20:01
BOOK002755,CUST000660,HOT0051,ROOM000525,PROMO00428,2025-08-02,2025-08-24,2025-08-31,4,1,Mobile App,Completed,INR,35000.0,15,5250.0,5355.0,35105.0,2021-03-18 20:03:01,2025-05-09 15:45:40
BOOK002756,CUST004238,HOT0198,ROOM000928,PROMO00430,2024-08-04,2024-09-21,2024-09-26,2,1,Expedia,Confirmed,USD,75000.0,5,3750.0,12825.0,84075.0,2025-11-22 08:26:18,2026-04-12 04:11:56
BOOK002757,CUST004451,HOT0183,ROOM000946,PROMO00042,2025-10-14,2025-10-28,2025-11-02,1,1,Website,Cancelled,AED,50000.0,10,5000.0,8100.0,53100.0,2022-10-18 13:34:34,2026-03-11 20:19:00
BOOK002758,CUST000500,HOT0134,ROOM001354,PROMO00252,2025-02-17,2025-03-06,2025-03-11,3,1,Booking.com,Cancelled,EUR,25000.0,20,5000.0,3600.0,23600.0,2021-03-11 04:15:38,2025-06-29 14:46:30
BOOK002759,CUST003960,HOT0020,ROOM000017,PROMO00430,2024-09-05,2024-10-13,2024-10-14,1,2,Website,Completed,USD,2500.0,15,375.0,382.5,2507.5,2022-03-02 23:41:39,2025-11-13 10:33:41
BOOK002760,CUST003627,HOT0175,ROOM000554,PROMO00178,2026-06-18,2026-07-15,2026-07-18,4,0,Booking.com,Completed,SGD,45000.0,0,0.0,8100.0,53100.0,2021-05-15 23:54:21,2026-07-29 07:06:02
BOOK002761,CUST004088,HOT0091,ROOM000907,PROMO00237,2025-11-22,2026-01-05,2026-01-11,4,0,Travel Agent,Completed,AED,42000.0,20,8400.0,6048.0,39648.0,2022-03-18 03:01:27,2024-01-30 22:35:06
BOOK002762,CUST001908,HOT0038,ROOM000933,PROMO00249,2025-07-24,2025-09-13,2025-09-14,1,2,Travel Agent,Completed,EUR,5000.0,5,250.0,855.0,5605.0,2026-02-05 12:35:26,2026-04-23 11:32:34
BOOK002763,CUST000154,HOT0111,ROOM001261,PROMO00375,2025-06-17,2025-08-08,2025-08-10,2,1,Website,Completed,AED,5000.0,10,500.0,810.0,5310.0,2025-02-03 00:31:02,2025-06-28 06:15:10
BOOK002764,CUST002855,HOT0021,ROOM000328,PROMO00394,2025-01-08,2025-01-09,2025-01-15,2,2,Website,Confirmed,,60000.0,5,3000.0,10260.0,67260.0,2024-01-16 09:27:28,2025-06-16 21:34:11
BOOK002765,CUST001047,HOT0195,ROOM000720,PROMO00482,2024-10-12,2024-11-09,2024-11-13,3,0,Travel Agent,Completed,SGD,60000.0,10,6000.0,9720.0,63720.0,2021-07-18 09:08:55,2023-01-10 21:48:25
BOOK002766,CUST004910,HOT0131,ROOM000961,PROMO00440,2024-11-20,2024-12-20,2024-12-23,2,2,Walk-In,Cancelled,SGD,7500.0,5,375.0,1282.5,8407.5,2023-08-23 19:28:31,2023-09-01 18:45:24
BOOK002767,CUST001663,HOT0217,ROOM000645,PROMO00180,2026-06-12,2026-08-10,2026-08-11,3,0,Website,Completed,AED,2500.0,0,0.0,450.0,2950.0,2020-06-01 12:25:12,2025-06-13 23:49:29
BOOK002768,CUST001103,HOT0023,ROOM001411,PROMO00273,2025-08-20,2025-09-10,2025-09-14,2,2,Walk-In,Completed,EUR,10000.0,0,0.0,1800.0,11800.0,2020-12-12 09:12:56,2025-07-20 03:10:46
BOOK002769,CUST001062,HOT0141,ROOM001677,PROMO00031,2025-05-30,2025-07-03,2025-07-09,4,1,Walk-In,Completed,AED,15000.0,15,2250.0,2295.0,15045.0,2021-08-21 03:45:25,2023-10-20 01:11:12
BOOK002770,CUST001295,HOT0043,ROOM001328,PROMO00155,2025-08-16,2025-09-25,2025-10-01,3,2,Travel Agent,Confirmed,GBP,30000.0,5,1500.0,5130.0,33630.0,2026-07-10 01:42:21,2026-07-16 12:11:06
BOOK002771,CUST004544,HOT0035,ROOM001875,PROMO00129,2025-09-30,2025-11-29,2025-12-04,3,2,Travel Agent,Completed,EUR,25000.0,10,2500.0,4050.0,26550.0,2026-01-06 04:11:45,2026-03-30 21:32:50
BOOK002772,CUST004025,HOT0136,ROOM001954,PROMO00346,2024-08-04,2024-08-21,2024-08-25,1,0,Walk-In,Completed,GBP,10000.0,15,1500.0,1530.0,10030.0,2023-09-27 08:40:12,2025-06-05 21:54:14
BOOK002773,CUST002307,HOT0104,ROOM001333,PROMO00030,2024-08-23,2024-09-15,2024-09-16,4,0,Website,Confirmed,SGD,3500.0,5,175.0,598.5,3923.5,2023-10-04 05:50:18,2023-12-09 13:22:45
BOOK002774,CUST003786,HOT0157,ROOM001155,PROMO00203,2024-11-22,2025-01-03,2025-01-06,1,1,Expedia,Confirmed,SGD,45000.0,0,0.0,8100.0,53100.0,2022-01-13 17:26:16,2023-11-18 05:43:34
BOOK002775,CUST001654,HOT0033,ROOM000745,PROMO00409,2024-11-23,2024-12-11,2024-12-18,4,1,Website,Completed,GBP,35000.0,5,1750.0,5985.0,39235.0,2025-01-11 06:52:43,2025-05-27 07:05:24
BOOK002776,CUST001353,HOT0039,ROOM000647,PROMO00242,2026-02-23,2026-03-20,2026-03-22,3,1,Website,Cancelled,EUR,30000.0,20,6000.0,4320.0,28320.0,2025-11-26 00:12:21,2026-04-22 20:15:43
BOOK002777,CUST001703,HOT0193,ROOM001827,PROMO00202,2026-02-12,2026-02-16,2026-02-17,4,2,Mobile App,Completed,INR,2500.0,10,250.0,405.0,2655.0,2025-11-18 16:19:08,2026-03-01 07:25:44
BOOK002778,CUST004494,HOT0012,ROOM001209,PROMO00020,2026-01-10,2026-02-24,2026-03-01,3,1,Booking.com,Completed,USD,17500.0,0,0.0,3150.0,20650.0,2020-07-12 06:26:04,2026-03-31 03:58:09
BOOK002779,CUST004787,HOT0099,ROOM000493,PROMO00453,2025-07-17,2025-08-20,2025-08-21,4,1,Expedia,Completed,EUR,2500.0,10,250.0,405.0,2655.0,2021-02-20 14:20:07,2021-11-12 05:23:54
BOOK002780,CUST004527,HOT0211,ROOM000929,PROMO00329,2025-02-19,2025-03-26,2025-03-31,3,0,Mobile App,Completed,GBP,75000.0,5,3750.0,12825.0,84075.0,2021-08-02 02:38:32,2021-09-27 12:40:13
BOOK002781,CUST002499,HOT0246,ROOM000369,PROMO00440,2025-08-05,2025-08-12,2025-08-13,1,2,Booking.com,Completed,EUR,2500.0,20,500.0,360.0,2360.0,2020-10-30 16:13:49,2025-09-11 08:45:27
BOOK002782,CUST002692,HOT0208,ROOM001054,PROMO00216,2026-03-23,2026-03-27,2026-04-03,4,1,Walk-In,Completed,USD,105000.0,5,5250.0,17955.0,117705.0,2022-05-03 19:54:16,2026-01-18 11:20:41
BOOK002783,CUST002729,HOT0225,ROOM000273,PROMO00260,2024-08-19,2024-09-25,2024-10-01,3,2,Mobile App,Completed,SGD,60000.0,15,9000.0,9180.0,60180.0,2022-11-03 20:02:59,2026-06-14 01:32:52
BOOK002784,CUST003436,HOT0126,ROOM000602,PROMO00434,2026-03-26,2026-04-11,2026-04-12,1,1,Walk-In,Completed,SGD,3500.0,15,525.0,535.5,3510.5,2020-05-16 07:49:36,2024-08-20 12:46:51
BOOK002785,CUST004278,HOT0138,ROOM000571,PROMO00324,2026-04-27,2026-05-09,2026-05-14,2,0,Travel Agent,No Show,GBP,75000.0,5,3750.0,12825.0,84075.0,2026-05-25 22:27:18,2026-06-13 19:17:44
BOOK002786,CUST000475,HOT0088,ROOM000730,PROMO00057,2025-01-11,2025-03-01,2025-03-03,3,1,Mobile App,Completed,EUR,20000.0,5,1000.0,3420.0,22420.0,2021-12-30 08:42:17,2022-12-21 19:57:50
BOOK002787,CUST003300,HOT0248,ROOM001231,PROMO00477,2024-11-30,2024-12-10,2024-12-12,3,0,Travel Agent,Completed,INR,7000.0,20,1400.0,1008.0,6608.0,2025-10-08 00:31:17,2026-04-06 17:53:45
BOOK002788,CUST003228,HOT0152,ROOM000483,PROMO00079,2024-08-01,2024-09-29,2024-10-02,2,1,Walk-In,Confirmed,USD,21000.0,5,1050.0,3591.0,23541.0,2022-12-16 17:39:51,2023-06-14 12:46:28
BOOK002789,CUST001319,HOT0055,ROOM001425,PROMO00143,2025-09-03,2025-10-17,2025-10-21,4,1,Mobile App,Completed,INR,10000.0,5,500.0,1710.0,11210.0,2026-03-13 22:47:23,2026-05-15 20:02:05
BOOK002790,CUST003811,HOT0030,ROOM001945,PROMO00352,2024-09-12,2024-11-10,2024-11-17,3,0,Mobile App,Confirmed,INR,35000.0,20,7000.0,5040.0,33040.0,2020-02-09 16:34:48,2025-07-26 20:25:29
BOOK002791,CUST002255,HOT0250,ROOM001246,PROMO00070,2026-02-19,2026-02-28,2026-03-02,1,0,Walk-In,Completed,INR,5000.0,0,0.0,900.0,5900.0,2026-07-11 07:44:22,2026-07-14 17:54:37
BOOK002792,CUST001329,HOT0190,ROOM000666,PROMO00437,2024-08-24,2024-10-10,2024-10-15,3,1,Expedia,Completed,SGD,50000.0,0,0.0,9000.0,59000.0,2023-05-17 16:27:55,2025-07-04 03:03:24
BOOK002793,CUST004048,HOT0001,ROOM000694,PROMO00157,2026-05-30,2026-07-11,2026-07-17,3,0,Travel Agent,Completed,USD,90000.0,5,4500.0,15390.0,100890.0,2023-07-14 04:31:32,2025-02-19 07:32:34
BOOK002794,CUST003008,HOT0093,ROOM001527,PROMO00157,2025-02-17,2025-03-19,2025-03-20,3,0,Mobile App,Completed,USD,15000.0,15,2250.0,2295.0,15045.0,2024-08-24 15:18:44,2025-06-19 03:11:32
BOOK002795,CUST002237,HOT0244,ROOM000585,PROMO00301,2025-02-24,2025-03-20,2025-03-27,4,1,Travel Agent,Cancelled,INR,35000.0,15,5250.0,5355.0,35105.0,2021-01-09 18:28:13,2023-05-04 14:39:54
BOOK002796,CUST000914,HOT0086,ROOM001845,PROMO00426,2025-05-12,2025-06-10,2025-06-13,4,2,Travel Agent,Completed,SGD,30000.0,5,1500.0,5130.0,33630.0,2020-07-13 05:04:16,2020-12-11 04:08:16
BOOK002797,CUST004502,HOT0107,ROOM001696,PROMO00215,2024-08-05,2024-08-18,2024-08-19,4,1,Mobile App,No Show,EUR,3500.0,10,350.0,567.0,3717.0,2022-07-10 17:02:36,2025-04-25 19:04:51
BOOK002798,CUST004100,HOT0159,ROOM001258,PROMO00185,2026-05-30,2026-07-11,2026-07-12,2,1,Website,Cancelled,AED,10000.0,20,2000.0,1440.0,9440.0,2024-02-28 06:35:15,2025-04-23 11:01:06
BOOK002799,CUST003535,HOT0107,ROOM001949,PROMO00285,2025-11-27,2025-12-28,2025-12-29,4,0,Walk-In,Completed,INR,3500.0,15,525.0,535.5,3510.5,2021-12-29 10:20:24,2022-08-01 21:27:26
BOOK002800,CUST003536,HOT0088,ROOM001640,PROMO00421,2024-12-19,2025-01-18,2025-01-23,1,2,Mobile App,Cancelled,GBP,17500.0,20,3500.0,2520.0,16520.0,2024-09-10 04:11:38,2025-12-26 03:09:38
BOOK002801,CUST003878,HOT0023,ROOM001411,PROMO00427,2024-10-28,2024-11-25,2024-11-26,2,0,Walk-In,Cancelled,SGD,2500.0,10,250.0,405.0,2655.0,2025-06-13 13:38:33,2025-06-16 05:28:55
BOOK002802,CUST001590,HOT0082,ROOM000801,PROMO00437,2026-06-03,2026-07-07,2026-07-11,1,0,Mobile App,Completed,EUR,14000.0,10,1400.0,2268.0,14868.0,2026-02-09 14:18:09,2026-03-21 07:59:36
BOOK002803,CUST003122,HOT0020,ROOM000867,PROMO00472,2026-07-13,2026-07-16,2026-07-20,2,2,Mobile App,Confirmed,USD,60000.0,20,12000.0,8640.0,56640.0,2024-03-27 01:27:51,2024-05-03 17:15:38
BOOK002804,CUST001797,HOT0160,ROOM001374,PROMO00174,2025-10-07,2025-10-24,2025-10-31,1,2,Mobile App,Confirmed,GBP,70000.0,10,7000.0,11340.0,74340.0,2023-06-13 00:08:51,2026-04-03 13:54:13
BOOK002805,CUST000569,HOT0093,ROOM001798,PROMO00154,2025-12-29,2026-02-23,2026-03-02,1,0,Booking.com,Completed,AED,70000.0,10,7000.0,11340.0,74340.0,2023-04-09 15:42:20,2026-03-11 17:24:03
BOOK002806,CUST003127,HOT0148,ROOM000385,PROMO00060,2026-04-08,2026-04-20,2026-04-25,1,0,Expedia,Completed,GBP,25000.0,20,5000.0,3600.0,23600.0,2023-01-24 20:18:40,2025-01-06 08:48:43
BOOK002807,CUST001795,HOT0193,ROOM000734,PROMO00472,2024-09-14,2024-10-22,2024-10-23,4,1,Travel Agent,Confirmed,EUR,3500.0,15,525.0,535.5,3510.5,2020-01-07 00:05:39,2020-03-22 23:26:04
BOOK002808,CUST004820,HOT0167,ROOM000739,PROMO00185,2025-02-06,2025-04-05,2025-04-09,4,2,Expedia,Completed,EUR,20000.0,15,3000.0,3060.0,20060.0,2026-06-09 04:13:39,2026-06-29 19:46:38
BOOK002809,CUST001502,HOT0209,ROOM001799,PROMO00298,2024-08-13,2024-08-24,2024-08-30,2,1,Website,Cancelled,EUR,15000.0,15,2250.0,2295.0,15045.0,2024-02-16 07:08:24,2025-05-21 19:07:44
BOOK002810,CUST004352,HOT0230,ROOM001524,PROMO00085,2025-03-26,2025-05-04,2025-05-07,2,0,Travel Agent,No Show,AED,45000.0,0,0.0,8100.0,53100.0,2023-12-04 11:17:51,2025-06-14 23:18:37
BOOK002811,CUST004185,HOT0018,ROOM000606,PROMO00061,2025-05-22,2025-07-14,2025-07-15,4,0,Walk-In,Completed,EUR,2500.0,0,0.0,450.0,2950.0,2026-03-17 21:52:52,2026-05-01 13:02:00
BOOK002812,CUST004157,HOT0123,ROOM001891,PROMO00139,2024-09-09,2024-10-11,2024-10-16,1,1,Website,Completed,GBP,35000.0,10,3500.0,5670.0,37170.0,2020-03-08 23:08:59,2023-09-25 07:19:23
BOOK002813,CUST003055,HOT0122,ROOM000299,PROMO00275,2024-11-16,2024-12-13,2024-12-15,3,2,Website,Confirmed,SGD,20000.0,5,1000.0,3420.0,22420.0,2021-11-21 21:43:47,2024-12-29 10:26:47
BOOK002814,CUST004247,HOT0053,ROOM001734,PROMO00137,2025-08-26,2025-09-27,2025-09-30,3,1,Website,Completed,GBP,10500.0,15,1575.0,1606.5,10531.5,2020-02-22 20:34:44,2026-04-24 13:30:49
BOOK002815,CUST003980,HOT0202,ROOM000304,PROMO00159,2026-04-25,2026-05-21,2026-05-27,4,1,Website,Confirmed,AED,15000.0,20,3000.0,2160.0,14160.0,2026-05-11 06:51:18,2026-07-29 01:20:08
BOOK002816,CUST001362,HOT0042,ROOM000432,PROMO00306,2025-12-16,2026-01-25,2026-01-29,4,2,Booking.com,Completed,INR,14000.0,15,2100.0,2142.0,14042.0,2020-10-29 03:02:41,2024-06-30 15:54:31
BOOK002817,CUST000980,HOT0008,ROOM001517,PROMO00048,2026-02-27,2026-04-10,2026-04-17,3,2,Mobile App,Completed,GBP,35000.0,5,1750.0,5985.0,39235.0,2025-07-13 20:38:52,2026-02-21 17:20:09
BOOK002818,CUST002888,HOT0049,ROOM000841,PROMO00310,2026-01-17,2026-02-03,2026-02-07,4,2,Expedia,Completed,GBP,10000.0,20,2000.0,1440.0,9440.0,2022-08-21 22:56:37,2024-02-15 22:28:20
BOOK002819,CUST003088,HOT0049,ROOM000440,PROMO00113,2024-09-15,2024-10-25,2024-10-27,4,2,Expedia,Cancelled,GBP,10000.0,5,500.0,1710.0,11210.0,2024-07-03 08:34:46,2025-10-28 14:15:36
BOOK002820,CUST002499,HOT0158,ROOM001343,PROMO00357,2025-08-06,2025-08-10,2025-08-17,3,2,Booking.com,Completed,GBP,35000.0,5,1750.0,5985.0,39235.0,2023-01-08 14:11:04,2023-03-14 21:47:40
BOOK002821,CUST004169,HOT0138,ROOM000679,PROMO00122,2024-10-01,2024-10-03,2024-10-10,3,1,Walk-In,Confirmed,GBP,105000.0,10,10500.0,17010.0,111510.0,2022-08-28 09:29:12,2024-04-01 22:07:04
BOOK002822,CUST002200,HOT0158,ROOM000787,PROMO00251,2025-11-24,2025-12-08,2025-12-12,2,2,Website,Completed,SGD,60000.0,10,6000.0,9720.0,63720.0,2024-09-21 20:05:10,2025-09-19 07:15:14
BOOK002823,CUST003716,HOT0231,ROOM000210,PROMO00159,2025-05-03,2025-06-26,2025-06-29,1,1,Mobile App,Confirmed,GBP,15000.0,20,3000.0,2160.0,14160.0,2022-06-12 01:44:42,2025-07-02 21:26:56
BOOK002824,CUST003493,HOT0012,ROOM000510,PROMO00077,2025-05-12,2025-05-13,2025-05-16,1,2,Booking.com,Completed,USD,15000.0,15,2250.0,2295.0,15045.0,2020-11-17 22:39:00,2026-07-16 18:05:43
BOOK002825,CUST004091,HOT0150,ROOM000461,PROMO00296,2024-08-07,2024-08-16,2024-08-23,4,2,Mobile App,Completed,,70000.0,10,7000.0,11340.0,74340.0,2022-11-23 06:22:41,2023-10-14 02:41:44
BOOK002826,CUST003083,HOT0211,ROOM000172,PROMO00260,2025-10-20,2025-11-25,2025-11-27,1,2,Travel Agent,Completed,USD,5000.0,0,0.0,900.0,5900.0,2021-05-11 02:51:42,2023-11-05 12:40:23
BOOK002827,CUST003689,HOT0081,ROOM001810,PROMO00248,2024-08-20,2024-10-11,2024-10-12,1,0,Website,Completed,SGD,10000.0,5,500.0,1710.0,11210.0,2022-10-03 12:55:17,2023-11-16 11:39:43
BOOK002828,CUST002672,HOT0022,ROOM001037,PROMO00124,2025-02-05,2025-03-09,2025-03-15,2,2,Mobile App,Cancelled,,21000.0,5,1050.0,3591.0,23541.0,2025-08-13 22:57:14,2026-06-21 10:22:10
BOOK002829,CUST002152,HOT0241,ROOM001991,PROMO00059,2025-07-04,2025-07-13,2025-07-18,3,1,Website,Completed,SGD,12500.0,20,2500.0,1800.0,11800.0,2021-04-21 00:55:12,2022-09-13 08:54:40
BOOK002830,CUST000009,HOT0099,ROOM000177,PROMO00147,2026-04-29,2026-06-14,2026-06-19,2,1,Travel Agent,Completed,INR,50000.0,5,2500.0,8550.0,56050.0,2025-10-11 00:24:08,2026-06-26 16:38:53
BOOK002831,CUST002018,HOT0145,ROOM001736,PROMO00482,2024-11-18,2024-12-01,2024-12-04,3,0,Booking.com,Completed,USD,7500.0,20,1500.0,1080.0,7080.0,2024-05-04 10:40:24,2024-11-23 03:08:09
BOOK002832,CUST003702,HOT0090,ROOM000277,PROMO00010,2025-07-21,2025-08-17,2025-08-24,4,1,Website,Completed,USD,17500.0,10,1750.0,2835.0,18585.0,2025-07-15 09:05:40,2025-08-20 02:56:27
BOOK002833,CUST004311,HOT0096,ROOM001147,PROMO00107,2025-02-13,2025-02-27,2025-03-03,2,1,Walk-In,Completed,USD,14000.0,10,1400.0,2268.0,14868.0,2020-09-01 19:11:14,2022-10-03 10:33:40
BOOK002834,CUST002523,HOT0110,ROOM000804,PROMO00305,2026-02-27,2026-03-05,2026-03-09,2,2,Walk-In,Completed,USD,14000.0,20,2800.0,2016.0,13216.0,2025-05-31 18:21:05,2025-12-30 10:37:38
BOOK002835,CUST003467,HOT0139,ROOM001711,PROMO00168,2026-07-19,2026-09-14,2026-09-16,3,0,Website,Cancelled,EUR,14000.0,0,0.0,2520.0,16520.0,2026-02-15 15:33:43,2026-06-23 11:28:36
BOOK002836,CUST000690,HOT0209,ROOM001985,PROMO00019,2026-03-21,2026-04-07,2026-04-12,1,1,Travel Agent,Completed,GBP,75000.0,5,3750.0,12825.0,84075.0,2026-01-27 02:41:56,2026-03-19 22:47:18
BOOK002837,CUST002786,HOT0233,ROOM000808,PROMO00263,2025-05-09,2025-05-25,2025-05-27,3,2,Expedia,Completed,SGD,14000.0,15,2100.0,2142.0,14042.0,2025-08-15 11:28:23,2026-07-10 01:33:38
BOOK002838,CUST000395,HOT0001,ROOM000527,PROMO00164,2026-02-07,2026-02-11,2026-02-12,3,2,Booking.com,Confirmed,INR,5000.0,15,750.0,765.0,5015.0,2024-02-07 05:25:21,2025-12-06 02:57:07
BOOK002839,CUST004047,HOT0211,ROOM000629,PROMO00040,2025-11-08,2025-12-20,2025-12-27,1,0,Website,Completed,AED,70000.0,20,14000.0,10080.0,66080.0,2022-06-18 17:49:51,2023-09-26 09:13:39
BOOK002840,CUST001449,HOT0190,ROOM001971,PROMO00345,2024-09-13,2024-11-04,2024-11-08,3,1,Mobile App,Confirmed,USD,28000.0,20,5600.0,4032.0,26432.0,2024-09-01 07:07:31,2025-02-12 21:15:40
BOOK002841,CUST001416,HOT0075,ROOM000442,PROMO00014,2025-07-19,2025-08-18,2025-08-21,1,2,Travel Agent,Confirmed,EUR,7500.0,20,1500.0,1080.0,7080.0,2025-10-04 18:04:32,2026-03-08 06:19:36
BOOK002842,CUST001748,HOT0110,ROOM001937,PROMO00241,2026-03-17,2026-03-20,2026-03-26,2,2,Booking.com,Completed,GBP,60000.0,10,6000.0,9720.0,63720.0,2025-01-21 10:04:56,2025-05-02 07:20:19
BOOK002843,CUST004475,HOT0018,ROOM000426,PROMO00245,2026-01-26,2026-03-03,2026-03-06,2,0,Walk-In,Completed,SGD,7500.0,20,1500.0,1080.0,7080.0,2021-12-07 12:02:29,2022-04-01 20:24:46
BOOK002844,CUST001010,HOT0023,ROOM001411,PROMO00371,2026-03-25,2026-04-15,2026-04-21,4,2,Walk-In,Completed,EUR,15000.0,0,0.0,2700.0,17700.0,2025-02-12 05:08:10,2026-03-24 04:24:53
BOOK002845,CUST003746,HOT0228,ROOM000856,PROMO00289,2024-08-12,2024-09-12,2024-09-14,1,2,Booking.com,Completed,EUR,5000.0,0,0.0,900.0,5900.0,2021-11-15 04:44:09,2026-05-11 04:48:12
BOOK002846,CUST002316,HOT0074,ROOM001401,PROMO00381,2025-06-29,2025-06-30,2025-07-01,4,1,Expedia,Completed,AED,7000.0,20,1400.0,1008.0,6608.0,2024-11-11 10:58:32,2026-04-30 00:29:40
BOOK002847,CUST002368,HOT0065,ROOM001312,PROMO00117,2026-02-25,2026-02-28,2026-03-04,3,1,Website,Completed,EUR,10000.0,0,0.0,1800.0,11800.0,2022-11-21 18:05:40,2026-01-17 02:04:32
BOOK002848,CUST000499,HOT0115,ROOM001765,PROMO00468,2026-07-19,2026-09-09,2026-09-11,4,0,Mobile App,Completed,SGD,14000.0,20,2800.0,2016.0,13216.0,2024-04-05 09:42:46,2024-05-02 07:21:48
BOOK002849,CUST002281,HOT0058,ROOM000198,PROMO00415,2025-06-09,2025-06-29,2025-07-06,3,1,Mobile App,Cancelled,USD,105000.0,15,15750.0,16065.0,105315.0,2021-12-09 07:11:55,2025-07-05 12:00:05
BOOK002850,CUST001774,HOT0244,ROOM000698,PROMO00059,2025-08-31,2025-09-26,2025-09-29,1,1,Walk-In,Completed,EUR,15000.0,15,2250.0,2295.0,15045.0,2023-11-30 03:39:15,2024-03-24 04:19:38
BOOK002851,CUST002793,HOT0024,ROOM001089,PROMO00485,2026-04-29,2026-06-18,2026-06-21,3,1,Website,Cancelled,GBP,10500.0,15,1575.0,1606.5,10531.5,2023-08-10 22:36:08,2023-11-03 19:38:07
BOOK002852,CUST003120,HOT0218,ROOM001510,PROMO00085,2026-03-02,2026-03-31,2026-04-06,4,1,Walk-In,Completed,INR,60000.0,0,0.0,10800.0,70800.0,2026-03-22 09:52:15,2026-04-11 17:57:12
BOOK002853,CUST001540,HOT0087,ROOM001716,PROMO00065,2024-09-05,2024-10-20,2024-10-27,3,1,Travel Agent,Completed,EUR,35000.0,10,3500.0,5670.0,37170.0,2023-05-14 04:58:44,2024-06-11 22:08:46
BOOK002854,CUST001173,HOT0220,ROOM001982,PROMO00002,2025-12-15,2026-01-24,2026-01-27,1,0,Website,Completed,INR,45000.0,5,2250.0,7695.0,50445.0,2023-10-08 08:41:32,2026-02-08 06:45:25
BOOK002855,CUST000122,HOT0039,ROOM000647,PROMO00093,2026-06-06,2026-06-18,2026-06-22,3,2,Expedia,Completed,USD,60000.0,15,9000.0,9180.0,60180.0,2025-04-16 03:30:58,2025-08-19 16:07:09
BOOK002856,CUST999999,HOT0085,ROOM000979,PROMO00417,2024-12-09,2024-12-10,2024-12-13,2,2,Walk-In,Confirmed,INR,30000.0,0,0.0,5400.0,35400.0,2023-08-28 13:42:28,2026-01-02 16:50:34
BOOK002857,CUST001220,HOT0031,ROOM001970,PROMO00445,2025-04-01,2025-04-23,2025-04-25,2,2,Walk-In,Completed,GBP,7000.0,10,700.0,1134.0,7434.0,2025-11-13 17:06:51,2026-05-29 13:43:43
BOOK002858,CUST000740,HOT0232,ROOM000950,PROMO00427,2025-04-25,2025-05-17,2025-05-23,3,0,Booking.com,Confirmed,INR,60000.0,15,9000.0,9180.0,60180.0,2022-05-20 08:52:45,2022-07-28 03:39:56
BOOK002859,CUST002405,HOT0178,ROOM001272,PROMO00207,2025-08-23,2025-10-09,2025-10-10,1,0,Travel Agent,Completed,SGD,2500.0,10,250.0,405.0,2655.0,2020-10-10 07:37:45,2026-03-04 08:57:25
BOOK002860,CUST003552,HOT0194,ROOM001088,PROMO00123,2025-06-06,2025-07-06,2025-07-09,4,0,Travel Agent,Completed,SGD,15000.0,20,3000.0,2160.0,14160.0,2021-06-21 18:40:28,2023-04-03 11:39:47
BOOK002861,CUST002002,HOT0047,ROOM000981,PROMO00179,2025-03-04,2025-04-04,2025-04-05,1,0,Mobile App,Completed,GBP,10000.0,15,1500.0,1530.0,10030.0,2020-03-02 00:39:07,2020-05-01 15:40:38
BOOK002862,CUST004564,HOT0241,ROOM000270,PROMO00273,2026-01-21,2026-03-13,2026-03-15,1,1,Booking.com,Completed,SGD,20000.0,10,2000.0,3240.0,21240.0,2020-10-26 03:39:10,2020-12-06 20:43:12
BOOK002863,CUST001204,HOT0226,ROOM001585,PROMO00026,2025-10-05,2025-10-21,2025-10-26,1,1,Mobile App,Cancelled,INR,75000.0,10,7500.0,12150.0,79650.0,2023-04-04 11:49:51,2025-05-09 18:24:57
BOOK002864,CUST004061,HOT0019,ROOM000761,PROMO00313,2025-04-12,2025-05-15,2025-05-19,3,2,Website,Confirmed,GBP,20000.0,5,1000.0,3420.0,22420.0,2022-04-21 14:37:08,2023-12-26 02:07:19
BOOK002865,CUST004308,HOT0207,ROOM000207,PROMO00491,2024-09-16,2024-10-01,2024-10-06,1,1,Mobile App,Confirmed,USD,35000.0,0,0.0,6300.0,41300.0,2025-10-20 02:33:56,2026-06-09 00:46:14
BOOK002866,CUST002846,HOT0139,ROOM001653,PROMO00323,2024-11-19,2025-01-06,2025-01-07,4,2,Mobile App,Cancelled,SGD,3500.0,15,525.0,535.5,3510.5,2026-07-05 13:28:49,2026-07-25 14:25:14
BOOK002867,CUST000678,HOT0084,ROOM000124,PROMO00164,2024-12-26,2025-02-04,2025-02-06,4,1,Website,Cancelled,EUR,20000.0,20,4000.0,2880.0,18880.0,2025-06-13 02:16:54,2025-12-04 12:03:41
BOOK002868,CUST000125,HOT0230,ROOM001463,PROMO00154,2025-01-31,2025-02-06,2025-02-11,1,0,Travel Agent,Confirmed,USD,25000.0,20,5000.0,3600.0,23600.0,2023-04-29 16:30:49,2025-08-15 01:21:10
BOOK002869,CUST000217,HOT0138,ROOM000195,PROMO00493,2024-10-27,2024-12-20,2024-12-22,2,1,Expedia,Confirmed,EUR,20000.0,0,0.0,3600.0,23600.0,2023-03-11 07:34:53,2024-11-13 19:54:31
BOOK002870,CUST004646,HOT0233,ROOM000193,PROMO00196,2025-07-16,2025-08-20,2025-08-22,1,2,Mobile App,No Show,SGD,10000.0,5,500.0,1710.0,11210.0,2022-07-14 08:41:24,2023-08-24 14:06:48
BOOK002871,CUST000024,HOT0054,ROOM000813,PROMO00054,2024-08-11,2024-08-25,2024-08-28,2,1,Walk-In,Completed,INR,15000.0,5,750.0,2565.0,16815.0,2024-08-17 20:24:21,2025-07-31 08:39:44
BOOK002872,CUST001896,HOT0119,ROOM000640,PROMO00402,2025-06-17,2025-07-26,2025-08-01,2,1,Expedia,Completed,USD,30000.0,20,6000.0,4320.0,28320.0,2020-03-14 14:25:11,2025-06-04 05:36:30
BOOK002873,CUST001158,HOT0201,ROOM001344,PROMO00085,2025-03-24,2025-04-21,2025-04-26,3,2,Booking.com,No Show,AED,12500.0,5,625.0,2137.5,14012.5,2022-08-30 18:06:42,2023-05-14 01:16:29
BOOK002874,CUST000045,HOT0145,ROOM000869,PROMO00459,2026-03-17,2026-04-21,2026-04-24,1,0,Expedia,No Show,GBP,15000.0,5,750.0,2565.0,16815.0,2022-06-13 23:08:09,2023-06-06 09:28:47
BOOK002875,CUST000605,HOT0026,ROOM001738,PROMO00047,2024-10-02,2024-11-11,2024-11-13,2,0,Website,Completed,INR,14000.0,20,2800.0,2016.0,13216.0,2025-09-17 20:23:21,2026-05-28 23:02:24
BOOK002876,CUST004860,HOT0084,ROOM000441,PROMO00086,2026-04-06,2026-05-12,2026-05-13,2,0,Booking.com,Completed,GBP,2500.0,15,375.0,382.5,2507.5,2026-07-21 09:40:50,2026-07-28 17:01:57
BOOK002877,CUST003159,HOT0134,ROOM000181,PROMO00085,2025-05-12,2025-07-05,2025-07-10,1,2,Website,Cancelled,GBP,35000.0,20,7000.0,5040.0,33040.0,2025-04-29 11:10:18,2025-07-25 10:03:00
BOOK002878,CUST002038,HOT0029,ROOM000826,PROMO00394,2025-05-13,2025-05-16,2025-05-23,2,0,Expedia,Completed,USD,35000.0,5,1750.0,5985.0,39235.0,2026-04-23 01:42:12,2026-06-12 14:06:47
BOOK002879,CUST003919,HOT0232,ROOM000950,PROMO00489,2025-01-17,2025-01-23,2025-01-24,1,1,Mobile App,Completed,INR,10000.0,0,0.0,1800.0,11800.0,2026-07-19 09:37:25,2026-07-24 18:23:20
BOOK002880,CUST000005,HOT0132,ROOM000566,PROMO00409,2025-06-21,2025-08-03,2025-08-08,2,2,Mobile App,Confirmed,EUR,25000.0,5,1250.0,4275.0,28025.0,2020-06-11 22:00:43,2021-04-27 07:05:59
BOOK002881,CUST001533,HOT0223,ROOM001297,PROMO00370,2024-12-10,2025-01-01,2025-01-07,4,1,Mobile App,Completed,AED,60000.0,10,6000.0,9720.0,63720.0,2023-08-31 08:32:37,2025-01-23 09:23:35
BOOK002882,CUST002108,HOT0113,ROOM001339,PROMO00122,2024-08-20,2024-10-17,2024-10-23,2,0,Mobile App,Completed,USD,15000.0,10,1500.0,2430.0,15930.0,2024-02-26 10:45:42,2024-03-14 02:28:48
BOOK002883,CUST001721,HOT0003,ROOM001641,PROMO00211,2025-07-27,2025-09-15,2025-09-17,1,1,Mobile App,Cancelled,SGD,20000.0,15,3000.0,3060.0,20060.0,2024-02-20 16:29:59,2026-01-23 17:02:17
BOOK002884,CUST003875,HOT0083,ROOM000357,PROMO00191,2025-12-01,2025-12-08,2025-12-12,1,2,Website,Cancelled,EUR,14000.0,20,2800.0,2016.0,13216.0,2022-11-11 07:06:58,2024-07-17 08:27:18
BOOK002885,CUST000340,HOT0108,ROOM000948,PROMO00160,2026-07-12,2026-07-26,2026-07-30,4,2,Expedia,No Show,AED,10000.0,10,1000.0,1620.0,10620.0,2020-07-25 14:43:17,2025-03-17 15:09:00
BOOK002886,CUST000006,HOT0249,ROOM000825,PROMO00148,2025-01-18,2025-03-09,2025-03-10,3,0,Booking.com,Completed,AED,10000.0,10,1000.0,1620.0,10620.0,2022-03-29 13:26:34,2024-08-13 06:41:34
BOOK002887,CUST004260,HOT0213,ROOM000388,PROMO00086,2025-01-15,2025-02-19,2025-02-23,1,0,Expedia,Confirmed,INR,20000.0,5,1000.0,3420.0,22420.0,2023-06-04 12:57:16,2023-10-03 04:22:04
BOOK002888,CUST004799,HOT0146,ROOM000255,PROMO00069,2024-12-04,2025-01-20,2025-01-22,3,1,Booking.com,Completed,SGD,20000.0,20,4000.0,2880.0,18880.0,2026-01-21 02:58:35,2026-07-27 06:27:41
BOOK002889,CUST003452,HOT0018,ROOM000237,PROMO00285,2026-04-07,2026-04-12,2026-04-15,2,0,Walk-In,Cancelled,AED,15000.0,5,750.0,2565.0,16815.0,2025-12-02 13:53:32,2026-01-31 07:01:47
BOOK002890,CUST003674,HOT0068,ROOM001405,PROMO00168,2026-05-07,2026-06-08,2026-06-10,4,0,Mobile App,Confirmed,SGD,7000.0,0,0.0,1260.0,8260.0,2021-01-07 13:23:11,2025-05-01 00:00:56
BOOK002891,CUST000161,HOT0224,ROOM001077,PROMO00437,2025-09-29,2025-10-06,2025-10-08,1,0,Walk-In,Completed,USD,20000.0,5,1000.0,3420.0,22420.0,2025-10-14 14:22:24,2026-07-08 11:39:09
BOOK002892,CUST002542,HOT0083,ROOM001182,PROMO00152,2025-04-29,2025-06-19,2025-06-23,2,0,Mobile App,Confirmed,USD,14000.0,5,700.0,2394.0,15694.0,2024-09-04 00:43:35,2025-06-05 21:21:47
BOOK002893,CUST001975,HOT0069,ROOM000145,PROMO00186,2026-04-22,2026-06-03,2026-06-09,2,1,Booking.com,Completed,USD,21000.0,10,2100.0,3402.0,22302.0,2026-07-02 01:36:18,2026-07-13 02:23:49
BOOK002894,CUST001849,HOT0208,ROOM001053,PROMO00084,2026-05-12,2026-05-24,2026-05-30,3,2,Walk-In,Cancelled,INR,60000.0,5,3000.0,10260.0,67260.0,2022-08-10 21:47:50,2023-09-14 04:14:00
BOOK002895,CUST003079,HOT0075,ROOM001701,PROMO00479,2026-04-02,2026-05-30,2026-06-02,4,0,Mobile App,Completed,EUR,7500.0,20,1500.0,1080.0,7080.0,2022-05-01 17:46:54,2023-12-31 15:29:44
BOOK002896,CUST001511,HOT0108,ROOM001295,PROMO00371,2025-03-21,2025-04-10,2025-04-17,4,2,Expedia,Completed,USD,24500.0,10,2450.0,3969.0,26019.0,2020-08-08 16:38:32,2022-08-19 08:49:21
BOOK002897,CUST003317,HOT0079,ROOM001325,PROMO00056,2025-05-29,2025-07-07,2025-07-08,4,0,Website,Completed,SGD,3500.0,0,0.0,630.0,4130.0,2020-02-05 21:20:35,2022-05-07 11:31:47
BOOK002898,CUST003638,HOT0069,ROOM000423,PROMO00201,2024-10-02,2024-10-22,2024-10-02,2,2,Mobile App,Completed,AED,35000.0,15,5250.0,5355.0,35105.0,2022-11-29 08:39:08,2024-06-18 23:39:14
BOOK002899,CUST004834,HOT0019,ROOM000761,PROMO00385,2025-07-11,2025-08-31,2025-09-04,3,2,Expedia,Confirmed,GBP,20000.0,5,1000.0,3420.0,22420.0,2025-01-30 13:40:36,2025-04-26 10:10:42
BOOK002900,CUST003977,HOT0117,ROOM001763,PROMO00460,2025-03-22,2025-05-08,2025-05-13,1,1,Website,Completed,USD,50000.0,10,5000.0,8100.0,53100.0,2021-03-21 06:36:30,2025-12-27 09:18:53
BOOK002901,CUST002453,HOT0177,ROOM000153,PROMO00024,2025-07-30,2025-08-03,2025-08-10,3,2,Booking.com,Completed,INR,35000.0,0,0.0,6300.0,41300.0,2023-05-27 07:51:49,2025-11-09 01:48:59
BOOK002902,CUST000977,HOT0238,ROOM000682,PROMO00088,2026-05-25,2026-05-27,2026-06-03,3,0,Mobile App,Completed,GBP,24500.0,10,2450.0,3969.0,26019.0,2024-10-04 08:12:49,2025-06-10 15:58:20
BOOK002903,CUST001849,HOT0246,ROOM000524,PROMO00181,2025-09-08,2025-09-15,2025-09-22,3,2,Travel Agent,Completed,GBP,17500.0,10,1750.0,2835.0,18585.0,2023-07-14 23:37:55,2025-02-23 12:25:30
BOOK002904,CUST003047,HOT0031,ROOM000316,PROMO00344,2025-09-23,2025-10-27,2025-10-28,4,0,Website,Completed,USD,15000.0,20,3000.0,2160.0,14160.0,2020-03-14 01:23:48,2025-03-15 08:30:52
BOOK002905,CUST001535,HOT0101,ROOM000823,PROMO00142,2026-01-18,2026-01-23,2026-01-24,4,1,Walk-In,Completed,GBP,5000.0,5,250.0,855.0,5605.0,2025-08-11 05:30:28,2026-01-22 13:24:29
BOOK002906,CUST001819,HOT0151,ROOM001947,PROMO00004,2024-10-05,2024-10-09,2024-10-12,3,0,Booking.com,Completed,AED,7500.0,10,750.0,1215.0,7965.0,2022-02-09 09:37:27,2026-01-15 12:12:49
BOOK002907,CUST000119,HOT0103,ROOM000054,PROMO00128,2026-03-29,2026-05-21,2026-05-22,3,0,Website,Completed,SGD,5000.0,5,250.0,855.0,5605.0,2021-05-05 21:41:57,2022-10-26 18:23:48
BOOK002908,CUST001351,HOT0001,ROOM000220,PROMO00039,2024-11-03,2024-12-12,2024-12-17,4,0,Booking.com,Completed,USD,17500.0,5,875.0,2992.5,19617.5,2021-11-04 03:23:30,2023-12-18 05:23:14
BOOK002909,CUST002745,HOT0202,ROOM001783,PROMO00022,2024-10-12,2024-11-05,2024-11-06,4,1,Website,No Show,INR,2500.0,10,250.0,405.0,2655.0,2023-01-27 00:36:18,2025-12-19 23:34:33
BOOK002910,CUST004771,HOT0055,ROOM001440,PROMO00415,2026-06-24,2026-07-30,2026-08-01,2,1,Expedia,Cancelled,AED,30000.0,0,0.0,5400.0,35400.0,2021-09-17 18:46:57,2023-02-18 05:55:21
BOOK002911,CUST004700,HOT0085,ROOM001274,PROMO00388,2024-09-05,2024-09-10,2024-09-15,1,0,Website,Completed,INR,12500.0,20,2500.0,1800.0,11800.0,2025-05-20 08:35:14,2026-02-21 04:45:00
BOOK002912,CUST003823,HOT0244,ROOM001206,PROMO00044,2025-08-10,2025-08-30,2025-09-01,3,1,Website,Completed,AED,5000.0,15,750.0,765.0,5015.0,2023-04-21 07:14:59,2023-04-24 10:03:39
BOOK002913,CUST002167,HOT0099,ROOM000087,PROMO00376,2026-02-22,2026-03-04,2026-03-10,3,0,Expedia,Completed,INR,60000.0,15,9000.0,9180.0,60180.0,2023-10-08 04:37:56,2025-08-03 17:10:59
BOOK002914,CUST004307,HOT0083,ROOM000108,PROMO00306,2026-01-03,2026-02-21,2026-02-25,1,2,Website,Confirmed,USD,10000.0,0,0.0,1800.0,11800.0,2021-02-24 18:01:35,2021-04-05 14:14:43
BOOK002915,CUST000760,HOT0093,ROOM001718,PROMO00485,2026-02-23,2026-04-22,2026-04-25,4,0,Booking.com,No Show,EUR,7500.0,5,375.0,1282.5,8407.5,2021-05-14 22:26:50,2022-03-30 16:42:05
BOOK002916,CUST002638,HOT0237,ROOM000174,PROMO00353,2026-02-26,2026-03-13,2026-03-19,1,0,Booking.com,Completed,INR,21000.0,0,0.0,3780.0,24780.0,2020-04-05 10:21:00,2025-07-05 01:49:48
BOOK002917,CUST001215,HOT0134,ROOM001354,PROMO00413,2025-12-20,2026-01-10,2026-01-17,4,0,Travel Agent,Completed,USD,35000.0,5,1750.0,5985.0,39235.0,2020-04-15 14:03:36,2022-02-23 12:12:15
BOOK002918,CUST003455,HOT0090,ROOM000930,PROMO00378,2026-04-25,2026-05-11,2026-05-12,3,0,Expedia,Completed,INR,3500.0,15,525.0,535.5,3510.5,2022-12-13 21:13:42,2025-05-05 01:36:06
BOOK002919,CUST000065,HOT0052,ROOM001753,PROMO00034,2025-08-02,2025-08-25,2025-08-31,3,1,Mobile App,Confirmed,INR,60000.0,15,9000.0,9180.0,60180.0,2021-06-28 17:10:54,2025-10-02 18:05:27
BOOK002920,CUST001964,HOT0060,ROOM001629,PROMO00249,2026-06-28,2026-07-10,2026-07-13,2,1,Walk-In,No Show,AED,15000.0,15,2250.0,2295.0,15045.0,2024-08-01 16:09:41,2024-12-26 23:06:56
BOOK002921,CUST000374,HOT0176,ROOM001671,PROMO00346,2025-01-09,2025-02-14,2025-02-21,2,2,Travel Agent,Confirmed,USD,17500.0,20,3500.0,2520.0,16520.0,2026-04-30 17:06:05,2026-05-10 02:28:58
BOOK002922,CUST004579,HOT0243,ROOM000159,PROMO00303,2025-08-15,2025-10-01,2025-10-08,3,0,Travel Agent,Completed,USD,49000.0,20,9800.0,7056.0,46256.0,2025-11-20 13:27:23,2026-02-04 18:58:46
BOOK002923,CUST003819,HOT0097,ROOM000116,PROMO00090,2025-02-19,2025-04-09,2025-04-16,2,1,Walk-In,Confirmed,GBP,17500.0,5,875.0,2992.5,19617.5,2025-07-16 21:13:37,2025-12-26 21:54:17
BOOK002924,CUST003619,HOT0032,ROOM001565,PROMO00166,2025-06-07,2025-06-13,2025-06-15,3,0,Travel Agent,Completed,SGD,30000.0,20,6000.0,4320.0,28320.0,2024-05-27 14:13:51,2025-07-08 02:31:25
BOOK002925,CUST001663,HOT0113,ROOM000203,PROMO00142,2025-06-07,2025-07-15,2025-07-18,3,1,Expedia,Completed,GBP,30000.0,5,1500.0,5130.0,33630.0,2024-03-26 10:35:34,2026-07-26 04:21:19
BOOK002926,CUST002319,HOT0196,ROOM001996,PROMO00369,2025-05-23,2025-07-03,2025-07-06,4,2,Website,Completed,EUR,21000.0,20,4200.0,3024.0,19824.0,2020-06-25 00:41:39,2021-01-12 22:20:54
BOOK002927,CUST002874,HOT0025,ROOM001532,PROMO00327,2024-12-24,2025-01-31,2025-02-04,2,1,Walk-In,Cancelled,INR,40000.0,20,8000.0,5760.0,37760.0,2022-04-17 03:12:43,2025-08-23 19:15:36
BOOK002928,CUST000015,HOT0246,ROOM000072,PROMO00083,2025-12-28,2026-01-31,2026-02-04,4,2,Booking.com,Cancelled,AED,60000.0,5,3000.0,10260.0,67260.0,2023-01-28 11:41:24,2023-09-18 00:11:12
BOOK002929,CUST004514,HOT0180,ROOM000475,PROMO00154,2025-06-14,2025-07-19,2025-07-25,1,2,Mobile App,Completed,SGD,21000.0,20,4200.0,3024.0,19824.0,2025-11-15 01:34:25,2026-01-23 06:14:08
BOOK002930,CUST003151,HOT0090,ROOM000639,PROMO00438,2025-10-23,2025-12-14,2025-12-15,3,1,Booking.com,Confirmed,EUR,5000.0,10,500.0,810.0,5310.0,2026-05-18 17:13:18,2026-07-08 12:50:33
BOOK002931,CUST999999,HOT0043,ROOM001658,PROMO00402,2026-03-08,2026-04-22,2026-04-27,1,1,Booking.com,Completed,INR,25000.0,20,5000.0,3600.0,23600.0,2023-06-12 19:47:47,2026-07-20 02:46:56
BOOK002932,CUST002367,HOT0177,ROOM001714,PROMO00156,2025-10-03,2025-10-16,2025-10-20,1,0,Walk-In,Completed,EUR,40000.0,15,6000.0,6120.0,40120.0,2024-11-17 08:04:20,2025-04-26 02:25:57
BOOK002933,CUST003226,HOT0059,ROOM000156,PROMO00355,2025-08-26,2025-09-04,2025-09-11,4,0,Booking.com,No Show,INR,24500.0,20,4900.0,3528.0,23128.0,2026-03-14 22:11:45,2026-05-15 11:38:36
BOOK002934,CUST001943,HOT0015,ROOM001253,PROMO00267,2024-08-20,2024-09-30,2024-10-02,3,1,Expedia,Completed,GBP,20000.0,0,0.0,3600.0,23600.0,2025-01-08 23:44:34,2025-04-05 05:51:57
BOOK002935,CUST003086,HOT0133,ROOM001851,PROMO00094,2025-10-28,2025-11-08,2025-11-14,3,1,Mobile App,Completed,GBP,90000.0,20,18000.0,12960.0,84960.0,2022-03-03 22:54:40,2024-10-08 01:53:57
BOOK002936,CUST000657,HOT0185,ROOM000420,PROMO00043,2025-11-26,2026-01-05,2026-01-11,3,1,Mobile App,Completed,USD,21000.0,0,0.0,3780.0,24780.0,2026-04-01 09:11:51,2026-06-25 16:26:51
BOOK002937,CUST001122,HOT0130,ROOM001119,PROMO00201,2025-12-12,2025-12-16,2025-12-21,3,0,Walk-In,Cancelled,SGD,35000.0,10,3500.0,5670.0,37170.0,2021-01-30 12:15:16,2023-12-12 03:38:14
BOOK002938,CUST003543,HOT0242,ROOM001224,PROMO00379,2025-03-22,2025-03-28,2025-04-04,4,1,Expedia,Completed,USD,105000.0,0,0.0,18900.0,123900.0,2022-10-13 13:11:53,2024-03-13 12:21:01
BOOK002939,CUST002737,HOT0116,ROOM000727,PROMO00087,2025-10-22,2025-12-09,2025-12-13,1,1,Website,Completed,EUR,10000.0,10,1000.0,1620.0,10620.0,2023-03-13 23:01:18,2025-01-04 17:51:50
BOOK002940,CUST002033,HOT0059,ROOM000071,PROMO00480,2024-10-30,2024-11-27,2024-11-29,1,0,Expedia,Completed,EUR,10000.0,20,2000.0,1440.0,9440.0,2025-11-17 17:49:06,2026-03-31 21:47:45
BOOK002941,CUST003960,HOT0074,ROOM001401,PROMO00388,2026-03-29,2026-03-30,2026-04-02,1,1,Expedia,Cancelled,EUR,21000.0,15,3150.0,3213.0,21063.0,2021-11-09 07:55:40,2022-11-05 18:39:58
BOOK002942,CUST003417,HOT0178,ROOM000563,PROMO00488,2026-06-29,2026-07-18,2026-07-21,4,0,Expedia,Confirmed,GBP,7500.0,20,1500.0,1080.0,7080.0,2024-12-03 09:28:50,2026-06-30 05:50:21
BOOK002943,CUST003459,HOT0051,ROOM000525,PROMO00005,2025-03-30,2025-05-18,2025-05-20,2,2,Expedia,Confirmed,GBP,10000.0,10,1000.0,1620.0,10620.0,2026-04-08 04:47:10,2026-05-21 03:15:39
BOOK002944,CUST003551,HOT0141,ROOM001610,PROMO00041,2025-07-19,2025-08-08,2025-08-12,1,2,Walk-In,Completed,SGD,14000.0,0,0.0,2520.0,16520.0,2026-07-14 11:48:10,2026-07-28 03:48:19
BOOK002945,CUST004044,HOT0186,ROOM001509,PROMO00395,2025-01-19,2025-02-24,2025-02-28,2,1,Expedia,Cancelled,AED,20000.0,5,1000.0,3420.0,22420.0,2022-12-25 10:52:53,2024-03-16 09:17:56
BOOK002946,CUST002290,HOT0185,ROOM001661,PROMO00281,2025-12-28,2026-02-25,2026-03-01,3,2,Booking.com,Completed,AED,28000.0,10,2800.0,4536.0,29736.0,2020-02-04 23:04:12,2025-05-27 04:57:11
BOOK002947,CUST001524,HOT0229,ROOM000041,PROMO00065,2025-10-31,2025-11-29,2025-12-05,4,1,Website,Completed,INR,30000.0,0,0.0,5400.0,35400.0,2021-07-11 14:23:00,2025-11-05 09:20:34
BOOK002948,CUST002266,HOT0200,ROOM001353,PROMO00448,2026-03-02,2026-03-22,2026-03-23,4,0,Website,Completed,AED,15000.0,10,1500.0,2430.0,15930.0,2020-09-12 22:37:17,2025-08-03 02:09:53
BOOK002949,CUST003620,HOT0180,ROOM001289,PROMO00310,2026-03-21,2026-04-12,2026-04-17,4,1,Walk-In,Completed,GBP,35000.0,20,7000.0,5040.0,33040.0,2021-06-25 17:25:53,2024-08-23 14:18:43
BOOK002950,CUST002023,HOT0184,ROOM001308,PROMO00156,2024-12-27,2025-01-17,2025-01-24,4,1,Walk-In,Completed,EUR,70000.0,5,3500.0,11970.0,78470.0,2024-11-12 05:27:59,2024-11-28 23:19:34
BOOK002951,CUST002530,HOT0125,ROOM000858,PROMO00159,2025-09-27,2025-09-30,2025-10-05,4,0,Booking.com,Cancelled,AED,17500.0,5,875.0,2992.5,19617.5,2024-11-16 14:17:17,2026-07-22 04:10:17
BOOK002952,CUST002617,HOT0212,ROOM000043,PROMO00192,2024-09-06,2024-10-24,2024-10-27,1,1,Expedia,Cancelled,SGD,15000.0,0,0.0,2700.0,17700.0,2022-07-17 18:00:49,2024-01-11 07:42:23
BOOK002953,CUST002357,HOT0219,ROOM000692,PROMO00208,2026-02-12,2026-04-06,2026-04-09,1,2,Expedia,Completed,USD,7500.0,15,1125.0,1147.5,7522.5,2026-06-20 21:28:17,2026-07-03 05:09:05
BOOK002954,CUST002425,HOT0093,ROOM000135,PROMO00099,2026-06-14,2026-07-02,2026-07-06,4,2,Booking.com,Completed,USD,14000.0,0,0.0,2520.0,16520.0,2022-02-10 21:05:19,2025-01-30 02:20:34
BOOK002955,CUST004405,HOT0217,ROOM001394,PROMO00128,2026-06-09,2026-06-23,2026-06-24,3,2,Booking.com,Cancelled,AED,15000.0,15,2250.0,2295.0,15045.0,2023-09-22 14:49:08,2025-01-18 19:09:55
BOOK002956,CUST004733,HOT0099,ROOM001856,PROMO00090,2025-08-02,2025-08-20,2025-08-24,1,2,Mobile App,Completed,SGD,14000.0,15,2100.0,2142.0,14042.0,2020-03-01 09:48:15,2022-07-03 12:05:44
BOOK002957,CUST004613,HOT0149,ROOM001966,PROMO00195,2025-07-10,2025-07-25,2025-07-27,2,2,Website,Confirmed,AED,7000.0,0,0.0,1260.0,8260.0,2025-08-01 02:50:38,2026-05-04 14:37:55
BOOK002958,CUST001631,HOT0187,ROOM001757,PROMO00208,2025-07-23,2025-08-31,2025-09-07,4,0,Walk-In,Completed,USD,17500.0,10,1750.0,2835.0,18585.0,2025-08-15 08:50:04,2026-02-18 21:53:00
BOOK002959,CUST004358,HOT0141,ROOM001768,PROMO00125,2025-09-25,2025-11-17,2025-11-24,3,1,Expedia,Confirmed,EUR,70000.0,5,3500.0,11970.0,78470.0,2024-05-20 22:13:43,2024-11-21 17:46:13
BOOK002960,CUST002491,HOT0015,ROOM001145,PROMO00261,2024-09-17,2024-09-23,2024-09-28,3,0,Website,Cancelled,EUR,35000.0,10,3500.0,5670.0,37170.0,2020-03-26 08:26:55,2022-01-18 11:03:02
BOOK002961,CUST000954,HOT0053,ROOM001734,PROMO00031,2025-10-19,2025-12-05,2025-12-07,2,1,Walk-In,Completed,AED,7000.0,5,350.0,1197.0,7847.0,2022-04-28 05:01:17,2023-07-10 08:45:24
BOOK002962,CUST001518,HOT0086,ROOM000847,PROMO00100,2024-12-20,2025-01-24,2025-01-28,3,2,Travel Agent,Completed,GBP,40000.0,20,8000.0,5760.0,37760.0,2025-11-22 03:19:37,2026-03-09 06:09:32
BOOK002963,CUST001817,HOT0144,ROOM001631,PROMO00184,2026-01-24,2026-03-09,2026-03-13,1,1,Mobile App,No Show,AED,10000.0,0,0.0,1800.0,11800.0,2022-08-18 12:13:41,2023-06-10 15:28:26
BOOK002964,CUST002481,HOT0192,ROOM001403,PROMO00145,2025-11-03,2025-12-28,2025-12-29,1,1,Website,Cancelled,EUR,3500.0,20,700.0,504.0,3304.0,2022-10-15 05:25:43,2026-07-06 10:00:53
BOOK002965,CUST001056,HOT0161,ROOM000648,PROMO00020,2025-06-02,2025-07-31,2025-08-05,3,1,Website,Completed,GBP,12500.0,0,0.0,2250.0,14750.0,2024-07-01 02:16:00,2025-12-03 07:58:31
BOOK002966,CUST004806,HOT0033,ROOM001264,PROMO00360,2026-05-16,2026-07-12,2026-07-19,4,0,Mobile App,Confirmed,USD,105000.0,5,5250.0,17955.0,117705.0,2021-07-03 23:17:03,2024-12-15 20:59:22
BOOK002967,CUST002114,HOT0241,ROOM001824,PROMO00409,2025-10-24,2025-11-14,2025-11-16,3,2,Travel Agent,Confirmed,EUR,10000.0,15,1500.0,1530.0,10030.0,2020-12-06 04:27:16,2023-06-14 20:06:42
BOOK002968,CUST000670,HOT0156,ROOM000876,PROMO00297,2024-09-07,2024-10-14,2024-10-20,4,0,Walk-In,Completed,EUR,42000.0,0,0.0,7560.0,49560.0,2026-07-20 14:06:07,2026-07-27 15:32:38
BOOK002969,CUST001869,HOT0193,ROOM000673,PROMO00195,2024-08-24,2024-09-02,2024-09-04,3,1,Travel Agent,Confirmed,INR,5000.0,5,250.0,855.0,5605.0,2020-10-09 18:29:53,2021-07-08 15:25:08
BOOK002970,CUST003704,HOT0043,ROOM001303,PROMO00292,2025-11-07,2025-12-15,2025-12-17,1,1,Expedia,No Show,GBP,7000.0,5,350.0,1197.0,7847.0,2023-12-14 16:45:32,2025-02-21 15:01:02
BOOK002971,CUST004493,HOT0191,ROOM000227,PROMO00188,2026-06-27,2026-07-12,2026-07-19,3,0,Mobile App,Cancelled,SGD,70000.0,20,14000.0,10080.0,66080.0,2021-01-25 14:29:59,2024-04-16 22:40:16
BOOK002972,CUST002194,HOT0095,ROOM001386,PROMO00169,2025-08-26,2025-10-03,2025-10-05,2,0,Website,Cancelled,INR,30000.0,10,3000.0,4860.0,31860.0,2023-09-30 19:00:40,2024-08-29 13:28:11
BOOK002973,CUST003354,HOT0034,ROOM000312,PROMO00460,2024-11-15,2025-01-10,2025-01-17,1,2,Walk-In,Completed,INR,105000.0,10,10500.0,17010.0,111510.0,2023-05-02 07:26:59,2025-07-17 21:24:02
BOOK002974,CUST003314,HOT0240,ROOM001676,PROMO00483,2026-04-19,2026-06-04,2026-06-06,1,0,Website,Confirmed,AED,20000.0,15,3000.0,3060.0,20060.0,2021-01-31 08:04:47,2021-12-12 01:35:59
BOOK002975,CUST000569,HOT0111,ROOM000802,PROMO00469,2026-05-29,2026-07-21,2026-07-24,2,2,Travel Agent,Completed,USD,30000.0,10,3000.0,4860.0,31860.0,2023-12-15 19:38:43,2024-11-14 10:34:31
BOOK002976,CUST001296,HOT0146,ROOM000255,PROMO00264,2025-07-16,2025-09-13,2025-09-17,2,2,Booking.com,Completed,AED,40000.0,10,4000.0,6480.0,42480.0,2024-07-19 19:28:11,2026-03-27 06:08:10
BOOK002977,CUST002296,HOT0008,ROOM001517,PROMO00201,2026-01-09,2026-02-17,2026-02-23,2,1,Travel Agent,Completed,EUR,30000.0,20,6000.0,4320.0,28320.0,2025-06-24 05:37:17,2026-02-15 15:33:01
BOOK002978,CUST000709,HOT0062,ROOM000980,PROMO00094,2025-04-25,2025-05-16,2025-05-18,3,0,Booking.com,Completed,AED,5000.0,15,750.0,765.0,5015.0,2020-03-06 20:59:29,2023-07-04 16:58:41
BOOK002979,CUST000448,HOT0044,ROOM001309,PROMO00218,2026-03-19,2026-04-23,2026-04-27,2,1,Website,Cancelled,EUR,10000.0,15,1500.0,1530.0,10030.0,2026-01-19 14:00:35,2026-03-20 00:59:13
BOOK002980,CUST003173,HOT0046,ROOM000239,PROMO00178,2025-07-05,2025-07-13,2025-07-19,1,1,Website,Completed,INR,42000.0,10,4200.0,6804.0,44604.0,2023-03-26 05:30:12,2025-02-11 23:25:05
BOOK002981,CUST003877,HOT0199,ROOM000904,PROMO00142,2026-05-22,2026-06-22,2026-06-25,2,1,Travel Agent,Completed,SGD,15000.0,10,1500.0,2430.0,15930.0,2023-08-13 04:18:23,2024-11-05 16:46:54
BOOK002982,CUST001243,HOT0033,ROOM001288,PROMO00488,2025-05-29,2025-06-05,2025-06-11,4,0,Booking.com,Completed,GBP,21000.0,5,1050.0,3591.0,23541.0,2023-11-06 15:51:18,2025-05-18 18:33:43
BOOK002983,CUST000043,HOT0002,ROOM000111,PROMO00406,2025-01-29,2025-03-11,2025-03-14,3,1,Booking.com,Completed,USD,30000.0,20,6000.0,4320.0,28320.0,2022-09-29 20:01:53,2023-09-24 00:09:44
BOOK002984,CUST003770,HOT0035,ROOM000756,PROMO00064,2025-10-30,2025-11-06,2025-11-12,4,0,Expedia,Completed,SGD,90000.0,20,18000.0,12960.0,84960.0,2022-11-07 13:20:08,2023-04-02 10:41:38
BOOK002985,CUST000046,HOT0222,ROOM000908,PROMO00138,2026-05-27,2026-07-10,2026-07-16,1,2,Travel Agent,Completed,EUR,21000.0,5,1050.0,3591.0,23541.0,2025-03-13 04:57:26,2026-02-01 11:01:59
BOOK002986,CUST001829,HOT0224,ROOM001879,PROMO00069,2026-01-14,2026-01-26,2026-01-27,4,0,Expedia,Completed,SGD,3500.0,0,0.0,630.0,4130.0,2025-12-13 17:07:44,2026-04-20 04:38:47
BOOK002987,CUST003595,HOT0089,ROOM001164,PROMO00272,2026-03-31,2026-04-20,2026-04-21,1,2,Mobile App,Completed,USD,5000.0,10,500.0,810.0,5310.0,2023-05-18 15:26:41,2025-10-08 10:58:55
BOOK002988,CUST000101,HOT0088,ROOM000166,PROMO00254,2025-09-30,2025-11-01,2025-11-07,1,2,Mobile App,Completed,INR,21000.0,5,1050.0,3591.0,23541.0,2025-06-11 03:41:06,2026-02-17 23:00:39
BOOK002989,CUST002683,HOT0112,ROOM001986,PROMO00222,2025-01-07,2025-02-16,2025-02-18,3,2,Website,Completed,GBP,30000.0,0,0.0,5400.0,35400.0,2025-05-28 06:25:33,2025-09-19 03:32:24
BOOK002990,CUST001768,HOT0152,ROOM000483,PROMO00296,2025-12-08,2025-12-24,2025-12-27,3,1,Travel Agent,Completed,SGD,21000.0,0,0.0,3780.0,24780.0,2023-08-17 04:20:31,2025-10-26 16:50:00
BOOK002991,CUST002370,HOT0161,ROOM000653,PROMO00173,2026-01-10,2026-01-17,2026-01-22,2,2,Walk-In,Completed,EUR,25000.0,0,0.0,4500.0,29500.0,2021-10-14 03:34:31,2025-09-21 11:02:28
BOOK002992,CUST003007,HOT0183,ROOM000946,PROMO00381,2025-04-13,2025-06-10,2025-06-15,4,2,Website,Completed,AED,50000.0,15,7500.0,7650.0,50150.0,2024-02-28 11:38:59,2024-11-29 05:05:01
BOOK002993,CUST000481,HOT0223,ROOM001297,PROMO00045,2025-02-25,2025-04-24,2025-04-26,3,0,Mobile App,Completed,INR,20000.0,5,1000.0,3420.0,22420.0,2023-01-16 09:34:06,2023-09-21 16:55:00
BOOK002994,CUST001358,HOT0120,ROOM001388,PROMO00156,2025-10-06,2025-11-12,2025-11-16,4,0,Website,Confirmed,,20000.0,15,3000.0,3060.0,20060.0,2022-08-06 02:08:06,2026-01-07 14:27:02
BOOK002995,CUST002315,HOT0010,ROOM000999,PROMO00148,2026-05-11,2026-07-05,2026-07-09,4,2,Website,Confirmed,SGD,28000.0,0,0.0,5040.0,33040.0,2026-03-28 19:02:54,2026-04-20 02:53:11
BOOK002996,CUST004865,HOT0233,ROOM000808,PROMO00329,2025-05-09,2025-05-21,2025-05-28,4,2,Expedia,Completed,INR,49000.0,5,2450.0,8379.0,54929.0,2025-02-22 01:06:57,2026-06-23 20:42:46
BOOK002997,CUST001516,HOT0198,ROOM000790,PROMO00323,2025-02-14,2025-02-28,2025-03-01,3,1,Expedia,Completed,SGD,10000.0,10,1000.0,1620.0,10620.0,2020-05-02 02:43:49,2021-08-15 12:38:05
BOOK002998,CUST004935,HOT0137,ROOM000620,PROMO00110,2026-05-31,2026-06-09,2026-06-14,4,1,Website,Completed,AED,17500.0,15,2625.0,2677.5,17552.5,2024-01-14 23:02:56,2024-03-20 02:50:43
BOOK002999,CUST001126,HOT0131,ROOM001592,PROMO00087,2026-02-17,2026-03-20,2026-03-22,4,1,Mobile App,Completed,SGD,14000.0,5,700.0,2394.0,15694.0,2020-07-12 17:18:24,2021-04-03 06:30:11
BOOK003000,CUST000095,HOT0241,ROOM000270,PROMO00441,2025-03-08,2025-04-15,2025-04-21,1,1,Mobile App,Completed,INR,60000.0,0,0.0,10800.0,70800.0,2023-12-13 05:32:44,2026-04-18 22:36:50
BOOK003001,CUST002227,HOT0056,ROOM000905,PROMO00133,2026-06-13,2026-06-15,2026-06-18,2,1,Travel Agent,Completed,GBP,15000.0,10,1500.0,2430.0,15930.0,2021-04-26 11:50:43,2026-02-28 12:28:07
BOOK003002,CUST003581,HOT0215,ROOM001935,PROMO00097,2025-08-11,2025-08-24,2025-08-25,4,2,Website,No Show,INR,7000.0,5,350.0,1197.0,7847.0,2024-08-19 11:19:48,2026-03-25 02:30:41
BOOK003003,CUST999999,HOT0058,ROOM001540,PROMO00147,2026-04-16,2026-05-28,2026-06-02,3,0,Walk-In,No Show,AED,35000.0,0,0.0,6300.0,41300.0,2022-08-12 00:32:36,2025-08-16 09:56:14
BOOK003004,CUST001892,HOT0214,ROOM000498,PROMO00472,2025-12-02,2026-01-26,2026-02-02,4,2,Travel Agent,Completed,SGD,35000.0,10,3500.0,5670.0,37170.0,2023-04-21 23:20:17,2023-09-20 23:11:18
BOOK003005,CUST001683,HOT0210,ROOM000646,PROMO00330,2026-07-12,2026-09-10,2026-09-11,2,1,Website,Confirmed,EUR,3500.0,15,525.0,535.5,3510.5,2021-03-08 01:45:51,2022-10-04 20:10:29
BOOK003006,CUST004319,HOT0083,ROOM000689,PROMO00383,2025-11-19,2025-12-08,2025-12-14,4,2,Travel Agent,Completed,INR,42000.0,5,2100.0,7182.0,47082.0,2021-02-06 11:29:30,2025-01-26 00:35:40
BOOK003007,CUST000035,HOT0087,ROOM001716,PROMO00393,2025-01-10,2025-02-03,2025-02-09,4,0,Walk-In,Confirmed,GBP,30000.0,15,4500.0,4590.0,30090.0,2022-09-13 18:06:19,2023-07-28 09:16:39
BOOK003008,CUST001980,HOT0197,ROOM000920,PROMO00483,2025-01-31,2025-03-10,2025-03-17,3,0,Mobile App,Confirmed,AED,49000.0,0,0.0,8820.0,57820.0,2020-03-05 11:00:19,2024-03-31 07:16:11
BOOK003009,CUST003765,HOT0035,ROOM000415,PROMO00212,2024-12-29,2025-01-29,2025-02-03,3,0,Expedia,Completed,GBP,50000.0,10,5000.0,8100.0,53100.0,2026-02-07 08:48:49,2026-02-18 10:02:31
BOOK003010,CUST003414,HOT0077,ROOM000891,PROMO00144,2026-07-11,2026-08-06,2026-08-08,2,1,Website,No Show,SGD,5000.0,0,0.0,900.0,5900.0,2025-02-01 00:15:06,2025-11-18 01:56:23
BOOK003011,CUST000220,HOT0149,ROOM000681,PROMO00198,2026-04-16,2026-05-24,2026-05-29,2,0,Website,Confirmed,GBP,25000.0,5,1250.0,4275.0,28025.0,2021-06-27 09:09:56,2024-09-27 21:58:51
BOOK003012,CUST003214,HOT0181,ROOM001737,PROMO00346,2025-05-29,2025-06-22,2025-06-24,2,1,Walk-In,Completed,SGD,14000.0,20,2800.0,2016.0,13216.0,2020-11-15 13:55:11,2025-08-17 11:23:29
BOOK003013,CUST002678,HOT0011,ROOM001027,PROMO00447,2025-12-26,2025-12-31,2026-01-07,3,1,Walk-In,Completed,USD,24500.0,15,3675.0,3748.5,24573.5,2023-02-10 14:34:13,2023-03-29 08:40:13
BOOK003014,CUST001151,HOT0048,ROOM001545,PROMO00201,2025-12-07,2026-01-29,2026-02-03,4,0,Walk-In,Completed,INR,12500.0,15,1875.0,1912.5,12537.5,2021-10-05 17:41:37,2025-10-21 13:49:16
BOOK003015,CUST004537,HOT0017,ROOM000228,PROMO00253,2024-12-26,2024-12-31,2025-01-05,3,2,Booking.com,Cancelled,AED,17500.0,10,1750.0,2835.0,18585.0,2024-12-05 08:37:44,2025-06-11 23:22:06
BOOK003016,CUST000054,HOT0046,ROOM001842,PROMO00250,2025-11-26,2025-12-31,2026-01-04,2,1,Travel Agent,Cancelled,AED,40000.0,5,2000.0,6840.0,44840.0,2023-09-26 19:58:57,2025-06-25 01:46:44
BOOK003017,CUST004850,HOT0131,ROOM000039,PROMO00103,2026-05-13,2026-07-05,2026-07-09,3,1,Expedia,Confirmed,GBP,14000.0,15,2100.0,2142.0,14042.0,2024-06-25 14:26:34,2026-04-24 00:52:12
BOOK003018,CUST000572,HOT0069,ROOM001046,PROMO00233,2025-11-06,2025-11-27,2025-12-01,4,0,Travel Agent,Completed,AED,20000.0,0,0.0,3600.0,23600.0,2021-03-22 22:31:08,2025-02-10 02:18:45
BOOK003019,CUST001822,HOT0078,ROOM000792,PROMO00397,2025-10-27,2025-12-06,2025-12-07,2,2,Expedia,Completed,EUR,15000.0,0,0.0,2700.0,17700.0,2024-07-03 10:22:57,2025-12-09 11:11:34
BOOK003020,CUST000635,HOT0071,ROOM001522,PROMO00231,2025-02-16,2025-04-12,2025-04-16,2,1,Mobile App,Cancelled,EUR,10000.0,15,1500.0,1530.0,10030.0,2025-02-21 18:53:00,2025-08-12 18:05:24
BOOK003021,CUST003397,HOT0172,ROOM000770,PROMO00066,2025-01-30,2025-03-15,2025-03-22,1,1,Mobile App,Completed,AED,105000.0,15,15750.0,16065.0,105315.0,2026-04-18 08:45:30,2026-07-28 21:12:51
BOOK003022,CUST000826,HOT0034,ROOM000023,PROMO00329,2026-04-28,2026-05-14,2026-05-16,1,0,Expedia,Completed,EUR,20000.0,5,1000.0,3420.0,22420.0,2024-09-24 02:48:06,2026-04-12 14:51:20
BOOK003023,CUST004899,HOT0182,ROOM000139,PROMO00298,2026-04-04,2026-05-30,2026-06-05,4,1,Expedia,Completed,INR,90000.0,15,13500.0,13770.0,90270.0,2024-06-05 05:55:43,2024-09-03 11:10:45
BOOK003024,CUST003470,HOT0139,ROOM000822,PROMO00207,2025-10-26,2025-12-06,2025-12-13,4,0,Mobile App,Completed,EUR,70000.0,15,10500.0,10710.0,70210.0,2021-10-02 01:02:12,2022-02-25 23:39:15
BOOK003025,CUST003772,HOT0038,ROOM000322,PROMO00169,2025-11-15,2025-12-30,2026-01-01,2,1,Walk-In,Completed,USD,30000.0,10,3000.0,4860.0,31860.0,2021-06-27 00:37:07,2023-05-25 14:00:49
BOOK003026,CUST001174,HOT0215,ROOM000274,PROMO00312,2025-07-27,2025-08-01,2025-08-07,2,0,Booking.com,Completed,SGD,30000.0,0,0.0,5400.0,35400.0,2026-04-12 01:36:53,2026-04-27 11:50:00
BOOK003027,CUST000043,HOT0079,ROOM001174,PROMO00389,2025-06-01,2025-06-26,2025-07-02,1,0,Mobile App,Completed,INR,30000.0,5,1500.0,5130.0,33630.0,2025-12-28 01:30:57,2026-07-28 10:28:01
BOOK003028,CUST004521,HOT0041,ROOM001994,PROMO00109,2024-11-24,2024-12-01,2024-12-07,3,2,Booking.com,Confirmed,INR,21000.0,20,4200.0,3024.0,19824.0,2024-06-23 01:51:36,2026-07-01 12:38:27
BOOK003029,CUST003604,HOT0142,ROOM000132,PROMO00299,2026-04-24,2026-05-10,2026-05-14,3,2,Walk-In,Confirmed,INR,10000.0,0,0.0,1800.0,11800.0,2026-03-20 06:30:57,2026-04-25 15:48:47
BOOK003030,CUST001554,HOT0201,ROOM001344,PROMO00348,2026-04-09,2026-05-31,2026-06-03,2,0,Mobile App,Confirmed,USD,7500.0,15,1125.0,1147.5,7522.5,2024-06-01 17:44:38,2024-11-25 02:58:25
BOOK003031,CUST001765,HOT0090,ROOM000762,PROMO00065,2025-02-05,2025-03-24,2025-03-27,2,0,Booking.com,Completed,AED,45000.0,10,4500.0,7290.0,47790.0,2021-10-08 17:37:41,2024-10-30 17:13:21
BOOK003032,CUST003790,HOT0118,ROOM000428,PROMO00041,2025-06-22,2025-07-07,2025-07-08,3,2,Booking.com,No Show,INR,10000.0,5,500.0,1710.0,11210.0,2021-05-07 08:07:20,2022-10-09 17:50:59
BOOK003033,CUST003043,HOT0037,ROOM001623,PROMO00166,2026-01-21,2026-03-20,2026-03-26,1,2,Booking.com,Completed,EUR,21000.0,20,4200.0,3024.0,19824.0,2026-05-16 17:31:37,2026-06-19 19:05:24
BOOK003034,CUST002321,HOT0023,ROOM000282,PROMO00414,2025-10-22,2025-11-08,2025-11-12,4,2,Travel Agent,Confirmed,SGD,10000.0,5,500.0,1710.0,11210.0,2023-01-26 06:31:56,2025-03-01 12:37:11
BOOK003035,CUST003353,HOT0236,ROOM001535,PROMO00451,2025-03-02,2025-03-16,2025-03-23,2,0,Expedia,Confirmed,USD,105000.0,5,5250.0,17955.0,117705.0,2020-10-26 20:05:16,2025-11-05 23:55:11
BOOK003036,CUST002406,HOT0209,ROOM000378,PROMO00312,2025-08-01,2025-08-02,2025-08-09,1,2,Booking.com,Completed,GBP,70000.0,15,10500.0,10710.0,70210.0,2023-05-18 17:32:54,2023-12-28 22:35:16
BOOK003037,CUST003211,HOT0105,ROOM001152,PROMO00138,2025-02-15,2025-04-07,2025-04-13,1,0,Expedia,Completed,GBP,42000.0,10,4200.0,6804.0,44604.0,2020-01-23 10:01:56,2026-02-23 20:44:09
BOOK003038,CUST002012,HOT0207,ROOM001563,PROMO00312,2025-11-19,2025-12-18,2025-12-19,3,1,Booking.com,Completed,AED,10000.0,5,500.0,1710.0,11210.0,2020-01-08 13:19:00,2022-02-24 07:42:15
BOOK003039,CUST000762,HOT0100,ROOM001587,PROMO00186,2025-06-30,2025-07-28,2025-07-31,3,0,Website,Completed,GBP,30000.0,10,3000.0,4860.0,31860.0,2023-04-23 05:46:12,2025-01-01 16:19:53
BOOK003040,CUST000653,HOT0159,ROOM001258,PROMO00179,2026-01-11,2026-02-20,2026-02-24,2,0,Walk-In,Completed,SGD,40000.0,5,2000.0,6840.0,44840.0,2025-06-11 19:13:36,2025-10-24 00:06:53
BOOK003041,CUST003633,HOT0190,ROOM000546,PROMO00302,2026-01-28,2026-02-15,2026-02-22,1,2,Walk-In,Completed,SGD,49000.0,0,0.0,8820.0,57820.0,2025-12-03 07:54:01,2026-01-06 02:08:54
BOOK003042,CUST000547,HOT0045,ROOM000197,PROMO00418,2026-03-13,2026-05-09,2026-05-10,3,0,Walk-In,Confirmed,EUR,3500.0,20,700.0,504.0,3304.0,2021-02-06 09:06:46,2023-11-15 20:50:45
BOOK003043,CUST003130,HOT0119,ROOM000640,PROMO00174,2026-05-01,2026-05-06,2026-05-10,3,2,Travel Agent,Confirmed,SGD,20000.0,5,1000.0,3420.0,22420.0,2023-02-09 04:16:37,2023-07-15 05:57:01
BOOK003044,CUST001742,HOT0219,ROOM000508,PROMO00449,2025-04-28,2025-05-30,2025-05-31,1,1,Travel Agent,Completed,USD,5000.0,5,250.0,855.0,5605.0,2024-01-06 01:53:23,2026-03-03 16:50:15
BOOK003045,CUST003607,HOT0143,ROOM000650,PROMO00333,2025-05-17,2025-06-10,2025-06-13,3,0,Travel Agent,Completed,USD,45000.0,10,4500.0,7290.0,47790.0,2020-09-21 19:33:06,2020-11-28 02:39:38
BOOK003046,CUST001284,HOT0008,ROOM000578,PROMO00463,2026-03-31,2026-05-04,2026-05-05,3,2,Booking.com,Cancelled,GBP,2500.0,20,500.0,360.0,2360.0,2026-03-12 23:18:43,2026-03-15 13:42:08
BOOK003047,CUST004435,HOT0117,ROOM000860,PROMO00197,2024-08-31,2024-09-12,2024-09-14,4,0,Mobile App,Confirmed,USD,14000.0,15,2100.0,2142.0,14042.0,2025-05-19 10:06:09,2026-07-10 10:31:00
BOOK003048,CUST001884,HOT0098,ROOM000794,PROMO00301,2024-11-29,2024-12-05,2024-12-07,3,0,Expedia,Cancelled,GBP,10000.0,10,1000.0,1620.0,10620.0,2022-09-21 20:39:03,2024-08-11 05:44:37
BOOK003049,CUST003027,HOT0164,ROOM001456,PROMO00159,2025-06-10,2025-07-17,2025-07-18,1,0,Website,Confirmed,GBP,10000.0,10,1000.0,1620.0,10620.0,2024-03-07 02:22:47,2025-01-01 13:21:25
BOOK003050,CUST004589,HOT0154,ROOM001399,PROMO00317,2025-05-24,2025-07-05,2025-07-09,2,2,Booking.com,Completed,INR,40000.0,10,4000.0,6480.0,42480.0,2024-01-05 17:27:53,2024-11-01 12:55:15
BOOK003051,CUST004613,HOT0166,ROOM001018,PROMO00345,2024-10-17,2024-12-06,2024-12-11,2,2,Walk-In,Completed,GBP,50000.0,5,2500.0,8550.0,56050.0,2023-11-15 15:30:24,2024-01-16 07:05:01
BOOK003052,CUST004023,HOT0005,ROOM000922,PROMO00003,2025-10-28,2025-11-23,2025-11-30,1,2,Expedia,Completed,EUR,49000.0,20,9800.0,7056.0,46256.0,2020-07-03 17:29:00,2023-01-05 03:59:46
BOOK003053,CUST003505,HOT0004,ROOM001566,PROMO00122,2026-02-23,2026-02-25,2026-03-01,4,1,Mobile App,Completed,GBP,20000.0,10,2000.0,3240.0,21240.0,2020-03-24 05:50:17,2024-09-01 05:29:43
BOOK003054,CUST000874,HOT0142,ROOM001659,PROMO00301,2025-05-15,2025-07-06,2025-07-13,4,0,Website,Cancelled,EUR,24500.0,20,4900.0,3528.0,23128.0,2021-02-19 05:40:51,2023-11-07 16:09:47
BOOK003055,CUST003113,HOT0095,ROOM001386,PROMO00089,2025-05-19,2025-06-13,2025-06-17,1,0,Travel Agent,Completed,AED,60000.0,20,12000.0,8640.0,56640.0,2022-03-05 11:22:00,2026-05-07 21:15:01
BOOK003056,CUST003895,HOT0079,ROOM001873,PROMO00084,2024-12-13,2024-12-22,2024-12-28,2,0,Website,Completed,INR,15000.0,10,1500.0,2430.0,15930.0,2025-06-10 13:46:06,2026-07-04 03:59:04
BOOK003057,CUST003065,HOT0013,ROOM001920,PROMO00362,2025-03-23,2025-04-28,2025-05-02,4,1,Booking.com,Cancelled,USD,40000.0,5,2000.0,6840.0,44840.0,2024-02-25 05:27:22,2024-05-10 22:40:55
BOOK003058,CUST000484,HOT0184,ROOM001686,PROMO00020,2026-03-23,2026-05-04,2026-05-11,4,1,Travel Agent,Completed,SGD,49000.0,10,4900.0,7938.0,52038.0,2020-11-27 09:50:16,2024-08-26 02:33:58
BOOK003059,CUST001893,HOT0127,ROOM001101,PROMO00452,2025-11-13,2025-12-08,2025-12-14,1,2,Walk-In,Confirmed,EUR,21000.0,15,3150.0,3213.0,21063.0,2021-04-01 05:42:56,2026-06-20 14:30:34
BOOK003060,CUST002303,HOT0144,ROOM000100,PROMO00325,2024-11-05,2024-12-02,2024-12-05,2,1,Booking.com,Completed,AED,30000.0,5,1500.0,5130.0,33630.0,2025-03-26 09:05:56,2025-12-15 11:42:53
BOOK003061,CUST003876,HOT0015,ROOM001467,PROMO00426,2025-11-01,2025-12-26,2025-12-30,2,1,Expedia,No Show,USD,10000.0,20,2000.0,1440.0,9440.0,2024-07-05 14:21:54,2026-04-24 13:27:50
BOOK003062,CUST004715,HOT0051,ROOM000850,PROMO00355,2026-01-10,2026-02-21,2026-02-27,1,0,Mobile App,Completed,EUR,30000.0,20,6000.0,4320.0,28320.0,2022-07-08 17:03:24,2025-11-12 08:55:31
BOOK003063,CUST003371,HOT0106,ROOM001801,PROMO00274,2025-03-25,2025-03-27,2025-03-31,1,0,Booking.com,Completed,EUR,40000.0,15,6000.0,6120.0,40120.0,2022-03-19 23:22:18,2026-05-17 01:21:56
BOOK003064,CUST001457,HOT0194,ROOM001832,PROMO00471,2024-09-04,2024-09-21,2024-09-23,1,0,Walk-In,Completed,EUR,14000.0,5,700.0,2394.0,15694.0,2020-11-15 09:55:14,2022-12-31 01:39:01
BOOK003065,CUST002643,HOT0186,ROOM001628,PROMO00133,2024-09-01,2024-09-05,2024-09-06,1,2,Expedia,Completed,EUR,7000.0,20,1400.0,1008.0,6608.0,2020-07-03 18:18:17,2023-07-30 17:46:19
BOOK003066,CUST003014,HOT0126,ROOM000602,PROMO00274,2024-10-06,2024-11-08,2024-11-10,3,2,Expedia,Completed,SGD,7000.0,15,1050.0,1071.0,7021.0,2021-04-18 18:24:40,2024-06-22 11:33:33
BOOK003067,CUST003167,HOT0053,ROOM000665,PROMO00061,2026-04-16,2026-05-11,2026-05-16,1,1,Walk-In,Confirmed,AED,12500.0,15,1875.0,1912.5,12537.5,2025-07-18 03:29:08,2026-01-16 16:49:39
BOOK003068,CUST003498,HOT0038,ROOM001028,PROMO00279,2025-10-01,2025-11-24,2025-12-01,2,2,Mobile App,Completed,USD,105000.0,20,21000.0,15120.0,99120.0,2022-05-03 02:27:03,2026-06-27 02:10:40
BOOK003069,CUST000036,HOT0086,ROOM000740,PROMO00022,2026-05-20,2026-07-10,2026-07-15,4,0,Expedia,Completed,INR,12500.0,10,1250.0,2025.0,13275.0,2025-07-12 14:15:15,2026-03-20 00:52:08
BOOK003070,CUST000754,HOT0244,ROOM001607,PROMO00499,2026-02-01,2026-03-08,2026-03-09,3,1,Walk-In,Completed,EUR,10000.0,0,0.0,1800.0,11800.0,2023-09-17 05:05:08,2025-03-19 23:57:18
BOOK003071,CUST000012,HOT0176,ROOM001235,PROMO00485,2024-08-09,2024-09-19,2024-09-22,4,2,Booking.com,Completed,AED,45000.0,15,6750.0,6885.0,45135.0,2023-03-28 23:46:48,2024-04-26 21:35:29
BOOK003072,CUST004584,HOT0215,ROOM000295,PROMO00316,2026-06-23,2026-08-15,2026-08-19,4,1,Expedia,Confirmed,AED,14000.0,5,700.0,2394.0,15694.0,2020-08-09 13:42:07,2021-05-20 10:57:44
BOOK003073,CUST004781,HOT0187,ROOM001719,PROMO00497,2025-03-27,2025-04-07,2025-04-11,2,2,Website,Completed,SGD,60000.0,5,3000.0,10260.0,67260.0,2021-10-02 14:09:07,2025-06-19 03:03:20
BOOK003074,CUST000784,HOT0074,ROOM001348,PROMO00198,2025-06-29,2025-08-24,2025-08-27,2,1,Mobile App,Confirmed,AED,21000.0,10,2100.0,3402.0,22302.0,2020-05-16 22:56:17,2023-10-16 09:36:03
BOOK003075,CUST000191,HOT0199,ROOM000706,PROMO00109,2024-12-08,2024-12-30,2025-01-04,2,0,Walk-In,Completed,SGD,50000.0,0,0.0,9000.0,59000.0,2025-08-30 15:28:28,2025-10-09 14:41:05
BOOK003076,CUST002914,HOT0199,ROOM001255,PROMO00159,2024-10-16,2024-11-23,2024-11-25,2,0,Walk-In,Completed,AED,7000.0,20,1400.0,1008.0,6608.0,2023-10-16 17:47:36,2026-04-07 02:04:05
BOOK003077,CUST003481,HOT0034,ROOM000667,PROMO00119,2025-02-15,2025-04-12,2025-04-16,1,2,Walk-In,Completed,USD,20000.0,15,3000.0,3060.0,20060.0,2022-12-09 01:43:09,2025-05-19 06:29:27
BOOK003078,CUST002773,HOT0041,ROOM001681,PROMO00261,2026-01-03,2026-02-24,2026-03-01,4,0,Mobile App,Completed,AED,12500.0,0,0.0,2250.0,14750.0,2024-12-06 21:49:40,2025-08-15 18:44:27
BOOK003079,CUST003856,HOT0195,ROOM001917,PROMO00451,2026-04-01,2026-04-28,2026-05-01,1,0,Expedia,Completed,USD,30000.0,10,3000.0,4860.0,31860.0,2024-06-24 23:53:45,2026-06-25 12:18:52
BOOK003080,CUST000881,HOT0248,ROOM001673,PROMO00054,2026-03-12,2026-04-22,2026-04-23,2,1,Travel Agent,Confirmed,EUR,3500.0,20,700.0,504.0,3304.0,2024-05-10 05:56:11,2026-06-25 10:41:42
BOOK003081,CUST004787,HOT0241,ROOM000270,PROMO00430,2026-04-07,2026-05-02,2026-05-09,3,1,Website,Completed,GBP,70000.0,0,0.0,12600.0,82600.0,2024-07-26 00:29:33,2026-06-07 23:39:41
BOOK003082,CUST001591,HOT0243,ROOM001494,PROMO00013,2026-02-02,2026-02-17,2026-02-20,4,2,Expedia,Completed,GBP,30000.0,15,4500.0,4590.0,30090.0,2024-06-06 13:00:16,2026-07-05 02:45:04
BOOK003083,CUST001828,HOT0009,ROOM000617,PROMO00181,2024-09-10,2024-09-18,2024-09-25,1,0,Travel Agent,Completed,AED,70000.0,0,0.0,12600.0,82600.0,2025-05-26 13:20:17,2026-01-16 15:24:14
BOOK003084,CUST001909,HOT0097,ROOM000959,PROMO00445,2025-01-18,2025-01-28,2025-02-02,3,2,Walk-In,Completed,INR,25000.0,0,0.0,4500.0,29500.0,2023-08-05 18:24:52,2024-10-03 15:40:17
BOOK003085,CUST002270,HOT0003,ROOM000471,PROMO00147,2025-03-11,2025-04-10,2025-04-14,4,0,Travel Agent,Confirmed,AED,10000.0,15,1500.0,1530.0,10030.0,2025-08-20 11:11:49,2025-09-29 11:54:40
BOOK003086,CUST003144,HOT0047,ROOM000981,PROMO00482,2024-10-19,2024-11-27,2024-12-04,2,2,Website,Completed,INR,70000.0,0,0.0,12600.0,82600.0,2023-08-18 09:07:35,2025-10-12 19:37:17
BOOK003087,CUST003298,HOT0246,ROOM001085,PROMO00470,2025-12-13,2026-01-24,2026-01-29,3,2,Walk-In,Cancelled,USD,25000.0,10,2500.0,4050.0,26550.0,2025-01-11 15:42:47,2025-09-11 13:26:43
BOOK003088,CUST004089,HOT0085,ROOM000421,PROMO00241,2026-05-05,2026-05-19,2026-05-21,3,1,Website,Confirmed,INR,20000.0,15,3000.0,3060.0,20060.0,2020-10-19 05:38:54,2024-02-15 02:29:13
BOOK003089,CUST004896,HOT0050,ROOM000610,PROMO00479,2024-08-17,2024-09-20,2024-09-24,4,2,Expedia,Cancelled,AED,60000.0,10,6000.0,9720.0,63720.0,2024-06-22 02:42:08,2024-09-26 22:01:11
BOOK003090,CUST003003,HOT0225,ROOM001117,PROMO00207,2026-02-22,2026-02-23,2026-02-26,2,2,Walk-In,Confirmed,USD,7500.0,15,1125.0,1147.5,7522.5,2020-08-23 10:30:52,2023-01-11 04:35:08
BOOK003091,CUST002824,HOT0176,ROOM001671,PROMO00036,2026-01-17,2026-01-31,2026-02-01,2,2,Website,Completed,GBP,2500.0,15,375.0,382.5,2507.5,2022-06-17 19:33:00,2022-08-03 07:58:26
BOOK003092,CUST004228,HOT0102,ROOM000030,PROMO00065,2025-07-04,2025-07-22,2025-07-25,3,0,Expedia,Completed,INR,7500.0,15,1125.0,1147.5,7522.5,2020-06-14 09:39:09,2022-04-02 06:51:25
BOOK003093,CUST003341,HOT0184,ROOM001308,PROMO00219,2026-04-26,2026-05-24,2026-05-30,2,0,Booking.com,Completed,USD,60000.0,0,0.0,10800.0,70800.0,2024-06-10 06:40:55,2025-10-01 03:38:21
BOOK003094,CUST000472,HOT0028,ROOM000318,PROMO00066,2024-09-13,2024-09-24,2024-09-30,3,0,Website,Completed,USD,90000.0,0,0.0,16200.0,106200.0,2021-09-30 09:22:47,2021-12-24 22:53:17
BOOK003095,CUST001511,HOT0047,ROOM000046,PROMO00126,2024-09-21,2024-10-04,2024-10-11,2,0,Walk-In,Cancelled,USD,70000.0,15,10500.0,10710.0,70210.0,2023-12-29 19:46:37,2026-06-27 19:29:30
BOOK003096,CUST004590,HOT0014,ROOM000490,PROMO00360,2024-10-14,2024-11-12,2024-11-13,4,2,Mobile App,Confirmed,INR,5000.0,20,1000.0,720.0,4720.0,2026-01-03 23:04:44,2026-02-18 00:42:22
BOOK003097,CUST001263,HOT0009,ROOM000617,PROMO00139,2025-11-20,2025-12-03,2025-12-07,4,1,Website,Confirmed,GBP,40000.0,10,4000.0,6480.0,42480.0,2023-07-06 09:34:01,2026-02-21 03:34:29
BOOK003098,CUST000694,HOT0158,ROOM001305,PROMO00196,2025-10-28,2025-12-09,2025-12-16,3,2,Mobile App,Cancelled,AED,24500.0,0,0.0,4410.0,28910.0,2021-01-26 04:31:49,2025-12-26 08:25:41
BOOK003099,CUST003500,HOT0022,ROOM001689,PROMO00125,2024-12-11,2025-01-10,2025-01-16,2,1,Website,Cancelled,USD,15000.0,15,2250.0,2295.0,15045.0,2023-06-16 05:57:41,2025-11-10 14:39:44
BOOK003100,CUST000891,HOT0057,ROOM000765,PROMO00362,2025-03-15,2025-05-12,2025-05-15,4,0,Travel Agent,Confirmed,SGD,45000.0,15,6750.0,6885.0,45135.0,2024-08-28 02:51:41,2026-04-06 20:02:32
BOOK003101,CUST002080,HOT0181,ROOM000972,PROMO00180,2026-03-31,2026-05-01,2026-05-06,4,2,Mobile App,Completed,EUR,12500.0,10,1250.0,2025.0,13275.0,2024-11-09 02:51:36,2025-03-26 20:25:42
BOOK003102,CUST004115,HOT0068,ROOM001405,PROMO00364,2025-07-19,2025-08-15,2025-08-16,3,2,Expedia,Completed,USD,3500.0,10,350.0,567.0,3717.0,2024-02-15 14:51:13,2024-07-13 12:45:03
BOOK003103,CUST002072,HOT0222,ROOM001157,PROMO00209,2025-08-27,2025-08-30,2025-09-06,2,0,Expedia,Completed,SGD,105000.0,15,15750.0,16065.0,105315.0,2025-06-06 08:47:40,2025-11-23 23:51:37
BOOK003104,CUST003320,HOT0095,ROOM002000,PROMO00141,2024-11-22,2024-12-25,2024-12-28,1,0,Mobile App,Completed,EUR,10500.0,15,1575.0,1606.5,10531.5,2020-02-21 13:03:03,2021-07-16 16:50:10
BOOK003105,CUST001979,HOT0083,ROOM001182,PROMO00234,2025-07-27,2025-09-02,2025-09-03,3,0,Walk-In,Cancelled,AED,3500.0,20,700.0,504.0,3304.0,2025-08-10 05:49:13,2026-05-06 17:36:50
BOOK003106,CUST001791,HOT0144,ROOM000213,PROMO00201,2026-01-15,2026-01-16,2026-01-18,1,2,Expedia,Completed,AED,5000.0,10,500.0,810.0,5310.0,2021-08-21 22:25:21,2025-08-03 07:37:04
BOOK003107,CUST000594,HOT0158,ROOM001476,PROMO00336,2025-05-21,2025-07-04,2025-07-09,3,0,Travel Agent,Cancelled,USD,25000.0,5,1250.0,4275.0,28025.0,2021-01-19 21:30:39,2024-01-31 07:05:25
BOOK003108,CUST000193,HOT0102,ROOM000030,PROMO00050,2026-04-01,2026-04-16,2026-04-22,1,1,Travel Agent,Cancelled,INR,15000.0,10,1500.0,2430.0,15930.0,2025-01-16 14:41:45,2025-08-04 06:27:44
BOOK003109,CUST004386,HOT0124,ROOM000704,PROMO00179,2024-08-31,2024-09-27,2024-09-29,1,2,Travel Agent,Cancelled,SGD,5000.0,10,500.0,810.0,5310.0,2022-03-04 18:02:38,2026-07-14 16:35:20
BOOK003110,CUST000459,HOT0223,ROOM001297,PROMO00124,2024-08-24,2024-10-23,2024-10-26,3,0,Mobile App,Completed,USD,30000.0,15,4500.0,4590.0,30090.0,2020-06-08 05:32:50,2022-11-27 04:16:04
BOOK003111,CUST003207,HOT0070,ROOM001355,PROMO00340,2026-02-03,2026-02-22,2026-02-28,4,1,Expedia,Completed,AED,30000.0,0,0.0,5400.0,35400.0,2021-08-16 00:16:20,2022-12-16 08:06:41
BOOK003112,CUST001508,HOT0130,ROOM000580,PROMO00279,2025-02-24,2025-03-30,2025-04-05,2,1,Walk-In,Completed,GBP,15000.0,5,750.0,2565.0,16815.0,2025-08-04 01:02:30,2026-06-08 06:38:29
BOOK003113,CUST002814,HOT0019,ROOM001441,PROMO00065,2026-01-24,2026-02-04,2026-02-11,3,2,Travel Agent,Completed,GBP,35000.0,10,3500.0,5670.0,37170.0,2022-08-25 08:09:08,2026-06-13 03:33:50
BOOK003114,CUST004081,HOT0067,ROOM000465,PROMO00382,2025-02-09,2025-02-16,2025-02-18,3,2,Walk-In,Confirmed,EUR,30000.0,20,6000.0,4320.0,28320.0,2022-09-01 11:03:47,2025-07-30 21:31:07
BOOK003115,CUST002969,HOT0234,ROOM000623,PROMO00160,2026-07-02,2026-08-05,2026-08-08,2,0,Travel Agent,Cancelled,EUR,7500.0,0,0.0,1350.0,8850.0,2024-09-10 07:11:35,2025-12-04 08:51:14
BOOK003116,CUST003100,HOT0170,ROOM000008,PROMO00293,2025-02-04,2025-03-14,2025-03-19,3,1,Booking.com,Completed,SGD,75000.0,20,15000.0,10800.0,70800.0,2021-02-07 11:55:32,2024-01-27 11:03:16
BOOK003117,CUST002781,HOT0247,ROOM000994,PROMO00292,2024-11-26,2024-12-13,2024-12-14,2,0,Expedia,Completed,INR,2500.0,0,0.0,450.0,2950.0,2022-07-21 14:03:36,2024-02-04 05:43:04
BOOK003118,CUST000871,HOT0163,ROOM001141,PROMO00217,2025-01-23,2025-01-25,2025-02-01,3,1,Website,Completed,INR,35000.0,15,5250.0,5355.0,35105.0,2023-03-11 09:13:47,2024-06-08 02:46:48
BOOK003119,CUST004087,HOT0214,ROOM001200,PROMO00026,2024-10-11,2024-11-28,2024-12-05,4,2,Travel Agent,Completed,AED,105000.0,5,5250.0,17955.0,117705.0,2020-01-08 11:12:04,2023-11-28 21:20:52
BOOK003120,CUST003357,HOT0136,ROOM001569,PROMO00010,2024-08-30,2024-10-28,2024-11-01,1,2,Travel Agent,Completed,AED,28000.0,0,0.0,5040.0,33040.0,2026-03-10 19:38:49,2026-04-10 09:57:59
BOOK003121,CUST003859,HOT0204,ROOM000485,PROMO00073,2025-12-02,2025-12-12,2025-12-19,3,0,Walk-In,Completed,AED,70000.0,0,0.0,12600.0,82600.0,2024-02-09 05:07:21,2024-02-18 14:24:04
BOOK003122,CUST003677,HOT0012,ROOM000510,PROMO00336,2026-04-21,2026-04-25,2026-04-29,2,0,Travel Agent,Confirmed,INR,20000.0,10,2000.0,3240.0,21240.0,2022-11-01 22:56:59,2023-08-10 01:47:12
BOOK003123,CUST003091,HOT0032,ROOM001565,PROMO00191,2025-07-04,2025-07-13,2025-07-14,4,2,Travel Agent,Completed,GBP,15000.0,0,0.0,2700.0,17700.0,2021-01-08 18:26:58,2025-08-14 17:03:35
BOOK003124,CUST004443,HOT0084,ROOM000110,PROMO00462,2025-03-09,2025-03-28,2025-04-03,1,1,Walk-In,Completed,USD,21000.0,5,1050.0,3591.0,23541.0,2020-11-29 21:21:56,2025-08-28 05:20:23
BOOK003125,CUST000844,HOT0165,ROOM000434,PROMO00332,2026-01-03,2026-02-22,2026-03-01,1,0,Mobile App,Completed,SGD,35000.0,20,7000.0,5040.0,33040.0,2024-09-17 03:48:37,2026-07-12 01:06:33
BOOK003126,CUST004837,HOT0048,ROOM001048,PROMO00135,2025-12-14,2026-02-12,2026-02-17,1,0,Mobile App,Completed,SGD,50000.0,0,0.0,9000.0,59000.0,2025-12-19 13:13:25,2026-07-14 15:14:26
BOOK003127,CUST004885,HOT0237,ROOM001933,PROMO00119,2025-10-03,2025-10-29,2025-11-03,1,1,Booking.com,Completed,AED,12500.0,0,0.0,2250.0,14750.0,2023-08-27 02:22:18,2026-04-26 07:59:15
BOOK003128,CUST001062,HOT0005,ROOM000099,PROMO00499,2024-10-27,2024-10-28,2024-10-31,2,1,Expedia,Completed,AED,30000.0,15,4500.0,4590.0,30090.0,2020-09-17 02:14:00,2022-05-07 11:05:11
BOOK003129,CUST000621,HOT0090,ROOM000190,PROMO00087,2025-01-20,2025-02-18,2025-02-23,3,2,Booking.com,Completed,EUR,50000.0,0,0.0,9000.0,59000.0,2024-06-01 10:11:01,2025-01-13 10:32:16
BOOK003130,CUST000817,HOT0115,ROOM001024,PROMO00093,2024-10-21,2024-12-04,2024-12-05,4,0,Expedia,Completed,SGD,10000.0,20,2000.0,1440.0,9440.0,2025-07-31 10:45:23,2025-11-29 16:49:38
BOOK003131,CUST000410,HOT0098,ROOM000918,PROMO00211,2025-08-29,2025-09-22,2025-09-23,4,1,Walk-In,Completed,USD,2500.0,10,250.0,405.0,2655.0,2023-06-17 01:42:23,2023-08-03 15:29:58
BOOK003132,CUST000244,HOT0222,ROOM001157,PROMO00410,2024-12-29,2025-01-18,2025-01-20,2,0,Travel Agent,Cancelled,SGD,30000.0,10,3000.0,4860.0,31860.0,2025-05-23 22:36:49,2026-03-24 02:20:56
BOOK003133,CUST003413,HOT0119,ROOM000178,PROMO00467,2026-03-26,2026-04-11,2026-04-13,2,1,Website,Completed,USD,10000.0,5,500.0,1710.0,11210.0,2021-08-16 22:13:23,2022-11-09 05:27:33
BOOK003134,CUST003954,HOT0049,ROOM000841,PROMO00137,2024-12-13,2025-01-31,2025-02-02,3,2,Mobile App,Completed,EUR,5000.0,20,1000.0,720.0,4720.0,2022-12-22 16:38:19,2025-10-22 16:57:02
BOOK003135,CUST001526,HOT0139,ROOM000822,PROMO00498,2025-05-23,2025-06-30,2025-07-07,3,2,Website,Cancelled,INR,70000.0,20,14000.0,10080.0,66080.0,2024-11-01 20:29:16,2026-01-13 09:52:06
BOOK003136,CUST001178,HOT0123,ROOM000902,PROMO00139,2026-05-26,2026-06-29,2026-07-06,4,2,Website,Cancelled,USD,105000.0,5,5250.0,17955.0,117705.0,2021-01-01 05:30:21,2023-05-13 03:55:42
BOOK003137,CUST001476,HOT0054,ROOM000245,PROMO00479,2025-12-17,2026-02-02,2026-02-07,3,0,Mobile App,No Show,GBP,35000.0,5,1750.0,5985.0,39235.0,2020-12-29 18:48:42,2023-05-27 05:46:25
BOOK003138,CUST002320,HOT0196,ROOM000248,PROMO00306,2025-01-19,2025-01-25,2025-01-29,4,1,Expedia,Cancelled,INR,40000.0,5,2000.0,6840.0,44840.0,2025-05-19 11:52:21,2025-11-01 01:59:52
BOOK003139,CUST004667,HOT0129,ROOM001487,PROMO00143,2026-07-22,2026-08-30,2026-09-01,2,2,Expedia,Cancelled,GBP,30000.0,10,3000.0,4860.0,31860.0,2022-03-29 15:10:02,2022-10-16 00:15:00
BOOK003140,CUST000158,HOT0052,ROOM001929,PROMO00413,2025-09-20,2025-11-06,2025-11-11,4,1,Booking.com,Completed,EUR,25000.0,15,3750.0,3825.0,25075.0,2020-07-03 19:35:25,2024-04-22 23:39:18
BOOK003141,CUST002990,HOT0055,ROOM001425,PROMO00017,2024-11-09,2024-12-07,2024-12-11,1,2,Travel Agent,Cancelled,EUR,10000.0,20,2000.0,1440.0,9440.0,2020-10-04 03:57:08,2022-01-04 17:41:57
BOOK003142,CUST000190,HOT0051,ROOM001329,PROMO00045,2025-12-21,2025-12-24,2025-12-27,2,0,Booking.com,Cancelled,USD,15000.0,20,3000.0,2160.0,14160.0,2023-01-06 05:39:28,2025-05-07 20:55:29
BOOK003143,CUST002606,HOT0001,ROOM000828,PROMO00417,2025-03-13,2025-03-26,2025-04-02,3,0,Walk-In,Completed,EUR,49000.0,20,9800.0,7056.0,46256.0,2020-02-23 08:41:36,2023-06-10 22:42:27
BOOK003144,CUST004732,HOT0001,ROOM000598,PROMO00030,2026-07-24,2026-08-01,2026-08-05,1,1,Travel Agent,Cancelled,INR,28000.0,15,4200.0,4284.0,28084.0,2025-08-10 19:58:51,2025-08-13 11:24:36
BOOK003145,CUST003930,HOT0052,ROOM001753,PROMO00148,2025-06-23,2025-08-02,2025-08-04,1,2,Website,Confirmed,SGD,20000.0,5,1000.0,3420.0,22420.0,2024-11-30 07:39:31,2025-01-17 17:41:30
BOOK003146,CUST002173,HOT0167,ROOM001576,PROMO00440,2026-05-13,2026-07-06,2026-07-12,4,1,Expedia,Confirmed,INR,60000.0,15,9000.0,9180.0,60180.0,2020-04-01 02:06:58,2021-11-06 20:51:39
BOOK003147,CUST001099,HOT0014,ROOM001872,PROMO00274,2025-08-04,2025-08-29,2025-08-30,4,2,Expedia,Completed,,3500.0,5,175.0,598.5,3923.5,2020-10-23 15:27:53,2026-03-06 23:31:28
BOOK003148,CUST002013,HOT0009,ROOM000621,PROMO00177,2025-11-26,2026-01-15,2026-01-21,4,2,Travel Agent,Completed,GBP,21000.0,10,2100.0,3402.0,22302.0,2024-06-17 05:13:41,2026-07-08 06:37:39
BOOK003149,CUST001713,HOT0113,ROOM000203,PROMO00280,2024-08-25,2024-09-03,2024-09-06,2,0,Booking.com,Completed,INR,30000.0,5,1500.0,5130.0,33630.0,2025-07-02 04:07:55,2025-07-17 07:19:40
BOOK003150,CUST002254,HOT0158,ROOM000787,PROMO00100,2025-07-12,2025-07-16,2025-07-23,2,1,Expedia,Completed,SGD,105000.0,20,21000.0,15120.0,99120.0,2020-01-12 19:15:23,2020-02-02 21:29:53
BOOK003151,CUST002464,HOT0075,ROOM001318,PROMO00356,2025-03-08,2025-03-14,2025-03-18,4,0,Expedia,Completed,USD,28000.0,20,5600.0,4032.0,26432.0,2021-02-23 14:21:41,2022-09-27 03:51:18
BOOK003152,CUST004681,HOT0071,ROOM000478,PROMO00104,2024-09-24,2024-10-26,2024-10-31,3,0,Website,Confirmed,INR,35000.0,20,7000.0,5040.0,33040.0,2024-06-10 01:57:01,2025-07-09 23:29:59
BOOK003153,CUST004315,HOT0172,ROOM000136,PROMO00382,2026-01-05,2026-01-29,2026-02-02,4,0,Travel Agent,Completed,INR,40000.0,5,2000.0,6840.0,44840.0,2021-01-01 08:49:11,2025-09-17 05:59:37
BOOK003154,CUST002936,HOT0063,ROOM000438,PROMO00435,2026-05-25,2026-07-02,2026-07-07,1,2,Expedia,Completed,AED,50000.0,10,5000.0,8100.0,53100.0,2023-11-18 22:45:07,2023-11-25 01:08:10
BOOK003155,CUST003072,HOT0111,ROOM000573,PROMO00040,2025-04-18,2025-06-10,2025-06-12,4,2,Website,Completed,SGD,5000.0,20,1000.0,720.0,4720.0,2023-01-29 03:34:14,2026-06-30 14:50:40
BOOK003156,CUST000267,HOT0218,ROOM001488,PROMO00450,2024-08-23,2024-08-25,2024-08-28,1,2,Booking.com,Cancelled,GBP,7500.0,10,750.0,1215.0,7965.0,2023-11-07 02:02:03,2023-11-15 00:20:14
BOOK003157,CUST003433,HOT0063,ROOM001624,PROMO00361,2026-05-03,2026-05-09,2026-05-13,2,2,Walk-In,Confirmed,GBP,14000.0,20,2800.0,2016.0,13216.0,2025-02-20 21:49:15,2025-09-11 11:15:46
BOOK003158,CUST003601,HOT0003,ROOM000562,PROMO00382,2025-07-02,2025-07-20,2025-07-27,2,1,Travel Agent,No Show,INR,70000.0,5,3500.0,11970.0,78470.0,2022-11-03 10:49:15,2023-06-15 03:23:42
BOOK003159,CUST000120,HOT0138,ROOM000679,PROMO00229,2024-12-27,2025-02-02,2025-02-06,1,0,Expedia,Completed,SGD,60000.0,15,9000.0,9180.0,60180.0,2024-07-28 05:18:59,2025-10-30 15:17:46
BOOK003160,CUST003262,HOT0112,ROOM001646,PROMO00302,2024-11-18,2024-12-28,2025-01-01,3,1,Booking.com,Completed,USD,20000.0,10,2000.0,3240.0,21240.0,2020-02-23 04:56:56,2021-01-24 20:52:25
BOOK003161,CUST001201,HOT0123,ROOM000995,PROMO00041,2024-12-21,2024-12-28,2025-01-04,4,2,Walk-In,Completed,AED,105000.0,0,0.0,18900.0,123900.0,2020-06-30 11:19:13,2024-07-30 06:14:54
BOOK003162,CUST999999,HOT0068,ROOM001405,PROMO00055,2025-06-02,2025-07-11,2025-07-18,4,0,Booking.com,Completed,INR,24500.0,5,1225.0,4189.5,27464.5,2026-03-13 17:48:51,2026-06-15 17:09:24
BOOK003163,CUST000803,HOT0055,ROOM001492,PROMO00262,2026-04-20,2026-04-24,2026-05-01,1,2,Mobile App,Cancelled,USD,49000.0,15,7350.0,7497.0,49147.0,2021-12-04 19:42:00,2022-04-04 03:29:44
BOOK003164,CUST000545,HOT0081,ROOM000036,PROMO00426,2026-06-30,2026-08-17,2026-08-21,4,1,Expedia,Completed,GBP,14000.0,0,0.0,2520.0,16520.0,2021-01-02 20:07:54,2024-04-18 14:04:58
BOOK003165,CUST003285,HOT0154,ROOM000827,PROMO00359,2026-02-24,2026-04-18,2026-04-19,1,0,Expedia,Completed,EUR,5000.0,15,750.0,765.0,5015.0,2024-09-01 04:22:11,2025-09-01 06:05:28
BOOK003166,CUST002742,HOT0139,ROOM001034,PROMO00308,2026-01-18,2026-01-20,2026-01-26,1,0,Booking.com,Confirmed,EUR,30000.0,15,4500.0,4590.0,30090.0,2024-12-29 04:56:41,2025-03-01 23:01:07
BOOK003167,CUST001373,HOT0044,ROOM001632,PROMO00185,2026-06-26,2026-07-16,2026-07-19,4,0,Walk-In,Completed,SGD,15000.0,0,0.0,2700.0,17700.0,2026-01-02 06:53:28,2026-04-11 07:36:42
BOOK003168,CUST001348,HOT0035,ROOM000756,PROMO00464,2024-12-25,2025-01-16,2025-01-21,1,1,Expedia,Cancelled,INR,75000.0,20,15000.0,10800.0,70800.0,2022-12-18 16:45:22,2024-12-23 15:23:07
BOOK003169,CUST002074,HOT0147,ROOM001863,PROMO00301,2025-04-10,2025-04-30,2025-05-04,4,0,Travel Agent,Cancelled,INR,10000.0,5,500.0,1710.0,11210.0,2021-06-07 12:54:46,2021-12-22 15:28:00
BOOK003170,CUST001291,HOT0165,ROOM001638,PROMO00130,2024-08-22,2024-09-11,2024-09-13,1,0,Walk-In,Confirmed,SGD,14000.0,0,0.0,2520.0,16520.0,2020-06-16 17:20:28,2025-08-12 12:21:58
BOOK003171,CUST002694,HOT0222,ROOM000163,PROMO00034,2026-06-09,2026-07-25,2026-07-28,3,1,Mobile App,Completed,EUR,30000.0,0,0.0,5400.0,35400.0,2024-12-17 13:00:54,2026-06-17 23:51:50
BOOK003172,CUST000211,HOT0041,ROOM001681,PROMO00324,2025-02-05,2025-03-15,2025-03-19,2,2,Mobile App,Cancelled,EUR,10000.0,15,1500.0,1530.0,10030.0,2023-09-09 18:23:43,2024-11-29 12:26:20
BOOK003173,CUST001511,HOT0103,ROOM000176,PROMO00266,2026-03-07,2026-05-05,2026-05-10,4,2,Website,Completed,INR,35000.0,5,1750.0,5985.0,39235.0,2025-11-14 18:10:43,2025-11-28 02:02:37
BOOK003174,CUST004445,HOT0217,ROOM001327,PROMO00153,2025-07-12,2025-07-28,2025-08-04,1,1,Walk-In,Confirmed,INR,35000.0,0,0.0,6300.0,41300.0,2026-05-22 21:19:16,2026-06-22 10:27:30
BOOK003175,CUST004711,HOT0085,ROOM001130,PROMO00482,2025-04-28,2025-06-21,2025-06-27,4,1,Website,Confirmed,INR,60000.0,20,12000.0,8640.0,56640.0,2023-01-25 06:31:51,2023-07-31 16:40:46
BOOK003176,CUST003205,HOT0067,ROOM000291,PROMO00077,2026-07-24,2026-09-02,2026-09-05,4,2,Mobile App,Completed,USD,7500.0,10,750.0,1215.0,7965.0,2021-10-29 14:12:30,2022-07-27 04:14:51
BOOK003177,CUST003372,HOT0017,ROOM000228,PROMO00125,2025-06-24,2025-07-05,2025-07-08,4,1,Expedia,Completed,INR,10500.0,10,1050.0,1701.0,11151.0,2025-11-21 09:04:09,2026-07-05 07:28:34
BOOK003178,CUST004259,HOT0140,ROOM001104,PROMO00272,2025-07-24,2025-08-11,2025-08-17,1,2,Walk-In,Completed,INR,42000.0,20,8400.0,6048.0,39648.0,2025-09-30 06:59:15,2026-01-04 03:16:53
BOOK003179,CUST001922,HOT0249,ROOM000825,PROMO00130,2026-05-06,2026-05-27,2026-06-01,3,1,Walk-In,Completed,USD,50000.0,10,5000.0,8100.0,53100.0,2021-03-08 13:28:28,2022-07-11 15:44:16
BOOK003180,CUST002166,HOT0200,ROOM001353,PROMO00340,2024-08-27,2024-09-01,2024-09-06,4,1,Expedia,Completed,INR,75000.0,10,7500.0,12150.0,79650.0,2024-08-26 15:02:41,2025-12-05 14:43:25
BOOK003181,CUST002119,HOT0060,ROOM001073,PROMO00079,2024-10-18,2024-10-19,2024-10-25,1,2,Mobile App,Completed,USD,42000.0,10,4200.0,6804.0,44604.0,2026-03-02 08:43:15,2026-04-21 04:43:05
BOOK003182,CUST000740,HOT0193,ROOM000711,PROMO00247,2026-06-07,2026-08-05,2026-08-07,3,2,Travel Agent,Completed,EUR,5000.0,15,750.0,765.0,5015.0,2023-09-21 23:56:52,2024-09-13 06:45:46
BOOK003183,CUST002697,HOT0186,ROOM001133,PROMO00038,2025-05-20,2025-06-09,2025-06-14,2,2,Travel Agent,No Show,USD,50000.0,15,7500.0,7650.0,50150.0,2022-06-27 10:56:15,2026-04-23 08:47:59
BOOK003184,CUST000138,HOT0216,ROOM000815,PROMO00412,2025-03-25,2025-05-05,2025-05-08,3,1,Expedia,Completed,GBP,30000.0,10,3000.0,4860.0,31860.0,2023-05-08 11:34:45,2024-08-07 00:39:59
BOOK003185,CUST000707,HOT0128,ROOM000233,PROMO00379,2025-04-19,2025-06-14,2025-06-21,3,1,Travel Agent,Completed,EUR,49000.0,5,2450.0,8379.0,54929.0,2022-10-14 00:11:38,2026-05-13 03:40:39
BOOK003186,CUST003078,HOT0110,ROOM001937,PROMO00251,2024-08-15,2024-10-09,2024-10-11,3,2,Mobile App,Completed,USD,20000.0,10,2000.0,3240.0,21240.0,2021-12-27 17:58:27,2026-03-28 13:15:10
BOOK003187,CUST001214,HOT0011,ROOM000401,PROMO00415,2025-09-15,2025-10-27,2025-10-30,4,2,Travel Agent,No Show,GBP,7500.0,0,0.0,1350.0,8850.0,2020-10-05 02:42:33,2021-09-22 18:50:29
BOOK003188,CUST003428,HOT0007,ROOM001017,PROMO00481,2026-07-20,2026-08-02,2026-08-08,2,2,Walk-In,Completed,USD,30000.0,0,0.0,5400.0,35400.0,2025-05-03 00:48:48,2026-01-21 15:52:32
BOOK003189,CUST003140,HOT0219,ROOM000692,PROMO00028,2026-07-28,2026-08-15,2026-08-21,1,2,Website,Completed,EUR,15000.0,20,3000.0,2160.0,14160.0,2023-04-25 00:19:19,2025-01-31 16:17:46
BOOK003190,CUST001966,HOT0140,ROOM001644,PROMO00190,2025-03-31,2025-04-03,2025-04-04,4,0,Booking.com,Completed,AED,5000.0,15,750.0,765.0,5015.0,2021-07-08 23:56:08,2022-07-19 19:17:20
BOOK003191,CUST004636,HOT0057,ROOM001892,PROMO00203,2025-11-28,2026-01-03,2026-01-04,4,0,Website,Completed,EUR,7000.0,20,1400.0,1008.0,6608.0,2024-06-28 07:00:05,2025-11-16 01:40:25
BOOK003192,CUST000843,HOT0023,ROOM000469,PROMO00338,2024-09-08,2024-09-10,2024-09-12,1,1,Travel Agent,Cancelled,USD,7000.0,5,350.0,1197.0,7847.0,2021-07-10 02:11:16,2025-02-04 19:13:01
BOOK003193,CUST002720,HOT0001,ROOM000694,PROMO00188,2025-08-09,2025-09-16,2025-09-18,1,2,Walk-In,Completed,GBP,30000.0,5,1500.0,5130.0,33630.0,2022-06-16 08:58:40,2026-04-12 10:54:11
BOOK003194,CUST003847,HOT0074,ROOM001752,PROMO00455,2025-02-04,2025-02-07,2025-02-14,3,2,Booking.com,Cancelled,GBP,17500.0,20,3500.0,2520.0,16520.0,2025-04-08 18:22:18,2026-02-27 18:14:09
BOOK003195,CUST003572,HOT0139,ROOM001184,PROMO00050,2025-12-11,2025-12-19,2025-12-20,2,0,Mobile App,Completed,INR,10000.0,20,2000.0,1440.0,9440.0,2020-04-26 14:33:45,2022-01-31 06:13:28
BOOK003196,CUST001804,HOT0105,ROOM000188,PROMO00322,2025-01-14,2025-02-21,2025-02-26,1,1,Booking.com,No Show,EUR,75000.0,20,15000.0,10800.0,70800.0,2021-03-06 05:50:00,2022-11-05 08:39:17
BOOK003197,CUST001854,HOT0168,ROOM001118,PROMO00310,2025-07-28,2025-09-18,2025-09-24,2,1,Mobile App,Confirmed,EUR,90000.0,0,0.0,16200.0,106200.0,2025-05-16 07:32:26,2026-04-28 20:18:35
BOOK003198,CUST004340,HOT0139,ROOM001034,PROMO00445,2025-07-21,2025-09-07,2025-09-09,3,1,Booking.com,Completed,EUR,10000.0,20,2000.0,1440.0,9440.0,2023-04-27 22:23:54,2025-08-10 11:57:23
BOOK003199,CUST002557,HOT0076,ROOM000317,PROMO00109,2024-08-27,2024-10-25,2024-10-26,3,2,Travel Agent,Completed,EUR,10000.0,0,0.0,1800.0,11800.0,2024-07-23 01:31:37,2025-03-26 10:03:53
BOOK003200,CUST003161,HOT0166,ROOM001127,PROMO00129,2024-08-06,2024-09-29,2024-10-04,1,1,Travel Agent,No Show,SGD,50000.0,20,10000.0,7200.0,47200.0,2025-06-21 11:33:26,2026-03-20 03:55:09
BOOK003201,CUST004666,HOT0124,ROOM001080,PROMO00171,2025-09-07,2025-09-12,2025-09-18,2,1,Travel Agent,Completed,EUR,30000.0,0,0.0,5400.0,35400.0,2026-07-02 08:55:20,2026-07-16 11:22:48
BOOK003202,CUST000644,HOT0125,ROOM001257,PROMO00160,2026-01-03,2026-01-20,2026-01-21,3,2,Mobile App,Cancelled,SGD,3500.0,20,700.0,504.0,3304.0,2021-02-19 18:21:33,2021-06-20 10:52:23
BOOK003203,CUST002097,HOT0235,ROOM000311,PROMO00138,2025-11-11,2025-11-14,2025-11-21,3,1,Website,Completed,GBP,49000.0,10,4900.0,7938.0,52038.0,2023-09-08 07:16:11,2024-07-16 10:20:54
BOOK003204,CUST004620,HOT0104,ROOM001345,PROMO00108,2024-10-21,2024-11-26,2024-11-27,1,0,Walk-In,Completed,EUR,15000.0,0,0.0,2700.0,17700.0,2021-02-23 23:28:26,2023-06-05 06:53:24
BOOK003205,CUST000523,HOT0163,ROOM000439,PROMO00015,2025-10-24,2025-12-20,2025-12-21,3,2,Travel Agent,Confirmed,INR,10000.0,0,0.0,1800.0,11800.0,2023-10-23 07:34:17,2026-03-27 19:46:22
BOOK003206,CUST003405,HOT0013,ROOM000779,PROMO00148,2026-06-28,2026-08-08,2026-08-15,3,2,Mobile App,Confirmed,INR,70000.0,0,0.0,12600.0,82600.0,2021-10-28 17:50:40,2024-09-10 20:37:02
BOOK003207,CUST000042,HOT0109,ROOM000027,PROMO00028,2025-10-02,2025-10-25,2025-10-31,2,2,Mobile App,Completed,INR,60000.0,0,0.0,10800.0,70800.0,2020-02-19 08:30:18,2021-07-12 05:11:45
BOOK003208,CUST004175,HOT0102,ROOM001836,PROMO00314,2026-01-05,2026-02-08,2026-02-12,4,0,Expedia,Completed,EUR,60000.0,5,3000.0,10260.0,67260.0,2026-02-28 05:52:38,2026-07-16 23:38:53
BOOK003209,CUST000022,HOT0050,ROOM001183,PROMO00474,2026-02-27,2026-04-24,2026-04-27,3,1,Website,No Show,EUR,7500.0,10,750.0,1215.0,7965.0,2024-12-14 22:35:49,2025-04-11 05:00:20
BOOK003210,CUST001230,HOT0104,ROOM000633,PROMO00361,2025-05-26,2025-06-26,2025-07-01,2,1,Mobile App,Completed,USD,75000.0,15,11250.0,11475.0,75225.0,2021-08-26 07:23:32,2024-02-04 16:23:28
BOOK003211,CUST000116,HOT0230,ROOM001524,PROMO00100,2024-10-12,2024-11-05,2024-11-12,1,2,Expedia,Confirmed,AED,105000.0,0,0.0,18900.0,123900.0,2021-06-06 03:19:32,2022-07-07 18:59:09
BOOK003212,CUST003490,HOT0234,ROOM000402,PROMO00412,2025-05-25,2025-05-26,2025-05-31,2,2,Website,Completed,INR,75000.0,20,15000.0,10800.0,70800.0,2021-10-24 21:23:31,2024-03-07 01:44:17
BOOK003213,CUST004162,HOT0188,ROOM001554,PROMO00395,2024-08-30,2024-10-28,2024-11-02,4,2,Website,No Show,INR,12500.0,10,1250.0,2025.0,13275.0,2025-11-08 16:34:55,2026-04-09 19:07:46
BOOK003214,CUST001939,HOT0027,ROOM001656,PROMO00258,2025-07-22,2025-07-26,2025-08-01,4,0,Booking.com,Completed,INR,60000.0,10,6000.0,9720.0,63720.0,2025-11-04 06:54:30,2026-04-02 20:14:33
BOOK003215,CUST002791,HOT0068,ROOM000296,PROMO00097,2025-01-18,2025-02-27,2025-03-01,4,2,Booking.com,Completed,SGD,7000.0,20,1400.0,1008.0,6608.0,2023-10-15 08:51:11,2025-10-22 12:03:02
BOOK003216,CUST003835,HOT0244,ROOM000812,PROMO00204,2025-07-19,2025-08-12,2025-08-16,4,1,Booking.com,Cancelled,USD,14000.0,15,2100.0,2142.0,14042.0,2024-02-10 12:50:16,2025-09-16 03:00:29
BOOK003217,CUST002087,HOT0120,ROOM001388,PROMO00295,2024-10-09,2024-11-22,2024-11-24,2,0,Travel Agent,Completed,GBP,10000.0,10,1000.0,1620.0,10620.0,2024-03-23 19:26:14,2026-03-11 15:31:51
BOOK003218,CUST003736,HOT0091,ROOM001927,PROMO00220,2025-09-23,2025-09-28,2025-10-02,1,0,Website,Confirmed,AED,20000.0,0,0.0,3600.0,23600.0,2021-02-14 11:34:50,2023-08-23 21:05:36
BOOK003219,CUST000674,HOT0192,ROOM001380,PROMO00149,2024-08-23,2024-09-28,2024-10-02,1,1,Website,Completed,,28000.0,15,4200.0,4284.0,28084.0,2023-02-21 21:50:38,2024-10-01 19:18:32
BOOK003220,CUST003173,HOT0025,ROOM001756,PROMO00006,2024-12-21,2025-01-03,2025-01-05,2,0,Walk-In,Completed,EUR,7000.0,0,0.0,1260.0,8260.0,2021-07-27 19:11:25,2022-10-31 22:29:38
BOOK003221,CUST002877,HOT0005,ROOM000246,PROMO00196,2026-04-16,2026-04-25,2026-04-27,4,2,Travel Agent,Completed,USD,5000.0,20,1000.0,720.0,4720.0,2022-10-30 07:19:41,2026-04-07 10:31:10
BOOK003222,CUST004756,HOT0021,ROOM001304,PROMO00437,2025-12-26,2026-01-26,2026-01-30,3,2,Website,Completed,EUR,20000.0,5,1000.0,3420.0,22420.0,2022-12-07 04:13:49,2023-01-28 13:25:31
BOOK003223,CUST004635,HOT0179,ROOM000569,PROMO00095,2026-05-02,2026-06-20,2026-06-27,1,0,Walk-In,Cancelled,EUR,70000.0,20,14000.0,10080.0,66080.0,2023-09-04 11:34:27,2024-04-22 17:46:06
BOOK003224,CUST003679,HOT0215,ROOM001266,PROMO00083,2025-05-25,2025-06-27,2025-06-30,2,2,Walk-In,Completed,EUR,7500.0,10,750.0,1215.0,7965.0,2025-12-06 01:38:05,2026-04-13 20:52:04
BOOK003225,CUST002197,HOT0101,ROOM001762,PROMO00185,2026-03-18,2026-05-05,2026-05-07,1,2,Walk-In,Completed,SGD,30000.0,5,1500.0,5130.0,33630.0,2025-06-01 02:46:52,2026-07-12 06:35:59
BOOK003226,CUST002702,HOT0048,ROOM000341,PROMO00201,2026-01-17,2026-02-26,2026-03-03,4,1,Travel Agent,Completed,AED,17500.0,10,1750.0,2835.0,18585.0,2021-06-19 22:50:34,2024-07-05 21:02:11
BOOK003227,CUST003543,HOT0062,ROOM001093,PROMO00306,2025-06-05,2025-06-23,2025-06-24,2,0,Travel Agent,Completed,GBP,10000.0,0,0.0,1800.0,11800.0,2023-06-06 14:39:20,2025-07-08 16:53:36
BOOK003228,CUST001721,HOT0125,ROOM001257,PROMO00175,2025-08-06,2025-08-13,2025-08-15,4,2,Expedia,Cancelled,AED,7000.0,20,1400.0,1008.0,6608.0,2021-08-26 19:05:43,2024-02-04 20:03:35
BOOK003229,CUST001295,HOT0226,ROOM000670,PROMO00337,2024-10-27,2024-11-04,2024-11-10,3,1,Website,Confirmed,AED,42000.0,5,2100.0,7182.0,47082.0,2023-01-01 09:02:11,2024-08-21 21:59:58
BOOK003230,CUST004416,HOT0105,ROOM000188,PROMO00183,2024-12-02,2024-12-08,2024-12-10,4,0,Travel Agent,Completed,EUR,30000.0,0,0.0,5400.0,35400.0,2024-07-03 03:31:08,2024-08-23 14:42:33
BOOK003231,CUST002184,HOT0079,ROOM000729,PROMO00041,2026-03-23,2026-04-30,2026-05-02,3,1,Booking.com,Confirmed,GBP,5000.0,20,1000.0,720.0,4720.0,2025-06-25 00:17:04,2026-01-22 18:38:09
BOOK003232,CUST003982,HOT0032,ROOM001565,PROMO00023,2025-03-23,2025-04-02,2025-04-07,1,0,Walk-In,Confirmed,AED,75000.0,5,3750.0,12825.0,84075.0,2025-12-22 18:41:49,2026-05-10 01:51:37
BOOK003233,CUST000699,HOT0009,ROOM000617,PROMO00273,2025-07-18,2025-08-14,2025-08-15,3,0,Booking.com,Confirmed,GBP,10000.0,5,500.0,1710.0,11210.0,2023-09-23 19:33:37,2025-02-09 03:44:15
BOOK003234,CUST003623,HOT0124,ROOM001080,PROMO00030,2025-07-12,2025-07-16,2025-07-23,1,1,Mobile App,Completed,USD,35000.0,5,1750.0,5985.0,39235.0,2023-12-17 01:55:47,2025-10-19 12:55:42
BOOK003235,CUST003130,HOT0161,ROOM000653,PROMO00466,2025-03-30,2025-04-23,2025-04-29,3,1,Expedia,Completed,GBP,30000.0,10,3000.0,4860.0,31860.0,2025-09-16 19:45:43,2026-04-18 02:35:02
BOOK003236,CUST003095,HOT0147,ROOM000486,PROMO00109,2024-09-04,2024-10-04,2024-10-11,3,2,Website,No Show,USD,17500.0,5,875.0,2992.5,19617.5,2024-10-12 04:31:25,2026-05-10 09:30:28
BOOK003237,CUST004074,HOT0005,ROOM001772,PROMO00124,2025-02-26,2025-04-04,2025-04-07,2,0,Expedia,Completed,GBP,45000.0,5,2250.0,7695.0,50445.0,2022-06-18 02:42:46,2023-07-11 15:05:27
BOOK003238,CUST002355,HOT0115,ROOM001859,PROMO00039,2026-03-13,2026-04-12,2026-04-14,4,0,Mobile App,Confirmed,EUR,30000.0,20,6000.0,4320.0,28320.0,2021-09-03 04:22:59,2024-01-20 13:45:29
BOOK003239,CUST000515,HOT0091,ROOM001438,PROMO00363,2024-10-09,2024-11-08,2024-11-15,3,0,Mobile App,Completed,EUR,35000.0,15,5250.0,5355.0,35105.0,2023-01-14 05:19:35,2025-05-20 04:35:50
BOOK003240,CUST001221,HOT0243,ROOM000474,PROMO00191,2026-07-02,2026-08-19,2026-08-20,2,2,Website,Completed,AED,7000.0,15,1050.0,1071.0,7021.0,2024-07-22 12:32:57,2026-03-08 03:19:30
BOOK003241,CUST004737,HOT0155,ROOM001983,PROMO00040,2026-05-31,2026-06-12,2026-06-15,4,2,Travel Agent,Confirmed,GBP,45000.0,15,6750.0,6885.0,45135.0,2025-04-11 11:39:56,2025-12-12 00:28:06
BOOK003242,CUST004822,HOT0136,ROOM001954,PROMO00061,2026-03-17,2026-04-07,2026-04-12,3,0,Booking.com,Cancelled,SGD,12500.0,10,1250.0,2025.0,13275.0,2023-10-20 11:31:59,2025-02-14 10:08:52
BOOK003243,CUST003275,HOT0149,ROOM000173,PROMO00116,2025-08-05,2025-08-23,2025-08-26,1,1,Mobile App,Confirmed,AED,45000.0,5,2250.0,7695.0,50445.0,2025-04-12 20:02:26,2025-09-15 23:52:26
BOOK003244,CUST003492,HOT0224,ROOM000767,PROMO00194,2024-09-05,2024-10-15,2024-10-21,2,1,Expedia,Cancelled,GBP,60000.0,5,3000.0,10260.0,67260.0,2026-01-08 09:50:12,2026-07-08 12:25:34
BOOK003245,CUST003051,HOT0194,ROOM001973,PROMO00442,2024-12-04,2024-12-19,2024-12-25,2,1,Travel Agent,Completed,AED,90000.0,20,18000.0,12960.0,84960.0,2021-04-23 02:51:46,2026-07-22 11:17:58
BOOK003246,CUST003856,HOT0178,ROOM001272,PROMO00067,2025-04-27,2025-06-07,2025-06-09,3,2,Website,Confirmed,AED,5000.0,20,1000.0,720.0,4720.0,2024-11-29 03:43:38,2025-08-10 00:54:26
BOOK003247,CUST000861,HOT0187,ROOM001140,PROMO00090,2026-03-21,2026-03-23,2026-03-30,3,1,Website,Completed,INR,49000.0,10,4900.0,7938.0,52038.0,2026-03-10 10:27:45,2026-04-02 05:54:54
BOOK003248,CUST002137,HOT0098,ROOM000144,PROMO00176,2026-06-08,2026-06-10,2026-06-13,1,0,Website,Completed,AED,7500.0,5,375.0,1282.5,8407.5,2020-10-03 05:47:03,2021-03-24 05:41:15
BOOK003249,CUST001392,HOT0199,ROOM000427,PROMO00114,2025-10-22,2025-12-19,2025-12-20,3,2,Walk-In,Completed,EUR,7000.0,10,700.0,1134.0,7434.0,2022-12-19 11:28:28,2023-01-16 15:07:45
BOOK003250,CUST000336,HOT0153,ROOM001580,PROMO00418,2025-12-06,2026-01-02,2026-01-03,1,1,Travel Agent,Completed,SGD,15000.0,10,1500.0,2430.0,15930.0,2024-09-20 17:07:29,2025-09-22 09:17:57
BOOK003251,CUST003077,HOT0161,ROOM000648,PROMO00415,2024-09-14,2024-10-18,2024-10-20,2,1,Walk-In,Cancelled,GBP,5000.0,0,0.0,900.0,5900.0,2022-01-13 23:45:34,2024-08-11 16:10:24
BOOK003252,CUST002414,HOT0161,ROOM001678,PROMO00428,2025-06-11,2025-07-08,2025-07-11,3,0,Mobile App,Confirmed,EUR,21000.0,5,1050.0,3591.0,23541.0,2022-11-27 23:56:36,2025-12-14 13:28:06
BOOK003253,CUST003382,HOT0015,ROOM001145,PROMO00047,2025-12-03,2025-12-07,2025-12-13,4,1,Booking.com,Confirmed,SGD,42000.0,15,6300.0,6426.0,-42126.0,2020-08-10 04:25:49,2021-02-03 06:02:59
BOOK003254,CUST000172,HOT0119,ROOM000640,PROMO00142,2025-09-21,2025-10-06,2025-10-12,4,0,Booking.com,Cancelled,INR,30000.0,15,4500.0,4590.0,30090.0,2021-02-20 03:48:46,2023-08-08 04:01:01
BOOK003255,CUST004372,HOT0081,ROOM001810,PROMO00183,2025-11-27,2025-12-30,2026-01-05,1,1,Travel Agent,Completed,EUR,60000.0,5,3000.0,10260.0,67260.0,2022-01-08 23:32:31,2022-08-31 13:20:04
BOOK003256,CUST003616,HOT0219,ROOM000249,PROMO00430,2025-07-01,2025-08-30,2025-09-02,1,1,Walk-In,Confirmed,GBP,7500.0,10,750.0,1215.0,7965.0,2020-08-11 13:29:02,2021-12-03 02:05:20
BOOK003257,CUST001930,HOT0024,ROOM001089,PROMO00424,2025-12-02,2026-01-27,2026-01-28,1,0,Mobile App,Completed,GBP,3500.0,5,175.0,598.5,3923.5,2020-10-04 03:17:13,2025-07-16 07:12:10
BOOK003258,CUST001307,HOT0247,ROOM000505,PROMO00463,2025-05-03,2025-06-17,2025-06-23,3,2,Expedia,Confirmed,AED,90000.0,15,13500.0,13770.0,90270.0,2023-11-04 12:51:56,2025-02-09 22:59:02
BOOK003259,CUST004405,HOT0184,ROOM001308,PROMO00181,2025-01-25,2025-03-12,2025-03-13,1,2,Expedia,Completed,USD,10000.0,5,500.0,1710.0,11210.0,2025-02-22 20:50:26,2025-09-09 23:59:46
BOOK003260,CUST001701,HOT0196,ROOM001996,PROMO00449,2026-01-12,2026-01-29,2026-02-04,1,1,Mobile App,Completed,USD,42000.0,20,8400.0,6048.0,39648.0,2021-05-02 02:53:02,2021-07-17 05:03:12
BOOK003261,CUST003194,HOT0144,ROOM000100,PROMO00358,2026-06-08,2026-06-28,2026-07-03,3,0,Walk-In,Confirmed,INR,50000.0,5,2500.0,8550.0,56050.0,2022-05-07 22:43:38,2023-06-28 06:15:49
BOOK003262,CUST004184,HOT0206,ROOM000654,PROMO00493,2026-05-11,2026-07-05,2026-07-08,3,1,Travel Agent,Cancelled,GBP,10500.0,15,1575.0,1606.5,10531.5,2025-07-05 16:50:32,2026-04-04 16:43:37
BOOK003263,CUST003052,HOT0194,ROOM000587,PROMO00201,2025-10-30,2025-12-18,2025-12-23,4,0,Walk-In,Completed,AED,12500.0,10,1250.0,2025.0,13275.0,2025-06-23 12:12:43,2026-02-05 01:41:29
BOOK003264,CUST002951,HOT0050,ROOM001952,PROMO00372,2026-07-12,2026-08-22,2026-08-24,3,0,Booking.com,Completed,USD,5000.0,10,500.0,810.0,5310.0,2023-03-09 14:31:39,2024-10-01 13:02:43
BOOK003265,CUST003144,HOT0074,ROOM001401,PROMO00121,2025-11-08,2025-12-23,2025-12-26,3,2,Expedia,Completed,GBP,21000.0,10,2100.0,3402.0,22302.0,2023-10-25 05:46:03,2024-05-24 15:34:45
BOOK003266,CUST001448,HOT0156,ROOM000265,PROMO00150,2025-07-16,2025-08-07,2025-08-09,4,0,Website,Completed,SGD,5000.0,20,1000.0,720.0,4720.0,2022-05-31 11:11:08,2023-08-09 02:03:28
BOOK003267,CUST002873,HOT0236,ROOM001782,PROMO00226,2025-01-05,2025-01-09,2025-01-12,1,1,Mobile App,Completed,SGD,10500.0,10,1050.0,1701.0,11151.0,2022-09-07 18:50:45,2025-03-22 22:24:59
BOOK003268,CUST002392,HOT0060,ROOM001290,PROMO00028,2025-11-09,2025-11-16,2025-11-22,1,0,Website,Completed,EUR,60000.0,0,0.0,10800.0,70800.0,2022-05-09 04:20:34,2024-03-05 14:18:31
BOOK003269,CUST001649,HOT0055,ROOM000909,PROMO00248,2026-01-22,2026-02-13,2026-02-19,2,1,Booking.com,Completed,AED,15000.0,0,0.0,2700.0,17700.0,2023-10-06 05:13:57,2024-08-01 08:52:06
BOOK003270,CUST003840,HOT0233,ROOM001431,PROMO00184,2024-09-16,2024-11-08,2024-11-14,1,0,Mobile App,Completed,GBP,21000.0,15,3150.0,3213.0,21063.0,2025-09-18 11:51:44,2026-02-22 19:46:09
BOOK003271,CUST002402,HOT0250,ROOM000556,PROMO00415,2025-09-15,2025-09-23,2025-09-28,4,1,Expedia,Completed,SGD,35000.0,10,3500.0,5670.0,37170.0,2025-05-01 09:55:39,2025-12-18 07:41:46
BOOK003272,CUST000523,HOT0170,ROOM001747,PROMO00454,2026-07-03,2026-08-26,2026-08-30,3,1,Website,Completed,SGD,28000.0,20,5600.0,4032.0,26432.0,2024-10-03 14:41:38,2026-05-24 10:27:49
BOOK003273,CUST002789,HOT0166,ROOM000266,PROMO00116,2026-03-23,2026-05-06,2026-05-12,2,2,Website,Cancelled,AED,21000.0,5,1050.0,3591.0,23541.0,2023-12-09 17:54:02,2026-05-28 10:26:01
BOOK003274,CUST001987,HOT0246,ROOM000369,PROMO00068,2026-04-06,2026-04-11,2026-04-16,1,1,Mobile App,Completed,USD,12500.0,15,1875.0,1912.5,12537.5,2023-08-16 17:16:10,2025-03-10 17:49:15
BOOK003275,CUST003870,HOT0196,ROOM001199,PROMO00123,2026-06-26,2026-08-11,2026-08-14,2,1,Mobile App,Confirmed,EUR,10500.0,0,0.0,1890.0,12390.0,2026-03-25 18:19:45,2026-07-28 08:46:38
BOOK003276,CUST001718,HOT0180,ROOM000475,PROMO00272,2025-05-21,2025-06-08,2025-06-15,1,1,Website,Completed,INR,24500.0,10,2450.0,3969.0,26019.0,2022-03-23 09:57:52,2025-01-23 21:55:33
BOOK003277,CUST001969,HOT0221,ROOM000088,PROMO00448,2025-01-13,2025-02-17,2025-02-23,1,0,Website,No Show,USD,30000.0,0,0.0,5400.0,35400.0,2026-03-28 17:19:16,2026-07-25 13:27:38
BOOK003278,CUST000247,HOT0204,ROOM001158,PROMO00046,2025-02-10,2025-02-17,2025-02-19,1,0,Expedia,Completed,SGD,7000.0,20,1400.0,1008.0,6608.0,2025-10-28 03:52:17,2026-06-23 09:00:26
BOOK003279,CUST002882,HOT0119,ROOM000078,PROMO00449,2026-03-24,2026-04-16,2026-04-17,1,2,Mobile App,Completed,SGD,2500.0,0,0.0,450.0,2950.0,2026-04-18 23:33:53,2026-04-25 19:14:04
BOOK003280,CUST003749,HOT0239,ROOM001556,PROMO00376,2026-01-10,2026-01-24,2026-01-31,4,2,Expedia,Completed,GBP,105000.0,0,0.0,18900.0,123900.0,2025-10-22 08:10:32,2026-01-26 20:22:37
BOOK003281,CUST002235,HOT0127,ROOM001352,PROMO00196,2025-01-01,2025-02-15,2025-02-17,2,1,Booking.com,Cancelled,EUR,10000.0,10,1000.0,1620.0,10620.0,2022-10-08 19:47:48,2022-11-16 17:38:02
BOOK003282,CUST000303,HOT0133,ROOM001939,PROMO00436,2024-12-05,2025-01-07,2025-01-14,4,1,Booking.com,Confirmed,SGD,70000.0,5,3500.0,11970.0,78470.0,2020-02-27 06:50:26,2025-12-09 19:42:21
BOOK003283,CUST002077,HOT0149,ROOM000173,PROMO00238,2025-10-18,2025-11-10,2025-11-17,3,2,Mobile App,Completed,,105000.0,0,0.0,18900.0,123900.0,2025-10-08 08:56:53,2026-07-22 01:45:38
BOOK003284,CUST004856,HOT0030,ROOM001395,PROMO00411,2026-04-01,2026-04-25,2026-04-30,2,1,Mobile App,Completed,GBP,50000.0,0,0.0,9000.0,59000.0,2024-10-19 15:33:56,2025-08-10 09:25:09
BOOK003285,CUST003450,HOT0136,ROOM000334,PROMO00392,2025-05-09,2025-06-19,2025-06-26,3,0,Website,Completed,INR,70000.0,0,0.0,12600.0,-82600.0,2025-04-09 16:40:39,2026-03-09 13:26:27
BOOK003286,CUST002637,HOT0160,ROOM000331,PROMO00390,2025-11-20,2025-11-22,2025-11-23,4,1,Expedia,Completed,EUR,2500.0,15,375.0,382.5,2507.5,2022-11-12 05:36:32,2023-11-14 16:43:59
BOOK003287,CUST001994,HOT0171,ROOM001204,PROMO00119,2026-03-28,2026-04-28,2026-05-01,2,2,Travel Agent,Completed,SGD,45000.0,5,2250.0,7695.0,50445.0,2023-06-17 13:05:00,2023-11-03 15:56:23
BOOK003288,CUST002879,HOT0073,ROOM000626,PROMO00456,2025-11-10,2025-12-12,2025-12-13,1,2,Walk-In,Completed,USD,5000.0,0,0.0,900.0,5900.0,2023-10-28 15:50:14,2024-06-08 16:49:06
BOOK003289,CUST002409,HOT0130,ROOM001443,PROMO00002,2025-12-23,2025-12-28,2025-12-30,1,2,Expedia,Completed,SGD,10000.0,0,0.0,1800.0,11800.0,2020-02-04 20:21:51,2026-05-10 08:39:05
BOOK003290,CUST003797,HOT0109,ROOM000452,PROMO00118,2024-10-09,2024-11-11,2024-11-17,1,1,Travel Agent,Completed,USD,30000.0,0,0.0,5400.0,35400.0,2023-12-09 10:33:55,2026-01-12 20:39:19
BOOK003291,CUST002194,HOT0063,ROOM001332,PROMO00450,2025-11-27,2026-01-26,2026-01-30,1,1,Walk-In,Confirmed,EUR,28000.0,20,5600.0,4032.0,26432.0,2024-01-25 20:27:51,2025-03-05 04:12:56
BOOK003292,CUST003374,HOT0012,ROOM001961,PROMO00427,2025-12-02,2025-12-28,2026-01-01,3,1,Travel Agent,Completed,AED,10000.0,10,1000.0,1620.0,10620.0,2020-08-13 03:08:35,2021-03-30 07:06:14
BOOK003293,CUST003082,HOT0148,ROOM000385,PROMO00112,2026-05-14,2026-07-09,2026-07-15,2,1,Travel Agent,Completed,GBP,30000.0,20,6000.0,4320.0,28320.0,2021-03-02 09:56:31,2024-07-15 00:02:50
BOOK003294,CUST002970,HOT0019,ROOM001441,PROMO00465,2026-06-10,2026-06-12,2026-06-18,3,1,Booking.com,No Show,USD,30000.0,5,1500.0,5130.0,33630.0,2024-12-24 17:49:51,2026-06-24 20:17:58
BOOK003295,CUST004855,HOT0243,ROOM000055,PROMO00296,2024-12-06,2024-12-24,2024-12-29,2,1,Expedia,Cancelled,USD,35000.0,15,5250.0,5355.0,35105.0,2022-07-04 03:14:07,2022-12-06 05:40:49
BOOK003296,CUST004816,HOT0014,ROOM000605,PROMO00381,2026-07-14,2026-08-16,2026-08-19,4,1,Website,Completed,SGD,7500.0,10,750.0,1215.0,7965.0,2025-09-14 10:25:39,2026-07-22 03:41:04
BOOK003297,CUST002868,HOT0179,ROOM001176,PROMO00206,2025-04-24,2025-06-16,2025-06-22,1,0,Travel Agent,Cancelled,GBP,90000.0,0,0.0,16200.0,106200.0,2020-05-20 00:33:55,2024-07-25 02:30:14
BOOK003298,CUST001807,HOT0010,ROOM001712,PROMO00407,2025-01-10,2025-03-11,2025-03-17,4,0,Mobile App,Completed,EUR,21000.0,20,4200.0,3024.0,19824.0,2024-07-26 16:18:48,2025-01-25 14:26:00
BOOK003299,CUST001508,HOT0079,ROOM001978,PROMO00202,2024-12-04,2025-01-13,2025-01-15,4,2,Walk-In,Completed,AED,5000.0,20,1000.0,720.0,4720.0,2023-12-17 12:33:56,2024-02-14 19:21:47
BOOK003300,CUST002803,HOT0135,ROOM001250,PROMO00053,2025-06-04,2025-06-17,2025-06-23,1,0,Booking.com,Completed,USD,30000.0,10,3000.0,4860.0,31860.0,2024-03-13 06:27:44,2025-10-18 19:29:53
BOOK003301,CUST000889,HOT0101,ROOM000823,PROMO00412,2025-02-03,2025-02-05,2025-02-08,2,1,Walk-In,Completed,GBP,15000.0,20,3000.0,2160.0,14160.0,2022-06-30 11:59:59,2024-12-22 04:11:21
BOOK003302,CUST001409,HOT0149,ROOM000263,PROMO00140,2026-06-01,2026-06-05,2026-06-06,3,2,Mobile App,Completed,INR,3500.0,15,525.0,535.5,3510.5,2023-03-09 08:47:29,2024-01-19 04:55:29
BOOK003303,CUST004961,HOT0024,ROOM001089,PROMO00058,2025-12-11,2026-02-09,2026-02-13,3,2,Expedia,Confirmed,SGD,14000.0,10,1400.0,2268.0,14868.0,2025-10-30 08:05:38,2026-01-04 05:03:45
BOOK003304,CUST002141,HOT0226,ROOM000482,PROMO00244,2025-12-03,2026-01-31,2026-02-03,2,1,Walk-In,Cancelled,SGD,45000.0,0,0.0,8100.0,53100.0,2021-02-03 05:17:15,2025-05-24 18:28:20
BOOK003305,CUST002494,HOT0207,ROOM000901,PROMO00279,2025-06-10,2025-06-27,2025-07-01,3,2,Walk-In,Completed,GBP,40000.0,15,6000.0,6120.0,40120.0,2024-04-20 12:29:25,2025-12-04 23:58:31
BOOK003306,CUST004721,HOT0118,ROOM001011,PROMO00056,2025-02-28,2025-04-23,2025-04-29,3,2,Mobile App,Completed,AED,42000.0,10,4200.0,6804.0,44604.0,2023-01-12 10:50:05,2025-12-12 11:10:11
BOOK003307,CUST001728,HOT0045,ROOM000346,PROMO00297,2025-03-14,2025-04-26,2025-04-30,4,0,Expedia,Confirmed,SGD,14000.0,5,700.0,2394.0,15694.0,2021-05-01 07:52:57,2023-09-27 21:33:19
BOOK003308,CUST003450,HOT0145,ROOM000869,PROMO00352,2025-03-21,2025-04-09,2025-04-10,1,1,Mobile App,Confirmed,SGD,5000.0,15,750.0,765.0,5015.0,2024-08-06 06:01:57,2024-11-27 09:28:26
BOOK003309,CUST003794,HOT0122,ROOM001393,PROMO00235,2025-10-15,2025-10-27,2025-10-28,1,0,Expedia,Confirmed,SGD,10000.0,15,1500.0,1530.0,10030.0,2023-05-28 09:29:16,2024-07-05 23:56:38
BOOK003310,CUST000263,HOT0194,ROOM001294,PROMO00416,2026-01-23,2026-01-27,2026-02-02,1,0,Booking.com,Completed,USD,60000.0,5,3000.0,10260.0,67260.0,2021-12-13 18:58:06,2024-07-30 09:11:48
BOOK003311,CUST004078,HOT0179,ROOM000569,PROMO00087,2026-05-28,2026-07-06,2026-07-08,4,2,Mobile App,Confirmed,GBP,20000.0,10,2000.0,3240.0,21240.0,2025-10-19 02:35:08,2026-05-02 10:08:28
BOOK003312,CUST003928,HOT0216,ROOM001453,PROMO00186,2026-01-16,2026-02-16,2026-02-18,4,0,Expedia,Completed,INR,30000.0,0,0.0,5400.0,35400.0,2023-02-27 18:12:37,2023-10-13 14:11:01
BOOK003313,CUST004356,HOT0196,ROOM001996,PROMO00147,2025-03-13,2025-05-03,2025-05-05,1,0,Travel Agent,Completed,AED,14000.0,20,2800.0,2016.0,13216.0,2022-03-05 16:14:07,2023-02-23 23:04:05
BOOK003314,CUST004223,HOT0144,ROOM000100,PROMO00248,2025-05-17,2025-07-10,2025-07-16,1,1,Walk-In,Completed,EUR,60000.0,5,3000.0,10260.0,67260.0,2025-04-19 06:54:02,2026-07-15 13:36:41
BOOK003315,CUST001959,HOT0169,ROOM000507,PROMO00050,2024-11-12,2024-12-27,2025-01-02,4,0,Travel Agent,Completed,EUR,21000.0,10,2100.0,3402.0,22302.0,2024-09-20 06:52:15,2026-03-04 19:17:38
BOOK003316,CUST002996,HOT0141,ROOM001768,PROMO00163,2024-11-08,2024-12-18,2024-12-25,2,1,Travel Agent,Cancelled,GBP,70000.0,0,0.0,12600.0,82600.0,2020-12-31 08:04:47,2024-01-24 09:27:58
BOOK003317,CUST002317,HOT0213,ROOM000597,PROMO00079,2025-11-19,2025-12-12,2025-12-13,4,2,Expedia,Confirmed,SGD,5000.0,10,500.0,810.0,5310.0,2022-08-11 17:23:54,2024-03-26 13:39:26
BOOK003318,CUST000930,HOT0044,ROOM000887,PROMO00180,2026-01-14,2026-02-07,2026-02-09,3,2,Mobile App,Confirmed,AED,30000.0,10,3000.0,4860.0,31860.0,2021-10-30 23:10:38,2022-12-07 17:27:56
BOOK003319,CUST003336,HOT0230,ROOM000259,PROMO00064,2026-04-15,2026-04-28,2026-05-05,3,2,Travel Agent,Completed,SGD,70000.0,20,14000.0,10080.0,66080.0,2025-01-17 23:56:18,2025-03-29 12:46:08
BOOK003320,CUST001162,HOT0154,ROOM001399,PROMO00342,2025-12-26,2026-01-14,2026-01-21,1,0,Walk-In,No Show,AED,70000.0,10,7000.0,11340.0,74340.0,2022-12-09 03:40:47,2025-04-29 12:03:45
BOOK003321,CUST004027,HOT0060,ROOM001290,PROMO00208,2025-12-24,2026-01-02,2026-01-08,4,1,Booking.com,Completed,INR,60000.0,5,3000.0,10260.0,67260.0,2021-10-29 12:09:11,2022-04-15 00:57:38
BOOK003322,CUST001818,HOT0217,ROOM001394,PROMO00036,2026-07-10,2026-07-17,2026-07-23,1,2,Travel Agent,Completed,AED,90000.0,15,13500.0,13770.0,90270.0,2022-05-19 14:42:07,2024-09-15 15:29:15
BOOK003323,CUST004075,HOT0239,ROOM001675,PROMO00253,2024-11-28,2025-01-13,2025-01-19,4,0,Mobile App,Completed,EUR,42000.0,15,6300.0,6426.0,42126.0,2025-04-10 08:36:14,2025-11-26 02:22:20
BOOK003324,CUST002951,HOT0087,ROOM001716,PROMO00407,2026-07-19,2026-08-20,2026-08-24,1,1,Website,Completed,INR,20000.0,5,1000.0,3420.0,22420.0,2020-11-11 14:30:53,2024-05-05 22:43:17
BOOK003325,CUST000557,HOT0224,ROOM000321,PROMO00218,2026-04-06,2026-05-20,2026-05-24,1,0,Walk-In,Completed,AED,28000.0,10,2800.0,4536.0,29736.0,2020-03-10 00:11:53,2023-11-22 19:15:26
BOOK003326,CUST004244,HOT0236,ROOM001782,PROMO00340,2025-07-14,2025-08-21,2025-08-28,3,0,Travel Agent,Cancelled,GBP,24500.0,0,0.0,4410.0,28910.0,2025-10-19 14:17:18,2026-01-31 21:37:17
BOOK003327,CUST001394,HOT0108,ROOM000948,PROMO00277,2026-05-02,2026-05-26,2026-05-29,4,1,Walk-In,Completed,EUR,7500.0,5,375.0,1282.5,8407.5,2026-02-26 11:51:41,2026-03-13 05:25:13
BOOK003328,CUST003317,HOT0215,ROOM001266,PROMO00340,2025-10-31,2025-12-08,2025-12-13,4,0,Expedia,No Show,EUR,12500.0,10,1250.0,2025.0,13275.0,2023-07-03 03:49:45,2025-06-22 16:28:30
BOOK003329,CUST000429,HOT0134,ROOM000181,PROMO00298,2024-10-24,2024-12-05,2024-12-12,1,1,Website,Completed,USD,49000.0,0,0.0,8820.0,57820.0,2025-09-11 14:35:05,2025-09-21 11:21:59
BOOK003330,CUST000529,HOT0048,ROOM000863,PROMO00279,2025-11-27,2025-12-16,2025-12-22,3,2,Travel Agent,Completed,USD,21000.0,0,0.0,3780.0,24780.0,2021-01-19 19:21:11,2024-03-01 00:24:57
BOOK003331,CUST003911,HOT0093,ROOM001138,PROMO00115,2025-07-10,2025-08-18,2025-08-25,1,1,Mobile App,Confirmed,USD,70000.0,20,14000.0,10080.0,66080.0,2025-12-18 13:44:07,2026-02-01 00:58:52
BOOK003332,CUST004097,HOT0091,ROOM000171,PROMO00044,2025-12-18,2026-01-09,2026-01-15,4,1,Booking.com,Completed,USD,15000.0,10,1500.0,2430.0,15930.0,2021-06-29 16:24:10,2026-03-04 14:02:31
BOOK003333,CUST000319,HOT0198,ROOM001743,PROMO00488,2025-12-26,2026-02-04,2026-02-07,4,2,Booking.com,Completed,EUR,21000.0,0,0.0,3780.0,24780.0,2020-07-23 08:14:58,2026-01-25 18:09:40
BOOK003334,CUST000674,HOT0130,ROOM000580,PROMO00115,2025-01-17,2025-02-12,2025-02-14,4,2,Walk-In,Cancelled,AED,5000.0,10,500.0,810.0,5310.0,2022-05-28 10:37:03,2025-12-19 06:49:37
BOOK003335,CUST000071,HOT0226,ROOM001585,PROMO00154,2025-04-20,2025-05-05,2025-05-06,4,1,Walk-In,Completed,AED,15000.0,15,2250.0,2295.0,15045.0,2021-07-28 04:55:59,2025-05-08 10:41:24
BOOK003336,CUST003101,HOT0018,ROOM000426,PROMO00293,2024-11-05,2024-11-30,2024-12-05,3,1,Walk-In,Completed,EUR,12500.0,15,1875.0,1912.5,12537.5,2023-01-22 16:45:36,2023-11-15 12:40:48
BOOK003337,CUST003381,HOT0044,ROOM000544,PROMO00174,2024-08-12,2024-09-11,2024-09-14,1,1,Mobile App,Completed,AED,30000.0,0,0.0,5400.0,35400.0,2025-04-18 10:38:51,2025-06-19 09:29:58
BOOK003338,CUST004242,HOT0104,ROOM000604,PROMO00089,2025-10-26,2025-11-13,2025-11-17,1,1,Website,Completed,INR,60000.0,15,9000.0,9180.0,60180.0,2024-08-14 03:47:02,2026-05-13 12:00:46
BOOK003339,CUST004532,HOT0009,ROOM001819,PROMO00105,2026-06-03,2026-06-15,2026-06-18,2,2,Website,No Show,EUR,7500.0,5,375.0,1282.5,8407.5,2024-01-20 16:57:28,2024-08-08 21:57:20
BOOK003340,CUST002270,HOT0181,ROOM001737,PROMO00099,2024-09-28,2024-11-20,2024-11-22,1,1,Walk-In,Completed,GBP,14000.0,10,1400.0,2268.0,14868.0,2020-02-07 12:09:53,2020-10-26 19:00:54
BOOK003341,CUST001671,HOT0015,ROOM001467,PROMO00297,2024-09-13,2024-09-16,2024-09-20,1,1,Expedia,Completed,INR,10000.0,0,0.0,1800.0,11800.0,2020-12-17 11:26:08,2025-01-27 03:57:16
BOOK003342,CUST000957,HOT0240,ROOM001676,PROMO00028,2024-12-21,2025-02-12,2025-02-14,4,1,Website,Completed,INR,20000.0,10,2000.0,3240.0,21240.0,2020-07-17 00:32:27,2024-06-15 23:20:19
BOOK003343,CUST004373,HOT0112,ROOM000857,PROMO00353,2026-02-04,2026-03-16,2026-03-19,1,2,Booking.com,Completed,SGD,30000.0,0,0.0,5400.0,35400.0,2021-04-19 05:42:56,2023-03-30 14:55:38
BOOK003344,CUST001539,HOT0128,ROOM000446,PROMO00496,2024-10-20,2024-11-29,2024-12-02,1,1,Booking.com,Cancelled,INR,15000.0,0,0.0,2700.0,17700.0,2020-04-04 01:44:27,2022-06-13 13:59:12
BOOK003345,CUST000249,HOT0248,ROOM001673,PROMO00034,2025-10-15,2025-10-27,2025-10-29,4,1,Booking.com,Completed,EUR,7000.0,0,0.0,1260.0,8260.0,2023-02-23 03:41:09,2023-03-27 01:15:28
BOOK003346,CUST000950,HOT0058,ROOM000501,PROMO00290,2025-12-06,2025-12-30,2026-01-04,2,0,Website,Confirmed,EUR,25000.0,15,3750.0,3825.0,25075.0,2024-12-09 22:10:14,2025-07-04 07:40:17
BOOK003347,CUST001347,HOT0030,ROOM000644,PROMO00034,2025-10-05,2025-12-04,2025-12-09,3,1,Website,Confirmed,EUR,12500.0,5,625.0,2137.5,14012.5,2024-06-28 16:19:24,2024-07-08 06:37:42
BOOK003348,CUST001594,HOT0102,ROOM001503,PROMO00304,2025-11-13,2025-11-28,2025-12-05,2,1,Expedia,Confirmed,SGD,49000.0,10,4900.0,7938.0,52038.0,2020-10-20 05:01:02,2026-05-26 10:55:37
BOOK003349,CUST002775,HOT0026,ROOM001956,PROMO00315,2025-11-14,2025-12-19,2025-12-24,2,2,Mobile App,Completed,GBP,12500.0,5,625.0,2137.5,14012.5,2026-05-16 20:15:17,2026-06-30 06:06:52
BOOK003350,CUST001504,HOT0159,ROOM000818,PROMO00294,2024-09-02,2024-10-23,2024-10-26,2,2,Website,Cancelled,GBP,21000.0,10,2100.0,3402.0,22302.0,2020-05-17 07:42:25,2025-12-21 08:40:01
BOOK003351,CUST000594,HOT0131,ROOM000728,PROMO00150,2026-05-18,2026-06-06,2026-06-07,3,1,Mobile App,Completed,AED,3500.0,15,525.0,535.5,3510.5,2024-03-12 01:14:32,2026-06-09 17:07:26
BOOK003352,CUST001389,HOT0167,ROOM000936,PROMO00410,2025-01-11,2025-01-25,2025-01-28,4,0,Travel Agent,Confirmed,AED,15000.0,0,0.0,2700.0,17700.0,2025-11-07 10:18:29,2026-04-03 10:26:50
BOOK003353,CUST004765,HOT0225,ROOM001419,PROMO00065,2025-12-03,2026-01-22,2026-01-27,1,1,Expedia,Completed,EUR,75000.0,0,0.0,13500.0,88500.0,2020-07-05 18:34:47,2024-04-23 09:23:25
BOOK003354,CUST003013,HOT0202,ROOM000028,PROMO00027,2026-02-25,2026-03-02,2026-03-04,1,0,Mobile App,Completed,GBP,14000.0,5,700.0,2394.0,15694.0,2022-04-25 19:03:51,2024-10-12 08:04:57
BOOK003355,CUST002383,HOT0022,ROOM001213,PROMO00346,2025-02-15,2025-03-23,2025-03-25,2,0,Walk-In,Confirmed,AED,7000.0,10,700.0,1134.0,7434.0,2025-10-09 13:33:43,2026-03-25 19:19:41
BOOK003356,CUST004311,HOT0045,ROOM000346,PROMO00151,2026-04-07,2026-04-27,2026-05-03,3,1,Website,Cancelled,EUR,21000.0,15,3150.0,3213.0,21063.0,2022-01-30 07:55:24,2026-02-21 01:12:37
BOOK003357,CUST003630,HOT0213,ROOM000182,PROMO00066,2026-07-21,2026-08-20,2026-08-24,2,1,Walk-In,Cancelled,AED,10000.0,0,0.0,1800.0,11800.0,2022-10-24 16:25:48,2023-12-31 16:45:04
BOOK003358,CUST000499,HOT0123,ROOM000995,PROMO00457,2026-07-19,2026-08-02,2026-08-06,2,0,Travel Agent,Completed,AED,60000.0,5,3000.0,10260.0,67260.0,2022-04-03 18:53:47,2024-07-16 21:32:59
BOOK003359,CUST002877,HOT0024,ROOM001089,PROMO00019,2025-01-25,2025-02-26,2025-02-28,4,1,Mobile App,Completed,INR,7000.0,0,0.0,1260.0,8260.0,2023-12-12 09:57:49,2024-12-26 03:13:11
BOOK003360,CUST002189,HOT0193,ROOM000386,PROMO00319,2025-05-16,2025-06-14,2025-06-18,2,0,Expedia,Completed,SGD,10000.0,0,0.0,1800.0,11800.0,2020-08-19 10:01:56,2026-04-01 14:33:22
BOOK003361,CUST001853,HOT0036,ROOM000477,PROMO00324,2026-05-14,2026-06-14,2026-06-21,2,2,Mobile App,Confirmed,GBP,70000.0,20,14000.0,10080.0,66080.0,2020-11-21 16:16:02,2021-09-04 08:10:44
BOOK003362,CUST004692,HOT0039,ROOM000647,PROMO00482,2025-08-28,2025-09-24,2025-09-29,4,2,Booking.com,Completed,SGD,75000.0,15,11250.0,11475.0,75225.0,2022-09-08 12:12:02,2025-08-31 17:24:02
BOOK003363,CUST004495,HOT0063,ROOM001332,PROMO00492,2025-03-25,2025-04-08,2025-04-13,2,0,Mobile App,Completed,USD,35000.0,20,7000.0,5040.0,33040.0,2022-03-21 15:23:41,2024-08-21 16:24:30
BOOK003364,CUST004623,HOT0139,ROOM000822,PROMO00172,2025-02-14,2025-03-22,2025-03-24,2,0,Website,Completed,AED,20000.0,5,1000.0,3420.0,22420.0,2023-05-23 09:18:16,2023-09-25 00:50:48
BOOK003365,CUST004626,HOT0236,ROOM000044,PROMO00253,2025-06-18,2025-08-01,2025-08-03,3,0,Mobile App,Completed,AED,7000.0,0,0.0,1260.0,8260.0,2022-06-29 02:45:23,2022-09-07 02:17:07
BOOK003366,CUST004004,HOT0045,ROOM000941,PROMO00181,2024-08-23,2024-09-17,2024-09-24,2,0,Mobile App,No Show,INR,24500.0,10,2450.0,3969.0,26019.0,2020-07-17 04:36:44,2026-01-16 16:38:58
BOOK003367,CUST002774,HOT0058,ROOM000885,PROMO00328,2026-07-07,2026-07-14,2026-07-21,3,1,Website,Completed,USD,17500.0,20,3500.0,2520.0,16520.0,2024-07-25 04:25:53,2025-11-24 08:05:50
BOOK003368,CUST000679,HOT0110,ROOM001066,PROMO00012,2025-03-24,2025-05-13,2025-05-16,3,0,Expedia,Cancelled,AED,7500.0,15,1125.0,1147.5,7522.5,2025-09-09 20:09:19,2026-04-30 13:45:29
BOOK003369,CUST002104,HOT0064,ROOM001040,PROMO00007,2025-04-12,2025-05-05,2025-05-06,1,0,Travel Agent,Completed,EUR,7000.0,5,350.0,1197.0,7847.0,2023-05-30 03:19:54,2025-02-09 19:27:54
BOOK003370,CUST004381,HOT0246,ROOM000314,PROMO00379,2025-12-17,2026-01-25,2026-02-01,3,2,Booking.com,Confirmed,USD,17500.0,5,875.0,2992.5,19617.5,2025-05-05 17:52:53,2026-05-27 14:18:04
BOOK003371,CUST003297,HOT0124,ROOM000704,PROMO00224,2025-07-22,2025-07-24,2025-07-27,2,1,Website,Completed,USD,7500.0,0,0.0,1350.0,8850.0,2024-08-06 01:28:43,2025-09-17 19:41:56
BOOK003372,CUST002658,HOT0114,ROOM000020,PROMO00159,2026-06-23,2026-07-08,2026-07-09,4,2,Mobile App,Completed,EUR,10000.0,5,500.0,1710.0,11210.0,2024-07-31 18:23:48,2025-01-09 17:15:10
BOOK003373,CUST000911,HOT0163,ROOM001141,PROMO00074,2024-09-19,2024-11-08,2024-11-11,2,0,Walk-In,No Show,INR,15000.0,20,3000.0,2160.0,14160.0,2024-05-14 06:00:00,2025-01-17 04:25:04
BOOK003374,CUST000684,HOT0059,ROOM000156,PROMO00295,2026-04-11,2026-04-20,2026-04-25,2,1,Mobile App,Completed,GBP,17500.0,0,0.0,3150.0,20650.0,2023-06-14 18:13:52,2023-08-22 20:33:05
BOOK003375,CUST001648,HOT0130,ROOM000580,PROMO00260,2026-06-22,2026-07-26,2026-07-29,3,0,Booking.com,Completed,AED,7500.0,0,0.0,1350.0,8850.0,2024-06-20 05:22:50,2024-08-12 20:10:06
BOOK003376,CUST002040,HOT0003,ROOM001641,PROMO00427,2026-06-25,2026-07-26,2026-07-27,1,1,Booking.com,Completed,INR,10000.0,5,500.0,1710.0,11210.0,2025-09-25 22:41:36,2026-06-30 17:17:59
BOOK003377,CUST001322,HOT0110,ROOM000804,PROMO00305,2026-06-26,2026-07-01,2026-07-04,2,2,Expedia,Completed,AED,10500.0,15,1575.0,1606.5,10531.5,2026-05-04 00:26:10,2026-07-29 16:58:14
BOOK003378,CUST001459,HOT0080,ROOM001815,PROMO00267,2025-04-15,2025-05-04,2025-05-10,4,2,Expedia,Completed,SGD,90000.0,15,13500.0,13770.0,90270.0,2024-07-25 17:48:59,2025-08-13 15:12:59
BOOK003379,CUST003068,HOT0032,ROOM001565,PROMO00194,2024-11-23,2024-11-26,2024-11-30,4,2,Mobile App,Cancelled,USD,60000.0,20,12000.0,8640.0,56640.0,2025-01-22 03:22:17,2026-07-28 08:11:31
BOOK003380,CUST002869,HOT0016,ROOM001074,PROMO00302,2026-07-19,2026-08-19,2026-08-24,1,1,Travel Agent,Completed,EUR,25000.0,15,3750.0,3825.0,25075.0,2023-04-16 06:02:28,2026-04-06 11:34:14
BOOK003381,CUST000768,HOT0036,ROOM001665,PROMO00068,2025-09-29,2025-10-17,2025-10-24,3,2,Walk-In,Confirmed,AED,24500.0,15,3675.0,3748.5,24573.5,2021-01-26 08:05:38,2023-01-13 11:59:58
BOOK003382,CUST001105,HOT0056,ROOM000431,PROMO00094,2024-11-01,2024-12-16,2024-12-22,4,2,Website,Completed,SGD,15000.0,5,750.0,2565.0,16815.0,2026-02-08 22:50:02,2026-07-13 02:04:20
BOOK003383,CUST002026,HOT0067,ROOM001379,PROMO00064,2025-10-31,2025-12-10,2025-12-13,2,1,Walk-In,Cancelled,INR,15000.0,0,0.0,2700.0,17700.0,2026-05-13 06:47:25,2026-06-24 15:34:28
BOOK003384,CUST000712,HOT0248,ROOM001673,PROMO00272,2025-11-10,2026-01-02,2026-01-05,1,0,Mobile App,Completed,GBP,10500.0,15,1575.0,1606.5,10531.5,2023-01-14 16:48:46,2024-01-15 01:17:20
BOOK003385,CUST000504,HOT0145,ROOM001736,PROMO00140,2026-02-25,2026-03-25,2026-03-30,4,1,Booking.com,Completed,INR,12500.0,15,1875.0,1912.5,12537.5,2020-11-13 10:39:34,2022-02-17 12:47:10
BOOK003386,CUST002754,HOT0053,ROOM000684,PROMO00188,2024-12-26,2025-01-11,2025-01-18,3,0,Booking.com,Cancelled,AED,35000.0,5,1750.0,5985.0,39235.0,2021-11-08 07:51:15,2023-10-22 21:32:59
BOOK003387,CUST003835,HOT0239,ROOM001675,PROMO00411,2025-03-11,2025-05-09,2025-05-11,3,1,Booking.com,Completed,INR,14000.0,5,700.0,2394.0,15694.0,2021-04-11 16:09:10,2025-01-22 01:04:13
BOOK003388,CUST002861,HOT0247,ROOM000855,PROMO00031,2025-05-09,2025-06-04,2025-06-09,1,2,Walk-In,No Show,SGD,17500.0,5,875.0,2992.5,19617.5,2025-11-23 15:59:47,2026-04-24 22:57:01
BOOK003389,CUST002696,HOT0036,ROOM001665,PROMO00124,2025-01-26,2025-03-10,2025-03-13,4,1,Booking.com,Completed,GBP,10500.0,10,1050.0,1701.0,11151.0,2021-06-09 03:35:51,2021-12-31 19:35:13
BOOK003390,CUST002167,HOT0125,ROOM001475,PROMO00007,2026-07-06,2026-07-20,2026-07-21,2,1,Expedia,Completed,USD,7000.0,10,700.0,1134.0,7434.0,2021-01-29 18:49:59,2025-12-15 05:37:09
BOOK003391,CUST004719,HOT0098,ROOM001408,PROMO00469,2024-11-06,2024-11-23,2024-11-29,1,0,Walk-In,Completed,EUR,21000.0,20,4200.0,3024.0,19824.0,2023-07-20 09:11:52,2025-08-04 02:12:59
BOOK003392,CUST000319,HOT0108,ROOM000196,PROMO00206,2026-07-29,2026-09-20,2026-09-26,1,2,Walk-In,Completed,SGD,60000.0,15,9000.0,9180.0,60180.0,2026-01-12 07:00:02,2026-01-25 00:23:33
BOOK003393,CUST003009,HOT0146,ROOM000555,PROMO00227,2025-12-16,2026-01-07,2026-01-08,1,1,Walk-In,Completed,USD,7000.0,5,350.0,1197.0,7847.0,2021-12-22 23:25:06,2025-01-21 12:39:02
BOOK003394,CUST001146,HOT0119,ROOM001817,PROMO00086,2024-12-26,2025-02-09,2025-02-13,3,0,Website,Confirmed,GBP,14000.0,10,1400.0,2268.0,14868.0,2023-09-08 15:03:07,2026-06-21 08:40:05
BOOK003395,CUST001867,HOT0084,ROOM000655,PROMO00408,2025-03-21,2025-04-27,2025-04-29,4,0,Mobile App,Confirmed,INR,10000.0,10,1000.0,1620.0,10620.0,2020-08-24 10:25:24,2023-03-27 01:29:51
BOOK003396,CUST004658,HOT0143,ROOM000650,PROMO00441,2026-06-07,2026-07-27,2026-07-31,2,1,Mobile App,Completed,INR,60000.0,5,3000.0,10260.0,67260.0,2026-03-15 00:11:50,2026-06-10 11:14:08
BOOK003397,CUST002982,HOT0104,ROOM000633,PROMO00489,2025-08-08,2025-08-28,2025-09-04,2,1,Booking.com,Confirmed,GBP,105000.0,0,0.0,18900.0,123900.0,2024-08-19 01:56:17,2024-10-12 18:54:59
BOOK003398,CUST000301,HOT0187,ROOM001165,PROMO00330,2026-02-24,2026-03-02,2026-03-05,4,1,Website,Completed,SGD,30000.0,20,6000.0,4320.0,28320.0,2026-01-13 09:03:23,2026-02-04 12:43:16
BOOK003399,CUST004684,HOT0086,ROOM001655,PROMO00069,2024-10-18,2024-11-13,2024-11-15,4,2,Mobile App,Cancelled,INR,7000.0,20,1400.0,1008.0,6608.0,2022-12-31 22:02:27,2023-04-18 20:13:09
BOOK003400,CUST002783,HOT0156,ROOM001067,PROMO00118,2025-09-05,2025-10-28,2025-10-31,1,2,Expedia,Completed,AED,45000.0,0,0.0,8100.0,53100.0,2024-11-29 13:52:48,2025-06-16 00:51:47
BOOK003401,CUST003731,HOT0196,ROOM000248,PROMO00036,2025-10-26,2025-12-15,2025-12-17,3,1,Mobile App,Completed,USD,20000.0,5,1000.0,3420.0,22420.0,2023-02-15 06:50:10,2025-11-10 09:48:19
BOOK003402,CUST002853,HOT0196,ROOM001199,PROMO00394,2025-09-14,2025-09-18,2025-09-20,2,0,Travel Agent,Completed,INR,7000.0,0,0.0,1260.0,8260.0,2025-06-03 07:49:23,2025-07-25 08:11:48
BOOK003403,CUST000230,HOT0217,ROOM000499,PROMO00067,2025-10-05,2025-10-24,2025-10-31,3,1,Travel Agent,Completed,AED,70000.0,15,10500.0,10710.0,70210.0,2022-05-22 03:13:35,2022-06-20 03:54:01
BOOK003404,CUST003658,HOT0158,ROOM001343,PROMO00262,2025-05-24,2025-07-21,2025-07-25,1,0,Walk-In,Cancelled,USD,20000.0,20,4000.0,2880.0,18880.0,2025-06-30 15:04:43,2025-08-30 12:03:25
BOOK003405,CUST003351,HOT0090,ROOM000930,PROMO00277,2025-10-26,2025-12-23,2025-12-30,2,1,Travel Agent,Cancelled,SGD,24500.0,10,2450.0,3969.0,26019.0,2022-05-13 11:00:19,2022-11-18 20:45:53
BOOK003406,CUST002007,HOT0094,ROOM001296,PROMO00015,2026-02-26,2026-04-15,2026-04-19,2,0,Walk-In,Completed,USD,20000.0,20,4000.0,2880.0,18880.0,2023-07-13 16:18:34,2024-10-04 19:52:33
BOOK003407,CUST002194,HOT0087,ROOM000184,PROMO00443,2026-04-07,2026-04-23,2026-04-27,4,0,Expedia,Completed,AED,28000.0,5,1400.0,4788.0,31388.0,2020-06-23 12:34:05,2023-05-01 10:56:23
BOOK003408,CUST004314,HOT0100,ROOM001587,PROMO00330,2025-08-25,2025-08-26,2025-08-28,4,0,Expedia,Cancelled,SGD,20000.0,15,3000.0,3060.0,20060.0,2024-01-27 04:51:22,2024-12-22 17:53:01
BOOK003409,CUST003727,HOT0159,ROOM001523,PROMO00158,2024-08-03,2024-09-14,2024-09-21,3,2,Mobile App,Completed,SGD,35000.0,10,3500.0,5670.0,37170.0,2023-08-12 19:51:54,2024-05-02 20:30:12
BOOK003410,CUST003342,HOT0116,ROOM000152,PROMO00318,2026-03-02,2026-04-15,2026-04-17,2,0,Travel Agent,Cancelled,SGD,10000.0,5,500.0,1710.0,11210.0,2024-05-31 00:01:51,2026-04-26 13:16:31
BOOK003411,CUST001673,HOT0249,ROOM001574,PROMO00243,2024-08-15,2024-10-06,2024-10-12,1,0,Expedia,Completed,USD,90000.0,0,0.0,16200.0,106200.0,2026-04-04 14:46:31,2026-04-27 18:28:23
BOOK003412,CUST001442,HOT0065,ROOM000553,PROMO00153,2025-04-21,2025-05-17,2025-05-23,4,0,Booking.com,Completed,INR,21000.0,20,4200.0,3024.0,19824.0,2023-09-12 09:37:54,2025-09-17 08:51:43
BOOK003413,CUST001535,HOT0138,ROOM000679,PROMO00134,2026-04-06,2026-05-31,2026-04-06,2,2,Expedia,Completed,INR,30000.0,10,3000.0,4860.0,31860.0,2024-08-21 16:36:53,2024-11-07 16:06:22
BOOK003414,CUST000312,HOT0239,ROOM001556,PROMO00258,2026-06-30,2026-08-03,2026-08-05,4,1,Travel Agent,Completed,GBP,30000.0,15,4500.0,4590.0,30090.0,2024-02-08 14:25:55,2026-05-02 18:27:05
BOOK003415,CUST004306,HOT0058,ROOM000501,PROMO00316,2025-12-23,2026-01-08,2026-01-14,3,2,Travel Agent,Cancelled,AED,30000.0,20,6000.0,4320.0,-28320.0,2023-08-31 14:52:56,2024-05-13 20:42:49
BOOK003416,CUST000810,HOT0035,ROOM000872,PROMO00086,2025-02-05,2025-03-14,2025-03-21,3,1,Booking.com,No Show,SGD,24500.0,20,4900.0,3528.0,23128.0,2022-11-19 16:57:11,2023-01-13 18:58:13
BOOK003417,CUST004478,HOT0130,ROOM001119,PROMO00092,2025-06-19,2025-07-01,2025-07-04,4,0,Website,Completed,EUR,21000.0,10,2100.0,3402.0,22302.0,2022-05-30 00:10:42,2023-07-01 01:46:49
BOOK003418,CUST002803,HOT0104,ROOM001812,PROMO00087,2026-03-15,2026-04-28,2026-05-01,3,0,Travel Agent,Completed,INR,15000.0,20,3000.0,2160.0,14160.0,2026-05-20 21:51:30,2026-06-08 21:17:45
BOOK003419,CUST004435,HOT0056,ROOM000864,PROMO00448,2025-02-15,2025-03-19,2025-03-24,1,2,Travel Agent,Cancelled,INR,50000.0,5,2500.0,8550.0,56050.0,2021-06-17 23:57:08,2023-01-23 02:48:13
BOOK003420,CUST004522,HOT0060,ROOM000674,PROMO00247,2026-05-25,2026-06-13,2026-06-15,4,0,Walk-In,Confirmed,INR,7000.0,15,1050.0,1071.0,7021.0,2020-11-24 14:12:05,2025-10-19 02:03:01
BOOK003421,CUST000705,HOT0089,ROOM001694,PROMO00138,2024-08-16,2024-10-09,2024-10-15,3,2,Booking.com,Completed,EUR,21000.0,5,1050.0,3591.0,23541.0,2023-12-24 11:02:56,2025-08-21 11:45:16
BOOK003422,CUST002450,HOT0074,ROOM001514,PROMO00474,2026-07-26,2026-08-26,2026-09-02,4,2,Booking.com,Completed,USD,24500.0,5,1225.0,4189.5,27464.5,2026-06-02 15:04:07,2026-06-17 23:04:42
BOOK003423,CUST003726,HOT0024,ROOM001089,PROMO00214,2024-10-18,2024-12-04,2024-12-10,2,0,Travel Agent,Confirmed,USD,21000.0,15,3150.0,3213.0,21063.0,2025-07-22 07:25:22,2025-10-22 02:51:06
BOOK003424,CUST000538,HOT0099,ROOM001726,PROMO00487,2025-09-22,2025-11-16,2025-11-17,4,1,Walk-In,Completed,EUR,10000.0,10,1000.0,1620.0,10620.0,2020-03-13 13:53:56,2022-08-24 12:37:24
BOOK003425,CUST001836,HOT0246,ROOM001337,PROMO00184,2025-11-18,2025-12-07,2025-12-08,1,2,Mobile App,Completed,USD,10000.0,15,1500.0,1530.0,10030.0,2023-10-21 13:15:33,2024-02-24 16:43:40
BOOK003426,CUST001352,HOT0014,ROOM000605,PROMO00232,2025-12-23,2026-02-09,2026-02-13,4,0,Expedia,Confirmed,AED,10000.0,5,500.0,1710.0,11210.0,2026-07-02 08:10:29,2026-07-20 09:19:29
BOOK003427,CUST003234,HOT0213,ROOM001292,PROMO00075,2025-11-29,2025-12-07,2025-12-08,4,1,Walk-In,Confirmed,SGD,5000.0,0,0.0,900.0,5900.0,2023-07-18 21:32:56,2023-08-06 08:07:26
BOOK003428,CUST004312,HOT0085,ROOM001274,PROMO00242,2026-01-22,2026-01-30,2026-02-02,3,1,Travel Agent,Completed,EUR,7500.0,15,1125.0,1147.5,7522.5,2020-02-23 15:32:17,2024-04-13 21:33:42
BOOK003429,CUST003869,HOT0096,ROOM000241,PROMO00441,2026-04-26,2026-05-27,2026-06-01,4,2,Expedia,Cancelled,AED,50000.0,20,10000.0,7200.0,47200.0,2022-07-09 13:33:31,2023-02-25 06:24:18
BOOK003430,CUST004154,HOT0154,ROOM001019,PROMO00308,2025-10-11,2025-11-02,2025-11-08,2,0,Travel Agent,Confirmed,USD,30000.0,20,6000.0,4320.0,28320.0,2021-02-11 01:54:17,2021-12-20 16:41:52
BOOK003431,CUST004921,HOT0089,ROOM001164,PROMO00221,2025-09-17,2025-10-21,2025-10-24,4,0,Walk-In,Completed,GBP,15000.0,10,1500.0,2430.0,15930.0,2021-11-05 18:02:48,2026-05-12 12:00:04
BOOK003432,CUST001330,HOT0197,ROOM000920,PROMO00330,2026-06-05,2026-06-12,2026-06-15,4,2,Walk-In,Completed,EUR,21000.0,0,0.0,3780.0,24780.0,2022-06-20 05:04:46,2023-11-22 17:18:09
BOOK003433,CUST001572,HOT0243,ROOM000055,PROMO00384,2026-01-08,2026-02-12,2026-02-16,2,2,Travel Agent,Confirmed,EUR,28000.0,0,0.0,5040.0,33040.0,2021-02-08 02:43:07,2021-03-16 14:48:18
BOOK003434,CUST001979,HOT0174,ROOM001835,PROMO00418,2025-10-18,2025-10-25,2025-10-26,1,1,Walk-In,Completed,USD,2500.0,0,0.0,450.0,2950.0,2025-02-10 05:48:32,2025-03-15 10:26:26
BOOK003435,CUST003780,HOT0056,ROOM000964,PROMO00035,2025-03-14,2025-05-04,2025-05-06,3,0,Mobile App,Completed,GBP,20000.0,0,0.0,3600.0,23600.0,2021-05-06 12:27:44,2025-04-03 22:59:21
BOOK003436,CUST000021,HOT0218,ROOM001767,PROMO00197,2024-12-26,2025-01-27,2025-01-30,1,2,Expedia,Completed,USD,45000.0,5,2250.0,7695.0,50445.0,2024-08-03 07:17:20,2026-07-28 15:05:20
BOOK003437,CUST002882,HOT0103,ROOM000176,PROMO00239,2025-08-13,2025-09-21,2025-09-24,4,0,Website,Completed,EUR,21000.0,10,2100.0,3402.0,22302.0,2021-04-15 02:31:51,2024-04-25 10:23:23
BOOK003438,CUST000252,HOT0028,ROOM001021,PROMO00333,2024-10-15,2024-10-19,2024-10-23,1,0,Mobile App,Completed,INR,28000.0,5,1400.0,4788.0,31388.0,2022-07-01 17:15:20,2022-07-05 08:52:01
BOOK003439,CUST002060,HOT0159,ROOM001258,PROMO00285,2024-11-17,2025-01-11,2025-01-15,1,0,Booking.com,Completed,SGD,40000.0,5,2000.0,6840.0,44840.0,2024-03-29 04:55:36,2025-02-09 22:57:06
BOOK003440,CUST002480,HOT0113,ROOM001270,PROMO00092,2024-10-06,2024-10-14,2024-10-19,3,1,Walk-In,Completed,INR,25000.0,10,2500.0,4050.0,26550.0,2022-06-18 14:08:25,2023-03-08 07:27:56
BOOK003441,CUST002407,HOT0009,ROOM000094,PROMO00485,2025-06-16,2025-06-23,2025-06-27,4,0,Expedia,Confirmed,INR,40000.0,10,4000.0,6480.0,42480.0,2022-02-17 18:34:25,2026-02-15 12:00:43
BOOK003442,CUST000127,HOT0223,ROOM001297,PROMO00310,2026-04-21,2026-06-16,2026-06-22,2,2,Travel Agent,Completed,EUR,60000.0,10,6000.0,9720.0,63720.0,2022-09-08 07:11:50,2024-03-16 02:14:44
BOOK003443,CUST002635,HOT0028,ROOM000014,PROMO00110,2025-07-29,2025-08-30,2025-09-02,1,2,Website,Confirmed,SGD,10500.0,10,1050.0,1701.0,11151.0,2024-02-22 20:07:26,2024-08-31 10:09:03
BOOK003444,CUST004939,HOT0019,ROOM000126,PROMO00001,2026-01-10,2026-02-22,2026-02-25,3,0,Booking.com,No Show,INR,21000.0,10,2100.0,3402.0,22302.0,2025-11-09 21:12:01,2026-07-22 02:47:58
BOOK003445,CUST003553,HOT0117,ROOM000624,PROMO00014,2026-02-08,2026-02-09,2026-02-14,1,0,Expedia,No Show,INR,35000.0,0,0.0,6300.0,41300.0,2024-03-11 11:07:58,2025-03-09 21:59:25
BOOK003446,CUST003186,HOT0096,ROOM001284,PROMO00185,2025-11-28,2026-01-25,2026-01-29,3,0,Mobile App,Cancelled,INR,14000.0,10,1400.0,2268.0,14868.0,2022-01-08 02:07:37,2024-06-17 11:25:35
BOOK003447,CUST001026,HOT0167,ROOM001576,PROMO00221,2025-04-28,2025-05-02,2025-05-03,2,1,Walk-In,Completed,SGD,10000.0,15,1500.0,1530.0,10030.0,2026-05-24 03:17:14,2026-06-12 05:51:39
BOOK003448,CUST001487,HOT0174,ROOM001720,PROMO00180,2025-03-30,2025-04-14,2025-04-21,4,2,Website,Completed,GBP,70000.0,5,3500.0,11970.0,78470.0,2020-05-20 15:20:26,2022-12-05 17:48:52
BOOK003449,CUST001417,HOT0231,ROOM000599,PROMO00483,2025-06-06,2025-07-19,2025-07-25,1,0,Expedia,Completed,INR,30000.0,15,4500.0,4590.0,30090.0,2021-11-25 07:36:51,2021-11-26 16:38:31
BOOK003450,CUST003568,HOT0250,ROOM000405,PROMO00484,2025-08-06,2025-08-26,2025-08-28,3,2,Walk-In,Completed,USD,14000.0,10,1400.0,2268.0,14868.0,2023-02-16 13:29:32,2023-11-29 22:32:04
BOOK003451,CUST003844,HOT0195,ROOM000165,PROMO00033,2025-09-21,2025-10-12,2025-10-19,2,0,Mobile App,Completed,SGD,70000.0,15,10500.0,10710.0,70210.0,2025-10-30 23:25:14,2026-06-04 22:05:34
BOOK003452,CUST004941,HOT0187,ROOM000149,PROMO00088,2024-12-31,2025-02-24,2025-02-27,2,1,Walk-In,Cancelled,USD,10500.0,0,0.0,1890.0,12390.0,2023-06-11 05:26:07,2025-01-08 07:43:58
BOOK003453,CUST002101,HOT0007,ROOM001283,PROMO00142,2024-10-09,2024-10-25,2024-10-29,2,1,Website,Completed,EUR,14000.0,20,2800.0,2016.0,13216.0,2024-07-31 06:07:01,2025-05-15 16:18:52
BOOK003454,CUST003274,HOT0121,ROOM001242,PROMO00431,2025-11-06,2026-01-01,2026-01-06,3,0,Expedia,Completed,AED,17500.0,20,3500.0,2520.0,16520.0,2022-12-25 19:47:23,2025-11-27 08:41:03
BOOK003455,CUST003199,HOT0200,ROOM001571,PROMO00140,2026-04-21,2026-05-21,2026-05-23,2,1,Expedia,Completed,AED,20000.0,10,2000.0,3240.0,21240.0,2024-01-05 08:51:40,2025-08-21 23:35:27
BOOK003456,CUST003230,HOT0227,ROOM001919,PROMO00179,2025-08-30,2025-09-29,2025-10-01,2,1,Walk-In,Cancelled,INR,10000.0,10,1000.0,1620.0,10620.0,2025-10-29 22:50:47,2026-04-03 09:59:05
BOOK003457,CUST001964,HOT0159,ROOM000977,PROMO00369,2025-10-15,2025-11-11,2025-11-18,3,0,Expedia,Confirmed,INR,70000.0,0,0.0,12600.0,82600.0,2023-02-26 23:37:57,2023-08-24 17:12:18
BOOK003458,CUST002720,HOT0041,ROOM000754,PROMO00490,2024-11-15,2024-11-19,2024-11-20,4,1,Travel Agent,No Show,GBP,5000.0,20,1000.0,720.0,4720.0,2023-06-10 03:48:33,2024-02-05 02:49:18
BOOK003459,CUST000133,HOT0097,ROOM000890,PROMO00383,2025-07-03,2025-07-12,2025-07-14,1,2,Walk-In,Completed,USD,5000.0,0,0.0,900.0,5900.0,2020-04-13 18:23:22,2024-03-27 21:14:41
BOOK003460,CUST003784,HOT0189,ROOM000935,PROMO00115,2025-09-29,2025-11-25,2025-11-29,2,0,Booking.com,Completed,SGD,14000.0,5,700.0,2394.0,15694.0,2020-05-17 09:41:44,2021-01-03 16:13:13
BOOK003461,CUST003874,HOT0088,ROOM001640,PROMO00462,2025-09-29,2025-10-10,2025-10-14,1,1,Walk-In,Completed,,14000.0,5,700.0,2394.0,15694.0,2021-09-30 21:11:17,2023-07-30 21:02:19
BOOK003462,CUST004390,HOT0027,ROOM001513,PROMO00414,2025-11-27,2025-12-22,2025-12-23,2,0,Mobile App,No Show,GBP,15000.0,20,3000.0,2160.0,14160.0,2020-12-17 22:51:02,2021-09-23 03:54:25
BOOK003463,CUST001190,HOT0155,ROOM000806,PROMO00095,2024-12-20,2025-01-31,2025-02-05,2,0,Booking.com,Completed,SGD,25000.0,15,3750.0,3825.0,25075.0,2024-08-22 10:16:56,2025-08-06 02:16:43
BOOK003464,CUST003472,HOT0165,ROOM000984,PROMO00063,2025-02-12,2025-04-09,2025-04-14,4,1,Travel Agent,Completed,INR,25000.0,10,2500.0,4050.0,26550.0,2025-03-19 04:14:37,2026-01-08 17:06:58
BOOK003465,CUST002659,HOT0068,ROOM001405,PROMO00433,2025-03-16,2025-05-01,2025-05-05,2,2,Booking.com,Confirmed,GBP,14000.0,10,1400.0,2268.0,14868.0,2024-01-03 11:29:02,2025-03-01 11:46:24
BOOK003466,CUST003895,HOT0183,ROOM000946,PROMO00390,2025-12-14,2025-12-28,2025-12-30,3,2,Mobile App,Completed,INR,20000.0,15,3000.0,3060.0,20060.0,2023-08-29 17:33:21,2025-10-12 04:56:59
BOOK003467,CUST001001,HOT0095,ROOM002000,PROMO00156,2025-08-27,2025-10-08,2025-10-15,1,0,Mobile App,Completed,INR,24500.0,5,1225.0,4189.5,27464.5,2023-03-19 11:25:50,2023-07-13 01:52:32
BOOK003468,CUST999999,HOT0040,ROOM001191,PROMO00336,2026-07-14,2026-09-08,2026-09-10,1,0,Booking.com,Completed,AED,10000.0,20,2000.0,1440.0,9440.0,2021-12-30 16:24:56,2022-07-17 03:04:35
BOOK003469,CUST000346,HOT0017,ROOM001418,PROMO00001,2026-02-28,2026-04-12,2026-04-18,1,2,Travel Agent,Completed,SGD,42000.0,0,0.0,7560.0,49560.0,2020-02-21 20:24:48,2026-05-22 23:50:27
BOOK003470,CUST000537,HOT0064,ROOM001186,PROMO00226,2026-05-28,2026-07-09,2026-07-15,4,0,Walk-In,Completed,EUR,60000.0,20,12000.0,8640.0,56640.0,2023-01-10 23:35:21,2024-09-08 01:23:56
BOOK003471,CUST003050,HOT0231,ROOM000618,PROMO00197,2026-07-19,2026-09-11,2026-09-18,4,1,Walk-In,Confirmed,GBP,70000.0,15,10500.0,10710.0,70210.0,2020-10-27 12:18:03,2021-07-23 17:47:58
BOOK003472,CUST002160,HOT0128,ROOM000943,PROMO00368,2025-06-10,2025-08-01,2025-08-08,1,0,Expedia,Cancelled,AED,70000.0,0,0.0,12600.0,82600.0,2024-10-26 22:06:55,2026-05-07 13:37:01
BOOK003473,CUST000387,HOT0118,ROOM000910,PROMO00462,2025-10-13,2025-11-03,2025-11-10,1,0,Booking.com,No Show,AED,35000.0,15,5250.0,5355.0,35105.0,2026-01-15 05:57:32,2026-02-20 07:16:52
BOOK003474,CUST002036,HOT0040,ROOM001559,PROMO00381,2026-02-17,2026-04-08,2026-04-11,1,0,Mobile App,Confirmed,SGD,30000.0,15,4500.0,4590.0,30090.0,2022-04-28 09:04:00,2026-01-05 15:29:02
BOOK003475,CUST001904,HOT0063,ROOM001898,PROMO00312,2025-08-01,2025-09-10,2025-09-17,2,2,Expedia,Completed,GBP,35000.0,5,1750.0,5985.0,39235.0,2020-08-18 20:30:46,2021-12-14 00:54:38
BOOK003476,CUST004621,HOT0177,ROOM001471,PROMO00492,2025-07-22,2025-08-11,2025-08-17,4,1,Website,Completed,USD,21000.0,20,4200.0,3024.0,19824.0,2023-12-10 19:08:51,2025-09-27 15:39:39
BOOK003477,CUST001920,HOT0165,ROOM000984,PROMO00193,2026-01-31,2026-02-16,2026-02-18,1,2,Website,Completed,EUR,10000.0,10,1000.0,1620.0,10620.0,2024-04-04 03:31:20,2026-06-23 08:04:11
BOOK003478,CUST003567,HOT0173,ROOM000345,PROMO00335,2025-02-28,2025-04-05,2025-04-12,2,0,Booking.com,Completed,AED,70000.0,0,0.0,12600.0,82600.0,2024-05-23 01:43:38,2026-03-18 19:50:51
BOOK003479,CUST003499,HOT0124,ROOM000704,PROMO00397,2025-03-29,2025-04-19,2025-04-21,2,0,Travel Agent,Completed,AED,5000.0,0,0.0,900.0,5900.0,2025-09-02 03:33:14,2026-02-06 01:04:49
BOOK003480,CUST002746,HOT0219,ROOM000508,PROMO00037,2025-09-28,2025-11-11,2025-11-17,2,0,Walk-In,No Show,GBP,30000.0,10,3000.0,4860.0,31860.0,2022-11-02 10:51:02,2023-06-14 07:22:11
BOOK003481,CUST001073,HOT0081,ROOM000120,PROMO00166,2024-12-20,2025-02-11,2025-02-12,2,2,Booking.com,Completed,GBP,2500.0,5,125.0,427.5,2802.5,2025-03-09 21:19:09,2025-12-09 18:33:48
BOOK003482,CUST002705,HOT0044,ROOM001969,PROMO00406,2025-09-06,2025-10-16,2025-10-18,2,1,Website,Completed,USD,7000.0,0,0.0,1260.0,8260.0,2024-02-22 19:12:30,2026-02-26 18:04:33
BOOK003483,CUST004634,HOT0001,ROOM001997,PROMO00169,2025-09-17,2025-09-22,2025-09-23,1,0,Website,Completed,GBP,2500.0,10,250.0,405.0,2655.0,2022-02-06 12:21:39,2022-07-25 21:07:22
BOOK003484,CUST000679,HOT0061,ROOM001254,PROMO00273,2025-09-05,2025-10-09,2025-10-16,4,1,Expedia,Cancelled,GBP,105000.0,20,21000.0,15120.0,99120.0,2025-12-22 21:07:53,2025-12-23 00:54:56
BOOK003485,CUST003081,HOT0167,ROOM000936,PROMO00397,2025-08-30,2025-09-14,2025-09-15,4,1,Travel Agent,Completed,INR,5000.0,0,0.0,900.0,5900.0,2022-11-28 20:30:51,2023-06-16 12:15:37
BOOK003486,CUST003390,HOT0092,ROOM000095,PROMO00071,2025-08-14,2025-09-29,2025-10-03,2,1,Walk-In,Confirmed,EUR,20000.0,15,3000.0,3060.0,20060.0,2023-01-17 11:49:18,2024-04-16 14:57:02
BOOK003487,CUST001611,HOT0157,ROOM000240,PROMO00298,2025-05-24,2025-06-11,2025-06-15,2,2,Walk-In,Completed,USD,20000.0,5,1000.0,3420.0,22420.0,2022-11-24 23:38:25,2024-01-29 10:08:30
BOOK003488,CUST000564,HOT0110,ROOM001228,PROMO00461,2025-08-05,2025-09-03,2025-09-06,4,1,Expedia,Completed,EUR,45000.0,5,2250.0,7695.0,50445.0,2023-05-18 14:18:01,2025-11-21 22:43:40
BOOK003489,CUST001988,HOT0026,ROOM001738,PROMO00009,2024-10-03,2024-11-23,2024-11-28,4,1,Travel Agent,Completed,,35000.0,10,3500.0,5670.0,37170.0,2021-08-19 20:53:18,2024-02-18 07:02:41
BOOK003490,CUST001247,HOT0163,ROOM001175,PROMO00440,2026-04-30,2026-05-01,2026-05-05,3,0,Mobile App,Completed,USD,40000.0,10,4000.0,6480.0,42480.0,2025-10-03 23:47:45,2026-06-22 10:10:39
BOOK003491,CUST003379,HOT0168,ROOM000419,PROMO00460,2026-04-03,2026-05-08,2026-05-10,1,1,Website,Completed,EUR,10000.0,5,500.0,1710.0,11210.0,2023-07-31 21:48:19,2024-05-12 20:07:57
BOOK003492,CUST000019,HOT0026,ROOM001956,PROMO00356,2024-12-15,2025-02-08,2025-02-13,3,1,Expedia,Completed,EUR,12500.0,10,1250.0,2025.0,13275.0,2021-04-01 17:05:44,2023-08-30 21:28:57
BOOK003493,CUST002092,HOT0021,ROOM000320,PROMO00455,2026-04-06,2026-05-02,2026-05-07,2,2,Walk-In,Completed,GBP,50000.0,0,0.0,9000.0,59000.0,2025-09-05 15:52:12,2026-01-08 19:43:03
BOOK003494,CUST002421,HOT0183,ROOM000052,PROMO00383,2026-07-18,2026-08-08,2026-08-10,3,0,Travel Agent,Completed,AED,14000.0,20,2800.0,2016.0,13216.0,2024-08-17 09:49:41,2026-04-07 18:29:33
BOOK003495,CUST004361,HOT0014,ROOM001872,PROMO00113,2025-06-18,2025-07-28,2025-08-02,4,0,Mobile App,Completed,GBP,17500.0,10,1750.0,2835.0,18585.0,2025-09-17 14:52:55,2025-09-20 03:13:54
BOOK003496,CUST000501,HOT0115,ROOM001319,PROMO00075,2025-12-02,2026-01-28,2026-01-30,4,1,Mobile App,Cancelled,USD,20000.0,15,3000.0,3060.0,20060.0,2025-04-03 03:19:54,2026-06-15 12:47:03
BOOK003497,CUST004716,HOT0242,ROOM001484,PROMO00370,2025-08-25,2025-09-15,2025-09-22,4,1,Expedia,Completed,INR,70000.0,10,7000.0,11340.0,74340.0,2021-12-09 22:08:34,2025-10-09 17:46:32
BOOK003498,CUST003962,HOT0179,ROOM001733,PROMO00159,2025-12-08,2025-12-26,2025-12-30,4,1,Mobile App,Completed,EUR,40000.0,0,0.0,7200.0,47200.0,2026-03-17 11:44:46,2026-06-19 08:13:16
BOOK003499,CUST001728,HOT0088,ROOM000031,PROMO00220,2026-01-28,2026-03-20,2026-03-27,2,0,Website,Cancelled,AED,49000.0,20,9800.0,7056.0,46256.0,2025-09-13 15:12:39,2026-05-31 23:54:27
BOOK003500,CUST001521,HOT0032,ROOM000310,PROMO00440,2025-02-24,2025-03-11,2025-03-14,2,0,Expedia,Completed,GBP,10500.0,15,1575.0,1606.5,10531.5,2020-04-22 07:03:38,2021-11-16 13:39:15
BOOK003501,CUST003308,HOT0108,ROOM001491,PROMO00454,2024-10-16,2024-11-30,2024-12-01,2,2,Travel Agent,Completed,USD,3500.0,20,700.0,504.0,3304.0,2026-05-23 09:05:26,2026-05-28 22:24:32
BOOK003502,CUST004937,HOT0227,ROOM001149,PROMO00474,2025-06-25,2025-07-16,2025-07-23,4,1,Walk-In,Confirmed,EUR,17500.0,15,2625.0,2677.5,17552.5,2022-04-03 12:09:00,2024-06-03 23:50:34
BOOK003503,CUST000047,HOT0192,ROOM001903,PROMO00423,2026-07-03,2026-08-26,2026-08-28,3,0,Expedia,Cancelled,USD,5000.0,0,0.0,900.0,5900.0,2025-06-12 13:44:23,2025-07-11 18:46:19
BOOK003504,CUST004372,HOT0051,ROOM001279,PROMO00033,2024-11-18,2024-12-07,2024-12-09,4,2,Mobile App,Confirmed,USD,7000.0,15,1050.0,1071.0,7021.0,2021-08-29 13:33:21,2025-09-07 04:33:28
BOOK003505,CUST001739,HOT0074,ROOM000001,PROMO00267,2025-11-28,2025-12-08,2025-12-13,3,2,Expedia,Completed,INR,75000.0,5,3750.0,12825.0,84075.0,2025-08-11 01:39:58,2026-04-21 09:31:04
BOOK003506,CUST002928,HOT0030,ROOM001924,PROMO00281,2025-06-29,2025-08-26,2025-08-31,2,0,Walk-In,Completed,SGD,12500.0,5,625.0,2137.5,14012.5,2026-05-29 01:50:24,2026-06-08 20:23:07
BOOK003507,CUST001444,HOT0240,ROOM001672,PROMO00227,2026-05-29,2026-07-14,2026-07-19,1,2,Walk-In,Completed,INR,17500.0,0,0.0,3150.0,20650.0,2026-03-09 16:16:15,2026-07-24 02:51:21
BOOK003508,CUST000661,HOT0145,ROOM001736,PROMO00463,2026-07-09,2026-08-06,2026-08-12,1,0,Travel Agent,Cancelled,USD,15000.0,0,0.0,2700.0,-17700.0,2021-09-14 03:21:50,2025-02-16 21:20:34
BOOK003509,CUST000870,HOT0229,ROOM000343,PROMO00232,2024-08-26,2024-09-09,2024-09-13,4,1,Booking.com,Confirmed,INR,10000.0,5,500.0,1710.0,11210.0,2024-10-15 11:01:58,2026-03-25 04:58:37
BOOK003510,CUST004548,HOT0236,ROOM001535,PROMO00154,2025-03-02,2025-03-26,2025-03-29,2,2,Walk-In,Completed,USD,45000.0,20,9000.0,6480.0,42480.0,2022-08-23 19:46:13,2023-03-28 16:52:15
BOOK003511,CUST003462,HOT0222,ROOM000572,PROMO00421,2024-12-27,2025-02-25,2025-02-27,2,2,Travel Agent,Completed,AED,14000.0,15,2100.0,2142.0,14042.0,2025-08-30 07:02:47,2025-09-19 11:57:03
BOOK003512,CUST003626,HOT0077,ROOM001732,PROMO00225,2025-08-12,2025-08-17,2025-08-21,2,2,Website,Completed,INR,28000.0,0,0.0,5040.0,33040.0,2022-03-08 18:07:25,2025-08-17 10:31:47
BOOK003513,CUST001059,HOT0135,ROOM000292,PROMO00326,2025-04-11,2025-05-17,2025-05-19,3,1,Walk-In,No Show,EUR,20000.0,5,1000.0,3420.0,22420.0,2023-03-22 01:16:06,2025-04-06 19:02:22
BOOK003514,CUST001564,HOT0203,ROOM000657,PROMO00059,2026-03-23,2026-04-18,2026-04-25,2,0,Travel Agent,Completed,USD,24500.0,0,0.0,4410.0,28910.0,2020-02-13 19:29:00,2020-04-07 17:53:17
BOOK003515,CUST000157,HOT0097,ROOM000890,PROMO00151,2026-02-23,2026-04-20,2026-04-23,1,2,Travel Agent,Completed,USD,7500.0,15,1125.0,1147.5,7522.5,2023-01-28 04:06:46,2025-06-02 03:10:17
BOOK003516,CUST004288,HOT0111,ROOM000573,PROMO00038,2024-08-11,2024-09-12,2024-09-17,4,1,Mobile App,Completed,EUR,12500.0,10,1250.0,2025.0,13275.0,2025-04-26 19:07:29,2025-10-06 12:41:46
BOOK003517,CUST004112,HOT0121,ROOM001668,PROMO00254,2026-06-09,2026-07-25,2026-07-26,1,1,Website,Completed,USD,2500.0,0,0.0,450.0,2950.0,2020-01-29 00:08:20,2026-01-10 07:01:19
BOOK003518,CUST004421,HOT0158,ROOM000268,PROMO00118,2026-02-25,2026-02-26,2026-03-02,1,2,Website,Completed,GBP,60000.0,15,9000.0,9180.0,60180.0,2021-11-24 15:32:18,2023-08-25 10:41:12
BOOK003519,CUST000854,HOT0164,ROOM000985,PROMO00070,2026-02-19,2026-02-20,2026-02-24,3,0,Website,Confirmed,GBP,28000.0,10,2800.0,4536.0,29736.0,2025-02-17 23:32:29,2026-04-14 21:12:00
BOOK003520,CUST003779,HOT0222,ROOM001157,PROMO00345,2025-09-11,2025-10-14,2025-10-16,2,2,Walk-In,Cancelled,SGD,30000.0,5,1500.0,5130.0,33630.0,2021-03-26 03:28:35,2024-09-19 20:33:02
BOOK003521,CUST003944,HOT0071,ROOM000183,PROMO00268,2025-05-23,2025-07-01,2025-07-05,1,1,Expedia,Completed,GBP,28000.0,0,0.0,5040.0,33040.0,2024-01-22 03:12:20,2025-06-08 04:01:15
BOOK003522,CUST000805,HOT0166,ROOM000696,PROMO00090,2026-02-02,2026-02-04,2026-02-09,3,2,Travel Agent,Completed,USD,50000.0,5,2500.0,8550.0,56050.0,2020-10-07 19:54:09,2026-01-30 22:48:43
BOOK003523,CUST000858,HOT0106,ROOM000743,PROMO00168,2025-08-17,2025-08-28,2025-09-01,2,2,Expedia,Confirmed,SGD,40000.0,10,4000.0,6480.0,42480.0,2021-12-08 16:17:41,2022-06-21 08:09:10
BOOK003524,CUST004636,HOT0050,ROOM001952,PROMO00162,2024-12-05,2025-01-17,2025-01-19,1,2,Booking.com,Completed,USD,5000.0,15,750.0,765.0,5015.0,2020-03-14 06:45:57,2020-07-14 00:21:03
BOOK003525,CUST001460,HOT0200,ROOM001353,PROMO00480,2025-02-28,2025-03-05,2025-03-07,3,2,Website,Completed,EUR,30000.0,5,1500.0,5130.0,33630.0,2023-02-24 15:14:26,2024-10-23 16:18:50
BOOK003526,CUST001899,HOT0048,ROOM001545,PROMO00297,2026-04-21,2026-05-10,2026-05-12,2,2,Website,Completed,SGD,5000.0,20,1000.0,720.0,4720.0,2022-07-10 01:07:37,2022-11-11 03:33:36
BOOK003527,CUST002903,HOT0050,ROOM001952,PROMO00150,2025-03-12,2025-04-11,2025-04-16,3,0,Booking.com,Cancelled,AED,12500.0,10,1250.0,2025.0,13275.0,2025-02-14 11:27:34,2026-06-22 05:19:38
BOOK003528,CUST000337,HOT0125,ROOM001475,PROMO00425,2026-01-20,2026-03-16,2026-03-17,2,0,Booking.com,Completed,AED,7000.0,0,0.0,1260.0,-8260.0,2022-06-09 15:17:58,2022-06-15 13:42:44
BOOK003529,CUST002850,HOT0193,ROOM000734,PROMO00076,2025-01-14,2025-01-23,2025-01-25,3,2,Mobile App,Completed,SGD,7000.0,10,700.0,1134.0,7434.0,2022-12-13 05:01:51,2026-06-07 05:14:50
BOOK003530,CUST002139,HOT0232,ROOM000600,PROMO00027,2025-05-13,2025-06-27,2025-06-28,1,1,Walk-In,Completed,SGD,2500.0,5,125.0,427.5,2802.5,2025-08-27 22:22:25,2025-09-11 17:06:43
BOOK003531,CUST001003,HOT0014,ROOM001872,PROMO00463,2025-11-03,2025-11-06,2025-11-08,3,0,Mobile App,Confirmed,SGD,7000.0,10,700.0,1134.0,7434.0,2022-11-10 00:32:39,2025-12-10 07:56:10
BOOK003532,CUST000691,HOT0051,ROOM001870,PROMO00328,2025-06-09,2025-08-01,2025-08-07,3,2,Mobile App,Completed,SGD,30000.0,20,6000.0,4320.0,28320.0,2025-01-27 19:30:30,2026-04-27 10:33:34
BOOK003533,CUST003061,HOT0036,ROOM001998,PROMO00473,2025-06-01,2025-07-04,2025-07-06,4,0,Expedia,Confirmed,SGD,14000.0,10,1400.0,2268.0,14868.0,2022-07-04 13:49:23,2022-12-24 20:04:26
BOOK003534,CUST002722,HOT0155,ROOM001041,PROMO00313,2025-09-06,2025-09-17,2025-09-23,1,0,Mobile App,Cancelled,EUR,42000.0,10,4200.0,6804.0,44604.0,2021-09-28 00:19:04,2024-10-28 01:42:58
BOOK003535,CUST001327,HOT0116,ROOM000727,PROMO00491,2025-08-14,2025-09-17,2025-09-23,4,2,Booking.com,Completed,INR,15000.0,10,1500.0,2430.0,15930.0,2025-06-16 05:21:24,2025-07-08 05:21:41
BOOK003536,CUST000609,HOT0205,ROOM000383,PROMO00280,2024-11-10,2024-12-11,2024-12-18,4,0,Booking.com,Completed,USD,17500.0,15,2625.0,2677.5,17552.5,2025-09-25 04:22:02,2026-05-16 01:37:06
BOOK003537,CUST004417,HOT0199,ROOM000242,PROMO00473,2025-01-31,2025-03-31,2025-04-07,4,2,Travel Agent,No Show,AED,70000.0,0,0.0,12600.0,82600.0,2025-09-26 06:38:20,2026-06-08 03:30:41
BOOK003538,CUST004356,HOT0170,ROOM001197,PROMO00275,2025-07-25,2025-09-02,2025-09-04,2,0,Walk-In,Completed,INR,5000.0,0,0.0,900.0,5900.0,2023-04-02 08:22:09,2025-03-30 20:52:50
BOOK003539,CUST002663,HOT0214,ROOM000142,PROMO00187,2025-08-26,2025-10-14,2025-10-20,3,2,Walk-In,Confirmed,GBP,21000.0,15,3150.0,3213.0,21063.0,2020-10-16 07:20:35,2022-12-04 03:12:55
BOOK003540,CUST002233,HOT0058,ROOM000885,PROMO00255,2026-06-03,2026-07-25,2026-07-26,1,2,Mobile App,Cancelled,INR,2500.0,0,0.0,450.0,2950.0,2024-05-27 19:38:36,2026-05-29 11:01:58
BOOK003541,CUST004820,HOT0247,ROOM001606,PROMO00431,2025-11-05,2025-12-12,2025-12-19,4,1,Booking.com,Cancelled,GBP,105000.0,15,15750.0,16065.0,105315.0,2025-06-04 01:41:42,2026-04-07 14:31:02
BOOK003542,CUST003185,HOT0124,ROOM001080,PROMO00482,2025-10-09,2025-10-27,2025-11-03,2,1,Booking.com,Completed,GBP,35000.0,15,5250.0,5355.0,35105.0,2022-02-12 01:12:58,2025-10-02 02:41:03
BOOK003543,CUST003561,HOT0049,ROOM000440,PROMO00485,2024-12-24,2025-01-12,2025-01-15,2,1,Travel Agent,Completed,GBP,15000.0,5,750.0,2565.0,16815.0,2022-07-23 13:03:10,2025-02-05 08:40:45
BOOK003544,CUST003483,HOT0181,ROOM000235,PROMO00151,2026-05-03,2026-05-31,2026-06-06,1,1,Website,No Show,SGD,15000.0,5,750.0,2565.0,16815.0,2020-06-03 10:36:34,2024-09-26 17:09:25
BOOK003545,CUST004738,HOT0218,ROOM001767,PROMO00059,2025-06-02,2025-06-20,2025-06-25,4,1,Mobile App,Completed,AED,75000.0,0,0.0,13500.0,88500.0,2021-05-22 04:53:28,2025-07-09 20:59:12
BOOK003546,CUST003415,HOT0125,ROOM001475,PROMO00132,2025-09-29,2025-10-18,2025-10-21,4,1,Travel Agent,Completed,INR,21000.0,20,4200.0,3024.0,19824.0,2020-03-16 18:46:53,2021-08-11 20:05:35
BOOK003547,CUST004339,HOT0035,ROOM000872,PROMO00433,2025-06-06,2025-07-10,2025-07-15,1,2,Walk-In,Cancelled,SGD,17500.0,15,2625.0,2677.5,17552.5,2021-11-28 03:41:02,2025-05-16 01:54:04
BOOK003548,CUST004972,HOT0175,ROOM001942,PROMO00257,2026-02-11,2026-03-21,2026-03-23,3,0,Expedia,No Show,INR,7000.0,5,350.0,1197.0,7847.0,2024-06-25 07:09:13,2026-07-23 04:07:59
BOOK003549,CUST004115,HOT0021,ROOM000871,PROMO00012,2024-08-28,2024-09-02,2024-09-03,4,2,Booking.com,Completed,AED,10000.0,15,1500.0,1530.0,10030.0,2024-10-28 17:47:59,2026-03-21 18:06:19
BOOK003550,CUST003263,HOT0143,ROOM001047,PROMO00400,2025-05-02,2025-06-12,2025-06-18,3,2,Expedia,Completed,SGD,60000.0,10,6000.0,9720.0,63720.0,2020-11-23 13:02:15,2022-09-18 03:37:00
BOOK003551,CUST003463,HOT0092,ROOM000590,PROMO00173,2024-08-29,2024-09-03,2024-09-04,2,2,Booking.com,Confirmed,GBP,3500.0,0,0.0,630.0,4130.0,2020-09-01 18:29:11,2025-02-09 07:38:45
BOOK003552,CUST003731,HOT0216,ROOM001362,PROMO00243,2025-04-25,2025-06-18,2025-06-25,3,0,Walk-In,Cancelled,INR,24500.0,5,1225.0,4189.5,27464.5,2022-08-30 19:53:19,2024-09-04 14:18:24
BOOK003553,CUST001881,HOT0215,ROOM001079,PROMO00403,2025-04-02,2025-04-17,2025-04-20,4,1,Travel Agent,Confirmed,EUR,21000.0,5,1050.0,3591.0,23541.0,2024-05-06 20:39:38,2024-09-06 13:31:39
BOOK003554,CUST001601,HOT0218,ROOM001468,PROMO00365,2026-02-14,2026-03-04,2026-03-08,1,2,Website,Completed,EUR,14000.0,10,1400.0,2268.0,14868.0,2023-06-13 02:42:47,2024-10-27 17:33:41
BOOK003555,CUST004801,HOT0091,ROOM000760,PROMO00277,2025-07-27,2025-09-19,2025-09-22,4,0,Mobile App,Completed,EUR,7500.0,15,1125.0,1147.5,7522.5,2021-08-14 11:47:20,2025-09-26 22:33:20
BOOK003556,CUST001364,HOT0109,ROOM000581,PROMO00013,2026-07-23,2026-09-10,2026-09-17,4,0,Mobile App,Completed,EUR,24500.0,0,0.0,4410.0,28910.0,2022-06-06 00:25:38,2023-12-31 22:34:52
BOOK003557,CUST002752,HOT0128,ROOM000873,PROMO00422,2025-08-12,2025-09-13,2025-09-15,3,2,Booking.com,Cancelled,AED,10000.0,15,1500.0,1530.0,10030.0,2022-02-15 16:46:05,2024-03-31 03:30:36
BOOK003558,CUST000216,HOT0179,ROOM001733,PROMO00189,2025-05-08,2025-06-19,2025-06-23,2,2,Expedia,Completed,EUR,40000.0,15,6000.0,6120.0,40120.0,2026-07-02 00:19:53,2026-07-12 11:56:45
BOOK003559,CUST001075,HOT0180,ROOM000865,PROMO00017,2024-09-18,2024-10-17,2024-10-21,3,1,Travel Agent,Cancelled,USD,14000.0,15,2100.0,2142.0,14042.0,2021-02-09 22:50:20,2024-05-11 06:51:35
BOOK003560,CUST001063,HOT0093,ROOM001201,PROMO00015,2025-09-15,2025-09-20,2025-09-27,1,0,Walk-In,Completed,USD,49000.0,5,2450.0,8379.0,54929.0,2021-09-04 06:41:33,2023-05-11 15:49:13
BOOK003561,CUST002477,HOT0230,ROOM000662,PROMO00492,2025-09-15,2025-11-07,2025-11-13,2,0,Website,Cancelled,AED,90000.0,20,18000.0,12960.0,84960.0,2022-10-09 10:17:11,2024-12-08 17:45:52
BOOK003562,CUST004642,HOT0136,ROOM000334,PROMO00206,2026-05-16,2026-05-21,2026-05-24,4,2,Website,Completed,EUR,30000.0,10,3000.0,4860.0,31860.0,2026-05-08 04:25:00,2026-05-22 01:42:55
BOOK003563,CUST002235,HOT0049,ROOM000440,PROMO00287,2024-10-20,2024-12-09,2024-12-16,4,0,Mobile App,Completed,GBP,35000.0,0,0.0,6300.0,41300.0,2023-04-19 07:57:57,2024-07-22 23:19:07
BOOK003564,CUST000788,HOT0203,ROOM001406,PROMO00282,2024-09-26,2024-10-15,2024-10-17,4,1,Booking.com,Completed,USD,10000.0,15,1500.0,1530.0,10030.0,2025-09-23 07:56:08,2026-04-22 06:57:12
BOOK003565,CUST000664,HOT0118,ROOM000414,PROMO00248,2026-04-10,2026-05-29,2026-06-05,3,1,Expedia,Completed,USD,24500.0,5,1225.0,4189.5,27464.5,2021-06-06 07:34:45,2026-05-11 20:20:36
BOOK003566,CUST004376,HOT0111,ROOM000958,PROMO00237,2025-01-07,2025-03-02,2025-03-08,2,2,Website,Completed,,42000.0,5,2100.0,7182.0,47082.0,2026-03-13 07:07:34,2026-03-30 04:09:07
BOOK003567,CUST003454,HOT0047,ROOM000058,PROMO00467,2026-06-11,2026-06-22,2026-06-23,2,2,Website,Completed,SGD,5000.0,15,750.0,765.0,5015.0,2024-03-29 21:11:19,2024-07-31 05:04:52
BOOK003568,CUST000259,HOT0213,ROOM001785,PROMO00116,2025-10-20,2025-11-01,2025-11-06,3,2,Booking.com,Completed,USD,75000.0,0,0.0,13500.0,88500.0,2021-06-27 05:36:25,2024-11-01 05:38:30
BOOK003569,CUST000986,HOT0155,ROOM000750,PROMO00412,2024-08-05,2024-09-07,2024-09-08,3,2,Website,Cancelled,USD,15000.0,5,750.0,2565.0,16815.0,2025-09-13 15:58:14,2026-07-16 14:04:37
BOOK003570,CUST004651,HOT0247,ROOM001606,PROMO00468,2024-12-09,2025-02-04,2025-02-06,2,1,Travel Agent,Cancelled,USD,30000.0,0,0.0,5400.0,35400.0,2022-09-13 18:53:32,2023-03-01 17:24:00
BOOK003571,CUST000832,HOT0048,ROOM001545,PROMO00142,2024-09-03,2024-11-01,2024-11-06,3,1,Walk-In,Completed,GBP,12500.0,15,1875.0,1912.5,12537.5,2023-11-05 05:04:21,2025-07-13 18:17:08
BOOK003572,CUST003246,HOT0176,ROOM001999,PROMO00331,2025-09-12,2025-11-03,2025-11-07,1,2,Expedia,Confirmed,SGD,20000.0,5,1000.0,3420.0,22420.0,2024-08-17 10:55:45,2026-03-23 15:52:15
BOOK003573,CUST004607,HOT0031,ROOM001970,PROMO00464,2025-05-08,2025-06-04,2025-06-11,2,1,Booking.com,Completed,,24500.0,15,3675.0,3748.5,24573.5,2021-06-04 08:59:49,2023-07-21 15:06:54
BOOK003574,CUST003153,HOT0062,ROOM000330,PROMO00293,2024-09-15,2024-10-15,2024-10-16,3,2,Travel Agent,Completed,AED,10000.0,20,2000.0,1440.0,9440.0,2024-06-24 14:50:29,2025-11-29 03:51:29
BOOK003575,CUST003757,HOT0108,ROOM000348,PROMO00335,2026-06-25,2026-08-18,2026-08-22,3,0,Website,Completed,EUR,28000.0,0,0.0,5040.0,33040.0,2025-01-11 21:44:07,2025-08-04 02:47:55
BOOK003576,CUST002876,HOT0092,ROOM001482,PROMO00027,2025-01-12,2025-03-13,2025-03-19,3,2,Mobile App,Cancelled,AED,15000.0,20,3000.0,2160.0,14160.0,2020-04-20 13:15:21,2022-06-04 21:02:09
BOOK003577,CUST003785,HOT0153,ROOM000846,PROMO00230,2026-07-03,2026-07-26,2026-07-29,1,1,Travel Agent,Completed,AED,10500.0,20,2100.0,1512.0,9912.0,2020-01-15 09:44:36,2023-04-10 02:23:41
BOOK003578,CUST004940,HOT0171,ROOM000459,PROMO00025,2026-05-24,2026-07-12,2026-07-14,1,0,Expedia,Completed,SGD,5000.0,10,500.0,810.0,5310.0,2021-03-24 18:00:28,2022-09-15 11:51:11
BOOK003579,CUST001917,HOT0045,ROOM000346,PROMO00278,2026-04-01,2026-05-02,2026-05-03,2,2,Walk-In,Completed,EUR,3500.0,0,0.0,630.0,4130.0,2024-02-21 13:51:19,2024-07-25 08:13:10
BOOK003580,CUST004903,HOT0065,ROOM001669,PROMO00076,2025-03-25,2025-05-06,2025-05-07,2,1,Mobile App,Completed,USD,15000.0,0,0.0,2700.0,17700.0,2023-09-26 02:00:12,2024-11-29 15:31:48
BOOK003581,CUST001723,HOT0193,ROOM001031,PROMO00483,2026-06-21,2026-07-23,2026-07-29,4,2,Booking.com,Completed,EUR,15000.0,10,1500.0,2430.0,15930.0,2021-12-28 05:53:15,2023-12-10 19:15:22
BOOK003582,CUST004909,HOT0172,ROOM001974,PROMO00437,2026-01-16,2026-02-11,2026-02-12,1,1,Expedia,Completed,SGD,2500.0,20,500.0,360.0,2360.0,2021-01-30 20:09:28,2021-08-16 14:19:47
BOOK003583,CUST003036,HOT0102,ROOM001609,PROMO00045,2025-04-21,2025-04-26,2025-05-01,3,2,Expedia,Confirmed,USD,50000.0,20,10000.0,7200.0,47200.0,2021-11-30 12:40:32,2023-07-01 07:46:15
BOOK003584,CUST001917,HOT0066,ROOM001622,PROMO00280,2025-08-05,2025-08-23,2025-08-26,2,2,Website,Completed,AED,10500.0,10,1050.0,1701.0,11151.0,2024-02-13 07:42:39,2025-07-22 08:55:35
BOOK003585,CUST001961,HOT0186,ROOM001628,PROMO00459,2025-08-20,2025-09-11,2025-09-17,4,0,Travel Agent,Confirmed,INR,42000.0,10,4200.0,6804.0,44604.0,2022-06-02 12:45:00,2023-02-04 15:54:14
BOOK003586,CUST003234,HOT0230,ROOM000259,PROMO00462,2026-06-12,2026-06-21,2026-06-25,4,1,Travel Agent,Completed,INR,40000.0,5,2000.0,6840.0,44840.0,2022-07-31 06:56:24,2025-03-23 01:41:18
BOOK003587,CUST000885,HOT0016,ROOM000764,PROMO00157,2025-05-02,2025-05-17,2025-05-22,4,1,Mobile App,Completed,INR,25000.0,15,3750.0,3825.0,25075.0,2023-06-13 22:12:14,2024-09-22 19:44:34
BOOK003588,CUST003576,HOT0124,ROOM001012,PROMO00342,2024-10-10,2024-10-17,2024-10-20,1,2,Mobile App,Cancelled,GBP,21000.0,5,1050.0,3591.0,23541.0,2025-09-08 22:32:25,2025-10-13 02:16:12
BOOK003589,CUST004442,HOT0240,ROOM001229,PROMO00275,2024-10-10,2024-10-13,2024-10-20,1,0,Mobile App,Completed,GBP,49000.0,15,7350.0,7497.0,49147.0,2024-06-16 20:20:51,2025-07-26 06:58:37
BOOK003590,CUST001186,HOT0114,ROOM000989,PROMO00244,2025-08-26,2025-09-19,2025-09-24,2,1,Travel Agent,Completed,INR,75000.0,20,15000.0,10800.0,70800.0,2024-09-15 08:38:17,2025-10-26 01:23:33
BOOK003591,CUST001902,HOT0027,ROOM000628,PROMO00106,2024-10-17,2024-12-11,2024-12-16,2,1,Travel Agent,Completed,AED,50000.0,0,0.0,9000.0,59000.0,2023-01-03 01:41:22,2023-09-28 07:46:00
BOOK003592,CUST002877,HOT0109,ROOM000027,PROMO00435,2025-08-24,2025-09-06,2025-09-10,1,2,Website,Confirmed,USD,40000.0,0,0.0,7200.0,47200.0,2021-06-27 00:01:44,2023-10-24 00:35:48
BOOK003593,CUST004194,HOT0103,ROOM000373,PROMO00284,2026-07-10,2026-08-21,2026-08-25,2,0,Expedia,Cancelled,USD,60000.0,15,9000.0,9180.0,60180.0,2026-06-16 05:30:23,2026-06-18 20:41:02
BOOK003594,CUST000610,HOT0026,ROOM000148,PROMO00049,2026-01-12,2026-02-09,2026-02-10,3,1,Expedia,Confirmed,AED,7000.0,0,0.0,1260.0,8260.0,2025-06-01 18:50:24,2026-01-26 06:45:56
BOOK003595,CUST001705,HOT0138,ROOM000006,PROMO00263,2025-06-21,2025-07-19,2025-07-25,1,0,Website,Completed,AED,42000.0,5,2100.0,7182.0,47082.0,2023-03-13 00:01:54,2025-05-13 03:25:41
BOOK003596,CUST002979,HOT0067,ROOM001379,PROMO00275,2026-07-10,2026-07-28,2026-07-30,2,2,Booking.com,Completed,USD,10000.0,0,0.0,1800.0,11800.0,2022-10-03 21:58:04,2025-09-12 13:45:52
BOOK003597,CUST000455,HOT0127,ROOM001670,PROMO00017,2025-06-22,2025-06-25,2025-06-27,2,0,Travel Agent,Cancelled,INR,5000.0,5,250.0,855.0,5605.0,2020-05-27 05:12:18,2020-06-23 19:37:11
BOOK003598,CUST000791,HOT0043,ROOM001303,PROMO00324,2025-02-17,2025-04-03,2025-04-04,2,1,Website,Confirmed,GBP,3500.0,20,700.0,504.0,3304.0,2024-10-05 03:42:55,2025-09-07 20:22:22
BOOK003599,CUST003985,HOT0230,ROOM000019,PROMO00448,2024-11-13,2024-11-18,2024-11-22,1,1,Travel Agent,Completed,INR,40000.0,10,4000.0,6480.0,42480.0,2021-10-05 13:49:06,2026-04-19 09:26:39
BOOK003600,CUST001573,HOT0019,ROOM000641,PROMO00486,2025-04-06,2025-05-07,2025-05-09,2,2,Mobile App,Cancelled,GBP,30000.0,10,3000.0,4860.0,31860.0,2022-02-19 02:24:01,2024-08-02 06:55:03
BOOK003601,CUST004599,HOT0162,ROOM001084,PROMO00489,2025-04-07,2025-04-24,2025-04-30,4,1,Expedia,Cancelled,EUR,15000.0,10,1500.0,2430.0,15930.0,2024-09-15 14:42:11,2025-05-08 08:30:23
BOOK003602,CUST000548,HOT0082,ROOM001317,PROMO00321,2025-07-17,2025-08-09,2025-08-14,2,2,Walk-In,Confirmed,GBP,17500.0,10,1750.0,2835.0,18585.0,2023-04-20 05:35:21,2025-05-31 13:11:08
BOOK003603,CUST003131,HOT0206,ROOM001864,PROMO00115,2026-04-06,2026-05-01,2026-05-08,3,1,Booking.com,Completed,USD,49000.0,15,7350.0,7497.0,49147.0,2025-12-09 01:33:28,2026-01-04 11:48:00
BOOK003604,CUST003319,HOT0070,ROOM001833,PROMO00198,2026-03-23,2026-04-13,2026-04-15,2,1,Travel Agent,Completed,INR,5000.0,10,500.0,810.0,5310.0,2023-06-18 16:27:21,2024-09-01 08:59:36
BOOK003605,CUST000860,HOT0158,ROOM001343,PROMO00419,2025-11-12,2025-11-16,2025-11-19,1,1,Expedia,Cancelled,INR,15000.0,10,1500.0,2430.0,15930.0,2022-09-13 03:15:39,2025-04-20 09:41:10
BOOK003606,CUST001860,HOT0211,ROOM000929,PROMO00018,2026-02-28,2026-04-08,2026-04-13,4,0,Mobile App,Cancelled,EUR,75000.0,15,11250.0,11475.0,75225.0,2020-07-22 13:39:21,2024-06-30 02:04:02
BOOK003607,CUST001633,HOT0193,ROOM000744,PROMO00168,2026-03-02,2026-03-24,2026-03-28,2,2,Travel Agent,Completed,EUR,10000.0,20,2000.0,1440.0,9440.0,2025-04-29 11:07:04,2025-06-07 14:11:26
BOOK003608,CUST001185,HOT0173,ROOM001049,PROMO00196,2026-01-05,2026-02-06,2026-02-10,3,0,Walk-In,Confirmed,USD,20000.0,10,2000.0,3240.0,21240.0,2020-04-03 21:11:04,2024-03-23 03:11:24
BOOK003609,CUST003798,HOT0227,ROOM001620,PROMO00168,2026-02-05,2026-02-12,2026-02-18,2,1,Booking.com,Completed,GBP,30000.0,20,6000.0,4320.0,28320.0,2025-04-20 01:47:40,2026-05-24 21:33:40
BOOK003610,CUST004193,HOT0003,ROOM001347,PROMO00121,2025-03-15,2025-04-19,2025-04-23,4,2,Expedia,Completed,AED,60000.0,20,12000.0,8640.0,56640.0,2024-11-07 10:27:12,2025-03-12 06:54:53
BOOK003611,CUST002792,HOT0186,ROOM001882,PROMO00011,2024-10-24,2024-11-11,2024-11-15,2,0,Booking.com,Completed,AED,14000.0,15,2100.0,2142.0,14042.0,2021-05-22 03:37:04,2024-03-09 03:16:29
BOOK003612,CUST002052,HOT0114,ROOM000619,PROMO00268,2026-06-19,2026-08-17,2026-08-22,1,2,Travel Agent,Completed,AED,35000.0,0,0.0,6300.0,41300.0,2020-09-17 16:03:38,2022-09-03 16:15:19
BOOK003613,CUST002850,HOT0125,ROOM000858,PROMO00323,2025-11-07,2025-12-04,2025-12-07,3,1,Booking.com,Confirmed,USD,10500.0,0,0.0,1890.0,12390.0,2020-09-07 17:50:05,2023-02-09 15:33:22
BOOK003614,CUST004238,HOT0095,ROOM001386,PROMO00185,2026-03-14,2026-04-26,2026-05-02,2,2,Mobile App,Confirmed,EUR,90000.0,0,0.0,16200.0,106200.0,2022-12-14 22:22:01,2026-01-15 16:15:58
BOOK003615,CUST002188,HOT0243,ROOM000923,PROMO00140,2024-11-11,2025-01-04,2025-01-09,3,0,Expedia,Completed,SGD,50000.0,5,2500.0,8550.0,56050.0,2021-06-04 20:01:20,2026-05-02 04:05:35
BOOK003616,CUST002333,HOT0246,ROOM000785,PROMO00267,2025-09-08,2025-10-04,2025-10-07,3,1,Booking.com,Completed,GBP,21000.0,20,4200.0,3024.0,19824.0,2021-07-19 03:19:49,2026-02-14 07:54:12
BOOK003617,CUST004152,HOT0103,ROOM000054,PROMO00448,2025-03-07,2025-04-25,2025-05-02,1,2,Booking.com,Completed,AED,35000.0,0,0.0,6300.0,41300.0,2024-06-30 03:42:12,2025-05-08 22:48:43
BOOK003618,CUST001371,HOT0095,ROOM000844,PROMO00087,2026-03-07,2026-03-11,2026-03-13,2,2,Website,Completed,SGD,5000.0,10,500.0,810.0,5310.0,2021-09-21 23:35:56,2023-07-06 04:40:45
BOOK003619,CUST002954,HOT0113,ROOM000203,PROMO00298,2025-11-26,2025-12-09,2025-12-11,2,1,Booking.com,Completed,AED,20000.0,10,2000.0,3240.0,21240.0,2024-07-01 03:18:01,2026-02-14 05:23:07
BOOK003620,CUST003336,HOT0191,ROOM001240,PROMO00468,2025-12-26,2026-02-02,2026-02-08,1,1,Expedia,Completed,INR,15000.0,20,3000.0,2160.0,14160.0,2022-06-20 18:33:56,2025-07-30 02:39:19
BOOK003621,CUST000539,HOT0234,ROOM001600,PROMO00408,2025-03-09,2025-03-15,2025-03-20,2,0,Booking.com,Completed,SGD,12500.0,20,2500.0,1800.0,11800.0,2020-12-01 14:18:42,2023-12-17 17:59:45
BOOK003622,CUST000597,HOT0040,ROOM000612,PROMO00154,2025-01-14,2025-02-08,2025-02-10,2,1,Walk-In,Completed,EUR,10000.0,0,0.0,1800.0,11800.0,2024-11-30 20:38:20,2026-02-20 02:58:54
BOOK003623,CUST001674,HOT0174,ROOM001385,PROMO00404,2025-10-13,2025-11-29,2025-12-06,2,1,Walk-In,Completed,AED,105000.0,15,15750.0,16065.0,105315.0,2021-12-05 05:31:47,2023-12-19 15:01:57
BOOK003624,CUST004350,HOT0195,ROOM001917,PROMO00005,2024-09-01,2024-09-26,2024-09-30,3,1,Expedia,Completed,SGD,40000.0,15,6000.0,6120.0,40120.0,2024-08-10 21:09:32,2026-06-07 05:27:18
BOOK003625,CUST003274,HOT0034,ROOM000898,PROMO00450,2025-02-08,2025-02-22,2025-02-24,4,1,Booking.com,No Show,SGD,7000.0,15,1050.0,1071.0,7021.0,2026-02-28 07:05:17,2026-06-30 22:45:00
BOOK003626,CUST004757,HOT0199,ROOM000904,PROMO00227,2025-11-09,2025-11-24,2025-11-26,1,2,Travel Agent,Confirmed,AED,10000.0,5,500.0,1710.0,11210.0,2024-01-07 13:16:09,2025-09-09 00:29:08
BOOK003627,CUST002857,HOT0185,ROOM000747,PROMO00090,2025-09-25,2025-09-26,2025-09-27,4,1,Expedia,Completed,USD,3500.0,0,0.0,630.0,4130.0,2021-03-30 18:16:16,2023-04-22 03:42:34
BOOK003628,CUST004658,HOT0010,ROOM001820,PROMO00282,2024-09-07,2024-09-09,2024-09-15,1,0,Travel Agent,Cancelled,AED,21000.0,0,0.0,3780.0,24780.0,2023-01-23 07:39:06,2024-11-21 19:53:20
BOOK003629,CUST003656,HOT0229,ROOM000041,PROMO00169,2025-01-02,2025-01-15,2025-01-21,4,2,Booking.com,No Show,INR,30000.0,5,1500.0,5130.0,33630.0,2020-02-18 06:00:55,2021-03-29 07:51:48
BOOK003630,CUST002874,HOT0208,ROOM001054,PROMO00272,2026-01-24,2026-02-11,2026-02-16,2,1,Booking.com,Confirmed,INR,75000.0,0,0.0,13500.0,88500.0,2020-05-11 16:44:02,2024-09-17 11:07:50
BOOK003631,CUST003405,HOT0134,ROOM001591,PROMO00221,2026-05-08,2026-06-18,2026-06-20,4,1,Expedia,Completed,USD,20000.0,20,4000.0,2880.0,18880.0,2025-12-11 03:24:31,2026-05-23 17:26:24
BOOK003632,CUST003829,HOT0225,ROOM000273,PROMO00488,2025-07-04,2025-08-21,2025-08-27,1,0,Booking.com,Confirmed,INR,60000.0,5,3000.0,10260.0,67260.0,2024-09-13 00:25:28,2024-12-16 19:21:38
BOOK003633,CUST001883,HOT0025,ROOM001918,PROMO00327,2026-04-20,2026-05-27,2026-06-03,2,0,Mobile App,Completed,AED,70000.0,0,0.0,12600.0,82600.0,2022-05-12 22:32:08,2024-06-30 21:20:17
BOOK003634,CUST000908,HOT0132,ROOM000924,PROMO00399,2025-03-16,2025-04-22,2025-04-26,1,2,Walk-In,Completed,AED,10000.0,15,1500.0,1530.0,10030.0,2020-07-17 17:15:01,2023-02-25 20:12:27
BOOK003635,CUST001154,HOT0113,ROOM000721,PROMO00467,2025-02-09,2025-03-07,2025-02-09,3,2,Walk-In,Cancelled,AED,10000.0,20,2000.0,1440.0,9440.0,2023-04-13 23:56:33,2024-07-10 06:59:02
BOOK003636,CUST002931,HOT0168,ROOM000419,PROMO00316,2026-05-28,2026-06-11,2026-06-12,1,1,Booking.com,Completed,INR,5000.0,0,0.0,900.0,5900.0,2020-05-12 18:31:05,2025-12-23 11:22:33
BOOK003637,CUST000718,HOT0090,ROOM000277,PROMO00416,2026-04-21,2026-06-05,2026-06-06,2,0,Mobile App,Completed,INR,2500.0,20,500.0,360.0,2360.0,2024-12-11 18:37:05,2025-04-17 05:43:49
BOOK003638,CUST001480,HOT0106,ROOM001608,PROMO00040,2025-05-10,2025-06-03,2025-06-05,4,1,Mobile App,Completed,EUR,20000.0,0,0.0,3600.0,23600.0,2026-04-26 20:34:03,2026-07-26 09:39:13
BOOK003639,CUST004003,HOT0224,ROOM001063,PROMO00280,2026-06-06,2026-06-20,2026-06-23,1,2,Mobile App,Completed,USD,45000.0,10,4500.0,7290.0,47790.0,2026-07-29 14:54:38,2026-07-29 18:39:38
BOOK003640,CUST000987,HOT0109,ROOM001907,PROMO00115,2024-08-02,2024-08-24,2024-08-25,3,1,Expedia,Confirmed,EUR,10000.0,5,500.0,1710.0,11210.0,2021-12-15 08:20:41,2022-12-07 11:23:31
BOOK003641,CUST000268,HOT0062,ROOM001093,PROMO00330,2026-01-17,2026-03-15,2026-03-17,1,0,Website,Cancelled,USD,20000.0,0,0.0,3600.0,23600.0,2025-02-18 19:30:50,2026-06-17 21:59:15
BOOK003642,CUST003222,HOT0096,ROOM001014,PROMO00378,2025-11-07,2025-12-10,2025-12-15,3,1,Booking.com,Cancelled,EUR,25000.0,20,5000.0,3600.0,23600.0,2024-09-18 08:01:41,2025-09-18 15:52:40
BOOK003643,CUST000330,HOT0210,ROOM001506,PROMO00215,2024-09-18,2024-09-23,2024-09-25,2,0,Expedia,Completed,USD,5000.0,15,750.0,765.0,5015.0,2022-08-13 00:37:46,2023-12-12 16:37:28
BOOK003644,CUST000225,HOT0225,ROOM001419,PROMO00338,2026-07-11,2026-07-26,2026-07-28,1,2,Website,Completed,INR,30000.0,0,0.0,5400.0,35400.0,2022-01-31 18:18:45,2024-11-21 12:48:17
BOOK003645,CUST002320,HOT0092,ROOM000590,PROMO00023,2025-10-04,2025-11-23,2025-11-28,2,2,Mobile App,Confirmed,AED,17500.0,0,0.0,3150.0,20650.0,2026-02-24 22:55:07,2026-05-29 13:20:56
BOOK003646,CUST003280,HOT0039,ROOM001082,PROMO00294,2025-12-21,2026-02-06,2026-02-08,4,1,Travel Agent,Cancelled,EUR,30000.0,0,0.0,5400.0,35400.0,2020-10-05 07:19:27,2026-05-19 14:10:31
BOOK003647,CUST000010,HOT0084,ROOM000655,PROMO00020,2025-11-10,2025-12-30,2025-12-31,1,0,Website,Confirmed,USD,5000.0,5,250.0,855.0,5605.0,2021-11-24 22:37:16,2025-10-22 18:53:32
BOOK003648,CUST002928,HOT0106,ROOM000743,PROMO00208,2025-12-28,2026-01-31,2026-02-05,2,2,Booking.com,Completed,USD,50000.0,10,5000.0,8100.0,53100.0,2023-11-26 10:31:52,2024-02-22 14:48:35
BOOK003649,CUST000482,HOT0094,ROOM001296,PROMO00215,2025-10-28,2025-11-19,2025-11-20,1,0,Website,Cancelled,USD,5000.0,5,250.0,855.0,5605.0,2026-02-01 03:02:07,2026-03-23 19:28:30
BOOK003650,CUST004474,HOT0080,ROOM001710,PROMO00431,2026-07-11,2026-07-21,2026-07-27,1,2,Website,Confirmed,GBP,90000.0,0,0.0,16200.0,106200.0,2020-03-09 17:36:13,2023-07-18 16:05:29
BOOK003651,CUST000698,HOT0172,ROOM001930,PROMO00404,2026-03-23,2026-04-30,2026-05-04,3,1,Booking.com,Completed,USD,14000.0,5,700.0,2394.0,15694.0,2025-07-09 02:45:33,2026-04-22 06:45:04
BOOK003652,CUST000965,HOT0156,ROOM001330,PROMO00069,2024-12-20,2025-02-04,2025-02-05,2,0,Website,Confirmed,EUR,10000.0,10,1000.0,1620.0,10620.0,2024-11-03 01:25:04,2025-03-04 19:06:46
BOOK003653,CUST000866,HOT0099,ROOM000185,PROMO00356,2025-11-19,2025-12-08,2025-12-14,1,0,Mobile App,Completed,EUR,21000.0,15,3150.0,3213.0,21063.0,2020-11-26 17:27:51,2022-05-15 01:14:02
BOOK003654,CUST001809,HOT0231,ROOM001384,PROMO00247,2026-05-27,2026-05-30,2026-05-31,3,0,Travel Agent,Completed,USD,5000.0,0,0.0,900.0,5900.0,2020-08-24 08:40:51,2021-06-12 13:10:11
BOOK003655,CUST000350,HOT0129,ROOM000010,PROMO00250,2026-06-22,2026-06-27,2026-07-03,2,2,Mobile App,Completed,SGD,15000.0,5,750.0,2565.0,16815.0,2024-12-07 01:33:42,2025-06-04 13:02:35
BOOK003656,CUST003478,HOT0246,ROOM000518,PROMO00343,2025-06-17,2025-07-22,2025-07-27,3,1,Travel Agent,Completed,USD,35000.0,10,3500.0,5670.0,37170.0,2021-11-29 19:30:58,2022-07-08 02:20:06
BOOK003657,CUST002973,HOT0190,ROOM000546,PROMO00181,2025-03-20,2025-04-10,2025-04-13,4,2,Expedia,Completed,SGD,21000.0,5,1050.0,3591.0,23541.0,2021-01-10 02:07:36,2021-04-18 22:10:41
BOOK003658,CUST004119,HOT0061,ROOM000437,PROMO00369,2025-04-18,2025-06-10,2025-06-13,4,1,Travel Agent,Confirmed,AED,10500.0,10,1050.0,1701.0,11151.0,2021-04-18 05:11:31,2022-09-21 23:34:39
BOOK003659,CUST001096,HOT0213,ROOM001292,PROMO00242,2025-08-08,2025-10-03,2025-10-04,4,2,Booking.com,Completed,INR,5000.0,0,0.0,900.0,5900.0,2020-03-28 08:47:12,2024-09-13 03:44:37
BOOK003660,CUST001542,HOT0220,ROOM001982,PROMO00460,2026-02-15,2026-04-13,2026-04-18,1,0,Mobile App,Confirmed,EUR,75000.0,15,11250.0,11475.0,75225.0,2022-01-07 21:34:02,2023-04-16 13:33:31
BOOK003661,CUST000609,HOT0066,ROOM001622,PROMO00242,2026-04-20,2026-06-09,2026-06-15,3,1,Booking.com,Confirmed,INR,21000.0,15,3150.0,3213.0,21063.0,2026-02-13 20:05:18,2026-03-28 21:30:47
BOOK003662,CUST002224,HOT0235,ROOM000311,PROMO00454,2026-04-06,2026-05-27,2026-06-03,4,1,Website,Completed,GBP,49000.0,0,0.0,8820.0,57820.0,2025-01-23 14:31:22,2025-09-17 23:37:00
BOOK003663,CUST001673,HOT0202,ROOM001783,PROMO00219,2024-12-09,2025-01-12,2025-01-13,2,1,Travel Agent,Completed,INR,2500.0,10,250.0,405.0,2655.0,2026-07-27 11:19:51,2026-07-29 08:48:43
BOOK003664,CUST002194,HOT0059,ROOM000937,PROMO00073,2025-06-24,2025-08-09,2025-08-10,4,2,Expedia,Cancelled,USD,2500.0,10,250.0,405.0,2655.0,2023-04-06 15:04:28,2025-07-06 17:12:13
BOOK003665,CUST000622,HOT0019,ROOM000641,PROMO00305,2025-06-04,2025-06-13,2025-06-17,1,2,Booking.com,Completed,SGD,60000.0,5,3000.0,10260.0,67260.0,2025-05-03 06:57:33,2025-08-12 13:51:34
BOOK003666,CUST001480,HOT0095,ROOM000844,PROMO00046,2025-10-01,2025-10-13,2025-10-14,4,2,Walk-In,Completed,USD,2500.0,10,250.0,405.0,2655.0,2022-02-08 10:27:23,2022-03-25 13:23:11
BOOK003667,CUST000091,HOT0009,ROOM001839,PROMO00398,2025-01-21,2025-03-17,2025-03-18,4,2,Mobile App,Completed,AED,15000.0,0,0.0,2700.0,17700.0,2020-01-03 22:59:20,2021-07-11 23:23:00
BOOK003668,CUST004137,HOT0062,ROOM001093,PROMO00051,2025-12-23,2026-01-06,2026-01-07,3,0,Mobile App,Completed,SGD,10000.0,0,0.0,1800.0,11800.0,2022-11-19 10:45:05,2024-10-24 21:15:52
BOOK003669,CUST001044,HOT0239,ROOM001124,PROMO00393,2025-11-13,2025-12-23,2025-12-26,4,1,Travel Agent,Cancelled,INR,10500.0,0,0.0,1890.0,12390.0,2021-02-14 08:43:21,2026-07-20 10:45:18
BOOK003670,CUST004809,HOT0008,ROOM000453,PROMO00236,2025-06-18,2025-08-10,2025-08-13,2,1,Mobile App,Cancelled,INR,15000.0,20,3000.0,2160.0,14160.0,2023-03-02 12:56:19,2023-03-16 05:48:59
BOOK003671,CUST002694,HOT0010,ROOM000991,PROMO00411,2025-05-10,2025-05-22,2025-05-23,4,2,Mobile App,Completed,GBP,10000.0,10,1000.0,1620.0,10620.0,2026-01-26 21:44:24,2026-03-21 17:43:46
BOOK003672,CUST003380,HOT0177,ROOM000848,PROMO00208,2026-04-19,2026-05-09,2026-05-10,2,0,Mobile App,Completed,AED,2500.0,15,375.0,382.5,2507.5,2022-03-07 04:40:59,2023-09-19 01:13:06
BOOK003673,CUST002077,HOT0031,ROOM000608,PROMO00461,2025-12-17,2026-01-21,2026-01-27,4,0,Expedia,Completed,EUR,90000.0,20,18000.0,12960.0,84960.0,2024-07-17 15:51:25,2025-08-19 10:18:18
BOOK003674,CUST003978,HOT0120,ROOM001388,PROMO00229,2026-04-20,2026-05-19,2026-05-24,1,1,Travel Agent,Completed,EUR,25000.0,0,0.0,4500.0,29500.0,2020-02-06 00:07:01,2022-09-12 09:26:55
BOOK003675,CUST001452,HOT0039,ROOM000647,PROMO00275,2025-04-27,2025-05-27,2025-06-01,3,1,Walk-In,Completed,GBP,75000.0,20,15000.0,10800.0,70800.0,2024-05-01 12:20:35,2026-04-20 10:46:35
BOOK003676,CUST000754,HOT0157,ROOM001300,PROMO00058,2026-01-14,2026-01-16,2026-01-17,3,2,Booking.com,No Show,GBP,2500.0,10,250.0,405.0,2655.0,2022-08-30 23:49:57,2023-07-10 03:10:58
BOOK003677,CUST004729,HOT0141,ROOM001825,PROMO00392,2026-03-13,2026-04-01,2026-04-02,3,2,Expedia,Completed,USD,10000.0,20,2000.0,1440.0,9440.0,2025-06-23 03:51:32,2026-07-12 13:03:40
BOOK003678,CUST002680,HOT0146,ROOM001422,PROMO00347,2025-12-04,2025-12-17,2025-12-19,2,2,Expedia,Completed,EUR,5000.0,10,500.0,810.0,5310.0,2024-03-15 23:55:18,2025-07-13 10:11:24
BOOK003679,CUST000527,HOT0019,ROOM000368,PROMO00363,2025-01-24,2025-02-03,2025-02-05,1,1,Expedia,Confirmed,AED,20000.0,10,2000.0,3240.0,21240.0,2022-03-15 16:42:35,2024-07-16 19:48:00
BOOK003680,CUST001922,HOT0138,ROOM000571,PROMO00189,2025-07-01,2025-07-27,2025-08-03,4,0,Mobile App,Completed,USD,105000.0,15,15750.0,16065.0,105315.0,2020-02-16 06:13:20,2025-05-28 08:52:35
BOOK003681,CUST000672,HOT0181,ROOM001515,PROMO00189,2024-12-23,2025-01-21,2025-01-23,3,0,Website,Completed,SGD,5000.0,20,1000.0,720.0,4720.0,2024-04-01 23:32:01,2026-04-05 22:29:07
BOOK003682,CUST001122,HOT0178,ROOM000866,PROMO00221,2025-11-19,2025-12-18,2025-12-22,2,1,Travel Agent,Completed,SGD,60000.0,5,3000.0,10260.0,67260.0,2023-12-28 08:45:07,2025-02-14 22:46:57
BOOK003683,CUST002941,HOT0084,ROOM000110,PROMO00128,2024-11-27,2024-12-30,2025-01-05,3,1,Booking.com,Confirmed,SGD,21000.0,5,1050.0,3591.0,23541.0,2024-07-15 00:05:23,2024-10-13 23:10:28
BOOK003684,CUST999999,HOT0098,ROOM001408,PROMO00491,2026-03-09,2026-03-20,2026-03-27,4,2,Walk-In,Completed,EUR,24500.0,15,3675.0,3748.5,24573.5,2020-03-29 19:55:34,2026-05-20 23:54:17
BOOK003685,CUST004312,HOT0161,ROOM001741,PROMO00075,2026-04-26,2026-06-09,2026-06-10,2,1,Booking.com,Completed,INR,15000.0,15,2250.0,2295.0,15045.0,2024-08-11 06:56:32,2026-01-19 23:41:48
BOOK003686,CUST000682,HOT0105,ROOM001349,PROMO00240,2026-07-26,2026-09-15,2026-09-22,2,2,Travel Agent,Completed,USD,49000.0,10,4900.0,7938.0,52038.0,2023-08-25 14:04:32,2023-10-06 21:17:49
BOOK003687,CUST000838,HOT0177,ROOM001679,PROMO00087,2024-12-21,2025-02-08,2025-02-12,2,1,Expedia,Confirmed,EUR,14000.0,15,2100.0,2142.0,14042.0,2021-03-24 17:55:12,2022-12-01 05:39:44
BOOK003688,CUST002443,HOT0232,ROOM001243,PROMO00445,2025-03-17,2025-04-06,2025-04-11,2,2,Travel Agent,Completed,GBP,25000.0,0,0.0,4500.0,29500.0,2020-06-23 18:29:39,2021-06-20 21:47:50
BOOK003689,CUST004874,HOT0147,ROOM001647,PROMO00376,2025-08-18,2025-08-21,2025-08-23,1,0,Expedia,Completed,AED,20000.0,5,1000.0,3420.0,22420.0,2023-08-25 14:48:46,2024-05-30 01:11:01
BOOK003690,CUST001586,HOT0073,ROOM000308,PROMO00398,2026-07-12,2026-08-27,2026-09-01,4,2,Walk-In,Completed,EUR,12500.0,5,625.0,2137.5,14012.5,2022-11-11 13:06:36,2024-06-26 23:14:26
BOOK003691,CUST004328,HOT0159,ROOM000977,PROMO00331,2025-02-04,2025-02-16,2025-02-18,4,2,Travel Agent,Completed,USD,20000.0,5,1000.0,3420.0,22420.0,2021-04-05 12:28:25,2022-08-18 18:22:01
BOOK003692,CUST000476,HOT0073,ROOM000137,PROMO00175,2025-08-27,2025-10-19,2025-10-20,1,0,Travel Agent,Completed,USD,7000.0,20,1400.0,1008.0,6608.0,2020-11-09 18:52:06,2023-07-15 17:18:07
BOOK003693,CUST000252,HOT0053,ROOM000613,PROMO00009,2025-07-24,2025-08-01,2025-08-06,2,0,Website,Completed,EUR,17500.0,20,3500.0,2520.0,16520.0,2020-02-28 06:17:56,2021-11-07 17:23:22
BOOK003694,CUST003265,HOT0007,ROOM001497,PROMO00208,2026-03-08,2026-05-02,2026-05-09,4,1,Mobile App,No Show,SGD,35000.0,20,7000.0,5040.0,33040.0,2024-11-01 00:45:09,2025-01-26 21:31:01
BOOK003695,CUST000043,HOT0061,ROOM001625,PROMO00440,2024-08-21,2024-08-24,2024-08-30,4,1,Website,Cancelled,AED,90000.0,20,18000.0,12960.0,84960.0,2023-12-24 15:33:09,2024-09-09 07:29:40
BOOK003696,CUST004835,HOT0099,ROOM000177,PROMO00240,2026-04-15,2026-05-03,2026-05-05,2,1,Walk-In,No Show,INR,20000.0,15,3000.0,3060.0,20060.0,2026-06-02 22:40:40,2026-07-10 12:36:33
BOOK003697,CUST004368,HOT0087,ROOM001230,PROMO00025,2025-08-10,2025-09-22,2025-09-25,1,0,Expedia,Confirmed,AED,15000.0,20,3000.0,2160.0,14160.0,2021-12-28 16:11:51,2022-03-16 23:05:20
BOOK003698,CUST000640,HOT0002,ROOM000111,PROMO00402,2024-09-20,2024-09-27,2024-09-29,3,1,Booking.com,Confirmed,AED,20000.0,20,4000.0,2880.0,18880.0,2020-05-07 20:38:09,2020-12-06 11:03:45
BOOK003699,CUST001045,HOT0188,ROOM000356,PROMO00270,2024-11-29,2025-01-20,2025-01-22,3,1,Expedia,Confirmed,SGD,10000.0,10,1000.0,1620.0,10620.0,2020-01-09 15:05:08,2023-11-05 23:30:24
BOOK003700,CUST001397,HOT0139,ROOM000836,PROMO00051,2026-06-25,2026-07-07,2026-07-08,1,0,Expedia,Completed,USD,5000.0,5,250.0,855.0,5605.0,2021-03-05 04:06:07,2024-06-03 16:06:52
BOOK003701,CUST000802,HOT0092,ROOM001968,PROMO00371,2025-10-08,2025-12-07,2025-12-11,4,0,Booking.com,Confirmed,INR,40000.0,15,6000.0,6120.0,40120.0,2023-09-09 03:47:43,2026-06-04 01:00:28
BOOK003702,CUST003991,HOT0106,ROOM001608,PROMO00159,2025-11-05,2025-12-23,2025-12-26,4,1,Walk-In,Confirmed,EUR,30000.0,20,6000.0,4320.0,28320.0,2024-12-15 07:19:33,2026-02-15 23:13:26
BOOK003703,CUST002897,HOT0123,ROOM001693,PROMO00375,2024-09-15,2024-10-25,2024-10-29,2,0,Mobile App,Cancelled,GBP,14000.0,20,2800.0,2016.0,13216.0,2026-04-16 19:36:55,2026-07-09 07:54:44
BOOK003704,CUST002627,HOT0060,ROOM000674,PROMO00217,2024-12-17,2025-01-23,2025-01-24,4,2,Walk-In,Completed,GBP,3500.0,15,525.0,535.5,3510.5,2021-03-31 05:40:53,2026-03-07 16:52:50
BOOK003705,CUST004363,HOT0074,ROOM000685,PROMO00011,2026-02-07,2026-02-18,2026-02-25,1,2,Mobile App,Confirmed,AED,17500.0,15,2625.0,2677.5,17552.5,2024-03-21 20:34:35,2026-05-17 12:24:22
BOOK003706,CUST002724,HOT0029,ROOM000810,PROMO00071,2025-06-01,2025-06-05,2025-06-07,4,1,Travel Agent,Completed,GBP,20000.0,20,4000.0,2880.0,18880.0,2024-06-20 21:18:38,2025-03-19 16:10:57
BOOK003707,CUST004565,HOT0219,ROOM000249,PROMO00099,2025-02-06,2025-02-24,2025-02-28,1,1,Booking.com,Cancelled,GBP,10000.0,10,1000.0,1620.0,10620.0,2021-06-22 01:44:58,2023-08-21 20:49:20
BOOK003708,CUST004818,HOT0250,ROOM000556,PROMO00167,2026-02-18,2026-04-13,2026-04-19,4,1,Travel Agent,Completed,EUR,42000.0,15,6300.0,6426.0,42126.0,2022-10-27 08:26:09,2026-02-23 23:39:33
BOOK003709,CUST004637,HOT0199,ROOM000706,PROMO00168,2026-07-28,2026-07-31,2026-08-03,4,1,Expedia,No Show,AED,30000.0,0,0.0,5400.0,35400.0,2024-05-25 13:23:46,2024-10-14 01:30:13
BOOK003710,CUST004719,HOT0158,ROOM001299,PROMO00111,2026-06-27,2026-07-30,2026-08-03,3,0,Mobile App,Completed,GBP,60000.0,15,9000.0,9180.0,60180.0,2022-04-12 07:23:53,2023-12-01 05:55:49
BOOK003711,CUST001578,HOT0184,ROOM000879,PROMO00406,2026-01-20,2026-03-14,2026-03-17,3,1,Travel Agent,Completed,EUR,21000.0,5,1050.0,3591.0,23541.0,2020-07-12 06:23:52,2024-02-18 13:04:58
BOOK003712,CUST000034,HOT0229,ROOM000041,PROMO00387,2025-11-29,2026-01-15,2026-01-21,1,2,Expedia,Completed,SGD,30000.0,5,1500.0,5130.0,33630.0,2020-04-17 09:59:32,2020-06-16 16:42:06
BOOK003713,CUST999999,HOT0035,ROOM001875,PROMO00111,2025-02-04,2025-03-11,2025-03-18,4,2,Expedia,Confirmed,GBP,35000.0,10,3500.0,5670.0,37170.0,2022-03-19 22:14:03,2025-02-05 15:40:22
BOOK003714,CUST003626,HOT0045,ROOM000346,PROMO00350,2025-06-25,2025-07-02,2025-07-08,3,2,Mobile App,Completed,GBP,21000.0,20,4200.0,3024.0,19824.0,2020-06-24 00:21:33,2024-01-23 05:58:17
BOOK003715,CUST004984,HOT0011,ROOM001153,PROMO00307,2024-11-13,2024-11-25,2024-12-02,4,0,Expedia,Cancelled,INR,49000.0,5,2450.0,8379.0,54929.0,2021-03-24 21:19:32,2024-04-28 05:44:44
BOOK003716,CUST003650,HOT0208,ROOM001054,PROMO00151,2025-10-04,2025-11-04,2025-11-11,4,1,Travel Agent,Completed,AED,105000.0,15,15750.0,16065.0,105315.0,2022-08-21 09:44:28,2026-01-06 20:19:37
BOOK003717,CUST004464,HOT0084,ROOM001315,PROMO00081,2024-08-21,2024-08-29,2024-09-05,2,0,Walk-In,Confirmed,USD,70000.0,15,10500.0,10710.0,70210.0,2022-04-18 13:35:04,2025-01-15 03:34:26
BOOK003718,CUST002913,HOT0107,ROOM001766,PROMO00275,2024-08-12,2024-10-10,2024-10-14,4,2,Website,Completed,AED,20000.0,10,2000.0,3240.0,21240.0,2025-09-12 12:55:24,2025-09-24 04:25:28
BOOK003719,CUST004847,HOT0104,ROOM001660,PROMO00244,2026-05-12,2026-06-11,2026-06-15,3,1,Mobile App,Completed,GBP,10000.0,10,1000.0,1620.0,10620.0,2022-08-17 15:57:50,2024-10-12 19:00:59
BOOK003720,CUST004331,HOT0173,ROOM000345,PROMO00111,2025-12-04,2026-01-13,2026-01-18,1,1,Mobile App,Completed,INR,50000.0,0,0.0,9000.0,59000.0,2026-05-27 21:00:46,2026-07-03 12:31:26
BOOK003721,CUST003062,HOT0103,ROOM001156,PROMO00247,2024-09-06,2024-09-28,2024-10-02,1,0,Booking.com,Completed,SGD,28000.0,10,2800.0,4536.0,29736.0,2024-03-26 13:06:50,2025-08-24 00:56:49
BOOK003722,CUST000724,HOT0031,ROOM000540,PROMO00171,2026-07-19,2026-08-04,2026-08-07,3,2,Walk-In,No Show,SGD,10500.0,20,2100.0,1512.0,9912.0,2023-03-20 05:36:37,2024-05-01 15:51:16
BOOK003723,CUST000870,HOT0182,ROOM001770,PROMO00138,2025-10-03,2025-11-20,2025-11-21,3,1,Expedia,Cancelled,USD,7000.0,15,1050.0,1071.0,7021.0,2023-10-19 08:51:20,2026-03-02 19:24:30
BOOK003724,CUST000095,HOT0018,ROOM001121,PROMO00481,2025-10-05,2025-10-20,2025-10-27,1,1,Booking.com,Confirmed,USD,35000.0,10,3500.0,5670.0,37170.0,2022-01-06 22:19:12,2022-09-13 22:16:32
BOOK003725,CUST003008,HOT0170,ROOM001197,PROMO00287,2026-04-16,2026-05-10,2026-05-16,1,2,Mobile App,Confirmed,INR,15000.0,20,3000.0,2160.0,14160.0,2026-07-08 17:07:25,2026-07-16 18:06:21
BOOK003726,CUST000090,HOT0010,ROOM001238,PROMO00109,2026-01-30,2026-02-27,2026-03-03,4,1,Walk-In,Completed,EUR,10000.0,5,500.0,1710.0,11210.0,2020-08-24 12:54:40,2022-06-23 18:41:35
BOOK003727,CUST000138,HOT0122,ROOM000299,PROMO00082,2025-04-03,2025-04-18,2025-04-19,2,0,Mobile App,Completed,EUR,10000.0,5,500.0,1710.0,11210.0,2020-06-16 16:54:22,2021-03-31 21:56:35
BOOK003728,CUST002417,HOT0067,ROOM001379,PROMO00020,2024-09-08,2024-10-02,2024-10-07,4,0,Mobile App,Cancelled,USD,25000.0,0,0.0,4500.0,29500.0,2021-01-01 18:53:22,2021-08-05 02:36:11
BOOK003729,CUST002290,HOT0236,ROOM000044,PROMO00373,2026-01-23,2026-02-25,2026-02-26,4,2,Booking.com,Completed,INR,3500.0,15,525.0,535.5,3510.5,2020-02-03 02:09:42,2026-05-03 11:12:37
BOOK003730,CUST004290,HOT0113,ROOM000721,PROMO00003,2025-03-09,2025-03-16,2025-03-23,3,2,Expedia,No Show,SGD,35000.0,15,5250.0,5355.0,35105.0,2021-06-30 12:02:18,2025-03-31 02:44:25
BOOK003731,CUST001871,HOT0011,ROOM001957,PROMO00432,2024-11-11,2025-01-03,2025-01-10,1,1,Walk-In,No Show,EUR,105000.0,15,15750.0,16065.0,105315.0,2025-04-30 20:54:34,2026-03-24 09:53:19
BOOK003732,CUST004865,HOT0177,ROOM001679,PROMO00299,2025-02-10,2025-03-07,2025-03-12,3,0,Travel Agent,Completed,SGD,17500.0,15,2625.0,2677.5,17552.5,2023-11-02 15:44:36,2025-02-06 21:04:30
BOOK003733,CUST002241,HOT0040,ROOM000955,PROMO00231,2024-07-31,2024-08-15,2024-08-21,3,1,Mobile App,No Show,USD,60000.0,10,6000.0,9720.0,63720.0,2022-10-17 02:56:17,2024-03-06 04:00:29
BOOK003734,CUST004742,HOT0044,ROOM000887,PROMO00066,2025-09-17,2025-10-18,2025-10-20,3,1,Website,Completed,EUR,30000.0,20,6000.0,4320.0,28320.0,2023-07-05 01:00:16,2024-11-08 18:36:00
BOOK003735,CUST004668,HOT0144,ROOM001631,PROMO00386,2025-08-18,2025-10-04,2025-10-11,2,1,Mobile App,Completed,EUR,17500.0,20,3500.0,2520.0,16520.0,2025-02-11 08:23:33,2025-10-30 23:21:34
BOOK003736,CUST000461,HOT0205,ROOM001188,PROMO00276,2026-05-25,2026-07-24,2026-07-25,3,1,Walk-In,Completed,EUR,15000.0,15,2250.0,2295.0,15045.0,2026-01-25 02:14:41,2026-02-10 06:25:16
BOOK003737,CUST003970,HOT0231,ROOM001098,PROMO00121,2026-02-20,2026-03-26,2026-03-30,3,1,Website,Completed,GBP,40000.0,5,2000.0,6840.0,44840.0,2024-02-22 12:56:03,2025-03-20 18:10:42
BOOK003738,CUST002528,HOT0112,ROOM001646,PROMO00051,2024-09-06,2024-10-30,2024-11-06,2,2,Booking.com,Completed,AED,35000.0,10,3500.0,5670.0,37170.0,2025-06-27 22:35:13,2026-03-23 17:57:57
BOOK003739,CUST004864,HOT0001,ROOM000220,PROMO00268,2026-04-26,2026-06-08,2026-06-13,1,2,Expedia,Completed,GBP,17500.0,10,1750.0,2835.0,18585.0,2023-08-10 23:36:06,2026-05-06 11:28:52
BOOK003740,CUST003725,HOT0178,ROOM000866,PROMO00006,2026-05-24,2026-07-16,2026-07-19,4,1,Mobile App,No Show,GBP,45000.0,20,9000.0,6480.0,42480.0,2020-07-28 21:58:05,2023-07-24 23:24:26
BOOK003741,CUST001660,HOT0105,ROOM001837,PROMO00500,2025-03-02,2025-04-01,2025-04-07,2,1,Expedia,Completed,AED,21000.0,20,4200.0,3024.0,19824.0,2024-08-19 23:33:00,2026-05-08 17:07:43
BOOK003742,CUST001847,HOT0229,ROOM001700,PROMO00117,2024-07-31,2024-08-09,2024-08-14,2,0,Mobile App,Completed,USD,12500.0,0,0.0,2250.0,14750.0,2025-04-05 15:54:31,2025-08-20 15:16:07
BOOK003743,CUST004431,HOT0031,ROOM000608,PROMO00408,2025-03-16,2025-03-24,2025-03-31,1,1,Website,Confirmed,USD,105000.0,5,5250.0,17955.0,117705.0,2025-01-16 11:57:58,2025-08-21 08:09:27
BOOK003744,CUST004320,HOT0010,ROOM001238,PROMO00064,2025-05-01,2025-05-06,2025-05-12,1,0,Expedia,Cancelled,USD,15000.0,15,2250.0,2295.0,15045.0,2024-09-22 07:28:56,2025-01-11 03:22:18
BOOK003745,CUST001402,HOT0138,ROOM001189,PROMO00392,2025-02-18,2025-04-02,2025-04-03,2,2,Website,Completed,GBP,5000.0,10,500.0,810.0,5310.0,2022-03-12 14:37:58,2024-04-22 10:52:30
BOOK003746,CUST000747,HOT0169,ROOM001616,PROMO00204,2025-05-26,2025-07-16,2025-07-21,1,1,Travel Agent,Completed,EUR,25000.0,20,5000.0,3600.0,23600.0,2020-08-28 20:40:45,2023-05-20 03:41:30
BOOK003747,CUST003325,HOT0143,ROOM001047,PROMO00054,2025-11-10,2025-11-27,2025-11-29,2,0,Website,Confirmed,USD,20000.0,20,4000.0,2880.0,18880.0,2023-07-17 22:05:29,2024-01-06 20:54:57
BOOK003748,CUST001675,HOT0150,ROOM001840,PROMO00409,2024-09-29,2024-10-06,2024-10-11,3,0,Expedia,Cancelled,SGD,35000.0,10,3500.0,5670.0,37170.0,2020-06-24 02:26:35,2026-07-10 13:01:08
BOOK003749,CUST002293,HOT0105,ROOM001349,PROMO00160,2024-10-12,2024-10-31,2024-11-05,3,2,Travel Agent,Confirmed,AED,35000.0,5,1750.0,5985.0,39235.0,2025-11-14 10:23:56,2026-03-23 02:01:34
BOOK003750,CUST002825,HOT0109,ROOM000581,PROMO00096,2024-10-06,2024-10-29,2024-11-05,2,2,Walk-In,Confirmed,USD,24500.0,20,4900.0,3528.0,23128.0,2024-09-21 20:35:44,2024-11-09 15:18:40
BOOK003751,CUST000571,HOT0060,ROOM001629,PROMO00249,2024-11-20,2025-01-05,2025-01-10,4,2,Website,Completed,SGD,25000.0,15,3750.0,3825.0,25075.0,2023-08-28 00:49:53,2025-12-12 07:49:23
BOOK003752,CUST001142,HOT0092,ROOM000590,PROMO00270,2024-09-23,2024-11-22,2024-11-29,2,0,Walk-In,Completed,EUR,24500.0,5,1225.0,4189.5,27464.5,2023-10-28 14:13:31,2026-05-22 22:10:29
BOOK003753,CUST003219,HOT0040,ROOM000955,PROMO00052,2026-03-26,2026-05-04,2026-05-05,1,0,Travel Agent,Completed,USD,10000.0,15,1500.0,1530.0,10030.0,2020-11-11 15:30:48,2024-09-13 00:45:35
BOOK003754,CUST001664,HOT0094,ROOM001296,PROMO00457,2025-01-15,2025-01-27,2025-02-02,2,1,Expedia,Completed,EUR,30000.0,0,0.0,5400.0,35400.0,2023-12-15 03:20:43,2025-01-10 21:16:04
BOOK003755,CUST001213,HOT0237,ROOM001381,PROMO00071,2024-11-25,2024-12-03,2024-12-07,2,2,Mobile App,Completed,EUR,60000.0,15,9000.0,9180.0,60180.0,2020-10-08 06:52:09,2026-04-22 20:49:38
BOOK003756,CUST004335,HOT0036,ROOM001723,PROMO00195,2024-08-25,2024-09-20,2024-09-26,1,1,Walk-In,Completed,EUR,90000.0,5,4500.0,15390.0,100890.0,2025-07-28 03:50:17,2026-04-24 23:14:18
BOOK003757,CUST000725,HOT0215,ROOM000338,PROMO00120,2024-10-24,2024-11-03,2024-11-07,1,2,Booking.com,Completed,SGD,60000.0,10,6000.0,9720.0,63720.0,2023-07-04 10:16:30,2024-01-01 01:58:50
BOOK003758,CUST001168,HOT0217,ROOM001178,PROMO00287,2024-11-11,2024-11-23,2024-11-26,3,1,Booking.com,Confirmed,SGD,7500.0,20,1500.0,1080.0,7080.0,2025-05-14 17:37:06,2026-06-24 10:58:52
BOOK003759,CUST003546,HOT0112,ROOM000158,PROMO00324,2026-03-21,2026-05-13,2026-05-20,3,2,Travel Agent,No Show,INR,35000.0,5,1750.0,5985.0,39235.0,2023-09-21 23:37:58,2025-05-28 13:15:43
BOOK003760,CUST000514,HOT0208,ROOM000067,PROMO00446,2024-12-01,2025-01-13,2025-01-18,1,0,Website,No Show,AED,75000.0,20,15000.0,10800.0,70800.0,2024-10-02 19:52:36,2026-03-31 14:57:33
BOOK003761,CUST002974,HOT0225,ROOM000467,PROMO00367,2026-07-22,2026-07-28,2026-08-03,1,2,Travel Agent,Confirmed,SGD,30000.0,5,1500.0,5130.0,33630.0,2024-07-06 09:15:40,2025-04-20 00:35:36
BOOK003762,CUST002875,HOT0090,ROOM000639,PROMO00048,2025-04-23,2025-06-12,2025-06-16,4,2,Travel Agent,Completed,SGD,20000.0,0,0.0,3600.0,23600.0,2020-12-01 17:24:33,2025-11-04 06:46:25
BOOK003763,CUST000833,HOT0082,ROOM000271,PROMO00255,2026-02-24,2026-03-27,2026-04-02,3,1,Travel Agent,Completed,EUR,42000.0,15,6300.0,6426.0,42126.0,2022-10-10 07:01:02,2024-05-11 12:17:53
BOOK003764,CUST001551,HOT0006,ROOM001750,PROMO00078,2025-05-13,2025-06-25,2025-07-01,1,0,Website,Completed,INR,15000.0,15,2250.0,2295.0,15045.0,2022-12-11 02:28:26,2023-02-21 13:32:22
BOOK003765,CUST003514,HOT0016,ROOM001074,PROMO00477,2025-02-26,2025-03-03,2025-03-09,3,1,Expedia,Confirmed,INR,30000.0,5,1500.0,5130.0,33630.0,2022-09-12 18:32:00,2026-07-28 23:00:47
BOOK003766,CUST004711,HOT0185,ROOM001382,PROMO00412,2025-09-08,2025-09-27,2025-10-02,3,1,Mobile App,Confirmed,USD,25000.0,20,5000.0,3600.0,23600.0,2025-06-26 14:20:39,2026-01-05 06:56:44
BOOK003767,CUST001568,HOT0163,ROOM001552,PROMO00451,2025-11-30,2025-12-20,2025-12-25,1,1,Website,Completed,GBP,50000.0,15,7500.0,7650.0,50150.0,2025-10-31 10:22:09,2026-05-19 14:48:07
BOOK003768,CUST000879,HOT0046,ROOM001664,PROMO00458,2025-10-06,2025-10-08,2025-10-09,4,1,Walk-In,Completed,USD,2500.0,15,375.0,382.5,2507.5,2026-04-01 16:26:29,2026-07-27 00:05:34
BOOK003769,CUST001762,HOT0026,ROOM000148,PROMO00203,2025-05-01,2025-06-20,2025-06-24,2,2,Website,Confirmed,INR,28000.0,15,4200.0,4284.0,28084.0,2024-02-26 13:38:36,2025-07-26 06:09:29
BOOK003770,CUST003525,HOT0123,ROOM000912,PROMO00438,2024-08-03,2024-08-06,2024-08-09,2,2,Booking.com,Cancelled,INR,7500.0,5,375.0,1282.5,8407.5,2024-12-31 09:46:08,2026-03-23 21:01:03
BOOK003771,CUST000186,HOT0226,ROOM001705,PROMO00397,2025-07-19,2025-08-16,2025-08-22,2,1,Travel Agent,Completed,USD,90000.0,15,13500.0,13770.0,90270.0,2023-11-24 00:47:30,2024-08-22 08:23:28
BOOK003772,CUST002369,HOT0225,ROOM000273,PROMO00200,2025-09-04,2025-09-05,2025-09-12,3,0,Booking.com,Completed,INR,70000.0,5,3500.0,11970.0,78470.0,2022-09-08 08:31:08,2024-04-07 14:24:54
BOOK003773,CUST000172,HOT0141,ROOM000372,PROMO00201,2025-03-01,2025-04-18,2025-04-21,4,0,Booking.com,Confirmed,EUR,21000.0,10,2100.0,3402.0,22302.0,2022-09-14 10:56:10,2025-03-19 10:55:30
BOOK003774,CUST003040,HOT0153,ROOM000062,PROMO00007,2024-12-29,2025-01-27,2025-01-28,4,0,Website,Confirmed,AED,3500.0,20,700.0,504.0,3304.0,2025-04-02 19:17:49,2025-05-16 01:48:42
BOOK003775,CUST003507,HOT0082,ROOM000801,PROMO00348,2025-08-09,2025-08-31,2025-09-04,2,1,Walk-In,Confirmed,GBP,14000.0,5,700.0,2394.0,15694.0,2022-02-03 21:05:39,2022-09-02 20:05:38
BOOK003776,CUST001582,HOT0037,ROOM000642,PROMO00438,2025-02-20,2025-03-31,2025-04-03,1,1,Website,Completed,USD,30000.0,15,4500.0,4590.0,30090.0,2022-07-27 02:32:50,2025-11-11 01:23:54
BOOK003777,CUST002182,HOT0242,ROOM000342,PROMO00180,2026-01-15,2026-02-28,2026-03-03,1,0,Mobile App,Confirmed,INR,15000.0,10,1500.0,2430.0,15930.0,2023-04-28 12:31:30,2023-06-04 01:39:45
BOOK003778,CUST001149,HOT0068,ROOM001405,PROMO00140,2026-06-16,2026-07-27,2026-08-02,1,0,Expedia,Completed,EUR,21000.0,5,1050.0,3591.0,23541.0,2024-08-15 12:55:51,2024-08-16 10:51:09
BOOK003779,CUST002022,HOT0049,ROOM000440,PROMO00362,2025-07-25,2025-08-15,2025-08-21,1,0,Expedia,Completed,SGD,30000.0,0,0.0,5400.0,35400.0,2023-04-09 04:55:32,2026-02-01 18:54:23
BOOK003780,CUST001463,HOT0030,ROOM000319,PROMO00374,2024-08-04,2024-08-19,2024-08-23,4,1,Walk-In,Completed,INR,60000.0,0,0.0,10800.0,70800.0,2020-05-01 19:42:38,2020-11-19 05:20:20
BOOK003781,CUST001287,HOT0082,ROOM001446,PROMO00350,2025-01-08,2025-02-01,2025-02-07,4,1,Walk-In,Completed,GBP,90000.0,0,0.0,16200.0,106200.0,2026-04-15 14:55:49,2026-04-25 15:20:07
BOOK003782,CUST001708,HOT0074,ROOM000685,PROMO00465,2024-12-09,2024-12-19,2024-12-20,4,1,Mobile App,Confirmed,GBP,2500.0,15,375.0,382.5,2507.5,2023-11-26 07:25:18,2024-06-09 08:09:50
BOOK003783,CUST002991,HOT0034,ROOM000023,PROMO00448,2025-08-25,2025-09-05,2025-09-08,4,0,Mobile App,Cancelled,EUR,30000.0,20,6000.0,4320.0,28320.0,2023-01-13 20:14:07,2026-02-20 03:45:55
BOOK003784,CUST004873,HOT0022,ROOM000059,PROMO00413,2025-11-17,2025-12-07,2025-12-10,2,2,Expedia,Confirmed,AED,45000.0,0,0.0,8100.0,53100.0,2022-11-16 08:21:22,2024-05-06 04:15:06
BOOK003785,CUST003764,HOT0180,ROOM000047,PROMO00405,2025-04-30,2025-06-21,2025-06-25,3,0,Expedia,Cancelled,SGD,28000.0,10,2800.0,4536.0,29736.0,2026-06-07 10:50:33,2026-07-21 20:38:35
BOOK003786,CUST004597,HOT0058,ROOM000501,PROMO00116,2025-06-17,2025-07-13,2025-07-17,4,0,Website,Confirmed,AED,20000.0,10,2000.0,3240.0,21240.0,2025-10-16 23:50:29,2026-05-09 03:16:21
BOOK003787,CUST002475,HOT0163,ROOM001175,PROMO00378,2024-11-25,2025-01-12,2025-01-14,1,2,Website,Completed,EUR,20000.0,10,2000.0,3240.0,21240.0,2025-05-22 19:41:33,2026-07-03 12:17:19
BOOK003788,CUST004178,HOT0044,ROOM001309,PROMO00375,2025-11-27,2026-01-11,2026-01-12,3,1,Walk-In,Completed,SGD,2500.0,5,125.0,427.5,2802.5,2024-08-28 07:15:45,2026-05-31 00:11:53
BOOK003789,CUST001411,HOT0207,ROOM000901,PROMO00252,2024-10-07,2024-11-03,2024-11-05,4,2,Travel Agent,Completed,,20000.0,15,3000.0,3060.0,20060.0,2022-04-15 04:20:48,2022-12-11 22:15:55
BOOK003790,CUST004208,HOT0062,ROOM000980,PROMO00450,2025-04-28,2025-05-31,2025-06-06,1,2,Walk-In,Cancelled,AED,15000.0,15,2250.0,2295.0,15045.0,2020-06-12 19:43:45,2021-07-13 10:27:09
BOOK003791,CUST000857,HOT0004,ROOM000257,PROMO00208,2026-05-06,2026-05-08,2026-05-10,2,2,Website,Completed,USD,20000.0,20,4000.0,2880.0,18880.0,2021-09-21 00:50:52,2025-02-12 07:32:49
BOOK003792,CUST002478,HOT0181,ROOM001515,PROMO00059,2025-05-29,2025-06-26,2025-06-30,3,2,Expedia,Completed,USD,10000.0,0,0.0,1800.0,11800.0,2020-04-10 22:12:54,2021-10-07 04:07:05
BOOK003793,CUST000184,HOT0147,ROOM000486,PROMO00370,2024-09-14,2024-09-18,2024-09-22,1,0,Booking.com,Completed,INR,10000.0,15,1500.0,1530.0,10030.0,2025-09-15 12:41:18,2025-12-15 01:06:34
BOOK003794,CUST002080,HOT0163,ROOM001115,PROMO00290,2024-10-18,2024-11-13,2024-11-20,3,0,Booking.com,Completed,INR,35000.0,0,0.0,6300.0,41300.0,2022-04-07 01:08:40,2025-06-23 11:25:56
BOOK003795,CUST003492,HOT0179,ROOM000021,PROMO00365,2025-02-23,2025-03-07,2025-03-09,1,2,Expedia,Completed,AED,30000.0,5,1500.0,5130.0,33630.0,2024-02-02 17:42:55,2024-12-20 18:20:05
BOOK003796,CUST003604,HOT0169,ROOM000507,PROMO00436,2025-02-18,2025-04-01,2025-04-05,3,0,Walk-In,Completed,INR,14000.0,10,1400.0,2268.0,14868.0,2025-09-26 13:26:49,2026-03-20 19:57:55
BOOK003797,CUST000152,HOT0077,ROOM000463,PROMO00075,2025-02-03,2025-03-04,2025-03-11,1,0,Website,Completed,SGD,35000.0,0,0.0,6300.0,41300.0,2025-04-14 12:43:59,2026-03-31 04:43:26
BOOK003798,CUST000820,HOT0044,ROOM001632,PROMO00113,2025-10-14,2025-12-04,2025-12-11,1,2,Booking.com,Completed,SGD,35000.0,15,5250.0,5355.0,35105.0,2022-11-07 10:57:20,2024-12-05 02:50:40
BOOK003799,CUST001257,HOT0241,ROOM000389,PROMO00312,2024-11-21,2024-12-01,2024-12-04,4,1,Travel Agent,Cancelled,AED,45000.0,0,0.0,8100.0,53100.0,2021-10-09 03:20:25,2024-02-09 11:32:14
BOOK003800,CUST000757,HOT0027,ROOM001313,PROMO00057,2026-01-28,2026-02-23,2026-02-24,1,0,Expedia,Completed,SGD,2500.0,15,375.0,382.5,2507.5,2020-08-09 12:23:39,2022-11-12 15:37:10
BOOK003801,CUST004002,HOT0082,ROOM000801,PROMO00049,2026-01-24,2026-03-23,2026-03-30,2,0,Booking.com,Confirmed,AED,24500.0,20,4900.0,3528.0,23128.0,2024-12-30 08:09:00,2025-07-25 19:21:09
BOOK003802,CUST002603,HOT0094,ROOM001039,PROMO00164,2025-07-16,2025-07-19,2025-07-20,4,2,Mobile App,Completed,INR,5000.0,15,750.0,765.0,5015.0,2023-08-20 18:18:15,2024-10-16 12:21:58
BOOK003803,CUST003075,HOT0132,ROOM000407,PROMO00289,2025-09-13,2025-10-10,2025-10-15,3,0,Walk-In,Completed,INR,17500.0,10,1750.0,2835.0,18585.0,2024-12-31 01:20:06,2026-03-14 16:29:06
BOOK003804,CUST003113,HOT0248,ROOM001673,PROMO00048,2025-07-17,2025-08-13,2025-08-15,4,0,Mobile App,Completed,SGD,7000.0,10,700.0,1134.0,7434.0,2023-06-27 02:22:58,2023-08-14 19:42:09
BOOK003805,CUST000771,HOT0233,ROOM001137,PROMO00113,2026-03-08,2026-03-30,2026-03-31,1,0,Website,Completed,AED,10000.0,20,2000.0,1440.0,9440.0,2020-02-11 16:30:43,2023-11-07 21:54:09
BOOK003806,CUST004784,HOT0004,ROOM001135,PROMO00248,2025-01-18,2025-03-02,2025-03-06,1,0,Website,Completed,INR,20000.0,15,3000.0,3060.0,20060.0,2024-10-02 14:23:49,2025-12-12 15:07:16
BOOK003807,CUST000126,HOT0023,ROOM000469,PROMO00220,2025-10-10,2025-11-29,2025-12-05,1,1,Expedia,Completed,USD,21000.0,5,1050.0,3591.0,23541.0,2020-08-16 22:19:39,2020-11-24 10:09:13
BOOK003808,CUST000395,HOT0153,ROOM000875,PROMO00368,2025-12-25,2026-02-12,2026-02-17,4,2,Walk-In,Completed,SGD,17500.0,10,1750.0,2835.0,18585.0,2020-11-14 21:34:38,2020-12-26 03:00:09
BOOK003809,CUST000341,HOT0012,ROOM000510,PROMO00223,2024-09-16,2024-10-17,2024-10-21,3,1,Walk-In,Completed,INR,20000.0,5,1000.0,3420.0,22420.0,2026-05-03 09:18:28,2026-07-07 22:54:59
BOOK003810,CUST004399,HOT0041,ROOM001681,PROMO00355,2026-06-09,2026-07-26,2026-08-01,2,0,Website,Completed,AED,15000.0,5,750.0,2565.0,16815.0,2025-02-23 17:19:47,2026-01-15 07:45:52
BOOK003811,CUST003361,HOT0094,ROOM001039,PROMO00063,2026-03-29,2026-04-04,2026-04-08,2,0,Website,Completed,INR,20000.0,5,1000.0,3420.0,22420.0,2021-03-18 02:26:12,2023-07-05 04:00:23
BOOK003812,CUST001235,HOT0072,ROOM001715,PROMO00134,2024-09-19,2024-09-25,2024-10-01,3,0,Expedia,Cancelled,EUR,21000.0,5,1050.0,3591.0,23541.0,2023-06-05 20:40:51,2025-08-04 14:39:05
BOOK003813,CUST000457,HOT0156,ROOM000379,PROMO00247,2026-01-14,2026-01-19,2026-01-20,4,1,Booking.com,Completed,INR,3500.0,0,0.0,630.0,4130.0,2025-02-09 21:18:53,2025-06-27 13:19:19
BOOK003814,CUST003881,HOT0248,ROOM001234,PROMO00353,2025-09-06,2025-09-26,2025-09-28,1,1,Travel Agent,Completed,EUR,30000.0,20,6000.0,4320.0,28320.0,2025-03-23 13:52:42,2025-04-20 12:04:33
BOOK003815,CUST003713,HOT0170,ROOM001136,PROMO00282,2025-01-21,2025-03-20,2025-03-24,1,2,Expedia,Completed,GBP,10000.0,15,1500.0,1530.0,10030.0,2021-10-01 18:47:14,2026-03-10 02:58:24
BOOK003816,CUST003980,HOT0057,ROOM000103,PROMO00258,2026-06-20,2026-06-24,2026-06-29,4,0,Travel Agent,Completed,USD,50000.0,15,7500.0,7650.0,50150.0,2024-06-26 21:06:45,2026-05-17 06:44:29
BOOK003817,CUST999999,HOT0019,ROOM001441,PROMO00140,2024-09-23,2024-10-29,2024-10-30,1,1,Travel Agent,Completed,INR,5000.0,20,1000.0,720.0,4720.0,2021-07-30 06:38:31,2022-08-05 14:51:36
BOOK003818,CUST000632,HOT0154,ROOM001414,PROMO00283,2025-06-11,2025-06-21,2025-06-23,3,2,Walk-In,Confirmed,EUR,7000.0,5,350.0,1197.0,-7847.0,2022-11-08 12:25:21,2024-03-05 21:52:21
BOOK003819,CUST003211,HOT0201,ROOM001344,PROMO00423,2026-04-21,2026-06-09,2026-06-15,2,1,Website,Confirmed,INR,15000.0,5,750.0,2565.0,16815.0,2022-09-04 02:48:51,2022-09-18 10:22:28
BOOK003820,CUST001613,HOT0051,ROOM001870,PROMO00224,2025-05-10,2025-06-24,2025-06-25,1,1,Walk-In,Completed,INR,5000.0,0,0.0,900.0,5900.0,2022-10-06 00:01:34,2026-03-24 05:11:12
BOOK003821,CUST000469,HOT0106,ROOM000138,PROMO00258,2026-02-12,2026-02-25,2026-02-26,3,2,Mobile App,Cancelled,USD,2500.0,10,250.0,405.0,2655.0,2022-07-24 01:39:07,2025-09-03 12:32:10
BOOK003822,CUST004835,HOT0088,ROOM000730,PROMO00211,2025-05-13,2025-05-27,2025-06-01,2,0,Booking.com,Completed,EUR,50000.0,0,0.0,9000.0,59000.0,2022-12-04 05:42:20,2025-04-22 08:46:17
BOOK003823,CUST000834,HOT0182,ROOM000139,PROMO00367,2026-06-15,2026-08-03,2026-08-07,3,2,Travel Agent,Confirmed,AED,60000.0,5,3000.0,10260.0,67260.0,2024-11-24 11:27:05,2026-06-25 11:05:19
BOOK003824,CUST003617,HOT0096,ROOM001621,PROMO00369,2025-07-01,2025-07-07,2025-07-09,1,0,Website,Completed,SGD,14000.0,10,1400.0,2268.0,14868.0,2022-02-15 16:04:56,2024-08-13 02:22:56
BOOK003825,CUST003430,HOT0121,ROOM001773,PROMO00476,2026-04-29,2026-05-17,2026-05-21,1,0,Expedia,Completed,USD,20000.0,0,0.0,3600.0,23600.0,2023-02-28 08:55:32,2024-04-20 18:27:10
BOOK003826,CUST001227,HOT0136,ROOM000283,PROMO00229,2025-04-21,2025-06-12,2025-06-19,3,1,Expedia,Completed,SGD,24500.0,20,4900.0,3528.0,23128.0,2020-03-20 04:20:19,2023-09-22 03:39:37
BOOK003827,CUST002633,HOT0230,ROOM000942,PROMO00433,2026-07-06,2026-07-10,2026-07-17,1,2,Travel Agent,Confirmed,USD,35000.0,10,3500.0,5670.0,37170.0,2022-08-21 11:04:35,2024-10-06 02:16:19
BOOK003828,CUST004064,HOT0087,ROOM001230,PROMO00406,2024-09-03,2024-09-19,2024-09-21,4,1,Walk-In,Completed,GBP,10000.0,5,500.0,1710.0,11210.0,2020-09-23 15:07:38,2025-09-30 13:35:39
BOOK003829,CUST004837,HOT0174,ROOM001729,PROMO00044,2026-06-12,2026-07-27,2026-07-28,4,0,Website,Confirmed,EUR,7000.0,0,0.0,1260.0,8260.0,2023-02-09 04:48:24,2026-03-20 03:56:11
BOOK003830,CUST002066,HOT0097,ROOM000588,PROMO00225,2025-09-04,2025-09-30,2025-10-07,1,0,Mobile App,No Show,USD,24500.0,0,0.0,4410.0,28910.0,2022-11-04 11:07:41,2025-03-28 05:53:36
BOOK003831,CUST003587,HOT0019,ROOM000368,PROMO00285,2026-04-02,2026-04-21,2026-04-23,1,2,Travel Agent,Completed,INR,20000.0,20,4000.0,2880.0,-18880.0,2026-06-19 02:32:44,2026-07-25 02:54:55
BOOK003832,CUST001129,HOT0092,ROOM001474,PROMO00120,2024-08-15,2024-10-04,2024-10-05,2,1,Website,Completed,GBP,5000.0,20,1000.0,720.0,4720.0,2021-12-27 19:31:10,2022-02-13 04:48:42
BOOK003833,CUST000385,HOT0067,ROOM001634,PROMO00181,2025-03-24,2025-04-07,2025-04-10,4,1,Expedia,Confirmed,EUR,45000.0,15,6750.0,6885.0,45135.0,2022-04-14 11:51:18,2024-01-15 09:00:36
BOOK003834,CUST004863,HOT0168,ROOM000419,PROMO00250,2024-12-17,2025-01-07,2025-01-11,3,1,Travel Agent,Cancelled,INR,20000.0,20,4000.0,2880.0,18880.0,2022-04-06 23:33:30,2024-11-26 05:18:38
BOOK003835,CUST001534,HOT0200,ROOM001831,PROMO00085,2026-07-13,2026-09-03,2026-09-05,4,1,Booking.com,Cancelled,GBP,14000.0,15,2100.0,2142.0,14042.0,2023-08-02 05:20:14,2024-05-25 01:53:31
BOOK003836,CUST003155,HOT0207,ROOM001563,PROMO00202,2025-12-11,2026-01-31,2026-02-06,4,0,Travel Agent,Completed,INR,60000.0,10,6000.0,9720.0,63720.0,2021-06-12 21:35:02,2024-02-19 13:58:29
BOOK003837,CUST002004,HOT0241,ROOM000068,PROMO00109,2026-07-02,2026-07-22,2026-07-26,4,2,Travel Agent,Completed,USD,60000.0,15,9000.0,9180.0,60180.0,2022-12-15 00:21:12,2025-07-21 12:24:11
BOOK003838,CUST000178,HOT0092,ROOM001968,PROMO00207,2025-03-31,2025-05-07,2025-05-11,4,0,Travel Agent,Cancelled,USD,40000.0,15,6000.0,6120.0,40120.0,2024-09-28 04:11:20,2025-09-01 19:50:20
BOOK003839,CUST001950,HOT0245,ROOM000993,PROMO00010,2025-05-30,2025-07-18,2025-07-24,4,2,Booking.com,Confirmed,INR,21000.0,10,2100.0,3402.0,22302.0,2022-06-17 21:12:05,2022-10-10 19:09:16
BOOK003840,CUST003944,HOT0095,ROOM001342,PROMO00065,2024-10-02,2024-11-13,2024-11-14,3,1,Mobile App,Completed,GBP,5000.0,0,0.0,900.0,5900.0,2022-03-12 13:26:04,2024-06-26 08:41:57
BOOK003841,CUST000018,HOT0037,ROOM000971,PROMO00232,2026-04-29,2026-06-26,2026-06-29,1,0,Mobile App,Completed,USD,30000.0,15,4500.0,4590.0,30090.0,2024-05-02 14:05:32,2024-08-14 02:00:53
BOOK003842,CUST000316,HOT0006,ROOM001750,PROMO00332,2025-01-19,2025-02-14,2025-02-17,1,0,Website,Completed,SGD,7500.0,15,1125.0,1147.5,7522.5,2022-05-29 15:07:40,2024-12-10 17:08:18
BOOK003843,CUST004974,HOT0128,ROOM000446,PROMO00098,2025-07-18,2025-08-19,2025-08-21,2,2,Walk-In,No Show,USD,10000.0,0,0.0,1800.0,11800.0,2020-02-08 21:47:18,2024-09-14 02:36:44
BOOK003844,CUST000619,HOT0205,ROOM001032,PROMO00442,2024-09-04,2024-10-28,2024-10-30,3,2,Mobile App,Completed,INR,30000.0,20,6000.0,4320.0,28320.0,2020-09-06 22:20:46,2021-09-01 23:41:19
BOOK003845,CUST002013,HOT0171,ROOM000903,PROMO00316,2025-07-12,2025-07-28,2025-07-31,1,2,Walk-In,Confirmed,EUR,7500.0,5,375.0,1282.5,8407.5,2022-05-18 23:01:19,2023-04-04 14:12:25
BOOK003846,CUST001474,HOT0026,ROOM001738,PROMO00080,2024-08-16,2024-08-25,2024-08-29,2,0,Booking.com,Confirmed,GBP,28000.0,0,0.0,5040.0,33040.0,2022-01-28 06:21:40,2024-09-30 09:21:07
BOOK003847,CUST003047,HOT0209,ROOM000652,PROMO00017,2025-07-24,2025-08-27,2025-08-28,1,1,Travel Agent,Confirmed,SGD,15000.0,0,0.0,2700.0,17700.0,2024-05-24 16:40:12,2026-03-14 04:29:48
BOOK003848,CUST003454,HOT0115,ROOM000315,PROMO00191,2025-08-14,2025-09-04,2025-09-10,3,1,Booking.com,Completed,INR,60000.0,20,12000.0,8640.0,56640.0,2020-11-28 05:41:18,2021-03-21 11:13:57
BOOK003849,CUST001116,HOT0081,ROOM000120,PROMO00063,2025-04-27,2025-05-11,2025-05-13,1,1,Expedia,Completed,INR,5000.0,15,750.0,765.0,5015.0,2020-01-05 11:23:04,2020-07-31 18:32:30
BOOK003850,CUST001470,HOT0015,ROOM001958,PROMO00373,2025-08-29,2025-10-27,2025-11-01,1,0,Website,Completed,INR,50000.0,20,10000.0,7200.0,47200.0,2021-05-13 02:19:28,2025-12-24 08:04:48
BOOK003851,CUST001762,HOT0050,ROOM001952,PROMO00128,2025-11-01,2025-12-16,2025-12-19,2,2,Travel Agent,Completed,EUR,7500.0,5,375.0,1282.5,8407.5,2024-09-02 08:22:22,2025-08-22 21:09:25
BOOK003852,CUST004100,HOT0070,ROOM001528,PROMO00379,2024-12-07,2025-01-17,2025-01-23,3,1,Booking.com,Cancelled,GBP,90000.0,15,13500.0,13770.0,90270.0,2023-09-03 22:17:18,2024-10-12 19:17:12
BOOK003853,CUST000196,HOT0057,ROOM001909,PROMO00294,2025-04-21,2025-05-19,2025-05-21,1,0,Website,Completed,EUR,5000.0,0,0.0,900.0,5900.0,2020-02-28 00:21:07,2024-08-09 20:38:41
BOOK003854,CUST004006,HOT0134,ROOM000181,PROMO00391,2026-02-12,2026-03-20,2026-03-24,3,2,Mobile App,Cancelled,SGD,28000.0,10,2800.0,4536.0,29736.0,2025-03-13 02:11:16,2025-12-12 06:37:35
BOOK003855,CUST003377,HOT0223,ROOM000934,PROMO00282,2025-12-22,2026-01-25,2026-01-27,2,1,Walk-In,Completed,SGD,10000.0,0,0.0,1800.0,11800.0,2022-12-07 01:43:49,2026-03-19 06:15:43
BOOK003856,CUST002876,HOT0123,ROOM001601,PROMO00315,2024-11-03,2024-11-24,2024-11-29,2,1,Website,Completed,AED,25000.0,10,2500.0,4050.0,-26550.0,2025-09-14 23:21:31,2026-04-24 17:33:07
BOOK003857,CUST000194,HOT0027,ROOM000716,PROMO00100,2026-06-01,2026-06-25,2026-06-27,1,2,Walk-In,Completed,AED,7000.0,20,1400.0,1008.0,6608.0,2024-07-22 13:03:06,2025-12-23 11:01:16
BOOK003858,CUST002258,HOT0097,ROOM000588,PROMO00352,2026-03-14,2026-05-07,2026-05-13,1,2,Walk-In,Completed,USD,21000.0,5,1050.0,3591.0,23541.0,2020-05-20 06:37:55,2022-06-15 11:03:46
BOOK003859,CUST002147,HOT0114,ROOM000480,PROMO00245,2025-11-16,2025-12-29,2026-01-02,1,0,Travel Agent,Completed,EUR,60000.0,5,3000.0,10260.0,67260.0,2020-12-31 19:16:42,2025-02-16 19:35:23
BOOK003860,CUST001712,HOT0099,ROOM001726,PROMO00208,2026-06-15,2026-08-09,2026-08-16,3,1,Walk-In,Completed,AED,70000.0,10,7000.0,11340.0,74340.0,2024-02-16 16:24:38,2025-11-22 13:11:13
BOOK003861,CUST003368,HOT0095,ROOM000844,PROMO00103,2024-09-26,2024-11-23,2024-11-24,2,2,Website,Completed,AED,2500.0,15,375.0,382.5,2507.5,2025-07-22 16:01:51,2026-01-20 18:21:57
BOOK003862,CUST003076,HOT0086,ROOM000484,PROMO00021,2025-07-03,2025-08-07,2025-08-09,1,0,Booking.com,Confirmed,GBP,5000.0,0,0.0,900.0,5900.0,2023-06-17 15:04:22,2026-06-22 10:35:55
BOOK003863,CUST000688,HOT0198,ROOM000714,PROMO00096,2026-06-14,2026-07-31,2026-08-06,2,2,Booking.com,Confirmed,EUR,15000.0,15,2250.0,2295.0,15045.0,2020-03-11 15:19:25,2024-08-30 20:37:41
BOOK003864,CUST002178,HOT0074,ROOM000896,PROMO00430,2025-05-11,2025-06-15,2025-06-17,4,0,Travel Agent,Completed,AED,20000.0,10,2000.0,3240.0,21240.0,2025-03-16 06:05:08,2026-06-21 23:29:41
BOOK003865,CUST004362,HOT0164,ROOM001456,PROMO00499,2025-05-15,2025-05-21,2025-05-23,3,0,Walk-In,Completed,GBP,20000.0,15,3000.0,3060.0,20060.0,2021-01-28 06:14:38,2023-06-08 11:48:36
BOOK003866,CUST000152,HOT0145,ROOM000005,PROMO00289,2025-08-20,2025-09-24,2025-09-30,4,2,Website,Completed,USD,90000.0,20,18000.0,12960.0,84960.0,2020-08-23 11:00:33,2021-04-01 02:54:46
BOOK003867,CUST001289,HOT0217,ROOM001323,PROMO00371,2025-06-24,2025-08-09,2025-08-14,2,1,Booking.com,Confirmed,EUR,17500.0,5,875.0,2992.5,19617.5,2023-12-14 22:47:26,2024-09-10 17:29:43
BOOK003868,CUST001565,HOT0133,ROOM001851,PROMO00286,2025-09-05,2025-09-15,2025-09-22,3,1,Travel Agent,Confirmed,USD,105000.0,10,10500.0,17010.0,111510.0,2024-10-08 18:43:38,2026-03-24 09:51:15
BOOK003869,CUST002725,HOT0029,ROOM000258,PROMO00120,2025-10-13,2025-11-02,2025-11-09,3,0,Mobile App,Completed,AED,35000.0,0,0.0,6300.0,41300.0,2025-11-26 05:18:31,2026-01-22 15:03:12
BOOK003870,CUST000613,HOT0181,ROOM000972,PROMO00293,2025-07-03,2025-07-21,2025-07-28,4,0,Walk-In,Completed,SGD,17500.0,10,1750.0,2835.0,18585.0,2024-05-10 23:02:56,2025-10-19 08:16:42
BOOK003871,CUST000663,HOT0203,ROOM000657,PROMO00382,2025-12-27,2026-02-08,2026-02-12,2,0,Travel Agent,No Show,AED,14000.0,0,0.0,2520.0,16520.0,2023-01-12 05:45:49,2023-12-09 04:52:10
BOOK003872,CUST002124,HOT0213,ROOM000388,PROMO00404,2025-10-23,2025-12-19,2025-12-24,1,0,Booking.com,Completed,EUR,25000.0,10,2500.0,4050.0,26550.0,2024-08-27 18:24:25,2025-03-11 17:45:23
BOOK003873,CUST003290,HOT0155,ROOM001142,PROMO00243,2025-05-17,2025-06-20,2025-06-22,2,2,Booking.com,Confirmed,INR,20000.0,15,3000.0,3060.0,20060.0,2021-09-08 20:56:45,2025-09-30 03:15:08
BOOK003874,CUST001809,HOT0200,ROOM000859,PROMO00241,2024-10-11,2024-11-17,2024-11-22,4,2,Website,Completed,GBP,35000.0,15,5250.0,5355.0,35105.0,2024-02-27 20:16:43,2025-03-15 16:11:55
BOOK003875,CUST004939,HOT0139,ROOM001711,PROMO00064,2025-10-28,2025-12-22,2025-12-25,1,0,Booking.com,Completed,INR,21000.0,20,4200.0,3024.0,19824.0,2021-02-10 03:34:23,2026-03-16 17:18:42
BOOK003876,CUST003804,HOT0223,ROOM000934,PROMO00258,2025-12-31,2026-02-28,2026-03-04,3,0,Walk-In,Completed,AED,20000.0,5,1000.0,3420.0,22420.0,2026-01-01 11:20:26,2026-03-13 02:47:57
BOOK003877,CUST002410,HOT0193,ROOM000744,PROMO00028,2025-06-25,2025-07-16,2025-07-23,2,2,Expedia,Completed,EUR,17500.0,20,3500.0,2520.0,16520.0,2023-08-13 23:22:35,2024-06-28 17:41:45
BOOK003878,CUST001262,HOT0081,ROOM000538,PROMO00219,2025-05-18,2025-06-21,2025-06-23,2,2,Mobile App,Cancelled,SGD,10000.0,0,0.0,1800.0,11800.0,2026-04-01 08:45:08,2026-04-06 00:32:58
BOOK003879,CUST000841,HOT0215,ROOM001935,PROMO00295,2025-09-11,2025-09-30,2025-10-02,3,0,Travel Agent,Completed,SGD,14000.0,20,2800.0,2016.0,13216.0,2023-07-10 19:55:55,2025-11-14 04:47:35
BOOK003880,CUST003074,HOT0234,ROOM001600,PROMO00429,2026-01-17,2026-02-21,2026-02-22,1,1,Travel Agent,Completed,USD,2500.0,20,500.0,360.0,2360.0,2026-03-15 05:04:15,2026-05-12 04:29:10
BOOK003881,CUST000886,HOT0122,ROOM001868,PROMO00020,2025-09-13,2025-10-06,2025-10-10,1,0,Mobile App,Confirmed,USD,40000.0,20,8000.0,5760.0,37760.0,2025-05-22 19:25:57,2026-06-05 06:51:51
BOOK003882,CUST000913,HOT0107,ROOM000231,PROMO00408,2025-09-27,2025-10-30,2025-11-06,4,0,Expedia,Completed,,105000.0,5,5250.0,17955.0,117705.0,2024-03-17 07:22:28,2025-12-10 06:56:53
BOOK003883,CUST004564,HOT0176,ROOM001999,PROMO00322,2025-06-14,2025-07-04,2025-07-05,1,1,Website,Completed,EUR,5000.0,15,750.0,765.0,5015.0,2021-10-23 01:05:36,2025-10-27 20:39:17
BOOK003884,CUST001554,HOT0064,ROOM000229,PROMO00453,2025-04-01,2025-05-17,2025-05-19,1,0,Expedia,Completed,EUR,7000.0,0,0.0,1260.0,8260.0,2020-01-28 09:15:39,2025-11-08 04:33:19
BOOK003885,CUST002808,HOT0161,ROOM001439,PROMO00084,2025-10-28,2025-11-29,2025-12-03,3,2,Walk-In,Cancelled,GBP,14000.0,5,700.0,2394.0,15694.0,2024-03-04 11:13:02,2024-09-12 01:00:24
BOOK003886,CUST001314,HOT0197,ROOM001692,PROMO00186,2024-10-07,2024-11-22,2024-11-25,3,1,Booking.com,Completed,EUR,45000.0,15,6750.0,6885.0,45135.0,2021-11-03 03:27:32,2023-06-15 04:11:41
BOOK003887,CUST000411,HOT0003,ROOM001641,PROMO00226,2024-09-29,2024-11-03,2024-11-08,4,0,Website,Confirmed,EUR,50000.0,10,5000.0,8100.0,53100.0,2021-08-23 09:42:14,2023-05-01 04:07:14
BOOK003888,CUST001700,HOT0070,ROOM000986,PROMO00371,2026-04-30,2026-05-17,2026-05-21,2,1,Travel Agent,Completed,AED,40000.0,20,8000.0,5760.0,37760.0,2021-08-11 04:48:13,2023-06-17 21:03:25
BOOK003889,CUST001425,HOT0038,ROOM000933,PROMO00209,2025-03-26,2025-05-01,2025-05-08,3,1,Travel Agent,Completed,SGD,35000.0,10,3500.0,5670.0,37170.0,2024-02-29 22:37:26,2024-05-10 12:03:20
BOOK003890,CUST001829,HOT0093,ROOM000906,PROMO00393,2025-12-17,2025-12-19,2025-12-21,1,2,Travel Agent,Completed,SGD,7000.0,15,1050.0,1071.0,7021.0,2024-03-03 09:13:35,2025-10-05 02:37:08
BOOK003891,CUST004439,HOT0044,ROOM001730,PROMO00048,2025-10-20,2025-10-27,2025-10-28,2,2,Website,Completed,EUR,15000.0,20,3000.0,2160.0,14160.0,2025-08-07 12:09:42,2025-11-27 03:26:40
BOOK003892,CUST002448,HOT0203,ROOM000796,PROMO00432,2025-02-09,2025-03-25,2025-03-26,2,2,Travel Agent,Confirmed,USD,15000.0,0,0.0,2700.0,17700.0,2024-05-31 16:55:10,2026-03-16 19:11:53
BOOK003893,CUST003910,HOT0050,ROOM001702,PROMO00305,2025-08-14,2025-10-05,2025-10-12,3,1,Walk-In,Confirmed,GBP,17500.0,20,3500.0,2520.0,16520.0,2025-07-21 08:30:44,2026-04-01 06:34:45
BOOK003894,CUST004600,HOT0099,ROOM001856,PROMO00194,2024-09-01,2024-10-13,2024-10-18,4,1,Website,Completed,EUR,17500.0,5,875.0,2992.5,19617.5,2022-05-11 02:06:18,2026-04-13 15:45:15
BOOK003895,CUST003653,HOT0136,ROOM000334,PROMO00106,2024-09-04,2024-10-05,2024-10-09,2,0,Website,Completed,EUR,40000.0,10,4000.0,6480.0,42480.0,2024-04-06 10:35:31,2025-03-17 07:40:38
BOOK003896,CUST003415,HOT0114,ROOM001321,PROMO00254,2024-09-22,2024-10-03,2024-10-05,4,2,Expedia,Completed,GBP,30000.0,5,1500.0,5130.0,33630.0,2021-04-26 14:44:45,2024-03-03 03:14:24
BOOK003897,CUST004325,HOT0092,ROOM001663,PROMO00136,2024-12-09,2025-01-30,2025-02-04,4,2,Expedia,Completed,GBP,75000.0,5,3750.0,12825.0,84075.0,2022-11-01 02:01:14,2023-10-03 10:55:24
BOOK003898,CUST004314,HOT0224,ROOM001077,PROMO00003,2024-12-31,2025-01-23,2025-01-28,3,0,Website,Confirmed,EUR,50000.0,15,7500.0,7650.0,50150.0,2023-09-17 11:19:10,2025-07-19 20:41:02
BOOK003899,CUST003216,HOT0063,ROOM001426,PROMO00327,2025-03-19,2025-04-03,2025-04-05,1,1,Walk-In,Completed,INR,7000.0,15,1050.0,1071.0,7021.0,2020-05-05 18:15:24,2025-05-30 22:50:57
BOOK003900,CUST000989,HOT0134,ROOM001354,PROMO00269,2026-01-24,2026-02-19,2026-02-25,2,1,Booking.com,Confirmed,SGD,30000.0,15,4500.0,4590.0,30090.0,2025-04-24 14:45:23,2025-05-22 04:17:28
BOOK003901,CUST004482,HOT0171,ROOM000280,PROMO00019,2026-01-28,2026-03-12,2026-03-16,2,0,Website,Completed,GBP,10000.0,5,500.0,1710.0,11210.0,2021-08-07 13:20:47,2022-10-17 08:41:57
BOOK003902,CUST003513,HOT0037,ROOM000821,PROMO00153,2025-11-30,2026-01-05,2026-01-09,1,2,Booking.com,Cancelled,INR,60000.0,20,12000.0,8640.0,56640.0,2020-12-07 09:15:57,2023-10-22 19:47:40
BOOK003903,CUST004174,HOT0112,ROOM001902,PROMO00478,2025-03-22,2025-05-08,2025-05-09,4,1,Travel Agent,Completed,AED,15000.0,5,750.0,2565.0,16815.0,2024-06-02 19:41:42,2026-02-16 08:41:45
BOOK003904,CUST000771,HOT0138,ROOM001498,PROMO00218,2024-10-25,2024-12-12,2024-12-14,1,2,Walk-In,Confirmed,AED,7000.0,0,0.0,1260.0,8260.0,2021-07-24 01:29:26,2023-05-23 02:43:04
BOOK003905,CUST999999,HOT0010,ROOM000622,PROMO00405,2024-11-23,2025-01-11,2025-01-13,2,2,Walk-In,Completed,GBP,10000.0,5,500.0,1710.0,11210.0,2025-04-20 22:09:19,2026-01-15 01:57:54
BOOK003906,CUST999999,HOT0117,ROOM000709,PROMO00122,2025-09-01,2025-09-03,2025-09-04,1,0,Expedia,Cancelled,INR,15000.0,20,3000.0,2160.0,14160.0,2020-01-03 09:33:29,2021-05-11 14:17:40
BOOK003907,CUST002759,HOT0101,ROOM001709,PROMO00426,2025-02-20,2025-04-01,2025-04-04,2,1,Website,Confirmed,USD,10500.0,5,525.0,1795.5,11770.5,2025-06-12 21:41:25,2025-10-05 04:08:00
BOOK003908,CUST003257,HOT0038,ROOM000322,PROMO00164,2025-06-01,2025-06-06,2025-06-12,4,0,Expedia,Completed,AED,90000.0,10,9000.0,14580.0,95580.0,2020-10-25 20:53:03,2024-06-03 04:42:55
BOOK003909,CUST000445,HOT0039,ROOM001082,PROMO00183,2025-01-23,2025-02-18,2025-02-23,2,1,Booking.com,Confirmed,USD,75000.0,5,3750.0,12825.0,84075.0,2025-06-28 20:17:20,2026-02-21 03:59:01
BOOK003910,CUST002163,HOT0112,ROOM001967,PROMO00310,2026-06-07,2026-06-15,2026-06-16,1,0,Website,Cancelled,SGD,10000.0,20,2000.0,1440.0,9440.0,2024-03-28 09:12:05,2025-01-19 22:41:13
BOOK003911,CUST003146,HOT0053,ROOM000665,PROMO00286,2025-06-05,2025-07-02,2025-06-05,4,1,Booking.com,Confirmed,USD,15000.0,5,750.0,2565.0,16815.0,2021-10-28 18:18:10,2026-05-08 13:44:52
BOOK003912,CUST004919,HOT0037,ROOM000971,PROMO00202,2025-01-16,2025-01-28,2025-02-04,4,1,Travel Agent,Confirmed,INR,70000.0,15,10500.0,10710.0,70210.0,2026-03-19 14:07:09,2026-04-16 05:08:40
BOOK003913,CUST003004,HOT0025,ROOM001918,PROMO00253,2025-11-07,2025-12-18,2025-12-22,3,1,Travel Agent,Completed,USD,40000.0,10,4000.0,6480.0,42480.0,2020-02-05 07:52:18,2023-10-03 13:35:50
BOOK003914,CUST003761,HOT0096,ROOM000921,PROMO00310,2025-04-23,2025-05-15,2025-05-18,3,0,Website,Completed,AED,45000.0,5,2250.0,7695.0,50445.0,2022-06-13 02:14:35,2022-11-22 13:35:46
BOOK003915,CUST001157,HOT0078,ROOM000956,PROMO00307,2024-12-18,2024-12-22,2024-12-29,4,0,Website,Cancelled,SGD,49000.0,15,7350.0,7497.0,49147.0,2023-10-17 13:28:53,2026-04-23 08:24:35
BOOK003916,CUST000831,HOT0119,ROOM000078,PROMO00040,2026-04-15,2026-05-03,2026-05-07,4,1,Expedia,Completed,AED,10000.0,10,1000.0,1620.0,10620.0,2026-05-25 01:04:48,2026-06-20 07:30:07
BOOK003917,CUST004847,HOT0119,ROOM000078,PROMO00113,2026-01-09,2026-02-13,2026-02-17,1,0,Booking.com,Completed,SGD,10000.0,20,2000.0,1440.0,9440.0,2022-11-27 21:53:00,2025-09-24 13:44:08
BOOK003918,CUST002796,HOT0177,ROOM001389,PROMO00452,2024-08-06,2024-08-17,2024-08-18,2,1,Website,Confirmed,AED,7000.0,5,350.0,1197.0,7847.0,2020-06-28 16:36:11,2025-10-24 09:30:02
BOOK003919,CUST004679,HOT0233,ROOM001431,PROMO00491,2026-01-22,2026-02-26,2026-03-03,4,0,Website,Cancelled,GBP,17500.0,10,1750.0,2835.0,18585.0,2023-12-07 22:08:39,2025-11-28 01:32:55
BOOK003920,CUST003656,HOT0016,ROOM001074,PROMO00235,2025-03-12,2025-05-07,2025-05-08,3,2,Walk-In,Completed,SGD,5000.0,5,250.0,855.0,5605.0,2021-12-01 04:08:25,2024-03-22 14:03:44
BOOK003921,CUST003357,HOT0073,ROOM000397,PROMO00437,2025-05-24,2025-05-29,2025-05-31,1,2,Mobile App,Completed,EUR,14000.0,20,2800.0,2016.0,13216.0,2021-01-05 07:04:01,2026-01-07 17:10:58
BOOK003922,CUST004831,HOT0015,ROOM001253,PROMO00218,2025-10-24,2025-11-30,2025-12-01,3,0,Mobile App,Completed,USD,10000.0,0,0.0,1800.0,11800.0,2024-07-13 03:06:32,2024-09-06 00:02:09
BOOK003923,CUST001752,HOT0129,ROOM001430,PROMO00191,2026-04-02,2026-04-19,2026-04-26,2,0,Expedia,Completed,GBP,24500.0,5,1225.0,4189.5,27464.5,2025-07-06 13:25:53,2025-07-08 18:42:01
BOOK003924,CUST002374,HOT0147,ROOM001906,PROMO00461,2024-11-30,2025-01-11,2025-01-17,2,2,Booking.com,No Show,AED,30000.0,15,4500.0,4590.0,30090.0,2020-12-13 23:33:49,2025-05-28 03:02:34
BOOK003925,CUST000314,HOT0118,ROOM000910,PROMO00171,2025-04-11,2025-05-12,2025-05-18,4,1,Walk-In,Completed,GBP,30000.0,5,1500.0,5130.0,33630.0,2024-05-04 04:05:39,2025-12-01 23:54:45
BOOK003926,CUST004794,HOT0022,ROOM001562,PROMO00327,2025-05-08,2025-07-04,2025-07-09,1,0,Website,Completed,GBP,75000.0,15,11250.0,11475.0,75225.0,2021-03-16 14:45:07,2026-06-19 07:36:37
BOOK003927,CUST000316,HOT0063,ROOM000256,PROMO00346,2025-03-17,2025-05-10,2025-05-17,3,2,Travel Agent,Completed,EUR,105000.0,15,15750.0,16065.0,105315.0,2022-06-15 12:26:18,2022-11-25 17:00:39
BOOK003928,CUST004809,HOT0190,ROOM000833,PROMO00046,2025-05-10,2025-06-23,2025-06-24,1,0,Expedia,Completed,SGD,15000.0,20,3000.0,2160.0,14160.0,2022-05-28 21:32:14,2022-09-23 01:10:26
BOOK003929,CUST003246,HOT0099,ROOM000185,PROMO00126,2025-08-17,2025-08-30,2025-09-01,2,1,Expedia,Confirmed,GBP,7000.0,0,0.0,1260.0,8260.0,2020-10-13 22:18:36,2022-09-26 03:56:20
BOOK003930,CUST004801,HOT0171,ROOM000374,PROMO00348,2024-08-20,2024-10-10,2024-10-15,3,0,Booking.com,Completed,SGD,50000.0,20,10000.0,7200.0,47200.0,2025-03-01 05:14:58,2025-07-23 04:29:51
BOOK003931,CUST000706,HOT0180,ROOM001173,PROMO00500,2025-07-16,2025-08-01,2025-08-03,4,1,Expedia,Confirmed,GBP,20000.0,10,2000.0,3240.0,21240.0,2023-11-01 02:35:16,2025-01-01 16:09:56
BOOK003932,CUST001091,HOT0186,ROOM001163,PROMO00447,2025-09-05,2025-10-05,2025-10-06,1,0,Walk-In,Completed,SGD,2500.0,20,500.0,360.0,2360.0,2023-06-26 04:01:09,2024-07-20 22:27:38
BOOK003933,CUST003534,HOT0001,ROOM000828,PROMO00065,2025-09-23,2025-10-22,2025-10-27,2,2,Travel Agent,Completed,SGD,35000.0,15,5250.0,5355.0,35105.0,2022-07-05 11:21:37,2022-08-03 09:56:38
BOOK003934,CUST003424,HOT0003,ROOM001637,PROMO00076,2024-12-31,2025-02-27,2025-03-01,1,1,Travel Agent,Cancelled,EUR,20000.0,5,1000.0,3420.0,22420.0,2026-05-29 20:52:44,2026-06-12 19:50:32
BOOK003935,CUST003205,HOT0010,ROOM000302,PROMO00145,2025-01-12,2025-01-15,2025-01-20,1,0,Travel Agent,No Show,SGD,35000.0,15,5250.0,5355.0,35105.0,2025-02-01 20:30:06,2026-02-04 12:11:18
BOOK003936,CUST001240,HOT0053,ROOM001437,PROMO00336,2026-04-14,2026-06-12,2026-06-14,3,1,Expedia,Completed,AED,10000.0,10,1000.0,1620.0,10620.0,2025-09-11 11:11:14,2026-05-04 16:03:41
BOOK003937,CUST003308,HOT0184,ROOM000919,PROMO00401,2026-04-13,2026-05-06,2026-05-13,4,1,Booking.com,Completed,AED,70000.0,0,0.0,12600.0,82600.0,2020-10-20 18:42:34,2024-02-23 03:52:51
BOOK003938,CUST004586,HOT0141,ROOM001677,PROMO00333,2025-10-31,2025-12-28,2025-12-30,3,1,Booking.com,Completed,AED,5000.0,15,750.0,765.0,5015.0,2021-03-19 15:40:08,2021-10-28 21:49:55
BOOK003939,CUST003774,HOT0140,ROOM001376,PROMO00099,2025-05-12,2025-06-18,2025-06-22,3,1,Walk-In,Completed,GBP,10000.0,5,500.0,1710.0,11210.0,2021-08-11 23:33:46,2023-05-25 11:56:29
BOOK003940,CUST003541,HOT0227,ROOM001096,PROMO00119,2025-10-30,2025-12-09,2025-12-12,1,2,Mobile App,Cancelled,GBP,10500.0,15,1575.0,1606.5,10531.5,2025-11-28 14:11:43,2026-05-12 01:17:44
BOOK003941,CUST002311,HOT0224,ROOM001077,PROMO00240,2026-01-03,2026-02-25,2026-03-04,1,0,Booking.com,Confirmed,USD,70000.0,10,7000.0,11340.0,74340.0,2020-09-04 13:18:06,2020-11-01 03:46:58
BOOK003942,CUST999999,HOT0228,ROOM000323,PROMO00259,2025-02-27,2025-04-02,2025-04-03,4,2,Expedia,No Show,AED,15000.0,10,1500.0,2430.0,15930.0,2022-07-24 15:26:51,2025-06-23 09:45:26
BOOK003943,CUST000926,HOT0173,ROOM000450,PROMO00468,2026-06-22,2026-08-15,2026-08-22,4,2,Travel Agent,Confirmed,GBP,35000.0,15,5250.0,5355.0,35105.0,2024-08-09 19:22:18,2026-07-09 05:27:07
BOOK003944,CUST002456,HOT0137,ROOM001010,PROMO00035,2024-12-01,2024-12-03,2024-12-04,3,1,Walk-In,Completed,USD,2500.0,20,500.0,360.0,2360.0,2022-04-03 01:55:43,2022-06-27 22:51:04
BOOK003945,CUST000994,HOT0226,ROOM000670,PROMO00263,2025-01-01,2025-02-27,2025-03-05,4,0,Website,Cancelled,SGD,42000.0,20,8400.0,6048.0,39648.0,2023-03-31 02:46:31,2025-05-05 15:42:28
BOOK003946,CUST000929,HOT0035,ROOM001875,PROMO00261,2025-12-29,2026-02-12,2026-02-16,3,0,Mobile App,No Show,SGD,20000.0,15,3000.0,3060.0,20060.0,2023-11-21 10:30:38,2026-01-11 08:39:52
BOOK003947,CUST000460,HOT0234,ROOM001600,PROMO00237,2025-11-08,2026-01-07,2026-01-13,3,2,Booking.com,Completed,USD,15000.0,5,750.0,2565.0,16815.0,2024-12-09 17:32:32,2026-04-12 08:08:32
BOOK003948,CUST000181,HOT0098,ROOM000656,PROMO00310,2025-07-15,2025-08-04,2025-08-05,3,1,Website,No Show,SGD,7000.0,5,350.0,1197.0,7847.0,2022-06-12 07:24:33,2024-02-14 02:29:06
BOOK003949,CUST001620,HOT0044,ROOM000267,PROMO00020,2026-04-22,2026-04-24,2026-04-30,4,1,Booking.com,Confirmed,AED,42000.0,10,4200.0,6804.0,44604.0,2020-04-02 10:22:40,2022-04-29 12:40:08
BOOK003950,CUST000278,HOT0132,ROOM000757,PROMO00129,2025-08-27,2025-10-01,2025-10-07,3,0,Walk-In,Cancelled,GBP,21000.0,15,3150.0,3213.0,21063.0,2024-09-11 06:45:48,2026-03-02 11:10:52
BOOK003951,CUST001880,HOT0021,ROOM001795,PROMO00410,2025-11-19,2026-01-12,2026-01-15,4,0,Website,Completed,AED,30000.0,15,4500.0,4590.0,30090.0,2023-06-19 02:10:44,2025-12-13 03:53:15
BOOK003952,CUST003343,HOT0087,ROOM001716,PROMO00346,2026-04-28,2026-05-01,2026-05-07,1,0,Website,Cancelled,AED,30000.0,0,0.0,5400.0,35400.0,2025-05-21 22:41:04,2026-01-08 22:08:49
BOOK003953,CUST004126,HOT0088,ROOM001811,PROMO00280,2024-10-01,2024-10-10,2024-10-13,4,2,Walk-In,Completed,USD,7500.0,0,0.0,1350.0,8850.0,2025-12-10 14:32:44,2026-06-01 05:09:06
BOOK003954,CUST000809,HOT0120,ROOM001388,PROMO00200,2026-03-07,2026-04-30,2026-05-05,2,1,Booking.com,Completed,SGD,25000.0,10,2500.0,4050.0,26550.0,2025-01-10 05:39:17,2026-06-01 19:59:32
BOOK003955,CUST999999,HOT0148,ROOM001848,PROMO00333,2026-07-22,2026-08-06,2026-08-07,1,0,Walk-In,Completed,INR,7000.0,15,1050.0,1071.0,7021.0,2025-06-16 22:12:05,2026-05-27 21:29:19
BOOK003956,CUST001369,HOT0132,ROOM000407,PROMO00106,2026-03-30,2026-05-14,2026-05-15,3,2,Mobile App,Confirmed,EUR,3500.0,20,700.0,504.0,3304.0,2023-06-21 08:12:36,2025-05-14 01:55:10
BOOK003957,CUST002329,HOT0058,ROOM000885,PROMO00321,2026-06-08,2026-06-18,2026-06-22,4,2,Walk-In,Cancelled,EUR,10000.0,0,0.0,1800.0,11800.0,2021-11-01 11:03:19,2023-04-24 21:59:23
BOOK003958,CUST002649,HOT0209,ROOM001985,PROMO00226,2026-06-15,2026-07-14,2026-07-17,3,1,Website,Cancelled,SGD,45000.0,0,0.0,8100.0,53100.0,2025-12-01 16:53:32,2026-05-07 10:20:02
BOOK003959,CUST004892,HOT0019,ROOM001477,PROMO00017,2025-05-21,2025-06-01,2025-06-02,2,0,Walk-In,Completed,SGD,5000.0,10,500.0,810.0,5310.0,2026-04-28 23:13:06,2026-04-30 15:16:52
BOOK003960,CUST004352,HOT0200,ROOM001236,PROMO00055,2024-09-16,2024-11-07,2024-11-09,3,2,Expedia,Completed,USD,5000.0,10,500.0,810.0,5310.0,2023-03-05 13:53:11,2024-07-12 08:49:28
BOOK003961,CUST004750,HOT0084,ROOM000110,PROMO00223,2025-03-26,2025-05-19,2025-05-25,3,0,Travel Agent,Completed,EUR,21000.0,15,3150.0,3213.0,21063.0,2023-06-16 20:55:31,2025-02-17 19:40:23
BOOK003962,CUST001479,HOT0122,ROOM000763,PROMO00032,2024-12-06,2024-12-23,2024-12-25,1,0,Mobile App,Completed,GBP,14000.0,0,0.0,2520.0,16520.0,2021-06-26 12:34:02,2025-11-02 11:52:32
BOOK003963,CUST004797,HOT0014,ROOM000490,PROMO00389,2026-07-27,2026-09-04,2026-09-11,3,0,Booking.com,Completed,SGD,35000.0,5,1750.0,5985.0,39235.0,2021-03-11 01:43:21,2023-01-29 21:10:16
BOOK003964,CUST002067,HOT0026,ROOM000148,PROMO00360,2025-01-07,2025-02-12,2025-02-18,4,2,Mobile App,Completed,AED,42000.0,20,8400.0,6048.0,39648.0,2026-03-23 06:00:09,2026-05-16 12:19:56
BOOK003965,CUST004293,HOT0215,ROOM001079,PROMO00417,2024-12-03,2025-01-15,2025-01-20,3,2,Expedia,Confirmed,INR,35000.0,10,3500.0,5670.0,37170.0,2020-09-09 09:02:37,2023-04-01 07:14:53
BOOK003966,CUST001550,HOT0066,ROOM001409,PROMO00061,2025-04-01,2025-05-31,2025-06-01,1,1,Travel Agent,No Show,SGD,5000.0,20,1000.0,720.0,4720.0,2024-03-11 01:05:02,2025-02-02 22:10:30
BOOK003967,CUST004334,HOT0221,ROOM001813,PROMO00359,2026-01-14,2026-02-20,2026-02-22,1,0,Walk-In,Completed,AED,10000.0,5,500.0,1710.0,11210.0,2023-09-18 18:51:54,2025-04-27 00:13:52
BOOK003968,CUST003781,HOT0057,ROOM000765,PROMO00273,2026-06-12,2026-07-28,2026-08-04,1,0,Walk-In,Confirmed,AED,105000.0,15,15750.0,16065.0,105315.0,2021-04-30 13:17:49,2024-01-14 06:28:26
BOOK003969,CUST000361,HOT0235,ROOM000311,PROMO00037,2025-10-15,2025-11-29,2025-12-02,1,1,Walk-In,Completed,GBP,21000.0,15,3150.0,3213.0,21063.0,2021-01-09 13:48:46,2021-04-08 16:19:13
BOOK003970,CUST000724,HOT0198,ROOM001743,PROMO00384,2025-12-14,2025-12-17,2025-12-18,2,0,Expedia,Completed,INR,7000.0,5,350.0,1197.0,7847.0,2021-06-14 14:50:16,2023-11-03 20:47:54
BOOK003971,CUST002517,HOT0026,ROOM001956,PROMO00436,2026-03-16,2026-03-21,2026-03-26,3,1,Website,Confirmed,GBP,12500.0,20,2500.0,1800.0,11800.0,2020-08-20 13:38:17,2022-12-04 14:01:14
BOOK003972,CUST003606,HOT0204,ROOM001158,PROMO00474,2026-01-29,2026-02-16,2026-02-22,4,0,Travel Agent,Completed,INR,21000.0,5,1050.0,3591.0,23541.0,2021-10-15 05:54:41,2024-04-13 02:02:29
BOOK003973,CUST001161,HOT0244,ROOM001880,PROMO00274,2024-10-09,2024-10-15,2024-10-21,4,2,Expedia,No Show,AED,42000.0,15,6300.0,6426.0,42126.0,2022-05-30 02:01:48,2022-10-02 07:57:54
BOOK003974,CUST001948,HOT0207,ROOM001976,PROMO00254,2025-03-11,2025-05-09,2025-05-10,2,2,Expedia,Completed,INR,5000.0,20,1000.0,720.0,4720.0,2021-10-15 17:56:01,2022-04-21 11:30:10
BOOK003975,CUST004141,HOT0230,ROOM000942,PROMO00463,2025-07-04,2025-07-22,2025-07-27,1,0,Expedia,Confirmed,SGD,25000.0,15,3750.0,3825.0,25075.0,2020-11-01 06:14:03,2023-01-20 17:34:06
BOOK003976,CUST003356,HOT0167,ROOM001576,PROMO00303,2025-06-11,2025-07-27,2025-08-03,1,2,Expedia,No Show,GBP,70000.0,10,7000.0,11340.0,74340.0,2025-12-22 19:49:40,2026-01-17 22:51:37
BOOK003977,CUST002622,HOT0082,ROOM000271,PROMO00040,2025-11-23,2025-12-26,2025-12-31,2,0,Travel Agent,Completed,AED,35000.0,0,0.0,6300.0,41300.0,2024-02-25 04:50:09,2024-08-02 17:47:02
BOOK003978,CUST002026,HOT0051,ROOM001279,PROMO00027,2025-01-31,2025-02-14,2025-02-21,3,1,Website,No Show,AED,24500.0,10,2450.0,3969.0,26019.0,2022-06-08 22:21:00,2025-08-29 08:07:58
BOOK003979,CUST000868,HOT0179,ROOM001530,PROMO00283,2025-12-20,2026-01-27,2026-01-31,3,1,Walk-In,Completed,EUR,40000.0,0,0.0,7200.0,47200.0,2022-12-08 04:52:32,2023-08-22 18:15:04
BOOK003980,CUST004873,HOT0036,ROOM001723,PROMO00171,2026-05-05,2026-06-09,2026-06-12,4,0,Travel Agent,Cancelled,INR,45000.0,5,2250.0,7695.0,50445.0,2026-06-28 05:45:43,2026-06-30 22:10:53
BOOK003981,CUST000368,HOT0225,ROOM001117,PROMO00073,2024-08-31,2024-09-30,2024-10-05,4,0,Booking.com,Confirmed,INR,12500.0,10,1250.0,2025.0,13275.0,2022-05-22 06:45:54,2023-03-25 01:10:37
BOOK003982,CUST004188,HOT0123,ROOM000995,PROMO00010,2025-11-24,2025-12-13,2025-12-19,3,0,Website,Completed,SGD,90000.0,10,9000.0,14580.0,95580.0,2024-09-20 07:16:09,2026-05-14 23:55:50
BOOK003983,CUST003103,HOT0192,ROOM000550,PROMO00005,2025-10-02,2025-10-23,2025-10-28,1,2,Walk-In,Completed,USD,17500.0,10,1750.0,2835.0,18585.0,2024-01-14 14:43:52,2024-10-04 11:19:50
BOOK003984,CUST000597,HOT0086,ROOM001845,PROMO00407,2025-05-10,2025-06-26,2025-07-03,1,0,Mobile App,Completed,USD,70000.0,15,10500.0,10710.0,70210.0,2024-07-24 20:03:28,2025-05-07 13:08:37
BOOK003985,CUST000404,HOT0020,ROOM000491,PROMO00164,2026-07-12,2026-07-19,2026-07-23,3,0,Mobile App,Completed,AED,40000.0,15,6000.0,6120.0,40120.0,2025-10-16 19:49:22,2026-02-20 08:46:09
BOOK003986,CUST000733,HOT0035,ROOM000872,PROMO00442,2025-06-27,2025-08-24,2025-08-27,3,2,Website,Confirmed,USD,10500.0,0,0.0,1890.0,12390.0,2022-01-07 19:32:27,2026-01-04 17:20:39
BOOK003987,CUST002751,HOT0130,ROOM001626,PROMO00365,2025-09-01,2025-10-09,2025-10-13,4,0,Travel Agent,Confirmed,INR,14000.0,10,1400.0,2268.0,14868.0,2026-02-13 03:40:04,2026-07-17 01:00:14
BOOK003988,CUST002973,HOT0216,ROOM000496,PROMO00403,2025-09-21,2025-11-01,2025-11-02,4,1,Website,Completed,AED,15000.0,15,2250.0,2295.0,15045.0,2021-12-01 09:04:11,2023-08-15 10:16:08
BOOK003989,CUST001103,HOT0126,ROOM000932,PROMO00473,2024-08-09,2024-08-27,2024-09-01,1,0,Mobile App,Completed,USD,75000.0,20,15000.0,10800.0,70800.0,2023-04-23 04:23:26,2024-01-08 16:03:36
BOOK003990,CUST004799,HOT0172,ROOM000770,PROMO00463,2025-10-03,2025-11-29,2025-12-06,1,0,Website,No Show,INR,105000.0,0,0.0,18900.0,123900.0,2025-11-24 05:44:17,2026-04-25 05:22:25
BOOK003991,CUST004774,HOT0027,ROOM001597,PROMO00050,2026-03-04,2026-04-24,2026-04-29,1,0,Expedia,Completed,GBP,25000.0,15,3750.0,3825.0,25075.0,2026-06-08 17:55:32,2026-07-11 17:26:32
BOOK003992,CUST001269,HOT0096,ROOM000241,PROMO00464,2025-09-18,2025-10-10,2025-10-15,4,0,Booking.com,Confirmed,AED,50000.0,10,5000.0,8100.0,53100.0,2020-12-29 08:24:19,2026-03-27 04:25:55
BOOK003993,CUST004690,HOT0042,ROOM001809,PROMO00464,2024-11-06,2024-12-30,2025-01-06,4,0,Expedia,Completed,AED,35000.0,10,3500.0,5670.0,37170.0,2025-08-22 11:17:40,2026-07-09 07:42:43
BOOK003994,CUST003095,HOT0106,ROOM001493,PROMO00051,2024-11-23,2025-01-18,2025-01-24,2,2,Expedia,Completed,INR,15000.0,0,0.0,2700.0,17700.0,2026-05-13 11:35:34,2026-05-23 05:46:00
BOOK003995,CUST000253,HOT0023,ROOM001526,PROMO00077,2026-03-06,2026-03-21,2026-03-24,1,2,Expedia,Completed,INR,10500.0,20,2100.0,1512.0,9912.0,2022-03-16 08:24:52,2024-08-07 21:33:46
BOOK003996,CUST004046,HOT0163,ROOM001552,PROMO00297,2024-12-01,2024-12-10,2024-12-13,4,0,Travel Agent,Completed,AED,30000.0,20,6000.0,4320.0,28320.0,2025-12-24 20:17:57,2026-05-08 20:54:05
BOOK003997,CUST001916,HOT0176,ROOM001465,PROMO00415,2024-11-16,2024-12-25,2025-01-01,2,0,Expedia,Confirmed,SGD,105000.0,10,10500.0,17010.0,111510.0,2022-04-20 06:59:27,2024-03-05 04:29:35
BOOK003998,CUST002396,HOT0191,ROOM000565,PROMO00157,2025-12-16,2026-02-09,2026-02-15,4,0,Mobile App,Completed,SGD,30000.0,0,0.0,5400.0,35400.0,2021-03-09 18:22:26,2024-10-27 20:47:15
BOOK003999,CUST000657,HOT0016,ROOM001074,PROMO00007,2026-04-06,2026-05-25,2026-05-29,3,0,Expedia,Completed,INR,20000.0,10,2000.0,3240.0,21240.0,2023-01-24 22:52:41,2023-02-26 22:23:37
BOOK004000,CUST000635,HOT0062,ROOM000330,PROMO00204,2026-03-27,2026-03-29,2026-04-03,3,1,Mobile App,Cancelled,USD,50000.0,15,7500.0,7650.0,50150.0,2026-07-23 03:25:37,2026-07-26 22:59:35
BOOK004001,CUST001791,HOT0163,ROOM001552,PROMO00007,2024-10-14,2024-12-04,2024-12-11,2,1,Expedia,Completed,SGD,70000.0,10,7000.0,11340.0,74340.0,2022-04-19 23:22:47,2025-06-04 13:08:27
BOOK004002,CUST004492,HOT0245,ROOM000288,PROMO00262,2024-12-19,2025-02-07,2025-02-09,1,2,Expedia,Confirmed,SGD,14000.0,20,2800.0,2016.0,13216.0,2023-05-02 09:25:05,2024-03-08 01:41:40
BOOK004003,CUST000411,HOT0156,ROOM000876,PROMO00476,2025-02-23,2025-03-14,2025-03-20,1,0,Mobile App,Completed,USD,42000.0,10,4200.0,6804.0,44604.0,2023-08-20 20:43:58,2024-07-03 18:35:30
BOOK004004,CUST003892,HOT0115,ROOM001525,PROMO00219,2026-07-03,2026-07-31,2026-08-02,4,2,Mobile App,Completed,INR,14000.0,5,700.0,2394.0,15694.0,2023-05-19 19:22:21,2023-08-09 02:22:21
BOOK004005,CUST004293,HOT0018,ROOM000606,PROMO00455,2025-11-12,2025-11-23,2025-11-28,1,1,Travel Agent,Confirmed,USD,12500.0,0,0.0,2250.0,14750.0,2025-04-08 09:56:28,2025-05-31 01:21:04
BOOK004006,CUST004709,HOT0094,ROOM001039,PROMO00251,2024-08-02,2024-09-08,2024-09-11,2,1,Booking.com,Completed,INR,15000.0,20,3000.0,2160.0,14160.0,2025-07-21 12:13:57,2025-11-03 16:24:56
BOOK004007,CUST002079,HOT0197,ROOM001692,PROMO00197,2024-10-22,2024-11-19,2024-11-25,3,1,Travel Agent,Completed,AED,90000.0,15,13500.0,13770.0,90270.0,2021-03-30 01:56:37,2025-12-08 04:59:17
BOOK004008,CUST001979,HOT0037,ROOM001981,PROMO00121,2026-01-11,2026-02-16,2026-02-18,4,1,Booking.com,Completed,SGD,30000.0,15,4500.0,4590.0,30090.0,2023-05-07 14:43:00,2026-02-06 00:50:07
BOOK004009,CUST003967,HOT0180,ROOM000475,PROMO00401,2025-03-09,2025-04-20,2025-04-23,1,1,Website,Completed,INR,10500.0,5,525.0,1795.5,11770.5,2020-11-06 07:58:27,2025-05-20 05:55:41
BOOK004010,CUST001279,HOT0041,ROOM001994,PROMO00423,2026-05-31,2026-06-23,2026-06-26,3,2,Mobile App,Confirmed,SGD,10500.0,20,2100.0,1512.0,9912.0,2023-05-11 08:04:53,2026-05-10 18:48:26
BOOK004011,CUST002347,HOT0039,ROOM000164,PROMO00424,2025-03-19,2025-03-31,2025-04-04,2,0,Expedia,Completed,AED,10000.0,0,0.0,1800.0,11800.0,2023-09-23 17:19:01,2026-03-05 10:23:42
BOOK004012,CUST001606,HOT0173,ROOM001531,PROMO00153,2026-04-12,2026-05-25,2026-05-26,1,1,Mobile App,Completed,EUR,10000.0,10,1000.0,1620.0,10620.0,2025-09-24 22:10:55,2026-01-21 21:06:02
BOOK004013,CUST001948,HOT0039,ROOM000164,PROMO00373,2024-10-31,2024-11-05,2024-11-06,3,1,Mobile App,Completed,USD,2500.0,10,250.0,405.0,2655.0,2021-12-10 17:56:02,2023-12-09 11:26:52
BOOK004014,CUST004444,HOT0004,ROOM001135,PROMO00094,2025-03-07,2025-04-26,2025-05-02,4,1,Expedia,Cancelled,SGD,30000.0,20,6000.0,4320.0,28320.0,2023-04-16 18:33:27,2026-01-20 13:51:32
BOOK004015,CUST000872,HOT0248,ROOM001673,PROMO00268,2024-11-13,2024-12-08,2024-12-09,4,2,Travel Agent,Cancelled,GBP,3500.0,5,175.0,598.5,3923.5,2025-07-09 06:20:52,2025-08-02 20:32:46
BOOK004016,CUST001677,HOT0176,ROOM001179,PROMO00416,2026-05-24,2026-05-26,2026-05-30,4,1,Website,Confirmed,GBP,60000.0,5,3000.0,10260.0,67260.0,2024-04-18 05:32:54,2025-03-31 12:45:11
BOOK004017,CUST003422,HOT0196,ROOM000248,PROMO00169,2024-10-03,2024-10-31,2024-11-03,3,1,Booking.com,Completed,AED,30000.0,20,6000.0,4320.0,28320.0,2021-09-05 21:53:44,2023-03-25 17:55:20
BOOK004018,CUST000880,HOT0217,ROOM000115,PROMO00460,2025-03-27,2025-03-30,2025-04-04,3,1,Expedia,Cancelled,USD,12500.0,10,1250.0,2025.0,13275.0,2022-10-14 17:12:30,2024-04-01 10:03:04
BOOK004019,CUST000174,HOT0126,ROOM001521,PROMO00351,2025-04-27,2025-05-16,2025-05-21,1,2,Website,Completed,SGD,75000.0,20,15000.0,10800.0,70800.0,2021-02-28 19:31:53,2021-04-24 21:07:50
BOOK004020,CUST001591,HOT0196,ROOM001586,PROMO00279,2025-05-26,2025-06-02,2025-06-08,1,1,Website,No Show,GBP,90000.0,5,4500.0,15390.0,100890.0,2022-01-31 15:16:21,2022-05-19 16:11:18
BOOK004021,CUST004106,HOT0196,ROOM000248,PROMO00181,2025-03-17,2025-03-24,2025-03-28,3,1,Expedia,Completed,AED,40000.0,0,0.0,7200.0,47200.0,2020-08-21 21:25:33,2020-12-14 01:01:08
BOOK004022,CUST002929,HOT0166,ROOM000696,PROMO00372,2025-05-28,2025-07-13,2025-07-18,4,1,Walk-In,Confirmed,INR,50000.0,20,10000.0,7200.0,47200.0,2025-09-27 07:08:15,2026-07-02 13:36:49
BOOK004023,CUST003102,HOT0159,ROOM000977,PROMO00266,2024-10-23,2024-11-08,2024-11-14,1,1,Walk-In,Completed,GBP,60000.0,5,3000.0,10260.0,67260.0,2020-08-24 19:03:17,2026-07-20 07:59:02
BOOK004024,CUST000429,HOT0108,ROOM001377,PROMO00250,2026-02-10,2026-03-18,2026-03-21,1,2,Expedia,Completed,USD,10500.0,0,0.0,1890.0,12390.0,2023-08-15 06:06:00,2023-09-03 23:37:09
BOOK004025,CUST004622,HOT0036,ROOM000127,PROMO00218,2026-01-11,2026-01-21,2026-01-23,2,1,Expedia,No Show,USD,30000.0,10,3000.0,4860.0,31860.0,2024-09-04 10:11:51,2025-08-20 07:37:53
BOOK004026,CUST004875,HOT0056,ROOM000454,PROMO00078,2026-05-03,2026-05-21,2026-05-22,3,2,Website,Cancelled,SGD,7000.0,5,350.0,1197.0,7847.0,2023-03-03 15:04:08,2026-02-11 23:35:16
BOOK004027,CUST002720,HOT0173,ROOM001049,PROMO00273,2024-10-16,2024-10-22,2024-10-24,1,2,Travel Agent,Confirmed,INR,10000.0,5,500.0,1710.0,11210.0,2022-11-29 12:29:55,2025-10-09 08:09:59
BOOK004028,CUST001369,HOT0083,ROOM001182,PROMO00434,2026-03-01,2026-04-16,2026-04-23,3,0,Booking.com,Completed,GBP,24500.0,10,2450.0,3969.0,26019.0,2026-06-29 12:25:42,2026-07-29 11:10:21
BOOK004029,CUST003008,HOT0043,ROOM001658,PROMO00021,2025-12-12,2025-12-31,2026-01-03,3,1,Travel Agent,Completed,EUR,15000.0,20,3000.0,2160.0,14160.0,2020-02-02 13:11:16,2021-12-28 19:30:29
BOOK004030,CUST001653,HOT0168,ROOM000737,PROMO00451,2025-08-24,2025-10-23,2025-10-24,3,1,Website,Completed,GBP,5000.0,10,500.0,810.0,5310.0,2023-11-20 03:39:24,2024-11-13 21:19:25
BOOK004031,CUST002948,HOT0184,ROOM000161,PROMO00382,2025-10-10,2025-10-13,2025-10-15,2,2,Booking.com,Completed,USD,20000.0,5,1000.0,3420.0,22420.0,2023-02-12 18:15:24,2024-04-05 05:07:39
BOOK004032,CUST004052,HOT0077,ROOM000463,PROMO00110,2024-08-27,2024-10-15,2024-10-16,3,1,Booking.com,Confirmed,EUR,5000.0,15,750.0,765.0,5015.0,2023-09-22 12:49:52,2025-12-22 11:19:45
BOOK004033,CUST000857,HOT0058,ROOM001540,PROMO00287,2026-03-07,2026-04-12,2026-04-17,3,2,Walk-In,Completed,SGD,35000.0,10,3500.0,5670.0,37170.0,2025-07-18 03:37:02,2025-09-11 04:57:42
BOOK004034,CUST003594,HOT0018,ROOM001166,PROMO00107,2025-07-29,2025-09-11,2025-09-15,4,0,Website,Confirmed,INR,20000.0,15,3000.0,3060.0,20060.0,2022-06-12 18:21:04,2025-04-30 04:04:10
BOOK004035,CUST000035,HOT0165,ROOM001638,PROMO00291,2025-11-15,2025-12-31,2026-01-03,2,0,Website,No Show,EUR,21000.0,15,3150.0,3213.0,21063.0,2024-01-01 20:24:23,2024-09-08 15:20:50
BOOK004036,CUST004458,HOT0022,ROOM001689,PROMO00139,2025-03-23,2025-04-13,2025-04-14,2,1,Website,Confirmed,EUR,2500.0,10,250.0,405.0,2655.0,2026-05-11 01:47:50,2026-06-07 01:53:12
BOOK004037,CUST004721,HOT0095,ROOM001342,PROMO00183,2024-08-25,2024-10-21,2024-10-24,3,2,Travel Agent,Completed,INR,15000.0,15,2250.0,2295.0,15045.0,2022-12-27 18:23:27,2024-05-07 10:20:00
BOOK004038,CUST000085,HOT0029,ROOM000258,PROMO00204,2025-09-01,2025-10-13,2025-10-14,4,2,Expedia,No Show,INR,5000.0,0,0.0,900.0,5900.0,2020-07-10 23:06:37,2020-07-26 05:31:28
BOOK004039,CUST000762,HOT0005,ROOM000511,PROMO00388,2024-11-25,2024-12-13,2024-12-14,3,2,Website,Completed,USD,3500.0,0,0.0,630.0,4130.0,2021-05-27 18:10:06,2025-02-13 00:59:20
BOOK004040,CUST003616,HOT0098,ROOM000918,PROMO00255,2025-09-21,2025-10-27,2025-11-03,4,1,Expedia,Confirmed,EUR,17500.0,15,2625.0,2677.5,17552.5,2026-04-03 02:50:23,2026-06-18 02:51:16
BOOK004041,CUST003574,HOT0201,ROOM001344,PROMO00201,2026-05-07,2026-06-19,2026-06-22,4,1,Booking.com,Completed,EUR,7500.0,0,0.0,1350.0,8850.0,2021-12-24 06:36:43,2025-11-14 10:53:58
BOOK004042,CUST003420,HOT0237,ROOM001900,PROMO00279,2024-12-17,2025-02-01,2025-02-06,4,1,Booking.com,Completed,AED,25000.0,20,5000.0,3600.0,23600.0,2021-10-08 03:12:31,2024-04-06 09:40:49
BOOK004043,CUST003703,HOT0029,ROOM000076,PROMO00421,2024-12-01,2024-12-04,2024-12-07,1,2,Mobile App,Completed,GBP,30000.0,0,0.0,5400.0,35400.0,2024-01-17 07:37:34,2025-02-15 12:43:58
BOOK004044,CUST002756,HOT0193,ROOM001827,PROMO00130,2025-01-18,2025-02-17,2025-02-24,1,2,Expedia,Confirmed,SGD,17500.0,0,0.0,3150.0,20650.0,2025-04-22 16:23:17,2025-09-08 23:01:23
BOOK004045,CUST002167,HOT0244,ROOM000433,PROMO00455,2025-02-18,2025-04-05,2025-04-10,1,2,Website,Completed,AED,25000.0,0,0.0,4500.0,29500.0,2020-09-09 18:41:58,2021-08-31 12:42:05
BOOK004046,CUST004650,HOT0170,ROOM000008,PROMO00490,2024-12-12,2025-01-02,2025-01-08,2,0,Expedia,Confirmed,EUR,90000.0,10,9000.0,14580.0,95580.0,2023-10-02 10:38:59,2026-03-01 00:06:19
BOOK004047,CUST002438,HOT0215,ROOM000090,PROMO00268,2025-03-07,2025-04-07,2025-04-12,4,1,Website,Completed,SGD,35000.0,5,1750.0,5985.0,39235.0,2025-09-07 23:59:29,2026-06-12 00:19:44
BOOK004048,CUST001624,HOT0194,ROOM000587,PROMO00101,2025-09-11,2025-10-31,2025-11-03,3,1,Booking.com,Completed,INR,7500.0,10,750.0,1215.0,7965.0,2025-07-23 21:46:44,2025-09-13 14:46:58
BOOK004049,CUST004360,HOT0050,ROOM001183,PROMO00126,2024-11-26,2024-12-31,2025-01-03,1,1,Travel Agent,Completed,INR,7500.0,10,750.0,1215.0,7965.0,2020-01-22 15:10:49,2024-06-04 21:26:33
BOOK004050,CUST003741,HOT0230,ROOM000795,PROMO00259,2026-05-21,2026-07-09,2026-07-14,3,1,Travel Agent,Confirmed,SGD,17500.0,10,1750.0,2835.0,18585.0,2020-02-03 12:38:55,2023-09-05 22:38:01
BOOK004051,CUST002188,HOT0246,ROOM001396,PROMO00216,2026-07-06,2026-07-10,2026-07-17,3,0,Walk-In,Completed,USD,49000.0,0,0.0,8820.0,57820.0,2025-09-11 16:19:24,2025-10-17 05:13:27
BOOK004052,CUST004802,HOT0170,ROOM001197,PROMO00323,2025-01-19,2025-02-26,2025-03-03,1,2,Walk-In,No Show,GBP,12500.0,10,1250.0,2025.0,13275.0,2026-07-09 11:57:08,2026-07-19 18:27:20
BOOK004053,CUST000590,HOT0198,ROOM001265,PROMO00146,2024-12-31,2025-01-29,2025-01-30,3,2,Mobile App,Completed,EUR,2500.0,10,250.0,405.0,2655.0,2022-02-25 20:10:07,2025-12-01 20:37:14
BOOK004054,CUST003834,HOT0208,ROOM001053,PROMO00291,2025-08-18,2025-09-14,2025-09-21,1,1,Mobile App,Cancelled,EUR,70000.0,5,3500.0,11970.0,78470.0,2025-05-04 15:19:33,2025-06-26 05:46:38
BOOK004055,CUST002791,HOT0004,ROOM001135,PROMO00329,2025-12-16,2026-01-13,2026-01-17,1,0,Expedia,Cancelled,INR,20000.0,10,2000.0,3240.0,21240.0,2025-06-30 17:49:58,2026-06-12 11:59:25
BOOK004056,CUST004212,HOT0236,ROOM000044,PROMO00440,2024-08-24,2024-10-23,2024-10-27,4,0,Travel Agent,Completed,GBP,14000.0,20,2800.0,2016.0,13216.0,2024-05-28 18:36:18,2026-07-26 06:36:59
BOOK004057,CUST004548,HOT0169,ROOM000507,PROMO00376,2024-11-27,2025-01-08,2025-01-12,1,1,Website,Completed,USD,14000.0,10,1400.0,2268.0,14868.0,2022-10-06 07:50:32,2025-04-11 03:32:26
BOOK004058,CUST003457,HOT0038,ROOM000835,PROMO00328,2025-01-07,2025-02-09,2025-02-15,4,2,Walk-In,Confirmed,EUR,30000.0,10,3000.0,4860.0,31860.0,2023-04-20 02:47:34,2025-02-04 20:28:29
BOOK004059,CUST003915,HOT0028,ROOM001962,PROMO00076,2025-03-12,2025-03-20,2025-03-26,1,1,Mobile App,Completed,GBP,30000.0,10,3000.0,4860.0,31860.0,2020-06-09 15:25:40,2023-10-10 10:59:19
BOOK004060,CUST000652,HOT0024,ROOM001218,PROMO00251,2025-12-07,2025-12-13,2025-12-19,3,1,Mobile App,Confirmed,AED,15000.0,20,3000.0,2160.0,14160.0,2024-06-08 11:48:38,2025-09-20 16:42:00
BOOK004061,CUST000110,HOT0088,ROOM000166,PROMO00225,2024-09-04,2024-09-26,2024-09-28,2,2,Travel Agent,Confirmed,AED,7000.0,15,1050.0,1071.0,7021.0,2022-07-19 03:58:37,2022-11-16 23:38:05
BOOK004062,CUST004683,HOT0192,ROOM000742,PROMO00294,2024-11-01,2024-11-19,2024-11-26,4,0,Website,Confirmed,USD,49000.0,15,7350.0,7497.0,49147.0,2020-12-15 08:57:00,2024-07-15 06:34:21
BOOK004063,CUST000650,HOT0126,ROOM000932,PROMO00040,2026-02-27,2026-04-12,2026-04-17,1,0,Mobile App,Completed,SGD,75000.0,15,11250.0,11475.0,75225.0,2026-04-19 02:46:17,2026-05-07 16:21:20
BOOK004064,CUST001548,HOT0177,ROOM000167,PROMO00408,2025-12-15,2025-12-24,2025-12-28,2,2,Expedia,Completed,AED,20000.0,0,0.0,3600.0,23600.0,2024-06-04 16:32:28,2026-07-18 07:45:44
BOOK004065,CUST000448,HOT0028,ROOM001021,PROMO00092,2026-07-02,2026-07-20,2026-07-26,1,0,Walk-In,Completed,EUR,42000.0,20,8400.0,6048.0,39648.0,2021-04-05 09:23:38,2023-12-01 17:39:46
BOOK004066,CUST001342,HOT0102,ROOM001609,PROMO00029,2025-11-21,2026-01-09,2026-01-13,1,0,Expedia,Completed,USD,40000.0,10,4000.0,6480.0,42480.0,2026-02-06 19:28:35,2026-05-06 15:08:12
BOOK004067,CUST001716,HOT0089,ROOM000817,PROMO00334,2026-04-11,2026-04-23,2026-04-30,1,1,Booking.com,Completed,GBP,49000.0,5,2450.0,8379.0,54929.0,2024-01-13 16:09:08,2025-06-30 12:40:05
BOOK004068,CUST003463,HOT0235,ROOM001951,PROMO00178,2025-11-30,2025-12-17,2025-12-20,4,2,Walk-In,Confirmed,EUR,7500.0,5,375.0,1282.5,8407.5,2025-06-22 16:19:35,2026-04-16 08:36:40
BOOK004069,CUST000833,HOT0193,ROOM000673,PROMO00135,2026-03-30,2026-05-19,2026-05-26,4,0,Walk-In,Confirmed,AED,17500.0,10,1750.0,2835.0,18585.0,2022-12-05 20:31:56,2024-05-31 16:23:52
BOOK004070,CUST004218,HOT0165,ROOM000434,PROMO00336,2025-12-15,2026-01-17,2026-01-19,2,2,Walk-In,Cancelled,INR,10000.0,15,1500.0,1530.0,10030.0,2022-11-29 04:50:17,2023-08-28 17:25:12
BOOK004071,CUST000800,HOT0224,ROOM001063,PROMO00370,2026-04-05,2026-06-04,2026-06-05,2,1,Website,Completed,AED,15000.0,10,1500.0,2430.0,15930.0,2021-10-09 13:05:13,2022-11-28 06:00:06
BOOK004072,CUST001583,HOT0198,ROOM000790,PROMO00462,2025-05-18,2025-06-03,2025-06-08,4,0,Expedia,Completed,INR,50000.0,10,5000.0,8100.0,53100.0,2021-07-18 22:31:41,2026-04-28 09:32:09
BOOK004073,CUST004801,HOT0233,ROOM001137,PROMO00158,2026-01-20,2026-02-06,2026-02-10,4,1,Expedia,Completed,EUR,40000.0,5,2000.0,6840.0,44840.0,2025-08-25 11:24:18,2025-11-28 01:47:49
BOOK004074,CUST003420,HOT0057,ROOM001271,PROMO00129,2025-10-02,2025-12-01,2025-12-02,4,0,Mobile App,Completed,GBP,5000.0,20,1000.0,720.0,4720.0,2020-08-30 11:27:50,2022-01-30 23:36:30
BOOK004075,CUST003918,HOT0013,ROOM001617,PROMO00295,2026-03-20,2026-05-12,2026-05-16,3,0,Walk-In,Completed,AED,20000.0,20,4000.0,2880.0,18880.0,2020-06-18 19:29:29,2026-02-28 17:29:07
BOOK004076,CUST002077,HOT0241,ROOM001824,PROMO00244,2025-12-06,2025-12-29,2026-01-04,1,2,Travel Agent,Cancelled,AED,30000.0,10,3000.0,4860.0,31860.0,2022-03-08 05:18:49,2023-03-01 14:13:39
BOOK004077,CUST000429,HOT0245,ROOM000288,PROMO00046,2026-07-06,2026-08-28,2026-08-29,4,1,Booking.com,Completed,EUR,7000.0,5,350.0,1197.0,7847.0,2025-03-26 04:36:41,2026-07-16 17:22:33
BOOK004078,CUST001087,HOT0139,ROOM000965,PROMO00044,2026-05-13,2026-05-17,2026-05-19,3,2,Booking.com,Completed,SGD,10000.0,20,2000.0,1440.0,9440.0,2022-12-09 01:33:56,2023-02-19 19:44:58
BOOK004079,CUST004966,HOT0211,ROOM001187,PROMO00265,2025-10-19,2025-11-23,2025-11-27,1,0,Travel Agent,Cancelled,SGD,20000.0,15,3000.0,3060.0,20060.0,2023-07-25 08:48:15,2024-10-09 02:09:15
BOOK004080,CUST004265,HOT0087,ROOM001716,PROMO00315,2025-05-26,2025-06-25,2025-06-27,4,2,Website,Confirmed,EUR,10000.0,20,2000.0,1440.0,9440.0,2022-05-14 05:08:21,2022-12-07 18:37:30
BOOK004081,CUST004755,HOT0129,ROOM000371,PROMO00264,2026-01-27,2026-03-07,2026-03-12,2,1,Walk-In,Confirmed,INR,75000.0,20,15000.0,10800.0,70800.0,2022-01-06 22:56:32,2024-08-14 08:01:04
BOOK004082,CUST002709,HOT0066,ROOM001808,PROMO00414,2026-03-28,2026-04-20,2026-04-22,4,0,Expedia,Completed,AED,30000.0,5,1500.0,5130.0,33630.0,2024-08-15 13:49:45,2025-12-13 08:00:57
BOOK004083,CUST002742,HOT0153,ROOM000846,PROMO00005,2025-03-08,2025-04-01,2025-04-08,2,0,Website,Completed,AED,24500.0,0,0.0,4410.0,28910.0,2024-03-20 00:06:27,2024-09-12 18:18:23
BOOK004084,CUST004174,HOT0074,ROOM001992,PROMO00315,2025-04-19,2025-06-18,2025-06-21,1,2,Booking.com,Confirmed,SGD,30000.0,0,0.0,5400.0,35400.0,2022-09-09 18:24:49,2025-04-26 04:01:32
BOOK004085,CUST004520,HOT0189,ROOM001639,PROMO00003,2025-03-20,2025-04-23,2025-04-30,4,0,Expedia,Completed,AED,17500.0,10,1750.0,2835.0,18585.0,2021-08-19 09:07:51,2022-10-28 05:04:53
BOOK004086,CUST001001,HOT0077,ROOM001732,PROMO00496,2025-08-22,2025-10-12,2025-10-17,4,1,Travel Agent,Completed,SGD,35000.0,15,5250.0,5355.0,35105.0,2023-06-21 00:11:13,2025-05-17 02:41:14
BOOK004087,CUST002693,HOT0178,ROOM000866,PROMO00166,2025-07-09,2025-08-08,2025-08-11,3,2,Website,Completed,AED,45000.0,20,9000.0,6480.0,42480.0,2026-01-17 21:17:32,2026-03-16 09:44:47
BOOK004088,CUST002659,HOT0102,ROOM001503,PROMO00375,2026-06-10,2026-06-11,2026-06-16,3,0,Website,Completed,INR,35000.0,10,3500.0,5670.0,37170.0,2022-08-02 01:24:56,2026-07-28 13:00:42
BOOK004089,CUST003586,HOT0238,ROOM000682,PROMO00282,2026-06-07,2026-06-15,2026-06-20,1,2,Mobile App,Completed,AED,17500.0,5,875.0,2992.5,19617.5,2022-04-24 19:19:57,2025-07-17 15:04:39
BOOK004090,CUST004287,HOT0069,ROOM001005,PROMO00252,2025-01-12,2025-03-02,2025-03-07,4,2,Booking.com,Completed,INR,12500.0,10,1250.0,2025.0,13275.0,2023-08-17 10:25:18,2024-04-01 19:15:37
BOOK004091,CUST002882,HOT0070,ROOM000986,PROMO00275,2026-05-30,2026-06-08,2026-06-09,4,1,Expedia,Completed,USD,10000.0,15,1500.0,1530.0,10030.0,2022-12-26 16:58:35,2026-05-25 22:44:45
BOOK004092,CUST001451,HOT0037,ROOM000366,PROMO00309,2025-02-05,2025-02-19,2025-02-23,3,2,Walk-In,Completed,USD,20000.0,10,2000.0,3240.0,21240.0,2025-11-04 19:03:09,2026-06-01 04:30:56
BOOK004093,CUST001577,HOT0061,ROOM001625,PROMO00308,2025-01-07,2025-01-22,2025-01-29,3,2,Expedia,Cancelled,AED,105000.0,10,10500.0,17010.0,111510.0,2023-09-27 05:34:55,2025-05-22 13:37:41
BOOK004094,CUST001686,HOT0113,ROOM000721,PROMO00331,2024-11-19,2024-12-07,2024-12-10,1,2,Walk-In,No Show,INR,15000.0,10,1500.0,2430.0,15930.0,2025-01-06 21:31:43,2025-09-27 14:53:02
BOOK004095,CUST004223,HOT0227,ROOM001113,PROMO00452,2025-05-11,2025-05-15,2025-05-16,2,1,Expedia,Completed,SGD,15000.0,10,1500.0,2430.0,15930.0,2023-08-25 07:43:56,2025-10-30 13:41:54
BOOK004096,CUST000019,HOT0055,ROOM000545,PROMO00041,2026-07-13,2026-08-16,2026-08-19,4,1,Travel Agent,Completed,AED,10500.0,0,0.0,1890.0,12390.0,2022-04-05 06:46:04,2023-09-25 03:20:01
BOOK004097,CUST000324,HOT0081,ROOM000036,PROMO00401,2025-08-13,2025-10-04,2025-10-08,1,2,Booking.com,Completed,EUR,14000.0,15,2100.0,2142.0,14042.0,2020-06-09 07:55:57,2026-05-08 02:53:36
BOOK004098,CUST000394,HOT0159,ROOM000593,PROMO00300,2026-06-20,2026-08-12,2026-08-19,1,2,Website,Completed,AED,49000.0,5,2450.0,8379.0,54929.0,2025-06-11 18:39:46,2025-12-21 02:39:21
BOOK004099,CUST002096,HOT0156,ROOM000379,PROMO00463,2025-08-14,2025-10-13,2025-10-19,3,2,Mobile App,Completed,GBP,21000.0,20,4200.0,3024.0,19824.0,2023-08-10 15:30:09,2024-02-05 01:06:58
BOOK004100,CUST000382,HOT0157,ROOM001369,PROMO00265,2026-05-28,2026-05-30,2026-06-03,4,1,Booking.com,Completed,USD,14000.0,0,0.0,2520.0,16520.0,2025-07-19 21:20:58,2025-08-27 01:21:13
BOOK004101,CUST001975,HOT0151,ROOM001876,PROMO00183,2026-06-09,2026-06-22,2026-06-24,3,1,Website,Confirmed,AED,7000.0,0,0.0,1260.0,8260.0,2021-04-01 20:16:02,2026-02-05 06:06:01
BOOK004102,CUST000813,HOT0052,ROOM001500,PROMO00145,2026-01-11,2026-02-03,2026-02-05,2,2,Booking.com,Completed,SGD,5000.0,0,0.0,900.0,5900.0,2021-11-07 12:00:16,2024-05-24 11:31:44
BOOK004103,CUST003131,HOT0168,ROOM000737,PROMO00237,2025-05-22,2025-06-09,2025-06-15,2,2,Expedia,Cancelled,AED,30000.0,0,0.0,5400.0,35400.0,2020-03-23 22:08:55,2021-08-08 09:47:55
BOOK004104,CUST002807,HOT0151,ROOM000451,PROMO00147,2026-07-18,2026-09-12,2026-09-17,2,0,Mobile App,Cancelled,GBP,75000.0,15,11250.0,11475.0,75225.0,2020-08-13 04:06:51,2024-03-29 01:49:51
BOOK004105,CUST001762,HOT0247,ROOM000852,PROMO00311,2025-03-02,2025-04-02,2025-04-03,2,1,Travel Agent,Confirmed,INR,5000.0,5,250.0,855.0,5605.0,2020-05-28 18:11:16,2026-06-01 15:45:22
BOOK004106,CUST003128,HOT0005,ROOM000488,PROMO00275,2025-12-26,2025-12-29,2025-12-30,2,1,Expedia,No Show,INR,15000.0,0,0.0,2700.0,17700.0,2023-10-24 03:18:20,2025-04-05 11:43:11
BOOK004107,CUST002617,HOT0116,ROOM000691,PROMO00379,2024-09-14,2024-10-09,2024-10-16,2,1,Mobile App,Completed,AED,70000.0,5,3500.0,11970.0,78470.0,2026-01-04 22:08:13,2026-03-31 02:19:25
BOOK004108,CUST001687,HOT0096,ROOM001284,PROMO00057,2025-04-04,2025-05-07,2025-05-09,4,2,Booking.com,Confirmed,GBP,7000.0,10,700.0,1134.0,7434.0,2025-09-28 23:20:59,2026-02-04 15:09:08
BOOK004109,CUST001527,HOT0175,ROOM001097,PROMO00478,2024-12-07,2025-01-31,2025-02-01,2,0,Booking.com,Completed,,10000.0,0,0.0,1800.0,11800.0,2023-07-19 19:51:34,2025-02-23 11:12:38
BOOK004110,CUST002217,HOT0217,ROOM000645,PROMO00324,2026-02-09,2026-02-28,2026-03-03,4,0,Mobile App,Confirmed,INR,7500.0,15,1125.0,1147.5,7522.5,2020-10-02 16:32:06,2021-10-10 14:17:33
BOOK004111,CUST000628,HOT0018,ROOM001121,PROMO00461,2025-01-23,2025-02-09,2025-02-14,3,1,Travel Agent,Completed,INR,25000.0,20,5000.0,3600.0,23600.0,2022-06-13 14:55:05,2025-08-28 03:22:19
BOOK004112,CUST002035,HOT0224,ROOM001077,PROMO00274,2025-10-10,2025-10-24,2025-10-29,3,2,Mobile App,Confirmed,AED,50000.0,15,7500.0,7650.0,50150.0,2024-04-15 06:28:57,2026-07-13 03:28:20
BOOK004113,CUST000208,HOT0199,ROOM001255,PROMO00242,2025-03-21,2025-04-13,2025-04-15,4,1,Mobile App,Completed,SGD,7000.0,20,1400.0,1008.0,6608.0,2021-10-19 18:21:32,2024-02-23 10:26:28
BOOK004114,CUST002833,HOT0198,ROOM001743,PROMO00412,2026-02-01,2026-03-14,2026-03-17,3,1,Mobile App,Cancelled,GBP,21000.0,10,2100.0,3402.0,22302.0,2023-12-29 15:42:41,2024-04-11 12:46:33
BOOK004115,CUST001321,HOT0005,ROOM000511,PROMO00208,2026-07-07,2026-08-13,2026-08-17,3,1,Expedia,Completed,SGD,14000.0,15,2100.0,2142.0,14042.0,2022-11-06 23:55:26,2025-10-15 12:22:33
BOOK004116,CUST003666,HOT0107,ROOM001696,PROMO00496,2024-12-07,2024-12-11,2024-12-13,3,1,Travel Agent,Confirmed,GBP,7000.0,5,350.0,1197.0,7847.0,2024-09-16 21:19:40,2024-10-17 09:42:58
BOOK004117,CUST003353,HOT0197,ROOM000831,PROMO00070,2025-09-05,2025-10-07,2025-10-09,4,1,Expedia,Completed,EUR,14000.0,0,0.0,2520.0,16520.0,2025-06-30 09:39:29,2026-02-06 22:53:03
BOOK004118,CUST002887,HOT0179,ROOM000060,PROMO00056,2024-12-05,2024-12-27,2025-01-01,1,0,Walk-In,Completed,AED,17500.0,20,3500.0,2520.0,16520.0,2024-06-02 01:49:45,2024-06-15 22:39:47
BOOK004119,CUST002145,HOT0035,ROOM000756,PROMO00384,2025-01-29,2025-02-23,2025-02-25,4,0,Booking.com,Completed,GBP,30000.0,10,3000.0,4860.0,31860.0,2020-05-23 00:52:02,2024-04-12 20:37:18
BOOK004120,CUST003356,HOT0244,ROOM001206,PROMO00130,2024-09-08,2024-10-06,2024-10-10,3,1,Travel Agent,Confirmed,USD,10000.0,15,1500.0,1530.0,10030.0,2024-10-21 02:52:27,2026-05-02 06:54:20
BOOK004121,CUST001987,HOT0080,ROOM001960,PROMO00215,2026-05-07,2026-06-27,2026-07-04,1,0,Travel Agent,Completed,SGD,17500.0,15,2625.0,2677.5,17552.5,2025-10-23 07:23:30,2026-05-03 19:37:25
BOOK004122,CUST003912,HOT0051,ROOM001329,PROMO00375,2026-03-10,2026-03-11,2026-03-12,1,0,Walk-In,Cancelled,GBP,5000.0,20,1000.0,720.0,4720.0,2021-09-06 23:10:45,2023-03-04 03:44:11
BOOK004123,CUST001886,HOT0202,ROOM000313,PROMO00268,2026-05-18,2026-05-24,2026-05-26,4,2,Booking.com,Completed,USD,20000.0,15,3000.0,3060.0,20060.0,2025-06-20 06:55:39,2025-07-06 16:21:31
BOOK004124,CUST003640,HOT0186,ROOM001128,PROMO00450,2024-11-03,2024-12-09,2024-12-16,4,0,Expedia,Completed,GBP,24500.0,5,1225.0,4189.5,27464.5,2024-01-06 13:51:56,2026-01-26 21:19:55
BOOK004125,CUST001718,HOT0234,ROOM000623,PROMO00387,2024-09-25,2024-09-28,2024-09-29,1,2,Walk-In,Confirmed,AED,2500.0,5,125.0,427.5,2802.5,2026-02-26 12:31:46,2026-03-09 14:41:50
BOOK004126,CUST004662,HOT0203,ROOM000749,PROMO00332,2025-03-12,2025-03-22,2025-03-24,1,0,Booking.com,Completed,SGD,10000.0,5,500.0,1710.0,11210.0,2021-10-12 15:17:33,2024-10-22 11:07:21
BOOK004127,CUST000192,HOT0177,ROOM000894,PROMO00298,2024-10-09,2024-11-14,2024-11-18,4,0,Booking.com,Completed,INR,40000.0,0,0.0,7200.0,47200.0,2022-04-11 16:57:34,2022-09-08 12:00:37
BOOK004128,CUST004408,HOT0055,ROOM001740,PROMO00251,2026-05-18,2026-06-02,2026-06-04,3,1,Mobile App,Completed,EUR,20000.0,5,1000.0,3420.0,22420.0,2023-03-19 13:35:22,2026-06-11 05:20:15
BOOK004129,CUST002178,HOT0217,ROOM001178,PROMO00019,2025-10-07,2025-11-20,2025-11-25,2,0,Mobile App,No Show,GBP,12500.0,10,1250.0,2025.0,13275.0,2024-12-08 09:28:12,2025-02-06 04:51:22
BOOK004130,CUST001052,HOT0084,ROOM001315,PROMO00201,2026-03-26,2026-04-28,2026-05-01,2,2,Booking.com,Cancelled,SGD,30000.0,5,1500.0,5130.0,33630.0,2025-02-02 21:09:12,2026-02-26 00:31:12
BOOK004131,CUST002411,HOT0019,ROOM000761,PROMO00407,2026-03-03,2026-04-22,2026-04-25,3,1,Travel Agent,Completed,SGD,15000.0,15,2250.0,2295.0,15045.0,2020-12-07 12:38:02,2025-08-07 05:48:41
BOOK004132,CUST003080,HOT0143,ROOM000845,PROMO00319,2026-03-22,2026-03-24,2026-03-30,3,2,Expedia,Completed,GBP,21000.0,15,3150.0,3213.0,21063.0,2025-03-12 02:03:49,2025-04-24 23:56:23
BOOK004133,CUST003576,HOT0238,ROOM001731,PROMO00288,2026-07-29,2026-09-06,2026-09-07,1,1,Booking.com,Completed,USD,10000.0,15,1500.0,1530.0,10030.0,2020-07-19 01:13:40,2026-05-01 10:19:39
BOOK004134,CUST000254,HOT0241,ROOM001372,PROMO00230,2025-08-31,2025-10-15,2025-10-17,1,1,Travel Agent,Confirmed,EUR,7000.0,10,700.0,1134.0,7434.0,2022-12-15 02:06:03,2026-06-14 14:53:16
BOOK004135,CUST004255,HOT0205,ROOM001341,PROMO00069,2024-11-09,2024-12-11,2024-12-16,1,2,Walk-In,Confirmed,AED,12500.0,0,0.0,2250.0,14750.0,2020-12-16 08:41:42,2023-02-26 18:44:14
BOOK004136,CUST001755,HOT0182,ROOM001698,PROMO00500,2025-09-18,2025-10-15,2025-10-18,2,0,Mobile App,Completed,EUR,15000.0,20,3000.0,2160.0,14160.0,2024-12-07 18:05:06,2026-01-21 17:08:19
BOOK004137,CUST002208,HOT0211,ROOM001516,PROMO00375,2025-03-07,2025-04-16,2025-04-23,4,1,Walk-In,Completed,AED,35000.0,20,7000.0,5040.0,33040.0,2021-11-01 05:12:59,2023-10-16 02:22:11
BOOK004138,CUST003435,HOT0036,ROOM001998,PROMO00336,2026-03-02,2026-04-01,2026-04-08,2,2,Walk-In,Cancelled,INR,49000.0,5,2450.0,8379.0,54929.0,2021-10-31 22:10:20,2025-02-08 10:31:20
BOOK004139,CUST001589,HOT0007,ROOM001649,PROMO00263,2024-12-26,2025-01-08,2025-01-15,1,0,Travel Agent,No Show,INR,49000.0,10,4900.0,7938.0,52038.0,2023-12-24 14:26:48,2024-01-23 13:21:46
BOOK004140,CUST000068,HOT0225,ROOM001117,PROMO00049,2025-08-15,2025-10-02,2025-10-09,1,0,Expedia,Confirmed,EUR,17500.0,10,1750.0,2835.0,18585.0,2021-07-25 11:23:31,2026-07-04 14:34:04
BOOK004141,CUST002469,HOT0217,ROOM001323,PROMO00347,2025-04-19,2025-05-22,2025-05-27,3,0,Mobile App,Cancelled,AED,17500.0,0,0.0,3150.0,20650.0,2021-05-29 02:11:09,2024-06-09 11:39:54
BOOK004142,CUST003101,HOT0202,ROOM000400,PROMO00006,2026-07-20,2026-09-12,2026-09-15,2,0,Mobile App,Cancelled,GBP,7500.0,15,1125.0,1147.5,7522.5,2023-06-05 09:27:27,2025-03-04 04:41:10
BOOK004143,CUST003809,HOT0107,ROOM001306,PROMO00372,2026-06-21,2026-07-20,2026-07-22,2,2,Mobile App,Completed,GBP,5000.0,10,500.0,810.0,5310.0,2023-10-04 18:15:13,2024-09-04 11:47:46
BOOK004144,CUST000137,HOT0078,ROOM000492,PROMO00146,2026-01-05,2026-03-04,2026-03-07,4,2,Booking.com,Completed,EUR,10500.0,20,2100.0,1512.0,9912.0,2026-05-20 03:50:16,2026-07-25 07:08:41
BOOK004145,CUST003765,HOT0141,ROOM001677,PROMO00123,2025-05-05,2025-07-03,2025-07-05,4,0,Walk-In,Confirmed,SGD,5000.0,5,250.0,855.0,5605.0,2021-08-28 17:50:03,2025-04-10 19:21:07
BOOK004146,CUST000168,HOT0119,ROOM000178,PROMO00389,2025-11-07,2025-11-25,2025-11-30,1,2,Website,Confirmed,GBP,25000.0,10,2500.0,4050.0,26550.0,2021-03-21 06:03:00,2026-07-04 10:52:55
BOOK004147,CUST001171,HOT0061,ROOM000437,PROMO00077,2026-07-10,2026-08-22,2026-08-29,2,2,Walk-In,Completed,SGD,24500.0,10,2450.0,3969.0,26019.0,2020-10-27 01:07:37,2026-02-11 04:36:05
BOOK004148,CUST003496,HOT0204,ROOM000485,PROMO00134,2024-11-21,2024-12-03,2024-12-09,3,2,Travel Agent,Completed,INR,60000.0,10,6000.0,9720.0,63720.0,2021-12-28 01:09:03,2023-05-15 12:37:56
BOOK004149,CUST004554,HOT0053,ROOM000665,PROMO00207,2025-09-05,2025-10-05,2025-10-10,1,1,Travel Agent,Completed,SGD,12500.0,10,1250.0,2025.0,13275.0,2025-02-03 15:32:59,2025-08-14 19:27:17
BOOK004150,CUST000628,HOT0022,ROOM000059,PROMO00113,2025-09-16,2025-11-08,2025-11-13,2,1,Mobile App,Completed,EUR,75000.0,20,15000.0,10800.0,70800.0,2024-07-26 05:51:56,2025-11-16 23:06:36
BOOK004151,CUST000308,HOT0015,ROOM001145,PROMO00223,2025-09-14,2025-10-20,2025-10-25,2,1,Website,Completed,GBP,35000.0,10,3500.0,5670.0,37170.0,2020-11-15 05:43:02,2024-07-10 06:07:44
BOOK004152,CUST000633,HOT0049,ROOM001584,PROMO00392,2025-09-06,2025-09-12,2025-09-15,2,0,Mobile App,Confirmed,GBP,7500.0,0,0.0,1350.0,8850.0,2021-01-19 11:56:55,2026-01-14 16:56:20
BOOK004153,CUST002238,HOT0227,ROOM001160,PROMO00345,2024-10-21,2024-11-26,2024-11-28,3,1,Website,Completed,GBP,7000.0,5,350.0,1197.0,7847.0,2025-06-10 02:55:57,2026-04-30 02:07:31
BOOK004154,CUST001787,HOT0082,ROOM001317,PROMO00166,2024-08-15,2024-10-04,2024-10-05,1,1,Walk-In,Completed,GBP,3500.0,10,350.0,567.0,3717.0,2023-02-22 21:21:32,2024-03-15 11:41:33
BOOK004155,CUST002888,HOT0248,ROOM001234,PROMO00453,2024-11-21,2024-12-18,2024-12-20,1,1,Website,Confirmed,USD,30000.0,0,0.0,5400.0,35400.0,2026-01-31 04:51:16,2026-02-07 09:16:10
BOOK004156,CUST003545,HOT0138,ROOM001189,PROMO00445,2025-04-20,2025-05-06,2025-05-13,3,1,Booking.com,Completed,INR,35000.0,20,7000.0,5040.0,33040.0,2021-12-06 08:58:05,2023-03-20 13:31:58
BOOK004157,CUST004415,HOT0080,ROOM001815,PROMO00413,2024-08-01,2024-08-14,2024-08-15,1,1,Booking.com,Completed,INR,15000.0,15,2250.0,2295.0,15045.0,2025-09-24 19:56:49,2026-01-21 03:41:40
BOOK004158,CUST004331,HOT0023,ROOM000282,PROMO00288,2026-01-27,2026-03-28,2026-03-30,1,0,Walk-In,Completed,INR,5000.0,20,1000.0,720.0,4720.0,2020-07-08 22:15:19,2023-12-22 03:16:24
BOOK004159,CUST002561,HOT0219,ROOM000249,PROMO00465,2025-03-09,2025-04-28,2025-04-29,1,2,Travel Agent,Completed,INR,2500.0,15,375.0,382.5,2507.5,2022-03-18 18:28:40,2026-06-16 13:05:12
BOOK004160,CUST003055,HOT0001,ROOM000220,PROMO00254,2025-10-09,2025-10-23,2025-10-30,1,1,Walk-In,Confirmed,AED,24500.0,5,1225.0,4189.5,27464.5,2024-03-15 22:57:54,2025-10-08 13:34:35
BOOK004161,CUST002175,HOT0042,ROOM000217,PROMO00232,2024-10-29,2024-12-06,2024-12-07,4,0,Mobile App,Completed,SGD,5000.0,20,1000.0,720.0,4720.0,2022-01-08 23:50:55,2025-06-30 00:27:09
BOOK004162,CUST001359,HOT0129,ROOM001324,PROMO00066,2025-11-07,2025-11-25,2025-11-28,4,1,Expedia,Completed,INR,15000.0,5,750.0,2565.0,16815.0,2024-04-22 14:41:39,2026-04-26 12:17:48
BOOK004163,CUST000904,HOT0150,ROOM001109,PROMO00391,2024-11-23,2024-12-19,2024-12-25,2,0,Expedia,Confirmed,GBP,42000.0,0,0.0,7560.0,49560.0,2020-11-14 19:37:22,2025-05-16 08:41:39
BOOK004164,CUST002776,HOT0024,ROOM001218,PROMO00172,2026-01-16,2026-02-19,2026-02-26,1,0,Travel Agent,Completed,SGD,17500.0,10,1750.0,2835.0,18585.0,2026-06-17 11:14:48,2026-06-20 18:11:46
BOOK004165,CUST003067,HOT0187,ROOM001140,PROMO00464,2024-08-22,2024-10-09,2024-08-22,3,1,Booking.com,Completed,SGD,42000.0,0,0.0,7560.0,49560.0,2022-02-09 00:46:45,2024-10-25 18:35:58
BOOK004166,CUST002292,HOT0141,ROOM000372,PROMO00178,2026-01-03,2026-02-13,2026-02-20,3,0,Mobile App,Cancelled,INR,49000.0,20,9800.0,7056.0,46256.0,2022-02-02 02:32:53,2024-03-31 20:11:01
BOOK004167,CUST002498,HOT0151,ROOM000451,PROMO00010,2024-08-23,2024-10-16,2024-10-23,2,2,Expedia,Completed,GBP,105000.0,20,21000.0,15120.0,99120.0,2025-03-11 19:50:17,2025-09-16 16:35:07
BOOK004168,CUST000014,HOT0182,ROOM000139,PROMO00262,2025-12-03,2026-01-01,2026-01-03,3,1,Mobile App,Completed,EUR,30000.0,0,0.0,5400.0,35400.0,2024-08-14 23:51:10,2025-09-05 16:15:26
BOOK004169,CUST002496,HOT0180,ROOM001289,PROMO00207,2025-07-01,2025-07-10,2025-07-16,4,0,Mobile App,Cancelled,USD,42000.0,15,6300.0,6426.0,42126.0,2023-11-14 16:58:36,2025-07-15 12:59:45
BOOK004170,CUST000413,HOT0047,ROOM000046,PROMO00114,2024-12-05,2025-01-21,2025-01-22,2,1,Website,Cancelled,USD,10000.0,20,2000.0,1440.0,9440.0,2022-12-22 13:33:27,2023-05-26 21:21:45
BOOK004171,CUST003760,HOT0155,ROOM001983,PROMO00177,2024-12-24,2025-01-11,2025-01-12,2,1,Website,Completed,SGD,15000.0,0,0.0,2700.0,17700.0,2024-10-13 18:16:36,2026-06-24 06:14:22
BOOK004172,CUST000296,HOT0175,ROOM000554,PROMO00394,2026-03-09,2026-04-10,2026-04-15,2,2,Travel Agent,Confirmed,GBP,75000.0,10,7500.0,12150.0,79650.0,2024-01-29 20:05:31,2024-05-04 21:14:03
BOOK004173,CUST000838,HOT0120,ROOM001388,PROMO00195,2026-03-22,2026-03-28,2026-04-01,3,1,Walk-In,Completed,USD,20000.0,0,0.0,3600.0,23600.0,2025-08-08 22:25:17,2026-03-06 11:49:16
BOOK004174,CUST001287,HOT0144,ROOM001631,PROMO00297,2025-06-08,2025-06-18,2025-06-23,3,0,Travel Agent,Cancelled,GBP,12500.0,20,2500.0,1800.0,11800.0,2024-10-01 01:41:02,2025-03-11 18:04:00
BOOK004175,CUST003135,HOT0068,ROOM000393,PROMO00418,2024-12-18,2025-01-28,2025-02-02,4,0,Website,Completed,INR,25000.0,20,5000.0,3600.0,23600.0,2020-06-25 06:01:58,2021-03-11 06:48:03
BOOK004176,CUST001830,HOT0024,ROOM000034,PROMO00359,2025-03-05,2025-04-30,2025-05-02,1,2,Mobile App,Cancelled,GBP,20000.0,15,3000.0,3060.0,20060.0,2023-12-23 13:31:15,2025-09-27 05:14:00
BOOK004177,CUST001675,HOT0235,ROOM000311,PROMO00262,2025-01-03,2025-02-17,2025-02-24,3,2,Expedia,Completed,INR,49000.0,20,9800.0,7056.0,46256.0,2026-05-29 13:58:22,2026-06-06 18:42:01
BOOK004178,CUST003728,HOT0090,ROOM000277,PROMO00252,2026-05-03,2026-06-06,2026-06-13,2,2,Booking.com,Confirmed,AED,17500.0,5,875.0,2992.5,19617.5,2023-06-21 23:53:56,2024-05-01 19:44:18
BOOK004179,CUST000623,HOT0242,ROOM001220,PROMO00068,2026-06-19,2026-07-26,2026-07-30,3,0,Expedia,Confirmed,AED,60000.0,15,9000.0,9180.0,60180.0,2022-06-04 06:23:21,2023-12-10 20:12:03
BOOK004180,CUST003686,HOT0068,ROOM000393,PROMO00384,2025-08-23,2025-08-28,2025-09-03,3,0,Travel Agent,Completed,INR,30000.0,15,4500.0,4590.0,30090.0,2025-05-27 19:16:28,2025-08-20 03:30:12
BOOK004181,CUST001844,HOT0213,ROOM001292,PROMO00223,2025-09-18,2025-09-19,2025-09-26,4,1,Website,Completed,USD,35000.0,15,5250.0,5355.0,35105.0,2020-07-11 15:56:32,2023-12-20 21:49:07
BOOK004182,CUST000694,HOT0146,ROOM001159,PROMO00466,2025-10-27,2025-11-16,2025-11-23,4,2,Travel Agent,Completed,GBP,24500.0,20,4900.0,3528.0,23128.0,2023-08-23 17:54:52,2026-03-02 22:35:57
BOOK004183,CUST001041,HOT0205,ROOM001341,PROMO00156,2024-11-05,2024-12-12,2024-12-19,3,0,Mobile App,Completed,GBP,17500.0,0,0.0,3150.0,20650.0,2021-01-10 00:07:26,2024-10-20 20:36:46
BOOK004184,CUST000810,HOT0062,ROOM001111,PROMO00139,2025-11-30,2025-12-27,2026-01-01,3,2,Walk-In,Completed,INR,25000.0,5,1250.0,4275.0,28025.0,2024-04-20 04:38:40,2025-07-15 11:21:51
BOOK004185,CUST001818,HOT0036,ROOM000127,PROMO00211,2025-04-20,2025-05-13,2025-05-17,4,0,Booking.com,Completed,SGD,60000.0,20,12000.0,8640.0,56640.0,2024-07-09 04:21:43,2024-11-28 23:47:44
BOOK004186,CUST001778,HOT0099,ROOM000087,PROMO00496,2024-11-05,2024-11-25,2024-11-28,4,2,Website,Completed,SGD,30000.0,15,4500.0,4590.0,30090.0,2022-04-11 16:13:51,2026-01-12 13:46:02
BOOK004187,CUST000262,HOT0105,ROOM001349,PROMO00324,2025-03-12,2025-04-10,2025-04-11,2,0,Mobile App,Completed,AED,7000.0,10,700.0,1134.0,7434.0,2023-12-01 00:20:33,2025-12-21 21:45:50
BOOK004188,CUST004973,HOT0033,ROOM000962,PROMO00056,2026-06-03,2026-07-18,2026-07-19,2,0,Booking.com,Completed,SGD,7000.0,5,350.0,1197.0,7847.0,2023-10-06 19:43:32,2025-01-01 12:11:34
BOOK004189,CUST003616,HOT0176,ROOM000458,PROMO00320,2024-11-18,2024-11-26,2024-11-28,4,1,Expedia,Completed,USD,14000.0,10,1400.0,2268.0,14868.0,2020-08-01 05:03:51,2023-11-04 23:25:12
BOOK004190,CUST004102,HOT0157,ROOM000396,PROMO00420,2026-03-05,2026-04-06,2026-04-08,4,2,Walk-In,Confirmed,GBP,14000.0,5,700.0,2394.0,15694.0,2024-10-13 18:27:00,2024-12-07 04:59:15
BOOK004191,CUST002671,HOT0169,ROOM001784,PROMO00366,2025-06-10,2025-07-17,2025-07-24,1,0,Mobile App,No Show,SGD,70000.0,15,10500.0,10710.0,70210.0,2022-06-05 19:40:14,2025-10-13 22:47:32
BOOK004192,CUST002151,HOT0110,ROOM000558,PROMO00459,2025-04-29,2025-05-11,2025-05-14,4,0,Mobile App,Cancelled,INR,45000.0,20,9000.0,6480.0,42480.0,2024-11-20 02:37:20,2025-04-13 08:36:11
BOOK004193,CUST002027,HOT0154,ROOM000170,PROMO00369,2025-01-04,2025-01-05,2025-01-12,3,0,Travel Agent,Completed,SGD,105000.0,20,21000.0,15120.0,99120.0,2024-02-28 15:07:56,2024-09-13 15:20:21
BOOK004194,CUST004464,HOT0180,ROOM001539,PROMO00452,2025-07-26,2025-09-14,2025-09-19,3,1,Booking.com,Confirmed,GBP,25000.0,15,3750.0,3825.0,25075.0,2024-04-16 14:38:09,2026-04-14 17:48:53
BOOK004195,CUST003420,HOT0005,ROOM001105,PROMO00463,2026-03-21,2026-04-10,2026-04-17,4,1,Website,Cancelled,INR,49000.0,20,9800.0,7056.0,46256.0,2021-11-09 18:30:43,2022-10-09 00:46:55
BOOK004196,CUST002593,HOT0100,ROOM000252,PROMO00357,2025-07-19,2025-09-11,2025-09-12,4,0,Expedia,Cancelled,SGD,2500.0,10,250.0,405.0,2655.0,2021-12-14 12:31:22,2025-03-24 19:14:27
BOOK004197,CUST004005,HOT0151,ROOM001947,PROMO00147,2025-09-16,2025-10-23,2025-10-27,1,0,Walk-In,Cancelled,INR,10000.0,5,500.0,1710.0,11210.0,2024-09-18 14:13:33,2025-12-23 19:36:38
BOOK004198,CUST001021,HOT0109,ROOM000027,PROMO00122,2024-09-08,2024-10-30,2024-11-02,3,2,Mobile App,Completed,EUR,30000.0,10,3000.0,4860.0,31860.0,2021-02-01 22:24:18,2025-06-14 02:17:15
BOOK004199,CUST001372,HOT0092,ROOM000095,PROMO00134,2026-06-13,2026-07-28,2026-07-29,3,2,Website,Completed,EUR,5000.0,20,1000.0,720.0,4720.0,2021-11-09 21:31:19,2026-02-19 13:59:05
BOOK004200,CUST002520,HOT0051,ROOM001329,PROMO00188,2025-09-14,2025-10-23,2025-10-30,4,1,Mobile App,Completed,INR,35000.0,20,7000.0,5040.0,33040.0,2021-12-27 01:59:56,2022-07-25 19:49:20
BOOK004201,CUST003520,HOT0107,ROOM000231,PROMO00448,2025-09-01,2025-10-23,2025-10-24,3,1,Expedia,Completed,GBP,15000.0,15,2250.0,2295.0,15045.0,2023-10-17 07:25:15,2024-09-18 20:28:30
BOOK004202,CUST002791,HOT0012,ROOM000510,PROMO00279,2025-02-03,2025-04-02,2025-04-07,1,0,Mobile App,Completed,EUR,25000.0,0,0.0,4500.0,29500.0,2024-01-23 20:32:29,2025-02-26 18:47:59
BOOK004203,CUST002599,HOT0029,ROOM000076,PROMO00414,2026-04-15,2026-05-05,2026-05-06,1,2,Mobile App,Completed,GBP,10000.0,0,0.0,1800.0,11800.0,2021-07-08 10:08:16,2025-09-29 21:37:49
BOOK004204,CUST000327,HOT0214,ROOM001268,PROMO00103,2026-04-07,2026-05-04,2026-05-10,4,0,Travel Agent,Completed,EUR,30000.0,10,3000.0,4860.0,31860.0,2023-03-16 22:41:43,2024-08-22 00:06:11
BOOK004205,CUST001984,HOT0236,ROOM001782,PROMO00279,2025-03-05,2025-03-07,2025-03-11,2,1,Travel Agent,Confirmed,EUR,14000.0,15,2100.0,2142.0,14042.0,2026-06-21 22:58:38,2026-06-25 08:01:03
BOOK004206,CUST000252,HOT0228,ROOM000856,PROMO00138,2025-03-16,2025-03-20,2025-03-26,3,1,Expedia,Completed,USD,15000.0,15,2250.0,2295.0,15045.0,2021-07-11 03:36:01,2025-07-31 12:01:30
BOOK004207,CUST003825,HOT0222,ROOM000349,PROMO00428,2025-11-17,2025-11-26,2025-11-29,1,1,Booking.com,Cancelled,GBP,45000.0,10,4500.0,7290.0,47790.0,2022-05-04 06:20:58,2024-06-29 09:54:42
BOOK004208,CUST003259,HOT0144,ROOM000213,PROMO00128,2026-01-26,2026-02-03,2026-02-04,4,0,Expedia,Completed,AED,2500.0,0,0.0,450.0,2950.0,2023-12-02 03:19:27,2026-04-14 16:27:48
BOOK004209,CUST000736,HOT0235,ROOM000311,PROMO00227,2026-03-30,2026-04-01,2026-04-07,1,1,Travel Agent,Completed,SGD,42000.0,15,6300.0,6426.0,42126.0,2021-03-28 08:22:11,2022-09-01 21:49:27
BOOK004210,CUST004782,HOT0198,ROOM000884,PROMO00364,2024-11-21,2024-11-27,2024-11-29,1,1,Mobile App,Completed,AED,7000.0,15,1050.0,1071.0,7021.0,2021-09-02 06:42:51,2024-03-30 20:23:01
BOOK004211,CUST001108,HOT0052,ROOM001462,PROMO00072,2026-01-19,2026-02-07,2026-02-13,2,1,Mobile App,Completed,EUR,30000.0,20,6000.0,4320.0,28320.0,2025-11-03 16:26:09,2026-04-18 08:28:20
BOOK004212,CUST000847,HOT0105,ROOM000982,PROMO00247,2025-02-25,2025-04-08,2025-04-10,4,1,Walk-In,Cancelled,AED,20000.0,10,2000.0,3240.0,21240.0,2020-08-18 21:21:25,2026-03-16 10:42:30
BOOK004213,CUST002472,HOT0006,ROOM000947,PROMO00371,2024-12-13,2025-02-07,2025-02-08,2,0,Walk-In,Confirmed,USD,7000.0,10,700.0,1134.0,7434.0,2021-11-10 18:18:49,2025-09-12 20:20:00
BOOK004214,CUST004048,HOT0128,ROOM000233,PROMO00315,2025-06-16,2025-07-05,2025-07-06,1,2,Website,Completed,INR,7000.0,5,350.0,1197.0,7847.0,2023-10-23 22:57:29,2025-10-13 08:22:01
BOOK004215,CUST001162,HOT0199,ROOM001255,PROMO00426,2024-12-07,2024-12-26,2024-12-31,4,1,Walk-In,No Show,INR,17500.0,10,1750.0,2835.0,18585.0,2024-02-12 08:52:14,2024-09-02 03:57:09
BOOK004216,CUST000843,HOT0015,ROOM001467,PROMO00345,2024-11-20,2025-01-06,2025-01-07,3,2,Booking.com,Confirmed,SGD,2500.0,10,250.0,405.0,2655.0,2022-12-01 13:46:19,2024-02-08 15:40:57
BOOK004217,CUST004598,HOT0075,ROOM001560,PROMO00197,2025-05-15,2025-06-13,2025-06-14,2,0,Expedia,Confirmed,EUR,2500.0,5,125.0,427.5,2802.5,2022-09-23 15:09:48,2022-11-24 17:18:14
BOOK004218,CUST002378,HOT0123,ROOM000290,PROMO00041,2026-04-14,2026-06-07,2026-06-12,3,0,Booking.com,Confirmed,AED,17500.0,5,875.0,2992.5,19617.5,2025-05-22 21:43:02,2026-02-19 07:10:17
BOOK004219,CUST002673,HOT0007,ROOM001283,PROMO00351,2026-07-23,2026-09-01,2026-09-08,1,2,Booking.com,Confirmed,SGD,24500.0,10,2450.0,3969.0,26019.0,2020-07-21 17:05:09,2021-10-22 13:31:35
BOOK004220,CUST001166,HOT0085,ROOM001338,PROMO00449,2025-04-14,2025-06-12,2025-06-19,1,1,Mobile App,Completed,GBP,17500.0,20,3500.0,2520.0,16520.0,2020-05-07 21:19:45,2025-10-01 19:48:09
BOOK004221,CUST003234,HOT0012,ROOM001209,PROMO00396,2024-10-23,2024-11-27,2024-12-01,1,0,Mobile App,Confirmed,USD,14000.0,0,0.0,2520.0,16520.0,2021-09-16 10:44:05,2024-10-14 02:56:31
BOOK004222,CUST003858,HOT0184,ROOM001686,PROMO00343,2026-05-26,2026-07-25,2026-07-31,1,0,Travel Agent,Completed,AED,42000.0,20,8400.0,6048.0,39648.0,2022-02-19 18:20:50,2022-05-20 14:36:46
BOOK004223,CUST001042,HOT0008,ROOM000453,PROMO00195,2024-11-03,2024-11-12,2024-11-15,2,0,Walk-In,Completed,EUR,15000.0,20,3000.0,2160.0,14160.0,2023-12-28 05:50:42,2024-07-20 21:57:22
BOOK004224,CUST002935,HOT0198,ROOM000026,PROMO00390,2024-08-10,2024-09-25,2024-09-26,1,0,Booking.com,Confirmed,USD,3500.0,20,700.0,504.0,3304.0,2023-07-22 18:05:27,2025-02-14 00:16:08
BOOK004225,CUST003435,HOT0147,ROOM001863,PROMO00499,2025-03-06,2025-04-15,2025-04-20,4,0,Expedia,Completed,AED,12500.0,0,0.0,2250.0,14750.0,2022-11-07 19:14:52,2026-04-30 06:20:01
BOOK004226,CUST002827,HOT0085,ROOM000534,PROMO00172,2025-04-11,2025-05-29,2025-06-03,3,1,Travel Agent,Completed,GBP,75000.0,20,15000.0,10800.0,70800.0,2026-06-21 14:35:35,2026-07-02 19:18:12
BOOK004227,CUST003758,HOT0081,ROOM001810,PROMO00275,2024-08-10,2024-10-08,2024-10-10,3,1,Expedia,Cancelled,INR,20000.0,10,2000.0,3240.0,21240.0,2021-11-22 05:49:15,2023-10-13 21:37:06
BOOK004228,CUST004918,HOT0005,ROOM001252,PROMO00461,2026-05-09,2026-06-07,2026-06-09,4,2,Mobile App,Confirmed,EUR,20000.0,10,2000.0,3240.0,21240.0,2022-12-11 18:31:31,2024-08-24 11:28:21
BOOK004229,CUST003989,HOT0152,ROOM000483,PROMO00349,2025-10-04,2025-11-05,2025-11-11,3,2,Website,Completed,SGD,42000.0,15,6300.0,6426.0,-42126.0,2022-03-24 18:35:05,2023-12-19 18:29:52
BOOK004230,CUST002750,HOT0112,ROOM001455,PROMO00342,2025-06-11,2025-06-15,2025-06-22,1,1,Website,Confirmed,INR,105000.0,10,10500.0,17010.0,111510.0,2024-12-07 10:54:15,2025-05-15 04:14:40
BOOK004231,CUST002496,HOT0193,ROOM001881,PROMO00111,2026-04-27,2026-05-08,2026-05-10,3,1,Expedia,Completed,USD,14000.0,20,2800.0,2016.0,13216.0,2022-01-22 01:20:58,2023-07-25 07:45:01
BOOK004232,CUST001493,HOT0152,ROOM000398,PROMO00049,2026-04-23,2026-05-27,2026-06-03,4,1,Mobile App,Confirmed,USD,105000.0,15,15750.0,16065.0,105315.0,2020-09-04 23:17:55,2025-10-27 10:09:29
BOOK004233,CUST001807,HOT0182,ROOM001770,PROMO00427,2025-09-03,2025-09-26,2025-09-30,1,2,Booking.com,Completed,AED,28000.0,0,0.0,5040.0,33040.0,2022-12-30 13:08:57,2026-05-19 19:03:24
BOOK004234,CUST002274,HOT0143,ROOM001433,PROMO00108,2024-12-02,2024-12-07,2024-12-13,3,2,Travel Agent,Completed,SGD,42000.0,0,0.0,7560.0,49560.0,2024-10-25 09:07:25,2026-04-14 19:32:13
BOOK004235,CUST003474,HOT0171,ROOM000354,PROMO00364,2026-05-18,2026-06-27,2026-06-30,3,0,Website,No Show,USD,7500.0,5,375.0,1282.5,8407.5,2021-09-10 19:16:35,2022-12-19 23:35:51
BOOK004236,CUST001788,HOT0139,ROOM001711,PROMO00377,2025-01-20,2025-02-08,2025-02-11,3,2,Expedia,Cancelled,GBP,21000.0,20,4200.0,3024.0,19824.0,2022-04-28 19:25:55,2024-12-14 02:57:41
BOOK004237,CUST001175,HOT0247,ROOM000663,PROMO00095,2026-05-22,2026-06-07,2026-06-14,3,2,Travel Agent,Cancelled,GBP,17500.0,0,0.0,3150.0,20650.0,2022-10-20 17:23:01,2026-06-08 20:11:11
BOOK004238,CUST001866,HOT0225,ROOM001419,PROMO00395,2026-06-15,2026-07-24,2026-07-30,1,1,Mobile App,Completed,EUR,90000.0,20,18000.0,12960.0,84960.0,2025-03-21 16:19:00,2026-05-12 04:42:08
BOOK004239,CUST002959,HOT0090,ROOM000930,PROMO00439,2025-06-09,2025-06-12,2025-06-17,1,0,Mobile App,Confirmed,USD,17500.0,5,875.0,2992.5,19617.5,2020-12-13 19:51:26,2024-11-08 14:19:24
BOOK004240,CUST003797,HOT0133,ROOM001939,PROMO00212,2025-10-24,2025-12-09,2025-12-15,4,2,Website,Confirmed,INR,60000.0,10,6000.0,9720.0,63720.0,2022-07-21 19:29:37,2024-11-20 16:33:38
BOOK004241,CUST003075,HOT0166,ROOM001061,PROMO00402,2026-02-27,2026-03-12,2026-03-19,1,2,Travel Agent,Confirmed,AED,35000.0,5,1750.0,5985.0,39235.0,2024-04-30 08:51:26,2025-05-01 02:34:21
BOOK004242,CUST002200,HOT0210,ROOM000611,PROMO00487,2025-11-21,2025-12-25,2026-01-01,1,1,Mobile App,Completed,GBP,70000.0,0,0.0,12600.0,82600.0,2024-09-05 16:15:17,2026-05-25 15:23:41
BOOK004243,CUST001209,HOT0097,ROOM000584,PROMO00233,2026-05-23,2026-05-28,2026-05-29,3,2,Mobile App,Completed,GBP,3500.0,15,525.0,535.5,3510.5,2024-05-06 15:07:30,2024-05-14 11:24:15
BOOK004244,CUST003764,HOT0170,ROOM000535,PROMO00267,2025-07-07,2025-07-27,2025-07-28,4,0,Website,Completed,GBP,10000.0,0,0.0,1800.0,11800.0,2021-10-03 15:16:19,2022-09-19 15:22:00
BOOK004245,CUST000760,HOT0203,ROOM001282,PROMO00323,2026-02-10,2026-04-03,2026-04-05,2,2,Walk-In,Completed,SGD,14000.0,20,2800.0,2016.0,13216.0,2026-07-06 18:41:50,2026-07-18 15:14:36
BOOK004246,CUST002237,HOT0123,ROOM000365,PROMO00433,2025-04-12,2025-04-16,2025-04-21,4,1,Walk-In,Completed,INR,17500.0,15,2625.0,2677.5,17552.5,2026-07-21 13:34:36,2026-07-26 07:37:12
BOOK004247,CUST003457,HOT0089,ROOM001273,PROMO00355,2025-05-01,2025-05-19,2025-05-21,2,1,Website,Completed,USD,5000.0,15,750.0,765.0,5015.0,2020-03-21 06:44:55,2025-06-29 14:18:02
BOOK004248,CUST001083,HOT0152,ROOM000483,PROMO00111,2026-02-02,2026-03-04,2026-03-11,1,0,Mobile App,Completed,AED,49000.0,15,7350.0,7497.0,49147.0,2024-08-16 14:10:13,2025-12-27 20:35:11
BOOK004249,CUST002099,HOT0067,ROOM000465,PROMO00010,2025-10-12,2025-11-23,2025-11-26,4,2,Booking.com,Cancelled,AED,45000.0,0,0.0,8100.0,53100.0,2026-07-15 06:57:04,2026-07-20 03:29:43
BOOK004250,CUST000544,HOT0087,ROOM001230,PROMO00309,2025-12-27,2026-01-22,2026-01-24,3,1,Mobile App,Completed,USD,10000.0,0,0.0,1800.0,11800.0,2026-05-17 09:37:57,2026-06-05 00:11:28
BOOK004251,CUST003844,HOT0016,ROOM000073,PROMO00060,2024-09-03,2024-09-26,2024-09-29,3,2,Booking.com,Completed,GBP,30000.0,0,0.0,5400.0,35400.0,2025-10-16 13:53:00,2026-03-19 01:49:50
BOOK004252,CUST000928,HOT0086,ROOM000484,PROMO00204,2026-07-25,2026-08-11,2026-08-12,2,0,Mobile App,Completed,EUR,2500.0,20,500.0,360.0,2360.0,2023-03-03 15:38:02,2026-03-26 22:49:02
BOOK004253,CUST001087,HOT0172,ROOM000307,PROMO00042,2025-08-24,2025-10-03,2025-10-09,1,0,Booking.com,Cancelled,USD,30000.0,10,3000.0,4860.0,31860.0,2022-07-18 04:09:03,2024-11-21 17:57:49
BOOK004254,CUST003827,HOT0208,ROOM000084,PROMO00193,2026-02-27,2026-04-16,2026-04-17,2,0,Walk-In,Completed,,5000.0,10,500.0,810.0,5310.0,2021-01-21 20:36:34,2022-11-04 06:11:35
BOOK004255,CUST002258,HOT0155,ROOM001041,PROMO00353,2025-03-27,2025-04-27,2025-05-02,3,0,Website,Cancelled,AED,35000.0,20,7000.0,5040.0,33040.0,2024-09-30 11:44:58,2025-04-24 22:06:57
BOOK004256,CUST002883,HOT0066,ROOM000430,PROMO00209,2024-11-28,2024-12-24,2024-12-25,1,0,Travel Agent,Completed,GBP,15000.0,0,0.0,2700.0,17700.0,2026-01-31 03:26:05,2026-06-18 19:57:27
BOOK004257,CUST000707,HOT0055,ROOM001643,PROMO00089,2024-08-25,2024-10-22,2024-10-25,2,2,Expedia,Completed,EUR,30000.0,10,3000.0,4860.0,31860.0,2024-07-05 11:02:26,2025-06-28 04:32:29
BOOK004258,CUST004327,HOT0175,ROOM000554,PROMO00257,2025-12-13,2025-12-16,2025-12-17,2,1,Booking.com,Completed,AED,15000.0,20,3000.0,2160.0,14160.0,2025-08-28 01:31:36,2026-01-17 11:42:10
BOOK004259,CUST001654,HOT0226,ROOM001585,PROMO00242,2026-03-12,2026-03-31,2026-04-07,1,0,Expedia,Cancelled,INR,105000.0,20,21000.0,15120.0,99120.0,2021-01-31 06:53:18,2022-05-05 19:06:42
BOOK004260,CUST003211,HOT0079,ROOM000218,PROMO00060,2026-05-07,2026-05-22,2026-05-28,4,1,Expedia,Completed,SGD,90000.0,5,4500.0,15390.0,100890.0,2026-05-24 13:51:36,2026-07-27 10:09:21
BOOK004261,CUST001245,HOT0130,ROOM000580,PROMO00008,2025-09-30,2025-10-25,2025-10-28,1,2,Booking.com,Completed,AED,7500.0,5,375.0,1282.5,8407.5,2023-07-09 04:18:44,2025-05-15 10:29:38
BOOK004262,CUST000925,HOT0143,ROOM000384,PROMO00218,2025-10-05,2025-11-22,2025-11-23,1,1,Mobile App,Confirmed,SGD,15000.0,5,750.0,2565.0,16815.0,2025-05-10 05:56:59,2026-02-20 10:16:24
BOOK004263,CUST000983,HOT0127,ROOM000221,PROMO00356,2025-04-14,2025-06-12,2025-06-16,3,1,Expedia,Completed,GBP,14000.0,5,700.0,2394.0,15694.0,2023-01-21 07:56:03,2024-05-19 15:46:18
BOOK004264,CUST004719,HOT0121,ROOM000011,PROMO00168,2026-02-03,2026-03-18,2026-03-25,1,1,Website,Completed,GBP,105000.0,10,10500.0,17010.0,111510.0,2026-07-25 19:09:08,2026-07-30 04:15:47
BOOK004265,CUST004642,HOT0072,ROOM000582,PROMO00058,2026-02-04,2026-03-31,2026-04-04,2,1,Booking.com,Cancelled,AED,10000.0,0,0.0,1800.0,11800.0,2024-12-01 22:47:03,2025-10-20 03:40:25
BOOK004266,CUST000621,HOT0053,ROOM000690,PROMO00348,2025-08-17,2025-09-17,2025-09-19,1,2,Booking.com,Completed,EUR,14000.0,15,2100.0,2142.0,14042.0,2020-12-19 06:16:34,2024-04-27 22:04:49
BOOK004267,CUST001267,HOT0158,ROOM000268,PROMO00257,2025-05-20,2025-06-01,2025-06-03,2,0,Mobile App,Confirmed,EUR,30000.0,15,4500.0,4590.0,30090.0,2021-09-06 18:10:34,2023-10-12 12:29:31
BOOK004268,CUST003391,HOT0208,ROOM001053,PROMO00352,2025-03-10,2025-04-05,2025-04-08,4,2,Mobile App,Completed,SGD,30000.0,0,0.0,5400.0,35400.0,2024-05-20 07:29:07,2025-08-01 18:13:27
BOOK004269,CUST000976,HOT0090,ROOM001771,PROMO00127,2024-10-13,2024-12-08,2024-12-15,1,1,Walk-In,Completed,AED,35000.0,0,0.0,6300.0,41300.0,2020-11-29 02:39:44,2021-08-29 11:42:56
BOOK004270,CUST000277,HOT0166,ROOM001018,PROMO00053,2024-10-04,2024-11-19,2024-11-25,2,1,Walk-In,Cancelled,INR,60000.0,20,12000.0,8640.0,56640.0,2026-04-24 07:21:44,2026-06-17 01:41:31
BOOK004271,CUST002373,HOT0205,ROOM001341,PROMO00144,2026-05-07,2026-07-01,2026-07-04,1,1,Mobile App,Completed,INR,7500.0,10,750.0,1215.0,7965.0,2024-06-06 10:50:34,2025-08-24 05:44:15
BOOK004272,CUST003323,HOT0199,ROOM000427,PROMO00467,2025-04-11,2025-06-03,2025-06-04,2,1,Walk-In,No Show,INR,7000.0,20,1400.0,1008.0,6608.0,2026-04-05 17:45:23,2026-05-10 08:31:34
BOOK004273,CUST001137,HOT0187,ROOM001140,PROMO00473,2026-05-03,2026-06-25,2026-06-27,3,0,Website,Confirmed,SGD,14000.0,15,2100.0,2142.0,14042.0,2022-12-20 11:25:06,2025-08-01 03:12:14
BOOK004274,CUST002037,HOT0021,ROOM001861,PROMO00009,2024-07-29,2024-09-07,2024-09-14,4,0,Mobile App,Confirmed,EUR,70000.0,15,10500.0,10710.0,70210.0,2024-04-24 08:21:09,2026-02-16 03:24:55
BOOK004275,CUST002509,HOT0170,ROOM001197,PROMO00363,2025-06-07,2025-06-12,2025-06-16,3,1,Booking.com,Completed,SGD,10000.0,15,1500.0,1530.0,10030.0,2022-12-05 22:04:00,2025-07-08 07:27:30
BOOK004276,CUST002624,HOT0235,ROOM001759,PROMO00362,2025-08-26,2025-09-08,2025-09-12,3,1,Booking.com,Completed,USD,10000.0,15,1500.0,1530.0,10030.0,2023-08-16 19:40:22,2024-11-16 03:30:08
BOOK004277,CUST004143,HOT0074,ROOM000685,PROMO00028,2026-07-17,2026-07-23,2026-07-26,3,1,Expedia,Confirmed,INR,7500.0,0,0.0,1350.0,8850.0,2024-03-06 23:12:49,2024-12-08 06:14:02
BOOK004278,CUST000344,HOT0039,ROOM001082,PROMO00496,2025-01-28,2025-03-15,2025-03-17,3,1,Expedia,No Show,SGD,30000.0,20,6000.0,4320.0,28320.0,2025-09-06 20:13:41,2025-10-20 22:49:47
BOOK004279,CUST003152,HOT0146,ROOM001159,PROMO00343,2025-04-21,2025-04-26,2025-04-30,1,1,Website,Completed,INR,14000.0,15,2100.0,2142.0,14042.0,2022-05-27 10:13:16,2022-10-14 16:10:26
BOOK004280,CUST001372,HOT0091,ROOM000601,PROMO00495,2026-02-14,2026-03-30,2026-04-03,2,2,Walk-In,Confirmed,INR,10000.0,20,2000.0,1440.0,9440.0,2020-03-25 09:59:04,2021-02-25 07:18:32
BOOK004281,CUST003148,HOT0042,ROOM001953,PROMO00428,2026-05-06,2026-07-05,2026-07-10,4,2,Website,Confirmed,SGD,35000.0,0,0.0,6300.0,41300.0,2020-12-20 18:42:22,2022-06-04 18:48:27
BOOK004282,CUST000024,HOT0034,ROOM001834,PROMO00244,2024-07-31,2024-09-18,2024-09-20,2,1,Mobile App,Completed,USD,10000.0,15,1500.0,1530.0,10030.0,2023-09-02 11:44:37,2023-12-04 20:49:54
BOOK004283,CUST004356,HOT0117,ROOM000776,PROMO00010,2026-05-04,2026-06-04,2026-06-07,2,2,Mobile App,Completed,EUR,7500.0,15,1125.0,1147.5,7522.5,2024-08-11 09:26:00,2026-06-17 12:44:40
BOOK004284,CUST003555,HOT0088,ROOM001614,PROMO00416,2025-06-07,2025-07-19,2025-07-20,4,0,Mobile App,Confirmed,SGD,10000.0,5,500.0,1710.0,11210.0,2021-05-02 10:43:16,2025-03-31 20:24:13
BOOK004285,CUST004860,HOT0193,ROOM000711,PROMO00306,2025-10-27,2025-11-02,2025-11-07,3,0,Travel Agent,Completed,USD,12500.0,15,1875.0,1912.5,12537.5,2023-07-01 10:43:49,2024-01-20 05:29:37
BOOK004286,CUST003602,HOT0188,ROOM000025,PROMO00183,2026-03-16,2026-05-09,2026-05-16,3,2,Walk-In,Completed,INR,49000.0,15,7350.0,7497.0,49147.0,2024-01-23 02:50:27,2025-03-28 07:03:32
BOOK004287,CUST002931,HOT0169,ROOM000507,PROMO00078,2025-10-14,2025-11-03,2025-11-08,1,0,Website,Completed,AED,17500.0,5,875.0,2992.5,19617.5,2024-08-14 22:12:17,2025-02-03 19:42:12
BOOK004288,CUST000728,HOT0008,ROOM000150,PROMO00297,2024-11-19,2024-12-07,2024-12-13,2,2,Expedia,Completed,USD,90000.0,5,4500.0,15390.0,100890.0,2020-10-07 10:47:35,2026-03-19 22:50:18
BOOK004289,CUST002277,HOT0127,ROOM001415,PROMO00280,2026-07-12,2026-07-20,2026-07-26,3,1,Expedia,Completed,AED,42000.0,5,2100.0,7182.0,47082.0,2026-06-21 16:29:32,2026-07-08 03:15:27
BOOK004290,CUST004999,HOT0060,ROOM000736,PROMO00015,2025-05-17,2025-06-22,2025-06-26,4,2,Mobile App,Cancelled,EUR,40000.0,20,8000.0,5760.0,37760.0,2021-11-29 20:48:08,2025-03-03 18:36:09
BOOK004291,CUST004787,HOT0171,ROOM000097,PROMO00479,2026-02-13,2026-03-13,2026-03-16,4,0,Expedia,Confirmed,SGD,21000.0,10,2100.0,3402.0,22302.0,2026-01-13 01:16:32,2026-07-21 23:35:43
BOOK004292,CUST001807,HOT0210,ROOM000646,PROMO00317,2025-09-08,2025-09-26,2025-10-03,3,1,Expedia,Confirmed,INR,24500.0,10,2450.0,3969.0,26019.0,2022-11-27 22:16:36,2023-03-13 18:14:07
BOOK004293,CUST002206,HOT0174,ROOM001835,PROMO00498,2025-11-15,2026-01-13,2026-01-17,4,0,Mobile App,No Show,SGD,10000.0,10,1000.0,1620.0,10620.0,2024-08-01 12:46:01,2025-11-01 18:51:45
BOOK004294,CUST004893,HOT0108,ROOM001377,PROMO00206,2025-10-17,2025-12-10,2025-12-13,1,1,Booking.com,Confirmed,INR,10500.0,10,1050.0,1701.0,11151.0,2021-03-01 14:56:05,2024-07-21 02:32:24
BOOK004295,CUST001427,HOT0001,ROOM001081,PROMO00480,2025-07-26,2025-07-31,2025-08-06,2,1,Walk-In,Confirmed,AED,42000.0,0,0.0,7560.0,49560.0,2025-11-05 18:09:04,2026-04-09 06:58:36
BOOK004296,CUST002611,HOT0219,ROOM001666,PROMO00267,2026-03-26,2026-04-22,2026-04-25,3,0,Booking.com,Completed,SGD,30000.0,0,0.0,5400.0,35400.0,2024-03-31 11:51:01,2026-07-01 06:56:18
BOOK004297,CUST001815,HOT0094,ROOM000803,PROMO00048,2026-01-11,2026-01-30,2026-02-05,4,0,Walk-In,Completed,INR,21000.0,15,3150.0,3213.0,21063.0,2021-11-18 09:45:13,2025-11-26 21:25:53
BOOK004298,CUST001588,HOT0052,ROOM001500,PROMO00282,2025-04-19,2025-06-01,2025-06-02,1,1,Booking.com,Completed,INR,2500.0,20,500.0,360.0,2360.0,2023-09-16 07:54:42,2024-12-04 12:11:38
BOOK004299,CUST002931,HOT0164,ROOM001367,PROMO00500,2025-10-12,2025-11-05,2025-11-11,2,1,Expedia,Completed,GBP,30000.0,20,6000.0,4320.0,28320.0,2021-04-12 00:23:47,2021-09-20 08:48:52
BOOK004300,CUST004554,HOT0021,ROOM001304,PROMO00219,2025-09-15,2025-09-27,2025-09-30,4,0,Walk-In,Completed,SGD,15000.0,5,750.0,2565.0,16815.0,2021-01-24 12:20:57,2025-06-29 10:26:23
BOOK004301,CUST001558,HOT0110,ROOM001937,PROMO00295,2026-04-23,2026-04-27,2026-04-29,2,2,Walk-In,Completed,USD,20000.0,10,2000.0,3240.0,21240.0,2020-02-13 20:53:17,2021-07-25 07:17:40
BOOK004302,CUST001064,HOT0098,ROOM000144,PROMO00173,2025-08-30,2025-09-06,2025-09-07,1,2,Website,Completed,USD,2500.0,15,375.0,382.5,2507.5,2024-04-17 15:56:49,2024-05-20 11:13:51
BOOK004303,CUST000892,HOT0017,ROOM000057,PROMO00319,2025-06-06,2025-07-20,2025-07-26,2,0,Travel Agent,Completed,SGD,30000.0,20,6000.0,4320.0,28320.0,2026-05-09 03:48:25,2026-06-12 16:38:15
BOOK004304,CUST001430,HOT0212,ROOM000479,PROMO00474,2025-04-07,2025-05-18,2025-05-25,4,0,Website,Confirmed,AED,105000.0,5,5250.0,17955.0,117705.0,2024-09-09 18:55:35,2025-03-11 08:27:11
BOOK004305,CUST000011,HOT0202,ROOM000313,PROMO00242,2025-04-14,2025-04-26,2025-04-28,1,2,Website,Completed,EUR,20000.0,20,4000.0,2880.0,18880.0,2024-05-26 05:56:21,2024-06-10 22:53:58
BOOK004306,CUST001402,HOT0163,ROOM001115,PROMO00159,2026-03-07,2026-04-03,2026-04-05,3,2,Walk-In,Completed,USD,10000.0,5,500.0,1710.0,11210.0,2023-02-06 19:16:35,2025-03-11 14:36:43
BOOK004307,CUST002276,HOT0060,ROOM001290,PROMO00408,2025-12-22,2026-01-16,2026-01-20,4,0,Website,Completed,,40000.0,20,8000.0,5760.0,37760.0,2022-01-02 20:17:27,2026-07-17 11:46:18
BOOK004308,CUST003121,HOT0060,ROOM001519,PROMO00212,2025-11-18,2025-12-29,2026-01-02,1,0,Booking.com,Cancelled,SGD,28000.0,10,2800.0,4536.0,29736.0,2021-03-04 03:11:16,2022-04-24 21:32:14
BOOK004309,CUST002690,HOT0244,ROOM001880,PROMO00193,2025-09-15,2025-09-30,2025-10-06,4,2,Walk-In,Completed,INR,42000.0,5,2100.0,7182.0,47082.0,2022-02-14 03:27:40,2023-11-28 20:07:29
BOOK004310,CUST001309,HOT0058,ROOM000202,PROMO00310,2025-11-08,2025-11-28,2025-12-03,3,1,Travel Agent,Completed,AED,75000.0,20,15000.0,10800.0,70800.0,2023-11-18 12:09:44,2026-02-14 17:49:27
BOOK004311,CUST002035,HOT0209,ROOM000652,PROMO00304,2025-01-25,2025-03-17,2025-03-24,4,2,Website,Cancelled,EUR,105000.0,5,5250.0,17955.0,117705.0,2025-05-18 02:44:04,2025-11-10 12:12:42
BOOK004312,CUST004351,HOT0211,ROOM000629,PROMO00361,2025-01-08,2025-03-07,2025-03-09,4,0,Website,Completed,EUR,20000.0,15,3000.0,3060.0,20060.0,2024-09-05 12:50:51,2026-01-13 20:56:16
BOOK004313,CUST003619,HOT0054,ROOM001006,PROMO00431,2025-08-09,2025-10-07,2025-10-14,4,1,Website,Confirmed,USD,35000.0,10,3500.0,5670.0,37170.0,2026-01-25 00:10:13,2026-07-12 21:02:57
BOOK004314,CUST004203,HOT0161,ROOM000886,PROMO00129,2025-08-28,2025-09-01,2025-09-06,1,1,Booking.com,No Show,SGD,17500.0,0,0.0,3150.0,20650.0,2026-02-13 17:01:16,2026-04-09 15:28:15
BOOK004315,CUST003918,HOT0016,ROOM001520,PROMO00299,2025-06-19,2025-06-25,2025-06-30,2,0,Walk-In,Completed,SGD,12500.0,5,625.0,2137.5,14012.5,2023-11-03 12:18:01,2024-05-01 02:29:04
BOOK004316,CUST001622,HOT0234,ROOM001727,PROMO00292,2025-12-25,2026-01-23,2026-01-28,1,1,Travel Agent,Completed,GBP,12500.0,0,0.0,2250.0,14750.0,2026-03-10 21:20:53,2026-06-03 23:07:04
BOOK004317,CUST001040,HOT0027,ROOM001597,PROMO00380,2025-02-12,2025-02-14,2025-02-16,3,2,Expedia,Confirmed,EUR,10000.0,0,0.0,1800.0,11800.0,2023-09-16 06:42:37,2024-08-28 09:34:50
BOOK004318,CUST004806,HOT0129,ROOM000913,PROMO00025,2026-04-08,2026-05-30,2026-06-06,4,0,Booking.com,Completed,SGD,49000.0,10,4900.0,7938.0,52038.0,2022-08-25 21:30:45,2025-03-01 00:06:24
BOOK004319,CUST004482,HOT0248,ROOM000394,PROMO00434,2025-05-01,2025-06-12,2025-06-19,4,0,Travel Agent,Completed,INR,35000.0,15,5250.0,5355.0,35105.0,2020-09-07 04:35:41,2023-09-26 14:44:18
BOOK004320,CUST000570,HOT0237,ROOM001512,PROMO00127,2025-12-20,2025-12-28,2025-12-30,1,2,Mobile App,Completed,SGD,14000.0,20,2800.0,2016.0,13216.0,2025-05-21 20:46:25,2026-06-01 21:16:13
BOOK004321,CUST003207,HOT0071,ROOM001196,PROMO00324,2025-03-18,2025-04-05,2025-04-11,2,0,Website,Completed,USD,42000.0,0,0.0,7560.0,49560.0,2026-02-24 16:09:13,2026-04-23 19:40:29
BOOK004322,CUST003234,HOT0018,ROOM000426,PROMO00496,2024-11-03,2024-11-26,2024-11-27,1,0,Booking.com,Confirmed,,2500.0,20,500.0,360.0,2360.0,2022-02-23 04:51:37,2025-04-17 04:42:08
BOOK004323,CUST002824,HOT0129,ROOM001430,PROMO00110,2024-11-22,2024-12-11,2024-12-17,1,2,Travel Agent,Confirmed,INR,21000.0,10,2100.0,3402.0,22302.0,2023-07-28 14:12:34,2026-01-13 15:01:17
BOOK004324,CUST003197,HOT0095,ROOM001386,PROMO00389,2026-03-01,2026-03-05,2026-03-12,1,2,Mobile App,Completed,EUR,105000.0,0,0.0,18900.0,123900.0,2020-05-29 20:12:38,2026-06-09 00:55:52
BOOK004325,CUST003616,HOT0203,ROOM000926,PROMO00318,2025-05-27,2025-06-13,2025-06-17,1,1,Website,Confirmed,GBP,60000.0,10,6000.0,9720.0,63720.0,2025-12-30 13:11:28,2026-05-08 07:31:54
BOOK004326,CUST001513,HOT0157,ROOM000531,PROMO00312,2026-04-16,2026-05-08,2026-05-10,3,1,Walk-In,Completed,INR,14000.0,5,700.0,2394.0,15694.0,2021-05-05 09:21:46,2023-04-17 19:21:45
BOOK004327,CUST004164,HOT0184,ROOM001062,PROMO00407,2025-05-18,2025-05-24,2025-05-26,4,1,Booking.com,Confirmed,USD,30000.0,5,1500.0,5130.0,33630.0,2022-02-18 12:26:47,2025-12-30 04:19:58
BOOK004328,CUST003404,HOT0234,ROOM001237,PROMO00189,2024-11-11,2024-12-26,2024-12-28,4,2,Website,Completed,INR,30000.0,10,3000.0,4860.0,31860.0,2021-04-27 13:42:36,2026-05-26 14:05:55
BOOK004329,CUST001239,HOT0079,ROOM000361,PROMO00383,2025-07-18,2025-08-02,2025-08-04,2,1,Booking.com,Cancelled,USD,10000.0,15,1500.0,1530.0,10030.0,2021-08-06 00:25:33,2025-05-10 06:05:22
BOOK004330,CUST002786,HOT0216,ROOM000854,PROMO00459,2024-09-13,2024-09-25,2024-09-30,2,2,Travel Agent,Completed,SGD,12500.0,0,0.0,2250.0,14750.0,2026-05-30 19:39:53,2026-07-02 17:01:31
BOOK004331,CUST000922,HOT0161,ROOM001439,PROMO00306,2025-06-08,2025-07-20,2025-07-25,2,0,Walk-In,Confirmed,AED,17500.0,5,875.0,2992.5,19617.5,2022-03-18 05:51:24,2026-03-15 03:00:18
BOOK004332,CUST001325,HOT0086,ROOM001570,PROMO00044,2025-06-12,2025-07-03,2025-07-05,1,0,Website,Completed,EUR,30000.0,0,0.0,5400.0,35400.0,2023-02-16 20:56:07,2024-08-27 09:20:46
BOOK004333,CUST003675,HOT0043,ROOM001303,PROMO00449,2024-07-29,2024-08-15,2024-08-17,4,1,Website,Completed,GBP,7000.0,10,700.0,1134.0,7434.0,2020-03-19 13:54:44,2021-03-31 06:42:24
BOOK004334,CUST003876,HOT0136,ROOM001746,PROMO00111,2026-02-02,2026-03-19,2026-03-23,4,0,Booking.com,Completed,SGD,20000.0,20,4000.0,2880.0,18880.0,2025-03-30 05:52:45,2025-04-17 06:46:30
BOOK004335,CUST000906,HOT0042,ROOM001809,PROMO00229,2024-09-06,2024-09-14,2024-09-18,2,2,Website,Completed,USD,20000.0,20,4000.0,2880.0,18880.0,2020-10-19 20:24:28,2025-02-11 13:16:22
BOOK004336,CUST002325,HOT0246,ROOM000785,PROMO00267,2024-12-12,2025-01-22,2025-01-24,3,1,Booking.com,Completed,AED,14000.0,20,2800.0,2016.0,13216.0,2023-01-28 19:33:20,2024-09-13 17:02:33
BOOK004337,CUST002024,HOT0184,ROOM001308,PROMO00082,2025-04-08,2025-05-06,2025-05-07,1,1,Walk-In,Completed,GBP,10000.0,5,500.0,1710.0,11210.0,2022-08-08 19:07:48,2024-04-06 01:36:37
BOOK004338,CUST004183,HOT0223,ROOM001910,PROMO00089,2026-02-26,2026-03-15,2026-03-21,3,0,Booking.com,Cancelled,GBP,15000.0,15,2250.0,2295.0,15045.0,2020-08-28 13:35:43,2021-11-21 02:16:12
BOOK004339,CUST002030,HOT0132,ROOM000407,PROMO00466,2025-04-20,2025-05-02,2025-05-04,3,0,Walk-In,Completed,AED,7000.0,10,700.0,1134.0,7434.0,2023-03-07 08:06:56,2024-03-30 12:02:26
BOOK004340,CUST002166,HOT0158,ROOM001483,PROMO00052,2026-03-29,2026-05-14,2026-05-19,1,1,Walk-In,Cancelled,USD,75000.0,0,0.0,13500.0,88500.0,2023-11-05 02:53:18,2026-06-03 20:17:29
BOOK004341,CUST003855,HOT0090,ROOM000190,PROMO00471,2025-09-11,2025-09-30,2025-10-03,1,2,Walk-In,Completed,GBP,30000.0,20,6000.0,4320.0,28320.0,2025-05-05 13:01:04,2026-04-23 18:22:38
BOOK004342,CUST001468,HOT0237,ROOM001512,PROMO00357,2025-11-13,2025-11-26,2025-12-02,1,0,Mobile App,Completed,USD,42000.0,0,0.0,7560.0,49560.0,2020-06-18 16:54:36,2023-10-12 11:18:49
BOOK004343,CUST003717,HOT0099,ROOM000996,PROMO00455,2025-04-01,2025-05-02,2025-05-07,2,0,Walk-In,Completed,SGD,75000.0,10,7500.0,12150.0,79650.0,2023-07-10 11:33:57,2026-05-03 11:56:18
BOOK004344,CUST003047,HOT0150,ROOM001413,PROMO00097,2026-05-14,2026-06-23,2026-06-29,1,1,Walk-In,Completed,GBP,90000.0,15,13500.0,13770.0,90270.0,2023-04-09 06:24:07,2025-07-17 07:01:16
BOOK004345,CUST001256,HOT0078,ROOM000956,PROMO00062,2025-08-20,2025-08-21,2025-08-24,1,2,Expedia,Confirmed,AED,21000.0,5,1050.0,3591.0,23541.0,2025-08-03 01:48:08,2026-07-23 18:46:49
BOOK004346,CUST003015,HOT0176,ROOM001235,PROMO00178,2025-09-03,2025-09-21,2025-09-22,4,2,Website,Confirmed,GBP,15000.0,0,0.0,2700.0,17700.0,2022-08-23 21:27:29,2025-01-12 17:33:07
BOOK004347,CUST002781,HOT0129,ROOM000010,PROMO00382,2025-03-30,2025-04-24,2025-04-25,4,2,Expedia,Completed,AED,2500.0,5,125.0,427.5,2802.5,2023-11-27 04:52:49,2026-04-11 12:21:17
BOOK004348,CUST000861,HOT0212,ROOM001684,PROMO00059,2025-03-06,2025-04-01,2025-04-07,1,1,Travel Agent,Cancelled,AED,15000.0,0,0.0,2700.0,17700.0,2021-05-06 16:45:13,2023-09-27 05:15:28
BOOK004349,CUST000790,HOT0124,ROOM001012,PROMO00081,2026-03-10,2026-04-09,2026-04-12,3,1,Booking.com,Completed,INR,21000.0,5,1050.0,3591.0,23541.0,2026-05-23 05:29:55,2026-07-03 01:56:27
BOOK004350,CUST003414,HOT0105,ROOM000982,PROMO00305,2025-01-04,2025-02-25,2025-02-28,2,1,Website,Completed,SGD,30000.0,15,4500.0,4590.0,30090.0,2023-11-05 02:18:26,2024-11-15 05:52:34
BOOK004351,CUST004289,HOT0076,ROOM000317,PROMO00054,2024-08-27,2024-10-03,2024-10-04,2,2,Expedia,Completed,SGD,10000.0,15,1500.0,1530.0,10030.0,2024-04-27 16:25:46,2024-05-17 07:03:21
BOOK004352,CUST004571,HOT0169,ROOM001616,PROMO00252,2025-04-07,2025-05-23,2025-05-28,3,1,Walk-In,Cancelled,AED,25000.0,10,2500.0,4050.0,26550.0,2022-05-19 03:44:08,2023-10-14 00:51:08
BOOK004353,CUST001316,HOT0047,ROOM000069,PROMO00110,2024-11-22,2025-01-01,2025-01-07,3,2,Mobile App,Completed,INR,90000.0,10,9000.0,14580.0,95580.0,2021-03-28 16:15:44,2023-04-13 07:31:00
BOOK004354,CUST003437,HOT0192,ROOM000355,PROMO00372,2025-11-14,2025-12-25,2025-12-31,3,1,Website,Completed,INR,60000.0,0,0.0,10800.0,70800.0,2023-11-23 18:57:12,2025-05-01 15:17:59
BOOK004355,CUST000084,HOT0087,ROOM000184,PROMO00004,2025-01-15,2025-02-07,2025-02-11,3,2,Walk-In,Completed,AED,28000.0,5,1400.0,4788.0,31388.0,2021-05-04 21:56:11,2021-07-24 08:56:48
BOOK004356,CUST004403,HOT0163,ROOM001175,PROMO00029,2026-04-13,2026-04-22,2026-04-29,2,2,Mobile App,Completed,SGD,70000.0,5,3500.0,11970.0,78470.0,2020-09-14 05:19:16,2021-12-04 03:07:52
BOOK004357,CUST000896,HOT0054,ROOM001816,PROMO00090,2025-08-21,2025-09-29,2025-10-02,2,0,Website,No Show,SGD,45000.0,20,9000.0,6480.0,42480.0,2025-11-23 13:56:36,2025-12-04 17:17:30
BOOK004358,CUST004884,HOT0225,ROOM000403,PROMO00271,2026-04-26,2026-05-29,2026-06-01,2,0,Mobile App,Completed,AED,10500.0,20,2100.0,1512.0,9912.0,2021-09-10 15:00:21,2025-05-15 07:22:32
BOOK004359,CUST004208,HOT0149,ROOM000548,PROMO00035,2024-11-19,2025-01-18,2025-01-24,2,1,Expedia,Completed,GBP,30000.0,15,4500.0,4590.0,30090.0,2022-03-22 19:52:59,2026-01-21 22:00:58
BOOK004360,CUST002124,HOT0005,ROOM001444,PROMO00132,2025-06-08,2025-08-06,2025-08-12,3,0,Expedia,Cancelled,USD,30000.0,20,6000.0,4320.0,28320.0,2020-03-14 18:44:35,2021-08-30 04:42:57
BOOK004361,CUST004179,HOT0077,ROOM000914,PROMO00491,2025-04-19,2025-05-18,2025-05-25,3,2,Website,Confirmed,INR,17500.0,15,2625.0,2677.5,17552.5,2021-08-03 07:51:28,2022-06-14 13:16:07
BOOK004362,CUST003812,HOT0068,ROOM000296,PROMO00308,2026-06-24,2026-07-31,2026-08-03,2,0,Booking.com,Completed,EUR,10500.0,0,0.0,1890.0,12390.0,2020-04-27 19:09:18,2023-05-08 12:50:17
BOOK004363,CUST001107,HOT0081,ROOM000538,PROMO00008,2025-11-11,2025-12-01,2025-12-05,2,1,Walk-In,Completed,INR,20000.0,10,2000.0,3240.0,21240.0,2025-06-30 00:37:14,2026-06-21 11:15:31
BOOK004364,CUST002661,HOT0235,ROOM000251,PROMO00161,2026-05-25,2026-06-07,2026-06-11,2,1,Booking.com,Confirmed,EUR,14000.0,15,2100.0,2142.0,14042.0,2021-01-09 10:21:22,2022-05-05 02:14:42
BOOK004365,CUST002045,HOT0023,ROOM001526,PROMO00303,2024-12-17,2024-12-31,2025-01-03,2,1,Travel Agent,Completed,AED,10500.0,0,0.0,1890.0,12390.0,2022-07-20 05:55:46,2024-05-12 04:10:43
BOOK004366,CUST004020,HOT0238,ROOM000191,PROMO00409,2024-08-27,2024-08-29,2024-09-04,1,2,Travel Agent,Cancelled,INR,42000.0,10,4200.0,6804.0,44604.0,2021-02-06 23:04:52,2022-04-18 01:14:14
BOOK004367,CUST001901,HOT0070,ROOM000065,PROMO00234,2024-12-25,2024-12-26,2024-12-28,3,1,Walk-In,Completed,INR,14000.0,5,700.0,2394.0,15694.0,2026-05-23 06:02:47,2026-05-29 01:04:58
BOOK004368,CUST001972,HOT0213,ROOM000182,PROMO00396,2024-11-28,2024-12-20,2024-12-27,1,2,Website,Cancelled,USD,17500.0,0,0.0,3150.0,20650.0,2020-01-09 13:19:00,2021-08-25 19:57:30
BOOK004369,CUST000708,HOT0065,ROOM000637,PROMO00360,2026-02-26,2026-04-27,2026-05-01,3,2,Website,Completed,SGD,14000.0,10,1400.0,2268.0,14868.0,2021-06-28 16:39:57,2024-08-26 11:56:12
BOOK004370,CUST002381,HOT0125,ROOM000858,PROMO00361,2025-01-18,2025-02-22,2025-02-25,2,2,Travel Agent,Completed,INR,10500.0,10,1050.0,1701.0,11151.0,2026-03-28 18:07:23,2026-05-01 21:00:02
BOOK004371,CUST000379,HOT0092,ROOM000095,PROMO00266,2025-02-07,2025-02-13,2025-02-20,1,1,Travel Agent,Completed,GBP,35000.0,20,7000.0,5040.0,33040.0,2026-06-27 17:34:30,2026-07-07 19:49:50
BOOK004372,CUST001504,HOT0204,ROOM000951,PROMO00322,2025-01-10,2025-02-11,2025-02-12,1,2,Mobile App,Completed,EUR,2500.0,15,375.0,382.5,2507.5,2021-10-30 22:35:04,2022-03-07 21:48:28
BOOK004373,CUST000209,HOT0157,ROOM000396,PROMO00454,2024-10-11,2024-10-15,2024-10-17,4,0,Travel Agent,Cancelled,SGD,14000.0,0,0.0,2520.0,16520.0,2021-06-02 10:52:48,2025-04-05 17:22:35
BOOK004374,CUST002581,HOT0150,ROOM000180,PROMO00420,2025-04-15,2025-06-14,2025-06-15,3,1,Mobile App,Confirmed,AED,3500.0,5,175.0,598.5,3923.5,2020-03-27 05:01:07,2025-04-25 09:24:04
BOOK004375,CUST001604,HOT0176,ROOM001999,PROMO00358,2025-06-21,2025-07-15,2025-07-17,4,0,Website,Cancelled,EUR,10000.0,15,1500.0,1530.0,10030.0,2025-07-28 11:03:00,2026-03-06 17:11:11
BOOK004376,CUST001121,HOT0246,ROOM000369,PROMO00126,2026-03-07,2026-05-04,2026-05-06,4,0,Mobile App,Completed,GBP,5000.0,20,1000.0,720.0,4720.0,2025-04-12 18:16:01,2025-07-27 00:05:39
BOOK004377,CUST003379,HOT0169,ROOM000507,PROMO00401,2026-07-16,2026-08-07,2026-08-10,1,0,Travel Agent,Completed,INR,10500.0,10,1050.0,1701.0,11151.0,2020-07-01 00:51:05,2022-01-09 16:00:57
BOOK004378,CUST000813,HOT0032,ROOM000310,PROMO00432,2024-12-31,2025-01-02,2025-01-04,1,1,Expedia,Completed,AED,7000.0,10,700.0,1134.0,7434.0,2023-08-02 07:22:58,2025-07-15 20:14:51
BOOK004379,CUST002722,HOT0022,ROOM001562,PROMO00093,2024-09-13,2024-11-11,2024-11-17,2,1,Travel Agent,Completed,USD,90000.0,5,4500.0,15390.0,100890.0,2024-12-18 20:11:26,2025-09-20 01:38:04
BOOK004380,CUST000240,HOT0087,ROOM000184,PROMO00189,2024-10-29,2024-11-16,2024-11-23,1,1,Mobile App,Completed,GBP,49000.0,10,4900.0,7938.0,52038.0,2021-09-28 18:49:56,2025-08-04 09:59:35
BOOK004381,CUST001176,HOT0167,ROOM000447,PROMO00442,2025-04-24,2025-05-12,2025-05-14,1,0,Booking.com,Completed,INR,14000.0,20,2800.0,2016.0,13216.0,2021-05-17 09:29:57,2024-06-12 12:54:36
BOOK004382,CUST004070,HOT0085,ROOM000521,PROMO00210,2025-12-03,2026-01-13,2026-01-19,1,2,Expedia,Completed,USD,90000.0,5,4500.0,15390.0,100890.0,2024-10-26 10:04:29,2025-08-26 01:55:39
BOOK004383,CUST002909,HOT0196,ROOM001586,PROMO00332,2025-09-02,2025-09-18,2025-09-25,1,1,Mobile App,Confirmed,EUR,105000.0,5,5250.0,17955.0,117705.0,2025-02-18 16:51:02,2025-09-04 08:35:55
BOOK004384,CUST002962,HOT0235,ROOM001759,PROMO00394,2025-08-30,2025-10-16,2025-10-23,3,1,Website,Confirmed,AED,17500.0,5,875.0,2992.5,19617.5,2023-03-20 08:10:10,2023-03-22 14:23:11
BOOK004385,CUST003566,HOT0184,ROOM001479,PROMO00409,2025-11-25,2026-01-09,2026-01-10,1,2,Expedia,Completed,INR,10000.0,10,1000.0,1620.0,10620.0,2023-05-22 01:12:55,2026-03-01 11:26:23
BOOK004386,CUST000789,HOT0011,ROOM001058,PROMO00281,2026-07-04,2026-07-27,2026-08-01,4,2,Booking.com,Confirmed,EUR,12500.0,20,2500.0,1800.0,11800.0,2022-12-31 04:36:01,2023-05-05 13:39:00
BOOK004387,CUST001884,HOT0116,ROOM000727,PROMO00089,2025-06-11,2025-07-20,2025-07-22,1,1,Mobile App,Confirmed,USD,5000.0,15,750.0,765.0,5015.0,2023-06-14 15:38:21,2025-07-21 02:04:32
BOOK004388,CUST004571,HOT0085,ROOM000534,PROMO00387,2025-05-13,2025-05-25,2025-05-28,1,1,Booking.com,Confirmed,INR,45000.0,15,6750.0,6885.0,45135.0,2024-11-02 03:14:53,2025-10-30 12:14:36
BOOK004389,CUST004103,HOT0202,ROOM001351,PROMO00472,2025-12-17,2025-12-18,2025-12-22,4,1,Expedia,Confirmed,INR,20000.0,15,3000.0,3060.0,20060.0,2024-07-18 02:13:28,2026-07-28 05:29:52
BOOK004390,CUST004223,HOT0074,ROOM000001,PROMO00043,2025-11-28,2026-01-02,2026-01-04,2,1,Website,No Show,INR,30000.0,5,1500.0,5130.0,33630.0,2022-09-10 07:26:17,2023-05-17 22:17:29
BOOK004391,CUST003530,HOT0166,ROOM001127,PROMO00414,2024-12-18,2024-12-21,2024-12-26,1,2,Expedia,Completed,EUR,50000.0,0,0.0,9000.0,59000.0,2026-02-21 21:33:06,2026-07-16 06:12:11
BOOK004392,CUST001566,HOT0169,ROOM001534,PROMO00331,2025-07-03,2025-08-10,2025-08-14,3,0,Mobile App,Confirmed,GBP,28000.0,0,0.0,5040.0,33040.0,2026-07-19 23:26:16,2026-07-28 15:11:51
BOOK004393,CUST004307,HOT0216,ROOM000815,PROMO00462,2025-04-03,2025-05-26,2025-05-30,3,0,Website,Confirmed,INR,40000.0,0,0.0,7200.0,47200.0,2021-02-18 16:45:18,2025-04-24 04:52:48
BOOK004394,CUST000514,HOT0001,ROOM000412,PROMO00121,2026-01-06,2026-02-10,2026-02-14,1,1,Travel Agent,Cancelled,GBP,10000.0,5,500.0,1710.0,11210.0,2025-03-05 01:13:58,2025-03-07 23:04:17
BOOK004395,CUST002609,HOT0090,ROOM000930,PROMO00186,2025-04-28,2025-06-24,2025-06-26,3,0,Expedia,Completed,INR,7000.0,0,0.0,1260.0,8260.0,2022-04-17 20:53:42,2026-01-16 18:53:11
BOOK004396,CUST003424,HOT0036,ROOM000127,PROMO00161,2026-06-16,2026-07-19,2026-07-26,4,2,Booking.com,Completed,AED,105000.0,20,21000.0,15120.0,99120.0,2023-02-19 13:06:30,2023-09-28 20:46:55
BOOK004397,CUST001267,HOT0085,ROOM000591,PROMO00333,2026-07-27,2026-08-01,2026-08-08,1,2,Walk-In,Completed,GBP,35000.0,5,1750.0,5985.0,39235.0,2023-11-23 20:03:14,2025-02-21 03:49:37
BOOK004398,CUST002960,HOT0084,ROOM000110,PROMO00226,2026-03-23,2026-04-03,2026-04-07,2,0,Walk-In,Confirmed,EUR,14000.0,10,1400.0,2268.0,14868.0,2022-06-26 04:13:07,2026-05-24 16:46:22
BOOK004399,CUST004952,HOT0121,ROOM000780,PROMO00113,2025-11-05,2025-12-16,2025-12-21,1,2,Booking.com,Confirmed,AED,25000.0,5,1250.0,4275.0,28025.0,2020-06-09 01:13:29,2023-10-09 16:20:23
BOOK004400,CUST004097,HOT0077,ROOM000143,PROMO00136,2025-08-14,2025-08-25,2025-08-28,3,2,Walk-In,No Show,SGD,21000.0,10,2100.0,3402.0,22302.0,2022-09-05 15:39:31,2022-12-01 19:36:54
BOOK004401,CUST002277,HOT0135,ROOM001154,PROMO00020,2026-01-28,2026-03-07,2026-03-11,1,2,Expedia,Confirmed,SGD,20000.0,15,3000.0,3060.0,20060.0,2020-12-27 01:03:30,2022-05-09 07:50:53
BOOK004402,CUST001621,HOT0191,ROOM001132,PROMO00392,2026-01-06,2026-01-19,2026-01-26,3,2,Mobile App,Completed,GBP,35000.0,5,1750.0,5985.0,39235.0,2023-08-27 08:42:20,2024-06-19 01:44:59
BOOK004403,CUST002820,HOT0227,ROOM001620,PROMO00413,2026-01-17,2026-02-14,2026-02-16,4,1,Walk-In,Completed,GBP,10000.0,10,1000.0,1620.0,10620.0,2026-04-12 22:57:59,2026-07-28 14:12:24
BOOK004404,CUST000280,HOT0102,ROOM001609,PROMO00368,2025-02-18,2025-03-22,2025-03-28,3,1,Website,Cancelled,USD,60000.0,0,0.0,10800.0,70800.0,2023-12-09 05:19:07,2024-02-06 21:59:04
BOOK004405,CUST002806,HOT0106,ROOM001869,PROMO00014,2026-06-12,2026-08-10,2026-08-15,1,1,Walk-In,Confirmed,INR,50000.0,15,7500.0,7650.0,50150.0,2022-08-30 06:52:47,2024-03-08 14:43:47
BOOK004406,CUST002464,HOT0059,ROOM000156,PROMO00090,2025-12-13,2025-12-28,2026-01-02,4,2,Website,Completed,AED,17500.0,20,3500.0,2520.0,16520.0,2020-09-15 19:53:06,2022-06-10 19:09:55
BOOK004407,CUST000976,HOT0077,ROOM000891,PROMO00024,2025-12-22,2025-12-30,2026-01-05,1,0,Travel Agent,Completed,INR,15000.0,10,1500.0,2430.0,15930.0,2020-08-19 19:59:52,2022-06-02 00:42:49
BOOK004408,CUST000436,HOT0044,ROOM000411,PROMO00220,2025-01-30,2025-02-26,2025-03-02,3,2,Mobile App,Completed,SGD,60000.0,15,9000.0,9180.0,60180.0,2020-05-08 01:56:44,2021-04-15 02:39:31
BOOK004409,CUST003494,HOT0180,ROOM000865,PROMO00442,2025-04-25,2025-05-14,2025-05-18,2,0,Website,Completed,USD,14000.0,15,2100.0,2142.0,14042.0,2021-03-18 19:43:26,2024-09-12 22:57:36
BOOK004410,CUST002917,HOT0006,ROOM001750,PROMO00159,2026-01-22,2026-01-27,2026-02-03,3,2,Website,Completed,EUR,17500.0,20,3500.0,2520.0,16520.0,2022-03-09 10:16:16,2023-05-28 23:54:19
BOOK004411,CUST002903,HOT0027,ROOM001597,PROMO00267,2025-12-24,2026-02-22,2026-02-25,1,2,Booking.com,Completed,SGD,15000.0,0,0.0,2700.0,17700.0,2021-04-12 08:14:20,2022-02-26 04:58:34
BOOK004412,CUST001577,HOT0214,ROOM000498,PROMO00304,2026-05-16,2026-07-02,2026-07-04,1,0,Mobile App,No Show,USD,10000.0,0,0.0,1800.0,11800.0,2026-06-13 00:30:42,2026-07-04 22:27:43
BOOK004413,CUST001637,HOT0170,ROOM001136,PROMO00053,2025-04-07,2025-04-08,2025-04-11,3,2,Booking.com,Confirmed,AED,7500.0,0,0.0,1350.0,-8850.0,2025-09-26 02:41:21,2026-05-28 01:28:39
BOOK004414,CUST001450,HOT0238,ROOM001435,PROMO00500,2025-07-10,2025-08-21,2025-08-26,1,2,Website,Completed,AED,75000.0,0,0.0,13500.0,88500.0,2023-04-04 00:39:28,2024-08-11 21:52:20
BOOK004415,CUST003933,HOT0202,ROOM001351,PROMO00160,2025-06-01,2025-07-03,2025-07-05,1,1,Travel Agent,Confirmed,AED,10000.0,20,2000.0,1440.0,9440.0,2025-04-13 19:26:14,2025-05-04 23:27:22
BOOK004416,CUST002739,HOT0072,ROOM000032,PROMO00359,2024-11-03,2024-11-11,2024-11-18,3,1,Booking.com,Cancelled,INR,49000.0,5,2450.0,8379.0,54929.0,2022-09-25 10:53:40,2024-07-17 09:13:06
BOOK004417,CUST004933,HOT0178,ROOM001272,PROMO00244,2025-12-11,2025-12-22,2025-12-29,2,1,Walk-In,Completed,INR,17500.0,5,875.0,2992.5,19617.5,2024-05-16 15:20:26,2026-06-15 16:51:13
BOOK004418,CUST000347,HOT0202,ROOM000304,PROMO00432,2025-08-12,2025-08-23,2025-08-28,4,2,Walk-In,Completed,AED,12500.0,5,625.0,2137.5,14012.5,2022-04-04 13:59:57,2025-07-22 05:24:16
BOOK004419,CUST003041,HOT0061,ROOM001821,PROMO00303,2026-07-02,2026-07-21,2026-07-27,1,1,Booking.com,Completed,GBP,30000.0,20,6000.0,4320.0,28320.0,2022-03-27 15:48:45,2025-08-15 19:49:44
BOOK004420,CUST004939,HOT0234,ROOM000286,PROMO00390,2025-11-23,2025-12-17,2025-12-21,3,2,Mobile App,Completed,USD,20000.0,15,3000.0,3060.0,20060.0,2025-11-08 04:54:24,2026-04-22 06:53:52
BOOK004421,CUST004692,HOT0097,ROOM000959,PROMO00116,2024-10-22,2024-11-10,2024-11-12,2,1,Travel Agent,Completed,INR,10000.0,0,0.0,1800.0,11800.0,2023-01-25 05:49:57,2025-10-01 14:20:13
BOOK004422,CUST002393,HOT0154,ROOM000360,PROMO00315,2025-07-05,2025-07-08,2025-07-15,1,2,Mobile App,Completed,EUR,17500.0,15,2625.0,2677.5,17552.5,2023-06-05 22:29:42,2026-06-22 05:53:07
BOOK004423,CUST002513,HOT0079,ROOM001174,PROMO00362,2025-03-12,2025-04-05,2025-04-12,3,1,Travel Agent,Confirmed,EUR,35000.0,15,5250.0,5355.0,35105.0,2026-04-10 06:09:26,2026-04-30 23:41:06
BOOK004424,CUST002611,HOT0123,ROOM001936,PROMO00459,2024-12-20,2025-01-03,2025-01-07,3,0,Walk-In,Completed,GBP,40000.0,20,8000.0,5760.0,37760.0,2021-01-17 19:29:31,2021-10-16 07:51:30
BOOK004425,CUST000974,HOT0203,ROOM000796,PROMO00447,2024-08-22,2024-10-02,2024-10-06,2,1,Travel Agent,Confirmed,GBP,60000.0,10,6000.0,9720.0,63720.0,2022-12-30 20:42:37,2025-04-28 11:58:08
BOOK004426,CUST003564,HOT0107,ROOM001696,PROMO00223,2024-11-27,2024-12-08,2024-12-13,3,2,Travel Agent,Confirmed,USD,17500.0,5,875.0,2992.5,19617.5,2020-07-15 11:02:45,2025-03-01 14:02:09
BOOK004427,CUST002075,HOT0089,ROOM001694,PROMO00040,2024-10-31,2024-11-23,2024-11-25,1,2,Mobile App,Completed,EUR,7000.0,15,1050.0,1071.0,7021.0,2022-10-13 20:54:39,2026-05-17 06:17:19
BOOK004428,CUST003676,HOT0233,ROOM001742,PROMO00462,2026-03-04,2026-03-19,2026-03-24,2,0,Mobile App,Completed,AED,75000.0,0,0.0,13500.0,88500.0,2024-10-07 06:45:25,2025-06-07 22:50:56
BOOK004429,CUST000237,HOT0168,ROOM001963,PROMO00121,2025-04-24,2025-06-05,2025-06-10,2,2,Website,Confirmed,GBP,75000.0,0,0.0,13500.0,88500.0,2020-10-29 20:06:36,2024-10-17 17:10:11
BOOK004430,CUST002628,HOT0142,ROOM001216,PROMO00243,2026-03-29,2026-05-22,2026-05-28,4,2,Walk-In,Completed,AED,15000.0,10,1500.0,2430.0,15930.0,2024-12-20 01:06:04,2025-05-08 06:03:55
BOOK004431,CUST003167,HOT0115,ROOM001024,PROMO00328,2025-04-30,2025-05-12,2025-05-19,2,0,Expedia,Completed,INR,70000.0,20,14000.0,10080.0,66080.0,2020-06-20 16:30:42,2025-12-02 21:34:51
BOOK004432,CUST004996,HOT0034,ROOM001703,PROMO00363,2026-07-12,2026-09-04,2026-09-09,3,2,Booking.com,Completed,USD,50000.0,20,10000.0,7200.0,47200.0,2024-11-09 03:52:14,2025-03-06 19:34:51
BOOK004433,CUST000675,HOT0015,ROOM001958,PROMO00040,2026-04-11,2026-06-09,2026-06-15,1,1,Walk-In,Confirmed,INR,60000.0,0,0.0,10800.0,70800.0,2025-06-16 18:07:25,2025-12-01 22:12:11
BOOK004434,CUST003276,HOT0122,ROOM000299,PROMO00432,2025-08-08,2025-08-26,2025-08-29,4,0,Booking.com,Cancelled,SGD,30000.0,0,0.0,5400.0,35400.0,2026-03-20 05:47:04,2026-04-14 22:16:15
BOOK004435,CUST003953,HOT0165,ROOM000984,PROMO00412,2025-08-06,2025-08-30,2025-09-02,4,0,Mobile App,Cancelled,AED,15000.0,20,3000.0,2160.0,14160.0,2021-03-21 00:02:39,2023-05-11 19:55:12
BOOK004436,CUST001012,HOT0024,ROOM001472,PROMO00460,2025-09-08,2025-10-19,2025-10-24,2,2,Booking.com,Completed,GBP,35000.0,20,7000.0,5040.0,33040.0,2024-03-16 21:31:22,2024-07-06 09:58:28
BOOK004437,CUST003086,HOT0033,ROOM000575,PROMO00368,2025-07-14,2025-08-17,2025-08-22,4,2,Travel Agent,Confirmed,GBP,75000.0,5,3750.0,12825.0,84075.0,2024-07-12 21:09:09,2024-11-28 04:47:23
BOOK004438,CUST000986,HOT0130,ROOM001758,PROMO00267,2024-11-10,2024-11-12,2024-11-15,4,2,Expedia,Confirmed,AED,7500.0,10,750.0,1215.0,7965.0,2023-02-06 11:21:56,2024-10-04 07:51:10
BOOK004439,CUST000681,HOT0011,ROOM001058,PROMO00406,2025-03-30,2025-04-26,2025-04-30,3,0,Expedia,Completed,EUR,10000.0,15,1500.0,1530.0,10030.0,2025-09-13 16:07:02,2025-12-26 05:46:33
BOOK004440,CUST000027,HOT0128,ROOM000462,PROMO00171,2026-04-25,2026-05-18,2026-05-21,3,2,Booking.com,Completed,GBP,30000.0,0,0.0,5400.0,35400.0,2025-02-27 08:03:30,2026-04-06 08:31:48
BOOK004441,CUST004868,HOT0142,ROOM000798,PROMO00500,2025-04-12,2025-04-21,2025-04-23,1,2,Booking.com,Completed,SGD,30000.0,20,6000.0,4320.0,28320.0,2020-04-09 07:22:10,2024-08-06 08:55:51
BOOK004442,CUST004854,HOT0205,ROOM001341,PROMO00030,2025-08-03,2025-09-23,2025-09-29,3,2,Mobile App,Completed,AED,15000.0,20,3000.0,2160.0,14160.0,2021-05-28 05:43:06,2025-06-07 09:04:47
BOOK004443,CUST002881,HOT0042,ROOM001809,PROMO00018,2025-11-06,2025-11-11,2025-11-17,4,1,Website,Confirmed,EUR,30000.0,0,0.0,5400.0,35400.0,2022-08-15 14:48:32,2026-02-16 06:06:12
BOOK004444,CUST004180,HOT0173,ROOM000450,PROMO00151,2024-10-05,2024-10-18,2024-10-19,1,2,Mobile App,Completed,USD,5000.0,20,1000.0,720.0,4720.0,2025-05-10 11:52:24,2026-01-28 01:13:15
BOOK004445,CUST002465,HOT0213,ROOM000388,PROMO00223,2024-08-09,2024-08-10,2024-08-13,1,1,Website,Completed,USD,15000.0,5,750.0,2565.0,16815.0,2025-04-01 07:06:38,2026-01-05 18:32:47
BOOK004446,CUST004112,HOT0160,ROOM001466,PROMO00177,2025-01-24,2025-03-13,2025-03-15,3,2,Travel Agent,Confirmed,GBP,20000.0,20,4000.0,2880.0,18880.0,2023-12-07 03:43:50,2025-11-02 19:04:04
BOOK004447,CUST000613,HOT0233,ROOM001431,PROMO00316,2025-02-13,2025-04-04,2025-04-06,1,0,Walk-In,Completed,USD,7000.0,15,1050.0,1071.0,7021.0,2022-06-03 09:17:11,2024-01-08 03:36:13
BOOK004448,CUST004070,HOT0072,ROOM000032,PROMO00393,2025-09-21,2025-10-16,2025-10-22,2,1,Expedia,Completed,EUR,42000.0,20,8400.0,6048.0,39648.0,2020-10-29 03:37:03,2023-08-03 12:19:40
BOOK004449,CUST001634,HOT0166,ROOM000327,PROMO00156,2024-11-14,2024-12-03,2024-12-07,3,2,Expedia,Completed,SGD,20000.0,10,2000.0,3240.0,21240.0,2025-09-17 17:59:08,2026-03-09 10:16:03
BOOK004450,CUST000770,HOT0209,ROOM000003,PROMO00223,2026-07-08,2026-09-05,2026-09-11,3,0,Mobile App,Completed,GBP,30000.0,5,1500.0,5130.0,33630.0,2024-08-25 18:25:35,2025-01-26 16:47:02
BOOK004451,CUST002394,HOT0060,ROOM001459,PROMO00201,2024-11-04,2024-12-30,2025-01-01,3,0,Expedia,Completed,SGD,30000.0,15,4500.0,4590.0,30090.0,2025-12-17 19:06:42,2026-03-08 01:04:43
BOOK004452,CUST004541,HOT0227,ROOM001603,PROMO00494,2024-10-14,2024-10-25,2024-10-26,4,0,Mobile App,Cancelled,EUR,3500.0,20,700.0,504.0,3304.0,2023-11-16 09:24:20,2025-12-30 20:41:39
BOOK004453,CUST003869,HOT0063,ROOM001745,PROMO00436,2025-02-21,2025-03-17,2025-03-19,1,0,Mobile App,Completed,GBP,20000.0,15,3000.0,3060.0,20060.0,2025-11-27 17:48:11,2026-02-19 04:13:54
BOOK004454,CUST000835,HOT0127,ROOM001101,PROMO00468,2025-07-02,2025-08-26,2025-09-01,3,2,Website,Completed,USD,21000.0,15,3150.0,3213.0,21063.0,2023-03-31 12:31:17,2024-12-09 17:27:02
BOOK004455,CUST003911,HOT0045,ROOM001490,PROMO00093,2026-02-11,2026-03-01,2026-03-08,2,0,Walk-In,Completed,EUR,35000.0,5,1750.0,5985.0,39235.0,2022-08-07 23:11:45,2025-04-08 07:55:54
BOOK004456,CUST003600,HOT0047,ROOM000069,PROMO00029,2024-08-16,2024-10-01,2024-10-04,4,1,Booking.com,Completed,INR,45000.0,10,4500.0,7290.0,47790.0,2022-10-20 19:36:00,2025-01-20 00:09:29
BOOK004457,CUST000987,HOT0219,ROOM000692,PROMO00204,2026-01-10,2026-02-14,2026-02-21,1,0,Mobile App,Confirmed,EUR,17500.0,15,2625.0,2677.5,17552.5,2022-01-01 20:48:32,2023-05-06 17:45:41
BOOK004458,CUST000789,HOT0072,ROOM001715,PROMO00427,2025-06-15,2025-08-11,2025-08-16,3,1,Mobile App,Completed,SGD,17500.0,20,3500.0,2520.0,16520.0,2025-11-13 17:20:01,2026-02-19 14:06:54
BOOK004459,CUST001412,HOT0224,ROOM001077,PROMO00081,2026-03-16,2026-05-09,2026-05-12,1,1,Travel Agent,Completed,USD,30000.0,10,3000.0,4860.0,31860.0,2021-11-08 05:26:18,2024-01-04 12:36:12
BOOK004460,CUST000242,HOT0233,ROOM001748,PROMO00455,2025-11-29,2026-01-16,2026-01-20,1,1,Expedia,Completed,USD,20000.0,20,4000.0,2880.0,18880.0,2023-09-21 17:56:32,2026-01-17 13:00:58
BOOK004461,CUST002155,HOT0074,ROOM000001,PROMO00413,2025-10-28,2025-11-02,2025-11-06,2,1,Booking.com,Completed,INR,60000.0,5,3000.0,10260.0,67260.0,2021-03-11 13:32:09,2023-04-28 18:06:28
BOOK004462,CUST000912,HOT0005,ROOM001190,PROMO00018,2024-11-22,2024-12-30,2024-12-31,3,1,Walk-In,Completed,AED,5000.0,5,250.0,855.0,5605.0,2025-10-20 16:20:39,2026-01-07 19:33:38
BOOK004463,CUST001100,HOT0192,ROOM001123,PROMO00003,2026-06-13,2026-07-03,2026-07-10,2,2,Travel Agent,Completed,EUR,49000.0,5,2450.0,8379.0,54929.0,2023-02-07 18:37:39,2024-05-13 02:55:38
BOOK004464,CUST001899,HOT0095,ROOM001342,PROMO00400,2026-06-14,2026-07-29,2026-08-03,2,1,Walk-In,Confirmed,GBP,25000.0,20,5000.0,3600.0,23600.0,2024-04-12 17:09:52,2026-05-09 03:01:11
BOOK004465,CUST000549,HOT0051,ROOM001870,PROMO00172,2024-08-04,2024-09-29,2024-10-05,4,1,Booking.com,Completed,USD,30000.0,15,4500.0,4590.0,30090.0,2021-06-17 19:44:05,2023-06-16 03:52:24
BOOK004466,CUST002492,HOT0001,ROOM000694,PROMO00222,2025-01-28,2025-01-30,2025-02-06,4,2,Booking.com,Confirmed,INR,105000.0,10,10500.0,17010.0,111510.0,2022-12-16 05:56:17,2023-01-03 07:34:12
BOOK004467,CUST003822,HOT0215,ROOM000616,PROMO00156,2024-12-26,2025-01-13,2025-01-15,4,2,Travel Agent,Confirmed,INR,30000.0,10,3000.0,4860.0,31860.0,2025-06-21 22:48:29,2025-08-01 15:42:13
BOOK004468,CUST002621,HOT0110,ROOM001151,PROMO00471,2026-05-22,2026-06-28,2026-07-03,1,0,Mobile App,Completed,SGD,17500.0,10,1750.0,2835.0,18585.0,2021-05-22 14:57:08,2023-01-24 15:00:15
BOOK004469,CUST000199,HOT0058,ROOM001078,PROMO00066,2025-03-12,2025-04-27,2025-05-04,3,1,Booking.com,Completed,SGD,49000.0,10,4900.0,7938.0,52038.0,2023-02-08 14:44:06,2024-08-15 22:36:44
BOOK004470,CUST001306,HOT0196,ROOM001586,PROMO00219,2025-09-16,2025-09-24,2025-09-26,2,2,Booking.com,Completed,INR,30000.0,15,4500.0,4590.0,30090.0,2022-08-04 20:37:54,2022-11-19 18:03:35
BOOK004471,CUST004280,HOT0017,ROOM001791,PROMO00204,2025-07-30,2025-09-25,2025-09-26,3,0,Mobile App,Completed,USD,3500.0,10,350.0,567.0,3717.0,2026-06-05 00:37:41,2026-07-02 07:08:37
BOOK004472,CUST003989,HOT0246,ROOM000369,PROMO00155,2025-06-24,2025-08-11,2025-08-15,2,2,Website,Completed,GBP,10000.0,0,0.0,1800.0,11800.0,2024-08-06 05:23:54,2025-05-03 12:40:30
BOOK004473,CUST003090,HOT0035,ROOM000872,PROMO00387,2025-02-04,2025-03-30,2025-04-01,2,1,Mobile App,Completed,USD,7000.0,20,1400.0,1008.0,6608.0,2023-10-29 13:58:32,2024-04-23 22:01:24
BOOK004474,CUST004941,HOT0192,ROOM000742,PROMO00014,2024-09-23,2024-10-07,2024-10-13,1,0,Travel Agent,Completed,EUR,42000.0,15,6300.0,6426.0,42126.0,2023-10-17 09:24:00,2024-03-19 10:34:30
BOOK004475,CUST002109,HOT0081,ROOM001810,PROMO00063,2026-03-14,2026-03-17,2026-03-20,2,0,Walk-In,Completed,EUR,30000.0,20,6000.0,4320.0,28320.0,2024-08-05 02:41:44,2025-09-23 04:08:44
BOOK004476,CUST003671,HOT0239,ROOM001556,PROMO00304,2025-06-06,2025-07-08,2025-07-13,4,0,Travel Agent,Confirmed,SGD,75000.0,10,7500.0,12150.0,79650.0,2022-09-21 06:56:43,2025-07-21 09:28:33
BOOK004477,CUST002884,HOT0202,ROOM001783,PROMO00296,2024-08-06,2024-09-07,2024-09-11,3,1,Expedia,Completed,INR,10000.0,5,500.0,1710.0,11210.0,2024-04-21 04:36:31,2025-04-02 16:23:21
BOOK004478,CUST002909,HOT0002,ROOM001596,PROMO00065,2025-04-30,2025-05-14,2025-04-30,1,0,Mobile App,Confirmed,USD,30000.0,10,3000.0,4860.0,31860.0,2021-01-26 18:39:31,2023-01-29 17:26:19
BOOK004479,CUST004873,HOT0020,ROOM000491,PROMO00046,2025-02-06,2025-03-14,2025-03-20,3,2,Website,Confirmed,USD,60000.0,5,3000.0,10260.0,67260.0,2020-09-27 07:59:25,2022-03-25 05:28:17
BOOK004480,CUST003995,HOT0086,ROOM001655,PROMO00228,2025-03-13,2025-04-14,2025-04-21,4,1,Mobile App,No Show,SGD,24500.0,5,1225.0,4189.5,27464.5,2025-12-07 07:05:34,2026-02-05 11:48:50
BOOK004481,CUST001688,HOT0221,ROOM001267,PROMO00165,2026-02-24,2026-03-09,2026-03-10,4,2,Mobile App,Confirmed,SGD,15000.0,5,750.0,2565.0,16815.0,2023-12-19 05:09:01,2024-12-24 06:51:35
BOOK004482,CUST002593,HOT0120,ROOM001388,PROMO00481,2025-05-16,2025-05-21,2025-05-25,2,2,Booking.com,Confirmed,AED,20000.0,10,2000.0,3240.0,21240.0,2022-08-07 10:18:33,2024-05-11 10:14:34
BOOK004483,CUST001225,HOT0052,ROOM000306,PROMO00236,2024-12-07,2025-01-30,2025-02-03,3,2,Website,Completed,EUR,14000.0,5,700.0,2394.0,15694.0,2020-02-04 23:08:37,2020-10-14 17:44:27
BOOK004484,CUST002586,HOT0206,ROOM001864,PROMO00195,2025-11-01,2025-12-10,2025-12-13,3,1,Booking.com,Completed,SGD,21000.0,10,2100.0,3402.0,22302.0,2025-06-27 04:33:39,2026-04-27 14:13:08
BOOK004485,CUST001319,HOT0179,ROOM000021,PROMO00171,2026-01-23,2026-02-11,2026-02-12,2,0,Walk-In,Confirmed,USD,15000.0,0,0.0,2700.0,17700.0,2020-01-19 09:26:19,2026-03-23 20:40:15
BOOK004486,CUST002826,HOT0141,ROOM001387,PROMO00406,2026-05-10,2026-07-02,2026-07-04,4,0,Booking.com,Completed,INR,10000.0,5,500.0,1710.0,11210.0,2025-11-24 18:50:24,2025-11-26 21:10:24
BOOK004487,CUST000997,HOT0150,ROOM000461,PROMO00059,2025-10-09,2025-11-21,2025-11-23,1,2,Walk-In,Completed,EUR,20000.0,15,3000.0,3060.0,20060.0,2023-11-07 10:32:43,2026-07-17 16:53:31
BOOK004488,CUST001816,HOT0081,ROOM000337,PROMO00077,2026-01-13,2026-02-05,2026-02-12,2,1,Expedia,Completed,EUR,70000.0,0,0.0,12600.0,82600.0,2024-10-19 00:59:01,2026-04-07 12:14:51
BOOK004489,CUST000324,HOT0228,ROOM001215,PROMO00213,2026-01-23,2026-03-13,2026-03-16,2,2,Website,Completed,SGD,15000.0,20,3000.0,2160.0,14160.0,2023-04-29 09:57:13,2024-03-29 20:30:38
BOOK004490,CUST003486,HOT0011,ROOM001987,PROMO00029,2025-02-23,2025-03-31,2025-04-04,1,1,Booking.com,Completed,AED,10000.0,15,1500.0,1530.0,10030.0,2026-01-06 09:10:11,2026-03-21 07:05:16
BOOK004491,CUST004279,HOT0195,ROOM001917,PROMO00460,2024-08-23,2024-09-05,2024-09-07,2,1,Expedia,Completed,GBP,20000.0,20,4000.0,2880.0,18880.0,2020-04-09 00:37:31,2022-03-09 21:02:54
BOOK004492,CUST003904,HOT0066,ROOM001003,PROMO00079,2025-05-20,2025-06-24,2025-06-30,4,2,Walk-In,Completed,INR,15000.0,0,0.0,2700.0,17700.0,2020-12-17 04:59:00,2022-12-23 02:05:29
BOOK004493,CUST000354,HOT0194,ROOM001294,PROMO00130,2025-04-07,2025-04-14,2025-04-19,1,0,Walk-In,Completed,AED,50000.0,5,2500.0,8550.0,56050.0,2024-05-14 18:17:48,2026-03-23 17:41:18
BOOK004494,CUST001526,HOT0046,ROOM001448,PROMO00213,2025-05-10,2025-05-28,2025-05-31,4,1,Website,Confirmed,SGD,15000.0,5,750.0,2565.0,16815.0,2026-05-03 10:53:19,2026-05-20 15:36:08
BOOK004495,CUST000159,HOT0086,ROOM001570,PROMO00246,2025-02-20,2025-04-11,2025-04-12,1,1,Website,Confirmed,USD,15000.0,15,2250.0,2295.0,15045.0,2024-07-28 16:07:20,2024-12-06 06:19:10
BOOK004496,CUST001045,HOT0194,ROOM000587,PROMO00262,2024-10-11,2024-10-17,2024-10-22,2,2,Booking.com,Completed,USD,12500.0,20,2500.0,1800.0,11800.0,2020-01-21 00:54:00,2026-05-23 03:04:01
BOOK004497,CUST003022,HOT0244,ROOM000433,PROMO00182,2025-03-12,2025-05-03,2025-05-04,1,2,Travel Agent,Confirmed,AED,5000.0,20,1000.0,720.0,4720.0,2021-12-10 19:49:42,2025-11-12 10:31:46
BOOK004498,CUST001738,HOT0148,ROOM000503,PROMO00350,2026-05-04,2026-05-31,2026-06-03,4,2,Expedia,Cancelled,INR,15000.0,10,1500.0,2430.0,15930.0,2021-05-26 21:08:46,2024-06-04 13:07:27
BOOK004499,CUST004977,HOT0241,ROOM001372,PROMO00175,2025-07-02,2025-08-22,2025-08-28,3,1,Booking.com,Confirmed,EUR,21000.0,20,4200.0,3024.0,19824.0,2023-09-23 22:42:44,2023-11-14 16:48:33
BOOK004500,CUST004146,HOT0064,ROOM001020,PROMO00157,2025-01-25,2025-03-01,2025-03-03,2,0,Walk-In,Completed,GBP,14000.0,20,2800.0,2016.0,13216.0,2025-06-10 02:48:38,2025-12-24 21:28:09
BOOK004501,CUST002286,HOT0172,ROOM000755,PROMO00464,2025-04-22,2025-05-05,2025-05-10,3,2,Expedia,Completed,AED,17500.0,10,1750.0,2835.0,18585.0,2020-10-15 10:52:26,2026-06-05 04:33:43
BOOK004502,CUST000812,HOT0180,ROOM000047,PROMO00275,2026-03-07,2026-04-15,2026-04-19,3,1,Expedia,Confirmed,USD,28000.0,10,2800.0,4536.0,29736.0,2025-08-28 08:00:05,2026-02-25 04:29:38
BOOK004503,CUST000022,HOT0088,ROOM000730,PROMO00184,2024-09-17,2024-09-24,2024-09-29,3,0,Expedia,Confirmed,EUR,50000.0,15,7500.0,7650.0,50150.0,2023-12-09 20:11:54,2025-06-03 18:03:43
BOOK004504,CUST001817,HOT0127,ROOM001352,PROMO00460,2025-11-03,2025-11-19,2025-11-22,2,0,Travel Agent,Confirmed,AED,15000.0,0,0.0,2700.0,17700.0,2020-01-15 11:03:23,2022-07-30 04:50:23
BOOK004505,CUST000261,HOT0055,ROOM001428,PROMO00429,2025-02-08,2025-03-08,2025-03-10,1,0,Travel Agent,Completed,AED,30000.0,15,4500.0,4590.0,30090.0,2025-09-16 23:27:08,2026-04-25 04:34:35
BOOK004506,CUST004784,HOT0062,ROOM000980,PROMO00131,2024-08-10,2024-09-17,2024-09-20,4,2,Mobile App,Confirmed,INR,7500.0,10,750.0,1215.0,7965.0,2020-02-19 03:52:27,2024-04-12 19:24:49
BOOK004507,CUST001539,HOT0034,ROOM001834,PROMO00115,2025-03-23,2025-03-26,2025-04-02,1,0,Walk-In,Completed,SGD,35000.0,20,7000.0,5040.0,33040.0,2026-01-30 17:41:00,2026-04-08 15:27:36
BOOK004508,CUST003440,HOT0176,ROOM000215,PROMO00181,2025-06-27,2025-07-25,2025-07-31,1,2,Mobile App,Completed,,60000.0,10,6000.0,9720.0,63720.0,2025-02-22 01:35:07,2025-08-13 16:28:27
BOOK004509,CUST000057,HOT0115,ROOM001319,PROMO00305,2026-05-25,2026-06-25,2026-06-26,1,0,Walk-In,Completed,GBP,10000.0,20,2000.0,1440.0,9440.0,2024-05-09 15:20:10,2026-05-23 04:44:17
BOOK004510,CUST001552,HOT0064,ROOM001020,PROMO00027,2024-10-25,2024-11-08,2024-11-13,2,1,Website,No Show,GBP,35000.0,10,3500.0,5670.0,37170.0,2020-05-28 11:41:54,2023-07-25 19:18:42
BOOK004511,CUST001060,HOT0012,ROOM001209,PROMO00093,2025-01-23,2025-01-31,2025-02-03,2,1,Travel Agent,Completed,AED,10500.0,0,0.0,1890.0,12390.0,2021-02-20 03:59:20,2024-03-07 11:04:25
BOOK004512,CUST004041,HOT0112,ROOM001967,PROMO00241,2026-05-05,2026-05-09,2026-05-13,4,0,Travel Agent,Cancelled,AED,40000.0,15,6000.0,6120.0,40120.0,2022-12-22 21:26:01,2023-04-16 02:16:38
BOOK004513,CUST000748,HOT0086,ROOM000484,PROMO00326,2025-03-24,2025-05-12,2025-05-13,2,2,Travel Agent,Confirmed,AED,2500.0,15,375.0,382.5,2507.5,2020-05-21 04:44:05,2023-05-16 03:15:08
BOOK004514,CUST000872,HOT0122,ROOM000013,PROMO00222,2026-06-29,2026-08-12,2026-08-19,4,2,Website,Completed,SGD,35000.0,15,5250.0,5355.0,35105.0,2024-07-24 05:07:29,2026-02-06 12:25:09
BOOK004515,CUST004730,HOT0131,ROOM000225,PROMO00131,2024-09-18,2024-09-28,2024-10-04,1,0,Mobile App,Cancelled,SGD,42000.0,15,6300.0,6426.0,42126.0,2021-05-14 16:27:27,2021-07-30 18:42:42
BOOK004516,CUST000432,HOT0089,ROOM001551,PROMO00332,2025-04-16,2025-06-10,2025-06-12,1,2,Expedia,Cancelled,AED,14000.0,20,2800.0,2016.0,13216.0,2023-12-12 15:22:29,2024-10-05 18:52:59
BOOK004517,CUST004357,HOT0045,ROOM000197,PROMO00341,2025-05-20,2025-07-18,2025-07-20,4,0,Walk-In,Confirmed,GBP,7000.0,20,1400.0,1008.0,6608.0,2021-06-17 06:41:02,2025-06-01 09:26:52
BOOK004518,CUST000373,HOT0186,ROOM001133,PROMO00017,2026-01-20,2026-02-28,2026-03-02,4,0,Mobile App,Completed,EUR,20000.0,20,4000.0,2880.0,18880.0,2025-10-03 01:24:16,2026-04-23 03:42:39
BOOK004519,CUST000304,HOT0142,ROOM001659,PROMO00386,2024-10-27,2024-10-28,2024-10-30,2,2,Booking.com,Confirmed,AED,7000.0,10,700.0,1134.0,7434.0,2026-06-07 23:11:03,2026-07-11 19:24:11
BOOK004520,CUST000943,HOT0144,ROOM001631,PROMO00271,2024-08-13,2024-09-08,2024-09-11,2,2,Booking.com,Completed,SGD,7500.0,5,375.0,1282.5,8407.5,2025-08-19 17:58:27,2026-01-17 13:15:28
BOOK004521,CUST002948,HOT0184,ROOM000161,PROMO00103,2025-09-25,2025-10-02,2025-10-06,1,2,Website,Completed,SGD,40000.0,5,2000.0,6840.0,44840.0,2024-10-14 11:46:07,2025-09-30 18:04:01
BOOK004522,CUST002349,HOT0052,ROOM000351,PROMO00418,2025-09-21,2025-10-03,2025-10-08,2,2,Walk-In,Confirmed,GBP,50000.0,0,0.0,9000.0,59000.0,2022-10-22 22:04:43,2023-09-29 11:56:30
BOOK004523,CUST000664,HOT0213,ROOM000597,PROMO00314,2026-07-28,2026-09-12,2026-09-17,3,2,Website,Confirmed,SGD,25000.0,10,2500.0,4050.0,26550.0,2025-08-03 21:38:15,2025-12-16 19:06:11
BOOK004524,CUST001284,HOT0014,ROOM001872,PROMO00446,2026-05-29,2026-06-16,2026-06-17,4,1,Booking.com,Completed,GBP,3500.0,0,0.0,630.0,4130.0,2022-03-17 11:38:09,2025-10-30 19:19:37
BOOK004525,CUST003367,HOT0238,ROOM001052,PROMO00161,2025-03-17,2025-04-30,2025-05-03,3,1,Website,Completed,GBP,45000.0,10,4500.0,7290.0,47790.0,2021-09-04 18:31:45,2026-05-06 03:44:27
BOOK004526,CUST001587,HOT0060,ROOM000674,PROMO00491,2026-01-24,2026-03-08,2026-03-12,1,1,Expedia,Completed,EUR,14000.0,0,0.0,2520.0,16520.0,2025-04-13 06:43:03,2025-08-03 10:50:32
BOOK004527,CUST000018,HOT0074,ROOM001348,PROMO00417,2026-01-08,2026-02-07,2026-02-08,1,0,Mobile App,Cancelled,INR,7000.0,5,350.0,1197.0,7847.0,2020-05-05 05:09:24,2026-06-19 07:32:54
BOOK004528,CUST000126,HOT0113,ROOM000203,PROMO00347,2026-06-19,2026-07-30,2026-07-31,4,2,Travel Agent,Cancelled,AED,10000.0,15,1500.0,1530.0,10030.0,2026-06-02 17:05:03,2026-06-15 10:46:42
BOOK004529,CUST000884,HOT0195,ROOM001360,PROMO00200,2025-04-16,2025-05-31,2025-06-02,3,0,Website,Cancelled,EUR,10000.0,15,1500.0,1530.0,10030.0,2025-07-06 19:51:50,2026-06-04 21:48:12
BOOK004530,CUST004933,HOT0020,ROOM000723,PROMO00319,2026-05-07,2026-05-10,2026-05-15,2,1,Mobile App,Cancelled,AED,75000.0,5,3750.0,12825.0,84075.0,2020-07-17 10:05:30,2021-12-24 17:04:42
BOOK004531,CUST002045,HOT0230,ROOM000795,PROMO00358,2024-11-27,2025-01-04,2025-01-10,3,0,Expedia,Completed,SGD,21000.0,0,0.0,3780.0,24780.0,2023-06-23 10:11:00,2026-04-20 20:46:11
BOOK004532,CUST004502,HOT0188,ROOM001554,PROMO00458,2026-04-26,2026-06-24,2026-06-27,2,2,Travel Agent,Completed,INR,7500.0,0,0.0,1350.0,8850.0,2020-10-12 08:51:12,2022-04-29 20:36:38
BOOK004533,CUST003007,HOT0189,ROOM000064,PROMO00314,2025-04-22,2025-06-08,2025-06-09,2,2,Walk-In,Completed,INR,2500.0,0,0.0,450.0,2950.0,2022-05-23 00:12:26,2022-07-13 04:45:25
BOOK004534,CUST003053,HOT0041,ROOM000820,PROMO00106,2026-06-09,2026-08-04,2026-08-09,1,0,Walk-In,Confirmed,SGD,75000.0,20,15000.0,10800.0,70800.0,2023-05-30 22:49:17,2026-03-11 03:21:28
BOOK004535,CUST000683,HOT0144,ROOM000816,PROMO00238,2024-12-09,2024-12-30,2025-01-06,1,1,Mobile App,Completed,GBP,105000.0,0,0.0,18900.0,123900.0,2025-03-26 13:46:36,2025-10-02 07:35:04
BOOK004536,CUST002499,HOT0041,ROOM001994,PROMO00123,2025-03-20,2025-04-23,2025-04-29,4,1,Walk-In,Completed,USD,21000.0,20,4200.0,3024.0,19824.0,2024-04-04 22:35:05,2024-10-30 20:14:32
BOOK004537,CUST002291,HOT0139,ROOM001034,PROMO00342,2025-11-01,2025-12-14,2025-12-16,3,1,Website,Completed,INR,10000.0,15,1500.0,1530.0,10030.0,2022-09-27 11:33:01,2022-12-08 11:36:57
BOOK004538,CUST004126,HOT0218,ROOM000549,PROMO00449,2026-06-03,2026-07-03,2026-07-10,4,1,Travel Agent,Cancelled,EUR,35000.0,20,7000.0,5040.0,33040.0,2024-05-06 10:10:48,2025-07-17 15:04:37
BOOK004539,CUST000510,HOT0055,ROOM000909,PROMO00258,2026-07-02,2026-08-22,2026-08-25,2,1,Travel Agent,Completed,EUR,7500.0,0,0.0,1350.0,8850.0,2023-06-16 06:01:02,2024-10-19 04:31:19
BOOK004540,CUST002865,HOT0204,ROOM001158,PROMO00281,2025-12-29,2026-01-28,2026-01-30,4,2,Expedia,Confirmed,EUR,7000.0,5,350.0,1197.0,7847.0,2020-09-15 16:36:36,2025-05-08 08:30:09
BOOK004541,CUST004702,HOT0169,ROOM001784,PROMO00232,2025-01-12,2025-02-14,2025-02-20,1,2,Mobile App,Completed,AED,60000.0,0,0.0,10800.0,70800.0,2024-12-13 22:53:09,2026-03-10 07:38:23
BOOK004542,CUST004374,HOT0203,ROOM000796,PROMO00169,2025-04-09,2025-05-20,2025-05-21,1,2,Booking.com,Completed,GBP,15000.0,5,750.0,2565.0,16815.0,2026-06-22 09:58:00,2026-07-22 05:14:48
BOOK004543,CUST002060,HOT0040,ROOM001191,PROMO00201,2025-11-22,2025-12-19,2025-12-20,1,0,Booking.com,Completed,USD,5000.0,10,500.0,810.0,5310.0,2022-09-10 08:50:43,2025-10-10 08:09:05
BOOK004544,CUST001097,HOT0014,ROOM001872,PROMO00276,2026-04-27,2026-05-06,2026-05-07,4,2,Booking.com,Completed,USD,3500.0,0,0.0,630.0,4130.0,2022-01-09 05:03:59,2024-11-03 01:13:15
BOOK004545,CUST000757,HOT0020,ROOM000723,PROMO00095,2025-05-23,2025-07-07,2025-07-09,4,0,Mobile App,Confirmed,AED,30000.0,15,4500.0,4590.0,30090.0,2026-05-02 07:21:58,2026-06-20 06:07:22
BOOK004546,CUST001260,HOT0065,ROOM001312,PROMO00458,2025-01-28,2025-02-08,2025-02-14,4,2,Travel Agent,Cancelled,SGD,15000.0,0,0.0,2700.0,17700.0,2026-02-21 21:02:03,2026-07-19 11:46:15
BOOK004547,CUST002527,HOT0017,ROOM000228,PROMO00381,2025-11-11,2025-12-23,2025-12-24,2,2,Mobile App,Completed,USD,3500.0,5,175.0,598.5,3923.5,2022-05-15 01:35:56,2024-11-18 16:41:17
BOOK004548,CUST000760,HOT0139,ROOM000965,PROMO00097,2026-01-21,2026-03-21,2026-03-27,4,0,Expedia,Confirmed,USD,30000.0,10,3000.0,4860.0,31860.0,2024-09-10 01:32:06,2025-07-16 15:11:19
BOOK004549,CUST003180,HOT0089,ROOM001551,PROMO00029,2025-09-12,2025-09-29,2025-10-03,1,1,Booking.com,Completed,EUR,28000.0,10,2800.0,4536.0,29736.0,2023-11-02 22:55:20,2026-05-11 04:43:09
BOOK004550,CUST004694,HOT0167,ROOM000447,PROMO00304,2025-03-15,2025-04-14,2025-04-17,3,2,Mobile App,Completed,USD,21000.0,0,0.0,3780.0,24780.0,2025-11-20 03:40:55,2026-06-04 00:11:24
BOOK004551,CUST000265,HOT0198,ROOM000336,PROMO00026,2025-01-18,2025-03-10,2025-03-16,1,0,Travel Agent,Completed,SGD,42000.0,15,6300.0,6426.0,42126.0,2022-10-05 09:23:38,2023-05-15 10:29:42
BOOK004552,CUST003828,HOT0029,ROOM001577,PROMO00443,2026-01-07,2026-01-14,2026-01-17,4,0,Travel Agent,Completed,GBP,45000.0,10,4500.0,7290.0,47790.0,2022-01-04 05:24:40,2023-10-31 18:32:29
BOOK004553,CUST000739,HOT0077,ROOM000891,PROMO00209,2026-03-12,2026-04-06,2026-04-12,2,2,Travel Agent,Confirmed,INR,15000.0,20,3000.0,2160.0,14160.0,2023-01-05 06:51:59,2023-10-27 19:29:09
BOOK004554,CUST000679,HOT0212,ROOM000877,PROMO00062,2025-12-11,2026-01-27,2026-01-31,4,2,Mobile App,Completed,EUR,28000.0,0,0.0,5040.0,33040.0,2022-05-28 05:51:46,2022-09-18 02:18:30
BOOK004555,CUST001963,HOT0124,ROOM000704,PROMO00255,2024-09-17,2024-10-05,2024-10-10,3,2,Expedia,Confirmed,EUR,12500.0,0,0.0,2250.0,14750.0,2021-11-05 18:03:53,2026-04-02 06:32:08
BOOK004556,CUST001140,HOT0132,ROOM000924,PROMO00427,2024-12-28,2025-01-11,2025-01-14,1,2,Expedia,Completed,EUR,7500.0,20,1500.0,1080.0,7080.0,2020-11-12 04:55:18,2023-12-19 21:56:13
BOOK004557,CUST003311,HOT0207,ROOM001778,PROMO00190,2025-02-16,2025-03-01,2025-03-08,2,1,Booking.com,Completed,INR,17500.0,10,1750.0,2835.0,18585.0,2022-10-15 22:37:59,2026-03-13 17:16:18
BOOK004558,CUST001505,HOT0140,ROOM001222,PROMO00409,2025-06-22,2025-07-24,2025-07-28,4,2,Expedia,Completed,AED,28000.0,0,0.0,5040.0,33040.0,2022-08-02 11:10:14,2024-03-01 06:49:17
BOOK004559,CUST002935,HOT0007,ROOM000324,PROMO00033,2025-03-12,2025-04-21,2025-04-25,4,0,Travel Agent,Confirmed,AED,10000.0,5,500.0,1710.0,11210.0,2023-04-02 22:15:24,2023-11-16 18:36:43
BOOK004560,CUST003226,HOT0190,ROOM001822,PROMO00346,2025-01-26,2025-01-28,2025-02-04,1,0,Travel Agent,Completed,USD,24500.0,5,1225.0,4189.5,27464.5,2021-07-14 15:25:43,2025-09-27 13:07:12
BOOK004561,CUST001533,HOT0045,ROOM000941,PROMO00105,2025-01-27,2025-03-05,2025-03-08,2,1,Website,Cancelled,GBP,10500.0,10,1050.0,1701.0,11151.0,2022-03-23 04:02:18,2024-12-04 04:36:08
BOOK004562,CUST003765,HOT0090,ROOM000639,PROMO00471,2025-12-05,2026-01-16,2026-01-21,3,2,Mobile App,Completed,SGD,25000.0,5,1250.0,4275.0,28025.0,2025-12-14 02:17:32,2026-06-30 12:02:06
BOOK004563,CUST000282,HOT0130,ROOM001443,PROMO00361,2025-10-21,2025-12-12,2025-12-14,1,2,Booking.com,Confirmed,EUR,10000.0,20,2000.0,1440.0,9440.0,2026-04-03 22:25:53,2026-04-13 14:20:16
BOOK004564,CUST000577,HOT0074,ROOM001348,PROMO00207,2026-02-19,2026-03-27,2026-03-28,2,0,Walk-In,Completed,USD,7000.0,20,1400.0,1008.0,6608.0,2023-09-22 09:28:54,2025-12-23 23:51:55
BOOK004565,CUST002035,HOT0141,ROOM001387,PROMO00139,2025-10-10,2025-10-18,2025-10-19,3,0,Expedia,Completed,AED,5000.0,15,750.0,765.0,5015.0,2025-07-11 04:25:12,2026-05-09 05:19:04
BOOK004566,CUST000209,HOT0095,ROOM002000,PROMO00332,2025-12-07,2025-12-27,2025-12-29,2,0,Travel Agent,Confirmed,INR,7000.0,15,1050.0,1071.0,7021.0,2022-01-23 13:38:19,2025-11-29 19:46:20
BOOK004567,CUST004265,HOT0107,ROOM001766,PROMO00492,2025-02-03,2025-02-21,2025-02-28,1,2,Mobile App,Confirmed,SGD,35000.0,0,0.0,6300.0,41300.0,2025-02-08 06:01:49,2026-05-12 07:13:43
BOOK004568,CUST004027,HOT0186,ROOM001628,PROMO00053,2025-06-21,2025-07-25,2025-07-30,3,2,Booking.com,Confirmed,USD,35000.0,20,7000.0,5040.0,33040.0,2022-04-10 14:08:51,2024-11-27 03:16:32
BOOK004569,CUST002740,HOT0035,ROOM000018,PROMO00498,2025-02-08,2025-04-02,2025-04-09,3,0,Website,Cancelled,SGD,70000.0,20,14000.0,10080.0,66080.0,2025-08-03 09:14:44,2026-05-05 23:42:55
BOOK004570,CUST003907,HOT0025,ROOM000151,PROMO00052,2026-02-11,2026-02-19,2026-02-26,3,0,Expedia,Confirmed,USD,17500.0,10,1750.0,2835.0,18585.0,2022-09-08 14:38:25,2023-11-11 09:32:31
BOOK004571,CUST002307,HOT0241,ROOM001685,PROMO00443,2024-08-29,2024-09-06,2024-09-11,1,0,Expedia,Completed,GBP,75000.0,20,15000.0,10800.0,70800.0,2025-10-29 02:49:34,2026-05-24 13:29:38
BOOK004572,CUST000154,HOT0112,ROOM001564,PROMO00284,2024-10-28,2024-12-27,2024-12-29,2,2,Website,Completed,GBP,7000.0,5,350.0,1197.0,7847.0,2022-09-22 02:21:01,2023-12-09 16:19:11
BOOK004573,CUST999999,HOT0055,ROOM001428,PROMO00002,2025-08-02,2025-08-20,2025-08-26,1,2,Mobile App,Completed,USD,90000.0,5,4500.0,15390.0,100890.0,2021-11-19 09:04:42,2026-01-14 16:14:24
BOOK004574,CUST001420,HOT0177,ROOM001471,PROMO00462,2024-11-24,2024-12-31,2025-01-02,3,1,Walk-In,Confirmed,INR,7000.0,15,1050.0,1071.0,7021.0,2023-03-29 11:10:07,2024-07-04 03:28:38
BOOK004575,CUST001204,HOT0153,ROOM000846,PROMO00069,2025-03-03,2025-04-20,2025-04-24,4,0,Expedia,Completed,SGD,14000.0,0,0.0,2520.0,16520.0,2022-05-07 03:12:28,2024-11-10 23:18:51
BOOK004576,CUST003205,HOT0108,ROOM000948,PROMO00311,2025-07-21,2025-07-26,2025-07-27,4,1,Booking.com,Completed,GBP,2500.0,0,0.0,450.0,2950.0,2020-08-13 19:42:23,2023-03-23 17:32:41
BOOK004577,CUST004430,HOT0153,ROOM000062,PROMO00036,2025-11-12,2025-12-01,2025-12-07,4,2,Travel Agent,Completed,USD,21000.0,15,3150.0,3213.0,21063.0,2020-05-01 00:37:07,2022-07-30 04:22:22
BOOK004578,CUST001042,HOT0220,ROOM000973,PROMO00131,2024-09-23,2024-11-22,2024-11-27,3,0,Travel Agent,Cancelled,INR,12500.0,0,0.0,2250.0,14750.0,2021-08-04 05:08:30,2025-10-27 16:31:11
BOOK004579,CUST000604,HOT0238,ROOM000191,PROMO00313,2024-09-29,2024-10-31,2024-11-02,2,2,Travel Agent,Completed,SGD,14000.0,15,2100.0,2142.0,14042.0,2021-11-12 22:53:34,2024-01-29 02:15:43
BOOK004580,CUST003256,HOT0206,ROOM001547,PROMO00023,2026-05-26,2026-05-27,2026-05-29,4,0,Booking.com,No Show,AED,20000.0,5,1000.0,3420.0,22420.0,2024-04-30 01:24:59,2026-03-25 22:47:04
BOOK004581,CUST004894,HOT0179,ROOM001733,PROMO00075,2026-02-25,2026-04-24,2026-04-28,1,1,Travel Agent,Completed,INR,40000.0,5,2000.0,6840.0,44840.0,2022-06-09 22:28:26,2023-05-17 04:48:28
BOOK004582,CUST004433,HOT0081,ROOM000337,PROMO00010,2026-06-26,2026-07-20,2026-07-22,3,2,Expedia,Completed,AED,20000.0,20,4000.0,2880.0,18880.0,2021-05-02 09:34:05,2024-11-12 06:14:10
BOOK004583,CUST001054,HOT0038,ROOM000300,PROMO00410,2025-07-08,2025-08-30,2025-09-06,2,0,Booking.com,Confirmed,INR,105000.0,0,0.0,18900.0,123900.0,2022-12-06 19:39:47,2024-09-19 23:10:41
BOOK004584,CUST000228,HOT0198,ROOM000714,PROMO00308,2024-11-14,2024-11-25,2024-12-01,1,2,Walk-In,Completed,GBP,15000.0,20,3000.0,2160.0,14160.0,2022-10-04 11:31:02,2026-05-14 05:42:13
BOOK004585,CUST001190,HOT0029,ROOM000810,PROMO00203,2025-09-30,2025-11-23,2025-11-27,2,0,Travel Agent,Completed,INR,40000.0,5,2000.0,6840.0,44840.0,2022-04-20 09:21:19,2022-10-09 15:34:33
BOOK004586,CUST002795,HOT0062,ROOM000330,PROMO00365,2026-01-25,2026-03-05,2026-03-08,2,2,Mobile App,Cancelled,AED,30000.0,20,6000.0,4320.0,28320.0,2020-05-09 14:13:51,2024-04-29 03:10:59
BOOK004587,CUST001721,HOT0236,ROOM001841,PROMO00206,2025-06-02,2025-07-10,2025-07-16,3,0,Booking.com,Cancelled,USD,21000.0,5,1050.0,3591.0,23541.0,2024-08-27 06:34:29,2025-10-11 17:54:10
BOOK004588,CUST004650,HOT0208,ROOM000067,PROMO00438,2025-09-04,2025-09-24,2025-09-28,2,2,Website,Confirmed,AED,60000.0,20,12000.0,8640.0,56640.0,2020-11-07 20:59:05,2024-05-05 04:02:11
BOOK004589,CUST004608,HOT0247,ROOM000663,PROMO00400,2024-09-28,2024-10-15,2024-10-20,3,0,Walk-In,Completed,SGD,12500.0,5,625.0,2137.5,14012.5,2021-12-27 09:21:01,2024-10-22 20:02:52
BOOK004590,CUST004670,HOT0114,ROOM000020,PROMO00299,2024-08-13,2024-10-02,2024-10-08,1,1,Travel Agent,Cancelled,GBP,60000.0,0,0.0,10800.0,70800.0,2025-11-09 13:54:32,2026-06-21 13:03:18
BOOK004591,CUST000536,HOT0143,ROOM000070,PROMO00326,2025-08-09,2025-09-28,2025-09-30,1,1,Travel Agent,Cancelled,SGD,7000.0,10,700.0,1134.0,7434.0,2022-03-24 08:45:56,2025-06-13 21:23:43
BOOK004592,CUST000157,HOT0069,ROOM000145,PROMO00266,2026-03-14,2026-03-21,2026-03-26,2,0,Walk-In,Completed,USD,17500.0,5,875.0,2992.5,19617.5,2021-04-17 10:19:28,2025-08-29 13:47:23
BOOK004593,CUST003746,HOT0233,ROOM001219,PROMO00358,2025-09-11,2025-11-09,2025-11-10,4,2,Travel Agent,Completed,INR,15000.0,15,2250.0,2295.0,15045.0,2023-03-14 08:44:40,2025-07-19 21:49:49
BOOK004594,CUST004115,HOT0048,ROOM001545,PROMO00311,2026-04-03,2026-05-22,2026-05-27,3,0,Travel Agent,Completed,SGD,12500.0,0,0.0,2250.0,14750.0,2022-01-04 20:52:46,2025-07-27 10:26:13
BOOK004595,CUST004053,HOT0229,ROOM000343,PROMO00050,2026-05-16,2026-05-17,2026-05-21,2,1,Expedia,Completed,AED,10000.0,5,500.0,1710.0,11210.0,2024-01-24 20:26:42,2025-12-21 20:43:10
BOOK004596,CUST002309,HOT0189,ROOM000881,PROMO00228,2024-12-16,2025-01-20,2025-01-25,2,0,Website,Confirmed,INR,75000.0,0,0.0,13500.0,88500.0,2024-03-11 12:37:02,2026-01-01 20:14:08
BOOK004597,CUST002146,HOT0112,ROOM000614,PROMO00484,2025-01-22,2025-03-17,2025-03-23,3,2,Travel Agent,Cancelled,INR,15000.0,0,0.0,2700.0,17700.0,2022-01-22 19:29:06,2023-02-04 22:48:08
BOOK004598,CUST000627,HOT0209,ROOM001390,PROMO00179,2025-11-14,2025-12-31,2026-01-01,4,1,Travel Agent,Completed,EUR,5000.0,15,750.0,765.0,5015.0,2024-07-23 01:41:19,2026-07-09 20:28:37
BOOK004599,CUST000755,HOT0074,ROOM000001,PROMO00020,2026-03-30,2026-04-28,2026-05-05,4,2,Booking.com,Completed,GBP,105000.0,5,5250.0,17955.0,117705.0,2026-05-27 09:33:55,2026-07-10 11:12:06
BOOK004600,CUST001337,HOT0076,ROOM000395,PROMO00004,2024-08-03,2024-08-15,2024-08-18,3,1,Walk-In,Completed,USD,15000.0,15,2250.0,2295.0,15045.0,2025-09-19 14:56:13,2025-09-28 18:57:36
BOOK004601,CUST000856,HOT0093,ROOM000671,PROMO00437,2026-03-31,2026-04-28,2026-04-29,3,0,Walk-In,Confirmed,USD,15000.0,5,750.0,2565.0,16815.0,2021-09-17 02:15:11,2025-02-13 18:38:36
BOOK004602,CUST002749,HOT0178,ROOM000866,PROMO00127,2025-12-13,2026-01-26,2026-02-01,2,2,Mobile App,No Show,USD,90000.0,0,0.0,16200.0,106200.0,2024-04-26 04:52:03,2024-09-10 12:12:53
BOOK004603,CUST001756,HOT0080,ROOM001710,PROMO00298,2024-11-11,2024-12-08,2024-12-10,4,1,Expedia,Completed,GBP,30000.0,15,4500.0,4590.0,30090.0,2021-12-24 23:18:33,2025-06-20 02:18:14
BOOK004604,CUST001113,HOT0020,ROOM000491,PROMO00474,2024-08-19,2024-10-15,2024-10-22,2,1,Expedia,Completed,GBP,70000.0,15,10500.0,10710.0,70210.0,2023-02-24 11:16:14,2024-03-31 03:50:50
BOOK004605,CUST001125,HOT0244,ROOM000585,PROMO00207,2024-09-19,2024-09-26,2024-09-30,1,1,Website,Cancelled,GBP,20000.0,15,3000.0,3060.0,20060.0,2021-09-24 20:44:44,2023-02-28 19:56:51
BOOK004606,CUST000684,HOT0025,ROOM000151,PROMO00399,2025-12-20,2026-01-18,2026-01-25,2,1,Booking.com,Completed,EUR,17500.0,5,875.0,2992.5,19617.5,2023-06-15 11:19:42,2026-07-18 07:01:09
BOOK004607,CUST001301,HOT0186,ROOM001882,PROMO00153,2024-10-06,2024-11-06,2024-11-11,3,1,Mobile App,Completed,INR,17500.0,20,3500.0,2520.0,16520.0,2025-10-16 03:05:11,2026-07-09 05:21:42
BOOK004608,CUST001011,HOT0244,ROOM000695,PROMO00259,2024-10-30,2024-12-03,2024-12-10,1,1,Walk-In,Completed,EUR,17500.0,0,0.0,3150.0,20650.0,2020-06-19 16:54:36,2021-10-03 05:21:09
BOOK004609,CUST000028,HOT0125,ROOM000858,PROMO00213,2025-01-04,2025-01-28,2025-01-30,2,0,Expedia,Completed,SGD,7000.0,10,700.0,1134.0,7434.0,2024-12-19 20:18:37,2025-10-15 00:31:01
BOOK004610,CUST002210,HOT0149,ROOM001846,PROMO00037,2026-01-08,2026-02-14,2026-02-18,3,0,Expedia,Cancelled,AED,14000.0,10,1400.0,2268.0,14868.0,2024-11-01 10:10:27,2026-07-02 03:02:45
BOOK004611,CUST000639,HOT0058,ROOM000885,PROMO00434,2025-09-10,2025-10-03,2025-10-09,1,0,Expedia,Completed,SGD,15000.0,0,0.0,2700.0,17700.0,2024-11-24 14:57:20,2025-06-05 03:25:49
BOOK004612,CUST001579,HOT0036,ROOM000127,PROMO00256,2025-02-24,2025-02-25,2025-03-01,2,0,Mobile App,Cancelled,GBP,60000.0,20,12000.0,8640.0,-56640.0,2022-12-25 11:10:07,2023-08-16 20:51:20
BOOK004613,CUST002506,HOT0184,ROOM001062,PROMO00066,2026-06-04,2026-06-22,2026-06-24,2,1,Travel Agent,Completed,USD,30000.0,0,0.0,5400.0,35400.0,2024-08-13 02:57:16,2025-07-03 22:05:10
BOOK004614,CUST003578,HOT0022,ROOM001037,PROMO00410,2025-04-23,2025-05-17,2025-05-23,3,2,Mobile App,Completed,GBP,21000.0,5,1050.0,3591.0,23541.0,2021-12-18 13:07:35,2024-06-13 12:54:47
BOOK004615,CUST003161,HOT0179,ROOM000060,PROMO00014,2025-05-03,2025-05-10,2025-05-12,2,1,Travel Agent,No Show,USD,7000.0,15,1050.0,1071.0,7021.0,2021-04-24 03:54:02,2024-07-08 03:23:32
BOOK004616,CUST002715,HOT0204,ROOM001158,PROMO00007,2024-09-30,2024-11-20,2024-11-22,3,2,Travel Agent,Completed,AED,7000.0,10,700.0,1134.0,7434.0,2023-10-05 13:23:56,2024-10-17 19:23:14
BOOK004617,CUST003567,HOT0250,ROOM001233,PROMO00090,2025-01-31,2025-03-05,2025-03-08,4,0,Walk-In,Confirmed,GBP,30000.0,5,1500.0,5130.0,33630.0,2020-01-18 04:59:32,2022-10-07 20:01:33
BOOK004618,CUST000499,HOT0220,ROOM000973,PROMO00486,2026-04-15,2026-06-05,2026-06-10,2,0,Walk-In,Completed,GBP,12500.0,20,2500.0,1800.0,11800.0,2022-10-03 14:44:13,2022-10-05 07:53:07
BOOK004619,CUST003162,HOT0162,ROOM000978,PROMO00110,2025-09-16,2025-09-27,2025-09-30,3,0,Travel Agent,Cancelled,EUR,10500.0,20,2100.0,1512.0,9912.0,2025-12-12 21:48:35,2026-01-14 14:46:42
BOOK004620,CUST000472,HOT0222,ROOM000349,PROMO00212,2024-12-04,2024-12-12,2024-12-17,4,2,Expedia,Completed,INR,75000.0,0,0.0,13500.0,88500.0,2021-10-14 16:32:34,2022-03-27 14:16:18
BOOK004621,CUST004234,HOT0065,ROOM000637,PROMO00001,2026-05-24,2026-06-03,2026-06-07,1,2,Walk-In,Cancelled,INR,14000.0,15,2100.0,2142.0,14042.0,2026-02-05 02:41:49,2026-03-14 06:46:22
BOOK004622,CUST001622,HOT0202,ROOM001351,PROMO00481,2024-11-12,2024-11-27,2024-11-28,4,1,Booking.com,Confirmed,USD,5000.0,0,0.0,900.0,5900.0,2020-08-22 17:00:01,2021-01-20 18:29:15
BOOK004623,CUST004031,HOT0170,ROOM001197,PROMO00026,2025-12-11,2026-01-02,2026-01-09,2,2,Expedia,Completed,USD,17500.0,10,1750.0,2835.0,18585.0,2026-07-27 06:08:44,2026-07-28 07:47:28
BOOK004624,CUST000473,HOT0073,ROOM000230,PROMO00476,2026-07-02,2026-08-10,2026-08-14,1,2,Expedia,Confirmed,,28000.0,20,5600.0,4032.0,26432.0,2022-09-04 02:12:56,2024-08-24 15:19:03
BOOK004625,CUST004381,HOT0068,ROOM000296,PROMO00104,2026-02-13,2026-03-10,2026-03-16,4,1,Booking.com,Confirmed,USD,21000.0,0,0.0,3780.0,24780.0,2021-12-16 20:21:39,2022-11-06 07:44:17
BOOK004626,CUST001886,HOT0145,ROOM000005,PROMO00156,2026-06-12,2026-07-15,2026-07-18,1,2,Expedia,Completed,EUR,45000.0,15,6750.0,6885.0,45135.0,2022-06-21 10:22:57,2026-01-27 06:58:53
BOOK004627,CUST002146,HOT0155,ROOM001004,PROMO00146,2025-10-05,2025-11-19,2025-11-25,1,1,Mobile App,Completed,EUR,15000.0,15,2250.0,2295.0,15045.0,2024-08-19 10:16:11,2025-03-10 19:27:00
BOOK004628,CUST000873,HOT0131,ROOM000141,PROMO00088,2024-08-20,2024-09-13,2024-09-17,2,0,Website,Completed,INR,10000.0,0,0.0,1800.0,11800.0,2025-02-24 06:15:42,2025-09-24 22:05:45
BOOK004629,CUST000614,HOT0075,ROOM000466,PROMO00330,2026-01-23,2026-02-06,2026-02-13,2,0,Booking.com,Completed,INR,49000.0,0,0.0,8820.0,57820.0,2021-03-04 13:17:29,2024-05-13 09:09:18
BOOK004630,CUST001779,HOT0148,ROOM000503,PROMO00316,2026-01-13,2026-01-27,2026-01-30,3,2,Booking.com,Confirmed,SGD,15000.0,0,0.0,2700.0,17700.0,2022-04-13 03:36:54,2024-06-29 12:00:47
BOOK004631,CUST000724,HOT0079,ROOM001174,PROMO00182,2025-10-11,2025-11-12,2025-11-15,1,2,Mobile App,Completed,GBP,15000.0,15,2250.0,2295.0,15045.0,2025-12-28 01:38:56,2026-02-15 19:51:56
BOOK004632,CUST002291,HOT0055,ROOM001895,PROMO00039,2024-08-12,2024-10-10,2024-10-15,1,1,Website,Completed,SGD,75000.0,0,0.0,13500.0,88500.0,2025-05-05 23:04:44,2026-04-02 16:19:36
BOOK004633,CUST002378,HOT0125,ROOM001257,PROMO00045,2025-05-30,2025-06-03,2025-06-10,4,0,Website,Completed,INR,24500.0,15,3675.0,3748.5,24573.5,2026-03-09 04:07:20,2026-05-19 13:59:18
BOOK004634,CUST004819,HOT0237,ROOM000238,PROMO00097,2026-04-11,2026-04-14,2026-04-21,4,2,Booking.com,Completed,EUR,24500.0,15,3675.0,3748.5,24573.5,2022-09-02 04:55:29,2024-01-26 08:44:47
BOOK004635,CUST004200,HOT0185,ROOM000807,PROMO00254,2025-03-18,2025-04-02,2025-04-05,1,0,Booking.com,Completed,INR,21000.0,5,1050.0,3591.0,23541.0,2025-09-17 13:19:47,2025-10-13 19:06:47
BOOK004636,CUST003598,HOT0081,ROOM000538,PROMO00140,2026-05-06,2026-06-27,2026-06-29,3,1,Mobile App,Confirmed,GBP,10000.0,0,0.0,1800.0,11800.0,2020-10-08 06:26:22,2021-05-29 02:52:51
BOOK004637,CUST004751,HOT0186,ROOM001509,PROMO00317,2025-08-14,2025-09-03,2025-09-08,1,2,Walk-In,Cancelled,GBP,25000.0,15,3750.0,3825.0,25075.0,2023-08-02 17:42:23,2024-02-13 15:21:12
BOOK004638,CUST000452,HOT0113,ROOM001270,PROMO00182,2024-10-29,2024-11-17,2024-11-20,1,1,Travel Agent,Completed,INR,15000.0,10,1500.0,2430.0,15930.0,2022-03-23 00:26:55,2025-01-01 23:53:36
BOOK004639,CUST001942,HOT0109,ROOM000997,PROMO00274,2025-02-03,2025-03-07,2025-03-10,3,0,Walk-In,Completed,EUR,21000.0,5,1050.0,3591.0,23541.0,2023-10-02 09:00:52,2025-02-17 01:24:55
BOOK004640,CUST004409,HOT0152,ROOM001777,PROMO00421,2026-02-01,2026-03-04,2026-03-08,3,0,Walk-In,Completed,AED,10000.0,10,1000.0,1620.0,10620.0,2022-08-23 04:14:49,2024-10-24 18:06:05
BOOK004641,CUST000870,HOT0202,ROOM000304,PROMO00499,2024-12-23,2025-01-07,2025-01-11,4,0,Travel Agent,Completed,GBP,10000.0,15,1500.0,1530.0,10030.0,2022-07-03 18:30:11,2024-02-20 04:41:24
BOOK004642,CUST002451,HOT0090,ROOM000930,PROMO00173,2024-11-18,2025-01-16,2025-01-20,2,2,Mobile App,Completed,SGD,14000.0,0,0.0,2520.0,16520.0,2024-08-31 07:29:25,2025-04-29 14:56:55
BOOK004643,CUST000703,HOT0211,ROOM001553,PROMO00244,2024-09-05,2024-10-30,2024-11-05,3,1,Mobile App,Completed,INR,15000.0,5,750.0,2565.0,16815.0,2025-09-20 12:25:02,2026-04-30 09:15:09
BOOK004644,CUST002516,HOT0056,ROOM000864,PROMO00171,2025-12-27,2026-02-22,2026-02-23,3,1,Travel Agent,Completed,AED,10000.0,10,1000.0,1620.0,10620.0,2022-12-02 20:04:22,2024-05-20 07:35:59
BOOK004645,CUST004806,HOT0241,ROOM000389,PROMO00081,2026-01-15,2026-03-04,2026-03-06,4,1,Booking.com,Completed,AED,30000.0,15,4500.0,4590.0,30090.0,2025-11-15 21:55:10,2025-12-16 10:54:20
BOOK004646,CUST000551,HOT0226,ROOM000670,PROMO00128,2025-06-10,2025-07-16,2025-07-18,2,1,Expedia,Cancelled,EUR,14000.0,5,700.0,2394.0,15694.0,2021-04-20 15:30:00,2021-07-16 18:41:11
BOOK004647,CUST000073,HOT0079,ROOM000275,PROMO00425,2026-05-29,2026-07-21,2026-07-28,4,1,Travel Agent,Completed,USD,105000.0,5,5250.0,17955.0,117705.0,2024-03-24 14:08:50,2026-06-25 21:21:23
BOOK004648,CUST001844,HOT0047,ROOM001735,PROMO00419,2026-05-20,2026-07-13,2026-07-18,2,2,Travel Agent,Completed,GBP,50000.0,20,10000.0,7200.0,47200.0,2025-06-01 04:03:54,2025-10-01 20:29:54
BOOK004649,CUST004511,HOT0200,ROOM001561,PROMO00221,2026-01-09,2026-02-21,2026-02-23,1,2,Travel Agent,Confirmed,SGD,7000.0,15,1050.0,1071.0,7021.0,2023-08-25 01:07:39,2026-03-31 13:48:29
BOOK004650,CUST004327,HOT0215,ROOM000616,PROMO00009,2025-08-12,2025-09-23,2025-09-28,1,1,Mobile App,Completed,EUR,75000.0,10,7500.0,12150.0,79650.0,2021-06-26 20:40:01,2023-02-02 14:23:54
BOOK004651,CUST001146,HOT0179,ROOM000021,PROMO00392,2025-12-16,2026-02-11,2026-02-14,3,0,Website,Completed,GBP,45000.0,5,2250.0,7695.0,50445.0,2021-01-02 09:31:29,2021-08-24 12:28:56
BOOK004652,CUST004938,HOT0130,ROOM000580,PROMO00420,2024-10-12,2024-10-24,2024-10-27,3,2,Website,Cancelled,USD,7500.0,15,1125.0,1147.5,7522.5,2024-05-09 10:33:16,2026-04-26 16:56:03
BOOK004653,CUST003949,HOT0213,ROOM001292,PROMO00168,2025-10-05,2025-11-24,2025-11-25,1,2,Walk-In,Completed,GBP,5000.0,15,750.0,765.0,5015.0,2023-05-10 19:12:37,2026-04-20 18:56:49
BOOK004654,CUST004598,HOT0240,ROOM000045,PROMO00159,2025-11-28,2025-12-29,2025-12-30,2,0,Travel Agent,Completed,INR,7000.0,20,1400.0,1008.0,6608.0,2022-07-19 14:21:25,2026-06-20 11:48:46
BOOK004655,CUST004603,HOT0240,ROOM001229,PROMO00029,2026-03-15,2026-05-08,2026-05-10,4,0,Walk-In,Completed,EUR,14000.0,5,700.0,2394.0,15694.0,2021-02-08 17:55:23,2023-09-26 19:03:58
BOOK004656,CUST003862,HOT0154,ROOM000212,PROMO00101,2025-02-07,2025-03-19,2025-03-20,4,0,Website,Completed,USD,5000.0,10,500.0,810.0,5310.0,2023-11-04 08:43:55,2024-02-27 20:42:06
BOOK004657,CUST001777,HOT0060,ROOM000674,PROMO00132,2025-07-11,2025-09-03,2025-09-10,4,1,Travel Agent,Cancelled,SGD,24500.0,20,4900.0,3528.0,23128.0,2021-07-02 03:11:41,2022-08-25 08:08:27
BOOK004658,CUST003297,HOT0108,ROOM000495,PROMO00044,2024-08-26,2024-09-23,2024-09-25,2,0,Expedia,Completed,AED,20000.0,15,3000.0,3060.0,20060.0,2026-04-29 17:02:52,2026-05-02 17:00:06
BOOK004659,CUST003321,HOT0222,ROOM001056,PROMO00044,2026-04-13,2026-05-24,2026-05-25,4,0,Mobile App,Completed,SGD,7000.0,15,1050.0,1071.0,7021.0,2020-11-18 05:20:35,2024-03-16 19:21:13
BOOK004660,CUST001451,HOT0104,ROOM001660,PROMO00350,2025-02-22,2025-04-19,2025-04-25,1,2,Walk-In,Completed,AED,15000.0,0,0.0,2700.0,17700.0,2024-08-19 05:35:17,2026-05-05 17:31:10
BOOK004661,CUST001860,HOT0088,ROOM001614,PROMO00010,2025-03-11,2025-05-10,2025-05-12,4,2,Walk-In,Completed,EUR,20000.0,0,0.0,3600.0,23600.0,2020-12-24 00:09:05,2023-04-18 07:36:38
BOOK004662,CUST004602,HOT0199,ROOM000904,PROMO00208,2025-12-21,2026-01-10,2026-01-15,1,2,Website,Completed,AED,25000.0,5,1250.0,4275.0,28025.0,2022-10-09 20:32:14,2026-03-27 04:21:07
BOOK004663,CUST001146,HOT0240,ROOM001229,PROMO00308,2024-11-16,2024-11-25,2024-11-27,4,0,Mobile App,Completed,USD,14000.0,20,2800.0,2016.0,13216.0,2020-06-06 11:18:07,2022-12-10 13:56:58
BOOK004664,CUST004823,HOT0085,ROOM000824,PROMO00246,2026-07-26,2026-07-29,2026-08-04,2,2,Expedia,Confirmed,INR,90000.0,15,13500.0,13770.0,90270.0,2025-01-20 07:44:04,2026-03-03 14:23:24
BOOK004665,CUST000556,HOT0100,ROOM000399,PROMO00149,2026-01-18,2026-02-27,2026-02-28,2,1,Booking.com,Completed,INR,7000.0,5,350.0,1197.0,7847.0,2020-06-28 11:27:33,2020-08-30 12:02:40
BOOK004666,CUST003664,HOT0163,ROOM001115,PROMO00411,2025-03-21,2025-04-26,2025-05-01,2,2,Walk-In,Completed,EUR,25000.0,20,5000.0,3600.0,23600.0,2025-04-08 11:11:21,2025-09-23 21:54:43
BOOK004667,CUST000284,HOT0217,ROOM001327,PROMO00271,2024-11-13,2024-12-01,2024-12-07,2,2,Walk-In,Completed,GBP,30000.0,20,6000.0,4320.0,28320.0,2024-01-04 23:00:58,2025-01-15 16:49:09
BOOK004668,CUST000472,HOT0005,ROOM001105,PROMO00119,2025-06-18,2025-07-30,2025-08-03,4,1,Website,Completed,USD,28000.0,0,0.0,5040.0,33040.0,2025-03-24 06:14:07,2025-03-26 06:19:47
BOOK004669,CUST000858,HOT0202,ROOM000400,PROMO00093,2025-11-25,2025-12-23,2025-12-24,4,1,Website,No Show,EUR,2500.0,0,0.0,450.0,2950.0,2023-05-18 22:24:51,2024-09-29 02:47:54
BOOK004670,CUST003175,HOT0169,ROOM000507,PROMO00403,2025-06-22,2025-08-18,2025-08-20,1,1,Walk-In,Cancelled,SGD,7000.0,5,350.0,1197.0,7847.0,2023-08-20 07:01:20,2023-12-06 10:33:52
BOOK004671,CUST004255,HOT0237,ROOM001871,PROMO00193,2025-02-03,2025-03-14,2025-03-20,3,2,Booking.com,Completed,GBP,90000.0,0,0.0,16200.0,106200.0,2025-07-05 14:02:46,2026-07-09 19:54:15
BOOK004672,CUST004865,HOT0180,ROOM000865,PROMO00333,2024-10-01,2024-11-24,2024-12-01,3,2,Website,No Show,AED,24500.0,15,3675.0,3748.5,24573.5,2025-10-30 02:43:17,2025-12-23 10:06:25
BOOK004673,CUST003084,HOT0141,ROOM000731,PROMO00183,2026-01-09,2026-02-07,2026-02-08,4,1,Travel Agent,Confirmed,INR,15000.0,10,1500.0,2430.0,15930.0,2024-10-05 03:32:22,2025-09-01 22:54:27
BOOK004674,CUST001693,HOT0249,ROOM001102,PROMO00296,2026-04-29,2026-05-17,2026-05-20,1,1,Walk-In,Confirmed,USD,15000.0,5,750.0,2565.0,16815.0,2026-07-27 05:33:03,2026-07-27 10:58:22
BOOK004675,CUST003100,HOT0018,ROOM001166,PROMO00092,2026-05-03,2026-05-14,2026-05-18,3,1,Travel Agent,Completed,GBP,20000.0,15,3000.0,3060.0,20060.0,2022-09-23 18:03:08,2024-07-03 08:37:47
BOOK004676,CUST000148,HOT0224,ROOM001879,PROMO00215,2024-10-29,2024-11-21,2024-11-25,4,1,Travel Agent,Confirmed,GBP,14000.0,10,1400.0,2268.0,14868.0,2022-11-15 09:51:24,2025-07-27 12:47:38
BOOK004677,CUST000672,HOT0071,ROOM001185,PROMO00298,2025-01-17,2025-01-21,2025-01-26,4,0,Travel Agent,Confirmed,AED,35000.0,15,5250.0,5355.0,35105.0,2023-05-24 20:56:42,2025-04-17 21:46:06
BOOK004678,CUST003444,HOT0160,ROOM000160,PROMO00037,2024-10-14,2024-11-26,2024-12-03,2,2,Travel Agent,Completed,EUR,105000.0,0,0.0,18900.0,123900.0,2022-07-25 18:15:32,2025-07-04 19:26:48
BOOK004679,CUST000427,HOT0186,ROOM001133,PROMO00225,2025-03-16,2025-04-15,2025-04-17,4,2,Walk-In,Completed,SGD,20000.0,0,0.0,3600.0,23600.0,2023-08-30 09:31:55,2025-05-15 21:10:29
BOOK004680,CUST001813,HOT0093,ROOM001718,PROMO00496,2024-07-29,2024-08-25,2024-08-26,2,0,Mobile App,Completed,GBP,2500.0,5,125.0,427.5,2802.5,2024-06-20 07:06:40,2026-03-06 11:50:46
BOOK004681,CUST001945,HOT0193,ROOM000744,PROMO00465,2025-02-04,2025-04-03,2025-04-09,4,2,Booking.com,No Show,GBP,15000.0,10,1500.0,2430.0,15930.0,2023-01-30 13:30:36,2024-05-29 21:42:07
BOOK004682,CUST003316,HOT0142,ROOM001216,PROMO00377,2024-11-20,2024-11-22,2024-11-26,3,0,Website,Completed,AED,10000.0,5,500.0,1710.0,11210.0,2020-11-06 17:58:08,2022-09-12 08:21:49
BOOK004683,CUST001688,HOT0236,ROOM001535,PROMO00454,2025-01-08,2025-03-02,2025-03-03,4,1,Walk-In,No Show,GBP,15000.0,0,0.0,2700.0,17700.0,2023-05-13 09:06:28,2024-06-07 05:34:35
BOOK004684,CUST001327,HOT0228,ROOM000363,PROMO00414,2025-08-04,2025-08-21,2025-08-22,2,2,Walk-In,Completed,AED,2500.0,20,500.0,360.0,2360.0,2025-10-22 14:03:56,2026-04-26 12:57:36
BOOK004685,CUST004740,HOT0069,ROOM000204,PROMO00370,2026-01-01,2026-02-22,2026-02-27,2,1,Travel Agent,Confirmed,GBP,17500.0,15,2625.0,2677.5,17552.5,2020-10-30 07:08:57,2025-02-09 06:20:10
BOOK004686,CUST004771,HOT0066,ROOM000430,PROMO00376,2025-08-02,2025-08-13,2025-08-17,2,2,Mobile App,Completed,USD,60000.0,5,3000.0,10260.0,67260.0,2021-06-15 08:22:29,2021-11-03 01:20:02
BOOK004687,CUST004519,HOT0146,ROOM000752,PROMO00179,2025-01-25,2025-03-23,2025-03-29,3,2,Website,Cancelled,EUR,21000.0,20,4200.0,3024.0,19824.0,2025-10-19 12:19:49,2026-07-26 13:13:24
BOOK004688,CUST003262,HOT0143,ROOM000109,PROMO00487,2026-05-28,2026-06-22,2026-06-26,1,2,Travel Agent,Completed,GBP,14000.0,15,2100.0,2142.0,14042.0,2023-06-01 19:52:22,2024-09-03 06:53:36
BOOK004689,CUST000531,HOT0160,ROOM000234,PROMO00014,2026-04-11,2026-05-05,2026-05-06,2,1,Expedia,No Show,AED,3500.0,5,175.0,598.5,3923.5,2023-11-20 15:37:13,2025-07-11 19:59:59
BOOK004690,CUST001717,HOT0188,ROOM000356,PROMO00419,2025-07-12,2025-07-19,2025-07-21,2,2,Walk-In,Completed,AED,10000.0,5,500.0,1710.0,11210.0,2020-07-27 18:14:24,2021-08-21 21:16:50
BOOK004691,CUST004817,HOT0027,ROOM001597,PROMO00474,2025-06-06,2025-07-17,2025-07-21,3,1,Mobile App,Completed,GBP,20000.0,10,2000.0,3240.0,21240.0,2020-11-27 19:22:39,2024-10-18 22:23:26
BOOK004692,CUST000236,HOT0052,ROOM001753,PROMO00331,2025-12-06,2025-12-08,2025-12-12,2,1,Booking.com,Completed,EUR,40000.0,20,8000.0,5760.0,37760.0,2020-03-18 12:31:05,2026-05-15 02:57:53
BOOK004693,CUST002062,HOT0034,ROOM000023,PROMO00082,2025-08-09,2025-08-21,2025-08-22,2,2,Walk-In,Completed,USD,10000.0,10,1000.0,1620.0,10620.0,2023-12-23 11:52:08,2024-07-11 09:33:26
BOOK004694,CUST004876,HOT0037,ROOM000642,PROMO00038,2026-06-22,2026-07-11,2026-07-18,3,1,Website,Completed,SGD,70000.0,10,7000.0,11340.0,74340.0,2025-03-03 18:20:58,2026-01-25 06:24:35
BOOK004695,CUST004656,HOT0243,ROOM001277,PROMO00073,2025-03-20,2025-04-06,2025-04-09,3,0,Travel Agent,Completed,SGD,15000.0,15,2250.0,2295.0,15045.0,2024-11-16 14:04:09,2026-03-27 15:36:48
BOOK004696,CUST004156,HOT0128,ROOM000943,PROMO00346,2024-08-01,2024-09-23,2024-09-28,4,0,Website,Completed,AED,50000.0,5,2500.0,8550.0,56050.0,2020-12-28 15:50:13,2024-06-29 21:00:57
BOOK004697,CUST002567,HOT0022,ROOM000059,PROMO00431,2025-12-24,2026-01-14,2026-01-20,4,0,Walk-In,Completed,EUR,90000.0,5,4500.0,15390.0,100890.0,2025-02-22 12:59:57,2025-04-19 03:52:33
BOOK004698,CUST004280,HOT0057,ROOM001892,PROMO00418,2026-07-27,2026-09-13,2026-09-17,4,2,Walk-In,Cancelled,INR,28000.0,5,1400.0,4788.0,31388.0,2023-12-30 11:50:15,2025-09-05 00:08:24
BOOK004699,CUST003343,HOT0143,ROOM000070,PROMO00079,2025-04-27,2025-05-09,2025-05-12,3,0,Expedia,Completed,INR,10500.0,20,2100.0,1512.0,9912.0,2023-09-15 00:58:36,2024-11-17 03:34:24
BOOK004700,CUST003184,HOT0227,ROOM001149,PROMO00263,2026-06-22,2026-07-18,2026-07-20,2,2,Booking.com,Completed,GBP,5000.0,0,0.0,900.0,5900.0,2021-11-29 03:06:40,2022-06-01 20:19:49
BOOK004701,CUST003771,HOT0063,ROOM001898,PROMO00118,2024-09-27,2024-11-20,2024-11-24,1,2,Travel Agent,Confirmed,GBP,20000.0,5,1000.0,3420.0,22420.0,2022-05-30 00:13:21,2026-07-13 22:03:48
BOOK004702,CUST002697,HOT0226,ROOM001585,PROMO00059,2026-03-22,2026-04-18,2026-04-25,4,0,Travel Agent,Confirmed,EUR,105000.0,5,5250.0,17955.0,117705.0,2020-12-02 14:51:40,2021-02-15 11:08:40
BOOK004703,CUST004378,HOT0199,ROOM000904,PROMO00053,2025-07-31,2025-08-20,2025-08-23,4,0,Website,Completed,AED,15000.0,0,0.0,2700.0,17700.0,2024-11-25 04:04:40,2025-08-22 20:18:02
BOOK004704,CUST000375,HOT0224,ROOM001063,PROMO00061,2024-08-12,2024-08-24,2024-08-25,1,0,Walk-In,Completed,INR,15000.0,15,2250.0,2295.0,15045.0,2022-11-02 23:36:00,2026-02-14 16:55:57
BOOK004705,CUST003933,HOT0145,ROOM001736,PROMO00350,2025-05-28,2025-07-25,2025-08-01,2,0,Expedia,Completed,AED,17500.0,20,3500.0,2520.0,16520.0,2022-05-12 08:19:05,2025-04-05 22:48:21
BOOK004706,CUST002934,HOT0103,ROOM001630,PROMO00467,2025-04-16,2025-04-17,2025-04-23,2,0,Mobile App,Completed,AED,30000.0,15,4500.0,4590.0,30090.0,2020-09-05 12:54:41,2025-11-22 00:06:29
BOOK004707,CUST002983,HOT0079,ROOM001174,PROMO00042,2025-07-30,2025-08-31,2025-09-02,3,2,Mobile App,Completed,SGD,10000.0,10,1000.0,1620.0,10620.0,2021-10-13 15:32:06,2021-12-29 12:00:53
BOOK004708,CUST003468,HOT0054,ROOM000583,PROMO00399,2026-03-09,2026-03-29,2026-04-01,2,0,Walk-In,Completed,SGD,45000.0,10,4500.0,7290.0,47790.0,2026-03-16 06:15:43,2026-04-12 14:58:02
BOOK004709,CUST003878,HOT0120,ROOM001388,PROMO00099,2025-06-13,2025-06-25,2025-06-28,1,1,Website,Cancelled,GBP,15000.0,15,2250.0,2295.0,15045.0,2026-02-21 11:07:22,2026-04-06 21:02:33
BOOK004710,CUST002332,HOT0206,ROOM000029,PROMO00155,2026-07-10,2026-08-29,2026-09-03,3,0,Travel Agent,Confirmed,AED,50000.0,15,7500.0,7650.0,50150.0,2022-01-01 03:22:15,2024-02-20 13:22:14
BOOK004711,CUST004044,HOT0218,ROOM001510,PROMO00033,2025-10-09,2025-11-05,2025-11-08,2,2,Travel Agent,Completed,AED,30000.0,15,4500.0,4590.0,30090.0,2022-02-24 00:29:07,2023-06-17 08:09:10
BOOK004712,CUST000500,HOT0230,ROOM000795,PROMO00216,2026-01-30,2026-02-25,2026-03-02,3,1,Website,Cancelled,GBP,17500.0,15,2625.0,2677.5,17552.5,2025-04-06 11:11:49,2026-02-09 17:09:14
BOOK004713,CUST003378,HOT0187,ROOM001334,PROMO00073,2025-09-26,2025-11-18,2025-11-22,1,2,Walk-In,Completed,SGD,60000.0,5,3000.0,10260.0,67260.0,2022-07-17 10:18:48,2023-12-15 03:22:42
BOOK004714,CUST002057,HOT0071,ROOM000579,PROMO00283,2026-06-04,2026-06-14,2026-06-21,3,0,Mobile App,Completed,USD,70000.0,20,14000.0,10080.0,66080.0,2025-03-25 00:32:01,2026-01-03 10:59:46
BOOK004715,CUST003710,HOT0101,ROOM001662,PROMO00450,2024-09-05,2024-09-10,2024-09-17,4,0,Website,Cancelled,,35000.0,5,1750.0,5985.0,39235.0,2021-04-28 00:09:27,2024-10-23 18:42:05
BOOK004716,CUST001669,HOT0197,ROOM000096,PROMO00275,2025-04-09,2025-05-18,2025-05-25,2,0,Website,Cancelled,USD,105000.0,20,21000.0,15120.0,99120.0,2020-03-11 00:54:54,2020-05-11 05:28:11
BOOK004717,CUST000305,HOT0167,ROOM000936,PROMO00292,2024-12-04,2024-12-14,2024-12-21,4,0,Mobile App,No Show,,35000.0,0,0.0,6300.0,41300.0,2026-02-16 06:46:59,2026-05-28 20:58:34
BOOK004718,CUST003841,HOT0017,ROOM001791,PROMO00230,2026-03-11,2026-04-28,2026-04-29,3,0,Walk-In,Completed,USD,3500.0,10,350.0,567.0,3717.0,2021-08-13 21:18:46,2023-11-14 18:04:20
BOOK004719,CUST001056,HOT0091,ROOM001793,PROMO00087,2024-11-28,2025-01-02,2025-01-04,3,2,Mobile App,Completed,INR,14000.0,5,700.0,2394.0,15694.0,2020-04-16 15:07:31,2025-03-19 13:02:57
BOOK004720,CUST002173,HOT0209,ROOM001985,PROMO00366,2025-12-18,2025-12-31,2026-01-06,3,0,Website,Completed,AED,90000.0,20,18000.0,12960.0,84960.0,2020-10-31 09:25:06,2024-02-20 22:08:39
BOOK004721,CUST002127,HOT0216,ROOM000676,PROMO00094,2026-04-24,2026-05-31,2026-06-07,2,0,Expedia,No Show,INR,24500.0,10,2450.0,3969.0,26019.0,2022-06-15 03:29:37,2024-01-28 02:13:29
BOOK004722,CUST004501,HOT0127,ROOM000381,PROMO00415,2026-01-04,2026-02-14,2026-02-17,4,2,Mobile App,No Show,USD,21000.0,0,0.0,3780.0,24780.0,2026-05-27 17:28:51,2026-07-09 06:22:30
BOOK004723,CUST001427,HOT0029,ROOM000258,PROMO00301,2026-04-13,2026-06-06,2026-06-12,4,2,Mobile App,Confirmed,AED,30000.0,10,3000.0,4860.0,31860.0,2026-06-13 21:32:00,2026-06-16 08:18:36
BOOK004724,CUST004672,HOT0098,ROOM001473,PROMO00245,2025-07-07,2025-09-04,2025-09-07,1,0,Walk-In,Completed,AED,7500.0,15,1125.0,1147.5,7522.5,2020-09-15 23:50:03,2024-03-04 17:49:33
BOOK004725,CUST002001,HOT0086,ROOM001845,PROMO00022,2024-10-07,2024-10-12,2024-10-16,2,2,Travel Agent,Confirmed,INR,40000.0,10,4000.0,6480.0,42480.0,2021-01-28 23:10:12,2024-11-12 12:36:40
BOOK004726,CUST001296,HOT0189,ROOM001923,PROMO00052,2025-09-10,2025-11-09,2025-11-15,1,1,Booking.com,Confirmed,SGD,30000.0,0,0.0,5400.0,35400.0,2022-08-30 10:38:32,2024-12-09 03:03:08
BOOK004727,CUST003664,HOT0118,ROOM000910,PROMO00177,2024-10-02,2024-10-08,2024-10-13,1,0,Booking.com,Completed,SGD,25000.0,20,5000.0,3600.0,23600.0,2021-03-02 14:01:59,2023-11-29 12:35:35
BOOK004728,CUST001110,HOT0180,ROOM001289,PROMO00473,2024-10-05,2024-10-07,2024-10-10,3,1,Travel Agent,Completed,AED,21000.0,10,2100.0,3402.0,22302.0,2022-01-05 10:07:06,2023-07-20 11:39:04
BOOK004729,CUST004502,HOT0012,ROOM001894,PROMO00040,2024-11-11,2024-12-27,2024-12-31,3,1,Walk-In,Completed,AED,20000.0,20,4000.0,2880.0,18880.0,2020-02-25 13:05:46,2022-02-05 05:13:00
BOOK004730,CUST002010,HOT0235,ROOM000311,PROMO00483,2024-07-29,2024-08-15,2024-08-21,3,0,Walk-In,Cancelled,AED,42000.0,10,4200.0,6804.0,44604.0,2022-05-06 13:40:49,2026-01-07 09:33:44
BOOK004731,CUST003179,HOT0138,ROOM000006,PROMO00105,2025-04-14,2025-05-29,2025-06-01,4,1,Website,Completed,EUR,21000.0,5,1050.0,3591.0,23541.0,2023-11-05 02:13:57,2024-05-21 16:21:53
BOOK004732,CUST004370,HOT0074,ROOM000595,PROMO00388,2026-06-04,2026-06-29,2026-07-02,4,2,Expedia,Confirmed,SGD,45000.0,10,4500.0,7290.0,47790.0,2025-02-27 06:34:58,2026-05-21 19:58:51
BOOK004733,CUST001830,HOT0156,ROOM000379,PROMO00334,2025-06-07,2025-07-29,2025-08-03,1,2,Mobile App,Completed,EUR,17500.0,0,0.0,3150.0,20650.0,2025-10-27 04:28:07,2026-03-15 17:39:49
BOOK004734,CUST002186,HOT0197,ROOM001692,PROMO00081,2025-10-27,2025-12-01,2025-12-06,3,1,Website,Confirmed,USD,75000.0,20,15000.0,10800.0,70800.0,2022-04-12 23:04:22,2024-06-21 18:15:32
BOOK004735,CUST000939,HOT0039,ROOM000647,PROMO00371,2024-09-18,2024-10-06,2024-10-10,4,1,Website,Completed,EUR,60000.0,10,6000.0,9720.0,63720.0,2021-08-16 02:59:31,2025-04-25 13:27:51
BOOK004736,CUST002648,HOT0054,ROOM001006,PROMO00253,2026-01-15,2026-02-23,2026-02-27,2,0,Mobile App,Confirmed,GBP,20000.0,0,0.0,3600.0,23600.0,2020-06-09 15:52:53,2023-02-04 05:48:51
BOOK004737,CUST000895,HOT0167,ROOM000447,PROMO00267,2024-09-27,2024-10-22,2024-10-26,1,0,Website,Completed,EUR,28000.0,20,5600.0,4032.0,26432.0,2020-12-17 23:04:21,2023-12-08 09:28:34
BOOK004738,CUST001633,HOT0081,ROOM000036,PROMO00428,2024-08-12,2024-09-03,2024-09-04,2,1,Website,Cancelled,USD,3500.0,10,350.0,567.0,3717.0,2025-03-21 14:47:19,2026-05-31 05:20:24
BOOK004739,CUST002763,HOT0115,ROOM001171,PROMO00369,2026-07-16,2026-08-21,2026-08-25,3,0,Booking.com,Completed,EUR,14000.0,0,0.0,2520.0,16520.0,2020-03-29 03:26:47,2026-06-07 11:36:07
BOOK004740,CUST004663,HOT0089,ROOM001950,PROMO00216,2026-03-16,2026-04-25,2026-04-29,1,1,Website,Confirmed,INR,14000.0,5,700.0,2394.0,15694.0,2023-01-08 14:44:19,2026-01-14 08:29:45
BOOK004741,CUST000876,HOT0127,ROOM001415,PROMO00340,2025-12-26,2026-02-23,2026-02-24,2,1,Walk-In,Completed,GBP,7000.0,0,0.0,1260.0,8260.0,2022-04-24 07:55:43,2026-07-18 20:29:14
BOOK004742,CUST004626,HOT0049,ROOM001045,PROMO00093,2025-01-02,2025-01-19,2025-01-25,4,2,Booking.com,No Show,AED,30000.0,20,6000.0,4320.0,28320.0,2023-12-22 20:12:36,2024-03-22 01:45:13
BOOK004743,CUST003191,HOT0016,ROOM000004,PROMO00250,2026-03-05,2026-03-14,2026-03-15,3,1,Travel Agent,Completed,INR,10000.0,20,2000.0,1440.0,9440.0,2025-06-11 16:49:05,2026-01-17 18:34:46
BOOK004744,CUST001619,HOT0242,ROOM001224,PROMO00163,2024-07-31,2024-09-13,2024-09-17,2,1,Travel Agent,Completed,GBP,60000.0,0,0.0,10800.0,70800.0,2020-05-31 05:45:04,2022-03-16 08:59:52
BOOK004745,CUST000225,HOT0242,ROOM001224,PROMO00392,2024-11-30,2024-12-20,2024-12-25,4,1,Travel Agent,Confirmed,AED,75000.0,15,11250.0,11475.0,75225.0,2024-05-14 15:57:48,2026-01-16 13:55:09
BOOK004746,CUST001312,HOT0121,ROOM001773,PROMO00179,2025-03-08,2025-04-14,2025-04-19,4,2,Booking.com,Completed,INR,25000.0,0,0.0,4500.0,29500.0,2024-11-17 09:03:09,2025-03-31 09:15:06
BOOK004747,CUST002056,HOT0213,ROOM000388,PROMO00355,2025-05-14,2025-05-20,2025-05-25,3,2,Travel Agent,Completed,SGD,25000.0,20,5000.0,3600.0,23600.0,2023-04-27 11:01:04,2024-04-23 22:14:08
BOOK004748,CUST002874,HOT0057,ROOM000632,PROMO00413,2025-09-01,2025-10-24,2025-10-28,3,2,Mobile App,Completed,SGD,20000.0,0,0.0,3600.0,23600.0,2023-08-17 16:03:27,2026-07-12 21:34:14
BOOK004749,CUST000431,HOT0051,ROOM001870,PROMO00111,2026-05-01,2026-06-01,2026-06-03,2,2,Mobile App,Confirmed,EUR,10000.0,10,1000.0,1620.0,10620.0,2025-04-30 14:04:54,2026-06-28 06:08:00
BOOK004750,CUST000770,HOT0054,ROOM001006,PROMO00465,2026-07-24,2026-08-25,2026-08-31,4,0,Booking.com,Completed,INR,30000.0,10,3000.0,4860.0,31860.0,2025-06-21 07:17:54,2025-10-11 12:07:23
BOOK004751,CUST002376,HOT0036,ROOM000772,PROMO00478,2025-03-02,2025-04-15,2025-04-19,4,0,Booking.com,Completed,EUR,60000.0,10,6000.0,9720.0,63720.0,2023-12-06 03:02:00,2026-07-19 07:45:33
BOOK004752,CUST000897,HOT0106,ROOM001801,PROMO00466,2025-04-19,2025-05-26,2025-05-31,3,1,Booking.com,Completed,GBP,50000.0,15,7500.0,7650.0,50150.0,2021-01-23 13:38:10,2023-08-06 22:55:58
BOOK004753,CUST003194,HOT0198,ROOM000884,PROMO00214,2025-12-13,2025-12-20,2025-12-26,2,0,Walk-In,Confirmed,AED,21000.0,0,0.0,3780.0,24780.0,2024-07-19 01:27:06,2026-01-05 08:31:36
BOOK004754,CUST002963,HOT0022,ROOM000219,PROMO00307,2026-04-21,2026-04-22,2026-04-26,4,1,Booking.com,Completed,EUR,10000.0,10,1000.0,1620.0,10620.0,2023-01-05 01:20:53,2024-09-02 13:52:47
BOOK004755,CUST003076,HOT0025,ROOM001756,PROMO00282,2024-11-01,2024-11-24,2024-11-29,3,2,Travel Agent,Confirmed,AED,17500.0,20,3500.0,2520.0,16520.0,2022-10-11 06:03:07,2023-01-29 07:33:10
BOOK004756,CUST004037,HOT0019,ROOM000761,PROMO00316,2024-10-12,2024-11-29,2024-12-06,3,2,Website,Completed,EUR,35000.0,5,1750.0,5985.0,39235.0,2022-09-03 16:43:27,2025-01-18 02:44:19
BOOK004757,CUST004931,HOT0219,ROOM000249,PROMO00265,2025-08-30,2025-10-27,2025-11-01,2,0,Mobile App,Confirmed,INR,12500.0,15,1875.0,1912.5,12537.5,2026-02-22 19:14:05,2026-05-07 10:01:18
BOOK004758,CUST004859,HOT0104,ROOM001333,PROMO00475,2025-03-02,2025-05-01,2025-05-04,2,1,Mobile App,Cancelled,INR,10500.0,0,0.0,1890.0,12390.0,2020-12-24 23:10:25,2024-09-26 21:36:01
BOOK004759,CUST001744,HOT0083,ROOM001182,PROMO00340,2025-07-17,2025-08-04,2025-08-05,4,0,Expedia,Completed,EUR,3500.0,5,175.0,598.5,3923.5,2022-12-06 16:33:34,2025-02-13 21:24:56
BOOK004760,CUST002685,HOT0019,ROOM000609,PROMO00478,2026-03-23,2026-04-22,2026-04-29,2,2,Walk-In,Completed,EUR,49000.0,10,4900.0,7938.0,52038.0,2020-02-22 04:33:36,2021-09-08 10:27:48
BOOK004761,CUST004754,HOT0038,ROOM001398,PROMO00464,2025-12-16,2026-01-11,2026-01-15,4,0,Travel Agent,Completed,INR,28000.0,5,1400.0,4788.0,31388.0,2024-12-24 16:59:35,2025-02-23 09:43:36
BOOK004762,CUST000257,HOT0041,ROOM001681,PROMO00467,2024-09-07,2024-09-24,2024-09-30,2,1,Expedia,Confirmed,AED,15000.0,10,1500.0,2430.0,15930.0,2026-04-06 03:48:55,2026-06-01 17:12:15
BOOK004763,CUST000761,HOT0069,ROOM001046,PROMO00057,2025-11-18,2026-01-16,2026-01-19,2,2,Booking.com,Cancelled,SGD,15000.0,10,1500.0,2430.0,15930.0,2020-06-18 16:50:22,2024-03-18 04:31:59
BOOK004764,CUST004274,HOT0241,ROOM000092,PROMO00194,2025-05-02,2025-05-09,2025-05-12,1,1,Walk-In,Completed,INR,7500.0,15,1125.0,1147.5,7522.5,2023-09-18 04:25:13,2025-08-10 12:09:34
BOOK004765,CUST000206,HOT0213,ROOM000182,PROMO00320,2025-11-14,2025-12-21,2025-12-22,4,1,Walk-In,Completed,INR,2500.0,20,500.0,360.0,2360.0,2021-04-16 12:06:54,2021-12-08 06:20:34
BOOK004766,CUST001210,HOT0229,ROOM001700,PROMO00489,2026-01-25,2026-03-21,2026-03-27,1,0,Website,Cancelled,SGD,15000.0,20,3000.0,2160.0,14160.0,2022-05-31 19:48:57,2025-11-04 15:47:55
BOOK004767,CUST000107,HOT0129,ROOM001487,PROMO00115,2025-03-02,2025-04-11,2025-04-17,1,1,Booking.com,Cancelled,INR,90000.0,20,18000.0,12960.0,84960.0,2025-07-23 17:47:48,2026-03-05 10:11:59
BOOK004768,CUST000997,HOT0157,ROOM001369,PROMO00256,2025-12-30,2026-01-20,2026-01-21,3,0,Walk-In,Completed,GBP,3500.0,20,700.0,504.0,3304.0,2025-03-27 03:09:52,2026-02-01 20:12:49
BOOK004769,CUST000358,HOT0240,ROOM001229,PROMO00195,2025-07-06,2025-08-16,2025-08-21,4,0,Mobile App,Completed,INR,35000.0,5,1750.0,5985.0,39235.0,2025-04-22 13:52:58,2025-07-17 20:47:02
BOOK004770,CUST003428,HOT0247,ROOM000505,PROMO00401,2025-12-16,2026-01-11,2026-01-15,2,2,Travel Agent,Completed,SGD,60000.0,5,3000.0,10260.0,67260.0,2023-09-23 13:31:42,2024-02-19 12:44:58
BOOK004771,CUST004271,HOT0031,ROOM000114,PROMO00314,2025-04-10,2025-04-12,2025-04-16,1,1,Walk-In,Completed,AED,40000.0,10,4000.0,6480.0,42480.0,2025-02-17 04:35:03,2026-04-26 02:46:09
BOOK004772,CUST002329,HOT0113,ROOM000915,PROMO00367,2024-12-13,2025-01-13,2025-01-18,4,2,Mobile App,Completed,INR,50000.0,10,5000.0,8100.0,53100.0,2023-06-04 21:47:35,2024-02-18 18:31:04
BOOK004773,CUST001506,HOT0238,ROOM001435,PROMO00024,2024-10-26,2024-11-23,2024-11-29,2,1,Walk-In,Cancelled,AED,90000.0,15,13500.0,13770.0,90270.0,2026-06-09 07:00:29,2026-06-15 15:43:47
BOOK004774,CUST003219,HOT0082,ROOM000668,PROMO00307,2024-12-05,2024-12-30,2025-01-06,2,0,Travel Agent,Confirmed,USD,35000.0,20,7000.0,5040.0,33040.0,2022-11-06 20:34:34,2026-04-18 23:02:42
BOOK004775,CUST003606,HOT0219,ROOM001666,PROMO00095,2025-09-30,2025-11-06,2025-11-09,2,1,Booking.com,Confirmed,AED,30000.0,10,3000.0,4860.0,31860.0,2023-02-17 18:00:16,2024-11-12 23:07:48
BOOK004776,CUST004088,HOT0022,ROOM001689,PROMO00006,2026-03-02,2026-04-16,2026-04-17,4,2,Website,Completed,USD,2500.0,15,375.0,382.5,2507.5,2022-11-27 12:31:52,2024-03-24 15:06:02
BOOK004777,CUST004711,HOT0226,ROOM001585,PROMO00352,2024-08-10,2024-08-23,2024-08-26,2,1,Booking.com,Completed,SGD,45000.0,10,4500.0,7290.0,47790.0,2023-08-19 04:08:26,2026-07-11 11:28:22
BOOK004778,CUST002990,HOT0097,ROOM000890,PROMO00447,2026-05-09,2026-06-13,2026-06-19,4,0,Walk-In,Confirmed,INR,15000.0,5,750.0,2565.0,16815.0,2024-03-04 21:24:24,2025-02-15 09:27:27
BOOK004779,CUST004794,HOT0048,ROOM000456,PROMO00480,2026-06-22,2026-08-15,2026-08-22,4,0,Walk-In,Completed,GBP,24500.0,0,0.0,4410.0,28910.0,2026-01-03 10:20:25,2026-04-27 11:20:51
BOOK004780,CUST002560,HOT0101,ROOM001662,PROMO00325,2025-11-09,2025-11-22,2025-11-26,4,0,Expedia,Completed,INR,20000.0,20,4000.0,2880.0,18880.0,2023-05-26 13:13:16,2025-04-01 09:18:08
BOOK004781,CUST001666,HOT0220,ROOM000208,PROMO00326,2026-05-14,2026-07-12,2026-07-16,4,1,Booking.com,Completed,GBP,40000.0,20,8000.0,5760.0,37760.0,2025-02-24 11:30:12,2025-08-04 14:56:42
BOOK004782,CUST002560,HOT0166,ROOM001018,PROMO00463,2024-08-18,2024-09-03,2024-09-04,1,1,Mobile App,Cancelled,AED,10000.0,20,2000.0,1440.0,9440.0,2022-11-20 00:57:01,2025-08-24 15:50:22
BOOK004783,CUST002862,HOT0016,ROOM000073,PROMO00086,2024-11-28,2025-01-14,2025-01-16,2,2,Mobile App,Completed,INR,20000.0,0,0.0,3600.0,23600.0,2022-07-04 08:34:29,2024-08-01 04:36:58
BOOK004784,CUST003757,HOT0066,ROOM000430,PROMO00371,2026-02-25,2026-04-10,2026-04-12,2,1,Booking.com,Confirmed,INR,30000.0,5,1500.0,5130.0,33630.0,2020-10-06 17:27:35,2024-07-23 00:20:33
BOOK004785,CUST002173,HOT0187,ROOM000758,PROMO00005,2026-03-18,2026-03-27,2026-04-03,3,0,Mobile App,Completed,SGD,17500.0,0,0.0,3150.0,20650.0,2025-04-15 21:02:18,2026-03-06 13:58:40
BOOK004786,CUST003536,HOT0084,ROOM000529,PROMO00022,2025-09-17,2025-09-19,2025-09-24,2,0,Walk-In,Completed,EUR,12500.0,15,1875.0,1912.5,12537.5,2026-03-18 15:10:10,2026-04-07 09:27:37
BOOK004787,CUST002116,HOT0038,ROOM000835,PROMO00342,2026-05-19,2026-06-03,2026-06-04,3,1,Expedia,Completed,SGD,5000.0,15,750.0,765.0,5015.0,2023-09-01 18:16:53,2024-03-31 21:00:40
BOOK004788,CUST004055,HOT0041,ROOM000754,PROMO00309,2026-05-05,2026-06-09,2026-06-15,4,1,Walk-In,Completed,GBP,30000.0,20,6000.0,4320.0,28320.0,2024-11-11 17:01:16,2026-03-21 14:07:28
BOOK004789,CUST000562,HOT0173,ROOM000899,PROMO00117,2026-04-03,2026-05-29,2026-06-04,1,0,Travel Agent,Completed,AED,42000.0,0,0.0,7560.0,49560.0,2021-10-15 02:14:14,2022-12-12 03:34:27
BOOK004790,CUST000192,HOT0247,ROOM001407,PROMO00343,2025-05-06,2025-05-22,2025-05-25,4,2,Mobile App,Completed,SGD,45000.0,0,0.0,8100.0,53100.0,2025-09-22 01:43:37,2026-02-26 20:05:34
BOOK004791,CUST004902,HOT0048,ROOM001044,PROMO00154,2025-07-23,2025-08-30,2025-09-06,4,2,Expedia,Completed,GBP,24500.0,0,0.0,4410.0,28910.0,2024-10-05 07:56:44,2026-04-27 07:13:53
BOOK004792,CUST002206,HOT0145,ROOM000005,PROMO00288,2025-10-20,2025-11-07,2025-11-08,3,1,Mobile App,Completed,EUR,15000.0,15,2250.0,2295.0,15045.0,2025-01-11 03:01:17,2025-04-28 11:02:35
BOOK004793,CUST003004,HOT0219,ROOM001666,PROMO00026,2026-05-10,2026-05-19,2026-05-20,3,1,Expedia,Completed,USD,10000.0,10,1000.0,1620.0,10620.0,2020-07-18 21:37:20,2024-11-18 15:47:04
BOOK004794,CUST002484,HOT0137,ROOM000250,PROMO00182,2025-11-08,2025-11-14,2025-11-16,4,1,Expedia,Completed,INR,5000.0,10,500.0,810.0,5310.0,2021-05-27 11:07:32,2021-10-05 03:24:48
BOOK004795,CUST002385,HOT0241,ROOM001991,PROMO00004,2025-12-29,2026-01-12,2026-01-15,4,2,Booking.com,Completed,SGD,7500.0,10,750.0,1215.0,7965.0,2026-04-23 07:12:33,2026-05-04 03:09:15
BOOK004796,CUST002217,HOT0071,ROOM000183,PROMO00342,2025-12-01,2026-01-11,2026-01-12,4,0,Booking.com,Completed,INR,7000.0,0,0.0,1260.0,8260.0,2024-06-23 11:28:54,2024-07-06 21:59:56
BOOK004797,CUST004557,HOT0209,ROOM001985,PROMO00496,2024-10-10,2024-12-06,2024-12-11,4,1,Mobile App,Completed,AED,75000.0,10,7500.0,12150.0,79650.0,2025-06-16 23:32:25,2026-03-08 09:52:09
BOOK004798,CUST001235,HOT0007,ROOM001283,PROMO00203,2025-06-30,2025-07-13,2025-07-18,1,0,Expedia,No Show,SGD,17500.0,20,3500.0,2520.0,16520.0,2024-09-15 22:27:59,2026-07-08 23:01:33
BOOK004799,CUST004854,HOT0005,ROOM000705,PROMO00304,2025-06-28,2025-08-04,2025-08-07,2,2,Expedia,Cancelled,USD,15000.0,0,0.0,2700.0,17700.0,2021-11-26 16:39:03,2022-12-21 08:39:45
BOOK004800,CUST000127,HOT0151,ROOM000417,PROMO00253,2026-04-25,2026-05-06,2026-05-13,1,2,Mobile App,Completed,INR,105000.0,15,15750.0,16065.0,105315.0,2023-06-06 10:51:40,2024-03-20 11:38:34
BOOK004801,CUST001674,HOT0133,ROOM001851,PROMO00388,2026-05-25,2026-06-15,2026-06-22,1,2,Booking.com,Completed,GBP,105000.0,5,5250.0,17955.0,117705.0,2022-10-26 20:23:15,2023-03-26 09:49:31
BOOK004802,CUST003529,HOT0233,ROOM001495,PROMO00456,2025-05-05,2025-06-20,2025-06-25,3,1,Website,Completed,GBP,25000.0,0,0.0,4500.0,29500.0,2020-10-01 17:46:43,2025-05-29 23:59:27
BOOK004803,CUST001464,HOT0203,ROOM000796,PROMO00380,2025-01-08,2025-01-30,2025-02-01,2,2,Expedia,Completed,INR,30000.0,10,3000.0,4860.0,31860.0,2025-04-21 20:46:06,2026-07-26 04:40:57
BOOK004804,CUST004083,HOT0151,ROOM000451,PROMO00188,2025-01-07,2025-02-18,2025-02-25,1,0,Walk-In,Completed,AED,105000.0,20,21000.0,15120.0,99120.0,2021-10-05 06:58:54,2022-08-16 17:52:13
BOOK004805,CUST002939,HOT0134,ROOM001883,PROMO00384,2025-05-17,2025-06-10,2025-06-14,1,0,Travel Agent,Completed,USD,28000.0,0,0.0,5040.0,33040.0,2022-10-06 21:27:45,2024-04-19 19:52:01
BOOK004806,CUST003023,HOT0078,ROOM000956,PROMO00009,2025-11-06,2025-11-21,2025-11-26,4,1,Mobile App,Completed,SGD,35000.0,20,7000.0,5040.0,33040.0,2020-01-14 23:53:09,2025-11-17 07:22:08
BOOK004807,CUST004589,HOT0204,ROOM001158,PROMO00268,2025-03-21,2025-04-18,2025-04-24,2,1,Expedia,Confirmed,USD,21000.0,15,3150.0,3213.0,21063.0,2020-06-09 18:30:58,2022-04-17 08:04:22
BOOK004808,CUST004828,HOT0153,ROOM001580,PROMO00396,2025-10-02,2025-10-25,2025-10-28,2,0,Booking.com,Confirmed,AED,45000.0,20,9000.0,6480.0,42480.0,2022-05-04 16:00:41,2024-02-15 16:00:53
BOOK004809,CUST000539,HOT0244,ROOM000698,PROMO00286,2025-12-06,2026-01-09,2026-01-12,4,0,Walk-In,Completed,USD,15000.0,10,1500.0,2430.0,15930.0,2020-10-13 23:07:04,2023-10-17 05:49:43
BOOK004810,CUST000274,HOT0156,ROOM001067,PROMO00023,2026-07-22,2026-08-08,2026-08-13,1,0,Travel Agent,Completed,INR,75000.0,20,15000.0,10800.0,70800.0,2025-04-20 07:35:48,2025-08-20 10:48:34
BOOK004811,CUST004777,HOT0053,ROOM000690,PROMO00032,2026-01-18,2026-02-18,2026-02-22,2,2,Mobile App,Confirmed,GBP,28000.0,10,2800.0,4536.0,29736.0,2026-01-01 19:17:55,2026-01-19 18:50:48
BOOK004812,CUST003370,HOT0093,ROOM001912,PROMO00144,2025-04-27,2025-05-14,2025-05-17,4,1,Booking.com,Completed,GBP,15000.0,20,3000.0,2160.0,14160.0,2024-03-11 01:09:02,2024-11-29 12:33:58
BOOK004813,CUST000876,HOT0212,ROOM001908,PROMO00035,2025-08-31,2025-10-12,2025-10-19,4,0,Booking.com,Completed,GBP,24500.0,5,1225.0,4189.5,27464.5,2023-09-24 06:43:00,2024-04-16 03:30:56
BOOK004814,CUST001555,HOT0085,ROOM000979,PROMO00336,2024-10-25,2024-11-22,2024-11-24,1,2,Expedia,Completed,SGD,20000.0,5,1000.0,3420.0,22420.0,2020-01-07 08:11:29,2025-12-20 09:52:16
BOOK004815,CUST002216,HOT0068,ROOM001405,PROMO00130,2026-07-06,2026-07-28,2026-08-04,1,2,Booking.com,Cancelled,INR,24500.0,20,4900.0,3528.0,23128.0,2022-11-25 04:58:21,2026-01-06 02:57:36
BOOK004816,CUST003807,HOT0243,ROOM000305,PROMO00044,2025-08-15,2025-09-16,2025-09-18,4,1,Walk-In,Completed,AED,20000.0,5,1000.0,3420.0,22420.0,2026-06-07 23:47:40,2026-07-22 15:34:37
BOOK004817,CUST001796,HOT0214,ROOM001268,PROMO00492,2025-12-28,2026-02-14,2026-02-19,1,0,Mobile App,Cancelled,EUR,25000.0,20,5000.0,3600.0,23600.0,2026-02-14 05:20:05,2026-07-08 01:16:01
BOOK004818,CUST004682,HOT0033,ROOM001572,PROMO00074,2024-10-03,2024-10-11,2024-10-14,4,1,Booking.com,Completed,INR,45000.0,20,9000.0,6480.0,42480.0,2025-01-13 23:08:58,2025-06-09 17:30:27
BOOK004819,CUST004048,HOT0100,ROOM000713,PROMO00268,2026-06-28,2026-06-30,2026-07-01,3,0,Booking.com,Completed,EUR,7000.0,10,700.0,1134.0,7434.0,2022-11-20 08:33:12,2024-03-08 17:30:32
BOOK004820,CUST000329,HOT0068,ROOM000393,PROMO00406,2025-07-26,2025-08-21,2025-08-28,3,0,Website,Completed,GBP,35000.0,0,0.0,6300.0,41300.0,2023-12-28 00:17:38,2025-08-04 08:29:29
BOOK004821,CUST001692,HOT0076,ROOM000247,PROMO00399,2025-08-16,2025-09-04,2025-09-05,4,0,Travel Agent,Completed,INR,15000.0,20,3000.0,2160.0,14160.0,2024-01-09 10:36:39,2025-03-20 02:16:24
BOOK004822,CUST001858,HOT0148,ROOM001383,PROMO00012,2025-06-14,2025-07-23,2025-07-28,3,2,Mobile App,Completed,INR,35000.0,20,7000.0,5040.0,33040.0,2021-02-09 08:44:16,2025-09-08 20:09:50
BOOK004823,CUST000533,HOT0056,ROOM000940,PROMO00430,2025-10-30,2025-12-15,2025-12-18,2,1,Website,Completed,USD,45000.0,20,9000.0,6480.0,42480.0,2024-05-15 15:09:47,2024-07-04 17:33:03
BOOK004824,CUST001356,HOT0026,ROOM000148,PROMO00089,2024-11-06,2024-11-09,2024-11-11,1,1,Expedia,Completed,USD,14000.0,20,2800.0,2016.0,13216.0,2023-05-16 12:41:49,2024-04-16 17:30:14
BOOK004825,CUST004930,HOT0109,ROOM000997,PROMO00002,2026-01-12,2026-02-04,2026-02-08,1,2,Website,Completed,INR,28000.0,0,0.0,5040.0,33040.0,2025-02-13 14:23:15,2025-10-21 02:12:42
BOOK004826,CUST000449,HOT0062,ROOM000980,PROMO00182,2025-02-01,2025-02-18,2025-02-23,4,1,Travel Agent,Confirmed,GBP,12500.0,0,0.0,2250.0,14750.0,2023-02-22 13:34:06,2024-05-16 16:04:01
BOOK004827,CUST999999,HOT0236,ROOM001535,PROMO00407,2025-09-11,2025-10-03,2025-10-06,4,2,Travel Agent,Completed,EUR,45000.0,15,6750.0,6885.0,45135.0,2026-05-12 14:00:47,2026-06-28 12:13:17
BOOK004828,CUST002063,HOT0189,ROOM000900,PROMO00453,2025-03-18,2025-05-09,2025-05-10,2,0,Website,Completed,SGD,15000.0,5,750.0,2565.0,16815.0,2021-07-19 20:18:42,2021-08-06 17:18:34
BOOK004829,CUST002103,HOT0140,ROOM001376,PROMO00174,2025-05-19,2025-06-29,2025-06-30,4,0,Expedia,Completed,INR,2500.0,10,250.0,405.0,2655.0,2023-03-24 19:12:00,2024-01-07 22:43:27
BOOK004830,CUST001018,HOT0200,ROOM001236,PROMO00074,2024-10-28,2024-11-14,2024-11-21,3,2,Booking.com,Completed,INR,17500.0,0,0.0,3150.0,20650.0,2020-08-07 01:46:50,2022-09-30 18:43:31
BOOK004831,CUST003239,HOT0200,ROOM001202,PROMO00476,2026-04-02,2026-04-05,2026-04-09,2,1,Expedia,Cancelled,USD,10000.0,0,0.0,1800.0,11800.0,2021-02-06 12:02:56,2022-04-23 01:17:32
BOOK004832,CUST001465,HOT0044,ROOM001897,PROMO00232,2025-05-16,2025-07-08,2025-07-09,1,2,Booking.com,Cancelled,INR,15000.0,10,1500.0,2430.0,15930.0,2023-09-02 01:41:33,2025-02-23 03:16:02
BOOK004833,CUST002375,HOT0075,ROOM000466,PROMO00082,2024-08-08,2024-10-07,2024-10-13,1,2,Booking.com,Completed,INR,42000.0,0,0.0,7560.0,49560.0,2025-04-23 16:29:36,2025-05-13 10:52:00
BOOK004834,CUST000078,HOT0081,ROOM000120,PROMO00395,2026-05-06,2026-05-12,2026-05-19,3,0,Website,Completed,USD,17500.0,15,2625.0,2677.5,17552.5,2025-09-07 14:46:43,2025-09-17 03:58:56
BOOK004835,CUST000757,HOT0049,ROOM000443,PROMO00425,2026-07-13,2026-07-30,2026-08-04,1,0,Website,Completed,EUR,35000.0,10,3500.0,5670.0,37170.0,2024-09-30 00:37:22,2025-08-29 23:08:50
BOOK004836,CUST002121,HOT0163,ROOM000439,PROMO00490,2024-09-06,2024-10-08,2024-10-10,3,1,Mobile App,Completed,EUR,20000.0,15,3000.0,3060.0,20060.0,2023-04-15 03:19:54,2023-08-05 13:57:39
BOOK004837,CUST004962,HOT0209,ROOM000791,PROMO00014,2024-12-27,2025-01-05,2025-01-10,3,2,Mobile App,Completed,EUR,12500.0,0,0.0,2250.0,14750.0,2023-10-09 13:28:02,2026-04-21 02:03:43
BOOK004838,CUST000854,HOT0070,ROOM000986,PROMO00155,2024-12-12,2025-01-12,2025-01-14,2,0,Expedia,Completed,AED,20000.0,10,2000.0,3240.0,21240.0,2020-08-11 09:38:12,2024-11-04 09:24:49
BOOK004839,CUST004296,HOT0234,ROOM001727,PROMO00114,2026-07-05,2026-08-04,2026-08-11,3,2,Mobile App,Completed,EUR,17500.0,20,3500.0,2520.0,16520.0,2020-07-07 15:52:34,2024-04-30 23:22:17
BOOK004840,CUST000728,HOT0071,ROOM001185,PROMO00311,2024-11-25,2025-01-12,2025-01-19,1,2,Expedia,Completed,INR,49000.0,15,7350.0,7497.0,49147.0,2025-05-23 01:33:11,2025-11-03 11:16:48
BOOK004841,CUST001492,HOT0088,ROOM001033,PROMO00332,2025-10-01,2025-10-02,2025-10-05,1,1,Expedia,Confirmed,AED,7500.0,20,1500.0,1080.0,7080.0,2020-04-16 08:52:54,2025-01-13 21:43:56
BOOK004842,CUST003322,HOT0124,ROOM001739,PROMO00016,2024-10-22,2024-11-29,2024-12-05,4,1,Mobile App,Completed,EUR,21000.0,15,3150.0,3213.0,21063.0,2026-04-12 04:39:41,2026-06-26 07:32:26
BOOK004843,CUST000868,HOT0126,ROOM001521,PROMO00418,2024-10-25,2024-12-24,2024-12-28,1,2,Expedia,Completed,USD,60000.0,15,9000.0,9180.0,60180.0,2024-10-15 08:41:02,2025-10-10 09:31:09
BOOK004844,CUST000118,HOT0024,ROOM001218,PROMO00225,2025-07-31,2025-09-11,2025-09-16,1,1,Travel Agent,Completed,AED,12500.0,15,1875.0,1912.5,12537.5,2026-04-10 18:21:46,2026-05-11 09:15:18
BOOK004845,CUST004600,HOT0131,ROOM000225,PROMO00410,2026-06-07,2026-06-16,2026-06-19,1,0,Website,Completed,SGD,21000.0,15,3150.0,3213.0,21063.0,2022-12-19 00:02:40,2024-03-07 22:50:39
BOOK004846,CUST001030,HOT0031,ROOM000608,PROMO00410,2025-03-27,2025-05-07,2025-03-27,2,0,Travel Agent,Completed,INR,15000.0,15,2250.0,2295.0,15045.0,2022-02-14 15:13:45,2025-05-24 12:07:21
BOOK004847,CUST001095,HOT0199,ROOM001255,PROMO00202,2026-07-20,2026-08-21,2026-08-26,4,1,Booking.com,Confirmed,USD,17500.0,20,3500.0,2520.0,16520.0,2024-10-06 16:14:43,2024-11-25 00:32:06
BOOK004848,CUST004121,HOT0148,ROOM001383,PROMO00147,2026-02-14,2026-04-11,2026-04-18,4,0,Website,Confirmed,EUR,49000.0,15,7350.0,7497.0,49147.0,2020-02-22 08:58:02,2024-07-05 06:32:11
BOOK004849,CUST004013,HOT0173,ROOM001531,PROMO00439,2024-12-19,2025-02-08,2025-02-13,4,2,Travel Agent,Completed,USD,50000.0,15,7500.0,7650.0,50150.0,2024-07-04 10:53:52,2025-04-10 18:06:08
BOOK004850,CUST000658,HOT0231,ROOM001212,PROMO00195,2026-04-14,2026-05-24,2026-05-31,1,2,Mobile App,Cancelled,USD,17500.0,15,2625.0,2677.5,17552.5,2022-06-10 02:13:04,2024-04-19 14:58:10
BOOK004851,CUST001665,HOT0008,ROOM000603,PROMO00121,2026-02-05,2026-02-19,2026-02-26,1,2,Booking.com,Completed,,35000.0,20,7000.0,5040.0,33040.0,2023-10-08 08:20:01,2025-05-18 15:34:09
BOOK004852,CUST004527,HOT0167,ROOM001576,PROMO00226,2026-06-23,2026-07-17,2026-07-20,4,0,Booking.com,Completed,EUR,30000.0,0,0.0,5400.0,35400.0,2025-06-02 12:22:35,2025-11-22 02:41:49
BOOK004853,CUST002616,HOT0173,ROOM001049,PROMO00289,2025-07-01,2025-08-15,2025-08-19,4,0,Walk-In,Completed,AED,20000.0,0,0.0,3600.0,23600.0,2022-03-20 04:27:01,2023-11-18 00:50:29
BOOK004854,CUST001466,HOT0178,ROOM001965,PROMO00339,2025-02-23,2025-03-23,2025-03-27,4,2,Expedia,Completed,AED,14000.0,0,0.0,2520.0,16520.0,2023-11-26 04:15:57,2025-02-09 17:17:52
BOOK004855,CUST002242,HOT0004,ROOM001613,PROMO00148,2025-06-14,2025-08-13,2025-08-20,2,0,Website,Completed,GBP,17500.0,20,3500.0,2520.0,16520.0,2024-08-24 05:22:04,2026-03-30 22:12:36
BOOK004856,CUST002029,HOT0016,ROOM001943,PROMO00237,2025-06-29,2025-08-07,2025-08-12,1,0,Booking.com,Cancelled,AED,12500.0,20,2500.0,1800.0,11800.0,2020-07-23 03:02:16,2024-10-20 21:32:13
BOOK004857,CUST000155,HOT0123,ROOM000365,PROMO00160,2024-10-08,2024-11-06,2024-11-08,4,1,Mobile App,Completed,GBP,7000.0,0,0.0,1260.0,8260.0,2023-08-07 06:39:44,2024-04-10 21:53:49
BOOK004858,CUST000802,HOT0011,ROOM001027,PROMO00372,2025-04-23,2025-05-02,2025-05-05,2,0,Travel Agent,Cancelled,USD,10500.0,0,0.0,1890.0,12390.0,2026-02-21 12:26:28,2026-03-30 11:51:34
BOOK004859,CUST001058,HOT0075,ROOM001318,PROMO00216,2026-03-31,2026-05-30,2026-06-04,2,0,Website,No Show,INR,35000.0,5,1750.0,5985.0,39235.0,2024-08-20 05:10:20,2024-10-11 13:06:18
BOOK004860,CUST002036,HOT0109,ROOM000452,PROMO00202,2026-05-21,2026-06-05,2026-06-07,1,0,Booking.com,Completed,USD,10000.0,20,2000.0,1440.0,9440.0,2024-03-28 15:56:45,2024-11-18 22:19:34
BOOK004861,CUST001277,HOT0094,ROOM001296,PROMO00033,2026-03-11,2026-03-23,2026-03-24,2,1,Mobile App,Confirmed,SGD,5000.0,0,0.0,900.0,5900.0,2021-05-08 05:20:23,2024-02-10 09:54:41
BOOK004862,CUST004899,HOT0246,ROOM000524,PROMO00270,2025-10-03,2025-10-18,2025-10-19,2,0,Booking.com,Completed,AED,2500.0,0,0.0,450.0,2950.0,2021-02-10 21:31:15,2025-10-12 23:39:16
BOOK004863,CUST001533,HOT0094,ROOM001039,PROMO00472,2024-10-19,2024-12-13,2024-12-18,2,0,Booking.com,Confirmed,USD,25000.0,10,2500.0,4050.0,26550.0,2021-09-27 18:44:50,2025-04-13 08:05:35
BOOK004864,CUST001017,HOT0160,ROOM000589,PROMO00272,2024-10-18,2024-10-30,2024-10-18,4,1,Expedia,Completed,EUR,70000.0,20,14000.0,10080.0,66080.0,2021-04-07 02:27:17,2024-11-18 22:00:21
BOOK004865,CUST004247,HOT0146,ROOM000752,PROMO00234,2025-08-12,2025-09-19,2025-09-23,4,0,Walk-In,Completed,SGD,14000.0,10,1400.0,2268.0,14868.0,2024-03-03 22:07:17,2025-03-02 06:12:12
BOOK004866,CUST004506,HOT0239,ROOM001556,PROMO00092,2025-10-18,2025-11-28,2025-12-03,3,1,Mobile App,Completed,AED,75000.0,20,15000.0,10800.0,70800.0,2024-10-02 18:14:05,2025-08-25 15:28:47
BOOK004867,CUST004089,HOT0077,ROOM001732,PROMO00170,2024-08-22,2024-08-25,2024-08-27,3,2,Mobile App,Cancelled,INR,14000.0,0,0.0,2520.0,16520.0,2025-04-13 14:30:58,2025-10-30 02:33:57
BOOK004868,CUST004505,HOT0244,ROOM001984,PROMO00081,2026-01-15,2026-02-14,2026-02-15,2,1,Walk-In,Completed,AED,10000.0,5,500.0,1710.0,11210.0,2026-02-05 00:34:19,2026-07-19 03:18:14
BOOK004869,CUST000981,HOT0096,ROOM001764,PROMO00186,2025-01-17,2025-02-01,2025-02-02,3,0,Travel Agent,Completed,GBP,10000.0,5,500.0,1710.0,11210.0,2020-11-17 18:08:10,2024-05-11 15:54:15
BOOK004870,CUST002263,HOT0204,ROOM000485,PROMO00040,2026-05-08,2026-06-24,2026-06-30,1,0,Expedia,Completed,SGD,60000.0,0,0.0,10800.0,70800.0,2022-01-18 13:59:20,2024-07-07 00:18:34
BOOK004871,CUST004899,HOT0125,ROOM001475,PROMO00146,2025-03-01,2025-03-28,2025-03-31,4,2,Mobile App,Confirmed,EUR,21000.0,15,3150.0,3213.0,21063.0,2026-05-25 16:39:23,2026-07-17 01:25:30
BOOK004872,CUST001930,HOT0041,ROOM001681,PROMO00353,2026-04-14,2026-04-22,2026-04-29,1,0,Expedia,Cancelled,SGD,17500.0,5,875.0,2992.5,19617.5,2025-05-19 16:04:21,2025-08-03 14:32:55
BOOK004873,CUST000750,HOT0204,ROOM000485,PROMO00160,2025-08-27,2025-09-28,2025-09-30,4,1,Travel Agent,Cancelled,GBP,20000.0,10,2000.0,3240.0,21240.0,2020-10-11 18:15:34,2025-10-11 21:44:29
BOOK004874,CUST001369,HOT0111,ROOM000802,PROMO00237,2026-07-25,2026-09-22,2026-09-29,1,2,Website,Confirmed,AED,70000.0,20,14000.0,10080.0,66080.0,2026-05-27 07:48:08,2026-06-28 11:26:20
BOOK004875,CUST001255,HOT0150,ROOM000461,PROMO00396,2026-07-02,2026-07-11,2026-07-14,3,1,Travel Agent,Completed,INR,30000.0,5,1500.0,5130.0,33630.0,2026-04-12 13:23:03,2026-05-11 15:52:50
BOOK004876,CUST004080,HOT0041,ROOM001994,PROMO00014,2026-01-06,2026-01-22,2026-01-23,3,1,Mobile App,Completed,INR,3500.0,15,525.0,535.5,3510.5,2025-05-18 01:07:41,2026-03-28 21:06:41
BOOK004877,CUST000277,HOT0161,ROOM001678,PROMO00250,2025-06-03,2025-07-28,2025-07-31,1,1,Walk-In,Completed,SGD,21000.0,20,4200.0,3024.0,19824.0,2022-02-05 07:04:16,2023-09-08 06:12:52
BOOK004878,CUST004254,HOT0128,ROOM001094,PROMO00200,2025-12-10,2026-02-08,2026-02-15,4,1,Mobile App,Completed,GBP,24500.0,20,4900.0,3528.0,23128.0,2020-02-15 13:40:35,2022-07-08 05:01:30
BOOK004879,CUST002308,HOT0145,ROOM000005,PROMO00004,2026-06-16,2026-07-19,2026-07-21,3,0,Website,Completed,SGD,30000.0,5,1500.0,5130.0,33630.0,2023-03-11 03:25:46,2025-06-04 14:47:51
BOOK004880,CUST001799,HOT0072,ROOM001779,PROMO00028,2026-06-29,2026-08-18,2026-08-19,1,1,Mobile App,Cancelled,SGD,15000.0,10,1500.0,2430.0,15930.0,2026-02-13 20:11:20,2026-02-15 13:18:54
BOOK004881,CUST002671,HOT0139,ROOM000822,PROMO00177,2024-11-08,2024-12-23,2024-12-26,4,2,Mobile App,Completed,EUR,30000.0,20,6000.0,4320.0,28320.0,2025-04-23 07:25:45,2025-09-13 05:20:57
BOOK004882,CUST003312,HOT0247,ROOM000967,PROMO00194,2025-07-01,2025-07-18,2025-07-21,2,2,Expedia,Cancelled,INR,7500.0,20,1500.0,1080.0,7080.0,2024-07-12 00:49:38,2026-05-30 16:25:59
BOOK004883,CUST000071,HOT0186,ROOM001882,PROMO00273,2026-06-03,2026-07-17,2026-07-23,4,2,Website,Completed,EUR,21000.0,0,0.0,3780.0,24780.0,2022-01-28 05:46:56,2025-01-12 04:34:38
BOOK004884,CUST004160,HOT0012,ROOM001209,PROMO00239,2024-08-06,2024-08-09,2024-08-14,1,1,Expedia,Completed,USD,17500.0,10,1750.0,2835.0,18585.0,2022-06-17 01:56:46,2023-06-30 17:10:39
BOOK004885,CUST001951,HOT0048,ROOM000456,PROMO00060,2024-08-18,2024-10-06,2024-10-10,1,0,Website,Cancelled,GBP,14000.0,20,2800.0,2016.0,13216.0,2025-05-26 17:42:06,2026-05-28 23:41:19
BOOK004886,CUST003555,HOT0060,ROOM000674,PROMO00196,2025-01-01,2025-02-02,2025-02-05,1,1,Walk-In,Completed,GBP,10500.0,20,2100.0,1512.0,9912.0,2024-07-27 01:56:39,2024-08-02 21:10:33
BOOK004887,CUST002753,HOT0053,ROOM000665,PROMO00068,2025-02-13,2025-02-22,2025-02-27,2,0,Website,Confirmed,INR,12500.0,0,0.0,2250.0,14750.0,2026-02-20 17:29:02,2026-03-22 09:40:04
BOOK004888,CUST004469,HOT0033,ROOM001572,PROMO00413,2024-12-29,2025-01-31,2025-02-05,1,1,Walk-In,Completed,EUR,75000.0,20,15000.0,10800.0,70800.0,2024-04-22 17:56:21,2026-03-21 21:43:07
BOOK004889,CUST004507,HOT0040,ROOM000512,PROMO00016,2025-07-11,2025-08-11,2025-08-14,4,2,Expedia,No Show,EUR,45000.0,10,4500.0,7290.0,47790.0,2026-06-09 00:50:52,2026-06-16 07:58:27
BOOK004890,CUST001903,HOT0151,ROOM001947,PROMO00362,2024-08-30,2024-10-06,2024-10-07,4,2,Walk-In,Cancelled,EUR,2500.0,5,125.0,427.5,2802.5,2022-04-26 04:59:05,2025-04-02 02:19:21
BOOK004891,CUST004113,HOT0235,ROOM001759,PROMO00013,2026-01-10,2026-01-27,2026-01-30,2,0,Travel Agent,Completed,INR,7500.0,10,750.0,1215.0,7965.0,2020-05-02 12:06:08,2024-08-11 01:24:48
BOOK004892,CUST004037,HOT0136,ROOM001954,PROMO00435,2025-11-09,2025-11-22,2025-11-24,4,0,Travel Agent,Confirmed,AED,5000.0,10,500.0,810.0,5310.0,2024-07-15 09:47:09,2025-10-02 21:48:29
BOOK004893,CUST004803,HOT0041,ROOM000754,PROMO00165,2026-04-13,2026-04-18,2026-04-19,3,2,Website,Confirmed,INR,5000.0,15,750.0,765.0,5015.0,2023-10-13 05:19:01,2024-11-23 12:58:40
BOOK004894,CUST000316,HOT0052,ROOM001500,PROMO00120,2025-09-26,2025-10-28,2025-10-29,1,1,Mobile App,Completed,AED,2500.0,5,125.0,427.5,2802.5,2023-12-30 00:16:38,2026-05-20 20:44:49
BOOK004895,CUST003202,HOT0197,ROOM000831,PROMO00322,2025-05-14,2025-06-08,2025-06-13,2,2,Mobile App,Completed,EUR,35000.0,15,5250.0,5355.0,35105.0,2021-06-17 12:14:41,2022-04-18 09:07:11
BOOK004896,CUST001327,HOT0044,ROOM000267,PROMO00284,2024-12-10,2025-01-30,2025-02-01,3,1,Walk-In,Cancelled,EUR,14000.0,20,2800.0,2016.0,13216.0,2024-02-11 22:05:50,2025-08-27 08:00:26
BOOK004897,CUST000330,HOT0097,ROOM000959,PROMO00338,2025-09-05,2025-10-20,2025-10-23,4,0,Website,Completed,INR,15000.0,15,2250.0,2295.0,15045.0,2024-02-27 09:04:49,2025-12-14 06:18:41
BOOK004898,CUST001427,HOT0129,ROOM001904,PROMO00381,2026-06-05,2026-07-21,2026-07-22,4,0,Travel Agent,Completed,SGD,5000.0,15,750.0,765.0,5015.0,2020-08-31 12:52:07,2022-06-17 10:00:23
BOOK004899,CUST002958,HOT0177,ROOM001322,PROMO00451,2025-12-24,2026-01-08,2026-01-10,1,2,Expedia,Completed,GBP,7000.0,10,700.0,1134.0,7434.0,2020-06-28 01:41:30,2022-08-12 19:48:28
BOOK004900,CUST003343,HOT0239,ROOM001556,PROMO00281,2026-02-01,2026-02-21,2026-02-23,1,2,Walk-In,Completed,EUR,30000.0,15,4500.0,4590.0,30090.0,2021-02-03 13:46:56,2021-12-25 13:21:25
BOOK004901,CUST001946,HOT0025,ROOM000232,PROMO00461,2024-12-03,2024-12-18,2024-12-20,4,1,Walk-In,Completed,INR,14000.0,10,1400.0,2268.0,14868.0,2026-04-07 19:14:07,2026-07-24 21:12:33
BOOK004902,CUST000204,HOT0092,ROOM001482,PROMO00251,2024-12-04,2025-01-07,2025-01-09,1,1,Website,Completed,INR,5000.0,0,0.0,900.0,5900.0,2022-12-03 18:30:23,2026-02-01 18:49:00
BOOK004903,CUST004369,HOT0040,ROOM001905,PROMO00265,2025-05-08,2025-06-11,2025-06-15,2,0,Travel Agent,Completed,GBP,60000.0,0,0.0,10800.0,70800.0,2020-06-26 23:23:59,2024-04-12 00:56:56
BOOK004904,CUST003983,HOT0022,ROOM001037,PROMO00185,2026-07-06,2026-08-04,2026-08-07,1,1,Mobile App,Confirmed,EUR,10500.0,0,0.0,1890.0,12390.0,2026-03-28 02:18:39,2026-05-27 04:58:52
BOOK004905,CUST000493,HOT0173,ROOM001049,PROMO00339,2025-06-02,2025-07-24,2025-07-25,1,1,Walk-In,Completed,INR,5000.0,15,750.0,765.0,5015.0,2024-08-07 08:55:44,2025-11-04 13:55:46
BOOK004906,CUST000769,HOT0162,ROOM001555,PROMO00387,2025-09-17,2025-11-05,2025-11-08,1,0,Walk-In,Completed,EUR,21000.0,10,2100.0,3402.0,22302.0,2024-04-06 23:18:59,2025-07-16 02:08:41
BOOK004907,CUST003865,HOT0194,ROOM000112,PROMO00409,2025-01-03,2025-02-14,2025-02-15,4,2,Mobile App,Confirmed,USD,3500.0,5,175.0,598.5,3923.5,2021-06-01 22:15:41,2025-03-27 12:43:50
BOOK004908,CUST002345,HOT0237,ROOM000238,PROMO00492,2025-08-04,2025-08-07,2025-08-11,3,1,Mobile App,Completed,INR,14000.0,0,0.0,2520.0,16520.0,2021-11-07 10:32:42,2025-12-23 05:46:31
BOOK004909,CUST001982,HOT0043,ROOM001328,PROMO00066,2025-08-23,2025-10-09,2025-10-10,1,1,Website,Confirmed,SGD,5000.0,5,250.0,855.0,5605.0,2026-04-25 17:40:45,2026-05-08 23:16:48
BOOK004910,CUST001184,HOT0022,ROOM001213,PROMO00102,2026-03-01,2026-03-27,2026-03-29,1,0,Booking.com,Cancelled,GBP,7000.0,20,1400.0,1008.0,6608.0,2020-02-25 23:43:43,2022-04-12 13:30:39
BOOK004911,CUST002112,HOT0187,ROOM001719,PROMO00229,2025-03-12,2025-04-04,2025-04-11,4,0,Expedia,Completed,USD,105000.0,20,21000.0,15120.0,99120.0,2020-10-19 12:15:06,2025-11-26 18:59:20
BOOK004912,CUST000589,HOT0159,ROOM000974,PROMO00179,2025-03-09,2025-03-14,2025-03-18,3,2,Booking.com,Cancelled,GBP,60000.0,20,12000.0,8640.0,56640.0,2021-04-06 22:12:19,2024-03-30 08:57:05
BOOK004913,CUST002241,HOT0244,ROOM000695,PROMO00364,2026-06-09,2026-07-18,2026-07-21,3,2,Walk-In,Completed,SGD,7500.0,10,750.0,1215.0,7965.0,2023-01-22 18:12:11,2023-09-15 21:11:29
BOOK004914,CUST001109,HOT0228,ROOM000363,PROMO00104,2024-09-24,2024-11-17,2024-11-19,4,1,Walk-In,Completed,INR,5000.0,5,250.0,855.0,5605.0,2026-07-19 04:14:21,2026-07-26 18:32:23
BOOK004915,CUST004969,HOT0073,ROOM000397,PROMO00038,2024-11-04,2024-11-13,2024-11-20,4,0,Website,Completed,USD,49000.0,10,4900.0,7938.0,52038.0,2022-09-28 12:01:30,2023-10-20 22:27:06
BOOK004916,CUST003957,HOT0244,ROOM000695,PROMO00175,2025-03-26,2025-05-23,2025-05-30,4,2,Booking.com,Completed,AED,17500.0,0,0.0,3150.0,20650.0,2025-04-08 18:29:12,2026-02-08 10:13:15
BOOK004917,CUST003255,HOT0230,ROOM000019,PROMO00291,2026-04-11,2026-05-22,2026-05-25,1,1,Website,Completed,SGD,30000.0,10,3000.0,4860.0,31860.0,2025-07-04 10:54:55,2025-07-24 01:08:51
BOOK004918,CUST001956,HOT0082,ROOM001317,PROMO00314,2025-09-24,2025-10-16,2025-10-19,2,2,Walk-In,Completed,INR,10500.0,20,2100.0,1512.0,9912.0,2021-09-10 08:46:27,2023-06-24 16:37:34
BOOK004919,CUST004930,HOT0027,ROOM001513,PROMO00224,2025-11-19,2025-12-25,2025-12-30,1,2,Website,Completed,USD,75000.0,10,7500.0,12150.0,79650.0,2020-05-28 20:27:23,2024-05-14 12:20:32
BOOK004920,CUST000294,HOT0144,ROOM000100,PROMO00281,2024-08-01,2024-08-29,2024-08-31,2,2,Expedia,Completed,INR,20000.0,15,3000.0,3060.0,20060.0,2022-08-18 15:27:37,2026-03-12 13:59:29
BOOK004921,CUST000005,HOT0006,ROOM000952,PROMO00064,2025-06-07,2025-06-20,2025-06-26,1,1,Walk-In,Confirmed,EUR,60000.0,10,6000.0,9720.0,63720.0,2026-02-19 08:16:59,2026-03-31 09:23:06
BOOK004922,CUST000233,HOT0217,ROOM000988,PROMO00241,2025-01-12,2025-02-17,2025-02-18,1,2,Website,Completed,AED,2500.0,15,375.0,382.5,2507.5,2023-05-09 22:16:27,2026-04-11 23:17:42
BOOK004923,CUST001427,HOT0164,ROOM001367,PROMO00185,2026-05-15,2026-07-10,2026-07-13,1,2,Travel Agent,Completed,GBP,15000.0,0,0.0,2700.0,17700.0,2024-07-11 19:31:59,2026-02-08 18:39:07
BOOK004924,CUST001072,HOT0243,ROOM000305,PROMO00173,2025-05-12,2025-06-12,2025-06-16,3,2,Travel Agent,Confirmed,USD,40000.0,20,8000.0,5760.0,37760.0,2023-03-06 18:02:34,2023-11-08 10:19:52
BOOK004925,CUST000458,HOT0094,ROOM001039,PROMO00446,2025-06-07,2025-07-18,2025-07-20,1,2,Website,Confirmed,EUR,10000.0,5,500.0,1710.0,11210.0,2022-12-02 23:57:49,2025-01-22 18:11:45
BOOK004926,CUST000358,HOT0173,ROOM000345,PROMO00249,2024-12-24,2025-01-01,2025-01-04,4,1,Mobile App,Completed,EUR,30000.0,5,1500.0,5130.0,33630.0,2025-02-18 10:45:16,2025-12-31 17:36:37
BOOK004927,CUST003503,HOT0083,ROOM000108,PROMO00323,2025-04-03,2025-05-15,2025-05-16,3,1,Website,Completed,GBP,2500.0,5,125.0,427.5,2802.5,2021-10-04 08:17:41,2025-12-31 22:50:38
BOOK004928,CUST003236,HOT0140,ROOM001359,PROMO00500,2025-12-13,2026-01-18,2026-01-20,2,2,Mobile App,Cancelled,USD,30000.0,5,1500.0,5130.0,33630.0,2020-01-28 19:13:14,2020-07-15 03:20:34
BOOK004929,CUST000726,HOT0179,ROOM001107,PROMO00289,2026-05-07,2026-06-30,2026-07-01,1,1,Travel Agent,Confirmed,AED,3500.0,10,350.0,567.0,3717.0,2024-01-18 03:55:32,2026-03-16 11:42:42
BOOK004930,CUST003495,HOT0068,ROOM000893,PROMO00195,2024-08-10,2024-09-07,2024-09-11,4,1,Website,Confirmed,AED,14000.0,10,1400.0,2268.0,14868.0,2024-06-29 03:33:37,2025-05-21 11:25:06
BOOK004931,CUST000260,HOT0077,ROOM000891,PROMO00444,2025-05-20,2025-07-13,2025-07-20,2,1,Walk-In,Confirmed,GBP,17500.0,5,875.0,2992.5,19617.5,2021-11-30 07:42:45,2026-04-30 04:36:10
BOOK004932,CUST002473,HOT0188,ROOM000025,PROMO00046,2025-10-25,2025-10-29,2025-10-30,1,2,Booking.com,Completed,USD,7000.0,5,350.0,1197.0,7847.0,2021-05-30 03:26:26,2026-02-07 11:58:50
BOOK004933,CUST001271,HOT0124,ROOM000704,PROMO00132,2025-11-26,2026-01-05,2026-01-07,1,2,Expedia,Completed,INR,5000.0,10,500.0,810.0,5310.0,2024-04-24 21:23:20,2026-01-06 23:42:43
BOOK004934,CUST004083,HOT0047,ROOM000200,PROMO00098,2026-02-15,2026-03-10,2026-03-11,2,2,Mobile App,Completed,GBP,3500.0,10,350.0,567.0,3717.0,2021-11-02 04:23:23,2022-09-05 14:56:21
BOOK004935,CUST000549,HOT0234,ROOM000402,PROMO00448,2025-07-19,2025-08-10,2025-08-16,4,0,Mobile App,Completed,SGD,90000.0,0,0.0,16200.0,106200.0,2020-08-11 16:31:31,2023-04-20 03:11:38
BOOK004936,CUST002526,HOT0129,ROOM000371,PROMO00021,2025-08-07,2025-09-30,2025-10-05,1,0,Walk-In,Completed,AED,75000.0,10,7500.0,12150.0,79650.0,2023-09-18 12:29:03,2026-02-05 17:22:42
BOOK004937,CUST003799,HOT0092,ROOM000377,PROMO00009,2026-06-30,2026-07-17,2026-07-24,4,0,Booking.com,Completed,AED,49000.0,10,4900.0,7938.0,52038.0,2022-10-10 00:53:14,2023-06-09 22:39:36
BOOK004938,CUST000668,HOT0035,ROOM001875,PROMO00134,2024-11-18,2024-12-29,2024-11-18,3,2,Expedia,Completed,AED,10000.0,20,2000.0,1440.0,9440.0,2023-05-30 12:25:34,2024-03-19 17:02:07
BOOK004939,CUST003025,HOT0026,ROOM001738,PROMO00071,2025-02-26,2025-03-20,2025-03-22,3,2,Booking.com,Confirmed,GBP,14000.0,20,2800.0,2016.0,13216.0,2023-04-27 22:17:13,2024-12-23 15:12:43
BOOK004940,CUST001060,HOT0211,ROOM001627,PROMO00146,2026-07-20,2026-08-15,2026-08-20,2,1,Website,Completed,GBP,75000.0,20,15000.0,10800.0,70800.0,2021-04-28 23:52:11,2021-07-10 22:13:21
BOOK004941,CUST004556,HOT0152,ROOM000398,PROMO00108,2025-10-27,2025-11-24,2025-11-30,4,2,Expedia,Confirmed,GBP,90000.0,0,0.0,16200.0,106200.0,2020-03-31 23:21:46,2020-06-30 21:53:57
BOOK004942,CUST002609,HOT0068,ROOM000893,PROMO00273,2025-09-11,2025-09-17,2025-09-21,1,2,Expedia,Completed,EUR,14000.0,5,700.0,2394.0,15694.0,2026-06-28 05:57:40,2026-07-21 20:48:00
BOOK004943,CUST002277,HOT0035,ROOM000415,PROMO00308,2026-06-02,2026-06-11,2026-06-14,1,0,Walk-In,Completed,GBP,30000.0,10,3000.0,4860.0,31860.0,2022-11-03 12:58:07,2025-04-03 06:33:28
BOOK004944,CUST002772,HOT0241,ROOM000270,PROMO00115,2025-01-08,2025-01-15,2025-01-19,2,2,Expedia,Confirmed,SGD,40000.0,5,2000.0,6840.0,44840.0,2023-03-03 11:25:43,2025-09-27 12:57:05
BOOK004945,CUST003240,HOT0136,ROOM001954,PROMO00487,2024-09-30,2024-10-20,2024-10-25,4,0,Travel Agent,Confirmed,USD,12500.0,10,1250.0,2025.0,13275.0,2026-05-14 14:25:44,2026-05-28 06:59:28
BOOK004946,CUST000688,HOT0047,ROOM001735,PROMO00075,2025-11-06,2025-11-16,2025-11-22,4,0,Booking.com,Completed,USD,60000.0,5,3000.0,10260.0,67260.0,2020-06-25 22:58:41,2024-03-20 07:38:09
BOOK004947,CUST003726,HOT0193,ROOM001881,PROMO00168,2025-08-31,2025-09-04,2025-09-08,4,0,Booking.com,Completed,AED,28000.0,10,2800.0,4536.0,29736.0,2023-02-15 03:25:41,2024-10-17 06:40:16
BOOK004948,CUST002522,HOT0099,ROOM000996,PROMO00279,2025-06-14,2025-07-06,2025-07-13,4,0,Expedia,Confirmed,SGD,105000.0,10,10500.0,17010.0,111510.0,2023-04-18 23:15:48,2025-12-04 04:46:37
BOOK004949,CUST000467,HOT0168,ROOM000419,PROMO00385,2025-09-13,2025-10-28,2025-10-30,1,1,Website,Completed,USD,10000.0,5,500.0,1710.0,11210.0,2025-11-05 21:47:38,2026-02-09 05:37:58
BOOK004950,CUST001144,HOT0208,ROOM001053,PROMO00004,2025-05-01,2025-06-11,2025-06-16,4,1,Booking.com,Completed,SGD,50000.0,0,0.0,9000.0,59000.0,2020-07-27 11:34:47,2023-08-26 19:16:37
BOOK004951,CUST001754,HOT0007,ROOM001649,PROMO00225,2026-03-07,2026-04-25,2026-04-27,3,0,Booking.com,Completed,USD,14000.0,15,2100.0,2142.0,14042.0,2023-05-18 19:52:47,2025-01-12 22:41:35
BOOK004952,CUST002801,HOT0140,ROOM001359,PROMO00478,2026-03-26,2026-04-11,2026-04-15,3,2,Booking.com,Cancelled,AED,60000.0,0,0.0,10800.0,70800.0,2024-09-19 14:57:22,2025-07-01 01:06:50
BOOK004953,CUST000977,HOT0041,ROOM000820,PROMO00005,2024-10-13,2024-10-17,2024-10-18,1,0,Expedia,Completed,EUR,15000.0,10,1500.0,2430.0,15930.0,2020-07-15 05:21:39,2025-05-22 07:43:54
BOOK004954,CUST004175,HOT0222,ROOM000163,PROMO00279,2026-01-25,2026-01-29,2026-01-30,1,1,Website,Completed,SGD,10000.0,0,0.0,1800.0,11800.0,2025-01-11 20:24:48,2026-03-30 05:40:53
BOOK004955,CUST003987,HOT0105,ROOM001349,PROMO00319,2025-06-16,2025-07-29,2025-08-04,4,2,Walk-In,Completed,AED,42000.0,20,8400.0,6048.0,39648.0,2022-10-21 06:10:02,2025-08-20 06:54:33
BOOK004956,CUST003902,HOT0120,ROOM001388,PROMO00417,2024-09-17,2024-10-03,2024-10-04,2,2,Website,Cancelled,INR,5000.0,15,750.0,765.0,5015.0,2021-11-02 22:15:16,2022-03-07 18:33:15
BOOK004957,CUST004131,HOT0200,ROOM000859,PROMO00201,2025-02-02,2025-02-11,2025-02-14,1,1,Website,Cancelled,AED,21000.0,15,3150.0,3213.0,21063.0,2026-05-20 11:42:45,2026-07-19 18:45:12
BOOK004958,CUST002020,HOT0149,ROOM000548,PROMO00119,2026-02-19,2026-04-12,2026-04-18,3,2,Walk-In,Completed,AED,30000.0,20,6000.0,4320.0,28320.0,2023-05-23 16:44:44,2026-03-05 08:56:15
BOOK004959,CUST000496,HOT0175,ROOM001942,PROMO00085,2025-04-01,2025-05-16,2025-05-23,3,0,Mobile App,Confirmed,GBP,24500.0,0,0.0,4410.0,28910.0,2023-03-11 15:21:54,2026-03-23 01:39:16
BOOK004960,CUST004972,HOT0044,ROOM000887,PROMO00471,2025-04-20,2025-05-30,2025-06-04,3,2,Mobile App,Confirmed,EUR,75000.0,10,7500.0,12150.0,79650.0,2022-02-04 10:03:01,2023-09-15 18:43:11
BOOK004961,CUST002204,HOT0126,ROOM000963,PROMO00235,2024-08-02,2024-09-02,2024-09-04,2,2,Mobile App,Cancelled,SGD,14000.0,20,2800.0,2016.0,13216.0,2024-11-22 03:39:40,2025-11-07 20:54:04
BOOK004962,CUST002990,HOT0053,ROOM000665,PROMO00256,2025-02-06,2025-03-09,2025-03-11,3,2,Walk-In,Cancelled,AED,5000.0,0,0.0,900.0,5900.0,2024-06-03 22:55:57,2025-12-22 00:37:03
BOOK004963,CUST003553,HOT0193,ROOM000711,PROMO00292,2025-09-03,2025-10-12,2025-10-15,1,0,Website,Completed,AED,7500.0,10,750.0,1215.0,7965.0,2022-11-09 22:10:38,2024-09-11 04:38:59
BOOK004964,CUST004601,HOT0066,ROOM001436,PROMO00425,2026-05-25,2026-06-18,2026-06-20,2,0,Walk-In,Confirmed,INR,14000.0,5,700.0,2394.0,15694.0,2025-09-22 13:46:06,2026-06-20 03:02:18
BOOK004965,CUST004472,HOT0083,ROOM000108,PROMO00068,2026-05-20,2026-06-17,2026-06-24,2,1,Walk-In,Confirmed,USD,17500.0,20,3500.0,2520.0,16520.0,2024-08-04 17:20:43,2025-12-31 14:18:08
BOOK004966,CUST000262,HOT0168,ROOM000419,PROMO00006,2025-09-17,2025-10-30,2025-10-31,3,0,Mobile App,Confirmed,SGD,5000.0,5,250.0,855.0,5605.0,2024-01-01 19:12:22,2024-08-15 19:28:56
BOOK004967,CUST002456,HOT0079,ROOM000361,PROMO00494,2024-12-14,2025-01-18,2025-01-22,2,0,Walk-In,Completed,USD,20000.0,5,1000.0,3420.0,22420.0,2024-01-02 02:39:12,2024-10-15 00:08:00
BOOK004968,CUST002161,HOT0099,ROOM001726,PROMO00253,2025-04-25,2025-05-19,2025-05-22,3,0,Mobile App,Cancelled,AED,30000.0,20,6000.0,4320.0,28320.0,2020-10-31 14:20:39,2023-06-14 11:56:04
BOOK004969,CUST000076,HOT0208,ROOM000084,PROMO00156,2026-06-10,2026-07-06,2026-07-11,2,2,Website,Completed,EUR,25000.0,15,3750.0,3825.0,25075.0,2021-02-09 22:32:39,2026-02-05 19:39:08
BOOK004970,CUST003301,HOT0176,ROOM001671,PROMO00005,2025-03-19,2025-03-23,2025-03-24,4,1,Travel Agent,Cancelled,GBP,2500.0,15,375.0,382.5,2507.5,2026-04-25 20:48:09,2026-06-08 11:48:35
BOOK004971,CUST003512,HOT0214,ROOM001200,PROMO00375,2025-09-05,2025-09-29,2025-10-05,3,1,Mobile App,Completed,INR,90000.0,20,18000.0,12960.0,84960.0,2020-01-03 08:25:24,2023-12-06 15:24:24
BOOK004972,CUST001387,HOT0056,ROOM000335,PROMO00462,2026-06-06,2026-06-26,2026-06-29,1,0,Booking.com,Completed,EUR,21000.0,20,4200.0,3024.0,19824.0,2021-04-01 01:00:45,2024-01-14 02:13:05
BOOK004973,CUST001494,HOT0083,ROOM000380,PROMO00362,2026-05-18,2026-06-13,2026-06-15,3,0,Website,Completed,GBP,14000.0,0,0.0,2520.0,16520.0,2025-04-10 06:45:14,2026-07-16 06:18:45
BOOK004974,CUST000767,HOT0077,ROOM000914,PROMO00421,2025-08-31,2025-10-27,2025-11-02,2,0,Mobile App,Cancelled,,15000.0,0,0.0,2700.0,17700.0,2023-09-22 12:06:29,2024-06-27 15:16:31
BOOK004975,CUST000992,HOT0115,ROOM001060,PROMO00193,2025-12-16,2025-12-22,2025-12-28,3,0,Booking.com,Cancelled,AED,90000.0,0,0.0,16200.0,106200.0,2025-08-31 07:05:57,2026-05-08 23:52:27
BOOK004976,CUST000013,HOT0028,ROOM001021,PROMO00472,2025-11-04,2025-11-12,2025-11-18,2,1,Mobile App,Completed,USD,42000.0,0,0.0,7560.0,49560.0,2021-01-11 16:51:51,2023-07-19 06:50:37
BOOK004977,CUST001397,HOT0226,ROOM001705,PROMO00485,2025-12-06,2026-01-16,2026-01-17,2,0,Mobile App,Completed,USD,15000.0,20,3000.0,2160.0,14160.0,2023-10-27 12:28:58,2026-01-03 12:32:07
BOOK004978,CUST004154,HOT0096,ROOM000279,PROMO00452,2024-08-12,2024-09-30,2024-10-04,4,1,Travel Agent,Confirmed,INR,14000.0,0,0.0,2520.0,16520.0,2026-03-17 10:06:16,2026-05-06 18:56:08
BOOK004979,CUST003724,HOT0231,ROOM001384,PROMO00332,2024-11-25,2024-12-22,2024-12-24,4,1,Booking.com,No Show,GBP,10000.0,20,2000.0,1440.0,9440.0,2026-01-23 17:18:28,2026-01-30 03:24:04
BOOK004980,CUST003627,HOT0076,ROOM001754,PROMO00321,2025-10-02,2025-10-16,2025-10-21,1,2,Travel Agent,Cancelled,EUR,25000.0,10,2500.0,4050.0,26550.0,2025-04-03 09:48:53,2025-12-31 01:51:45
BOOK004981,CUST003209,HOT0205,ROOM001032,PROMO00064,2025-07-31,2025-09-06,2025-09-08,2,0,Mobile App,Completed,GBP,30000.0,0,0.0,5400.0,35400.0,2020-09-10 03:55:37,2020-11-22 02:56:37
BOOK004982,CUST003586,HOT0030,ROOM001395,PROMO00081,2025-01-05,2025-01-11,2025-01-14,4,1,Expedia,Confirmed,GBP,30000.0,15,4500.0,4590.0,30090.0,2022-07-12 08:19:56,2022-12-29 13:53:08
BOOK004983,CUST004966,HOT0055,ROOM001492,PROMO00227,2025-10-07,2025-11-16,2025-11-21,1,1,Mobile App,Confirmed,,35000.0,20,7000.0,5040.0,33040.0,2024-07-18 10:06:34,2025-06-13 12:06:34
BOOK004984,CUST000858,HOT0080,ROOM001815,PROMO00095,2026-07-13,2026-08-05,2026-08-11,3,1,Travel Agent,Confirmed,AED,90000.0,5,4500.0,15390.0,100890.0,2023-02-19 16:44:01,2024-02-26 02:50:39
BOOK004985,CUST003462,HOT0037,ROOM000971,PROMO00475,2024-10-13,2024-10-31,2024-11-01,2,0,Booking.com,Completed,GBP,10000.0,20,2000.0,1440.0,9440.0,2021-10-15 19:55:39,2024-10-28 02:07:42
BOOK004986,CUST001898,HOT0020,ROOM000017,PROMO00488,2025-07-05,2025-07-30,2025-08-02,2,1,Website,Completed,EUR,7500.0,0,0.0,1350.0,8850.0,2024-07-20 21:35:54,2026-03-21 02:03:40
BOOK004987,CUST001519,HOT0213,ROOM000597,PROMO00249,2025-11-07,2025-12-29,2026-01-02,3,0,Website,Cancelled,GBP,20000.0,0,0.0,3600.0,23600.0,2023-03-22 01:46:28,2025-04-04 09:07:47
BOOK004988,CUST003013,HOT0118,ROOM000350,PROMO00015,2025-08-20,2025-09-15,2025-09-20,4,0,Mobile App,Completed,USD,12500.0,20,2500.0,1800.0,11800.0,2022-12-20 04:35:27,2025-12-05 15:46:53
BOOK004989,CUST000048,HOT0109,ROOM000581,PROMO00296,2025-07-16,2025-09-03,2025-09-05,2,0,Walk-In,Completed,SGD,7000.0,5,350.0,1197.0,7847.0,2026-05-14 15:31:54,2026-07-25 00:20:47
BOOK004990,CUST000662,HOT0144,ROOM000816,PROMO00115,2025-12-01,2025-12-19,2025-12-21,3,2,Travel Agent,Confirmed,USD,30000.0,10,3000.0,4860.0,31860.0,2022-01-23 12:17:01,2023-10-05 22:49:26
BOOK004991,CUST004302,HOT0072,ROOM001708,PROMO00132,2026-01-02,2026-01-10,2026-01-11,1,2,Travel Agent,Completed,AED,10000.0,20,2000.0,1440.0,9440.0,2024-06-30 11:47:52,2024-11-27 02:49:11
BOOK004992,CUST001796,HOT0072,ROOM000874,PROMO00145,2026-05-01,2026-05-18,2026-05-23,1,2,Expedia,Completed,GBP,50000.0,10,5000.0,8100.0,53100.0,2023-10-03 17:17:10,2024-05-11 14:43:01
BOOK004993,CUST001405,HOT0028,ROOM001724,PROMO00411,2025-02-19,2025-03-17,2025-03-23,4,1,Website,Completed,USD,15000.0,5,750.0,2565.0,16815.0,2022-07-27 05:44:08,2026-02-10 11:30:02
BOOK004994,CUST000682,HOT0087,ROOM001230,PROMO00293,2025-11-24,2025-12-01,2025-12-07,1,2,Mobile App,Completed,SGD,30000.0,10,3000.0,4860.0,31860.0,2024-01-23 11:15:26,2025-09-23 22:19:37
BOOK004995,CUST001799,HOT0185,ROOM001661,PROMO00202,2025-02-27,2025-03-05,2025-03-07,2,1,Mobile App,Confirmed,AED,14000.0,10,1400.0,2268.0,14868.0,2021-08-23 17:09:24,2022-05-25 18:59:17
BOOK004996,CUST000520,HOT0122,ROOM001393,PROMO00345,2025-03-27,2025-05-10,2025-05-17,3,1,Website,Completed,AED,70000.0,15,10500.0,10710.0,70210.0,2025-03-12 08:58:17,2026-07-07 07:49:04
BOOK004997,CUST004556,HOT0104,ROOM000931,PROMO00279,2025-02-27,2025-03-19,2025-03-21,4,1,Expedia,Confirmed,EUR,5000.0,0,0.0,900.0,5900.0,2023-07-08 22:21:51,2025-05-12 02:59:19
BOOK004998,CUST000386,HOT0063,ROOM000222,PROMO00216,2025-03-16,2025-04-14,2025-04-20,4,1,Walk-In,Confirmed,INR,90000.0,5,4500.0,15390.0,100890.0,2020-06-03 06:45:58,2024-02-26 03:56:05
BOOK004999,CUST001822,HOT0035,ROOM000756,PROMO00431,2024-09-08,2024-09-27,2024-10-04,2,1,Walk-In,Completed,GBP,105000.0,0,0.0,18900.0,123900.0,2026-06-09 12:17:09,2026-07-29 16:21:15
BOOK005000,CUST001173,HOT0201,ROOM000526,PROMO00048,2025-10-28,2025-12-04,2025-12-10,1,1,Travel Agent,Completed,USD,15000.0,5,750.0,2565.0,16815.0,2025-11-24 13:16:04,2026-01-04 11:22:49
BOOK002704,CUST001219,HOT0178,ROOM001272,PROMO00165,2024-08-07,2024-08-16,2024-08-23,3,2,Website,Completed,AED,17500.0,5,875.0,2992.5,19617.5,2025-07-20 05:14:22,2026-05-20 03:43:54
BOOK002908,CUST001351,HOT0001,ROOM000220,PROMO00039,2024-11-03,2024-12-12,2024-12-17,4,0,Booking.com,Completed,USD,17500.0,5,875.0,2992.5,19617.5,2021-11-04 03:23:30,2023-12-18 05:23:14
BOOK004100,CUST000382,HOT0157,ROOM001369,PROMO00265,2026-05-28,2026-05-30,2026-06-03,4,1,Booking.com,Completed,USD,14000.0,0,0.0,2520.0,16520.0,2025-07-19 21:20:58,2025-08-27 01:21:13
BOOK003284,CUST004856,HOT0030,ROOM001395,PROMO00411,2026-04-01,2026-04-25,2026-04-30,2,1,Mobile App,Completed,GBP,50000.0,0,0.0,9000.0,59000.0,2024-10-19 15:33:56,2025-08-10 09:25:09
BOOK003924,CUST002374,HOT0147,ROOM001906,PROMO00461,2024-11-30,2025-01-11,2025-01-17,2,2,Booking.com,No Show,AED,30000.0,15,4500.0,4590.0,30090.0,2020-12-13 23:33:49,2025-05-28 03:02:34
BOOK003503,CUST000047,HOT0192,ROOM001903,PROMO00423,2026-07-03,2026-08-26,2026-08-28,3,0,Expedia,Cancelled,USD,5000.0,0,0.0,900.0,5900.0,2025-06-12 13:44:23,2025-07-11 18:46:19
BOOK000180,CUST001558,HOT0084,ROOM000441,PROMO00050,2024-12-08,2024-12-30,2025-01-03,3,1,Booking.com,Confirmed,GBP,10000.0,5,500.0,1710.0,11210.0,2020-03-21 14:30:51,2024-12-24 11:53:32
BOOK004392,CUST001566,HOT0169,ROOM001534,PROMO00331,2025-07-03,2025-08-10,2025-08-14,3,0,Mobile App,Confirmed,GBP,28000.0,0,0.0,5040.0,33040.0,2026-07-19 23:26:16,2026-07-28 15:11:51
BOOK001262,CUST003156,HOT0207,ROOM001976,PROMO00447,2026-02-14,2026-03-15,2026-03-22,1,1,Expedia,Completed,AED,35000.0,0,0.0,6300.0,41300.0,2022-11-15 23:28:58,2026-02-10 15:39:43
BOOK003222,CUST004756,HOT0021,ROOM001304,PROMO00437,2025-12-26,2026-01-26,2026-01-30,3,2,Website,Completed,EUR,20000.0,5,1000.0,3420.0,22420.0,2022-12-07 04:13:49,2023-01-28 13:25:31
BOOK000712,CUST001897,HOT0136,ROOM000334,PROMO00213,2024-08-31,2024-10-09,2024-10-14,3,1,Travel Agent,Confirmed,GBP,50000.0,20,10000.0,7200.0,47200.0,2025-06-28 12:07:47,2025-10-02 09:36:41
BOOK003143,CUST002606,HOT0001,ROOM000828,PROMO00417,2025-03-13,2025-03-26,2025-04-02,3,0,Walk-In,Completed,EUR,49000.0,20,9800.0,7056.0,46256.0,2020-02-23 08:41:36,2023-06-10 22:42:27
BOOK000071,CUST001035,HOT0058,ROOM000885,PROMO00177,2025-07-29,2025-09-18,2025-09-20,2,0,Booking.com,Completed,USD,5000.0,10,500.0,810.0,5310.0,2024-08-29 23:42:19,2024-10-13 21:48:17
BOOK003567,CUST003454,HOT0047,ROOM000058,PROMO00467,2026-06-11,2026-06-22,2026-06-23,2,2,Website,Completed,SGD,5000.0,15,750.0,765.0,5015.0,2024-03-29 21:11:19,2024-07-31 05:04:52
BOOK001664,CUST003683,HOT0006,ROOM001988,PROMO00178,2026-05-17,2026-07-04,2026-07-07,3,1,Expedia,Completed,GBP,7500.0,10,750.0,1215.0,7965.0,2023-07-26 17:23:41,2025-08-19 20:58:06
BOOK002132,CUST003582,HOT0200,ROOM001561,PROMO00233,2026-05-17,2026-06-16,2026-06-22,4,1,Mobile App,Cancelled,EUR,21000.0,0,0.0,3780.0,24780.0,2024-06-14 12:18:38,2024-12-22 08:45:51
BOOK002033,CUST002380,HOT0118,ROOM001977,PROMO00225,2026-02-17,2026-04-16,2026-04-20,2,2,Expedia,No Show,USD,28000.0,20,5600.0,4032.0,26432.0,2023-05-11 06:40:39,2025-01-15 12:33:53
BOOK001931,CUST000986,HOT0182,ROOM001770,PROMO00047,2025-12-01,2026-01-13,2026-01-18,3,2,Booking.com,Confirmed,AED,35000.0,15,5250.0,5355.0,35105.0,2021-02-03 05:35:43,2021-05-30 00:46:47
BOOK000630,CUST001685,HOT0070,ROOM000986,PROMO00212,2026-06-05,2026-07-17,2026-07-19,4,1,Website,Completed,INR,20000.0,5,1000.0,3420.0,22420.0,2021-01-14 10:54:59,2026-02-11 14:52:22
BOOK003742,CUST001847,HOT0229,ROOM001700,PROMO00117,2024-07-31,2024-08-09,2024-08-14,2,0,Mobile App,Completed,USD,12500.0,0,0.0,2250.0,14750.0,2025-04-05 15:54:31,2025-08-20 15:16:07
BOOK004713,CUST003378,HOT0187,ROOM001334,PROMO00073,2025-09-26,2025-11-18,2025-11-22,1,2,Walk-In,Completed,SGD,60000.0,5,3000.0,10260.0,67260.0,2022-07-17 10:18:48,2023-12-15 03:22:42
BOOK001626,CUST004352,HOT0248,ROOM001673,PROMO00394,2025-10-05,2025-11-01,2025-11-04,4,2,Travel Agent,Completed,AED,10500.0,15,1575.0,1606.5,10531.5,2021-11-19 04:45:58,2023-05-02 10:23:47
BOOK001426,CUST001214,HOT0129,ROOM001324,PROMO00001,2026-03-11,2026-03-27,2026-04-02,1,2,Mobile App,Completed,EUR,30000.0,20,6000.0,4320.0,28320.0,2022-02-10 15:46:12,2025-09-27 14:04:25
BOOK000532,CUST003303,HOT0016,ROOM000764,PROMO00105,2024-12-23,2024-12-25,2024-12-27,1,0,Website,Completed,SGD,10000.0,20,2000.0,1440.0,9440.0,2022-09-22 21:16:11,2025-02-06 20:26:41
BOOK003919,CUST004679,HOT0233,ROOM001431,PROMO00491,2026-01-22,2026-02-26,2026-03-03,4,0,Website,Cancelled,GBP,17500.0,10,1750.0,2835.0,18585.0,2023-12-07 22:08:39,2025-11-28 01:32:55
BOOK000096,CUST002661,HOT0150,ROOM000832,PROMO00121,2026-05-09,2026-05-11,2026-05-14,4,0,Website,Cancelled,SGD,45000.0,5,2250.0,7695.0,50445.0,2021-01-03 02:33:38,2024-07-28 12:38:22
BOOK004553,CUST000739,HOT0077,ROOM000891,PROMO00209,2026-03-12,2026-04-06,2026-04-12,2,2,Travel Agent,Confirmed,INR,15000.0,20,3000.0,2160.0,14160.0,2023-01-05 06:51:59,2023-10-27 19:29:09
BOOK001501,CUST002786,HOT0244,ROOM001984,PROMO00026,2025-04-03,2025-04-12,2025-04-17,1,0,Booking.com,Completed,AED,50000.0,20,10000.0,7200.0,47200.0,2025-09-13 12:57:03,2026-04-06 23:26:03
BOOK004571,CUST002307,HOT0241,ROOM001685,PROMO00443,2024-08-29,2024-09-06,2024-09-11,1,0,Expedia,Completed,GBP,75000.0,20,15000.0,10800.0,70800.0,2025-10-29 02:49:34,2026-05-24 13:29:38
BOOK001834,CUST002299,HOT0023,ROOM000037,PROMO00152,2026-03-07,2026-04-16,2026-04-23,1,0,Travel Agent,Cancelled,AED,105000.0,0,0.0,18900.0,123900.0,2021-01-31 15:10:04,2024-02-14 21:36:38
BOOK003199,CUST002557,HOT0076,ROOM000317,PROMO00109,2024-08-27,2024-10-25,2024-10-26,3,2,Travel Agent,Completed,EUR,10000.0,0,0.0,1800.0,11800.0,2024-07-23 01:31:37,2025-03-26 10:03:53
BOOK004393,CUST004307,HOT0216,ROOM000815,PROMO00462,2025-04-03,2025-05-26,2025-05-30,3,0,Website,Confirmed,INR,40000.0,0,0.0,7200.0,47200.0,2021-02-18 16:45:18,2025-04-24 04:52:48
BOOK002720,CUST001766,HOT0115,ROOM000315,PROMO00170,2024-11-16,2024-12-16,2024-12-21,2,2,Mobile App,Cancelled,INR,50000.0,10,5000.0,8100.0,53100.0,2020-06-08 17:45:27,2022-02-03 20:15:56
BOOK000608,CUST003077,HOT0166,ROOM000327,PROMO00391,2024-09-18,2024-09-27,2024-10-02,1,2,Booking.com,Completed,SGD,25000.0,5,1250.0,4275.0,28025.0,2024-12-14 10:55:03,2025-01-06 04:08:57
BOOK003697,CUST004368,HOT0087,ROOM001230,PROMO00025,2025-08-10,2025-09-22,2025-09-25,1,0,Expedia,Confirmed,AED,15000.0,20,3000.0,2160.0,14160.0,2021-12-28 16:11:51,2022-03-16 23:05:20
BOOK004345,CUST001256,HOT0078,ROOM000956,PROMO00062,2025-08-20,2025-08-21,2025-08-24,1,2,Expedia,Confirmed,AED,21000.0,5,1050.0,3591.0,23541.0,2025-08-03 01:48:08,2026-07-23 18:46:49
BOOK001485,CUST004193,HOT0171,ROOM000459,PROMO00302,2024-08-24,2024-08-25,2024-08-30,3,1,Walk-In,Completed,EUR,12500.0,10,1250.0,2025.0,13275.0,2026-06-06 19:13:25,2026-07-13 12:23:32
BOOK002076,CUST003659,HOT0021,ROOM001304,PROMO00305,2025-04-07,2025-05-16,2025-05-20,1,2,Website,Completed,EUR,20000.0,0,0.0,3600.0,23600.0,2026-05-26 23:34:22,2026-07-13 19:43:35
BOOK002446,CUST001913,HOT0025,ROOM001756,PROMO00328,2026-06-17,2026-08-05,2026-08-07,3,2,Mobile App,Completed,USD,7000.0,15,1050.0,1071.0,7021.0,2024-04-26 17:37:17,2025-02-26 02:07:06
BOOK004376,CUST001121,HOT0246,ROOM000369,PROMO00126,2026-03-07,2026-05-04,2026-05-06,4,0,Mobile App,Completed,GBP,5000.0,20,1000.0,720.0,4720.0,2025-04-12 18:16:01,2025-07-27 00:05:39
BOOK004945,CUST003240,HOT0136,ROOM001954,PROMO00487,2024-09-30,2024-10-20,2024-10-25,4,0,Travel Agent,Confirmed,USD,12500.0,10,1250.0,2025.0,13275.0,2026-05-14 14:25:44,2026-05-28 06:59:28
BOOK002270,CUST000398,HOT0013,ROOM001310,PROMO00313,2025-06-02,2025-07-10,2025-07-11,1,2,Mobile App,Confirmed,SGD,3500.0,20,700.0,504.0,3304.0,2022-02-18 10:41:45,2025-05-01 16:31:38
BOOK004034,CUST003594,HOT0018,ROOM001166,PROMO00107,2025-07-29,2025-09-11,2025-09-15,4,0,Website,Confirmed,INR,20000.0,15,3000.0,3060.0,20060.0,2022-06-12 18:21:04,2025-04-30 04:04:10
BOOK000906,CUST003829,HOT0071,ROOM001196,PROMO00078,2026-03-20,2026-03-24,2026-03-31,2,2,Booking.com,Completed,GBP,49000.0,5,2450.0,8379.0,54929.0,2020-12-18 10:40:05,2023-02-15 01:49:35
BOOK001818,CUST000122,HOT0239,ROOM001675,PROMO00047,2026-02-09,2026-04-09,2026-04-16,4,0,Travel Agent,Confirmed,EUR,49000.0,20,9800.0,7056.0,46256.0,2021-08-06 01:23:58,2026-04-30 18:41:53
BOOK004351,CUST004289,HOT0076,ROOM000317,PROMO00054,2024-08-27,2024-10-03,2024-10-04,2,2,Expedia,Completed,SGD,10000.0,15,1500.0,1530.0,10030.0,2024-04-27 16:25:46,2024-05-17 07:03:21
BOOK004980,CUST003627,HOT0076,ROOM001754,PROMO00321,2025-10-02,2025-10-16,2025-10-21,1,2,Travel Agent,Cancelled,EUR,25000.0,10,2500.0,4050.0,26550.0,2025-04-03 09:48:53,2025-12-31 01:51:45
BOOK003338,CUST004242,HOT0104,ROOM000604,PROMO00089,2025-10-26,2025-11-13,2025-11-17,1,1,Website,Completed,INR,60000.0,15,9000.0,9180.0,60180.0,2024-08-14 03:47:02,2026-05-13 12:00:46
BOOK001428,CUST001645,HOT0026,ROOM000309,PROMO00256,2026-01-15,2026-02-09,2026-02-14,3,0,Travel Agent,No Show,EUR,75000.0,15,11250.0,11475.0,75225.0,2020-03-31 06:36:29,2023-10-18 02:11:08
BOOK000527,CUST004481,HOT0100,ROOM001587,PROMO00156,2025-02-23,2025-03-11,2025-03-17,3,0,Website,Completed,AED,60000.0,15,9000.0,9180.0,60180.0,2025-08-16 15:12:02,2026-03-03 12:24:48
BOOK001510,CUST002259,HOT0245,ROOM000122,PROMO00324,2026-02-22,2026-04-06,2026-04-07,3,0,Mobile App,Completed,EUR,2500.0,5,125.0,427.5,2802.5,2024-12-21 19:53:46,2026-06-09 23:25:54
BOOK004070,CUST004218,HOT0165,ROOM000434,PROMO00336,2025-12-15,2026-01-17,2026-01-19,2,2,Walk-In,Cancelled,INR,10000.0,15,1500.0,1530.0,10030.0,2022-11-29 04:50:17,2023-08-28 17:25:12
BOOK004752,CUST000897,HOT0106,ROOM001801,PROMO00466,2025-04-19,2025-05-26,2025-05-31,3,1,Booking.com,Completed,GBP,50000.0,15,7500.0,7650.0,50150.0,2021-01-23 13:38:10,2023-08-06 22:55:58
BOOK000972,CUST002566,HOT0048,ROOM001545,PROMO00435,2025-04-28,2025-05-29,2025-06-03,2,0,Website,Completed,USD,12500.0,20,2500.0,1800.0,11800.0,2020-06-15 18:14:29,2024-01-08 19:55:58
BOOK001835,CUST003477,HOT0153,ROOM000722,PROMO00045,2025-04-06,2025-05-03,2025-05-08,2,1,Website,Cancelled,USD,12500.0,10,1250.0,2025.0,13275.0,2025-08-12 06:46:55,2026-05-19 00:45:56
BOOK003556,CUST001364,HOT0109,ROOM000581,PROMO00013,2026-07-23,2026-09-10,2026-09-17,4,0,Mobile App,Completed,EUR,24500.0,0,0.0,4410.0,28910.0,2022-06-06 00:25:38,2023-12-31 22:34:52
BOOK002755,CUST000660,HOT0051,ROOM000525,PROMO00428,2025-08-02,2025-08-24,2025-08-31,4,1,Mobile App,Completed,INR,35000.0,15,5250.0,5355.0,35105.0,2021-03-18 20:03:01,2025-05-09 15:45:40
BOOK001505,CUST999999,HOT0084,ROOM001315,PROMO00367,2025-12-13,2026-02-03,2026-02-09,2,2,Website,Completed,EUR,60000.0,10,6000.0,9720.0,63720.0,2022-09-01 00:48:01,2025-11-01 00:45:29
BOOK001756,CUST000557,HOT0171,ROOM001654,PROMO00228,2024-09-27,2024-10-02,2024-10-07,2,1,Expedia,Completed,AED,75000.0,15,11250.0,11475.0,75225.0,2025-10-11 05:45:16,2026-01-28 01:00:12
BOOK000776,CUST002119,HOT0238,ROOM000191,PROMO00442,2024-12-09,2025-01-29,2025-02-03,1,1,Expedia,Confirmed,GBP,35000.0,10,3500.0,5670.0,37170.0,2023-09-23 23:38:42,2024-02-14 00:36:49
BOOK004756,CUST004037,HOT0019,ROOM000761,PROMO00316,2024-10-12,2024-11-29,2024-12-06,3,2,Website,Completed,EUR,35000.0,5,1750.0,5985.0,39235.0,2022-09-03 16:43:27,2025-01-18 02:44:19
BOOK004505,CUST000261,HOT0055,ROOM001428,PROMO00429,2025-02-08,2025-03-08,2025-03-10,1,0,Travel Agent,Completed,AED,30000.0,15,4500.0,4590.0,30090.0,2025-09-16 23:27:08,2026-04-25 04:34:35
BOOK004781,CUST001666,HOT0220,ROOM000208,PROMO00326,2026-05-14,2026-07-12,2026-07-16,4,1,Booking.com,Completed,GBP,40000.0,20,8000.0,5760.0,37760.0,2025-02-24 11:30:12,2025-08-04 14:56:42
BOOK001864,CUST002627,HOT0235,ROOM000251,PROMO00428,2025-05-28,2025-07-17,2025-07-22,3,1,Website,Completed,EUR,17500.0,5,875.0,2992.5,19617.5,2022-07-22 09:56:07,2025-12-17 02:32:10
BOOK001542,CUST000019,HOT0104,ROOM000604,PROMO00258,2025-05-11,2025-06-20,2025-06-25,4,1,Expedia,Confirmed,GBP,75000.0,5,3750.0,12825.0,84075.0,2023-01-24 16:57:16,2025-06-08 04:22:25
BOOK002438,CUST001015,HOT0085,ROOM001424,PROMO00430,2025-07-26,2025-08-30,2025-09-03,1,1,Walk-In,Completed,GBP,10000.0,20,2000.0,1440.0,9440.0,2024-12-13 12:54:57,2025-03-15 18:45:33
BOOK000377,CUST004935,HOT0142,ROOM000798,PROMO00402,2025-12-30,2026-02-28,2026-03-02,4,2,Website,Completed,AED,30000.0,10,3000.0,4860.0,31860.0,2023-10-01 17:49:45,2024-04-01 06:21:10
BOOK001003,CUST003990,HOT0207,ROOM001778,PROMO00158,2025-03-18,2025-03-27,2025-04-03,3,0,Travel Agent,Completed,AED,17500.0,5,875.0,2992.5,19617.5,2020-04-02 04:30:25,2024-12-22 18:11:50
BOOK000110,CUST003452,HOT0159,ROOM001258,PROMO00311,2026-06-29,2026-07-19,2026-07-26,1,0,Walk-In,Cancelled,AED,70000.0,10,7000.0,11340.0,74340.0,2020-02-29 06:57:24,2020-12-10 03:39:51
BOOK001789,CUST000168,HOT0203,ROOM000949,PROMO00096,2025-06-25,2025-07-30,2025-08-06,3,1,Travel Agent,Confirmed,GBP,49000.0,10,4900.0,7938.0,52038.0,2022-09-26 04:23:17,2024-12-21 06:22:24
BOOK002139,CUST000348,HOT0030,ROOM000644,PROMO00124,2025-07-11,2025-08-20,2025-08-24,1,1,Mobile App,Completed,INR,10000.0,20,2000.0,1440.0,9440.0,2026-02-01 20:56:00,2026-03-11 03:35:49
BOOK002125,CUST001599,HOT0168,ROOM000419,PROMO00085,2026-06-20,2026-07-04,2026-07-09,4,2,Mobile App,Confirmed,GBP,25000.0,5,1250.0,4275.0,28025.0,2021-06-13 09:38:47,2026-07-04 14:16:59
BOOK001461,CUST000339,HOT0212,ROOM001684,PROMO00391,2026-03-05,2026-04-29,2026-05-05,3,0,Walk-In,Completed,EUR,15000.0,5,750.0,2565.0,16815.0,2022-08-13 23:06:51,2024-08-12 03:08:51
BOOK002241,CUST002281,HOT0069,ROOM001005,PROMO00431,2025-10-05,2025-10-23,2025-10-25,2,1,Website,Completed,USD,5000.0,20,1000.0,720.0,4720.0,2025-08-11 03:50:57,2025-09-07 15:31:55
BOOK001602,CUST003412,HOT0108,ROOM000495,PROMO00496,2025-10-31,2025-12-03,2025-12-05,2,0,Travel Agent,Completed,SGD,20000.0,5,1000.0,3420.0,22420.0,2024-08-14 06:01:25,2024-11-09 08:46:06
BOOK001960,CUST002452,HOT0129,ROOM001487,PROMO00068,2026-01-08,2026-01-21,2026-01-28,3,1,Website,Completed,GBP,105000.0,10,10500.0,17010.0,111510.0,2024-01-22 15:13:28,2025-04-05 08:16:37
BOOK004930,CUST003495,HOT0068,ROOM000893,PROMO00195,2024-08-10,2024-09-07,2024-09-11,4,1,Website,Confirmed,AED,14000.0,10,1400.0,2268.0,14868.0,2024-06-29 03:33:37,2025-05-21 11:25:06
BOOK004868,CUST004505,HOT0244,ROOM001984,PROMO00081,2026-01-15,2026-02-14,2026-02-15,2,1,Walk-In,Completed,AED,10000.0,5,500.0,1710.0,11210.0,2026-02-05 00:34:19,2026-07-19 03:18:14
BOOK003777,CUST002182,HOT0242,ROOM000342,PROMO00180,2026-01-15,2026-02-28,2026-03-03,1,0,Mobile App,Confirmed,INR,15000.0,10,1500.0,2430.0,15930.0,2023-04-28 12:31:30,2023-06-04 01:39:45
BOOK001675,CUST002183,HOT0114,ROOM000480,PROMO00279,2025-09-17,2025-10-27,2025-10-28,1,2,Expedia,Completed,GBP,15000.0,0,0.0,2700.0,17700.0,2020-02-03 16:28:24,2022-04-02 16:47:37
BOOK001081,CUST002158,HOT0057,ROOM000765,PROMO00042,2025-06-05,2025-06-18,2025-06-21,3,1,Mobile App,No Show,SGD,45000.0,0,0.0,8100.0,53100.0,2021-03-15 15:51:10,2024-04-06 03:41:00
BOOK002659,CUST001898,HOT0249,ROOM001102,PROMO00019,2026-06-25,2026-08-05,2026-08-07,1,0,Booking.com,Completed,EUR,10000.0,5,500.0,1710.0,11210.0,2021-08-29 01:46:55,2023-09-19 13:50:54
BOOK000579,CUST000497,HOT0181,ROOM001789,PROMO00021,2026-04-25,2026-05-08,2026-05-13,4,1,Website,Completed,USD,17500.0,10,1750.0,2835.0,18585.0,2023-02-10 13:29:58,2025-03-12 02:04:25
BOOK003187,CUST001214,HOT0011,ROOM000401,PROMO00415,2025-09-15,2025-10-27,2025-10-30,4,2,Travel Agent,No Show,GBP,7500.0,0,0.0,1350.0,8850.0,2020-10-05 02:42:33,2021-09-22 18:50:29
BOOK004053,CUST000590,HOT0198,ROOM001265,PROMO00146,2024-12-31,2025-01-29,2025-01-30,3,2,Mobile App,Completed,EUR,2500.0,10,250.0,405.0,2655.0,2022-02-25 20:10:07,2025-12-01 20:37:14
BOOK003112,CUST001508,HOT0130,ROOM000580,PROMO00279,2025-02-24,2025-03-30,2025-04-05,2,1,Walk-In,Completed,GBP,15000.0,5,750.0,2565.0,16815.0,2025-08-04 01:02:30,2026-06-08 06:38:29
BOOK001100,CUST000163,HOT0056,ROOM000627,PROMO00478,2025-10-18,2025-12-07,2025-12-08,3,1,Walk-In,Completed,SGD,15000.0,0,0.0,2700.0,17700.0,2021-03-24 04:02:15,2025-03-06 09:44:06
BOOK001007,CUST000182,HOT0127,ROOM001352,PROMO00175,2024-12-25,2025-01-10,2025-01-15,2,1,Walk-In,Completed,INR,25000.0,5,1250.0,4275.0,28025.0,2025-01-04 08:01:49,2026-02-07 13:53:10
BOOK001803,CUST001777,HOT0173,ROOM000899,PROMO00492,2026-06-11,2026-06-23,2026-06-30,2,2,Mobile App,Completed,SGD,49000.0,20,9800.0,7056.0,46256.0,2022-11-18 20:06:30,2026-05-17 06:01:49
BOOK001504,CUST003961,HOT0016,ROOM001074,PROMO00263,2025-10-03,2025-10-09,2025-10-10,2,0,Website,Completed,USD,5000.0,0,0.0,900.0,5900.0,2022-01-27 20:52:17,2025-12-14 01:37:28
BOOK002585,CUST002715,HOT0189,ROOM001038,PROMO00199,2025-08-25,2025-09-26,2025-09-28,2,2,Walk-In,Cancelled,EUR,20000.0,15,3000.0,3060.0,20060.0,2024-03-23 18:25:32,2026-05-20 23:05:55
BOOK002028,CUST004615,HOT0002,ROOM000111,PROMO00278,2026-01-02,2026-02-01,2026-02-05,4,1,Walk-In,Confirmed,EUR,40000.0,10,4000.0,6480.0,42480.0,2023-05-10 01:59:01,2023-07-19 08:34:00
BOOK000210,CUST003685,HOT0196,ROOM000515,PROMO00262,2025-10-23,2025-12-03,2025-12-06,1,1,Travel Agent,Confirmed,SGD,10500.0,5,525.0,1795.5,11770.5,2020-03-31 14:14:58,2021-03-16 13:43:22
BOOK000136,CUST000433,HOT0097,ROOM000116,PROMO00457,2025-05-28,2025-07-27,2025-07-29,1,2,Website,Confirmed,SGD,5000.0,5,250.0,855.0,5605.0,2026-07-25 01:30:43,2026-07-29 09:05:05
BOOK001637,CUST004232,HOT0009,ROOM000882,PROMO00288,2026-07-29,2026-08-05,2026-08-12,1,2,Mobile App,Confirmed,SGD,105000.0,0,0.0,18900.0,123900.0,2020-04-18 08:00:03,2024-07-13 16:33:18
BOOK004497,CUST003022,HOT0244,ROOM000433,PROMO00182,2025-03-12,2025-05-03,2025-05-04,1,2,Travel Agent,Confirmed,AED,5000.0,20,1000.0,720.0,4720.0,2021-12-10 19:49:42,2025-11-12 10:31:46
BOOK003328,CUST003317,HOT0215,ROOM001266,PROMO00340,2025-10-31,2025-12-08,2025-12-13,4,0,Expedia,No Show,EUR,12500.0,10,1250.0,2025.0,13275.0,2023-07-03 03:49:45,2025-06-22 16:28:30
BOOK002120,CUST001378,HOT0160,ROOM000234,PROMO00138,2025-01-02,2025-02-27,2025-03-03,4,0,Travel Agent,Completed,AED,14000.0,15,2100.0,2142.0,14042.0,2024-05-01 10:09:52,2026-01-26 10:28:48
BOOK002394,CUST004780,HOT0124,ROOM001604,PROMO00267,2025-02-04,2025-03-19,2025-03-20,4,2,Travel Agent,Completed,GBP,15000.0,20,3000.0,2160.0,14160.0,2024-12-04 12:35:37,2025-06-09 06:45:56
BOOK003055,CUST003113,HOT0095,ROOM001386,PROMO00089,2025-05-19,2025-06-13,2025-06-17,1,0,Travel Agent,Completed,AED,60000.0,20,12000.0,8640.0,56640.0,2022-03-05 11:22:00,2026-05-07 21:15:01
