customer_id,first_name,last_name,gender,dob,email,phone,city,state,country,loyalty_tier,registration_date,status
CUST000001,Ronnie,Sheppard,Female,1970-05-08,ronnie.sheppard@hotmail.com,3964936085, New York,New York,United States,Diamond,2024-02-11,Inactive
CUST000002,Ashley,Wright,Female,1956-08-28,ashley.wright@yahoo.com,0139612353,Mumbai,Maharashtra,India,Diamond,2024-12-28,Inactive
CUST000003,Kelly,Reed,Female,1963-01-27,kelly.reed@hotmail.com,4631304491,Dubai,Dubai,UAE,Platinum,2024-09-18,Inactive
CUST000004,Laura,Hill,Male,1985-02-16,laura.hill@hotmail.com,2460288739,Singapore,Singapore,Singapore,Silver,2023-07-16,Active
CUST000005,Sean,Green,Male,1972-02-16,sean.green@hotmail.com,5010517670,Bengaluru,Karnataka,India,Gold,2022-09-28,Active
CUST000006,Daniel,Taylor,Female,1968-09-06,daniel.taylor@yahoo.com,3516842846,Bengaluru,Karnataka,India,Silver,2023-05-21,Active
CUST000007,Laura,Thompson,Male,2005-04-04,laura.thompson@yahoo.com,3025646309,London,England,United Kingdom,Diamond,2022-12-10,Inactive
CUST000008,Julia,Hernandez,Male,1967-06-19,julia.hernandez@outlook.com,4222468636,London,England,United Kingdom,Platinum,2023-03-19,Active
CUST000009,Joel,Boyd,Female,2000-02-02,joel.boyd@yahoo.com,8232506805,Chennai,Tamil Nadu,India,Diamond,2025-12-25,Active
CUST000010,Michael,Aguilar,Male,1964-03-26,michael.aguilar@hotmail.com,8553597335,Sydney,New South Wales,Australia,Diamond,2023-08-06,Inactive
CUST000011,Ashley,Parrish,Female,1991-01-09,ashley.parrish@yahoo.com,9455584678,Delhi,Delhi,India,Silver,2024-11-26,Inactive
CUST000012,Thomas,Hughes,Male,1985-09-17,thomas.hughes@yahoo.com,5708292331,London,England,United Kingdom,Platinum,2023-04-14,Inactive
CUST000013,Gina,Norman,Male,1967-01-21,gina.norman@outlook.com,8947356627,London,England,United Kingdom,Diamond,2023-11-21,Inactive
CUST000014,Lisa,Ford,Female,1965-09-07,lisa.ford@outlook.com,3305127250,London,England,United Kingdom,Diamond,2024-11-27,Active
CUST000015,Maria,Watson,Female,1983-05-01,maria.watson@yahoo.com,8476813927,Bengaluru,Karnataka,India,Silver,2024-12-21,Inactive
CUST000016,Dawn,Williamson,Female,1984-07-28,dawn.williamson@yahoo.com,0749748747,Delhi,Delhi,India,Platinum,2025-02-04,Inactive
CUST000017,Marvin,Lee,Male,1978-02-02,marvin.lee@yahoo.com,8155156293,Dubai,Dubai,UAE,Gold,2024-11-30,Active
CUST000018,Daniel,Wu,Female,1992-09-25,daniel.wu@yahoo.com,2474943781,Dubai,Dubai,UAE,Silver,2022-01-25,Inactive
CUST000019,Laurie,Singh,Female,1994-01-03,laurie.singh@outlook.com,8141312143,Bengaluru,Karnataka,India,Gold,2023-12-14,Inactive
CUST000020,Jon,Schroeder,Female,1983-01-18,jon.schroeder@outlook.com,5723879885,Hyderabad,Telangana,India,Silver,2022-04-20,Inactive
CUST000021,Jacob,Shaffer,Female,1994-03-03,jacob.shaffer@yahoo.com,4800948846,Delhi,Delhi,India,Platinum,2021-11-11,Inactive
CUST000022,Natalie,Wheeler,Male,1987-10-06,natalie.wheeler@hotmail.com,4837716609,Bengaluru,Karnataka,India,Diamond,2022-12-07,Inactive
CUST000023,Paul,Massey,Male,2004-12-06,paul.massey@outlook.com,4612355722,Mumbai,Maharashtra,India,Platinum,2023-04-13,Active
CUST000024,Kimberly,Rodriguez,Female,1962-07-26,kimberly.rodriguez@hotmail.com,0293435356,Bengaluru,Karnataka,India,Silver,2023-09-03,Active
CUST000025,Johnny,Rogers,Male,2002-06-13,johnny.rogers@hotmail.com,1878016223,Sydney,New South Wales,Australia,Diamond,2021-08-24,Inactive
CUST000026,Jason,Hunt,Female,2005-09-25,jason.hunt@hotmail.com,7950262485,Delhi,Delhi,India,Diamond,2023-06-17,Active
CUST000027,Christopher,Conner,Female,1979-03-20,christopher.conner@yahoo.com,5059440042,Delhi,Delhi,India,Diamond,2024-01-28,Active
CUST000028,Cassandra,Boyer,Female,2001-04-18,cassandra.boyer@yahoo.com,3282108283,Bengaluru,Karnataka,India,Gold,2024-09-19,Active
CUST000029,Christopher,Stephens,Male,1972-07-06,christopher.stephens@hotmail.com,4083698596,Chennai,Tamil Nadu,India,Platinum,2024-06-09,Active
CUST000030,Anna,Green,Female,1989-04-12,anna.green@yahoo.com,2195608802,Singapore,Singapore,Singapore,Platinum,2025-06-06,Inactive
CUST000031,Christina,Hughes,Male,1996-10-05,christina.hughes@gmail.com,2197599595,Chennai,Tamil Nadu,India,Silver,2021-12-05,Inactive
CUST000032,Jesus,Hamilton,Male,1965-11-26,jesus.hamilton@outlook.com,3053692983,Bengaluru,Karnataka,India,Silver,2023-03-13,Active
CUST000033,Jason,Miles,Female,2006-08-31,jason.miles@outlook.com,6986253029,Delhi,Delhi,India,Platinum,2022-08-03,Active
CUST000034,Jason,Williams,Female,1991-02-06,jason.williams@hotmail.com,7897619032,Dubai,Dubai,UAE,Diamond,2023-12-31,Inactive
CUST000035,William,Dean,Male,1985-07-26,william.dean@outlook.com,5725657950,Sydney,New South Wales,Australia,Platinum,2025-07-29,Active
CUST000036,Sarah,Ortiz,Female,1982-02-03,sarah.ortiz@outlook.com,3380026686,Singapore,Singapore,Singapore,Platinum,2025-04-26,Active
CUST000037,Diana,Brewer,Male,2008-01-27,diana.brewer@yahoo.com,5798854797,Mumbai,Maharashtra,India,Gold,2022-04-06,Active
CUST000038,Shelia,Kim,Male,1999-04-07,shelia.kim@gmail.com,2331762496,Dubai,Dubai,UAE,Silver,2022-02-12,Inactive
CUST000039,Ashley,Hood,Male,1996-12-09,ashley.hood@gmail.com,5667968962,Singapore,Singapore,Singapore,Gold,2023-01-17,Inactive
CUST000040,Mark,James,Female,1987-03-02,mark.james@yahoo.com,1993143707,London,England,United Kingdom,Platinum,2023-06-19,Inactive
CUST000041,Jason,Miller,Male,1965-04-02,jason.miller@outlook.com,0492895255,Delhi,Delhi,India,Gold,2025-01-11,Inactive
CUST000042,Jason,Wiggins,Male,1994-04-02,jason.wiggins@yahoo.com,4167820752,London,England,United Kingdom,Diamond,2023-06-26,Inactive
CUST000043,Jennifer,Barnett,Male,1995-04-22,jennifer.barnett@hotmail.com,8612307793,Singapore,Singapore,Singapore,Silver,2023-11-18,Inactive
CUST000044,Elizabeth,Nichols,Male,1959-08-11,elizabeth.nichols@hotmail.com,2936939281,Hyderabad,Telangana,India,Platinum,2021-12-17,Active
CUST000045,Melanie,Anderson,Male,1995-07-11,melanie.anderson@yahoo.com,8203004883,Mumbai,Maharashtra,India,Gold,2025-04-18,Active
CUST000046,Denise,Hansen,Male,1985-06-03,denise.hansen@gmail.com,3167282256,Mumbai,Maharashtra,India,Gold,2025-10-29,Active
CUST000047,Shawn,Fuentes,Male,1958-12-09,shawn.fuentes@yahoo.com,7254350889,Dubai,Dubai,UAE,Platinum,2025-10-03,Inactive
CUST000048,Matthew,Parker,Male,1957-02-23,matthew.parker@hotmail.com,5796480073,Chennai,Tamil Nadu,India,Platinum,2025-12-16,Active
CUST000049,David,Heath,Male,1959-07-28,david.heath@outlook.com,3702070010,Delhi,Delhi,India,Gold,2023-07-31,Inactive
CUST000050,Tracy,Ellis,Female,1965-03-09,tracy.ellis@outlook.com,1759499154,Chennai,Tamil Nadu,India,Diamond,2023-02-18,Active
CUST000051,Jasmin,Mack,Female,1969-02-01,jasmin.mack@hotmail.com,5180986200,Sydney,New South Wales,Australia,Gold,2023-01-17,Active
CUST000052,Daniel,Green,Male,1972-08-04,daniel.green@outlook.com,6470913031,London,England,United Kingdom,Gold,2025-01-23,Inactive
CUST000053,Maria,Wilson,Female,1962-11-24,maria.wilson@gmail.com,8627441824,London,England,United Kingdom,Platinum,2024-01-17,Active
CUST000054,Joshua,Crosby,Female,1989-04-02,joshua.crosby@gmail.com,2633970607,Singapore,Singapore,Singapore,Silver,2022-07-06,Inactive
CUST000055,Alison,Martinez,Female,1974-12-21,alison.martinez@gmail.com,9047032853,Singapore,Singapore,Singapore,Diamond,2025-06-20,Active
CUST000056,Robin,Santos,Male,1955-10-21,robin.santos@gmail.com,8934885749,London,England,United Kingdom,Diamond,2021-12-13,Inactive
CUST000057,Brian,Hood,Male,1980-10-17,brian.hood@outlook.com,2328409203,Dubai,Dubai,UAE,Diamond,2024-10-23,Inactive
CUST000058,Travis,White,Male,2001-12-04,travis.white@hotmail.com,3297151375,Bengaluru,Karnataka,India,Silver,2022-09-08,Inactive
CUST000059,Jason,Howe,Male,1997-07-27,jason.howe@hotmail.com,7041820757,Dubai,Dubai,UAE,Platinum,2024-05-01,Active
CUST000060,Vanessa,Davis,Female,1996-06-03,vanessa.davis@hotmail.com,8968159645,Dubai,Dubai,UAE,Silver,2023-08-09,Inactive
CUST000061,Lori,Jones,Male,1989-03-24,lori.jones@hotmail.com,5570741690,New York,New York,United States,Silver,2022-08-26,Active
CUST000062,Bradley,James,Female,1996-08-15,bradley.james@gmail.com,0186597866,Singapore,Singapore,Singapore,Diamond,2025-02-14,Active
CUST000063,Robert,Olson,Female,1987-11-16,robert.olson@yahoo.com,2035212138,Dubai,Dubai,UAE,Silver,2022-07-03,Active
CUST000064,Jason,Morales,Female,1986-08-20,jason.morales@outlook.com,5083860732,Bengaluru,Karnataka,India,Silver,2025-02-09,Active
CUST000065,Xavier,Lopez,Male,1990-06-07,xavier.lopez@hotmail.com,1099251498,Mumbai,Maharashtra,India,Platinum,2023-03-20,Active
CUST000066,Stacy,Stewart,Male,1992-01-19,stacy.stewart@gmail.com,2219426226,Delhi,Delhi,India,Diamond,2025-10-27,Inactive
CUST000067,Tanya,Sanchez,Male,1995-05-10,tanya.sanchez@gmail.com,2395416335,New York,New York,United States,Platinum,2023-07-17,Active
CUST000068,Jerry,Lynch,Male,2000-03-04,gmail.com,0367146529,Sydney,New South Wales,Australia,Gold,2025-12-19,Inactive
CUST000069,Michelle,West,Female,1974-11-07,michelle.west@yahoo.com,3303572717,Singapore,Singapore,Singapore,Platinum,2024-06-27,Active
CUST000070,Luis,Jackson,Male,1993-07-20,luis.jackson@outlook.com,3255972613,Sydney,New South Wales,Australia,Gold,2024-07-19,Inactive
CUST000071,Michelle,Roth,Male,1997-04-22,michelle.roth@outlook.com,9546028524,Delhi,Delhi,India,Silver,2026-06-30,Inactive
CUST000072,Sharon,Porter,Female,1997-09-25,sharon.porter@yahoo.com,4548430619,Delhi,Delhi,India,Gold,2023-05-07,Active
CUST000073,Christopher,Evans,Female,2004-05-26,christopher.evans@gmail.com,1731218136,New York,New York,United States,Gold,2025-02-27,Active
CUST000074,Cameron,Simpson,Female,1968-04-24,cameron.simpson@hotmail.com,7999785121,Singapore,Singapore,Singapore,Gold,2025-08-12,Inactive
CUST000075,Juan,Morris,Female,1968-03-27,juan.morris@hotmail.com,7307677200,Chennai,Tamil Nadu,India,Platinum,2023-04-21,Inactive
CUST000076,Tyler,Wallace,Female,2007-06-23,tyler.wallace@gmail.com,0796518854,London,England,United Kingdom,Diamond,2024-12-28,Inactive
CUST000077,Isaac,Kidd,Female,1981-03-09,isaac.kidd@gmail.com,7323589284,New York,New York,United States,Diamond,2024-08-11,Active
CUST000078,Cynthia,Cruz,Male,1957-11-18,cynthia.cruz@outlook.com,4654421944,New York,New York,United States,Platinum,2021-09-05,Inactive
CUST000079,Theodore,Cannon,Female,1955-08-27,theodore.cannon@hotmail.com,4853734576,Sydney,New South Wales,Australia,Diamond,2025-04-18,Active
CUST000080,Amanda,Sanchez,Male,1999-11-19,amanda.sanchez@gmail.com,6042787210,Singapore,Singapore,Singapore,Platinum,2024-03-17,Active
CUST000081,Paula,Mullins,Male,1971-08-11,paula.mullins@hotmail.com,,Sydney ,New South Wales,Australia,Diamond,2023-02-28,Inactive
CUST000082,Robert,Gonzales,Male,1966-12-02,robert.gonzales@hotmail.com,7338768859,New York,New York,United States,Gold,2025-09-24,Active
CUST000083,Kristine,Sanders,Male,1975-10-11,kristine.sanders@gmail.com,8300230099,Dubai ,Dubai,UAE,Platinum,2025-12-07,Active
CUST000084,Travis,Leonard,Female,1961-09-04,travis.leonard@hotmail.com,6619105159,Chennai,Tamil Nadu,India,Platinum,2026-04-11,Inactive
CUST000085,Erica,Nelson,Female,1958-10-02,erica.nelson@hotmail.com,2361503756,Bengaluru,Karnataka,India,Platinum,2021-08-06,Inactive
CUST000086,Christopher,Norton,Female,1993-12-11,christopher.norton@yahoo.com,4698070950,London,England,United Kingdom,Diamond,2025-09-22,Active
CUST000087,Karla,Allen,Female,2001-01-01,karla.allen@outlook.com,0180157151,Singapore,Singapore,Singapore,Silver,2025-05-13,Active
CUST000088,Kelsey,Holloway,Male,1960-06-13,kelsey.holloway@outlook.com,3185474081,Chennai,Tamil Nadu,India,Gold,2025-11-24,Active
CUST000089,Michael,Riley,Male,1997-05-11,michael.riley@hotmail.com,4705826802,Singapore,Singapore,Singapore,Diamond,2026-05-29,Active
CUST000090,Crystal,Miller,Male,1966-07-19,crystal.miller@gmail.com,3621304651,New York,New York,United States,Diamond,2024-03-06,Active
CUST000091,Kaylee,Ryan,Female,1974-07-28,kaylee.ryan@hotmail.com,9454511597,London,England,United Kingdom,Gold,2023-12-13,Active
CUST000092,David,Cordova,Male,1956-04-07,david.cordova@yahoo.com,5495568591,New York,New York,United States,Diamond,2024-09-28,Inactive
CUST000093,Tammy,Hutchinson,Male,1962-10-26,tammy.hutchinson@yahoo.com,2955894191,Singapore,Singapore,Singapore,Gold,2022-07-06,Active
CUST000094,Julie,Acosta,Female,2002-08-17,julie.acosta@outlook.com,5727980891,London,England,United Kingdom,Platinum,2023-04-07,Inactive
CUST000095,Gabriel,Jones,Male,2003-08-16,gabriel.jones@outlook.com,5064420345,Hyderabad,Telangana,India,Gold,2024-10-12,Inactive
CUST000096,Todd,Harris,Male,1995-09-01,todd.harris@gmail.com,5253045865,Chennai,Tamil Nadu,India,Diamond,2025-01-21,Active
CUST000097,David,Meza,Female,1996-09-25,david.meza@gmail.com,9064559035,Bengaluru,Karnataka,India,Diamond,2024-03-28,Active
CUST000098,Alan,Mason,Male,1988-10-10,alan.mason@gmail.com,3627172659,London,England,United Kingdom,Platinum,2022-01-13,Active
CUST000099,Julia,Thomas,Female,2003-11-01,julia.thomas@yahoo.com,1265192627, Dubai,Dubai,UAE,Silver,2023-12-12,Active
CUST000100,Marissa,Allison,Male,2007-10-23,marissa.allison@outlook.com,1114230817,Hyderabad,Telangana,India,Diamond,2022-10-25,Inactive
CUST000101,James,Velasquez,Male,1998-12-27,,4605113821,Chennai,Tamil Nadu,India,Platinum,2023-11-06,Inactive
CUST000102,John,Vargas,Female,1960-04-09,john.vargas@hotmail.com,,Chennai,Tamil Nadu,India,Diamond,2022-06-26,Inactive
CUST000103,James,Mitchell,Male,1984-08-21,james.mitchell@hotmail.com,1408759803,London,England,United Kingdom,Gold,2022-04-26,Inactive
CUST000104,Patricia,Wilson,Female,2007-12-24,patricia.wilson@hotmail.com,6474686446,Sydney,New South Wales,Australia,Silver,2024-06-22,Inactive
CUST000105,Kevin,Bush,Male,1964-11-03,kevin.bush@outlook.com,8649072183, Delhi,Delhi,India,Silver,2023-09-08,Inactive
CUST000106,Kim,Hayden,Female,1986-03-27,kim.hayden@gmail.com,5101027891,London,England,United Kingdom,Diamond,2025-11-18,Inactive
CUST000107,Brandon,Lewis,Male,2001-07-29,brandon.lewis@gmail.com,2367330199,London,England,United Kingdom,Silver,2022-11-16,Inactive
CUST000108,Stephanie,Richardson,Female,1993-06-15,stephanie.richardson@gmail.com,7667162898,New York,New York,United States,Diamond,2025-09-18,Active
CUST000109,Troy,Oconnor,Female,1982-01-15,troy.oconnor@gmail.com,2804820923,Hyderabad,Telangana,India,Gold,2024-09-01,Active
CUST000110,Julia,Bailey,Male,1984-06-12,julia.bailey@yahoo.com,7414101155,Mumbai,Maharashtra,India,Platinum,2025-04-23,Inactive
CUST000111,Bryan,Cunningham,Male,1971-12-31,bryan.cunningham@gmail.com,5696454268,London,England,United Kingdom,Platinum,2022-12-16,Active
CUST000112,Frederick,Hamilton,Male,2000-08-03,frederick.hamilton@yahoo.com,2810722127,Sydney,New South Wales,Australia,Diamond,2025-07-29,Inactive
CUST000113,Richard,Blair,Male,1989-05-15,richard.blair@yahoo.com,4235724152,Hyderabad,Telangana,India,Silver,2022-03-11,Active
CUST000114,Aaron,Woods,Male,1961-12-03,,0135378474,Bengaluru,Karnataka,India,Diamond,2023-02-09,Active
CUST000115,Ashley,Bauer,Female,1982-06-14,ashley.bauer@yahoo.com,0294914423,Delhi,Delhi,India,Gold,2025-01-19,Active
CUST000116,Jessica,Mason,Female,1990-10-27,jessica.mason@yahoo.com,8091099776,Sydney,New South Wales,Australia,Silver,2024-01-21,Inactive
CUST000117,David,House,Female,1988-01-28,david.house@yahoo.com,3852571719,Chennai,Tamil Nadu,India,Silver,2025-09-25,Active
CUST000118,Charles,Benjamin,Male,1998-02-24,charles.benjamin@outlook.com,9748466859,Dubai,Dubai,UAE,Gold,2022-12-17,Active
CUST000119,Linda,Sanchez,Male,1995-12-22,linda.sanchez@outlook.com,8541683594,Bengaluru,Karnataka,India,Gold,2024-02-23,Active
CUST000120,Mary,Franklin,Female,1989-08-15,mary.franklin@outlook.com,7308144258,London,England,United Kingdom,Gold,2026-06-14,Inactive
CUST000121,Jeremiah,Martinez,Female,1983-04-06,jeremiah.martinez@outlook.com,2819219254,Sydney,New South Wales,Australia,Silver,2023-09-24,Inactive
CUST000122,Erica,Aguirre,Male,1991-08-01,erica.aguirre@gmail.com,7598102093,Chennai,Tamil Nadu,India,Silver,2024-04-10,Inactive
CUST000123,Kimberly,Luna,Male,2001-02-16,kimberly.luna@yahoo.com,3043439672,London,England,United Kingdom,Platinum,2023-08-12,Active
CUST000124,Monica,Murray,Male,1982-02-13,monica.murray@yahoo.com,2470393879,New York,New York,United States,Platinum,2022-03-17,Active
CUST000125,Kenneth,Harvey,Female,2003-05-30,kenneth.harvey@gmail.com,3288236284,London,England,United Kingdom,Platinum,2024-08-06,Active
CUST000126,Julia,Anderson,Male,1980-03-18,julia.anderson@hotmail.com,4577518664,London,England,United Kingdom,Silver,2022-12-02,Inactive
CUST000127,Teresa,Mcbride,Male,2007-05-11,teresa.mcbride@outlook.com,1149812466,Bengaluru,Karnataka,India,Diamond,2023-10-31,Inactive
CUST000128,Jessica,Green,Female,2006-02-11,jessica.green@yahoo.com,8013494802,Bengaluru,Karnataka,India,Silver,2022-08-15,Inactive
CUST000129,Yvette,Gonzalez,Female,1987-07-10,yvette.gonzalez@yahoo.com,3647835734,Singapore,Singapore,Singapore,Diamond,2023-07-27,Inactive
CUST000130,Tina,Cohen,Female,1978-03-08,tina.cohen@outlook.com,0941312004,Sydney,New South Wales,Australia,Silver,2026-03-24,Active
CUST000131,Jennifer,Garcia,Female,1983-04-15,jennifer.garcia@outlook.com,7811018169,London,England,United Kingdom,Diamond,2022-10-10,Active
CUST000132,Christopher,Ramirez,Female,1967-09-23,christopher.ramirez@outlook.com,7759414001,Dubai,Dubai,UAE,Diamond,2025-03-17,Inactive
CUST000133,Courtney,Davis,Female,1961-08-22,courtney.davis@outlook.com,3700485680,Delhi,Delhi,India,Diamond,2021-11-10,Active
CUST000134,Brian,Gregory,Male,1988-10-24,brian.gregory@outlook.com,2517823236,Dubai,Dubai,UAE,Diamond,2021-08-15,Active
CUST000135,Timothy,Jackson,Male,1998-08-25,timothy.jackson@hotmail.com,5775778316,Bengaluru,Karnataka,India,Platinum,2024-04-03,Inactive
CUST000136,Michelle,Parker,Male,1975-01-23,michelle.parker@hotmail.com,2573810321,Dubai,Dubai,UAE,Silver,2026-06-05,Inactive
CUST000137,Erik,Johnson,Female,1970-01-30,erik.johnson@hotmail.com,6437591318,Mumbai,Maharashtra,India,Gold,2022-05-02,Inactive
CUST000138,Amber,Huang,Male,1981-06-28,amber.huang@hotmail.com,6733552936,Bengaluru,Karnataka,India,Diamond,2026-05-19,Inactive
CUST000139,Leah,Jarvis,Female,1986-07-02,leah.jarvis@hotmail.com,7943729076,Delhi,Delhi,India,Platinum,2021-12-16,Active
CUST000140,Tammy,Sanchez,Male,1982-06-24,,0694894823,Bengaluru,Karnataka,India,Silver,2023-08-21,Inactive
CUST000141,Deborah,Duncan,Female,2002-12-07,deborah.duncan@gmail.com,0953188853,Delhi,Delhi,India,Silver,2025-09-27,Active
CUST000142,Daniel,Newton,Female,1959-02-18,daniel.newton@outlook.com,9428544761,Singapore,Singapore,Singapore,Diamond,2024-02-26,Inactive
CUST000143,Andrew,Lynn,Male,1965-06-03,andrew.lynn@yahoo.com,3148648487,Delhi,Delhi,India,Silver,2023-10-21,Inactive
CUST000144,Martin,Martinez,Male,1980-09-17,martin.martinez@hotmail.com,5611313536, New York,New York,United States,Silver,2022-02-11,Active
CUST000145,Walter,Russell,Male,1971-11-23,walter.russell@gmail.com,5131115182,Hyderabad ,Telangana,India,Silver,2024-01-16,Inactive
CUST000146,Jeffery,Mitchell,Male,1957-06-06,jeffery.mitchell@gmail.com,9501774448,London,England,United Kingdom,Diamond,2021-11-06,Inactive
CUST000147,Katherine,Davis,Male,1987-12-30,katherine.davis@gmail.com,8983722657,Singapore,Singapore,Singapore,Gold,2023-06-13,Inactive
CUST000148,Angela,Weiss,Female,2006-05-17,angela.weiss@gmail.com,8894549981,Delhi,Delhi,India,Silver,2022-10-28,Inactive
CUST000149,Stephanie,Sanchez,Female,1973-02-28,stephanie.sanchez@gmail.com,6004780462,Dubai,Dubai,UAE,Gold,2022-09-25,Inactive
CUST000150,Dawn,Park,Male,1957-11-05,dawn.park@outlook.com,4041437454,Hyderabad,Telangana,India,Gold,2026-07-07,Active
CUST000151,Brandi,Hebert,Female,1972-07-26,brandi.hebert@gmail.com,0161552406,Bengaluru,Karnataka,India,Platinum,2022-01-29,Active
CUST000152,Jonathan,Reynolds,Female,2006-02-27,jonathan.reynolds@gmail.com,2315659998,Chennai,Tamil Nadu,India,Platinum,2023-04-01,Active
CUST000153,Cynthia,Burns,Male,2008-01-06,cynthia.burns@hotmail.com,8692123864,Singapore,Singapore,Singapore,Platinum,2026-05-31,Active
CUST000154,Christina,Franco,Male,1968-04-28,christina.franco@outlook.com,3861532770,Dubai,Dubai,UAE,Gold,2021-11-08,Inactive
CUST000155,Cody,Carter,Male,2007-09-10,cody.carter@yahoo.com,3178222119,London,England,United Kingdom,Diamond,2021-07-28,Active
CUST000156,Robert,Wright,Female,1974-12-16,robert.wright@hotmail.com,8093096518,Sydney,New South Wales,Australia,Silver,2025-12-16,Active
CUST000157,Sharon,Jackson,Male,1970-01-17,sharon.jackson@outlook.com,2697019769,Hyderabad,Telangana,India,Gold,2024-10-08,Inactive
CUST000158,Grant,Webster,Female,1994-08-27,grant.webster@gmail.com,1636093693,Chennai,Tamil Nadu,India,Platinum,2022-06-22,Active
CUST000159,Amanda,Ray,Male,1984-04-08,,2190057967,Dubai,Dubai,UAE,Silver,2026-03-31,Inactive
CUST000160,Aaron,Stanley,Female,2006-11-19,aaron.stanley@outlook.com,9095778292,Bengaluru,Karnataka,India,Diamond,2025-07-17,Active
CUST000161,Brittney,Williams,Male,1982-10-10,@gmail.com,7647780184,New York,New York,United States,Diamond,2024-01-27,Active
CUST000162,Jason,Turner,Female,1979-04-02,jason.turner@yahoo.com,1210405716,London,England,United Kingdom,Platinum,2024-01-15,Inactive
CUST000163,Amber,Smith,Male,2003-09-17,amber.smith@outlook.com,7167971566,Delhi,Delhi,India,Silver,2025-06-23,Active
CUST000164,Christopher,Hoover,Female,1979-05-25,christopher.hoover@yahoo.com,0759291561,Chennai,Tamil Nadu,India,Diamond,2021-08-01,Inactive
CUST000165,Kevin,Higgins,Male,1972-12-22,kevin.higgins@yahoo.com,9933143197,Hyderabad,Telangana,India,Diamond,2021-12-22,Inactive
CUST000166,Marilyn,Ibarra,Female,2004-02-16,marilyn.ibarra@hotmail.com,2458525499,Dubai,Dubai,UAE,Platinum,2024-11-21,Active
CUST000167,Robin,Wilkinson,Female,1974-12-05,robin.wilkinson@outlook.com,5479311993,London,England,United Kingdom,Gold,2025-12-05,Active
CUST000168,John,King,Male,1967-04-06,john.king@outlook.com,6652683100,Singapore,Singapore,Singapore,Gold,2024-04-20,Inactive
CUST000169,Jason,Crawford,Male,2001-01-04,jason.crawford@hotmail.com,3253670301,Delhi,Delhi,India,Diamond,2024-05-24,Active
CUST000170,Michael,Smith,Male,1963-01-06,,0148545234,Bengaluru,Karnataka,India,Diamond,2022-10-19,Active
CUST000171,Samantha,Johnson,Female,2002-01-03,samantha.johnson@outlook.com,4066946771,Chennai,Tamil Nadu,India,Silver,2023-07-04,Inactive
CUST000172,Christina,Good,Male,1994-11-30,christina.good@yahoo.com,9518896485,Delhi,Delhi,India,Platinum,2022-07-09,Inactive
CUST000173,Sydney,Wise,Male,1962-02-27,sydney.wise@gmail.com,1030760429,Mumbai ,Maharashtra,India,Platinum,2025-06-22,Active
CUST000174,Martin,Peck,Female,1956-10-24,martin.peck@outlook.com,3638513832,Hyderabad,Telangana,India,Silver,2025-12-10,Active
CUST000175,Jodi,Ross,Female,1996-06-03,jodi.ross@hotmail.com,7953416267,Sydney,New South Wales,Australia,Platinum,2026-03-30,Inactive
CUST000176,Matthew,Ortiz,Male,1959-02-21,matthew.ortiz@hotmail.com,5929535066,Dubai,Dubai,UAE,Diamond,2024-05-14,Inactive
CUST000177,Katherine,Montoya,Female,2003-09-18,katherine.montoya@yahoo.com,7769961629,London,England,United Kingdom,Gold,2024-06-27,Inactive
CUST000178,Hector,Smith,Female,1989-07-25,hector.smith@gmail.com,3008886788,Sydney,New South Wales,Australia,Diamond,2024-04-07,Inactive
CUST000179,Amy,Morris,Female,1963-05-03,amy.morris@hotmail.com,4679957027,Dubai,Dubai,UAE,Silver,2021-09-26,Inactive
CUST000180,Nicole,Williams,Female,2006-05-05,nicole.williams@hotmail.com,3691105266,Mumbai,Maharashtra,India,Platinum,2023-07-12,Inactive
CUST000181,Jeffery,Rose,Female,1960-04-30,jeffery.rose@outlook.com,5489678095,London,England,United Kingdom,Diamond,2021-11-15,Active
CUST000182,Keith,Torres,Male,1962-08-05,keith.torres@hotmail.com,9896823312,Dubai,Dubai,UAE,Gold,2023-05-08,Active
CUST000183,Kimberly,Henderson,Male,1993-06-12,kimberly.henderson@outlook.com,1468050523,Delhi,Delhi,India,Diamond,2023-01-16,Inactive
CUST000184,Lisa,Murphy,Male,1956-12-16,lisa.murphy@outlook.com,7767683810,Sydney ,New South Wales,Australia,Silver,2024-06-07,Active
CUST000185,Peter,Oconnor,Female,1967-02-18,peter.oconnor@gmail.com,5977668913,Delhi,Delhi,India,Diamond,2022-12-31,Inactive
CUST000186,Sarah,Dalton,Female,1981-12-15,sarah.dalton@yahoo.com,4499017481,Dubai,Dubai,UAE,Diamond,2021-07-29,Inactive
CUST000187,Jacob,Turner,Male,1972-07-05,jacob.turner@outlook.com,2431263445,London,England,United Kingdom,Platinum,2025-06-03,Active
CUST000188,Elizabeth,Cannon,Female,2001-12-02,elizabeth.cannon@outlook.com,4930401857,Singapore,Singapore,Singapore,Silver,2025-03-23,Inactive
CUST000189,Kaitlyn,Warren,Male,1975-06-01,kaitlyn.warren@yahoo.com,5308362359,London,England,United Kingdom,Diamond,2022-10-13,Active
CUST000190,Shelby,Maynard,Female,1988-05-06,shelby.maynard@gmail.com,,New York,New York,United States,Platinum,2025-02-15,Inactive
CUST000191,Haley,Gordon,Female,2000-11-01,haley.gordon@yahoo.com,6093807863,London,England,United Kingdom,Gold,2023-02-14,Active
CUST000192,Jack,Reeves,Female,1958-08-01,jack.reeves@yahoo.com,6192588129,Sydney,New South Wales,Australia,Gold,2024-05-21,Inactive
CUST000193,Eric,Rodriguez,Male,1963-10-25,@gmail.com,2049611033,Mumbai,Maharashtra,India,Platinum,2023-11-12,Inactive
CUST000194,Felicia,Villa,Male,2007-03-06,felicia.villa@hotmail.com,3356717817,Bengaluru,Karnataka,India,Gold,2024-10-25,Active
CUST000195,Jamie,Mcmahon,Female,1994-09-19,jamie.mcmahon@yahoo.com,9039690654,New York,New York,United States,Gold,2022-12-25,Inactive
CUST000196,Christina,Thomas,Male,2006-01-14,christina.thomas@gmail.com,3843522490,Mumbai,Maharashtra,India,Silver,2021-08-16,Inactive
CUST000197,James,Reese,Female,1977-08-05,james.reese@gmail.com,8484639895,New York,New York,United States,Silver,2024-12-15,Inactive
CUST000198,James,Olson,Female,1980-01-21,james.olson@yahoo.com,8680319882,Chennai,Tamil Nadu,India,Diamond,2022-05-21,Inactive
CUST000199,Marc,Shelton,Male,1979-10-08,marc.shelton@gmail.com,5519332682,Mumbai,Maharashtra,India,Diamond,2022-04-01,Active
CUST000200,Mary,Sanders,Male,1980-10-23,mary.sanders@yahoo.com,4167324261,New York,New York,United States,Gold,2026-05-22,Inactive
CUST000201,Kathleen,Ross,Female,2006-07-08,gmail.com,3500142765,Dubai,Dubai,UAE,Diamond,2023-04-14,Active
CUST000202,Frederick,Weber,Male,1995-09-17,frederick.weber@yahoo.com,7681009745,Bengaluru ,Karnataka,India,Silver,2023-08-25,Active
CUST000203,Elizabeth,Gonzalez,Female,1988-09-26,elizabeth.gonzalez@yahoo.com,7960950614,Sydney,New South Wales,Australia,Diamond,2026-02-28,Inactive
CUST000204,Barbara,Russell,Female,1961-03-18,barbara.russell@gmail.com,0989753394,London,England,United Kingdom,Platinum,2023-11-29,Inactive
CUST000205,Richard,Lopez,Female,1976-01-25,richard.lopez@yahoo.com,6248319965,Singapore,Singapore,Singapore,Silver,2023-04-20,Inactive
CUST000206,Michelle,Hoffman,Male,1992-08-22,michelle.hoffman@yahoo.com,2075736951,New York,New York,United States,Diamond,2025-06-12,Inactive
CUST000207,Susan,Lee,Female,1958-06-28,susan.lee@yahoo.com,,London,England,United Kingdom,Diamond,2023-09-19,Inactive
CUST000208,Garrett,Rich,Male,1982-06-12,garrett.rich@hotmail.com,3545058758,Chennai,Tamil Nadu,India,Diamond,2022-07-22,Active
CUST000209,Sara,Clark,Male,1985-03-30,sara.clark@outlook.com,8052462025,Dubai,Dubai,UAE,Platinum,2022-08-29,Active
CUST000210,Amber,Wilson,Female,2007-12-07,amber.wilson@outlook.com,1448484153,Sydney,New South Wales,Australia,Silver,2025-05-25,Active
CUST000211,Zachary,Miller,Male,1977-06-29,zachary.miller@gmail.com,4005065349,Hyderabad,Telangana,India,Silver,2023-02-20,Inactive
CUST000212,Courtney,Gutierrez,Male,1998-09-10,john@gmail,7716194644,Singapore,Singapore,Singapore,Platinum,2026-07-20,Inactive
CUST000213,Elizabeth,Chen,Male,1967-05-22,elizabeth.chen@gmail.com,5865388661,Bengaluru,Karnataka,India,Platinum,2022-10-17,Active
CUST000214,Anthony,Smith,Female,1959-10-10,anthony.smith@hotmail.com,2910840474,Hyderabad,Telangana,India,Platinum,2023-12-08,Inactive
CUST000215,Garrett,Williams,Female,2006-06-21,garrett.williams@hotmail.com,0028261963,Dubai,Dubai,UAE,Gold,2025-03-23,Active
CUST000216,Steven,Scott,Female,1991-04-26,steven.scott@outlook.com,2512038635,Mumbai,Maharashtra,India,Platinum,2024-07-19,Active
CUST000217,Tyler,Khan,Male,1959-12-05,tyler.khan@yahoo.com,,Bengaluru,Karnataka,India,Diamond,2023-11-06,Inactive
CUST000218,Nicole,Holmes,Female,1980-12-04,nicole.holmes@gmail.com,3374415957,Delhi,Delhi,India,Diamond,2024-01-16,Active
CUST000219,Chris,Hernandez,Male,1961-11-21,chris.hernandez@yahoo.com,6515095900,Dubai,Dubai,UAE,Diamond,2025-06-22,Active
CUST000220,Jennifer,Dean,Male,1980-02-24,jennifer.dean@yahoo.com,8115883162,London,England,United Kingdom,Silver,2023-01-29,Inactive
CUST000221,Jessica,Bell,Male,1983-03-21,jessica.bell@gmail.com,7831374996,Chennai,Tamil Nadu,India,Diamond,2025-04-19,Active
CUST000222,Kelsey,Hancock,Female,2001-06-30,kelsey.hancock@outlook.com,9173829773,Dubai,Dubai,UAE,Diamond,2025-01-29,Active
CUST000223,Brian,Jones,Male,1996-10-28,brian.jones@outlook.com,0537651798,Dubai,Dubai,UAE,Platinum,2022-10-09,Active
CUST000224,Sarah,Watson,Male,1971-11-28,sarah.watson@hotmail.com,7306426537,Singapore,Singapore,Singapore,Platinum,2021-09-05,Active
CUST000225,Ashley,Marshall,Female,1974-02-25,ashley.marshall@yahoo.com,4447811511,Singapore,Singapore,Singapore,Platinum,2025-11-13,Active
CUST000226,Cody,Lowery,Female,1984-02-20,cody.lowery@yahoo.com,9239867999,Chennai,Tamil Nadu,India,Platinum,2026-07-07,Active
CUST000227,Rachel,Dyer,Male,1971-11-28,rachel.dyer@hotmail.com,5904877552,Dubai,Dubai,UAE,Diamond,2021-10-12,Active
CUST000228,Emily,Prince,Female,1976-06-30,emily.prince@hotmail.com,5391563132,Delhi,Delhi,India,Diamond,2026-03-13,Active
CUST000229,Carrie,Johnson,Female,2001-01-08,carrie.johnson@yahoo.com,4808044112,London,England,United Kingdom,Diamond,2022-02-20,Active
CUST000230,Ashley,Horne,Female,1980-09-03,ashley.horne@outlook.com,9668244552,Bengaluru,Karnataka,India,Platinum,2024-01-29,Inactive
CUST000231,Kim,Taylor,Female,1963-09-07,kim.taylor@gmail.com,9004736605,London,England,United Kingdom,Gold,2025-03-11,Active
CUST000232,Robert,Weeks,Female,1969-06-04,robert.weeks@gmail.com,6186719875,Mumbai,Maharashtra,India,Platinum,2025-01-07,Active
CUST000233,Catherine,Young,Male,1970-08-02,catherine.young@hotmail.com,3431180472,London,England,United Kingdom,Silver,2025-04-05,Active
CUST000234,Philip,Lee,Male,1965-09-26,philip.lee@outlook.com,1500795126, Delhi,Delhi,India,Diamond,2023-11-27,Active
CUST000235,Megan,Fernandez,Male,1992-01-28,megan.fernandez@yahoo.com,2183077411,Bengaluru,Karnataka,India,Gold,2024-09-08,Inactive
CUST000236,Ricardo,Serrano,Female,1987-03-11,ricardo.serrano@hotmail.com,9664436575,Mumbai,Maharashtra,India,Diamond,2023-06-13,Active
CUST000237,Jessica,Rich,Female,1987-11-26,jessica.rich@yahoo.com,3097529939,Delhi,Delhi,India,Diamond,2021-08-06,Active
CUST000238,Michael,Armstrong,Female,1976-08-08,michael.armstrong@outlook.com,5978399093,Mumbai,Maharashtra,India,Silver,2026-01-03,Inactive
CUST000239,Victoria,Taylor,Female,1974-11-03,victoria.taylor@hotmail.com,3936592500,Delhi,Delhi,India,Gold,2023-08-09,Inactive
CUST000240,Robert,Valenzuela,Female,1995-04-26,robert.valenzuela@outlook.com,9104783611,Mumbai,Maharashtra,India,Gold,2025-06-21,Active
CUST000241,Michael,Chavez,Male,1989-02-19,michael.chavez@yahoo.com,3638486010,Sydney,New South Wales,Australia,Diamond,2024-12-14,Active
CUST000242,Yvonne,Miller,Female,1956-04-11,yvonne.miller@hotmail.com,1546173439,Singapore,Singapore,Singapore,Gold,2023-09-21,Active
CUST000243,Jennifer,Young,Male,1986-03-10,jennifer.young@gmail.com,6257266867,Bengaluru,Karnataka,India,Silver,2024-12-12,Inactive
CUST000244,James,Montoya,Female,1978-05-30,james.montoya@gmail.com,2287387816,Mumbai,Maharashtra,India,Diamond,2025-07-13,Active
CUST000245,Deborah,Wade,Female,1974-11-01,deborah.wade@gmail.com,9224328301,London,England,United Kingdom,Gold,2026-03-12,Inactive
CUST000246,Angela,Mcguire,Male,1959-11-04,angela.mcguire@yahoo.com,7421013223,Delhi,Delhi,India,Gold,2024-09-15,Inactive
CUST000247,Cynthia,Martin,Female,1983-09-21,cynthia.martin@gmail.com,5512672813,Bengaluru,Karnataka,India,Platinum,2025-04-26,Active
CUST000248,Jeffery,Smith,Male,1964-06-07,jeffery.smith@gmail.com,3988799935,Delhi,Delhi,India,Diamond,2024-09-04,Inactive
CUST000249,Tracy,Freeman,Female,1976-11-26,tracy.freeman@yahoo.com,1872883961,Bengaluru,Karnataka,India,Gold,2025-09-13,Active
CUST000250,Dennis,Neal,Male,1974-10-16,dennis.neal@gmail.com,,London,England,United Kingdom,Silver,2021-11-16,Inactive
CUST000251,Roy,Williamson,Male,1997-12-07,roy.williamson@gmail.com,3839497429,Hyderabad,Telangana,India,Diamond,2025-08-26,Active
CUST000252,Brianna,Thomas,Female,1991-04-18,brianna.thomas@outlook.com,7055391644,Sydney,New South Wales,Australia,Diamond,2022-09-03,Active
CUST000253,Christina,Livingston,Female,1957-12-13,christina.livingston@outlook.com,2105169554, Dubai,Dubai,UAE,Gold,2021-09-22,Inactive
CUST000254,Logan,Johnson,Female,1958-07-26,logan.johnson@outlook.com,0279223984,Delhi,Delhi,India,Platinum,2023-10-05,Active
CUST000255,Stephen,Mora,Male,1993-12-05,stephen.mora@gmail.com,1115618095,Chennai,Tamil Nadu,India,Gold,2024-12-13,Active
CUST000256,Randall,Wallace,Male,2004-05-28,randall.wallace@hotmail.com,4709182086,Bengaluru,Karnataka,India,Diamond,2022-07-29,Inactive
CUST000257,Andrea,Hernandez,Male,2004-06-04,andrea.hernandez@hotmail.com,5046417112,Hyderabad,Telangana,India,Gold,2022-05-25,Inactive
CUST000258,Erika,Smith,Female,1994-05-23,erika.smith@yahoo.com,6803169324,Delhi,Delhi,India,Gold,2021-12-12,Active
CUST000259,Juan,Wilson,Male,1965-06-11,juan.wilson@outlook.com,3383680132,Singapore,Singapore,Singapore,Silver,2026-07-17,Active
CUST000260,David,Butler,Female,2000-06-04,david.butler@hotmail.com,3920245844,Dubai,Dubai,UAE,Silver,2023-02-22,Active
CUST000261,Mark,Kaiser,Female,2001-09-26,mark.kaiser@gmail.com,2548791597,Chennai,Tamil Nadu,India,Diamond,2024-03-25,Active
CUST000262,Johnathan,Smith,Male,1991-01-04,johnathan.smith@outlook.com,7045316186,New York,New York,United States,Gold,2025-09-10,Active
CUST000263,Stephen,Holmes,Female,1988-07-16,stephen.holmes@gmail.com,8512130813,Chennai,Tamil Nadu,India,Gold,2021-10-08,Inactive
CUST000264,Lauren,Johnson,Female,2007-03-20,lauren.johnson@hotmail.com,6870092975,London,England,United Kingdom,Gold,2025-05-09,Active
CUST000265,Elizabeth,Williams,Female,1974-11-24,elizabeth.williams@hotmail.com,4161768261,Mumbai,Maharashtra,India,Gold,2022-08-03,Active
CUST000266,Gina,Gonzales,Female,2005-12-31,gina.gonzales@hotmail.com,1360634936,Delhi,Delhi,India,Gold,2026-03-14,Active
CUST000267,Stephanie,Hill,Male,1982-04-05,stephanie.hill@gmail.com,3418699425,London,England,United Kingdom,Platinum,2021-09-17,Inactive
CUST000268,Julia,Schneider,Female,1956-11-28,julia.schneider@gmail.com,6975070092, Mumbai,Maharashtra,India,Platinum,2024-12-16,Inactive
CUST000269,Alexis,Sparks,Female,1977-12-22,alexis.sparks@outlook.com,0146219777,Delhi,Delhi,India,Diamond,2025-09-20,Active
CUST000270,Margaret,Contreras,Male,1994-09-09,margaret.contreras@hotmail.com,2693527165,Dubai,Dubai,UAE,Diamond,2026-07-21,Inactive
CUST000271,Lance,Gray,Female,2002-05-06,lance.gray@outlook.com,2730396072,New York,New York,United States,Gold,2021-09-29,Inactive
CUST000272,Brandon,Lopez,Male,1974-01-27,brandon.lopez@outlook.com,6918309302,Mumbai,Maharashtra,India,Platinum,2025-01-30,Inactive
CUST000273,Gregory,Petersen,Female,1955-10-22,gregory.petersen@yahoo.com,2987211868,Hyderabad,Telangana,India,Diamond,2022-06-21,Active
CUST000274,David,Lopez,Female,1976-03-09,david.lopez@outlook.com,1391342878,Mumbai,Maharashtra,India,Gold,2022-01-05,Inactive
CUST000275,Jerry,Armstrong,Male,1983-01-03,jerry.armstrong@yahoo.com,6279023858,CHENNAI,Tamil Nadu,India,Silver,2025-04-29,Inactive
CUST000276,Lori,Gibson,Female,1986-02-16,lori.gibson@outlook.com,1706451123,Delhi,Delhi,India,Platinum,2023-04-08,Inactive
CUST000277,Jeffrey,Davis,Male,1979-10-29,john@gmail,4991332225,Hyderabad,Telangana,India,Silver,2024-09-11,Inactive
CUST000278,Brian,Cameron,Male,1985-02-13,###@gmail.com,5860061429,New York,New York,United States,Diamond,2024-05-04,Inactive
CUST000279,Jill,Clark,Female,1971-02-08,jill.clark@outlook.com,6444261435,SINGAPORE,Singapore,Singapore,Diamond,2023-05-04,Active
CUST000280,Jonathan,Farrell,Female,1965-11-04,jonathan.farrell@gmail.com,3313848047,Dubai,Dubai,UAE,Gold,2022-01-30,Active
CUST000281,Joseph,Mcdowell,Female,1979-09-09,joseph.mcdowell@yahoo.com,5914850615,Bengaluru,Karnataka,India,Gold,2022-09-04,Active
CUST000282,Caitlyn,Arroyo,Male,1963-07-01,caitlyn.arroyo@yahoo.com,5534471202,Delhi,Delhi,India,Silver,2022-06-12,Inactive
CUST000283,Benjamin,Johnson,Female,1956-09-22,benjamin.johnson@outlook.com,0235720711,Dubai,Dubai,UAE,Silver,2025-01-20,Active
CUST000284,Barbara,Rodriguez,Male,2007-08-10,barbara.rodriguez@outlook.com,2940588555,Hyderabad,Telangana,India,Gold,2022-02-28,Active
CUST000285,Joel,Schroeder,Female,1984-09-17,joel.schroeder@outlook.com,4731716012,Mumbai,Maharashtra,India,Silver,2025-03-25,Inactive
CUST000286,Tammy,Sanchez,Female,2007-08-03,tammy.sanchez@outlook.com,7649992815,Chennai,Tamil Nadu,India,Silver,2021-11-04,Inactive
CUST000287,Ashley,James,Female,1999-06-11,ashley.james@hotmail.com,8747138665,Chennai,Tamil Nadu,India,Diamond,2025-08-23,Inactive
CUST000288,Nicole,Nelson,Male,1955-09-02,nicole.nelson@outlook.com,8793974510,Bengaluru,Karnataka,India,Gold,2024-05-27,Inactive
CUST000289,Nicole,Crawford,Female,1978-09-26,nicole.crawford@yahoo.com,4548672896,Hyderabad,Telangana,India,Platinum,2025-11-07,Active
CUST000290,John,Lang,Female,1995-10-16,john.lang@hotmail.com,7165812491,Mumbai,Maharashtra,India,Diamond,2025-07-17,Inactive
CUST000291,Billy,Lyons,Female,1972-02-07,billy.lyons@yahoo.com,3631521229,Bengaluru,Karnataka,India,Silver,2023-12-07,Inactive
CUST000292,Stacey,Vazquez,Male,1980-01-24,stacey.vazquez@hotmail.com,4200970253,New York,New York,United States,Silver,2022-09-03,Inactive
CUST000293,Dave,Smith,Female,1988-04-07,dave.smith@gmail.com,9009239028,Delhi,Delhi,India,Diamond,2026-01-14,Active
CUST000294,Lisa,Love,Female,1976-08-13,lisa.love@gmail.com,0399299450,Delhi,Delhi,India,Gold,2025-10-24,Inactive
CUST000295,Patrick,Jackson,Male,1985-10-22,patrick.jackson@outlook.com,8811956562,Sydney,New South Wales,Australia,Silver,2022-10-16,Active
CUST000296,Jessica,Holt,Female,1974-05-17,jessica.holt@outlook.com,1924636962,Bengaluru,Karnataka,India,Silver,2021-09-23,Inactive
CUST000297,Benjamin,Love,Female,1959-05-29,abc@,3013816421,Bengaluru,Karnataka,India,Platinum,2026-05-29,Inactive
CUST000298,Rebecca,Allen,Male,1994-03-18,rebecca.allen@gmail.com,0081430654,Bengaluru,Karnataka,India,Silver,2025-06-09,Inactive
CUST000299,Christopher,Dunn,Male,1965-05-01,christopher.dunn@hotmail.com,9314917936,Delhi,Delhi,India,Platinum,2022-05-19,Inactive
CUST000300,Roberto,Gonzalez,Female,1955-12-30,roberto.gonzalez@yahoo.com,6393256452,Singapore,Singapore,Singapore,Diamond,2026-05-30,Active
CUST000301,Jessica,Griffith,Male,1965-09-30,jessica.griffith@yahoo.com,3867752298,Chennai,Tamil Nadu,India,Gold,2022-07-08,Active
CUST000302,Jill,Boyle,Female,2001-07-17,jill.boyle@hotmail.com,6949390738,Delhi,Delhi,India,Platinum,2023-01-27,Inactive
CUST000303,Caitlin,Lewis,Female,1959-12-06,caitlin.lewis@yahoo.com,0712163754,London,England,United Kingdom,Diamond,2025-11-08,Active
CUST000304,Debra,Best,Female,1959-09-08,debra.best@gmail.com,2127720625,Mumbai,Maharashtra,India,Gold,2022-04-28,Active
CUST000305,Aaron,Smith,Female,1977-02-05,aaron.smith@outlook.com,9552383515,Chennai,Tamil Nadu,India,Platinum,2021-09-18,Active
CUST000306,Sheila,Wright,Male,2000-04-01,,3660560802,Hyderabad,Telangana,India,Silver,2021-11-04,Inactive
CUST000307,Randy,Campbell,Male,2001-01-16,randy.campbell@yahoo.com,9504650762,New York ,New York,United States,Platinum,2025-02-03,Active
CUST000308,Heather,Mcdonald,Female,1982-09-15,heather.mcdonald@outlook.com,1388983282,Bengaluru,Karnataka,India,Platinum,2022-02-07,Inactive
CUST000309,Joshua,French,Male,1961-10-09,joshua.french@gmail.com,0626939990,Sydney,New South Wales,Australia,Diamond,2023-07-20,Inactive
CUST000310,Mindy,Richards,Female,1963-07-19,mindy.richards@gmail.com,6136333915,Delhi,Delhi,India,Gold,2023-11-03,Inactive
CUST000311,Richard,Flores,Female,1995-01-18,richard.flores@hotmail.com,6228211807,Delhi,Delhi,India,Diamond,2023-10-10,Inactive
CUST000312,Melissa,Ellison,Female,1977-06-29,melissa.ellison@outlook.com,6680206690,Mumbai,Maharashtra,India,Diamond,2024-10-23,Active
CUST000313,Melissa,Garrison,Female,1985-12-18,melissa.garrison@outlook.com,4868985251,New York,New York,United States,Gold,2024-01-29,Inactive
CUST000314,Stephen,Riley,Female,1989-04-24,stephen.riley@hotmail.com,1816096221,New York,New York,United States,Silver,2025-07-10,Active
CUST000315,Jennifer,Higgins,Female,1962-11-30,jennifer.higgins@gmail.com,0458601509,Hyderabad,Telangana,India,Gold,2023-05-04,Active
CUST000316,Christian,Clark,Female,1969-03-27,christian.clark@outlook.com,4328924454,Bengaluru,Karnataka,India,Diamond,2022-07-20,Active
CUST000317,Ann,Robinson,Female,1968-04-10,ann.robinson@hotmail.com,5554039883,Delhi,Delhi,India,Platinum,2025-10-18,Inactive
CUST000318,Crystal,Johnson,Female,1994-06-27,crystal.johnson@yahoo.com,1680102733,Chennai,Tamil Nadu,India,Platinum,2025-09-07,Active
CUST000319,Glenn,Webb,Female,1978-02-22,glenn.webb@hotmail.com,0075698555,New York,New York,United States,Diamond,2024-03-03,Inactive
CUST000320,Brandi,Lowery,Female,2003-12-16,brandi.lowery@gmail.com,3592540902,Dubai,Dubai,UAE,Silver,2025-11-21,Inactive
CUST000321,Pamela,Lawrence,Female,1981-09-18,pamela.lawrence@outlook.com,9260052908,Delhi,Delhi,India,Platinum,2024-07-15,Active
CUST000322,Heather,Fry,Female,1960-02-17,heather.fry@hotmail.com,4093593624,Chennai,Tamil Nadu,India,Gold,2021-08-27,Active
CUST000323,Stephanie,Smith,Male,1967-04-09,stephanie.smith@yahoo.com,1935315665,London,England,United Kingdom,Gold,2026-04-15,Inactive
CUST000324,Miranda,Walker,Female,1996-05-01,miranda.walker@yahoo.com,6687522711,Hyderabad,Telangana,India,Diamond,2025-09-25,Inactive
CUST000325,Kimberly,Smith,Female,1960-04-13,kimberly.smith@hotmail.com,3558456620,Singapore,Singapore,Singapore,Diamond,2025-02-24,Inactive
CUST000326,Keith,Sloan,Male,1958-03-17,keith.sloan@yahoo.com,0186457329,Sydney,New South Wales,Australia,Diamond,2026-06-10,Active
CUST000327,Denise,Ryan,Male,1996-05-30,denise.ryan@gmail.com,9944354760,Delhi,Delhi,India,Diamond,2025-01-29,Inactive
CUST000328,David,Carpenter,Female,1974-04-17,david.carpenter@gmail.com,8746525992,Hyderabad,Telangana,India,Gold,2022-05-01,Active
CUST000329,Erik,Abbott,Male,1981-10-23,erik.abbott@yahoo.com,3248404808,Sydney,New South Wales,Australia,Diamond,2025-01-06,Inactive
CUST000330,Brent,Jordan,Female,2001-08-26,brent.jordan@outlook.com,7652008413,London,England,United Kingdom,Platinum,2025-02-19,Inactive
CUST000331,Jermaine,Nolan,Male,1956-11-27,jermaine.nolan@yahoo.com,6690866576,London,England,United Kingdom,Platinum,2024-05-23,Active
CUST000332,Harold,Long,Female,1970-01-26,harold.long@yahoo.com,9958948511,Dubai,Dubai,UAE,Platinum,2023-01-26,Active
CUST000333,Mackenzie,Murphy,Male,1973-03-21,mackenzie.murphy@hotmail.com,6113997099,Dubai,Dubai,UAE,Platinum,2022-12-04,Active
CUST000334,Sandra,Walker,Female,1987-03-11,sandra.walker@yahoo.com,9955347301,Delhi,Delhi,India,Diamond,2024-02-19,Active
CUST000335,Jennifer,Schroeder,Female,1998-10-31,jennifer.schroeder@gmail.com,5011712680,Bengaluru,Karnataka,India,Platinum,2024-11-30,Active
CUST000336,Ruth,Lindsey,Female,1988-02-05,ruth.lindsey@gmail.com,5423214857,Chennai,Tamil Nadu,India,Gold,2024-03-13,Inactive
CUST000337,Samuel,Barajas,Female,1981-12-21,samuel.barajas@hotmail.com,0648458619,Delhi,Delhi,India,Gold,2024-02-12,Active
CUST000338,Connie,Reeves,Male,1976-07-23,connie.reeves@gmail.com,0883609147,Hyderabad,Telangana,India,Silver,2023-03-29,Active
CUST000339,Jonathan,Barajas,Female,1985-01-02,jonathan.barajas@outlook.com,5370876626,Chennai,Tamil Nadu,India,Gold,2023-05-19,Active
CUST000340,Justin,Campbell,Female,2001-12-22,justin.campbell@hotmail.com,0229728203,Sydney,New South Wales,Australia,Silver,2024-10-23,Inactive
CUST000341,Barbara,Cox,Female,1980-04-12,barbara.cox@hotmail.com,4661274053,Chennai,Tamil Nadu,India,Platinum,2024-11-21,Inactive
CUST000342,Douglas,Henderson,Female,1975-09-04,douglas.henderson@yahoo.com,6876744271,Singapore,Singapore,Singapore,Diamond,2024-04-14,Active
CUST000343,Michael,Gay,Female,1972-03-03,michael.gay@hotmail.com,3238745356,New York,New York,United States,Silver,2026-04-27,Active
CUST000344,Diana,Boyer,Female,1957-04-18,diana.boyer@hotmail.com,0365043148,Dubai,Dubai,UAE,Gold,2025-11-25,Active
CUST000345,David,Williams,Female,1978-09-16,david.williams@gmail.com,4697314218,Chennai ,Tamil Nadu,India,Gold,2024-02-08,Active
CUST000346,Marc,Dean,Female,1985-02-08,marc.dean@gmail.com,6826710586,Singapore,Singapore,Singapore,Gold,2021-08-26,Inactive
CUST000347,Leslie,Rivera,Male,1966-12-23,leslie.rivera@outlook.com,2167510087,Dubai,Dubai,UAE,Silver,2022-11-22,Inactive
CUST000348,Shelby,Jones,Male,1970-09-04,shelby.jones@hotmail.com,9250248015,Bengaluru,Karnataka,India,Platinum,2023-10-05,Inactive
CUST000349,Ivan,Ruiz,Female,1979-04-03,ivan.ruiz@yahoo.com,5846391572,Chennai,Tamil Nadu,India,Silver,2024-06-24,Inactive
CUST000350,Dennis,Carpenter,Male,1971-10-10,dennis.carpenter@gmail.com,4406930188,Hyderabad,Telangana,India,Diamond,2022-01-18,Inactive
CUST000351,Jonathan,Walker,Male,1984-04-21,jonathan.walker@gmail.com,1369195496,Dubai,Dubai,UAE,Gold,2023-08-02,Active
CUST000352,Tanner,Jackson,Female,1962-03-13,tanner.jackson@outlook.com,0303580362,Sydney,New South Wales,Australia,Silver,2022-08-21,Active
CUST000353,Ashley,Neal,Male,1960-09-27,ashley.neal@gmail.com,5157556776,Bengaluru,Karnataka,India,Gold,2023-12-06,Inactive
CUST000354,David,James,Male,1995-12-17,david.james@yahoo.com,3683825043,Singapore,Singapore,Singapore,Silver,2025-12-17,Inactive
CUST000355,Ariana,Franklin,Female,1982-12-13,,6382902197,Delhi ,Delhi,India,Platinum,2024-05-23,Active
CUST000356,Douglas,Mata,Female,1983-07-05,douglas.mata@outlook.com,2573537935,Chennai,Tamil Nadu,India,Platinum,2022-12-10,Inactive
CUST000357,Joshua,Snow,Female,1968-10-08,joshua.snow@outlook.com,0197736240,London,England,United Kingdom,Platinum,2024-08-07,Inactive
CUST000358,Karen,Padilla,Female,1974-09-23,karen.padilla@outlook.com,1579518001,London,England,United Kingdom,Platinum,2024-04-11,Active
CUST000359,Jose,Berry,Female,1979-04-16,jose.berry@hotmail.com,6849836297,London,England,United Kingdom,Silver,2021-10-19,Inactive
CUST000360,Kerry,Miller,Female,1995-01-29,kerry.miller@yahoo.com,5523649687,Sydney,New South Wales,Australia,Platinum,2024-10-13,Inactive
CUST000361,Cynthia,Padilla,Female,1999-02-06,cynthia.padilla@yahoo.com,9874178779,London,England,United Kingdom,Gold,2025-10-13,Inactive
CUST000362,David,White,Female,1999-11-27,david.white@yahoo.com,6414226914,London,England,United Kingdom,Silver,2022-11-14,Active
CUST000363,Jason,Brown,Female,1993-12-15,jason.brown@hotmail.com,6512611074,Bengaluru,Karnataka,India,Platinum,2021-10-07,Active
CUST000364,Thomas,Lynch,Male,1983-09-22,thomas.lynch@gmail.com,0353407015,Dubai,Dubai,UAE,Silver,2023-10-26,Active
CUST000365,Eric,Stewart,Male,1985-08-11,eric.stewart@outlook.com,0358386308,Mumbai,Maharashtra,India,Platinum,2024-11-27,Inactive
CUST000366,Elizabeth,Coleman,Female,1986-12-10,elizabeth.coleman@yahoo.com,2957153666,SINGAPORE,Singapore,Singapore,Platinum,2024-03-01,Active
CUST000367,Katelyn,Mitchell,Female,1963-04-22,katelyn.mitchell@outlook.com,2217017133,Delhi,Delhi,India,Diamond,2026-01-29,Active
CUST000368,Nathan,Gray,Male,1995-01-31,nathan.gray@gmail.com,6140469639,Bengaluru,Karnataka,India,Diamond,2022-10-31,Inactive
CUST000369,Jessica,Mccall,Female,1985-09-05,jessica.mccall@hotmail.com,6053948421,Chennai,Tamil Nadu,India,Platinum,2021-11-14,Active
CUST000370,Katie,Parker,Female,1996-03-23,katie.parker@gmail.com,1074735991,Dubai,Dubai,UAE,Gold,2025-06-12,Inactive
CUST000371,Jerry,Wilson,Male,1963-02-20,jerry.wilson@yahoo.com,4565422929,Dubai,Dubai,UAE,Silver,2025-12-18,Active
CUST000372,Lauren,Garrett,Female,2005-05-18,lauren.garrett@outlook.com,2553403590,Singapore,Singapore,Singapore,Gold,2026-04-18,Active
CUST000373,Blake,Sharp,Female,1980-03-08,blake.sharp@outlook.com,2145987888,Delhi,Delhi,India,Silver,2025-08-23,Active
CUST000374,Raven,Miller,Male,1958-07-06,john@gmail,0095180519,Mumbai,Maharashtra,India,Gold,2026-04-02,Inactive
CUST000375,Kimberly,Hall,Male,1968-06-16,kimberly.hall@hotmail.com,2025321604,Dubai,Dubai,UAE,Diamond,2022-08-08,Active
CUST000376,Helen,Bolton,Female,2003-08-07,helen.bolton@yahoo.com,3244259602,Dubai,Dubai,UAE,Silver,2021-11-24,Inactive
CUST000377,Stacy,Webb,Male,2000-06-13,stacy.webb@gmail.com,7596580570,Singapore,Singapore,Singapore,Diamond,2025-04-01,Active
CUST000378,Janet,Flores,Male,1976-10-19,janet.flores@yahoo.com,0015493445,Singapore,Singapore,Singapore,Diamond,2022-10-25,Inactive
CUST000379,Michael,Winters,Female,2001-07-05,michael.winters@gmail.com,2183935908,Singapore,Singapore,Singapore,Diamond,2024-04-01,Active
CUST000380,Jennifer,Delacruz,Female,1995-09-27,jennifer.delacruz@outlook.com,3322342527,Hyderabad,Telangana,India,Platinum,2025-10-16,Inactive
CUST000381,Tracy,Gomez,Female,1978-02-02,tracy.gomez@gmail.com,8647055611,Sydney,New South Wales,Australia,Gold,2023-12-12,Inactive
CUST000382,Russell,Stanley,Male,1987-07-25,russell.stanley@hotmail.com,4406347204,Bengaluru,Karnataka,India,Diamond,2022-04-22,Inactive
CUST000383,Courtney,Miller,Male,2008-06-28,courtney.miller@gmail.com,8161357313,Mumbai,Maharashtra,India,Gold,2024-01-14,Inactive
CUST000384,Edward,Knox,Male,2000-03-21,edward.knox@outlook.com,4125628929,Bengaluru,Karnataka,India,Gold,2025-05-24,Active
CUST000385,Jessica,Hoffman,Female,1996-08-28,jessica.hoffman@outlook.com,2858243523,Singapore,Singapore,Singapore,Silver,2021-09-30,Active
CUST000386,Barbara,Lee,Male,1968-07-27,barbara.lee@hotmail.com,7281663154,Sydney,New South Wales,Australia,Platinum,2022-01-23,Inactive
CUST000387,Samuel,Leon,Female,1965-06-20,samuel.leon@hotmail.com,5271339988,Singapore,Singapore,Singapore,Gold,2026-02-25,Inactive
CUST000388,Shannon,Summers,Male,1966-09-10,,4656938920,London,England,United Kingdom,Silver,2025-01-25,Inactive
CUST000389,Jeremy,Smith,Male,1977-04-06,jeremy.smith@yahoo.com,0037498992,Dubai,Dubai,UAE,Silver,2022-10-25,Active
CUST000390,Brittany,Davila,Male,1957-11-04,brittany.davila@hotmail.com,9152876124,New York,New York,United States,Silver,2021-08-09,Active
CUST000391,Carly,Burton,Female,1960-10-31,carly.burton@hotmail.com,3512960544,Chennai,Tamil Nadu,India,Diamond,2026-04-17,Inactive
CUST000392,Michael,Mills,Male,1967-09-28,michael.mills@gmail.com,8401675823,Chennai,Tamil Nadu,India,Gold,2021-09-03,Active
CUST000393,Mark,Ellis,Female,1995-01-23,mark.ellis@gmail.com,1672710354,Sydney,New South Wales,Australia,Silver,2022-01-21,Inactive
CUST000394,Timothy,Butler,Male,1989-04-11,timothy.butler@gmail.com,1187070534,Dubai,Dubai,UAE,Platinum,2023-05-16,Inactive
CUST000395,Kenneth,Rich,Female,2008-04-13,kenneth.rich@outlook.com,6723272350,New York,New York,United States,Gold,2023-01-06,Inactive
CUST000396,Erin,Jenkins,Female,2006-09-16,erin.jenkins@hotmail.com,5201789595,New York,New York,United States,Gold,2023-04-23,Inactive
CUST000397,Mary,Simmons,Female,1977-10-25,mary.simmons@gmail.com,2550087742,Mumbai,Maharashtra,India,Silver,2023-08-13,Active
CUST000398,Shane,Hoffman,Male,1958-04-16,shane.hoffman@gmail.com,,Hyderabad,Telangana,India,Silver,2022-11-20,Active
CUST000399,Laura,Melton,Female,1993-11-06,laura.melton@gmail.com,2062025992,Mumbai,Maharashtra,India,Silver,2022-06-20,Inactive
CUST000400,Tracy,Bush,Male,1990-07-20,@gmail.com,6028163504,New York,New York,United States,Diamond,2024-09-20,Inactive
CUST000401,Oscar,Smith,Male,1996-05-19,oscar.smith@yahoo.com,6535492493,Delhi,Delhi,India,Gold,2021-08-13,Inactive
CUST000402,Elizabeth,Clark,Male,1987-05-05,elizabeth.clark@gmail.com,8889893109,London,England,United Kingdom,Gold,2022-03-20,Inactive
CUST000403,Angel,Daniel,Male,1993-09-11,angel.daniel@yahoo.com,4469075106,Sydney,New South Wales,Australia,Diamond,2026-05-07,Inactive
CUST000404,Robert,Cardenas,Male,1971-06-22,robert.cardenas@hotmail.com,9793656743,Dubai,Dubai,UAE,Gold,2024-12-27,Inactive
CUST000405,Susan,Lynch,Female,1980-11-14,susan.lynch@hotmail.com,8760654190,Chennai,Tamil Nadu,India,Diamond,2022-08-27,Active
CUST000406,Joseph,Kerr,Male,1991-10-11,joseph.kerr@outlook.com,6708729435,Singapore,Singapore,Singapore,Silver,2026-05-08,Active
CUST000407,Michael,Jones,Male,1959-02-18,michael.jones@yahoo.com,7042124577,New York,New York,United States,Platinum,2026-03-16,Active
CUST000408,Michaela,Hall,Male,2002-01-23,michaela.hall@outlook.com,1185194121,Dubai,Dubai,UAE,Diamond,2026-03-22,Inactive
CUST000409,Christopher,Mccarthy,Female,1980-08-18,christopher.mccarthy@gmail.com,3861518340,Singapore ,Singapore,Singapore,Gold,2022-03-06,Inactive
CUST000410,Wayne,Blair,Female,1955-09-09,wayne.blair@hotmail.com,8039340675,New York,New York,United States,Platinum,2024-08-31,Inactive
CUST000411,Alisha,Parrish,Male,1969-04-26,alisha.parrish@yahoo.com,4735347935,New York,New York,United States,Diamond,2025-05-13,Active
CUST000412,Alfred,Warner,Female,1985-07-06,alfred.warner@yahoo.com,2870178926,Singapore,Singapore,Singapore,Diamond,2022-11-23,Inactive
CUST000413,Linda,Young,Female,1967-01-10,linda.young@outlook.com,4164776136,Bengaluru,Karnataka,India,Gold,2025-12-27,Active
CUST000414,James,Jones,Female,1998-11-24,james.jones@hotmail.com,2999999197,Hyderabad,Telangana,India,Platinum,2026-07-17,Inactive
CUST000415,Anna,Johnson,Male,2003-01-23,anna.johnson@hotmail.com,0224659367,Mumbai,Maharashtra,India,Silver,2022-01-24,Inactive
CUST000416,Tamara,White,Female,1970-11-04,tamara.white@outlook.com,5861206940,Bengaluru,Karnataka,India,Silver,2022-12-02,Active
CUST000417,Larry,Hanson,Female,1992-02-29,larry.hanson@hotmail.com,7008836854,Delhi,Delhi,India,Platinum,2025-11-05,Active
CUST000418,Catherine,Dunn,Male,1981-06-20,catherine.dunn@outlook.com,9798793920,Mumbai,Maharashtra,India,Platinum,2025-04-26,Inactive
CUST000419,Kenneth,Cox,Female,1957-10-28,kenneth.cox@outlook.com,6592470458,New York,New York,United States,Platinum,2025-07-07,Inactive
CUST000420,Stuart,House,Male,2000-10-30,stuart.house@hotmail.com,1383284553,New York,New York,United States,Gold,2024-12-12,Inactive
CUST000421,Joel,Moreno,Male,1961-12-30,joel.moreno@yahoo.com,0369809737,Mumbai,Maharashtra,India,Silver,2022-02-10,Inactive
CUST000422,Leonard,Gibbs,Female,1987-03-05,leonard.gibbs@gmail.com,2497762386,Singapore,Singapore,Singapore,Gold,2024-11-22,Active
CUST000423,Robert,Hurst,Male,1998-06-05,robert.hurst@hotmail.com,7394038203,Bengaluru,Karnataka,India,Gold,2022-06-15,Inactive
CUST000424,Kristine,Jones,Female,1964-06-08,kristine.jones@gmail.com,6833759463,Hyderabad,Telangana,India,Platinum,2024-05-23,Inactive
CUST000425,Charlotte,Adams,Female,1983-06-17,charlotte.adams@hotmail.com,3555438794,Chennai,Tamil Nadu,India,Silver,2025-11-14,Active
CUST000426,Kimberly,Boyer,Female,1959-01-09,kimberly.boyer@yahoo.com,6670230181,Chennai,Tamil Nadu,India,Silver,2022-02-12,Inactive
CUST000427,Duane,Cowan,Female,1959-06-23,duane.cowan@gmail.com,9554813950,Hyderabad ,Telangana,India,Silver,2024-01-08,Inactive
CUST000428,Samuel,Bentley,Female,1987-01-29,samuel.bentley@outlook.com,3087742495,Singapore,Singapore,Singapore,Silver,2021-11-28,Inactive
CUST000429,Eileen,Russell,Female,1977-07-26,eileen.russell@hotmail.com,3001011995,Bengaluru,Karnataka,India,Platinum,2025-03-14,Active
CUST000430,Jonathan,Blevins,Female,1975-10-19,jonathan.blevins@hotmail.com,2224935697,Delhi,Delhi,India,Silver,2023-04-11,Inactive
CUST000431,Alicia,Martin,Female,1960-05-24,alicia.martin@outlook.com,0894338156,Bengaluru,Karnataka,India,Diamond,2024-06-17,Active
CUST000432,Jason,Perez,Female,1999-11-06,jason.perez@hotmail.com,8891751393,Hyderabad,Telangana,India,Diamond,2023-10-10,Active
CUST000433,Anna,Chambers,Male,1960-01-29,anna.chambers@gmail.com,4043909501,Dubai,Dubai,UAE,Diamond,2025-11-08,Active
CUST000434,Thomas,Wu,Male,1987-12-30,thomas.wu@hotmail.com,4323427444,Dubai ,Dubai,UAE,Platinum,2026-05-17,Inactive
CUST000435,Susan,Lara,Male,1974-02-13,susan.lara@outlook.com,2079061762,Singapore,Singapore,Singapore,Silver,2024-12-15,Active
CUST000436,Jessica,Jones,Male,1979-08-07,jessica.jones@gmail.com,0448910239,London,England,United Kingdom,Platinum,2025-07-15,Inactive
CUST000437,John,Richards,Female,1999-08-07,john.richards@yahoo.com,0998795919,Delhi,Delhi,India,Gold,2023-01-25,Active
CUST000438,Christopher,Gonzalez,Male,1961-06-03,christopher.gonzalez@outlook.com,9645401683,Dubai,Dubai,UAE,Diamond,2026-04-24,Active
CUST000439,Shannon,Shaw,Female,1966-09-03,shannon.shaw@yahoo.com,9666177171,Hyderabad,Telangana,India,Gold,2021-11-25,Inactive
CUST000440,Sarah,Berry,Male,1960-12-29,sarah.berry@hotmail.com,9974420568,London ,England,United Kingdom,Gold,2022-11-29,Active
CUST000441,Jacqueline,Hammond,Female,1998-04-28,jacqueline.hammond@hotmail.com,9472191710,New York,New York,United States,Diamond,2025-03-06,Inactive
CUST000442,Katherine,Meyer,Male,1971-06-27,katherine.meyer@hotmail.com,7467405156,Singapore,Singapore,Singapore,Platinum,2025-03-27,Active
CUST000443,Lisa,Soto,Male,1978-12-04,lisa.soto@hotmail.com,4048117427,Hyderabad,Telangana,India,Platinum,2024-05-28,Active
CUST000444,Latoya,Wood,Male,1986-09-14,latoya.wood@outlook.com,1294897696, Sydney,New South Wales,Australia,Gold,2025-03-13,Active
CUST000445,Julie,Shelton,Female,1993-07-15,julie.shelton@yahoo.com,3676325179,Dubai,Dubai,UAE,Gold,2024-03-27,Active
CUST000446,Tiffany,Bonilla,Female,2004-10-08,tiffany.bonilla@gmail.com,8177200034,New York,New York,United States,Silver,2021-08-31,Inactive
CUST000447,Barbara,Jones,Male,2007-07-26,barbara.jones@hotmail.com,4792205763,London,England,United Kingdom,Diamond,2024-12-09,Inactive
CUST000448,Dominic,Cunningham,Female,2000-08-21,dominic.cunningham@gmail.com,5308545844,Hyderabad,Telangana,India,Diamond,2024-10-28,Inactive
CUST000449,Louis,Robinson,Female,1995-03-31,louis.robinson@yahoo.com,9311073887,London,England,United Kingdom,Silver,2025-02-06,Inactive
CUST000450,Jerry,Cook,Male,1996-04-12,jerry.cook@gmail.com,9537171331,Bengaluru,Karnataka,India,Platinum,2025-06-13,Inactive
CUST000451,Erin,Cherry,Female,1997-01-17,erin.cherry@yahoo.com,3856046970,Chennai,Tamil Nadu,India,Silver,2024-10-23,Inactive
CUST000452,Derrick,Christensen,Female,1967-12-16,derrick.christensen@hotmail.com,1851301370,Mumbai,Maharashtra,India,Platinum,2025-11-15,Inactive
CUST000453,Jessica,Martinez,Female,1971-09-15,jessica.martinez@gmail.com,2160607303,Chennai,Tamil Nadu,India,Platinum,2022-03-05,Active
CUST000454,Patrick,Boyer,Male,2007-01-10,patrick.boyer@gmail.com,8994823519,Singapore,Singapore,Singapore,Silver,2025-06-06,Active
CUST000455,Richard,Skinner,Male,1962-12-05,richard.skinner@gmail.com,1708985509,Singapore,Singapore,Singapore,Silver,2022-11-14,Inactive
CUST000456,Matthew,Stephens,Male,1973-02-21,matthew.stephens@yahoo.com,6681712190,Singapore,Singapore,Singapore,Gold,2025-03-13,Active
CUST000457,Geoffrey,Kidd,Male,1974-06-18,geoffrey.kidd@gmail.com,9591110312, Delhi,Delhi,India,Silver,2022-03-16,Inactive
CUST000458,Carol,Liu,Female,2004-02-04,carol.liu@yahoo.com,3871327538,Dubai,Dubai,UAE,Diamond,2022-06-18,Inactive
CUST000459,Christopher,Craig,Female,1998-04-15,christopher.craig@yahoo.com,1523499380,Sydney,New South Wales,Australia,Silver,2023-11-24,Active
CUST000460,Denise,Bird,Female,2006-11-20,denise.bird@hotmail.com,7066345722,Mumbai,Maharashtra,India,Silver,2026-04-25,Active
CUST000461,Michelle,Williams,Male,1972-12-17,###@gmail.com,5734119393,Chennai,Tamil Nadu,India,Silver,2021-07-31,Active
CUST000462,Mary,Soto,Female,1990-06-14,mary.soto@gmail.com,5596475829,New York,New York,United States,Silver,2022-03-23,Active
CUST000463,Brittney,Cameron,Female,2008-01-23,brittney.cameron@gmail.com,5045976287,London,England,United Kingdom,Platinum,2026-05-29,Active
CUST000464,Lindsey,James,Female,1966-07-30,lindsey.james@outlook.com,1210096896,Singapore,Singapore,Singapore,Diamond,2022-12-11,Inactive
CUST000465,Samantha,Hamilton,Female,1957-03-21,samantha.hamilton@gmail.com,7984641862,Dubai,Dubai,UAE,Gold,2024-06-18,Active
CUST000466,Cynthia,Torres,Male,1967-07-20,cynthia.torres@hotmail.com,4773728738,Singapore,Singapore,Singapore,Silver,2025-11-19,Inactive
CUST000467,Lisa,Green,Female,1971-05-27,lisa.green@yahoo.com,1319430430,New York,New York,United States,Diamond,2022-07-19,Inactive
CUST000468,Olivia,Brown,Female,1963-06-10,olivia.brown@outlook.com,4064752029,Chennai,Tamil Nadu,India,Diamond,2023-05-28,Inactive
CUST000469,Ryan,Martinez,Female,1967-09-12,ryan.martinez@hotmail.com,8539905810,Chennai,Tamil Nadu,India,Silver,2024-02-06,Inactive
CUST000470,Joy,Santos,Male,1997-10-25,joy.santos@gmail.com,4364204390,Chennai,Tamil Nadu,India,Platinum,2024-10-14,Active
CUST000471,Michael,May,Male,1967-06-02,michael.may@yahoo.com,5133438385,New York,New York,United States,Platinum,2024-04-07,Active
CUST000472,Kimberly,Shaffer,Female,1986-02-15,kimberly.shaffer@hotmail.com,9937798557,New York,New York,United States,Platinum,2022-08-04,Active
CUST000473,James,Nelson,Male,2002-08-07,james.nelson@hotmail.com,1732777006,Delhi,Delhi,India,Platinum,2021-10-30,Active
CUST000474,Jessica,Reed,Male,1998-09-21,jessica.reed@outlook.com,9701758600,London,England,United Kingdom,Gold,2026-06-04,Active
CUST000475,Patricia,Anderson,Female,1981-02-27,patricia.anderson@gmail.com,7837776340,Hyderabad,Telangana,India,Gold,2022-03-03,Inactive
CUST000476,Anthony,Green,Male,1998-01-16,anthony.green@gmail.com,9013390907,Singapore,Singapore,Singapore,Gold,2022-03-11,Active
CUST000477,Kimberly,Bell,Male,1998-08-15,kimberly.bell@yahoo.com,2747755763,Hyderabad,Telangana,India,Platinum,2023-02-10,Inactive
CUST000478,Bianca,Stone,Female,1988-03-28,bianca.stone@outlook.com,7571692496,London,England,United Kingdom,Silver,2023-01-30,Inactive
CUST000479,Denise,Mosley,Female,1981-05-15,denise.mosley@hotmail.com,7269990935,Delhi,Delhi,India,Platinum,2022-01-06,Inactive
CUST000480,Caroline,Wilson,Male,1985-03-07,caroline.wilson@gmail.com,4312551384,Dubai,Dubai,UAE,Gold,2025-02-02,Active
CUST000481,Mark,Mcintosh,Female,1990-02-01,mark.mcintosh@gmail.com,6739701255,HYDERABAD,Telangana,India,Diamond,2023-07-13,Active
CUST000482,Lisa,Collins,Male,1969-05-18,lisa.collins@yahoo.com,8273711833,Delhi,Delhi,India,Silver,2024-03-16,Active
CUST000483,Sharon,Wilson,Male,1968-05-11,sharon.wilson@yahoo.com,8249872228,New York,New York,United States,Silver,2025-11-25,Active
CUST000484,Jared,Foster,Male,1967-03-03,jared.foster@gmail.com,3511167585,London,England,United Kingdom,Silver,2022-09-09,Inactive
CUST000485,Margaret,Kennedy,Female,1963-09-21,margaret.kennedy@hotmail.com,3398219279,Singapore,Singapore,Singapore,Gold,2025-03-25,Active
CUST000486,Jennifer,Henry,Female,1967-01-05,jennifer.henry@hotmail.com,0649873052,London,England,United Kingdom,Silver,2022-04-05,Active
CUST000487,Michael,Edwards,Female,1978-10-24,michael.edwards@gmail.com,,London,England,United Kingdom,Platinum,2022-11-03,Active
CUST000488,April,Horton,Female,2004-03-26,april.horton@yahoo.com,9140299349,Delhi,Delhi,India,Silver,2024-02-05,Active
CUST000489,John,Hall,Male,1959-07-14,abc@,1587143772,Hyderabad,Telangana,India,Diamond,2025-06-18,Inactive
CUST000490,Kelly,Boyle,Male,1983-01-16,kelly.boyle@gmail.com,9339343235,Delhi,Delhi,India,Platinum,2023-09-10,Inactive
CUST000491,Ryan,Valdez,Female,1975-12-12,ryan.valdez@gmail.com,9311329149,Delhi,Delhi,India,Platinum,2023-03-21,Inactive
CUST000492,Daniel,Williams,Female,1996-12-06,daniel.williams@yahoo.com,0503663711,Chennai,Tamil Nadu,India,Gold,2022-10-18,Active
CUST000493,Tony,Hardin,Male,1999-03-04,tony.hardin@outlook.com,8828432295,Sydney,New South Wales,Australia,Diamond,2025-01-26,Inactive
CUST000494,Melissa,Campbell,Female,1969-03-20,melissa.campbell@gmail.com,5272908435,New York,New York,United States,Gold,2023-05-29,Inactive
CUST000495,Jacob,Rivera,Female,1986-06-04,jacob.rivera@yahoo.com,1365018712,Delhi,Delhi,India,Platinum,2026-07-12,Active
CUST000496,Joseph,Maxwell,Female,1968-08-09,joseph.maxwell@hotmail.com,0382431748,Sydney,New South Wales,Australia,Platinum,2024-04-19,Inactive
CUST000497,Carrie,Green,Male,1994-09-29,carrie.green@outlook.com,1674145875,Hyderabad,Telangana,India,Diamond,2023-07-05,Inactive
CUST000498,Shawna,Porter,Female,1958-07-23,shawna.porter@gmail.com,9755782184,New York,New York,United States,Silver,2024-05-09,Inactive
CUST000499,Mathew,Perkins,Female,1956-11-12,mathew.perkins@yahoo.com,2440138188,London,England,United Kingdom,Platinum,2023-09-30,Inactive
CUST000500,Kristin,Johnson,Female,2008-07-23,kristin.johnson@yahoo.com,4119804278,Singapore,Singapore,Singapore,Silver,2021-12-14,Inactive
CUST000501,Cindy,Solomon,Male,1992-07-10,cindy.solomon@hotmail.com,0362730476,Sydney,New South Wales,Australia,Gold,2024-04-28,Active
CUST000502,Alexandra,Rodriguez,Male,1994-09-12,alexandra.rodriguez@gmail.com,8965764591,Mumbai,Maharashtra,India,Silver,2021-11-26,Inactive
CUST000503,Elaine,Blankenship,Male,1984-10-18,elaine.blankenship@outlook.com,4548512506,London,England,United Kingdom,Silver,2024-02-24,Active
CUST000504,Robert,Taylor,Male,1962-11-02,robert.taylor@yahoo.com,4464709232,Chennai,Tamil Nadu,India,Silver,2025-01-18,Inactive
CUST000505,Catherine,Powers,Male,1976-10-05,catherine.powers@gmail.com,6037573485,BENGALURU,Karnataka,India,Silver,2026-06-19,Active
CUST000506,Michele,Weber,Male,2000-03-25,michele.weber@yahoo.com,5266423178,Mumbai,Maharashtra,India,Silver,2024-10-11,Inactive
CUST000507,Robin,Wilson,Female,1983-05-04,robin.wilson@hotmail.com,8314869944,Singapore,Singapore,Singapore,Platinum,2026-03-04,Active
CUST000508,Deborah,Taylor,Male,1959-03-23,deborah.taylor@gmail.com,1884754680,London,England,United Kingdom,Silver,2021-12-21,Active
CUST000509,Michelle,Perez,Male,1961-07-22,michelle.perez@outlook.com,2680745149,London,England,United Kingdom,Platinum,2024-03-09,Inactive
CUST000510,Margaret,Carter,Female,1974-08-31,margaret.carter@yahoo.com,5325458845,Singapore,Singapore,Singapore,Diamond,2025-06-13,Active
CUST000511,Shawn,Hoover,Female,2004-06-09,john@gmail,9979474951,New York,New York,United States,Platinum,2024-05-10,Inactive
CUST000512,Melissa,Massey,Female,1967-09-09,melissa.massey@yahoo.com,1731724982,Hyderabad,Telangana,India,Diamond,2022-09-03,Inactive
CUST000513,Ashley,Steele,Female,1963-03-13,ashley.steele@yahoo.com,6638731435,New York,New York,United States,Gold,2022-08-08,Active
CUST000514,Ryan,White,Female,1987-11-02,ryan.white@yahoo.com,0869025959,London,England,United Kingdom,Gold,2025-10-21,Active
CUST000515,Tina,Schwartz,Female,1992-06-11,tina.schwartz@outlook.com,2943464443,Chennai,Tamil Nadu,India,Platinum,2022-07-09,Active
CUST000516,Mark,Leon,Female,1959-03-20,mark.leon@outlook.com,1881871624,New York ,New York,United States,Gold,2023-03-10,Inactive
CUST000517,Maria,Harris,Male,1990-01-18,maria.harris@yahoo.com,4240280535,Singapore,Singapore,Singapore,Gold,2026-02-08,Inactive
CUST000518,Robin,King,Female,1972-08-21,robin.king@yahoo.com,2771363942,Hyderabad,Telangana,India,Platinum,2022-11-30,Active
CUST000519,Dawn,Molina,Male,1976-04-13,dawn.molina@gmail.com,3264625088,Delhi,Delhi,India,Platinum,2022-10-16,Active
CUST000520,Joseph,Flowers,Female,1992-08-06,joseph.flowers@yahoo.com,7975811744,Delhi,Delhi,India,Silver,2024-09-14,Active
CUST000521,Jason,Marquez,Female,1978-08-20,jason.marquez@outlook.com,8192651582,Delhi,Delhi,India,Diamond,2023-04-14,Active
CUST000522,Alexandra,Lopez,Female,1972-08-27,alexandra.lopez@outlook.com,8793964139,London,England,United Kingdom,Silver,2024-12-14,Inactive
CUST000523,Amanda,Howell,Male,1979-11-03,amanda.howell@hotmail.com,4840108360,Singapore,Singapore,Singapore,Platinum,2023-06-10,Active
CUST000524,Donald,Jones,Male,1991-07-29,donald.jones@yahoo.com,,Singapore,Singapore,Singapore,Platinum,2026-01-12,Active
CUST000525,Jessica,Thomas,Female,2005-02-20,jessica.thomas@outlook.com,4008924798,New York,New York,United States,Diamond,2026-03-10,Active
CUST000526,Joyce,Baker,Female,1973-05-25,joyce.baker@gmail.com,3919426425,Singapore,Singapore,Singapore,Diamond,2023-10-07,Active
CUST000527,Nicholas,Norris,Female,1982-03-23,nicholas.norris@gmail.com,2820345063,Bengaluru ,Karnataka,India,Platinum,2022-05-13,Active
CUST000528,Tyler,Delgado,Male,1988-06-07,tyler.delgado@gmail.com,5924802013,Singapore,Singapore,Singapore,Gold,2025-06-15,Inactive
CUST000529,Jared,Anderson,Female,1958-01-07,jared.anderson@outlook.com,6803763231,Dubai,Dubai,UAE,Platinum,2025-10-29,Active
CUST000530,Katherine,Harris,Male,1988-08-20,katherine.harris@outlook.com,0509847931,Chennai,Tamil Nadu,India,Gold,2026-03-30,Active
CUST000531,Tanner,Nixon,Female,2006-09-17,tanner.nixon@hotmail.com,9468105151,Dubai,Dubai,UAE,Diamond,2024-09-15,Inactive
CUST000532,Richard,Burns,Male,1978-03-21,richard.burns@gmail.com,8750524768,New York,New York,United States,Gold,2026-06-04,Active
CUST000533,Margaret,Nicholson,Male,1960-07-21,margaret.nicholson@yahoo.com,8897944506,Mumbai,Maharashtra,India,Gold,2023-03-10,Inactive
CUST000534,Robert,White,Female,1981-10-23,robert.white@hotmail.com,7304378026,New York,New York,United States,Diamond,2026-01-30,Inactive
CUST000535,Rachel,Powell,Female,2006-03-05,rachel.powell@gmail.com,2416868080,Delhi,Delhi,India,Platinum,2025-03-29,Inactive
CUST000536,Allison,Hill,Male,1976-01-23,allison.hill@outlook.com,2941928559,Dubai,Dubai,UAE,Gold,2023-10-25,Inactive
CUST000537,Mary,Kelly,Female,1970-02-22,mary.kelly@gmail.com,0120349416,New York,New York,United States,Gold,2022-01-27,Active
CUST000538,William,Pittman,Male,1964-05-23,william.pittman@hotmail.com,3585498331,Singapore,Singapore,Singapore,Gold,2021-11-06,Inactive
CUST000539,Samantha,Murray,Female,2007-03-12,samantha.murray@yahoo.com,2101631811,New York,New York,United States,Gold,2025-08-28,Inactive
CUST000540,Cynthia,Fisher,Female,1978-02-21,cynthia.fisher@gmail.com,6419558765,Singapore,Singapore,Singapore,Diamond,2023-12-11,Inactive
CUST000541,Katelyn,Murphy,Female,2004-10-16,katelyn.murphy@yahoo.com,8564870451,Singapore,Singapore,Singapore,Platinum,2024-05-26,Active
CUST000542,Michael,Stewart,Female,1991-07-08,michael.stewart@yahoo.com,2410524398,New York,New York,United States,Gold,2025-12-20,Active
CUST000543,Sandra,Reyes,Male,2006-07-21,sandra.reyes@gmail.com,6750767376,CHENNAI,Tamil Nadu,India,Platinum,2023-12-24,Inactive
CUST000544,Christina,Franklin,Female,1968-06-16,christina.franklin@outlook.com,8865012584,Bengaluru,Karnataka,India,Diamond,2024-10-06,Active
CUST000545,Jared,Richardson,Female,1958-04-13,jared.richardson@gmail.com,3757392534,Dubai,Dubai,UAE,Silver,2022-08-24,Inactive
CUST000546,Joseph,Moore,Female,2005-05-16,joseph.moore@yahoo.com,7829270813,SYDNEY,New South Wales,Australia,Gold,2021-08-11,Inactive
CUST000547,Daniel,Mason,Female,1962-05-16,daniel.mason@gmail.com,6865573665,New York,New York,United States,Platinum,2024-08-01,Active
CUST000548,Robert,Rhodes,Female,1986-01-05,robert.rhodes@outlook.com,2934958636,Chennai,Tamil Nadu,India,Diamond,2024-08-12,Active
CUST000549,Sarah,Miller,Male,1964-01-28,sarah.miller@yahoo.com,0623733832,Chennai,Tamil Nadu,India,Platinum,2023-04-11,Active
CUST000550,Rebecca,Stewart,Female,1958-03-25,rebecca.stewart@gmail.com,3019199033,Singapore,Singapore,Singapore,Platinum,2023-10-25,Inactive
CUST000551,Jared,Johnston,Male,1961-12-01,jared.johnston@yahoo.com,3674652054,New York,New York,United States,Diamond,2022-11-10,Active
CUST000552,Joseph,Lewis,Female,1992-09-21,joseph.lewis@gmail.com,7532357583,BENGALURU,Karnataka,India,Gold,2025-12-08,Inactive
CUST000553,Brandon,Norris,Female,2002-12-14,brandon.norris@hotmail.com,2910009703,New York,New York,United States,Platinum,2021-10-13,Inactive
CUST000554,Connor,Jenkins,Female,2006-01-03,connor.jenkins@hotmail.com,2956812015,Delhi,Delhi,India,Silver,2023-01-23,Inactive
CUST000555,Kevin,Gould,Female,1985-07-06,kevin.gould@gmail.com,6852805668,Delhi,Delhi,India,Gold,2022-01-09,Inactive
CUST000556,Tyler,Riggs,Female,2005-08-04,tyler.riggs@outlook.com,4633695220,Mumbai,Maharashtra,India,Silver,2026-02-26,Active
CUST000557,Cindy,Williams,Female,1965-02-20,cindy.williams@outlook.com,9336485580,Hyderabad,Telangana,India,Gold,2024-08-03,Inactive
CUST000558,Ann,Mccoy,Female,1973-05-10,ann.mccoy@outlook.com,6086109454,Singapore,Singapore,Singapore,Silver,2022-11-30,Inactive
CUST000559,Ashley,Stone,Female,1994-07-09,ashley.stone@hotmail.com,5746430656,Dubai,Dubai,UAE,Platinum,2024-01-01,Inactive
CUST000560,Laura,Mcmahon,Female,1958-01-12,laura.mcmahon@yahoo.com,0961400835,Sydney,New South Wales,Australia,Silver,2023-02-14,Active
CUST000561,Eric,Montgomery,Female,2002-02-01,eric.montgomery@yahoo.com,5000362762,Dubai,Dubai,UAE,Platinum,2025-03-29,Active
CUST000562,Dustin,Brewer,Female,1976-11-09,dustin.brewer@hotmail.com,1022891261,Delhi,Delhi,India,Silver,2022-11-20,Inactive
CUST000563,Sabrina,Roth,Female,1969-12-12,sabrina.roth@hotmail.com,6487727826,Hyderabad,Telangana,India,Gold,2022-04-21,Inactive
CUST000564,Alicia,Smith,Male,1999-08-10,alicia.smith@yahoo.com,0894198215,Hyderabad,Telangana,India,Diamond,2022-02-09,Inactive
CUST000565,Alexander,Simpson,Male,2007-04-04,alexander.simpson@outlook.com,4250397867,New York,New York,United States,Platinum,2025-10-23,Inactive
CUST000566,Rachel,Mendez,Male,1960-09-04,rachel.mendez@outlook.com,7120579707,Bengaluru,Karnataka,India,Diamond,2022-10-04,Inactive
CUST000567,Jessica,Ward,Female,1969-08-26,jessica.ward@outlook.com,9520153499,Singapore,Singapore,Singapore,Gold,2024-03-10,Inactive
CUST000568,Meagan,Hayes,Male,1994-05-03,meagan.hayes@outlook.com,6758983557,London,England,United Kingdom,Diamond,2025-11-14,Inactive
CUST000569,Brandon,Mitchell,Male,1987-06-18,brandon.mitchell@hotmail.com,1853504311,Mumbai,Maharashtra,India,Diamond,2024-05-05,Inactive
CUST000570,Victoria,Lambert,Female,1973-10-18,victoria.lambert@hotmail.com,8638842590,MUMBAI,Maharashtra,India,Gold,2026-07-25,Inactive
CUST000571,Ryan,Bowman,Female,1955-09-17,ryan.bowman@hotmail.com,2756352037,Singapore,Singapore,Singapore,Silver,2023-09-08,Active
CUST000572,Kelsey,Fowler,Female,1961-05-31,kelsey.fowler@gmail.com,1897086906,Hyderabad,Telangana,India,Silver,2023-03-07,Active
CUST000573,Mark,Mendez,Male,2000-04-21,john@gmail,4106476180,Delhi,Delhi,India,Silver,2024-08-28,Active
CUST000574,Heather,Parker,Female,1986-12-18,heather.parker@gmail.com,0902949814,London,England,United Kingdom,Silver,2026-04-11,Inactive
CUST000575,Marissa,Harrison,Female,1957-08-31,marissa.harrison@yahoo.com,4480981922,Mumbai,Maharashtra,India,Gold,2022-04-18,Active
CUST000576,Joel,Hickman,Female,2005-02-10,joel.hickman@yahoo.com,4867048902,New York,New York,United States,Silver,2026-03-06,Inactive
CUST000577,Daniel,Sosa,Female,1969-09-13,daniel.sosa@gmail.com,,Hyderabad,Telangana,India,Silver,2024-01-06,Inactive
CUST000578,Keith,Joseph,Male,1980-09-25,@gmail.com,1230177355,Dubai,Dubai,UAE,Silver,2026-02-19,Active
CUST000579,Tiffany,Sloan,Male,1978-11-02,tiffany.sloan@yahoo.com,0995243029,London,England,United Kingdom,Silver,2023-11-24,Active
CUST000580,Levi,Kim,Male,1991-01-02,levi.kim@yahoo.com,1346480344,Dubai,Dubai,UAE,Platinum,2023-09-23,Inactive
CUST000581,Cynthia,Crosby,Female,2006-01-05,cynthia.crosby@hotmail.com,5699911164,New York,New York,United States,Diamond,2023-10-02,Inactive
CUST000582,Amber,Barnes,Female,1968-08-20,amber.barnes@yahoo.com,8594590388,Hyderabad,Telangana,India,Platinum,2024-10-04,Inactive
CUST000583,Corey,Ramos,Female,1972-11-26,corey.ramos@gmail.com,7985596301,London,England,United Kingdom,Gold,2021-08-26,Inactive
CUST000584,James,Hill,Female,1975-04-14,james.hill@outlook.com,3663786375,Mumbai,Maharashtra,India,Diamond,2023-05-27,Active
CUST000585,Julie,Guzman,Female,1996-04-24,julie.guzman@gmail.com,1239085494,Sydney,New South Wales,Australia,Diamond,2025-12-16,Inactive
CUST000586,Sara,Anderson,Female,1962-07-31,sara.anderson@outlook.com,2184089057,Chennai,Tamil Nadu,India,Platinum,2026-03-20,Inactive
CUST000587,Anthony,Smith,Female,1992-03-06,anthony.smith@hotmail.com,9395694832,New York,New York,United States,Platinum,2023-09-20,Active
CUST000588,Elizabeth,Jackson,Male,1975-04-02,elizabeth.jackson@yahoo.com,2755966044,New York,New York,United States,Platinum,2022-06-24,Inactive
CUST000589,Henry,Park,Female,2000-08-25,,2895446360,Hyderabad,Telangana,India,Platinum,2021-10-01,Inactive
CUST000590,Jamie,Lewis,Male,1983-06-23,jamie.lewis@outlook.com,5277914821,London,England,United Kingdom,Silver,2025-08-04,Active
CUST000591,Taylor,Owen,Male,1976-06-07,taylor.owen@yahoo.com,4868979900,Hyderabad,Telangana,India,Diamond,2023-12-06,Active
CUST000592,Kimberly,Sanders,Female,1992-12-10,kimberly.sanders@yahoo.com,5352468234,Singapore,Singapore,Singapore,Gold,2022-12-27,Active
CUST000593,Sara,Riddle,Male,1975-11-30,sara.riddle@gmail.com,7742498921,Dubai,Dubai,UAE,Gold,2022-02-04,Active
CUST000594,Jorge,Ballard,Male,1987-04-22,jorge.ballard@gmail.com,5366441060,Sydney,New South Wales,Australia,Gold,2026-04-26,Inactive
CUST000595,Jessica,Smith,Female,1962-11-27,jessica.smith@gmail.com,7559251025,Dubai,Dubai,UAE,Platinum,2024-08-27,Active
CUST000596,Pedro,Salazar,Male,1999-11-03,pedro.salazar@gmail.com,6652661854,Singapore,Singapore,Singapore,Platinum,2022-01-13,Inactive
CUST000597,Mary,Stein,Female,1963-08-17,mary.stein@outlook.com,3407048483,New York,New York,United States,Platinum,2023-03-21,Active
CUST000598,Makayla,Hart,Female,1979-11-02,,6946218925,Sydney,New South Wales,Australia,Gold,2024-04-20,Active
CUST000599,Benjamin,Moran,Male,1974-01-05,benjamin.moran@hotmail.com,7917463433,Delhi,Delhi,India,Silver,2025-10-22,Inactive
CUST000600,Amy,Gonzalez,Female,1977-06-07,amy.gonzalez@outlook.com,8829434125,Chennai,Tamil Nadu,India,Silver,2023-05-31,Inactive
CUST000601,Kayla,Ross,Female,1968-07-15,kayla.ross@outlook.com,5244690690,New York,New York,United States,Diamond,2022-01-29,Active
CUST000602,John,Wood,Female,1961-11-16,john.wood@gmail.com,2232344658,London,England,United Kingdom,Platinum,2025-11-02,Inactive
CUST000603,Justin,Scott,Male,1956-09-05,justin.scott@outlook.com,3565073151,Singapore,Singapore,Singapore,Gold,2024-12-09,Active
CUST000604,Jeanette,Smith,Male,1983-03-19,jeanette.smith@yahoo.com,4435298007,Singapore,Singapore,Singapore,Diamond,2022-03-24,Inactive
CUST000605,Wanda,Griffith,Female,1985-07-07,wanda.griffith@hotmail.com,4599206813,Singapore,Singapore,Singapore,Silver,2025-05-11,Active
CUST000606,Matthew,Moran,Female,1977-12-09,matthew.moran@hotmail.com,8988292767,Mumbai,Maharashtra,India,Silver,2024-06-06,Inactive
CUST000607,Timothy,Hughes,Male,1992-12-03,timothy.hughes@outlook.com,7308834203,Sydney,New South Wales,Australia,Diamond,2024-11-10,Active
CUST000608,Erin,Lawson,Male,1957-05-15,erin.lawson@gmail.com,5757846629,Delhi ,Delhi,India,Diamond,2025-10-16,Active
CUST000609,Sabrina,Simmons,Female,1967-08-30,sabrina.simmons@outlook.com,1821659269,Delhi,Delhi,India,Silver,2021-08-24,Active
CUST000610,Paul,Green,Female,2004-04-12,paul.green@outlook.com,7560557133,Singapore,Singapore,Singapore,Silver,2024-06-30,Active
CUST000611,Arthur,Valenzuela,Female,1981-10-13,arthur.valenzuela@hotmail.com,8752281248,Mumbai,Maharashtra,India,Silver,2024-04-20,Inactive
CUST000612,Catherine,Chaney,Male,1960-01-23,catherine.chaney@outlook.com,1302092422,Bengaluru,Karnataka,India,Gold,2025-07-28,Inactive
CUST000613,Sarah,Thompson,Male,1991-05-20,sarah.thompson@hotmail.com,0484865423,Sydney,New South Wales,Australia,Gold,2023-02-23,Inactive
CUST000614,Rebecca,Smith,Male,1994-08-22,rebecca.smith@hotmail.com,2826152195,London,England,United Kingdom,Platinum,2026-02-17,Active
CUST000615,Alexander,Boone,Male,1975-09-27,alexander.boone@outlook.com,3751178146,Dubai,Dubai,UAE,Silver,2024-03-12,Active
CUST000616,Donna,Lambert,Male,1976-02-25,donna.lambert@hotmail.com,0603497185,Dubai,Dubai,UAE,Platinum,2024-01-06,Active
CUST000617,Andrew,Bailey,Male,1960-02-07,andrew.bailey@yahoo.com,6359506844,CHENNAI,Tamil Nadu,India,Diamond,2022-09-12,Inactive
CUST000618,Jaclyn,Perez,Male,1958-07-23,jaclyn.perez@gmail.com,6472145311,New York,New York,United States,Platinum,2025-12-17,Active
CUST000619,Catherine,Wolfe,Male,1970-01-05,catherine.wolfe@yahoo.com,8926651525,Bengaluru,Karnataka,India,Platinum,2025-09-25,Inactive
CUST000620,Antonio,Long,Female,1959-10-11,antonio.long@hotmail.com,9227881150,Sydney,New South Wales,Australia,Silver,2024-06-05,Inactive
CUST000621,James,Brennan,Male,1963-06-12,james.brennan@gmail.com,1403599201,Delhi,Delhi,India,Gold,2026-06-14,Active
CUST000622,Adam,Jackson,Female,1981-02-25,adam.jackson@gmail.com,,Sydney,New South Wales,Australia,Silver,2025-07-08,Inactive
CUST000623,Nathan,Anthony,Male,1973-08-06,nathan.anthony@outlook.com,4041946540,Sydney,New South Wales,Australia,Diamond,2023-09-09,Inactive
CUST000624,Anna,Miller,Male,1997-12-02,anna.miller@yahoo.com,1637409258,Hyderabad,Telangana,India,Diamond,2022-09-18,Active
CUST000625,Anthony,Gibson,Female,1978-04-09,anthony.gibson@hotmail.com,1520933161,Dubai,Dubai,UAE,Silver,2024-01-17,Active
CUST000626,John,Martin,Male,1999-10-02,john.martin@hotmail.com,4408800402,Dubai,Dubai,UAE,Platinum,2025-09-30,Active
CUST000627,Jacob,Powell,Male,2000-08-29,,1129552885,Sydney,New South Wales,Australia,Silver,2023-07-08,Inactive
CUST000628,Austin,Clayton,Female,1956-04-29,austin.clayton@gmail.com,2614520048,Bengaluru,Karnataka,India,Diamond,2025-12-19,Active
CUST000629,Robert,Mack,Female,1986-08-11,robert.mack@gmail.com,8914038517,Singapore,Singapore,Singapore,Platinum,2023-08-03,Inactive
CUST000630,Lisa,Greene,Female,2007-03-11,lisa.greene@outlook.com,1240521993,Bengaluru,Karnataka,India,Platinum,2025-12-08,Inactive
CUST000631,Michael,Oconnell,Male,1992-08-06,michael.oconnell@yahoo.com,2633897242,Delhi,Delhi,India,Gold,2023-07-26,Inactive
CUST000632,Katherine,Mathews,Male,1999-01-13,katherine.mathews@outlook.com,8581739056,Delhi,Delhi,India,Silver,2024-12-22,Active
CUST000633,Michelle,Fox,Female,1962-06-05,michelle.fox@hotmail.com,4523384176,Mumbai,Maharashtra,India,Silver,2023-04-11,Active
CUST000634,Yolanda,Fisher,Male,1992-05-30,yolanda.fisher@outlook.com,6536188825,Dubai,Dubai,UAE,Diamond,2024-03-01,Active
CUST000635,Diana,King,Male,2002-03-27,diana.king@outlook.com,1686817567,Delhi,Delhi,India,Platinum,2026-05-08,Inactive
CUST000636,Jessica,Pham,Female,1963-05-29,jessica.pham@outlook.com,3351339710,Singapore,Singapore,Singapore,Platinum,2023-02-14,Active
CUST000637,Lisa,Burton,Male,1997-07-09,lisa.burton@hotmail.com,3869150415,Bengaluru,Karnataka,India,Platinum,2022-05-02,Inactive
CUST000638,Steve,Green,Female,1994-10-20,steve.green@yahoo.com,0325149707,Singapore,Singapore,Singapore,Platinum,2024-07-19,Active
CUST000639,Melissa,King,Male,2007-01-31,melissa.king@outlook.com,4320410675,Sydney,New South Wales,Australia,Gold,2023-05-16,Inactive
CUST000640,Caleb,Padilla,Male,1977-02-24,caleb.padilla@hotmail.com,3384067069,Hyderabad,Telangana,India,Silver,2024-03-09,Active
CUST000641,Carol,Martinez,Female,1979-03-11,carol.martinez@yahoo.com,4157365098,Chennai,Tamil Nadu,India,Silver,2021-10-17,Active
CUST000642,Peter,Chambers,Male,2007-08-27,peter.chambers@yahoo.com,9026023918,New York,New York,United States,Silver,2021-08-05,Active
CUST000643,David,Gamble,Female,1991-11-09,david.gamble@yahoo.com,3410791226,Mumbai,Maharashtra,India,Gold,2022-07-02,Active
CUST000644,Jeremiah,Daniel,Female,1984-04-02,jeremiah.daniel@yahoo.com,5245814088,Chennai,Tamil Nadu,India,Diamond,2025-06-17,Inactive
CUST000645,Taylor,Casey,Male,1998-01-24,taylor.casey@yahoo.com,3237538175,Dubai,Dubai,UAE,Diamond,2025-03-15,Inactive
CUST000646,Sabrina,Jenkins,Female,1958-06-07,sabrina.jenkins@hotmail.com,,Chennai ,Tamil Nadu,India,Silver,2023-02-21,Inactive
CUST000647,Regina,Williams,Female,2004-11-15,@gmail.com,5456356585,Bengaluru,Karnataka,India,Diamond,2023-02-03,Active
CUST000648,Carlos,Navarro,Female,1981-06-08,gmail.com,6152790174,Bengaluru,Karnataka,India,Gold,2024-07-02,Inactive
CUST000649,John,Gonzalez,Male,1978-05-24,john.gonzalez@yahoo.com,4367999369,Bengaluru,Karnataka,India,Silver,2025-04-07,Inactive
CUST000650,Crystal,Noble,Male,1963-11-24,crystal.noble@yahoo.com,8866173952,New York,New York,United States,Gold,2024-10-14,Inactive
CUST000651,Emma,Olson,Female,2006-11-03,emma.olson@yahoo.com,2926166525,Singapore,Singapore,Singapore,Gold,2023-03-27,Inactive
CUST000652,Randy,Nelson,Male,1973-05-23,randy.nelson@outlook.com,4513903409,Chennai,Tamil Nadu,India,Diamond,2023-03-15,Inactive
CUST000653,Bernard,Munoz,Male,1965-08-29,bernard.munoz@gmail.com,6167222213,Bengaluru,Karnataka,India,Diamond,2022-10-31,Active
CUST000654,Regina,Ho,Female,1960-09-17,regina.ho@gmail.com,5500277428,Chennai,Tamil Nadu,India,Silver,2024-11-06,Inactive
CUST000655,Michael,Murphy,Male,1980-06-29,michael.murphy@hotmail.com,4074757260,Bengaluru,Karnataka,India,Silver,2021-11-27,Active
CUST000656,Trevor,Watson,Female,1959-09-05,trevor.watson@outlook.com,8454420677, London,England,United Kingdom,Diamond,2021-08-05,Inactive
CUST000657,Chad,Norton,Male,1989-05-04,@gmail.com,1434917175,Sydney,New South Wales,Australia,Silver,2022-03-25,Inactive
CUST000658,Kenneth,Kane,Female,1985-04-04,kenneth.kane@hotmail.com,6376932730,Bengaluru,Karnataka,India,Diamond,2024-02-27,Inactive
CUST000659,Tara,Williams,Female,1978-09-28,tara.williams@gmail.com,5689843359,Mumbai,Maharashtra,India,Diamond,2022-04-11,Inactive
CUST000660,Kenneth,Miller,Male,1969-09-23,kenneth.miller@gmail.com,9979142842,Mumbai,Maharashtra,India,Platinum,2022-06-21,Inactive
CUST000661,Matthew,Turner,Female,2008-06-14,matthew.turner@outlook.com,0772256046,Chennai,Tamil Nadu,India,Diamond,2025-07-23,Inactive
CUST000662,Charles,Foster,Female,1958-11-09,charles.foster@gmail.com,1980343117,Bengaluru,Karnataka,India,Diamond,2025-08-18,Inactive
CUST000663,Anthony,Diaz,Male,1973-02-20,anthony.diaz@gmail.com,1618982457,Delhi,Delhi,India,Gold,2023-11-08,Active
CUST000664,Danielle,Lee,Female,1979-06-25,danielle.lee@yahoo.com,8744169902,Hyderabad,Telangana,India,Diamond,2025-06-09,Inactive
CUST000665,Amy,Love,Male,1975-09-20,amy.love@hotmail.com,8767236703,Sydney,New South Wales,Australia,Platinum,2023-09-11,Active
CUST000666,Jeffrey,Martin,Female,1981-02-14,jeffrey.martin@yahoo.com,2078933747,Mumbai,Maharashtra,India,Gold,2022-12-24,Active
CUST000667,Abigail,Gilbert,Male,1962-08-27,abigail.gilbert@hotmail.com,0248075671,London,England,United Kingdom,Platinum,2023-03-21,Active
CUST000668,Catherine,Ballard,Female,2008-01-08,catherine.ballard@hotmail.com,1235555274,Dubai,Dubai,UAE,Platinum,2025-03-02,Active
CUST000669,Heather,Montes,Female,1987-03-06,heather.montes@hotmail.com,0373048405,Hyderabad,Telangana,India,Platinum,2026-04-27,Inactive
CUST000670,Larry,Owens,Female,1977-12-12,larry.owens@outlook.com,9451873607,London ,England,United Kingdom,Silver,2021-10-14,Active
CUST000671,Eugene,Chavez,Female,2005-10-01,eugene.chavez@gmail.com,6607795755,Dubai,Dubai,UAE,Platinum,2022-01-30,Active
CUST000672,Mary,Ballard,Male,1957-06-18,mary.ballard@hotmail.com,4361497234,Singapore,Singapore,Singapore,Silver,2025-11-20,Inactive
CUST000673,Christine,Moore,Female,1987-07-06,christine.moore@hotmail.com,1145419067,New York,New York,United States,Gold,2024-06-02,Inactive
CUST000674,Christie,Jones,Female,1987-05-07,christie.jones@yahoo.com,8307547611,Hyderabad,Telangana,India,Gold,2022-04-01,Inactive
CUST000675,Corey,Walker,Female,1969-10-23,corey.walker@hotmail.com,4320417786,Chennai,Tamil Nadu,India,Platinum,2022-05-21,Inactive
CUST000676,Gabrielle,Rodriguez,Female,1989-09-22,gabrielle.rodriguez@outlook.com,1811950724,London,England,United Kingdom,Platinum,2025-04-21,Inactive
CUST000677,Patrick,Rodgers,Female,1970-03-05,,5087534152,New York,New York,United States,Silver,2025-03-14,Active
CUST000678,Anna,Kaufman,Female,1977-06-05,anna.kaufman@hotmail.com,1049032870,Chennai,Tamil Nadu,India,Diamond,2022-04-22,Inactive
CUST000679,Logan,Moore,Female,1983-05-31,logan.moore@outlook.com,4307470543,Bengaluru,Karnataka,India,Platinum,2022-12-26,Active
CUST000680,Nicole,Cruz,Male,1957-07-13,nicole.cruz@yahoo.com,4090119285,London,England,United Kingdom,Gold,2025-11-27,Inactive
CUST000681,Patrick,Mitchell,Female,1956-12-17,patrick.mitchell@hotmail.com,8240945607,New York,New York,United States,Platinum,2024-07-15,Active
CUST000682,Kirsten,Garcia,Female,1992-08-10,kirsten.garcia@gmail.com,9658875847,Mumbai,Maharashtra,India,Gold,2025-08-20,Inactive
CUST000683,Jennifer,Brown,Male,1985-10-29,jennifer.brown@yahoo.com,4028585210,Delhi,Delhi,India,Gold,2024-07-15,Inactive
CUST000684,Leah,Williams,Male,1967-10-25,leah.williams@gmail.com,0376626120,London,England,United Kingdom,Gold,2024-02-03,Inactive
CUST000685,Jeffery,Turner,Female,1985-03-23,jeffery.turner@yahoo.com,7003934334,Hyderabad,Telangana,India,Gold,2024-09-03,Active
CUST000686,Megan,Williamson,Male,1987-06-20,megan.williamson@hotmail.com,9870838051,Chennai,Tamil Nadu,India,Gold,2024-08-02,Active
CUST000687,Gwendolyn,Harris,Female,1999-03-22,abc@,0973597043,Singapore,Singapore,Singapore,Diamond,2023-10-19,Active
CUST000688,Richard,Rhodes,Female,1982-12-21,richard.rhodes@outlook.com,6868632918,Singapore,Singapore,Singapore,Gold,2023-05-06,Active
CUST000689,Christopher,Chavez,Male,1994-08-31,christopher.chavez@outlook.com,2738214901,New York,New York,United States,Gold,2025-07-02,Inactive
CUST000690,Evelyn,Ward,Female,2008-01-23,evelyn.ward@gmail.com,9382139994,Dubai,Dubai,UAE,Silver,2023-12-31,Active
CUST000691,Tara,Stanley,Male,2004-04-05,tara.stanley@gmail.com,3421760137,Mumbai,Maharashtra,India,Gold,2023-12-15,Active
CUST000692,Isabella,Jackson,Male,1998-11-29,isabella.jackson@gmail.com,9779849632,Singapore,Singapore,Singapore,Diamond,2023-03-05,Inactive
CUST000693,Jeffrey,Doyle,Female,1956-01-12,jeffrey.doyle@outlook.com,1128323524,Delhi,Delhi,India,Diamond,2022-07-22,Inactive
CUST000694,Charles,Black,Female,1963-02-17,charles.black@yahoo.com,2092111749,Mumbai,Maharashtra,India,Silver,2023-11-27,Active
CUST000695,Jeffery,Stanley,Female,2005-10-02,jeffery.stanley@outlook.com,0293294547,London,England,United Kingdom,Gold,2026-04-20,Active
CUST000696,Kathryn,Chaney,Female,1993-03-28,kathryn.chaney@outlook.com,9647579876,Chennai,Tamil Nadu,India,Diamond,2023-03-02,Active
CUST000697,Shannon,Flores,Female,2000-08-09,shannon.flores@gmail.com,6037061307,Bengaluru,Karnataka,India,Silver,2025-01-07,Active
CUST000698,William,Rivera,Female,1987-10-19,william.rivera@hotmail.com,6023625343,Bengaluru,Karnataka,India,Diamond,2023-12-20,Inactive
CUST000699,Kelly,Hatfield,Male,1956-10-21,kelly.hatfield@gmail.com,9676267853,New York,New York,United States,Gold,2022-12-12,Active
CUST000700,Scott,Lopez,Female,1960-02-06,scott.lopez@gmail.com,3184940287,Hyderabad,Telangana,India,Gold,2023-09-04,Inactive
CUST000701,Dylan,Brewer,Female,1972-01-21,dylan.brewer@outlook.com,5057475251,Hyderabad,Telangana,India,Platinum,2023-10-27,Inactive
CUST000702,Brittany,Preston,Male,2008-04-10,brittany.preston@outlook.com,4028163695,Bengaluru ,Karnataka,India,Silver,2026-04-06,Inactive
CUST000703,David,Hardy,Male,1960-02-19,david.hardy@outlook.com,0323843177,London,England,United Kingdom,Gold,2025-06-26,Active
CUST000704,Tracy,Richmond,Female,1967-11-28,tracy.richmond@gmail.com,7591849668,Sydney,New South Wales,Australia,Gold,2026-06-16,Inactive
CUST000705,Michael,Matthews,Female,1965-12-18,michael.matthews@outlook.com,9025110434,Singapore,Singapore,Singapore,Platinum,2023-07-08,Active
CUST000706,Amanda,Schmidt,Male,1974-08-30,amanda.schmidt@outlook.com,4689073186,Bengaluru,Karnataka,India,Diamond,2025-09-03,Inactive
CUST000707,Jack,Martin,Female,1976-11-13,jack.martin@hotmail.com,2299198738,Hyderabad,Telangana,India,Silver,2022-04-05,Active
CUST000708,Cameron,Odom,Female,1960-08-20,cameron.odom@yahoo.com,8418933819,New York,New York,United States,Diamond,2024-01-28,Active
CUST000709,Justin,Chavez,Male,1969-11-26,justin.chavez@hotmail.com,9631322142,New York,New York,United States,Platinum,2025-11-08,Active
CUST000710,Austin,Fry,Male,1977-04-29,austin.fry@outlook.com,4420389085,Chennai,Tamil Nadu,India,Platinum,2024-10-23,Inactive
CUST000711,Michelle,Wood,Male,1973-08-30,michelle.wood@hotmail.com,9609128787,London,England,United Kingdom,Silver,2024-06-08,Active
CUST000712,Jackie,Carson,Male,2005-12-19,jackie.carson@gmail.com,9354086738,New York,New York,United States,Silver,2025-03-09,Inactive
CUST000713,Richard,Smith,Female,1993-10-28,richard.smith@yahoo.com,3265621382,Hyderabad,Telangana,India,Gold,2026-03-26,Active
CUST000714,David,Kerr,Female,1998-01-10,david.kerr@yahoo.com,6790932993,London,England,United Kingdom,Diamond,2023-08-17,Active
CUST000715,Dawn,Weber,Female,1995-03-09,dawn.weber@yahoo.com,8328976298,London,England,United Kingdom,Silver,2023-07-03,Active
CUST000716,Troy,Brewer,Male,2004-06-07,troy.brewer@yahoo.com,7095938804,Sydney,New South Wales,Australia,Silver,2026-02-08,Active
CUST000717,Richard,Gilbert,Female,1970-09-14,richard.gilbert@gmail.com,9093698551,Sydney,New South Wales,Australia,Gold,2023-05-28,Active
CUST000718,Mark,White,Female,1993-12-13,mark.white@outlook.com,3373232193,Bengaluru,Karnataka,India,Diamond,2023-08-02,Inactive
CUST000719,Raymond,Thomas,Male,1974-11-30,raymond.thomas@yahoo.com,8533566699,Dubai,Dubai,UAE,Platinum,2022-05-22,Inactive
CUST000720,Reginald,Walls,Male,2005-12-04,reginald.walls@yahoo.com,4610487247,Hyderabad,Telangana,India,Diamond,2021-08-15,Inactive
CUST000721,Tiffany,Avila,Male,1999-04-03,tiffany.avila@gmail.com,1196391108,Bengaluru,Karnataka,India,Silver,2022-07-04,Inactive
CUST000722,Sharon,Mccormick,Female,1965-08-13,sharon.mccormick@gmail.com,1807683289,Hyderabad,Telangana,India,Gold,2023-02-13,Inactive
CUST000723,Stacey,Johnson,Male,1977-04-10,stacey.johnson@gmail.com,5819257224,Mumbai,Maharashtra,India,Platinum,2021-11-14,Active
CUST000724,Peter,Brady,Male,1958-10-06,peter.brady@hotmail.com,3998478532,London,England,United Kingdom,Gold,2023-10-31,Active
CUST000725,Michelle,Sellers,Male,2000-12-22,,2639946913,Hyderabad,Telangana,India,Silver,2025-11-30,Active
CUST000726,Michael,Watson,Male,2004-11-08,michael.watson@gmail.com,6154782898,London,England,United Kingdom,Diamond,2024-01-17,Inactive
CUST000727,Eric,Baldwin,Female,1990-12-21,eric.baldwin@gmail.com,1166619009,Sydney,New South Wales,Australia,Silver,2025-11-22,Active
CUST000728,Lisa,Rodriguez,Male,1975-08-29,lisa.rodriguez@yahoo.com,5720506348,Sydney,New South Wales,Australia,Gold,2026-03-08,Inactive
CUST000729,Amy,Jackson,Male,1963-07-17,amy.jackson@hotmail.com,2193691875,London,England,United Kingdom,Gold,2024-03-16,Inactive
CUST000730,Lindsay,Hernandez,Female,1989-06-15,lindsay.hernandez@yahoo.com,5984782869,CHENNAI,Tamil Nadu,India,Platinum,2026-07-18,Inactive
CUST000731,David,Aguilar,Male,1999-06-27,david.aguilar@hotmail.com,6980220591,Chennai,Tamil Nadu,India,Silver,2026-06-29,Active
CUST000732,Eric,Gilmore,Male,1996-12-23,eric.gilmore@outlook.com,9272561207,Singapore,Singapore,Singapore,Diamond,2022-08-03,Active
CUST000733,Scott,Wheeler,Male,2006-06-18,scott.wheeler@outlook.com,3385182878,Delhi,Delhi,India,Silver,2025-04-04,Active
CUST000734,Robert,Strickland,Male,1994-07-09,robert.strickland@outlook.com,9279666761,New York,New York,United States,Platinum,2022-08-02,Active
CUST000735,Jane,Wilson,Female,2006-05-06,jane.wilson@outlook.com,7165590765,Dubai,Dubai,UAE,Gold,2024-07-30,Inactive
CUST000736,Lisa,Anderson,Female,1968-02-16,lisa.anderson@yahoo.com,0760474220,Hyderabad,Telangana,India,Silver,2023-07-23,Active
CUST000737,Yvonne,Smith,Female,1980-09-25,yvonne.smith@outlook.com,5576335816,Dubai,Dubai,UAE,Diamond,2023-10-04,Inactive
CUST000738,Melinda,Barrett,Male,1957-03-06,melinda.barrett@hotmail.com,6942474663,Sydney,New South Wales,Australia,Silver,2024-02-13,Active
CUST000739,Paul,Hernandez,Male,1963-06-17,paul.hernandez@outlook.com,2201546729,Singapore,Singapore,Singapore,Diamond,2023-04-27,Inactive
CUST000740,Craig,Williams,Female,1967-03-19,craig.williams@yahoo.com,4462617784,London,England,United Kingdom,Gold,2024-10-05,Active
CUST000741,Crystal,Smith,Female,1982-03-02,,6514700577,Bengaluru,Karnataka,India,Platinum,2026-04-23,Active
CUST000742,Maria,Smith,Female,2008-07-08,maria.smith@outlook.com,6429663464,Hyderabad,Telangana,India,Diamond,2021-10-05,Inactive
CUST000743,Brittany,Graves,Male,2003-07-18,brittany.graves@outlook.com,3994642134,Mumbai,Maharashtra,India,Diamond,2022-04-11,Active
CUST000744,Anthony,Wilson,Female,1990-08-27,anthony.wilson@hotmail.com,8484287716,Mumbai,Maharashtra,India,Platinum,2025-09-03,Active
CUST000745,Edward,Gonzalez,Female,1982-05-17,edward.gonzalez@hotmail.com,0546476930,Dubai,Dubai,UAE,Gold,2024-04-15,Inactive
CUST000746,Jacqueline,Aguilar,Male,1961-09-22,jacqueline.aguilar@yahoo.com,0484641772,Sydney ,New South Wales,Australia,Diamond,2024-05-24,Inactive
CUST000747,Carla,Burnett,Male,1985-09-07,carla.burnett@hotmail.com,6222634414,Singapore,Singapore,Singapore,Silver,2024-09-28,Inactive
CUST000748,Erin,Patterson,Male,2006-03-20,erin.patterson@outlook.com,8723856661,Hyderabad,Telangana,India,Gold,2021-09-01,Active
CUST000749,Greg,Simmons,Male,1988-12-24,greg.simmons@outlook.com,9541445512,London,England,United Kingdom,Platinum,2022-06-07,Inactive
CUST000750,Joseph,Chandler,Male,1979-03-13,joseph.chandler@hotmail.com,2969214554,Chennai,Tamil Nadu,India,Diamond,2023-11-08,Inactive
CUST000751,Aaron,Oconnell,Male,1979-03-02,aaron.oconnell@outlook.com,5176915584,Bengaluru,Karnataka,India,Diamond,2025-06-05,Active
CUST000752,Courtney,Torres,Male,1987-05-30,courtney.torres@yahoo.com,3356971096,Singapore,Singapore,Singapore,Diamond,2023-09-04,Active
CUST000753,Joseph,Rosales,Male,1967-01-26,joseph.rosales@gmail.com,8503858623,Dubai,Dubai,UAE,Gold,2024-09-18,Inactive
CUST000754,Jenna,Gonzalez,Male,1961-12-28,jenna.gonzalez@outlook.com,9334157386,Dubai,Dubai,UAE,Diamond,2025-05-20,Inactive
CUST000755,Eric,Richards,Male,1961-06-01,eric.richards@yahoo.com,0454191395,Delhi,Delhi,India,Silver,2023-06-10,Inactive
CUST000756,Donna,Carney,Female,1995-02-18,donna.carney@gmail.com,5336079701,Hyderabad,Telangana,India,Gold,2022-03-05,Active
CUST000757,Shawn,Jones,Female,2000-01-30,###@gmail.com,4006357164,Bengaluru,Karnataka,India,Gold,2023-07-03,Active
CUST000758,Kelly,Carpenter,Female,1975-03-04,kelly.carpenter@outlook.com,3715882753,Mumbai,Maharashtra,India,Platinum,2022-08-31,Inactive
CUST000759,Louis,Bray,Male,1962-09-10,louis.bray@hotmail.com,8934383040,Bengaluru,Karnataka,India,Diamond,2022-01-19,Inactive
CUST000760,Michael,Galloway,Female,1992-11-03,michael.galloway@yahoo.com,7151153805,Mumbai,Maharashtra,India,Gold,2021-10-10,Inactive
CUST000761,Joanne,Hunter,Male,1984-03-18,joanne.hunter@outlook.com,0135706020,London,England,United Kingdom,Silver,2023-10-31,Inactive
CUST000762,Nicholas,Thompson,Female,1972-04-06,nicholas.thompson@yahoo.com,0586976971,Chennai,Tamil Nadu,India,Platinum,2023-12-05,Active
CUST000763,Tina,Hernandez,Female,1970-05-27,tina.hernandez@outlook.com,9729821897,Dubai,Dubai,UAE,Diamond,2023-09-05,Active
CUST000764,Brian,Hammond,Male,1997-03-16,brian.hammond@hotmail.com,5937916062,Mumbai,Maharashtra,India,Platinum,2026-05-11,Inactive
CUST000765,Christina,Wilson,Male,1967-03-07,christina.wilson@gmail.com,4810683894,Sydney,New South Wales,Australia,Silver,2024-06-10,Active
CUST000766,William,Johnson,Male,1996-12-01,william.johnson@yahoo.com,5422389929,Chennai,Tamil Nadu,India,Silver,2024-11-02,Inactive
CUST000767,Eugene,Thomas,Female,1996-05-30,eugene.thomas@outlook.com,6523778167,Delhi,Delhi,India,Diamond,2024-11-15,Active
CUST000768,Ashley,Fletcher,Female,1982-02-23,ashley.fletcher@yahoo.com,1157440793,Dubai,Dubai,UAE,Platinum,2025-08-30,Inactive
CUST000769,Michael,Scott,Female,1982-10-04,michael.scott@hotmail.com,1727257441,London,England,United Kingdom,Platinum,2024-03-13,Active
CUST000770,Michael,Rodriguez,Female,1962-07-28,michael.rodriguez@yahoo.com,1207968051,Chennai,Tamil Nadu,India,Silver,2022-06-30,Inactive
CUST000771,Aaron,Harvey,Male,1965-01-10,aaron.harvey@outlook.com,5248996441,Hyderabad,Telangana,India,Silver,2024-10-25,Inactive
CUST000772,Jacob,Scott,Male,1980-03-24,jacob.scott@gmail.com,0242647590,Hyderabad,Telangana,India,Gold,2022-03-10,Active
CUST000773,Tina,Watkins,Male,1996-02-17,tina.watkins@gmail.com,2818966382,Hyderabad,Telangana,India,Platinum,2025-11-01,Inactive
CUST000774,Julie,Parker,Male,1980-08-29,julie.parker@yahoo.com,,Hyderabad,Telangana,India,Diamond,2024-08-27,Active
CUST000775,Haley,Turner,Male,1972-04-14,haley.turner@yahoo.com,9333481472,Hyderabad,Telangana,India,Gold,2024-10-29,Inactive
CUST000776,Joel,Harrison,Male,1978-08-04,joel.harrison@hotmail.com,6827783886,Mumbai,Maharashtra,India,Platinum,2022-10-31,Inactive
CUST000777,Tammy,Harrison,Male,1966-09-19,tammy.harrison@outlook.com,6745768544,DUBAI,Dubai,UAE,Diamond,2024-02-12,Inactive
CUST000778,Rebecca,Parker,Female,1989-09-03,rebecca.parker@hotmail.com,1323637391,Mumbai,Maharashtra,India,Platinum,2022-05-23,Active
CUST000779,Cynthia,Conley,Male,1995-11-12,cynthia.conley@gmail.com,1636906416, London,England,United Kingdom,Silver,2024-12-02,Active
CUST000780,Denise,Scott,Male,1957-06-11,denise.scott@yahoo.com,0232031779,Sydney,New South Wales,Australia,Platinum,2023-06-22,Inactive
CUST000781,Christopher,Cervantes,Male,1963-03-07,christopher.cervantes@hotmail.com,4798802324,Delhi,Delhi,India,Diamond,2024-11-08,Inactive
CUST000782,Debbie,Eaton,Female,1985-09-22,debbie.eaton@outlook.com,6821783842,Mumbai,Maharashtra,India,Diamond,2022-10-03,Inactive
CUST000783,Debbie,Mccarty,Male,1997-02-05,debbie.mccarty@outlook.com,3666208572,Dubai,Dubai,UAE,Diamond,2024-09-28,Inactive
CUST000784,Jennifer,Rivers,Male,1956-10-31,jennifer.rivers@yahoo.com,3620532135,Delhi,Delhi,India,Silver,2025-11-13,Active
CUST000785,Michael,Franklin,Female,1976-05-09,michael.franklin@hotmail.com,8804884819,Hyderabad,Telangana,India,Platinum,2022-10-28,Active
CUST000786,Emily,Fleming,Male,2002-03-01,emily.fleming@outlook.com,3163947694,Dubai,Dubai,UAE,Gold,2022-04-27,Inactive
CUST000787,Courtney,Russell,Male,1993-09-27,courtney.russell@gmail.com,0097987697,Delhi,Delhi,India,Diamond,2023-08-10,Inactive
CUST000788,Patrick,Dudley,Male,1963-04-28,patrick.dudley@gmail.com,1078577859,Dubai,Dubai,UAE,Gold,2026-07-03,Active
CUST000789,Patricia,Bryant,Male,1999-12-06,patricia.bryant@outlook.com,8195177177,Dubai,Dubai,UAE,Diamond,2024-02-17,Active
CUST000790,Nicole,Clark,Male,1982-04-20,nicole.clark@outlook.com,9990648845,Hyderabad,Telangana,India,Silver,2026-03-14,Inactive
CUST000791,John,Casey,Male,1961-08-19,john.casey@outlook.com,4834085143,Singapore,Singapore,Singapore,Diamond,2024-09-24,Inactive
CUST000792,Amy,Brooks,Female,1983-11-18,amy.brooks@hotmail.com,5925233152,Chennai,Tamil Nadu,India,Diamond,2026-03-07,Inactive
CUST000793,Wesley,Harper,Male,1994-10-13,wesley.harper@yahoo.com,3597459834,Singapore,Singapore,Singapore,Platinum,2024-06-30,Active
CUST000794,Rebecca,Gray,Female,1978-04-13,rebecca.gray@gmail.com,0547043559,Singapore,Singapore,Singapore,Gold,2021-12-19,Active
CUST000795,Tiffany,Lucero,Male,1987-10-03,tiffany.lucero@outlook.com,0887112884,Mumbai,Maharashtra,India,Diamond,2021-08-08,Inactive
CUST000796,Angela,Anderson,Female,2008-02-03,angela.anderson@yahoo.com,2244297251,Singapore,Singapore,Singapore,Silver,2023-01-29,Active
CUST000797,David,Davis,Female,1974-02-24,david.davis@yahoo.com,2011735500,London,England,United Kingdom,Gold,2022-01-10,Active
CUST000798,Daniel,Hamilton,Female,1963-04-27,daniel.hamilton@outlook.com,9955063755,MUMBAI,Maharashtra,India,Platinum,2023-03-01,Active
CUST000799,Sierra,Martin,Female,1983-11-17,sierra.martin@gmail.com,4642988191,Singapore,Singapore,Singapore,Diamond,2025-10-22,Inactive
CUST000800,John,Fernandez,Female,2002-02-25,john.fernandez@outlook.com,1382633642,London,England,United Kingdom,Platinum,2026-04-15,Active
CUST000801,Melissa,Brown,Male,1956-01-17,melissa.brown@outlook.com,1091034407,Mumbai,Maharashtra,India,Diamond,2026-04-11,Inactive
CUST000802,David,Ray,Male,1999-08-10,david.ray@gmail.com,8454701270,Chennai,Tamil Nadu,India,Diamond,2023-08-08,Inactive
CUST000803,Benjamin,Erickson,Female,1972-05-15,,2475550201,Dubai,Dubai,UAE,Gold,2022-10-29,Active
CUST000804,Paul,Walsh,Female,1975-05-20,paul.walsh@yahoo.com,4975482151,New York,New York,United States,Silver,2021-11-27,Inactive
CUST000805,Mary,Yates,Male,1975-03-30,mary.yates@hotmail.com,6213118615,Chennai,Tamil Nadu,India,Gold,2022-06-11,Inactive
CUST000806,Kelly,Green,Male,1993-12-02,kelly.green@hotmail.com,3226891784,New York,New York,United States,Platinum,2024-03-04,Inactive
CUST000807,David,Kerr,Male,1962-10-29,david.kerr@hotmail.com,8089732845,Hyderabad,Telangana,India,Diamond,2024-12-04,Active
CUST000808,Larry,Collins,Female,1957-04-30,larry.collins@outlook.com,7346441925,Mumbai,Maharashtra,India,Silver,2025-09-13,Active
CUST000809,Michael,Hicks,Female,1987-10-16,michael.hicks@hotmail.com,3490430216,Sydney,New South Wales,Australia,Silver,2025-07-26,Inactive
CUST000810,Matthew,Young,Male,2005-07-11,matthew.young@hotmail.com,8023042223,Mumbai,Maharashtra,India,Silver,2025-04-07,Inactive
CUST000811,Christina,Christensen,Male,1998-09-30,christina.christensen@yahoo.com,1806991355,Hyderabad,Telangana,India,Diamond,2022-01-14,Active
CUST000812,Barry,Reid,Female,1984-05-27,barry.reid@hotmail.com,9559111097,Chennai ,Tamil Nadu,India,Silver,2022-08-31,Active
CUST000813,Samantha,Stafford,Male,1999-12-24,samantha.stafford@hotmail.com,4378364767,Hyderabad,Telangana,India,Diamond,2025-06-04,Active
CUST000814,Ernest,Wise,Female,1961-10-08,ernest.wise@outlook.com,6507351912,Mumbai,Maharashtra,India,Silver,2021-12-15,Active
CUST000815,Karen,Price,Male,1984-09-06,abc@,3408874510,Sydney,New South Wales,Australia,Silver,2023-10-25,Inactive
CUST000816,Thomas,Frazier,Female,1979-06-25,thomas.frazier@hotmail.com,4287858217,Chennai,Tamil Nadu,India,Silver,2026-01-17,Inactive
CUST000817,Thomas,Long,Female,1989-07-19,thomas.long@hotmail.com,9172652188,Mumbai,Maharashtra,India,Diamond,2025-09-23,Active
CUST000818,Karen,Peters,Female,1976-07-20,karen.peters@yahoo.com,1187910369,Sydney,New South Wales,Australia,Platinum,2021-12-12,Active
CUST000819,Billy,Delgado,Female,1998-11-20,billy.delgado@gmail.com,9515390624,London,England,United Kingdom,Platinum,2022-06-15,Inactive
CUST000820,Steven,Martin,Male,1992-11-04,steven.martin@yahoo.com,2666414379,Sydney,New South Wales,Australia,Diamond,2022-06-02,Inactive
CUST000821,Sarah,Hickman,Female,1961-05-17,sarah.hickman@hotmail.com,5677532483,Bengaluru,Karnataka,India,Platinum,2024-03-11,Inactive
CUST000822,Elizabeth,Mack,Male,1998-11-01,elizabeth.mack@yahoo.com,9350219779,London,England,United Kingdom,Silver,2024-04-12,Inactive
CUST000823,Melissa,Griffin,Male,1977-08-06,melissa.griffin@hotmail.com,3556026480,Mumbai,Maharashtra,India,Platinum,2026-03-02,Inactive
CUST000824,Charles,Wilkerson,Female,1976-10-29,charles.wilkerson@outlook.com,9249172172,Delhi,Delhi,India,Gold,2023-12-02,Inactive
CUST000825,Kendra,Snyder,Female,1974-04-15,kendra.snyder@hotmail.com,5952197902,Bengaluru,Karnataka,India,Silver,2024-06-20,Active
CUST000826,Nathan,Rivera,Male,1984-08-10,nathan.rivera@yahoo.com,4826383755,Chennai,Tamil Nadu,India,Silver,2021-10-20,Active
CUST000827,Jon,Hinton,Female,1984-06-05,,2754256908, Bengaluru,Karnataka,India,Silver,2025-03-03,Inactive
CUST000828,Tammy,Prince,Male,1989-08-26,tammy.prince@yahoo.com,3977460257,MUMBAI,Maharashtra,India,Gold,2024-11-06,Inactive
CUST000829,Matthew,Moran,Female,1974-12-20,matthew.moran@gmail.com,4877830081,Sydney,New South Wales,Australia,Gold,2022-11-14,Active
CUST000830,Pamela,Olson,Male,1961-01-12,pamela.olson@gmail.com,1447588409,Sydney,New South Wales,Australia,Gold,2022-02-02,Inactive
CUST000831,Ricardo,Palmer,Male,2002-08-23,ricardo.palmer@gmail.com,9057918053,Delhi,Delhi,India,Silver,2023-12-08,Active
CUST000832,Tiffany,Mack,Female,1975-03-09,tiffany.mack@outlook.com,3388363021,Singapore,Singapore,Singapore,Silver,2024-10-06,Active
CUST000833,Diane,Hernandez,Female,2001-09-22,diane.hernandez@outlook.com,0130481216,Dubai,Dubai,UAE,Platinum,2022-12-24,Active
CUST000834,Michael,Richardson,Male,1985-06-22,michael.richardson@outlook.com,7234107971,Dubai,Dubai,UAE,Gold,2026-07-07,Inactive
CUST000835,Amanda,Lindsey,Female,2008-07-17,amanda.lindsey@gmail.com,5476120878,Dubai,Dubai,UAE,Diamond,2022-10-17,Inactive
CUST000836,James,Sherman,Female,1995-03-28,james.sherman@hotmail.com,0302417600,Chennai,Tamil Nadu,India,Gold,2021-09-15,Inactive
CUST000837,Logan,Fowler,Male,1957-01-23,logan.fowler@hotmail.com,5725764103,London,England,United Kingdom,Gold,2021-09-15,Active
CUST000838,Shawn,Dunn,Female,1971-03-14,shawn.dunn@yahoo.com,9801123259,New York,New York,United States,Silver,2024-09-28,Inactive
CUST000839,Suzanne,King,Female,1959-05-11,suzanne.king@hotmail.com,1633803667,Singapore,Singapore,Singapore,Diamond,2024-02-03,Inactive
CUST000840,Ashley,Gregory,Male,1974-09-13,ashley.gregory@gmail.com,1747290608,Singapore,Singapore,Singapore,Silver,2023-03-09,Active
CUST000841,Amanda,Ferguson,Male,1962-03-17,amanda.ferguson@outlook.com,9934891065,Chennai,Tamil Nadu,India,Gold,2022-03-09,Inactive
CUST000842,Cody,Wagner,Male,1977-12-09,cody.wagner@yahoo.com,2415742780,Chennai,Tamil Nadu,India,Silver,2026-05-04,Inactive
CUST000843,Erica,Watson,Female,1958-12-11,erica.watson@gmail.com,8500408218,Sydney,New South Wales,Australia,Platinum,2021-09-15,Inactive
CUST000844,Steven,Thompson,Female,1999-11-27,steven.thompson@outlook.com,0474778351,Sydney,New South Wales,Australia,Diamond,2026-05-02,Active
CUST000845,Roger,James,Female,1960-09-19,roger.james@outlook.com,3865110216,London,England,United Kingdom,Gold,2022-01-20,Inactive
CUST000846,Christopher,Fleming,Female,2001-05-11,christopher.fleming@yahoo.com,3473490643, Hyderabad,Telangana,India,Gold,2024-01-17,Active
CUST000847,Emily,Brandt,Female,1973-07-28,emily.brandt@hotmail.com,1471522411,Mumbai,Maharashtra,India,Platinum,2026-05-13,Active
CUST000848,Robert,Smith,Female,1963-09-14,robert.smith@gmail.com,3560597517,Delhi,Delhi,India,Silver,2025-04-23,Inactive
CUST000849,Jason,Atkins,Female,1997-02-05,jason.atkins@hotmail.com,5603546873, London,England,United Kingdom,Platinum,2022-11-03,Active
CUST000850,Nicole,Rasmussen,Male,1989-12-08,nicole.rasmussen@outlook.com,7161838447, Mumbai,Maharashtra,India,Silver,2022-03-26,Active
CUST000851,Victor,Spencer,Female,1967-02-21,victor.spencer@yahoo.com,0267322664,Sydney,New South Wales,Australia,Gold,2023-10-16,Inactive
CUST000852,Betty,Elliott,Male,1989-01-20,betty.elliott@outlook.com,6275460966,Mumbai,Maharashtra,India,Gold,2022-06-14,Active
CUST000853,Michelle,Berry,Female,1975-06-18,john@gmail,2835419946,Hyderabad,Telangana,India,Diamond,2024-09-18,Inactive
CUST000854,Eric,Munoz,Male,1976-10-28,eric.munoz@hotmail.com,6549043262,Mumbai,Maharashtra,India,Silver,2024-02-12,Active
CUST000855,Jean,Potts,Male,1957-07-25,jean.potts@outlook.com,9303250919,Singapore,Singapore,Singapore,Diamond,2021-10-19,Active
CUST000856,Daniel,Sullivan,Female,1979-07-30,daniel.sullivan@outlook.com,7724034117,Bengaluru,Karnataka,India,Gold,2023-05-11,Active
CUST000857,Kiara,Hickman,Male,2002-12-30,kiara.hickman@gmail.com,1279043183,Delhi,Delhi,India,Diamond,2022-11-05,Active
CUST000858,Ann,Waters,Female,1987-02-23,ann.waters@outlook.com,4930708562,Hyderabad,Telangana,India,Silver,2026-05-17,Inactive
CUST000859,Dennis,Phelps,Male,2004-02-17,dennis.phelps@gmail.com,3084457365,New York,New York,United States,Gold,2022-07-31,Inactive
CUST000860,Cathy,Good,Female,1962-04-25,cathy.good@outlook.com,8817171460,London,England,United Kingdom,Platinum,2023-02-27,Active
CUST000861,Michelle,Lopez,Female,1958-07-01,michelle.lopez@outlook.com,4492039706,Singapore,Singapore,Singapore,Gold,2024-08-13,Inactive
CUST000862,Cassandra,Green,Male,1956-12-24,cassandra.green@yahoo.com,0543012362,Singapore,Singapore,Singapore,Platinum,2024-01-22,Inactive
CUST000863,James,Friedman,Female,1956-10-02,james.friedman@yahoo.com,6629419556,Singapore ,Singapore,Singapore,Silver,2024-02-26,Inactive
CUST000864,Megan,Rodriguez,Female,2004-11-27,megan.rodriguez@yahoo.com,0812433931,New York,New York,United States,Gold,2023-02-07,Active
CUST000865,Jake,Harris,Female,1959-05-06,jake.harris@yahoo.com,3915385277,Chennai,Tamil Nadu,India,Silver,2023-02-08,Inactive
CUST000866,Julie,Garcia,Female,1976-08-09,julie.garcia@gmail.com,0715476810,Mumbai,Maharashtra,India,Diamond,2022-12-31,Active
CUST000867,Julie,Harris,Female,2006-12-05,julie.harris@gmail.com,7025305720,London,England,United Kingdom,Gold,2023-10-13,Active
CUST000868,Timothy,Solis,Female,1992-11-15,timothy.solis@gmail.com,9367552746,Delhi,Delhi,India,Silver,2022-12-29,Inactive
CUST000869,Stacy,Delgado,Male,1969-11-07,stacy.delgado@yahoo.com,5001211018,Chennai,Tamil Nadu,India,Platinum,2023-09-19,Active
CUST000870,Jacqueline,Navarro,Male,2005-01-20,jacqueline.navarro@gmail.com,6138518715,Delhi,Delhi,India,Platinum,2026-07-01,Active
CUST000871,Joyce,Padilla,Male,1999-03-17,joyce.padilla@gmail.com,,London,England,United Kingdom,Platinum,2025-05-04,Active
CUST000872,Michael,Scott,Female,1985-06-18,michael.scott@yahoo.com,8008267029,Delhi,Delhi,India,Gold,2023-02-18,Inactive
CUST000873,Michael,Mitchell,Female,1966-08-10,michael.mitchell@hotmail.com,7005931073,Sydney,New South Wales,Australia,Silver,2025-10-10,Active
CUST000874,Miranda,Smith,Female,1981-07-30,miranda.smith@outlook.com,9771832965,Dubai,Dubai,UAE,Silver,2022-08-23,Active
CUST000875,Dominique,Anderson,Female,1959-09-18,dominique.anderson@hotmail.com,6911475645,Chennai,Tamil Nadu,India,Diamond,2022-04-26,Active
CUST000876,Jennifer,Brown,Male,1961-07-21,jennifer.brown@yahoo.com,7615156372,Mumbai,Maharashtra,India,Gold,2023-06-01,Inactive
CUST000877,Kevin,Fisher,Female,1975-09-10,kevin.fisher@gmail.com,6354064910,London,England,United Kingdom,Gold,2025-01-09,Active
CUST000878,Caleb,Jones,Male,1991-07-28,caleb.jones@hotmail.com,6209700295,Singapore,Singapore,Singapore,Diamond,2023-11-29,Inactive
CUST000879,Matthew,Clayton,Female,1978-02-08,matthew.clayton@hotmail.com,8090623176,London,England,United Kingdom,Silver,2023-01-25,Active
CUST000880,John,Gardner,Male,1994-04-13,john.gardner@hotmail.com,2013190753,Bengaluru,Karnataka,India,Gold,2023-03-28,Inactive
CUST000881,Mary,Anderson,Male,1962-09-18,mary.anderson@outlook.com,9594010391,Bengaluru,Karnataka,India,Diamond,2024-06-17,Active
CUST000882,Lisa,Allison,Male,1995-06-14,lisa.allison@outlook.com,9548494511,Singapore,Singapore,Singapore,Platinum,2025-12-04,Active
CUST000883,April,Reyes,Male,2003-07-20,april.reyes@gmail.com,6515213064,Chennai,Tamil Nadu,India,Diamond,2026-07-01,Inactive
CUST000884,Kevin,Crane,Female,2000-07-23,kevin.crane@gmail.com,6299261778,New York,New York,United States,Gold,2022-12-13,Active
CUST000885,Tracey,Branch,Male,1999-05-22,tracey.branch@gmail.com,6230429502,Dubai,Dubai,UAE,Platinum,2024-12-03,Active
CUST000886,Richard,Chapman,Female,1966-05-22,richard.chapman@gmail.com,8980581476,Chennai,Tamil Nadu,India,Silver,2022-11-13,Active
CUST000887,Vincent,Andrews,Male,1999-11-18,vincent.andrews@yahoo.com,7326075768,Hyderabad,Telangana,India,Silver,2023-09-03,Inactive
CUST000888,Amy,Williams,Female,1991-12-18,amy.williams@gmail.com,1115697191,Sydney,New South Wales,Australia,Diamond,2024-10-20,Active
CUST000889,Kathleen,Anderson,Female,1958-01-03,kathleen.anderson@gmail.com,0041347622,Bengaluru,Karnataka,India,Diamond,2024-01-19,Active
CUST000890,William,Mejia,Male,1958-06-13,william.mejia@gmail.com,9151776382,Mumbai,Maharashtra,India,Platinum,2021-08-29,Inactive
CUST000891,Gail,Daugherty,Male,1985-12-09,gail.daugherty@yahoo.com,5898418622,Singapore,Singapore,Singapore,Gold,2023-11-24,Active
CUST000892,Adam,Tyler,Male,1956-11-05,adam.tyler@yahoo.com,5355583571,Hyderabad,Telangana,India,Gold,2024-10-23,Active
CUST000893,George,Allen,Male,1995-04-07,george.allen@gmail.com,0069240429,Singapore,Singapore,Singapore,Diamond,2022-06-14,Inactive
CUST000894,Jeff,Welch,Male,2002-08-08,jeff.welch@hotmail.com,3827340536,London,England,United Kingdom,Platinum,2024-03-26,Inactive
CUST000895,William,Hill,Male,1978-11-17,william.hill@yahoo.com,0744723654,Dubai,Dubai,UAE,Platinum,2024-06-07,Inactive
CUST000896,Scott,Green,Male,1971-03-31,scott.green@gmail.com,9530887373, Dubai,Dubai,UAE,Gold,2023-11-01,Inactive
CUST000897,Kimberly,Carter,Female,1968-05-14,kimberly.carter@yahoo.com,2542392610,Delhi,Delhi,India,Platinum,2022-06-15,Inactive
CUST000898,Theresa,Sanchez,Male,1966-07-29,,8806672505,Sydney,New South Wales,Australia,Gold,2025-07-24,Active
CUST000899,Chad,Stone,Male,2000-07-18,chad.stone@gmail.com,8351267884,Dubai,Dubai,UAE,Silver,2023-08-09,Active
CUST000900,Mackenzie,Wilson,Male,1968-06-03,mackenzie.wilson@hotmail.com,0105060902,Chennai,Tamil Nadu,India,Diamond,2025-07-15,Active
CUST000901,James,Miller,Male,1995-03-29,james.miller@yahoo.com,3189246270, Dubai,Dubai,UAE,Diamond,2026-07-10,Active
CUST000902,Chase,Barton,Male,1992-05-28,chase.barton@gmail.com,1209276469,Bengaluru,Karnataka,India,Platinum,2024-03-26,Active
CUST000903,Stephanie,Wilson,Female,1991-05-02,stephanie.wilson@hotmail.com,3009386666,Mumbai,Maharashtra,India,Silver,2023-07-04,Inactive
CUST000904,John,Perez,Female,1994-09-19,john.perez@outlook.com,1786043743,Bengaluru,Karnataka,India,Diamond,2025-05-01,Active
CUST000905,Michael,Mccoy,Male,1974-05-16,michael.mccoy@gmail.com,1928704481,Dubai,Dubai,UAE,Platinum,2025-03-24,Inactive
CUST000906,Linda,Myers,Female,2001-01-23,,9443596490,New York,New York,United States,Silver,2026-04-09,Active
CUST000907,Susan,Jackson,Male,1964-05-31,john@gmail,2236077289,Sydney,New South Wales,Australia,Gold,2026-03-05,Inactive
CUST000908,Shawn,Mercado,Female,1993-04-04,shawn.mercado@hotmail.com,,Dubai,Dubai,UAE,Platinum,2026-04-17,Active
CUST000909,Edward,Fernandez,Male,1987-11-15,edward.fernandez@outlook.com,6799341914,Bengaluru,Karnataka,India,Diamond,2021-09-21,Active
CUST000910,Meghan,Sullivan,Female,2001-03-27,meghan.sullivan@hotmail.com,0052219390,New York,New York,United States,Diamond,2024-04-20,Inactive
CUST000911,Jim,Greer,Male,1977-05-31,jim.greer@outlook.com,2540249784,London,England,United Kingdom,Diamond,2025-04-14,Active
CUST000912,David,Simpson,Male,1976-05-10,david.simpson@gmail.com,1814890520,Hyderabad,Telangana,India,Platinum,2022-10-20,Active
CUST000913,Veronica,Myers,Female,1970-04-05,veronica.myers@outlook.com,9163389128, Hyderabad,Telangana,India,Silver,2023-09-16,Inactive
CUST000914,Grace,Perry,Male,2006-02-04,grace.perry@outlook.com,4682127176,Hyderabad,Telangana,India,Diamond,2026-07-01,Inactive
CUST000915,Amanda,Powell,Male,1974-12-07,amanda.powell@hotmail.com,6028220205, Bengaluru,Karnataka,India,Diamond,2022-01-09,Active
CUST000916,Ashley,Hill,Female,1999-03-03,ashley.hill@outlook.com,8458144800,London,England,United Kingdom,Diamond,2022-12-15,Inactive
CUST000917,Ryan,Lyons,Male,1968-09-22,ryan.lyons@hotmail.com,8537126770,CHENNAI,Tamil Nadu,India,Diamond,2023-04-06,Active
CUST000918,Randy,Estrada,Male,1988-10-17,randy.estrada@hotmail.com,6980049092,Chennai,Tamil Nadu,India,Diamond,2023-03-01,Active
CUST000919,Michele,Cunningham,Female,1985-03-28,michele.cunningham@hotmail.com,7759342933,Dubai,Dubai,UAE,Silver,2022-08-20,Active
CUST000920,Wayne,Leach,Female,1990-11-29,wayne.leach@hotmail.com,4252785160,Sydney,New South Wales,Australia,Gold,2024-02-03,Inactive
CUST000921,Leah,Baker,Male,1964-02-04,leah.baker@yahoo.com,3730513261,Dubai,Dubai,UAE,Diamond,2025-04-06,Active
CUST000922,Michael,Martinez,Male,1978-01-19,michael.martinez@hotmail.com,2880186190,Delhi,Delhi,India,Diamond,2024-03-18,Active
CUST000923,James,Watkins,Male,1987-06-18,james.watkins@gmail.com,,Bengaluru,Karnataka,India,Silver,2024-01-27,Active
CUST000924,Robert,Garcia,Male,2007-06-09,robert.garcia@outlook.com,3847441459,New York,New York,United States,Gold,2025-09-06,Inactive
CUST000925,Laura,Brown,Female,1959-10-05,laura.brown@hotmail.com,9687253684,Dubai,Dubai,UAE,Silver,2025-05-14,Inactive
CUST000926,Justin,Powers,Female,1981-04-26,justin.powers@yahoo.com,1429257753,Mumbai,Maharashtra,India,Silver,2026-06-03,Active
CUST000927,Christopher,Cole,Male,1989-06-24,christopher.cole@yahoo.com,1920552849,Bengaluru,Karnataka,India,Gold,2022-03-09,Inactive
CUST000928,Leslie,Thomas,Female,1955-09-18,leslie.thomas@hotmail.com,1010530376,Sydney,New South Wales,Australia,Silver,2023-05-23,Inactive
CUST000929,Amber,Harris,Male,1999-06-15,amber.harris@hotmail.com,9148569550,Dubai,Dubai,UAE,Diamond,2023-05-09,Active
CUST000930,Terri,Carter,Female,1989-08-10,terri.carter@hotmail.com,4569406049,Bengaluru,Karnataka,India,Silver,2025-10-18,Inactive
CUST000931,Donald,Martin,Male,2003-02-08,donald.martin@hotmail.com,9030124119,Singapore,Singapore,Singapore,Platinum,2025-02-01,Active
CUST000932,David,Acosta,Male,2006-12-14,david.acosta@outlook.com,9009696723,London,England,United Kingdom,Silver,2023-09-10,Active
CUST000933,Kari,Richardson,Female,1963-04-04,kari.richardson@gmail.com,4917612415,Singapore,Singapore,Singapore,Gold,2023-09-26,Active
CUST000934,Timothy,Morris,Female,2007-12-04,timothy.morris@hotmail.com,0437550919,Chennai,Tamil Nadu,India,Gold,2021-09-02,Active
CUST000935,Jean,Smith,Male,1961-05-15,jean.smith@yahoo.com,1426632092,NEW YORK,New York,United States,Platinum,2025-08-28,Inactive
CUST000936,Jesus,Johnson,Female,1960-09-21,jesus.johnson@gmail.com,5129894360,London,England,United Kingdom,Silver,2024-06-09,Inactive
CUST000937,Patrick,Graham,Female,2000-01-26,patrick.graham@outlook.com,9885059074,Mumbai,Maharashtra,India,Diamond,2025-03-12,Active
CUST000938,Cynthia,Jones,Female,1962-12-31,cynthia.jones@hotmail.com,9501435071,Mumbai,Maharashtra,India,Silver,2026-07-22,Active
CUST000939,Janice,Ward,Female,1981-02-04,janice.ward@gmail.com,6152549248,Bengaluru,Karnataka,India,Silver,2022-12-08,Inactive
CUST000940,Adam,Jackson,Female,2000-10-17,adam.jackson@yahoo.com,7093143635,Bengaluru,Karnataka,India,Diamond,2022-09-03,Inactive
CUST000941,Catherine,Reid,Female,1976-04-20,catherine.reid@gmail.com,2882482334,Hyderabad,Telangana,India,Gold,2024-02-07,Inactive
CUST000942,Jorge,Rose,Male,2003-10-13,jorge.rose@yahoo.com,4475955461,Mumbai,Maharashtra,India,Gold,2022-06-10,Inactive
CUST000943,Erik,Johnson,Female,1962-04-30,john@gmail,4693259964,Singapore,Singapore,Singapore,Gold,2021-12-28,Inactive
CUST000944,Natalie,Hicks,Male,2008-03-29,natalie.hicks@gmail.com,9301963024,Sydney,New South Wales,Australia,Silver,2023-09-29,Inactive
CUST000945,Colton,Jimenez,Male,1973-11-07,colton.jimenez@gmail.com,4300553029,Mumbai,Maharashtra,India,Diamond,2024-03-10,Inactive
CUST000946,Lisa,Moses,Female,1984-02-07,lisa.moses@gmail.com,1061245875,New York,New York,United States,Silver,2023-09-26,Active
CUST000947,Cynthia,Hall,Female,2001-09-09,cynthia.hall@yahoo.com,7332854155,Bengaluru,Karnataka,India,Silver,2025-06-09,Inactive
CUST000948,Joel,Allen,Male,1997-06-26,joel.allen@hotmail.com,2154679255, Sydney,New South Wales,Australia,Gold,2023-03-30,Inactive
CUST000949,Aaron,Hernandez,Male,1983-08-20,abc@,0510430506,New York,New York,United States,Platinum,2022-10-23,Inactive
CUST000950,Maureen,Stewart,Male,2002-10-07,maureen.stewart@outlook.com,7026898917,Sydney,New South Wales,Australia,Silver,2022-03-31,Active
CUST000951,Amanda,Mcmillan,Male,2007-08-03,amanda.mcmillan@gmail.com,9924000150,New York,New York,United States,Gold,2022-11-10,Inactive
CUST000952,Douglas,Lopez,Male,1971-05-26,douglas.lopez@outlook.com,1436102530,Dubai,Dubai,UAE,Platinum,2022-06-04,Inactive
CUST000953,Desiree,Hernandez,Female,1958-11-13,desiree.hernandez@yahoo.com,3941431221,Bengaluru,Karnataka,India,Gold,2024-07-14,Inactive
CUST000954,Lisa,Brown,Female,2007-09-26,lisa.brown@gmail.com,3209379022,New York,New York,United States,Silver,2024-10-22,Active
CUST000955,Tanya,Curtis,Male,1997-03-25,tanya.curtis@hotmail.com,7056366777,London,England,United Kingdom,Diamond,2021-08-03,Active
CUST000956,Jennifer,Riggs,Male,1988-12-08,jennifer.riggs@hotmail.com,3233944384,Dubai ,Dubai,UAE,Diamond,2023-09-14,Active
CUST000957,Jennifer,Olsen,Female,2007-12-24,jennifer.olsen@outlook.com,6486642535,New York ,New York,United States,Diamond,2024-09-15,Inactive
CUST000958,Amy,Craig,Female,2005-08-01,amy.craig@hotmail.com,0516229635,Delhi,Delhi,India,Diamond,2024-10-11,Inactive
CUST000959,Anthony,Davis,Female,1985-01-19,anthony.davis@outlook.com,9237932213,Hyderabad,Telangana,India,Gold,2024-07-01,Inactive
CUST000960,Melissa,Howard,Female,1975-07-24,melissa.howard@gmail.com,2240771246,Sydney,New South Wales,Australia,Platinum,2021-12-28,Inactive
CUST000961,Vanessa,Rodriguez,Male,1958-11-08,vanessa.rodriguez@yahoo.com,3808997824,Hyderabad,Telangana,India,Gold,2022-05-17,Active
CUST000962,Kimberly,Miller,Male,1961-06-08,kimberly.miller@outlook.com,7770331292,Bengaluru,Karnataka,India,Gold,2025-05-23,Active
CUST000963,Brent,Hernandez,Male,1971-08-22,brent.hernandez@gmail.com,1495298775,Mumbai,Maharashtra,India,Platinum,2025-11-05,Active
CUST000964,Alexander,Potts,Female,1982-08-31,alexander.potts@yahoo.com,0408374816,Chennai,Tamil Nadu,India,Diamond,2024-08-29,Active
CUST000965,Connie,Howard,Male,1991-07-10,connie.howard@hotmail.com,6330270403,Mumbai,Maharashtra,India,Gold,2025-10-17,Inactive
CUST000966,Samuel,Romero,Female,1964-10-06,samuel.romero@gmail.com,,Dubai,Dubai,UAE,Diamond,2025-02-06,Active
CUST000967,Linda,Simpson,Female,1962-08-24,linda.simpson@gmail.com,9998254100,Chennai,Tamil Nadu,India,Gold,2021-12-07,Active
CUST000968,Mason,Williams,Male,1961-04-20,mason.williams@outlook.com,8642121586,Singapore,Singapore,Singapore,Platinum,2024-01-10,Active
CUST000969,James,Fletcher,Female,1965-12-02,james.fletcher@hotmail.com,3296024503,Mumbai,Maharashtra,India,Diamond,2022-09-13,Active
CUST000970,Jennifer,Cantrell,Female,2000-08-26,jennifer.cantrell@gmail.com,1786858029,Dubai,Dubai,UAE,Silver,2022-11-17,Inactive
CUST000971,Darrell,Gibbs,Female,1981-05-18,darrell.gibbs@gmail.com,7507823386,New York,New York,United States,Silver,2022-04-03,Inactive
CUST000972,Meagan,Ross,Female,1989-11-01,meagan.ross@outlook.com,4476518551,Bengaluru,Karnataka,India,Gold,2022-08-31,Inactive
CUST000973,Kathleen,Clark,Male,2004-07-17,kathleen.clark@gmail.com,6968026142,Singapore,Singapore,Singapore,Diamond,2022-06-19,Inactive
CUST000974,Tiffany,Obrien,Male,1960-11-29,tiffany.obrien@yahoo.com,2212011304,Hyderabad,Telangana,India,Platinum,2026-06-03,Active
CUST000975,Gail,Hernandez,Male,1978-11-27,gail.hernandez@hotmail.com,8684145847,Sydney,New South Wales,Australia,Platinum,2024-06-15,Inactive
CUST000976,Elizabeth,Wagner,Male,1963-04-12,elizabeth.wagner@gmail.com,7128237638,Chennai,Tamil Nadu,India,Platinum,2022-10-26,Active
CUST000977,Erin,Reynolds,Female,2001-09-20,erin.reynolds@hotmail.com,5246056439,Sydney,New South Wales,Australia,Silver,2024-02-16,Inactive
CUST000978,James,Flores,Male,1994-11-14,abc@,9370144843,Bengaluru,Karnataka,India,Diamond,2022-08-15,Inactive
CUST000979,Debra,Tucker,Female,1959-03-28,debra.tucker@outlook.com,9513705855,Mumbai,Maharashtra,India,Diamond,2025-01-31,Active
CUST000980,Janice,Frost,Female,1970-11-05,janice.frost@yahoo.com,3923594477,Mumbai,Maharashtra,India,Silver,2025-10-13,Active
CUST000981,Sara,Todd,Male,1970-03-10,sara.todd@gmail.com,0466629876,London,England,United Kingdom,Gold,2025-09-19,Active
CUST000982,Katelyn,Hansen,Female,1973-10-20,katelyn.hansen@hotmail.com,7398698057,Mumbai,Maharashtra,India,Diamond,2023-11-01,Active
CUST000983,Robert,Braun,Male,2005-01-04,robert.braun@hotmail.com,7021617017,Chennai,Tamil Nadu,India,Silver,2025-06-08,Inactive
CUST000984,Victor,Warner,Female,1981-11-19,victor.warner@hotmail.com,0319114014,Dubai,Dubai,UAE,Diamond,2024-08-19,Inactive
CUST000985,Gerald,Carlson,Female,1998-12-11,gerald.carlson@gmail.com,8932370787,Chennai,Tamil Nadu,India,Diamond,2023-01-05,Inactive
CUST000986,Heidi,Orr,Female,1963-03-26,,4132668397,Singapore,Singapore,Singapore,Silver,2026-03-06,Active
CUST000987,Jay,Pham,Female,1960-07-24,jay.pham@outlook.com,2347838777,Dubai,Dubai,UAE,Silver,2023-09-04,Active
CUST000988,Michael,Diaz,Female,1971-03-24,michael.diaz@gmail.com,1808134200,Hyderabad,Telangana,India,Gold,2026-02-15,Active
CUST000989,Jessica,Jackson,Female,1992-10-20,jessica.jackson@yahoo.com,4686729649,Mumbai,Maharashtra,India,Gold,2025-12-07,Inactive
CUST000990,Valerie,Key,Female,1985-11-20,valerie.key@gmail.com,4727035870,Hyderabad,Telangana,India,Platinum,2023-04-19,Active
CUST000991,Randy,Cochran,Female,1965-04-25,randy.cochran@yahoo.com,3112096649,Sydney,New South Wales,Australia,Platinum,2023-12-01,Active
CUST000992,John,Stewart,Female,1991-05-29,john.stewart@outlook.com,4292621223,Chennai,Tamil Nadu,India,Diamond,2022-03-13,Active
CUST000993,Sheila,Williamson,Female,1983-03-07,sheila.williamson@outlook.com,5987665319,Hyderabad,Telangana,India,Platinum,2025-05-04,Inactive
CUST000994,Angela,Vincent,Female,1965-11-16,angela.vincent@gmail.com,9413570209,Sydney,New South Wales,Australia,Diamond,2025-09-13,Active
CUST000995,Danielle,Rodriguez,Female,1965-06-12,danielle.rodriguez@hotmail.com,7211700244,Hyderabad,Telangana,India,Platinum,2021-08-21,Active
CUST000996,Rebecca,Wright,Male,1981-06-28,rebecca.wright@hotmail.com,0393705097,Bengaluru,Karnataka,India,Silver,2026-02-06,Inactive
CUST000997,Pamela,Burch,Male,1960-05-17,pamela.burch@outlook.com,7077551862,Delhi,Delhi,India,Silver,2026-07-04,Inactive
CUST000998,Scott,Young,Male,1980-05-20,scott.young@hotmail.com,6823007518,Dubai,Dubai,UAE,Silver,2022-12-22,Inactive
CUST000999,Christine,Brown,Male,1976-08-27,christine.brown@gmail.com,5653134013,Dubai,Dubai,UAE,Gold,2025-12-08,Active
CUST001000,Brian,Robles,Female,1986-07-12,brian.robles@outlook.com,3002189330,London,England,United Kingdom,Silver,2023-03-02,Active
CUST001001,Jessica,Johnson,Male,2003-10-21,###@gmail.com,0486354902,New York,New York,United States,Platinum,2023-04-17,Active
CUST001002,Joshua,Martin,Male,1962-09-21,joshua.martin@hotmail.com,0257629285,New York,New York,United States,Silver,2022-12-06,Active
CUST001003,Joyce,Hernandez,Male,2000-02-04,joyce.hernandez@outlook.com,8049785430,New York,New York,United States,Diamond,2024-01-02,Inactive
CUST001004,Peter,Cook,Male,1960-04-18,peter.cook@gmail.com,9848760629,Sydney,New South Wales,Australia,Platinum,2023-01-26,Inactive
CUST001005,Gregory,Meadows,Female,2005-08-01,abc@,0466471383,Singapore,Singapore,Singapore,Diamond,2025-06-12,Inactive
CUST001006,Alyssa,Burnett,Female,2002-02-26,alyssa.burnett@outlook.com,4772160118,Sydney,New South Wales,Australia,Silver,2023-05-28,Active
CUST001007,Robert,Chang,Male,2003-02-14,robert.chang@outlook.com,3679256583,Delhi,Delhi,India,Diamond,2022-09-27,Inactive
CUST001008,Steven,Lee,Female,1981-09-20,steven.lee@gmail.com,4879927773,Mumbai,Maharashtra,India,Silver,2024-07-03,Inactive
CUST001009,Nicholas,Jordan,Male,1997-06-18,nicholas.jordan@hotmail.com,6080957445,Singapore,Singapore,Singapore,Platinum,2026-07-09,Active
CUST001010,Oscar,Cook,Female,1966-04-07,oscar.cook@gmail.com,6023961833,Dubai,Dubai,UAE,Platinum,2024-06-13,Inactive
CUST001011,Brandon,Scott,Female,1987-05-02,brandon.scott@outlook.com,0224638278,Mumbai,Maharashtra,India,Diamond,2023-11-08,Inactive
CUST001012,Daniel,Payne,Male,2003-06-18,daniel.payne@gmail.com,8587784188,Mumbai,Maharashtra,India,Diamond,2021-08-21,Active
CUST001013,Justin,Brown,Male,2007-11-13,justin.brown@outlook.com,3648489566,Chennai,Tamil Nadu,India,Platinum,2022-07-03,Active
CUST001014,Daniel,Wilson,Female,1962-06-30,daniel.wilson@outlook.com,8948578518,New York,New York,United States,Gold,2024-08-28,Inactive
CUST001015,Cheryl,Soto,Female,1998-05-12,cheryl.soto@gmail.com,8273641753,Singapore,Singapore,Singapore,Diamond,2021-08-12,Active
CUST001016,Diane,Huynh,Female,1965-03-05,diane.huynh@gmail.com,7880253522,Bengaluru,Karnataka,India,Silver,2022-07-06,Inactive
CUST001017,Mason,Fletcher,Female,1998-01-03,mason.fletcher@yahoo.com,1415644285,Hyderabad,Telangana,India,Diamond,2022-03-03,Active
CUST001018,Mallory,Smith,Male,1961-08-05,mallory.smith@outlook.com,6667189566,Sydney,New South Wales,Australia,Diamond,2024-01-03,Active
CUST001019,Heather,Dunn,Female,1958-11-22,heather.dunn@outlook.com,8645088770,Sydney,New South Wales,Australia,Diamond,2024-11-30,Active
CUST001020,Alan,Olsen,Male,1993-12-14,alan.olsen@gmail.com,5717570387,Dubai,Dubai,UAE,Diamond,2022-10-07,Inactive
CUST001021,Nicole,May,Female,2006-07-28,nicole.may@hotmail.com,2289065169,Dubai ,Dubai,UAE,Platinum,2024-09-28,Active
CUST001022,Scott,Burns,Female,1964-09-07,scott.burns@hotmail.com,,Hyderabad,Telangana,India,Platinum,2024-03-13,Active
CUST001023,Michael,Gray,Male,1980-07-30,gmail.com,2138664372,Dubai,Dubai,UAE,Silver,2025-12-04,Inactive
CUST001024,Anthony,Moore,Female,1983-02-25,anthony.moore@outlook.com,6406487442,Chennai,Tamil Nadu,India,Silver,2023-02-14,Active
CUST001025,Joe,Sutton,Male,2000-11-20,,7397845340,Sydney,New South Wales,Australia,Gold,2024-07-25,Active
CUST001026,Molly,Davis,Female,2006-11-01,,0491229187,Delhi,Delhi,India,Silver,2024-04-13,Active
CUST001027,Megan,Navarro,Female,1995-03-10,megan.navarro@yahoo.com,0539851634,Hyderabad,Telangana,India,Silver,2024-04-17,Inactive
CUST001028,Theresa,Nguyen,Male,1986-12-30,theresa.nguyen@yahoo.com,9301403694,Dubai,Dubai,UAE,Platinum,2024-03-11,Active
CUST001029,Roberta,Powell,Female,1967-01-10,roberta.powell@outlook.com,0304398603,London,England,United Kingdom,Platinum,2025-08-26,Inactive
CUST001030,Katherine,Newman,Male,1975-10-26,katherine.newman@gmail.com,9855573331,Bengaluru,Karnataka,India,Platinum,2022-10-19,Inactive
CUST001031,Patricia,Gonzales,Female,1972-08-10,patricia.gonzales@outlook.com,2256928911,London,England,United Kingdom,Silver,2022-02-17,Inactive
CUST001032,Marcus,Rivera,Female,1980-01-21,marcus.rivera@yahoo.com,9882579269,New York,New York,United States,Gold,2021-11-15,Active
CUST001033,Joel,Hunt,Male,1998-09-22,joel.hunt@outlook.com,5503298000,Bengaluru,Karnataka,India,Gold,2026-04-04,Active
CUST001034,Tammy,Henderson,Female,1968-01-18,tammy.henderson@yahoo.com,5153854727,Hyderabad,Telangana,India,Diamond,2023-07-24,Active
CUST001035,Chris,Smith,Female,1990-03-07,chris.smith@outlook.com,2840159160,New York,New York,United States,Platinum,2024-10-27,Active
CUST001036,Theresa,Morgan,Female,1966-12-13,theresa.morgan@yahoo.com,4488663213,Bengaluru,Karnataka,India,Platinum,2021-12-09,Active
CUST001037,Brian,Perkins,Male,1955-08-29,brian.perkins@hotmail.com,9989669328,Bengaluru,Karnataka,India,Gold,2021-09-18,Active
CUST001038,Angela,Lewis,Female,1976-05-16,angela.lewis@gmail.com,6960054057,Hyderabad,Telangana,India,Platinum,2026-04-09,Active
CUST001039,Pamela,Greene,Male,1957-06-19,pamela.greene@outlook.com,8841867939,Mumbai,Maharashtra,India,Platinum,2022-07-26,Inactive
CUST001040,Michael,Tran,Female,1972-12-03,michael.tran@outlook.com,7491383772,New York,New York,United States,Diamond,2023-08-26,Inactive
CUST001041,Robert,Martinez,Male,1998-08-13,robert.martinez@yahoo.com,1022353168,Bengaluru,Karnataka,India,Diamond,2026-06-18,Inactive
CUST001042,Marissa,King,Female,1999-05-13,marissa.king@outlook.com,3402067801,Delhi,Delhi,India,Diamond,2023-11-26,Inactive
CUST001043,Cheyenne,Gamble,Male,1959-02-15,cheyenne.gamble@outlook.com,2072763353,Sydney,New South Wales,Australia,Silver,2025-06-08,Inactive
CUST001044,Pamela,Austin,Male,1986-02-07,pamela.austin@gmail.com,9307737915,London,England,United Kingdom,Platinum,2022-06-08,Active
CUST001045,David,Cook,Female,1967-01-31,david.cook@hotmail.com,0639333825,London,England,United Kingdom,Diamond,2026-07-03,Inactive
CUST001046,Brandon,Wilson,Female,1977-11-27,brandon.wilson@yahoo.com,8385008241,Hyderabad,Telangana,India,Silver,2024-09-09,Inactive
CUST001047,Michael,Kennedy,Male,1960-04-29,michael.kennedy@hotmail.com,2253600765,Singapore,Singapore,Singapore,Diamond,2023-08-19,Active
CUST001048,David,Day,Female,2002-05-13,david.day@hotmail.com,4731389923,New York,New York,United States,Platinum,2022-07-17,Inactive
CUST001049,Juan,Middleton,Female,1974-03-20,juan.middleton@gmail.com,9726972041,New York,New York,United States,Platinum,2026-05-18,Inactive
CUST001050,Joseph,Murphy,Female,1988-08-11,joseph.murphy@gmail.com,6489753473,Mumbai,Maharashtra,India,Silver,2023-05-25,Active
CUST001051,Kimberly,Schwartz,Male,1986-05-08,kimberly.schwartz@gmail.com,8139463189,Chennai ,Tamil Nadu,India,Gold,2025-03-18,Inactive
CUST001052,Stephanie,Sanchez,Female,1964-08-09,stephanie.sanchez@yahoo.com,0232651614,Delhi,Delhi,India,Silver,2024-04-06,Inactive
CUST001053,William,Davis,Male,2004-09-18,william.davis@gmail.com,1470605490,Chennai,Tamil Nadu,India,Platinum,2024-12-18,Active
CUST001054,Hannah,Mccormick,Female,1960-02-06,hannah.mccormick@yahoo.com,1378919501,Sydney,New South Wales,Australia,Platinum,2022-02-10,Inactive
CUST001055,Carlos,Calderon,Male,1968-11-04,carlos.calderon@gmail.com,7247721672,Chennai,Tamil Nadu,India,Silver,2023-07-06,Active
CUST001056,Deborah,Williams,Male,1991-11-13,deborah.williams@gmail.com,2128064176,Sydney,New South Wales,Australia,Gold,2023-12-02,Active
CUST001057,Julie,Flowers,Female,1999-07-10,julie.flowers@yahoo.com,8475941260,Mumbai,Maharashtra,India,Silver,2022-07-09,Active
CUST001058,Timothy,Dudley,Male,1984-01-18,timothy.dudley@yahoo.com,6969874727,London,England,United Kingdom,Platinum,2025-03-04,Inactive
CUST001059,Caleb,Armstrong,Female,1956-12-05,caleb.armstrong@hotmail.com,4301286625,Bengaluru,Karnataka,India,Platinum,2021-10-08,Inactive
CUST001060,Kenneth,Robinson,Female,1996-04-05,kenneth.robinson@hotmail.com,8661742003,Mumbai,Maharashtra,India,Silver,2025-11-12,Inactive
CUST001061,Tara,Nolan,Male,1967-07-23,tara.nolan@outlook.com,2535557358,Chennai,Tamil Nadu,India,Gold,2025-11-13,Inactive
CUST001062,Frances,Jackson,Male,2007-01-30,,8262555926,Sydney,New South Wales,Australia,Silver,2022-05-19,Active
CUST001063,Sonia,Rodriguez,Male,1975-07-29,sonia.rodriguez@gmail.com,3663657935,Dubai,Dubai,UAE,Diamond,2023-05-16,Active
CUST001064,Nicole,Dixon,Male,1970-07-16,nicole.dixon@yahoo.com,7387777945,Sydney,New South Wales,Australia,Gold,2023-07-19,Inactive
CUST001065,Tina,York,Male,1965-11-12,tina.york@gmail.com,0349450244,London,England,United Kingdom,Silver,2024-11-25,Inactive
CUST001066,Jeffrey,Greene,Male,1982-10-27,jeffrey.greene@hotmail.com,9312076029,Mumbai,Maharashtra,India,Diamond,2022-10-05,Inactive
CUST001067,Anna,Perez,Male,2006-11-24,anna.perez@yahoo.com,4939312980,Bengaluru,Karnataka,India,Silver,2026-01-15,Inactive
CUST001068,Kelly,Smith,Male,2002-10-09,kelly.smith@gmail.com,9729198830,CHENNAI,Tamil Nadu,India,Silver,2026-03-15,Active
CUST001069,Benjamin,Johnson,Female,2008-07-18,benjamin.johnson@gmail.com,9010056196,Chennai,Tamil Nadu,India,Diamond,2026-03-29,Active
CUST001070,David,Chen,Female,2005-06-25,david.chen@yahoo.com,4169515112,Chennai,Tamil Nadu,India,Platinum,2026-05-05,Inactive
CUST001071,James,Miller,Female,1956-09-27,james.miller@outlook.com,7629547896,Dubai,Dubai,UAE,Diamond,2022-03-19,Inactive
CUST001072,Kelly,Murphy,Female,1993-02-15,kelly.murphy@yahoo.com,0261979141,Hyderabad ,Telangana,India,Silver,2024-01-20,Inactive
CUST001073,Jacob,Sawyer,Female,1972-10-31,jacob.sawyer@hotmail.com,7250538003,Chennai,Tamil Nadu,India,Silver,2026-06-14,Active
CUST001074,Timothy,Thornton,Male,1992-08-07,timothy.thornton@outlook.com,7676456392,Chennai,Tamil Nadu,India,Silver,2023-05-08,Inactive
CUST001075,Maria,Smith,Female,1995-08-21,maria.smith@outlook.com,7328385646,New York,New York,United States,Platinum,2021-08-11,Active
CUST001076,Heather,Ferguson,Female,1972-11-27,heather.ferguson@hotmail.com,4838963807,Mumbai,Maharashtra,India,Silver,2021-11-22,Inactive
CUST001077,Alexis,Ramirez,Male,1971-08-28,alexis.ramirez@gmail.com,0245704206,Sydney,New South Wales,Australia,Gold,2022-10-29,Active
CUST001078,Jeffrey,Hill,Female,2006-03-11,jeffrey.hill@yahoo.com,4753154781,Delhi,Delhi,India,Silver,2025-08-16,Inactive
CUST001079,Douglas,Duncan,Male,1960-04-12,douglas.duncan@hotmail.com,9122235294,Delhi,Delhi,India,Diamond,2022-01-27,Active
CUST001080,Michael,Moore,Female,1979-09-11,michael.moore@hotmail.com,7056356631,Bengaluru,Karnataka,India,Silver,2021-11-15,Inactive
CUST001081,Sheila,Burke,Male,1970-08-08,sheila.burke@hotmail.com,9454261508,New York ,New York,United States,Platinum,2026-03-25,Inactive
CUST001082,Jacqueline,Crawford,Male,1998-06-26,jacqueline.crawford@hotmail.com,7186568584,New York,New York,United States,Gold,2022-10-26,Active
CUST001083,Raymond,Beck,Female,1986-11-02,raymond.beck@hotmail.com,0652608753,Sydney,New South Wales,Australia,Gold,2021-12-10,Inactive
CUST001084,Ricky,Prince,Male,1986-07-26,ricky.prince@outlook.com,1112468801,Chennai,Tamil Nadu,India,Gold,2025-05-11,Inactive
CUST001085,Latasha,Cook,Female,2003-11-18,latasha.cook@outlook.com,5415288077,Hyderabad,Telangana,India,Diamond,2025-12-05,Active
CUST001086,William,Smith,Female,1965-06-21,william.smith@outlook.com,2948949855,Hyderabad,Telangana,India,Diamond,2025-07-23,Inactive
CUST001087,Gabriel,Malone,Female,1996-04-15,gabriel.malone@gmail.com,4158266089,Sydney,New South Wales,Australia,Gold,2024-02-20,Active
CUST001088,Glenn,Bright,Female,1999-09-29,glenn.bright@outlook.com,2859078304,New York,New York,United States,Diamond,2025-06-03,Active
CUST001089,Linda,Walker,Male,2003-09-16,linda.walker@yahoo.com,8991537447,Hyderabad,Telangana,India,Diamond,2024-01-23,Active
CUST001090,David,Howell,Male,2004-04-12,david.howell@outlook.com,6651497343,Chennai,Tamil Nadu,India,Silver,2022-03-31,Inactive
CUST001091,Kayla,Waters,Male,1959-04-01,kayla.waters@outlook.com,6619270701,London,England,United Kingdom,Diamond,2023-05-06,Inactive
CUST001092,Joshua,Ramirez,Male,1973-12-03,joshua.ramirez@hotmail.com,5202275658,Bengaluru,Karnataka,India,Silver,2026-02-02,Inactive
CUST001093,Jason,Mcdonald,Male,1980-07-05,jason.mcdonald@gmail.com,6428619677,New York,New York,United States,Platinum,2023-05-07,Active
CUST001094,Virginia,Brewer,Female,1960-06-28,virginia.brewer@gmail.com,5607907889,Mumbai,Maharashtra,India,Silver,2021-12-05,Active
CUST001095,Robert,Moore,Female,1960-07-28,robert.moore@gmail.com,0607669349,New York,New York,United States,Silver,2022-11-21,Active
CUST001096,Christopher,Phillips,Male,1981-06-20,christopher.phillips@gmail.com,4902035651,Bengaluru,Karnataka,India,Platinum,2022-02-03,Active
CUST001097,Caleb,Malone,Female,2008-05-06,caleb.malone@outlook.com,1113533991,Sydney,New South Wales,Australia,Gold,2024-12-09,Active
CUST001098,Kelli,Meyer,Male,2005-05-17,kelli.meyer@hotmail.com,9880997450,Sydney,New South Wales,Australia,Platinum,2026-07-08,Active
CUST001099,Rodney,Mccoy,Female,1957-09-29,rodney.mccoy@yahoo.com,9484987036,Mumbai,Maharashtra,India,Gold,2026-04-03,Active
CUST001100,Jesse,Wright,Male,1959-07-30,jesse.wright@gmail.com,5771915816,Hyderabad,Telangana,India,Gold,2025-07-15,Inactive
CUST001101,Brenda,Flowers,Male,1989-05-27,brenda.flowers@hotmail.com,6605019980,Chennai,Tamil Nadu,India,Platinum,2023-10-13,Inactive
CUST001102,Steven,Kim,Male,1995-12-08,steven.kim@outlook.com,2226233966,Delhi,Delhi,India,Gold,2024-09-29,Active
CUST001103,Frank,Miller,Male,1975-03-27,frank.miller@outlook.com,9372542771,New York,New York,United States,Silver,2022-01-23,Inactive
CUST001104,Jennifer,Cochran,Male,1973-07-11,jennifer.cochran@hotmail.com,5533919587,Bengaluru,Karnataka,India,Gold,2023-11-09,Active
CUST001105,Jennifer,Sanders,Male,1973-04-08,jennifer.sanders@gmail.com,9873133002,Hyderabad,Telangana,India,Diamond,2025-01-06,Active
CUST001106,Karen,Williams,Male,1982-06-22,karen.williams@gmail.com,3802534291,New York,New York,United States,Gold,2022-07-20,Inactive
CUST001107,Gregory,Carr,Female,1982-10-14,gregory.carr@yahoo.com,1203674585,Hyderabad,Telangana,India,Diamond,2022-10-30,Inactive
CUST001108,Julie,Adams,Female,1999-02-19,julie.adams@hotmail.com,7700969820,Delhi,Delhi,India,Silver,2026-05-31,Inactive
CUST001109,Jack,Herman,Female,1962-03-23,jack.herman@yahoo.com,9838616084,Chennai,Tamil Nadu,India,Diamond,2021-08-21,Active
CUST001110,Christopher,Ho,Female,1984-10-29,christopher.ho@gmail.com,5739782060,Delhi,Delhi,India,Silver,2023-12-10,Inactive
CUST001111,Mary,Hutchinson,Female,1990-06-01,mary.hutchinson@gmail.com,3488025496,Hyderabad,Telangana,India,Platinum,2021-08-06,Active
CUST001112,Nicholas,Matthews,Male,2004-04-16,nicholas.matthews@yahoo.com,2338797836,Singapore,Singapore,Singapore,Diamond,2022-09-23,Active
CUST001113,Tiffany,Phillips,Female,1992-12-09,tiffany.phillips@gmail.com,4432641959,Sydney,New South Wales,Australia,Silver,2023-07-07,Active
CUST001114,Tina,Olson,Male,1958-05-25,tina.olson@yahoo.com,3501385069,Singapore,Singapore,Singapore,Diamond,2024-01-24,Active
CUST001115,Kathleen,Perez,Female,1971-12-31,kathleen.perez@outlook.com,9096256499,Delhi,Delhi,India,Diamond,2026-01-01,Active
CUST001116,William,Johnson,Male,1980-12-06,william.johnson@yahoo.com,8105367376,Chennai,Tamil Nadu,India,Silver,2024-11-24,Inactive
CUST001117,Donald,Smith,Female,1974-10-02,donald.smith@yahoo.com,6627252333,Dubai,Dubai,UAE,Diamond,2022-01-25,Active
CUST001118,Alexander,Decker,Female,2003-12-10,,6297217546,Dubai,Dubai,UAE,Platinum,2025-05-15,Inactive
CUST001119,Ryan,Forbes,Male,1973-01-10,ryan.forbes@hotmail.com,5448331091,Mumbai,Maharashtra,India,Platinum,2025-01-18,Active
CUST001120,Ariel,White,Female,1962-07-18,ariel.white@gmail.com,3917085167,Dubai,Dubai,UAE,Diamond,2026-04-06,Active
CUST001121,Rebecca,Garner,Female,1958-05-06,rebecca.garner@gmail.com,9860327029,Delhi,Delhi,India,Silver,2021-09-07,Inactive
CUST001122,David,Nicholson,Female,2002-11-18,david.nicholson@outlook.com,1545130869,Hyderabad,Telangana,India,Silver,2022-01-09,Active
CUST001123,Mary,Baker,Female,2001-07-02,mary.baker@yahoo.com,8773812400,Bengaluru,Karnataka,India,Platinum,2025-05-01,Inactive
CUST001124,Elizabeth,Evans,Male,1991-06-29,elizabeth.evans@yahoo.com,7459857176,Sydney,New South Wales,Australia,Diamond,2024-11-07,Active
CUST001125,Stephen,Erickson,Female,1983-02-15,stephen.erickson@gmail.com,3991815297,Dubai,Dubai,UAE,Gold,2023-09-26,Inactive
CUST001126,Charles,Holland,Female,1958-02-13,charles.holland@yahoo.com,2432516434,Delhi,Delhi,India,Diamond,2023-03-26,Active
CUST001127,Bobby,Horn,Female,1965-07-22,bobby.horn@yahoo.com,8254739780,Chennai,Tamil Nadu,India,Silver,2024-03-26,Inactive
CUST001128,Sylvia,Crane,Male,1996-06-25,sylvia.crane@hotmail.com,2720509743,Singapore,Singapore,Singapore,Platinum,2023-01-11,Active
CUST001129,Jasmine,James,Female,1983-10-02,jasmine.james@outlook.com,6253924080,Dubai,Dubai,UAE,Silver,2023-07-11,Inactive
CUST001130,Lisa,Ward,Female,1989-05-08,lisa.ward@yahoo.com,4819144353,Sydney,New South Wales,Australia,Gold,2024-08-21,Active
CUST001131,Nicole,Harvey,Male,1980-06-16,nicole.harvey@outlook.com,7735909566,New York,New York,United States,Gold,2026-04-16,Inactive
CUST001132,Joshua,Owen,Female,1973-01-03,joshua.owen@yahoo.com,1591255482,Hyderabad,Telangana,India,Gold,2026-05-24,Inactive
CUST001133,Makayla,Miller,Female,1999-01-29,makayla.miller@gmail.com,3092804755,Bengaluru,Karnataka,India,Platinum,2024-09-12,Active
CUST001134,Ian,Williams,Male,1961-05-07,ian.williams@outlook.com,1294713131,New York,New York,United States,Silver,2021-10-22,Active
CUST001135,Christopher,Fields,Female,1972-06-29,christopher.fields@yahoo.com,6391387717,London,England,United Kingdom,Silver,2024-05-27,Inactive
CUST001136,Victoria,Gates,Female,1965-04-23,victoria.gates@yahoo.com,3105990795,Delhi,Delhi,India,Silver,2023-12-22,Inactive
CUST001137,James,Gonzalez,Male,1956-05-01,james.gonzalez@yahoo.com,1537681011,London,England,United Kingdom,Diamond,2022-08-09,Active
CUST001138,Hunter,Allen,Male,1979-07-20,hunter.allen@hotmail.com,8044424366,Bengaluru,Karnataka,India,Silver,2022-10-23,Inactive
CUST001139,Megan,Mendez,Male,1960-06-29,megan.mendez@hotmail.com,6137115870,New York,New York,United States,Silver,2023-07-01,Active
CUST001140,Wanda,Lewis,Male,1968-11-26,wanda.lewis@hotmail.com,8070602467,Mumbai,Maharashtra,India,Silver,2025-11-18,Active
CUST001141,Drew,Sanchez,Male,2008-05-02,drew.sanchez@hotmail.com,1787024664,Chennai,Tamil Nadu,India,Gold,2026-01-08,Inactive
CUST001142,Henry,Serrano,Female,1974-08-20,henry.serrano@hotmail.com,7944979197,London,England,United Kingdom,Silver,2023-05-13,Inactive
CUST001143,Sheri,Patterson,Male,1963-07-06,sheri.patterson@outlook.com,5704900579,HYDERABAD,Telangana,India,Gold,2025-12-31,Inactive
CUST001144,Mariah,Navarro,Male,1961-07-05,mariah.navarro@gmail.com,1825743760,Delhi,Delhi,India,Diamond,2022-01-15,Active
CUST001145,Joshua,Sanchez,Male,1976-09-26,joshua.sanchez@gmail.com,0168727271,Delhi,Delhi,India,Diamond,2024-08-10,Inactive
CUST001146,Jackie,Powell,Female,1976-06-11,jackie.powell@hotmail.com,3456560920,Singapore,Singapore,Singapore,Gold,2023-03-12,Active
CUST001147,Danny,Lawrence,Female,2002-10-11,danny.lawrence@gmail.com,6185616856,London,England,United Kingdom,Silver,2025-01-07,Inactive
CUST001148,Jason,Parker,Female,1984-10-24,jason.parker@gmail.com,4882214445,London,England,United Kingdom,Silver,2022-08-01,Inactive
CUST001149,David,Hernandez,Female,1983-06-18,david.hernandez@yahoo.com,5518913010,Bengaluru,Karnataka,India,Diamond,2023-10-28,Active
CUST001150,Richard,Dennis,Male,1957-08-13,richard.dennis@outlook.com,5152144527,Delhi,Delhi,India,Gold,2024-11-15,Inactive
CUST001151,Gary,Hill,Male,1976-06-07,gary.hill@gmail.com,2151568766,DELHI,Delhi,India,Platinum,2021-08-30,Active
CUST001152,Frederick,Allen,Male,2006-10-10,frederick.allen@hotmail.com,6840570127,Chennai,Tamil Nadu,India,Diamond,2022-11-25,Inactive
CUST001153,Rachael,Anderson,Male,1973-09-02,rachael.anderson@outlook.com,5345900518,Delhi,Delhi,India,Gold,2024-09-16,Active
CUST001154,Olivia,Carpenter,Male,1994-10-07,olivia.carpenter@gmail.com,2271342426,Hyderabad,Telangana,India,Silver,2024-08-31,Inactive
CUST001155,Sophia,Duncan,Female,1988-08-11,sophia.duncan@gmail.com,9580948758,Dubai,Dubai,UAE,Platinum,2026-02-22,Active
CUST001156,Andre,Herring,Female,1961-03-01,andre.herring@gmail.com,3383965933,Sydney,New South Wales,Australia,Platinum,2024-07-10,Inactive
CUST001157,Alvin,Smith,Female,1992-03-09,alvin.smith@yahoo.com,1831022866,New York,New York,United States,Platinum,2025-02-01,Active
CUST001158,Taylor,Bruce,Female,1967-06-19,taylor.bruce@yahoo.com,6786064869,Dubai,Dubai,UAE,Platinum,2024-07-12,Active
CUST001159,Latoya,Smith,Male,1994-04-18,,2572001530,Bengaluru,Karnataka,India,Platinum,2023-04-08,Inactive
CUST001160,Ryan,Williams,Female,1982-11-10,ryan.williams@hotmail.com,5730629742, DELHI,Delhi,India,Silver,2025-08-29,Active
CUST001161,Heidi,Brock,Male,1974-11-16,heidi.brock@outlook.com,3691990364,New York,New York,United States,Silver,2025-09-02,Inactive
CUST001162,Scott,Stephens,Male,1973-03-01,scott.stephens@yahoo.com,8851058162,Singapore,Singapore,Singapore,Diamond,2022-07-22,Inactive
CUST001163,Julie,Collins,Female,2005-02-27,julie.collins@gmail.com,0156265043,London,England,United Kingdom,Platinum,2024-05-31,Inactive
CUST001164,Sarah,Coleman,Male,1968-12-26,sarah.coleman@gmail.com,9433345686,Dubai,Dubai,UAE,Diamond,2022-03-06,Inactive
CUST001165,Stephanie,Young,Male,2002-03-08,stephanie.young@outlook.com,0806727041,Hyderabad,Telangana,India,Platinum,2023-09-25,Inactive
CUST001166,Cody,Watson,Male,1982-04-04,cody.watson@yahoo.com,4634795673,Mumbai,Maharashtra,India,Platinum,2026-03-18,Inactive
CUST001167,Melissa,Jones,Male,1990-02-27,melissa.jones@outlook.com,3568856637,New York,New York,United States,Platinum,2023-01-11,Inactive
CUST001168,Holly,Torres,Male,2000-09-13,holly.torres@outlook.com,9795918988,Hyderabad,Telangana,India,Gold,2022-01-08,Active
CUST001169,Rhonda,Park,Female,1979-02-21,rhonda.park@hotmail.com,7303718941,Dubai,Dubai,UAE,Platinum,2025-03-06,Inactive
CUST001170,Shawn,Salazar,Male,1958-11-29,shawn.salazar@gmail.com,7540005324,London,England,United Kingdom,Gold,2024-04-01,Active
CUST001171,Christie,Brown,Female,1992-04-29,christie.brown@gmail.com,5881861868,New York,New York,United States,Silver,2025-09-05,Active
CUST001172,Nicholas,Thompson,Female,1966-04-30,nicholas.thompson@hotmail.com,7164613469,Singapore,Singapore,Singapore,Platinum,2022-02-02,Inactive
CUST001173,Deanna,Andrade,Male,1979-06-10,deanna.andrade@outlook.com,4190062308,Mumbai,Maharashtra,India,Silver,2025-02-08,Inactive
CUST001174,Philip,Kaiser,Female,1979-12-30,philip.kaiser@yahoo.com,6410829022,London,England,United Kingdom,Silver,2026-05-16,Active
CUST001175,Patricia,Hanson,Female,1987-06-02,patricia.hanson@yahoo.com,,New York,New York,United States,Platinum,2023-11-02,Active
CUST001176,Amanda,Bentley,Female,2001-02-01,amanda.bentley@yahoo.com,0395370096,Dubai,Dubai,UAE,Gold,2025-09-25,Active
CUST001177,Edwin,Little,Female,2003-03-26,edwin.little@hotmail.com,9848615896,Dubai,Dubai,UAE,Gold,2025-08-23,Active
CUST001178,Daniel,Moore,Female,1983-10-13,daniel.moore@yahoo.com,1884844282,New York,New York,United States,Silver,2024-08-14,Active
CUST001179,Nicholas,Anderson,Male,1978-03-01,nicholas.anderson@yahoo.com,4182537653,Dubai,Dubai,UAE,Gold,2023-07-16,Active
CUST001180,Lauren,Garcia,Female,1982-10-27,lauren.garcia@gmail.com,4470149436,Bengaluru,Karnataka,India,Gold,2023-02-10,Active
CUST001181,Anthony,Taylor,Male,1993-06-05,anthony.taylor@yahoo.com,7582719206,Mumbai,Maharashtra,India,Gold,2026-03-16,Inactive
CUST001182,Jose,Rogers,Female,1978-03-20,jose.rogers@hotmail.com,5202959078,London,England,United Kingdom,Gold,2023-07-23,Inactive
CUST001183,Jessica,Wright,Female,1980-03-04,,6921760840,Sydney,New South Wales,Australia,Gold,2023-03-23,Inactive
CUST001184,Brett,Jimenez,Male,1987-01-13,brett.jimenez@gmail.com,4021322548,Bengaluru,Karnataka,India,Diamond,2023-05-15,Inactive
CUST001185,Anna,Richards,Male,1985-07-10,anna.richards@gmail.com,,Singapore,Singapore,Singapore,Silver,2023-03-10,Active
CUST001186,Michael,Miller,Female,1968-01-18,michael.miller@gmail.com,5483749183,Bengaluru,Karnataka,India,Diamond,2023-09-15,Active
CUST001187,Todd,Taylor,Female,1986-04-01,todd.taylor@gmail.com,2594500995,Sydney,New South Wales,Australia,Diamond,2023-05-19,Inactive
CUST001188,Misty,Lopez,Male,1998-02-28,misty.lopez@outlook.com,4131656412,Dubai,Dubai,UAE,Silver,2023-09-02,Inactive
CUST001189,Philip,Smith,Male,2000-12-31,philip.smith@hotmail.com,1170037329,Hyderabad,Telangana,India,Silver,2025-11-21,Active
CUST001190,Jeffrey,Werner,Female,1981-09-29,jeffrey.werner@yahoo.com,0121474258,Singapore,Singapore,Singapore,Diamond,2025-01-24,Active
CUST001191,Michael,Smith,Female,1968-01-26,michael.smith@outlook.com,7328551853,Chennai,Tamil Nadu,India,Silver,2025-05-13,Active
CUST001192,Sabrina,Ford,Male,2006-05-06,sabrina.ford@outlook.com,2663456531,Mumbai,Maharashtra,India,Gold,2023-04-09,Inactive
CUST001193,Lisa,White,Male,1973-04-20,lisa.white@gmail.com,5985334671,Hyderabad,Telangana,India,Gold,2024-10-14,Active
CUST001194,Amanda,Goodman,Female,1993-02-26,amanda.goodman@outlook.com,3543647787,Chennai,Tamil Nadu,India,Diamond,2026-04-17,Inactive
CUST001195,Stephen,Fields,Female,1979-01-17,stephen.fields@outlook.com,7941929805,Singapore,Singapore,Singapore,Diamond,2024-08-05,Active
CUST001196,Paul,Cook,Female,2007-05-25,paul.cook@yahoo.com,8217533095,Mumbai,Maharashtra,India,Silver,2024-10-17,Active
CUST001197,Heidi,Villarreal,Male,1974-04-06,heidi.villarreal@yahoo.com,4442086263,Delhi,Delhi,India,Gold,2024-06-10,Inactive
CUST001198,Christina,Wall,Female,1984-03-22,christina.wall@outlook.com,5330892625,Sydney,New South Wales,Australia,Diamond,2023-01-25,Active
CUST001199,Kayla,King,Male,2000-01-13,kayla.king@hotmail.com,4631427466,Hyderabad,Telangana,India,Platinum,2024-12-29,Inactive
CUST001200,Troy,Hartman,Male,1993-04-04,troy.hartman@outlook.com,5376717326,Hyderabad,Telangana,India,Platinum,2025-07-26,Active
CUST001201,Erin,Cook,Male,2003-04-08,erin.cook@hotmail.com,1430306547,London,England,United Kingdom,Silver,2025-06-16,Inactive
CUST001202,Jason,Ford,Male,1979-08-30,jason.ford@yahoo.com,4853171354,London,England,United Kingdom,Silver,2022-01-05,Active
CUST001203,Nicholas,Ritter,Male,1978-09-02,nicholas.ritter@hotmail.com,1467548523,Chennai,Tamil Nadu,India,Gold,2021-12-15,Active
CUST001204,Tina,Simpson,Female,1989-11-26,gmail.com,8480781420,Bengaluru,Karnataka,India,Platinum,2021-09-19,Active
CUST001205,Brian,Hunt,Male,1972-07-30,brian.hunt@gmail.com,2561105282,Delhi,Delhi,India,Diamond,2022-11-19,Inactive
CUST001206,Stephanie,Miller,Male,1956-10-31,,8285814677,Singapore,Singapore,Singapore,Silver,2024-06-29,Active
CUST001207,Chase,Stevens,Female,1973-09-27,chase.stevens@yahoo.com,1431998520,Delhi,Delhi,India,Diamond,2026-06-09,Inactive
CUST001208,Gregory,Garcia,Female,1963-02-25,gregory.garcia@hotmail.com,5381456092,Dubai,Dubai,UAE,Gold,2025-09-21,Inactive
CUST001209,Dennis,Morris,Male,1987-10-14,dennis.morris@hotmail.com,6853004052,Chennai,Tamil Nadu,India,Platinum,2023-05-01,Inactive
CUST001210,Kara,Meyer,Female,1957-09-04,kara.meyer@gmail.com,3004656047,Sydney,New South Wales,Australia,Diamond,2025-08-02,Active
CUST001211,Michelle,Hubbard,Male,1970-12-13,michelle.hubbard@yahoo.com,4289946612,Dubai,Dubai,UAE,Silver,2025-05-29,Active
CUST001212,Cynthia,Myers,Male,1985-11-12,cynthia.myers@outlook.com,7249753669,New York,New York,United States,Platinum,2021-12-15,Inactive
CUST001213,Robert,Bailey,Male,1963-12-17,,7226497920,Hyderabad,Telangana,India,Silver,2023-08-22,Inactive
CUST001214,Angela,Dougherty,Female,2004-06-05,angela.dougherty@outlook.com,7561434502,London,England,United Kingdom,Platinum,2025-07-03,Active
CUST001215,Wendy,Peters,Female,1989-05-04,wendy.peters@yahoo.com,1008296039,Singapore,Singapore,Singapore,Diamond,2021-12-16,Active
CUST001216,Troy,Campbell,Female,2005-05-18,troy.campbell@yahoo.com,9054696551,Delhi,Delhi,India,Platinum,2025-06-14,Inactive
CUST001217,Matthew,Robinson,Female,1959-07-22,matthew.robinson@outlook.com,4844159093,Singapore,Singapore,Singapore,Gold,2022-07-08,Inactive
CUST001218,Brittany,Johnson,Female,1980-06-10,brittany.johnson@gmail.com,0120181344,Bengaluru,Karnataka,India,Silver,2023-11-16,Inactive
CUST001219,Edward,Davis,Male,1989-11-17,,0218404292, Singapore,Singapore,Singapore,Gold,2021-07-27,Active
CUST001220,Erik,Brewer,Male,1955-09-23,erik.brewer@yahoo.com,9443835817,Dubai,Dubai,UAE,Silver,2024-05-09,Active
CUST001221,Melissa,Thornton,Female,1974-06-04,melissa.thornton@outlook.com,3144505408,Delhi,Delhi,India,Silver,2022-12-28,Inactive
CUST001222,Katherine,Newton,Female,1999-03-06,katherine.newton@hotmail.com,5301567313,Delhi,Delhi,India,Platinum,2024-02-29,Inactive
CUST001223,Cassandra,Price,Female,1970-07-02,cassandra.price@gmail.com,5680619653,Delhi,Delhi,India,Silver,2024-02-26,Active
CUST001224,Stephen,Smith,Male,1994-09-01,stephen.smith@yahoo.com,1303025374,Mumbai,Maharashtra,India,Silver,2022-10-28,Active
CUST001225,Travis,Woods,Female,1973-03-23,travis.woods@outlook.com,5174407003,Delhi,Delhi,India,Diamond,2025-03-30,Active
CUST001226,Brittany,Hull,Male,2005-09-16,brittany.hull@outlook.com,7388684748,Chennai,Tamil Nadu,India,Silver,2023-07-04,Inactive
CUST001227,Victor,Ramos,Male,1969-07-19,victor.ramos@gmail.com,5228508441,Mumbai,Maharashtra,India,Diamond,2024-01-04,Active
CUST001228,Andres,Huff,Female,1986-03-02,andres.huff@gmail.com,5329624093,Hyderabad,Telangana,India,Platinum,2023-04-21,Inactive
CUST001229,Ashley,Myers,Male,2003-01-04,ashley.myers@outlook.com,3426945200,London,England,United Kingdom,Diamond,2025-03-17,Active
CUST001230,David,Powell,Female,1958-04-17,david.powell@yahoo.com,5133962795,Delhi,Delhi,India,Gold,2025-11-29,Inactive
CUST001231,Brandon,Acosta,Male,1964-10-17,brandon.acosta@gmail.com,8389179665,Sydney,New South Wales,Australia,Diamond,2026-01-20,Active
CUST001232,Jeffery,Ryan,Female,1983-01-09,jeffery.ryan@outlook.com,8008857094,Dubai,Dubai,UAE,Silver,2024-03-31,Inactive
CUST001233,Robin,Reed,Female,1988-06-10,robin.reed@outlook.com,3032547493,Bengaluru,Karnataka,India,Silver,2024-09-28,Inactive
CUST001234,Renee,Adams,Male,1979-07-26,renee.adams@outlook.com,0701718847,Hyderabad,Telangana,India,Platinum,2023-05-27,Active
CUST001235,Jennifer,Perez,Female,1988-08-02,jennifer.perez@yahoo.com,6572246314,New York,New York,United States,Diamond,2022-03-19,Active
CUST001236,Carla,Smith,Male,1963-10-23,carla.smith@hotmail.com,2877659319,Dubai,Dubai,UAE,Platinum,2024-10-08,Active
CUST001237,Ashley,Holmes,Female,1972-07-18,ashley.holmes@hotmail.com,3998048915,Dubai,Dubai,UAE,Silver,2023-08-15,Active
CUST001238,Maureen,Bell,Female,1979-06-09,maureen.bell@outlook.com,9848261946,Dubai,Dubai,UAE,Platinum,2023-12-30,Inactive
CUST001239,Tammy,Perez,Female,1994-04-03,tammy.perez@gmail.com,8545578528,Delhi,Delhi,India,Silver,2025-01-05,Active
CUST001240,Scott,Combs,Male,1971-10-15,scott.combs@hotmail.com,3893149249,Singapore,Singapore,Singapore,Diamond,2024-06-27,Active
CUST001241,Collin,Ramsey,Male,1987-11-05,collin.ramsey@outlook.com,8000738709,Dubai,Dubai,UAE,Diamond,2023-03-16,Inactive
CUST001242,Michaela,Kim,Male,1972-04-14,michaela.kim@yahoo.com,0501168925,Bengaluru,Karnataka,India,Platinum,2026-01-25,Inactive
CUST001243,Vincent,Joseph,Male,1976-08-22,vincent.joseph@gmail.com,2833789701,Hyderabad,Telangana,India,Platinum,2021-09-14,Inactive
CUST001244,Donald,Anderson,Female,2000-02-13,donald.anderson@yahoo.com,4960655565,Chennai,Tamil Nadu,India,Silver,2022-07-05,Active
CUST001245,James,Greene,Female,1974-08-09,james.greene@outlook.com,8018620709,Dubai,Dubai,UAE,Gold,2023-05-01,Inactive
CUST001246,Christine,West,Male,1997-10-15,christine.west@gmail.com,2805376274,Singapore,Singapore,Singapore,Platinum,2024-06-07,Active
CUST001247,Amy,Williams,Female,1972-02-10,amy.williams@yahoo.com,0455438982,Mumbai,Maharashtra,India,Silver,2024-04-13,Active
CUST001248,Martin,Holmes,Male,1969-01-21,martin.holmes@hotmail.com,3609984773,Bengaluru,Karnataka,India,Platinum,2022-06-14,Inactive
CUST001249,Gina,Knapp,Female,1974-11-23,gina.knapp@outlook.com,0703002973,Chennai,Tamil Nadu,India,Diamond,2023-12-07,Active
CUST001250,Lauren,Brown,Male,1992-08-05,lauren.brown@yahoo.com,3163892734,Mumbai,Maharashtra,India,Platinum,2025-09-29,Active
CUST001251,Dustin,Jordan,Male,1976-07-16,dustin.jordan@hotmail.com,6064704660,Delhi,Delhi,India,Silver,2024-11-24,Active
CUST001252,Nicholas,Johnson,Female,1987-01-19,nicholas.johnson@outlook.com,7788463348,Sydney,New South Wales,Australia,Diamond,2026-07-17,Active
CUST001253,Kim,Holden,Female,1995-01-20,kim.holden@gmail.com,6810357632,Chennai,Tamil Nadu,India,Gold,2025-06-18,Active
CUST001254,Dawn,Reese,Male,2007-01-05,dawn.reese@hotmail.com,6930463839,London,England,United Kingdom,Platinum,2024-06-20,Active
CUST001255,Jennifer,Patel,Female,1989-02-05,jennifer.patel@hotmail.com,0426889939,Bengaluru,Karnataka,India,Diamond,2021-09-10,Active
CUST001256,Christopher,Skinner,Male,1985-04-29,christopher.skinner@hotmail.com,, Singapore,Singapore,Singapore,Platinum,2025-03-21,Inactive
CUST001257,Randall,Garcia,Female,1967-02-13,randall.garcia@outlook.com,5861358003,Hyderabad,Telangana,India,Diamond,2022-09-14,Inactive
CUST001258,Jessica,Ramirez,Male,1983-10-04,jessica.ramirez@yahoo.com,7812951027,Singapore,Singapore,Singapore,Gold,2023-11-23,Active
CUST001259,Bethany,Green,Female,1956-12-02,bethany.green@yahoo.com,2504687115,Bengaluru,Karnataka,India,Gold,2021-09-19,Active
CUST001260,Michael,Petersen,Female,1972-02-01,michael.petersen@yahoo.com,6319603602,Singapore,Singapore,Singapore,Silver,2024-07-03,Active
CUST001261,Richard,Carter,Female,1970-03-19,richard.carter@yahoo.com,9577728821,Singapore,Singapore,Singapore,Silver,2024-02-11,Inactive
CUST001262,Patty,Grimes,Male,1957-02-23,patty.grimes@outlook.com,8129261325,London,England,United Kingdom,Diamond,2021-07-29,Active
CUST001263,Lindsey,Wilson,Male,1983-04-12,lindsey.wilson@gmail.com,6004495634,Sydney,New South Wales,Australia,Platinum,2023-01-14,Active
CUST001264,Isabel,Mercer,Female,1982-10-19,isabel.mercer@outlook.com,7512247984,Dubai,Dubai,UAE,Silver,2022-06-14,Inactive
CUST001265,Haley,Rodriguez,Male,1959-11-28,haley.rodriguez@gmail.com,5986171832,Dubai,Dubai,UAE,Diamond,2022-02-16,Active
CUST001266,Jerry,Robinson,Male,1982-08-18,jerry.robinson@outlook.com,1138428598,London,England,United Kingdom,Platinum,2023-09-17,Active
CUST001267,Henry,Cole,Male,2004-09-08,henry.cole@gmail.com,3376469427,London,England,United Kingdom,Diamond,2023-07-22,Inactive
CUST001268,Crystal,Duncan,Female,1976-07-21,crystal.duncan@outlook.com,5802560071,Bengaluru,Karnataka,India,Silver,2022-01-26,Inactive
CUST001269,Elizabeth,Nielsen,Male,1960-11-10,elizabeth.nielsen@yahoo.com,1087798745,London,England,United Kingdom,Diamond,2023-12-14,Inactive
CUST001270,Benjamin,Smith,Female,1958-03-09,benjamin.smith@yahoo.com,9682177065,New York,New York,United States,Gold,2023-06-28,Active
CUST001271,Megan,Rodriguez,Male,1955-08-02,megan.rodriguez@outlook.com,7584291926,Sydney,New South Wales,Australia,Platinum,2025-05-25,Inactive
CUST001272,Debra,Choi,Female,1973-11-30,debra.choi@yahoo.com,0631008730,Singapore,Singapore,Singapore,Gold,2021-12-30,Active
CUST001273,Aaron,West,Male,1984-09-03,aaron.west@outlook.com,2941663319, Hyderabad,Telangana,India,Silver,2023-04-22,Active
CUST001274,Christina,Jensen,Male,1996-07-12,christina.jensen@outlook.com,2423339165, Singapore ,Singapore,Singapore,Diamond,2025-11-11,Inactive
CUST001275,Donald,Gardner,Male,1995-03-03,,1137121763,Delhi,Delhi,India,Diamond,2023-07-11,Inactive
CUST001276,Anthony,Beltran,Male,1996-08-02,anthony.beltran@yahoo.com,5505410417,NEW YORK,New York,United States,Silver,2021-12-19,Active
CUST001277,Joseph,Graham,Male,1970-08-29,joseph.graham@outlook.com,6859363523,London,England,United Kingdom,Platinum,2024-06-22,Inactive
CUST001278,Daniel,Craig,Male,1985-01-22,daniel.craig@outlook.com,8731949014,London,England,United Kingdom,Gold,2026-02-02,Active
CUST001279,Sarah,Green,Male,1980-08-22,sarah.green@gmail.com,3757163965,New York,New York,United States,Gold,2022-05-14,Inactive
CUST001280,Lindsay,Sampson,Female,1957-10-11,lindsay.sampson@gmail.com,6737680316,Mumbai,Maharashtra,India,Gold,2021-09-14,Active
CUST001281,Jill,Strong,Female,1958-07-10,jill.strong@outlook.com,9444504378,New York,New York,United States,Platinum,2026-07-08,Active
CUST001282,Chloe,Terry,Female,1955-11-14,chloe.terry@gmail.com,1174878493,New York,New York,United States,Silver,2025-07-20,Inactive
CUST001283,Sharon,Holland,Male,1959-04-14,sharon.holland@gmail.com,8684944991,Sydney,New South Wales,Australia,Platinum,2023-01-24,Active
CUST001284,Thomas,Wilson,Male,1968-09-08,thomas.wilson@yahoo.com,7276714170,Bengaluru,Karnataka,India,Platinum,2024-04-17,Active
CUST001285,Marvin,Jones,Male,1994-08-05,marvin.jones@outlook.com,4145635829,Dubai,Dubai,UAE,Platinum,2026-03-24,Inactive
CUST001286,Amy,Carey,Male,1974-10-14,amy.carey@outlook.com,6302021649,Chennai,Tamil Nadu,India,Gold,2022-04-18,Active
CUST001287,Marissa,Bernard,Female,1984-07-24,marissa.bernard@hotmail.com,4235622387,Sydney,New South Wales,Australia,Diamond,2025-02-14,Inactive
CUST001288,Darin,Cantrell,Male,1978-05-16,darin.cantrell@outlook.com,1064072020,Singapore,Singapore,Singapore,Diamond,2026-05-21,Active
CUST001289,Michael,Goodwin,Female,2007-04-29,michael.goodwin@outlook.com,6864009131,New York,New York,United States,Platinum,2023-06-27,Inactive
CUST001290,James,Cabrera,Male,1994-03-31,james.cabrera@outlook.com,4637200676,Dubai,Dubai,UAE,Platinum,2024-12-06,Active
CUST001291,Mackenzie,Wheeler,Male,1990-11-08,mackenzie.wheeler@yahoo.com,0579495418,Singapore,Singapore,Singapore,Platinum,2026-03-04,Inactive
CUST001292,Susan,Price,Female,1978-07-23,susan.price@yahoo.com,4804518516,Chennai,Tamil Nadu,India,Silver,2022-02-22,Inactive
CUST001293,Rebecca,Mejia,Male,1988-10-03,rebecca.mejia@gmail.com,9998399676,Singapore,Singapore,Singapore,Platinum,2021-12-13,Active
CUST001294,Kimberly,Smith,Female,2006-11-16,kimberly.smith@outlook.com,9955646553,Hyderabad,Telangana,India,Diamond,2024-01-14,Inactive
CUST001295,Deanna,Hood,Male,1970-12-07,deanna.hood@outlook.com,4376948540,Sydney,New South Wales,Australia,Silver,2022-03-08,Active
CUST001296,Gary,Navarro,Female,1959-02-08,gary.navarro@gmail.com,4141549631,Sydney,New South Wales,Australia,Platinum,2022-03-21,Inactive
CUST001297,Robert,Thompson,Male,2004-01-25,robert.thompson@yahoo.com,1771772621,London,England,United Kingdom,Gold,2026-03-13,Active
CUST001298,Robert,Holt,Female,1980-04-05,robert.holt@yahoo.com,2615990025,New York,New York,United States,Silver,2026-06-15,Active
CUST001299,Amanda,Montgomery,Female,1977-10-12,amanda.montgomery@gmail.com,7088772507,New York,New York,United States,Gold,2026-05-18,Inactive
CUST001300,Bradley,Robertson,Female,1987-07-13,bradley.robertson@yahoo.com,3641219460,Hyderabad,Telangana,India,Silver,2021-09-27,Inactive
CUST001301,Laurie,Collins,Female,1986-06-03,laurie.collins@yahoo.com,6853906745, Hyderabad,Telangana,India,Diamond,2023-12-03,Active
CUST001302,David,Leonard,Female,1968-12-13,david.leonard@hotmail.com,9690021643,Sydney,New South Wales,Australia,Platinum,2026-02-03,Active
CUST001303,David,Nicholson,Female,1996-03-14,david.nicholson@hotmail.com,3270170865,Hyderabad ,Telangana,India,Silver,2022-08-16,Inactive
CUST001304,Terrance,Kaufman,Female,1978-04-30,terrance.kaufman@outlook.com,0586641995,London,England,United Kingdom,Platinum,2025-10-18,Active
CUST001305,Carla,Dickerson,Female,1985-04-12,carla.dickerson@gmail.com,6530296787,Chennai,Tamil Nadu,India,Platinum,2022-05-06,Active
CUST001306,Brenda,Glover,Female,1969-11-20,brenda.glover@gmail.com,9777328162,Chennai,Tamil Nadu,India,Platinum,2021-09-28,Inactive
CUST001307,Ashley,Jensen,Male,1973-05-31,ashley.jensen@hotmail.com,6689637776,London,England,United Kingdom,Platinum,2023-03-14,Active
CUST001308,Thomas,Chapman,Female,1988-06-24,thomas.chapman@gmail.com,2838408773, New York,New York,United States,Gold,2021-10-01,Inactive
CUST001309,Alexander,Jackson,Male,1979-02-09,alexander.jackson@hotmail.com,4660160696,Delhi,Delhi,India,Silver,2023-09-21,Inactive
CUST001310,Elizabeth,Dawson,Female,1963-09-09,elizabeth.dawson@gmail.com,5224891809,Sydney,New South Wales,Australia,Silver,2024-08-17,Active
CUST001311,Jason,Campbell,Female,2004-04-22,jason.campbell@gmail.com,7476691235,Mumbai,Maharashtra,India,Silver,2024-09-18,Active
CUST001312,Denise,Roth,Female,1957-10-25,denise.roth@yahoo.com,7177555203,Bengaluru,Karnataka,India,Diamond,2024-10-24,Active
CUST001313,Jennifer,Cole,Female,1995-12-31,john@gmail,9007382339,Singapore,Singapore,Singapore,Diamond,2023-07-11,Active
CUST001314,Justin,Terrell,Female,1960-10-23,justin.terrell@hotmail.com,9578452567,Singapore,Singapore,Singapore,Diamond,2025-09-29,Active
CUST001315,Nicole,Fowler,Male,1957-09-21,nicole.fowler@outlook.com,8314063034,Mumbai,Maharashtra,India,Silver,2026-06-14,Inactive
CUST001316,Mary,Stevens,Male,1993-04-18,mary.stevens@gmail.com,8666675989,London,England,United Kingdom,Gold,2024-04-27,Inactive
CUST001317,James,Martin,Male,2004-04-17,james.martin@outlook.com,8570202948,New York,New York,United States,Gold,2026-05-23,Inactive
CUST001318,Debra,Fields,Male,2005-11-06,debra.fields@gmail.com,7780955182,Singapore,Singapore,Singapore,Gold,2021-09-25,Inactive
CUST001319,Jennifer,Sparks,Female,2007-01-15,jennifer.sparks@hotmail.com,3311485273,Sydney,New South Wales,Australia,Diamond,2024-03-22,Inactive
CUST001320,Christopher,Snyder,Male,1961-03-21,christopher.snyder@gmail.com,0471063876,London,England,United Kingdom,Diamond,2026-06-25,Inactive
CUST001321,Tony,Walton,Female,1978-07-28,tony.walton@outlook.com,1183450761,Mumbai,Maharashtra,India,Silver,2025-10-22,Active
CUST001322,Heather,Edwards,Female,1988-07-27,heather.edwards@outlook.com,5342131065,London,England,United Kingdom,Diamond,2024-11-06,Active
CUST001323,Heather,Blackburn,Female,1991-06-26,heather.blackburn@hotmail.com,0232385058,Bengaluru,Karnataka,India,Gold,2025-01-21,Active
CUST001324,Briana,Duffy,Female,1972-12-21,briana.duffy@yahoo.com,4282474747,London,England,United Kingdom,Gold,2026-06-09,Active
CUST001325,John,Jimenez,Male,2006-10-06,john.jimenez@yahoo.com,8448560180,Mumbai,Maharashtra,India,Gold,2021-10-16,Inactive
CUST001326,Pamela,Parker,Male,1982-10-29,pamela.parker@hotmail.com,7687949476,Hyderabad,Telangana,India,Silver,2022-07-16,Inactive
CUST001327,David,Sweeney,Female,1973-07-10,david.sweeney@hotmail.com,3708564983,London,England,United Kingdom,Platinum,2025-03-04,Inactive
CUST001328,Miguel,York,Male,1982-07-03,miguel.york@outlook.com,7008814895,Bengaluru,Karnataka,India,Platinum,2024-02-18,Inactive
CUST001329,John,Romero,Male,2007-09-24,john.romero@gmail.com,9714762625,Hyderabad,Telangana,India,Gold,2022-01-24,Inactive
CUST001330,Jane,Friedman,Female,2001-10-24,jane.friedman@yahoo.com,9217959901,Mumbai,Maharashtra,India,Platinum,2022-09-22,Inactive
CUST001331,Robert,Levy,Male,2007-05-24,robert.levy@hotmail.com,4387238304,Mumbai,Maharashtra,India,Gold,2021-10-17,Inactive
CUST001332,Ashley,Goodman,Female,1971-12-08,ashley.goodman@yahoo.com,8028208618,Singapore,Singapore,Singapore,Gold,2025-02-15,Active
CUST001333,Jennifer,James,Female,1957-03-08,jennifer.james@yahoo.com,6378577559,Bengaluru,Karnataka,India,Platinum,2024-07-14,Active
CUST001334,Justin,Peterson,Male,1997-09-21,justin.peterson@hotmail.com,2744234764,Dubai,Dubai,UAE,Diamond,2022-11-09,Active
CUST001335,Michael,Smith,Male,1982-10-20,michael.smith@outlook.com,3465741198,Dubai,Dubai,UAE,Platinum,2022-09-27,Active
CUST001336,Paul,Higgins,Female,2005-03-26,paul.higgins@gmail.com,6835245790,Mumbai,Maharashtra,India,Silver,2023-03-11,Inactive
CUST001337,Wendy,Green,Female,1976-11-14,wendy.green@outlook.com,7708359878,Singapore,Singapore,Singapore,Platinum,2025-05-09,Inactive
CUST001338,Cynthia,Wright,Male,1993-06-24,cynthia.wright@hotmail.com,7778360408,Singapore,Singapore,Singapore,Platinum,2022-10-29,Active
CUST001339,Dennis,Taylor,Male,1973-12-15,dennis.taylor@gmail.com,6341556231,Singapore,Singapore,Singapore,Diamond,2023-02-03,Active
CUST001340,Edward,Pitts,Male,1962-06-23,edward.pitts@hotmail.com,6025471212,Singapore,Singapore,Singapore,Silver,2026-07-03,Inactive
CUST001341,Jessica,Mendoza,Male,1975-03-26,jessica.mendoza@yahoo.com,8693038150,London ,England,United Kingdom,Diamond,2022-10-31,Active
CUST001342,Destiny,Randall,Female,1973-10-08,destiny.randall@gmail.com,3252057023,Dubai,Dubai,UAE,Platinum,2021-12-26,Active
CUST001343,Leah,Brown,Male,1976-04-26,leah.brown@outlook.com,5150782872,Bengaluru,Karnataka,India,Silver,2025-02-12,Active
CUST001344,Elizabeth,Adkins,Female,1957-10-09,elizabeth.adkins@outlook.com,1427655448,Singapore,Singapore,Singapore,Diamond,2025-12-25,Inactive
CUST001345,Michael,Wolf,Female,1981-08-16,michael.wolf@outlook.com,2757910323,Dubai,Dubai,UAE,Platinum,2023-12-21,Active
CUST001346,Roberto,Austin,Male,1976-01-05,roberto.austin@hotmail.com,6535896806,Hyderabad,Telangana,India,Platinum,2026-05-23,Active
CUST001347,Claire,Lopez,Male,1985-10-30,claire.lopez@yahoo.com,5191223749,Sydney,New South Wales,Australia,Diamond,2023-11-16,Active
CUST001348,Stephen,Manning,Female,1989-03-23,stephen.manning@hotmail.com,0933060797,Delhi,Delhi,India,Platinum,2025-11-24,Active
CUST001349,Scott,Aguilar,Male,1966-07-23,scott.aguilar@gmail.com,4983798238,Chennai,Tamil Nadu,India,Platinum,2021-10-16,Active
CUST001350,Brittany,Adams,Female,1976-04-04,brittany.adams@hotmail.com,0559886732,London ,England,United Kingdom,Diamond,2023-09-30,Inactive
CUST001351,Jerry,Hansen,Female,1995-02-21,jerry.hansen@yahoo.com,4018439888,Mumbai,Maharashtra,India,Platinum,2026-01-04,Inactive
CUST001352,Daniel,Fitzgerald,Female,1982-01-29,daniel.fitzgerald@yahoo.com,9548912120,Delhi,Delhi,India,Silver,2025-05-25,Inactive
CUST001353,Susan,Bass,Male,1958-05-03,susan.bass@yahoo.com,8759579256,Delhi,Delhi,India,Platinum,2026-05-25,Inactive
CUST001354,Ashley,Murray,Female,1956-07-29,ashley.murray@yahoo.com,7767755718,Dubai,Dubai,UAE,Platinum,2022-02-04,Active
CUST001355,Jessica,Phillips,Male,1981-06-27,jessica.phillips@yahoo.com,5475206274,Sydney,New South Wales,Australia,Silver,2024-03-11,Active
CUST001356,Kevin,Howard,Female,1963-08-13,kevin.howard@hotmail.com,3311727486,Mumbai,Maharashtra,India,Silver,2024-10-09,Active
CUST001357,John,Jacobs,Male,2007-06-20,john.jacobs@yahoo.com,2892174716,Delhi,Delhi,India,Silver,2023-11-11,Inactive
CUST001358,Daisy,Robinson,Male,1979-04-08,daisy.robinson@yahoo.com,6773180507,Singapore,Singapore,Singapore,Gold,2022-10-21,Inactive
CUST001359,Michael,Simmons,Male,1970-11-18,michael.simmons@yahoo.com,1816390742,Sydney,New South Wales,Australia,Diamond,2023-02-26,Active
CUST001360,Douglas,Moore,Male,1994-10-08,douglas.moore@outlook.com,5803381944,New York,New York,United States,Diamond,2026-01-17,Inactive
CUST001361,Robert,Cantrell,Female,2002-01-27,robert.cantrell@outlook.com,4395326023,New York,New York,United States,Silver,2025-11-27,Inactive
CUST001362,Stacey,Knox,Male,1979-01-09,stacey.knox@outlook.com,6843218235,New York,New York,United States,Gold,2026-01-05,Inactive
CUST001363,Christopher,Johnston,Male,1987-03-15,christopher.johnston@hotmail.com,1689646958,Delhi,Delhi,India,Diamond,2024-07-24,Active
CUST001364,Manuel,Grant,Male,2002-08-03,manuel.grant@yahoo.com,2917062037,London,England,United Kingdom,Silver,2024-12-14,Inactive
CUST001365,Edward,Montgomery,Female,1966-04-21,edward.montgomery@hotmail.com,5298870817,New York,New York,United States,Platinum,2022-10-12,Inactive
CUST001366,Patrick,Sanchez,Male,2008-01-10,patrick.sanchez@hotmail.com,2148319962,Hyderabad,Telangana,India,Gold,2026-06-07,Inactive
CUST001367,Joseph,Phillips,Female,1959-09-14,###@gmail.com,3118189848,Delhi,Delhi,India,Gold,2026-05-21,Inactive
CUST001368,John,Smith,Male,1984-01-20,john.smith@yahoo.com,4664748898,Chennai,Tamil Nadu,India,Diamond,2021-12-06,Active
CUST001369,William,Garcia,Female,1999-05-17,william.garcia@hotmail.com,8962683559,Chennai,Tamil Nadu,India,Diamond,2023-11-11,Active
CUST001370,Tonya,Gutierrez,Male,1987-08-24,tonya.gutierrez@outlook.com,8018911474,Dubai,Dubai,UAE,Platinum,2023-06-12,Inactive
CUST001371,Nicole,Klein,Male,1956-03-15,nicole.klein@outlook.com,1690003322,Hyderabad,Telangana,India,Platinum,2023-09-04,Active
CUST001372,Collin,Powers,Male,1988-05-05,collin.powers@yahoo.com,9525041315,New York,New York,United States,Silver,2023-11-25,Active
CUST001373,Erika,Lane,Male,1975-05-20,erika.lane@yahoo.com,7485869175,Sydney,New South Wales,Australia,Silver,2024-06-22,Active
CUST001374,Julie,Davis,Female,1985-01-12,julie.davis@gmail.com,5160638061,Dubai,Dubai,UAE,Diamond,2021-08-15,Active
CUST001375,Philip,Gibbs,Female,1968-11-07,philip.gibbs@hotmail.com,5581543491,Hyderabad,Telangana,India,Platinum,2022-02-27,Inactive
CUST001376,Madison,Schwartz,Male,1970-06-01,madison.schwartz@hotmail.com,4127883580,Sydney,New South Wales,Australia,Gold,2022-07-06,Inactive
CUST001377,James,Pitts,Female,2000-06-16,james.pitts@yahoo.com,9300288573,Singapore,Singapore,Singapore,Gold,2025-10-31,Inactive
CUST001378,Tracey,Vaughn,Female,2006-03-03,tracey.vaughn@hotmail.com,8746581065,Singapore,Singapore,Singapore,Gold,2021-09-16,Inactive
CUST001379,William,Mcdonald,Female,1985-02-08,william.mcdonald@outlook.com,9197270062,Mumbai,Maharashtra,India,Diamond,2025-11-22,Inactive
CUST001380,Barbara,Ellis,Female,1986-04-04,barbara.ellis@outlook.com,1763452430,Chennai,Tamil Nadu,India,Platinum,2026-03-10,Inactive
CUST001381,Calvin,Carson,Female,1995-04-30,calvin.carson@hotmail.com,8877637322,Chennai,Tamil Nadu,India,Gold,2024-02-14,Inactive
CUST001382,Gloria,Edwards,Male,1973-03-03,gloria.edwards@hotmail.com,2579706182,Singapore,Singapore,Singapore,Silver,2025-06-04,Inactive
CUST001383,Antonio,Welch,Female,1978-11-14,antonio.welch@hotmail.com,8281694365, London,England,United Kingdom,Gold,2021-12-06,Active
CUST001384,Daniel,Daniel,Female,1969-05-24,daniel.daniel@yahoo.com,3495128539,Singapore,Singapore,Singapore,Diamond,2024-10-15,Inactive
CUST001385,Bonnie,Buck,Male,1966-12-06,bonnie.buck@outlook.com,4107776668,Delhi,Delhi,India,Diamond,2024-07-31,Active
CUST001386,Sharon,Scott,Female,1958-08-08,sharon.scott@yahoo.com,4745406521,Dubai,Dubai,UAE,Platinum,2024-11-17,Inactive
CUST001387,Ann,Hill,Female,1988-04-30,ann.hill@yahoo.com,2834740243,Chennai,Tamil Nadu,India,Silver,2025-10-19,Active
CUST001388,Ashley,Lee,Male,1958-01-24,ashley.lee@yahoo.com,4585036887,Sydney,New South Wales,Australia,Silver,2021-09-11,Inactive
CUST001389,William,Costa,Male,1986-11-09,william.costa@gmail.com,6101763898,Dubai,Dubai,UAE,Diamond,2022-01-22,Active
CUST001390,Emily,Stevenson,Male,1972-09-11,emily.stevenson@outlook.com,6875013895,Sydney,New South Wales,Australia,Diamond,2023-03-26,Inactive
CUST001391,Roberto,Hernandez,Female,1963-04-16,roberto.hernandez@outlook.com,0365742608,Singapore,Singapore,Singapore,Platinum,2026-07-05,Inactive
CUST001392,Laurie,Mcdaniel,Male,1996-08-01,laurie.mcdaniel@hotmail.com,0349674367,Singapore,Singapore,Singapore,Gold,2021-11-26,Inactive
CUST001393,Erik,Hampton,Male,1990-02-19,erik.hampton@outlook.com,5829330346,Sydney,New South Wales,Australia,Silver,2024-06-08,Inactive
CUST001394,Mitchell,Patrick,Female,1955-11-16,mitchell.patrick@yahoo.com,1437210511,London,England,United Kingdom,Platinum,2022-04-21,Inactive
CUST001395,Robert,Johnson,Male,1966-06-17,robert.johnson@outlook.com,9485001220,London,England,United Kingdom,Diamond,2025-05-12,Inactive
CUST001396,Mark,Owens,Female,1973-01-25,mark.owens@outlook.com,9386791305,New York,New York,United States,Gold,2024-10-03,Active
CUST001397,Charlene,Lucero,Female,1997-03-27,charlene.lucero@yahoo.com,4935623797,Bengaluru,Karnataka,India,Platinum,2023-01-04,Active
CUST001398,Bradley,Thomas,Male,1988-05-23,bradley.thomas@hotmail.com,0221776832,Bengaluru,Karnataka,India,Platinum,2022-07-06,Active
CUST001399,Steven,Williams,Female,1957-02-24,steven.williams@outlook.com,8072610759,New York,New York,United States,Gold,2025-06-27,Active
CUST001400,Paul,Thompson,Female,1961-07-22,paul.thompson@hotmail.com,7248182601,Delhi,Delhi,India,Diamond,2024-06-22,Inactive
CUST001401,Erica,Smith,Female,1999-01-05,,5407253844,Dubai,Dubai,UAE,Diamond,2024-05-11,Inactive
CUST001402,Rhonda,Bowen,Male,1963-05-10,rhonda.bowen@yahoo.com,4014500938,Hyderabad,Telangana,India,Diamond,2023-10-10,Inactive
CUST001403,Rebecca,Decker,Male,1963-03-31,rebecca.decker@hotmail.com,3411763550,London,England,United Kingdom,Diamond,2023-09-21,Inactive
CUST001404,Jordan,Lopez,Male,1994-09-17,jordan.lopez@hotmail.com,0316133449,Hyderabad,Telangana,India,Platinum,2024-03-23,Active
CUST001405,Bradley,Johnson,Female,1983-10-25,bradley.johnson@outlook.com,0782908293,Chennai,Tamil Nadu,India,Gold,2024-11-28,Active
CUST001406,Lynn,Logan,Male,1971-05-11,lynn.logan@outlook.com,8646629668,London,England,United Kingdom,Platinum,2022-01-12,Inactive
CUST001407,Thomas,Brown,Male,1965-10-27,thomas.brown@gmail.com,5371217759,Hyderabad,Telangana,India,Silver,2022-06-04,Active
CUST001408,Richard,Brown,Female,1972-05-04,richard.brown@gmail.com,2802043366,New York ,New York,United States,Diamond,2024-06-20,Active
CUST001409,Nicole,Wong,Male,1963-04-08,nicole.wong@outlook.com,1906015961,Chennai,Tamil Nadu,India,Gold,2021-11-04,Inactive
CUST001410,Shelby,Harris,Female,1986-03-05,shelby.harris@hotmail.com,9104512714,Mumbai,Maharashtra,India,Diamond,2023-11-20,Inactive
CUST001411,Alicia,Munoz,Female,1986-02-24,abc@,2618431689,Delhi,Delhi,India,Diamond,2024-04-16,Active
CUST001412,Leslie,Johnson,Female,1992-12-06,leslie.johnson@outlook.com,9358632587,Bengaluru,Karnataka,India,Platinum,2023-03-24,Active
CUST001413,Shelley,Jones,Female,2004-06-15,shelley.jones@yahoo.com,8950192577,Sydney,New South Wales,Australia,Platinum,2023-10-18,Active
CUST001414,Susan,Bird,Male,1969-02-04,susan.bird@outlook.com,2365199165,Dubai,Dubai,UAE,Gold,2021-09-08,Inactive
CUST001415,David,Woodard,Male,1976-04-09,david.woodard@gmail.com,3133720606,New York,New York,United States,Gold,2024-05-28,Inactive
CUST001416,Betty,Reynolds,Male,1956-03-22,betty.reynolds@hotmail.com,5567469816,Hyderabad,Telangana,India,Silver,2026-02-23,Active
CUST001417,April,Obrien,Female,1988-06-06,april.obrien@yahoo.com,,New York,New York,United States,Gold,2024-11-25,Active
CUST001418,Daniel,Wilson,Female,1997-12-13,daniel.wilson@hotmail.com,0894720096,Sydney,New South Wales,Australia,Platinum,2023-01-22,Active
CUST001419,Madeline,Ruiz,Male,2007-01-08,madeline.ruiz@gmail.com,0481862742,Chennai,Tamil Nadu,India,Platinum,2023-12-11,Inactive
CUST001420,Michael,Schneider,Female,2001-07-13,michael.schneider@yahoo.com,2591644610,London,England,United Kingdom,Diamond,2025-09-24,Active
CUST001421,Katherine,Robbins,Female,1996-08-26,###@gmail.com,4830168026,Hyderabad,Telangana,India,Diamond,2021-10-06,Active
CUST001422,Catherine,Wallace,Male,1999-02-11,catherine.wallace@yahoo.com,3929067581,Singapore,Singapore,Singapore,Silver,2025-03-16,Active
CUST001423,Cindy,Patel,Female,1957-04-30,cindy.patel@outlook.com,2236256980,Mumbai,Maharashtra,India,Platinum,2022-05-01,Inactive
CUST001424,Nicholas,Wilson,Male,1992-06-05,nicholas.wilson@yahoo.com,8914463789,Delhi,Delhi,India,Gold,2025-11-01,Active
CUST001425,Donna,Ellison,Male,1987-10-05,donna.ellison@hotmail.com,6786241882,Sydney,New South Wales,Australia,Platinum,2026-03-13,Inactive
CUST001426,Reginald,Oneal,Male,1979-06-26,reginald.oneal@yahoo.com,8827328309,Singapore,Singapore,Singapore,Diamond,2022-12-11,Active
CUST001427,Judith,Johnson,Female,1995-01-16,judith.johnson@outlook.com,7194269901,Delhi,Delhi,India,Gold,2025-03-08,Active
CUST001428,Rhonda,Rowland,Female,1972-07-14,rhonda.rowland@gmail.com,5501729367,Chennai,Tamil Nadu,India,Silver,2023-11-16,Active
CUST001429,Abigail,Greene,Female,1978-02-16,abigail.greene@outlook.com,9975592949,Chennai,Tamil Nadu,India,Platinum,2024-06-18,Inactive
CUST001430,Alyssa,Sanchez,Male,1971-06-18,alyssa.sanchez@yahoo.com,5639546654, Mumbai,Maharashtra,India,Gold,2023-06-28,Inactive
CUST001431,Courtney,Miller,Male,1988-11-17,courtney.miller@outlook.com,4124880509,Sydney,New South Wales,Australia,Diamond,2022-03-12,Active
CUST001432,Katherine,Meyers,Male,1960-02-20,katherine.meyers@hotmail.com,1894775244,Hyderabad,Telangana,India,Diamond,2024-08-18,Active
CUST001433,Christian,Thompson,Male,1991-11-15,christian.thompson@yahoo.com,1028587311,Singapore,Singapore,Singapore,Silver,2026-01-31,Inactive
CUST001434,Christopher,Gallagher,Male,1985-09-19,christopher.gallagher@outlook.com,,Dubai,Dubai,UAE,Diamond,2024-07-23,Inactive
CUST001435,Jose,Williams,Female,1996-06-23,jose.williams@hotmail.com,3470367145,Delhi,Delhi,India,Platinum,2021-10-07,Inactive
CUST001436,Lisa,Lewis,Female,1966-02-23,lisa.lewis@yahoo.com,2232320753,New York,New York,United States,Diamond,2025-03-19,Inactive
CUST001437,Susan,Johnson,Male,1979-08-26,susan.johnson@gmail.com,9391621697,Delhi,Delhi,India,Silver,2024-11-16,Inactive
CUST001438,Ryan,Ross,Male,1981-10-09,ryan.ross@outlook.com,6898955315,London,England,United Kingdom,Diamond,2022-07-10,Active
CUST001439,Jeremy,Sims,Male,1987-05-21,jeremy.sims@gmail.com,7140316010,Bengaluru,Karnataka,India,Platinum,2023-04-30,Active
CUST001440,Jennifer,Walker,Male,1974-06-17,jennifer.walker@gmail.com,8850142916,HYDERABAD,Telangana,India,Silver,2024-06-03,Inactive
CUST001441,Michael,Kelly,Male,1989-09-06,michael.kelly@outlook.com,6675051994,Sydney,New South Wales,Australia,Platinum,2022-12-22,Active
CUST001442,Antonio,Jones,Female,1956-02-05,antonio.jones@yahoo.com,0348074934,Hyderabad,Telangana,India,Silver,2021-08-07,Active
CUST001443,Brian,Larsen,Male,1987-11-16,brian.larsen@hotmail.com,2739468176,Singapore,Singapore,Singapore,Diamond,2022-12-20,Active
CUST001444,Anna,Newman,Male,1966-01-22,anna.newman@yahoo.com,0169272725,Dubai,Dubai,UAE,Gold,2025-11-19,Inactive
CUST001445,Norma,James,Male,1959-05-02,norma.james@hotmail.com,8280556563,Singapore,Singapore,Singapore,Diamond,2024-08-29,Inactive
CUST001446,Paula,Henry,Male,1993-11-17,paula.henry@yahoo.com,3350467155,Mumbai,Maharashtra,India,Platinum,2024-01-03,Active
CUST001447,Kenneth,Burton,Female,1983-12-18,kenneth.burton@outlook.com,1278316001,Mumbai,Maharashtra,India,Silver,2024-08-04,Inactive
CUST001448,Todd,Ferrell,Female,1986-05-13,todd.ferrell@yahoo.com,0776835804,Dubai,Dubai,UAE,Diamond,2023-08-16,Inactive
CUST001449,Joshua,Mata,Male,1994-01-11,joshua.mata@outlook.com,0128385788,Chennai,Tamil Nadu,India,Silver,2024-11-30,Active
CUST001450,Yolanda,Kirby,Male,1974-11-28,yolanda.kirby@yahoo.com,6973430854,New York,New York,United States,Diamond,2025-12-24,Active
CUST001451,Christopher,Willis,Male,1964-07-24,christopher.willis@gmail.com,9224448140,Delhi,Delhi,India,Silver,2024-09-15,Active
CUST001452,Erin,Curtis,Male,1964-04-18,erin.curtis@outlook.com,8805460082,Bengaluru,Karnataka,India,Platinum,2024-01-29,Active
CUST001453,David,Martinez,Female,1996-09-12,david.martinez@outlook.com,4325690575,Singapore,Singapore,Singapore,Gold,2022-03-10,Inactive
CUST001454,Richard,Clayton,Female,2001-11-16,richard.clayton@hotmail.com,6694392437,Hyderabad,Telangana,India,Silver,2025-11-19,Active
CUST001455,Rachel,Howe,Female,1974-01-13,rachel.howe@gmail.com,3140641988, Delhi,Delhi,India,Diamond,2022-12-13,Active
CUST001456,John,Gardner,Male,1994-11-18,john.gardner@outlook.com,7881469739,Mumbai,Maharashtra,India,Gold,2025-09-19,Inactive
CUST001457,Krista,Vaughan,Male,1958-05-13,krista.vaughan@hotmail.com,1493595091,Delhi,Delhi,India,Platinum,2023-07-18,Inactive
CUST001458,Pamela,Walker,Male,1994-10-17,pamela.walker@gmail.com,2891613106,MUMBAI,Maharashtra,India,Platinum,2025-11-22,Inactive
CUST001459,Joann,Rodriguez,Female,2008-07-19,joann.rodriguez@yahoo.com,9700839900,Mumbai,Maharashtra,India,Gold,2024-11-27,Inactive
CUST001460,Shirley,Parker,Male,1978-07-29,shirley.parker@hotmail.com,8640561036,Bengaluru,Karnataka,India,Gold,2022-08-08,Active
CUST001461,Richard,Brown,Male,1972-05-01,richard.brown@yahoo.com,2102986577,Sydney,New South Wales,Australia,Platinum,2026-06-05,Active
CUST001462,Daniel,Jimenez,Male,1981-02-19,daniel.jimenez@gmail.com,5482556195,New York,New York,United States,Diamond,2026-06-04,Inactive
CUST001463,Thomas,Lewis,Male,1996-12-05,thomas.lewis@outlook.com,8471921940,Hyderabad,Telangana,India,Silver,2022-01-23,Active
CUST001464,Connor,Malone,Female,1956-04-28,connor.malone@gmail.com,2146893113,Bengaluru,Karnataka,India,Gold,2022-11-17,Active
CUST001465,Cindy,Carter,Female,1963-02-14,cindy.carter@hotmail.com,8825670810,Mumbai,Maharashtra,India,Platinum,2025-04-23,Active
CUST001466,Christopher,Escobar,Female,2006-06-18,christopher.escobar@hotmail.com,6025281599,Bengaluru,Karnataka,India,Diamond,2022-08-27,Inactive
CUST001467,Donald,Brown,Male,1986-07-19,@gmail.com,5125118166,Chennai,Tamil Nadu,India,Silver,2021-10-26,Active
CUST001468,John,Lewis,Male,1998-07-28,john.lewis@gmail.com,1451526483,Hyderabad,Telangana,India,Gold,2026-05-19,Inactive
CUST001469,Bonnie,Odom,Female,1963-04-02,bonnie.odom@hotmail.com,0532838773,Mumbai,Maharashtra,India,Platinum,2023-01-15,Inactive
CUST001470,Derrick,Suarez,Male,1964-02-11,derrick.suarez@yahoo.com,7312544733,Sydney ,New South Wales,Australia,Diamond,2022-02-07,Active
CUST001471,Patrick,Navarro,Male,1969-10-05,patrick.navarro@yahoo.com,6607717296,Sydney,New South Wales,Australia,Silver,2022-04-25,Active
CUST001472,Jon,Jenkins,Male,1973-09-10,jon.jenkins@yahoo.com,5714092433,Hyderabad,Telangana,India,Silver,2024-09-08,Active
CUST001473,Adrian,Walls,Male,1993-01-19,adrian.walls@hotmail.com,2564389646,New York,New York,United States,Gold,2023-10-08,Inactive
CUST001474,Joseph,Martinez,Female,1969-01-21,joseph.martinez@gmail.com,3650258425,Chennai,Tamil Nadu,India,Diamond,2022-04-24,Inactive
CUST001475,Kelsey,Sanchez,Male,2004-12-27,kelsey.sanchez@gmail.com,5365767312,Chennai,Tamil Nadu,India,Gold,2023-10-18,Active
CUST001476,Katie,Jordan,Female,1996-08-20,katie.jordan@yahoo.com,3232119995,London,England,United Kingdom,Silver,2025-04-29,Active
CUST001477,Gina,Hendricks,Male,1980-06-22,gina.hendricks@gmail.com,4064721889,Bengaluru,Karnataka,India,Diamond,2023-09-11,Active
CUST001478,Eric,Richardson,Male,2006-06-19,eric.richardson@outlook.com,2994791922,Sydney,New South Wales,Australia,Silver,2026-02-20,Active
CUST001479,Amanda,Frank,Female,1972-01-06,amanda.frank@outlook.com,7686991276,Mumbai,Maharashtra,India,Silver,2024-02-04,Active
CUST001480,Kelly,Payne,Female,2001-05-28,kelly.payne@gmail.com,8481096748,Delhi,Delhi,India,Silver,2026-03-14,Inactive
CUST001481,David,Scott,Female,1965-11-08,david.scott@gmail.com,4807279535,Dubai,Dubai,UAE,Platinum,2025-04-14,Inactive
CUST001482,Zachary,Lee,Female,1996-02-09,zachary.lee@gmail.com,4331675702,New York,New York,United States,Platinum,2024-07-04,Inactive
CUST001483,Timothy,Vaughan,Female,1959-12-17,timothy.vaughan@gmail.com,2322232962,Mumbai,Maharashtra,India,Gold,2024-07-19,Active
CUST001484,Tina,Dalton,Female,1994-07-08,tina.dalton@hotmail.com,5430922154,Chennai,Tamil Nadu,India,Silver,2024-02-02,Active
CUST001485,Paula,Garcia,Female,1961-01-15,paula.garcia@gmail.com,6666077476,Bengaluru,Karnataka,India,Silver,2025-01-28,Active
CUST001486,Jamie,White,Male,1958-05-11,,5270671811,Singapore,Singapore,Singapore,Gold,2023-11-16,Inactive
CUST001487,Paul,Doyle,Female,1972-10-07,paul.doyle@hotmail.com,3827221410,Singapore,Singapore,Singapore,Silver,2025-08-25,Inactive
CUST001488,Paige,Ray,Male,1966-12-21,paige.ray@gmail.com,0707106303,Singapore,Singapore,Singapore,Platinum,2023-06-26,Active
CUST001489,Joshua,Alexander,Female,2003-11-21,joshua.alexander@gmail.com,5629536827,Sydney,New South Wales,Australia,Diamond,2023-02-04,Active
CUST001490,James,Collins,Male,1985-03-16,james.collins@gmail.com,7743640680,Delhi,Delhi,India,Gold,2026-01-10,Active
CUST001491,Jeffrey,Adams,Male,2005-04-14,jeffrey.adams@yahoo.com,0841082134,Bengaluru,Karnataka,India,Platinum,2023-04-01,Inactive
CUST001492,Anthony,Rodriguez,Female,1975-02-10,anthony.rodriguez@gmail.com,7951037660,Mumbai,Maharashtra,India,Diamond,2026-07-21,Inactive
CUST001493,Daniel,Jones,Female,2005-04-10,daniel.jones@outlook.com,7252729917,New York,New York,United States,Silver,2024-10-21,Inactive
CUST001494,Ryan,Perez,Female,2005-06-29,ryan.perez@gmail.com,0368542194,LONDON,England,United Kingdom,Platinum,2022-05-30,Active
CUST001495,Juan,Green,Female,1975-02-21,juan.green@yahoo.com,8995482999,Dubai,Dubai,UAE,Platinum,2024-10-22,Inactive
CUST001496,Edwin,Brown,Male,2000-12-31,edwin.brown@hotmail.com,6723925627,Hyderabad,Telangana,India,Platinum,2023-01-12,Inactive
CUST001497,James,Davis,Female,1956-07-18,james.davis@outlook.com,3154090104,London,England,United Kingdom,Gold,2022-01-28,Active
CUST001498,Abigail,Burgess,Female,1962-03-19,abigail.burgess@hotmail.com,2811232538,Bengaluru,Karnataka,India,Silver,2024-03-13,Inactive
CUST001499,Leah,Tran,Male,1969-07-05,leah.tran@gmail.com,5834308158,Dubai,Dubai,UAE,Platinum,2024-06-01,Active
CUST001500,Pamela,Simpson,Male,1987-05-26,pamela.simpson@hotmail.com,8437867735,Singapore,Singapore,Singapore,Gold,2021-12-12,Inactive
CUST001501,Keith,Phillips,Female,1991-12-19,keith.phillips@gmail.com,7850431418,HYDERABAD,Telangana,India,Diamond,2023-10-10,Inactive
CUST001502,Holly,Compton,Female,2003-03-09,holly.compton@hotmail.com,5331767853,Chennai,Tamil Nadu,India,Gold,2024-12-14,Active
CUST001503,Glenn,Ward,Male,1969-12-07,glenn.ward@hotmail.com,7612834427,Sydney,New South Wales,Australia,Silver,2025-12-07,Active
CUST001504,Keith,Ortiz,Female,1974-02-26,keith.ortiz@hotmail.com,8223165732, Hyderabad,Telangana,India,Silver,2024-07-20,Active
CUST001505,Melanie,Garcia,Male,1971-10-15,melanie.garcia@outlook.com,7332113510,Sydney,New South Wales,Australia,Diamond,2024-11-14,Active
CUST001506,Kristen,Hall,Male,1970-12-09,###@gmail.com,6032662265,Delhi,Delhi,India,Silver,2023-05-22,Active
CUST001507,Jennifer,Perez,Male,1966-07-31,jennifer.perez@yahoo.com,2870242337,Hyderabad,Telangana,India,Platinum,2023-05-14,Inactive
CUST001508,Nancy,Oliver,Female,1995-10-13,nancy.oliver@hotmail.com,1985563326,New York,New York,United States,Platinum,2022-01-20,Active
CUST001509,Christina,Wright,Female,2008-07-07,christina.wright@outlook.com,9784020224,Bengaluru,Karnataka,India,Gold,2022-10-29,Active
CUST001510,Laura,Turner,Female,2006-12-26,laura.turner@gmail.com,5104256325,Delhi,Delhi,India,Silver,2025-06-04,Active
CUST001511,Michael,Figueroa,Female,1968-01-23,michael.figueroa@outlook.com,6432262428,Mumbai,Maharashtra,India,Diamond,2022-05-22,Inactive
CUST001512,Hunter,Harris,Male,1987-01-09,hunter.harris@gmail.com,4440659892,HYDERABAD,Telangana,India,Silver,2024-04-14,Inactive
CUST001513,Tanya,Turner,Female,1981-03-02,tanya.turner@yahoo.com,0861915616,Bengaluru,Karnataka,India,Gold,2024-11-19,Active
CUST001514,William,Sullivan,Male,1980-12-14,william.sullivan@hotmail.com,8072015356,New York,New York,United States,Gold,2025-06-05,Inactive
CUST001515,Crystal,Watson,Male,1998-11-30,crystal.watson@gmail.com,4748406856,Sydney,New South Wales,Australia,Platinum,2024-02-06,Active
CUST001516,Hannah,Hall,Male,1979-12-28,hannah.hall@yahoo.com,8474694221,Delhi,Delhi,India,Platinum,2022-09-05,Active
CUST001517,Benjamin,Hicks,Female,1988-05-21,john@gmail,0166382967,London,England,United Kingdom,Silver,2023-03-06,Active
CUST001518,Mark,Clark,Male,2008-04-17,mark.clark@hotmail.com,9368463284,Chennai,Tamil Nadu,India,Gold,2022-11-29,Active
CUST001519,Dylan,Vega,Female,1979-07-07,dylan.vega@outlook.com,3708872724,Singapore,Singapore,Singapore,Silver,2025-08-01,Active
CUST001520,Wayne,Smith,Male,2001-07-06,wayne.smith@outlook.com,9236597450,CHENNAI,Tamil Nadu,India,Gold,2023-06-10,Active
CUST001521,Bridget,Jefferson,Female,1966-11-25,bridget.jefferson@outlook.com,,Singapore,Singapore,Singapore,Gold,2024-04-22,Active
CUST001522,Terri,Thompson,Male,1962-06-21,terri.thompson@hotmail.com,0028262210,Dubai,Dubai,UAE,Gold,2024-07-29,Active
CUST001523,Anthony,Greene,Female,1987-06-27,anthony.greene@hotmail.com,8674006883,New York,New York,United States,Platinum,2024-02-24,Inactive
CUST001524,Amanda,Mclaughlin,Female,1982-03-23,amanda.mclaughlin@outlook.com,5144274667,New York,New York,United States,Platinum,2025-04-26,Inactive
CUST001525,Nicole,Taylor,Male,1978-09-18,nicole.taylor@outlook.com,5935215315,BENGALURU,Karnataka,India,Silver,2022-06-21,Inactive
CUST001526,Alexander,Smith,Male,1967-01-07,alexander.smith@outlook.com,1028950003,Singapore,Singapore,Singapore,Gold,2024-09-14,Active
CUST001527,Luis,Sanchez,Male,1999-10-29,luis.sanchez@yahoo.com,7200764709,Bengaluru,Karnataka,India,Silver,2023-11-18,Inactive
CUST001528,Bobby,Simpson,Male,1966-06-27,bobby.simpson@hotmail.com,8873819243,Chennai,Tamil Nadu,India,Gold,2022-06-30,Inactive
CUST001529,Rebecca,Cox,Male,2002-03-24,rebecca.cox@yahoo.com,1517849058,Delhi,Delhi,India,Diamond,2025-08-01,Inactive
CUST001530,Jesse,Alexander,Female,1998-04-25,john@gmail,9165810729,Sydney,New South Wales,Australia,Diamond,2024-06-04,Active
CUST001531,Robert,Morales,Male,1956-10-24,robert.morales@outlook.com,9200064631,Sydney,New South Wales,Australia,Silver,2023-03-22,Inactive
CUST001532,Ashley,Turner,Female,2005-02-23,ashley.turner@yahoo.com,1097908317,Chennai,Tamil Nadu,India,Platinum,2025-08-24,Active
CUST001533,Jamie,Jennings,Male,1959-09-22,jamie.jennings@gmail.com,2124507523,New York,New York,United States,Gold,2026-05-12,Active
CUST001534,Lisa,Doyle,Male,1975-07-30,lisa.doyle@outlook.com,1861403133,New York,New York,United States,Platinum,2022-01-19,Inactive
CUST001535,Hannah,Saunders,Male,1990-09-08,hannah.saunders@yahoo.com,9378607272,Hyderabad,Telangana,India,Gold,2025-06-02,Active
CUST001536,Mike,Williamson,Female,1996-12-28,mike.williamson@gmail.com,9713078380,Bengaluru,Karnataka,India,Platinum,2025-10-05,Active
CUST001537,Christopher,Cobb,Female,1985-08-05,christopher.cobb@hotmail.com,7283034100,Chennai,Tamil Nadu,India,Diamond,2025-07-03,Inactive
CUST001538,Jose,White,Male,1983-05-06,jose.white@hotmail.com,9114695008,Bengaluru,Karnataka,India,Diamond,2022-12-25,Active
CUST001539,Thomas,Jones,Female,1970-04-10,thomas.jones@yahoo.com,8829866607,Mumbai,Maharashtra,India,Diamond,2022-04-18,Inactive
CUST001540,Mark,Foley,Female,1977-01-02,mark.foley@gmail.com,7486651414,Delhi,Delhi,India,Diamond,2024-10-20,Active
CUST001541,Crystal,Smith,Male,1983-06-21,crystal.smith@yahoo.com,7553426684,London,England,United Kingdom,Gold,2023-10-03,Active
CUST001542,David,Taylor,Female,2007-05-08,david.taylor@hotmail.com,6698561825,New York,New York,United States,Diamond,2021-10-29,Active
CUST001543,Joseph,Reynolds,Male,1987-04-01,joseph.reynolds@hotmail.com,2671906668,MUMBAI,Maharashtra,India,Silver,2022-09-13,Inactive
CUST001544,Steven,Brown,Female,1996-08-05,steven.brown@yahoo.com,6269269723,Bengaluru,Karnataka,India,Silver,2022-12-01,Active
CUST001545,Aaron,Davidson,Female,1987-01-02,aaron.davidson@yahoo.com,2980890149,Dubai,Dubai,UAE,Gold,2026-02-18,Inactive
CUST001546,Chad,Bright,Male,2004-09-01,chad.bright@hotmail.com,0192652301,Bengaluru,Karnataka,India,Diamond,2025-01-15,Inactive
CUST001547,Mary,Wiggins,Male,1965-08-11,mary.wiggins@gmail.com,8586540670,Singapore,Singapore,Singapore,Silver,2025-02-09,Active
CUST001548,Jose,Hensley,Female,2006-11-10,jose.hensley@yahoo.com,5991478195,Mumbai,Maharashtra,India,Diamond,2026-06-30,Inactive
CUST001549,Michael,Montoya,Male,1972-07-23,michael.montoya@gmail.com,1832119225,Mumbai,Maharashtra,India,Silver,2022-02-09,Inactive
CUST001550,Daniel,Yoder,Female,1963-11-09,daniel.yoder@gmail.com,3011388207,Singapore,Singapore,Singapore,Diamond,2021-07-27,Inactive
CUST001551,Zachary,Bush,Male,1983-07-17,zachary.bush@outlook.com,1361263180,Mumbai,Maharashtra,India,Diamond,2026-03-13,Inactive
CUST001552,Katherine,Boyd,Female,1986-08-08,katherine.boyd@yahoo.com,1681739048,Sydney,New South Wales,Australia,Platinum,2026-02-23,Inactive
CUST001553,Christopher,Jones,Male,1987-10-25,christopher.jones@hotmail.com,8361825287,Dubai,Dubai,UAE,Gold,2022-05-17,Active
CUST001554,Heather,Gentry,Female,2002-11-18,heather.gentry@gmail.com,7854671093,New York,New York,United States,Platinum,2023-09-12,Active
CUST001555,Carol,Hernandez,Male,2000-11-18,carol.hernandez@yahoo.com,2374017672,London,England,United Kingdom,Gold,2023-09-24,Active
CUST001556,Joshua,Rodriguez,Female,1987-11-19,joshua.rodriguez@outlook.com,4970868247,Bengaluru,Karnataka,India,Platinum,2026-06-19,Inactive
CUST001557,Adam,Garcia,Female,1991-10-29,adam.garcia@outlook.com,1295500993,Chennai,Tamil Nadu,India,Diamond,2025-12-29,Inactive
CUST001558,Rachel,Adams,Female,1956-04-29,rachel.adams@outlook.com,8797796188,Delhi,Delhi,India,Gold,2026-05-08,Active
CUST001559,Anna,Ward,Male,1997-12-16,anna.ward@gmail.com,9552986293,Delhi,Delhi,India,Diamond,2026-05-15,Active
CUST001560,Andrew,Smith,Male,1979-11-23,andrew.smith@yahoo.com,6846862673,Dubai,Dubai,UAE,Silver,2022-06-14,Active
CUST001561,James,Wright,Male,2000-05-31,james.wright@outlook.com,6122569633,Mumbai,Maharashtra,India,Diamond,2026-03-16,Active
CUST001562,Daniel,Chavez,Female,1964-07-04,daniel.chavez@yahoo.com,4174712453,Hyderabad,Telangana,India,Gold,2025-05-28,Inactive
CUST001563,Kevin,Ellis,Female,1970-03-19,kevin.ellis@hotmail.com,8524259253,Delhi,Delhi,India,Diamond,2022-08-15,Active
CUST001564,Marissa,White,Male,2003-06-15,marissa.white@hotmail.com,5389594654,Bengaluru,Karnataka,India,Platinum,2023-07-18,Active
CUST001565,Dominic,Horton,Male,1994-12-28,dominic.horton@yahoo.com,8412073632,Dubai,Dubai,UAE,Silver,2025-08-23,Inactive
CUST001566,Sara,Jones,Female,1982-11-24,sara.jones@gmail.com,,Dubai,Dubai,UAE,Diamond,2026-05-29,Active
CUST001567,Michael,Bennett,Female,1983-12-27,michael.bennett@yahoo.com,9012636367,New York,New York,United States,Gold,2025-06-08,Inactive
CUST001568,Susan,Doyle,Female,1981-01-02,susan.doyle@yahoo.com,4470054902,London,England,United Kingdom,Diamond,2022-03-29,Inactive
CUST001569,Holly,Cook,Female,1988-02-12,holly.cook@outlook.com,7493524474,NEW YORK,New York,United States,Platinum,2021-11-12,Active
CUST001570,Sonya,Jackson,Male,1968-12-26,sonya.jackson@outlook.com,0776836908,Dubai,Dubai,UAE,Gold,2021-08-12,Inactive
CUST001571,Nathan,James,Male,1991-08-26,nathan.james@outlook.com,7194898899,Delhi,Delhi,India,Silver,2026-06-01,Inactive
CUST001572,Melissa,Sullivan,Male,1959-01-30,melissa.sullivan@outlook.com,0270929493,Bengaluru,Karnataka,India,Diamond,2022-11-02,Active
CUST001573,Ryan,Smith,Male,1970-10-27,ryan.smith@outlook.com,8196158393,Dubai,Dubai,UAE,Platinum,2024-01-20,Inactive
CUST001574,Rebekah,Johnson,Female,1998-02-24,rebekah.johnson@hotmail.com,1031980324,Chennai,Tamil Nadu,India,Platinum,2021-12-30,Inactive
CUST001575,Jay,James,Male,1967-05-22,jay.james@outlook.com,2831201232,Bengaluru,Karnataka,India,Diamond,2025-08-26,Active
CUST001576,Leslie,Johnson,Male,2001-06-15,leslie.johnson@outlook.com,4340105381,Chennai,Tamil Nadu,India,Diamond,2024-03-27,Inactive
CUST001577,David,Morris,Male,1983-03-14,david.morris@gmail.com,7200915593,Hyderabad,Telangana,India,Diamond,2024-03-25,Inactive
CUST001578,John,Graham,Male,1961-10-09,john.graham@gmail.com,5728168233,Chennai,Tamil Nadu,India,Gold,2025-03-07,Inactive
CUST001579,Nathan,Robertson,Male,1987-09-11,nathan.robertson@hotmail.com,0434228523,Hyderabad,Telangana,India,Gold,2025-06-04,Inactive
CUST001580,Nicole,Griffin,Male,1961-08-26,nicole.griffin@hotmail.com,7293028540,Bengaluru,Karnataka,India,Silver,2026-06-08,Inactive
CUST001581,Amy,Trujillo,Male,1996-03-28,amy.trujillo@hotmail.com,0794590380,Delhi,Delhi,India,Silver,2022-11-03,Active
CUST001582,Angela,Davis,Male,1978-02-05,angela.davis@yahoo.com,4196483734,Mumbai,Maharashtra,India,Gold,2025-10-28,Active
CUST001583,Mary,Wright,Male,2006-11-08,mary.wright@yahoo.com,7536407674,DUBAI,Dubai,UAE,Silver,2021-12-28,Active
CUST001584,Kenneth,Morrow,Female,2004-02-27,kenneth.morrow@outlook.com,2010077012,Dubai,Dubai,UAE,Diamond,2025-05-29,Inactive
CUST001585,John,Perry,Female,1990-07-23,john.perry@outlook.com,5779173330,Chennai,Tamil Nadu,India,Diamond,2024-08-03,Inactive
CUST001586,Ronald,Roth,Male,1967-04-05,ronald.roth@yahoo.com,4144899939,Bengaluru,Karnataka,India,Silver,2022-10-25,Inactive
CUST001587,Darrell,Vargas,Female,1976-06-09,darrell.vargas@outlook.com,5125219497,Dubai,Dubai,UAE,Platinum,2023-03-17,Active
CUST001588,Matthew,Martinez,Female,1963-02-17,matthew.martinez@gmail.com,1962773732,Sydney,New South Wales,Australia,Gold,2024-10-21,Active
CUST001589,Ruben,Riley,Male,1995-04-18,ruben.riley@yahoo.com,1961116594,London,England,United Kingdom,Silver,2025-11-04,Inactive
CUST001590,Kathy,Smith,Female,1956-03-12,kathy.smith@yahoo.com,4726925849,Hyderabad,Telangana,India,Diamond,2022-10-21,Inactive
CUST001591,Michael,White,Female,1973-06-17,michael.white@outlook.com,2681583572,Bengaluru,Karnataka,India,Diamond,2022-09-15,Active
CUST001592,Javier,Dodson,Female,1971-01-22,javier.dodson@yahoo.com,3636659828,Chennai,Tamil Nadu,India,Diamond,2023-07-12,Active
CUST001593,Paul,Gonzales,Male,1975-08-27,paul.gonzales@yahoo.com,9465838198,Bengaluru,Karnataka,India,Platinum,2025-02-11,Active
CUST001594,Michael,Bowman,Male,1990-01-26,michael.bowman@outlook.com,7413426738,Bengaluru,Karnataka,India,Silver,2025-02-27,Inactive
CUST001595,Douglas,Brown,Male,1958-08-08,douglas.brown@outlook.com,4109245441,Sydney,New South Wales,Australia,Platinum,2023-04-16,Active
CUST001596,Brian,Maxwell,Male,1971-11-13,brian.maxwell@outlook.com,7958633525,Mumbai,Maharashtra,India,Gold,2025-06-02,Inactive
CUST001597,Benjamin,Thomas,Male,1970-06-26,benjamin.thomas@gmail.com,5297192970,Bengaluru,Karnataka,India,Gold,2022-01-23,Active
CUST001598,Samantha,Adams,Female,1980-05-08,samantha.adams@hotmail.com,1847384084,Mumbai,Maharashtra,India,Gold,2025-11-12,Active
CUST001599,Janice,Haynes,Male,1976-02-22,janice.haynes@yahoo.com,0655210402,Hyderabad,Telangana,India,Diamond,2025-01-24,Inactive
CUST001600,Roger,Terry,Male,1998-05-23,roger.terry@outlook.com,5745231765,Bengaluru,Karnataka,India,Platinum,2023-08-06,Inactive
CUST001601,Destiny,Campbell,Male,1993-01-15,destiny.campbell@hotmail.com,2876031109,Delhi,Delhi,India,Platinum,2022-01-28,Inactive
CUST001602,Barbara,Haynes,Male,1987-05-05,,4636176273,Delhi,Delhi,India,Platinum,2025-11-01,Inactive
CUST001603,Trevor,Smith,Male,1976-01-09,trevor.smith@yahoo.com,4678965073,Bengaluru,Karnataka,India,Platinum,2024-01-08,Inactive
CUST001604,Stephen,Flores,Male,1972-07-09,stephen.flores@outlook.com,6008496713,New York,New York,United States,Platinum,2025-08-20,Active
CUST001605,Robert,Miles,Male,1975-01-01,,4543822894,Sydney,New South Wales,Australia,Diamond,2025-07-07,Inactive
CUST001606,Diane,Perry,Female,1962-04-07,diane.perry@yahoo.com,9694582803,Delhi,Delhi,India,Platinum,2026-06-03,Active
CUST001607,Christina,Gray,Male,1971-11-28,christina.gray@gmail.com,5702619663,Mumbai,Maharashtra,India,Diamond,2023-10-27,Active
CUST001608,Franklin,Hansen,Female,1991-08-24,franklin.hansen@yahoo.com,8896131414,Sydney,New South Wales,Australia,Gold,2025-06-19,Active
CUST001609,Raymond,Ramirez,Male,1958-01-25,raymond.ramirez@hotmail.com,0218191717,New York,New York,United States,Silver,2026-02-08,Active
CUST001610,Stephen,Tucker,Male,1995-11-02,stephen.tucker@hotmail.com,8301537645,Delhi,Delhi,India,Diamond,2021-10-19,Inactive
CUST001611,Ashley,Evans,Female,1955-10-14,ashley.evans@outlook.com,2048757704,London,England,United Kingdom,Platinum,2026-01-21,Inactive
CUST001612,Anne,Mcdonald,Male,1999-10-23,anne.mcdonald@outlook.com,1838506563,Singapore,Singapore,Singapore,Silver,2022-02-11,Inactive
CUST001613,Zachary,Burns,Female,1979-05-24,zachary.burns@gmail.com,9510364936,Mumbai,Maharashtra,India,Silver,2025-12-14,Inactive
CUST001614,James,Wilson,Male,1985-11-24,james.wilson@yahoo.com,7893676650,Bengaluru,Karnataka,India,Platinum,2026-06-02,Active
CUST001615,Kevin,Dudley,Female,1985-06-07,kevin.dudley@hotmail.com,4768702086,Mumbai,Maharashtra,India,Gold,2022-10-30,Active
CUST001616,Donna,Mcmillan,Male,2001-12-23,donna.mcmillan@yahoo.com,6348850399,New York,New York,United States,Diamond,2024-10-11,Active
CUST001617,Kelsey,Wolf,Female,1973-03-06,kelsey.wolf@yahoo.com,5618334864,Singapore,Singapore,Singapore,Silver,2023-05-27,Active
CUST001618,James,Palmer,Male,1957-02-17,james.palmer@hotmail.com,2410713715,Chennai,Tamil Nadu,India,Platinum,2025-02-07,Inactive
CUST001619,Victoria,Mitchell,Female,1988-09-23,victoria.mitchell@yahoo.com,1325663888,Delhi,Delhi,India,Diamond,2025-07-26,Inactive
CUST001620,Amanda,Anderson,Male,1967-03-01,amanda.anderson@yahoo.com,6582392470,Hyderabad,Telangana,India,Silver,2025-09-24,Inactive
CUST001621,Thomas,Bryant,Female,1970-06-11,thomas.bryant@outlook.com,3906902117,Singapore,Singapore,Singapore,Silver,2023-11-02,Inactive
CUST001622,Scott,Finley,Female,1983-05-09,scott.finley@yahoo.com,2124961134,Hyderabad,Telangana,India,Platinum,2024-10-25,Active
CUST001623,Shaun,Richards,Female,1973-06-18,shaun.richards@yahoo.com,7072429224,Delhi,Delhi,India,Gold,2024-05-17,Active
CUST001624,Timothy,Bradford,Male,2007-09-23,timothy.bradford@hotmail.com,9793687267,New York ,New York,United States,Gold,2025-09-10,Inactive
CUST001625,Michael,Dennis,Male,1973-07-02,michael.dennis@gmail.com,0132995490,Bengaluru,Karnataka,India,Diamond,2022-03-29,Active
CUST001626,Nicholas,Paul,Male,1988-09-26,nicholas.paul@gmail.com,0358157082,Bengaluru,Karnataka,India,Silver,2024-11-02,Inactive
CUST001627,Brenda,Holt,Male,1958-11-13,brenda.holt@outlook.com,5178260549,Chennai,Tamil Nadu,India,Platinum,2023-03-23,Active
CUST001628,Bradley,Bailey,Female,1972-04-26,bradley.bailey@outlook.com,1999608187,Hyderabad,Telangana,India,Silver,2024-11-17,Active
CUST001629,Charles,Baker,Male,1991-02-22,charles.baker@yahoo.com,7566058934,New York,New York,United States,Diamond,2022-01-31,Inactive
CUST001630,Rebecca,Bradley,Male,1994-09-05,rebecca.bradley@outlook.com,8427078285,Singapore,Singapore,Singapore,Silver,2024-10-04,Active
CUST001631,Juan,Sims,Female,1998-12-05,juan.sims@yahoo.com,1028108613,Chennai,Tamil Nadu,India,Platinum,2022-01-25,Inactive
CUST001632,Kellie,Fuller,Male,2003-01-31,kellie.fuller@outlook.com,7034185272,Singapore,Singapore,Singapore,Diamond,2025-10-26,Active
CUST001633,Lee,Avila,Female,1989-04-28,lee.avila@outlook.com,9017927602,Sydney,New South Wales,Australia,Diamond,2023-08-17,Inactive
CUST001634,Wanda,Hicks,Male,1991-06-30,wanda.hicks@gmail.com,1696757662,Bengaluru,Karnataka,India,Gold,2025-12-02,Active
CUST001635,Kimberly,Hardy,Female,1959-12-01,kimberly.hardy@yahoo.com,4923966385,London,England,United Kingdom,Silver,2023-09-16,Active
CUST001636,Scott,Shields,Male,1979-03-05,scott.shields@yahoo.com,3731514800,Bengaluru,Karnataka,India,Platinum,2025-02-23,Inactive
CUST001637,Joseph,Smith,Male,1964-12-26,joseph.smith@gmail.com,6230050693,London,England,United Kingdom,Gold,2024-02-02,Active
CUST001638,Christina,Watkins,Female,1959-01-19,christina.watkins@gmail.com,3765834509,Delhi,Delhi,India,Gold,2024-01-31,Active
CUST001639,Rebecca,Tucker,Female,1957-01-04,rebecca.tucker@gmail.com,4238190034,Delhi,Delhi,India,Platinum,2026-07-08,Active
CUST001640,Benjamin,Davis,Male,1977-09-24,benjamin.davis@hotmail.com,1574614323,New York,New York,United States,Diamond,2026-02-09,Active
CUST001641,Deborah,Morris,Female,1991-12-22,deborah.morris@gmail.com,9134650727,Chennai,Tamil Nadu,India,Gold,2025-09-10,Active
CUST001642,Laura,Paul,Male,1988-08-15,laura.paul@yahoo.com,8009888891,Mumbai,Maharashtra,India,Diamond,2025-09-07,Active
CUST001643,John,Fisher,Female,1958-06-06,john.fisher@hotmail.com,2167990453,Delhi,Delhi,India,Diamond,2021-12-19,Active
CUST001644,Jennifer,Reed,Male,1959-10-27,jennifer.reed@outlook.com,1928730361,New York,New York,United States,Diamond,2026-05-06,Active
CUST001645,Lance,Parker,Male,1985-10-27,lance.parker@hotmail.com,3658113868,Sydney,New South Wales,Australia,Silver,2023-03-14,Active
CUST001646,Michael,Sanchez,Male,1961-06-18,john@gmail,6576880894,Mumbai,Maharashtra,India,Silver,2022-12-19,Active
CUST001647,Stephanie,Rosario,Male,1967-01-19,stephanie.rosario@hotmail.com,7403701886,Mumbai,Maharashtra,India,Silver,2023-04-16,Active
CUST001648,Manuel,Mcgee,Male,1968-09-29,manuel.mcgee@outlook.com,7999980037,Dubai,Dubai,UAE,Gold,2022-06-28,Active
CUST001649,Brooke,Love,Male,1956-08-27,brooke.love@yahoo.com,4981480013,Bengaluru,Karnataka,India,Silver,2025-04-06,Active
CUST001650,Susan,Murphy,Female,2006-11-06,susan.murphy@outlook.com,5979119054,Singapore,Singapore,Singapore,Gold,2023-02-22,Active
CUST001651,Cody,Stephens,Female,1992-08-28,cody.stephens@gmail.com,3347236775,Chennai,Tamil Nadu,India,Gold,2023-11-27,Active
CUST001652,Michael,Nichols,Female,1957-05-02,michael.nichols@outlook.com,3594812812,Singapore,Singapore,Singapore,Diamond,2022-12-10,Inactive
CUST001653,David,Lee,Male,1977-08-04,david.lee@gmail.com,3901705037, Delhi,Delhi,India,Gold,2024-04-25,Inactive
CUST001654,Jennifer,Webb,Female,1960-07-10,jennifer.webb@hotmail.com,3739700116,Bengaluru,Karnataka,India,Platinum,2023-07-16,Inactive
CUST001655,Ebony,Graves,Male,2006-11-10,ebony.graves@gmail.com,5558524132,London,England,United Kingdom,Diamond,2025-04-22,Inactive
CUST001656,Sandra,Roberts,Female,1968-04-10,sandra.roberts@outlook.com,6634350323,London,England,United Kingdom,Platinum,2025-06-28,Inactive
CUST001657,Tommy,Martin,Female,1975-01-06,tommy.martin@gmail.com,4976388888,Delhi,Delhi,India,Platinum,2022-03-07,Inactive
CUST001658,Ronald,Alvarez,Female,1978-05-14,ronald.alvarez@outlook.com,1832943183,Mumbai,Maharashtra,India,Diamond,2022-12-24,Inactive
CUST001659,Thomas,Martin,Male,1988-04-08,thomas.martin@hotmail.com,4245757705,Chennai,Tamil Nadu,India,Silver,2021-08-21,Inactive
CUST001660,Ellen,Thomas,Male,1978-01-09,ellen.thomas@yahoo.com,1269026611,Bengaluru,Karnataka,India,Platinum,2026-04-04,Inactive
CUST001661,Bryan,Allen,Male,1988-06-23,bryan.allen@hotmail.com,2331054942,Hyderabad,Telangana,India,Platinum,2025-04-18,Active
CUST001662,Catherine,Daugherty,Male,1963-08-15,catherine.daugherty@hotmail.com,3684052885,Bengaluru,Karnataka,India,Gold,2024-12-27,Active
CUST001663,Alicia,Barry,Male,1994-01-24,alicia.barry@outlook.com,6756196996,Singapore,Singapore,Singapore,Silver,2023-08-03,Inactive
CUST001664,Lori,Schmidt,Male,1983-05-04,lori.schmidt@hotmail.com,4629065362,Delhi,Delhi,India,Diamond,2026-03-23,Active
CUST001665,Paul,Williams,Female,1958-03-28,paul.williams@hotmail.com,5856549222,London,England,United Kingdom,Diamond,2025-05-04,Inactive
CUST001666,Robert,Walker,Male,1976-10-08,robert.walker@gmail.com,1626994006,Sydney,New South Wales,Australia,Gold,2025-05-24,Active
CUST001667,Danielle,Harris,Male,1979-04-12,danielle.harris@hotmail.com,2172580410,New York,New York,United States,Silver,2023-02-11,Active
CUST001668,Erica,Collins,Male,2005-02-24,erica.collins@hotmail.com,7041919349,Delhi,Delhi,India,Diamond,2021-12-19,Active
CUST001669,Thomas,Dominguez,Female,1969-08-20,thomas.dominguez@gmail.com,4597588631,Mumbai,Maharashtra,India,Platinum,2024-02-07,Inactive
CUST001670,Brian,Peters,Female,2005-09-03,brian.peters@outlook.com,9641782129,Hyderabad,Telangana,India,Platinum,2025-12-20,Active
CUST001671,Amanda,Miller,Male,2003-08-23,amanda.miller@hotmail.com,5715676172,Mumbai,Maharashtra,India,Gold,2024-10-09,Active
CUST001672,Mark,Cross,Male,1998-04-14,mark.cross@hotmail.com,5681731699,Delhi,Delhi,India,Gold,2021-09-21,Active
CUST001673,Stephanie,Henry,Male,1983-07-21,stephanie.henry@outlook.com,5385253803,Dubai,Dubai,UAE,Diamond,2022-11-06,Active
CUST001674,Samantha,Ray,Male,1979-06-19,samantha.ray@gmail.com,9845547189, Delhi,Delhi,India,Platinum,2023-12-23,Inactive
CUST001675,Lacey,Lam,Female,2007-06-23,lacey.lam@gmail.com,1552797727,Mumbai,Maharashtra,India,Gold,2026-04-15,Active
CUST001676,Jenna,Garcia,Female,2002-05-09,jenna.garcia@hotmail.com,4008978399,London,England,United Kingdom,Platinum,2024-11-07,Inactive
CUST001677,Andrew,Smith,Female,2000-05-18,andrew.smith@outlook.com,6277233796,Singapore ,Singapore,Singapore,Silver,2023-03-21,Inactive
CUST001678,Deborah,Arellano,Female,1959-10-30,deborah.arellano@hotmail.com,4722529640,London,England,United Kingdom,Silver,2021-12-18,Active
CUST001679,William,Castaneda,Female,2005-10-30,william.castaneda@outlook.com,7707894393,Hyderabad,Telangana,India,Gold,2023-01-31,Active
CUST001680,Anthony,Goodwin,Female,1962-06-08,anthony.goodwin@yahoo.com,5378338401,Dubai,Dubai,UAE,Gold,2023-12-04,Inactive
CUST001681,Kayla,Carey,Female,1956-09-14,kayla.carey@hotmail.com,2145192233,Sydney,New South Wales,Australia,Diamond,2025-03-29,Inactive
CUST001682,Christopher,Dawson,Male,1994-03-07,christopher.dawson@hotmail.com,9819743737,Bengaluru,Karnataka,India,Diamond,2024-12-17,Active
CUST001683,Andrea,Hernandez,Female,1993-10-11,andrea.hernandez@yahoo.com,4240604033,Singapore,Singapore,Singapore,Silver,2022-03-13,Active
CUST001684,Nina,Hunter,Female,1969-08-22,nina.hunter@outlook.com,8643009039,NEW YORK,New York,United States,Silver,2025-06-27,Inactive
CUST001685,Joshua,Allen,Male,1961-01-08,joshua.allen@yahoo.com,9985243755,Hyderabad,Telangana,India,Platinum,2025-06-05,Active
CUST001686,Maria,Berger,Male,1959-12-05,maria.berger@outlook.com,9701910881,Chennai,Tamil Nadu,India,Platinum,2024-11-24,Inactive
CUST001687,Shawna,Fry,Male,1971-12-24,shawna.fry@outlook.com,7635036262,Singapore,Singapore,Singapore,Diamond,2021-11-10,Inactive
CUST001688,Robert,Thompson,Female,1968-03-30,robert.thompson@outlook.com,2241847195,Sydney,New South Wales,Australia,Silver,2021-10-17,Inactive
CUST001689,Mckenzie,Arellano,Male,1994-05-03,mckenzie.arellano@yahoo.com,0256160855,New York,New York,United States,Silver,2023-02-25,Inactive
CUST001690,Daniel,Shelton,Male,1965-11-15,daniel.shelton@gmail.com,3843280649,Bengaluru,Karnataka,India,Platinum,2026-04-07,Active
CUST001691,Russell,Palmer,Female,2000-04-16,russell.palmer@yahoo.com,2811868561,New York,New York,United States,Gold,2026-03-08,Active
CUST001692,Brandy,Hall,Male,1989-06-04,brandy.hall@hotmail.com,2959264526,Hyderabad,Telangana,India,Silver,2021-10-06,Inactive
CUST001693,Sarah,Lewis,Female,1957-04-17,,9937144226,Singapore,Singapore,Singapore,Gold,2024-06-25,Active
CUST001694,Jennifer,Mason,Male,1971-11-05,jennifer.mason@outlook.com,2559070281, Hyderabad,Telangana,India,Gold,2024-04-16,Inactive
CUST001695,Rita,Hickman,Female,2000-03-29,rita.hickman@gmail.com,7002018374,Hyderabad,Telangana,India,Diamond,2024-09-10,Active
CUST001696,James,Pruitt,Female,2006-05-15,james.pruitt@yahoo.com,6130508439,Bengaluru,Karnataka,India,Diamond,2023-08-24,Active
CUST001697,Sherri,Allen,Female,1963-02-17,sherri.allen@hotmail.com,0324631689,Chennai,Tamil Nadu,India,Silver,2026-01-12,Inactive
CUST001698,Joseph,Torres,Female,1966-09-23,joseph.torres@hotmail.com,1356545025,Singapore,Singapore,Singapore,Gold,2021-11-22,Inactive
CUST001699,Claire,Rodriguez,Male,1971-09-11,claire.rodriguez@hotmail.com,6870059824,Mumbai,Maharashtra,India,Diamond,2025-06-11,Active
CUST001700,Betty,Lee,Female,1982-04-17,betty.lee@hotmail.com,5320264500,Mumbai,Maharashtra,India,Diamond,2021-11-07,Inactive
CUST001701,Michael,Pena,Female,1979-05-01,michael.pena@yahoo.com,1882503034,Sydney,New South Wales,Australia,Gold,2025-04-12,Inactive
CUST001702,Kimberly,Weeks,Male,1985-06-06,kimberly.weeks@gmail.com,4390386058,Dubai,Dubai,UAE,Gold,2022-07-06,Inactive
CUST001703,Julian,Walsh,Male,1983-09-04,@gmail.com,0251803944,Chennai,Tamil Nadu,India,Diamond,2022-10-06,Active
CUST001704,Amanda,Carter,Male,1970-05-16,amanda.carter@outlook.com,7313917188,Mumbai,Maharashtra,India,Silver,2024-08-07,Active
CUST001705,Alexandra,Reyes,Female,1972-08-30,alexandra.reyes@gmail.com,2157143644,Mumbai,Maharashtra,India,Diamond,2022-05-18,Active
CUST001706,Heidi,Davis,Female,1971-09-05,heidi.davis@yahoo.com,7605234675,Delhi,Delhi,India,Diamond,2023-11-17,Inactive
CUST001707,Destiny,Obrien,Female,1969-10-13,destiny.obrien@yahoo.com,2705394111,New York,New York,United States,Gold,2026-05-18,Inactive
CUST001708,Bradley,Barajas,Male,2007-05-19,bradley.barajas@gmail.com,5030975479,Bengaluru,Karnataka,India,Platinum,2021-10-05,Inactive
CUST001709,Sarah,Young,Male,1960-08-26,sarah.young@outlook.com,0855579736,Singapore,Singapore,Singapore,Diamond,2025-09-07,Inactive
CUST001710,Nicholas,Morales,Female,1969-06-12,nicholas.morales@yahoo.com,3592383360,Dubai,Dubai,UAE,Diamond,2025-06-26,Active
CUST001711,Charles,King,Male,1969-01-16,charles.king@hotmail.com,1386792694,Mumbai,Maharashtra,India,Silver,2022-08-01,Inactive
CUST001712,Janice,Delgado,Female,2007-06-19,janice.delgado@yahoo.com,1570175190,Bengaluru,Karnataka,India,Silver,2021-12-13,Active
CUST001713,Rebecca,Hogan,Female,1963-12-23,rebecca.hogan@outlook.com,,Singapore ,Singapore,Singapore,Diamond,2025-04-17,Inactive
CUST001714,Patrick,Meyer,Male,1975-03-14,patrick.meyer@outlook.com,7446702693,Dubai,Dubai,UAE,Silver,2026-03-19,Inactive
CUST001715,Paula,Patel,Male,1987-12-01,paula.patel@outlook.com,5786436743,Dubai,Dubai,UAE,Gold,2025-11-03,Inactive
CUST001716,Jacqueline,Frye,Male,1987-03-27,jacqueline.frye@gmail.com,9697731573,Bengaluru,Karnataka,India,Silver,2026-07-07,Inactive
CUST001717,John,Cox,Female,1998-07-08,john.cox@yahoo.com,8401267139,Chennai,Tamil Nadu,India,Silver,2025-07-04,Active
CUST001718,Samuel,Hodge,Female,1996-06-29,samuel.hodge@outlook.com,3939360663,Sydney,New South Wales,Australia,Gold,2024-11-29,Active
CUST001719,Michael,Murphy,Female,1965-07-21,michael.murphy@gmail.com,4028058024,Hyderabad,Telangana,India,Diamond,2023-12-18,Active
CUST001720,James,Ward,Female,1972-02-20,james.ward@yahoo.com,0130844214,Sydney,New South Wales,Australia,Platinum,2023-09-04,Active
CUST001721,Kyle,Horton,Female,1957-01-15,kyle.horton@outlook.com,0624000699,Chennai,Tamil Nadu,India,Silver,2024-03-05,Inactive
CUST001722,Brett,Gilmore,Male,1985-08-12,brett.gilmore@gmail.com,8881084709,Sydney,New South Wales,Australia,Platinum,2024-01-29,Inactive
CUST001723,Ryan,Williams,Male,1956-08-17,ryan.williams@gmail.com,7820759972,Delhi,Delhi,India,Silver,2025-11-26,Active
CUST001724,Kathy,Williams,Female,1964-02-01,kathy.williams@yahoo.com,5612009183,New York,New York,United States,Diamond,2022-04-01,Inactive
CUST001725,Zachary,Miranda,Female,1966-08-25,gmail.com,3315451348,London ,England,United Kingdom,Silver,2023-12-21,Active
CUST001726,Jeffrey,Walker,Male,1981-03-05,jeffrey.walker@yahoo.com,0732005330,Mumbai,Maharashtra,India,Platinum,2022-11-17,Inactive
CUST001727,Timothy,Nelson,Male,1960-03-18,timothy.nelson@outlook.com,3683114930,London,England,United Kingdom,Gold,2021-11-07,Active
CUST001728,Ellen,Gilbert,Male,1963-02-25,ellen.gilbert@yahoo.com,8836830559,Singapore,Singapore,Singapore,Platinum,2021-08-24,Inactive
CUST001729,Kimberly,Dunn,Male,1965-10-23,kimberly.dunn@yahoo.com,2105122710,Singapore,Singapore,Singapore,Gold,2026-07-01,Active
CUST001730,Laurie,Garcia,Female,1985-05-26,laurie.garcia@outlook.com,2007099335,Bengaluru,Karnataka,India,Gold,2026-04-02,Active
CUST001731,Selena,Hunter,Female,2002-12-07,selena.hunter@outlook.com,4025327691,Sydney,New South Wales,Australia,Diamond,2025-12-09,Active
CUST001732,Adam,Holmes,Female,2001-07-18,adam.holmes@outlook.com,8254420707,Bengaluru,Karnataka,India,Platinum,2024-05-18,Active
CUST001733,Anthony,White,Female,1981-03-06,anthony.white@yahoo.com,5002026013,Sydney,New South Wales,Australia,Gold,2022-09-07,Active
CUST001734,Lindsey,Duncan,Female,2000-01-12,lindsey.duncan@yahoo.com,6215370398,Mumbai,Maharashtra,India,Diamond,2025-12-14,Inactive
CUST001735,Joseph,Bradshaw,Female,1982-04-13,joseph.bradshaw@yahoo.com,8270700560,Mumbai,Maharashtra,India,Gold,2023-07-13,Active
CUST001736,Kimberly,Adams,Male,1996-01-01,kimberly.adams@yahoo.com,3681986979,Dubai,Dubai,UAE,Platinum,2022-07-06,Active
CUST001737,Victor,Sullivan,Female,1976-06-23,victor.sullivan@yahoo.com,1859633307,Sydney,New South Wales,Australia,Diamond,2023-02-11,Active
CUST001738,Alan,Hunt,Female,2003-03-15,alan.hunt@hotmail.com,8064821114,Delhi,Delhi,India,Silver,2024-03-10,Active
CUST001739,Joseph,Evans,Female,1997-06-21,joseph.evans@yahoo.com,5433114691,Hyderabad,Telangana,India,Diamond,2024-12-01,Active
CUST001740,Hunter,Sanders,Male,1994-08-16,hunter.sanders@gmail.com,1906563848,Bengaluru,Karnataka,India,Gold,2025-05-02,Inactive
CUST001741,Ronald,Santiago,Male,1959-04-25,,8847998004,London,England,United Kingdom,Gold,2024-04-12,Active
CUST001742,Gregory,Vasquez,Female,2007-11-08,gregory.vasquez@outlook.com,2905855543,New York,New York,United States,Gold,2023-05-30,Active
CUST001743,John,Bradley,Male,1982-08-28,john.bradley@outlook.com,0007257749,Bengaluru,Karnataka,India,Silver,2022-06-18,Active
CUST001744,Theresa,Waters,Male,2007-07-29,theresa.waters@yahoo.com,6469915355,Mumbai,Maharashtra,India,Gold,2024-10-12,Inactive
CUST001745,Stephanie,Beard,Female,1960-02-13,stephanie.beard@hotmail.com,5006649819,Bengaluru,Karnataka,India,Gold,2026-05-08,Inactive
CUST001746,Jessica,Hudson,Female,1959-02-09,jessica.hudson@gmail.com,0487638788,Sydney,New South Wales,Australia,Silver,2023-03-09,Inactive
CUST001747,Christopher,Fowler,Female,1999-10-19,christopher.fowler@hotmail.com,7424425105,New York,New York,United States,Platinum,2024-03-04,Active
CUST001748,Patrick,Clark,Female,2006-05-10,patrick.clark@gmail.com,2335714329,Dubai,Dubai,UAE,Platinum,2023-10-26,Inactive
CUST001749,Matthew,Montgomery,Male,1961-08-29,matthew.montgomery@outlook.com,5179638568,Dubai,Dubai,UAE,Platinum,2021-12-16,Inactive
CUST001750,Tammy,Davis,Male,1978-05-31,tammy.davis@gmail.com,0254448661,Sydney,New South Wales,Australia,Silver,2023-10-20,Active
CUST001751,Amanda,Irwin,Male,1978-05-13,amanda.irwin@yahoo.com,2439519504,Singapore,Singapore,Singapore,Silver,2025-06-29,Inactive
CUST001752,Nicole,Johnson,Male,2006-05-26,nicole.johnson@outlook.com,8028272387,Delhi,Delhi,India,Diamond,2024-07-14,Active
CUST001753,Jennifer,Gray,Female,1994-09-07,jennifer.gray@hotmail.com,3681405983,New York,New York,United States,Platinum,2023-08-03,Active
CUST001754,Jeff,Smith,Male,2002-08-06,jeff.smith@gmail.com,7921033111,Mumbai,Maharashtra,India,Gold,2024-01-19,Inactive
CUST001755,Patricia,Smith,Female,1974-01-19,patricia.smith@outlook.com,0401314349,Singapore,Singapore,Singapore,Platinum,2024-08-15,Active
CUST001756,Henry,Davis,Female,1985-12-03,henry.davis@outlook.com,5619822989,Dubai,Dubai,UAE,Platinum,2025-03-03,Active
CUST001757,Zachary,Fowler,Female,1959-09-21,zachary.fowler@hotmail.com,9729827729,Mumbai,Maharashtra,India,Silver,2023-07-26,Active
CUST001758,Stacey,Lopez,Female,1991-02-26,stacey.lopez@hotmail.com,9339317097,Mumbai,Maharashtra,India,Platinum,2023-05-21,Inactive
CUST001759,Tara,Meyer,Male,2001-04-04,tara.meyer@outlook.com,1868370269,London,England,United Kingdom,Gold,2023-03-08,Active
CUST001760,Jane,Manning,Female,1987-09-15,jane.manning@yahoo.com,9870311518,Singapore,Singapore,Singapore,Gold,2025-03-21,Active
CUST001761,Jenna,Mitchell,Female,2001-05-17,jenna.mitchell@yahoo.com,2356204257,Singapore,Singapore,Singapore,Gold,2023-02-20,Inactive
CUST001762,Jacob,Nelson,Male,1960-12-13,jacob.nelson@hotmail.com,6504925302,Mumbai,Maharashtra,India,Diamond,2024-07-23,Inactive
CUST001763,Eric,Smith,Female,1989-03-31,eric.smith@hotmail.com,8475737110,Hyderabad,Telangana,India,Diamond,2025-10-24,Inactive
CUST001764,Donald,Parker,Female,1992-03-03,donald.parker@hotmail.com,8088134197,Delhi,Delhi,India,Gold,2025-06-09,Active
CUST001765,Michael,Jacobson,Female,1957-07-13,michael.jacobson@yahoo.com,1646366821,Sydney,New South Wales,Australia,Gold,2025-04-01,Active
CUST001766,Brooke,Michael,Male,1996-04-13,brooke.michael@yahoo.com,,Bengaluru,Karnataka,India,Gold,2024-08-06,Inactive
CUST001767,Kenneth,Williams,Female,2005-10-07,kenneth.williams@outlook.com,5955600486,New York,New York,United States,Platinum,2024-03-17,Inactive
CUST001768,James,Davis,Male,2002-01-23,james.davis@gmail.com,2563576602,New York,New York,United States,Gold,2025-10-06,Inactive
CUST001769,Arthur,Calderon,Female,1969-11-12,arthur.calderon@yahoo.com,5513724684,Delhi,Delhi,India,Platinum,2023-05-28,Inactive
CUST001770,Kevin,Ward,Female,1992-02-15,kevin.ward@gmail.com,1444060220,Hyderabad,Telangana,India,Platinum,2025-07-05,Inactive
CUST001771,Courtney,Hatfield,Male,1979-07-25,courtney.hatfield@yahoo.com,4891751089,New York,New York,United States,Gold,2022-05-02,Active
CUST001772,Christopher,Leonard,Female,1993-04-14,christopher.leonard@outlook.com,1682701555,Dubai,Dubai,UAE,Platinum,2021-10-19,Inactive
CUST001773,Steven,Lloyd,Female,1959-03-09,steven.lloyd@gmail.com,9632221493,Hyderabad,Telangana,India,Gold,2024-02-28,Inactive
CUST001774,Mary,Brown,Male,2004-04-23,mary.brown@gmail.com,4095550195,Mumbai,Maharashtra,India,Silver,2022-12-01,Inactive
CUST001775,Michael,Bennett,Male,1989-05-07,michael.bennett@yahoo.com,4226120934,Delhi,Delhi,India,Diamond,2022-12-14,Inactive
CUST001776,Kayla,Bryant,Male,1992-04-05,,6067160916,Sydney,New South Wales,Australia,Silver,2022-12-31,Inactive
CUST001777,Kyle,Carpenter,Male,1964-06-01,kyle.carpenter@outlook.com,3043902996,Singapore,Singapore,Singapore,Diamond,2024-08-28,Inactive
CUST001778,Leslie,Collins,Male,2004-02-19,leslie.collins@yahoo.com,0266241483,Sydney,New South Wales,Australia,Gold,2023-10-21,Active
CUST001779,Angel,Gray,Male,1959-11-02,angel.gray@yahoo.com,0422866951,Hyderabad,Telangana,India,Gold,2025-11-03,Inactive
CUST001780,Timothy,Holloway,Male,1971-09-26,timothy.holloway@yahoo.com,1745345262,Bengaluru,Karnataka,India,Silver,2023-07-16,Inactive
CUST001781,James,Jensen,Male,2000-02-07,james.jensen@yahoo.com,9887463164,Sydney,New South Wales,Australia,Platinum,2023-01-15,Active
CUST001782,Rebecca,Davis,Male,1989-03-16,rebecca.davis@gmail.com,9225374601,Dubai,Dubai,UAE,Silver,2026-03-06,Active
CUST001783,Darren,Carroll,Female,1960-01-11,darren.carroll@gmail.com,3877269891,Chennai,Tamil Nadu,India,Gold,2024-01-13,Active
CUST001784,Traci,Frank,Male,1983-03-25,traci.frank@hotmail.com,5643868820,Dubai,Dubai,UAE,Gold,2026-01-23,Active
CUST001785,Mark,Harris,Female,1966-07-31,mark.harris@hotmail.com,6854525928,New York,New York,United States,Silver,2023-03-02,Active
CUST001786,Katherine,Ewing,Female,1977-09-30,katherine.ewing@hotmail.com,0606570171,Delhi ,Delhi,India,Platinum,2024-05-07,Inactive
CUST001787,Angela,Snyder,Female,1969-08-24,angela.snyder@yahoo.com,8761536348,Bengaluru,Karnataka,India,Gold,2024-11-04,Active
CUST001788,Patrick,Martinez,Female,2000-12-14,patrick.martinez@yahoo.com,4201463460,Hyderabad,Telangana,India,Gold,2025-06-16,Active
CUST001789,Sonia,Juarez,Male,1956-05-28,sonia.juarez@yahoo.com,2833878785,Dubai,Dubai,UAE,Diamond,2024-09-28,Active
CUST001790,Kristina,Miller,Female,1966-01-21,kristina.miller@gmail.com,2232912303,New York,New York,United States,Diamond,2026-01-08,Inactive
CUST001791,Kevin,Matthews,Male,1981-02-06,kevin.matthews@outlook.com,6371545991,Sydney,New South Wales,Australia,Silver,2025-11-17,Active
CUST001792,Douglas,Brown,Male,1974-03-15,@gmail.com,0878772203,New York,New York,United States,Diamond,2024-11-17,Active
CUST001793,Daisy,Joseph,Male,1985-08-15,daisy.joseph@gmail.com,8299062292,New York,New York,United States,Gold,2023-12-22,Inactive
CUST001794,Sean,Krause,Female,1979-08-15,sean.krause@outlook.com,7561520608,Bengaluru,Karnataka,India,Diamond,2022-07-28,Active
CUST001795,Anna,Trevino,Female,1995-07-23,anna.trevino@gmail.com,3252683326,Chennai,Tamil Nadu,India,Gold,2023-01-19,Inactive
CUST001796,Jessica,Reed,Male,1976-05-08,jessica.reed@hotmail.com,8277719424,Mumbai,Maharashtra,India,Silver,2024-09-06,Inactive
CUST001797,Brittany,Freeman,Female,1964-02-26,brittany.freeman@yahoo.com,0111767998,Singapore,Singapore,Singapore,Gold,2025-06-02,Active
CUST001798,Amber,Guzman,Male,1971-12-31,@gmail.com,8252488811,Dubai,Dubai,UAE,Gold,2025-10-14,Inactive
CUST001799,Brittany,Poole,Female,1964-06-17,brittany.poole@gmail.com,2371638120,Delhi,Delhi,India,Platinum,2024-08-12,Active
CUST001800,Melinda,Schwartz,Female,1978-01-06,melinda.schwartz@gmail.com,1800669510,SYDNEY,New South Wales,Australia,Gold,2023-12-23,Inactive
CUST001801,Scott,Wong,Female,1962-04-24,scott.wong@yahoo.com,4757311113,Delhi,Delhi,India,Platinum,2023-04-11,Active
CUST001802,Nicole,Ford,Male,1988-12-25,nicole.ford@gmail.com,5229633389,Bengaluru,Karnataka,India,Diamond,2021-09-08,Active
CUST001803,Bobby,Harris,Female,2006-11-15,bobby.harris@yahoo.com,6149109671, New York,New York,United States,Platinum,2024-07-19,Active
CUST001804,Ashley,Burns,Female,1970-03-16,ashley.burns@yahoo.com,6076190069,Singapore,Singapore,Singapore,Diamond,2024-02-22,Active
CUST001805,Tiffany,Cox,Female,1966-09-11,tiffany.cox@yahoo.com,1395933100,New York,New York,United States,Diamond,2023-08-08,Active
CUST001806,Brian,Thompson,Female,1993-08-18,brian.thompson@outlook.com,1529799757,Sydney,New South Wales,Australia,Diamond,2024-10-22,Inactive
CUST001807,Ian,Morgan,Male,1962-01-06,ian.morgan@outlook.com,6473317521,New York,New York,United States,Diamond,2022-05-03,Active
CUST001808,Julie,Chapman,Male,1987-03-08,julie.chapman@gmail.com,8373951277,Bengaluru,Karnataka,India,Silver,2021-07-27,Active
CUST001809,James,Franklin,Female,1993-02-14,james.franklin@hotmail.com,6889942176,Chennai,Tamil Nadu,India,Platinum,2022-07-18,Inactive
CUST001810,Joe,Decker,Female,1995-08-23,joe.decker@outlook.com,6701635477,Singapore,Singapore,Singapore,Diamond,2022-11-26,Inactive
CUST001811,Marcia,Morris,Female,1959-07-31,marcia.morris@hotmail.com,5677875213,Dubai,Dubai,UAE,Diamond,2022-12-31,Inactive
CUST001812,Travis,Clark,Male,1977-09-05,travis.clark@gmail.com,9706645108,Sydney,New South Wales,Australia,Diamond,2022-06-01,Inactive
CUST001813,Gary,Hudson,Female,1997-02-14,gary.hudson@gmail.com,3819583206,New York,New York,United States,Silver,2024-12-17,Inactive
CUST001814,Renee,Rivas,Female,1957-12-19,renee.rivas@yahoo.com,7784485621,Singapore,Singapore,Singapore,Gold,2021-11-12,Active
CUST001815,Jeanne,Sims,Female,1994-08-22,jeanne.sims@gmail.com,6778886534,Singapore,Singapore,Singapore,Gold,2024-08-28,Inactive
CUST001816,Ryan,Porter,Female,1993-11-24,ryan.porter@hotmail.com,7658562596,Sydney,New South Wales,Australia,Silver,2023-05-20,Active
CUST001817,Linda,Sanchez,Male,1984-05-05,linda.sanchez@gmail.com,5244586173,Hyderabad,Telangana,India,Platinum,2024-03-26,Active
CUST001818,Kyle,Baxter,Female,2007-03-08,kyle.baxter@gmail.com,7951405447,Dubai,Dubai,UAE,Gold,2024-01-11,Active
CUST001819,Crystal,Mcclure,Female,1972-02-22,crystal.mcclure@outlook.com,7313298992,New York,New York,United States,Silver,2025-07-22,Active
CUST001820,Melinda,Miller,Male,1993-05-07,melinda.miller@hotmail.com,4430488435,Delhi,Delhi,India,Gold,2026-06-02,Active
CUST001821,Tammy,Miller,Male,2003-03-28,tammy.miller@outlook.com,6916001730,Singapore,Singapore,Singapore,Silver,2026-03-17,Inactive
CUST001822,Susan,Green,Male,1972-01-04,susan.green@gmail.com,2677339812,New York,New York,United States,Gold,2024-02-24,Inactive
CUST001823,Thomas,Sanchez,Female,1957-05-15,thomas.sanchez@yahoo.com,9605924810,Singapore,Singapore,Singapore,Diamond,2022-10-26,Inactive
CUST001824,Tracy,Miller,Female,1991-01-21,tracy.miller@outlook.com,4249568687,Delhi,Delhi,India,Gold,2026-03-04,Inactive
CUST001825,Jessica,Miller,Male,2005-08-26,jessica.miller@yahoo.com,8764146168,Sydney,New South Wales,Australia,Diamond,2026-02-21,Inactive
CUST001826,John,Alvarado,Male,1998-08-05,john.alvarado@hotmail.com,0926335178,London,England,United Kingdom,Diamond,2026-06-24,Active
CUST001827,David,Jackson,Female,2000-04-30,david.jackson@yahoo.com,0454621154,London,England,United Kingdom,Platinum,2025-09-13,Inactive
CUST001828,Richard,Barker,Female,1982-05-08,richard.barker@gmail.com,3978596055,Dubai,Dubai,UAE,Gold,2026-07-26,Inactive
CUST001829,Barbara,Brooks,Female,2008-05-12,barbara.brooks@gmail.com,7979529704,Dubai,Dubai,UAE,Gold,2024-11-20,Inactive
CUST001830,Joseph,Sparks,Female,1994-11-27,joseph.sparks@hotmail.com,0013629046,Hyderabad,Telangana,India,Gold,2021-08-28,Active
CUST001831,Crystal,Henson,Female,1971-08-09,crystal.henson@yahoo.com,0707477713,Chennai,Tamil Nadu,India,Gold,2022-08-10,Inactive
CUST001832,Monica,Thompson,Female,1983-12-07,monica.thompson@outlook.com,5394607229,Hyderabad ,Telangana,India,Platinum,2022-12-12,Inactive
CUST001833,Evan,Mendez,Female,1995-07-01,evan.mendez@hotmail.com,1408557927,New York,New York,United States,Gold,2021-11-21,Active
CUST001834,Christine,Ayala,Male,1980-09-01,christine.ayala@yahoo.com,7917169669,Bengaluru,Karnataka,India,Silver,2024-11-18,Inactive
CUST001835,Thomas,Davis,Male,1983-09-13,thomas.davis@yahoo.com,5452974779,Hyderabad,Telangana,India,Gold,2026-04-30,Active
CUST001836,Christina,Fletcher,Female,1997-04-25,christina.fletcher@gmail.com,9105411452,Sydney,New South Wales,Australia,Gold,2021-11-21,Inactive
CUST001837,Stanley,Porter,Male,2008-05-16,stanley.porter@gmail.com,8858460539,Bengaluru,Karnataka,India,Silver,2021-09-27,Active
CUST001838,Lisa,Clark,Male,1964-08-23,lisa.clark@yahoo.com,2796394427,Delhi,Delhi,India,Gold,2023-03-09,Active
CUST001839,Ronnie,Olson,Female,1980-06-13,ronnie.olson@outlook.com,9071340223,Singapore,Singapore,Singapore,Diamond,2024-11-08,Inactive
CUST001840,David,Carter,Female,1982-12-12,david.carter@hotmail.com,2240416733,Mumbai,Maharashtra,India,Silver,2025-10-05,Inactive
CUST001841,Douglas,Ward,Female,1974-10-12,douglas.ward@hotmail.com,5146390618,Dubai,Dubai,UAE,Diamond,2025-04-01,Active
CUST001842,Jacob,Martin,Male,1969-05-28,jacob.martin@outlook.com,4553798400,Sydney,New South Wales,Australia,Gold,2023-10-09,Inactive
CUST001843,James,Hall,Female,1996-06-15,james.hall@outlook.com,3352307800,Chennai,Tamil Nadu,India,Silver,2023-02-03,Active
CUST001844,Suzanne,Kennedy,Female,1973-04-09,suzanne.kennedy@gmail.com,8071564801,Hyderabad,Telangana,India,Gold,2023-03-27,Active
CUST001845,Keith,Miller,Male,1969-07-03,keith.miller@hotmail.com,5002247993,Bengaluru,Karnataka,India,Silver,2023-01-30,Inactive
CUST001846,Gerald,Mitchell,Female,1993-02-28,gerald.mitchell@yahoo.com,8588973990,New York,New York,United States,Platinum,2022-11-26,Active
CUST001847,James,Oliver,Male,2003-08-22,james.oliver@hotmail.com,3603300337,Singapore,Singapore,Singapore,Gold,2022-08-20,Active
CUST001848,Gina,Thomas,Male,1978-07-08,gina.thomas@hotmail.com,0197553864,Chennai,Tamil Nadu,India,Silver,2022-02-07,Inactive
CUST001849,Joseph,Vasquez,Female,1972-02-06,joseph.vasquez@gmail.com,3099345124,New York,New York,United States,Gold,2026-05-10,Inactive
CUST001850,Amy,Adams,Female,1997-07-08,amy.adams@outlook.com,4853882335,Hyderabad,Telangana,India,Gold,2024-05-04,Inactive
CUST001851,Anthony,Smith,Male,1959-06-17,anthony.smith@gmail.com,2895581146,Mumbai,Maharashtra,India,Diamond,2022-12-09,Inactive
CUST001852,Jacob,Jones,Female,1964-11-16,jacob.jones@yahoo.com,0903179361,Dubai,Dubai,UAE,Gold,2023-04-04,Active
CUST001853,Raymond,Hernandez,Female,1974-08-28,raymond.hernandez@gmail.com,1448053211,Singapore,Singapore,Singapore,Platinum,2023-08-30,Inactive
CUST001854,Robert,Park,Female,1994-01-06,robert.park@gmail.com,9123981620,New York,New York,United States,Platinum,2021-12-06,Inactive
CUST001855,Howard,Foster,Male,1996-05-13,howard.foster@hotmail.com,9333855242,New York,New York,United States,Gold,2021-08-18,Inactive
CUST001856,Laura,Cordova,Female,2004-11-25,laura.cordova@hotmail.com,1149786826,Mumbai,Maharashtra,India,Diamond,2026-03-25,Inactive
CUST001857,Juan,Woods,Male,1996-02-01,juan.woods@hotmail.com,2127108814,London,England,United Kingdom,Gold,2021-08-23,Inactive
CUST001858,Madeline,Glass,Female,1979-01-27,madeline.glass@outlook.com,8501268539,Dubai,Dubai,UAE,Platinum,2022-06-06,Active
CUST001859,Cory,Williams,Male,1998-01-11,cory.williams@hotmail.com,0017258610,Sydney,New South Wales,Australia,Gold,2022-03-06,Active
CUST001860,Veronica,Black,Female,1978-01-15,veronica.black@hotmail.com,3352985138,Hyderabad,Telangana,India,Platinum,2022-04-24,Active
CUST001861,Barry,Stark,Male,1969-01-14,barry.stark@outlook.com,2722058278,London,England,United Kingdom,Platinum,2023-08-14,Inactive
CUST001862,Sarah,Ellis,Female,2004-07-31,sarah.ellis@yahoo.com,6767418355,Bengaluru,Karnataka,India,Gold,2025-02-20,Active
CUST001863,Scott,Watkins,Female,1978-06-05,scott.watkins@gmail.com,9843522492,Chennai,Tamil Nadu,India,Silver,2023-06-11,Inactive
CUST001864,Justin,Reeves,Male,1968-04-07,justin.reeves@gmail.com,9701002442,Dubai,Dubai,UAE,Platinum,2024-06-29,Inactive
CUST001865,Samantha,Johnson,Female,1982-01-11,samantha.johnson@gmail.com,1939199515,Delhi ,Delhi,India,Silver,2023-03-02,Inactive
CUST001866,Michael,Shields,Female,2002-02-11,michael.shields@yahoo.com,2827404696,Chennai,Tamil Nadu,India,Platinum,2023-01-14,Active
CUST001867,Joseph,Martin,Male,1983-04-20,joseph.martin@yahoo.com,7714502900,Delhi,Delhi,India,Diamond,2026-07-18,Active
CUST001868,Brittany,Allen,Male,1969-12-23,brittany.allen@gmail.com,1343649117,Chennai,Tamil Nadu,India,Silver,2025-04-24,Active
CUST001869,Angel,Ball,Male,1976-09-09,angel.ball@yahoo.com,2463075795,Chennai,Tamil Nadu,India,Silver,2025-03-11,Active
CUST001870,Candace,Clark,Female,1980-12-15,candace.clark@outlook.com,2200152671,Chennai ,Tamil Nadu,India,Platinum,2022-06-29,Inactive
CUST001871,Frank,Ramos,Male,1965-08-24,frank.ramos@hotmail.com,5018576022,Delhi,Delhi,India,Gold,2026-01-19,Inactive
CUST001872,Joseph,Hernandez,Female,1981-05-12,joseph.hernandez@gmail.com,2506276356,Dubai,Dubai,UAE,Gold,2026-05-22,Active
CUST001873,Rhonda,Barrera,Male,2006-04-08,rhonda.barrera@hotmail.com,0407002086,Dubai,Dubai,UAE,Silver,2021-09-21,Active
CUST001874,Virginia,Morales,Male,1982-11-19,virginia.morales@outlook.com,3498347130,Sydney,New South Wales,Australia,Platinum,2026-07-12,Active
CUST001875,Sherry,Montgomery,Female,2001-11-09,sherry.montgomery@yahoo.com,,New York,New York,United States,Platinum,2026-01-20,Inactive
CUST001876,Amanda,Gonzales,Male,1983-05-27,amanda.gonzales@yahoo.com,0840744936,Hyderabad,Telangana,India,Platinum,2024-02-23,Inactive
CUST001877,Olivia,Nichols,Male,1962-12-22,olivia.nichols@outlook.com,8627733883,Hyderabad,Telangana,India,Platinum,2025-01-12,Inactive
CUST001878,Sherri,Nelson,Female,1965-08-20,sherri.nelson@yahoo.com,2051813825,Dubai,Dubai,UAE,Gold,2024-04-05,Inactive
CUST001879,Brian,Taylor,Male,1974-05-23,brian.taylor@hotmail.com,4864520315,London,England,United Kingdom,Diamond,2026-05-15,Active
CUST001880,Carlos,Davis,Male,1961-12-06,carlos.davis@gmail.com,5909938051,Singapore,Singapore,Singapore,Diamond,2026-03-09,Inactive
CUST001881,Julia,Martinez,Male,1988-09-10,julia.martinez@yahoo.com,7155299213,Sydney,New South Wales,Australia,Silver,2022-07-15,Inactive
CUST001882,Frederick,Berg,Female,1981-04-30,frederick.berg@outlook.com,2620249936,Mumbai,Maharashtra,India,Diamond,2022-01-29,Active
CUST001883,Sergio,Smith,Male,1961-11-23,sergio.smith@yahoo.com,2796260545,Bengaluru,Karnataka,India,Gold,2021-09-20,Inactive
CUST001884,Susan,Herrera,Female,1966-09-27,susan.herrera@hotmail.com,3057250106,Sydney,New South Wales,Australia,Gold,2022-02-28,Active
CUST001885,Darrell,Hughes,Male,1967-04-28,darrell.hughes@gmail.com,6758872751,Mumbai,Maharashtra,India,Silver,2021-11-19,Inactive
CUST001886,Sherri,Garcia,Female,1994-06-11,sherri.garcia@gmail.com,4665016409,Chennai,Tamil Nadu,India,Gold,2026-07-04,Inactive
CUST001887,Jason,Jones,Male,1969-01-24,jason.jones@outlook.com,1035936873,New York,New York,United States,Platinum,2025-02-07,Inactive
CUST001888,Derek,Evans,Female,1958-11-18,derek.evans@gmail.com,6155292279,Dubai,Dubai,UAE,Silver,2021-09-03,Inactive
CUST001889,Rebecca,Carter,Female,1962-08-13,rebecca.carter@outlook.com,7934497027,Singapore,Singapore,Singapore,Platinum,2022-09-27,Inactive
CUST001890,Patricia,Pugh,Male,2000-02-19,patricia.pugh@yahoo.com,9009806972,Hyderabad,Telangana,India,Silver,2025-04-21,Active
CUST001891,Theodore,Bright,Male,1997-12-10,theodore.bright@gmail.com,2343275972,Singapore,Singapore,Singapore,Diamond,2023-03-23,Inactive
CUST001892,Laura,Martin,Female,1992-11-02,,5080187370,London,England,United Kingdom,Platinum,2026-06-16,Active
CUST001893,Christina,Ramirez,Female,2003-02-22,christina.ramirez@hotmail.com,4024514274,Dubai,Dubai,UAE,Platinum,2022-09-02,Inactive
CUST001894,Daniel,Waters,Female,1975-08-05,daniel.waters@hotmail.com,1506201257,Chennai,Tamil Nadu,India,Platinum,2023-12-22,Inactive
CUST001895,John,King,Male,1974-07-22,john.king@gmail.com,5342094504,Hyderabad,Telangana,India,Platinum,2021-08-05,Inactive
CUST001896,Eric,Torres,Male,1983-12-03,eric.torres@outlook.com,3969062792,New York,New York,United States,Silver,2024-09-18,Inactive
CUST001897,Richard,Carson,Male,1967-08-20,richard.carson@outlook.com,9060675978,Sydney,New South Wales,Australia,Platinum,2023-01-15,Active
CUST001898,Christian,Jimenez,Male,1988-01-30,christian.jimenez@outlook.com,1593435965,Delhi,Delhi,India,Platinum,2022-03-22,Inactive
CUST001899,Mary,Collins,Male,1986-03-08,mary.collins@gmail.com,2100854818,Sydney,New South Wales,Australia,Diamond,2022-06-26,Active
CUST001900,Michael,Knox,Female,1972-10-16,michael.knox@hotmail.com,6977783656,New York,New York,United States,Diamond,2022-01-04,Inactive
CUST001901,Stacey,Mora,Female,1955-11-13,stacey.mora@gmail.com,0701768065,Singapore,Singapore,Singapore,Diamond,2022-05-20,Inactive
CUST001902,Jasmin,Booth,Female,1975-05-28,jasmin.booth@hotmail.com,8170469597,Dubai,Dubai,UAE,Gold,2025-07-21,Active
CUST001903,Eric,Dominguez,Female,1960-10-03,eric.dominguez@gmail.com,3929476308,New York,New York,United States,Gold,2023-04-20,Active
CUST001904,Cassandra,Stein,Female,1958-01-14,cassandra.stein@yahoo.com,1360911050,Singapore,Singapore,Singapore,Platinum,2024-02-01,Inactive
CUST001905,David,Garcia,Male,1995-04-30,david.garcia@gmail.com,4792731145,Delhi,Delhi,India,Gold,2024-06-26,Active
CUST001906,Brandon,Moore,Female,1994-10-14,brandon.moore@hotmail.com,4813225301,Dubai,Dubai,UAE,Diamond,2022-01-10,Inactive
CUST001907,Walter,Cervantes,Male,1964-07-15,walter.cervantes@hotmail.com,1039840223,Delhi,Delhi,India,Platinum,2024-05-04,Inactive
CUST001908,Joel,Warren,Male,1999-06-27,joel.warren@hotmail.com,3673375893,New York,New York,United States,Gold,2024-03-08,Active
CUST001909,Linda,Brooks,Male,1992-06-04,linda.brooks@outlook.com,0403451579,Dubai,Dubai,UAE,Platinum,2024-02-23,Inactive
CUST001910,Christina,King,Female,1960-06-21,christina.king@hotmail.com,2067865847,Sydney,New South Wales,Australia,Diamond,2025-10-10,Active
CUST001911,Joy,Tran,Female,1989-09-03,joy.tran@gmail.com,2677322172,London,England,United Kingdom,Platinum,2025-06-13,Inactive
CUST001912,Andre,Johnson,Male,1979-10-15,andre.johnson@outlook.com,1073083277,Chennai,Tamil Nadu,India,Platinum,2023-04-26,Inactive
CUST001913,Anna,Erickson,Male,1968-01-22,gmail.com,8349227902,Dubai,Dubai,UAE,Gold,2024-12-14,Active
CUST001914,Brianna,Williams,Male,1980-07-07,brianna.williams@hotmail.com,,Hyderabad,Telangana,India,Platinum,2022-04-08,Inactive
CUST001915,Joseph,Miller,Female,1959-06-14,joseph.miller@yahoo.com,2412101284,Dubai,Dubai,UAE,Gold,2023-04-06,Inactive
CUST001916,Lisa,Jones,Male,1976-06-20,lisa.jones@yahoo.com,0083156029,Mumbai,Maharashtra,India,Gold,2026-02-18,Active
CUST001917,Stephanie,Santos,Female,2002-06-23,stephanie.santos@gmail.com,0476038662,London,England,United Kingdom,Gold,2022-02-09,Active
CUST001918,Shelly,Rodriguez,Male,1986-12-05,shelly.rodriguez@hotmail.com,2220157942,London,England,United Kingdom,Diamond,2026-05-14,Active
CUST001919,Brian,Adams,Female,1959-09-22,brian.adams@gmail.com,0774448399,Dubai,Dubai,UAE,Gold,2022-01-28,Active
CUST001920,John,Villanueva,Male,1965-09-03,john.villanueva@hotmail.com,8453096915,Mumbai,Maharashtra,India,Silver,2024-04-22,Inactive
CUST001921,Tamara,Williams,Female,1970-04-17,tamara.williams@outlook.com,4482717944,Mumbai,Maharashtra,India,Platinum,2023-06-29,Active
CUST001922,Kelsey,Robinson,Female,1999-02-22,,5924192479,Dubai,Dubai,UAE,Gold,2023-09-29,Active
CUST001923,Megan,Smith,Female,1969-08-21,megan.smith@gmail.com,4150740814,Sydney,New South Wales,Australia,Gold,2025-11-13,Inactive
CUST001924,Derrick,Reed,Male,1965-04-16,derrick.reed@yahoo.com,2062792233,London,England,United Kingdom,Diamond,2024-11-10,Active
CUST001925,Lori,Moreno,Male,1995-01-15,lori.moreno@outlook.com,3134064537,Singapore,Singapore,Singapore,Silver,2024-02-27,Active
CUST001926,Steven,Jackson,Male,1991-09-30,steven.jackson@hotmail.com,8285886510,New York,New York,United States,Platinum,2023-11-27,Inactive
CUST001927,Matthew,Ross,Female,1976-09-03,matthew.ross@outlook.com,0225452567,Sydney,New South Wales,Australia,Platinum,2022-02-14,Inactive
CUST001928,Anthony,Savage,Female,1989-05-26,anthony.savage@outlook.com,6781901906,Sydney,New South Wales,Australia,Platinum,2023-12-22,Inactive
CUST001929,Seth,Hayes,Female,2002-08-22,seth.hayes@yahoo.com,0122131062,Chennai,Tamil Nadu,India,Platinum,2024-04-20,Inactive
CUST001930,Lisa,Castaneda,Male,1977-05-30,lisa.castaneda@yahoo.com,4098864339,Singapore,Singapore,Singapore,Gold,2023-02-04,Active
CUST001931,Melissa,Jackson,Male,1991-09-09,melissa.jackson@yahoo.com,0121141315,London,England,United Kingdom,Platinum,2022-02-14,Active
CUST001932,David,Robbins,Male,2008-03-19,david.robbins@hotmail.com,0668099878,Chennai,Tamil Nadu,India,Platinum,2022-07-26,Active
CUST001933,David,Reed,Female,1971-12-23,david.reed@outlook.com,4599039984,Mumbai,Maharashtra,India,Gold,2024-09-18,Active
CUST001934,Amber,Perkins,Female,2003-01-06,amber.perkins@hotmail.com,0724223893,Chennai,Tamil Nadu,India,Gold,2024-12-27,Inactive
CUST001935,Sherry,Adams,Male,1998-04-13,sherry.adams@outlook.com,8749424977,Dubai,Dubai,UAE,Diamond,2023-02-01,Inactive
CUST001936,Frederick,Nelson,Male,2002-02-16,frederick.nelson@gmail.com,8118017268,New York,New York,United States,Silver,2026-02-16,Inactive
CUST001937,Patrick,Clark,Male,1982-04-21,patrick.clark@yahoo.com,8688665345,Mumbai,Maharashtra,India,Platinum,2022-03-29,Active
CUST001938,Elizabeth,Adkins,Male,1961-02-01,elizabeth.adkins@outlook.com,1191633093,Sydney,New South Wales,Australia,Gold,2021-12-24,Active
CUST001939,Christopher,Reid,Male,1961-10-21,christopher.reid@gmail.com,8510906070,Bengaluru,Karnataka,India,Gold,2025-10-11,Active
CUST001940,Zachary,Ware,Female,1997-01-22,zachary.ware@outlook.com,4551551915,London,England,United Kingdom,Silver,2026-01-17,Active
CUST001941,Marc,Miller,Female,1962-01-28,marc.miller@gmail.com,,Hyderabad,Telangana,India,Gold,2025-09-08,Active
CUST001942,Brenda,Juarez,Male,1983-01-17,brenda.juarez@gmail.com,3954862417,New York,New York,United States,Diamond,2023-05-05,Active
CUST001943,Maria,Smith,Male,1986-07-30,maria.smith@outlook.com,0071307852,Mumbai,Maharashtra,India,Diamond,2022-09-21,Inactive
CUST001944,Catherine,Moses,Male,1961-04-24,catherine.moses@hotmail.com,5631539556,Singapore,Singapore,Singapore,Silver,2022-03-03,Inactive
CUST001945,Melissa,Bauer,Male,1999-07-28,melissa.bauer@hotmail.com,5334835681,Chennai,Tamil Nadu,India,Platinum,2025-01-15,Active
CUST001946,Michael,Johnson,Male,2003-04-17,michael.johnson@hotmail.com,5421880949,Hyderabad,Telangana,India,Diamond,2023-05-27,Inactive
CUST001947,Christine,Marshall,Male,1979-03-02,christine.marshall@hotmail.com,1510223938,Mumbai ,Maharashtra,India,Diamond,2022-08-18,Inactive
CUST001948,Denise,Meyer,Male,1998-01-23,denise.meyer@yahoo.com,7114925200,Hyderabad,Telangana,India,Silver,2023-11-11,Active
CUST001949,Michael,Guerra,Male,1993-04-11,michael.guerra@yahoo.com,7236669160,Mumbai,Maharashtra,India,Gold,2025-05-24,Inactive
CUST001950,Terri,Atkins,Male,1963-09-24,terri.atkins@gmail.com,9466983669,London,England,United Kingdom,Diamond,2026-01-21,Active
CUST001951,Ashley,Peterson,Male,1995-04-08,ashley.peterson@gmail.com,9980864132,Chennai,Tamil Nadu,India,Silver,2024-01-21,Inactive
CUST001952,Paul,Griffin,Male,1994-06-07,paul.griffin@yahoo.com,2731758056,New York,New York,United States,Gold,2023-04-06,Active
CUST001953,Michael,Scott,Male,1955-09-06,michael.scott@gmail.com,4661696446,Mumbai,Maharashtra,India,Platinum,2021-12-24,Inactive
CUST001954,Lynn,Marshall,Female,1959-04-19,,4791055540,Hyderabad,Telangana,India,Gold,2021-11-26,Active
CUST001955,Stephanie,Conner,Female,2005-02-21,stephanie.conner@yahoo.com,1482267620,Singapore,Singapore,Singapore,Silver,2022-01-06,Inactive
CUST001956,Angela,Jimenez,Female,1974-02-16,angela.jimenez@gmail.com,2262945050,Dubai ,Dubai,UAE,Platinum,2025-07-14,Active
CUST001957,Billy,Casey,Male,2001-02-14,billy.casey@yahoo.com,2678510661,Mumbai,Maharashtra,India,Diamond,2023-08-15,Active
CUST001958,Deborah,Frederick,Male,1982-05-25,deborah.frederick@gmail.com,5365059100,Delhi,Delhi,India,Diamond,2021-11-24,Inactive
CUST001959,Monica,Gutierrez,Female,1986-12-30,monica.gutierrez@outlook.com,5944974580,Singapore,Singapore,Singapore,Gold,2022-12-31,Inactive
CUST001960,Darryl,Dennis,Female,1960-06-16,darryl.dennis@hotmail.com,7618649965,Hyderabad,Telangana,India,Diamond,2022-06-23,Active
CUST001961,George,Wolfe,Female,1974-10-15,george.wolfe@outlook.com,7482901281,Mumbai,Maharashtra,India,Gold,2026-03-18,Inactive
CUST001962,Jessica,Miller,Female,2008-01-24,jessica.miller@hotmail.com,8537914324,Delhi,Delhi,India,Gold,2024-07-01,Active
CUST001963,Michelle,Cook,Female,1986-07-05,michelle.cook@hotmail.com,1872090813,Sydney,New South Wales,Australia,Silver,2024-11-06,Inactive
CUST001964,Ronald,Robertson,Female,1964-01-24,ronald.robertson@gmail.com,2762955876,London,England,United Kingdom,Gold,2025-10-22,Active
CUST001965,Thomas,Shepherd,Female,1997-05-23,thomas.shepherd@hotmail.com,5930473819,Delhi,Delhi,India,Platinum,2022-08-20,Inactive
CUST001966,Nicholas,Salinas,Female,1993-06-30,nicholas.salinas@yahoo.com,4718890388,Bengaluru,Karnataka,India,Platinum,2022-10-19,Active
CUST001967,Charles,Diaz,Female,1973-02-03,charles.diaz@hotmail.com,6654715380,Mumbai,Maharashtra,India,Silver,2024-08-23,Active
CUST001968,Chad,Diaz,Male,1957-09-12,chad.diaz@outlook.com,9257906405,Sydney,New South Wales,Australia,Platinum,2022-12-19,Inactive
CUST001969,Stacy,Murphy,Female,1983-07-19,stacy.murphy@hotmail.com,2474473192,Mumbai,Maharashtra,India,Gold,2026-05-31,Active
CUST001970,Gregory,Wilson,Male,2006-09-07,gregory.wilson@hotmail.com,5074882220,Delhi,Delhi,India,Diamond,2021-09-21,Active
CUST001971,Angela,Smith,Male,1970-06-02,angela.smith@hotmail.com,6808961346,Singapore,Singapore,Singapore,Silver,2024-01-18,Active
CUST001972,Joel,Proctor,Male,2007-11-27,joel.proctor@yahoo.com,5526221566,Chennai,Tamil Nadu,India,Silver,2026-07-23,Active
CUST001973,Jonathan,Baker,Male,1967-01-06,jonathan.baker@gmail.com,3723557041,Sydney,New South Wales,Australia,Silver,2022-03-30,Inactive
CUST001974,Kristie,Bailey,Female,1999-07-06,kristie.bailey@yahoo.com,1377758337,Chennai,Tamil Nadu,India,Silver,2025-11-20,Inactive
CUST001975,Christopher,Terry,Male,1956-08-15,christopher.terry@gmail.com,6638280587,Sydney,New South Wales,Australia,Silver,2021-09-01,Active
CUST001976,Adrienne,Webster,Female,1964-08-30,adrienne.webster@yahoo.com,3563289103,New York,New York,United States,Silver,2021-12-13,Inactive
CUST001977,Daniel,Schneider,Male,1973-06-21,daniel.schneider@yahoo.com,8838061796,London,England,United Kingdom,Gold,2026-04-17,Inactive
CUST001978,Kristen,Lee,Male,1967-07-19,kristen.lee@yahoo.com,0977587939,New York,New York,United States,Silver,2022-12-10,Inactive
CUST001979,Randy,Jordan,Male,1969-11-27,randy.jordan@hotmail.com,1463753528,Hyderabad,Telangana,India,Gold,2026-05-10,Active
CUST001980,Amanda,Adams,Female,1993-02-13,,8171417784,Delhi,Delhi,India,Silver,2022-11-13,Active
CUST001981,Kimberly,Davis,Female,1969-03-17,kimberly.davis@yahoo.com,8087080454,Chennai,Tamil Nadu,India,Diamond,2023-08-24,Inactive
CUST001982,Valerie,Acosta,Male,1961-08-01,valerie.acosta@hotmail.com,5563510815, New York,New York,United States,Platinum,2023-09-16,Inactive
CUST001983,Leah,Baxter,Male,1977-08-09,leah.baxter@gmail.com,5650452834,Delhi,Delhi,India,Silver,2023-11-06,Active
CUST001984,Emily,Manning,Female,1956-06-24,emily.manning@yahoo.com,8106639042,Singapore,Singapore,Singapore,Gold,2023-04-26,Active
CUST001985,Sharon,Garcia,Male,2007-06-03,sharon.garcia@gmail.com,0027389840,Chennai,Tamil Nadu,India,Gold,2022-01-20,Active
CUST001986,Jeffrey,Evans,Male,1956-10-25,jeffrey.evans@yahoo.com,,Mumbai,Maharashtra,India,Diamond,2025-09-16,Inactive
CUST001987,Kelly,Wilson,Female,1979-05-03,kelly.wilson@gmail.com,6309226424,Hyderabad,Telangana,India,Platinum,2025-12-20,Active
CUST001988,Denise,Francis,Male,2004-01-10,denise.francis@outlook.com,3839017963,Hyderabad,Telangana,India,Gold,2023-02-19,Active
CUST001989,Maria,Keller,Male,1977-05-06,maria.keller@outlook.com,6243165640,Dubai,Dubai,UAE,Diamond,2023-07-27,Active
CUST001990,Karen,Gibson,Female,1983-08-20,karen.gibson@yahoo.com,8391983332,Hyderabad,Telangana,India,Platinum,2026-05-08,Active
CUST001991,Ruben,Gomez,Female,1994-07-29,ruben.gomez@outlook.com,1213156587,Hyderabad,Telangana,India,Silver,2025-12-11,Active
CUST001992,Christopher,Bowen,Female,1964-07-21,christopher.bowen@gmail.com,8621013770,Dubai,Dubai,UAE,Gold,2021-11-26,Active
CUST001993,Julie,Anderson,Female,1976-03-31,julie.anderson@gmail.com,1243530359,Bengaluru,Karnataka,India,Platinum,2025-07-16,Inactive
CUST001994,Mitchell,Black,Male,1993-05-10,mitchell.black@hotmail.com,9463136656,Chennai,Tamil Nadu,India,Diamond,2022-02-28,Inactive
CUST001995,Jason,Miller,Male,1970-04-16,jason.miller@yahoo.com,8178728611,Bengaluru,Karnataka,India,Diamond,2021-11-01,Inactive
CUST001996,Joanna,Montgomery,Female,1957-01-26,joanna.montgomery@hotmail.com,0717533459,Hyderabad,Telangana,India,Platinum,2025-12-07,Active
CUST001997,Colton,Love,Female,1986-05-01,colton.love@gmail.com,8330968274,Sydney,New South Wales,Australia,Silver,2022-07-14,Inactive
CUST001998,Larry,Reed,Male,1959-07-12,,2303150998,Hyderabad,Telangana,India,Platinum,2024-11-01,Inactive
CUST001999,Rachel,Bowman,Female,1956-12-01,rachel.bowman@yahoo.com,2491538144,Bengaluru,Karnataka,India,Silver,2024-08-21,Active
CUST002000,Emily,Franklin,Male,1995-12-25,emily.franklin@gmail.com,7509376980,Singapore,Singapore,Singapore,Diamond,2024-04-20,Inactive
CUST002001,Nicholas,Anderson,Female,1957-04-18,nicholas.anderson@hotmail.com,2827410010,Sydney,New South Wales,Australia,Silver,2023-04-28,Inactive
CUST002002,Carlos,Carroll,Male,1997-06-16,carlos.carroll@yahoo.com,9515830443,London,England,United Kingdom,Gold,2024-12-29,Active
CUST002003,Tommy,Moreno,Male,1957-05-06,tommy.moreno@gmail.com,2463089279,Chennai,Tamil Nadu,India,Diamond,2024-05-31,Inactive
CUST002004,Vincent,Price,Female,1964-04-13,vincent.price@yahoo.com,5184823127,Sydney,New South Wales,Australia,Diamond,2021-09-13,Inactive
CUST002005,Robert,Foster,Female,1996-09-18,robert.foster@hotmail.com,1486525521,New York,New York,United States,Silver,2025-07-06,Inactive
CUST002006,Jacqueline,Dickerson,Female,1959-06-21,jacqueline.dickerson@yahoo.com,9731941534,Sydney,New South Wales,Australia,Diamond,2022-06-11,Inactive
CUST002007,Todd,Berry,Male,1983-09-14,todd.berry@yahoo.com,2965723967,Sydney,New South Wales,Australia,Platinum,2021-11-13,Inactive
CUST002008,Dawn,Mata,Female,1962-12-15,dawn.mata@hotmail.com,8878046301,London,England,United Kingdom,Diamond,2025-01-17,Inactive
CUST002009,Alexa,Sanchez,Male,2003-02-22,alexa.sanchez@hotmail.com,2940649050,Bengaluru,Karnataka,India,Diamond,2023-06-06,Inactive
CUST002010,Jennifer,Brooks,Male,2007-11-04,jennifer.brooks@yahoo.com,9577553422,Chennai,Tamil Nadu,India,Diamond,2022-11-25,Active
CUST002011,Michael,Rodriguez,Male,1994-08-01,michael.rodriguez@gmail.com,6892252858,Sydney,New South Wales,Australia,Silver,2025-01-10,Active
CUST002012,Paul,Hill,Female,1989-03-04,paul.hill@outlook.com,9587380672,Mumbai,Maharashtra,India,Silver,2023-02-10,Inactive
CUST002013,Helen,Dennis,Female,1995-06-08,helen.dennis@hotmail.com,4845919499,Mumbai,Maharashtra,India,Platinum,2023-02-27,Inactive
CUST002014,Tiffany,Wong,Female,1989-08-12,tiffany.wong@outlook.com,2090216408,Mumbai,Maharashtra,India,Platinum,2022-11-03,Inactive
CUST002015,Kimberly,Wall,Male,2007-08-23,kimberly.wall@yahoo.com,4168767223,Bengaluru,Karnataka,India,Gold,2021-08-21,Active
CUST002016,Brian,Booth,Female,1971-12-23,brian.booth@hotmail.com,2816228736,Dubai,Dubai,UAE,Platinum,2024-11-01,Inactive
CUST002017,Brooke,Gross,Male,1975-10-11,brooke.gross@outlook.com,2751606423,Mumbai,Maharashtra,India,Silver,2025-01-26,Inactive
CUST002018,Melanie,Jimenez,Female,1956-10-30,,3384667287,Bengaluru,Karnataka,India,Diamond,2021-10-26,Active
CUST002019,Ricky,Parrish,Male,1994-07-31,ricky.parrish@gmail.com,,Dubai,Dubai,UAE,Diamond,2023-11-11,Active
CUST002020,Jessica,Gilbert,Female,1957-06-05,jessica.gilbert@hotmail.com,7725469146,Singapore,Singapore,Singapore,Gold,2026-04-05,Active
CUST002021,Julia,Lowe,Female,1972-05-05,,5349655323,Dubai,Dubai,UAE,Diamond,2026-04-24,Active
CUST002022,Lindsay,Rodriguez,Male,1994-01-16,lindsay.rodriguez@hotmail.com,8184917981,London,England,United Kingdom,Platinum,2022-04-10,Active
CUST002023,Alan,Li,Male,2002-07-17,alan.li@outlook.com,5457052441,Hyderabad,Telangana,India,Gold,2026-03-23,Active
CUST002024,Suzanne,Bell,Female,1963-12-05,suzanne.bell@hotmail.com,8132784967,Chennai,Tamil Nadu,India,Platinum,2022-07-14,Inactive
CUST002025,Donald,Blair,Female,1986-08-28,donald.blair@gmail.com,4535649242,Dubai,Dubai,UAE,Diamond,2023-04-29,Inactive
CUST002026,Richard,Malone,Male,1986-01-21,richard.malone@outlook.com,7274603462,Hyderabad,Telangana,India,Platinum,2022-02-17,Active
CUST002027,Susan,Webb,Male,1975-07-25,susan.webb@outlook.com,0457273931,Hyderabad,Telangana,India,Silver,2023-03-27,Active
CUST002028,Amanda,Tate,Female,1997-09-13,amanda.tate@hotmail.com,0297793574,Singapore,Singapore,Singapore,Platinum,2022-05-30,Inactive
CUST002029,Andrea,Johnson,Male,1955-10-04,andrea.johnson@gmail.com,,Sydney,New South Wales,Australia,Diamond,2025-04-15,Inactive
CUST002030,Cody,Wagner,Male,1955-09-27,cody.wagner@hotmail.com,9980789595,Bengaluru,Karnataka,India,Diamond,2025-07-10,Inactive
CUST002031,Craig,Norton,Female,1972-03-27,craig.norton@outlook.com,2943675823,London,England,United Kingdom,Silver,2025-12-25,Active
CUST002032,Steven,Phillips,Female,1994-10-14,steven.phillips@gmail.com,6318663390,Chennai,Tamil Nadu,India,Diamond,2023-06-06,Active
CUST002033,Evelyn,Garcia,Male,1993-05-06,evelyn.garcia@outlook.com,5727263391,Singapore,Singapore,Singapore,Gold,2021-12-03,Inactive
CUST002034,Kevin,Casey,Female,1996-10-06,kevin.casey@outlook.com,,Chennai,Tamil Nadu,India,Silver,2026-05-10,Inactive
CUST002035,Donald,Weaver,Female,1971-05-07,donald.weaver@yahoo.com,1320293510,Bengaluru,Karnataka,India,Gold,2025-06-30,Inactive
CUST002036,Anne,Armstrong,Female,1970-03-29,anne.armstrong@outlook.com,5444246649,Bengaluru,Karnataka,India,Diamond,2025-10-13,Active
CUST002037,Timothy,Fuentes,Female,2001-09-13,timothy.fuentes@outlook.com,4882588907,Mumbai,Maharashtra,India,Diamond,2024-08-08,Active
CUST002038,Hannah,Wiggins,Female,1969-12-04,hannah.wiggins@outlook.com,1773151837,Hyderabad,Telangana,India,Gold,2022-07-11,Active
CUST002039,Bryan,Montgomery,Female,1971-07-10,bryan.montgomery@gmail.com,3437663214,Singapore,Singapore,Singapore,Platinum,2022-11-08,Active
CUST002040,Martin,Reyes,Female,1979-12-25,martin.reyes@yahoo.com,9698866031,London,England,United Kingdom,Diamond,2024-05-06,Active
CUST002041,David,Collins,Female,1970-08-09,david.collins@yahoo.com,4693441031,Delhi,Delhi,India,Platinum,2024-07-02,Inactive
CUST002042,Nicholas,Garcia,Male,1955-12-16,nicholas.garcia@outlook.com,,Mumbai ,Maharashtra,India,Diamond,2022-09-28,Active
CUST002043,Kelly,Jones,Male,1970-12-11,kelly.jones@yahoo.com,8737912451,London,England,United Kingdom,Silver,2023-09-06,Active
CUST002044,Cody,Rubio,Female,1959-06-11,cody.rubio@gmail.com,9924022565,Hyderabad,Telangana,India,Diamond,2023-06-06,Active
CUST002045,Trevor,Matthews,Male,1955-10-18,trevor.matthews@yahoo.com,1276537307,London,England,United Kingdom,Silver,2025-03-27,Inactive
CUST002046,Anthony,Nielsen,Male,1966-11-07,anthony.nielsen@yahoo.com,6016053398,Chennai,Tamil Nadu,India,Silver,2025-08-28,Active
CUST002047,Juan,Johnson,Male,1960-06-06,juan.johnson@outlook.com,3072351817,Dubai,Dubai,UAE,Silver,2023-03-12,Active
CUST002048,Brent,Lee,Female,1978-05-11,brent.lee@yahoo.com,2895986392,New York,New York,United States,Gold,2021-11-30,Active
CUST002049,Christopher,Campbell,Male,1995-09-12,christopher.campbell@yahoo.com,9589190190,Hyderabad,Telangana,India,Silver,2026-03-22,Inactive
CUST002050,Dana,Cannon,Female,1966-01-25,dana.cannon@outlook.com,6546399041,Chennai,Tamil Nadu,India,Platinum,2024-08-03,Active
CUST002051,Anthony,Huffman,Female,1994-06-18,anthony.huffman@outlook.com,9685723692,Singapore,Singapore,Singapore,Platinum,2021-11-01,Active
CUST002052,Keith,Mendoza,Male,1972-02-19,keith.mendoza@hotmail.com,1613420819,Bengaluru,Karnataka,India,Silver,2025-07-10,Active
CUST002053,Paul,Peters,Male,1962-05-09,paul.peters@yahoo.com,7359256676,Chennai,Tamil Nadu,India,Diamond,2024-11-15,Active
CUST002054,Donna,Obrien,Male,1961-10-10,donna.obrien@yahoo.com,9425683264,Chennai ,Tamil Nadu,India,Diamond,2022-05-03,Active
CUST002055,Rhonda,Sellers,Male,1963-07-24,rhonda.sellers@hotmail.com,1795156142,Singapore,Singapore,Singapore,Diamond,2021-11-27,Inactive
CUST002056,Daniel,Mullen,Female,1992-05-27,daniel.mullen@hotmail.com,1973632432,Chennai,Tamil Nadu,India,Diamond,2024-06-24,Active
CUST002057,John,Davis,Female,1978-03-09,john.davis@hotmail.com,4530808425,Mumbai,Maharashtra,India,Silver,2025-03-15,Active
CUST002058,Jessica,Jackson,Male,1976-08-18,jessica.jackson@outlook.com,,NEW YORK,New York,United States,Gold,2023-07-02,Active
CUST002059,Austin,Wolf,Male,1986-05-12,austin.wolf@outlook.com,7524896819,New York,New York,United States,Gold,2025-05-13,Active
CUST002060,Nicole,Jacobs,Female,1994-06-28,nicole.jacobs@outlook.com,8399928155,Mumbai,Maharashtra,India,Gold,2025-04-26,Inactive
CUST002061,Justin,Pham,Male,1992-04-16,justin.pham@yahoo.com,5459859399,Singapore,Singapore,Singapore,Diamond,2021-10-17,Inactive
CUST002062,Stephanie,Keith,Female,1979-05-12,stephanie.keith@hotmail.com,2275928322,Hyderabad,Telangana,India,Silver,2026-04-27,Inactive
CUST002063,Jonathan,Davis,Female,1978-03-02,jonathan.davis@gmail.com,3592671711,Singapore,Singapore,Singapore,Silver,2026-07-04,Active
CUST002064,Timothy,Garcia,Female,1958-03-28,timothy.garcia@outlook.com,0538092007,Hyderabad,Telangana,India,Diamond,2022-07-30,Active
CUST002065,Lorraine,Smith,Male,1972-05-01,lorraine.smith@outlook.com,7300348272,DUBAI,Dubai,UAE,Diamond,2021-12-09,Inactive
CUST002066,Karen,Davis,Male,1984-07-05,karen.davis@yahoo.com,5269388298,Sydney,New South Wales,Australia,Platinum,2024-03-01,Inactive
CUST002067,Steve,Aguilar,Female,2004-10-31,steve.aguilar@yahoo.com,0502793368,Singapore,Singapore,Singapore,Gold,2022-01-18,Inactive
CUST002068,Deborah,Williams,Male,1982-03-13,deborah.williams@hotmail.com,8467890163,Singapore,Singapore,Singapore,Diamond,2022-07-24,Inactive
CUST002069,Richard,Boyle,Male,1967-12-15,richard.boyle@gmail.com,4502689376,New York,New York,United States,Gold,2026-01-30,Active
CUST002070,Brandon,Ellis,Male,1984-01-13,brandon.ellis@yahoo.com,4905345874,Bengaluru,Karnataka,India,Diamond,2024-11-27,Inactive
CUST002071,Daniel,Burnett,Male,1982-12-06,daniel.burnett@outlook.com,4610409573,CHENNAI,Tamil Nadu,India,Diamond,2022-03-12,Inactive
CUST002072,Tiffany,Howard,Female,2001-11-25,tiffany.howard@gmail.com,4230242008,New York,New York,United States,Platinum,2022-10-11,Inactive
CUST002073,Kathy,Pittman,Male,1991-02-13,kathy.pittman@gmail.com,3435957856,Bengaluru,Karnataka,India,Platinum,2023-10-18,Active
CUST002074,Ryan,Robles,Male,1977-01-28,ryan.robles@outlook.com,6033652386,Dubai,Dubai,UAE,Gold,2023-11-26,Inactive
CUST002075,Jason,Myers,Male,1962-06-09,jason.myers@outlook.com,4801028513,Sydney,New South Wales,Australia,Diamond,2023-12-31,Inactive
CUST002076,Gwendolyn,Wilson,Male,1968-12-13,gwendolyn.wilson@outlook.com,5270021180, Sydney,New South Wales,Australia,Platinum,2022-06-23,Inactive
CUST002077,Kayla,Jordan,Female,1990-10-06,kayla.jordan@yahoo.com,9813727501,London,England,United Kingdom,Diamond,2023-09-13,Active
CUST002078,Ethan,Brown,Female,1959-02-23,ethan.brown@hotmail.com,3112219004,Bengaluru,Karnataka,India,Platinum,2026-03-02,Active
CUST002079,Jennifer,King,Male,1966-04-24,jennifer.king@hotmail.com,2216652867,Singapore,Singapore,Singapore,Platinum,2025-07-26,Active
CUST002080,Rebecca,Ruiz,Male,1994-08-31,rebecca.ruiz@gmail.com,6029935488,Delhi,Delhi,India,Gold,2025-12-10,Inactive
CUST002081,Erica,Lopez,Female,1975-07-27,erica.lopez@hotmail.com,5751734625,Sydney,New South Wales,Australia,Silver,2022-07-18,Active
CUST002082,Charlotte,Hodge,Male,1960-06-01,charlotte.hodge@gmail.com,8976773229,Chennai,Tamil Nadu,India,Silver,2022-09-12,Inactive
CUST002083,Rodney,Holland,Male,1968-08-02,rodney.holland@hotmail.com,1937173141,London,England,United Kingdom,Silver,2022-10-04,Active
CUST002084,Christopher,Wallace,Male,1982-09-11,christopher.wallace@yahoo.com,5340888171,Chennai,Tamil Nadu,India,Gold,2025-05-21,Inactive
CUST002085,Andrew,Howard,Male,1993-11-19,andrew.howard@hotmail.com,0623446994,London,England,United Kingdom,Silver,2025-06-12,Active
CUST002086,Kenneth,Gutierrez,Male,1982-10-06,kenneth.gutierrez@hotmail.com,3645831764,Sydney,New South Wales,Australia,Silver,2021-08-30,Active
CUST002087,Scott,Wilson,Male,1994-07-10,scott.wilson@yahoo.com,7046216379,Mumbai,Maharashtra,India,Gold,2026-01-05,Inactive
CUST002088,Catherine,Vargas,Female,1960-02-25,catherine.vargas@yahoo.com,4070748960, London,England,United Kingdom,Diamond,2022-04-24,Inactive
CUST002089,Pamela,Fritz,Female,1974-04-11,pamela.fritz@hotmail.com,0351372205,Bengaluru,Karnataka,India,Gold,2024-03-02,Active
CUST002090,Michael,Long,Male,1977-11-26,michael.long@gmail.com,8052113752,Hyderabad,Telangana,India,Diamond,2025-01-20,Inactive
CUST002091,Sarah,Brown,Male,2002-05-17,sarah.brown@outlook.com,8207947380,Mumbai,Maharashtra,India,Gold,2024-12-07,Inactive
CUST002092,Candice,Drake,Male,2004-06-03,candice.drake@outlook.com,6545020983,Hyderabad ,Telangana,India,Silver,2024-11-19,Inactive
CUST002093,Joseph,Larsen,Female,1992-08-23,joseph.larsen@outlook.com,3632997676,Bengaluru,Karnataka,India,Silver,2026-05-11,Inactive
CUST002094,Alicia,Rubio,Male,1983-09-03,alicia.rubio@outlook.com,2927469132,Sydney,New South Wales,Australia,Platinum,2022-04-19,Active
CUST002095,Tammy,Whitney,Female,1994-05-03,tammy.whitney@gmail.com,4858461647,Bengaluru,Karnataka,India,Silver,2022-01-09,Active
CUST002096,Robert,Ballard,Female,1967-11-19,robert.ballard@hotmail.com,0642359581,Dubai,Dubai,UAE,Gold,2024-11-05,Active
CUST002097,Willie,Brown,Female,1995-11-26,willie.brown@yahoo.com,0788517326,Mumbai,Maharashtra,India,Silver,2022-05-20,Inactive
CUST002098,Angelica,Acosta,Male,1997-10-05,angelica.acosta@outlook.com,5342096102,Bengaluru,Karnataka,India,Silver,2023-05-06,Inactive
CUST002099,Stacy,Gross,Male,2003-01-19,stacy.gross@hotmail.com,3590085798,Hyderabad,Telangana,India,Platinum,2022-02-22,Active
CUST002100,Gary,Stewart,Male,1963-07-17,gary.stewart@gmail.com,9807313233,Mumbai,Maharashtra,India,Silver,2021-09-10,Active
CUST002101,Kathryn,Espinoza,Male,1992-09-18,kathryn.espinoza@hotmail.com,5179289262,Delhi,Delhi,India,Platinum,2021-11-10,Inactive
CUST002102,Tracey,Lopez,Male,1966-10-30,tracey.lopez@yahoo.com,5891218150,Sydney,New South Wales,Australia,Silver,2024-10-12,Inactive
CUST002103,Alexander,Murray,Male,1979-03-10,alexander.murray@yahoo.com,3443578681,New York,New York,United States,Diamond,2022-12-26,Active
CUST002104,Amanda,Glenn,Male,1980-12-06,amanda.glenn@gmail.com,7129995805,Chennai,Tamil Nadu,India,Silver,2022-09-28,Active
CUST002105,Gregory,Durham,Male,1991-12-06,gregory.durham@gmail.com,8580976521,New York,New York,United States,Silver,2021-11-29,Inactive
CUST002106,Michael,Johnson,Female,2000-01-31,abc@,8837456525,London,England,United Kingdom,Gold,2026-02-24,Inactive
CUST002107,Victoria,Hammond,Male,1963-09-05,victoria.hammond@hotmail.com,2856206041,Dubai,Dubai,UAE,Gold,2022-01-01,Inactive
CUST002108,Cynthia,Weber,Male,1960-05-19,cynthia.weber@outlook.com,9747447727,New York,New York,United States,Silver,2025-02-07,Inactive
CUST002109,Amanda,Davis,Female,1973-04-05,amanda.davis@yahoo.com,7907409782,London,England,United Kingdom,Silver,2023-09-28,Active
CUST002110,Alexis,Spencer,Female,1992-06-10,alexis.spencer@hotmail.com,8814329211,Mumbai,Maharashtra,India,Silver,2025-05-16,Inactive
CUST002111,Marc,Smith,Male,1975-12-29,marc.smith@hotmail.com,1451579461, Delhi,Delhi,India,Silver,2025-02-05,Inactive
CUST002112,Jesse,Hall,Female,1988-03-17,jesse.hall@outlook.com,0411249065,Chennai,Tamil Nadu,India,Diamond,2023-02-04,Inactive
CUST002113,Jared,Pena,Male,1957-03-29,jared.pena@hotmail.com,2977856989,Bengaluru,Karnataka,India,Diamond,2025-07-29,Active
CUST002114,Susan,Torres,Female,1980-09-08,susan.torres@hotmail.com,6024367779,Sydney,New South Wales,Australia,Silver,2023-03-07,Active
CUST002115,Cindy,Cole,Female,2007-08-10,cindy.cole@outlook.com,0381857255,Singapore,Singapore,Singapore,Gold,2024-11-24,Inactive
CUST002116,Tina,Patel,Female,1961-01-31,tina.patel@gmail.com,4905122080,SINGAPORE,Singapore,Singapore,Gold,2026-06-19,Inactive
CUST002117,Melanie,Weber,Male,1960-02-12,melanie.weber@gmail.com,7131110012, Sydney,New South Wales,Australia,Gold,2024-12-31,Active
CUST002118,Christopher,Jones,Male,1979-09-07,christopher.jones@gmail.com,0770150162,New York,New York,United States,Diamond,2025-10-20,Inactive
CUST002119,Gina,Chan,Female,1973-09-27,gina.chan@hotmail.com,8758336016,Dubai,Dubai,UAE,Gold,2023-01-29,Inactive
CUST002120,Jenny,Lucas,Female,1967-09-07,jenny.lucas@gmail.com,9143508343,Chennai,Tamil Nadu,India,Platinum,2025-02-28,Inactive
CUST002121,Susan,Gilbert,Female,2005-11-20,susan.gilbert@outlook.com,7203432751,Dubai,Dubai,UAE,Silver,2022-08-17,Active
CUST002122,Jason,Smith,Female,1992-07-11,jason.smith@gmail.com,9289815902,London,England,United Kingdom,Gold,2023-12-13,Inactive
CUST002123,Brian,Ruiz,Male,2006-09-30,brian.ruiz@yahoo.com,9593875932,Mumbai,Maharashtra,India,Platinum,2025-03-21,Inactive
CUST002124,Sabrina,Jordan,Male,1986-05-25,sabrina.jordan@yahoo.com,0019494175,Chennai,Tamil Nadu,India,Platinum,2022-07-01,Inactive
CUST002125,Jacqueline,Hall,Female,1993-08-06,,7248987626,Sydney,New South Wales,Australia,Silver,2024-05-23,Active
CUST002126,Jonathan,Medina,Female,1987-12-18,jonathan.medina@gmail.com,5143279562,Dubai,Dubai,UAE,Diamond,2021-08-16,Inactive
CUST002127,Emily,Taylor,Male,1971-10-25,emily.taylor@gmail.com,3095860763,Bengaluru,Karnataka,India,Silver,2024-08-26,Active
CUST002128,Jacob,Knox,Female,2008-04-19,jacob.knox@yahoo.com,6738397486,Hyderabad,Telangana,India,Gold,2024-10-02,Inactive
CUST002129,Eric,Rogers,Female,2006-01-14,eric.rogers@outlook.com,8596100189,Delhi,Delhi,India,Silver,2024-10-16,Inactive
CUST002130,Jennifer,Benjamin,Male,2004-07-10,jennifer.benjamin@hotmail.com,1718888953,Hyderabad,Telangana,India,Silver,2023-02-16,Inactive
CUST002131,Brandon,Page,Male,1999-05-16,brandon.page@gmail.com,4428361491,London,England,United Kingdom,Platinum,2022-12-11,Active
CUST002132,Christine,Brooks,Male,1969-11-08,abc@,8963844228,Bengaluru,Karnataka,India,Gold,2022-03-21,Inactive
CUST002133,Stephanie,Crawford,Male,1990-04-26,stephanie.crawford@outlook.com,6863132612,Dubai,Dubai,UAE,Gold,2024-03-23,Inactive
CUST002134,Jorge,Christensen,Male,1963-10-20,jorge.christensen@gmail.com,3995035813,Chennai,Tamil Nadu,India,Gold,2024-05-04,Active
CUST002135,Jessica,Mcneil,Female,1975-02-19,jessica.mcneil@gmail.com,6943555794,Delhi,Delhi,India,Platinum,2023-12-05,Inactive
CUST002136,Kelsey,Martin,Female,1968-06-02,kelsey.martin@hotmail.com,0028074595,Singapore,Singapore,Singapore,Gold,2026-01-10,Active
CUST002137,Scott,Maxwell,Female,1982-05-19,scott.maxwell@outlook.com,0305343237,New York,New York,United States,Silver,2025-02-03,Inactive
CUST002138,Donna,Gates,Male,1968-10-30,donna.gates@outlook.com,4047789424,Singapore,Singapore,Singapore,Platinum,2023-11-21,Active
CUST002139,Elizabeth,Smith,Male,1963-08-01,elizabeth.smith@gmail.com,5893107104,Sydney,New South Wales,Australia,Gold,2025-01-28,Inactive
CUST002140,George,Sims,Male,2005-05-23,george.sims@yahoo.com,9018141618,Dubai,Dubai,UAE,Gold,2023-02-10,Inactive
CUST002141,Roger,Villa,Female,1966-03-25,roger.villa@gmail.com,2588701141,Hyderabad,Telangana,India,Gold,2023-09-04,Active
CUST002142,Rodney,Davis,Female,1976-01-22,rodney.davis@hotmail.com,3172031116,Hyderabad,Telangana,India,Gold,2025-09-07,Inactive
CUST002143,Kevin,Hughes,Male,2004-05-25,kevin.hughes@outlook.com,0590767939,Singapore,Singapore,Singapore,Platinum,2022-04-01,Inactive
CUST002144,Austin,Haynes,Male,1964-12-10,austin.haynes@hotmail.com,8441043904,Singapore,Singapore,Singapore,Gold,2026-06-28,Inactive
CUST002145,Joshua,Miller,Male,1995-01-16,joshua.miller@yahoo.com,2522959577,Singapore,Singapore,Singapore,Platinum,2024-02-25,Inactive
CUST002146,Laurie,Smith,Female,2004-05-16,laurie.smith@outlook.com,4497612068,Singapore,Singapore,Singapore,Gold,2023-11-06,Inactive
CUST002147,Randy,James,Male,1983-02-22,randy.james@yahoo.com,1310232429,Bengaluru,Karnataka,India,Platinum,2021-10-11,Inactive
CUST002148,Kenneth,Stone,Female,1997-06-09,kenneth.stone@outlook.com,7050588790,Dubai,Dubai,UAE,Diamond,2024-07-26,Inactive
CUST002149,Latasha,Miller,Male,1991-03-19,latasha.miller@gmail.com,5407972634,Hyderabad,Telangana,India,Diamond,2025-06-27,Inactive
CUST002150,Alec,Martin,Female,1994-02-27,alec.martin@gmail.com,3146197854,London,England,United Kingdom,Platinum,2026-05-16,Inactive
CUST002151,Kimberly,Duncan,Male,1985-07-07,kimberly.duncan@gmail.com,0926234108,New York,New York,United States,Silver,2021-09-29,Active
CUST002152,Bradley,Payne,Male,1958-02-05,bradley.payne@hotmail.com,5809961489,London,England,United Kingdom,Diamond,2021-08-10,Active
CUST002153,Kenneth,Schneider,Male,1975-06-24,kenneth.schneider@gmail.com,8805804960,Sydney,New South Wales,Australia,Platinum,2022-01-16,Active
CUST002154,Jason,Sanchez,Male,1964-07-30,jason.sanchez@hotmail.com,9881049682,Chennai,Tamil Nadu,India,Platinum,2022-04-10,Active
CUST002155,Stephanie,Smith,Female,1997-09-05,stephanie.smith@outlook.com,7425746620,Hyderabad,Telangana,India,Platinum,2023-01-07,Inactive
CUST002156,Jose,Nelson,Male,1965-11-27,jose.nelson@outlook.com,2082065080,Dubai,Dubai,UAE,Platinum,2023-03-17,Inactive
CUST002157,Jessica,Hill,Female,1964-01-14,jessica.hill@gmail.com,8739984521,Bengaluru,Karnataka,India,Platinum,2026-07-04,Active
CUST002158,Jonathan,Chase,Male,1975-05-09,jonathan.chase@outlook.com,8957794436,Hyderabad,Telangana,India,Gold,2025-12-18,Inactive
CUST002159,Robert,Lopez,Male,1971-08-29,robert.lopez@gmail.com,7226426669, Mumbai,Maharashtra,India,Platinum,2022-10-16,Active
CUST002160,Timothy,Yates,Male,1986-09-23,timothy.yates@gmail.com,0453938695,London,England,United Kingdom,Gold,2025-03-28,Active
CUST002161,Diane,Chang,Female,2008-01-11,diane.chang@outlook.com,2717029095,New York,New York,United States,Silver,2025-06-26,Active
CUST002162,Colleen,Estrada,Female,1968-01-31,colleen.estrada@outlook.com,7466004037,Delhi,Delhi,India,Silver,2023-07-26,Inactive
CUST002163,Ivan,Rogers,Female,1958-06-02,ivan.rogers@hotmail.com,0232768704,New York,New York,United States,Platinum,2025-07-06,Active
CUST002164,Debra,Wong,Female,1971-11-02,debra.wong@outlook.com,4243581109,Sydney,New South Wales,Australia,Silver,2021-08-09,Active
CUST002165,Leslie,Burnett,Male,1974-11-07,leslie.burnett@outlook.com,3507066646,Mumbai,Maharashtra,India,Platinum,2025-08-11,Active
CUST002166,Misty,Evans,Female,1977-08-14,misty.evans@outlook.com,7708617136,New York,New York,United States,Diamond,2023-05-10,Inactive
CUST002167,Michelle,Cooper,Female,1988-06-17,michelle.cooper@gmail.com,7605061167,Bengaluru,Karnataka,India,Diamond,2024-02-26,Active
CUST002168,Lisa,Johnson,Male,2005-09-13,john@gmail,9076170138,London,England,United Kingdom,Silver,2023-05-17,Inactive
CUST002169,Cynthia,Herrera,Male,1984-08-19,cynthia.herrera@outlook.com,7937193517,Sydney,New South Wales,Australia,Diamond,2023-08-02,Active
CUST002170,Justin,Newman,Male,1996-05-07,justin.newman@hotmail.com,2526716922,Delhi,Delhi,India,Silver,2025-03-28,Active
CUST002171,Mary,Lamb,Male,1970-03-05,mary.lamb@yahoo.com,0581197463,Delhi,Delhi,India,Gold,2022-09-27,Inactive
CUST002172,David,Hall,Male,1965-12-24,david.hall@gmail.com,9826588029,Mumbai,Maharashtra,India,Diamond,2026-04-08,Inactive
CUST002173,Kevin,Benson,Male,2007-07-04,kevin.benson@yahoo.com,0832293189,Bengaluru,Karnataka,India,Silver,2026-01-05,Active
CUST002174,Christopher,Marshall,Female,1960-08-25,christopher.marshall@gmail.com,8430710249,Chennai ,Tamil Nadu,India,Gold,2024-06-10,Inactive
CUST002175,Clarence,Hill,Female,1988-11-05,clarence.hill@gmail.com,0410396545,Bengaluru,Karnataka,India,Diamond,2022-12-24,Inactive
CUST002176,Erica,Hoffman,Male,1957-11-10,erica.hoffman@outlook.com,9646927979,Hyderabad,Telangana,India,Platinum,2025-01-27,Active
CUST002177,Suzanne,Nguyen,Male,1964-04-20,suzanne.nguyen@hotmail.com,2032026689,Delhi,Delhi,India,Platinum,2023-09-20,Active
CUST002178,Juan,Carter,Female,1979-10-29,juan.carter@outlook.com,8722171025,Mumbai,Maharashtra,India,Silver,2024-01-24,Active
CUST002179,Paula,Malone,Male,2006-03-02,paula.malone@outlook.com,0099786476,Delhi,Delhi,India,Diamond,2021-10-14,Active
CUST002180,John,Smith,Female,1979-12-09,john.smith@outlook.com,3284622450, Singapore,Singapore,Singapore,Diamond,2025-08-03,Active
CUST002181,Tanya,Campbell,Male,1974-09-18,tanya.campbell@outlook.com,4720256740,Singapore,Singapore,Singapore,Silver,2025-01-02,Active
CUST002182,Rick,Myers,Female,1970-06-04,rick.myers@hotmail.com,1947647407,London,England,United Kingdom,Diamond,2022-05-24,Inactive
CUST002183,Cheryl,Dunn,Male,1994-05-22,cheryl.dunn@outlook.com,8067024438,Singapore,Singapore,Singapore,Platinum,2026-02-01,Active
CUST002184,Jodi,Morris,Female,1978-12-08,jodi.morris@yahoo.com,8913295042,Singapore,Singapore,Singapore,Platinum,2023-05-02,Active
CUST002185,Brian,Smith,Male,1998-06-02,brian.smith@yahoo.com,2891667227,Hyderabad,Telangana,India,Platinum,2024-05-28,Inactive
CUST002186,Kathleen,Rivera,Male,1956-01-31,kathleen.rivera@yahoo.com,5708959832,Delhi,Delhi,India,Diamond,2025-09-15,Active
CUST002187,Courtney,Nguyen,Female,1991-01-19,courtney.nguyen@gmail.com,5131898699,Dubai,Dubai,UAE,Platinum,2023-03-07,Active
CUST002188,Stephanie,Doyle,Female,1987-11-18,stephanie.doyle@yahoo.com,5325183935,Delhi,Delhi,India,Silver,2022-03-26,Active
CUST002189,Kevin,Ford,Female,1956-10-04,kevin.ford@outlook.com,6420219742,Sydney,New South Wales,Australia,Silver,2025-06-07,Inactive
CUST002190,Elizabeth,Coleman,Female,1980-02-03,elizabeth.coleman@gmail.com,4843502629,Mumbai,Maharashtra,India,Silver,2025-01-26,Inactive
CUST002191,Lorraine,Kemp,Female,1971-08-24,lorraine.kemp@gmail.com,4686792095,Sydney,New South Wales,Australia,Diamond,2024-10-24,Inactive
CUST002192,Kathryn,Lambert,Male,1982-02-17,kathryn.lambert@outlook.com,5300186015,Hyderabad,Telangana,India,Gold,2024-06-15,Active
CUST002193,Kelsey,Burns,Male,1960-05-30,kelsey.burns@outlook.com,3052253433,Hyderabad,Telangana,India,Platinum,2025-02-20,Inactive
CUST002194,Emily,Gomez,Male,1971-10-17,emily.gomez@gmail.com,9427356570,Sydney,New South Wales,Australia,Gold,2024-02-20,Inactive
CUST002195,Shane,Meza,Female,2003-05-09,shane.meza@yahoo.com,1041661512,Chennai,Tamil Nadu,India,Gold,2024-05-31,Active
CUST002196,Patrick,Simpson,Female,1988-01-24,patrick.simpson@hotmail.com,5344469067,Hyderabad,Telangana,India,Platinum,2022-02-23,Active
CUST002197,Brian,Moss,Male,1979-08-02,brian.moss@gmail.com,4962155900,Dubai,Dubai,UAE,Silver,2024-06-04,Inactive
CUST002198,Katie,King,Male,1985-09-23,katie.king@outlook.com,3110129177,Bengaluru,Karnataka,India,Gold,2024-02-07,Inactive
CUST002199,Alicia,Wilson,Female,1965-12-18,alicia.wilson@outlook.com,2785224895,Singapore,Singapore,Singapore,Platinum,2022-01-30,Inactive
CUST002200,Diane,Lam,Male,1989-01-08,diane.lam@yahoo.com,3071613237,Hyderabad,Telangana,India,Platinum,2025-12-09,Inactive
CUST002201,Sarah,Ortiz,Male,1985-01-11,sarah.ortiz@hotmail.com,1901610560,New York,New York,United States,Gold,2022-06-03,Inactive
CUST002202,Timothy,Vaughn,Female,1965-05-25,timothy.vaughn@gmail.com,5870139863,Dubai,Dubai,UAE,Gold,2022-05-04,Active
CUST002203,Stephen,Baker,Male,1987-02-27,stephen.baker@yahoo.com,4264069868, New York,New York,United States,Gold,2024-11-03,Inactive
CUST002204,Kelly,Wilson,Female,1980-04-13,kelly.wilson@gmail.com,6885261975,Delhi,Delhi,India,Silver,2022-02-17,Active
CUST002205,Stephanie,Mullins,Male,1988-09-25,,1205485637,Bengaluru,Karnataka,India,Silver,2023-10-12,Active
CUST002206,Anthony,Ramos,Male,1990-06-28,anthony.ramos@hotmail.com,0146249282,London,England,United Kingdom,Platinum,2022-12-09,Inactive
CUST002207,Paul,Turner,Female,1956-01-12,paul.turner@outlook.com,6973457696,Dubai,Dubai,UAE,Platinum,2021-10-15,Active
CUST002208,Joshua,Hernandez,Female,1958-05-23,joshua.hernandez@yahoo.com,1203256876,New York,New York,United States,Diamond,2023-12-28,Inactive
CUST002209,Joseph,Preston,Female,1971-03-05,joseph.preston@gmail.com,1200065203,Sydney,New South Wales,Australia,Platinum,2025-02-24,Active
CUST002210,Joshua,Ford,Female,1985-10-07,joshua.ford@yahoo.com,3769125291,Dubai,Dubai,UAE,Gold,2024-07-25,Active
CUST002211,Belinda,Hill,Female,1976-05-27,belinda.hill@yahoo.com,4347054992, Bengaluru,Karnataka,India,Diamond,2026-01-08,Active
CUST002212,Pamela,Coleman,Female,1993-06-13,pamela.coleman@hotmail.com,4130191864,Chennai,Tamil Nadu,India,Platinum,2026-04-29,Active
CUST002213,Nicholas,Maldonado,Male,1975-10-16,nicholas.maldonado@yahoo.com,1808817257,Bengaluru,Karnataka,India,Gold,2024-07-28,Inactive
CUST002214,Julie,Bray,Female,1966-03-07,julie.bray@hotmail.com,4816839261,Hyderabad,Telangana,India,Silver,2024-01-24,Active
CUST002215,Lisa,Mendoza,Female,1959-07-21,lisa.mendoza@hotmail.com,8567140483,Delhi,Delhi,India,Platinum,2023-09-10,Active
CUST002216,Jenna,Dorsey,Female,1961-04-19,jenna.dorsey@gmail.com,5593438181,Bengaluru,Karnataka,India,Diamond,2024-10-28,Inactive
CUST002217,Roy,Decker,Male,2007-02-13,roy.decker@gmail.com,6412624094,London,England,United Kingdom,Gold,2022-12-07,Inactive
CUST002218,Steven,Maynard,Female,1963-09-28,steven.maynard@outlook.com,3773486660,Bengaluru,Karnataka,India,Diamond,2023-06-12,Active
CUST002219,Heather,Hernandez,Male,1997-10-19,heather.hernandez@hotmail.com,9728001471,Bengaluru,Karnataka,India,Gold,2024-02-07,Inactive
CUST002220,William,Marshall,Male,1960-10-31,william.marshall@yahoo.com,8373675354,Sydney,New South Wales,Australia,Platinum,2022-07-21,Inactive
CUST002221,Melissa,Morales,Male,1969-08-23,melissa.morales@yahoo.com,4241014241,Delhi,Delhi,India,Gold,2024-03-25,Inactive
CUST002222,Thomas,Roach,Female,1991-11-11,thomas.roach@hotmail.com,4267653086,Hyderabad,Telangana,India,Diamond,2021-11-30,Active
CUST002223,Brent,Campbell,Female,1996-06-26,brent.campbell@outlook.com,6176455271,Dubai,Dubai,UAE,Platinum,2024-07-18,Active
CUST002224,Amy,Martinez,Female,1967-07-14,amy.martinez@gmail.com,9610226832,Sydney,New South Wales,Australia,Platinum,2023-04-09,Inactive
CUST002225,Nathan,Butler,Female,1981-04-15,nathan.butler@hotmail.com,7095514946,Mumbai,Maharashtra,India,Silver,2022-05-22,Active
CUST002226,Virginia,Jenkins,Female,1965-02-17,virginia.jenkins@gmail.com,8558906692,Hyderabad,Telangana,India,Platinum,2023-12-13,Inactive
CUST002227,Jacob,Foster,Female,1958-12-08,jacob.foster@gmail.com,1835111009,London,England,United Kingdom,Diamond,2022-06-23,Inactive
CUST002228,Amanda,Clark,Female,1973-03-13,amanda.clark@yahoo.com,8309269886,Mumbai,Maharashtra,India,Silver,2024-01-25,Inactive
CUST002229,Luis,Brown,Female,1966-01-19,luis.brown@gmail.com,0303888362, Dubai,Dubai,UAE,Gold,2024-01-10,Inactive
CUST002230,Christopher,Gross,Male,1994-12-13,christopher.gross@gmail.com,1046976677,Delhi,Delhi,India,Gold,2021-10-02,Active
CUST002231,Kevin,Ray,Male,1996-03-03,kevin.ray@hotmail.com,5557342959,Singapore,Singapore,Singapore,Silver,2025-11-09,Inactive
CUST002232,William,Larsen,Male,2004-12-12,william.larsen@outlook.com,7483183462,London,England,United Kingdom,Gold,2024-02-09,Inactive
CUST002233,Leslie,Walls,Male,2005-06-08,,4448457855,London,England,United Kingdom,Platinum,2024-06-11,Active
CUST002234,Jennifer,Molina,Female,1970-08-18,jennifer.molina@outlook.com,9713910403,London,England,United Kingdom,Diamond,2022-09-07,Inactive
CUST002235,Tony,Mckay,Male,1971-12-30,tony.mckay@gmail.com,2449931036,Sydney,New South Wales,Australia,Gold,2024-12-18,Inactive
CUST002236,Michael,Beltran,Male,1992-03-20,michael.beltran@yahoo.com,4456761819,Dubai,Dubai,UAE,Silver,2023-03-03,Active
CUST002237,Kari,Wagner,Male,1977-01-17,kari.wagner@outlook.com,3217771535,Singapore,Singapore,Singapore,Platinum,2025-01-17,Inactive
CUST002238,Tyler,Williams,Male,1962-05-20,tyler.williams@yahoo.com,2742767873,Sydney,New South Wales,Australia,Gold,2025-12-06,Active
CUST002239,Ryan,Guerrero,Male,1955-09-18,ryan.guerrero@gmail.com,2270031066,Sydney,New South Wales,Australia,Gold,2024-09-03,Active
CUST002240,Rebecca,Zavala,Female,1969-11-30,rebecca.zavala@gmail.com,0364791544,Sydney,New South Wales,Australia,Silver,2021-08-11,Active
CUST002241,Leslie,Harrell,Female,1985-07-12,leslie.harrell@gmail.com,9731305486,Sydney,New South Wales,Australia,Silver,2025-05-03,Inactive
CUST002242,Douglas,Smith,Female,1971-05-11,douglas.smith@yahoo.com,0276032186,Delhi,Delhi,India,Gold,2023-01-10,Inactive
CUST002243,Daniel,Miller,Male,1968-06-01,daniel.miller@yahoo.com,8815263483,SINGAPORE,Singapore,Singapore,Platinum,2022-02-24,Active
CUST002244,Bryan,Herrera,Female,1987-12-16,bryan.herrera@gmail.com,0616743038,London,England,United Kingdom,Platinum,2023-06-26,Inactive
CUST002245,Tonya,Cole,Male,1960-11-30,@gmail.com,0691316763,Singapore,Singapore,Singapore,Silver,2023-06-05,Active
CUST002246,Vanessa,Garcia,Female,1967-05-24,vanessa.garcia@yahoo.com,6477670401,London,England,United Kingdom,Gold,2021-09-14,Active
CUST002247,Eric,Stephenson,Female,1999-05-27,eric.stephenson@gmail.com,2757465294,Bengaluru,Karnataka,India,Gold,2025-03-09,Active
CUST002248,Sarah,Noble,Female,1997-02-06,sarah.noble@yahoo.com,9684978209,Singapore,Singapore,Singapore,Silver,2021-10-26,Inactive
CUST002249,Donald,Herring,Female,2005-03-23,donald.herring@yahoo.com,9819812668,London,England,United Kingdom,Platinum,2024-05-12,Inactive
CUST002250,Kristin,Vang,Male,1983-06-24,kristin.vang@hotmail.com,4395173698,Mumbai,Maharashtra,India,Diamond,2024-11-17,Inactive
CUST002251,Shelby,Daniels,Female,1965-05-24,shelby.daniels@hotmail.com,5476722199,Dubai,Dubai,UAE,Platinum,2025-10-24,Active
CUST002252,Suzanne,Cohen,Male,1996-01-24,suzanne.cohen@outlook.com,9968880871,Delhi,Delhi,India,Diamond,2023-10-31,Inactive
CUST002253,Emily,Sutton,Female,1984-02-14,emily.sutton@gmail.com,1631494727,Chennai,Tamil Nadu,India,Silver,2022-05-27,Active
CUST002254,Rhonda,Baker,Female,1974-08-28,rhonda.baker@yahoo.com,5362511689,Hyderabad,Telangana,India,Gold,2023-12-09,Active
CUST002255,Melissa,White,Male,1998-04-26,melissa.white@hotmail.com,1479616322,Delhi,Delhi,India,Gold,2023-12-29,Active
CUST002256,Amy,Leach,Male,1964-01-31,amy.leach@outlook.com,5900231083,Chennai,Tamil Nadu,India,Silver,2025-08-07,Active
CUST002257,Cheryl,Butler,Female,2006-12-16,cheryl.butler@hotmail.com,6659797203,Chennai,Tamil Nadu,India,Diamond,2022-05-22,Active
CUST002258,Margaret,Mclean,Male,1969-05-06,margaret.mclean@yahoo.com,0571998100,Delhi,Delhi,India,Diamond,2024-03-28,Active
CUST002259,Samantha,Gentry,Male,1965-12-29,samantha.gentry@hotmail.com,5341029467,Delhi,Delhi,India,Platinum,2025-09-25,Inactive
CUST002260,Michelle,Miller,Female,1966-02-22,michelle.miller@gmail.com,5649921563,Sydney,New South Wales,Australia,Diamond,2024-05-30,Active
CUST002261,Patricia,Reynolds,Male,1988-02-12,patricia.reynolds@gmail.com,2628290288,Chennai,Tamil Nadu,India,Platinum,2023-03-09,Inactive
CUST002262,Charles,Miller,Female,1961-02-23,charles.miller@hotmail.com,7457489929, Chennai,Tamil Nadu,India,Diamond,2026-05-21,Inactive
CUST002263,Roberto,Thompson,Male,1967-10-05,roberto.thompson@gmail.com,9608594016,Singapore,Singapore,Singapore,Diamond,2022-07-12,Active
CUST002264,Rita,Duarte,Male,1992-05-06,rita.duarte@hotmail.com,3554036222,Sydney,New South Wales,Australia,Silver,2026-06-24,Active
CUST002265,Gary,Weber,Male,2006-10-13,gary.weber@outlook.com,5428547426,Bengaluru,Karnataka,India,Platinum,2025-10-12,Active
CUST002266,Amanda,Cole,Male,1962-12-11,amanda.cole@gmail.com,6801269225, Sydney,New South Wales,Australia,Platinum,2024-03-05,Active
CUST002267,Crystal,Carson,Male,1978-09-02,,2286708362,Chennai,Tamil Nadu,India,Diamond,2023-03-27,Active
CUST002268,Edwin,Watkins,Female,2002-09-25,edwin.watkins@gmail.com,2202174362,Mumbai,Maharashtra,India,Gold,2021-09-12,Active
CUST002269,Michele,Hatfield,Male,1973-05-11,michele.hatfield@yahoo.com,5050558896,London,England,United Kingdom,Gold,2025-07-21,Inactive
CUST002270,Isaiah,Gray,Female,1956-02-13,isaiah.gray@outlook.com,8457021789,Chennai,Tamil Nadu,India,Diamond,2022-12-10,Inactive
CUST002271,Barbara,Nelson,Female,1959-01-03,barbara.nelson@yahoo.com,6122847513,Bengaluru ,Karnataka,India,Diamond,2024-02-21,Inactive
CUST002272,Peggy,Sanders,Male,1999-08-17,peggy.sanders@gmail.com,6183282374,Dubai,Dubai,UAE,Gold,2025-09-02,Inactive
CUST002273,David,Phillips,Male,1962-03-14,david.phillips@yahoo.com,0459143707,Bengaluru,Karnataka,India,Diamond,2023-12-14,Inactive
CUST002274,Johnny,Campbell,Male,1986-06-15,johnny.campbell@hotmail.com,8666667062,Delhi,Delhi,India,Platinum,2026-03-14,Active
CUST002275,Scott,Goodman,Male,1967-06-15,scott.goodman@hotmail.com,2197827121,Chennai,Tamil Nadu,India,Platinum,2025-03-08,Inactive
CUST002276,Nathan,Houston,Male,2008-01-14,nathan.houston@gmail.com,7611278575,Singapore,Singapore,Singapore,Diamond,2026-05-19,Active
CUST002277,Joseph,Mcmillan,Female,1957-08-17,joseph.mcmillan@outlook.com,3827266454,Bengaluru,Karnataka,India,Silver,2024-10-11,Inactive
CUST002278,Selena,Weber,Male,1966-01-20,selena.weber@gmail.com,4550822268,Chennai,Tamil Nadu,India,Silver,2021-09-14,Active
CUST002279,Sophia,Snow,Female,1994-08-05,sophia.snow@outlook.com,7624245385,Chennai,Tamil Nadu,India,Gold,2025-06-12,Active
CUST002280,Veronica,Watts,Male,1965-06-02,veronica.watts@outlook.com,3723761953,New York,New York,United States,Gold,2026-07-02,Active
CUST002281,Christopher,Williamson,Female,1955-08-20,christopher.williamson@yahoo.com,4620336009,New York,New York,United States,Silver,2023-11-01,Inactive
CUST002282,Mary,Weiss,Female,1999-11-10,mary.weiss@gmail.com,3477071115,Singapore,Singapore,Singapore,Silver,2025-09-14,Active
CUST002283,Isaac,Meyer,Female,1981-01-24,isaac.meyer@gmail.com,0477290669,Sydney,New South Wales,Australia,Silver,2023-06-10,Active
CUST002284,Tiffany,Jordan,Male,2007-07-02,tiffany.jordan@yahoo.com,4558507075,Bengaluru,Karnataka,India,Gold,2026-01-20,Inactive
CUST002285,Marcus,Powell,Female,1994-01-02,marcus.powell@gmail.com,4003987663,Mumbai,Maharashtra,India,Platinum,2024-07-07,Active
CUST002286,Ronald,Wheeler,Male,1983-04-08,ronald.wheeler@gmail.com,4849657036,Hyderabad,Telangana,India,Diamond,2025-04-13,Active
CUST002287,Robert,Shaw,Female,1970-12-03,robert.shaw@hotmail.com,6142687052,Dubai,Dubai,UAE,Platinum,2024-02-05,Inactive
CUST002288,Kathleen,Kelly,Male,1964-01-10,kathleen.kelly@hotmail.com,4945618390,Sydney,New South Wales,Australia,Diamond,2022-05-18,Inactive
CUST002289,Joyce,Zhang,Male,2003-03-27,joyce.zhang@yahoo.com,6117922604,Hyderabad,Telangana,India,Platinum,2024-07-05,Inactive
CUST002290,Donald,Aguilar,Female,1982-03-22,donald.aguilar@gmail.com,8810261588,Chennai,Tamil Nadu,India,Diamond,2021-12-26,Inactive
CUST002291,Anthony,Gould,Male,1998-01-05,anthony.gould@yahoo.com,9667363700,Dubai,Dubai,UAE,Gold,2026-05-27,Inactive
CUST002292,Cynthia,Wright,Male,1988-12-07,cynthia.wright@outlook.com,8197031531,Chennai,Tamil Nadu,India,Silver,2025-12-29,Active
CUST002293,Kelsey,Vasquez,Female,1958-02-26,kelsey.vasquez@outlook.com,9363495055,Sydney,New South Wales,Australia,Platinum,2021-11-25,Inactive
CUST002294,Gary,Williams,Male,1974-03-31,gary.williams@outlook.com,7250047495,Sydney,New South Wales,Australia,Diamond,2023-12-24,Inactive
CUST002295,Carlos,Bishop,Female,2002-10-28,carlos.bishop@gmail.com,3508327087,Hyderabad,Telangana,India,Gold,2024-06-13,Active
CUST002296,Willie,Baker,Female,1956-07-14,willie.baker@outlook.com,7155460087,Hyderabad,Telangana,India,Silver,2026-07-08,Active
CUST002297,Charles,Gutierrez,Male,1961-09-17,charles.gutierrez@hotmail.com,6677992459,Chennai,Tamil Nadu,India,Diamond,2025-02-21,Inactive
CUST002298,Matthew,Nunez,Male,1989-08-19,matthew.nunez@gmail.com,2486704087,Delhi,Delhi,India,Platinum,2022-12-02,Active
CUST002299,Jessica,Flores,Male,2000-10-23,jessica.flores@gmail.com,3971995576,London,England,United Kingdom,Diamond,2021-07-27,Active
CUST002300,Cassie,Sullivan,Female,1961-11-10,cassie.sullivan@gmail.com,9038681608,Delhi,Delhi,India,Silver,2025-02-15,Active
CUST002301,Joshua,Terrell,Male,1972-11-18,joshua.terrell@outlook.com,3781996160,Chennai,Tamil Nadu,India,Silver,2026-06-10,Inactive
CUST002302,Daniel,Santiago,Female,1998-03-30,daniel.santiago@outlook.com,4781136564,London,England,United Kingdom,Platinum,2023-10-22,Active
CUST002303,Carrie,Neal,Male,1986-09-25,carrie.neal@hotmail.com,9728627273,Dubai,Dubai,UAE,Gold,2022-12-07,Active
CUST002304,Teresa,Bell,Female,1982-06-27,teresa.bell@gmail.com,3740215782,Dubai,Dubai,UAE,Silver,2021-11-03,Inactive
CUST002305,Amanda,Pierce,Male,1996-12-14,amanda.pierce@hotmail.com,9443040603,London,England,United Kingdom,Gold,2025-04-16,Inactive
CUST002306,Frederick,Wyatt,Female,1986-08-12,frederick.wyatt@yahoo.com,3517922083,Bengaluru,Karnataka,India,Silver,2022-09-27,Inactive
CUST002307,Richard,Foley,Female,1964-01-26,richard.foley@yahoo.com,9161347063,Delhi,Delhi,India,Silver,2024-12-22,Inactive
CUST002308,Phillip,Reyes,Male,1969-09-04,phillip.reyes@outlook.com,3647553472,London,England,United Kingdom,Platinum,2023-10-04,Inactive
CUST002309,Crystal,Cardenas,Male,2001-11-24,crystal.cardenas@outlook.com,6507694514,Delhi,Delhi,India,Diamond,2022-08-22,Inactive
CUST002310,Nancy,Wyatt,Male,1962-07-15,nancy.wyatt@outlook.com,0745354391,Bengaluru,Karnataka,India,Platinum,2021-12-05,Active
CUST002311,Robert,Kelly,Male,1985-10-16,robert.kelly@outlook.com,2521847700,London,England,United Kingdom,Platinum,2026-07-07,Active
CUST002312,Meghan,Russell,Male,1996-02-11,meghan.russell@gmail.com,6116666748,Singapore,Singapore,Singapore,Silver,2022-06-06,Active
CUST002313,David,Solomon,Female,1996-10-22,david.solomon@hotmail.com,6731766652,Bengaluru,Karnataka,India,Gold,2023-10-30,Inactive
CUST002314,Alexander,Chavez,Male,1995-02-08,alexander.chavez@gmail.com,0452626427,Hyderabad,Telangana,India,Gold,2023-10-29,Active
CUST002315,David,Acosta,Female,2000-07-06,david.acosta@yahoo.com,7615373546,Dubai ,Dubai,UAE,Platinum,2025-07-25,Inactive
CUST002316,Allison,Gross,Female,1974-10-26,allison.gross@outlook.com,0721130354,Chennai,Tamil Nadu,India,Platinum,2023-01-20,Inactive
CUST002317,Cynthia,Lynn,Female,1972-11-15,john@gmail,3240701864,New York,New York,United States,Gold,2025-10-13,Active
CUST002318,Michael,Gutierrez,Male,1986-08-13,michael.gutierrez@gmail.com,6780430373,Chennai,Tamil Nadu,India,Platinum,2024-07-25,Inactive
CUST002319,Anthony,Weber,Male,1973-03-29,anthony.weber@outlook.com,4069003524,Singapore,Singapore,Singapore,Platinum,2022-07-11,Active
CUST002320,Walter,Alvarez,Female,1959-02-28,walter.alvarez@outlook.com,2034068557,New York,New York,United States,Silver,2022-09-21,Inactive
CUST002321,Kerri,Barker,Female,1982-01-02,kerri.barker@yahoo.com,7654387540,Hyderabad,Telangana,India,Platinum,2022-01-20,Active
CUST002322,Darius,Brady,Female,1977-08-15,darius.brady@outlook.com,6842670305,Sydney,New South Wales,Australia,Diamond,2021-11-20,Inactive
CUST002323,Joan,Vega,Male,2006-07-11,joan.vega@yahoo.com,0576854851,London,England,United Kingdom,Diamond,2021-10-28,Inactive
CUST002324,Kevin,Mills,Female,1985-06-12,kevin.mills@yahoo.com,1497187448,London,England,United Kingdom,Gold,2022-02-23,Active
CUST002325,Jennifer,Ingram,Male,1991-10-29,jennifer.ingram@outlook.com,2411520168,Mumbai,Maharashtra,India,Platinum,2023-10-11,Active
CUST002326,Joseph,Bell,Male,1982-05-07,joseph.bell@yahoo.com,5975538190,Sydney,New South Wales,Australia,Diamond,2024-01-18,Active
CUST002327,Benjamin,Lewis,Female,1980-01-20,benjamin.lewis@hotmail.com,0577488195,Delhi,Delhi,India,Gold,2021-07-27,Inactive
CUST002328,Laurie,Wilson,Female,2000-01-02,laurie.wilson@yahoo.com,2405129710, Delhi,Delhi,India,Gold,2021-08-09,Inactive
CUST002329,Douglas,Callahan,Male,1988-12-31,douglas.callahan@hotmail.com,4630980651,Bengaluru,Karnataka,India,Silver,2023-08-09,Inactive
CUST002330,Karen,Padilla,Male,1964-11-10,karen.padilla@outlook.com,9121458405,Delhi,Delhi,India,Silver,2022-10-01,Active
CUST002331,Jeffrey,Kirk,Male,1999-08-12,jeffrey.kirk@outlook.com,1975729531,Dubai,Dubai,UAE,Platinum,2023-03-03,Inactive
CUST002332,Kenneth,Torres,Female,1957-02-26,kenneth.torres@gmail.com,5381594704,Bengaluru,Karnataka,India,Silver,2024-02-27,Active
CUST002333,Henry,Pollard,Male,1974-08-11,henry.pollard@yahoo.com,2738697560,Sydney,New South Wales,Australia,Gold,2022-01-31,Inactive
CUST002334,Jamie,Rice,Female,2000-10-13,jamie.rice@yahoo.com,3751570583,Dubai,Dubai,UAE,Silver,2024-02-08,Inactive
CUST002335,Brett,Hudson,Female,2007-06-28,brett.hudson@gmail.com,7206197331,Sydney,New South Wales,Australia,Diamond,2022-04-20,Inactive
CUST002336,Brian,Mason,Male,1967-05-10,brian.mason@yahoo.com,6966413541,London,England,United Kingdom,Diamond,2024-05-18,Inactive
CUST002337,Melissa,Diaz,Male,2002-10-05,melissa.diaz@hotmail.com,6988565428,New York,New York,United States,Gold,2022-04-03,Inactive
CUST002338,Marcus,Padilla,Male,1969-10-25,marcus.padilla@gmail.com,1486225073,New York,New York,United States,Diamond,2026-05-30,Active
CUST002339,Samuel,Ryan,Female,2005-11-17,samuel.ryan@yahoo.com,9433461399,Sydney,New South Wales,Australia,Silver,2024-04-16,Inactive
CUST002340,Judy,Rodriguez,Female,1977-05-24,judy.rodriguez@hotmail.com,4656105574,Chennai,Tamil Nadu,India,Diamond,2023-06-10,Inactive
CUST002341,Haley,Mcdonald,Male,1983-03-28,haley.mcdonald@outlook.com,7835093692,Chennai,Tamil Nadu,India,Platinum,2026-07-23,Inactive
CUST002342,Robert,Wilson,Male,1999-01-04,robert.wilson@hotmail.com,0775367720,Dubai,Dubai,UAE,Gold,2024-02-16,Inactive
CUST002343,Deanna,Warren,Female,1983-12-13,deanna.warren@hotmail.com,1962535821,New York,New York,United States,Diamond,2024-11-10,Inactive
CUST002344,Tamara,Higgins,Male,1992-03-02,tamara.higgins@yahoo.com,9194798081,New York,New York,United States,Platinum,2022-05-19,Inactive
CUST002345,Kimberly,Price,Male,1962-10-28,kimberly.price@yahoo.com,9514569504,London,England,United Kingdom,Platinum,2023-05-15,Active
CUST002346,Angela,Wolf,Male,1992-07-10,gmail.com,2314469276,Dubai,Dubai,UAE,Gold,2023-04-15,Inactive
CUST002347,Brittany,Smith,Male,1971-04-08,brittany.smith@yahoo.com,1464052457,Delhi,Delhi,India,Platinum,2024-04-19,Active
CUST002348,Kyle,Brown,Male,1977-11-19,kyle.brown@gmail.com,6263317477,Mumbai,Maharashtra,India,Diamond,2024-04-14,Inactive
CUST002349,Jonathan,Byrd,Male,1985-11-15,jonathan.byrd@outlook.com,1139017652,Chennai,Tamil Nadu,India,Silver,2025-10-12,Inactive
CUST002350,Stacey,Knight,Female,1973-06-27,stacey.knight@hotmail.com,8379348914,Hyderabad,Telangana,India,Platinum,2023-05-02,Inactive
CUST002351,Michael,Cole,Female,1991-04-06,michael.cole@hotmail.com,1465838441,New York,New York,United States,Silver,2025-07-18,Inactive
CUST002352,Kevin,Castillo,Female,1971-01-15,kevin.castillo@outlook.com,6594987533,CHENNAI,Tamil Nadu,India,Gold,2025-10-09,Inactive
CUST002353,Carolyn,Harmon,Female,2002-04-16,carolyn.harmon@outlook.com,3949317812,London,England,United Kingdom,Silver,2025-09-09,Active
CUST002354,Austin,Smith,Female,2001-08-29,austin.smith@outlook.com,4497859523,Dubai,Dubai,UAE,Silver,2025-01-27,Active
CUST002355,Kaitlyn,Fuller,Female,1975-02-20,kaitlyn.fuller@yahoo.com,7690306254,Dubai,Dubai,UAE,Gold,2024-10-10,Active
CUST002356,Denise,Choi,Male,2000-10-02,denise.choi@outlook.com,0176007164,London,England,United Kingdom,Platinum,2021-08-31,Inactive
CUST002357,Samantha,Arnold,Male,1991-05-22,samantha.arnold@gmail.com,1628906883,Delhi ,Delhi,India,Platinum,2026-03-27,Active
CUST002358,Wesley,Hughes,Female,1999-05-27,wesley.hughes@gmail.com,8524285093,Mumbai,Maharashtra,India,Gold,2021-08-23,Active
CUST002359,Carrie,Wallace,Male,1999-04-08,carrie.wallace@yahoo.com,3080835601,Delhi,Delhi,India,Platinum,2023-07-09,Inactive
CUST002360,Dana,Werner,Female,2005-03-26,dana.werner@gmail.com,3136055043,Bengaluru,Karnataka,India,Silver,2021-08-04,Inactive
CUST002361,Michelle,Atkinson,Female,1974-08-06,michelle.atkinson@gmail.com,9133395112,Bengaluru,Karnataka,India,Diamond,2026-07-18,Inactive
CUST002362,Jill,Williams,Female,1963-04-11,jill.williams@yahoo.com,7577666530,Hyderabad,Telangana,India,Diamond,2022-06-25,Active
CUST002363,Jill,Harris,Female,1980-11-06,jill.harris@gmail.com,6780946941,Hyderabad,Telangana,India,Silver,2021-07-29,Active
CUST002364,William,Hunter,Male,1963-09-06,william.hunter@outlook.com,1574996438,New York,New York,United States,Diamond,2026-05-26,Inactive
CUST002365,Randy,Armstrong,Male,1957-12-09,randy.armstrong@yahoo.com,0485688192,Dubai,Dubai,UAE,Gold,2022-11-19,Inactive
CUST002366,Brianna,Simon,Male,2006-07-26,brianna.simon@hotmail.com,3615180702,Dubai,Dubai,UAE,Silver,2024-10-26,Inactive
CUST002367,Anne,Lopez,Male,1991-11-08,anne.lopez@yahoo.com,9242728551,London,England,United Kingdom,Diamond,2021-10-13,Inactive
CUST002368,Emily,Perez,Female,1982-02-03,emily.perez@hotmail.com,1835335827,New York,New York,United States,Diamond,2024-08-12,Inactive
CUST002369,David,Ramirez,Female,1989-05-05,david.ramirez@hotmail.com,2768278889,Dubai,Dubai,UAE,Platinum,2025-11-09,Active
CUST002370,Anne,Parsons,Male,2004-09-04,anne.parsons@hotmail.com,7651281693,Hyderabad,Telangana,India,Gold,2021-12-21,Inactive
CUST002371,Todd,Moore,Male,1974-01-18,todd.moore@gmail.com,3323573171,London,England,United Kingdom,Gold,2023-09-19,Active
CUST002372,Matthew,Hill,Female,1988-05-30,matthew.hill@hotmail.com,3344009093,New York,New York,United States,Gold,2023-12-15,Active
CUST002373,Donald,Romero,Male,1983-09-07,donald.romero@gmail.com,5138568438,London,England,United Kingdom,Silver,2024-07-23,Active
CUST002374,Dawn,Nichols,Female,1985-01-14,dawn.nichols@gmail.com,7135167058,Hyderabad,Telangana,India,Silver,2023-06-28,Inactive
CUST002375,Ashley,Thomas,Male,2004-06-02,ashley.thomas@outlook.com,4625921786,New York,New York,United States,Silver,2022-03-28,Inactive
CUST002376,Ryan,Thomas,Female,1994-07-11,ryan.thomas@hotmail.com,9574386078,Mumbai,Maharashtra,India,Gold,2024-03-31,Active
CUST002377,Aaron,Mcdonald,Male,1991-09-03,aaron.mcdonald@yahoo.com,7177735689,Chennai,Tamil Nadu,India,Platinum,2024-10-04,Active
CUST002378,Maria,Bennett,Female,1989-01-05,maria.bennett@hotmail.com,1777052045,Sydney,New South Wales,Australia,Platinum,2023-10-11,Active
CUST002379,Deborah,Lane,Male,1990-01-08,,1123413174,Sydney,New South Wales,Australia,Diamond,2024-10-04,Active
CUST002380,Jill,Norman,Male,1982-12-07,jill.norman@yahoo.com,8641191047,Delhi,Delhi,India,Silver,2023-06-10,Active
CUST002381,Jamie,Bell,Female,1962-11-18,jamie.bell@hotmail.com,8469645192,Dubai,Dubai,UAE,Silver,2024-07-05,Active
CUST002382,Jennifer,Randolph,Female,1989-11-02,jennifer.randolph@gmail.com,2877674248,Dubai,Dubai,UAE,Platinum,2026-04-23,Active
CUST002383,Sara,Mclean,Male,1964-10-09,sara.mclean@outlook.com,3803253982,Dubai,Dubai,UAE,Diamond,2025-12-14,Inactive
CUST002384,Ann,Dean,Male,1977-04-30,ann.dean@outlook.com,8824741576,Mumbai,Maharashtra,India,Silver,2025-05-15,Inactive
CUST002385,Thomas,Salazar,Female,2006-05-07,thomas.salazar@outlook.com,6033856821,Sydney,New South Wales,Australia,Diamond,2025-02-22,Active
CUST002386,Alexander,Dickerson,Male,1977-09-07,alexander.dickerson@gmail.com,2505461352,New York,New York,United States,Platinum,2024-06-27,Active
CUST002387,Amanda,Padilla,Male,1973-05-24,amanda.padilla@outlook.com,5087800827,Delhi,Delhi,India,Gold,2026-07-12,Active
CUST002388,Douglas,Mcbride,Female,1982-08-27,douglas.mcbride@outlook.com,7399484016,Mumbai,Maharashtra,India,Silver,2023-10-17,Active
CUST002389,Donald,Walker,Male,2000-02-28,donald.walker@yahoo.com,5729693799,Singapore,Singapore,Singapore,Diamond,2023-06-23,Inactive
CUST002390,Stephanie,Simon,Female,2000-03-06,stephanie.simon@gmail.com,7988575722,NEW YORK,New York,United States,Gold,2024-01-30,Active
CUST002391,Robert,Young,Female,1958-03-01,robert.young@yahoo.com,7759811298, New York ,New York,United States,Gold,2022-05-13,Active
CUST002392,Brenda,Mack,Female,1999-08-05,###@gmail.com,1521780662,Singapore,Singapore,Singapore,Diamond,2026-01-15,Active
CUST002393,Ashley,Guzman,Male,1984-10-15,ashley.guzman@yahoo.com,0956580320,Hyderabad,Telangana,India,Silver,2021-12-19,Inactive
CUST002394,Michelle,Lowe,Female,1971-02-21,michelle.lowe@hotmail.com,8982314985,Singapore,Singapore,Singapore,Diamond,2025-11-06,Active
CUST002395,Nicholas,Johnson,Male,1999-11-26,john@gmail,2605129975,Singapore,Singapore,Singapore,Silver,2024-12-23,Inactive
CUST002396,Jeffrey,Phillips,Female,1974-05-23,jeffrey.phillips@outlook.com,2954806999,Delhi,Delhi,India,Gold,2022-01-13,Inactive
CUST002397,Jennifer,Aguilar,Male,2003-07-28,jennifer.aguilar@outlook.com,0084901775,Dubai,Dubai,UAE,Gold,2022-02-23,Active
CUST002398,Jared,Hernandez,Female,1957-06-26,jared.hernandez@outlook.com,8064088815,Bengaluru,Karnataka,India,Gold,2024-09-16,Inactive
CUST002399,Sandra,Williams,Male,1978-03-25,sandra.williams@outlook.com,0525148610,Delhi,Delhi,India,Platinum,2025-10-02,Active
CUST002400,Stephen,Hernandez,Male,1972-01-29,stephen.hernandez@yahoo.com,5032575384,Dubai,Dubai,UAE,Gold,2023-10-28,Inactive
CUST002401,Douglas,Fleming,Female,1997-11-10,,9169105478,Chennai,Tamil Nadu,India,Diamond,2024-11-08,Inactive
CUST002402,Aaron,Griffin,Male,1956-04-21,aaron.griffin@gmail.com,7950520491,New York,New York,United States,Diamond,2022-01-06,Active
CUST002403,Anthony,Alvarez,Female,1963-08-19,anthony.alvarez@gmail.com,7728370093,Dubai,Dubai,UAE,Gold,2024-12-06,Active
CUST002404,Michael,Reyes,Female,1978-04-03,michael.reyes@outlook.com,6768523714,Hyderabad,Telangana,India,Diamond,2023-07-01,Active
CUST002405,Joel,Miller,Female,2006-06-21,joel.miller@hotmail.com,2999403816,Bengaluru,Karnataka,India,Gold,2024-02-01,Active
CUST002406,Gary,Bush,Female,1982-04-11,gary.bush@yahoo.com,6988043429,Chennai,Tamil Nadu,India,Gold,2024-08-06,Inactive
CUST002407,Joshua,Campbell,Female,2004-01-25,joshua.campbell@hotmail.com,0598367445,Mumbai,Maharashtra,India,Diamond,2023-10-25,Active
CUST002408,Eric,Colon,Male,2003-08-30,eric.colon@hotmail.com,3974951043,Bengaluru,Karnataka,India,Silver,2025-09-06,Active
CUST002409,Elizabeth,Patterson,Female,1964-09-30,elizabeth.patterson@hotmail.com,3436664651,Singapore,Singapore,Singapore,Gold,2023-03-12,Inactive
CUST002410,Amy,Henderson,Female,1966-12-27,amy.henderson@outlook.com,9487792256,Hyderabad,Telangana,India,Gold,2022-02-07,Inactive
CUST002411,Alexander,Johnson,Male,2006-09-11,alexander.johnson@yahoo.com,6324577103,London,England,United Kingdom,Platinum,2022-11-07,Active
CUST002412,Ebony,Curtis,Female,1996-08-19,ebony.curtis@hotmail.com,3559758795,Dubai,Dubai,UAE,Gold,2024-09-16,Active
CUST002413,Melanie,Sandoval,Male,1976-01-28,melanie.sandoval@outlook.com,3586011397,New York,New York,United States,Gold,2024-05-26,Active
CUST002414,Christopher,Smith,Female,1988-05-14,christopher.smith@gmail.com,0116159608,Sydney,New South Wales,Australia,Diamond,2025-10-24,Active
CUST002415,Kathleen,Gregory,Male,1971-08-24,kathleen.gregory@gmail.com,5261111670,Singapore,Singapore,Singapore,Silver,2025-01-13,Active
CUST002416,Courtney,Flores,Male,2000-11-02,courtney.flores@outlook.com,7524165593,Mumbai,Maharashtra,India,Gold,2022-12-01,Inactive
CUST002417,Keith,Johnson,Male,1971-06-11,keith.johnson@hotmail.com,8782885732,Singapore,Singapore,Singapore,Gold,2022-07-05,Active
CUST002418,Joshua,Davis,Male,2001-10-31,joshua.davis@hotmail.com,9558576336,Delhi ,Delhi,India,Platinum,2024-09-30,Active
CUST002419,Wayne,Gill,Male,2000-04-09,wayne.gill@outlook.com,7329170167,Bengaluru,Karnataka,India,Platinum,2025-02-26,Active
CUST002420,Alice,Ford,Female,1961-12-23,alice.ford@gmail.com,2637730344,Dubai,Dubai,UAE,Platinum,2026-07-22,Active
CUST002421,Joanna,Richardson,Female,1996-09-26,joanna.richardson@yahoo.com,5601583273,Singapore,Singapore,Singapore,Diamond,2022-08-11,Inactive
CUST002422,Daniel,Maynard,Male,1974-11-04,daniel.maynard@hotmail.com,5702198308,Dubai,Dubai,UAE,Gold,2021-12-29,Inactive
CUST002423,Phillip,Miller,Male,2006-12-16,phillip.miller@yahoo.com,9820174779,Delhi,Delhi,India,Platinum,2026-01-16,Inactive
CUST002424,Susan,Lin,Male,1990-02-03,susan.lin@yahoo.com,3744806513,Singapore,Singapore,Singapore,Gold,2022-10-20,Active
CUST002425,Lisa,Washington,Female,2005-12-16,lisa.washington@gmail.com,6770508320,New York,New York,United States,Silver,2024-11-28,Inactive
CUST002426,Steven,Marshall,Male,2005-03-13,steven.marshall@gmail.com,4112354711,Dubai,Dubai,UAE,Platinum,2024-12-15,Active
CUST002427,William,Santiago,Female,1982-06-22,william.santiago@yahoo.com,4687930092,Hyderabad,Telangana,India,Diamond,2022-11-25,Active
CUST002428,James,Johnson,Male,1983-06-05,james.johnson@outlook.com,2062775465,Singapore,Singapore,Singapore,Platinum,2025-01-15,Active
CUST002429,Angela,Roberts,Male,1984-07-26,angela.roberts@hotmail.com,1297346385,Singapore,Singapore,Singapore,Gold,2025-10-03,Inactive
CUST002430,Melissa,Williams,Male,1978-12-13,melissa.williams@gmail.com,8134823645,Singapore,Singapore,Singapore,Silver,2023-04-27,Active
CUST002431,Brandon,Leblanc,Female,1982-10-30,brandon.leblanc@hotmail.com,2188572397,Bengaluru,Karnataka,India,Platinum,2024-11-03,Active
CUST002432,James,Farmer,Female,1993-06-21,@gmail.com,8914802755,Delhi,Delhi,India,Diamond,2022-09-13,Active
CUST002433,Wayne,Williams,Female,1973-06-28,wayne.williams@yahoo.com,7103261824,Bengaluru,Karnataka,India,Silver,2025-09-16,Inactive
CUST002434,Christian,Erickson,Male,1998-12-15,christian.erickson@gmail.com,8177478739,Dubai,Dubai,UAE,Diamond,2026-03-15,Active
CUST002435,Richard,Ellis,Female,2007-03-16,richard.ellis@gmail.com,9322289731,Bengaluru,Karnataka,India,Gold,2024-12-10,Active
CUST002436,Samuel,Torres,Female,1976-05-19,samuel.torres@gmail.com,8058190344,Sydney,New South Wales,Australia,Platinum,2021-08-16,Active
CUST002437,Thomas,Hicks,Female,1968-01-07,thomas.hicks@gmail.com,,Bengaluru,Karnataka,India,Silver,2024-05-31,Active
CUST002438,Michael,Miller,Male,2004-04-14,michael.miller@gmail.com,3129877336,Dubai,Dubai,UAE,Diamond,2023-03-24,Inactive
CUST002439,Gabrielle,Garrett,Male,1989-07-26,gabrielle.garrett@outlook.com,4546080060,Chennai,Tamil Nadu,India,Diamond,2023-10-09,Inactive
CUST002440,Roger,Lowe,Female,1971-09-02,roger.lowe@gmail.com,3004441754,London,England,United Kingdom,Diamond,2024-01-08,Inactive
CUST002441,Jessica,Johnson,Female,1996-02-03,,7682948467,Sydney,New South Wales,Australia,Gold,2025-05-28,Inactive
CUST002442,Marc,Melton,Female,1996-09-28,marc.melton@hotmail.com,9543186216, Chennai,Tamil Nadu,India,Platinum,2021-08-14,Inactive
CUST002443,Jeffrey,Sanders,Female,1962-05-17,jeffrey.sanders@hotmail.com,0595371889,London,England,United Kingdom,Platinum,2025-02-26,Inactive
CUST002444,Tonya,Randall,Female,1965-03-28,tonya.randall@gmail.com,1125577996,Singapore,Singapore,Singapore,Platinum,2023-02-05,Active
CUST002445,Jason,Gonzalez,Male,1970-06-05,jason.gonzalez@gmail.com,6125383743,London,England,United Kingdom,Silver,2023-10-05,Active
CUST002446,Ashley,Proctor,Male,1997-01-21,ashley.proctor@gmail.com,1079896834,London,England,United Kingdom,Diamond,2025-02-19,Inactive
CUST002447,Amy,Miller,Male,1972-09-16,amy.miller@hotmail.com,0759718207,Delhi,Delhi,India,Silver,2025-10-20,Inactive
CUST002448,Thomas,Sloan,Male,2005-06-29,thomas.sloan@outlook.com,1851408637,London,England,United Kingdom,Silver,2024-05-12,Active
CUST002449,Claire,Chung,Female,1958-07-18,claire.chung@outlook.com,8563356149,Hyderabad,Telangana,India,Silver,2022-08-09,Active
CUST002450,John,Blair,Male,2004-10-01,john.blair@yahoo.com,6287305475,Mumbai,Maharashtra,India,Platinum,2025-06-12,Inactive
CUST002451,Aaron,Galvan,Male,2006-05-10,aaron.galvan@outlook.com,2355232149,Bengaluru,Karnataka,India,Diamond,2021-08-22,Inactive
CUST002452,Brian,Hess,Female,2000-12-10,brian.hess@outlook.com,4077341272,Sydney,New South Wales,Australia,Diamond,2026-07-09,Inactive
CUST002453,Michelle,Schultz,Female,1994-09-02,michelle.schultz@gmail.com,3313352148,London ,England,United Kingdom,Diamond,2022-01-13,Inactive
CUST002454,Daniel,Smith,Male,2007-07-14,daniel.smith@yahoo.com,6194120414,Sydney,New South Wales,Australia,Diamond,2024-12-04,Inactive
CUST002455,Lydia,Rowland,Female,1998-10-26,lydia.rowland@yahoo.com,7081449893,Chennai,Tamil Nadu,India,Silver,2023-04-06,Active
CUST002456,Nancy,Gray,Male,2001-06-15,nancy.gray@gmail.com,2968052333,New York,New York,United States,Diamond,2025-02-02,Active
CUST002457,Alexis,Gonzalez,Female,1960-02-16,alexis.gonzalez@yahoo.com,9112819063,New York,New York,United States,Gold,2022-10-21,Inactive
CUST002458,Sean,Harrison,Male,2002-12-21,sean.harrison@outlook.com,5505398274,New York,New York,United States,Diamond,2024-12-16,Active
CUST002459,Jessica,Malone,Male,1972-09-08,jessica.malone@hotmail.com,6796818062,Singapore ,Singapore,Singapore,Platinum,2023-04-21,Active
CUST002460,John,Torres,Female,1976-09-16,,2561634615,London,England,United Kingdom,Silver,2024-06-24,Active
CUST002461,Travis,Scott,Male,1959-07-25,travis.scott@gmail.com,5879893766,Dubai,Dubai,UAE,Silver,2024-09-18,Inactive
CUST002462,Edward,Wallace,Female,2006-12-13,edward.wallace@gmail.com,9808986175,Hyderabad,Telangana,India,Gold,2024-05-13,Active
CUST002463,Tara,Vasquez,Male,1975-03-28,tara.vasquez@yahoo.com,3351625715,Sydney,New South Wales,Australia,Silver,2022-03-05,Inactive
CUST002464,Nicholas,Petersen,Female,1992-07-18,nicholas.petersen@gmail.com,3403766619,Mumbai,Maharashtra,India,Platinum,2025-01-22,Active
CUST002465,Gloria,Freeman,Female,1980-10-06,gloria.freeman@yahoo.com,5146001659,Dubai,Dubai,UAE,Platinum,2026-06-14,Active
CUST002466,Gary,Eaton,Male,1963-10-13,gary.eaton@gmail.com,9162481537,SYDNEY,New South Wales,Australia,Gold,2025-04-13,Active
CUST002467,Jacob,Hardin,Male,1969-05-20,jacob.hardin@hotmail.com,9642524683,Delhi,Delhi,India,Silver,2022-05-18,Active
CUST002468,Lee,Harris,Male,1973-08-01,lee.harris@outlook.com,9583827834,London,England,United Kingdom,Diamond,2021-12-12,Inactive
CUST002469,Jodi,Brown,Female,2004-05-16,jodi.brown@hotmail.com,7259809902,Mumbai,Maharashtra,India,Diamond,2024-06-27,Active
CUST002470,Michele,Lee,Female,1981-01-08,michele.lee@yahoo.com,9387415152,Dubai,Dubai,UAE,Diamond,2025-09-25,Active
CUST002471,Tyler,King,Female,1981-12-02,tyler.king@outlook.com,1291593285,Sydney,New South Wales,Australia,Gold,2024-10-16,Inactive
CUST002472,Brian,Blake,Male,1972-01-06,brian.blake@outlook.com,8595480034,London,England,United Kingdom,Silver,2022-04-12,Inactive
CUST002473,Julie,Nixon,Female,1960-06-06,julie.nixon@outlook.com,2958834679,Hyderabad,Telangana,India,Diamond,2023-11-01,Active
CUST002474,Curtis,Clements,Male,1982-05-20,curtis.clements@yahoo.com,5897318770,Chennai,Tamil Nadu,India,Silver,2023-01-31,Inactive
CUST002475,Kelly,Perkins,Male,1986-06-23,kelly.perkins@outlook.com,7240997463,Chennai,Tamil Nadu,India,Gold,2025-04-27,Active
CUST002476,Kathy,Thompson,Female,1987-02-12,kathy.thompson@hotmail.com,9687334048,Hyderabad,Telangana,India,Platinum,2025-09-29,Active
CUST002477,Sarah,Russell,Female,1998-06-10,sarah.russell@gmail.com,7164885193,Dubai,Dubai,UAE,Platinum,2023-05-23,Active
CUST002478,Stephanie,Reyes,Female,1994-02-11,stephanie.reyes@hotmail.com,,Mumbai,Maharashtra,India,Diamond,2023-04-20,Inactive
CUST002479,Deborah,Butler,Male,1992-07-03,deborah.butler@yahoo.com,3110816105,Mumbai,Maharashtra,India,Platinum,2026-01-17,Inactive
CUST002480,Linda,Paul,Female,1961-03-04,linda.paul@gmail.com,6266981292,Chennai,Tamil Nadu,India,Diamond,2024-06-01,Active
CUST002481,Kayla,Sheppard,Female,1985-11-21,kayla.sheppard@hotmail.com,2006591878,Dubai,Dubai,UAE,Gold,2025-05-03,Active
CUST002482,David,Woodward,Male,2000-10-11,david.woodward@outlook.com,5665804149,Singapore,Singapore,Singapore,Platinum,2025-04-13,Active
CUST002483,Edward,Schmidt,Female,1985-02-21,edward.schmidt@yahoo.com,8907306465,Chennai,Tamil Nadu,India,Gold,2024-04-09,Active
CUST002484,Christina,Perez,Male,1996-01-26,christina.perez@yahoo.com,8535757649,Hyderabad,Telangana,India,Gold,2023-07-10,Active
CUST002485,Amanda,Brown,Male,1991-06-01,amanda.brown@yahoo.com,5520288237,Singapore,Singapore,Singapore,Gold,2023-07-09,Inactive
CUST002486,Samuel,Kane,Female,2004-11-20,samuel.kane@yahoo.com,7297530955,New York,New York,United States,Silver,2026-03-18,Active
CUST002487,Tyler,Kline,Male,1962-06-15,tyler.kline@hotmail.com,5529293088,Sydney,New South Wales,Australia,Diamond,2025-12-05,Inactive
CUST002488,David,Gonzalez,Male,1957-08-26,david.gonzalez@gmail.com,1680991002,Bengaluru,Karnataka,India,Gold,2023-02-17,Inactive
CUST002489,Erik,Rodgers,Female,1996-10-25,erik.rodgers@yahoo.com,5176319272,Delhi,Delhi,India,Diamond,2024-03-02,Active
CUST002490,Mark,Humphrey,Female,2007-08-11,john@gmail,5382241038,Delhi,Delhi,India,Diamond,2023-10-31,Active
CUST002491,Logan,Kelly,Male,1977-06-21,logan.kelly@gmail.com,3798632868,London,England,United Kingdom,Platinum,2023-04-23,Active
CUST002492,Thomas,Sanchez,Male,1989-12-15,thomas.sanchez@hotmail.com,0955656878,Sydney,New South Wales,Australia,Diamond,2024-06-29,Active
CUST002493,Michael,Green,Female,2001-08-13,michael.green@hotmail.com,9507869446,London,England,United Kingdom,Gold,2023-01-26,Inactive
CUST002494,David,Blevins,Female,1975-02-26,david.blevins@outlook.com,1039087554,Chennai,Tamil Nadu,India,Platinum,2025-10-17,Active
CUST002495,Jade,Cook,Female,1963-01-20,jade.cook@outlook.com,3648719627,New York,New York,United States,Diamond,2022-06-14,Active
CUST002496,Holly,Zhang,Female,2007-06-27,holly.zhang@hotmail.com,7911413604,London,England,United Kingdom,Gold,2022-02-15,Active
CUST002497,Frank,Prince,Female,2001-05-19,frank.prince@hotmail.com,1535620575,Mumbai,Maharashtra,India,Gold,2026-04-10,Inactive
CUST002498,Deborah,Farrell,Male,1979-09-12,deborah.farrell@outlook.com,8077123715,Dubai,Dubai,UAE,Silver,2023-09-30,Inactive
CUST002499,Laura,Ortega,Female,1974-08-03,laura.ortega@yahoo.com,2668668564,London,England,United Kingdom,Gold,2023-01-12,Inactive
CUST002500,Tina,Howard,Male,1984-07-19,tina.howard@outlook.com,7115395694,Delhi,Delhi,India,Platinum,2022-04-08,Inactive
CUST002501,Victoria,Clark,Female,1999-07-14,victoria.clark@outlook.com,7165760514, Hyderabad,Telangana,India,Silver,2025-11-14,Inactive
CUST002502,Brandon,Booth,Female,1999-03-05,brandon.booth@gmail.com,9398398609,Delhi,Delhi,India,Platinum,2023-02-18,Inactive
CUST002503,Alexander,Serrano,Male,1986-06-10,alexander.serrano@yahoo.com,8009124361,Mumbai,Maharashtra,India,Gold,2026-04-02,Inactive
CUST002504,Ethan,Adams,Female,1997-01-03,ethan.adams@outlook.com,3373706928,Singapore,Singapore,Singapore,Gold,2022-10-30,Active
CUST002505,Jessica,Wolf,Male,1993-02-28,jessica.wolf@hotmail.com,5802562389,Mumbai,Maharashtra,India,Gold,2025-09-06,Inactive
CUST002506,Michael,Wheeler,Female,2005-03-26,michael.wheeler@gmail.com,3880355224,New York,New York,United States,Silver,2023-07-31,Inactive
CUST002507,Nicholas,Perry,Male,2006-03-23,nicholas.perry@gmail.com,1520822919,Delhi,Delhi,India,Silver,2021-11-12,Active
CUST002508,Mark,Gonzalez,Female,1964-04-21,mark.gonzalez@hotmail.com,8603272761,Sydney,New South Wales,Australia,Platinum,2025-04-07,Active
CUST002509,Carlos,King,Female,1974-02-11,carlos.king@hotmail.com,0060262638,New York,New York,United States,Platinum,2022-12-16,Inactive
CUST002510,Victoria,Green,Female,2007-11-07,victoria.green@yahoo.com,5596875369,Chennai,Tamil Nadu,India,Platinum,2025-11-17,Active
CUST002511,Andrew,Lopez,Female,1989-08-11,andrew.lopez@outlook.com,4762809849,London,England,United Kingdom,Silver,2021-10-15,Inactive
CUST002512,Cheryl,Martinez,Male,1971-03-11,cheryl.martinez@hotmail.com,6216766898,Delhi,Delhi,India,Gold,2026-01-16,Inactive
CUST002513,Raymond,Morse,Female,1980-08-23,raymond.morse@hotmail.com,1168299376,Singapore,Singapore,Singapore,Silver,2026-05-01,Active
CUST002514,Michelle,Daniels,Male,1972-01-08,michelle.daniels@outlook.com,9102344198,Singapore,Singapore,Singapore,Silver,2022-12-18,Active
CUST002515,Amanda,Johnson,Female,1998-01-03,amanda.johnson@hotmail.com,5738950060,Delhi,Delhi,India,Gold,2024-08-09,Active
CUST002516,William,Haas,Female,2007-04-01,william.haas@yahoo.com,9259912256,Mumbai,Maharashtra,India,Diamond,2022-03-25,Active
CUST002517,Jonathan,Bowen,Female,2005-11-28,jonathan.bowen@yahoo.com,2674066830,NEW YORK,New York,United States,Silver,2024-05-20,Inactive
CUST002518,Jason,Garcia,Male,1972-05-25,jason.garcia@hotmail.com,0358387261,London ,England,United Kingdom,Diamond,2023-03-09,Active
CUST002519,Rebecca,Parker,Female,1955-11-07,rebecca.parker@yahoo.com,3330781527,Hyderabad,Telangana,India,Silver,2025-08-05,Inactive
CUST002520,Kimberly,Rowland,Male,1966-11-13,kimberly.rowland@yahoo.com,6741162512,Dubai,Dubai,UAE,Silver,2022-05-28,Inactive
CUST002521,Thomas,Ross,Male,1997-09-18,thomas.ross@yahoo.com,4826160296,Chennai,Tamil Nadu,India,Platinum,2023-02-01,Inactive
CUST002522,Troy,Carroll,Female,1964-07-20,troy.carroll@hotmail.com,5840763224,Sydney,New South Wales,Australia,Gold,2026-04-08,Active
CUST002523,Brady,Johnson,Female,1980-09-24,brady.johnson@gmail.com,2826489246,New York ,New York,United States,Diamond,2022-03-13,Active
CUST002524,Stephen,Moore,Male,1992-08-13,stephen.moore@hotmail.com,9005316665,Dubai,Dubai,UAE,Gold,2022-02-28,Inactive
CUST002525,Jennifer,Terry,Female,1976-07-21,jennifer.terry@gmail.com,5788733565,NEW YORK,New York,United States,Silver,2021-11-16,Active
CUST002526,Donald,Hughes,Female,1977-05-31,donald.hughes@hotmail.com,0053533018,Delhi,Delhi,India,Platinum,2023-10-27,Inactive
CUST002527,Travis,Wilkerson,Female,2000-10-10,travis.wilkerson@gmail.com,6777998357,Mumbai,Maharashtra,India,Platinum,2025-11-05,Active
CUST002528,Russell,Hunter,Female,1978-10-21,russell.hunter@yahoo.com,1927358765,New York,New York,United States,Platinum,2023-10-03,Inactive
CUST002529,John,Sullivan,Female,1988-02-28,john.sullivan@outlook.com,3415834563,Mumbai,Maharashtra,India,Platinum,2023-02-05,Active
CUST002530,Janet,Huber,Male,1975-02-02,janet.huber@yahoo.com,7630744270,New York,New York,United States,Silver,2025-04-14,Active
CUST002531,Vanessa,Ramirez,Female,1959-06-26,vanessa.ramirez@gmail.com,1684168921,Chennai,Tamil Nadu,India,Platinum,2025-12-25,Inactive
CUST002532,David,Hanna,Male,1967-04-15,david.hanna@outlook.com,6252782236,Chennai,Tamil Nadu,India,Platinum,2023-04-25,Active
CUST002533,Melissa,Collins,Female,2006-02-23,melissa.collins@hotmail.com,1574865142,Mumbai,Maharashtra,India,Gold,2023-01-03,Inactive
CUST002534,Savannah,Nixon,Female,2007-03-18,savannah.nixon@outlook.com,0805337795,New York,New York,United States,Gold,2024-01-23,Active
CUST002535,Daniel,Gutierrez,Male,1979-11-22,daniel.gutierrez@yahoo.com,0254682424,Sydney,New South Wales,Australia,Diamond,2022-09-06,Inactive
CUST002536,Dana,Carlson,Female,1957-01-07,dana.carlson@hotmail.com,7576682142,Chennai,Tamil Nadu,India,Platinum,2023-09-15,Active
CUST002537,Philip,Fitzgerald,Male,1976-10-17,philip.fitzgerald@gmail.com,9296285766,Sydney,New South Wales,Australia,Platinum,2026-04-08,Active
CUST002538,Megan,Rocha,Male,1998-01-07,megan.rocha@outlook.com,2073996553,Mumbai,Maharashtra,India,Gold,2025-09-29,Active
CUST002539,John,Martinez,Female,1968-07-13,john.martinez@outlook.com,6207961370,New York,New York,United States,Diamond,2021-12-17,Active
CUST002540,Charles,Drake,Male,1999-01-19,charles.drake@hotmail.com,1313024832,Mumbai,Maharashtra,India,Diamond,2025-03-20,Inactive
CUST002541,Brian,Ortiz,Female,1990-11-21,brian.ortiz@hotmail.com,4171644123,Singapore,Singapore,Singapore,Gold,2023-09-02,Active
CUST002542,Michael,Foster,Female,1975-09-10,michael.foster@yahoo.com,0324625023,New York,New York,United States,Gold,2021-08-19,Inactive
CUST002543,Lynn,Burns,Female,1957-06-29,lynn.burns@gmail.com,8132340820,Singapore,Singapore,Singapore,Gold,2021-09-18,Inactive
CUST002544,Rachel,Wilson,Female,1964-01-06,rachel.wilson@yahoo.com,2831161778,London,England,United Kingdom,Diamond,2022-01-13,Inactive
CUST002545,Elizabeth,West,Female,1957-09-23,elizabeth.west@hotmail.com,3334514387,Sydney,New South Wales,Australia,Gold,2023-07-06,Inactive
CUST002546,Meghan,Smith,Female,1999-04-25,meghan.smith@outlook.com,8725978754,New York,New York,United States,Gold,2023-08-05,Active
CUST002547,Tamara,Foster,Male,1969-10-22,tamara.foster@hotmail.com,3896666948,Chennai,Tamil Nadu,India,Gold,2023-06-24,Inactive
CUST002548,Michele,Joyce,Female,1989-04-12,michele.joyce@outlook.com,7268286776,Bengaluru,Karnataka,India,Gold,2022-02-17,Active
CUST002549,Melissa,Stokes,Female,1970-05-13,melissa.stokes@outlook.com,5771579341,Dubai,Dubai,UAE,Gold,2022-12-27,Inactive
CUST002550,Christopher,Fowler,Female,1978-07-13,christopher.fowler@hotmail.com,0365029778,Bengaluru,Karnataka,India,Silver,2025-05-27,Active
CUST002551,Edward,Johnson,Male,1978-07-11,edward.johnson@hotmail.com,7369138274,Hyderabad,Telangana,India,Platinum,2021-12-08,Active
CUST002552,Brian,Arnold,Female,1993-05-02,brian.arnold@hotmail.com,0686232663,Sydney,New South Wales,Australia,Silver,2022-03-29,Active
CUST002553,Michele,Hernandez,Female,1999-06-14,abc@,6275273098,Hyderabad,Telangana,India,Gold,2024-08-08,Active
CUST002554,Mary,Ortega,Female,1959-11-10,mary.ortega@hotmail.com,9648327252,London,England,United Kingdom,Gold,2021-10-18,Active
CUST002555,Timothy,Smith,Male,1995-01-28,timothy.smith@yahoo.com,2339580629,Delhi,Delhi,India,Gold,2025-10-30,Active
CUST002556,Brian,Johnson,Female,1999-05-12,,9828036587,Sydney,New South Wales,Australia,Platinum,2023-06-21,Inactive
CUST002557,Tyler,Knight,Female,1957-06-17,tyler.knight@hotmail.com,1045031328,Dubai,Dubai,UAE,Diamond,2022-12-24,Active
CUST002558,Angela,Vasquez,Female,1990-02-21,angela.vasquez@outlook.com,5696118836,New York,New York,United States,Silver,2023-10-03,Inactive
CUST002559,Erika,Davenport,Female,1980-01-03,erika.davenport@outlook.com,4592015351,London,England,United Kingdom,Gold,2024-04-29,Inactive
CUST002560,Dawn,Mccarthy,Female,2006-09-17,dawn.mccarthy@yahoo.com,8850489887,Mumbai,Maharashtra,India,Diamond,2021-07-27,Active
CUST002561,Cynthia,Davis,Male,2006-09-26,cynthia.davis@yahoo.com,1524736030,New York,New York,United States,Silver,2023-10-31,Inactive
CUST002562,Margaret,Dixon,Male,1964-04-05,margaret.dixon@outlook.com,6951190050,Sydney,New South Wales,Australia,Platinum,2024-09-16,Inactive
CUST002563,Blake,Smith,Male,1998-08-03,blake.smith@gmail.com,7075000873,London,England,United Kingdom,Diamond,2025-08-23,Inactive
CUST002564,Carrie,Brown,Male,1998-03-24,carrie.brown@hotmail.com,5894011289,Dubai,Dubai,UAE,Platinum,2023-10-24,Active
CUST002565,Kenneth,Mclaughlin,Female,1968-10-11,kenneth.mclaughlin@outlook.com,9925645096,Bengaluru,Karnataka,India,Gold,2022-10-06,Inactive
CUST002566,Nicholas,Miller,Female,1980-10-30,nicholas.miller@outlook.com,6328697653,Bengaluru,Karnataka,India,Platinum,2024-03-05,Inactive
CUST002567,Richard,Roberts,Female,1971-11-04,richard.roberts@hotmail.com,9701934001,Sydney,New South Wales,Australia,Platinum,2021-12-09,Active
CUST002568,Melissa,Johnson,Female,1988-08-08,melissa.johnson@gmail.com,6941316656,New York,New York,United States,Platinum,2024-08-28,Inactive
CUST002569,Kristen,Moore,Male,1966-07-15,kristen.moore@gmail.com,1774891008,Delhi,Delhi,India,Silver,2022-07-14,Active
CUST002570,Michael,Sanchez,Male,1994-07-15,michael.sanchez@outlook.com,6553632863,Hyderabad,Telangana,India,Silver,2025-08-03,Active
CUST002571,Nicole,Webb,Female,1994-10-05,nicole.webb@gmail.com,7331802380,Hyderabad,Telangana,India,Platinum,2023-06-08,Active
CUST002572,Linda,Schmidt,Male,1975-07-26,linda.schmidt@outlook.com,7265041046,Mumbai,Maharashtra,India,Silver,2024-07-03,Inactive
CUST002573,Patricia,Frost,Female,1981-03-24,patricia.frost@hotmail.com,2616593153,Chennai,Tamil Nadu,India,Platinum,2023-11-20,Inactive
CUST002574,Jason,Alvarez,Male,1968-04-02,jason.alvarez@outlook.com,4176985030,Chennai,Tamil Nadu,India,Silver,2021-09-17,Active
CUST002575,Amber,Smith,Male,1988-04-24,amber.smith@gmail.com,5289367943,Singapore,Singapore,Singapore,Platinum,2024-04-29,Inactive
CUST002576,Jonathan,Hernandez,Male,2008-01-16,jonathan.hernandez@hotmail.com,2640040466,New York,New York,United States,Platinum,2023-08-21,Inactive
CUST002577,Jeremy,Smith,Female,1989-02-27,jeremy.smith@outlook.com,4288393749,Bengaluru,Karnataka,India,Diamond,2025-09-13,Inactive
CUST002578,Jennifer,Adams,Male,1977-03-28,jennifer.adams@hotmail.com,5197273614,Singapore,Singapore,Singapore,Diamond,2022-08-03,Active
CUST002579,Donald,Olson,Male,1960-01-04,donald.olson@yahoo.com,0837386483,Mumbai,Maharashtra,India,Gold,2022-04-13,Inactive
CUST002580,Donald,Drake,Male,1979-03-09,donald.drake@outlook.com,1696380077,New York,New York,United States,Platinum,2024-08-31,Active
CUST002581,Michael,Davis,Female,1978-06-19,michael.davis@hotmail.com,0283865035,Bengaluru,Karnataka,India,Silver,2025-02-02,Active
CUST002582,Emily,Chang,Female,1957-09-09,emily.chang@outlook.com,3063862740,Singapore,Singapore,Singapore,Diamond,2024-05-28,Active
CUST002583,Lori,Guerrero,Male,1963-06-11,lori.guerrero@yahoo.com,1382712196,Dubai,Dubai,UAE,Platinum,2024-11-08,Active
CUST002584,Stephanie,Osborne,Female,1961-01-01,stephanie.osborne@yahoo.com,6023877315,New York,New York,United States,Diamond,2024-04-23,Active
CUST002585,Steven,Williams,Male,2006-01-04,steven.williams@yahoo.com,9920178030,Mumbai,Maharashtra,India,Gold,2024-02-23,Inactive
CUST002586,Christina,Ford,Female,2004-03-20,christina.ford@outlook.com,1332230176,Mumbai,Maharashtra,India,Diamond,2024-07-09,Inactive
CUST002587,Sheryl,Palmer,Male,1981-04-14,sheryl.palmer@hotmail.com,6157456419,Chennai,Tamil Nadu,India,Platinum,2025-05-09,Inactive
CUST002588,Brittany,Waters,Male,2003-04-28,brittany.waters@yahoo.com,5190381579,Chennai,Tamil Nadu,India,Gold,2023-10-21,Inactive
CUST002589,Brett,Oconnor,Male,1966-02-01,brett.oconnor@yahoo.com,4827039364,Singapore,Singapore,Singapore,Platinum,2024-04-03,Inactive
CUST002590,Corey,Davis,Female,2000-10-24,corey.davis@hotmail.com,1713023833,Mumbai,Maharashtra,India,Silver,2022-09-23,Active
CUST002591,Jason,Scott,Female,1988-07-05,jason.scott@hotmail.com,4039204445,Singapore,Singapore,Singapore,Platinum,2024-01-17,Inactive
CUST002592,John,Green,Female,1982-11-01,john.green@hotmail.com,8458494605,Dubai,Dubai,UAE,Diamond,2023-12-21,Inactive
CUST002593,Robert,Johnson,Male,2004-02-10,robert.johnson@gmail.com,0245679220,Mumbai,Maharashtra,India,Gold,2025-04-30,Inactive
CUST002594,Deborah,Tapia,Female,1988-02-11,deborah.tapia@gmail.com,,New York,New York,United States,Gold,2022-02-13,Inactive
CUST002595,Nathan,Strong,Male,1989-07-04,nathan.strong@outlook.com,8859724216,Delhi,Delhi,India,Gold,2026-04-05,Active
CUST002596,Julie,Conway,Female,1969-01-06,julie.conway@yahoo.com,4410915599,Chennai,Tamil Nadu,India,Silver,2026-04-24,Inactive
CUST002597,Mark,Porter,Male,1987-12-29,mark.porter@yahoo.com,3205468239,Dubai,Dubai,UAE,Silver,2022-01-29,Inactive
CUST002598,Carolyn,Valencia,Female,2003-12-11,carolyn.valencia@outlook.com,4847315516,Bengaluru,Karnataka,India,Silver,2025-03-19,Active
CUST002599,Steven,Duke,Female,1969-06-05,steven.duke@gmail.com,8603179635,Delhi,Delhi,India,Gold,2024-08-18,Inactive
CUST002600,Joy,Bradford,Male,1976-02-18,joy.bradford@outlook.com,3735623834,Mumbai,Maharashtra,India,Diamond,2026-05-11,Inactive
CUST002601,Thomas,Watson,Male,1978-09-04,thomas.watson@gmail.com,4730957010,New York,New York,United States,Diamond,2025-12-26,Active
CUST002602,Jenna,Robinson,Male,1973-02-11,jenna.robinson@gmail.com,7566258727,Delhi,Delhi,India,Diamond,2022-08-13,Active
CUST002603,Regina,Barber,Male,1957-08-18,regina.barber@hotmail.com,1475226719,Mumbai,Maharashtra,India,Silver,2024-11-22,Active
CUST002604,Amy,Carson,Male,1997-10-14,amy.carson@hotmail.com,6370128184,Chennai,Tamil Nadu,India,Diamond,2026-06-02,Active
CUST002605,Misty,Anderson,Female,1964-05-04,misty.anderson@outlook.com,9761634503,Dubai,Dubai,UAE,Diamond,2021-12-31,Active
CUST002606,Cory,Davis,Female,2000-09-01,cory.davis@gmail.com,1003593271,Sydney,New South Wales,Australia,Diamond,2026-01-04,Inactive
CUST002607,Christopher,Williams,Male,1987-05-08,christopher.williams@yahoo.com,4864884800,Sydney,New South Wales,Australia,Platinum,2021-12-30,Active
CUST002608,Joanna,Young,Male,1977-06-23,joanna.young@outlook.com,2927583882,Dubai,Dubai,UAE,Silver,2023-12-12,Inactive
CUST002609,Michael,Wood,Female,2003-11-28,michael.wood@hotmail.com,9484172834,Mumbai,Maharashtra,India,Gold,2023-04-19,Active
CUST002610,John,Greene,Male,1991-02-21,john.greene@outlook.com,8574498194,Singapore,Singapore,Singapore,Gold,2023-05-11,Active
CUST002611,Nicole,Young,Male,1967-09-05,nicole.young@gmail.com,6478863149,Singapore,Singapore,Singapore,Gold,2023-01-12,Active
CUST002612,Jeffrey,Johnson,Female,1963-01-27,jeffrey.johnson@hotmail.com,8062910524,Hyderabad,Telangana,India,Platinum,2022-09-27,Active
CUST002613,Jeremy,Moore,Male,1993-11-06,jeremy.moore@yahoo.com,4561077329,New York ,New York,United States,Gold,2022-10-31,Inactive
CUST002614,Barbara,Carpenter,Male,1998-08-11,barbara.carpenter@yahoo.com,2989913274,Mumbai,Maharashtra,India,Diamond,2022-10-28,Active
CUST002615,Chad,Perez,Female,1997-09-26,chad.perez@yahoo.com,6750295337,New York,New York,United States,Gold,2023-03-24,Active
CUST002616,Michelle,Hoover,Male,1965-07-15,michelle.hoover@hotmail.com,9285597966,Sydney,New South Wales,Australia,Platinum,2023-08-12,Inactive
CUST002617,Andrea,Evans,Female,1990-01-08,andrea.evans@gmail.com,3621862410,Singapore,Singapore,Singapore,Gold,2022-12-04,Inactive
CUST002618,George,Decker,Male,1981-10-09,george.decker@hotmail.com,1116507723,New York ,New York,United States,Gold,2021-11-22,Inactive
CUST002619,Scott,Mitchell,Male,1994-10-17,scott.mitchell@gmail.com,5276002215,Delhi,Delhi,India,Silver,2022-09-19,Inactive
CUST002620,Parker,Thompson,Female,2001-03-01,parker.thompson@outlook.com,4946052410,London,England,United Kingdom,Gold,2025-11-09,Inactive
CUST002621,Javier,Whitehead,Male,2002-10-30,javier.whitehead@hotmail.com,1529632638,New York,New York,United States,Platinum,2025-03-26,Inactive
CUST002622,Richard,Sullivan,Female,1972-09-14,richard.sullivan@gmail.com,7177107158,Bengaluru,Karnataka,India,Silver,2022-12-31,Inactive
CUST002623,Jason,King,Female,1966-03-13,jason.king@outlook.com,4479184124,Bengaluru,Karnataka,India,Platinum,2023-08-20,Active
CUST002624,Debra,Tucker,Male,1997-06-06,debra.tucker@gmail.com,1137769516,Bengaluru,Karnataka,India,Silver,2022-10-03,Inactive
CUST002625,Angela,Washington,Female,1981-04-19,angela.washington@gmail.com,1973720341,Singapore,Singapore,Singapore,Gold,2025-12-04,Inactive
CUST002626,Virginia,Simon,Male,1990-02-23,virginia.simon@gmail.com,5051095690,Dubai,Dubai,UAE,Platinum,2022-03-25,Inactive
CUST002627,Destiny,Sherman,Male,2003-04-03,destiny.sherman@yahoo.com,1668381601,Hyderabad,Telangana,India,Silver,2024-05-18,Active
CUST002628,Raymond,Perry,Female,1972-12-25,raymond.perry@hotmail.com,5289733596,Sydney,New South Wales,Australia,Diamond,2023-09-23,Active
CUST002629,Denise,Chavez,Male,1972-08-27,denise.chavez@outlook.com,8200671403,Delhi,Delhi,India,Gold,2025-05-23,Inactive
CUST002630,Jonathan,Osborne,Male,1969-07-25,jonathan.osborne@yahoo.com,8858097524,Mumbai,Maharashtra,India,Gold,2023-11-27,Inactive
CUST002631,Shelley,Wilkinson,Male,1974-11-25,shelley.wilkinson@hotmail.com,0716985975,Chennai,Tamil Nadu,India,Gold,2024-01-05,Inactive
CUST002632,Elaine,Martinez,Female,1964-01-10,elaine.martinez@hotmail.com,8565072259,Chennai,Tamil Nadu,India,Platinum,2023-07-06,Active
CUST002633,Trevor,Butler,Male,1956-05-07,trevor.butler@hotmail.com,9456037870,Sydney,New South Wales,Australia,Diamond,2022-07-02,Inactive
CUST002634,Micheal,Romero,Male,1966-10-18,micheal.romero@gmail.com,5743360686,Delhi,Delhi,India,Silver,2023-11-09,Inactive
CUST002635,Derek,Roberts,Female,1996-11-03,derek.roberts@yahoo.com,2300038813,New York,New York,United States,Diamond,2021-09-03,Active
CUST002636,Tiffany,Wolf,Male,1990-07-11,tiffany.wolf@yahoo.com,3515943018,Sydney,New South Wales,Australia,Platinum,2025-02-16,Inactive
CUST002637,Nathan,Hodges,Female,1967-02-24,nathan.hodges@outlook.com,6126079311,Delhi,Delhi,India,Diamond,2025-12-16,Active
CUST002638,Jane,Carlson,Female,1968-10-12,jane.carlson@yahoo.com,3068313886,London,England,United Kingdom,Silver,2025-12-31,Inactive
CUST002639,Philip,Morgan,Female,1965-05-08,philip.morgan@gmail.com,4609195683,London ,England,United Kingdom,Gold,2025-12-24,Active
CUST002640,Sheena,Chang,Female,1960-08-12,sheena.chang@gmail.com,1722725956,Mumbai,Maharashtra,India,Diamond,2023-12-05,Active
CUST002641,Sean,Jefferson,Male,1961-05-01,sean.jefferson@hotmail.com,6106655462,Delhi,Delhi,India,Silver,2025-10-18,Active
CUST002642,Mark,Bailey,Male,1998-08-24,,8479018352,Hyderabad,Telangana,India,Gold,2024-02-19,Inactive
CUST002643,Peter,Gonzalez,Female,1975-11-03,peter.gonzalez@yahoo.com,3490932057,Delhi,Delhi,India,Diamond,2023-09-15,Active
CUST002644,Roy,Cole,Male,1970-10-05,roy.cole@outlook.com,5717313330,Dubai,Dubai,UAE,Silver,2022-01-01,Inactive
CUST002645,Joshua,Smith,Female,1999-04-28,joshua.smith@gmail.com,1727595121,Chennai,Tamil Nadu,India,Gold,2023-06-09,Active
CUST002646,Monica,Miles,Female,1983-05-10,monica.miles@outlook.com,2669311416,Mumbai,Maharashtra,India,Gold,2023-09-24,Inactive
CUST002647,Kimberly,Mitchell,Female,1960-06-30,kimberly.mitchell@hotmail.com,1483203344,Mumbai,Maharashtra,India,Platinum,2023-12-06,Active
CUST002648,Jeffrey,Proctor,Female,1988-01-04,jeffrey.proctor@outlook.com,4346188450,Bengaluru,Karnataka,India,Gold,2025-06-05,Inactive
CUST002649,Jodi,Singh,Male,2002-06-21,jodi.singh@outlook.com,5791656158,Singapore,Singapore,Singapore,Gold,2021-12-19,Inactive
CUST002650,Heather,Tucker,Male,1963-05-11,heather.tucker@outlook.com,9075396147,Bengaluru,Karnataka,India,Platinum,2024-04-23,Active
CUST002651,Jeffrey,Bailey,Female,2008-07-01,jeffrey.bailey@yahoo.com,6901106964, Singapore,Singapore,Singapore,Platinum,2022-12-21,Active
CUST002652,Timothy,Martinez,Male,1963-01-20,timothy.martinez@hotmail.com,0214794135,New York,New York,United States,Gold,2022-04-17,Active
CUST002653,Jeffery,Williams,Male,1977-02-12,jeffery.williams@gmail.com,1918857454,Mumbai,Maharashtra,India,Gold,2022-12-26,Inactive
CUST002654,Bruce,Mercado,Female,1975-08-24,bruce.mercado@yahoo.com,0610664701,Sydney,New South Wales,Australia,Diamond,2022-08-04,Inactive
CUST002655,David,May,Male,1965-08-09,david.may@yahoo.com,1248875986,Mumbai,Maharashtra,India,Diamond,2023-09-20,Active
CUST002656,Eric,Dillon,Male,1966-03-17,eric.dillon@yahoo.com,3429217999,Delhi,Delhi,India,Diamond,2023-11-11,Active
CUST002657,Shane,Ali,Female,1980-01-18,shane.ali@yahoo.com,2556296892,Sydney,New South Wales,Australia,Silver,2025-04-25,Active
CUST002658,Robert,Parks,Male,1967-04-05,robert.parks@yahoo.com,4317259624,Dubai,Dubai,UAE,Diamond,2026-06-12,Inactive
CUST002659,Robert,Osborne,Male,1997-04-29,robert.osborne@gmail.com,0791443845,Bengaluru,Karnataka,India,Silver,2025-09-11,Active
CUST002660,Daniel,Gonzalez,Female,1974-07-23,daniel.gonzalez@gmail.com,8310007327,New York,New York,United States,Silver,2022-12-01,Inactive
CUST002661,Shawn,Burns,Male,2008-03-05,shawn.burns@hotmail.com,0189517543,Singapore,Singapore,Singapore,Diamond,2024-01-11,Active
CUST002662,Isabella,Patterson,Male,2003-07-03,isabella.patterson@yahoo.com,5101786523,Mumbai,Maharashtra,India,Silver,2024-09-02,Active
CUST002663,Elizabeth,Gonzalez,Female,1983-10-18,elizabeth.gonzalez@yahoo.com,6103152515,Sydney,New South Wales,Australia,Gold,2024-04-17,Active
CUST002664,Janice,Palmer,Male,1962-10-06,janice.palmer@outlook.com,8151922469,New York,New York,United States,Diamond,2025-09-25,Inactive
CUST002665,Brent,Knox,Female,1967-03-23,brent.knox@gmail.com,4665399962,New York,New York,United States,Gold,2023-03-28,Active
CUST002666,Wesley,Rice,Male,1974-08-23,wesley.rice@hotmail.com,4443512040,Chennai,Tamil Nadu,India,Diamond,2024-12-07,Active
CUST002667,Taylor,Stewart,Male,1979-07-04,taylor.stewart@gmail.com,5411035913,Sydney,New South Wales,Australia,Diamond,2025-05-27,Active
CUST002668,Jean,Hall,Female,1957-01-20,jean.hall@yahoo.com,5806052730,New York,New York,United States,Diamond,2022-01-24,Inactive
CUST002669,Sandra,Lyons,Female,1963-09-21,sandra.lyons@gmail.com,4632534726,Chennai,Tamil Nadu,India,Silver,2024-09-13,Inactive
CUST002670,Andrew,Jackson,Male,1990-03-21,andrew.jackson@gmail.com,9985754611,SYDNEY,New South Wales,Australia,Gold,2022-06-22,Inactive
CUST002671,Kristen,Clark,Male,1988-10-22,kristen.clark@gmail.com,0449117178,Bengaluru,Karnataka,India,Silver,2025-07-25,Inactive
CUST002672,Amber,Scott,Female,1990-06-01,amber.scott@hotmail.com,4496709299,London,England,United Kingdom,Diamond,2024-03-15,Active
CUST002673,Crystal,Davies,Male,1974-04-12,crystal.davies@yahoo.com,5587755467,Bengaluru,Karnataka,India,Platinum,2026-04-19,Active
CUST002674,Corey,Smith,Male,1969-01-31,corey.smith@hotmail.com,1735618376,London,England,United Kingdom,Platinum,2025-09-04,Active
CUST002675,Ryan,Wheeler,Male,1999-01-08,ryan.wheeler@outlook.com,5579870138,New York,New York,United States,Diamond,2025-09-07,Active
CUST002676,Samantha,Mahoney,Female,1978-10-03,samantha.mahoney@hotmail.com,2249482896,London,England,United Kingdom,Silver,2022-07-24,Active
CUST002677,Ann,Chapman,Male,1963-12-25,ann.chapman@hotmail.com,8937076121,Singapore,Singapore,Singapore,Silver,2024-09-17,Inactive
CUST002678,Patricia,Jennings,Male,1973-12-21,patricia.jennings@gmail.com,5188525415,Singapore,Singapore,Singapore,Gold,2022-08-06,Active
CUST002679,Kathryn,Davis,Male,1974-02-04,kathryn.davis@outlook.com,5467499914,New York,New York,United States,Platinum,2024-08-16,Inactive
CUST002680,Joseph,Wells,Male,1995-02-22,joseph.wells@outlook.com,8965862846,Bengaluru,Karnataka,India,Platinum,2022-05-10,Inactive
CUST002681,Thomas,Rodriguez,Male,1957-09-06,thomas.rodriguez@outlook.com,5847626713,London,England,United Kingdom,Platinum,2022-10-08,Active
CUST002682,Wesley,Harper,Male,1977-03-28,wesley.harper@gmail.com,3097528449,Mumbai,Maharashtra,India,Gold,2025-08-03,Inactive
CUST002683,Tara,Moran,Female,2003-02-17,,3765397282,Sydney,New South Wales,Australia,Diamond,2026-04-02,Inactive
CUST002684,Anita,Williams,Female,1989-12-25,anita.williams@yahoo.com,2565689316,Dubai,Dubai,UAE,Silver,2026-04-15,Inactive
CUST002685,Judy,Hernandez,Female,1960-09-30,judy.hernandez@yahoo.com,3683498589,Mumbai,Maharashtra,India,Gold,2023-06-07,Inactive
CUST002686,Steven,Mueller,Male,1974-11-24,steven.mueller@gmail.com,0127495681,BENGALURU,Karnataka,India,Platinum,2024-02-23,Inactive
CUST002687,Timothy,Trevino,Female,1974-03-03,timothy.trevino@gmail.com,6969168458,London,England,United Kingdom,Silver,2022-12-26,Active
CUST002688,Patricia,Wise,Male,1989-08-18,patricia.wise@outlook.com,0797581355,Singapore,Singapore,Singapore,Gold,2022-05-25,Active
CUST002689,Rebecca,Garcia,Female,1968-09-25,rebecca.garcia@gmail.com,7379919568,Chennai,Tamil Nadu,India,Gold,2022-11-14,Inactive
CUST002690,Jeffery,Gardner,Male,1978-04-13,jeffery.gardner@gmail.com,3718591307,New York,New York,United States,Gold,2023-03-24,Inactive
CUST002691,Kathleen,Hardin,Female,1976-12-05,kathleen.hardin@yahoo.com,8622604844,Hyderabad,Telangana,India,Platinum,2023-06-13,Active
CUST002692,Norman,Sawyer,Male,1995-07-21,norman.sawyer@outlook.com,0348905304,Mumbai,Maharashtra,India,Diamond,2024-08-12,Active
CUST002693,Paul,Jones,Female,1985-03-17,paul.jones@hotmail.com,9577062464,Hyderabad ,Telangana,India,Silver,2024-08-12,Active
CUST002694,Emily,Rodriguez,Male,2002-03-17,emily.rodriguez@gmail.com,2429553050,Bengaluru,Karnataka,India,Silver,2024-02-23,Inactive
CUST002695,Stephen,Morris,Female,1969-06-14,stephen.morris@gmail.com,1895563902,Singapore,Singapore,Singapore,Platinum,2025-11-17,Inactive
CUST002696,Joseph,Aguirre,Female,1959-01-04,joseph.aguirre@yahoo.com,5838123185,London,England,United Kingdom,Diamond,2023-05-18,Active
CUST002697,Rebekah,Johnson,Female,1979-02-17,rebekah.johnson@gmail.com,3034565839,Bengaluru,Karnataka,India,Platinum,2023-09-01,Inactive
CUST002698,Kristen,Reynolds,Female,1995-08-05,kristen.reynolds@yahoo.com,3563539975,Hyderabad,Telangana,India,Silver,2025-07-30,Inactive
CUST002699,Amanda,Moore,Male,1983-01-23,amanda.moore@hotmail.com,2327213110,Dubai,Dubai,UAE,Platinum,2023-03-30,Active
CUST002700,Daniel,Smith,Female,1956-12-15,daniel.smith@hotmail.com,8231191119,Mumbai,Maharashtra,India,Gold,2023-11-01,Inactive
CUST002701,Christina,Dorsey,Female,2005-05-28,christina.dorsey@hotmail.com,1044452930,Chennai,Tamil Nadu,India,Diamond,2022-12-24,Inactive
CUST002702,Kelly,Lynch,Female,1991-03-14,kelly.lynch@yahoo.com,9833334391,Delhi,Delhi,India,Platinum,2025-04-04,Inactive
CUST002703,Joanna,Crawford,Male,1991-06-04,joanna.crawford@yahoo.com,6777707852,Chennai,Tamil Nadu,India,Diamond,2023-07-13,Active
CUST002704,Michael,Rodriguez,Male,1994-05-25,michael.rodriguez@outlook.com,6471061937,New York,New York,United States,Silver,2022-12-01,Inactive
CUST002705,Jill,Adkins,Female,2003-07-12,jill.adkins@yahoo.com,7815556484,Hyderabad,Telangana,India,Platinum,2025-01-08,Inactive
CUST002706,Nathaniel,Ellis,Female,1976-03-09,nathaniel.ellis@outlook.com,0086173733,Sydney,New South Wales,Australia,Platinum,2022-11-22,Active
CUST002707,Laura,Hall,Female,1997-01-26,laura.hall@gmail.com,5987963826,New York,New York,United States,Platinum,2024-07-30,Inactive
CUST002708,Jeffrey,Mills,Male,1972-03-08,jeffrey.mills@gmail.com,4672080620,Dubai,Dubai,UAE,Diamond,2023-09-10,Active
CUST002709,Robert,James,Male,2000-11-03,robert.james@yahoo.com,1803955704,Delhi,Delhi,India,Silver,2023-07-09,Inactive
CUST002710,Cheryl,Chang,Female,1966-07-15,cheryl.chang@yahoo.com,5862724715,Hyderabad,Telangana,India,Diamond,2026-05-16,Inactive
CUST002711,Carlos,Rush,Male,1982-10-09,carlos.rush@yahoo.com,3835700758,Delhi,Delhi,India,Gold,2023-03-20,Active
CUST002712,John,Austin,Female,1961-02-08,john.austin@hotmail.com,8182568111,Delhi,Delhi,India,Gold,2022-09-20,Active
CUST002713,Beth,Lee,Female,1966-06-09,beth.lee@outlook.com,4929826953,Mumbai,Maharashtra,India,Platinum,2022-07-23,Active
CUST002714,Amanda,Martinez,Male,2003-12-22,amanda.martinez@gmail.com,1159701192,New York,New York,United States,Gold,2023-01-21,Active
CUST002715,Rachel,Martin,Female,2000-02-27,rachel.martin@outlook.com,,Sydney,New South Wales,Australia,Silver,2023-12-22,Inactive
CUST002716,Robert,Butler,Male,1973-06-08,robert.butler@outlook.com,6015154897,Sydney,New South Wales,Australia,Silver,2023-12-08,Active
CUST002717,Edward,Davis,Female,1974-06-21,edward.davis@gmail.com,4652743362,Sydney,New South Wales,Australia,Diamond,2023-05-21,Active
CUST002718,Matthew,Martinez,Male,1976-08-15,matthew.martinez@gmail.com,,Dubai,Dubai,UAE,Diamond,2022-08-18,Active
CUST002719,Daniel,Williams,Male,1993-08-29,daniel.williams@gmail.com,8305357828,New York,New York,United States,Diamond,2022-05-18,Active
CUST002720,Ronnie,Massey,Female,2004-07-10,ronnie.massey@hotmail.com,5964413939,Bengaluru,Karnataka,India,Gold,2024-02-11,Active
CUST002721,Kara,Glenn,Female,2006-01-04,kara.glenn@yahoo.com,8864727230,Hyderabad,Telangana,India,Silver,2022-07-17,Inactive
CUST002722,Richard,Porter,Male,1961-10-02,richard.porter@outlook.com,2348971082,Delhi,Delhi,India,Platinum,2022-09-13,Inactive
CUST002723,Krystal,Dixon,Female,2007-01-06,krystal.dixon@gmail.com,9027263363,Hyderabad,Telangana,India,Diamond,2024-05-16,Active
CUST002724,Andrew,Johnson,Female,1997-09-21,andrew.johnson@yahoo.com,0017530402,Bengaluru,Karnataka,India,Gold,2024-07-20,Inactive
CUST002725,Nicholas,Berger,Female,1958-07-19,nicholas.berger@hotmail.com,0469435738,Mumbai,Maharashtra,India,Gold,2023-12-12,Inactive
CUST002726,Kevin,Watts,Male,1977-09-07,kevin.watts@yahoo.com,7105003853,Hyderabad,Telangana,India,Silver,2022-07-04,Active
CUST002727,Hayley,Watson,Female,2006-03-28,hayley.watson@yahoo.com,3383929781,NEW YORK,New York,United States,Platinum,2022-07-29,Inactive
CUST002728,Amy,Stein,Female,1956-05-05,amy.stein@hotmail.com,8135438672,Chennai,Tamil Nadu,India,Platinum,2024-05-02,Inactive
CUST002729,Diane,Larson,Male,1992-09-20,diane.larson@hotmail.com,8395204326,Dubai,Dubai,UAE,Silver,2024-10-11,Inactive
CUST002730,Adam,Rice,Male,1967-03-23,adam.rice@yahoo.com,1766330434,Dubai,Dubai,UAE,Gold,2023-12-24,Inactive
CUST002731,Bryan,Jones,Female,1975-07-11,bryan.jones@yahoo.com,8872657645,Singapore,Singapore,Singapore,Platinum,2026-04-09,Inactive
CUST002732,Mary,Clark,Female,1964-05-27,mary.clark@outlook.com,8469758018,New York,New York,United States,Silver,2022-01-26,Active
CUST002733,Angela,Mcmillan,Male,2002-05-09,angela.mcmillan@outlook.com,5513435895,Singapore,Singapore,Singapore,Diamond,2025-06-03,Active
CUST002734,Eric,Taylor,Male,1959-01-13,eric.taylor@gmail.com,6585562003,New York,New York,United States,Platinum,2022-12-24,Active
CUST002735,Lisa,Brown,Female,2006-12-04,lisa.brown@yahoo.com,7108270543,Singapore,Singapore,Singapore,Silver,2022-09-29,Inactive
CUST002736,Kathleen,Woods,Female,1980-07-31,kathleen.woods@outlook.com,2080392991,London,England,United Kingdom,Silver,2024-11-08,Active
CUST002737,Teresa,Obrien,Female,1983-07-06,teresa.obrien@gmail.com,5074656970,Hyderabad,Telangana,India,Platinum,2021-08-21,Active
CUST002738,Christie,Baker,Female,1976-07-05,christie.baker@gmail.com,5207265365,London,England,United Kingdom,Platinum,2023-02-15,Active
CUST002739,Holly,Wagner,Male,1982-04-17,holly.wagner@gmail.com,6981880078,Singapore,Singapore,Singapore,Diamond,2024-09-28,Inactive
CUST002740,Paul,Walker,Male,1969-07-07,paul.walker@gmail.com,6407899816,Chennai,Tamil Nadu,India,Platinum,2026-05-29,Inactive
CUST002741,Stephanie,Brown,Female,1986-03-31,stephanie.brown@outlook.com,4460119451,London,England,United Kingdom,Diamond,2024-11-13,Inactive
CUST002742,Sean,Bradley,Male,1990-09-18,sean.bradley@hotmail.com,7681560998,Sydney,New South Wales,Australia,Platinum,2022-10-05,Inactive
CUST002743,Frank,Castillo,Female,1977-03-18,frank.castillo@outlook.com,0251080275,Chennai,Tamil Nadu,India,Gold,2026-05-17,Active
CUST002744,Phillip,Mullins,Female,1974-09-06,phillip.mullins@gmail.com,3941293506,Sydney,New South Wales,Australia,Gold,2023-07-14,Active
CUST002745,Vicki,Allen,Female,1969-12-15,vicki.allen@gmail.com,6023904411,Singapore,Singapore,Singapore,Silver,2022-09-17,Inactive
CUST002746,Isabella,Spencer,Female,1956-03-28,isabella.spencer@hotmail.com,8282213491,Dubai,Dubai,UAE,Platinum,2025-01-06,Active
CUST002747,Adriana,Sanders,Female,1973-09-08,adriana.sanders@yahoo.com,7699256498,Delhi,Delhi,India,Silver,2021-10-21,Active
CUST002748,Robin,Butler,Male,1976-06-18,robin.butler@outlook.com,3945012894,Sydney,New South Wales,Australia,Platinum,2025-02-08,Active
CUST002749,Robert,Bradley,Female,1959-10-13,robert.bradley@hotmail.com,6965412068, Singapore,Singapore,Singapore,Platinum,2024-12-25,Active
CUST002750,Stephen,Simmons,Male,1986-12-06,stephen.simmons@gmail.com,5051294546,Dubai,Dubai,UAE,Silver,2025-04-28,Inactive
CUST002751,Heather,Ward,Female,1993-02-11,heather.ward@hotmail.com,,London,England,United Kingdom,Silver,2023-02-25,Active
CUST002752,Michelle,Davis,Female,1966-03-26,michelle.davis@hotmail.com,3011654275,Dubai,Dubai,UAE,Gold,2024-12-22,Inactive
CUST002753,Stephanie,Oneill,Female,2006-05-25,stephanie.oneill@hotmail.com,7934654469,New York,New York,United States,Platinum,2025-03-04,Inactive
CUST002754,Jessica,Fuller,Male,1956-10-15,jessica.fuller@yahoo.com,8348714926,Chennai,Tamil Nadu,India,Silver,2023-02-08,Active
CUST002755,Michael,Cooper,Male,1989-01-21,michael.cooper@hotmail.com,5012496363,Bengaluru,Karnataka,India,Diamond,2026-06-22,Inactive
CUST002756,Lydia,Maynard,Female,2002-01-13,lydia.maynard@gmail.com,6802200622,Sydney,New South Wales,Australia,Diamond,2022-02-24,Inactive
CUST002757,Amanda,Johnson,Female,2000-09-08,amanda.johnson@gmail.com,5884839484,New York,New York,United States,Diamond,2022-03-06,Active
CUST002758,Sean,Fitzpatrick,Male,2004-09-20,sean.fitzpatrick@hotmail.com,8292152079,New York,New York,United States,Gold,2025-01-29,Active
CUST002759,Bryan,White,Male,1967-07-02,bryan.white@outlook.com,2558988371,Hyderabad,Telangana,India,Diamond,2023-03-21,Inactive
CUST002760,Courtney,Rubio,Male,2003-11-08,courtney.rubio@hotmail.com,2419207278,Singapore,Singapore,Singapore,Gold,2025-06-17,Inactive
CUST002761,Melvin,Gutierrez,Female,1998-01-18,melvin.gutierrez@gmail.com,4014717928,Hyderabad,Telangana,India,Diamond,2022-08-31,Active
CUST002762,Victoria,Gross,Female,1969-10-15,victoria.gross@hotmail.com,5353389360,Sydney,New South Wales,Australia,Gold,2026-03-10,Active
CUST002763,Sydney,Lucero,Male,1963-04-24,sydney.lucero@yahoo.com,7052426839,New York,New York,United States,Gold,2023-04-27,Inactive
CUST002764,Travis,Anderson,Female,1998-03-25,travis.anderson@outlook.com,8255552520,New York,New York,United States,Silver,2022-05-20,Active
CUST002765,Meghan,Estrada,Female,1984-02-18,meghan.estrada@yahoo.com,5029848129,Sydney,New South Wales,Australia,Diamond,2024-07-19,Active
CUST002766,Aaron,Smith,Male,1996-06-26,aaron.smith@hotmail.com,7307664064,London,England,United Kingdom,Diamond,2024-11-11,Active
CUST002767,Sonya,King,Female,1969-08-01,sonya.king@hotmail.com,8686004993,Dubai,Dubai,UAE,Silver,2022-04-25,Inactive
CUST002768,Catherine,Aguirre,Male,1989-08-28,catherine.aguirre@hotmail.com,1070792337, Dubai,Dubai,UAE,Platinum,2026-04-20,Active
CUST002769,Jacqueline,Whitehead,Female,1990-11-03,jacqueline.whitehead@yahoo.com,3672747191,Delhi,Delhi,India,Platinum,2022-11-22,Active
CUST002770,Natasha,Wilson,Female,1990-03-03,natasha.wilson@yahoo.com,0138928212,Singapore,Singapore,Singapore,Diamond,2026-03-24,Inactive
CUST002771,Danielle,Ortiz,Male,1998-01-01,danielle.ortiz@gmail.com,6219660563,New York,New York,United States,Silver,2022-10-05,Active
CUST002772,Juan,Kim,Female,1992-05-04,juan.kim@gmail.com,4494025617,New York ,New York,United States,Silver,2025-01-11,Active
CUST002773,Jacqueline,Norman,Female,1997-10-28,jacqueline.norman@yahoo.com,2371585905,Singapore,Singapore,Singapore,Platinum,2022-04-30,Inactive
CUST002774,Carlos,Wilson,Male,1960-03-21,carlos.wilson@yahoo.com,7824041698,Sydney,New South Wales,Australia,Silver,2021-12-23,Active
CUST002775,Beverly,Bishop,Female,1964-06-27,beverly.bishop@outlook.com,6714335034,Mumbai,Maharashtra,India,Platinum,2022-09-30,Active
CUST002776,Phillip,Novak,Male,1965-03-12,phillip.novak@outlook.com,5314880068,London,England,United Kingdom,Silver,2023-06-20,Active
CUST002777,Jesse,Shaw,Female,1961-02-20,jesse.shaw@gmail.com,7428252982,Dubai,Dubai,UAE,Diamond,2022-05-28,Active
CUST002778,Stephanie,Walter,Male,1966-12-17,stephanie.walter@outlook.com,5241049395,London,England,United Kingdom,Diamond,2023-12-02,Inactive
CUST002779,Hannah,Gonzalez,Female,1986-08-14,hannah.gonzalez@hotmail.com,1896734815,Dubai,Dubai,UAE,Diamond,2023-10-21,Active
CUST002780,Steven,Roach,Female,1982-02-06,steven.roach@hotmail.com,3756635810,New York,New York,United States,Gold,2024-08-29,Inactive
CUST002781,Christine,Adams,Male,1998-04-08,christine.adams@outlook.com,3626844928,Bengaluru,Karnataka,India,Gold,2023-12-27,Active
CUST002782,Luke,Perez,Male,1955-12-22,luke.perez@outlook.com,4404342890,London,England,United Kingdom,Silver,2023-10-18,Inactive
CUST002783,Crystal,Allen,Female,2008-05-12,crystal.allen@outlook.com,7970742713,Sydney,New South Wales,Australia,Gold,2023-06-08,Inactive
CUST002784,Holly,Whitney,Female,1996-10-11,holly.whitney@outlook.com,7809392903,New York,New York,United States,Diamond,2023-03-25,Active
CUST002785,Karen,Clark,Female,1999-02-18,karen.clark@outlook.com,0822661379,Mumbai,Maharashtra,India,Gold,2021-08-17,Active
CUST002786,Jennifer,Day,Male,1983-05-19,jennifer.day@gmail.com,6197712648,New York,New York,United States,Gold,2021-10-29,Active
CUST002787,Steven,Nguyen,Male,1966-03-14,steven.nguyen@hotmail.com,9740768144,Mumbai,Maharashtra,India,Gold,2023-12-05,Inactive
CUST002788,Donald,Robertson,Male,1966-11-09,donald.robertson@gmail.com,3815173676,Chennai,Tamil Nadu,India,Diamond,2021-11-04,Inactive
CUST002789,Joshua,Wood,Female,1992-08-30,joshua.wood@hotmail.com,0945793868,Mumbai,Maharashtra,India,Gold,2025-10-10,Active
CUST002790,Ruben,Joyce,Male,1995-04-13,ruben.joyce@outlook.com,2968489874,Bengaluru,Karnataka,India,Gold,2024-10-17,Inactive
CUST002791,James,Meyers,Male,1979-11-16,james.meyers@yahoo.com,9475984011,Singapore,Singapore,Singapore,Gold,2025-08-17,Inactive
CUST002792,Monica,Winters,Female,1979-06-08,monica.winters@yahoo.com,2905612323,Bengaluru,Karnataka,India,Silver,2022-08-26,Active
CUST002793,Amanda,Smith,Male,1967-06-26,amanda.smith@outlook.com,6795802640,London,England,United Kingdom,Silver,2025-07-10,Inactive
CUST002794,Robert,Zamora,Male,1996-03-23,robert.zamora@hotmail.com,8744466287,New York ,New York,United States,Diamond,2023-10-15,Active
CUST002795,Cynthia,House,Male,2004-07-23,cynthia.house@hotmail.com,9783486769,Mumbai,Maharashtra,India,Platinum,2024-05-16,Inactive
CUST002796,James,Castro,Male,1972-03-01,james.castro@hotmail.com,0859470561,New York,New York,United States,Gold,2024-10-05,Inactive
CUST002797,Larry,Dean,Male,1974-07-03,larry.dean@gmail.com,,Singapore,Singapore,Singapore,Platinum,2025-04-06,Active
CUST002798,Stacy,Beard,Female,1962-07-25,stacy.beard@outlook.com,3484116179,Singapore,Singapore,Singapore,Diamond,2022-08-24,Inactive
CUST002799,Shawn,Valenzuela,Male,1971-04-09,shawn.valenzuela@outlook.com,3246662733,Hyderabad,Telangana,India,Platinum,2024-04-24,Active
CUST002800,Megan,Ferguson,Male,1997-10-17,megan.ferguson@gmail.com,9308222563,Delhi,Delhi,India,Silver,2024-05-14,Inactive
CUST002801,Xavier,Marsh,Male,1982-06-06,xavier.marsh@gmail.com,3269005707,Dubai,Dubai,UAE,Platinum,2025-03-23,Inactive
CUST002802,Brianna,Acosta,Female,1968-07-28,brianna.acosta@outlook.com,8107795629,Singapore,Singapore,Singapore,Gold,2024-01-31,Inactive
CUST002803,Mary,Leon,Male,1989-11-22,mary.leon@yahoo.com,3031054833,Bengaluru,Karnataka,India,Platinum,2024-06-13,Inactive
CUST002804,Anthony,Hansen,Female,1979-11-05,anthony.hansen@hotmail.com,6183450095,Dubai,Dubai,UAE,Platinum,2022-05-02,Active
CUST002805,Ashley,Jackson,Female,1995-09-27,ashley.jackson@hotmail.com,2792923177,London,England,United Kingdom,Platinum,2022-01-04,Active
CUST002806,Richard,Wilcox,Female,1963-10-24,richard.wilcox@hotmail.com,5536707516,London,England,United Kingdom,Diamond,2024-03-07,Inactive
CUST002807,Gabrielle,Taylor,Male,2004-08-27,gabrielle.taylor@hotmail.com,3670980392,Chennai ,Tamil Nadu,India,Platinum,2022-07-09,Inactive
CUST002808,Cory,Lee,Female,2003-04-30,cory.lee@outlook.com,6101468492,London,England,United Kingdom,Gold,2023-05-13,Inactive
CUST002809,Isaiah,Conway,Male,1996-02-13,isaiah.conway@hotmail.com,9234249237,Sydney,New South Wales,Australia,Gold,2025-09-28,Active
CUST002810,Carol,Patrick,Male,1984-08-23,carol.patrick@yahoo.com,0323910127,Dubai,Dubai,UAE,Silver,2024-09-19,Active
CUST002811,Jared,Salas,Female,1979-03-10,jared.salas@yahoo.com,0834881032,Chennai,Tamil Nadu,India,Gold,2025-05-18,Inactive
CUST002812,Samantha,Underwood,Female,2005-02-22,samantha.underwood@outlook.com,5282913204,Delhi,Delhi,India,Diamond,2023-11-13,Active
CUST002813,Ricardo,Jensen,Male,2007-12-01,john@gmail,9885695580,Dubai,Dubai,UAE,Gold,2021-12-23,Inactive
CUST002814,Patricia,Miranda,Female,1968-07-06,patricia.miranda@hotmail.com,9033945656,Bengaluru,Karnataka,India,Silver,2025-11-14,Inactive
CUST002815,Kristopher,Sampson,Female,1969-01-30,kristopher.sampson@gmail.com,8446027502,Delhi,Delhi,India,Silver,2023-10-17,Active
CUST002816,Michael,Christian,Male,1959-08-06,michael.christian@yahoo.com,2256726380,Mumbai,Maharashtra,India,Platinum,2024-08-29,Inactive
CUST002817,Julie,Duncan,Female,1983-06-25,julie.duncan@gmail.com,6416922585,Mumbai,Maharashtra,India,Diamond,2025-10-28,Active
CUST002818,Tracy,Castro,Female,1963-07-05,tracy.castro@yahoo.com,9629597258,Delhi,Delhi,India,Platinum,2025-12-14,Active
CUST002819,Christopher,Mason,Male,1960-05-28,christopher.mason@outlook.com,9313952275,Delhi,Delhi,India,Diamond,2021-10-25,Inactive
CUST002820,Mark,Anderson,Male,1984-09-01,mark.anderson@hotmail.com,4579300123,Mumbai,Maharashtra,India,Gold,2025-04-05,Inactive
CUST002821,Abigail,Boone,Male,1957-11-16,abigail.boone@gmail.com,0959484582,Hyderabad,Telangana,India,Gold,2025-04-20,Active
CUST002822,Jennifer,Schneider,Male,1993-10-22,jennifer.schneider@yahoo.com,4138715972,Singapore,Singapore,Singapore,Platinum,2023-04-11,Active
CUST002823,Patricia,Wilson,Female,1972-11-12,patricia.wilson@outlook.com,,Singapore,Singapore,Singapore,Silver,2024-08-09,Inactive
CUST002824,Gregory,Bell,Male,1962-10-06,gregory.bell@outlook.com,3943254748,MUMBAI,Maharashtra,India,Silver,2022-02-02,Inactive
CUST002825,Matthew,Wood,Female,1962-03-04,matthew.wood@gmail.com,9945064526,Mumbai,Maharashtra,India,Diamond,2021-10-09,Active
CUST002826,Megan,Hancock,Male,1955-11-18,megan.hancock@hotmail.com,8002436768,Delhi,Delhi,India,Gold,2025-02-02,Active
CUST002827,Sabrina,Howard,Male,2004-09-04,sabrina.howard@hotmail.com,4622798670,Hyderabad,Telangana,India,Diamond,2021-12-17,Active
CUST002828,Breanna,Gill,Female,2006-10-15,breanna.gill@yahoo.com,8720561641,Bengaluru,Karnataka,India,Platinum,2023-08-28,Inactive
CUST002829,Michelle,Adams,Female,1969-09-03,michelle.adams@yahoo.com,2835041857,New York,New York,United States,Platinum,2024-12-20,Inactive
CUST002830,Brittany,Wright,Female,1956-03-08,brittany.wright@outlook.com,4506310330,Delhi,Delhi,India,Gold,2024-10-14,Active
CUST002831,Edward,Obrien,Male,1971-05-11,edward.obrien@hotmail.com,,Hyderabad,Telangana,India,Diamond,2025-12-24,Inactive
CUST002832,Jeffrey,Clark,Male,1969-11-03,jeffrey.clark@yahoo.com,0303881126,Delhi,Delhi,India,Silver,2023-07-09,Inactive
CUST002833,Charles,Bates,Male,1977-04-28,charles.bates@gmail.com,3257170798,Hyderabad,Telangana,India,Gold,2026-04-09,Inactive
CUST002834,Samuel,Martinez,Male,1958-01-04,samuel.martinez@yahoo.com,5596179263,Hyderabad,Telangana,India,Gold,2025-03-11,Inactive
CUST002835,Francis,Little,Male,1967-09-25,francis.little@outlook.com,7142717930,Sydney,New South Wales,Australia,Silver,2023-01-07,Active
CUST002836,Lori,Johnson,Male,2000-02-12,lori.johnson@hotmail.com,4146910156,Chennai,Tamil Nadu,India,Diamond,2022-01-28,Inactive
CUST002837,Leslie,Jackson,Female,2000-06-09,leslie.jackson@outlook.com,5159725253,Sydney,New South Wales,Australia,Diamond,2022-10-31,Active
CUST002838,Danielle,Horn,Female,1991-02-05,danielle.horn@hotmail.com,6264621069,New York ,New York,United States,Diamond,2026-03-08,Inactive
CUST002839,Michelle,Keith,Male,1981-09-16,michelle.keith@yahoo.com,8860636021,New York,New York,United States,Diamond,2022-04-13,Inactive
CUST002840,Barbara,Ballard,Male,1963-08-07,barbara.ballard@yahoo.com,1074288861,Bengaluru,Karnataka,India,Silver,2022-08-30,Active
CUST002841,Rebecca,Blake,Female,1960-10-26,rebecca.blake@outlook.com,4207740677,Sydney,New South Wales,Australia,Platinum,2025-12-21,Active
CUST002842,Dawn,Elliott,Male,1981-07-05,dawn.elliott@gmail.com,0967898402,Sydney,New South Wales,Australia,Platinum,2026-07-01,Inactive
CUST002843,Rebecca,Allen,Female,1965-09-05,rebecca.allen@gmail.com,3763001684,Dubai,Dubai,UAE,Platinum,2024-10-22,Inactive
CUST002844,Luis,Jackson,Female,1989-05-19,luis.jackson@yahoo.com,6429410645,Dubai,Dubai,UAE,Diamond,2024-01-06,Active
CUST002845,Heather,Lee,Female,1982-07-16,heather.lee@gmail.com,3514681801,Dubai,Dubai,UAE,Diamond,2021-12-03,Inactive
CUST002846,Brian,Nelson,Female,1976-07-08,brian.nelson@outlook.com,3238482432,Singapore,Singapore,Singapore,Silver,2025-04-17,Inactive
CUST002847,Harold,Armstrong,Female,1976-12-22,harold.armstrong@hotmail.com,0026442819,Delhi,Delhi,India,Silver,2022-10-09,Active
CUST002848,Kevin,Brown,Female,2005-10-24,kevin.brown@gmail.com,2009460080, Delhi,Delhi,India,Silver,2026-01-29,Active
CUST002849,Dennis,Long,Female,2008-04-18,dennis.long@outlook.com,6770549168,Singapore,Singapore,Singapore,Platinum,2025-01-27,Inactive
CUST002850,Cheryl,Bennett,Female,1996-02-08,cheryl.bennett@gmail.com,0653886253,London ,England,United Kingdom,Platinum,2025-05-19,Inactive
CUST002851,Austin,Hubbard,Male,1964-06-30,austin.hubbard@gmail.com,4301830373,Dubai,Dubai,UAE,Platinum,2023-11-04,Active
CUST002852,Mackenzie,Barton,Male,1966-09-17,mackenzie.barton@outlook.com,7818746546,Bengaluru,Karnataka,India,Gold,2024-09-22,Active
CUST002853,Cody,Bush,Female,1957-08-21,cody.bush@gmail.com,3816983013,Singapore,Singapore,Singapore,Diamond,2023-07-10,Inactive
CUST002854,Pam,Benson,Male,2000-10-12,pam.benson@yahoo.com,0486075309,Mumbai,Maharashtra,India,Diamond,2026-01-30,Active
CUST002855,Kimberly,Cabrera,Female,1987-04-05,kimberly.cabrera@outlook.com,2508589920,London,England,United Kingdom,Diamond,2024-06-13,Inactive
CUST002856,Brooke,Bishop,Male,1973-05-10,brooke.bishop@yahoo.com,9803900270,Mumbai,Maharashtra,India,Platinum,2021-09-30,Active
CUST002857,Cassandra,Cunningham,Female,1976-03-15,cassandra.cunningham@yahoo.com,6628568653,Bengaluru,Karnataka,India,Gold,2025-04-24,Inactive
CUST002858,Angelica,Beard,Male,1983-10-28,angelica.beard@hotmail.com,8682658979,New York,New York,United States,Diamond,2025-07-15,Inactive
CUST002859,James,Stewart,Male,1996-06-02,james.stewart@gmail.com,9573990981,Mumbai,Maharashtra,India,Gold,2023-03-21,Inactive
CUST002860,Jimmy,Young,Male,1966-05-10,jimmy.young@outlook.com,5470951388,Bengaluru,Karnataka,India,Gold,2022-05-02,Inactive
CUST002861,Katie,Cox,Female,1970-09-12,katie.cox@yahoo.com,9449003041,Sydney,New South Wales,Australia,Platinum,2021-12-14,Active
CUST002862,Pamela,Hayes,Male,1984-10-26,pamela.hayes@gmail.com,4141587270,Hyderabad,Telangana,India,Diamond,2023-12-23,Active
CUST002863,Linda,Rhodes,Female,2001-05-28,linda.rhodes@hotmail.com,0372129820,Singapore,Singapore,Singapore,Platinum,2025-08-06,Active
CUST002864,William,Hart,Male,1986-08-02,william.hart@hotmail.com,5839426744,Hyderabad,Telangana,India,Platinum,2021-11-08,Inactive
CUST002865,Leslie,Bradshaw,Male,1984-06-05,leslie.bradshaw@yahoo.com,2488011607,Mumbai,Maharashtra,India,Platinum,2024-09-13,Active
CUST002866,Melanie,Marks,Female,1983-12-23,melanie.marks@hotmail.com,7420549197,Bengaluru,Karnataka,India,Platinum,2023-01-24,Inactive
CUST002867,Karen,Reed,Male,1976-09-08,karen.reed@outlook.com,9174598514,Sydney,New South Wales,Australia,Diamond,2024-10-30,Inactive
CUST002868,Dakota,Colon,Male,1986-10-10,dakota.colon@hotmail.com,6653305060,Hyderabad,Telangana,India,Diamond,2024-04-17,Inactive
CUST002869,Veronica,Arroyo,Female,1973-07-08,,0611177343,Mumbai,Maharashtra,India,Diamond,2023-03-11,Active
CUST002870,Lisa,Glenn,Female,1989-02-20,lisa.glenn@outlook.com,0447758740,London,England,United Kingdom,Gold,2026-06-27,Active
CUST002871,Brian,Walter,Male,1957-08-07,brian.walter@outlook.com,4259729313,New York,New York,United States,Diamond,2024-07-04,Inactive
CUST002872,James,Cross,Male,1964-03-17,james.cross@hotmail.com,0325770905,Bengaluru,Karnataka,India,Gold,2021-12-18,Inactive
CUST002873,William,Taylor,Female,1989-05-04,william.taylor@hotmail.com,4669069278,Mumbai,Maharashtra,India,Gold,2025-10-01,Inactive
CUST002874,Brittany,Brady,Male,1987-08-29,brittany.brady@yahoo.com,7658539963,Delhi,Delhi,India,Platinum,2023-10-04,Inactive
CUST002875,Loretta,Newton,Male,1995-12-05,loretta.newton@yahoo.com,6370474027,New York,New York,United States,Platinum,2025-11-18,Active
CUST002876,Toni,Lowery,Female,1957-03-19,toni.lowery@outlook.com,4101560413,London,England,United Kingdom,Gold,2022-02-13,Active
CUST002877,Joseph,Austin,Female,1971-11-07,joseph.austin@hotmail.com,6054329323, Sydney,New South Wales,Australia,Diamond,2022-11-05,Active
CUST002878,Victor,Henry,Female,1986-02-26,victor.henry@gmail.com,1523228231,Delhi,Delhi,India,Platinum,2024-10-27,Active
CUST002879,Brenda,Peterson,Female,1977-07-31,brenda.peterson@outlook.com,8106428979,London,England,United Kingdom,Platinum,2026-01-10,Active
CUST002880,Mary,Howell,Female,1957-01-10,mary.howell@yahoo.com,2137118156,Bengaluru,Karnataka,India,Gold,2025-09-16,Active
CUST002881,Lisa,Chen,Male,1991-03-06,lisa.chen@yahoo.com,8000754840,Delhi,Delhi,India,Gold,2023-06-28,Inactive
CUST002882,Sue,Oneill,Female,2001-09-28,sue.oneill@outlook.com,2658724641,Singapore,Singapore,Singapore,Gold,2026-05-09,Inactive
CUST002883,Jonathan,Miller,Female,1977-11-12,jonathan.miller@hotmail.com,7490189594,Bengaluru,Karnataka,India,Gold,2024-08-29,Active
CUST002884,Lori,Small,Male,1975-04-01,lori.small@gmail.com,8000004665,Delhi,Delhi,India,Diamond,2026-06-02,Active
CUST002885,Kenneth,Oneal,Male,1968-03-01,kenneth.oneal@outlook.com,7035861527,Bengaluru,Karnataka,India,Platinum,2025-07-27,Active
CUST002886,Anthony,Lee,Female,1979-10-24,anthony.lee@hotmail.com,5964034459,Dubai ,Dubai,UAE,Diamond,2021-09-05,Active
CUST002887,Carol,Juarez,Female,1980-02-09,carol.juarez@gmail.com,8758684726, Bengaluru,Karnataka,India,Diamond,2022-08-28,Inactive
CUST002888,Dillon,Fox,Male,1956-11-04,dillon.fox@hotmail.com,4796058088,Singapore,Singapore,Singapore,Diamond,2022-02-13,Inactive
CUST002889,Eric,Farmer,Male,1959-07-25,eric.farmer@outlook.com,1090035656,Singapore,Singapore,Singapore,Gold,2026-01-04,Active
CUST002890,Heather,White,Female,1970-02-08,heather.white@outlook.com,1670980684,New York,New York,United States,Silver,2025-08-20,Inactive
CUST002891,Michael,King,Female,1977-02-11,michael.king@yahoo.com,7209014960,Hyderabad,Telangana,India,Gold,2025-06-30,Active
CUST002892,Jackie,Lopez,Female,2002-04-25,jackie.lopez@yahoo.com,2349994824,Bengaluru,Karnataka,India,Diamond,2024-05-11,Inactive
CUST002893,Monique,Rojas,Female,1961-09-30,monique.rojas@hotmail.com,9352788862,Bengaluru,Karnataka,India,Diamond,2025-12-16,Active
CUST002894,Luke,Mitchell,Male,1998-02-07,luke.mitchell@yahoo.com,8433328119,Sydney,New South Wales,Australia,Gold,2023-07-05,Inactive
CUST002895,Jennifer,Good,Female,1979-04-29,,5715117289,Bengaluru,Karnataka,India,Platinum,2023-12-29,Inactive
CUST002896,Rachel,Thomas,Male,1982-12-05,rachel.thomas@hotmail.com,3488981068,Hyderabad,Telangana,India,Diamond,2025-10-02,Inactive
CUST002897,Kelsey,Smith,Female,1966-11-26,kelsey.smith@gmail.com,3808750613,Bengaluru,Karnataka,India,Diamond,2024-09-05,Inactive
CUST002898,Joshua,Spencer,Female,1974-12-03,joshua.spencer@hotmail.com,8471490704,London,England,United Kingdom,Diamond,2023-07-19,Active
CUST002899,John,Warren,Female,2003-06-25,john.warren@yahoo.com,6775588247,London,England,United Kingdom,Gold,2023-04-24,Active
CUST002900,Casey,Harris,Female,1979-01-29,casey.harris@hotmail.com,8628622316,Bengaluru,Karnataka,India,Platinum,2021-07-28,Active
CUST002901,Robert,Williams,Male,2000-02-08,robert.williams@outlook.com,8976223117,Singapore,Singapore,Singapore,Diamond,2022-10-24,Active
CUST002902,David,Zimmerman,Male,1970-08-14,david.zimmerman@outlook.com,2158550251,Delhi,Delhi,India,Gold,2025-09-19,Active
CUST002903,Tyler,Bond,Male,2001-12-05,tyler.bond@gmail.com,5882415855,Bengaluru,Karnataka,India,Platinum,2021-08-05,Inactive
CUST002904,Kevin,Sanchez,Male,1996-11-01,kevin.sanchez@yahoo.com,8985808349,Hyderabad,Telangana,India,Gold,2021-09-24,Active
CUST002905,Kimberly,Lopez,Female,1978-06-28,kimberly.lopez@hotmail.com,2648888896,London,England,United Kingdom,Gold,2025-01-01,Inactive
CUST002906,Ryan,Davidson,Female,1991-09-02,ryan.davidson@outlook.com,9863605653,New York,New York,United States,Silver,2025-11-18,Active
CUST002907,James,Phillips,Female,1965-12-06,james.phillips@hotmail.com,8897576431,Delhi,Delhi,India,Platinum,2025-04-27,Active
CUST002908,Michelle,Wilcox,Female,1978-06-20,michelle.wilcox@gmail.com,4816975137,Delhi,Delhi,India,Silver,2022-07-19,Active
CUST002909,Jake,Sutton,Male,1976-03-14,jake.sutton@outlook.com,0402567749,Mumbai,Maharashtra,India,Diamond,2022-02-18,Active
CUST002910,Amanda,Watkins,Female,1991-04-02,amanda.watkins@gmail.com,4977457516,Chennai,Tamil Nadu,India,Platinum,2025-03-15,Inactive
CUST002911,Brooke,Melton,Male,1978-05-17,brooke.melton@outlook.com,4099780951,New York,New York,United States,Platinum,2023-02-12,Active
CUST002912,Joseph,Odonnell,Male,2004-12-14,joseph.odonnell@gmail.com,9164964244,Singapore,Singapore,Singapore,Platinum,2021-09-12,Active
CUST002913,Amanda,Harris,Female,1984-10-10,amanda.harris@gmail.com,5343701593,Hyderabad,Telangana,India,Diamond,2023-12-20,Active
CUST002914,Amy,Sparks,Female,1974-09-24,amy.sparks@outlook.com,4377204196,Chennai,Tamil Nadu,India,Silver,2022-03-08,Active
CUST002915,Katherine,Franco,Female,1995-10-29,katherine.franco@gmail.com,4714481116,SINGAPORE,Singapore,Singapore,Silver,2023-10-26,Inactive
CUST002916,Gregory,Estrada,Female,1968-03-01,gregory.estrada@hotmail.com,3949574289, Bengaluru,Karnataka,India,Platinum,2021-12-12,Active
CUST002917,Martha,Fry,Female,1974-11-22,martha.fry@gmail.com,9205638629,Dubai,Dubai,UAE,Gold,2021-11-28,Inactive
CUST002918,Mark,Lewis,Female,1973-11-17,mark.lewis@hotmail.com,1217667848,Hyderabad,Telangana,India,Diamond,2025-02-23,Active
CUST002919,Lori,Morris,Female,1965-10-25,lori.morris@hotmail.com,3152559933,Dubai,Dubai,UAE,Diamond,2024-02-05,Inactive
CUST002920,Kelly,Fletcher,Male,1958-12-21,kelly.fletcher@hotmail.com,2936980809,New York ,New York,United States,Silver,2026-01-28,Active
CUST002921,Ann,Blair,Female,1964-05-09,ann.blair@gmail.com,1948404844,Bengaluru,Karnataka,India,Silver,2024-07-28,Inactive
CUST002922,Adrienne,Marshall,Male,1997-12-01,,3735020869,Chennai,Tamil Nadu,India,Platinum,2023-04-26,Inactive
CUST002923,Kelly,Dunn,Male,1966-05-30,kelly.dunn@outlook.com,5331892287,Bengaluru,Karnataka,India,Gold,2025-12-12,Inactive
CUST002924,Tracy,Lewis,Male,1971-04-24,tracy.lewis@hotmail.com,8130104399,Delhi,Delhi,India,Platinum,2022-03-10,Inactive
CUST002925,Stephen,Grant,Male,1961-07-27,stephen.grant@hotmail.com,1341302771,Sydney,New South Wales,Australia,Silver,2026-05-12,Inactive
CUST002926,Patrick,Merritt,Female,1986-05-28,patrick.merritt@yahoo.com,2839372021,Delhi,Delhi,India,Gold,2021-08-25,Inactive
CUST002927,Meagan,Cameron,Female,1966-04-20,meagan.cameron@gmail.com,5773656875,Dubai,Dubai,UAE,Silver,2026-02-21,Active
CUST002928,Valerie,Howell,Male,1989-10-15,gmail.com,3335669243,Dubai,Dubai,UAE,Silver,2022-03-03,Active
CUST002929,Nicole,Morrison,Male,1998-05-07,nicole.morrison@gmail.com,6344756523,Singapore,Singapore,Singapore,Platinum,2022-12-21,Active
CUST002930,Kyle,Anderson,Male,2002-06-28,kyle.anderson@gmail.com,9195725130,London,England,United Kingdom,Platinum,2023-06-06,Active
CUST002931,Omar,Kelley,Female,1987-07-05,omar.kelley@outlook.com,2419092174,London,England,United Kingdom,Gold,2025-07-30,Active
CUST002932,Aaron,Mendez,Male,1971-05-07,aaron.mendez@yahoo.com,7579805299,CHENNAI,Tamil Nadu,India,Gold,2022-06-02,Inactive
CUST002933,Megan,Burke,Female,1967-07-22,megan.burke@gmail.com,1469096592,Singapore,Singapore,Singapore,Silver,2024-09-29,Inactive
CUST002934,John,Schultz,Female,1993-12-15,gmail.com,3043597099,Sydney,New South Wales,Australia,Diamond,2025-03-28,Inactive
CUST002935,Stacy,Powell,Male,1978-11-27,stacy.powell@outlook.com,3517860311,Chennai,Tamil Nadu,India,Platinum,2024-12-30,Active
CUST002936,Jacob,Patterson,Female,1969-08-22,jacob.patterson@gmail.com,0184748497,New York,New York,United States,Platinum,2022-01-26,Active
CUST002937,Joanna,Smith,Male,1994-01-22,joanna.smith@gmail.com,1435202153,Singapore,Singapore,Singapore,Diamond,2024-05-27,Inactive
CUST002938,Joseph,Johnson,Male,1980-04-28,joseph.johnson@gmail.com,3843386958,Hyderabad,Telangana,India,Platinum,2022-03-18,Active
CUST002939,Lee,Goodwin,Female,1972-09-14,lee.goodwin@hotmail.com,,Singapore,Singapore,Singapore,Platinum,2026-05-09,Active
CUST002940,Matthew,Mcbride,Male,1993-07-12,matthew.mcbride@outlook.com,0897901478,Singapore,Singapore,Singapore,Platinum,2021-11-25,Active
CUST002941,James,Stewart,Male,1959-10-26,james.stewart@yahoo.com,8692881225,Hyderabad,Telangana,India,Diamond,2024-11-07,Active
CUST002942,Danielle,Reynolds,Female,1997-12-30,danielle.reynolds@gmail.com,2508056894,New York,New York,United States,Platinum,2024-10-18,Inactive
CUST002943,Alexandria,Holland,Female,1988-11-02,alexandria.holland@hotmail.com,7105294585,Bengaluru,Karnataka,India,Silver,2022-09-10,Active
CUST002944,Julie,Edwards,Female,1997-05-05,julie.edwards@gmail.com,3432774136,Singapore,Singapore,Singapore,Silver,2025-02-28,Inactive
CUST002945,Terri,Jackson,Female,1981-07-14,terri.jackson@gmail.com,7021192629,Sydney,New South Wales,Australia,Silver,2025-11-19,Inactive
CUST002946,Zachary,Cross,Male,1956-11-10,zachary.cross@yahoo.com,2246929016,Dubai,Dubai,UAE,Platinum,2022-03-09,Inactive
CUST002947,Steven,Hudson,Female,1978-05-31,steven.hudson@yahoo.com,1660941240,London,England,United Kingdom,Silver,2023-12-02,Inactive
CUST002948,Christy,Mitchell,Female,1971-04-21,christy.mitchell@yahoo.com,3454339979,Dubai,Dubai,UAE,Gold,2022-06-21,Inactive
CUST002949,Michael,Peters,Male,1974-12-12,michael.peters@hotmail.com,8122629771,Delhi,Delhi,India,Diamond,2024-03-11,Inactive
CUST002950,Jamie,Gonzalez,Female,1996-12-06,jamie.gonzalez@yahoo.com,2922133394,London,England,United Kingdom,Silver,2022-05-24,Inactive
CUST002951,Alexis,Mccullough,Male,1957-11-22,alexis.mccullough@hotmail.com,6163011625,Delhi,Delhi,India,Silver,2021-08-18,Active
CUST002952,Michelle,Harris,Female,1958-01-08,michelle.harris@hotmail.com,2354155250,Singapore,Singapore,Singapore,Silver,2025-09-09,Active
CUST002953,Anthony,Miller,Male,1966-01-21,anthony.miller@yahoo.com,9472498422,London,England,United Kingdom,Gold,2026-01-17,Active
CUST002954,Laura,Webb,Male,1956-09-23,laura.webb@hotmail.com,0419983582,Sydney,New South Wales,Australia,Silver,2023-03-05,Inactive
CUST002955,Isaac,Smith,Male,1971-06-18,isaac.smith@yahoo.com,9051466221,New York,New York,United States,Platinum,2026-03-26,Active
CUST002956,Amanda,Bell,Female,1977-08-26,amanda.bell@gmail.com,9190594987,New York,New York,United States,Silver,2026-06-28,Inactive
CUST002957,Debra,Bray,Male,1973-05-28,debra.bray@gmail.com,0618762209,Sydney,New South Wales,Australia,Diamond,2023-10-16,Active
CUST002958,Angela,Rios,Female,1976-08-01,angela.rios@hotmail.com,0863673719,Sydney,New South Wales,Australia,Platinum,2024-07-25,Active
CUST002959,Stephanie,Webster,Male,1957-07-07,stephanie.webster@gmail.com,2158332127,Chennai,Tamil Nadu,India,Diamond,2025-01-17,Inactive
CUST002960,John,Flores,Male,1992-07-13,john.flores@yahoo.com,2602009803,Delhi,Delhi,India,Diamond,2026-06-20,Inactive
CUST002961,Kimberly,Myers,Female,1969-12-01,kimberly.myers@yahoo.com,8982682138,Hyderabad,Telangana,India,Platinum,2023-02-04,Active
CUST002962,Karen,Jones,Female,2007-10-10,karen.jones@yahoo.com,4526645774,Chennai,Tamil Nadu,India,Platinum,2022-10-15,Inactive
CUST002963,Catherine,Thomas,Male,1984-03-07,catherine.thomas@outlook.com,8004122453,Sydney,New South Wales,Australia,Diamond,2024-12-19,Inactive
CUST002964,Connie,Mitchell,Female,1958-01-20,connie.mitchell@hotmail.com,5651392226,Delhi,Delhi,India,Silver,2025-02-11,Inactive
CUST002965,Sarah,Ware,Female,1999-10-15,sarah.ware@gmail.com,1513917021,Mumbai,Maharashtra,India,Diamond,2023-05-22,Inactive
CUST002966,Brianna,Schneider,Male,1994-05-05,brianna.schneider@yahoo.com,6180582914,Singapore,Singapore,Singapore,Gold,2024-12-03,Active
CUST002967,Timothy,Salinas,Female,1960-07-10,timothy.salinas@outlook.com,6425946307,London,England,United Kingdom,Diamond,2024-11-26,Active
CUST002968,Anne,Barton,Female,1969-02-25,anne.barton@outlook.com,1233848484,Singapore,Singapore,Singapore,Platinum,2025-05-26,Active
CUST002969,Steven,Murphy,Female,1972-02-10,steven.murphy@yahoo.com,9306498215,Hyderabad,Telangana,India,Diamond,2022-10-02,Active
CUST002970,Michael,Roberts,Male,2002-07-08,michael.roberts@outlook.com,7109497024,Bengaluru,Karnataka,India,Gold,2023-08-20,Inactive
CUST002971,Amber,Wade,Female,1990-09-03,amber.wade@gmail.com,7365563813,Chennai,Tamil Nadu,India,Platinum,2024-01-31,Inactive
CUST002972,Laurie,Edwards,Male,1971-12-13,laurie.edwards@outlook.com,5387854799,New York,New York,United States,Diamond,2022-07-05,Inactive
CUST002973,Thomas,Baker,Female,2007-09-28,thomas.baker@outlook.com,6022277765,Delhi,Delhi,India,Diamond,2022-01-30,Active
CUST002974,Lauren,Mccullough,Female,1997-06-04,lauren.mccullough@yahoo.com,7777785049,Delhi ,Delhi,India,Silver,2024-02-07,Inactive
CUST002975,Daniel,Dixon,Male,1991-04-04,daniel.dixon@outlook.com,7653291223,Bengaluru,Karnataka,India,Platinum,2022-09-22,Inactive
CUST002976,Larry,Burgess,Male,1997-05-21,larry.burgess@outlook.com,1497822926,Dubai,Dubai,UAE,Platinum,2021-11-29,Inactive
CUST002977,Andrew,Morse,Male,2004-11-27,andrew.morse@outlook.com,7247284953,Sydney,New South Wales,Australia,Silver,2022-08-31,Inactive
CUST002978,Carla,Murphy,Female,1964-06-06,carla.murphy@outlook.com,3703153314,Hyderabad,Telangana,India,Silver,2026-03-10,Inactive
CUST002979,Jay,Greene,Female,1982-11-28,jay.greene@yahoo.com,4349765736,Bengaluru,Karnataka,India,Platinum,2023-11-13,Active
CUST002980,Rodney,Porter,Female,1980-07-12,rodney.porter@gmail.com,0455919012,Delhi,Delhi,India,Gold,2025-01-01,Active
CUST002981,Tammy,Roberts,Female,1966-09-12,,1134506213,Sydney,New South Wales,Australia,Silver,2025-02-03,Inactive
CUST002982,Teresa,Cain,Male,1970-11-10,teresa.cain@hotmail.com,2596831121,London,England,United Kingdom,Silver,2022-11-20,Inactive
CUST002983,Christina,Winters,Female,1969-08-15,christina.winters@yahoo.com,0904885093,Bengaluru,Karnataka,India,Silver,2025-01-16,Inactive
CUST002984,Mark,Butler,Female,1999-04-24,mark.butler@yahoo.com,0950849531,Chennai,Tamil Nadu,India,Gold,2022-09-09,Active
CUST002985,Marilyn,Perez,Male,1972-10-29,marilyn.perez@hotmail.com,0645417926,Mumbai,Maharashtra,India,Diamond,2025-02-08,Active
CUST002986,Laurie,Beasley,Female,2003-09-21,laurie.beasley@gmail.com,1781382145,New York,New York,United States,Gold,2022-11-10,Inactive
CUST002987,Robert,Martinez,Male,1991-03-02,robert.martinez@yahoo.com,5355921320,Bengaluru,Karnataka,India,Diamond,2023-10-09,Inactive
CUST002988,Chelsea,Scott,Female,2002-12-01,chelsea.scott@gmail.com,6008279669,Mumbai,Maharashtra,India,Gold,2024-12-20,Inactive
CUST002989,Michael,Moore,Female,1962-03-19,michael.moore@yahoo.com,1171585779,Dubai,Dubai,UAE,Gold,2021-11-29,Inactive
CUST002990,Karen,Chambers,Female,2000-03-21,karen.chambers@hotmail.com,8292909899,Hyderabad,Telangana,India,Diamond,2025-01-17,Active
CUST002991,Linda,Warner,Female,1961-05-15,,4593112185,Hyderabad,Telangana,India,Silver,2022-05-26,Inactive
CUST002992,Cheryl,Dunn,Female,1987-05-30,cheryl.dunn@outlook.com,0537988048,New York,New York,United States,Platinum,2021-08-30,Inactive
CUST002993,Erica,Lynch,Female,1973-08-24,erica.lynch@gmail.com,1974707985,Sydney,New South Wales,Australia,Diamond,2026-03-28,Inactive
CUST002994,Gregory,Robinson,Male,1965-10-06,gregory.robinson@outlook.com,4804320635,Dubai,Dubai,UAE,Gold,2024-08-30,Inactive
CUST002995,William,Summers,Male,2003-12-02,william.summers@outlook.com,4166292656,Bengaluru,Karnataka,India,Diamond,2025-07-28,Inactive
CUST002996,Wendy,Young,Male,1958-01-15,wendy.young@hotmail.com,7259404481,Chennai,Tamil Nadu,India,Diamond,2024-09-28,Active
CUST002997,Dylan,Barnes,Female,2001-08-10,dylan.barnes@hotmail.com,5148146869,LONDON,England,United Kingdom,Gold,2023-02-24,Inactive
CUST002998,Julia,Gonzalez,Female,1982-10-12,,5899800382,Mumbai,Maharashtra,India,Platinum,2022-10-04,Active
CUST002999,Julia,Wolf,Female,1996-07-03,julia.wolf@gmail.com,4187154307,Delhi,Delhi,India,Diamond,2023-08-24,Active
CUST003000,Benjamin,Wolfe,Female,1991-11-12,benjamin.wolfe@outlook.com,0553855188,London,England,United Kingdom,Gold,2024-01-23,Inactive
CUST003001,Brett,Nguyen,Male,2007-07-10,brett.nguyen@yahoo.com,3419727425,Singapore,Singapore,Singapore,Diamond,2022-09-20,Active
CUST003002,Christina,Mitchell,Female,1970-12-25,christina.mitchell@gmail.com,5923916791,Chennai,Tamil Nadu,India,Gold,2024-03-12,Inactive
CUST003003,Roberto,Lopez,Male,1965-02-28,roberto.lopez@gmail.com,6595762735,Chennai,Tamil Nadu,India,Gold,2025-01-15,Active
CUST003004,Laura,Lopez,Female,1993-05-11,laura.lopez@yahoo.com,3616227920,Mumbai,Maharashtra,India,Diamond,2024-02-18,Inactive
CUST003005,Raymond,Shelton,Female,1973-03-08,raymond.shelton@yahoo.com,3050554697,London,England,United Kingdom,Gold,2022-01-09,Active
CUST003006,Dana,Moon,Female,1993-02-23,dana.moon@outlook.com,9449248998,Mumbai,Maharashtra,India,Silver,2026-03-10,Active
CUST003007,Andrew,Mckay,Female,2005-11-14,andrew.mckay@hotmail.com,9083125875,Chennai,Tamil Nadu,India,Gold,2022-07-31,Inactive
CUST003008,Gary,Cummings,Female,1976-08-12,gary.cummings@yahoo.com,4182956737,Hyderabad,Telangana,India,Gold,2021-12-13,Active
CUST003009,Patricia,Miller,Male,1993-08-02,patricia.miller@hotmail.com,6386843868,Mumbai,Maharashtra,India,Gold,2023-01-16,Active
CUST003010,Dale,Green,Male,1969-12-28,dale.green@hotmail.com,6863059952,Delhi,Delhi,India,Platinum,2023-01-05,Active
CUST003011,Matthew,Wright,Female,1964-08-18,matthew.wright@yahoo.com,1458169845,Mumbai,Maharashtra,India,Gold,2022-09-30,Inactive
CUST003012,Stephanie,Cooper,Male,1961-01-03,stephanie.cooper@yahoo.com,5915517720,Mumbai,Maharashtra,India,Gold,2025-01-27,Active
CUST003013,Stephanie,Frank,Female,2007-05-25,stephanie.frank@hotmail.com,1791924013,Bengaluru,Karnataka,India,Diamond,2022-01-29,Inactive
CUST003014,Michael,Liu,Male,1996-12-23,michael.liu@outlook.com,7618720089,Hyderabad,Telangana,India,Diamond,2021-12-02,Active
CUST003015,Sabrina,Schultz,Female,1957-01-06,sabrina.schultz@gmail.com,8075125350,New York,New York,United States,Gold,2023-11-11,Inactive
CUST003016,Stephanie,Lee,Male,2004-08-27,stephanie.lee@outlook.com,0209745599,New York ,New York,United States,Silver,2023-04-15,Active
CUST003017,Tina,Barnett,Male,1978-08-28,tina.barnett@gmail.com,1433278504,London,England,United Kingdom,Gold,2022-07-09,Inactive
CUST003018,Marcus,Smith,Male,1978-03-22,marcus.smith@yahoo.com,6471828042,Hyderabad,Telangana,India,Platinum,2022-01-09,Inactive
CUST003019,Michael,Lopez,Male,1996-07-03,michael.lopez@gmail.com,1957959735,Singapore,Singapore,Singapore,Gold,2024-12-26,Inactive
CUST003020,Tara,Williams,Female,1971-05-29,tara.williams@gmail.com,4592016607,Chennai,Tamil Nadu,India,Diamond,2023-07-30,Inactive
CUST003021,Katherine,Sanders,Male,1976-12-02,katherine.sanders@hotmail.com,3825044540,London,England,United Kingdom,Platinum,2022-02-03,Inactive
CUST003022,Christine,Mitchell,Male,1957-10-09,christine.mitchell@gmail.com,6452608950,New York,New York,United States,Gold,2024-01-07,Active
CUST003023,Justin,Gonzales,Female,1989-06-13,justin.gonzales@yahoo.com,6189340772, Delhi,Delhi,India,Diamond,2022-02-05,Inactive
CUST003024,Shaun,Carlson,Female,2006-03-01,shaun.carlson@outlook.com,3286339903,New York,New York,United States,Diamond,2022-12-04,Active
CUST003025,Tyler,Johnson,Female,1976-01-07,tyler.johnson@gmail.com,1648302166,Dubai,Dubai,UAE,Diamond,2022-10-30,Active
CUST003026,Travis,Lewis,Female,1965-06-27,travis.lewis@yahoo.com,4543705175,Delhi,Delhi,India,Silver,2026-06-29,Inactive
CUST003027,Danielle,Garcia,Male,2005-03-14,danielle.garcia@outlook.com,9032745032,Singapore,Singapore,Singapore,Platinum,2022-12-02,Inactive
CUST003028,Barbara,Walters,Male,1983-06-29,barbara.walters@outlook.com,5081178345,Singapore,Singapore,Singapore,Diamond,2023-05-06,Active
CUST003029,Angela,West,Male,1962-06-14,angela.west@yahoo.com,2377009879,Singapore,Singapore,Singapore,Platinum,2022-04-02,Inactive
CUST003030,Mary,Vance,Male,1973-08-15,mary.vance@hotmail.com,3984134768,New York,New York,United States,Platinum,2024-06-18,Inactive
CUST003031,Sandra,Perkins,Female,1963-09-02,sandra.perkins@gmail.com,4508926147,Sydney,New South Wales,Australia,Gold,2023-10-15,Inactive
CUST003032,Alyssa,Richardson,Male,2006-05-26,alyssa.richardson@gmail.com,1107862518,Delhi,Delhi,India,Diamond,2024-11-04,Inactive
CUST003033,Mitchell,Jacobs,Male,1996-02-04,mitchell.jacobs@gmail.com,7046494294,Mumbai,Maharashtra,India,Diamond,2022-08-20,Inactive
CUST003034,Lynn,Griffith,Male,1991-01-26,lynn.griffith@hotmail.com,0381153714,London,England,United Kingdom,Gold,2024-03-28,Active
CUST003035,Jacob,Matthews,Male,2006-05-06,jacob.matthews@outlook.com,9524700339,London,England,United Kingdom,Silver,2024-03-02,Active
CUST003036,Kelsey,Mejia,Male,2007-12-27,kelsey.mejia@gmail.com,8634558460,Bengaluru,Karnataka,India,Platinum,2022-11-23,Inactive
CUST003037,Lauren,Erickson,Male,1966-10-24,lauren.erickson@hotmail.com,9182696248,London,England,United Kingdom,Silver,2024-09-01,Inactive
CUST003038,Stephanie,Rogers,Male,1997-02-17,stephanie.rogers@yahoo.com,0129220154,Bengaluru,Karnataka,India,Silver,2025-12-07,Active
CUST003039,James,Guzman,Female,2004-03-18,james.guzman@yahoo.com,8876631251,Delhi,Delhi,India,Silver,2022-10-19,Inactive
CUST003040,Cameron,Faulkner,Female,2003-08-19,cameron.faulkner@hotmail.com,7671787624,Dubai,Dubai,UAE,Silver,2025-10-20,Active
CUST003041,Calvin,Russo,Female,2006-12-23,calvin.russo@hotmail.com,5432746806,Delhi,Delhi,India,Gold,2024-05-16,Active
CUST003042,Stacy,Stanley,Male,2005-01-30,stacy.stanley@yahoo.com,4749198160,Hyderabad,Telangana,India,Platinum,2022-09-26,Active
CUST003043,Julie,Nielsen,Male,1963-07-06,julie.nielsen@yahoo.com,3179827572,Dubai,Dubai,UAE,Diamond,2022-03-19,Active
CUST003044,Jenny,Gonzalez,Female,1998-11-29,jenny.gonzalez@outlook.com,8437455907,Chennai,Tamil Nadu,India,Platinum,2023-01-28,Active
CUST003045,Kara,Perry,Female,2003-10-21,kara.perry@hotmail.com,9707298864,Mumbai,Maharashtra,India,Silver,2024-11-10,Inactive
CUST003046,Anna,Rodgers,Male,1986-11-26,anna.rodgers@yahoo.com,3713606702,Delhi,Delhi,India,Silver,2026-04-09,Inactive
CUST003047,Ashley,Davis,Female,2000-06-13,ashley.davis@gmail.com,4534010295,London,England,United Kingdom,Silver,2023-05-31,Active
CUST003048,Kim,King,Female,1982-09-19,kim.king@outlook.com,0825126861,Hyderabad,Telangana,India,Gold,2021-10-12,Active
CUST003049,Jacob,Johns,Male,1999-04-21,jacob.johns@hotmail.com,2317555431,Dubai,Dubai,UAE,Gold,2026-01-04,Inactive
CUST003050,James,Beard,Female,1958-10-07,james.beard@gmail.com,9176415446,London,England,United Kingdom,Platinum,2025-07-05,Active
CUST003051,Miguel,Boyd,Male,1998-06-25,miguel.boyd@yahoo.com,9898588623,Mumbai,Maharashtra,India,Silver,2026-05-16,Inactive
CUST003052,Amber,Martin,Female,1963-10-12,amber.martin@outlook.com,0167554553,Bengaluru,Karnataka,India,Gold,2026-03-20,Inactive
CUST003053,Robin,Moreno,Male,1988-06-21,robin.moreno@yahoo.com,9661222170,Chennai,Tamil Nadu,India,Platinum,2026-02-05,Inactive
CUST003054,Paul,Mosley,Female,2001-09-22,paul.mosley@outlook.com,6730566136,NEW YORK,New York,United States,Platinum,2021-10-21,Active
CUST003055,April,Davis,Female,1973-05-17,april.davis@hotmail.com,6456873836,Singapore,Singapore,Singapore,Silver,2024-12-03,Active
CUST003056,Karen,Wilson,Male,1995-04-26,karen.wilson@gmail.com,3855618151,Delhi,Delhi,India,Silver,2024-05-29,Inactive
CUST003057,Cameron,Holt,Female,1963-02-12,cameron.holt@hotmail.com,2126879948,Hyderabad,Telangana,India,Gold,2025-10-14,Active
CUST003058,Amanda,Cole,Male,1959-06-30,amanda.cole@hotmail.com,6687818955,Sydney,New South Wales,Australia,Silver,2025-09-14,Active
CUST003059,Lindsey,Brooks,Female,1975-09-11,lindsey.brooks@outlook.com,,New York,New York,United States,Platinum,2022-07-17,Inactive
CUST003060,Kathryn,Miller,Male,1972-01-13,kathryn.miller@hotmail.com,4225451426,Mumbai,Maharashtra,India,Gold,2022-08-19,Inactive
CUST003061,Jacob,Odom,Female,1985-02-25,jacob.odom@hotmail.com,2258831207,Mumbai,Maharashtra,India,Diamond,2023-02-12,Inactive
CUST003062,Bonnie,Gibbs,Female,1957-05-15,bonnie.gibbs@gmail.com,9616391962,Delhi,Delhi,India,Silver,2024-03-19,Inactive
CUST003063,Amy,Brown,Female,1993-06-15,amy.brown@yahoo.com,8547450384,Dubai,Dubai,UAE,Gold,2024-08-15,Inactive
CUST003064,Brian,Nguyen,Male,2001-09-21,brian.nguyen@gmail.com,6347116908,Dubai,Dubai,UAE,Diamond,2024-05-23,Inactive
CUST003065,Laura,Young,Male,1971-04-03,laura.young@hotmail.com,3093519433,Sydney,New South Wales,Australia,Silver,2026-01-24,Active
CUST003066,Joshua,King,Male,2005-05-10,joshua.king@yahoo.com,5311127133,Chennai,Tamil Nadu,India,Gold,2024-07-26,Inactive
CUST003067,Sherry,Haynes,Female,1974-02-26,sherry.haynes@gmail.com,0343457898,Hyderabad,Telangana,India,Platinum,2024-08-10,Inactive
CUST003068,Carol,Pierce,Male,1972-05-15,carol.pierce@outlook.com,1036939361,Mumbai,Maharashtra,India,Platinum,2022-11-02,Inactive
CUST003069,Ashley,Woods,Female,1960-08-23,ashley.woods@yahoo.com,6956708418,New York,New York,United States,Silver,2023-10-01,Inactive
CUST003070,Sharon,Wong,Female,1996-01-11,sharon.wong@gmail.com,6358306085,Bengaluru,Karnataka,India,Silver,2024-05-27,Inactive
CUST003071,Henry,Green,Male,1985-01-08,henry.green@yahoo.com,2197504110,Sydney,New South Wales,Australia,Platinum,2026-03-15,Active
CUST003072,Brittany,Escobar,Male,2005-09-10,brittany.escobar@hotmail.com,8698367569,Mumbai,Maharashtra,India,Silver,2023-09-03,Inactive
CUST003073,Taylor,Reed,Male,1998-09-06,taylor.reed@outlook.com,5849995558,Bengaluru,Karnataka,India,Diamond,2021-10-20,Active
CUST003074,Christopher,Farley,Female,1995-04-14,christopher.farley@gmail.com,1085371634,Chennai,Tamil Nadu,India,Silver,2023-07-05,Active
CUST003075,Jesus,Blair,Female,1963-04-16,jesus.blair@yahoo.com,2233080739,Singapore,Singapore,Singapore,Gold,2025-12-31,Active
CUST003076,Michael,Jackson,Male,1991-05-05,,2146778857,Hyderabad,Telangana,India,Diamond,2024-04-14,Inactive
CUST003077,Jessica,Johnson,Male,1973-08-08,jessica.johnson@gmail.com,0353538234,Sydney,New South Wales,Australia,Gold,2022-10-18,Inactive
CUST003078,Paula,Weaver,Female,2000-06-01,paula.weaver@hotmail.com,7118362829,New York,New York,United States,Diamond,2022-09-30,Active
CUST003079,William,Schmidt,Male,2002-01-06,william.schmidt@gmail.com,4035683551,New York,New York,United States,Gold,2026-02-20,Inactive
CUST003080,Gary,Young,Male,1989-10-05,gary.young@hotmail.com,1367302071,Mumbai,Maharashtra,India,Platinum,2026-03-01,Inactive
CUST003081,Amber,Santiago,Female,1969-09-15,amber.santiago@outlook.com,6825061363,Mumbai,Maharashtra,India,Gold,2024-12-06,Active
CUST003082,Jennifer,Owens,Male,1992-12-27,jennifer.owens@outlook.com,3188338893,Hyderabad,Telangana,India,Platinum,2023-05-15,Active
CUST003083,Brenda,Smith,Male,1976-04-09,brenda.smith@hotmail.com,9290152774,Singapore,Singapore,Singapore,Platinum,2026-07-12,Active
CUST003084,Joyce,Andrews,Female,1995-02-25,joyce.andrews@hotmail.com,3480396844,Sydney,New South Wales,Australia,Platinum,2022-08-14,Inactive
CUST003085,Ryan,Jones,Female,2004-12-06,ryan.jones@gmail.com,7985985807,Delhi,Delhi,India,Diamond,2026-02-26,Inactive
CUST003086,Allen,Garrett,Female,1998-12-26,allen.garrett@hotmail.com,6517977094,Chennai,Tamil Nadu,India,Gold,2022-03-16,Active
CUST003087,Kristina,Castillo,Female,1990-02-28,kristina.castillo@yahoo.com,5199465377,Sydney,New South Wales,Australia,Diamond,2024-01-31,Inactive
CUST003088,Nicole,Parker,Female,1990-08-05,nicole.parker@gmail.com,6136694563,Chennai,Tamil Nadu,India,Platinum,2022-04-30,Active
CUST003089,Jonathan,Floyd,Male,1985-04-28,jonathan.floyd@yahoo.com,3898818403,Bengaluru,Karnataka,India,Platinum,2021-10-26,Inactive
CUST003090,Pamela,Rodriguez,Female,1994-10-17,pamela.rodriguez@outlook.com,3896427991,Singapore,Singapore,Singapore,Platinum,2023-07-16,Active
CUST003091,James,Ball,Male,1983-11-27,james.ball@hotmail.com,0702783418,Singapore,Singapore,Singapore,Gold,2023-01-05,Active
CUST003092,Louis,Walker,Male,1999-07-16,louis.walker@hotmail.com,2521951300,Hyderabad,Telangana,India,Silver,2022-09-05,Active
CUST003093,Heather,Meza,Male,2000-02-11,heather.meza@outlook.com,0483220979,Mumbai,Maharashtra,India,Gold,2024-11-13,Active
CUST003094,Ashley,Smith,Female,1969-01-09,ashley.smith@yahoo.com,6670139662,Delhi,Delhi,India,Platinum,2023-10-31,Active
CUST003095,Amanda,Martinez,Male,1994-09-25,amanda.martinez@hotmail.com,2659086894,Bengaluru,Karnataka,India,Platinum,2024-11-26,Inactive
CUST003096,Connor,Foster,Female,1971-11-27,connor.foster@yahoo.com,4664727457,Hyderabad,Telangana,India,Platinum,2021-11-27,Inactive
CUST003097,Hayley,Hendricks,Male,1978-12-22,hayley.hendricks@outlook.com,4321222373,DUBAI,Dubai,UAE,Gold,2023-01-19,Active
CUST003098,Debra,Ellis,Female,1956-09-12,debra.ellis@hotmail.com,8307549536,Singapore,Singapore,Singapore,Platinum,2024-12-01,Inactive
CUST003099,James,Shields,Male,1977-06-13,james.shields@yahoo.com,4331371201,SYDNEY,New South Wales,Australia,Gold,2024-10-29,Inactive
CUST003100,David,Mosley,Male,2000-01-05,david.mosley@yahoo.com,5565530762,Delhi,Delhi,India,Silver,2025-12-20,Active
CUST003101,Jessica,Mendoza,Male,1971-04-20,jessica.mendoza@outlook.com,7630476704,New York,New York,United States,Platinum,2024-10-06,Active
CUST003102,Caleb,Roberts,Female,2000-04-06,caleb.roberts@gmail.com,4084083926,Sydney,New South Wales,Australia,Silver,2025-02-24,Inactive
CUST003103,Sheri,Jensen,Male,1967-08-06,sheri.jensen@hotmail.com,9970592429,Singapore,Singapore,Singapore,Gold,2026-01-26,Inactive
CUST003104,Karen,Graves,Female,1975-08-10,karen.graves@gmail.com,8740094848,Sydney,New South Wales,Australia,Platinum,2024-09-23,Active
CUST003105,Daniel,Frank,Male,1962-05-31,daniel.frank@hotmail.com,7649924475,Sydney,New South Wales,Australia,Silver,2024-03-22,Active
CUST003106,Kelly,Munoz,Male,1988-06-02,kelly.munoz@gmail.com,6794964613,Delhi,Delhi,India,Silver,2025-11-25,Inactive
CUST003107,Alicia,Rogers,Male,1972-06-20,alicia.rogers@hotmail.com,9622600459,Mumbai,Maharashtra,India,Platinum,2024-02-19,Active
CUST003108,James,Carson,Male,2007-05-03,james.carson@hotmail.com,5258802516,Dubai,Dubai,UAE,Platinum,2023-03-02,Active
CUST003109,Alison,Keith,Female,1970-11-08,,2668559361,Bengaluru,Karnataka,India,Gold,2026-02-10,Active
CUST003110,Randy,Johnson,Male,1992-04-10,randy.johnson@yahoo.com,0665021715,Dubai,Dubai,UAE,Gold,2024-11-23,Inactive
CUST003111,Franklin,Walters,Male,1999-10-06,abc@,9388224097,Dubai,Dubai,UAE,Diamond,2022-12-21,Inactive
CUST003112,Christina,Ward,Female,1966-08-02,christina.ward@hotmail.com,0055327572,London,England,United Kingdom,Gold,2025-01-31,Active
CUST003113,Jennifer,Snyder,Male,1972-03-28,jennifer.snyder@hotmail.com,5262117853,Delhi,Delhi,India,Platinum,2022-03-24,Inactive
CUST003114,Matthew,Whitehead,Female,1962-04-20,matthew.whitehead@hotmail.com,2459901657,Sydney,New South Wales,Australia,Diamond,2022-05-19,Active
CUST003115,Adam,Hall,Female,1985-03-25,adam.hall@gmail.com,5995210935,Dubai,Dubai,UAE,Gold,2022-04-02,Active
CUST003116,Thomas,Robinson,Male,1963-03-05,thomas.robinson@hotmail.com,9970803643,Singapore,Singapore,Singapore,Gold,2023-09-23,Inactive
CUST003117,Deborah,Schmidt,Male,1998-12-08,deborah.schmidt@hotmail.com,6576838563,London,England,United Kingdom,Silver,2022-08-28,Inactive
CUST003118,Cory,Mckinney,Male,1998-04-28,cory.mckinney@outlook.com,0994200755,Singapore,Singapore,Singapore,Diamond,2024-09-04,Inactive
CUST003119,Dennis,Johnson,Male,1992-09-05,dennis.johnson@outlook.com,5097132177,Chennai,Tamil Nadu,India,Platinum,2024-02-13,Inactive
CUST003120,Bernard,Bass,Male,2002-03-13,bernard.bass@gmail.com,,Sydney,New South Wales,Australia,Gold,2021-08-29,Active
CUST003121,Arthur,Bell,Female,1989-10-05,arthur.bell@outlook.com,7568715652,Bengaluru,Karnataka,India,Gold,2025-03-16,Inactive
CUST003122,Cody,Stone,Male,1992-08-06,cody.stone@outlook.com,9699205035,Sydney,New South Wales,Australia,Platinum,2023-04-09,Active
CUST003123,Allison,Moreno,Female,1997-07-25,allison.moreno@outlook.com,4978316931,Delhi,Delhi,India,Diamond,2024-01-18,Inactive
CUST003124,Caitlin,Key,Female,2005-04-22,caitlin.key@outlook.com,8291023146,Dubai,Dubai,UAE,Diamond,2026-03-31,Inactive
CUST003125,Jay,Reese,Male,2005-04-24,jay.reese@gmail.com,2640186955,Bengaluru,Karnataka,India,Platinum,2026-02-02,Active
CUST003126,Lisa,Dean,Female,1985-10-27,lisa.dean@gmail.com,4094048752,London,England,United Kingdom,Silver,2025-12-21,Active
CUST003127,Jenny,Orr,Male,1994-01-18,jenny.orr@gmail.com,1994514387,Dubai,Dubai,UAE,Platinum,2023-09-11,Inactive
CUST003128,Lee,Hunter,Female,1984-08-19,lee.hunter@outlook.com,8807726544,Singapore,Singapore,Singapore,Platinum,2022-07-25,Inactive
CUST003129,Christopher,Nixon,Female,1965-12-16,christopher.nixon@gmail.com,6100868453,Chennai,Tamil Nadu,India,Silver,2024-09-25,Active
CUST003130,Anita,Freeman,Male,1975-05-12,anita.freeman@hotmail.com,7714101572,Dubai ,Dubai,UAE,Silver,2024-06-05,Inactive
CUST003131,Samantha,Murphy,Male,1957-03-29,samantha.murphy@outlook.com,2106268414,Sydney,New South Wales,Australia,Diamond,2026-06-14,Inactive
CUST003132,Hannah,Mills,Female,1972-10-15,hannah.mills@gmail.com,9302048919,London,England,United Kingdom,Silver,2022-02-23,Active
CUST003133,Jesse,Bryant,Female,1998-04-04,jesse.bryant@outlook.com,6047890830,Chennai,Tamil Nadu,India,Gold,2026-05-20,Active
CUST003134,Ashley,Russell,Male,1990-05-27,ashley.russell@yahoo.com,7647605146,Dubai,Dubai,UAE,Silver,2024-05-17,Inactive
CUST003135,Dean,Berger,Female,1956-11-26,dean.berger@outlook.com,,Mumbai,Maharashtra,India,Platinum,2023-11-10,Inactive
CUST003136,Stephen,Day,Male,1967-11-03,stephen.day@gmail.com,5915760245,Delhi,Delhi,India,Diamond,2022-10-03,Inactive
CUST003137,Connor,Baker,Female,2006-08-14,connor.baker@hotmail.com,5345841528,Delhi,Delhi,India,Diamond,2025-01-10,Inactive
CUST003138,Michael,Humphrey,Female,1986-08-18,michael.humphrey@yahoo.com,7845406726,Dubai,Dubai,UAE,Gold,2026-02-27,Active
CUST003139,Patrick,Bass,Male,1995-03-01,patrick.bass@gmail.com,5737025774,Dubai,Dubai,UAE,Silver,2026-05-04,Inactive
CUST003140,Joseph,Key,Female,1985-09-13,joseph.key@outlook.com,8126915810,Sydney,New South Wales,Australia,Gold,2022-02-22,Inactive
CUST003141,Daniel,Macias,Male,1988-05-11,daniel.macias@yahoo.com,5590838744,London,England,United Kingdom,Platinum,2026-03-14,Inactive
CUST003142,Linda,Smith,Male,1959-09-12,linda.smith@gmail.com,5964924772,Bengaluru,Karnataka,India,Diamond,2024-06-17,Inactive
CUST003143,Allison,Mcfarland,Male,1957-03-03,allison.mcfarland@hotmail.com,7197123685,New York,New York,United States,Platinum,2023-04-05,Inactive
CUST003144,Christopher,Lang,Male,1985-12-16,christopher.lang@hotmail.com,5282477009,Chennai,Tamil Nadu,India,Gold,2025-04-06,Active
CUST003145,Margaret,Mcgee,Male,1998-06-08,margaret.mcgee@hotmail.com,1398569333,Hyderabad,Telangana,India,Gold,2025-12-28,Active
CUST003146,Robert,Jordan,Male,1971-04-20,@gmail.com,5945108983,New York,New York,United States,Gold,2025-04-28,Active
CUST003147,Michael,Cameron,Male,1996-01-03,michael.cameron@yahoo.com,5344313883,Dubai,Dubai,UAE,Diamond,2025-12-10,Inactive
CUST003148,Justin,Rodriguez,Male,1991-02-08,justin.rodriguez@gmail.com,1644946107,Chennai,Tamil Nadu,India,Gold,2024-07-28,Active
CUST003149,Alexander,Coleman,Male,1989-04-07,alexander.coleman@gmail.com,5766902346,Sydney,New South Wales,Australia,Gold,2023-02-02,Active
CUST003150,Anthony,Mcgee,Male,1978-03-19,anthony.mcgee@outlook.com,5711321620,Singapore,Singapore,Singapore,Silver,2023-04-17,Inactive
CUST003151,Roy,Miles,Male,1985-08-22,roy.miles@outlook.com,9510490870,Singapore,Singapore,Singapore,Diamond,2024-08-16,Inactive
CUST003152,Rhonda,Bailey,Female,1970-02-27,rhonda.bailey@gmail.com,4798130535,Bengaluru,Karnataka,India,Silver,2024-10-25,Active
CUST003153,Katelyn,Austin,Female,1994-10-04,katelyn.austin@yahoo.com,3141401367,New York,New York,United States,Platinum,2025-09-17,Inactive
CUST003154,Christopher,Hall,Female,1961-01-04,christopher.hall@gmail.com,7319089630,Dubai,Dubai,UAE,Platinum,2025-08-02,Active
CUST003155,Matthew,Jackson,Female,1978-12-06,,0688103998,Chennai,Tamil Nadu,India,Diamond,2026-07-13,Inactive
CUST003156,Lisa,Odom,Male,1971-02-14,lisa.odom@yahoo.com,9081076163,Delhi,Delhi,India,Diamond,2022-10-24,Active
CUST003157,Brian,Mccarthy,Male,1980-06-18,brian.mccarthy@yahoo.com,1678587732,Hyderabad,Telangana,India,Silver,2025-11-22,Active
CUST003158,Alexandra,Jones,Male,2004-10-12,alexandra.jones@gmail.com,9542393928,Mumbai,Maharashtra,India,Platinum,2025-05-20,Inactive
CUST003159,Sandra,Johnson,Male,2002-09-25,sandra.johnson@hotmail.com,5219755705, Hyderabad,Telangana,India,Diamond,2025-12-05,Active
CUST003160,Miguel,Orozco,Female,1970-07-30,@gmail.com,8178567692,New York,New York,United States,Gold,2023-03-26,Active
CUST003161,Karen,Torres,Female,1975-04-22,karen.torres@yahoo.com,0622296886,Bengaluru,Karnataka,India,Silver,2025-11-01,Inactive
CUST003162,Anna,Barnes,Female,1958-12-07,anna.barnes@gmail.com,3407408492,Bengaluru,Karnataka,India,Silver,2023-06-09,Active
CUST003163,Paula,Adkins,Female,1976-02-21,paula.adkins@gmail.com,9606089661,Hyderabad,Telangana,India,Silver,2022-01-30,Active
CUST003164,William,Miller,Female,1968-02-14,william.miller@hotmail.com,3118118412,Delhi,Delhi,India,Diamond,2024-04-04,Active
CUST003165,Brian,Trujillo,Female,1986-10-12,brian.trujillo@yahoo.com,7063603437,BENGALURU,Karnataka,India,Gold,2021-11-24,Inactive
CUST003166,Christopher,Gray,Female,1985-10-15,christopher.gray@yahoo.com,6740411079,New York,New York,United States,Gold,2022-10-12,Inactive
CUST003167,Jessica,Richards,Male,1977-03-09,jessica.richards@gmail.com,3467246927,Sydney,New South Wales,Australia,Platinum,2023-03-06,Active
CUST003168,Sheri,Kirby,Male,1974-12-05,sheri.kirby@yahoo.com,8892505479, Hyderabad,Telangana,India,Diamond,2024-03-07,Active
CUST003169,Valerie,Palmer,Male,1982-08-23,valerie.palmer@yahoo.com,4802087008,Dubai,Dubai,UAE,Platinum,2025-03-18,Active
CUST003170,Harold,Lloyd,Male,1982-12-12,harold.lloyd@outlook.com,4688348386,Dubai,Dubai,UAE,Silver,2025-03-10,Active
CUST003171,Derrick,Delgado,Male,1963-02-24,derrick.delgado@outlook.com,5059477795,London,England,United Kingdom,Diamond,2021-11-25,Inactive
CUST003172,James,Newton,Female,1991-07-10,james.newton@yahoo.com,0253292616,Dubai,Dubai,UAE,Silver,2022-10-10,Active
CUST003173,Kelly,Smith,Male,1957-04-01,kelly.smith@gmail.com,3285924312,Dubai,Dubai,UAE,Platinum,2023-03-04,Inactive
CUST003174,Amber,Castro,Male,1975-11-19,amber.castro@hotmail.com,0221783960,Bengaluru,Karnataka,India,Diamond,2023-06-16,Active
CUST003175,William,Farmer,Female,2000-08-06,william.farmer@hotmail.com,2834953969,Sydney,New South Wales,Australia,Platinum,2023-11-21,Inactive
CUST003176,Christopher,Morales,Female,1979-12-24,christopher.morales@yahoo.com,0739572342,Mumbai,Maharashtra,India,Silver,2024-10-16,Inactive
CUST003177,Melissa,Watkins,Male,1974-02-19,melissa.watkins@gmail.com,2309637590,London,England,United Kingdom,Gold,2021-11-06,Inactive
CUST003178,Nathan,Ortiz,Female,1984-07-12,nathan.ortiz@gmail.com,5472906253,Bengaluru,Karnataka,India,Diamond,2025-05-15,Inactive
CUST003179,Dawn,Welch,Male,1961-12-23,dawn.welch@hotmail.com,7472217715,Chennai,Tamil Nadu,India,Gold,2025-07-16,Inactive
CUST003180,Julia,Matthews,Female,1968-09-08,julia.matthews@gmail.com,6450235953,Sydney,New South Wales,Australia,Silver,2024-04-11,Active
CUST003181,David,Rivera,Male,1957-08-29,david.rivera@gmail.com,3348863246,Dubai,Dubai,UAE,Diamond,2022-12-06,Active
CUST003182,Derrick,Lee,Female,1990-04-21,derrick.lee@yahoo.com,4137656926,New York,New York,United States,Diamond,2023-09-28,Inactive
CUST003183,Megan,Grimes,Male,1977-09-26,megan.grimes@hotmail.com,9917132118,Bengaluru,Karnataka,India,Silver,2024-04-29,Active
CUST003184,Lauren,Campbell,Male,1978-03-31,lauren.campbell@outlook.com,2855433435,Bengaluru,Karnataka,India,Diamond,2026-05-17,Active
CUST003185,Austin,Tucker,Male,1997-03-04,austin.tucker@outlook.com,9115917207,Bengaluru,Karnataka,India,Silver,2021-09-12,Inactive
CUST003186,Larry,Rodgers,Male,1997-02-26,larry.rodgers@outlook.com,3455367860,Singapore,Singapore,Singapore,Gold,2025-04-02,Inactive
CUST003187,Edward,Johnson,Male,1990-11-12,edward.johnson@yahoo.com,8235397733,Mumbai,Maharashtra,India,Platinum,2024-03-12,Active
CUST003188,Elizabeth,Yoder,Female,1960-05-21,elizabeth.yoder@gmail.com,2368974214,Mumbai,Maharashtra,India,Silver,2023-09-20,Active
CUST003189,Sandy,Gordon,Male,1976-08-19,sandy.gordon@outlook.com,6529844584,Sydney,New South Wales,Australia,Gold,2021-07-27,Inactive
CUST003190,April,Riley,Male,1990-02-01,april.riley@outlook.com,7804626773,Singapore,Singapore,Singapore,Silver,2022-06-05,Active
CUST003191,Jessica,Mckay,Male,1975-10-02,jessica.mckay@gmail.com,8662897754,New York,New York,United States,Gold,2024-08-29,Inactive
CUST003192,Ryan,Dominguez,Male,1981-01-24,ryan.dominguez@hotmail.com,4406412090,London,England,United Kingdom,Diamond,2026-06-30,Inactive
CUST003193,Brenda,Bishop,Female,1986-04-09,brenda.bishop@yahoo.com,5917935420,London ,England,United Kingdom,Diamond,2024-02-04,Active
CUST003194,Tracy,Warner,Male,1968-04-27,tracy.warner@yahoo.com,8268254991,Singapore,Singapore,Singapore,Silver,2023-05-23,Active
CUST003195,Lori,Wilkins,Male,1962-04-15,lori.wilkins@hotmail.com,3214262347,Chennai,Tamil Nadu,India,Diamond,2024-12-01,Inactive
CUST003196,James,Flowers,Male,1958-05-02,james.flowers@gmail.com,7520101167,London,England,United Kingdom,Platinum,2026-04-01,Active
CUST003197,Jamie,Rivera,Female,1985-08-17,jamie.rivera@outlook.com,8086961496,Chennai,Tamil Nadu,India,Gold,2024-11-01,Inactive
CUST003198,Chelsea,Harvey,Male,1997-10-27,chelsea.harvey@hotmail.com,5809133536,Delhi,Delhi,India,Diamond,2022-11-11,Active
CUST003199,Erik,Mendez,Female,2006-10-12,erik.mendez@gmail.com,3620891878,Delhi,Delhi,India,Gold,2022-04-06,Inactive
CUST003200,Michelle,Fernandez,Male,1959-04-06,michelle.fernandez@yahoo.com,9111816413,Dubai,Dubai,UAE,Diamond,2025-02-02,Active
CUST003201,Katrina,Powell,Male,1971-12-19,katrina.powell@hotmail.com,7022641256,New York,New York,United States,Diamond,2023-06-12,Inactive
CUST003202,David,Harris,Male,1972-12-09,,6873218860,Singapore,Singapore,Singapore,Gold,2025-03-02,Inactive
CUST003203,Duane,Erickson,Female,1990-03-10,duane.erickson@hotmail.com,6228647258,Delhi,Delhi,India,Platinum,2024-03-29,Active
CUST003204,Jessica,Murphy,Male,1975-01-06,jessica.murphy@hotmail.com,5448850886,Mumbai,Maharashtra,India,Gold,2024-10-28,Inactive
CUST003205,Thomas,Molina,Male,1970-04-06,thomas.molina@yahoo.com,8259701008,Delhi,Delhi,India,Gold,2022-09-26,Inactive
CUST003206,Robert,Brown,Female,1970-09-04,robert.brown@hotmail.com,2999560979,Hyderabad,Telangana,India,Silver,2023-10-28,Active
CUST003207,Charles,Padilla,Male,1957-03-28,charles.padilla@gmail.com,8980419004,New York,New York,United States,Silver,2021-12-16,Inactive
CUST003208,Michael,Tran,Male,1964-04-03,michael.tran@outlook.com,0343591490,London,England,United Kingdom,Diamond,2025-08-22,Inactive
CUST003209,Christopher,Collins,Male,1999-11-08,christopher.collins@gmail.com,6459943341,SINGAPORE,Singapore,Singapore,Silver,2021-10-10,Active
CUST003210,Dana,Ward,Male,1977-06-23,dana.ward@outlook.com,8390493602,New York,New York,United States,Silver,2021-12-27,Inactive
CUST003211,Derrick,Ferguson,Male,1968-05-09,derrick.ferguson@yahoo.com,1448306982,Mumbai,Maharashtra,India,Diamond,2025-01-18,Active
CUST003212,Stephanie,Smith,Female,1984-12-16,stephanie.smith@yahoo.com,5860016208,Chennai,Tamil Nadu,India,Platinum,2022-05-08,Inactive
CUST003213,Gregory,Graham,Male,1979-11-24,gregory.graham@yahoo.com,7750870085,Mumbai ,Maharashtra,India,Silver,2022-07-09,Inactive
CUST003214,Rachael,Orozco,Male,2000-01-04,rachael.orozco@yahoo.com,5135372409,Sydney,New South Wales,Australia,Diamond,2022-05-04,Inactive
CUST003215,Patricia,Garcia,Male,1966-09-15,patricia.garcia@yahoo.com,7128408452,Sydney,New South Wales,Australia,Silver,2025-07-01,Active
CUST003216,Hunter,Wallace,Male,2006-06-24,hunter.wallace@hotmail.com,3115439836,London,England,United Kingdom,Gold,2021-11-05,Inactive
CUST003217,Heather,Cruz,Female,1988-12-15,heather.cruz@hotmail.com,6910911612,Sydney,New South Wales,Australia,Platinum,2023-06-22,Active
CUST003218,Alyssa,Mckee,Male,1973-12-10,alyssa.mckee@outlook.com,6545939737,Dubai,Dubai,UAE,Silver,2021-12-08,Active
CUST003219,Elizabeth,Herring,Male,1976-05-22,elizabeth.herring@outlook.com,5761648244,Sydney,New South Wales,Australia,Gold,2025-02-11,Inactive
CUST003220,Tiffany,Nelson,Female,1993-11-18,tiffany.nelson@outlook.com,3881062828,New York,New York,United States,Platinum,2025-08-03,Inactive
CUST003221,Raymond,Duarte,Female,1955-12-04,raymond.duarte@outlook.com,3963924421,Hyderabad,Telangana,India,Gold,2026-03-22,Inactive
CUST003222,Robert,Peterson,Female,1987-07-25,robert.peterson@outlook.com,5310138965,Singapore,Singapore,Singapore,Gold,2022-09-03,Inactive
CUST003223,Jessica,Lee,Female,1973-01-03,jessica.lee@outlook.com,,Dubai,Dubai,UAE,Diamond,2025-08-24,Inactive
CUST003224,Dustin,Smith,Female,1977-12-13,dustin.smith@hotmail.com,6587659168,Hyderabad,Telangana,India,Diamond,2023-05-08,Active
CUST003225,Stacy,Chan,Female,1975-03-21,stacy.chan@gmail.com,6439200110,Sydney ,New South Wales,Australia,Silver,2025-12-29,Active
CUST003226,Lauren,Price,Female,1966-11-11,lauren.price@outlook.com,4460666585,New York,New York,United States,Silver,2025-06-07,Inactive
CUST003227,Jennifer,Miller,Female,1965-05-13,jennifer.miller@outlook.com,5570043329, Singapore,Singapore,Singapore,Diamond,2021-07-29,Inactive
CUST003228,Lori,Barrett,Female,1971-03-15,lori.barrett@yahoo.com,8292838171,London,England,United Kingdom,Silver,2025-02-11,Active
CUST003229,Douglas,Mcclure,Male,1997-03-07,douglas.mcclure@gmail.com,9372948419,Delhi,Delhi,India,Silver,2023-11-13,Active
CUST003230,Perry,Small,Male,1996-02-29,perry.small@outlook.com,8846045825,Sydney,New South Wales,Australia,Gold,2024-11-18,Inactive
CUST003231,Donald,Bryant,Female,1957-08-16,donald.bryant@hotmail.com,0763316041,Chennai,Tamil Nadu,India,Platinum,2025-12-12,Inactive
CUST003232,Craig,Hunt,Female,1987-10-02,craig.hunt@gmail.com,4887903418,Singapore,Singapore,Singapore,Diamond,2025-06-19,Active
CUST003233,Kimberly,Coleman,Female,1968-05-15,kimberly.coleman@hotmail.com,2210454198,Singapore ,Singapore,Singapore,Platinum,2021-11-09,Active
CUST003234,Jennifer,Maddox,Female,1960-03-22,jennifer.maddox@gmail.com,4189078163,Hyderabad,Telangana,India,Silver,2023-09-30,Inactive
CUST003235,Allison,Poole,Male,1996-09-23,allison.poole@gmail.com,6693354529,Chennai,Tamil Nadu,India,Gold,2026-01-12,Inactive
CUST003236,William,Villarreal,Female,1987-01-30,william.villarreal@outlook.com,4327445744,Dubai,Dubai,UAE,Gold,2024-08-22,Inactive
CUST003237,Sally,Koch,Female,1992-01-14,sally.koch@gmail.com,8218842374,Dubai,Dubai,UAE,Silver,2025-12-15,Inactive
CUST003238,Heather,Brady,Female,1961-02-24,heather.brady@hotmail.com,1036032609,Mumbai,Maharashtra,India,Platinum,2025-12-12,Inactive
CUST003239,Denise,Carpenter,Male,1988-05-20,denise.carpenter@yahoo.com,6535755983,New York,New York,United States,Platinum,2022-07-23,Inactive
CUST003240,Richard,Edwards,Male,2008-07-20,richard.edwards@outlook.com,4785602620,Sydney ,New South Wales,Australia,Gold,2021-09-05,Inactive
CUST003241,Cameron,Horn,Male,1975-10-03,cameron.horn@outlook.com,0315223857,Singapore,Singapore,Singapore,Platinum,2026-05-06,Active
CUST003242,Margaret,Chase,Female,1966-09-12,margaret.chase@outlook.com,8390537403,Mumbai,Maharashtra,India,Platinum,2026-07-10,Active
CUST003243,Vincent,Carrillo,Female,1960-07-01,vincent.carrillo@outlook.com,0702234410,Hyderabad,Telangana,India,Silver,2026-06-13,Inactive
CUST003244,Cynthia,Lopez,Male,1969-01-02,cynthia.lopez@hotmail.com,5977448063,Dubai,Dubai,UAE,Gold,2022-12-06,Active
CUST003245,Daniel,Park,Female,1967-05-12,daniel.park@yahoo.com,2228255720,Chennai,Tamil Nadu,India,Silver,2021-08-17,Inactive
CUST003246,Stacey,Munoz,Male,1985-09-20,,3187060471,Dubai,Dubai,UAE,Platinum,2026-03-29,Active
CUST003247,Eugene,Scott,Female,2001-04-06,eugene.scott@hotmail.com,0894096193,Dubai,Dubai,UAE,Gold,2025-12-28,Inactive
CUST003248,Samantha,Thompson,Female,1987-04-21,samantha.thompson@yahoo.com,5814016795,Singapore,Singapore,Singapore,Silver,2023-01-11,Active
CUST003249,Michael,Wilson,Female,2003-05-14,michael.wilson@gmail.com,8341112642,Delhi,Delhi,India,Diamond,2023-08-09,Inactive
CUST003250,Robin,Decker,Male,1962-12-18,robin.decker@outlook.com,5050798183,Delhi,Delhi,India,Diamond,2024-02-13,Active
CUST003251,Jonathon,Ayala,Male,1962-04-24,jonathon.ayala@gmail.com,6577048706,Mumbai,Maharashtra,India,Silver,2022-12-06,Inactive
CUST003252,Jose,Beck,Male,1957-04-26,jose.beck@outlook.com,5761272734,Mumbai,Maharashtra,India,Silver,2026-01-12,Inactive
CUST003253,Robert,Wyatt,Female,1962-07-01,robert.wyatt@gmail.com,7661725688,Singapore,Singapore,Singapore,Silver,2022-01-07,Inactive
CUST003254,Jason,Griffin,Male,1976-05-11,jason.griffin@hotmail.com,3731719166,Hyderabad,Telangana,India,Diamond,2024-03-21,Active
CUST003255,Gregory,Hickman,Female,1982-04-22,gregory.hickman@yahoo.com,7494725758,London,England,United Kingdom,Gold,2026-03-11,Active
CUST003256,James,Gonzalez,Female,1959-04-10,james.gonzalez@yahoo.com,1030242648,Chennai,Tamil Nadu,India,Silver,2026-04-13,Inactive
CUST003257,Jason,Mcpherson,Female,1996-08-19,jason.mcpherson@yahoo.com,2155617779,Bengaluru,Karnataka,India,Silver,2022-01-27,Inactive
CUST003258,Sara,Stevens,Female,1964-08-24,sara.stevens@gmail.com,1722463679,Delhi,Delhi,India,Gold,2024-12-13,Active
CUST003259,Brianna,Brewer,Male,1969-11-06,brianna.brewer@gmail.com,5804889547,Chennai,Tamil Nadu,India,Platinum,2025-09-29,Inactive
CUST003260,Daniel,Johnson,Male,2006-07-02,daniel.johnson@outlook.com,7329751551,Singapore,Singapore,Singapore,Silver,2025-03-19,Active
CUST003261,Aaron,Baker,Female,2001-07-13,aaron.baker@outlook.com,0599356327,Delhi,Delhi,India,Silver,2025-11-22,Inactive
CUST003262,Sean,Massey,Male,1956-04-03,sean.massey@yahoo.com,3592526912,Mumbai,Maharashtra,India,Platinum,2023-12-11,Active
CUST003263,Janice,Thompson,Female,1967-02-25,janice.thompson@hotmail.com,0287431822,Singapore,Singapore,Singapore,Platinum,2026-05-04,Inactive
CUST003264,Angela,Thomas,Female,1966-06-14,angela.thomas@outlook.com,3026544482,Hyderabad,Telangana,India,Gold,2025-03-23,Inactive
CUST003265,Jason,Joyce,Male,1963-07-14,jason.joyce@yahoo.com,4007213131,London,England,United Kingdom,Gold,2026-07-24,Active
CUST003266,Brenda,Cain,Female,1962-12-12,brenda.cain@hotmail.com,3779330909,Mumbai,Maharashtra,India,Diamond,2026-03-08,Inactive
CUST003267,Megan,Riley,Male,1993-10-23,megan.riley@gmail.com,7532203588,Delhi,Delhi,India,Gold,2026-04-05,Active
CUST003268,Natalie,Simpson,Female,1963-08-22,natalie.simpson@gmail.com,4333355507,Sydney,New South Wales,Australia,Silver,2023-02-20,Inactive
CUST003269,Troy,White,Male,1989-12-05,troy.white@yahoo.com,6235096643,Singapore,Singapore,Singapore,Silver,2022-01-31,Active
CUST003270,Benjamin,Solis,Female,2001-05-21,benjamin.solis@outlook.com,6763469398,New York,New York,United States,Diamond,2023-06-28,Active
CUST003271,Ryan,Lopez,Female,1955-09-29,ryan.lopez@yahoo.com,7722933846,Sydney,New South Wales,Australia,Diamond,2021-12-17,Inactive
CUST003272,Jacob,Kidd,Female,2002-04-26,jacob.kidd@hotmail.com,0523242077,Chennai,Tamil Nadu,India,Silver,2022-10-02,Inactive
CUST003273,Ashley,Grant,Female,1965-12-04,ashley.grant@yahoo.com,4439332106,Chennai,Tamil Nadu,India,Platinum,2024-04-24,Active
CUST003274,Shannon,Schultz,Male,2002-06-21,shannon.schultz@gmail.com,3455334400,Mumbai,Maharashtra,India,Silver,2024-05-14,Inactive
CUST003275,Raymond,Owens,Female,2004-04-19,raymond.owens@yahoo.com,4648927203,Mumbai,Maharashtra,India,Silver,2023-10-24,Active
CUST003276,Francisco,Weaver,Female,1965-10-08,francisco.weaver@gmail.com,4192684845,Dubai,Dubai,UAE,Diamond,2025-01-28,Active
CUST003277,Ethan,Patterson,Male,1967-12-21,ethan.patterson@outlook.com,2374125088,Singapore,Singapore,Singapore,Platinum,2022-06-05,Active
CUST003278,Kristina,Collins,Female,1983-07-28,kristina.collins@hotmail.com,6334636141,Delhi,Delhi,India,Platinum,2025-05-08,Inactive
CUST003279,Lindsey,Rodgers,Female,1971-11-04,lindsey.rodgers@gmail.com,2406151413,LONDON,England,United Kingdom,Platinum,2025-11-06,Active
CUST003280,Stacey,Lane,Male,2002-05-27,stacey.lane@hotmail.com,8732045392,New York,New York,United States,Gold,2021-10-16,Inactive
CUST003281,David,Johnson,Male,1969-09-01,david.johnson@hotmail.com,3497435397,Delhi,Delhi,India,Gold,2022-06-08,Active
CUST003282,Alfred,Dean,Female,1983-08-20,###@gmail.com,5783778543,Hyderabad,Telangana,India,Silver,2023-08-31,Active
CUST003283,David,Taylor,Female,2004-01-18,david.taylor@gmail.com,2794926589,Dubai,Dubai,UAE,Platinum,2026-07-16,Active
CUST003284,Jessica,Nelson,Male,1988-08-02,jessica.nelson@hotmail.com,3378537144,Sydney,New South Wales,Australia,Gold,2026-01-22,Active
CUST003285,Derek,Brown,Female,1974-11-18,derek.brown@gmail.com,4341108917,Sydney,New South Wales,Australia,Diamond,2022-04-07,Inactive
CUST003286,Steven,Joyce,Male,1997-05-30,steven.joyce@gmail.com,0086104839,Dubai,Dubai,UAE,Platinum,2026-06-22,Active
CUST003287,John,Owens,Female,1957-12-20,john.owens@gmail.com,2538860182,Chennai,Tamil Nadu,India,Gold,2025-07-15,Inactive
CUST003288,Alejandro,Carter,Female,1993-03-11,alejandro.carter@outlook.com,6348904006,New York,New York,United States,Platinum,2023-11-22,Inactive
CUST003289,Rachel,Herrera,Male,2004-09-03,rachel.herrera@yahoo.com,9100557759,Bengaluru,Karnataka,India,Diamond,2021-12-05,Active
CUST003290,Pamela,Dorsey,Male,1966-06-22,pamela.dorsey@yahoo.com,8592781096,Chennai,Tamil Nadu,India,Gold,2026-04-16,Inactive
CUST003291,Christopher,Walker,Male,1989-05-19,christopher.walker@yahoo.com,5560429657,New York,New York,United States,Silver,2026-03-18,Active
CUST003292,Mindy,Woods,Female,1977-01-20,mindy.woods@yahoo.com,7398181676,Chennai,Tamil Nadu,India,Diamond,2024-02-21,Inactive
CUST003293,James,Henderson,Male,1980-11-15,james.henderson@yahoo.com,3914833765,Mumbai,Maharashtra,India,Silver,2022-06-07,Inactive
CUST003294,Rachel,Lopez,Female,1969-07-09,rachel.lopez@hotmail.com,8980855315,Singapore,Singapore,Singapore,Platinum,2025-12-09,Inactive
CUST003295,Dana,Benjamin,Female,1960-05-22,dana.benjamin@gmail.com,6523405855,Sydney,New South Wales,Australia,Diamond,2024-10-06,Active
CUST003296,Vanessa,Lucero,Female,1990-06-07,vanessa.lucero@outlook.com,6981330495,Mumbai,Maharashtra,India,Silver,2025-12-10,Inactive
CUST003297,Cassandra,Briggs,Male,1955-11-23,cassandra.briggs@hotmail.com,3661848802,Delhi,Delhi,India,Gold,2023-06-02,Active
CUST003298,Lauren,Ritter,Female,1989-03-23,lauren.ritter@hotmail.com,7927286427,Hyderabad,Telangana,India,Platinum,2025-05-04,Inactive
CUST003299,Mark,Baker,Male,1969-07-22,mark.baker@yahoo.com,8171244262,Sydney,New South Wales,Australia,Platinum,2026-04-28,Inactive
CUST003300,James,Parrish,Male,1956-06-11,james.parrish@hotmail.com,7637405101,Dubai,Dubai,UAE,Diamond,2023-03-12,Active
CUST003301,Jason,Adkins,Male,1990-08-04,jason.adkins@gmail.com,0884296329,New York,New York,United States,Silver,2023-09-04,Active
CUST003302,Jeremy,Garcia,Male,1957-10-12,jeremy.garcia@yahoo.com,0976973593,Mumbai,Maharashtra,India,Silver,2024-09-10,Active
CUST003303,Dylan,Fisher,Male,1978-11-11,dylan.fisher@hotmail.com,7896258471,SINGAPORE,Singapore,Singapore,Silver,2024-02-04,Inactive
CUST003304,Suzanne,Murphy,Male,1979-01-06,suzanne.murphy@outlook.com,4679120891,Delhi,Delhi,India,Diamond,2023-02-01,Inactive
CUST003305,Michael,Galvan,Male,1982-01-20,michael.galvan@hotmail.com,2509342751,Delhi,Delhi,India,Gold,2023-06-08,Inactive
CUST003306,Benjamin,Anderson,Male,1992-04-28,benjamin.anderson@yahoo.com,3939473771,Bengaluru,Karnataka,India,Gold,2024-09-21,Inactive
CUST003307,Jeremy,Tucker,Female,1987-04-28,jeremy.tucker@hotmail.com,0825455618,Chennai,Tamil Nadu,India,Platinum,2022-06-27,Active
CUST003308,Manuel,Gay,Male,1997-04-06,manuel.gay@hotmail.com,6148329162,London,England,United Kingdom,Diamond,2023-09-21,Inactive
CUST003309,Garrett,Walker,Male,1977-08-20,garrett.walker@hotmail.com,4334529419,Chennai,Tamil Nadu,India,Silver,2025-01-21,Active
CUST003310,Tracy,Smith,Female,1966-12-13,tracy.smith@outlook.com,3472524863,Sydney,New South Wales,Australia,Platinum,2025-03-08,Active
CUST003311,Cristina,Howard,Male,1975-09-08,,4207309569,Mumbai,Maharashtra,India,Gold,2023-12-06,Active
CUST003312,Richard,Pollard,Female,1961-01-23,richard.pollard@outlook.com,8303547571,New York,New York,United States,Silver,2021-10-13,Inactive
CUST003313,Christy,Bryan,Male,1966-05-17,christy.bryan@gmail.com,2905089205,Singapore,Singapore,Singapore,Diamond,2024-05-26,Active
CUST003314,Claudia,Rodriguez,Male,1989-12-20,claudia.rodriguez@outlook.com,8477684021,London,England,United Kingdom,Silver,2024-11-05,Active
CUST003315,Michael,Lamb,Female,1997-03-07,michael.lamb@gmail.com,7869023199,Singapore,Singapore,Singapore,Diamond,2025-02-02,Inactive
CUST003316,Morgan,Olson,Male,2005-09-27,morgan.olson@hotmail.com,2613206928,Bengaluru,Karnataka,India,Diamond,2023-05-31,Active
CUST003317,Katherine,Carroll,Female,2001-06-19,katherine.carroll@outlook.com,3191040368,London,England,United Kingdom,Gold,2025-11-07,Inactive
CUST003318,Charles,Kane,Female,1993-01-29,charles.kane@outlook.com,1198519127,Sydney,New South Wales,Australia,Gold,2024-02-09,Inactive
CUST003319,Angela,Montgomery,Female,2000-08-24,angela.montgomery@gmail.com,8720436147,London,England,United Kingdom,Diamond,2022-03-09,Active
CUST003320,Andrew,Wright,Female,1993-08-23,andrew.wright@outlook.com,6956649518,Bengaluru,Karnataka,India,Silver,2023-08-21,Active
CUST003321,Joseph,Fitzgerald,Male,1998-09-15,joseph.fitzgerald@yahoo.com,4639441082,Bengaluru,Karnataka,India,Silver,2025-10-11,Inactive
CUST003322,James,Mcfarland,Female,1968-11-01,james.mcfarland@outlook.com,5192356870, Delhi,Delhi,India,Diamond,2021-10-23,Active
CUST003323,Timothy,Lewis,Female,1986-01-31,timothy.lewis@hotmail.com,0022856044,London,England,United Kingdom,Silver,2024-09-19,Inactive
CUST003324,Isaac,Brown,Male,1979-12-07,isaac.brown@gmail.com,3626743567,Delhi,Delhi,India,Silver,2024-03-04,Inactive
CUST003325,Susan,Le,Female,1969-01-29,susan.le@gmail.com,8234699016,New York,New York,United States,Diamond,2025-11-17,Active
CUST003326,Sara,Werner,Male,1957-08-21,sara.werner@hotmail.com,6783584054,Singapore,Singapore,Singapore,Silver,2026-03-09,Inactive
CUST003327,Julie,Taylor,Male,1980-10-03,julie.taylor@outlook.com,2187157837,Mumbai,Maharashtra,India,Silver,2023-03-14,Active
CUST003328,Shelia,Bowman,Male,1983-10-24,shelia.bowman@hotmail.com,5200713928,Delhi,Delhi,India,Silver,2025-02-05,Active
CUST003329,Dawn,Horn,Male,1961-12-17,,8017405452,London,England,United Kingdom,Gold,2025-07-09,Active
CUST003330,Heather,Lee,Male,2000-08-05,heather.lee@yahoo.com,5451489886,Dubai,Dubai,UAE,Gold,2025-07-20,Active
CUST003331,Philip,Thomas,Female,1969-06-10,philip.thomas@gmail.com,0834908743,Bengaluru,Karnataka,India,Gold,2025-09-11,Active
CUST003332,Chris,Hodges,Female,1981-01-14,chris.hodges@gmail.com,0801511201,Bengaluru,Karnataka,India,Silver,2022-09-19,Active
CUST003333,Hector,Huynh,Female,1996-03-20,hector.huynh@hotmail.com,7713181636,Delhi,Delhi,India,Diamond,2022-03-31,Inactive
CUST003334,Emma,King,Female,1979-01-17,abc@,4298937068,Chennai,Tamil Nadu,India,Gold,2025-02-19,Active
CUST003335,Caleb,Malone,Female,2007-09-30,caleb.malone@outlook.com,5635702129,Sydney,New South Wales,Australia,Diamond,2026-01-01,Active
CUST003336,Johnny,Rodriguez,Female,1977-10-04,johnny.rodriguez@yahoo.com,8609812174,Hyderabad,Telangana,India,Platinum,2023-11-28,Active
CUST003337,Jacob,Wilson,Male,1960-01-19,jacob.wilson@outlook.com,0460064310,Singapore,Singapore,Singapore,Gold,2023-02-16,Active
CUST003338,Robin,Walker,Female,1955-11-27,robin.walker@yahoo.com,4555001552,New York,New York,United States,Silver,2022-02-10,Active
CUST003339,Meghan,Foley,Female,1971-01-29,meghan.foley@yahoo.com,7258208840,Bengaluru,Karnataka,India,Platinum,2026-06-26,Inactive
CUST003340,Jonathan,Brown,Male,1970-08-30,jonathan.brown@yahoo.com,0279638493,Sydney,New South Wales,Australia,Platinum,2022-06-05,Inactive
CUST003341,Rita,Garcia,Male,1963-07-15,rita.garcia@hotmail.com,2704128494,Sydney,New South Wales,Australia,Silver,2026-07-01,Inactive
CUST003342,Gary,Lee,Female,1963-01-24,gary.lee@outlook.com,7104695430,Singapore,Singapore,Singapore,Silver,2024-06-15,Active
CUST003343,Kathy,Harrison,Male,1966-05-25,kathy.harrison@hotmail.com,0535703482,Mumbai,Maharashtra,India,Silver,2025-04-18,Active
CUST003344,Adrian,Roth,Male,2005-01-07,adrian.roth@yahoo.com,4913010630,New York,New York,United States,Silver,2025-09-12,Active
CUST003345,Nicholas,Bauer,Male,1956-11-10,nicholas.bauer@yahoo.com,5952472204,BENGALURU,Karnataka,India,Gold,2023-05-30,Active
CUST003346,Robin,Reed,Male,1959-08-09,robin.reed@yahoo.com,1757717503,London,England,United Kingdom,Gold,2024-12-21,Active
CUST003347,Tracey,White,Male,1955-08-17,tracey.white@gmail.com,6553843438,Mumbai,Maharashtra,India,Gold,2025-02-01,Inactive
CUST003348,Erin,Miller,Female,1959-04-05,erin.miller@outlook.com,3577501445,Dubai,Dubai,UAE,Platinum,2025-07-06,Inactive
CUST003349,Danielle,Blanchard,Male,1966-07-18,danielle.blanchard@yahoo.com,8195294994,New York,New York,United States,Platinum,2025-08-11,Active
CUST003350,Joyce,Wang,Male,1983-07-13,joyce.wang@outlook.com,7622847126,New York,New York,United States,Silver,2025-04-16,Inactive
CUST003351,Benjamin,Torres,Male,1995-05-16,benjamin.torres@gmail.com,1760266628,Hyderabad,Telangana,India,Gold,2025-10-14,Active
CUST003352,Nicole,Shaffer,Female,2006-02-01,john@gmail,1182005112,New York,New York,United States,Gold,2025-06-12,Inactive
CUST003353,Christopher,Aguilar,Female,1985-09-24,christopher.aguilar@hotmail.com,1033644819,Hyderabad,Telangana,India,Silver,2022-09-30,Active
CUST003354,Melanie,Sandoval,Female,1973-08-23,melanie.sandoval@hotmail.com,0285940184,New York,New York,United States,Diamond,2023-03-14,Inactive
CUST003355,Jerry,Cooper,Male,1990-02-09,jerry.cooper@yahoo.com,7703974387,Singapore,Singapore,Singapore,Silver,2024-01-21,Active
CUST003356,Pamela,Ortiz,Male,2005-07-30,pamela.ortiz@yahoo.com,5964324362,Delhi,Delhi,India,Diamond,2026-02-09,Inactive
CUST003357,Ryan,King,Male,1997-01-18,ryan.king@yahoo.com,2700558055,Dubai,Dubai,UAE,Gold,2023-10-02,Active
CUST003358,Ann,Sheppard,Female,1961-10-15,ann.sheppard@outlook.com,1615273886,Hyderabad,Telangana,India,Gold,2024-12-23,Active
CUST003359,Matthew,May,Male,2001-06-13,matthew.may@outlook.com,1588204084,Bengaluru,Karnataka,India,Gold,2024-02-17,Active
CUST003360,Michael,Rivera,Female,1960-10-29,michael.rivera@hotmail.com,0391172002,Sydney ,New South Wales,Australia,Gold,2023-02-26,Inactive
CUST003361,Kenneth,Gay,Female,1988-10-27,kenneth.gay@outlook.com,6672622971, Chennai,Tamil Nadu,India,Silver,2025-03-15,Active
CUST003362,Cheyenne,Smith,Female,1996-05-19,cheyenne.smith@hotmail.com,8825347688,Singapore ,Singapore,Singapore,Gold,2024-10-14,Inactive
CUST003363,Kendra,Ramirez,Male,1979-04-19,kendra.ramirez@gmail.com,0322139611,Bengaluru,Karnataka,India,Platinum,2023-04-21,Inactive
CUST003364,Lisa,Smith,Male,1963-10-17,,2330350387,Dubai,Dubai,UAE,Platinum,2023-10-18,Inactive
CUST003365,Brenda,Harrington,Female,1999-03-13,brenda.harrington@gmail.com,1786056510,Chennai,Tamil Nadu,India,Silver,2025-02-03,Inactive
CUST003366,Elizabeth,Carrillo,Female,1959-10-29,elizabeth.carrillo@outlook.com,8920595187,Chennai,Tamil Nadu,India,Gold,2023-09-25,Inactive
CUST003367,Alexandria,Wong,Female,1991-04-30,alexandria.wong@hotmail.com,5862473821,Delhi,Delhi,India,Gold,2026-04-25,Inactive
CUST003368,Dalton,Gibson,Female,1969-12-28,@gmail.com,0237705512,London,England,United Kingdom,Gold,2026-03-02,Inactive
CUST003369,Raymond,Malone,Male,1968-11-21,raymond.malone@outlook.com,1894169787,London,England,United Kingdom,Silver,2022-11-15,Active
CUST003370,Claire,Wilson,Female,2006-10-09,claire.wilson@gmail.com,6549141385,London,England,United Kingdom,Diamond,2025-03-11,Inactive
CUST003371,Steven,Gibson,Male,2008-04-16,steven.gibson@outlook.com,5015237711,Singapore,Singapore,Singapore,Diamond,2025-02-03,Active
CUST003372,John,Koch,Female,1998-03-06,john.koch@outlook.com,0515538006,Hyderabad,Telangana,India,Diamond,2024-08-09,Inactive
CUST003373,Tyler,Moody,Male,1968-07-13,tyler.moody@gmail.com,4521636017,Sydney,New South Wales,Australia,Diamond,2024-11-26,Active
CUST003374,Sydney,Koch,Female,2002-06-30,sydney.koch@yahoo.com,1007400400,Mumbai,Maharashtra,India,Silver,2023-04-02,Inactive
CUST003375,Brian,Kirby,Male,1998-08-08,brian.kirby@hotmail.com,0697118175,Hyderabad,Telangana,India,Platinum,2022-03-12,Active
CUST003376,Michelle,Scott,Female,1971-02-24,michelle.scott@gmail.com,5193353553,Sydney,New South Wales,Australia,Platinum,2024-12-28,Inactive
CUST003377,Robert,Powell,Female,1970-03-18,robert.powell@hotmail.com,5262269536,Delhi,Delhi,India,Gold,2023-03-07,Active
CUST003378,Jeffery,Schmitt,Male,1965-05-11,jeffery.schmitt@gmail.com,2946176440,Singapore,Singapore,Singapore,Gold,2024-01-16,Inactive
CUST003379,John,Davis,Female,1957-07-22,john.davis@outlook.com,7559286276,Bengaluru,Karnataka,India,Diamond,2024-07-30,Inactive
CUST003380,Dorothy,Young,Female,2002-10-13,dorothy.young@hotmail.com,8332131298,Chennai,Tamil Nadu,India,Gold,2023-11-22,Active
CUST003381,Lynn,Garcia,Female,1977-08-02,lynn.garcia@yahoo.com,3569821855,Bengaluru,Karnataka,India,Silver,2026-04-17,Active
CUST003382,Jeffrey,Calhoun,Female,1977-12-14,jeffrey.calhoun@gmail.com,4132317932,Chennai,Tamil Nadu,India,Silver,2022-09-13,Inactive
CUST003383,Timothy,Allen,Female,1979-11-18,timothy.allen@hotmail.com,1519229713,Delhi,Delhi,India,Gold,2021-08-23,Inactive
CUST003384,Amber,Robertson,Male,1972-10-24,amber.robertson@yahoo.com,3293119757,Mumbai,Maharashtra,India,Diamond,2023-12-06,Active
CUST003385,Greg,Walker,Female,1967-12-21,greg.walker@yahoo.com,1612636799,Singapore,Singapore,Singapore,Silver,2024-09-27,Active
CUST003386,Deborah,Young,Male,1987-01-21,deborah.young@hotmail.com,3669478120,Mumbai,Maharashtra,India,Silver,2022-07-23,Active
CUST003387,Hannah,Lee,Female,1956-11-12,hannah.lee@gmail.com,1656696357,London,England,United Kingdom,Gold,2024-08-07,Active
CUST003388,Christopher,Mcintyre,Female,1973-02-09,christopher.mcintyre@hotmail.com,4736229408,Chennai,Tamil Nadu,India,Diamond,2023-06-11,Inactive
CUST003389,Michelle,Jones,Female,1977-06-13,michelle.jones@gmail.com,6326373776,Sydney,New South Wales,Australia,Platinum,2026-05-30,Active
CUST003390,Howard,Strickland,Male,2008-05-25,howard.strickland@gmail.com,,Mumbai ,Maharashtra,India,Platinum,2023-02-16,Active
CUST003391,Jessica,Le,Female,2002-11-16,jessica.le@outlook.com,5235886774, Chennai,Tamil Nadu,India,Platinum,2023-01-28,Active
CUST003392,Sarah,Willis,Female,1977-04-17,sarah.willis@hotmail.com,2334150542,Mumbai,Maharashtra,India,Platinum,2021-07-27,Inactive
CUST003393,Christina,Brooks,Female,1981-09-29,christina.brooks@outlook.com,7554267751,Singapore,Singapore,Singapore,Platinum,2021-12-16,Active
CUST003394,Troy,Anderson,Male,1978-10-22,troy.anderson@gmail.com,0834397469,Mumbai,Maharashtra,India,Diamond,2026-07-25,Inactive
CUST003395,Elizabeth,Williams,Female,1987-03-16,elizabeth.williams@yahoo.com,2690793033,Hyderabad,Telangana,India,Platinum,2023-09-27,Active
CUST003396,Rita,Thompson,Male,1955-08-23,rita.thompson@hotmail.com,8452963391,Chennai,Tamil Nadu,India,Gold,2023-12-07,Inactive
CUST003397,Chelsea,James,Female,1966-10-25,chelsea.james@outlook.com,8610419072,Hyderabad,Telangana,India,Gold,2026-01-11,Inactive
CUST003398,Marc,Hensley,Female,1983-12-18,marc.hensley@hotmail.com,6089309471,New York,New York,United States,Diamond,2021-12-26,Active
CUST003399,Kristina,Hardin,Female,2003-08-22,,4687789820,Mumbai,Maharashtra,India,Gold,2024-07-31,Inactive
CUST003400,Thomas,Parrish,Female,1975-07-12,thomas.parrish@yahoo.com,6026191713,London,England,United Kingdom,Diamond,2024-07-18,Active
CUST003401,Christopher,Anderson,Male,1984-11-28,christopher.anderson@outlook.com,2581525799,Sydney,New South Wales,Australia,Silver,2022-03-21,Active
CUST003402,Cheryl,Rodriguez,Male,2003-06-24,cheryl.rodriguez@gmail.com,0539520720,Sydney,New South Wales,Australia,Diamond,2026-04-08,Active
CUST003403,Christopher,Castillo,Female,1994-04-28,christopher.castillo@outlook.com,2964098928,Bengaluru,Karnataka,India,Diamond,2021-12-29,Inactive
CUST003404,Nathan,Burke,Female,2001-05-19,nathan.burke@outlook.com,5396685545,Delhi,Delhi,India,Gold,2025-07-20,Inactive
CUST003405,Kimberly,Potter,Male,2004-08-06,kimberly.potter@outlook.com,4343987170,Sydney,New South Wales,Australia,Gold,2023-03-17,Inactive
CUST003406,Brandi,Lowery,Male,1982-03-08,brandi.lowery@hotmail.com,8192301733,London,England,United Kingdom,Gold,2024-10-31,Active
CUST003407,William,Cox,Male,1961-02-26,william.cox@gmail.com,,Delhi,Delhi,India,Gold,2023-12-28,Inactive
CUST003408,Matthew,Lane,Male,1958-06-30,matthew.lane@gmail.com,0819809685,Dubai,Dubai,UAE,Platinum,2022-07-01,Active
CUST003409,Clarence,Watkins,Female,1987-11-07,clarence.watkins@yahoo.com,0969815222,Bengaluru,Karnataka,India,Silver,2024-02-23,Active
CUST003410,Brandon,Bowman,Female,1991-06-17,brandon.bowman@hotmail.com,3991975461,New York,New York,United States,Silver,2026-05-12,Active
CUST003411,Julie,Tate,Male,1965-03-14,julie.tate@yahoo.com,8143906480,London,England,United Kingdom,Diamond,2024-04-22,Active
CUST003412,Dustin,Ibarra,Male,2001-01-01,dustin.ibarra@outlook.com,8769325671,Mumbai,Maharashtra,India,Platinum,2023-10-01,Inactive
CUST003413,Erika,Braun,Male,1964-11-18,erika.braun@yahoo.com,7347020234,Dubai,Dubai,UAE,Diamond,2023-01-21,Active
CUST003414,Tammy,Wilson,Male,2003-01-20,tammy.wilson@hotmail.com,9123031067,Bengaluru,Karnataka,India,Diamond,2022-08-24,Active
CUST003415,Kim,Pierce,Female,1980-04-22,kim.pierce@gmail.com,8908373191,Hyderabad,Telangana,India,Gold,2022-06-13,Inactive
CUST003416,Catherine,Cannon,Male,1997-09-27,catherine.cannon@yahoo.com,2161889070,New York,New York,United States,Diamond,2024-06-25,Active
CUST003417,Nicholas,Silva,Male,1967-11-20,nicholas.silva@gmail.com,4320092318,Dubai,Dubai,UAE,Gold,2024-01-09,Active
CUST003418,Marcus,Blankenship,Female,1991-02-25,marcus.blankenship@yahoo.com,9926839383,Mumbai,Maharashtra,India,Platinum,2026-02-21,Active
CUST003419,Anthony,Cooke,Female,2000-08-27,anthony.cooke@gmail.com,8795089985,Mumbai,Maharashtra,India,Silver,2022-09-22,Inactive
CUST003420,Darren,Graham,Female,1997-06-05,darren.graham@hotmail.com,5383907994,Bengaluru,Karnataka,India,Diamond,2025-12-09,Inactive
CUST003421,Mary,Walker,Female,1976-08-10,mary.walker@outlook.com,4192904289,Bengaluru,Karnataka,India,Diamond,2022-03-06,Active
CUST003422,William,Christian,Female,1981-12-21,william.christian@yahoo.com,8399593026,New York,New York,United States,Platinum,2025-03-14,Inactive
CUST003423,John,Roberts,Female,1982-06-18,john.roberts@gmail.com,7080550319,Chennai,Tamil Nadu,India,Diamond,2025-01-20,Active
CUST003424,Jessica,Johnston,Male,1972-09-04,jessica.johnston@gmail.com,9809504654, Singapore,Singapore,Singapore,Diamond,2024-12-29,Inactive
CUST003425,Cameron,Nguyen,Male,1978-02-15,cameron.nguyen@yahoo.com,1744773733,HYDERABAD ,Telangana,India,Gold,2023-01-15,Inactive
CUST003426,Erin,Mathis,Male,1987-10-17,erin.mathis@yahoo.com,7309864235,Delhi,Delhi,India,Gold,2024-03-27,Inactive
CUST003427,Charles,Steele,Male,2001-05-10,charles.steele@yahoo.com,4104331130,Delhi,Delhi,India,Silver,2021-11-10,Active
CUST003428,Grace,Moreno,Female,1958-05-04,grace.moreno@hotmail.com,4674809971,Chennai,Tamil Nadu,India,Silver,2021-09-19,Inactive
CUST003429,Christina,Robinson,Female,1994-09-05,christina.robinson@outlook.com,0801468111,Chennai,Tamil Nadu,India,Gold,2025-09-29,Inactive
CUST003430,Luis,Santos,Male,1956-10-19,luis.santos@yahoo.com,2436658849,London,England,United Kingdom,Silver,2022-05-26,Inactive
CUST003431,Stephen,Solomon,Male,1995-03-02,stephen.solomon@gmail.com,2616310878,Dubai,Dubai,UAE,Platinum,2024-08-01,Active
CUST003432,Michael,Pruitt,Male,1987-06-26,michael.pruitt@hotmail.com,4229789949,Chennai,Tamil Nadu,India,Silver,2023-10-31,Active
CUST003433,Melissa,Cook,Female,1976-05-09,melissa.cook@gmail.com,6507093493,Delhi,Delhi,India,Diamond,2026-03-16,Inactive
CUST003434,Katelyn,Reynolds,Male,1990-06-29,katelyn.reynolds@yahoo.com,1231747426,Singapore,Singapore,Singapore,Silver,2022-02-10,Active
CUST003435,Edward,Williams,Female,1957-04-29,edward.williams@yahoo.com,4017411455,Hyderabad,Telangana,India,Gold,2021-09-06,Active
CUST003436,Janet,Hamilton,Female,2003-06-25,janet.hamilton@outlook.com,7317829845,Mumbai,Maharashtra,India,Silver,2022-03-10,Inactive
CUST003437,Scott,Greene,Male,1971-12-27,scott.greene@outlook.com,3593240283,Delhi,Delhi,India,Diamond,2022-09-15,Active
CUST003438,Debra,Bailey,Male,1961-08-21,debra.bailey@hotmail.com,7243179557,Singapore,Singapore,Singapore,Silver,2024-04-03,Active
CUST003439,Andrea,Yoder,Male,1996-09-06,andrea.yoder@gmail.com,8205120357,Mumbai,Maharashtra,India,Silver,2025-12-21,Inactive
CUST003440,Brandi,Reeves,Female,1983-03-11,brandi.reeves@yahoo.com,8057482991,Sydney,New South Wales,Australia,Platinum,2024-07-09,Inactive
CUST003441,Helen,Shepard,Male,1969-12-23,helen.shepard@gmail.com,3844216693,New York,New York,United States,Gold,2022-05-04,Inactive
CUST003442,Samantha,Franco,Male,2000-11-09,samantha.franco@yahoo.com,8111743885,London,England,United Kingdom,Silver,2022-09-19,Inactive
CUST003443,Kenneth,Marshall,Male,1997-02-10,kenneth.marshall@hotmail.com,2289319379,Mumbai,Maharashtra,India,Gold,2024-03-14,Active
CUST003444,Carrie,Perry,Male,2007-07-05,carrie.perry@yahoo.com,8362724169,Chennai,Tamil Nadu,India,Silver,2021-09-15,Active
CUST003445,Stephanie,Franklin,Female,1985-08-13,stephanie.franklin@gmail.com,4929551851,Singapore,Singapore,Singapore,Silver,2021-10-08,Active
CUST003446,Luis,Moreno,Female,1955-11-12,luis.moreno@hotmail.com,5599729373,Bengaluru,Karnataka,India,Silver,2026-04-15,Inactive
CUST003447,Blake,Khan,Male,2007-08-24,blake.khan@gmail.com,8770303124,London,England,United Kingdom,Silver,2026-06-28,Inactive
CUST003448,Bradley,Grant,Female,2000-07-24,bradley.grant@gmail.com,7487519137,Chennai,Tamil Nadu,India,Gold,2025-01-24,Active
CUST003449,Danielle,Cline,Male,1972-02-07,danielle.cline@hotmail.com,5571868528,Sydney,New South Wales,Australia,Platinum,2024-09-15,Inactive
CUST003450,Madeline,Garner,Female,2000-05-15,madeline.garner@outlook.com,7775384405,Chennai,Tamil Nadu,India,Diamond,2025-11-29,Inactive
CUST003451,Gregory,Allen,Male,1979-03-10,gregory.allen@hotmail.com,5590411155,Chennai,Tamil Nadu,India,Diamond,2025-10-24,Inactive
CUST003452,Anthony,Barber,Male,1970-03-17,,4168140273,New York,New York,United States,Silver,2022-03-16,Active
CUST003453,Mark,Campbell,Female,1975-10-12,,6640471811,Dubai,Dubai,UAE,Gold,2021-09-11,Active
CUST003454,Denise,Jones,Female,2002-09-23,denise.jones@gmail.com,9135526256,Dubai,Dubai,UAE,Platinum,2026-02-13,Inactive
CUST003455,Bonnie,Hampton,Male,2007-08-04,bonnie.hampton@hotmail.com,0816374462,Singapore,Singapore,Singapore,Silver,2024-01-10,Active
CUST003456,Briana,Tran,Female,1970-11-05,briana.tran@outlook.com,8740327163,Delhi,Delhi,India,Diamond,2024-03-07,Active
CUST003457,Nancy,Moore,Male,1999-09-13,nancy.moore@yahoo.com,1406792961,Mumbai,Maharashtra,India,Silver,2023-03-10,Active
CUST003458,Jeff,Butler,Female,1985-08-23,jeff.butler@hotmail.com,4920141405,Dubai,Dubai,UAE,Silver,2022-09-03,Active
CUST003459,Cameron,Gross,Male,1996-09-03,cameron.gross@outlook.com,3735831778,Hyderabad,Telangana,India,Platinum,2026-07-11,Inactive
CUST003460,Cynthia,Harvey,Male,2006-03-04,cynthia.harvey@yahoo.com,7769601222,Dubai,Dubai,UAE,Platinum,2024-07-13,Inactive
CUST003461,Peggy,Lester,Male,1981-07-03,peggy.lester@hotmail.com,2987988349,Delhi,Delhi,India,Diamond,2023-07-25,Active
CUST003462,Nathaniel,Warner,Male,2003-11-11,nathaniel.warner@outlook.com,1580855725,Delhi,Delhi,India,Silver,2023-12-11,Inactive
CUST003463,Christina,Bridges,Male,1969-03-17,christina.bridges@gmail.com,9675457558,Bengaluru,Karnataka,India,Gold,2024-02-29,Inactive
CUST003464,Michael,Stevens,Female,2004-02-02,michael.stevens@gmail.com,6768564245,Hyderabad,Telangana,India,Diamond,2025-03-20,Inactive
CUST003465,Austin,Williams,Female,1979-07-25,austin.williams@gmail.com,6235640530,Bengaluru,Karnataka,India,Platinum,2023-09-16,Inactive
CUST003466,Zachary,Taylor,Female,1972-03-29,zachary.taylor@gmail.com,7541515771,Hyderabad,Telangana,India,Gold,2025-06-28,Active
CUST003467,Brian,Church,Female,2004-11-25,brian.church@hotmail.com,7218171697,Sydney,New South Wales,Australia,Gold,2024-08-09,Inactive
CUST003468,Sarah,Anderson,Male,1975-10-24,sarah.anderson@outlook.com,6660574545,Dubai,Dubai,UAE,Diamond,2023-06-05,Inactive
CUST003469,Monica,Manning,Male,1981-07-01,monica.manning@yahoo.com,7049399191,Mumbai,Maharashtra,India,Gold,2022-07-06,Active
CUST003470,Douglas,Mccarthy,Male,1991-06-10,@gmail.com,3980867544,Bengaluru,Karnataka,India,Diamond,2025-04-16,Active
CUST003471,George,Collins,Female,2001-08-04,george.collins@outlook.com,0761497156,Chennai,Tamil Nadu,India,Platinum,2024-04-11,Active
CUST003472,Dave,Green,Female,2001-04-13,dave.green@yahoo.com,7050332206,Hyderabad,Telangana,India,Gold,2022-03-15,Active
CUST003473,Stanley,Rogers,Female,1999-01-23,stanley.rogers@gmail.com,3686641938,Dubai,Dubai,UAE,Diamond,2026-03-11,Active
CUST003474,James,Jefferson,Female,1967-03-20,james.jefferson@outlook.com,9833545345,Dubai,Dubai,UAE,Gold,2022-11-24,Active
CUST003475,James,Henry,Female,2004-05-09,,8925620105,Singapore,Singapore,Singapore,Platinum,2025-03-01,Active
CUST003476,Misty,Curtis,Female,1963-10-05,misty.curtis@outlook.com,1028521991,New York,New York,United States,Platinum,2024-02-15,Active
CUST003477,Ethan,Mccall,Male,1994-12-18,ethan.mccall@yahoo.com,5692416046,Delhi,Delhi,India,Diamond,2025-10-12,Active
CUST003478,Angelica,Doyle,Male,1984-09-01,angelica.doyle@gmail.com,4972251998,Dubai,Dubai,UAE,Silver,2021-09-30,Inactive
CUST003479,Keith,Tucker,Female,1976-08-20,keith.tucker@gmail.com,8406416073,Sydney,New South Wales,Australia,Platinum,2026-05-18,Inactive
CUST003480,Alyssa,Jones,Female,2005-01-20,alyssa.jones@outlook.com,9151888649,New York,New York,United States,Silver,2025-11-24,Inactive
CUST003481,Charles,Hughes,Male,1959-11-23,charles.hughes@gmail.com,4365820378,Singapore,Singapore,Singapore,Silver,2025-02-09,Active
CUST003482,Andrew,Bailey,Female,1996-10-27,andrew.bailey@gmail.com,5659433599,Chennai,Tamil Nadu,India,Gold,2025-09-29,Inactive
CUST003483,Judith,Ho,Female,1961-09-16,judith.ho@yahoo.com,5088713786,Dubai,Dubai,UAE,Diamond,2022-04-17,Inactive
CUST003484,Matthew,Herrera,Female,1982-11-06,matthew.herrera@gmail.com,8477803146,Singapore,Singapore,Singapore,Diamond,2021-11-24,Active
CUST003485,Allen,Mitchell,Male,1963-09-18,allen.mitchell@yahoo.com,9782297224,Hyderabad,Telangana,India,Gold,2026-03-14,Active
CUST003486,Jennifer,Spencer,Male,2000-09-25,jennifer.spencer@outlook.com,4214657347,London,England,United Kingdom,Diamond,2026-05-20,Inactive
CUST003487,Sandra,Melendez,Male,1995-09-15,sandra.melendez@outlook.com,2969212656,London,England,United Kingdom,Platinum,2025-02-22,Inactive
CUST003488,Richard,Gomez,Male,1968-07-21,richard.gomez@gmail.com,1940931219,London,England,United Kingdom,Silver,2025-04-28,Active
CUST003489,Brent,Cunningham,Male,1962-12-27,,5418963877,Hyderabad,Telangana,India,Silver,2024-03-13,Inactive
CUST003490,Christine,Rose,Female,1983-12-01,christine.rose@gmail.com,9140379437,Mumbai,Maharashtra,India,Gold,2024-10-25,Active
CUST003491,Andrea,Bennett,Female,1966-08-05,andrea.bennett@hotmail.com,8897223836,Sydney,New South Wales,Australia,Silver,2025-10-11,Active
CUST003492,Ashley,Wolf,Female,1991-01-08,ashley.wolf@outlook.com,6812699605,Delhi,Delhi,India,Gold,2022-03-02,Inactive
CUST003493,Melissa,Castillo,Male,1974-07-10,melissa.castillo@yahoo.com,1291379397,Hyderabad,Telangana,India,Gold,2023-04-30,Inactive
CUST003494,Mark,Tapia,Male,1968-03-27,john@gmail,1415730916,Hyderabad,Telangana,India,Gold,2025-03-21,Active
CUST003495,Mark,Guzman,Male,1966-01-13,mark.guzman@hotmail.com,0477613864,Mumbai,Maharashtra,India,Gold,2022-12-21,Active
CUST003496,Brian,Frederick,Female,1967-02-09,brian.frederick@outlook.com,5767123204,New York,New York,United States,Silver,2025-09-23,Active
CUST003497,Carmen,Murphy,Female,1964-08-12,carmen.murphy@gmail.com,1903233774,Sydney,New South Wales,Australia,Platinum,2023-01-04,Inactive
CUST003498,Brian,Young,Female,1993-04-29,brian.young@gmail.com,9270833464,Delhi,Delhi,India,Silver,2023-01-27,Inactive
CUST003499,Barbara,Rowe,Female,1984-01-09,barbara.rowe@gmail.com,1290414124,Mumbai,Maharashtra,India,Diamond,2023-12-25,Active
CUST003500,Darrell,Davis,Male,2004-04-12,darrell.davis@outlook.com,8260222158,Bengaluru,Karnataka,India,Silver,2022-10-16,Inactive
CUST003501,Tracy,Cuevas,Female,1971-10-24,,2182375106,New York,New York,United States,Diamond,2022-10-30,Inactive
CUST003502,Charlotte,Sanford,Male,1993-05-18,charlotte.sanford@gmail.com,1247414026,Sydney,New South Wales,Australia,Platinum,2026-01-18,Active
CUST003503,Lisa,Jones,Female,1970-05-21,lisa.jones@outlook.com,0092653227,Delhi,Delhi,India,Diamond,2024-07-10,Inactive
CUST003504,Sarah,Vasquez,Female,1992-08-25,sarah.vasquez@outlook.com,0254477152,Hyderabad,Telangana,India,Silver,2023-11-01,Inactive
CUST003505,Michael,Ayala,Female,1989-07-16,michael.ayala@outlook.com,7226984525,London,England,United Kingdom,Diamond,2024-10-28,Active
CUST003506,Karina,Blake,Male,1968-08-30,karina.blake@outlook.com,5383484102,Mumbai,Maharashtra,India,Platinum,2025-07-17,Inactive
CUST003507,Samantha,Goodman,Male,1987-05-16,samantha.goodman@hotmail.com,1490416787,Dubai,Dubai,UAE,Platinum,2022-08-22,Inactive
CUST003508,Jeremy,Murphy,Female,1967-07-25,jeremy.murphy@gmail.com,7320698320,Chennai ,Tamil Nadu,India,Gold,2021-09-27,Inactive
CUST003509,Barbara,Davis,Male,1966-11-10,barbara.davis@gmail.com,3491203672,Chennai,Tamil Nadu,India,Silver,2021-09-09,Inactive
CUST003510,Kimberly,Brown,Female,1966-06-10,kimberly.brown@yahoo.com,7533238641,New York,New York,United States,Diamond,2024-09-14,Inactive
CUST003511,Chloe,Clay,Female,1975-08-08,chloe.clay@hotmail.com,0641156848,Mumbai,Maharashtra,India,Silver,2026-03-11,Inactive
CUST003512,Thomas,Johnson,Female,1962-07-19,thomas.johnson@hotmail.com,0881072536,Bengaluru,Karnataka,India,Diamond,2021-07-31,Active
CUST003513,Charles,Brown,Female,1959-05-04,charles.brown@gmail.com,8112641507,New York,New York,United States,Gold,2022-09-25,Inactive
CUST003514,Teresa,Duarte,Female,1971-04-25,teresa.duarte@hotmail.com,0258062950,Hyderabad,Telangana,India,Diamond,2022-10-10,Active
CUST003515,Cynthia,Powers,Female,1958-05-15,cynthia.powers@outlook.com,2387549544,Sydney,New South Wales,Australia,Platinum,2024-06-02,Inactive
CUST003516,Christine,Good,Male,1956-07-10,christine.good@hotmail.com,2180495507,NEW YORK,New York,United States,Diamond,2023-03-05,Inactive
CUST003517,Matthew,Chapman,Male,1961-05-10,matthew.chapman@outlook.com,5280788976,Hyderabad,Telangana,India,Gold,2025-11-11,Inactive
CUST003518,Christopher,Finley,Female,1960-09-15,christopher.finley@gmail.com,4060078167,New York,New York,United States,Silver,2025-10-27,Inactive
CUST003519,Samuel,Gonzalez,Male,1985-09-17,samuel.gonzalez@outlook.com,8082352109,Dubai,Dubai,UAE,Gold,2022-11-05,Active
CUST003520,Michael,Perez,Male,2003-12-17,michael.perez@hotmail.com,1491745194,Hyderabad,Telangana,India,Silver,2022-11-04,Active
CUST003521,Brenda,Miller,Male,2005-09-06,brenda.miller@hotmail.com,0385959819,Mumbai,Maharashtra,India,Diamond,2022-06-12,Inactive
CUST003522,Leslie,Gill,Male,1967-12-18,leslie.gill@gmail.com,5597206226,Sydney,New South Wales,Australia,Silver,2024-02-06,Inactive
CUST003523,Rachel,Buchanan,Male,1967-09-11,rachel.buchanan@hotmail.com,1612381035,Bengaluru,Karnataka,India,Diamond,2021-10-31,Active
CUST003524,Steven,Mitchell,Female,1979-06-27,steven.mitchell@gmail.com,8412476504,London,England,United Kingdom,Gold,2022-05-03,Inactive
CUST003525,Debbie,Neal,Male,1956-06-07,debbie.neal@hotmail.com,8566598219,Sydney,New South Wales,Australia,Silver,2022-04-17,Inactive
CUST003526,Brandi,Mckay,Male,1976-08-09,brandi.mckay@gmail.com,4346433314,Singapore,Singapore,Singapore,Silver,2025-05-27,Inactive
CUST003527,Adam,Garcia,Female,1989-02-28,adam.garcia@outlook.com,4003673546,Sydney ,New South Wales,Australia,Platinum,2025-02-12,Inactive
CUST003528,Vicki,Richard,Male,2005-09-28,vicki.richard@outlook.com,6418887244,London,England,United Kingdom,Diamond,2022-07-08,Inactive
CUST003529,Alan,Jordan,Female,1959-01-27,alan.jordan@outlook.com,6331304450,Dubai,Dubai,UAE,Platinum,2021-11-23,Inactive
CUST003530,Alison,Smith,Female,1995-03-07,alison.smith@gmail.com,8779944222,Sydney,New South Wales,Australia,Diamond,2025-01-21,Active
CUST003531,Wanda,Jimenez,Male,1973-04-08,wanda.jimenez@hotmail.com,0972805412,Chennai,Tamil Nadu,India,Platinum,2023-04-28,Inactive
CUST003532,Judith,Smith,Female,2007-10-06,judith.smith@outlook.com,3039690747,Hyderabad,Telangana,India,Platinum,2025-12-14,Inactive
CUST003533,Amber,Zimmerman,Female,1990-08-24,amber.zimmerman@gmail.com,4397153628,Chennai,Tamil Nadu,India,Diamond,2025-04-20,Inactive
CUST003534,Kyle,Rose,Male,1974-07-29,kyle.rose@yahoo.com,5704268032,Dubai,Dubai,UAE,Gold,2021-08-27,Inactive
CUST003535,Melissa,Perez,Female,2006-02-02,melissa.perez@yahoo.com,4978545222,Sydney,New South Wales,Australia,Gold,2025-08-16,Active
CUST003536,Andrea,Simmons,Female,2000-09-11,andrea.simmons@yahoo.com,8924902578,New York,New York,United States,Platinum,2026-01-27,Active
CUST003537,Stephen,Payne,Male,1959-08-20,stephen.payne@gmail.com,7708984773,Mumbai,Maharashtra,India,Gold,2024-09-13,Inactive
CUST003538,Theresa,Gonzales,Male,1957-01-08,theresa.gonzales@hotmail.com,3787990140,Delhi,Delhi,India,Diamond,2023-04-16,Inactive
CUST003539,Robert,Scott,Male,1988-01-23,robert.scott@outlook.com,0222496463,Mumbai,Maharashtra,India,Platinum,2022-09-01,Active
CUST003540,Heather,Preston,Male,1975-12-15,heather.preston@hotmail.com,7212499266,Sydney,New South Wales,Australia,Gold,2023-08-19,Active
CUST003541,Peter,Boyd,Female,1997-01-15,peter.boyd@gmail.com,9501664754,Dubai,Dubai,UAE,Silver,2024-04-06,Active
CUST003542,Bryan,Hull,Male,2000-02-08,bryan.hull@hotmail.com,8357035169,Dubai,Dubai,UAE,Gold,2021-09-23,Inactive
CUST003543,Tina,Lee,Male,1989-06-13,tina.lee@yahoo.com,1489143791,Chennai,Tamil Nadu,India,Platinum,2022-04-19,Active
CUST003544,Patricia,Daugherty,Female,2005-03-11,patricia.daugherty@gmail.com,4056861708,Delhi,Delhi,India,Platinum,2022-12-02,Active
CUST003545,Andrew,Becker,Female,1969-09-09,andrew.becker@outlook.com,8741385743,Chennai,Tamil Nadu,India,Diamond,2025-11-08,Inactive
CUST003546,Paul,Garcia,Male,1966-01-02,paul.garcia@gmail.com,7479131290,Singapore,Singapore,Singapore,Gold,2024-04-17,Active
CUST003547,Courtney,Osborne,Male,1985-04-07,courtney.osborne@yahoo.com,0907166449,New York,New York,United States,Diamond,2024-04-17,Inactive
CUST003548,Nicholas,Smith,Female,1976-12-09,nicholas.smith@yahoo.com,1955493276,Delhi,Delhi,India,Diamond,2025-12-20,Inactive
CUST003549,David,Harris,Male,1998-01-22,david.harris@outlook.com,2739008744,New York,New York,United States,Gold,2025-03-08,Active
CUST003550,Emily,Johnson,Female,1963-03-10,emily.johnson@outlook.com,5995022221,Bengaluru,Karnataka,India,Platinum,2025-08-16,Active
CUST003551,Joseph,Vance,Male,1981-08-18,joseph.vance@hotmail.com,0295657893,New York,New York,United States,Gold,2025-09-25,Inactive
CUST003552,Gabrielle,Mcclure,Female,2005-08-16,gabrielle.mcclure@yahoo.com,5074803154,Chennai,Tamil Nadu,India,Platinum,2026-05-10,Active
CUST003553,Ricky,Allison,Female,1965-05-14,ricky.allison@yahoo.com,3457812205,Dubai,Dubai,UAE,Diamond,2022-07-02,Active
CUST003554,David,Johnson,Male,1998-11-15,david.johnson@outlook.com,7695401987,Chennai ,Tamil Nadu,India,Silver,2026-05-18,Active
CUST003555,Kimberly,Bishop,Male,1997-11-29,kimberly.bishop@gmail.com,2177042696,Chennai,Tamil Nadu,India,Gold,2021-10-03,Active
CUST003556,Ashley,Stewart,Male,1979-05-29,ashley.stewart@outlook.com,6024016072,New York,New York,United States,Silver,2024-10-20,Active
CUST003557,Nathan,Simon,Female,1978-11-29,nathan.simon@yahoo.com,0162738752,Dubai,Dubai,UAE,Platinum,2024-03-28,Active
CUST003558,Lisa,Martinez,Female,1997-09-26,lisa.martinez@outlook.com,8073739603,Hyderabad,Telangana,India,Platinum,2025-12-06,Inactive
CUST003559,Bonnie,Doyle,Male,1978-01-30,bonnie.doyle@hotmail.com,1363257534,Chennai,Tamil Nadu,India,Gold,2024-12-25,Active
CUST003560,Jennifer,Wheeler,Male,1956-03-10,jennifer.wheeler@outlook.com,3230132086,Dubai,Dubai,UAE,Platinum,2022-04-11,Active
CUST003561,Makayla,Harris,Female,1968-04-29,makayla.harris@outlook.com,7496270362,Delhi,Delhi,India,Silver,2022-04-10,Inactive
CUST003562,Robert,Hale,Female,1994-05-26,robert.hale@yahoo.com,3630508899,Delhi,Delhi,India,Platinum,2025-07-30,Inactive
CUST003563,Erica,Freeman,Female,1992-04-26,erica.freeman@hotmail.com,4709803333,London,England,United Kingdom,Gold,2025-02-11,Active
CUST003564,Joshua,Drake,Male,1962-02-27,joshua.drake@gmail.com,9061627276,New York,New York,United States,Gold,2024-07-25,Inactive
CUST003565,Randy,Howard,Female,2006-05-01,randy.howard@yahoo.com,8164912870,NEW YORK,New York,United States,Diamond,2021-12-20,Inactive
CUST003566,Patricia,Cobb,Female,1964-01-27,patricia.cobb@yahoo.com,2660174038, Dubai,Dubai,UAE,Platinum,2025-03-20,Active
CUST003567,Russell,Hamilton,Female,1995-08-25,russell.hamilton@gmail.com,0582194194,Bengaluru,Karnataka,India,Silver,2024-04-09,Active
CUST003568,Paul,Sullivan,Female,1963-07-09,paul.sullivan@yahoo.com,9226196546,Singapore,Singapore,Singapore,Silver,2023-06-23,Active
CUST003569,Melissa,Doyle,Male,1984-02-13,melissa.doyle@yahoo.com,2876948622,London,England,United Kingdom,Gold,2022-03-11,Inactive
CUST003570,Luis,Combs,Male,1973-03-07,luis.combs@yahoo.com,3828767955,Sydney,New South Wales,Australia,Diamond,2023-09-18,Active
CUST003571,Jacob,Flores,Female,1991-02-09,jacob.flores@yahoo.com,7773359220,Delhi,Delhi,India,Gold,2022-02-15,Active
CUST003572,Lucas,Martin,Male,1957-11-11,lucas.martin@gmail.com,0315660097,New York,New York,United States,Silver,2021-10-22,Active
CUST003573,Daniel,Washington,Female,1965-10-10,daniel.washington@outlook.com,0500653099,Mumbai,Maharashtra,India,Gold,2023-07-01,Inactive
CUST003574,Brian,Watson,Female,1971-03-02,brian.watson@outlook.com,8871370692,Sydney,New South Wales,Australia,Gold,2023-03-01,Inactive
CUST003575,Julie,Delacruz,Male,2002-09-19,julie.delacruz@hotmail.com,9803401830,Mumbai ,Maharashtra,India,Diamond,2025-05-20,Inactive
CUST003576,Bradley,Mueller,Female,2004-12-02,bradley.mueller@hotmail.com,7964793334,Sydney,New South Wales,Australia,Diamond,2021-10-28,Inactive
CUST003577,Jodi,Cole,Female,1983-09-09,jodi.cole@outlook.com,9930020527,Bengaluru,Karnataka,India,Diamond,2023-05-28,Inactive
CUST003578,Amanda,Brewer,Female,1984-12-28,amanda.brewer@outlook.com,8022714952,New York,New York,United States,Gold,2025-09-26,Inactive
CUST003579,Madeline,Chavez,Male,1966-03-17,madeline.chavez@hotmail.com,5568053391,Bengaluru ,Karnataka,India,Diamond,2022-01-03,Inactive
CUST003580,Andre,Peters,Male,1982-03-31,andre.peters@outlook.com,7711582986,Sydney,New South Wales,Australia,Silver,2023-03-26,Inactive
CUST003581,Heather,Matthews,Female,2007-12-08,heather.matthews@outlook.com,5705203629,Chennai ,Tamil Nadu,India,Gold,2026-04-25,Active
CUST003582,Jill,Ward,Male,1987-08-05,jill.ward@outlook.com,3905183967,Bengaluru,Karnataka,India,Gold,2021-10-20,Inactive
CUST003583,Annette,Carter,Male,2000-08-14,annette.carter@hotmail.com,1541816462,MUMBAI,Maharashtra,India,Gold,2025-08-30,Inactive
CUST003584,Hannah,Meyer,Male,1969-09-08,hannah.meyer@yahoo.com,2976589016,Delhi,Delhi,India,Gold,2025-07-10,Inactive
CUST003585,Zachary,Sanders,Male,1995-12-30,zachary.sanders@gmail.com,3751232868, Dubai,Dubai,UAE,Platinum,2022-04-27,Inactive
CUST003586,Jeffrey,Freeman,Female,1987-05-31,jeffrey.freeman@gmail.com,1335069710,London,England,United Kingdom,Platinum,2022-07-10,Active
CUST003587,Mary,Brown,Female,2006-02-14,mary.brown@hotmail.com,9785316118,Mumbai,Maharashtra,India,Platinum,2025-11-29,Inactive
CUST003588,Edward,Boyd,Female,1976-08-19,edward.boyd@yahoo.com,7191712995,Chennai,Tamil Nadu,India,Silver,2021-12-08,Inactive
CUST003589,Jennifer,Smith,Male,1990-11-14,jennifer.smith@yahoo.com,0392602521,Singapore,Singapore,Singapore,Gold,2024-05-20,Active
CUST003590,Jessica,Murray,Female,1964-03-10,jessica.murray@hotmail.com,6171376848,Dubai,Dubai,UAE,Platinum,2025-05-29,Active
CUST003591,Ruben,Sampson,Female,1995-12-07,ruben.sampson@outlook.com,4232950780,Dubai,Dubai,UAE,Platinum,2025-07-31,Active
CUST003592,Marcia,Brown,Female,1988-06-09,marcia.brown@outlook.com,2596037062,Hyderabad,Telangana,India,Gold,2025-02-05,Inactive
CUST003593,Samantha,Oliver,Male,1981-04-11,samantha.oliver@hotmail.com,6891594336,Sydney,New South Wales,Australia,Diamond,2022-09-17,Active
CUST003594,Eric,Stephens,Female,1999-04-11,eric.stephens@yahoo.com,1767695310,Singapore,Singapore,Singapore,Diamond,2025-01-11,Inactive
CUST003595,Holly,Freeman,Female,1962-07-12,holly.freeman@yahoo.com,1473273667,Singapore,Singapore,Singapore,Platinum,2025-08-27,Inactive
CUST003596,Stacy,Velasquez,Male,1963-02-21,stacy.velasquez@hotmail.com,4334414696,London,England,United Kingdom,Platinum,2022-06-03,Active
CUST003597,Tasha,Baker,Male,1982-11-07,tasha.baker@outlook.com,9866308571,Dubai,Dubai,UAE,Diamond,2021-11-25,Inactive
CUST003598,Anthony,Burns,Male,2008-07-12,anthony.burns@outlook.com,9944737444,Mumbai,Maharashtra,India,Platinum,2022-08-09,Active
CUST003599,Robert,Bowman,Male,1968-04-16,robert.bowman@hotmail.com,0905946489,Hyderabad,Telangana,India,Silver,2023-11-19,Active
CUST003600,Christopher,Bowen,Male,2005-08-31,christopher.bowen@outlook.com,4121848668,Bengaluru,Karnataka,India,Diamond,2024-06-01,Inactive
CUST003601,Ashley,Swanson,Female,1987-03-13,ashley.swanson@hotmail.com,3423840931,Singapore,Singapore,Singapore,Platinum,2024-08-06,Active
CUST003602,Judy,Schneider,Female,1956-08-12,judy.schneider@hotmail.com,5190436695,HYDERABAD,Telangana,India,Platinum,2026-03-24,Inactive
CUST003603,Christine,Edwards,Male,2001-04-15,christine.edwards@gmail.com,3106599169,HYDERABAD,Telangana,India,Silver,2022-06-09,Active
CUST003604,John,Lewis,Female,1967-02-25,john.lewis@hotmail.com,4095409418,New York,New York,United States,Gold,2023-12-02,Active
CUST003605,Heidi,Barr,Male,1966-05-08,heidi.barr@yahoo.com,4007080129,New York,New York,United States,Gold,2023-06-11,Active
CUST003606,Kenneth,Avery,Male,1975-02-07,kenneth.avery@gmail.com,0816352912,Bengaluru,Karnataka,India,Gold,2024-10-03,Inactive
CUST003607,Darryl,Martin,Female,1978-12-19,darryl.martin@gmail.com,8378980941,Delhi,Delhi,India,Gold,2023-11-09,Inactive
CUST003608,Laura,Miller,Male,2002-03-26,laura.miller@hotmail.com,3618280872,Bengaluru,Karnataka,India,Silver,2021-10-15,Active
CUST003609,Carl,Miller,Male,1993-12-21,carl.miller@outlook.com,6333117943,Hyderabad,Telangana,India,Platinum,2026-04-10,Active
CUST003610,Susan,Cruz,Female,1994-12-25,susan.cruz@outlook.com,2912310403,Delhi,Delhi,India,Platinum,2022-05-15,Active
CUST003611,Jose,House,Male,1979-02-18,jose.house@hotmail.com,6704130762,Chennai,Tamil Nadu,India,Silver,2024-10-07,Inactive
CUST003612,Jeffery,Davis,Female,1999-10-12,jeffery.davis@gmail.com,9543678481,Delhi,Delhi,India,Gold,2024-09-20,Active
CUST003613,Ann,Solomon,Male,1960-08-15,ann.solomon@hotmail.com,9173197954,Bengaluru,Karnataka,India,Platinum,2022-08-21,Inactive
CUST003614,Cathy,Jones,Male,1966-05-03,cathy.jones@gmail.com,8528991718,New York,New York,United States,Gold,2023-12-15,Active
CUST003615,Stephen,Bautista,Male,1967-04-04,stephen.bautista@gmail.com,2985214801,Mumbai,Maharashtra,India,Diamond,2026-03-24,Inactive
CUST003616,Deborah,Wheeler,Male,1971-05-08,deborah.wheeler@gmail.com,8384404281,Dubai,Dubai,UAE,Gold,2025-10-22,Active
CUST003617,Michael,Holland,Female,1966-10-29,michael.holland@yahoo.com,0202098262,London,England,United Kingdom,Diamond,2024-11-18,Active
CUST003618,Calvin,Kim,Male,1968-07-28,calvin.kim@hotmail.com,6324104463,London,England,United Kingdom,Gold,2025-01-30,Active
CUST003619,Ann,Miller,Male,1960-05-07,ann.miller@gmail.com,6933809090,Chennai,Tamil Nadu,India,Gold,2022-06-16,Inactive
CUST003620,Betty,Cook,Female,2008-03-08,betty.cook@gmail.com,3518890427,Bengaluru,Karnataka,India,Platinum,2021-11-27,Inactive
CUST003621,Todd,Mason,Male,1968-01-03,todd.mason@yahoo.com,9614109029,Sydney,New South Wales,Australia,Silver,2026-02-25,Active
CUST003622,George,Webb,Female,1993-06-07,george.webb@outlook.com,7600080036,Mumbai,Maharashtra,India,Diamond,2023-04-24,Inactive
CUST003623,Dana,Allen,Female,1976-11-30,dana.allen@gmail.com,2759419846,Sydney,New South Wales,Australia,Gold,2023-05-28,Inactive
CUST003624,Nicole,Johnson,Female,1960-01-12,nicole.johnson@yahoo.com,6470688230,Chennai,Tamil Nadu,India,Platinum,2025-10-14,Active
CUST003625,Shawn,Flores,Female,1972-05-14,shawn.flores@yahoo.com,6178146019,Bengaluru,Karnataka,India,Platinum,2022-12-19,Inactive
CUST003626,Derrick,Turner,Male,1973-04-22,derrick.turner@yahoo.com,9018649822,Sydney,New South Wales,Australia,Silver,2023-09-04,Inactive
CUST003627,Christopher,Larson,Male,1982-03-13,christopher.larson@hotmail.com,5665385842,Mumbai,Maharashtra,India,Diamond,2022-06-03,Active
CUST003628,Brandon,Stokes,Female,1988-01-31,brandon.stokes@yahoo.com,6716691082,Singapore,Singapore,Singapore,Gold,2022-12-06,Active
CUST003629,James,Montoya,Male,1982-03-09,james.montoya@yahoo.com,3624577949,Chennai,Tamil Nadu,India,Gold,2021-08-27,Active
CUST003630,Heather,Chapman,Male,1967-08-02,heather.chapman@hotmail.com,,Bengaluru,Karnataka,India,Platinum,2026-03-12,Active
CUST003631,Charles,Norris,Male,1997-07-27,charles.norris@gmail.com,0387126924,Dubai,Dubai,UAE,Gold,2026-06-16,Active
CUST003632,David,Larson,Female,1977-12-16,david.larson@hotmail.com,8549872438,Dubai,Dubai,UAE,Gold,2023-09-15,Inactive
CUST003633,Courtney,Webster,Male,2007-12-19,courtney.webster@gmail.com,5756662318,Bengaluru,Karnataka,India,Platinum,2026-06-26,Inactive
CUST003634,Jessica,Davis,Female,1967-11-19,jessica.davis@outlook.com,1198905374,Singapore,Singapore,Singapore,Platinum,2025-12-28,Inactive
CUST003635,Frances,Simon,Female,1971-07-29,frances.simon@yahoo.com,2111294678,Chennai,Tamil Nadu,India,Silver,2021-11-13,Active
CUST003636,Abigail,Powers,Female,2000-08-12,abigail.powers@yahoo.com,7296038632,Delhi,Delhi,India,Platinum,2023-11-25,Inactive
CUST003637,Jillian,Watts,Female,1982-12-08,jillian.watts@yahoo.com,8951717483,Singapore,Singapore,Singapore,Gold,2025-03-04,Inactive
CUST003638,Deborah,Adams,Female,1980-03-05,deborah.adams@gmail.com,9451196773,Hyderabad,Telangana,India,Silver,2023-10-09,Active
CUST003639,Jason,Rojas,Female,1972-02-19,jason.rojas@hotmail.com,1319096087,London,England,United Kingdom,Diamond,2022-11-24,Inactive
CUST003640,Anthony,Nguyen,Female,1964-02-26,anthony.nguyen@gmail.com,2507826813,Delhi ,Delhi,India,Diamond,2024-07-26,Active
CUST003641,David,Caldwell,Female,1997-01-13,david.caldwell@yahoo.com,5345543675,London,England,United Kingdom,Platinum,2024-01-29,Active
CUST003642,Catherine,Roy,Female,1981-01-07,catherine.roy@yahoo.com,0256079597,London,England,United Kingdom,Silver,2023-10-03,Active
CUST003643,David,Campbell,Male,1992-09-07,david.campbell@outlook.com,9103309320,Singapore,Singapore,Singapore,Platinum,2021-09-12,Active
CUST003644,David,Holden,Female,1985-12-01,david.holden@hotmail.com,1931029119,Mumbai,Maharashtra,India,Diamond,2021-12-17,Inactive
CUST003645,Debra,Castillo,Male,1964-12-16,debra.castillo@yahoo.com,2337865069,Singapore,Singapore,Singapore,Platinum,2023-07-30,Active
CUST003646,Chad,Hodges,Male,1962-01-01,chad.hodges@hotmail.com,8663171102,Dubai,Dubai,UAE,Gold,2025-06-04,Active
CUST003647,Alyssa,Pittman,Male,1984-08-28,alyssa.pittman@yahoo.com,3814477272,Sydney,New South Wales,Australia,Silver,2023-02-16,Inactive
CUST003648,Jill,Moore,Female,1992-05-06,jill.moore@gmail.com,2577459311,Chennai,Tamil Nadu,India,Diamond,2023-04-25,Active
CUST003649,Edward,Cook,Female,1961-11-13,edward.cook@yahoo.com,4420073155,Dubai,Dubai,UAE,Diamond,2021-11-29,Active
CUST003650,Christopher,Chaney,Male,1994-05-28,gmail.com,6142296934,London,England,United Kingdom,Silver,2025-07-01,Active
CUST003651,Megan,Rush,Female,1963-02-21,megan.rush@gmail.com,1279811001,Mumbai,Maharashtra,India,Gold,2026-07-12,Inactive
CUST003652,Barbara,Moreno,Male,2005-03-13,barbara.moreno@outlook.com,9729607609,Chennai,Tamil Nadu,India,Diamond,2026-01-23,Active
CUST003653,Samantha,Jones,Male,2001-12-10,samantha.jones@outlook.com,6068645278,Dubai,Dubai,UAE,Platinum,2023-12-16,Inactive
CUST003654,Denise,Hudson,Male,2000-11-08,denise.hudson@gmail.com,0170169142,Mumbai,Maharashtra,India,Silver,2022-06-20,Inactive
CUST003655,Michael,Perry,Male,1989-12-21,michael.perry@hotmail.com,5845058281,Singapore,Singapore,Singapore,Gold,2024-07-28,Active
CUST003656,Brooke,Leonard,Female,1973-03-24,brooke.leonard@gmail.com,6310787515,Bengaluru,Karnataka,India,Silver,2024-08-03,Active
CUST003657,Kyle,Ramos,Female,2000-09-30,kyle.ramos@yahoo.com,8524068109,Singapore,Singapore,Singapore,Gold,2025-10-30,Active
CUST003658,Jessica,Adams,Female,1963-11-21,jessica.adams@hotmail.com,8181272815,Dubai,Dubai,UAE,Diamond,2024-09-11,Active
CUST003659,Lauren,Mcbride,Male,1979-12-30,lauren.mcbride@gmail.com,5264573475,Delhi,Delhi,India,Gold,2022-11-16,Inactive
CUST003660,Michael,Ramos,Female,1967-09-03,michael.ramos@gmail.com,0646316204,Hyderabad,Telangana,India,Silver,2025-01-25,Active
CUST003661,Darren,Castaneda,Male,1991-06-13,darren.castaneda@hotmail.com,4995772017,Singapore,Singapore,Singapore,Silver,2023-05-31,Inactive
CUST003662,Crystal,Ferrell,Female,1961-08-13,crystal.ferrell@yahoo.com,3907778480,Dubai,Dubai,UAE,Diamond,2022-02-24,Active
CUST003663,Jonathan,Watson,Female,1963-03-08,jonathan.watson@outlook.com,4103349225,London,England,United Kingdom,Silver,2021-12-04,Active
CUST003664,Adam,Scott,Male,1991-09-01,adam.scott@gmail.com,5252099032,Delhi,Delhi,India,Gold,2026-06-23,Inactive
CUST003665,Scott,Decker,Male,1956-07-08,scott.decker@outlook.com,7923217757,London,England,United Kingdom,Silver,2021-08-22,Inactive
CUST003666,Katherine,Clark,Male,1970-08-29,katherine.clark@hotmail.com,3461343643,New York,New York,United States,Gold,2022-06-04,Inactive
CUST003667,Thomas,Schmidt,Male,1972-01-20,thomas.schmidt@outlook.com,3690909569,New York,New York,United States,Gold,2025-04-15,Inactive
CUST003668,James,Tucker,Female,1961-05-09,james.tucker@hotmail.com,2321149922,Hyderabad,Telangana,India,Platinum,2026-02-15,Active
CUST003669,Dennis,Johnston,Female,1989-10-20,,1533019559,SINGAPORE,Singapore,Singapore,Diamond,2023-12-27,Inactive
CUST003670,Christopher,Parker,Female,1970-02-20,christopher.parker@yahoo.com,3940940253,Mumbai,Maharashtra,India,Diamond,2023-09-06,Inactive
CUST003671,Jason,Ortiz,Female,1998-10-31,jason.ortiz@gmail.com,4765469865,Bengaluru,Karnataka,India,Silver,2025-07-15,Active
CUST003672,Eric,Haynes,Male,1984-01-03,eric.haynes@outlook.com,3448795277,Mumbai,Maharashtra,India,Gold,2023-05-31,Active
CUST003673,David,Banks,Male,1990-05-01,david.banks@hotmail.com,7987109224,Singapore,Singapore,Singapore,Diamond,2026-03-27,Active
CUST003674,Andrea,Cooper,Female,1988-06-01,andrea.cooper@outlook.com,2794989335,New York,New York,United States,Silver,2022-01-19,Active
CUST003675,William,Sanchez,Female,2002-08-18,william.sanchez@gmail.com,6477842175,Delhi,Delhi,India,Diamond,2025-08-06,Active
CUST003676,Eric,Bowen,Male,1988-03-10,eric.bowen@yahoo.com,4498820276,Dubai,Dubai,UAE,Diamond,2022-05-06,Inactive
CUST003677,Sydney,Waters,Male,2000-01-19,sydney.waters@gmail.com,2730249304,Mumbai,Maharashtra,India,Platinum,2025-01-20,Inactive
CUST003678,Linda,Bray,Female,1968-05-12,linda.bray@outlook.com,3875353462,Mumbai,Maharashtra,India,Gold,2025-01-15,Active
CUST003679,Kristen,Garrison,Female,2000-12-06,kristen.garrison@gmail.com,0480529885,Bengaluru,Karnataka,India,Platinum,2025-07-06,Inactive
CUST003680,Brittany,Riley,Female,1956-05-17,brittany.riley@gmail.com,3240024360,Dubai,Dubai,UAE,Platinum,2025-01-08,Active
CUST003681,Justin,Boyd,Male,1973-04-27,justin.boyd@yahoo.com,8390286470,Chennai,Tamil Nadu,India,Silver,2024-11-28,Inactive
CUST003682,Laura,Hammond,Male,1994-04-13,laura.hammond@gmail.com,8968684760,New York,New York,United States,Gold,2024-05-11,Active
CUST003683,Ashley,Carlson,Male,1956-05-30,ashley.carlson@outlook.com,5046895498,London,England,United Kingdom,Diamond,2024-02-22,Inactive
CUST003684,Ashley,Daniel,Female,2003-06-21,ashley.daniel@hotmail.com,9199874172,Dubai,Dubai,UAE,Silver,2023-11-28,Active
CUST003685,Laura,Potter,Male,1961-01-03,laura.potter@hotmail.com,3631986955,SYDNEY,New South Wales,Australia,Diamond,2026-02-14,Active
CUST003686,Denise,Watson,Female,1977-03-26,denise.watson@outlook.com,2004942810,Hyderabad,Telangana,India,Gold,2025-08-03,Inactive
CUST003687,Julie,Adams,Female,1964-04-29,julie.adams@yahoo.com,9085519359,Chennai,Tamil Nadu,India,Platinum,2026-02-26,Inactive
CUST003688,Gregory,Ramirez,Female,1979-04-24,gregory.ramirez@outlook.com,6259432206,Sydney,New South Wales,Australia,Diamond,2023-11-27,Active
CUST003689,Alyssa,Wiggins,Female,1990-08-18,alyssa.wiggins@hotmail.com,1031754536,Hyderabad,Telangana,India,Gold,2025-02-14,Active
CUST003690,Christopher,Bryant,Female,1963-06-07,christopher.bryant@outlook.com,2834734097,Bengaluru,Karnataka,India,Silver,2022-09-07,Inactive
CUST003691,Dennis,Bailey,Female,2002-01-26,dennis.bailey@yahoo.com,3402910329,Sydney,New South Wales,Australia,Platinum,2024-02-25,Active
CUST003692,John,Gaines,Female,1956-08-14,john.gaines@yahoo.com,9733223574,New York,New York,United States,Silver,2021-10-27,Inactive
CUST003693,Jonathan,Pierce,Male,1961-06-23,jonathan.pierce@gmail.com,2442651437,New York,New York,United States,Gold,2024-12-11,Inactive
CUST003694,Adam,Dunn,Female,1985-07-03,adam.dunn@yahoo.com,1974012629,Chennai,Tamil Nadu,India,Diamond,2022-04-16,Active
CUST003695,Susan,Allen,Female,1958-06-23,susan.allen@gmail.com,2772521195,London,England,United Kingdom,Platinum,2023-09-02,Active
CUST003696,David,Owen,Female,1961-01-21,david.owen@hotmail.com,3791313406,Mumbai,Maharashtra,India,Silver,2025-06-20,Inactive
CUST003697,Allison,Bell,Female,1988-05-16,allison.bell@gmail.com,0527828863,Sydney,New South Wales,Australia,Silver,2023-06-19,Inactive
CUST003698,Cynthia,Robertson,Male,2004-09-05,cynthia.robertson@outlook.com,7065441909,Mumbai,Maharashtra,India,Diamond,2025-04-04,Active
CUST003699,John,Thomas,Male,1981-12-23,john.thomas@hotmail.com,4080072327,Sydney,New South Wales,Australia,Gold,2026-06-09,Inactive
CUST003700,Virginia,Hudson,Female,1985-10-03,virginia.hudson@outlook.com,4632984003,Bengaluru,Karnataka,India,Gold,2026-02-09,Inactive
CUST003701,Eric,Ray,Female,1966-08-22,eric.ray@gmail.com,0854479283,Hyderabad,Telangana,India,Diamond,2025-08-31,Active
CUST003702,Katherine,Fox,Female,1982-10-11,katherine.fox@gmail.com,5950441405,London,England,United Kingdom,Diamond,2021-10-05,Active
CUST003703,Diane,Miller,Female,2004-06-01,diane.miller@outlook.com,3130292838,New York,New York,United States,Gold,2025-05-17,Active
CUST003704,Dennis,Yang,Male,1989-03-24,dennis.yang@hotmail.com,0372326026,Delhi,Delhi,India,Diamond,2025-05-09,Inactive
CUST003705,Alvin,Baker,Male,1971-07-14,alvin.baker@hotmail.com,4740715526,Bengaluru,Karnataka,India,Diamond,2024-09-22,Inactive
CUST003706,Kelly,Wells,Female,1955-09-15,kelly.wells@outlook.com,4836416039,Bengaluru,Karnataka,India,Platinum,2022-09-08,Active
CUST003707,David,Garner,Female,1963-09-08,david.garner@outlook.com,1344094310,Mumbai,Maharashtra,India,Platinum,2022-12-17,Active
CUST003708,Meredith,Silva,Female,1969-02-03,meredith.silva@outlook.com,6232169759,Delhi,Delhi,India,Diamond,2022-05-05,Active
CUST003709,Lisa,Brown,Male,2007-09-19,lisa.brown@gmail.com,2585506871,Hyderabad,Telangana,India,Gold,2025-03-29,Inactive
CUST003710,Alicia,Vazquez,Female,1958-05-14,alicia.vazquez@hotmail.com,1627424666,Sydney,New South Wales,Australia,Silver,2022-07-05,Active
CUST003711,Danielle,Williams,Male,1969-04-29,danielle.williams@gmail.com,4855830614,Dubai,Dubai,UAE,Silver,2026-04-05,Inactive
CUST003712,Gina,Miller,Female,1958-04-19,gina.miller@outlook.com,2220120456,Chennai,Tamil Nadu,India,Gold,2026-04-26,Active
CUST003713,Christopher,Doyle,Female,1969-10-04,christopher.doyle@gmail.com,8151859212,Chennai,Tamil Nadu,India,Gold,2022-03-13,Inactive
CUST003714,Caleb,Jenkins,Female,2001-05-18,caleb.jenkins@hotmail.com,3000309201,Singapore,Singapore,Singapore,Gold,2026-06-27,Active
CUST003715,David,Levy,Female,1971-11-25,david.levy@outlook.com,9997736714,Mumbai,Maharashtra,India,Platinum,2023-05-28,Active
CUST003716,Rachel,Gonzalez,Male,1979-02-20,,0337797562,Hyderabad,Telangana,India,Silver,2024-04-16,Active
CUST003717,Tonya,Dixon,Male,1994-05-27,tonya.dixon@outlook.com,0926287554,Hyderabad ,Telangana,India,Platinum,2024-09-01,Inactive
CUST003718,Jeffrey,Stewart,Male,1956-04-08,jeffrey.stewart@hotmail.com,9081153333,SYDNEY,New South Wales,Australia,Diamond,2023-04-15,Active
CUST003719,Robin,Wise,Female,1956-06-21,robin.wise@gmail.com,4447940352,Delhi,Delhi,India,Gold,2025-10-04,Active
CUST003720,Ronald,Myers,Male,2002-02-28,ronald.myers@hotmail.com,3039391677,London,England,United Kingdom,Silver,2022-12-17,Inactive
CUST003721,Sabrina,Johnson,Female,1986-09-06,sabrina.johnson@gmail.com,2374553219,Bengaluru,Karnataka,India,Diamond,2025-10-26,Inactive
CUST003722,Melissa,Webb,Female,1968-12-27,melissa.webb@gmail.com,2384114308,Singapore,Singapore,Singapore,Gold,2022-03-04,Inactive
CUST003723,Diana,Jones,Female,1977-03-09,diana.jones@gmail.com,2654072291,New York,New York,United States,Platinum,2022-10-08,Active
CUST003724,Claudia,Lamb,Female,1993-01-12,claudia.lamb@gmail.com,3168300996,Delhi,Delhi,India,Silver,2026-02-17,Inactive
CUST003725,Tonya,Shields,Male,1956-06-15,tonya.shields@yahoo.com,0179814134,Bengaluru,Karnataka,India,Diamond,2023-08-29,Inactive
CUST003726,Latoya,Howard,Female,1986-05-11,latoya.howard@outlook.com,1638527099,Mumbai,Maharashtra,India,Silver,2025-04-26,Inactive
CUST003727,Nicholas,Cooper,Female,1969-09-05,nicholas.cooper@outlook.com,1072686622,Hyderabad,Telangana,India,Gold,2022-07-16,Inactive
CUST003728,Benjamin,Gardner,Female,1963-10-26,benjamin.gardner@yahoo.com,0866486452,Bengaluru,Karnataka,India,Platinum,2023-10-16,Inactive
CUST003729,Matthew,Lewis,Male,1972-09-01,matthew.lewis@gmail.com,6837001820,Dubai,Dubai,UAE,Diamond,2022-05-08,Inactive
CUST003730,Raymond,Carter,Male,1981-04-23,raymond.carter@outlook.com,3297846109,Hyderabad,Telangana,India,Silver,2024-12-08,Active
CUST003731,Kevin,Hicks,Female,1970-09-28,kevin.hicks@outlook.com,7590088139,Mumbai,Maharashtra,India,Platinum,2022-11-10,Active
CUST003732,Zoe,Cross,Male,1974-01-24,zoe.cross@hotmail.com,9112715132,Sydney,New South Wales,Australia,Silver,2024-03-05,Active
CUST003733,Savannah,Middleton,Male,1989-07-03,savannah.middleton@outlook.com,9465320784,Sydney,New South Wales,Australia,Gold,2022-07-24,Inactive
CUST003734,Helen,Dunlap,Male,1982-02-27,helen.dunlap@yahoo.com,0124582778,Delhi,Delhi,India,Platinum,2026-04-15,Active
CUST003735,Kimberly,Thomas,Female,1967-02-21,kimberly.thomas@hotmail.com,3020069566,Mumbai,Maharashtra,India,Platinum,2022-01-12,Active
CUST003736,Heather,Perez,Female,1968-10-27,heather.perez@outlook.com,0255211239,New York,New York,United States,Diamond,2025-01-21,Inactive
CUST003737,Kristina,Hill,Male,1959-02-17,kristina.hill@yahoo.com,9462206846,Sydney,New South Wales,Australia,Platinum,2023-11-28,Inactive
CUST003738,Denise,Wilcox,Male,1969-05-03,denise.wilcox@gmail.com,3875777181,Dubai,Dubai,UAE,Diamond,2023-09-17,Active
CUST003739,James,Sutton,Female,1983-11-11,james.sutton@gmail.com,4594920011,Chennai,Tamil Nadu,India,Gold,2024-04-23,Active
CUST003740,Tina,Mayo,Male,1985-08-20,tina.mayo@hotmail.com,5082819175,London,England,United Kingdom,Diamond,2025-07-09,Active
CUST003741,John,Mcdaniel,Male,1997-03-12,john.mcdaniel@gmail.com,9667147736,Bengaluru,Karnataka,India,Platinum,2022-07-25,Inactive
CUST003742,Daisy,Macias,Female,1988-06-18,daisy.macias@gmail.com,0552635879,Hyderabad,Telangana,India,Platinum,2021-10-19,Inactive
CUST003743,Jeffrey,Garrett,Male,1981-10-26,jeffrey.garrett@outlook.com,4174269100,New York,New York,United States,Diamond,2024-02-21,Inactive
CUST003744,Robert,Gould,Male,1966-01-21,robert.gould@outlook.com,3496658715,Bengaluru,Karnataka,India,Gold,2025-06-09,Inactive
CUST003745,Katrina,Higgins,Female,1979-01-15,katrina.higgins@yahoo.com,3477086562,New York,New York,United States,Gold,2026-06-26,Active
CUST003746,Jordan,Gutierrez,Male,1959-05-13,jordan.gutierrez@yahoo.com,0650370023,Mumbai,Maharashtra,India,Diamond,2025-06-06,Inactive
CUST003747,Denise,Trevino,Male,1984-03-16,denise.trevino@gmail.com,8245817830,Delhi,Delhi,India,Gold,2025-04-12,Inactive
CUST003748,Randall,Ortiz,Female,1976-02-17,randall.ortiz@gmail.com,1178047693,Hyderabad,Telangana,India,Platinum,2022-07-27,Inactive
CUST003749,Mia,Yang,Female,1971-09-01,,0882234093,Sydney,New South Wales,Australia,Silver,2022-04-11,Active
CUST003750,Morgan,Allen,Female,1972-04-13,,5565630701,New York,New York,United States,Silver,2023-10-26,Active
CUST003751,Erika,Carroll,Male,2000-08-01,erika.carroll@gmail.com,7834025060,London,England,United Kingdom,Platinum,2023-10-04,Inactive
CUST003752,Deborah,Martinez,Male,1986-05-29,deborah.martinez@yahoo.com,0174832454,Mumbai,Maharashtra,India,Silver,2022-06-04,Inactive
CUST003753,Paul,Gomez,Male,1985-07-30,paul.gomez@hotmail.com,3841035765,Sydney,New South Wales,Australia,Gold,2022-12-01,Inactive
CUST003754,Anita,Stein,Female,1973-05-07,anita.stein@outlook.com,6914385393,London,England,United Kingdom,Platinum,2024-10-16,Active
CUST003755,Mary,Ward,Male,1959-04-03,mary.ward@yahoo.com,4427555293,Singapore,Singapore,Singapore,Gold,2023-07-25,Inactive
CUST003756,Danielle,Randolph,Female,1980-10-10,danielle.randolph@gmail.com,3308480829,Sydney,New South Wales,Australia,Platinum,2022-02-02,Inactive
CUST003757,Craig,Anderson,Female,1957-10-20,craig.anderson@outlook.com,2746749542,Mumbai,Maharashtra,India,Diamond,2023-10-04,Active
CUST003758,Tamara,Rubio,Male,1979-03-11,tamara.rubio@yahoo.com,2991427896,Dubai,Dubai,UAE,Diamond,2022-04-12,Active
CUST003759,Michael,Bush,Male,2000-12-25,,6183199618,Chennai,Tamil Nadu,India,Gold,2023-07-04,Inactive
CUST003760,David,Hall,Female,1982-03-02,david.hall@yahoo.com,1681092245,Singapore,Singapore,Singapore,Gold,2023-09-28,Active
CUST003761,Jacob,Ruiz,Female,1997-09-15,jacob.ruiz@yahoo.com,9460308044,Dubai,Dubai,UAE,Silver,2022-04-10,Inactive
CUST003762,Kristi,Perry,Female,1968-06-26,kristi.perry@outlook.com,3403731228,Mumbai ,Maharashtra,India,Gold,2021-11-12,Inactive
CUST003763,Jo,Alvarado,Female,1998-11-05,jo.alvarado@hotmail.com,9776003081,Chennai,Tamil Nadu,India,Platinum,2025-02-09,Inactive
CUST003764,Christina,Trevino,Male,1999-10-22,christina.trevino@gmail.com,5849747136,Chennai,Tamil Nadu,India,Gold,2023-09-20,Inactive
CUST003765,Gilbert,Randolph,Male,1971-06-25,gilbert.randolph@hotmail.com,6138573408,Singapore,Singapore,Singapore,Platinum,2023-07-04,Active
CUST003766,Pamela,Hood,Male,2004-07-28,pamela.hood@gmail.com,4245274287,New York,New York,United States,Silver,2022-12-06,Inactive
CUST003767,Steven,Armstrong,Male,2002-06-29,steven.armstrong@gmail.com,5481949596,New York,New York,United States,Platinum,2023-01-29,Inactive
CUST003768,Scott,Phillips,Female,1995-01-06,scott.phillips@outlook.com,6721409815,NEW YORK,New York,United States,Gold,2022-02-26,Active
CUST003769,Rodney,Weaver,Male,2003-06-08,rodney.weaver@yahoo.com,4446467801,Singapore,Singapore,Singapore,Gold,2025-08-11,Inactive
CUST003770,Amanda,Pratt,Female,1982-10-26,amanda.pratt@gmail.com,1039634343,New York,New York,United States,Gold,2022-07-23,Active
CUST003771,Laura,Maxwell,Male,1992-02-27,laura.maxwell@outlook.com,3230655473,Delhi,Delhi,India,Diamond,2026-04-01,Inactive
CUST003772,Walter,Rodriguez,Female,2000-09-21,walter.rodriguez@outlook.com,9941810031,Delhi,Delhi,India,Platinum,2021-10-01,Active
CUST003773,Tiffany,Haynes,Female,1992-03-12,tiffany.haynes@gmail.com,8831096684,Chennai,Tamil Nadu,India,Gold,2024-02-18,Inactive
CUST003774,Elizabeth,Davis,Female,2005-05-01,elizabeth.davis@outlook.com,8681846185,Bengaluru,Karnataka,India,Gold,2024-03-03,Inactive
CUST003775,Dawn,Hurley,Female,1964-06-08,dawn.hurley@gmail.com,3226786938,Mumbai,Maharashtra,India,Gold,2022-06-08,Inactive
CUST003776,Michael,Pacheco,Male,2003-04-17,michael.pacheco@gmail.com,2699259952,Singapore,Singapore,Singapore,Gold,2022-12-27,Inactive
CUST003777,Brian,Craig,Male,1978-02-21,brian.craig@hotmail.com,7580596383,Chennai,Tamil Nadu,India,Diamond,2023-09-27,Active
CUST003778,Russell,Andrade,Female,1958-03-14,russell.andrade@outlook.com,4069670590,Bengaluru,Karnataka,India,Silver,2022-12-23,Inactive
CUST003779,Andrea,Fitzgerald,Male,1985-04-23,andrea.fitzgerald@outlook.com,9679871157,Bengaluru,Karnataka,India,Diamond,2025-12-13,Inactive
CUST003780,Crystal,Frank,Male,1994-10-12,crystal.frank@outlook.com,9310010282,New York,New York,United States,Silver,2023-08-08,Active
CUST003781,Clifford,Brown,Male,1979-11-14,clifford.brown@outlook.com,,Dubai,Dubai,UAE,Silver,2026-05-31,Active
CUST003782,Lisa,Patterson,Male,1961-05-03,lisa.patterson@hotmail.com,5200089029,Dubai,Dubai,UAE,Gold,2025-09-22,Inactive
CUST003783,Austin,Mcdowell,Male,1972-02-07,austin.mcdowell@outlook.com,5820300466,Dubai,Dubai,UAE,Platinum,2021-10-11,Inactive
CUST003784,Sandra,Kaufman,Male,1971-05-08,sandra.kaufman@yahoo.com,0297151913,Hyderabad,Telangana,India,Diamond,2024-05-17,Inactive
CUST003785,Sheila,Howard,Female,1978-06-11,sheila.howard@gmail.com,4641994016,Dubai,Dubai,UAE,Silver,2026-01-19,Inactive
CUST003786,Matthew,Johnson,Male,1998-09-06,matthew.johnson@gmail.com,9619081995,Hyderabad,Telangana,India,Silver,2022-11-23,Inactive
CUST003787,Michelle,Brock,Male,1981-03-15,michelle.brock@yahoo.com,4068460213,Hyderabad,Telangana,India,Diamond,2026-01-21,Active
CUST003788,Hannah,Roberts,Male,1994-11-24,hannah.roberts@yahoo.com,7393930110,Hyderabad,Telangana,India,Gold,2022-09-17,Active
CUST003789,Patrick,Castillo,Female,1974-07-03,patrick.castillo@hotmail.com,3244965309,Sydney,New South Wales,Australia,Diamond,2026-04-27,Active
CUST003790,Jamie,Morgan,Male,2000-06-26,jamie.morgan@yahoo.com,0985636414,Bengaluru,Karnataka,India,Gold,2025-07-13,Inactive
CUST003791,Brandi,Francis,Male,1992-05-26,brandi.francis@yahoo.com,5386803332,Hyderabad,Telangana,India,Silver,2022-08-06,Active
CUST003792,Edward,Patel,Female,1983-02-15,edward.patel@hotmail.com,9692758395,Sydney ,New South Wales,Australia,Diamond,2021-07-27,Active
CUST003793,Tom,Brown,Female,1960-10-06,tom.brown@yahoo.com,1819414220,Delhi,Delhi,India,Platinum,2024-07-12,Active
CUST003794,Suzanne,Wells,Female,1993-12-16,suzanne.wells@yahoo.com,1693058434,Dubai,Dubai,UAE,Platinum,2023-01-03,Inactive
CUST003795,Cody,Hudson,Male,1965-05-12,cody.hudson@yahoo.com,9580324744,Singapore,Singapore,Singapore,Gold,2021-08-22,Inactive
CUST003796,Leslie,Wu,Female,2004-06-23,leslie.wu@yahoo.com,4859804551,Mumbai,Maharashtra,India,Platinum,2024-04-01,Active
CUST003797,Jason,Wilson,Male,1991-06-05,jason.wilson@outlook.com,5222369359,Singapore,Singapore,Singapore,Platinum,2025-10-06,Active
CUST003798,Joel,Spears,Female,1957-01-04,joel.spears@hotmail.com,2792304946,Delhi,Delhi,India,Diamond,2022-04-14,Active
CUST003799,Sarah,Baker,Male,1974-01-15,sarah.baker@yahoo.com,8517617783,Hyderabad,Telangana,India,Platinum,2025-02-26,Inactive
CUST003800,Amy,Bryant,Female,1964-08-03,amy.bryant@outlook.com,0032275215,Chennai,Tamil Nadu,India,Gold,2024-09-25,Active
CUST003801,Kim,Hughes,Female,1981-06-11,kim.hughes@gmail.com,8953724811,Sydney,New South Wales,Australia,Gold,2022-10-27,Active
CUST003802,Tony,Jackson,Female,1994-04-26,tony.jackson@gmail.com,7780901126,Sydney,New South Wales,Australia,Diamond,2025-06-03,Active
CUST003803,Jeffrey,Moss,Female,1986-04-10,jeffrey.moss@outlook.com,0122451864,Mumbai,Maharashtra,India,Platinum,2023-11-06,Inactive
CUST003804,Daniel,Gill,Male,1966-01-22,daniel.gill@outlook.com,1054525864,Hyderabad,Telangana,India,Platinum,2022-12-22,Inactive
CUST003805,Paul,Shelton,Male,2003-08-25,paul.shelton@outlook.com,6913372827,Singapore,Singapore,Singapore,Gold,2025-12-01,Inactive
CUST003806,Julie,Ray,Female,1974-10-31,julie.ray@hotmail.com,3429459077,London,England,United Kingdom,Diamond,2022-07-29,Inactive
CUST003807,Kelly,Eaton,Female,1971-06-19,kelly.eaton@hotmail.com,8984162038,Mumbai,Maharashtra,India,Diamond,2025-06-18,Inactive
CUST003808,Teresa,Hughes,Male,1958-01-22,teresa.hughes@gmail.com,2559766573,Chennai,Tamil Nadu,India,Platinum,2023-10-23,Inactive
CUST003809,David,Williams,Male,1998-10-13,david.williams@gmail.com,4355500998,New York,New York,United States,Gold,2022-02-17,Inactive
CUST003810,Kimberly,Knight,Male,1992-02-28,kimberly.knight@yahoo.com,1824448169,New York,New York,United States,Diamond,2022-09-13,Active
CUST003811,Richard,Stephens,Female,1986-04-08,richard.stephens@outlook.com,0120038288,Hyderabad,Telangana,India,Platinum,2024-03-04,Active
CUST003812,Mary,Cook,Male,1971-04-05,mary.cook@yahoo.com,8695942733,Sydney,New South Wales,Australia,Diamond,2026-04-14,Active
CUST003813,Alyssa,Hughes,Female,1956-05-14,alyssa.hughes@hotmail.com,6196010129,Dubai,Dubai,UAE,Platinum,2021-08-12,Inactive
CUST003814,Adrian,Velasquez,Male,2007-06-11,adrian.velasquez@yahoo.com,8775295725,Chennai,Tamil Nadu,India,Diamond,2026-06-24,Active
CUST003815,Kristi,Alvarez,Male,1996-11-08,kristi.alvarez@gmail.com,3512639798,Dubai,Dubai,UAE,Gold,2024-09-02,Inactive
CUST003816,Michael,Carter,Male,1972-12-13,abc@,0707781454,Chennai,Tamil Nadu,India,Platinum,2022-03-16,Active
CUST003817,Stephen,Rose,Male,1967-04-26,stephen.rose@yahoo.com,1056456212,Bengaluru,Karnataka,India,Platinum,2026-02-28,Inactive
CUST003818,Sheila,Adams,Male,1988-08-01,sheila.adams@outlook.com,9392606397,Singapore,Singapore,Singapore,Diamond,2024-05-19,Active
CUST003819,Michelle,Mercer,Female,1963-08-10,michelle.mercer@yahoo.com,0085019766,Dubai,Dubai,UAE,Platinum,2025-09-08,Inactive
CUST003820,Mary,Torres,Male,1984-09-09,mary.torres@hotmail.com,3771246203,Dubai,Dubai,UAE,Diamond,2024-02-25,Active
CUST003821,Jordan,Mathis,Male,1998-10-27,jordan.mathis@yahoo.com,7482883809,Singapore,Singapore,Singapore,Diamond,2023-10-24,Active
CUST003822,John,Becker,Female,1987-12-15,john.becker@outlook.com,5183095064,Hyderabad,Telangana,India,Silver,2025-07-08,Inactive
CUST003823,Katherine,Ross,Male,1960-06-17,katherine.ross@yahoo.com,8622012561,Chennai,Tamil Nadu,India,Gold,2026-06-09,Active
CUST003824,Ashley,Smith,Male,1975-11-25,ashley.smith@yahoo.com,1957090258,Mumbai,Maharashtra,India,Gold,2022-03-10,Active
CUST003825,Lauren,Woods,Female,1960-10-10,lauren.woods@outlook.com,7671514465,Dubai,Dubai,UAE,Diamond,2023-08-30,Inactive
CUST003826,Ann,Martin,Male,1962-09-03,ann.martin@hotmail.com,0959898355,Singapore,Singapore,Singapore,Gold,2025-07-08,Inactive
CUST003827,Peter,Sanchez,Female,2007-03-18,peter.sanchez@gmail.com,3599011684,Sydney,New South Wales,Australia,Gold,2023-01-13,Inactive
CUST003828,Tom,Li,Female,2008-07-26,tom.li@gmail.com,4371911799,Dubai,Dubai,UAE,Silver,2022-12-16,Inactive
CUST003829,Lance,Smith,Male,1998-04-13,lance.smith@outlook.com,1717661882,Dubai,Dubai,UAE,Platinum,2025-05-22,Active
CUST003830,Angela,Smith,Female,1958-03-26,angela.smith@hotmail.com,4967106542,London,England,United Kingdom,Gold,2024-12-14,Inactive
CUST003831,Susan,Potter,Female,1991-07-01,susan.potter@outlook.com,4118124266,Bengaluru,Karnataka,India,Gold,2025-10-21,Inactive
CUST003832,Allison,Pham,Male,1967-03-25,allison.pham@outlook.com,4029162777,Sydney,New South Wales,Australia,Gold,2025-10-18,Active
CUST003833,Shane,Morris,Female,1985-10-13,shane.morris@outlook.com,1953346926,Singapore,Singapore,Singapore,Platinum,2026-05-15,Inactive
CUST003834,Nicole,Blake,Female,1995-07-29,nicole.blake@yahoo.com,9674223005,Delhi,Delhi,India,Silver,2024-04-18,Inactive
CUST003835,James,Wells,Male,1969-01-22,james.wells@outlook.com,6857708164,Singapore,Singapore,Singapore,Platinum,2024-01-23,Inactive
CUST003836,Danielle,Mack,Male,1972-06-06,danielle.mack@outlook.com,2792072577,Hyderabad,Telangana,India,Diamond,2022-08-08,Active
CUST003837,Joseph,Smith,Male,1960-09-14,joseph.smith@outlook.com,7367806508,London,England,United Kingdom,Silver,2023-08-04,Active
CUST003838,Sarah,Mejia,Male,1967-11-23,sarah.mejia@hotmail.com,6223057136,Bengaluru,Karnataka,India,Diamond,2026-07-05,Inactive
CUST003839,Daniel,Thomas,Male,1967-11-13,daniel.thomas@yahoo.com,6889384402,New York,New York,United States,Silver,2022-05-13,Inactive
CUST003840,Michael,Harvey,Male,1969-04-13,michael.harvey@hotmail.com,2976647763,Hyderabad,Telangana,India,Diamond,2026-07-04,Active
CUST003841,Dana,Clark,Female,1960-02-22,dana.clark@outlook.com,0115458297,New York,New York,United States,Diamond,2021-10-09,Active
CUST003842,Yvonne,Simmons,Male,1993-02-26,yvonne.simmons@hotmail.com,5231441513,Chennai,Tamil Nadu,India,Silver,2025-10-01,Active
CUST003843,Grace,Williams,Female,1958-10-09,,1834192374,Sydney,New South Wales,Australia,Platinum,2025-05-21,Active
CUST003844,Justin,Spencer,Female,1988-07-29,justin.spencer@yahoo.com,8022497399,Chennai,Tamil Nadu,India,Silver,2021-10-15,Inactive
CUST003845,April,Mathews,Female,1981-04-27,april.mathews@yahoo.com,4952209628,New York,New York,United States,Diamond,2024-09-03,Inactive
CUST003846,Henry,Gomez,Female,1982-07-20,henry.gomez@outlook.com,8488042087,Chennai,Tamil Nadu,India,Platinum,2024-04-04,Inactive
CUST003847,Jesse,Wilcox,Male,1973-06-22,jesse.wilcox@yahoo.com,5218280953,Chennai,Tamil Nadu,India,Gold,2026-05-12,Inactive
CUST003848,Jodi,Long,Male,1970-04-30,jodi.long@hotmail.com,4945907370,London,England,United Kingdom,Silver,2024-05-27,Inactive
CUST003849,Christina,Gross,Male,1967-01-30,christina.gross@hotmail.com,5512824750,Hyderabad,Telangana,India,Platinum,2025-11-20,Inactive
CUST003850,Jasmine,Jones,Male,1980-08-12,jasmine.jones@outlook.com,7333271904,Chennai,Tamil Nadu,India,Gold,2026-05-19,Inactive
CUST003851,Kristina,Zimmerman,Female,1968-06-14,kristina.zimmerman@hotmail.com,3012371086,Chennai,Tamil Nadu,India,Gold,2022-06-09,Active
CUST003852,Samuel,Soto,Male,1988-01-02,samuel.soto@gmail.com,3573588993,Delhi,Delhi,India,Diamond,2023-02-11,Active
CUST003853,Lori,Wolf,Female,1974-03-23,lori.wolf@gmail.com,0955042097,Bengaluru,Karnataka,India,Gold,2023-02-07,Active
CUST003854,Christopher,Cochran,Male,2008-02-29,christopher.cochran@outlook.com,6013272647,Dubai,Dubai,UAE,Silver,2023-03-21,Inactive
CUST003855,Kelly,Cain,Male,1978-09-12,kelly.cain@outlook.com,3800923808,London,England,United Kingdom,Silver,2026-03-25,Inactive
CUST003856,Manuel,Lee,Male,2003-06-24,manuel.lee@gmail.com,4452121376,Hyderabad,Telangana,India,Gold,2024-09-04,Active
CUST003857,Brandon,Miller,Female,1979-08-30,brandon.miller@outlook.com,4539374395,Singapore,Singapore,Singapore,Diamond,2025-06-24,Active
CUST003858,Michael,Morgan,Female,1975-06-04,michael.morgan@yahoo.com,5889734104,Delhi,Delhi,India,Gold,2025-05-11,Active
CUST003859,Justin,Lewis,Female,1979-10-25,justin.lewis@hotmail.com,1167253790,CHENNAI,Tamil Nadu,India,Diamond,2022-07-05,Inactive
CUST003860,Mark,Mitchell,Female,2007-12-04,mark.mitchell@yahoo.com,9550854180,New York,New York,United States,Silver,2024-04-30,Active
CUST003861,Lisa,Anderson,Female,1959-02-21,lisa.anderson@gmail.com,9884695056,Delhi,Delhi,India,Diamond,2025-02-15,Active
CUST003862,Anthony,Thomas,Female,2007-08-04,anthony.thomas@outlook.com,4881501042,Delhi,Delhi,India,Gold,2025-11-10,Active
CUST003863,Tracy,Drake,Female,1977-02-13,tracy.drake@gmail.com,5390140766,Delhi,Delhi,India,Platinum,2023-06-29,Inactive
CUST003864,Jaclyn,Fuller,Female,2006-12-17,,4529881084,Singapore,Singapore,Singapore,Silver,2021-07-27,Inactive
CUST003865,Michael,Gallagher,Male,2004-04-14,michael.gallagher@gmail.com,9279965697,Mumbai,Maharashtra,India,Silver,2025-05-02,Active
CUST003866,Dawn,Garcia,Male,1962-12-08,dawn.garcia@yahoo.com,3925842599,Singapore,Singapore,Singapore,Silver,2025-02-27,Inactive
CUST003867,Linda,Miller,Male,1986-03-16,linda.miller@gmail.com,1971136547, Bengaluru,Karnataka,India,Gold,2023-02-07,Inactive
CUST003868,Kristina,Washington,Male,2003-11-09,kristina.washington@yahoo.com,1469754169,London,England,United Kingdom,Gold,2023-08-06,Inactive
CUST003869,Howard,Gomez,Male,1967-03-31,howard.gomez@gmail.com,2245400673,Chennai,Tamil Nadu,India,Silver,2026-05-20,Active
CUST003870,Tiffany,Flores,Male,1973-06-15,tiffany.flores@yahoo.com,0830198608,Hyderabad,Telangana,India,Platinum,2023-09-14,Active
CUST003871,Stephanie,Lewis,Male,1993-05-07,stephanie.lewis@outlook.com,6560026570,Bengaluru,Karnataka,India,Gold,2025-05-02,Active
CUST003872,Wesley,Caldwell,Female,1984-08-30,wesley.caldwell@yahoo.com,4440121544,Chennai,Tamil Nadu,India,Silver,2025-09-28,Active
CUST003873,Misty,Phelps,Male,1971-10-03,misty.phelps@hotmail.com,5749561809,London,England,United Kingdom,Gold,2021-10-28,Inactive
CUST003874,Brittney,Boyd,Female,1978-06-05,brittney.boyd@gmail.com,4299421005,Chennai,Tamil Nadu,India,Platinum,2024-06-06,Inactive
CUST003875,Joshua,Moore,Female,1962-01-27,joshua.moore@yahoo.com,2430561724,Bengaluru,Karnataka,India,Diamond,2024-06-07,Active
CUST003876,Raymond,Myers,Female,1973-05-20,raymond.myers@outlook.com,2210751720,New York,New York,United States,Silver,2025-04-24,Active
CUST003877,Marc,Thomas,Male,1990-08-08,marc.thomas@gmail.com,3710618619,Hyderabad,Telangana,India,Silver,2023-06-07,Inactive
CUST003878,Mark,Cruz,Female,1995-07-30,mark.cruz@gmail.com,5306157105,Dubai,Dubai,UAE,Gold,2022-09-01,Active
CUST003879,Melinda,Bryant,Male,1975-10-19,melinda.bryant@yahoo.com,7691807299,Mumbai,Maharashtra,India,Gold,2026-06-04,Active
CUST003880,Joshua,Salazar,Male,1976-09-21,joshua.salazar@yahoo.com,2456964952,SYDNEY,New South Wales,Australia,Silver,2025-12-23,Active
CUST003881,Molly,Pena,Male,1990-09-19,molly.pena@yahoo.com,0202518889,Bengaluru,Karnataka,India,Diamond,2023-03-20,Inactive
CUST003882,Sarah,Hudson,Female,1972-04-05,sarah.hudson@outlook.com,4670913247,Singapore,Singapore,Singapore,Gold,2021-10-31,Inactive
CUST003883,Bethany,Castillo,Male,2002-08-01,bethany.castillo@yahoo.com,8377044708,Sydney,New South Wales,Australia,Silver,2022-05-22,Inactive
CUST003884,Karen,Jones,Male,1993-01-19,karen.jones@gmail.com,6525781814,Chennai,Tamil Nadu,India,Gold,2023-10-29,Active
CUST003885,Michael,Nixon,Male,1963-07-22,john@gmail,1588919892,Singapore,Singapore,Singapore,Diamond,2026-06-19,Inactive
CUST003886,Brianna,Beard,Male,2007-05-28,,4804898393,London,England,United Kingdom,Silver,2025-02-25,Inactive
CUST003887,Justin,Brown,Male,1981-09-12,justin.brown@hotmail.com,4967925252,Singapore,Singapore,Singapore,Gold,2023-01-27,Inactive
CUST003888,Sarah,Jordan,Male,1986-08-08,sarah.jordan@hotmail.com,9534294758,Sydney,New South Wales,Australia,Diamond,2026-04-22,Inactive
CUST003889,Vanessa,Smith,Male,1962-01-28,vanessa.smith@outlook.com,8331433672,Bengaluru,Karnataka,India,Silver,2023-12-17,Inactive
CUST003890,Jason,Walters,Male,1956-09-06,jason.walters@outlook.com,3606181007,Hyderabad,Telangana,India,Platinum,2022-07-10,Inactive
CUST003891,Edward,Johnston,Female,1960-12-15,edward.johnston@yahoo.com,4368598105,Chennai,Tamil Nadu,India,Diamond,2023-03-08,Inactive
CUST003892,Arthur,Miller,Male,2003-09-27,arthur.miller@hotmail.com,6861690477,New York,New York,United States,Diamond,2025-04-08,Inactive
CUST003893,Charles,Hernandez,Female,1999-01-19,charles.hernandez@outlook.com,7027200993,Sydney,New South Wales,Australia,Diamond,2025-07-27,Inactive
CUST003894,David,Dorsey,Female,1987-09-17,david.dorsey@hotmail.com,0115506645,Bengaluru,Karnataka,India,Silver,2023-05-22,Active
CUST003895,Keith,Cabrera,Male,1977-12-23,keith.cabrera@yahoo.com,3541938950,New York,New York,United States,Diamond,2026-04-15,Inactive
CUST003896,Nicholas,Mills,Male,1977-12-31,nicholas.mills@gmail.com,3822305412,Dubai,Dubai,UAE,Diamond,2022-01-14,Inactive
CUST003897,Jodi,Black,Male,2005-11-29,jodi.black@gmail.com,1229169130,Singapore,Singapore,Singapore,Silver,2026-03-31,Active
CUST003898,Daniel,Hernandez,Female,1978-08-23,daniel.hernandez@hotmail.com,5598008963,Hyderabad,Telangana,India,Silver,2024-07-23,Inactive
CUST003899,Jennifer,Gonzalez,Female,2004-09-27,jennifer.gonzalez@yahoo.com,3676522782,Bengaluru,Karnataka,India,Gold,2026-05-11,Active
CUST003900,Kathryn,Leon,Male,1976-08-19,kathryn.leon@hotmail.com,5881875981,Delhi,Delhi,India,Diamond,2025-01-18,Inactive
CUST003901,Joseph,Thomas,Female,1994-12-23,joseph.thomas@yahoo.com,3735163863,Chennai,Tamil Nadu,India,Platinum,2024-02-01,Active
CUST003902,Tiffany,Green,Female,1970-12-11,tiffany.green@outlook.com,5938505123,New York,New York,United States,Gold,2025-11-02,Active
CUST003903,Francisco,Aguilar,Female,1965-03-06,francisco.aguilar@outlook.com,6217698931,Chennai,Tamil Nadu,India,Platinum,2024-06-11,Active
CUST003904,David,Warren,Female,1976-11-30,john@gmail,2521347866,Mumbai,Maharashtra,India,Platinum,2025-09-29,Active
CUST003905,Brian,Cooper,Male,1987-11-23,brian.cooper@hotmail.com,2853170273,Hyderabad,Telangana,India,Gold,2024-01-13,Inactive
CUST003906,Pamela,Nelson,Female,1987-10-02,pamela.nelson@gmail.com,6607219184,Delhi,Delhi,India,Silver,2024-04-30,Active
CUST003907,Rachel,Johnson,Male,1956-12-18,rachel.johnson@yahoo.com,9304131229,Mumbai,Maharashtra,India,Diamond,2025-02-17,Active
CUST003908,Jennifer,Vance,Female,2003-03-03,jennifer.vance@outlook.com,1629357965,Dubai,Dubai,UAE,Gold,2021-09-24,Inactive
CUST003909,Paul,Smith,Male,1966-09-01,paul.smith@gmail.com,5564116574,Bengaluru,Karnataka,India,Gold,2023-01-26,Active
CUST003910,Brandon,Wyatt,Male,2001-09-24,brandon.wyatt@outlook.com,8987799842,Singapore,Singapore,Singapore,Diamond,2022-10-09,Inactive
CUST003911,Haley,Torres,Female,1968-11-14,haley.torres@yahoo.com,3163875282,Dubai,Dubai,UAE,Diamond,2026-05-19,Active
CUST003912,Melanie,Patterson,Male,1955-08-22,melanie.patterson@outlook.com,2489239645,Chennai,Tamil Nadu,India,Gold,2023-12-30,Inactive
CUST003913,Kimberly,Peterson,Male,1982-11-20,kimberly.peterson@hotmail.com,8933728729,Singapore,Singapore,Singapore,Silver,2022-06-03,Inactive
CUST003914,Michael,Wilkerson,Male,1982-01-20,michael.wilkerson@hotmail.com,4415161592,Mumbai,Maharashtra,India,Diamond,2025-09-20,Inactive
CUST003915,Jessica,Taylor,Male,2007-08-29,jessica.taylor@hotmail.com,4664533644,London,England,United Kingdom,Silver,2022-10-27,Inactive
CUST003916,Robin,Ferrell,Female,1980-08-29,robin.ferrell@outlook.com,1777115615,New York,New York,United States,Platinum,2025-06-03,Active
CUST003917,Haley,Hodge,Male,1959-11-12,haley.hodge@hotmail.com,8857768487,Singapore,Singapore,Singapore,Diamond,2024-09-04,Inactive
CUST003918,Adam,Wilkerson,Male,1986-10-26,adam.wilkerson@yahoo.com,7307215486,Sydney,New South Wales,Australia,Platinum,2025-11-03,Active
CUST003919,Catherine,Davis,Female,1987-05-08,catherine.davis@outlook.com,1745284248,Mumbai,Maharashtra,India,Platinum,2025-05-12,Active
CUST003920,Darrell,Williams,Male,1969-07-01,darrell.williams@yahoo.com,2637349108,Chennai,Tamil Nadu,India,Gold,2026-01-05,Inactive
CUST003921,Steven,Pratt,Female,2002-12-08,steven.pratt@hotmail.com,6193633399,Hyderabad,Telangana,India,Gold,2024-07-18,Inactive
CUST003922,Christopher,Wong,Male,2000-08-11,christopher.wong@gmail.com,8446443724,Singapore,Singapore,Singapore,Silver,2024-09-30,Inactive
CUST003923,Tara,Nichols,Female,1997-08-31,tara.nichols@gmail.com,8038795802,Dubai,Dubai,UAE,Silver,2024-08-07,Inactive
CUST003924,Dawn,Keller,Male,1961-05-28,dawn.keller@gmail.com,9591757295,Dubai,Dubai,UAE,Silver,2022-08-16,Active
CUST003925,Justin,Gonzalez,Male,1971-06-03,justin.gonzalez@gmail.com,6600217527,Hyderabad,Telangana,India,Silver,2024-12-09,Active
CUST003926,Michelle,Gray,Male,1972-01-05,michelle.gray@outlook.com,3714829830,Mumbai,Maharashtra,India,Gold,2022-03-28,Active
CUST003927,Joseph,Jackson,Female,1969-05-31,joseph.jackson@outlook.com,8599733365,New York,New York,United States,Silver,2023-09-30,Active
CUST003928,Zachary,Stone,Female,1981-08-16,zachary.stone@yahoo.com,4907666011,Mumbai,Maharashtra,India,Silver,2021-08-17,Active
CUST003929,Amanda,Nelson,Male,1984-05-08,amanda.nelson@yahoo.com,4688320929,Hyderabad,Telangana,India,Diamond,2021-08-05,Active
CUST003930,Kevin,Griffin,Male,1965-10-21,kevin.griffin@yahoo.com,1887008055,Mumbai,Maharashtra,India,Platinum,2022-01-06,Active
CUST003931,Angela,Rosales,Male,2000-10-10,angela.rosales@gmail.com,1378651851,Mumbai,Maharashtra,India,Platinum,2024-10-08,Inactive
CUST003932,Nancy,Nelson,Male,1987-04-15,nancy.nelson@gmail.com,9905582341,Bengaluru,Karnataka,India,Diamond,2025-01-23,Inactive
CUST003933,Kylie,Gutierrez,Male,1959-08-04,kylie.gutierrez@yahoo.com,3266164043,Dubai,Dubai,UAE,Gold,2025-12-04,Active
CUST003934,Cynthia,Swanson,Female,2002-11-02,cynthia.swanson@hotmail.com,6813374372,BENGALURU ,Karnataka,India,Platinum,2025-08-21,Inactive
CUST003935,Victoria,Castaneda,Female,1957-12-17,victoria.castaneda@yahoo.com,3297301897,New York,New York,United States,Silver,2024-09-19,Inactive
CUST003936,David,Long,Male,1985-02-28,david.long@outlook.com,2589261346,BENGALURU,Karnataka,India,Diamond,2026-06-02,Active
CUST003937,Sarah,Roy,Male,2006-12-19,sarah.roy@yahoo.com,2944338279,Singapore,Singapore,Singapore,Diamond,2026-05-07,Active
CUST003938,Kim,Pineda,Male,1981-10-18,kim.pineda@outlook.com,1313991864,Bengaluru,Karnataka,India,Diamond,2022-04-02,Active
CUST003939,Heather,Smith,Female,1997-06-23,heather.smith@yahoo.com,0845043606,Singapore,Singapore,Singapore,Platinum,2023-04-19,Inactive
CUST003940,Randall,Clark,Male,1959-07-15,randall.clark@yahoo.com,5992394112,Sydney,New South Wales,Australia,Platinum,2026-04-24,Active
CUST003941,Nicole,Pollard,Female,1970-09-14,nicole.pollard@gmail.com,5029019783,London,England,United Kingdom,Silver,2024-03-04,Active
CUST003942,Daniel,Scott,Male,2000-05-08,daniel.scott@gmail.com,1403793018,Chennai,Tamil Nadu,India,Diamond,2025-03-09,Inactive
CUST003943,Jenny,Ramirez,Female,1964-06-02,jenny.ramirez@outlook.com,,London,England,United Kingdom,Silver,2023-11-04,Active
CUST003944,Tiffany,Taylor,Female,1959-12-01,,6189618207,London,England,United Kingdom,Silver,2023-07-20,Active
CUST003945,Darren,Bowen,Male,1972-07-11,darren.bowen@yahoo.com,6456410436,Hyderabad,Telangana,India,Silver,2022-04-11,Inactive
CUST003946,Travis,Alvarez,Male,1966-01-11,travis.alvarez@yahoo.com,1785544923,Sydney,New South Wales,Australia,Diamond,2021-09-07,Active
CUST003947,Paula,Smith,Female,2000-06-23,paula.smith@yahoo.com,1097902086,New York,New York,United States,Platinum,2023-01-16,Inactive
CUST003948,Nicholas,Williams,Female,1972-09-16,nicholas.williams@gmail.com,6354154486,Singapore,Singapore,Singapore,Silver,2025-09-05,Active
CUST003949,Tammy,Hughes,Female,2005-06-11,tammy.hughes@outlook.com,2858656664, Sydney,New South Wales,Australia,Platinum,2025-05-02,Inactive
CUST003950,Pamela,Wyatt,Male,1984-03-27,pamela.wyatt@hotmail.com,6537214760,Dubai,Dubai,UAE,Platinum,2024-01-09,Inactive
CUST003951,Deborah,Barber,Male,1983-04-24,deborah.barber@yahoo.com,5928800377,Singapore,Singapore,Singapore,Platinum,2025-12-17,Active
CUST003952,Adam,Olson,Male,2006-01-28,adam.olson@yahoo.com,3405571010,London,England,United Kingdom,Platinum,2023-05-29,Active
CUST003953,Beth,Odom,Female,1995-11-08,beth.odom@yahoo.com,2490392021,New York,New York,United States,Diamond,2026-05-04,Active
CUST003954,Jennifer,Poole,Female,1995-08-11,jennifer.poole@outlook.com,2426262215,London ,England,United Kingdom,Gold,2025-07-08,Active
CUST003955,Samuel,Patterson,Female,1957-01-05,samuel.patterson@gmail.com,6952834985,London,England,United Kingdom,Gold,2025-10-10,Inactive
CUST003956,Cameron,Delgado,Female,2006-11-02,cameron.delgado@gmail.com,8832489348,Mumbai,Maharashtra,India,Diamond,2024-03-01,Active
CUST003957,Jamie,Adams,Female,1974-11-16,jamie.adams@hotmail.com,3367145428,Dubai,Dubai,UAE,Silver,2023-08-29,Active
CUST003958,Joshua,Bennett,Female,1962-04-15,joshua.bennett@outlook.com,8304106843,Chennai,Tamil Nadu,India,Platinum,2025-07-14,Active
CUST003959,Michelle,Wagner,Male,1979-12-02,michelle.wagner@outlook.com,2398488502,Chennai,Tamil Nadu,India,Silver,2022-09-02,Inactive
CUST003960,Randy,Hernandez,Male,2002-05-06,randy.hernandez@hotmail.com,8437918591,Mumbai,Maharashtra,India,Gold,2022-09-22,Inactive
CUST003961,Stacey,Baxter,Male,1993-12-29,stacey.baxter@gmail.com,4309280119,New York,New York,United States,Diamond,2022-08-04,Inactive
CUST003962,Beverly,Schwartz,Male,1957-05-26,beverly.schwartz@outlook.com,7403301937,Dubai,Dubai,UAE,Silver,2025-06-30,Active
CUST003963,Curtis,Jones,Female,1983-09-06,curtis.jones@hotmail.com,6238044628,Hyderabad,Telangana,India,Platinum,2022-08-15,Inactive
CUST003964,Diane,Decker,Female,1973-06-13,diane.decker@gmail.com,6665767599,Delhi,Delhi,India,Silver,2025-10-09,Active
CUST003965,Andrea,Johnson,Male,1997-09-23,andrea.johnson@yahoo.com,4276052795,New York,New York,United States,Silver,2024-05-09,Inactive
CUST003966,Edward,Gonzalez,Female,1956-04-12,edward.gonzalez@gmail.com,3521273890,Delhi,Delhi,India,Diamond,2023-02-21,Inactive
CUST003967,Ralph,Hughes,Female,1981-09-15,john@gmail,4718511590,London,England,United Kingdom,Silver,2023-08-16,Inactive
CUST003968,James,Campbell,Male,1970-04-30,james.campbell@yahoo.com,0101592743,Chennai,Tamil Nadu,India,Gold,2024-06-24,Inactive
CUST003969,William,Charles,Female,1991-02-21,william.charles@gmail.com,6187423560,Chennai,Tamil Nadu,India,Silver,2022-12-28,Active
CUST003970,Jennifer,Leblanc,Female,1969-05-11,jennifer.leblanc@yahoo.com,1096580453,Bengaluru,Karnataka,India,Platinum,2024-08-03,Active
CUST003971,William,Perez,Female,1961-07-09,william.perez@hotmail.com,5031665919,Chennai,Tamil Nadu,India,Platinum,2023-02-17,Active
CUST003972,Laura,Cruz,Female,2007-04-02,laura.cruz@gmail.com,2610715652,Hyderabad,Telangana,India,Diamond,2023-12-24,Inactive
CUST003973,Wendy,Jenkins,Male,2004-08-02,wendy.jenkins@yahoo.com,4544037181,Chennai,Tamil Nadu,India,Platinum,2024-03-12,Inactive
CUST003974,Hannah,Chan,Male,1979-09-28,hannah.chan@yahoo.com,4870194828,Bengaluru,Karnataka,India,Platinum,2025-11-20,Inactive
CUST003975,Barry,Griffith,Male,2000-06-26,barry.griffith@gmail.com,0153522494,Singapore,Singapore,Singapore,Platinum,2023-02-12,Inactive
CUST003976,Christy,Le,Female,2000-11-21,christy.le@outlook.com,2003372294,Hyderabad,Telangana,India,Gold,2023-09-11,Active
CUST003977,George,Owens,Female,1976-10-24,john@gmail,7972053315,Hyderabad,Telangana,India,Silver,2025-02-15,Inactive
CUST003978,Raven,Robles,Female,1970-06-19,raven.robles@outlook.com,0774021275,Dubai,Dubai,UAE,Silver,2025-05-15,Inactive
CUST003979,James,James,Male,1989-02-10,james.james@gmail.com,9954492968,Dubai,Dubai,UAE,Diamond,2023-09-18,Inactive
CUST003980,Luis,Flores,Male,1996-08-06,,6741433500,Bengaluru,Karnataka,India,Diamond,2026-03-11,Inactive
CUST003981,Timothy,Jenkins,Male,1993-09-01,timothy.jenkins@gmail.com,8240870721,Chennai,Tamil Nadu,India,Gold,2025-09-18,Active
CUST003982,Jennifer,Jones,Female,1960-09-30,jennifer.jones@hotmail.com,3124006077,Hyderabad,Telangana,India,Diamond,2024-01-10,Active
CUST003983,Carol,Harrison,Male,1994-11-11,carol.harrison@outlook.com,6295468294,Hyderabad,Telangana,India,Diamond,2025-02-25,Inactive
CUST003984,Sandra,Cooper,Male,1990-04-12,sandra.cooper@outlook.com,8429149022,Mumbai,Maharashtra,India,Gold,2025-01-21,Inactive
CUST003985,Christopher,Harper,Female,2004-07-23,christopher.harper@outlook.com,3465187939,Dubai,Dubai,UAE,Platinum,2022-07-30,Active
CUST003986,Jared,Ward,Female,2005-07-10,jared.ward@hotmail.com,5424148600,London,England,United Kingdom,Gold,2025-07-18,Active
CUST003987,Denise,Bryant,Female,1966-05-16,denise.bryant@hotmail.com,9513007479,Singapore,Singapore,Singapore,Gold,2024-01-29,Active
CUST003988,Misty,Fernandez,Male,1984-12-31,misty.fernandez@gmail.com,5975314553,Hyderabad,Telangana,India,Diamond,2025-04-01,Active
CUST003989,Vickie,Glover,Male,1998-07-13,vickie.glover@outlook.com,7254688864,Mumbai ,Maharashtra,India,Silver,2026-04-30,Inactive
CUST003990,Tiffany,Wolf,Male,1979-10-21,tiffany.wolf@outlook.com,5200513674,Dubai,Dubai,UAE,Gold,2021-08-10,Active
CUST003991,Angela,Martinez,Female,1976-11-24,angela.martinez@yahoo.com,3445898382,Bengaluru,Karnataka,India,Gold,2023-10-06,Inactive
CUST003992,Melissa,Bryant,Female,2004-01-02,melissa.bryant@hotmail.com,8706803689,Chennai,Tamil Nadu,India,Gold,2022-11-20,Inactive
CUST003993,Michael,Boyd,Male,1993-08-19,michael.boyd@yahoo.com,6300358222,Delhi,Delhi,India,Silver,2021-09-18,Inactive
CUST003994,Jennifer,Schroeder,Male,1977-08-16,jennifer.schroeder@hotmail.com,8320964705,Dubai,Dubai,UAE,Diamond,2025-01-28,Active
CUST003995,Michael,Hancock,Male,1965-10-20,michael.hancock@yahoo.com,7897364638,Delhi,Delhi,India,Platinum,2025-12-02,Active
CUST003996,Lauren,Robinson,Male,2002-10-15,,7832233120,Sydney,New South Wales,Australia,Gold,2026-03-29,Active
CUST003997,Amanda,Smith,Male,1981-04-08,amanda.smith@gmail.com,9974025320, New York,New York,United States,Platinum,2024-08-23,Active
CUST003998,Michael,Lee,Male,1983-07-02,michael.lee@yahoo.com,3199901412,New York,New York,United States,Diamond,2026-03-14,Active
CUST003999,Andrea,Perry,Male,1956-01-03,andrea.perry@gmail.com,9497907530,Chennai,Tamil Nadu,India,Gold,2025-09-01,Inactive
CUST004000,Michelle,Walker,Female,1996-06-30,michelle.walker@outlook.com,2242179724,Chennai,Tamil Nadu,India,Platinum,2025-11-21,Active
CUST004001,Sarah,Romero,Male,1965-09-20,sarah.romero@hotmail.com,3148679331,Dubai,Dubai,UAE,Diamond,2023-06-21,Active
CUST004002,Stephanie,Anderson,Male,2002-04-27,stephanie.anderson@hotmail.com,0593112704,Singapore,Singapore,Singapore,Gold,2025-10-24,Inactive
CUST004003,Victor,White,Male,2007-06-19,victor.white@hotmail.com,3607531592,London,England,United Kingdom,Gold,2022-10-22,Active
CUST004004,Ronald,Andrews,Male,2001-05-03,ronald.andrews@outlook.com,8577015282,Chennai,Tamil Nadu,India,Silver,2026-03-25,Inactive
CUST004005,Sara,Harris,Male,1965-01-22,sara.harris@yahoo.com,4693128861, Hyderabad,Telangana,India,Diamond,2026-07-20,Active
CUST004006,Tara,Oliver,Female,1979-03-11,tara.oliver@outlook.com,4790403176,Dubai,Dubai,UAE,Diamond,2023-03-02,Active
CUST004007,Suzanne,Peterson,Male,1995-03-06,suzanne.peterson@outlook.com,6007219618,London,England,United Kingdom,Diamond,2026-05-05,Active
CUST004008,William,Norris,Male,1982-08-15,william.norris@yahoo.com,9548673085,Sydney,New South Wales,Australia,Gold,2024-08-04,Inactive
CUST004009,Katherine,Russell,Female,1997-10-31,katherine.russell@gmail.com,6652674725,Sydney,New South Wales,Australia,Platinum,2021-10-09,Active
CUST004010,Todd,Diaz,Female,2000-03-12,todd.diaz@outlook.com,8290143302,London,England,United Kingdom,Platinum,2024-06-09,Inactive
CUST004011,Dana,Reese,Female,1984-11-23,dana.reese@outlook.com,1327084243,Hyderabad,Telangana,India,Gold,2022-04-26,Active
CUST004012,Jason,Nguyen,Female,1987-10-29,jason.nguyen@gmail.com,4393333205,Hyderabad,Telangana,India,Platinum,2023-02-06,Active
CUST004013,Lisa,Johnson,Male,2006-05-06,lisa.johnson@yahoo.com,5942454028,Chennai,Tamil Nadu,India,Platinum,2024-05-26,Inactive
CUST004014,Anne,Hubbard,Male,1960-10-23,anne.hubbard@yahoo.com,1153527204,Mumbai,Maharashtra,India,Silver,2024-08-16,Inactive
CUST004015,Anthony,Ramos,Female,1992-08-10,anthony.ramos@hotmail.com,3762038787,Sydney,New South Wales,Australia,Silver,2023-04-03,Active
CUST004016,Glenn,Mcconnell,Female,1977-08-21,glenn.mcconnell@gmail.com,1708947566,Delhi,Delhi,India,Silver,2025-06-14,Active
CUST004017,Christopher,Robinson,Male,2000-04-09,christopher.robinson@yahoo.com,9934963663,Singapore,Singapore,Singapore,Silver,2022-09-22,Active
CUST004018,Nicole,Thomas,Female,1984-04-18,nicole.thomas@yahoo.com,0460013129,Hyderabad,Telangana,India,Gold,2024-10-25,Active
CUST004019,Timothy,Brown,Male,1972-11-21,timothy.brown@outlook.com,8387609608,Hyderabad,Telangana,India,Platinum,2026-05-02,Inactive
CUST004020,Dylan,Cummings,Male,1965-06-02,dylan.cummings@yahoo.com,5631791644,Dubai,Dubai,UAE,Gold,2022-01-11,Inactive
CUST004021,Brian,Espinoza,Male,2005-12-07,brian.espinoza@outlook.com,7093063266,New York,New York,United States,Gold,2022-03-06,Active
CUST004022,Krystal,Wright,Female,1980-10-28,krystal.wright@gmail.com,0650088392,London,England,United Kingdom,Gold,2023-05-19,Inactive
CUST004023,Matthew,Mason,Female,1977-09-08,matthew.mason@hotmail.com,0402494650,Hyderabad,Telangana,India,Silver,2025-11-02,Active
CUST004024,David,Collins,Male,1956-01-10,@gmail.com,7001032130,Hyderabad,Telangana,India,Gold,2022-01-16,Inactive
CUST004025,Tina,Lopez,Female,1974-09-29,tina.lopez@outlook.com,7393178435,Hyderabad,Telangana,India,Gold,2022-07-05,Inactive
CUST004026,Julie,Walker,Female,2002-10-20,julie.walker@gmail.com,7044488694,Delhi,Delhi,India,Platinum,2023-06-26,Active
CUST004027,Anthony,Evans,Male,1961-06-18,anthony.evans@gmail.com,0782762389,Sydney,New South Wales,Australia,Gold,2023-02-05,Active
CUST004028,Denise,Burke,Female,1960-05-31,denise.burke@hotmail.com,,Singapore,Singapore,Singapore,Diamond,2023-08-26,Inactive
CUST004029,Lisa,Carr,Male,1967-06-26,lisa.carr@gmail.com,7138737013,London,England,United Kingdom,Gold,2022-12-21,Inactive
CUST004030,Lisa,Douglas,Female,1956-11-03,lisa.douglas@hotmail.com,6903761339,Hyderabad,Telangana,India,Diamond,2021-07-27,Active
CUST004031,John,Krueger,Female,1985-10-11,john.krueger@gmail.com,5013262208,Chennai,Tamil Nadu,India,Silver,2023-08-14,Inactive
CUST004032,Daniel,Hunter,Male,1969-08-30,daniel.hunter@hotmail.com,8641090197,Singapore,Singapore,Singapore,Platinum,2025-07-30,Inactive
CUST004033,Michael,Proctor,Female,2004-02-23,michael.proctor@yahoo.com,9751063239,Mumbai,Maharashtra,India,Diamond,2023-10-26,Inactive
CUST004034,Sonia,Shaw,Male,1990-06-24,sonia.shaw@hotmail.com,7312481066,Dubai,Dubai,UAE,Diamond,2025-02-27,Inactive
CUST004035,Sara,Evans,Female,2003-09-01,sara.evans@yahoo.com,4137558172,Chennai,Tamil Nadu,India,Platinum,2022-08-16,Active
CUST004036,Nathan,Huffman,Female,2001-04-07,nathan.huffman@outlook.com,1876930055,Delhi,Delhi,India,Gold,2023-01-20,Inactive
CUST004037,Nicholas,Munoz,Male,1993-03-02,nicholas.munoz@outlook.com,3746815243,Dubai,Dubai,UAE,Diamond,2026-03-06,Inactive
CUST004038,William,Lee,Male,1968-10-07,william.lee@outlook.com,8063937936,Delhi,Delhi,India,Gold,2024-01-03,Active
CUST004039,Jessica,Thomas,Female,1979-05-09,jessica.thomas@outlook.com,6714489341,Sydney,New South Wales,Australia,Diamond,2023-06-21,Active
CUST004040,Jennifer,Howell,Male,1964-04-01,jennifer.howell@outlook.com,3602299186,Sydney,New South Wales,Australia,Silver,2021-11-24,Active
CUST004041,Harry,Christensen,Female,1961-10-28,harry.christensen@outlook.com,5557661122,New York,New York,United States,Gold,2022-06-11,Active
CUST004042,Katherine,Baker,Male,2003-03-31,katherine.baker@gmail.com,3514896325,Mumbai,Maharashtra,India,Gold,2026-02-09,Inactive
CUST004043,Amy,Ramirez,Male,1975-09-09,amy.ramirez@outlook.com,7110039191,Bengaluru,Karnataka,India,Silver,2023-06-25,Inactive
CUST004044,Michelle,Torres,Female,1996-03-09,michelle.torres@outlook.com,8693503104, Sydney,New South Wales,Australia,Gold,2022-08-20,Inactive
CUST004045,Julie,Martinez,Male,1960-05-25,julie.martinez@hotmail.com,7501594591,Singapore,Singapore,Singapore,Gold,2023-06-22,Active
CUST004046,Tina,Serrano,Female,1977-09-07,tina.serrano@gmail.com,8545615338,Sydney,New South Wales,Australia,Diamond,2023-11-26,Inactive
CUST004047,Jillian,Banks,Female,1985-10-12,jillian.banks@outlook.com,0082420720,London,England,United Kingdom,Diamond,2026-07-12,Inactive
CUST004048,Jeff,Serrano,Female,2000-03-02,jeff.serrano@gmail.com,2763156024,Delhi,Delhi,India,Gold,2023-03-14,Active
CUST004049,Hannah,Taylor,Female,1978-03-05,hannah.taylor@hotmail.com,6907952480,Bengaluru,Karnataka,India,Silver,2022-10-10,Inactive
CUST004050,Cassandra,Walker,Female,2003-07-17,cassandra.walker@hotmail.com,1693528643,Sydney,New South Wales,Australia,Silver,2026-01-31,Inactive
CUST004051,Charlene,Tanner,Male,1985-06-14,charlene.tanner@yahoo.com,4074314688,Sydney,New South Wales,Australia,Gold,2024-04-27,Active
CUST004052,Nichole,Lee,Female,1956-05-08,nichole.lee@outlook.com,4649019747,Dubai,Dubai,UAE,Gold,2023-04-19,Inactive
CUST004053,Amanda,Walsh,Male,1991-08-19,amanda.walsh@yahoo.com,9033384159, Singapore,Singapore,Singapore,Silver,2024-03-04,Inactive
CUST004054,Sheena,Colon,Female,1999-03-23,sheena.colon@outlook.com,7066159900,Delhi,Delhi,India,Platinum,2025-01-06,Active
CUST004055,Jose,Macias,Male,1962-04-12,jose.macias@hotmail.com,8228521371,Delhi,Delhi,India,Silver,2022-01-13,Inactive
CUST004056,Michael,Thomas,Female,1979-12-21,michael.thomas@outlook.com,1171663323,Delhi,Delhi,India,Silver,2024-09-24,Active
CUST004057,Kayla,Mendoza,Female,2004-09-09,kayla.mendoza@hotmail.com,7577043017,Delhi,Delhi,India,Platinum,2022-04-17,Inactive
CUST004058,Michael,Davis,Female,1984-01-06,michael.davis@hotmail.com,9292811766,Chennai,Tamil Nadu,India,Silver,2025-06-14,Active
CUST004059,Isaiah,Marshall,Male,1965-08-21,isaiah.marshall@hotmail.com,7047844233,Singapore,Singapore,Singapore,Gold,2025-09-01,Inactive
CUST004060,Ethan,Lam,Female,1982-02-16,ethan.lam@gmail.com,6929278428,Dubai,Dubai,UAE,Platinum,2026-03-25,Inactive
CUST004061,Steven,Willis,Female,1987-07-21,steven.willis@hotmail.com,7831553546,Sydney,New South Wales,Australia,Gold,2025-11-10,Active
CUST004062,Billy,Martin,Male,2002-06-28,billy.martin@outlook.com,6040043280,Delhi,Delhi,India,Gold,2023-04-04,Active
CUST004063,Christopher,Miller,Female,1988-04-30,christopher.miller@yahoo.com,6800460471,Dubai,Dubai,UAE,Platinum,2025-05-11,Inactive
CUST004064,Kevin,Lee,Female,1983-01-20,kevin.lee@hotmail.com,2144978089,Bengaluru,Karnataka,India,Diamond,2023-09-05,Active
CUST004065,Jesus,Gordon,Female,1986-04-29,jesus.gordon@hotmail.com,0700321801,Hyderabad,Telangana,India,Silver,2024-07-28,Inactive
CUST004066,Robert,Curtis,Female,2007-04-15,robert.curtis@hotmail.com,6576683759,Mumbai,Maharashtra,India,Diamond,2022-02-20,Inactive
CUST004067,Christopher,Phillips,Female,1975-11-16,christopher.phillips@gmail.com,9990119787,London,England,United Kingdom,Silver,2022-06-09,Active
CUST004068,Denise,Bell,Female,2000-01-08,denise.bell@gmail.com,5237784819,Singapore,Singapore,Singapore,Platinum,2025-04-12,Active
CUST004069,Kevin,Mclaughlin,Female,1975-05-08,,2523944044,Delhi,Delhi,India,Diamond,2026-04-08,Inactive
CUST004070,Lisa,Reed,Male,1975-07-08,lisa.reed@yahoo.com,8563485727,Sydney,New South Wales,Australia,Gold,2024-06-05,Inactive
CUST004071,Tim,Rodriguez,Female,1958-01-27,tim.rodriguez@hotmail.com,0162704582,New York,New York,United States,Gold,2025-05-06,Inactive
CUST004072,Samuel,Andrews,Male,1981-02-15,samuel.andrews@gmail.com,0533508455,Sydney,New South Wales,Australia,Platinum,2022-03-05,Active
CUST004073,Linda,Clark,Female,1997-02-03,linda.clark@yahoo.com,4516120230,Singapore,Singapore,Singapore,Platinum,2024-08-28,Inactive
CUST004074,Kristen,Perry,Male,1996-03-03,kristen.perry@gmail.com,9269300793,Delhi,Delhi,India,Gold,2025-01-03,Active
CUST004075,Jeffery,Green,Male,1995-01-12,jeffery.green@hotmail.com,2153770918,Hyderabad,Telangana,India,Gold,2023-01-16,Active
CUST004076,Isaiah,Davenport,Male,1992-06-27,isaiah.davenport@yahoo.com,2479220800,London,England,United Kingdom,Diamond,2024-04-22,Inactive
CUST004077,Ashley,Reid,Male,1974-01-07,ashley.reid@hotmail.com,0246333693,Sydney,New South Wales,Australia,Diamond,2023-11-24,Inactive
CUST004078,Beth,Hudson,Female,2002-06-28,beth.hudson@hotmail.com,6505575326,Singapore,Singapore,Singapore,Diamond,2026-06-14,Active
CUST004079,Jeffrey,Webster,Male,2002-10-27,jeffrey.webster@yahoo.com,6571576034,Bengaluru,Karnataka,India,Diamond,2022-09-08,Inactive
CUST004080,Tammy,Palmer,Female,1997-12-05,tammy.palmer@outlook.com,4922423300,Bengaluru,Karnataka,India,Platinum,2025-10-05,Active
CUST004081,Timothy,Doyle,Female,1992-03-26,timothy.doyle@gmail.com,1995971502,Dubai,Dubai,UAE,Diamond,2021-11-27,Active
CUST004082,Madison,Kim,Female,1985-05-19,madison.kim@yahoo.com,1904188500,MUMBAI,Maharashtra,India,Silver,2021-10-12,Active
CUST004083,Edward,Velasquez,Male,1999-04-14,edward.velasquez@yahoo.com,4898292983,Delhi,Delhi,India,Silver,2022-04-27,Inactive
CUST004084,Jason,Payne,Male,1994-03-05,jason.payne@outlook.com,1560340884,London,England,United Kingdom,Platinum,2024-12-14,Active
CUST004085,Melanie,Schneider,Male,1985-06-01,melanie.schneider@hotmail.com,3961535958,Hyderabad,Telangana,India,Gold,2021-07-28,Active
CUST004086,Natasha,Gross,Male,1986-02-08,natasha.gross@hotmail.com,2637834462,London,England,United Kingdom,Gold,2022-09-30,Inactive
CUST004087,Wesley,Gordon,Female,1983-03-23,wesley.gordon@hotmail.com,,Hyderabad,Telangana,India,Diamond,2026-07-21,Inactive
CUST004088,Joel,Wallace,Female,1969-12-14,joel.wallace@yahoo.com,4570720964,London,England,United Kingdom,Silver,2023-08-04,Active
CUST004089,Gabriel,Campbell,Male,1977-09-04,gabriel.campbell@hotmail.com,7613680457,Singapore,Singapore,Singapore,Diamond,2024-07-14,Inactive
CUST004090,Sheila,Tucker,Male,1959-03-10,sheila.tucker@hotmail.com,8398034769,Singapore,Singapore,Singapore,Diamond,2023-09-15,Active
CUST004091,Darlene,Gonzalez,Male,2000-02-14,darlene.gonzalez@outlook.com,2188015814,Bengaluru,Karnataka,India,Gold,2024-09-20,Inactive
CUST004092,Catherine,Dalton,Female,1967-04-04,catherine.dalton@outlook.com,,Hyderabad,Telangana,India,Silver,2024-06-26,Active
CUST004093,Carolyn,Mcdonald,Male,1974-03-08,carolyn.mcdonald@outlook.com,5925654956, Bengaluru,Karnataka,India,Gold,2025-01-05,Active
CUST004094,Sean,Lynch,Female,1991-08-21,sean.lynch@outlook.com,7193311275,Dubai,Dubai,UAE,Diamond,2022-06-19,Inactive
CUST004095,William,Wiley,Male,2000-12-09,william.wiley@gmail.com,3779562995,SYDNEY,New South Wales,Australia,Platinum,2025-11-16,Active
CUST004096,Jason,Hartman,Female,1962-05-08,jason.hartman@gmail.com,9191614259,Sydney,New South Wales,Australia,Platinum,2022-08-30,Active
CUST004097,Katherine,Medina,Male,1965-10-29,,6047356563,Chennai,Tamil Nadu,India,Gold,2026-04-29,Active
CUST004098,Emily,Johnson,Female,1983-11-09,emily.johnson@gmail.com,5147870890,Mumbai,Maharashtra,India,Platinum,2025-04-10,Active
CUST004099,Beth,Berry,Male,2002-11-08,beth.berry@hotmail.com,3485395758,Sydney,New South Wales,Australia,Silver,2025-07-21,Active
CUST004100,Amber,Butler,Male,1993-03-16,amber.butler@yahoo.com,,Hyderabad,Telangana,India,Platinum,2022-03-10,Inactive
CUST004101,Joseph,Ayala,Male,1997-06-12,joseph.ayala@hotmail.com,2508647428,Bengaluru,Karnataka,India,Diamond,2024-06-26,Active
CUST004102,Gregory,Harper,Female,1970-08-23,gregory.harper@gmail.com,4238579898,Sydney,New South Wales,Australia,Gold,2023-11-18,Active
CUST004103,Brandon,Walker,Female,2003-03-09,brandon.walker@yahoo.com,3698987468,Bengaluru,Karnataka,India,Diamond,2025-06-28,Active
CUST004104,Jessica,Reid,Male,1956-08-02,jessica.reid@yahoo.com,8555166094,Singapore,Singapore,Singapore,Silver,2023-10-04,Inactive
CUST004105,Krista,Potter,Male,1980-12-16,krista.potter@outlook.com,3001537366,Dubai,Dubai,UAE,Silver,2026-04-21,Active
CUST004106,Michael,Mora,Female,1973-06-15,michael.mora@yahoo.com,9635039026,Sydney,New South Wales,Australia,Silver,2024-12-06,Active
CUST004107,Jose,Martinez,Female,1978-08-27,jose.martinez@hotmail.com,9728650536,Delhi,Delhi,India,Diamond,2022-10-18,Inactive
CUST004108,Latasha,Griffin,Male,1990-05-16,latasha.griffin@outlook.com,0763440601,Hyderabad,Telangana,India,Silver,2023-08-31,Active
CUST004109,Tonya,Stevens,Male,1960-03-16,tonya.stevens@outlook.com,2177860132,Bengaluru,Karnataka,India,Silver,2022-01-18,Inactive
CUST004110,Mitchell,Morris,Female,1966-11-28,gmail.com,0482598433,Chennai,Tamil Nadu,India,Platinum,2023-01-28,Active
CUST004111,Eric,Dixon,Male,1961-02-27,eric.dixon@hotmail.com,4880489730,Dubai,Dubai,UAE,Gold,2026-06-29,Active
CUST004112,Michael,Hernandez,Female,1994-06-12,michael.hernandez@outlook.com,7162949005,Hyderabad,Telangana,India,Gold,2026-01-01,Active
CUST004113,Donna,Roberson,Male,1995-09-04,donna.roberson@hotmail.com,4309585088,Mumbai,Maharashtra,India,Platinum,2026-04-08,Active
CUST004114,Dawn,Meza,Male,1975-07-05,dawn.meza@outlook.com,0431020934, Singapore,Singapore,Singapore,Gold,2022-10-22,Inactive
CUST004115,Kelly,Garcia,Female,1956-03-26,kelly.garcia@gmail.com,7977156880,Chennai,Tamil Nadu,India,Silver,2025-02-08,Inactive
CUST004116,Jessica,Orr,Female,1970-04-11,jessica.orr@hotmail.com,7675173620,New York,New York,United States,Diamond,2022-12-19,Inactive
CUST004117,Amanda,Lowe,Male,1974-11-27,amanda.lowe@hotmail.com,4592091930,Bengaluru,Karnataka,India,Silver,2023-03-20,Active
CUST004118,Courtney,Palmer,Male,1980-01-15,courtney.palmer@gmail.com,0748102327,Sydney,New South Wales,Australia,Platinum,2022-04-15,Active
CUST004119,Miranda,Thomas,Male,1981-11-07,miranda.thomas@gmail.com,4352110839,Dubai,Dubai,UAE,Gold,2022-11-24,Active
CUST004120,Ryan,Santiago,Female,2001-04-16,ryan.santiago@outlook.com,2653135059,Mumbai,Maharashtra,India,Platinum,2022-10-12,Inactive
CUST004121,Alex,Brown,Male,1984-08-28,alex.brown@yahoo.com,9453516974,Dubai,Dubai,UAE,Diamond,2024-09-09,Active
CUST004122,Joseph,Edwards,Female,1997-10-20,joseph.edwards@yahoo.com,3411464891,Hyderabad,Telangana,India,Diamond,2024-08-25,Inactive
CUST004123,Linda,House,Female,2000-05-10,linda.house@outlook.com,4842603291,Delhi,Delhi,India,Gold,2022-08-07,Active
CUST004124,Amanda,Bolton,Male,1995-10-15,amanda.bolton@yahoo.com,9792227364,New York,New York,United States,Platinum,2026-05-27,Inactive
CUST004125,James,Clements,Male,1970-03-23,james.clements@gmail.com,1797186167,Singapore,Singapore,Singapore,Silver,2024-07-06,Active
CUST004126,Danielle,Burton,Male,1989-05-07,danielle.burton@hotmail.com,6863511417,Bengaluru,Karnataka,India,Diamond,2025-08-05,Active
CUST004127,Christopher,Dawson,Male,1970-09-19,christopher.dawson@outlook.com,6144570791,Hyderabad,Telangana,India,Platinum,2024-08-01,Inactive
CUST004128,Eric,Parrish,Female,2007-09-24,eric.parrish@yahoo.com,5493921714,London,England,United Kingdom,Silver,2022-10-03,Inactive
CUST004129,Glenn,Davis,Male,1981-05-05,glenn.davis@hotmail.com,0932995715,Singapore,Singapore,Singapore,Diamond,2023-09-24,Active
CUST004130,William,Cain,Female,1998-06-16,william.cain@outlook.com,2521846419,Singapore,Singapore,Singapore,Gold,2022-07-19,Inactive
CUST004131,Elizabeth,Garcia,Male,1977-02-26,elizabeth.garcia@yahoo.com,2345672109,Chennai,Tamil Nadu,India,Silver,2021-10-04,Inactive
CUST004132,Amy,Reynolds,Male,1978-08-14,amy.reynolds@gmail.com,9448144913,Sydney,New South Wales,Australia,Diamond,2021-09-12,Inactive
CUST004133,Michael,Harris,Female,1971-10-19,michael.harris@hotmail.com,8355525494,Dubai,Dubai,UAE,Gold,2022-12-16,Active
CUST004134,Patrick,Hernandez,Male,1970-09-27,patrick.hernandez@yahoo.com,5818001111,Hyderabad,Telangana,India,Platinum,2026-03-09,Active
CUST004135,Morgan,Friedman,Male,1990-08-15,morgan.friedman@gmail.com,7774543502,London,England,United Kingdom,Silver,2024-10-31,Inactive
CUST004136,Susan,Harris,Female,1991-10-04,susan.harris@yahoo.com,7248962354,London,England,United Kingdom,Diamond,2023-05-16,Inactive
CUST004137,Claudia,Richards,Female,1986-01-04,claudia.richards@outlook.com,9828477357,New York,New York,United States,Silver,2022-02-08,Active
CUST004138,Paul,Wright,Male,1996-06-08,abc@,4545230148,Sydney,New South Wales,Australia,Platinum,2021-12-23,Active
CUST004139,Tina,Salazar,Male,1971-05-31,tina.salazar@gmail.com,1741487829,Dubai,Dubai,UAE,Platinum,2023-03-30,Active
CUST004140,Melissa,Mcdonald,Female,1991-03-24,melissa.mcdonald@outlook.com,9561966667,Sydney,New South Wales,Australia,Diamond,2025-12-10,Active
CUST004141,James,Carroll,Female,2000-06-26,james.carroll@yahoo.com,5466216724,Delhi,Delhi,India,Silver,2025-11-04,Active
CUST004142,Anthony,Johnson,Female,1968-09-29,anthony.johnson@outlook.com,6550842258,London,England,United Kingdom,Gold,2024-04-19,Inactive
CUST004143,Angela,Day,Female,1956-01-25,angela.day@yahoo.com,7276184585,New York,New York,United States,Gold,2025-06-29,Active
CUST004144,Jeffrey,Rodriguez,Male,2006-04-23,jeffrey.rodriguez@yahoo.com,8206096212,New York,New York,United States,Diamond,2025-12-09,Inactive
CUST004145,Kathy,Thompson,Male,1976-09-05,kathy.thompson@gmail.com,3379825716,Mumbai,Maharashtra,India,Diamond,2022-12-25,Inactive
CUST004146,Jennifer,Lucero,Female,2000-08-24,john@gmail,6944514293,Sydney,New South Wales,Australia,Gold,2025-03-07,Active
CUST004147,Abigail,Morgan,Female,1961-08-07,abigail.morgan@hotmail.com,1785178438,Sydney,New South Wales,Australia,Platinum,2023-02-23,Inactive
CUST004148,Carol,Gomez,Female,2003-10-31,carol.gomez@hotmail.com,8462101703,New York,New York,United States,Diamond,2022-08-06,Inactive
CUST004149,Darren,Miller,Female,1969-08-20,darren.miller@hotmail.com,8164273066,Chennai,Tamil Nadu,India,Silver,2025-03-09,Inactive
CUST004150,Shelley,Watkins,Male,1989-08-09,shelley.watkins@hotmail.com,8508567471,Delhi,Delhi,India,Silver,2023-02-20,Inactive
CUST004151,James,Jacobson,Male,1972-06-10,james.jacobson@gmail.com,9252573896,Delhi,Delhi,India,Platinum,2021-12-31,Active
CUST004152,Steven,White,Male,1979-08-22,steven.white@hotmail.com,6079446329,Hyderabad,Telangana,India,Diamond,2025-10-07,Active
CUST004153,Ashley,Bridges,Female,1970-05-01,ashley.bridges@gmail.com,9994607481,Bengaluru,Karnataka,India,Silver,2025-11-15,Inactive
CUST004154,Laura,Watkins,Female,1983-01-05,laura.watkins@yahoo.com,2562737509,Sydney,New South Wales,Australia,Silver,2023-09-24,Active
CUST004155,Dennis,Cook,Female,2007-05-30,,2630903736,Delhi,Delhi,India,Platinum,2025-03-15,Active
CUST004156,Marvin,Mccullough,Female,1987-06-20,marvin.mccullough@gmail.com,5367782598,Dubai,Dubai,UAE,Silver,2025-01-12,Active
CUST004157,Janet,Love,Female,1971-06-08,janet.love@hotmail.com,3083454781,Dubai,Dubai,UAE,Gold,2021-12-19,Inactive
CUST004158,Cindy,Hernandez,Male,1970-03-27,cindy.hernandez@outlook.com,6607464999,New York,New York,United States,Silver,2021-09-11,Active
CUST004159,Denise,Buck,Male,1983-06-02,denise.buck@yahoo.com,6963581201,New York,New York,United States,Diamond,2022-05-04,Active
CUST004160,Michael,Conner,Male,1993-06-09,michael.conner@yahoo.com,6394613663,Mumbai,Maharashtra,India,Diamond,2023-07-11,Inactive
CUST004161,Brooke,Krueger,Female,1988-02-18,brooke.krueger@gmail.com,4468472615,New York,New York,United States,Diamond,2023-03-14,Inactive
CUST004162,Briana,Black,Female,1956-07-08,@gmail.com,2244525492,Chennai,Tamil Nadu,India,Diamond,2022-12-05,Inactive
CUST004163,Jerry,Navarro,Male,1962-06-09,jerry.navarro@outlook.com,5974237088,Dubai,Dubai,UAE,Platinum,2021-09-05,Inactive
CUST004164,Lori,Green,Male,1963-08-10,lori.green@outlook.com,5809360764,Mumbai,Maharashtra,India,Silver,2025-06-25,Active
CUST004165,Brandi,Kelley,Female,1977-07-11,brandi.kelley@yahoo.com,3608186446,Mumbai,Maharashtra,India,Platinum,2023-11-19,Active
CUST004166,Marcus,Johnson,Male,1990-06-15,marcus.johnson@hotmail.com,3294924249,Chennai,Tamil Nadu,India,Diamond,2021-09-18,Active
CUST004167,Kyle,Jones,Female,1964-03-06,kyle.jones@gmail.com,0554999755,Bengaluru,Karnataka,India,Diamond,2024-01-19,Inactive
CUST004168,Zachary,Garrison,Female,1956-09-30,zachary.garrison@outlook.com,9700256207,HYDERABAD,Telangana,India,Gold,2024-07-05,Active
CUST004169,David,Meyer,Female,1979-07-25,david.meyer@hotmail.com,3813484494,Dubai,Dubai,UAE,Diamond,2022-06-09,Inactive
CUST004170,Stephanie,Hamilton,Female,1958-02-26,stephanie.hamilton@outlook.com,3239836999,New York,New York,United States,Diamond,2022-04-15,Inactive
CUST004171,Sabrina,Robinson,Female,1972-11-23,sabrina.robinson@yahoo.com,9508349389,Delhi,Delhi,India,Gold,2026-07-10,Active
CUST004172,Brittney,Howard,Male,1959-02-06,brittney.howard@outlook.com,4071567935,Singapore,Singapore,Singapore,Platinum,2022-09-07,Inactive
CUST004173,Luis,Sanders,Male,2006-07-11,luis.sanders@outlook.com,8324587200,Hyderabad,Telangana,India,Gold,2021-09-30,Inactive
CUST004174,Justin,Shepherd,Male,1999-06-13,justin.shepherd@hotmail.com,9512787175,Mumbai,Maharashtra,India,Gold,2025-06-16,Active
CUST004175,Sarah,Zavala,Female,1975-10-19,sarah.zavala@yahoo.com,3329474946,Hyderabad,Telangana,India,Platinum,2025-10-06,Active
CUST004176,Drew,Gonzales,Female,1972-11-09,drew.gonzales@gmail.com,4422044867,New York,New York,United States,Platinum,2026-03-30,Inactive
CUST004177,Darrell,Turner,Male,1998-07-31,darrell.turner@gmail.com,6459901148,Singapore,Singapore,Singapore,Silver,2023-11-27,Active
CUST004178,Brandon,Walsh,Female,1990-06-30,,9452314211,Sydney,New South Wales,Australia,Platinum,2024-12-11,Inactive
CUST004179,Monica,Jackson,Male,2004-01-17,monica.jackson@hotmail.com,2368491237,Delhi,Delhi,India,Gold,2021-12-16,Inactive
CUST004180,Mary,Williams,Male,2002-09-25,mary.williams@hotmail.com,0364658576,Bengaluru,Karnataka,India,Silver,2025-12-10,Active
CUST004181,Jordan,Sutton,Male,1968-07-07,jordan.sutton@gmail.com,2351519625,Dubai,Dubai,UAE,Gold,2022-09-17,Inactive
CUST004182,Elizabeth,Watson,Male,1969-08-11,elizabeth.watson@outlook.com,7786476115,Delhi,Delhi,India,Gold,2024-05-01,Active
CUST004183,James,Macias,Female,1966-01-02,james.macias@gmail.com,6311287340,New York,New York,United States,Silver,2024-03-18,Active
CUST004184,Kenneth,Curtis,Female,1987-12-13,kenneth.curtis@gmail.com,1463137239,Mumbai,Maharashtra,India,Silver,2023-01-01,Active
CUST004185,Julie,Guerrero,Male,1960-03-10,julie.guerrero@outlook.com,3754899569,Dubai,Dubai,UAE,Platinum,2026-04-23,Inactive
CUST004186,Katherine,Macias,Male,1981-05-13,katherine.macias@gmail.com,4203805960,Sydney,New South Wales,Australia,Platinum,2024-07-13,Active
CUST004187,Jose,Smith,Male,1964-03-02,jose.smith@hotmail.com,2315895431,London,England,United Kingdom,Silver,2025-04-14,Active
CUST004188,Zachary,Nichols,Female,1996-05-09,zachary.nichols@hotmail.com,4936766024,Chennai,Tamil Nadu,India,Gold,2023-03-27,Active
CUST004189,Diana,Brown,Female,1967-09-06,diana.brown@gmail.com,8392442138,Mumbai,Maharashtra,India,Platinum,2024-03-26,Inactive
CUST004190,Michael,Hardin,Male,1970-12-24,michael.hardin@outlook.com,1348299230,Sydney,New South Wales,Australia,Diamond,2024-07-20,Inactive
CUST004191,Michelle,Torres,Male,1974-05-26,michelle.torres@outlook.com,2015631567,Sydney,New South Wales,Australia,Diamond,2024-08-25,Inactive
CUST004192,Brandy,Frank,Female,1973-01-12,brandy.frank@yahoo.com,3720824293,Dubai,Dubai,UAE,Platinum,2022-06-04,Inactive
CUST004193,Brandon,Wolf,Male,1974-09-06,brandon.wolf@hotmail.com,8246049074,Hyderabad,Telangana,India,Diamond,2025-01-12,Active
CUST004194,Lynn,Ward,Male,1977-09-18,lynn.ward@yahoo.com,6139859317,Chennai,Tamil Nadu,India,Platinum,2021-11-29,Active
CUST004195,Dennis,Mckinney,Male,1967-02-06,dennis.mckinney@yahoo.com,0659506012,Sydney,New South Wales,Australia,Platinum,2025-06-25,Inactive
CUST004196,John,Martinez,Female,1975-05-05,john.martinez@yahoo.com,0823937021,Delhi,Delhi,India,Diamond,2023-08-22,Inactive
CUST004197,Emily,Mosley,Female,1986-01-27,emily.mosley@hotmail.com,9543735219,London,England,United Kingdom,Diamond,2021-08-01,Active
CUST004198,Tracy,Jackson,Female,1979-04-21,tracy.jackson@hotmail.com,6818052874,Mumbai,Maharashtra,India,Diamond,2022-04-27,Active
CUST004199,Kevin,Fisher,Male,1992-09-16,kevin.fisher@hotmail.com,8669390599,Hyderabad,Telangana,India,Diamond,2022-07-28,Active
CUST004200,Melissa,Jones,Female,2005-08-21,melissa.jones@yahoo.com,5439348069,Chennai,Tamil Nadu,India,Diamond,2023-09-03,Inactive
CUST004201,Alexander,Joseph,Male,1975-12-11,alexander.joseph@outlook.com,3392524340,Dubai,Dubai,UAE,Diamond,2025-12-24,Inactive
CUST004202,Matthew,Christensen,Male,1983-02-03,matthew.christensen@yahoo.com,7941079849,Mumbai,Maharashtra,India,Silver,2023-04-28,Active
CUST004203,Carlos,Wilson,Male,1999-11-30,carlos.wilson@outlook.com,8941771735,Delhi,Delhi,India,Gold,2022-12-17,Active
CUST004204,Michael,Rodriguez,Male,1961-04-26,michael.rodriguez@outlook.com,6579178277,Sydney,New South Wales,Australia,Diamond,2023-08-11,Active
CUST004205,James,Cunningham,Female,1964-09-01,james.cunningham@yahoo.com,9725874661,Chennai,Tamil Nadu,India,Silver,2022-03-20,Inactive
CUST004206,Gabriel,Webb,Female,1992-11-14,,0466480954,Sydney,New South Wales,Australia,Platinum,2024-03-22,Active
CUST004207,Joshua,Hamilton,Female,1999-05-27,joshua.hamilton@yahoo.com,9221740190,Bengaluru,Karnataka,India,Silver,2022-03-27,Inactive
CUST004208,Megan,Whitaker,Female,1990-03-31,megan.whitaker@yahoo.com,8387655804,Chennai,Tamil Nadu,India,Platinum,2021-09-12,Inactive
CUST004209,Cindy,Smith,Male,2004-04-17,cindy.smith@gmail.com,0816543869,New York,New York,United States,Silver,2023-03-29,Active
CUST004210,Austin,Shepard,Female,1996-02-23,austin.shepard@hotmail.com,8396048689,Hyderabad,Telangana,India,Diamond,2025-10-15,Active
CUST004211,Cassandra,Randolph,Female,2005-02-10,cassandra.randolph@outlook.com,7348602620,New York,New York,United States,Gold,2025-10-01,Active
CUST004212,Mary,Kelly,Female,1960-09-03,mary.kelly@yahoo.com,9611570387,Delhi,Delhi,India,Platinum,2023-12-15,Active
CUST004213,Stacey,Anderson,Female,1969-09-15,stacey.anderson@hotmail.com,,Bengaluru,Karnataka,India,Silver,2025-12-18,Inactive
CUST004214,Renee,Ellis,Female,1962-03-05,renee.ellis@hotmail.com,2647528690,Singapore,Singapore,Singapore,Platinum,2023-12-02,Active
CUST004215,Angela,Bennett,Female,2001-10-16,angela.bennett@outlook.com,5010183855,Bengaluru,Karnataka,India,Platinum,2025-08-30,Inactive
CUST004216,Jason,Jackson,Female,1999-09-25,jason.jackson@yahoo.com,4250551260,Sydney,New South Wales,Australia,Gold,2024-11-22,Active
CUST004217,Matthew,Sanchez,Female,1998-08-10,matthew.sanchez@yahoo.com,7796401248,Chennai,Tamil Nadu,India,Silver,2026-01-16,Inactive
CUST004218,Dennis,Logan,Female,1999-08-07,dennis.logan@yahoo.com,4308890709,Bengaluru,Karnataka,India,Platinum,2023-10-11,Inactive
CUST004219,Mark,Wallace,Male,1955-08-21,mark.wallace@hotmail.com,6144705229,Delhi ,Delhi,India,Gold,2022-09-16,Active
CUST004220,David,Jackson,Male,1992-08-10,david.jackson@yahoo.com,8657958398,London,England,United Kingdom,Silver,2025-01-23,Active
CUST004221,Mary,Peterson,Male,1961-03-21,mary.peterson@outlook.com,6043542310,Delhi,Delhi,India,Diamond,2024-10-01,Inactive
CUST004222,Christina,Hartman,Female,1962-06-06,christina.hartman@hotmail.com,4366104268,SYDNEY,New South Wales,Australia,Platinum,2024-08-31,Inactive
CUST004223,Judy,Perez,Male,1979-07-08,judy.perez@outlook.com,8776930460,New York,New York,United States,Diamond,2023-01-14,Active
CUST004224,Christine,Porter,Female,1964-01-17,christine.porter@outlook.com,6129762226,Chennai,Tamil Nadu,India,Silver,2026-03-07,Active
CUST004225,Paula,Brown,Male,2005-01-21,paula.brown@hotmail.com,6191725765,Hyderabad,Telangana,India,Diamond,2025-06-24,Active
CUST004226,Mark,Burch,Male,1972-06-23,mark.burch@hotmail.com,7729324468,Mumbai,Maharashtra,India,Gold,2025-04-21,Active
CUST004227,Duane,Williams,Female,2007-07-10,duane.williams@yahoo.com,1557884680,New York,New York,United States,Silver,2025-10-07,Inactive
CUST004228,Cassidy,Pugh,Male,2004-02-06,cassidy.pugh@outlook.com,6162878662,Mumbai,Maharashtra,India,Gold,2022-10-11,Active
CUST004229,Erica,Jones,Male,1960-04-21,erica.jones@hotmail.com,8074313975,New York,New York,United States,Platinum,2025-10-11,Active
CUST004230,Alexander,Scott,Male,1963-05-18,alexander.scott@outlook.com,4748033828,Bengaluru,Karnataka,India,Silver,2021-07-30,Inactive
CUST004231,Tabitha,Jackson,Female,1970-02-09,tabitha.jackson@gmail.com,8031051115,Delhi,Delhi,India,Silver,2023-02-09,Inactive
CUST004232,Helen,Mccoy,Female,1994-09-17,helen.mccoy@gmail.com,7634827097,Mumbai,Maharashtra,India,Silver,2024-07-05,Active
CUST004233,Tyler,Perry,Female,1975-11-19,tyler.perry@hotmail.com,6243120186,Bengaluru,Karnataka,India,Gold,2024-07-28,Inactive
CUST004234,Jacqueline,Lucas,Male,1955-08-13,jacqueline.lucas@yahoo.com,5986521012,Hyderabad,Telangana,India,Platinum,2024-06-10,Active
CUST004235,Jose,Morrow,Female,1960-07-15,jose.morrow@yahoo.com,3867461692,London,England,United Kingdom,Silver,2026-06-20,Active
CUST004236,Jay,Ortega,Female,1960-11-17,jay.ortega@outlook.com,5934524043,Singapore,Singapore,Singapore,Gold,2024-01-21,Active
CUST004237,Collin,Baker,Male,2003-06-06,collin.baker@gmail.com,0257252284,Hyderabad,Telangana,India,Diamond,2026-04-19,Inactive
CUST004238,Steven,Davis,Female,1958-07-27,steven.davis@yahoo.com,7661037109,Mumbai,Maharashtra,India,Platinum,2025-01-19,Active
CUST004239,Carrie,Donaldson,Female,1996-01-15,carrie.donaldson@gmail.com,9935177093, Singapore,Singapore,Singapore,Gold,2021-08-09,Inactive
CUST004240,Thomas,Steele,Male,1964-07-19,thomas.steele@gmail.com,1716020973,Singapore,Singapore,Singapore,Platinum,2023-04-21,Active
CUST004241,Kristin,Turner,Female,1999-10-03,kristin.turner@hotmail.com,2994560160,Mumbai,Maharashtra,India,Gold,2024-05-30,Inactive
CUST004242,Tina,Green,Male,1992-11-30,tina.green@outlook.com,9248675102,New York,New York,United States,Platinum,2026-07-18,Active
CUST004243,Kevin,Estrada,Male,1993-11-18,kevin.estrada@gmail.com,8431577399,Bengaluru,Karnataka,India,Platinum,2022-06-13,Active
CUST004244,Randy,Valdez,Female,2006-01-08,randy.valdez@hotmail.com,8031316885,Dubai,Dubai,UAE,Diamond,2026-03-18,Inactive
CUST004245,Anna,Arroyo,Male,1969-09-17,anna.arroyo@outlook.com,1629973853,Sydney,New South Wales,Australia,Silver,2026-07-17,Inactive
CUST004246,John,Rose,Male,1998-02-01,john.rose@hotmail.com,9866903309,Singapore,Singapore,Singapore,Platinum,2025-01-31,Inactive
CUST004247,Angel,Lee,Male,1965-05-15,angel.lee@gmail.com,7578277682,Chennai,Tamil Nadu,India,Platinum,2024-05-11,Active
CUST004248,Jessica,Moyer,Male,1995-06-21,jessica.moyer@yahoo.com,7793431400,New York,New York,United States,Silver,2022-12-07,Active
CUST004249,Rebecca,Schmidt,Female,1996-12-31,rebecca.schmidt@yahoo.com,4495843964,Chennai,Tamil Nadu,India,Gold,2025-12-13,Active
CUST004250,Craig,Howard,Male,1999-08-11,craig.howard@outlook.com,7841807446,Delhi,Delhi,India,Platinum,2025-06-12,Inactive
CUST004251,Cheryl,Taylor,Male,1964-09-26,cheryl.taylor@yahoo.com,9846138770,Hyderabad,Telangana,India,Gold,2026-06-12,Active
CUST004252,Kristin,Johnson,Male,1975-04-13,kristin.johnson@gmail.com,8235689725,London,England,United Kingdom,Gold,2023-10-10,Inactive
CUST004253,Andrew,Lopez,Female,1992-02-10,andrew.lopez@outlook.com,2731995775,Dubai,Dubai,UAE,Gold,2024-07-26,Active
CUST004254,James,Werner,Female,1956-02-25,james.werner@yahoo.com,6755248600,London,England,United Kingdom,Platinum,2023-03-20,Inactive
CUST004255,Jay,Bell,Male,1984-01-06,jay.bell@hotmail.com,0060557385,London,England,United Kingdom,Silver,2026-06-07,Active
CUST004256,Brett,Blair,Female,1987-12-15,abc@,2416737596,Dubai,Dubai,UAE,Diamond,2025-07-17,Inactive
CUST004257,Johnny,Wolfe,Male,1958-01-03,johnny.wolfe@outlook.com,9158119096,Sydney,New South Wales,Australia,Diamond,2024-09-23,Active
CUST004258,Tammy,Howard,Male,1988-04-03,tammy.howard@outlook.com,7410377498,Bengaluru,Karnataka,India,Silver,2022-10-08,Active
CUST004259,Dylan,Hensley,Male,1972-09-18,dylan.hensley@hotmail.com,5890447168,Delhi,Delhi,India,Diamond,2025-03-31,Inactive
CUST004260,Earl,Key,Female,1992-12-16,abc@,4561879365,Mumbai,Maharashtra,India,Silver,2024-05-26,Inactive
CUST004261,Justin,Collins,Female,1975-12-16,justin.collins@gmail.com,1896851886,Hyderabad,Telangana,India,Silver,2022-08-13,Inactive
CUST004262,Douglas,Allison,Male,1970-10-29,douglas.allison@hotmail.com,8727680001,Bengaluru,Karnataka,India,Silver,2021-10-30,Inactive
CUST004263,Anthony,Rice,Male,1988-01-25,anthony.rice@gmail.com,6122389244,Mumbai,Maharashtra,India,Platinum,2023-02-07,Active
CUST004264,Jennifer,Burton,Male,2002-12-14,jennifer.burton@gmail.com,0345693881,Hyderabad,Telangana,India,Diamond,2022-04-25,Active
CUST004265,Nicole,Gregory,Male,1979-06-23,nicole.gregory@hotmail.com,9782257290,Sydney,New South Wales,Australia,Silver,2023-09-16,Inactive
CUST004266,Amy,Nguyen,Female,1995-08-28,amy.nguyen@gmail.com,0058716922,Singapore,Singapore,Singapore,Gold,2022-05-27,Active
CUST004267,Diane,Humphrey,Male,1987-12-30,diane.humphrey@outlook.com,9280215405, Hyderabad,Telangana,India,Diamond,2026-06-21,Inactive
CUST004268,Tony,Kelly,Male,2000-10-24,tony.kelly@hotmail.com,, Mumbai,Maharashtra,India,Diamond,2022-01-07,Inactive
CUST004269,William,Meyer,Male,2000-09-29,william.meyer@outlook.com,4774683970,Dubai,Dubai,UAE,Gold,2023-12-29,Inactive
CUST004270,Stephanie,Kent,Male,1970-01-22,stephanie.kent@yahoo.com,5229146904,London,England,United Kingdom,Diamond,2021-08-06,Inactive
CUST004271,Tracy,Robbins,Male,1983-10-01,tracy.robbins@hotmail.com,5254114751,Sydney,New South Wales,Australia,Gold,2022-02-07,Active
CUST004272,Lisa,Stanley,Female,1965-07-16,lisa.stanley@yahoo.com,0118119197,Singapore,Singapore,Singapore,Platinum,2022-11-22,Active
CUST004273,Sandy,Berg,Male,1977-10-15,sandy.berg@hotmail.com,6889112576,Sydney,New South Wales,Australia,Gold,2024-10-27,Inactive
CUST004274,Jonathan,Moore,Female,1986-03-18,jonathan.moore@yahoo.com,3906006292,Delhi,Delhi,India,Diamond,2021-08-25,Active
CUST004275,Lori,Bailey,Female,1986-08-30,lori.bailey@outlook.com,8657592558,New York,New York,United States,Silver,2021-12-23,Active
CUST004276,Joseph,Gardner,Male,1983-02-03,joseph.gardner@hotmail.com,2051789179,New York ,New York,United States,Platinum,2023-12-22,Inactive
CUST004277,Lori,Perez,Female,1971-04-08,lori.perez@yahoo.com,7155306636,Singapore,Singapore,Singapore,Platinum,2026-02-23,Active
CUST004278,Frances,Underwood,Female,1972-05-30,frances.underwood@gmail.com,3183136310,Singapore,Singapore,Singapore,Diamond,2023-09-27,Active
CUST004279,Michael,Black,Male,1969-09-11,michael.black@gmail.com,0235267783,Delhi,Delhi,India,Diamond,2023-12-31,Active
CUST004280,Andrea,Ramirez,Male,1990-02-26,@gmail.com,8144594124,Dubai,Dubai,UAE,Gold,2024-12-18,Active
CUST004281,Beth,Brown,Male,2004-06-21,beth.brown@hotmail.com,6458930024,Hyderabad,Telangana,India,Silver,2025-07-21,Inactive
CUST004282,Alexandria,Ramirez,Female,1975-01-08,alexandria.ramirez@outlook.com,4514355651,Singapore,Singapore,Singapore,Platinum,2021-12-15,Inactive
CUST004283,Erica,Kennedy,Female,1969-03-29,erica.kennedy@hotmail.com,2957127102,Bengaluru,Karnataka,India,Gold,2025-09-14,Active
CUST004284,Gene,Scott,Female,2003-07-24,gene.scott@gmail.com,9769027868,Hyderabad,Telangana,India,Diamond,2025-04-11,Active
CUST004285,Jennifer,Newman,Female,1983-02-03,jennifer.newman@yahoo.com,8362245804,Hyderabad,Telangana,India,Gold,2025-06-04,Active
CUST004286,Stephanie,Henderson,Female,1975-08-19,stephanie.henderson@yahoo.com,0109825966,Hyderabad,Telangana,India,Silver,2024-08-27,Inactive
CUST004287,David,Rojas,Male,1964-05-24,david.rojas@yahoo.com,7549771060,DUBAI,Dubai,UAE,Gold,2024-07-01,Inactive
CUST004288,Brian,Bailey,Male,2001-08-11,brian.bailey@hotmail.com,1172129549,Singapore,Singapore,Singapore,Gold,2024-11-26,Inactive
CUST004289,Lauren,Harris,Male,1998-04-30,lauren.harris@yahoo.com,5446259724,Chennai,Tamil Nadu,India,Diamond,2024-05-27,Active
CUST004290,Joseph,Glenn,Male,1968-04-25,joseph.glenn@yahoo.com,3026418492,Bengaluru,Karnataka,India,Diamond,2026-06-07,Inactive
CUST004291,Frances,Patrick,Male,1958-12-07,frances.patrick@outlook.com,8093568451,London,England,United Kingdom,Gold,2023-12-27,Inactive
CUST004292,Lacey,Hopkins,Female,1993-12-28,lacey.hopkins@outlook.com,0293958105,Chennai,Tamil Nadu,India,Gold,2022-07-22,Active
CUST004293,Andrew,Thompson,Male,1999-06-08,andrew.thompson@yahoo.com,8773344039,Dubai,Dubai,UAE,Platinum,2025-10-04,Inactive
CUST004294,Charles,Nelson,Male,1993-02-17,charles.nelson@yahoo.com,6453213359,Mumbai,Maharashtra,India,Platinum,2025-06-04,Active
CUST004295,Bryan,Wiggins,Female,2007-11-04,bryan.wiggins@gmail.com,9470499965,Dubai,Dubai,UAE,Diamond,2024-01-19,Active
CUST004296,Lisa,Bennett,Male,2002-06-07,lisa.bennett@outlook.com,8599975372,New York,New York,United States,Silver,2026-06-06,Inactive
CUST004297,Dawn,Simpson,Male,1983-04-20,dawn.simpson@hotmail.com,1556602466,Sydney,New South Wales,Australia,Gold,2023-07-18,Inactive
CUST004298,Deborah,Keller,Male,2000-08-30,deborah.keller@outlook.com,1039116516,Mumbai,Maharashtra,India,Diamond,2021-08-23,Active
CUST004299,Madeline,Leach,Male,1993-01-20,madeline.leach@yahoo.com,3801202636,Sydney,New South Wales,Australia,Diamond,2025-07-19,Active
CUST004300,Timothy,Larson,Male,1956-11-30,timothy.larson@hotmail.com,0883127859,Chennai,Tamil Nadu,India,Platinum,2024-09-03,Inactive
CUST004301,Robert,Braun,Male,1963-07-02,robert.braun@hotmail.com,0857756551,Bengaluru,Karnataka,India,Platinum,2023-02-20,Active
CUST004302,Angelica,Thompson,Male,1970-12-22,angelica.thompson@hotmail.com,6477932133,Hyderabad,Telangana,India,Gold,2026-02-03,Inactive
CUST004303,Zachary,Kelley,Female,1961-01-04,zachary.kelley@hotmail.com,8820411485,Chennai,Tamil Nadu,India,Diamond,2021-12-14,Inactive
CUST004304,Claudia,Valdez,Male,1972-02-21,claudia.valdez@outlook.com,4617470163,Dubai,Dubai,UAE,Diamond,2022-09-09,Inactive
CUST004305,Megan,Davidson,Male,1958-10-28,megan.davidson@yahoo.com,8513466535,Singapore,Singapore,Singapore,Silver,2021-09-05,Active
CUST004306,Andre,Caldwell,Male,2008-07-08,andre.caldwell@yahoo.com,9623572594,Hyderabad,Telangana,India,Platinum,2025-03-13,Active
CUST004307,Jeffery,Miller,Female,1971-11-23,jeffery.miller@hotmail.com,3636489130,Hyderabad,Telangana,India,Platinum,2021-10-14,Inactive
CUST004308,Patrick,Rivas,Female,2007-11-27,patrick.rivas@hotmail.com,7040239900,Bengaluru,Karnataka,India,Platinum,2023-01-22,Active
CUST004309,Laura,Brown,Female,1996-04-26,laura.brown@gmail.com,8846587668,Bengaluru,Karnataka,India,Silver,2023-03-16,Inactive
CUST004310,Ronnie,Roach,Male,1985-05-31,ronnie.roach@hotmail.com,0860960589,Singapore,Singapore,Singapore,Silver,2021-11-13,Inactive
CUST004311,Kimberly,Lee,Female,1958-04-15,kimberly.lee@outlook.com,8688304891,New York,New York,United States,Platinum,2023-10-08,Active
CUST004312,Cheryl,Ware,Male,1991-05-13,cheryl.ware@gmail.com,4389885582,DELHI,Delhi,India,Platinum,2025-12-14,Active
CUST004313,Rodney,Smith,Female,1971-06-24,rodney.smith@yahoo.com,4870929276,Chennai,Tamil Nadu,India,Platinum,2023-10-28,Active
CUST004314,Whitney,Brady,Male,1975-01-14,whitney.brady@outlook.com,4721983354,Delhi,Delhi,India,Silver,2023-08-05,Inactive
CUST004315,Linda,Wagner,Male,1957-02-17,,2572992766,Mumbai,Maharashtra,India,Silver,2026-07-27,Inactive
CUST004316,Carolyn,Mcmahon,Female,1959-01-23,carolyn.mcmahon@outlook.com,6983274488,Mumbai ,Maharashtra,India,Silver,2026-05-04,Active
CUST004317,Todd,Garcia,Female,1996-08-01,todd.garcia@hotmail.com,3098944557,Dubai,Dubai,UAE,Diamond,2023-10-28,Active
CUST004318,Tony,Baker,Male,1972-08-03,tony.baker@yahoo.com,2936621954,Delhi,Delhi,India,Platinum,2023-05-23,Inactive
CUST004319,Sarah,Edwards,Female,1957-02-22,sarah.edwards@gmail.com,9361286214,Hyderabad,Telangana,India,Silver,2023-02-11,Active
CUST004320,Eric,Hartman,Male,1973-06-26,eric.hartman@yahoo.com,9491034020,Hyderabad,Telangana,India,Diamond,2021-11-29,Active
CUST004321,Ricky,Elliott,Male,1994-02-26,ricky.elliott@hotmail.com,7033624413,London,England,United Kingdom,Diamond,2025-09-15,Active
CUST004322,Marcus,Lee,Male,1993-02-05,marcus.lee@gmail.com,2726256856,Sydney,New South Wales,Australia,Gold,2023-07-17,Active
CUST004323,George,Wood,Female,1994-03-31,george.wood@gmail.com,5003574483,Bengaluru,Karnataka,India,Platinum,2024-01-16,Active
CUST004324,Brenda,Jones,Female,2003-03-28,brenda.jones@yahoo.com,1257443441,Chennai,Tamil Nadu,India,Platinum,2026-01-10,Inactive
CUST004325,Charles,Yang,Female,1987-09-19,charles.yang@outlook.com,1576326349,Sydney,New South Wales,Australia,Silver,2023-11-23,Active
CUST004326,Stephanie,Green,Male,1996-03-05,stephanie.green@hotmail.com,3754732778,Chennai,Tamil Nadu,India,Diamond,2024-03-03,Active
CUST004327,Jessica,Brandt,Female,1973-10-11,jessica.brandt@gmail.com,2025154850,Hyderabad,Telangana,India,Silver,2026-06-07,Inactive
CUST004328,Larry,Compton,Male,2001-02-25,larry.compton@yahoo.com,0856866920,New York,New York,United States,Diamond,2022-03-27,Inactive
CUST004329,William,Bean,Female,1964-06-06,william.bean@yahoo.com,1611727261,Delhi,Delhi,India,Silver,2025-07-20,Inactive
CUST004330,Theresa,Holland,Male,1959-12-23,theresa.holland@outlook.com,6744564372,Singapore,Singapore,Singapore,Platinum,2021-08-14,Active
CUST004331,Amy,Montes,Female,2002-09-24,amy.montes@hotmail.com,9683775616,Bengaluru,Karnataka,India,Diamond,2026-04-12,Inactive
CUST004332,Melissa,Buckley,Male,1987-09-08,melissa.buckley@hotmail.com,7565617216,Sydney,New South Wales,Australia,Gold,2023-11-21,Active
CUST004333,Julie,Richard,Male,1994-10-10,julie.richard@hotmail.com,7019793012,Singapore,Singapore,Singapore,Gold,2024-07-19,Active
CUST004334,Deborah,Chambers,Male,1977-04-10,,5211340551,Mumbai,Maharashtra,India,Platinum,2024-02-14,Inactive
CUST004335,Jasmine,Jones,Male,2006-05-09,jasmine.jones@yahoo.com,1783066988,New York,New York,United States,Platinum,2026-03-12,Inactive
CUST004336,Carla,Carr,Female,1988-11-26,carla.carr@outlook.com,2213477487,Hyderabad,Telangana,India,Gold,2022-04-17,Inactive
CUST004337,Susan,Yoder,Female,1969-04-10,susan.yoder@outlook.com,0980635272,Delhi,Delhi,India,Platinum,2023-03-13,Inactive
CUST004338,Katherine,Bush,Female,1979-08-26,katherine.bush@outlook.com,9738105811, Delhi,Delhi,India,Diamond,2022-04-10,Active
CUST004339,Jeffrey,White,Female,1999-11-16,jeffrey.white@gmail.com,6107903307,New York,New York,United States,Gold,2022-10-27,Inactive
CUST004340,Rebecca,Lawrence,Female,1985-11-20,rebecca.lawrence@hotmail.com,8319694383,Delhi,Delhi,India,Gold,2024-08-05,Active
CUST004341,Steven,Harris,Male,2005-07-16,steven.harris@hotmail.com,3853580161,Sydney,New South Wales,Australia,Platinum,2023-08-08,Inactive
CUST004342,Andrea,Harris,Female,1988-01-09,andrea.harris@hotmail.com,6906828466,Dubai,Dubai,UAE,Diamond,2023-11-05,Active
CUST004343,Rebecca,Callahan,Male,2003-09-12,rebecca.callahan@yahoo.com,4873382447,New York,New York,United States,Diamond,2022-04-01,Inactive
CUST004344,Kimberly,Bennett,Male,2007-10-05,kimberly.bennett@outlook.com,0794687811,Delhi,Delhi,India,Silver,2026-01-06,Active
CUST004345,Stacy,Dixon,Female,2000-09-18,stacy.dixon@gmail.com,1930036659,Chennai,Tamil Nadu,India,Gold,2025-08-14,Active
CUST004346,James,Wells,Male,1989-09-01,james.wells@yahoo.com,1425370665,Singapore,Singapore,Singapore,Platinum,2026-05-08,Active
CUST004347,Darren,Juarez,Male,1981-01-25,darren.juarez@yahoo.com,2284416292,New York,New York,United States,Diamond,2026-01-11,Active
CUST004348,Dwayne,Wu,Male,1996-04-07,dwayne.wu@yahoo.com,9299454449,Delhi,Delhi,India,Silver,2022-10-31,Inactive
CUST004349,Richard,Richards,Male,1957-08-26,richard.richards@hotmail.com,9492484626,Singapore,Singapore,Singapore,Silver,2025-11-07,Inactive
CUST004350,Bailey,Le,Female,2002-12-05,bailey.le@outlook.com,3330667501,Singapore,Singapore,Singapore,Platinum,2025-10-15,Inactive
CUST004351,Melinda,Randolph,Female,1968-10-22,melinda.randolph@yahoo.com,4647409100,Mumbai,Maharashtra,India,Diamond,2026-03-04,Inactive
CUST004352,Tyler,Schmidt,Female,1984-01-26,tyler.schmidt@gmail.com,1139239791,Delhi,Delhi,India,Silver,2023-02-16,Active
CUST004353,Andre,Oliver,Male,1976-08-30,andre.oliver@hotmail.com,5703080529,London,England,United Kingdom,Silver,2025-08-13,Active
CUST004354,Elizabeth,Mcfarland,Male,1973-01-15,elizabeth.mcfarland@hotmail.com,3158884870,Sydney,New South Wales,Australia,Gold,2022-04-06,Active
CUST004355,Nicholas,Hensley,Male,1974-08-08,nicholas.hensley@outlook.com,5268372265,New York,New York,United States,Diamond,2025-12-18,Inactive
CUST004356,Mark,Harris,Male,1987-02-15,mark.harris@outlook.com,9370520914,Mumbai,Maharashtra,India,Platinum,2025-05-26,Inactive
CUST004357,Richard,Howard,Male,2002-10-17,richard.howard@outlook.com,9818568214,Chennai,Tamil Nadu,India,Diamond,2021-12-17,Inactive
CUST004358,Bobby,Flynn,Female,1958-11-25,bobby.flynn@hotmail.com,5965012752,Hyderabad,Telangana,India,Diamond,2025-05-24,Active
CUST004359,Ashlee,Brown,Female,2000-01-21,ashlee.brown@yahoo.com,5442117168,Hyderabad,Telangana,India,Platinum,2022-05-24,Inactive
CUST004360,Olivia,Gardner,Female,2005-11-24,olivia.gardner@yahoo.com,4904090893,Singapore,Singapore,Singapore,Platinum,2022-01-31,Inactive
CUST004361,Kaitlyn,Jordan,Female,1981-03-09,kaitlyn.jordan@hotmail.com,,Hyderabad,Telangana,India,Platinum,2026-05-23,Active
CUST004362,Andrew,Gallegos,Female,1960-11-28,andrew.gallegos@outlook.com,1396537532,Dubai,Dubai,UAE,Silver,2024-11-27,Active
CUST004363,Donna,Jordan,Male,1959-02-24,donna.jordan@yahoo.com,9603865638,Singapore,Singapore,Singapore,Platinum,2024-06-22,Inactive
CUST004364,Brent,Robinson,Male,1992-04-20,brent.robinson@hotmail.com,1002933896,Mumbai,Maharashtra,India,Gold,2025-12-10,Active
CUST004365,Destiny,Blackwell,Male,1972-08-04,,1950367640,Hyderabad,Telangana,India,Diamond,2023-04-16,Inactive
CUST004366,Mary,Diaz,Female,1957-06-29,mary.diaz@yahoo.com,5073693783,New York,New York,United States,Platinum,2023-03-31,Active
CUST004367,Kimberly,Bailey,Female,1960-08-13,kimberly.bailey@yahoo.com,2856429666,Bengaluru,Karnataka,India,Diamond,2025-06-19,Inactive
CUST004368,Craig,Ward,Female,1995-02-05,craig.ward@gmail.com,0410471046,New York,New York,United States,Silver,2024-10-05,Inactive
CUST004369,Erik,Smith,Female,1999-10-10,erik.smith@yahoo.com,7065427787,London,England,United Kingdom,Gold,2025-08-13,Inactive
CUST004370,Timothy,Savage,Female,1980-09-01,timothy.savage@yahoo.com,2716084508,New York,New York,United States,Silver,2026-04-20,Active
CUST004371,Gabriel,Mendoza,Female,1973-08-25,gabriel.mendoza@gmail.com,0272988186,Hyderabad,Telangana,India,Gold,2025-01-17,Active
CUST004372,Ryan,Ayers,Male,1971-01-21,ryan.ayers@yahoo.com,1217432951,Chennai,Tamil Nadu,India,Diamond,2024-10-19,Inactive
CUST004373,Shawn,Jimenez,Female,1974-11-17,shawn.jimenez@hotmail.com,1761696555,London,England,United Kingdom,Platinum,2022-05-31,Inactive
CUST004374,Daniel,Floyd,Female,1977-05-07,,6085703108,Dubai,Dubai,UAE,Gold,2024-02-15,Inactive
CUST004375,Bruce,Guzman,Male,1977-08-14,bruce.guzman@gmail.com,1353816867,Chennai,Tamil Nadu,India,Platinum,2023-05-09,Active
CUST004376,Jennifer,Reed,Female,1989-06-18,jennifer.reed@yahoo.com,1895188907,Mumbai,Maharashtra,India,Diamond,2024-07-09,Active
CUST004377,Wendy,West,Male,2007-09-21,wendy.west@yahoo.com,2684624002,Dubai,Dubai,UAE,Gold,2022-04-30,Active
CUST004378,David,Hernandez,Male,1981-09-07,david.hernandez@yahoo.com,5438696771,Delhi,Delhi,India,Gold,2022-01-10,Active
CUST004379,John,Smith,Female,1979-01-13,john.smith@hotmail.com,0187657689,Bengaluru,Karnataka,India,Gold,2022-08-24,Inactive
CUST004380,John,Russell,Male,1968-01-29,john.russell@outlook.com,9131001489,Hyderabad,Telangana,India,Silver,2022-11-21,Active
CUST004381,Nancy,Mitchell,Male,1977-11-17,nancy.mitchell@hotmail.com,6513288396, Sydney,New South Wales,Australia,Platinum,2022-03-09,Active
CUST004382,Kimberly,Davidson,Female,1993-01-25,kimberly.davidson@outlook.com,1887895381,Singapore,Singapore,Singapore,Gold,2025-09-29,Active
CUST004383,Cheryl,Hudson,Female,2001-09-04,cheryl.hudson@gmail.com,4884451993,Delhi,Delhi,India,Silver,2024-07-19,Inactive
CUST004384,Christopher,Mcgrath,Female,1973-10-05,christopher.mcgrath@outlook.com,9730781520,Mumbai,Maharashtra,India,Silver,2022-06-21,Active
CUST004385,Dwayne,Golden,Female,1977-05-26,dwayne.golden@gmail.com,2344286183,London,England,United Kingdom,Diamond,2025-11-27,Active
CUST004386,Brooke,Clarke,Female,1975-10-06,brooke.clarke@hotmail.com,4432939228,Dubai,Dubai,UAE,Platinum,2021-11-13,Active
CUST004387,Michelle,Clarke,Female,1967-02-27,michelle.clarke@yahoo.com,4161409405,Hyderabad,Telangana,India,Diamond,2022-08-22,Active
CUST004388,Nicholas,Wall,Male,1971-12-21,nicholas.wall@gmail.com,,Bengaluru,Karnataka,India,Diamond,2025-10-13,Active
CUST004389,Kevin,Michael,Female,1991-01-15,kevin.michael@yahoo.com,8521459424,Singapore,Singapore,Singapore,Platinum,2022-06-29,Active
CUST004390,Joshua,Spencer,Female,1985-02-18,joshua.spencer@yahoo.com,0166353365,New York,New York,United States,Platinum,2025-05-21,Inactive
CUST004391,Matthew,Hicks,Female,1965-12-06,matthew.hicks@yahoo.com,3136800756,Bengaluru,Karnataka,India,Diamond,2023-09-04,Active
CUST004392,Mckenzie,Ward,Female,1982-10-17,mckenzie.ward@gmail.com,2719015597,Bengaluru,Karnataka,India,Gold,2024-12-07,Inactive
CUST004393,Kelly,Becker,Female,1962-11-17,kelly.becker@gmail.com,3803577867,London,England,United Kingdom,Gold,2025-12-06,Active
CUST004394,Diana,Taylor,Male,1959-04-09,diana.taylor@yahoo.com,7743926435,Mumbai,Maharashtra,India,Gold,2026-05-28,Active
CUST004395,Paula,Lopez,Male,1964-02-08,paula.lopez@outlook.com,1339744094,Sydney,New South Wales,Australia,Diamond,2021-09-02,Inactive
CUST004396,Nicolas,Sherman,Male,1985-10-14,nicolas.sherman@hotmail.com,4239027654,Hyderabad,Telangana,India,Gold,2023-12-04,Inactive
CUST004397,Holly,Hunt,Male,1961-07-18,holly.hunt@hotmail.com,1134404620,New York,New York,United States,Gold,2024-08-06,Inactive
CUST004398,Edward,Escobar,Male,2004-01-16,edward.escobar@yahoo.com,5230924585,London,England,United Kingdom,Gold,2025-12-04,Active
CUST004399,Frank,Ross,Male,1999-08-01,frank.ross@yahoo.com,2103157584,Dubai,Dubai,UAE,Platinum,2025-02-26,Active
CUST004400,Andrea,Pope,Male,2003-10-11,andrea.pope@hotmail.com,6510578209,Mumbai,Maharashtra,India,Diamond,2023-08-26,Active
CUST004401,Thomas,Logan,Female,1996-04-08,thomas.logan@hotmail.com,7374048755,Bengaluru,Karnataka,India,Platinum,2022-05-12,Active
CUST004402,Steven,Cox,Female,1983-08-30,steven.cox@gmail.com,1605191033,Chennai,Tamil Nadu,India,Diamond,2025-09-18,Active
CUST004403,Jacqueline,Williams,Female,1959-06-25,jacqueline.williams@gmail.com,0813615189,Delhi,Delhi,India,Diamond,2024-11-14,Active
CUST004404,Roy,Wilson,Male,1982-07-04,roy.wilson@outlook.com,0657153747,Singapore,Singapore,Singapore,Diamond,2022-11-29,Inactive
CUST004405,Todd,Powers,Male,1968-12-11,todd.powers@gmail.com,7772180052,Chennai,Tamil Nadu,India,Gold,2023-01-09,Inactive
CUST004406,Christy,Chase,Male,1978-11-03,christy.chase@outlook.com,2517285822,Singapore,Singapore,Singapore,Platinum,2024-10-19,Active
CUST004407,Tara,Palmer,Female,1955-12-27,tara.palmer@yahoo.com,1827788185,Hyderabad,Telangana,India,Platinum,2022-12-01,Inactive
CUST004408,Christina,Mathis,Female,1992-03-29,christina.mathis@outlook.com,8231001306,London,England,United Kingdom,Platinum,2023-08-24,Inactive
CUST004409,Carla,Jones,Male,1963-08-08,carla.jones@hotmail.com,1784082383,Chennai,Tamil Nadu,India,Diamond,2023-11-26,Inactive
CUST004410,Anne,Henderson,Female,1965-05-27,anne.henderson@gmail.com,1554945159, Bengaluru,Karnataka,India,Platinum,2025-07-06,Inactive
CUST004411,Ashley,Pierce,Male,1994-08-09,ashley.pierce@hotmail.com,7954510785,Dubai,Dubai,UAE,Diamond,2024-11-17,Active
CUST004412,Dustin,Cross,Female,1959-06-10,dustin.cross@yahoo.com,9551045005,Singapore,Singapore,Singapore,Diamond,2022-10-12,Inactive
CUST004413,Laura,Robbins,Male,1974-07-16,laura.robbins@yahoo.com,8622979689,Chennai,Tamil Nadu,India,Platinum,2025-10-30,Active
CUST004414,Christian,Foster,Male,1973-10-17,christian.foster@outlook.com,6496192168,Delhi,Delhi,India,Platinum,2024-04-28,Inactive
CUST004415,Jose,Huff,Female,1968-12-12,jose.huff@yahoo.com,3494983251,Bengaluru,Karnataka,India,Diamond,2023-09-02,Inactive
CUST004416,Cassandra,Leach,Male,1978-06-28,cassandra.leach@outlook.com,6452224636,Chennai,Tamil Nadu,India,Diamond,2026-02-19,Inactive
CUST004417,Bill,Williams,Female,1987-02-23,bill.williams@yahoo.com,2147171749,Dubai,Dubai,UAE,Gold,2026-05-23,Inactive
CUST004418,Elizabeth,Ortiz,Male,1968-07-20,elizabeth.ortiz@hotmail.com,1305331923,Sydney,New South Wales,Australia,Diamond,2025-07-26,Inactive
CUST004419,Michael,Mcknight,Female,1959-05-21,michael.mcknight@yahoo.com,2262014719,Singapore,Singapore,Singapore,Gold,2026-02-15,Inactive
CUST004420,William,Montgomery,Male,1989-04-19,william.montgomery@gmail.com,3357500177,Chennai,Tamil Nadu,India,Silver,2024-07-08,Active
CUST004421,Gerald,Harris,Female,1990-08-26,gerald.harris@gmail.com,7349583421,Sydney,New South Wales,Australia,Gold,2022-01-20,Inactive
CUST004422,Lori,Stevenson,Male,1956-09-12,lori.stevenson@gmail.com,9895437752,New York,New York,United States,Platinum,2024-08-29,Inactive
CUST004423,Daniel,Edwards,Female,1996-07-03,daniel.edwards@gmail.com,9560130625,Delhi,Delhi,India,Diamond,2021-09-24,Active
CUST004424,Michael,Stephenson,Male,1986-11-24,michael.stephenson@outlook.com,7990422485,Bengaluru,Karnataka,India,Gold,2025-11-01,Inactive
CUST004425,Rachel,Combs,Female,1959-11-01,rachel.combs@gmail.com,3606212962,Mumbai,Maharashtra,India,Platinum,2024-08-09,Inactive
CUST004426,Madison,Frank,Female,1960-09-10,madison.frank@yahoo.com,5322454617,Hyderabad,Telangana,India,Diamond,2025-12-07,Active
CUST004427,Jessica,Shelton,Female,1962-05-05,jessica.shelton@yahoo.com,5259122039, Delhi,Delhi,India,Platinum,2022-10-19,Inactive
CUST004428,Jennifer,Clements,Female,1989-09-04,jennifer.clements@yahoo.com,7734795685,Dubai,Dubai,UAE,Gold,2023-09-07,Active
CUST004429,Kathleen,West,Female,2006-07-05,kathleen.west@gmail.com,2610315754,Hyderabad,Telangana,India,Platinum,2023-07-28,Active
CUST004430,Michael,Carey,Female,1967-01-04,michael.carey@outlook.com,3491168557,Singapore,Singapore,Singapore,Silver,2023-03-02,Active
CUST004431,Ryan,Taylor,Male,2006-11-11,ryan.taylor@hotmail.com,8888020013,London,England,United Kingdom,Silver,2024-10-04,Inactive
CUST004432,Carl,Warren,Male,1997-03-11,carl.warren@outlook.com,1687671333,Mumbai ,Maharashtra,India,Silver,2025-04-05,Active
CUST004433,Bruce,Casey,Male,1959-12-25,bruce.casey@outlook.com,9944908309,Hyderabad,Telangana,India,Silver,2023-07-20,Inactive
CUST004434,Frank,Kerr,Female,2001-01-02,frank.kerr@gmail.com,5718153491, MUMBAI,Maharashtra,India,Gold,2025-06-20,Active
CUST004435,Joshua,Miles,Male,1986-08-17,joshua.miles@hotmail.com,5801829352,Sydney,New South Wales,Australia,Platinum,2022-12-15,Inactive
CUST004436,Kyle,Morton,Female,1972-09-20,kyle.morton@gmail.com,6542942977,Delhi,Delhi,India,Silver,2024-09-08,Active
CUST004437,Erin,Marshall,Male,1979-05-15,erin.marshall@yahoo.com,5006953463,Hyderabad,Telangana,India,Diamond,2026-02-09,Inactive
CUST004438,Veronica,Jones,Male,1982-12-17,veronica.jones@outlook.com,0884677579,Delhi,Delhi,India,Gold,2021-11-19,Inactive
CUST004439,Jason,Herrera,Male,2000-01-22,jason.herrera@gmail.com,7912166062,Sydney,New South Wales,Australia,Gold,2026-06-27,Active
CUST004440,Katie,Gallagher,Male,1969-07-27,@gmail.com,4042310048,Hyderabad,Telangana,India,Platinum,2023-08-20,Inactive
CUST004441,Christy,Johnson,Male,1981-01-11,christy.johnson@outlook.com,5985884339,New York ,New York,United States,Diamond,2024-08-17,Inactive
CUST004442,Brittney,Cook,Male,1987-10-15,brittney.cook@outlook.com,9501061551,Hyderabad,Telangana,India,Platinum,2025-10-17,Active
CUST004443,Daniel,Huffman,Male,1987-04-05,daniel.huffman@hotmail.com,1462346163,Singapore,Singapore,Singapore,Platinum,2026-07-21,Active
CUST004444,Susan,Mills,Female,2003-05-31,susan.mills@yahoo.com,8724680855,New York,New York,United States,Silver,2022-07-05,Inactive
CUST004445,Christopher,Lutz,Male,1994-06-08,christopher.lutz@outlook.com,3603002677,New York,New York,United States,Diamond,2024-05-11,Active
CUST004446,Sara,Hicks,Female,1986-10-29,sara.hicks@hotmail.com,3626359789,Singapore,Singapore,Singapore,Platinum,2025-08-26,Active
CUST004447,Sandra,Cunningham,Male,1985-02-01,sandra.cunningham@hotmail.com,2981589208,Bengaluru,Karnataka,India,Gold,2025-04-10,Inactive
CUST004448,Michael,Henry,Female,2002-10-22,###@gmail.com,6048441346,Dubai,Dubai,UAE,Gold,2024-10-12,Active
CUST004449,Antonio,Hernandez,Male,1961-03-01,antonio.hernandez@gmail.com,2407666910,Hyderabad,Telangana,India,Silver,2021-08-31,Active
CUST004450,Jennifer,Romero,Female,1988-10-31,jennifer.romero@hotmail.com,9768817335,Chennai,Tamil Nadu,India,Diamond,2025-04-10,Active
CUST004451,Daniel,Silva,Female,1996-07-28,daniel.silva@yahoo.com,6893076400,DELHI,Delhi,India,Silver,2026-07-02,Inactive
CUST004452,Andrea,Sanchez,Male,1973-11-22,andrea.sanchez@yahoo.com,4014733265,Chennai,Tamil Nadu,India,Silver,2022-07-13,Inactive
CUST004453,Erin,Hudson,Male,1986-02-13,erin.hudson@hotmail.com,3304836058,Hyderabad,Telangana,India,Silver,2023-06-11,Active
CUST004454,Madison,Phillips,Female,1998-02-14,madison.phillips@outlook.com,9955887750,CHENNAI,Tamil Nadu,India,Gold,2022-10-12,Active
CUST004455,Michael,Lee,Female,1958-03-29,michael.lee@gmail.com,5852322902,New York,New York,United States,Platinum,2025-06-08,Inactive
CUST004456,Rachel,Russell,Female,1964-07-08,rachel.russell@yahoo.com,5258173950,Bengaluru,Karnataka,India,Platinum,2025-02-05,Inactive
CUST004457,James,Adams,Male,2002-08-14,james.adams@gmail.com,3339034093,New York,New York,United States,Platinum,2022-04-05,Active
CUST004458,Paul,Johnson,Male,1992-12-20,paul.johnson@hotmail.com,5270059850,New York,New York,United States,Silver,2022-09-14,Active
CUST004459,Linda,Foster,Female,1956-03-29,linda.foster@hotmail.com,7224385661,Mumbai,Maharashtra,India,Silver,2025-04-13,Inactive
CUST004460,Anthony,Stanton,Female,1956-10-02,anthony.stanton@outlook.com,3631107397,Bengaluru,Karnataka,India,Silver,2025-05-10,Inactive
CUST004461,Jenny,Jones,Female,1961-10-16,jenny.jones@gmail.com,3899228016,Mumbai ,Maharashtra,India,Silver,2022-04-23,Active
CUST004462,Stephanie,Trevino,Female,1999-11-05,stephanie.trevino@hotmail.com,1216046175,Hyderabad,Telangana,India,Silver,2025-11-18,Inactive
CUST004463,Tiffany,Allen,Male,1982-04-22,tiffany.allen@outlook.com,2389365079,Delhi,Delhi,India,Diamond,2022-07-27,Active
CUST004464,Steven,Moore,Female,1960-03-31,steven.moore@yahoo.com,5774721751,Delhi,Delhi,India,Silver,2023-09-14,Inactive
CUST004465,Timothy,Blake,Female,1990-06-30,timothy.blake@hotmail.com,8682739644,Dubai ,Dubai,UAE,Diamond,2025-01-13,Inactive
CUST004466,Jessica,Ball,Female,1957-07-03,jessica.ball@hotmail.com,6718562214,New York,New York,United States,Diamond,2025-03-14,Active
CUST004467,Rebecca,Wright,Female,1997-05-07,rebecca.wright@gmail.com,1136853560,Dubai,Dubai,UAE,Silver,2023-08-03,Inactive
CUST004468,Hannah,Swanson,Male,1983-03-14,hannah.swanson@gmail.com,5170054499,Mumbai,Maharashtra,India,Gold,2023-12-18,Active
CUST004469,Phillip,Lee,Male,1992-05-27,phillip.lee@yahoo.com,5442219696,Dubai,Dubai,UAE,Diamond,2023-02-04,Active
CUST004470,Damon,Valdez,Male,1963-01-20,damon.valdez@yahoo.com,3180582436,London,England,United Kingdom,Silver,2023-01-07,Active
CUST004471,Melissa,Walton,Male,1991-03-16,melissa.walton@hotmail.com,2548244557,Singapore,Singapore,Singapore,Diamond,2026-07-17,Active
CUST004472,Michael,Vaughn,Male,1985-05-02,michael.vaughn@hotmail.com,8580551626,New York,New York,United States,Silver,2025-02-24,Active
CUST004473,Christina,Smith,Female,2006-02-06,christina.smith@gmail.com,1415017640,Delhi,Delhi,India,Diamond,2022-03-05,Inactive
CUST004474,Jamie,Price,Female,1961-08-11,jamie.price@gmail.com,8368834516,Hyderabad,Telangana,India,Silver,2022-04-05,Active
CUST004475,Stephanie,Swanson,Female,1994-01-18,stephanie.swanson@hotmail.com,2692370311,Singapore,Singapore,Singapore,Platinum,2023-03-22,Active
CUST004476,Christina,Oliver,Female,1998-04-03,christina.oliver@outlook.com,6029220529,Hyderabad,Telangana,India,Silver,2023-05-25,Active
CUST004477,Jeffrey,Hamilton,Female,1987-07-04,jeffrey.hamilton@outlook.com,7512289763,Singapore,Singapore,Singapore,Diamond,2023-03-02,Active
CUST004478,Lori,Smith,Male,2000-05-03,lori.smith@gmail.com,2101721081,Hyderabad,Telangana,India,Diamond,2023-09-18,Inactive
CUST004479,Lindsey,Camacho,Male,1971-10-03,lindsey.camacho@gmail.com,2163716442,Hyderabad,Telangana,India,Platinum,2022-05-27,Inactive
CUST004480,Valerie,Davis,Female,1997-04-20,valerie.davis@gmail.com,0778774213,New York,New York,United States,Diamond,2023-04-06,Inactive
CUST004481,Whitney,Thomas,Female,1971-08-10,whitney.thomas@yahoo.com,3088338271,Delhi,Delhi,India,Silver,2021-10-09,Active
CUST004482,Kim,Williams,Female,1991-04-01,kim.williams@yahoo.com,8346587676,Dubai,Dubai,UAE,Diamond,2026-01-15,Active
CUST004483,Allen,Moore,Female,1963-02-12,allen.moore@gmail.com,9306843920,London,England,United Kingdom,Diamond,2025-05-29,Active
CUST004484,Janet,Norman,Male,1961-05-04,janet.norman@hotmail.com,,Bengaluru,Karnataka,India,Gold,2026-05-27,Inactive
CUST004485,Cindy,Alvarado,Female,1972-12-31,cindy.alvarado@hotmail.com,2053729828,DUBAI,Dubai,UAE,Silver,2024-05-16,Inactive
CUST004486,Sean,Ellison,Female,1996-06-07,sean.ellison@hotmail.com,2085909808,London,England,United Kingdom,Gold,2021-12-23,Active
CUST004487,Jacob,Jones,Male,1969-04-23,jacob.jones@outlook.com,5574729727,Mumbai,Maharashtra,India,Platinum,2025-06-15,Active
CUST004488,Calvin,Escobar,Male,1971-10-07,calvin.escobar@gmail.com,0954926014,Singapore,Singapore,Singapore,Silver,2023-11-18,Active
CUST004489,Melissa,Houston,Female,1958-03-13,gmail.com,9561363925,Mumbai,Maharashtra,India,Gold,2025-07-18,Inactive
CUST004490,Craig,Frazier,Male,1956-11-22,craig.frazier@gmail.com,7325366051,New York,New York,United States,Diamond,2023-07-31,Active
CUST004491,Ryan,Martinez,Male,1976-08-25,ryan.martinez@hotmail.com,4382281868,Bengaluru,Karnataka,India,Gold,2023-11-16,Inactive
CUST004492,Justin,Brown,Female,2006-10-03,justin.brown@hotmail.com,4147792972,Chennai,Tamil Nadu,India,Gold,2024-03-31,Active
CUST004493,Michelle,Sullivan,Male,1967-02-17,michelle.sullivan@yahoo.com,5812073540,Singapore,Singapore,Singapore,Platinum,2025-05-19,Active
CUST004494,Leslie,Smith,Male,1963-09-15,leslie.smith@hotmail.com,1753066651,SYDNEY,New South Wales,Australia,Silver,2023-09-25,Active
CUST004495,Andrew,Robinson,Male,1987-10-10,andrew.robinson@hotmail.com,2716726329,Chennai,Tamil Nadu,India,Silver,2023-10-17,Active
CUST004496,Teresa,Williams,Female,1972-08-28,teresa.williams@gmail.com,6248425958,London,England,United Kingdom,Gold,2023-03-18,Inactive
CUST004497,Taylor,Vaughn,Male,1992-07-29,taylor.vaughn@gmail.com,5422961338,Sydney,New South Wales,Australia,Diamond,2025-09-22,Active
CUST004498,Denise,Holland,Male,1968-11-29,denise.holland@outlook.com,8809949469,Bengaluru,Karnataka,India,Gold,2021-08-02,Inactive
CUST004499,Jocelyn,Woods,Female,2004-01-05,jocelyn.woods@yahoo.com,9047942241,Hyderabad,Telangana,India,Gold,2022-08-27,Active
CUST004500,Theresa,Frank,Female,1992-09-24,theresa.frank@hotmail.com,5324422898,Mumbai,Maharashtra,India,Silver,2023-09-02,Inactive
CUST004501,Sarah,Ochoa,Female,2000-01-04,sarah.ochoa@outlook.com,6458274140,London,England,United Kingdom,Diamond,2021-09-27,Inactive
CUST004502,Jillian,Hill,Male,1996-02-09,jillian.hill@hotmail.com,6378654801,Dubai,Dubai,UAE,Gold,2023-03-24,Inactive
CUST004503,Thomas,Jensen,Female,2000-08-18,thomas.jensen@hotmail.com,0906904390,Singapore,Singapore,Singapore,Silver,2024-07-03,Active
CUST004504,Bryan,Lewis,Male,1965-02-17,bryan.lewis@yahoo.com,6745475416,Mumbai,Maharashtra,India,Silver,2021-12-01,Inactive
CUST004505,Linda,Robles,Female,1981-11-22,linda.robles@hotmail.com,0937324943,Bengaluru,Karnataka,India,Platinum,2025-09-02,Active
CUST004506,Nicholas,Daniel,Male,2005-12-03,nicholas.daniel@hotmail.com,6575184513,Singapore,Singapore,Singapore,Platinum,2024-05-21,Active
CUST004507,Bobby,Bryant,Female,1959-08-10,bobby.bryant@yahoo.com,5575466819,Hyderabad,Telangana,India,Silver,2022-08-16,Inactive
CUST004508,Ashley,Ellis,Male,1971-03-26,ashley.ellis@yahoo.com,2794158299,Sydney,New South Wales,Australia,Platinum,2022-09-19,Inactive
CUST004509,Cynthia,Howell,Female,2000-03-17,cynthia.howell@yahoo.com,5329176401,CHENNAI,Tamil Nadu,India,Silver,2023-03-14,Inactive
CUST004510,Kellie,Glenn,Male,1976-02-24,kellie.glenn@gmail.com,9970745333,Dubai,Dubai,UAE,Gold,2025-04-10,Inactive
CUST004511,David,Wood,Female,1957-09-16,david.wood@outlook.com,8464169901, Singapore ,Singapore,Singapore,Platinum,2025-12-06,Inactive
CUST004512,Janet,Fleming,Male,2002-09-19,janet.fleming@gmail.com,3333147986,London,England,United Kingdom,Silver,2024-01-25,Active
CUST004513,Tina,Taylor,Female,1993-05-31,tina.taylor@gmail.com,6984077362,Sydney,New South Wales,Australia,Platinum,2025-04-15,Active
CUST004514,Kayla,Wright,Female,1977-09-20,kayla.wright@gmail.com,4392060363,Singapore,Singapore,Singapore,Gold,2025-06-13,Inactive
CUST004515,Jill,Payne,Male,1966-03-14,jill.payne@gmail.com,4289451561,New York,New York,United States,Platinum,2024-03-13,Active
CUST004516,Laura,Waters,Female,1992-09-18,laura.waters@yahoo.com,5566639898,Mumbai,Maharashtra,India,Silver,2025-02-07,Inactive
CUST004517,Amanda,Moore,Female,1982-04-02,amanda.moore@gmail.com,5505587961,Bengaluru,Karnataka,India,Gold,2022-11-19,Active
CUST004518,Mark,Barnes,Male,1996-10-06,mark.barnes@yahoo.com,3884768388,Sydney,New South Wales,Australia,Silver,2024-07-11,Inactive
CUST004519,Karen,Fowler,Female,1961-08-25,karen.fowler@gmail.com,1666022493,Chennai,Tamil Nadu,India,Gold,2025-02-03,Active
CUST004520,Mary,Murphy,Male,1969-09-25,mary.murphy@yahoo.com,0057102970,Dubai,Dubai,UAE,Silver,2025-11-25,Active
CUST004521,Tyler,Watts,Male,1967-12-27,tyler.watts@yahoo.com,7086794172,Hyderabad,Telangana,India,Silver,2023-02-05,Active
CUST004522,Tanner,Kim,Female,1971-07-05,tanner.kim@outlook.com,6067007446,Mumbai,Maharashtra,India,Platinum,2025-02-18,Inactive
CUST004523,Richard,Jones,Female,2003-05-07,richard.jones@gmail.com,6771407790,New York,New York,United States,Silver,2025-01-01,Active
CUST004524,Charles,Perez,Male,1980-11-20,charles.perez@outlook.com,5852063762,Delhi,Delhi,India,Diamond,2024-02-03,Inactive
CUST004525,Pedro,Jackson,Female,1993-08-12,pedro.jackson@outlook.com,1880370112,London,England,United Kingdom,Silver,2022-05-01,Inactive
CUST004526,Sara,Campbell,Male,2007-06-15,sara.campbell@yahoo.com,4744096603,Delhi,Delhi,India,Silver,2026-01-21,Inactive
CUST004527,Jason,Fox,Female,1979-09-28,jason.fox@yahoo.com,7967229981,Delhi,Delhi,India,Platinum,2024-08-21,Active
CUST004528,Shaun,Stewart,Male,1977-10-07,shaun.stewart@outlook.com,3777360479,Singapore,Singapore,Singapore,Silver,2024-05-06,Active
CUST004529,Sandra,Bailey,Male,2003-08-10,sandra.bailey@hotmail.com,2618511698,Dubai,Dubai,UAE,Platinum,2026-02-14,Inactive
CUST004530,Carol,Manning,Male,1992-12-11,carol.manning@yahoo.com,0537211117,Chennai,Tamil Nadu,India,Gold,2023-07-23,Inactive
CUST004531,Christopher,Boyer,Female,1993-03-21,christopher.boyer@hotmail.com,7308507688,Dubai,Dubai,UAE,Platinum,2022-09-16,Active
CUST004532,Carolyn,Johnson,Female,1998-11-18,carolyn.johnson@outlook.com,5636839025,London,England,United Kingdom,Gold,2023-05-03,Inactive
CUST004533,Nicole,Stewart,Male,2004-04-01,nicole.stewart@gmail.com,5316703092,Dubai,Dubai,UAE,Platinum,2023-07-25,Active
CUST004534,Richard,Walker,Female,1962-08-28,richard.walker@hotmail.com,6242364782,Singapore,Singapore,Singapore,Silver,2024-08-20,Inactive
CUST004535,Edward,Wright,Male,2003-02-25,edward.wright@outlook.com,5634997737,London,England,United Kingdom,Silver,2023-03-30,Active
CUST004536,Jeffrey,Rodriguez,Female,2003-07-25,jeffrey.rodriguez@hotmail.com,6941835954,Mumbai,Maharashtra,India,Gold,2024-12-21,Inactive
CUST004537,Dustin,Rubio,Male,1980-04-06,dustin.rubio@outlook.com,4725376596,London,England,United Kingdom,Platinum,2023-12-21,Inactive
CUST004538,Richard,Hancock,Female,1981-07-15,richard.hancock@outlook.com,6544125274,Chennai ,Tamil Nadu,India,Silver,2025-03-25,Inactive
CUST004539,Brittany,Pitts,Male,1988-02-09,brittany.pitts@yahoo.com,,London,England,United Kingdom,Gold,2025-08-26,Active
CUST004540,Jessica,Garcia,Male,1974-08-13,john@gmail,2364824274,Dubai,Dubai,UAE,Silver,2024-08-28,Inactive
CUST004541,Charles,Paul,Male,1960-02-25,charles.paul@yahoo.com,4442645342,Hyderabad,Telangana,India,Platinum,2023-03-19,Inactive
CUST004542,Jack,Moreno,Male,1964-09-15,jack.moreno@hotmail.com,5139638143,Delhi,Delhi,India,Silver,2024-09-26,Inactive
CUST004543,Lisa,Sweeney,Female,1973-04-28,lisa.sweeney@hotmail.com,5095835391,New York,New York,United States,Gold,2025-11-03,Active
CUST004544,Eric,Haynes,Male,2008-02-01,eric.haynes@hotmail.com,6498627643,Sydney,New South Wales,Australia,Platinum,2021-10-06,Inactive
CUST004545,Michael,Smith,Female,1972-05-29,michael.smith@hotmail.com,,Delhi,Delhi,India,Gold,2025-11-24,Inactive
CUST004546,David,Wagner,Male,1965-05-01,david.wagner@yahoo.com,5639786269,Delhi,Delhi,India,Diamond,2024-05-26,Inactive
CUST004547,Cassandra,Montgomery,Male,2002-02-03,cassandra.montgomery@outlook.com,1632849572,Bengaluru,Karnataka,India,Silver,2023-01-07,Inactive
CUST004548,Devin,Mason,Male,1992-03-19,devin.mason@hotmail.com,9810453131,Mumbai,Maharashtra,India,Diamond,2024-10-12,Inactive
CUST004549,Richard,Campbell,Male,1983-02-02,richard.campbell@gmail.com,6186914238,Dubai,Dubai,UAE,Diamond,2025-03-02,Inactive
CUST004550,Jesse,Smith,Male,1997-08-03,jesse.smith@yahoo.com,3702369154, Delhi,Delhi,India,Gold,2026-07-22,Inactive
CUST004551,Timothy,Hanson,Male,2002-06-30,timothy.hanson@gmail.com,5176461471,London,England,United Kingdom,Gold,2022-12-08,Inactive
CUST004552,Mark,Simpson,Male,1977-04-06,mark.simpson@outlook.com,5547290585,Sydney,New South Wales,Australia,Diamond,2026-04-26,Active
CUST004553,Gerald,Booker,Female,2007-03-05,gerald.booker@yahoo.com,7320958579,Delhi,Delhi,India,Silver,2023-05-05,Active
CUST004554,Charles,Roberts,Female,2005-04-10,charles.roberts@hotmail.com,0308144717,Hyderabad,Telangana,India,Gold,2023-02-06,Active
CUST004555,Joshua,Reid,Female,2008-01-23,joshua.reid@outlook.com,8713712290,Dubai,Dubai,UAE,Gold,2021-12-14,Inactive
CUST004556,Austin,Kennedy,Male,1991-11-05,austin.kennedy@hotmail.com,7022848742,Delhi,Delhi,India,Diamond,2022-11-12,Active
CUST004557,Julie,Martin,Male,1978-08-24,julie.martin@hotmail.com,2733794046,Chennai,Tamil Nadu,India,Platinum,2023-02-27,Inactive
CUST004558,Alexis,King,Male,2004-11-15,alexis.king@yahoo.com,, Mumbai,Maharashtra,India,Silver,2022-05-30,Inactive
CUST004559,Amanda,Sims,Male,1977-05-03,amanda.sims@outlook.com,7983424780,Bengaluru,Karnataka,India,Diamond,2025-05-06,Active
CUST004560,Charles,Jackson,Male,1983-11-27,charles.jackson@hotmail.com,7349644544,London,England,United Kingdom,Gold,2024-02-17,Inactive
CUST004561,Ashley,Wright,Female,1994-03-24,ashley.wright@outlook.com,,London,England,United Kingdom,Diamond,2023-05-28,Inactive
CUST004562,Kim,Green,Male,2005-08-29,kim.green@hotmail.com,4184828047,New York,New York,United States,Diamond,2023-10-20,Active
CUST004563,Ryan,Moon,Male,1995-03-26,ryan.moon@yahoo.com,2482942184,Delhi,Delhi,India,Silver,2023-07-11,Inactive
CUST004564,Steve,Mullen,Male,1980-02-11,steve.mullen@hotmail.com,2884745595,Bengaluru,Karnataka,India,Platinum,2026-03-04,Active
CUST004565,James,Wang,Male,1994-11-27,james.wang@hotmail.com,3519291892,Mumbai,Maharashtra,India,Diamond,2026-04-05,Inactive
CUST004566,Gabriella,Stout,Female,1956-10-19,gabriella.stout@yahoo.com,7333399801,Hyderabad,Telangana,India,Diamond,2025-03-13,Inactive
CUST004567,Shelby,Robbins,Male,2001-10-05,shelby.robbins@hotmail.com,0222018315,Bengaluru,Karnataka,India,Diamond,2022-03-10,Inactive
CUST004568,Carol,Wood,Female,1971-09-05,carol.wood@gmail.com,9822981328,Singapore,Singapore,Singapore,Silver,2024-01-25,Active
CUST004569,Sarah,Harvey,Male,2003-01-17,sarah.harvey@yahoo.com,6811836457,Bengaluru,Karnataka,India,Silver,2023-01-02,Active
CUST004570,Bradley,Barker,Female,1968-01-17,bradley.barker@hotmail.com,2958558381,Bengaluru,Karnataka,India,Platinum,2025-10-30,Active
CUST004571,Michael,Santos,Male,1959-08-03,michael.santos@hotmail.com,2800625983,Dubai,Dubai,UAE,Gold,2025-12-10,Inactive
CUST004572,Stephanie,Gibson,Male,1982-11-16,stephanie.gibson@hotmail.com,4373923814,Chennai,Tamil Nadu,India,Silver,2023-02-16,Inactive
CUST004573,Mark,Williams,Female,1995-04-06,mark.williams@hotmail.com,8925498729,Mumbai,Maharashtra,India,Platinum,2022-08-08,Inactive
CUST004574,Tina,Keller,Female,1995-08-27,tina.keller@outlook.com,5409611174,Sydney,New South Wales,Australia,Gold,2023-07-29,Active
CUST004575,Jon,Lee,Female,1964-01-18,jon.lee@gmail.com,6560710581,Dubai,Dubai,UAE,Platinum,2025-10-25,Active
CUST004576,James,Oliver,Male,2008-02-03,james.oliver@yahoo.com,4078301990,Delhi,Delhi,India,Diamond,2024-10-16,Inactive
CUST004577,Natasha,Castaneda,Male,1977-01-18,natasha.castaneda@yahoo.com,5469055401,Bengaluru,Karnataka,India,Diamond,2023-07-04,Active
CUST004578,Matthew,Hall,Female,1956-11-25,matthew.hall@yahoo.com,6958474673,Singapore,Singapore,Singapore,Diamond,2025-06-21,Active
CUST004579,Gregory,Obrien,Male,1983-11-20,gregory.obrien@hotmail.com,0513122575,Chennai,Tamil Nadu,India,Platinum,2021-09-05,Active
CUST004580,Steven,Hatfield,Female,1970-11-17,steven.hatfield@outlook.com,0173419113,New York,New York,United States,Platinum,2024-02-25,Active
CUST004581,Brian,Martin,Male,1992-02-22,brian.martin@gmail.com,9307785923,Mumbai,Maharashtra,India,Diamond,2023-10-11,Active
CUST004582,Trevor,Miller,Female,1963-07-31,trevor.miller@yahoo.com,9798066806,New York,New York,United States,Platinum,2022-04-21,Inactive
CUST004583,Jacqueline,Reid,Male,1979-10-03,jacqueline.reid@outlook.com,3693757005,Hyderabad,Telangana,India,Platinum,2023-12-13,Active
CUST004584,Lynn,Mejia,Female,1992-05-31,lynn.mejia@hotmail.com,4173287000,Chennai,Tamil Nadu,India,Platinum,2023-05-15,Inactive
CUST004585,Bridget,Hoffman,Male,1997-12-02,bridget.hoffman@outlook.com,1451531201,Chennai,Tamil Nadu,India,Platinum,2024-07-20,Active
CUST004586,Evan,Manning,Female,2003-12-21,evan.manning@yahoo.com,5360239089,Bengaluru,Karnataka,India,Platinum,2023-03-20,Inactive
CUST004587,Kelly,Miller,Male,2008-02-10,kelly.miller@yahoo.com,6466756394,Mumbai,Maharashtra,India,Platinum,2023-09-10,Inactive
CUST004588,Teresa,Dawson,Female,1965-04-08,teresa.dawson@gmail.com,1271608863,Bengaluru,Karnataka,India,Diamond,2021-12-18,Inactive
CUST004589,Barbara,Guerrero,Male,1963-09-19,barbara.guerrero@outlook.com,7534919548,Hyderabad,Telangana,India,Diamond,2025-09-21,Inactive
CUST004590,David,Aguirre,Male,2006-10-24,david.aguirre@gmail.com,2559245053,New York,New York,United States,Gold,2026-04-21,Active
CUST004591,Mitchell,Kramer,Female,1977-09-26,mitchell.kramer@hotmail.com,7830311008,Sydney,New South Wales,Australia,Gold,2025-12-06,Inactive
CUST004592,Daniel,Sanders,Male,1980-06-19,daniel.sanders@gmail.com,3538750855,Delhi,Delhi,India,Silver,2025-12-05,Inactive
CUST004593,Cheryl,Hernandez,Male,1971-01-25,cheryl.hernandez@yahoo.com,7887050786,Delhi,Delhi,India,Silver,2023-01-28,Inactive
CUST004594,Brandon,Arias,Female,1986-07-04,brandon.arias@outlook.com,2024585383,Bengaluru,Karnataka,India,Platinum,2024-04-24,Active
CUST004595,Nichole,Smith,Male,1999-05-20,nichole.smith@yahoo.com,7348989386,Delhi,Delhi,India,Silver,2025-02-12,Inactive
CUST004596,Maria,Barton,Male,2004-06-27,maria.barton@gmail.com,6941603602,Hyderabad,Telangana,India,Platinum,2026-07-23,Active
CUST004597,David,Bates,Female,1982-01-22,david.bates@gmail.com,7888462897,New York,New York,United States,Platinum,2024-04-19,Active
CUST004598,Sophia,May,Female,2007-11-10,sophia.may@gmail.com,3113045078,Sydney,New South Wales,Australia,Platinum,2023-10-03,Active
CUST004599,Nicole,Barnett,Female,1990-05-31,nicole.barnett@outlook.com,,Dubai,Dubai,UAE,Silver,2024-10-22,Inactive
CUST004600,Donna,Wood,Female,1985-11-27,donna.wood@hotmail.com,0756034436,Chennai,Tamil Nadu,India,Platinum,2022-11-20,Active
CUST004601,Robert,Oneill,Female,1983-05-29,robert.oneill@outlook.com,6385419177,New York,New York,United States,Silver,2023-10-08,Inactive
CUST004602,Brittany,Foley,Female,1978-12-03,brittany.foley@gmail.com,0062817546,Delhi,Delhi,India,Platinum,2023-08-21,Inactive
CUST004603,Teresa,Foley,Male,2007-03-19,teresa.foley@hotmail.com,1560510868,Sydney,New South Wales,Australia,Platinum,2023-05-02,Inactive
CUST004604,Joseph,Smith,Female,1969-05-17,joseph.smith@gmail.com,8597523046,London,England,United Kingdom,Platinum,2022-12-16,Active
CUST004605,Brittany,Cross,Female,1971-07-24,brittany.cross@hotmail.com,9048811509,Hyderabad,Telangana,India,Diamond,2023-06-02,Active
CUST004606,Francis,Lee,Male,1979-07-13,francis.lee@yahoo.com,1280790646,Singapore,Singapore,Singapore,Platinum,2024-07-08,Inactive
CUST004607,Steven,Powell,Female,1995-01-06,steven.powell@hotmail.com,2341245545,Bengaluru,Karnataka,India,Diamond,2024-06-13,Inactive
CUST004608,Eric,Wilcox,Female,1957-08-07,eric.wilcox@gmail.com,8002340375,Mumbai,Maharashtra,India,Platinum,2023-06-07,Inactive
CUST004609,Leslie,Porter,Female,1974-09-23,leslie.porter@outlook.com,5932855836,Singapore,Singapore,Singapore,Diamond,2024-01-18,Inactive
CUST004610,Janet,Smith,Male,1968-05-30,janet.smith@hotmail.com,8289708983,New York,New York,United States,Gold,2023-08-10,Active
CUST004611,Valerie,Murillo,Male,2007-01-10,valerie.murillo@gmail.com,3797454864,Singapore,Singapore,Singapore,Diamond,2023-12-27,Active
CUST004612,William,Rodriguez,Male,2000-06-04,william.rodriguez@gmail.com,4802458082,Mumbai,Maharashtra,India,Silver,2026-04-15,Inactive
CUST004613,Monica,Jackson,Female,2003-10-16,monica.jackson@gmail.com,5116450480,Sydney,New South Wales,Australia,Gold,2022-03-20,Active
CUST004614,Shelly,Rios,Female,1970-08-06,shelly.rios@hotmail.com,9376478076,Chennai,Tamil Nadu,India,Silver,2026-03-11,Inactive
CUST004615,Sheryl,Turner,Female,1993-06-03,sheryl.turner@outlook.com,5928634583,Chennai,Tamil Nadu,India,Diamond,2021-08-16,Active
CUST004616,Amanda,Rivera,Female,1958-02-25,amanda.rivera@yahoo.com,0006018808,Mumbai,Maharashtra,India,Platinum,2022-09-04,Active
CUST004617,Katherine,Ingram,Female,2004-12-08,katherine.ingram@yahoo.com,0388618782,New York,New York,United States,Gold,2024-09-02,Active
CUST004618,Sandy,Carter,Male,1968-12-06,sandy.carter@outlook.com,9716090725,Mumbai,Maharashtra,India,Platinum,2023-02-19,Active
CUST004619,Thomas,Mccarty,Male,1991-03-24,thomas.mccarty@yahoo.com,3756132344, Delhi,Delhi,India,Gold,2024-04-19,Active
CUST004620,Christopher,Hunter,Male,1980-11-19,christopher.hunter@hotmail.com,2386320474,SYDNEY,New South Wales,Australia,Diamond,2022-01-16,Active
CUST004621,Shawn,Spencer,Male,1964-01-31,shawn.spencer@yahoo.com,5116164126,New York,New York,United States,Silver,2024-12-12,Inactive
CUST004622,Ryan,Wright,Female,2002-08-03,ryan.wright@yahoo.com,7859685909,Bengaluru,Karnataka,India,Diamond,2026-02-28,Active
CUST004623,Jasmine,Ross,Female,1961-08-05,jasmine.ross@gmail.com,7851168861,London,England,United Kingdom,Gold,2023-05-16,Active
CUST004624,George,Banks,Male,1992-04-13,@gmail.com,3161684450,London,England,United Kingdom,Gold,2021-10-03,Inactive
CUST004625,Lisa,Vasquez,Male,1991-04-12,lisa.vasquez@yahoo.com,4826009503,Hyderabad,Telangana,India,Silver,2022-05-10,Active
CUST004626,Misty,Smith,Female,1976-12-10,misty.smith@gmail.com,4920436850,Hyderabad,Telangana,India,Silver,2024-09-14,Active
CUST004627,Christopher,Castillo,Male,2005-10-05,christopher.castillo@yahoo.com,,New York,New York,United States,Diamond,2026-03-18,Active
CUST004628,Daniel,Lawson,Female,1962-07-04,daniel.lawson@yahoo.com,5870788831,Mumbai,Maharashtra,India,Gold,2026-04-01,Inactive
CUST004629,Joshua,Davis,Female,1978-12-09,joshua.davis@hotmail.com,4274282738,Singapore,Singapore,Singapore,Diamond,2026-04-28,Active
CUST004630,Laura,Phillips,Female,1972-03-28,laura.phillips@gmail.com,8395562550,Bengaluru,Karnataka,India,Platinum,2022-01-30,Active
CUST004631,Jennifer,Ward,Female,2003-02-22,jennifer.ward@hotmail.com,3821522217,Singapore,Singapore,Singapore,Diamond,2021-09-14,Inactive
CUST004632,Michelle,Grant,Female,2008-07-16,michelle.grant@hotmail.com,2553585354,Sydney,New South Wales,Australia,Diamond,2025-03-29,Inactive
CUST004633,Patricia,Jones,Male,2002-12-15,patricia.jones@outlook.com,2692016202,Singapore,Singapore,Singapore,Gold,2024-02-14,Active
CUST004634,Christopher,Trevino,Female,1961-11-05,christopher.trevino@hotmail.com,0336276776,Mumbai,Maharashtra,India,Gold,2025-05-10,Active
CUST004635,Nancy,Williams,Male,1964-03-11,nancy.williams@hotmail.com,8332216230,Chennai,Tamil Nadu,India,Silver,2024-03-02,Inactive
CUST004636,Grace,Kaiser,Female,1977-04-11,grace.kaiser@yahoo.com,6435427776,Singapore,Singapore,Singapore,Silver,2023-06-17,Inactive
CUST004637,Ashley,Williams,Male,1972-07-26,ashley.williams@yahoo.com,7518406644, New York,New York,United States,Silver,2021-07-28,Active
CUST004638,Ashley,Gilbert,Male,1968-10-12,ashley.gilbert@hotmail.com,9651522261,Delhi,Delhi,India,Silver,2023-02-17,Active
CUST004639,Rose,Davis,Male,1966-05-28,rose.davis@hotmail.com,0769164413,Bengaluru,Karnataka,India,Silver,2024-02-03,Inactive
CUST004640,Kevin,Morris,Male,1964-02-10,kevin.morris@gmail.com,9291417169,Bengaluru,Karnataka,India,Gold,2022-01-03,Inactive
CUST004641,Joseph,Clark,Male,1991-11-21,joseph.clark@yahoo.com,5694571670,Sydney,New South Wales,Australia,Platinum,2024-11-25,Inactive
CUST004642,Ian,Charles,Male,1986-10-28,ian.charles@hotmail.com,0628692521,New York,New York,United States,Silver,2024-07-07,Active
CUST004643,Kimberly,Haynes,Male,2003-03-07,kimberly.haynes@yahoo.com,2226668081,Chennai,Tamil Nadu,India,Platinum,2026-01-24,Active
CUST004644,Donald,Mendoza,Male,2005-04-10,donald.mendoza@gmail.com,5730954236,Delhi,Delhi,India,Silver,2022-04-15,Active
CUST004645,Eric,Farmer,Male,1977-04-30,eric.farmer@outlook.com,2973614110,London,England,United Kingdom,Gold,2021-09-17,Active
CUST004646,Blake,Perez,Male,1969-02-18,blake.perez@hotmail.com,3704049647,Chennai,Tamil Nadu,India,Platinum,2024-11-19,Inactive
CUST004647,Matthew,Chavez,Female,1974-09-24,matthew.chavez@gmail.com,6565685333,Chennai,Tamil Nadu,India,Gold,2023-08-13,Inactive
CUST004648,Mark,Ross,Male,1982-03-17,mark.ross@yahoo.com,4994184325,Dubai,Dubai,UAE,Silver,2026-03-07,Active
CUST004649,James,Townsend,Female,2004-10-16,james.townsend@gmail.com,3785763196,London,England,United Kingdom,Diamond,2021-12-03,Inactive
CUST004650,Tyler,Edwards,Male,1997-10-04,tyler.edwards@hotmail.com,1424251297,London,England,United Kingdom,Diamond,2026-06-19,Inactive
CUST004651,Peter,Jones,Female,1978-11-24,peter.jones@hotmail.com,0888135225,Singapore,Singapore,Singapore,Silver,2023-04-14,Active
CUST004652,Sharon,Drake,Male,1966-01-05,sharon.drake@yahoo.com,7441828072,New York,New York,United States,Silver,2021-08-08,Active
CUST004653,Michelle,Davis,Female,1971-10-21,michelle.davis@yahoo.com,6427068433,Mumbai,Maharashtra,India,Silver,2022-10-31,Active
CUST004654,Daniel,Palmer,Male,2001-04-11,daniel.palmer@hotmail.com,0352499517,Dubai,Dubai,UAE,Gold,2024-05-28,Active
CUST004655,Michael,Mccoy,Female,1997-08-22,michael.mccoy@yahoo.com,2779707813,London,England,United Kingdom,Diamond,2025-03-19,Active
CUST004656,Stacey,Hart,Male,1984-11-08,stacey.hart@hotmail.com,8932634365,Dubai ,Dubai,UAE,Gold,2023-02-03,Inactive
CUST004657,Anthony,Butler,Female,1965-02-22,anthony.butler@yahoo.com,9844913507,Singapore,Singapore,Singapore,Silver,2026-04-30,Active
CUST004658,Kayla,George,Male,2008-03-22,kayla.george@outlook.com,3519404085,Singapore,Singapore,Singapore,Silver,2023-05-30,Inactive
CUST004659,Amy,Ruiz,Male,1960-12-02,amy.ruiz@gmail.com,4046767270,Mumbai,Maharashtra,India,Gold,2021-12-21,Inactive
CUST004660,Abigail,Smith,Female,2006-01-11,abigail.smith@hotmail.com,5205855549,Hyderabad,Telangana,India,Platinum,2022-04-14,Active
CUST004661,Theresa,Fields,Female,1987-03-02,theresa.fields@yahoo.com,1828101688,Delhi,Delhi,India,Gold,2022-01-21,Inactive
CUST004662,Ariel,Johnson,Female,1994-01-29,ariel.johnson@gmail.com,3759724912,Bengaluru,Karnataka,India,Platinum,2025-08-24,Inactive
CUST004663,Veronica,Bell,Male,1987-03-03,veronica.bell@gmail.com,9278177304,LONDON,England,United Kingdom,Platinum,2025-05-26,Inactive
CUST004664,Amy,Richards,Female,1967-02-12,amy.richards@outlook.com,4933453498,New York,New York,United States,Diamond,2022-05-15,Inactive
CUST004665,Dawn,Campbell,Male,2008-03-15,dawn.campbell@yahoo.com,0542412992,London,England,United Kingdom,Platinum,2023-08-03,Active
CUST004666,Christopher,Wilson,Male,1960-08-19,christopher.wilson@yahoo.com,3542226087,Chennai,Tamil Nadu,India,Gold,2025-04-05,Active
CUST004667,Michelle,Anderson,Female,1969-12-17,michelle.anderson@outlook.com,1873447985,Mumbai,Maharashtra,India,Platinum,2024-03-14,Active
CUST004668,Derek,Waller,Female,1992-12-01,derek.waller@hotmail.com,6749152054,Chennai,Tamil Nadu,India,Silver,2023-09-27,Inactive
CUST004669,Edward,Hurley,Male,2003-02-17,edward.hurley@gmail.com,0573030566,Delhi,Delhi,India,Platinum,2025-12-25,Inactive
CUST004670,Jamie,Obrien,Male,2008-06-04,jamie.obrien@outlook.com,7521333942,New York,New York,United States,Diamond,2022-08-11,Active
CUST004671,Ryan,King,Female,2001-11-16,ryan.king@outlook.com,8252117897,Delhi,Delhi,India,Silver,2022-11-24,Active
CUST004672,Brett,Griffin,Female,1997-07-10,brett.griffin@outlook.com,0430145645,New York,New York,United States,Silver,2025-11-17,Inactive
CUST004673,Gail,Johnson,Male,2003-06-22,gail.johnson@outlook.com,3232018631,Delhi,Delhi,India,Platinum,2022-08-09,Inactive
CUST004674,Rebecca,Bishop,Female,1984-09-25,rebecca.bishop@yahoo.com,8504846727,New York,New York,United States,Diamond,2024-09-24,Inactive
CUST004675,Ray,Cochran,Male,1998-09-19,ray.cochran@outlook.com,7528324781,Delhi,Delhi,India,Gold,2025-02-13,Active
CUST004676,Carolyn,Gordon,Male,1990-12-14,carolyn.gordon@outlook.com,7872827628,New York,New York,United States,Diamond,2022-04-28,Inactive
CUST004677,Fernando,Rivera,Male,1963-08-20,fernando.rivera@yahoo.com,8621245106,Hyderabad,Telangana,India,Gold,2025-11-23,Active
CUST004678,Thomas,Wolfe,Male,2002-05-10,thomas.wolfe@gmail.com,,Hyderabad,Telangana,India,Diamond,2025-08-06,Active
CUST004679,Jesse,Rosario,Female,1998-04-03,jesse.rosario@outlook.com,7308363019,New York,New York,United States,Diamond,2023-02-04,Active
CUST004680,Nancy,Meyer,Female,1960-01-31,nancy.meyer@hotmail.com,0365189371,Bengaluru,Karnataka,India,Gold,2025-12-24,Inactive
CUST004681,Kathy,Allen,Male,1959-06-22,kathy.allen@gmail.com,5783462436,London,England,United Kingdom,Platinum,2022-11-19,Active
CUST004682,Ryan,Vaughn,Male,1974-01-12,ryan.vaughn@gmail.com,0944567105,New York,New York,United States,Diamond,2022-04-25,Active
CUST004683,Jasmine,Griffin,Female,1960-08-20,jasmine.griffin@hotmail.com,2760835690,London,England,United Kingdom,Silver,2024-05-13,Inactive
CUST004684,Brian,Wood,Male,1961-12-28,brian.wood@gmail.com,0975771897,London,England,United Kingdom,Silver,2025-12-06,Active
CUST004685,Kevin,Peterson,Female,1961-12-29,kevin.peterson@yahoo.com,3866872888,Sydney,New South Wales,Australia,Diamond,2021-09-14,Active
CUST004686,Sarah,Massey,Male,1960-08-02,sarah.massey@gmail.com,4992570869,Chennai,Tamil Nadu,India,Silver,2023-10-07,Inactive
CUST004687,Caroline,Stewart,Female,1978-06-02,caroline.stewart@hotmail.com,7307635420,Hyderabad,Telangana,India,Silver,2024-10-22,Inactive
CUST004688,Gerald,Hunter,Female,2000-02-24,gerald.hunter@yahoo.com,1111811674,Hyderabad,Telangana,India,Gold,2021-08-08,Inactive
CUST004689,Jose,Walters,Female,1960-08-02,jose.walters@hotmail.com,8627538565,Singapore,Singapore,Singapore,Gold,2022-01-07,Active
CUST004690,Jason,Fischer,Female,1978-03-14,jason.fischer@yahoo.com,5132616286,Singapore,Singapore,Singapore,Diamond,2025-08-03,Active
CUST004691,Jillian,Rodriguez,Female,2006-08-21,jillian.rodriguez@yahoo.com,4216034220,Bengaluru,Karnataka,India,Gold,2025-05-14,Inactive
CUST004692,Karen,Gonzales,Male,1979-12-17,karen.gonzales@hotmail.com,7894766274,London,England,United Kingdom,Gold,2025-07-02,Inactive
CUST004693,Dawn,Parker,Male,2007-07-01,dawn.parker@outlook.com,7490737336,Chennai,Tamil Nadu,India,Silver,2026-06-21,Active
CUST004694,Michelle,Allen,Male,1971-12-30,michelle.allen@gmail.com,2821907983,Mumbai,Maharashtra,India,Platinum,2024-08-31,Active
CUST004695,Patrick,Mclean,Female,1985-01-21,patrick.mclean@yahoo.com,5698426850,Singapore,Singapore,Singapore,Diamond,2024-02-10,Active
CUST004696,Melissa,Nixon,Female,1978-04-28,melissa.nixon@yahoo.com,4581341324,Mumbai,Maharashtra,India,Diamond,2022-02-03,Inactive
CUST004697,Melissa,Brown,Female,1958-11-14,melissa.brown@hotmail.com,6033690678,Sydney,New South Wales,Australia,Gold,2022-07-16,Active
CUST004698,Alan,Lopez,Female,1980-11-21,alan.lopez@yahoo.com,2558160847,Bengaluru,Karnataka,India,Diamond,2024-09-28,Inactive
CUST004699,Alexander,Sims,Female,1985-11-29,alexander.sims@hotmail.com,3566137357,Mumbai,Maharashtra,India,Silver,2023-10-31,Inactive
CUST004700,Kathryn,Harris,Female,1959-04-29,kathryn.harris@gmail.com,4544707475,Delhi,Delhi,India,Gold,2024-01-16,Active
CUST004701,Brian,Palmer,Female,1973-05-13,brian.palmer@yahoo.com,0806918038,Chennai,Tamil Nadu,India,Platinum,2025-12-24,Inactive
CUST004702,Lisa,Bond,Male,2000-09-09,lisa.bond@outlook.com,5344189794,Singapore,Singapore,Singapore,Platinum,2026-02-13,Active
CUST004703,David,Gilmore,Female,1965-04-08,david.gilmore@gmail.com,6416302712,London,England,United Kingdom,Platinum,2023-09-06,Inactive
CUST004704,Greg,Brewer,Male,1960-09-15,greg.brewer@gmail.com,9107174996,Chennai ,Tamil Nadu,India,Diamond,2025-05-21,Active
CUST004705,Nathan,Lewis,Female,1994-02-11,nathan.lewis@gmail.com,4162587946,Delhi,Delhi,India,Diamond,2023-08-09,Inactive
CUST004706,Kevin,Anderson,Male,1994-11-11,kevin.anderson@outlook.com,8439739982,Hyderabad,Telangana,India,Silver,2024-03-28,Active
CUST004707,Michael,Garcia,Female,2004-05-25,michael.garcia@gmail.com,4400701831,Mumbai,Maharashtra,India,Silver,2025-07-17,Inactive
CUST004708,Kristin,Murray,Female,1973-06-23,kristin.murray@gmail.com,8134239178,Bengaluru,Karnataka,India,Platinum,2024-11-24,Active
CUST004709,Jack,Frederick,Female,2004-01-04,jack.frederick@yahoo.com,7415946130,Mumbai,Maharashtra,India,Gold,2026-04-07,Inactive
CUST004710,Nicholas,Vaughn,Female,1978-11-21,nicholas.vaughn@outlook.com,,New York,New York,United States,Diamond,2022-07-20,Inactive
CUST004711,Kenneth,Hernandez,Male,1973-04-21,kenneth.hernandez@yahoo.com,8719697983,Singapore,Singapore,Singapore,Gold,2022-12-17,Inactive
CUST004712,Brittany,Barrett,Male,1973-07-18,brittany.barrett@hotmail.com,4606621937,London,England,United Kingdom,Platinum,2024-08-03,Inactive
CUST004713,Rebecca,Fisher,Female,1977-07-01,rebecca.fisher@gmail.com,4131410170,Singapore,Singapore,Singapore,Silver,2025-01-20,Inactive
CUST004714,John,Hayes,Female,1973-12-18,john.hayes@gmail.com,6805720598,Delhi,Delhi,India,Diamond,2021-11-19,Inactive
CUST004715,Deborah,Hill,Female,1989-06-30,deborah.hill@outlook.com,8255980149,Bengaluru,Karnataka,India,Diamond,2024-04-27,Active
CUST004716,Bernard,Wang,Female,1972-08-26,@gmail.com,9201208116,Singapore,Singapore,Singapore,Gold,2025-05-13,Inactive
CUST004717,Michael,Yates,Female,1960-10-11,michael.yates@hotmail.com,3300766985,London,England,United Kingdom,Diamond,2023-11-08,Active
CUST004718,Abigail,Morris,Female,2007-12-18,abigail.morris@hotmail.com,7432927331,London,England,United Kingdom,Platinum,2026-01-20,Active
CUST004719,Scott,Galvan,Male,2000-10-18,scott.galvan@hotmail.com,6819523102,BENGALURU,Karnataka,India,Gold,2024-10-09,Inactive
CUST004720,Lori,Sweeney,Female,1961-07-19,###@gmail.com,7265339008,Chennai,Tamil Nadu,India,Silver,2023-03-18,Inactive
CUST004721,Gabrielle,Bishop,Female,1983-09-30,gabrielle.bishop@yahoo.com,5071057265,Dubai,Dubai,UAE,Platinum,2023-01-05,Inactive
CUST004722,Michelle,Duarte,Male,1959-07-24,michelle.duarte@hotmail.com,1109285413,London,England,United Kingdom,Platinum,2023-01-04,Inactive
CUST004723,Nathan,Gallagher,Female,1964-08-18,nathan.gallagher@outlook.com,3464134347,Chennai,Tamil Nadu,India,Silver,2024-08-11,Active
CUST004724,Jessica,Fletcher,Male,1972-05-25,jessica.fletcher@yahoo.com,2431615651,Dubai,Dubai,UAE,Diamond,2026-05-02,Inactive
CUST004725,Henry,Romero,Male,1996-06-13,henry.romero@gmail.com,2308211140,Sydney,New South Wales,Australia,Diamond,2023-03-14,Inactive
CUST004726,Mark,Wang,Male,1975-02-15,,,Singapore,Singapore,Singapore,Silver,2024-01-27,Inactive
CUST004727,Melissa,Williamson,Female,2006-11-30,melissa.williamson@hotmail.com,3001839573,Chennai,Tamil Nadu,India,Silver,2022-03-13,Active
CUST004728,Kenneth,Rubio,Female,1955-11-13,kenneth.rubio@gmail.com,4314691069,Singapore,Singapore,Singapore,Diamond,2025-05-17,Active
CUST004729,Debra,Fisher,Female,1997-10-04,debra.fisher@yahoo.com,4324717946,Hyderabad,Telangana,India,Gold,2022-07-23,Active
CUST004730,Debra,Burton,Male,1983-04-15,debra.burton@yahoo.com,9086065107,Delhi,Delhi,India,Gold,2023-08-17,Inactive
CUST004731,Brian,Spence,Male,1989-10-24,brian.spence@gmail.com,9654087117,London,England,United Kingdom,Silver,2023-09-01,Inactive
CUST004732,Justin,Hull,Female,1963-08-09,justin.hull@gmail.com,1441010175,London,England,United Kingdom,Platinum,2022-07-21,Inactive
CUST004733,Zoe,Anderson,Female,2004-12-29,zoe.anderson@gmail.com,3572481485,Delhi,Delhi,India,Silver,2023-11-30,Active
CUST004734,Sarah,Medina,Male,2002-08-24,sarah.medina@gmail.com,0208243388,Sydney,New South Wales,Australia,Platinum,2025-01-07,Active
CUST004735,April,Martinez,Female,1961-08-05,april.martinez@outlook.com,2608902395,Chennai,Tamil Nadu,India,Diamond,2025-07-25,Active
CUST004736,Stacy,Watkins,Male,2005-09-27,stacy.watkins@yahoo.com,3106391554,Mumbai,Maharashtra,India,Diamond,2023-03-29,Inactive
CUST004737,James,Lee,Female,1964-06-13,james.lee@gmail.com,1244908533,Mumbai,Maharashtra,India,Platinum,2026-07-12,Inactive
CUST004738,Daniel,Acosta,Male,1992-03-27,daniel.acosta@hotmail.com,9004846412,Chennai,Tamil Nadu,India,Platinum,2024-01-08,Active
CUST004739,Lindsey,Weiss,Male,1987-04-22,lindsey.weiss@outlook.com,0407652481,Dubai,Dubai,UAE,Diamond,2022-02-12,Inactive
CUST004740,Matthew,Wilkins,Female,1965-06-28,matthew.wilkins@yahoo.com,7596856742,Chennai,Tamil Nadu,India,Gold,2023-09-14,Inactive
CUST004741,Dillon,Palmer,Female,1987-10-27,dillon.palmer@yahoo.com,3470841345,Dubai,Dubai,UAE,Platinum,2022-01-21,Inactive
CUST004742,Nicole,Peters,Female,1955-12-06,nicole.peters@gmail.com,9407730411,Delhi,Delhi,India,Gold,2024-04-11,Inactive
CUST004743,Joseph,Perez,Male,1980-03-24,joseph.perez@gmail.com,7439916538,Singapore,Singapore,Singapore,Diamond,2025-07-20,Inactive
CUST004744,Kimberly,Gonzales,Male,2006-07-03,kimberly.gonzales@yahoo.com,4310326194,Hyderabad,Telangana,India,Gold,2022-10-21,Active
CUST004745,Brian,Randolph,Female,1991-03-01,brian.randolph@hotmail.com,0306720337,Dubai,Dubai,UAE,Diamond,2025-03-25,Inactive
CUST004746,Jill,Mullins,Female,1963-06-12,jill.mullins@gmail.com,3267481162, Delhi,Delhi,India,Gold,2025-05-28,Active
CUST004747,Shannon,Ferguson,Female,1975-03-31,shannon.ferguson@outlook.com,5879466911,Mumbai,Maharashtra,India,Platinum,2025-04-18,Inactive
CUST004748,Daniel,Barron,Female,1985-11-26,daniel.barron@gmail.com,4909494780,New York,New York,United States,Gold,2023-08-15,Active
CUST004749,David,Pope,Male,1972-01-23,david.pope@gmail.com,1764833588,Sydney,New South Wales,Australia,Platinum,2025-12-16,Active
CUST004750,Jacob,Castillo,Female,1992-04-16,jacob.castillo@outlook.com,7247614458,Bengaluru,Karnataka,India,Gold,2026-01-26,Active
CUST004751,Suzanne,Browning,Male,1990-11-09,suzanne.browning@gmail.com,3137439735,Delhi,Delhi,India,Silver,2023-10-03,Inactive
CUST004752,Michael,Freeman,Male,1966-12-21,michael.freeman@gmail.com,7383622684,Sydney,New South Wales,Australia,Diamond,2022-12-07,Inactive
CUST004753,Richard,Wilson,Male,1957-06-23,richard.wilson@gmail.com,7371014998,Delhi,Delhi,India,Silver,2024-07-10,Active
CUST004754,Alexandra,Gonzales,Female,2003-08-17,alexandra.gonzales@yahoo.com,1199155233, Sydney,New South Wales,Australia,Platinum,2022-03-01,Active
CUST004755,Eric,Hendrix,Male,1966-10-04,eric.hendrix@outlook.com,0210481724,Hyderabad,Telangana,India,Gold,2022-08-08,Inactive
CUST004756,Christopher,Harris,Female,1994-07-21,christopher.harris@yahoo.com,5811306922,DELHI,Delhi,India,Gold,2023-03-11,Active
CUST004757,Carlos,Thomas,Female,1984-03-05,carlos.thomas@gmail.com,0342336439,Bengaluru,Karnataka,India,Gold,2024-10-15,Active
CUST004758,Adam,Baxter,Female,1989-01-05,adam.baxter@gmail.com,3476368584,New York,New York,United States,Diamond,2023-02-03,Inactive
CUST004759,Jamie,Dougherty,Male,1966-07-04,jamie.dougherty@hotmail.com,1635359593,Singapore,Singapore,Singapore,Silver,2021-10-27,Inactive
CUST004760,Vincent,Haley,Male,1973-09-06,vincent.haley@outlook.com,2560454544,London ,England,United Kingdom,Diamond,2023-12-16,Active
CUST004761,Ashley,Smith,Female,2003-01-16,ashley.smith@yahoo.com,9115759000,Dubai,Dubai,UAE,Silver,2021-10-31,Inactive
CUST004762,Jesus,Garcia,Male,1994-07-05,jesus.garcia@outlook.com,9079679549,New York,New York,United States,Platinum,2024-06-27,Active
CUST004763,Thomas,Lee,Female,1984-09-12,thomas.lee@hotmail.com,1402319733, Sydney,New South Wales,Australia,Diamond,2025-01-24,Active
CUST004764,Kevin,Zavala,Female,1962-07-04,kevin.zavala@gmail.com,4369001949,Mumbai,Maharashtra,India,Diamond,2022-12-11,Active
CUST004765,Jessica,Rodriguez,Female,1958-02-08,jessica.rodriguez@hotmail.com,8046602695,Mumbai,Maharashtra,India,Diamond,2025-12-13,Active
CUST004766,Justin,Anderson,Male,1958-04-21,justin.anderson@outlook.com,8396807868, Delhi,Delhi,India,Platinum,2023-08-08,Inactive
CUST004767,Jessica,Smith,Female,2003-07-23,jessica.smith@hotmail.com,2441507662,Chennai,Tamil Nadu,India,Gold,2023-04-06,Active
CUST004768,David,Kennedy,Female,1998-06-05,david.kennedy@outlook.com,6023083594,Dubai,Dubai,UAE,Platinum,2025-12-17,Inactive
CUST004769,Judy,Ross,Male,1968-07-30,judy.ross@gmail.com,5041126329,New York,New York,United States,Silver,2025-04-22,Active
CUST004770,Cindy,Hall,Female,1987-04-05,cindy.hall@gmail.com,6827241084,Hyderabad,Telangana,India,Silver,2024-03-31,Inactive
CUST004771,Aaron,Donovan,Female,1994-08-20,aaron.donovan@yahoo.com,4811629454, Bengaluru,Karnataka,India,Gold,2022-10-27,Inactive
CUST004772,Cameron,Kramer,Male,1966-08-27,cameron.kramer@gmail.com,8321355080,Dubai,Dubai,UAE,Platinum,2024-11-06,Inactive
CUST004773,Eric,Anderson,Male,1982-01-06,eric.anderson@outlook.com,9498437598,Mumbai,Maharashtra,India,Diamond,2021-08-25,Active
CUST004774,Richard,Mclean,Male,1965-11-12,,9040874133,Chennai,Tamil Nadu,India,Gold,2022-01-07,Active
CUST004775,Jesse,Ware,Male,1957-11-06,jesse.ware@yahoo.com,4220033161,Singapore,Singapore,Singapore,Platinum,2023-05-21,Active
CUST004776,Brenda,Wilkerson,Male,1960-05-15,brenda.wilkerson@outlook.com,2577409821,Singapore,Singapore,Singapore,Diamond,2023-07-05,Active
CUST004777,Samuel,Rose,Female,1996-03-08,samuel.rose@hotmail.com,5089591701,Chennai,Tamil Nadu,India,Diamond,2022-07-28,Inactive
CUST004778,David,Mclaughlin,Female,1969-03-31,david.mclaughlin@yahoo.com,6007677086,Dubai,Dubai,UAE,Gold,2025-03-17,Inactive
CUST004779,Susan,Anderson,Female,2004-08-31,susan.anderson@yahoo.com,1938149955,Singapore,Singapore,Singapore,Silver,2025-03-02,Active
CUST004780,Christopher,Morales,Female,1963-03-07,christopher.morales@outlook.com,2388717223,Delhi,Delhi,India,Gold,2024-06-22,Inactive
CUST004781,David,Cruz,Female,1975-12-03,david.cruz@hotmail.com,9517400079,London,England,United Kingdom,Platinum,2022-08-13,Inactive
CUST004782,Julie,Jenkins,Male,1977-10-03,julie.jenkins@gmail.com,4785137873, SYDNEY,New South Wales,Australia,Gold,2026-01-20,Inactive
CUST004783,Susan,Gonzales,Female,1987-07-24,susan.gonzales@hotmail.com,1995952868,Chennai,Tamil Nadu,India,Silver,2022-05-18,Active
CUST004784,Mario,Whitney,Female,1966-05-19,mario.whitney@gmail.com,4847924843,New York,New York,United States,Gold,2026-07-13,Inactive
CUST004785,Mary,Buchanan,Female,1982-05-29,mary.buchanan@gmail.com,8908018968,Hyderabad,Telangana,India,Gold,2022-12-11,Active
CUST004786,Tonya,Webb,Male,1984-12-17,tonya.webb@yahoo.com,9139395103,Sydney,New South Wales,Australia,Platinum,2024-11-21,Active
CUST004787,Rebecca,Shah,Female,2006-11-06,rebecca.shah@outlook.com,0254911692,Bengaluru,Karnataka,India,Silver,2023-12-02,Active
CUST004788,Matthew,Richardson,Male,1997-01-08,matthew.richardson@hotmail.com,7247760699,Mumbai,Maharashtra,India,Diamond,2024-12-28,Active
CUST004789,Jordan,Robinson,Female,1992-05-21,jordan.robinson@outlook.com,,Sydney,New South Wales,Australia,Silver,2024-04-23,Inactive
CUST004790,Keith,Mason,Female,2005-07-19,keith.mason@outlook.com,3362047058,Singapore,Singapore,Singapore,Silver,2026-05-27,Inactive
CUST004791,Stephanie,Cole,Female,1987-10-27,,7731768765,Hyderabad,Telangana,India,Diamond,2022-01-18,Inactive
CUST004792,Molly,Hurley,Female,1976-11-22,molly.hurley@outlook.com,3053157505,Sydney,New South Wales,Australia,Platinum,2024-08-27,Inactive
CUST004793,Tiffany,Gill,Male,1989-10-14,tiffany.gill@outlook.com,2779667374,Dubai,Dubai,UAE,Platinum,2022-10-25,Inactive
CUST004794,Carolyn,Gutierrez,Female,1987-12-15,carolyn.gutierrez@outlook.com,7019288636,Dubai,Dubai,UAE,Platinum,2022-05-24,Inactive
CUST004795,Kimberly,Gamble,Male,2003-08-16,kimberly.gamble@yahoo.com,0643953577,Delhi,Delhi,India,Gold,2022-12-06,Active
CUST004796,Wendy,Daniel,Female,1959-07-08,wendy.daniel@hotmail.com,4977384027,Hyderabad,Telangana,India,Gold,2022-02-06,Inactive
CUST004797,Jennifer,Ray,Male,1957-12-22,jennifer.ray@hotmail.com,6779186537,Mumbai,Maharashtra,India,Platinum,2024-02-26,Active
CUST004798,Larry,Ramos,Female,1964-12-03,larry.ramos@yahoo.com,2861483969, Hyderabad,Telangana,India,Gold,2023-02-28,Active
CUST004799,Jennifer,Velazquez,Female,1986-06-26,jennifer.velazquez@hotmail.com,7945743837,Mumbai,Maharashtra,India,Gold,2025-03-22,Active
CUST004800,Heather,Combs,Female,1986-11-21,heather.combs@gmail.com,9049477331,Delhi,Delhi,India,Diamond,2025-10-17,Inactive
CUST004801,Douglas,Gomez,Male,1981-11-05,douglas.gomez@yahoo.com,3772926156,New York,New York,United States,Gold,2022-12-25,Inactive
CUST004802,William,Brooks,Male,1956-02-26,william.brooks@outlook.com,1272710681,New York,New York,United States,Silver,2022-09-19,Inactive
CUST004803,Joe,Wade,Female,1968-06-03,joe.wade@yahoo.com,1704825276,Hyderabad,Telangana,India,Silver,2026-04-02,Active
CUST004804,Michael,Miller,Female,2003-06-12,michael.miller@yahoo.com,2221779683,Delhi,Delhi,India,Diamond,2024-12-04,Inactive
CUST004805,Ryan,Reyes,Female,1998-02-22,ryan.reyes@outlook.com,4978366011,Mumbai,Maharashtra,India,Diamond,2025-04-04,Active
CUST004806,Sheri,Coleman,Male,2000-06-09,sheri.coleman@hotmail.com,5639818390,Bengaluru,Karnataka,India,Silver,2025-05-29,Active
CUST004807,Stephanie,Gordon,Male,1970-04-14,stephanie.gordon@yahoo.com,2058031619,Sydney,New South Wales,Australia,Silver,2024-08-30,Active
CUST004808,Nicholas,Mcclure,Male,1991-02-19,nicholas.mcclure@gmail.com,9890716894,Hyderabad,Telangana,India,Diamond,2023-07-10,Inactive
CUST004809,Joshua,Gray,Male,1966-02-21,joshua.gray@gmail.com,8870779107,Mumbai,Maharashtra,India,Diamond,2022-09-23,Inactive
CUST004810,Michael,Anderson,Male,1977-11-11,michael.anderson@gmail.com,0675155515,Delhi,Delhi,India,Platinum,2024-12-17,Active
CUST004811,Gerald,Jones,Male,1983-11-24,gerald.jones@hotmail.com,6596168854,London,England,United Kingdom,Platinum,2022-03-08,Inactive
CUST004812,Lauren,Hardy,Female,1987-12-01,lauren.hardy@gmail.com,2981264403,Sydney,New South Wales,Australia,Diamond,2024-10-02,Inactive
CUST004813,Steven,Moss,Female,1993-11-28,steven.moss@gmail.com,8399566223,Delhi,Delhi,India,Platinum,2023-11-26,Inactive
CUST004814,Joseph,Jones,Male,1978-11-07,joseph.jones@hotmail.com,0346710745,Mumbai,Maharashtra,India,Diamond,2024-05-28,Inactive
CUST004815,Patrick,Green,Male,1984-06-18,patrick.green@hotmail.com,4102613292,Chennai,Tamil Nadu,India,Gold,2024-10-06,Inactive
CUST004816,Stacy,Barron,Male,1981-05-27,stacy.barron@gmail.com,6310844630,Delhi,Delhi,India,Gold,2022-12-29,Inactive
CUST004817,Jonathan,Flores,Male,1974-09-13,jonathan.flores@hotmail.com,4385634010,London ,England,United Kingdom,Diamond,2026-06-24,Active
CUST004818,Timothy,Robinson,Female,1985-05-31,timothy.robinson@yahoo.com,6493710622,Sydney,New South Wales,Australia,Silver,2025-02-26,Active
CUST004819,Steven,Holloway,Male,1994-02-16,,9193909347,Dubai ,Dubai,UAE,Silver,2023-03-07,Active
CUST004820,John,Alexander,Female,1963-01-25,gmail.com,4852219583,Hyderabad,Telangana,India,Diamond,2022-02-11,Active
CUST004821,Sharon,Smith,Female,2001-06-02,sharon.smith@gmail.com,2347142425,Mumbai,Maharashtra,India,Diamond,2024-12-13,Inactive
CUST004822,Katelyn,Cantrell,Male,1974-03-09,katelyn.cantrell@outlook.com,5736656634,Chennai,Tamil Nadu,India,Silver,2023-11-06,Inactive
CUST004823,Timothy,Ryan,Male,2005-03-25,timothy.ryan@hotmail.com,0289844243,Delhi,Delhi,India,Silver,2022-02-06,Active
CUST004824,Rachael,Adams,Male,1965-11-03,rachael.adams@hotmail.com,2408678065,Hyderabad,Telangana,India,Diamond,2024-10-06,Active
CUST004825,Jessica,Dixon,Female,1993-02-22,jessica.dixon@yahoo.com,9533362143,Chennai,Tamil Nadu,India,Diamond,2022-07-12,Active
CUST004826,Michael,Porter,Male,1999-02-07,michael.porter@gmail.com,5549378628,New York,New York,United States,Silver,2025-02-25,Active
CUST004827,Samantha,Williams,Female,1993-06-14,samantha.williams@gmail.com,7793259853,London,England,United Kingdom,Platinum,2023-08-08,Active
CUST004828,Kelly,Dixon,Female,1980-01-05,kelly.dixon@yahoo.com,8062562110,Dubai,Dubai,UAE,Silver,2025-02-16,Active
CUST004829,Susan,Krueger,Female,1994-09-02,susan.krueger@yahoo.com,0415415631,Sydney,New South Wales,Australia,Gold,2023-07-18,Inactive
CUST004830,Susan,Casey,Male,1983-01-02,susan.casey@gmail.com,9499677725,Bengaluru,Karnataka,India,Diamond,2022-02-26,Active
CUST004831,Rebecca,Delgado,Male,1956-06-08,rebecca.delgado@outlook.com,9093579210,Dubai,Dubai,UAE,Diamond,2023-08-17,Active
CUST004832,Joseph,Johnson,Female,1992-03-16,joseph.johnson@gmail.com,2690443299,Bengaluru ,Karnataka,India,Diamond,2023-12-16,Inactive
CUST004833,Omar,Stephenson,Male,2001-03-12,omar.stephenson@yahoo.com,5690895223,Mumbai,Maharashtra,India,Diamond,2022-05-07,Active
CUST004834,Kyle,Wagner,Female,1992-06-24,kyle.wagner@outlook.com,0333097221,DUBAI,Dubai,UAE,Platinum,2025-09-25,Inactive
CUST004835,Robert,Dixon,Male,1966-07-20,robert.dixon@outlook.com,9009664984,Dubai,Dubai,UAE,Diamond,2025-08-09,Inactive
CUST004836,Rodney,Randolph,Male,1968-01-07,rodney.randolph@yahoo.com,6478846227,Mumbai,Maharashtra,India,Platinum,2025-02-08,Inactive
CUST004837,Yolanda,Woods,Female,1956-11-03,yolanda.woods@gmail.com,1758872701,London,England,United Kingdom,Diamond,2025-11-26,Inactive
CUST004838,Taylor,Marks,Female,2000-08-25,taylor.marks@hotmail.com,3856797727, New York,New York,United States,Diamond,2025-04-20,Active
CUST004839,David,Lyons,Female,1959-10-06,david.lyons@hotmail.com,1993222056,Hyderabad,Telangana,India,Gold,2024-03-02,Active
CUST004840,Danielle,Lee,Male,1970-04-01,gmail.com,1355101238,Bengaluru,Karnataka,India,Gold,2024-09-18,Active
CUST004841,Bobby,Medina,Male,1965-11-08,bobby.medina@yahoo.com,6835726489,Bengaluru,Karnataka,India,Diamond,2024-05-27,Active
CUST004842,Michelle,Thomas,Male,1969-06-01,michelle.thomas@outlook.com,0257716999,Sydney,New South Wales,Australia,Diamond,2024-03-23,Inactive
CUST004843,Joan,Reese,Male,1994-09-26,joan.reese@hotmail.com,4006612275,Bengaluru,Karnataka,India,Silver,2022-10-05,Active
CUST004844,Joshua,Jones,Male,2003-11-27,joshua.jones@hotmail.com,9028990236,New York,New York,United States,Diamond,2026-07-21,Active
CUST004845,Kimberly,Odonnell,Male,2008-03-22,kimberly.odonnell@yahoo.com,5151481228,Mumbai,Maharashtra,India,Silver,2023-11-06,Inactive
CUST004846,Wanda,Foster,Female,2003-04-12,wanda.foster@yahoo.com,5599337204,Delhi,Delhi,India,Platinum,2026-02-28,Inactive
CUST004847,Nicolas,Tucker,Female,1975-04-09,nicolas.tucker@gmail.com,9044042186,Dubai,Dubai,UAE,Gold,2022-05-24,Inactive
CUST004848,Stacie,White,Male,1963-08-19,stacie.white@gmail.com,7511133609,Mumbai,Maharashtra,India,Diamond,2025-09-11,Active
CUST004849,Grant,Rocha,Female,1987-04-15,grant.rocha@gmail.com,5457321975,Singapore,Singapore,Singapore,Silver,2023-08-17,Inactive
CUST004850,Alyssa,Anderson,Male,1980-06-18,alyssa.anderson@hotmail.com,4228299137,Sydney,New South Wales,Australia,Platinum,2023-12-21,Inactive
CUST004851,Stephen,Mendez,Male,1999-09-25,stephen.mendez@hotmail.com,1388815910,London,England,United Kingdom,Gold,2022-10-31,Inactive
CUST004852,Karen,Abbott,Female,1991-04-17,karen.abbott@yahoo.com,0959499963,Hyderabad,Telangana,India,Gold,2022-08-29,Inactive
CUST004853,Melody,Hull,Female,1998-05-31,melody.hull@gmail.com,0180439199,London,England,United Kingdom,Gold,2022-04-08,Inactive
CUST004854,Shelby,Bray,Female,1967-11-27,shelby.bray@gmail.com,8494685876,Hyderabad,Telangana,India,Silver,2021-10-22,Inactive
CUST004855,David,Mathews,Male,1994-05-07,david.mathews@hotmail.com,9152974217,London,England,United Kingdom,Diamond,2022-07-25,Active
CUST004856,Rachel,Guerra,Male,1992-08-19,rachel.guerra@yahoo.com,8111223426,Delhi,Delhi,India,Gold,2025-06-03,Inactive
CUST004857,Michael,Salazar,Female,1998-01-11,michael.salazar@yahoo.com,8467241997,Hyderabad,Telangana,India,Platinum,2025-05-17,Active
CUST004858,Kimberly,David,Male,1999-10-28,kimberly.david@outlook.com,2157607993,Mumbai,Maharashtra,India,Silver,2026-04-08,Active
CUST004859,Michael,Pineda,Male,1966-04-08,michael.pineda@hotmail.com,2784188022,Sydney,New South Wales,Australia,Diamond,2026-02-05,Inactive
CUST004860,Stephen,Williams,Female,1964-04-18,stephen.williams@hotmail.com,0813929986,Singapore,Singapore,Singapore,Gold,2024-08-17,Inactive
CUST004861,Paul,Peck,Female,2007-09-06,paul.peck@hotmail.com,0605998254,Dubai,Dubai,UAE,Platinum,2023-10-05,Active
CUST004862,Teresa,Davis,Female,1969-06-14,teresa.davis@yahoo.com,3236606207,Sydney,New South Wales,Australia,Silver,2024-07-12,Active
CUST004863,Audrey,Taylor,Male,1977-09-11,audrey.taylor@gmail.com,6162086335,Bengaluru,Karnataka,India,Platinum,2024-07-14,Inactive
CUST004864,Garrett,Oconnell,Female,2006-11-21,garrett.oconnell@outlook.com,7995711123,Chennai,Tamil Nadu,India,Silver,2026-01-18,Inactive
CUST004865,Charlene,Holden,Female,1964-11-27,charlene.holden@hotmail.com,9934367906,Sydney,New South Wales,Australia,Gold,2025-05-22,Inactive
CUST004866,Vanessa,Todd,Female,1961-10-08,vanessa.todd@outlook.com,8501737263,CHENNAI,Tamil Nadu,India,Diamond,2026-07-22,Inactive
CUST004867,Jesus,Lee,Male,1987-04-01,jesus.lee@outlook.com,3843461351,Dubai,Dubai,UAE,Diamond,2023-05-18,Inactive
CUST004868,Gabriel,Johnson,Female,1990-02-11,gabriel.johnson@hotmail.com,3854463509,CHENNAI,Tamil Nadu,India,Silver,2023-02-09,Active
CUST004869,Eric,Anderson,Male,1986-06-21,eric.anderson@yahoo.com,1795945856,New York,New York,United States,Platinum,2023-06-10,Inactive
CUST004870,Kenneth,Harris,Female,1972-05-01,kenneth.harris@yahoo.com,4315571843,Bengaluru,Karnataka,India,Silver,2025-08-03,Active
CUST004871,Derek,Greene,Female,1998-08-20,derek.greene@yahoo.com,3664163170,Dubai,Dubai,UAE,Diamond,2022-07-11,Inactive
CUST004872,William,Henderson,Female,1968-07-06,william.henderson@yahoo.com,5975581911,Hyderabad,Telangana,India,Silver,2024-04-12,Active
CUST004873,Lisa,Leach,Male,1999-03-24,lisa.leach@yahoo.com,4671257829,Singapore,Singapore,Singapore,Platinum,2023-03-20,Active
CUST004874,Jennifer,Glenn,Male,1970-01-11,jennifer.glenn@gmail.com,0994311630,Delhi,Delhi,India,Platinum,2022-02-10,Inactive
CUST004875,Billy,Anderson,Male,2002-01-13,billy.anderson@hotmail.com,1038273924,New York,New York,United States,Gold,2024-10-17,Inactive
CUST004876,Todd,Hamilton,Male,1996-02-23,todd.hamilton@hotmail.com,0901535408,New York,New York,United States,Silver,2022-04-08,Inactive
CUST004877,Sarah,Hopkins,Female,1987-09-24,sarah.hopkins@outlook.com,9178991893,New York,New York,United States,Silver,2021-08-28,Active
CUST004878,Emma,Hogan,Female,1995-11-07,emma.hogan@hotmail.com,0435236912,Hyderabad,Telangana,India,Platinum,2021-12-30,Inactive
CUST004879,Jennifer,Lopez,Female,1983-11-03,jennifer.lopez@outlook.com,9358008555,Hyderabad,Telangana,India,Gold,2025-04-04,Inactive
CUST004880,Jamie,Brown,Female,1964-02-21,,3489967088,Dubai,Dubai,UAE,Gold,2025-06-07,Active
CUST004881,Robert,Peterson,Male,1987-07-18,robert.peterson@yahoo.com,9832017949,Singapore,Singapore,Singapore,Gold,2022-04-17,Inactive
CUST004882,Laura,Arnold,Female,1974-02-06,laura.arnold@gmail.com,8624340813,Singapore,Singapore,Singapore,Gold,2023-03-01,Active
CUST004883,Diana,West,Male,1978-03-29,diana.west@yahoo.com,7352270520,Dubai,Dubai,UAE,Diamond,2021-09-05,Active
CUST004884,Amanda,Watson,Male,2002-07-18,amanda.watson@outlook.com,5721971712,New York,New York,United States,Platinum,2023-02-13,Active
CUST004885,Joshua,Wolfe,Female,2005-11-02,joshua.wolfe@yahoo.com,4074745176,New York,New York,United States,Diamond,2023-11-02,Active
CUST004886,Heather,Herrera,Female,1989-10-20,heather.herrera@yahoo.com,5689940572,Sydney,New South Wales,Australia,Platinum,2024-01-02,Inactive
CUST004887,Tina,Gonzalez,Female,1970-04-09,tina.gonzalez@yahoo.com,7981801121,Chennai,Tamil Nadu,India,Silver,2021-12-17,Active
CUST004888,Stacy,Lee,Female,2005-06-30,stacy.lee@hotmail.com,7618370320,Hyderabad,Telangana,India,Platinum,2022-06-15,Inactive
CUST004889,Brandon,Mack,Female,1965-07-07,brandon.mack@gmail.com,7420922946,Singapore,Singapore,Singapore,Platinum,2023-06-27,Inactive
CUST004890,James,Valentine,Male,1962-03-19,james.valentine@hotmail.com,3189792802,Delhi,Delhi,India,Gold,2024-12-16,Active
CUST004891,Kyle,Singh,Male,1964-12-25,kyle.singh@outlook.com,0167197263,Mumbai,Maharashtra,India,Gold,2025-08-06,Active
CUST004892,Zachary,Campbell,Male,1971-07-13,zachary.campbell@gmail.com,0935695902,Chennai,Tamil Nadu,India,Platinum,2021-08-21,Inactive
CUST004893,Jessica,Armstrong,Male,1979-03-21,jessica.armstrong@yahoo.com,7627780814,Hyderabad,Telangana,India,Diamond,2023-07-31,Active
CUST004894,Debbie,Anderson,Male,1978-07-21,debbie.anderson@gmail.com,5980617844,Delhi,Delhi,India,Gold,2023-08-16,Active
CUST004895,Robert,Ford,Female,2005-05-07,robert.ford@yahoo.com,,Delhi,Delhi,India,Silver,2022-11-02,Inactive
CUST004896,Jonathan,Brown,Male,1976-04-03,john@gmail,3279682554,Chennai,Tamil Nadu,India,Platinum,2026-06-19,Inactive
CUST004897,Morgan,Little,Female,1960-10-28,morgan.little@outlook.com,7329654321,Mumbai,Maharashtra,India,Diamond,2025-05-02,Active
CUST004898,Laura,Thompson,Male,1983-03-02,laura.thompson@hotmail.com,0987039987,Chennai,Tamil Nadu,India,Gold,2025-12-22,Inactive
CUST004899,Scott,Horton,Female,1983-04-01,scott.horton@yahoo.com,1652691690,Sydney,New South Wales,Australia,Diamond,2021-09-11,Active
CUST004900,Tyler,Ray,Male,1999-12-11,tyler.ray@outlook.com,5751632888,London,England,United Kingdom,Platinum,2026-02-25,Active
CUST004901,Jose,Martinez,Male,1980-02-03,jose.martinez@gmail.com,4913851612,New York,New York,United States,Gold,2025-11-30,Active
CUST004902,Marvin,Thomas,Female,1988-04-04,marvin.thomas@yahoo.com,5067228655,Bengaluru,Karnataka,India,Silver,2022-02-17,Inactive
CUST004903,Sean,Weeks,Male,1966-10-22,sean.weeks@gmail.com,6021182536,Singapore,Singapore,Singapore,Silver,2026-06-09,Inactive
CUST004904,Brian,Martinez,Female,1961-11-20,brian.martinez@hotmail.com,3067746641,Delhi,Delhi,India,Gold,2024-05-01,Inactive
CUST004905,Joseph,Richardson,Male,1960-09-13,joseph.richardson@yahoo.com,6943885744,Hyderabad,Telangana,India,Platinum,2025-02-17,Active
CUST004906,Ashley,Fox,Male,1969-07-29,ashley.fox@gmail.com,3149562182,Mumbai,Maharashtra,India,Silver,2025-07-30,Active
CUST004907,Christopher,Davis,Female,1959-06-01,christopher.davis@outlook.com,2280527342,Delhi,Delhi,India,Gold,2026-07-24,Inactive
CUST004908,Andrew,Adams,Male,2004-07-07,andrew.adams@outlook.com,3725052542,London,England,United Kingdom,Silver,2026-01-26,Inactive
CUST004909,Donald,Morrison,Female,1959-01-08,donald.morrison@yahoo.com,6921212488,Dubai,Dubai,UAE,Gold,2024-11-12,Inactive
CUST004910,James,Anderson,Female,1993-07-06,james.anderson@hotmail.com,4854695531,Chennai,Tamil Nadu,India,Silver,2024-06-24,Active
CUST004911,Amanda,Burgess,Male,2000-05-24,@gmail.com,5487546696,Singapore,Singapore,Singapore,Silver,2022-04-07,Active
CUST004912,William,Banks,Male,1994-11-25,william.banks@yahoo.com,3326281664,Mumbai,Maharashtra,India,Platinum,2025-10-11,Active
CUST004913,Ryan,Davis,Male,1968-12-23,ryan.davis@outlook.com,1000369116,New York,New York,United States,Gold,2026-06-29,Active
CUST004914,Trevor,Brown,Male,1975-01-08,trevor.brown@yahoo.com,6070010573,Chennai,Tamil Nadu,India,Platinum,2022-12-08,Inactive
CUST004915,Tonya,Vincent,Male,1972-02-18,tonya.vincent@gmail.com,4842444705,Sydney,New South Wales,Australia,Gold,2021-11-30,Inactive
CUST004916,Stephanie,Roberts,Male,1993-08-02,stephanie.roberts@hotmail.com,7144443917,Sydney,New South Wales,Australia,Gold,2021-09-05,Inactive
CUST004917,Kevin,Smith,Male,1987-01-01,kevin.smith@hotmail.com,0970975438,Dubai,Dubai,UAE,Platinum,2024-10-16,Active
CUST004918,Melissa,Christian,Male,1981-07-18,melissa.christian@outlook.com,1919728254,Bengaluru,Karnataka,India,Diamond,2022-09-28,Active
CUST004919,Donna,Black,Male,2004-03-09,donna.black@outlook.com,8837937677,Hyderabad,Telangana,India,Diamond,2025-03-11,Inactive
CUST004920,Tracy,Collins,Male,1999-10-01,tracy.collins@yahoo.com,6183014986,Delhi ,Delhi,India,Gold,2022-11-13,Active
CUST004921,John,Edwards,Male,1964-11-07,john.edwards@yahoo.com,7254829465,Chennai,Tamil Nadu,India,Diamond,2022-02-04,Active
CUST004922,Elizabeth,Morgan,Male,2007-04-23,elizabeth.morgan@yahoo.com,1687593393,Chennai,Tamil Nadu,India,Gold,2023-08-08,Inactive
CUST004923,Amber,Ross,Male,1966-12-04,amber.ross@outlook.com,4660029357,Delhi,Delhi,India,Diamond,2024-04-14,Inactive
CUST004924,Lisa,Lewis,Male,1980-02-20,lisa.lewis@hotmail.com,,London,England,United Kingdom,Platinum,2022-12-28,Inactive
CUST004925,Michele,Holmes,Male,1984-09-03,michele.holmes@outlook.com,6372633898,Dubai,Dubai,UAE,Platinum,2026-01-21,Inactive
CUST004926,Joshua,Rodriguez,Male,1997-01-16,joshua.rodriguez@hotmail.com,3146695849,Dubai,Dubai,UAE,Gold,2022-09-15,Active
CUST004927,Matthew,James,Male,2006-11-26,matthew.james@hotmail.com,0273844366,London,England,United Kingdom,Diamond,2023-09-28,Active
CUST004928,Mark,Robinson,Male,1994-03-12,mark.robinson@yahoo.com,9881107755,London,England,United Kingdom,Silver,2026-07-05,Inactive
CUST004929,Patrick,Stanley,Female,1977-01-03,patrick.stanley@hotmail.com,0297784832,Singapore,Singapore,Singapore,Diamond,2022-11-27,Active
CUST004930,Jorge,Williams,Male,1966-03-01,jorge.williams@outlook.com,4144501163,Chennai,Tamil Nadu,India,Silver,2024-12-31,Active
CUST004931,Wendy,Hart,Female,2007-09-28,wendy.hart@gmail.com,4406006200,Dubai,Dubai,UAE,Silver,2022-10-07,Active
CUST004932,Nicole,Miles,Female,1961-07-04,,3519292912,New York,New York,United States,Silver,2025-03-14,Inactive
CUST004933,Sarah,Snow,Female,1973-11-07,sarah.snow@yahoo.com,6027089507,Bengaluru,Karnataka,India,Silver,2026-01-04,Inactive
CUST004934,Christopher,Wade,Female,1998-01-08,christopher.wade@hotmail.com,0730634457,Bengaluru,Karnataka,India,Diamond,2022-03-31,Inactive
CUST004935,Brent,Barrera,Female,1961-06-08,brent.barrera@yahoo.com,,Chennai,Tamil Nadu,India,Diamond,2022-05-23,Active
CUST004936,Monique,Hardy,Female,1981-01-05,monique.hardy@outlook.com,8161227782,New York,New York,United States,Platinum,2022-02-22,Inactive
CUST004937,Ruth,Cole,Female,1974-04-27,ruth.cole@outlook.com,2595116433,London,England,United Kingdom,Gold,2021-12-03,Inactive
CUST004938,Chad,Steele,Male,2000-04-10,chad.steele@outlook.com,0112030335,Chennai,Tamil Nadu,India,Diamond,2024-01-20,Active
CUST004939,Wendy,Thomas,Male,1959-04-28,wendy.thomas@yahoo.com,0028961626,Singapore,Singapore,Singapore,Silver,2022-08-30,Active
CUST004940,Heather,Young,Female,1995-09-04,heather.young@outlook.com,5333457170,HYDERABAD,Telangana,India,Gold,2022-04-21,Inactive
CUST004941,Shawn,Ellis,Male,2004-10-05,shawn.ellis@hotmail.com,0747640908,London,England,United Kingdom,Platinum,2022-06-15,Active
CUST004942,Suzanne,Bush,Female,1984-03-03,suzanne.bush@outlook.com,9583465596,Bengaluru,Karnataka,India,Diamond,2025-08-04,Active
CUST004943,Kathleen,Rice,Male,1996-12-08,kathleen.rice@gmail.com,5616787500,Sydney,New South Wales,Australia,Silver,2025-01-11,Active
CUST004944,William,Savage,Male,1969-05-13,william.savage@gmail.com,6618779076, Hyderabad,Telangana,India,Silver,2024-07-09,Active
CUST004945,Steven,Buchanan,Female,2005-04-23,steven.buchanan@hotmail.com,1618955283,Dubai,Dubai,UAE,Silver,2024-01-02,Active
CUST004946,Mary,Tran,Female,1967-04-25,mary.tran@gmail.com,2679064318,Delhi,Delhi,India,Diamond,2026-02-27,Inactive
CUST004947,Kevin,Mills,Female,1959-02-21,kevin.mills@gmail.com,9663468469,Dubai,Dubai,UAE,Diamond,2021-12-08,Active
CUST004948,Rachel,Sampson,Male,2008-01-09,rachel.sampson@yahoo.com,7876591210,Chennai,Tamil Nadu,India,Silver,2023-11-01,Active
CUST004949,Patrick,Flores,Male,2007-08-29,patrick.flores@hotmail.com,9301040605,Dubai,Dubai,UAE,Diamond,2026-05-25,Active
CUST004950,Shannon,Vasquez,Female,1957-04-28,shannon.vasquez@hotmail.com,1920884191,Bengaluru,Karnataka,India,Silver,2023-12-18,Active
CUST004951,Allison,Stewart,Female,1998-10-04,allison.stewart@hotmail.com,0031546431,Delhi,Delhi,India,Diamond,2022-08-20,Inactive
CUST004952,Luis,Barker,Female,1972-01-27,luis.barker@yahoo.com,8296557639,Sydney,New South Wales,Australia,Diamond,2026-03-07,Inactive
CUST004953,Chad,Moore,Female,2004-04-08,chad.moore@outlook.com,4598807572,Mumbai,Maharashtra,India,Platinum,2022-08-21,Inactive
CUST004954,Dakota,Carlson,Male,2006-02-14,dakota.carlson@gmail.com,9710660359,Delhi,Delhi,India,Gold,2025-06-27,Active
CUST004955,Robin,Robinson,Male,1990-06-03,robin.robinson@yahoo.com,9063433236,Delhi,Delhi,India,Diamond,2025-10-06,Inactive
CUST004956,Emily,Miller,Male,1985-09-16,emily.miller@outlook.com,7027654350,Chennai,Tamil Nadu,India,Platinum,2026-03-18,Inactive
CUST004957,William,Archer,Female,1979-02-11,william.archer@hotmail.com,9079660228,Dubai,Dubai,UAE,Gold,2021-10-07,Active
CUST004958,Christina,Bishop,Male,1997-09-25,christina.bishop@yahoo.com,8483573455,Dubai,Dubai,UAE,Gold,2025-02-28,Inactive
CUST004959,Brittany,Mejia,Female,1959-01-27,brittany.mejia@outlook.com,4304287504,Chennai,Tamil Nadu,India,Platinum,2025-04-30,Inactive
CUST004960,Karen,Kramer,Male,1998-01-10,karen.kramer@yahoo.com,1985188185,Delhi,Delhi,India,Diamond,2026-03-29,Active
CUST004961,Jennifer,Smith,Female,1982-12-19,jennifer.smith@yahoo.com,8924745998,Delhi,Delhi,India,Gold,2022-11-19,Inactive
CUST004962,Rodney,Campbell,Male,1990-03-12,rodney.campbell@outlook.com,,Mumbai,Maharashtra,India,Gold,2025-12-04,Inactive
CUST004963,Keith,Lawson,Male,1958-10-23,keith.lawson@outlook.com,8538227720,Chennai,Tamil Nadu,India,Silver,2023-07-11,Active
CUST004964,Tracy,Cook,Female,2001-08-15,tracy.cook@outlook.com,7761369105,Bengaluru,Karnataka,India,Diamond,2021-12-07,Active
CUST004965,Lindsey,Murphy,Female,1980-02-27,lindsey.murphy@outlook.com,7989672898,London,England,United Kingdom,Silver,2022-04-16,Inactive
CUST004966,Alexander,Clayton,Female,1975-01-24,alexander.clayton@yahoo.com,9432541454,Sydney,New South Wales,Australia,Platinum,2024-12-10,Inactive
CUST004967,Amy,Moore,Male,1971-12-01,###@gmail.com,3991867634,Chennai,Tamil Nadu,India,Diamond,2024-11-01,Inactive
CUST004968,Shawn,Vaughn,Male,2002-06-18,shawn.vaughn@hotmail.com,1118078823,New York,New York,United States,Gold,2022-09-03,Inactive
CUST004969,Dawn,Perez,Female,1976-03-22,dawn.perez@outlook.com,6046239011,Dubai,Dubai,UAE,Diamond,2023-10-13,Inactive
CUST004970,Michael,Johnson,Male,1966-12-07,michael.johnson@hotmail.com,4374072560,Mumbai,Maharashtra,India,Platinum,2023-03-17,Inactive
CUST004971,Kevin,Mason,Female,1979-10-30,kevin.mason@gmail.com,3637766419,Bengaluru,Karnataka,India,Silver,2023-12-10,Inactive
CUST004972,James,Bush,Female,1982-11-17,james.bush@outlook.com,7690817197,Bengaluru,Karnataka,India,Silver,2022-12-09,Inactive
CUST004973,Sandra,Dougherty,Female,2000-04-20,sandra.dougherty@gmail.com,1119739488,Sydney,New South Wales,Australia,Silver,2026-01-10,Active
CUST004974,Joshua,Hoover,Female,1978-03-10,joshua.hoover@yahoo.com,5523939082,London,England,United Kingdom,Gold,2023-04-30,Active
CUST004975,Jason,Waters,Male,1984-01-24,jason.waters@hotmail.com,4132772441,New York,New York,United States,Platinum,2026-04-05,Active
CUST004976,Brenda,Duncan,Female,2008-06-25,brenda.duncan@outlook.com,4498280470,Hyderabad ,Telangana,India,Gold,2026-07-06,Inactive
CUST004977,Brendan,Alvarez,Male,1984-10-19,@gmail.com,9563783850,Sydney,New South Wales,Australia,Platinum,2022-07-14,Active
CUST004978,Michelle,Marquez,Male,2005-09-28,michelle.marquez@gmail.com,7642386459,Singapore,Singapore,Singapore,Diamond,2025-07-12,Inactive
CUST004979,David,Lopez,Male,1969-04-07,david.lopez@hotmail.com,4363871872,Singapore,Singapore,Singapore,Silver,2022-11-09,Inactive
CUST004980,Derrick,Taylor,Female,1972-06-16,derrick.taylor@yahoo.com,9572411785,Dubai,Dubai,UAE,Gold,2021-09-25,Inactive
CUST004981,Sarah,Smith,Female,1979-11-22,sarah.smith@gmail.com,7824360096,New York,New York,United States,Platinum,2023-12-27,Active
CUST004982,John,Ray,Female,1990-05-07,john.ray@yahoo.com,4424572580,Hyderabad,Telangana,India,Gold,2023-01-18,Active
CUST004983,Anthony,Brooks,Male,1980-11-26,anthony.brooks@hotmail.com,0100046693,Bengaluru,Karnataka,India,Gold,2023-11-16,Active
CUST004984,Amy,Castillo,Male,1962-05-21,gmail.com,3717601737,Chennai,Tamil Nadu,India,Silver,2024-09-26,Inactive
CUST004985,Douglas,Sloan,Male,1994-08-05,douglas.sloan@outlook.com,5303115266,Bengaluru,Karnataka,India,Gold,2026-02-10,Inactive
CUST004986,Michael,Martinez,Male,1990-11-24,michael.martinez@outlook.com,3849318412,London,England,United Kingdom,Gold,2023-03-15,Active
CUST004987,Crystal,Kirby,Female,1972-06-17,crystal.kirby@hotmail.com,5849529230,Singapore,Singapore,Singapore,Silver,2024-06-23,Inactive
CUST004988,Christian,Lee,Female,2003-11-13,christian.lee@hotmail.com,3442297884,Bengaluru,Karnataka,India,Diamond,2021-11-28,Active
CUST004989,Rachel,Johnson,Female,2001-06-05,rachel.johnson@yahoo.com,6541395409,Bengaluru,Karnataka,India,Silver,2024-03-02,Inactive
CUST004990,Kristen,Brown,Male,1983-05-28,kristen.brown@hotmail.com,,Dubai,Dubai,UAE,Silver,2025-05-21,Inactive
CUST004991,Charlene,Morris,Female,2007-12-16,charlene.morris@outlook.com,6152397408,Dubai,Dubai,UAE,Gold,2024-05-11,Inactive
CUST004992,Wayne,Davila,Female,2005-08-26,wayne.davila@hotmail.com,1511849591,Bengaluru,Karnataka,India,Gold,2026-04-17,Active
CUST004993,Sonya,Sutton,Male,1960-09-16,sonya.sutton@outlook.com,4660613219,Chennai,Tamil Nadu,India,Gold,2023-09-23,Inactive
CUST004994,Monique,Yang,Male,1957-07-21,monique.yang@gmail.com,1968064156,Mumbai,Maharashtra,India,Gold,2022-02-12,Active
CUST004995,Brenda,Mcdaniel,Female,1990-05-24,brenda.mcdaniel@gmail.com,5090393115,Dubai,Dubai,UAE,Gold,2024-01-19,Active
CUST004996,Christopher,Williams,Female,1958-06-04,christopher.williams@outlook.com,9457401974,Bengaluru,Karnataka,India,Silver,2021-11-30,Active
CUST004997,Larry,Peterson,Male,1982-06-27,larry.peterson@yahoo.com,9630178046,Delhi,Delhi,India,Diamond,2023-09-29,Inactive
CUST004998,Marie,James,Female,1971-04-08,marie.james@outlook.com,0918844237,Delhi,Delhi,India,Silver,2025-09-10,Inactive
CUST004999,John,Leblanc,Male,1967-07-25,john.leblanc@hotmail.com,7105028734,Mumbai,Maharashtra,India,Gold,2023-04-26,Inactive
CUST005000,Stephanie,Callahan,Male,1992-01-29,stephanie.callahan@yahoo.com,1342377621,Singapore,Singapore,Singapore,Silver,2022-09-27,Inactive
CUST000650,Crystal,Noble,Male,1963-11-24,crystal.noble@yahoo.com,8866173952,New York,New York,United States,Gold,2024-10-14,Inactive
CUST001883,Sergio,Smith,Male,1961-11-23,sergio.smith@yahoo.com,2796260545,Bengaluru,Karnataka,India,Gold,2021-09-20,Inactive
CUST000635,Diana,King,Male,2002-03-27,diana.king@outlook.com,1686817567,Delhi,Delhi,India,Platinum,2026-05-08,Inactive
CUST002108,Cynthia,Weber,Male,1960-05-19,cynthia.weber@outlook.com,9747447727,New York,New York,United States,Silver,2025-02-07,Inactive
CUST000694,Charles,Black,Female,1963-02-17,charles.black@yahoo.com,2092111749,Mumbai,Maharashtra,India,Silver,2023-11-27,Active
CUST002910,Amanda,Watkins,Female,1991-04-02,amanda.watkins@gmail.com,4977457516,Chennai,Tamil Nadu,India,Platinum,2025-03-15,Inactive
CUST000071,Michelle,Roth,Male,1997-04-22,michelle.roth@outlook.com,9546028524,Delhi,Delhi,India,Silver,2026-06-30,Inactive
CUST003414,Tammy,Wilson,Male,2003-01-20,tammy.wilson@hotmail.com,9123031067,Bengaluru,Karnataka,India,Diamond,2022-08-24,Active
CUST001208,Gregory,Garcia,Female,1963-02-25,gregory.garcia@hotmail.com,5381456092,Dubai,Dubai,UAE,Gold,2025-09-21,Inactive
CUST003904,David,Warren,Female,1976-11-30,john@gmail,2521347866,Mumbai,Maharashtra,India,Platinum,2025-09-29,Active
CUST002317,Cynthia,Lynn,Female,1972-11-15,john@gmail,3240701864,New York,New York,United States,Gold,2025-10-13,Active
CUST001736,Kimberly,Adams,Male,1996-01-01,kimberly.adams@yahoo.com,3681986979,Dubai,Dubai,UAE,Platinum,2022-07-06,Active
CUST004682,Ryan,Vaughn,Male,1974-01-12,ryan.vaughn@gmail.com,0944567105,New York,New York,United States,Diamond,2022-04-25,Active
CUST002643,Peter,Gonzalez,Female,1975-11-03,peter.gonzalez@yahoo.com,3490932057,Delhi,Delhi,India,Diamond,2023-09-15,Active
CUST003257,Jason,Mcpherson,Female,1996-08-19,jason.mcpherson@yahoo.com,2155617779,Bengaluru,Karnataka,India,Silver,2022-01-27,Inactive
CUST004873,Lisa,Leach,Male,1999-03-24,lisa.leach@yahoo.com,4671257829,Singapore,Singapore,Singapore,Platinum,2023-03-20,Active
CUST001835,Thomas,Davis,Male,1983-09-13,thomas.davis@yahoo.com,5452974779,Hyderabad,Telangana,India,Gold,2026-04-30,Active
CUST000929,Amber,Harris,Male,1999-06-15,amber.harris@hotmail.com,9148569550,Dubai,Dubai,UAE,Diamond,2023-05-09,Active
CUST002909,Jake,Sutton,Male,1976-03-14,jake.sutton@outlook.com,0402567749,Mumbai,Maharashtra,India,Diamond,2022-02-18,Active
CUST000557,Cindy,Williams,Female,1965-02-20,cindy.williams@outlook.com,9336485580,Hyderabad,Telangana,India,Gold,2024-08-03,Inactive
CUST003566,Patricia,Cobb,Female,1964-01-27,patricia.cobb@yahoo.com,2660174038, Dubai,Dubai,UAE,Platinum,2025-03-20,Active
CUST000349,Ivan,Ruiz,Female,1979-04-03,ivan.ruiz@yahoo.com,5846391572,Chennai,Tamil Nadu,India,Silver,2024-06-24,Inactive
CUST004438,Veronica,Jones,Male,1982-12-17,veronica.jones@outlook.com,0884677579,Delhi,Delhi,India,Gold,2021-11-19,Inactive
CUST000429,Eileen,Russell,Female,1977-07-26,eileen.russell@hotmail.com,3001011995,Bengaluru,Karnataka,India,Platinum,2025-03-14,Active
CUST000011,Ashley,Parrish,Female,1991-01-09,ashley.parrish@yahoo.com,9455584678,Delhi,Delhi,India,Silver,2024-11-26,Inactive
CUST003860,Mark,Mitchell,Female,2007-12-04,mark.mitchell@yahoo.com,9550854180,New York,New York,United States,Silver,2024-04-30,Active
CUST002754,Jessica,Fuller,Male,1956-10-15,jessica.fuller@yahoo.com,8348714926,Chennai,Tamil Nadu,India,Silver,2023-02-08,Active
CUST003211,Derrick,Ferguson,Male,1968-05-09,derrick.ferguson@yahoo.com,1448306982,Mumbai,Maharashtra,India,Diamond,2025-01-18,Active
CUST004719,Scott,Galvan,Male,2000-10-18,scott.galvan@hotmail.com,6819523102,BENGALURU,Karnataka,India,Gold,2024-10-09,Inactive
CUST000079,Theodore,Cannon,Female,1955-08-27,theodore.cannon@hotmail.com,4853734576,Sydney,New South Wales,Australia,Diamond,2025-04-18,Active
CUST003857,Brandon,Miller,Female,1979-08-30,brandon.miller@outlook.com,4539374395,Singapore,Singapore,Singapore,Diamond,2025-06-24,Active
CUST001263,Lindsey,Wilson,Male,1983-04-12,lindsey.wilson@gmail.com,6004495634,Sydney,New South Wales,Australia,Platinum,2023-01-14,Active
CUST000203,Elizabeth,Gonzalez,Female,1988-09-26,elizabeth.gonzalez@yahoo.com,7960950614,Sydney,New South Wales,Australia,Diamond,2026-02-28,Inactive
CUST002188,Stephanie,Doyle,Female,1987-11-18,stephanie.doyle@yahoo.com,5325183935,Delhi,Delhi,India,Silver,2022-03-26,Active
CUST002311,Robert,Kelly,Male,1985-10-16,robert.kelly@outlook.com,2521847700,London,England,United Kingdom,Platinum,2026-07-07,Active
CUST003205,Thomas,Molina,Male,1970-04-06,thomas.molina@yahoo.com,8259701008,Delhi,Delhi,India,Gold,2022-09-26,Inactive
CUST004997,Larry,Peterson,Male,1982-06-27,larry.peterson@yahoo.com,9630178046,Delhi,Delhi,India,Diamond,2023-09-29,Inactive
CUST002990,Karen,Chambers,Female,2000-03-21,karen.chambers@hotmail.com,8292909899,Hyderabad,Telangana,India,Diamond,2025-01-17,Active
CUST002186,Kathleen,Rivera,Male,1956-01-31,kathleen.rivera@yahoo.com,5708959832,Delhi,Delhi,India,Diamond,2025-09-15,Active
CUST004334,Deborah,Chambers,Male,1977-04-10,,5211340551,Mumbai,Maharashtra,India,Platinum,2024-02-14,Inactive
CUST004372,Ryan,Ayers,Male,1971-01-21,ryan.ayers@yahoo.com,1217432951,Chennai,Tamil Nadu,India,Diamond,2024-10-19,Inactive
CUST000529,Jared,Anderson,Female,1958-01-07,jared.anderson@outlook.com,6803763231,Dubai,Dubai,UAE,Platinum,2025-10-29,Active
CUST004181,Jordan,Sutton,Male,1968-07-07,jordan.sutton@gmail.com,2351519625,Dubai,Dubai,UAE,Gold,2022-09-17,Inactive
CUST000206,Michelle,Hoffman,Male,1992-08-22,michelle.hoffman@yahoo.com,2075736951,New York,New York,United States,Diamond,2025-06-12,Inactive
CUST001232,Jeffery,Ryan,Female,1983-01-09,jeffery.ryan@outlook.com,8008857094,Dubai,Dubai,UAE,Silver,2024-03-31,Inactive
CUST000373,Blake,Sharp,Female,1980-03-08,blake.sharp@outlook.com,2145987888,Delhi,Delhi,India,Silver,2025-08-23,Active
CUST003582,Jill,Ward,Male,1987-08-05,jill.ward@outlook.com,3905183967,Bengaluru,Karnataka,India,Gold,2021-10-20,Inactive
CUST003316,Morgan,Olson,Male,2005-09-27,morgan.olson@hotmail.com,2613206928,Bengaluru,Karnataka,India,Diamond,2023-05-31,Active
CUST001742,Gregory,Vasquez,Female,2007-11-08,gregory.vasquez@outlook.com,2905855543,New York,New York,United States,Gold,2023-05-30,Active
CUST002884,Lori,Small,Male,1975-04-01,lori.small@gmail.com,8000004665,Delhi,Delhi,India,Diamond,2026-06-02,Active
