date,currency,rate_to_usd,rate_to_inr
2024-01-01,USD,1.0,83.0
2024-01-01,EUR,1.08,90.0
2024-01-01,GBP,1.27,105.0
2024-01-01,AED,0.27,22.5
2024-01-01,SGD,0.74,61.5
2024-01-01,INR,0.012,1.0
2024-01-02,USD,1.0,83.0
2024-01-02,EUR,1.08,90.0
2024-01-02,GBP,1.27,105.0
2024-01-02,AED,0.27,22.5
2024-01-02,SGD,0.74,61.5
2024-01-02,INR,0.012,1.0
2024-01-03,USD,1.0,83.0
2024-01-03,EUR,1.08,90.0
2024-01-03,GBP,1.27,105.0
2024-01-03,AED,0.27,22.5
2024-01-03,SGD,0.74,61.5
2024-01-03,INR,0.012,1.0
2024-01-04,USD,1.0,83.0
2024-01-04,EUR,1.08,90.0
2024-01-04,GBP,1.27,105.0
2024-01-04,AED,0.27,22.5
2024-01-04,SGD,0.74,61.5
2024-01-04,INR,0.012,1.0
2024-01-05,USD,1.0,83.0
2024-01-05,EUR,1.08,90.0
2024-01-05,GBP,1.27,105.0
2024-01-05,AED,0.27,22.5
2024-01-05,SGD,0.74,61.5
2024-01-05,INR,0.012,1.0
2024-01-06,USD,1.0,83.0
2024-01-06,EUR,1.08,90.0
2024-01-06,GBP,1.27,105.0
2024-01-06,AED,0.27,22.5
2024-01-06,SGD,0.74,61.5
2024-01-06,INR,0.012,1.0
2024-01-07,USD,1.0,83.0
2024-01-07,EUR,1.08,90.0
2024-01-07,GBP,1.27,105.0
2024-01-07,AED,0.27,22.5
2024-01-07,SGD,0.74,61.5
2024-01-07,INR,0.012,1.0
2024-01-08,USD,1.0,83.0
2024-01-08,EUR,1.08,90.0
2024-01-08,GBP,1.27,105.0
2024-01-08,AED,0.27,22.5
2024-01-08,SGD,0.74,61.5
2024-01-08,INR,0.012,1.0
2024-01-09,USD,1.0,83.0
2024-01-09,EUR,1.08,90.0
2024-01-09,GBP,1.27,105.0
2024-01-09,AED,0.27,22.5
2024-01-09,SGD,0.74,61.5
2024-01-09,INR,0.012,1.0
2024-01-10,USD,1.0,83.0
2024-01-10,EUR,1.08,90.0
2024-01-10,GBP,1.27,105.0
2024-01-10,AED,0.27,22.5
2024-01-10,SGD,0.74,61.5
2024-01-10,INR,0.012,1.0
2024-01-11,USD,1.0,83.0
2024-01-11,EUR,1.08,90.0
2024-01-11,GBP,1.27,105.0
2024-01-11,AED,0.27,22.5
2024-01-11,SGD,0.74,61.5
2024-01-11,INR,0.012,1.0
2024-01-12,USD,1.0,83.0
2024-01-12,EUR,1.08,90.0
2024-01-12,GBP,1.27,105.0
2024-01-12,AED,0.27,22.5
2024-01-12,SGD,0.74,61.5
2024-01-12,INR,0.012,1.0
2024-01-13,USD,1.0,83.0
2024-01-13,EUR,1.08,90.0
2024-01-13,GBP,1.27,105.0
2024-01-13,AED,0.27,22.5
2024-01-13,SGD,0.74,61.5
2024-01-13,INR,0.012,1.0
2024-01-14,USD,1.0,83.0
2024-01-14,EUR,1.08,90.0
2024-01-14,GBP,1.27,105.0
2024-01-14,AED,0.27,22.5
2024-01-14,SGD,0.74,61.5
2024-01-14,INR,0.012,1.0
2024-01-15,USD,1.0,83.0
2024-01-15,EUR,1.08,90.0
2024-01-15,GBP,1.27,105.0
2024-01-15,AED,0.27,22.5
2024-01-15,SGD,0.74,61.5
2024-01-15,INR,0.012,1.0
2024-01-16,USD,1.0,83.0
2024-01-16,EUR,1.08,90.0
2024-01-16,GBP,1.27,105.0
2024-01-16,AED,0.27,22.5
2024-01-16,SGD,0.74,61.5
2024-01-16,INR,0.012,1.0
2024-01-17,USD,1.0,83.0
2024-01-17,EUR,1.08,90.0
2024-01-17,GBP,1.27,105.0
2024-01-17,AED,0.27,22.5
2024-01-17,SGD,0.74,61.5
2024-01-17,INR,0.012,1.0
2024-01-18,USD,1.0,83.0
2024-01-18,EUR,1.08,90.0
2024-01-18,GBP,1.27,105.0
2024-01-18,AED,0.27,22.5
2024-01-18,SGD,0.74,61.5
2024-01-18,INR,0.012,1.0
2024-01-19,USD,1.0,83.0
2024-01-19,EUR,1.08,90.0
2024-01-19,GBP,1.27,105.0
2024-01-19,AED,0.27,22.5
2024-01-19,SGD,0.74,61.5
2024-01-19,INR,0.012,1.0
2024-01-20,USD,1.0,83.0
2024-01-20,EUR,1.08,90.0
2024-01-20,GBP,1.27,105.0
2024-01-20,AED,0.27,22.5
2024-01-20,SGD,0.74,61.5
2024-01-20,INR,0.012,1.0
2024-01-21,USD,1.0,83.0
2024-01-21,EUR,1.08,90.0
2024-01-21,GBP,1.27,105.0
2024-01-21,AED,0.27,22.5
2024-01-21,SGD,0.74,61.5
2024-01-21,INR,0.012,1.0
2024-01-22,USD,1.0,83.0
2024-01-22,EUR,1.08,90.0
2024-01-22,GBP,1.27,105.0
2024-01-22,AED,0.27,22.5
2024-01-22,SGD,0.74,61.5
2024-01-22,INR,0.012,1.0
2024-01-23,USD,1.0,83.0
2024-01-23,EUR,1.08,90.0
2024-01-23,GBP,1.27,105.0
2024-01-23,AED,0.27,22.5
2024-01-23,SGD,0.74,61.5
2024-01-23,INR,0.012,1.0
2024-01-24,USD,1.0,83.0
2024-01-24,EUR,1.08,90.0
2024-01-24,GBP,1.27,105.0
2024-01-24,AED,0.27,22.5
2024-01-24,SGD,0.74,61.5
2024-01-24,INR,0.012,1.0
2024-01-25,USD,1.0,83.0
2024-01-25,EUR,1.08,90.0
2024-01-25,GBP,1.27,105.0
2024-01-25,AED,0.27,22.5
2024-01-25,SGD,0.74,61.5
2024-01-25,INR,0.012,1.0
2024-01-26,USD,1.0,83.0
2024-01-26,EUR,1.08,90.0
2024-01-26,GBP,1.27,105.0
2024-01-26,AED,0.27,22.5
2024-01-26,SGD,0.74,61.5
2024-01-26,INR,0.012,1.0
2024-01-27,USD,1.0,83.0
2024-01-27,EUR,1.08,90.0
2024-01-27,GBP,1.27,105.0
2024-01-27,AED,0.27,22.5
2024-01-27,SGD,0.74,61.5
2024-01-27,INR,0.012,1.0
2024-01-28,USD,1.0,83.0
2024-01-28,EUR,1.08,90.0
2024-01-28,GBP,1.27,105.0
2024-01-28,AED,0.27,22.5
2024-01-28,SGD,0.74,61.5
2024-01-28,INR,0.012,1.0
2024-01-29,USD,1.0,83.0
2024-01-29,EUR,1.08,90.0
2024-01-29,GBP,1.27,105.0
2024-01-29,AED,0.27,22.5
2024-01-29,SGD,0.74,61.5
2024-01-29,INR,0.012,1.0
2024-01-30,USD,1.0,83.0
2024-01-30,EUR,1.08,90.0
2024-01-30,GBP,1.27,105.0
2024-01-30,AED,0.27,22.5
2024-01-30,SGD,0.74,61.5
2024-01-30,INR,0.012,1.0
2024-01-31,USD,1.0,83.0
2024-01-31,EUR,1.08,90.0
2024-01-31,GBP,1.27,105.0
2024-01-31,AED,0.27,22.5
2024-01-31,SGD,0.74,61.5
2024-01-31,INR,0.012,1.0
2024-02-01,USD,1.0,83.0
2024-02-01,EUR,1.08,90.0
2024-02-01,GBP,1.27,105.0
2024-02-01,AED,0.27,22.5
2024-02-01,SGD,0.74,61.5
2024-02-01,INR,0.012,1.0
2024-02-02,USD,1.0,83.0
2024-02-02,EUR,1.08,90.0
2024-02-02,GBP,1.27,105.0
2024-02-02,AED,0.27,22.5
2024-02-02,SGD,0.74,61.5
2024-02-02,INR,0.012,1.0
2024-02-03,USD,1.0,83.0
2024-02-03,EUR,1.08,90.0
2024-02-03,GBP,1.27,105.0
2024-02-03,AED,0.27,22.5
2024-02-03,SGD,0.74,61.5
2024-02-03,INR,0.012,1.0
2024-02-04,USD,1.0,83.0
2024-02-04,EUR,1.08,90.0
2024-02-04,GBP,1.27,105.0
2024-02-04,AED,0.27,22.5
2024-02-04,SGD,0.74,61.5
2024-02-04,INR,0.012,1.0
2024-02-05,USD,1.0,83.0
2024-02-05,EUR,1.08,90.0
2024-02-05,GBP,1.27,105.0
2024-02-05,AED,0.27,22.5
2024-02-05,SGD,0.74,61.5
2024-02-05,INR,0.012,1.0
2024-02-06,USD,1.0,83.0
2024-02-06,EUR,1.08,90.0
2024-02-06,GBP,1.27,105.0
2024-02-06,AED,0.27,22.5
2024-02-06,SGD,0.74,61.5
2024-02-06,INR,0.012,1.0
2024-02-07,USD,1.0,83.0
2024-02-07,EUR,1.08,90.0
2024-02-07,GBP,1.27,105.0
2024-02-07,AED,0.27,22.5
2024-02-07,SGD,0.74,61.5
2024-02-07,INR,0.012,1.0
2024-02-08,USD,1.0,83.0
2024-02-08,EUR,1.08,90.0
2024-02-08,GBP,1.27,105.0
2024-02-08,AED,0.27,22.5
2024-02-08,SGD,0.74,61.5
2024-02-08,INR,0.012,1.0
2024-02-09,USD,1.0,83.0
2024-02-09,EUR,1.08,90.0
2024-02-09,GBP,1.27,105.0
2024-02-09,AED,0.27,22.5
2024-02-09,SGD,0.74,61.5
2024-02-09,INR,0.012,1.0
2024-02-10,USD,1.0,83.0
2024-02-10,EUR,1.08,90.0
2024-02-10,GBP,1.27,105.0
2024-02-10,AED,0.27,22.5
2024-02-10,SGD,0.74,61.5
2024-02-10,INR,0.012,1.0
2024-02-11,USD,1.0,83.0
2024-02-11,EUR,1.08,90.0
2024-02-11,GBP,1.27,105.0
2024-02-11,AED,0.27,22.5
2024-02-11,SGD,0.74,61.5
2024-02-11,INR,0.012,1.0
2024-02-12,USD,1.0,83.0
2024-02-12,EUR,1.08,90.0
2024-02-12,GBP,1.27,105.0
2024-02-12,AED,0.27,22.5
2024-02-12,SGD,0.74,61.5
2024-02-12,INR,0.012,1.0
2024-02-13,USD,1.0,83.0
2024-02-13,EUR,1.08,90.0
2024-02-13,GBP,1.27,105.0
2024-02-13,AED,0.27,22.5
2024-02-13,SGD,0.74,61.5
2024-02-13,INR,0.012,1.0
2024-02-14,USD,1.0,83.0
2024-02-14,EUR,1.08,90.0
2024-02-14,GBP,1.27,105.0
2024-02-14,AED,0.27,22.5
2024-02-14,SGD,0.74,61.5
2024-02-14,INR,0.012,1.0
2024-02-15,USD,1.0,83.0
2024-02-15,EUR,1.08,90.0
2024-02-15,GBP,1.27,105.0
2024-02-15,AED,0.27,22.5
2024-02-15,SGD,0.74,61.5
2024-02-15,INR,0.012,1.0
2024-02-16,USD,1.0,83.0
2024-02-16,EUR,1.08,90.0
2024-02-16,GBP,1.27,105.0
2024-02-16,AED,0.27,22.5
2024-02-16,SGD,0.74,61.5
2024-02-16,INR,0.012,1.0
2024-02-17,USD,1.0,83.0
2024-02-17,EUR,1.08,90.0
2024-02-17,GBP,1.27,105.0
2024-02-17,AED,0.27,22.5
2024-02-17,SGD,0.74,61.5
2024-02-17,INR,0.012,1.0
2024-02-18,USD,1.0,83.0
2024-02-18,EUR,1.08,90.0
2024-02-18,GBP,1.27,105.0
2024-02-18,AED,0.27,22.5
2024-02-18,SGD,0.74,61.5
2024-02-18,INR,0.012,1.0
2024-02-19,USD,1.0,83.0
2024-02-19,EUR,1.08,90.0
2024-02-19,GBP,1.27,105.0
2024-02-19,AED,0.27,22.5
2024-02-19,SGD,0.74,61.5
2024-02-19,INR,0.012,1.0
2024-02-20,USD,1.0,83.0
2024-02-20,EUR,1.08,90.0
2024-02-20,GBP,1.27,105.0
2024-02-20,AED,0.27,22.5
2024-02-20,SGD,0.74,61.5
2024-02-20,INR,0.012,1.0
2024-02-21,USD,1.0,83.0
2024-02-21,EUR,1.08,90.0
2024-02-21,GBP,1.27,105.0
2024-02-21,AED,0.27,22.5
2024-02-21,SGD,0.74,61.5
2024-02-21,INR,0.012,1.0
2024-02-22,USD,1.0,83.0
2024-02-22,EUR,1.08,90.0
2024-02-22,GBP,1.27,105.0
2024-02-22,AED,0.27,22.5
2024-02-22,SGD,0.74,61.5
2024-02-22,INR,0.012,1.0
2024-02-23,USD,1.0,83.0
2024-02-23,EUR,1.08,90.0
2024-02-23,GBP,1.27,105.0
2024-02-23,AED,0.27,22.5
2024-02-23,SGD,0.74,61.5
2024-02-23,INR,0.012,1.0
2024-02-24,USD,1.0,83.0
2024-02-24,EUR,1.08,90.0
2024-02-24,GBP,1.27,105.0
2024-02-24,AED,0.27,22.5
2024-02-24,SGD,0.74,61.5
2024-02-24,INR,0.012,1.0
2024-02-25,USD,1.0,83.0
2024-02-25,EUR,1.08,90.0
2024-02-25,GBP,1.27,105.0
2024-02-25,AED,0.27,22.5
2024-02-25,SGD,0.74,61.5
2024-02-25,INR,0.012,1.0
2024-02-26,USD,1.0,83.0
2024-02-26,EUR,1.08,90.0
2024-02-26,GBP,1.27,105.0
2024-02-26,AED,0.27,22.5
2024-02-26,SGD,0.74,61.5
2024-02-26,INR,0.012,1.0
2024-02-27,USD,1.0,83.0
2024-02-27,EUR,1.08,90.0
2024-02-27,GBP,1.27,105.0
2024-02-27,AED,0.27,22.5
2024-02-27,SGD,0.74,61.5
2024-02-27,INR,0.012,1.0
2024-02-28,USD,1.0,83.0
2024-02-28,EUR,1.08,90.0
2024-02-28,GBP,1.27,105.0
2024-02-28,AED,0.27,22.5
2024-02-28,SGD,0.74,61.5
2024-02-28,INR,0.012,1.0
2024-02-29,USD,1.0,83.0
2024-02-29,EUR,1.08,90.0
2024-02-29,GBP,1.27,105.0
2024-02-29,AED,0.27,22.5
2024-02-29,SGD,0.74,61.5
2024-02-29,INR,0.012,1.0
2024-03-01,USD,1.0,83.0
2024-03-01,EUR,1.08,90.0
2024-03-01,GBP,1.27,105.0
2024-03-01,AED,0.27,22.5
2024-03-01,SGD,0.74,61.5
2024-03-01,INR,0.012,1.0
2024-03-02,USD,1.0,83.0
2024-03-02,EUR,1.08,90.0
2024-03-02,GBP,1.27,105.0
2024-03-02,AED,0.27,22.5
2024-03-02,SGD,0.74,61.5
2024-03-02,INR,0.012,1.0
2024-03-03,USD,1.0,83.0
2024-03-03,EUR,1.08,90.0
2024-03-03,GBP,1.27,105.0
2024-03-03,AED,0.27,22.5
2024-03-03,SGD,0.74,61.5
2024-03-03,INR,0.012,1.0
2024-03-04,USD,1.0,83.0
2024-03-04,EUR,1.08,90.0
2024-03-04,GBP,1.27,105.0
2024-03-04,AED,0.27,22.5
2024-03-04,SGD,0.74,61.5
2024-03-04,INR,0.012,1.0
2024-03-05,USD,1.0,83.0
2024-03-05,EUR,1.08,90.0
2024-03-05,GBP,1.27,105.0
2024-03-05,AED,0.27,22.5
2024-03-05,SGD,0.74,61.5
2024-03-05,INR,0.012,1.0
2024-03-06,USD,1.0,83.0
2024-03-06,EUR,1.08,90.0
2024-03-06,GBP,1.27,105.0
2024-03-06,AED,0.27,22.5
2024-03-06,SGD,0.74,61.5
2024-03-06,INR,0.012,1.0
2024-03-07,USD,1.0,83.0
2024-03-07,EUR,1.08,90.0
2024-03-07,GBP,1.27,105.0
2024-03-07,AED,0.27,22.5
2024-03-07,SGD,0.74,61.5
2024-03-07,INR,0.012,1.0
2024-03-08,USD,1.0,83.0
2024-03-08,EUR,1.08,90.0
2024-03-08,GBP,1.27,105.0
2024-03-08,AED,0.27,22.5
2024-03-08,SGD,0.74,61.5
2024-03-08,INR,0.012,1.0
2024-03-09,USD,1.0,83.0
2024-03-09,EUR,1.08,90.0
2024-03-09,GBP,1.27,105.0
2024-03-09,AED,0.27,22.5
2024-03-09,SGD,0.74,61.5
2024-03-09,INR,0.012,1.0
2024-03-10,USD,1.0,83.0
2024-03-10,EUR,1.08,90.0
2024-03-10,GBP,1.27,105.0
2024-03-10,AED,0.27,22.5
2024-03-10,SGD,0.74,61.5
2024-03-10,INR,0.012,1.0
2024-03-11,USD,1.0,83.0
2024-03-11,EUR,1.08,90.0
2024-03-11,GBP,1.27,105.0
2024-03-11,AED,0.27,22.5
2024-03-11,SGD,0.74,61.5
2024-03-11,INR,0.012,1.0
2024-03-12,USD,1.0,83.0
2024-03-12,EUR,1.08,90.0
2024-03-12,GBP,1.27,105.0
2024-03-12,AED,0.27,22.5
2024-03-12,SGD,0.74,61.5
2024-03-12,INR,0.012,1.0
2024-03-13,USD,1.0,83.0
2024-03-13,EUR,1.08,90.0
2024-03-13,GBP,1.27,105.0
2024-03-13,AED,0.27,22.5
2024-03-13,SGD,0.74,61.5
2024-03-13,INR,0.012,1.0
2024-03-14,USD,1.0,83.0
2024-03-14,EUR,1.08,90.0
2024-03-14,GBP,1.27,105.0
2024-03-14,AED,0.27,22.5
2024-03-14,SGD,0.74,61.5
2024-03-14,INR,0.012,1.0
2024-03-15,USD,1.0,83.0
2024-03-15,EUR,1.08,90.0
2024-03-15,GBP,1.27,105.0
2024-03-15,AED,0.27,22.5
2024-03-15,SGD,0.74,61.5
2024-03-15,INR,0.012,1.0
2024-03-16,USD,1.0,83.0
2024-03-16,EUR,1.08,90.0
2024-03-16,GBP,1.27,105.0
2024-03-16,AED,0.27,22.5
2024-03-16,SGD,0.74,61.5
2024-03-16,INR,0.012,1.0
2024-03-17,USD,1.0,83.0
2024-03-17,EUR,1.08,90.0
2024-03-17,GBP,1.27,105.0
2024-03-17,AED,0.27,22.5
2024-03-17,SGD,0.74,61.5
2024-03-17,INR,0.012,1.0
2024-03-18,USD,1.0,83.0
2024-03-18,EUR,1.08,90.0
2024-03-18,GBP,1.27,105.0
2024-03-18,AED,0.27,22.5
2024-03-18,SGD,0.74,61.5
2024-03-18,INR,0.012,1.0
2024-03-19,USD,1.0,83.0
2024-03-19,EUR,1.08,90.0
2024-03-19,GBP,1.27,105.0
2024-03-19,AED,0.27,22.5
2024-03-19,SGD,0.74,61.5
2024-03-19,INR,0.012,1.0
2024-03-20,USD,1.0,83.0
2024-03-20,EUR,1.08,90.0
2024-03-20,GBP,1.27,105.0
2024-03-20,AED,0.27,22.5
2024-03-20,SGD,0.74,61.5
2024-03-20,INR,0.012,1.0
2024-03-21,USD,1.0,83.0
2024-03-21,EUR,1.08,90.0
2024-03-21,GBP,1.27,105.0
2024-03-21,AED,0.27,22.5
2024-03-21,SGD,0.74,61.5
2024-03-21,INR,0.012,1.0
2024-03-22,USD,1.0,83.0
2024-03-22,EUR,1.08,90.0
2024-03-22,GBP,1.27,105.0
2024-03-22,AED,0.27,22.5
2024-03-22,SGD,0.74,61.5
2024-03-22,INR,0.012,1.0
2024-03-23,USD,1.0,83.0
2024-03-23,EUR,1.08,90.0
2024-03-23,GBP,1.27,105.0
2024-03-23,AED,0.27,22.5
2024-03-23,SGD,0.74,61.5
2024-03-23,INR,0.012,1.0
2024-03-24,USD,1.0,83.0
2024-03-24,EUR,1.08,90.0
2024-03-24,GBP,1.27,105.0
2024-03-24,AED,0.27,22.5
2024-03-24,SGD,0.74,61.5
2024-03-24,INR,0.012,1.0
2024-03-25,USD,1.0,83.0
2024-03-25,EUR,1.08,90.0
2024-03-25,GBP,1.27,105.0
2024-03-25,AED,0.27,22.5
2024-03-25,SGD,0.74,61.5
2024-03-25,INR,0.012,1.0
2024-03-26,USD,1.0,83.0
2024-03-26,EUR,1.08,90.0
2024-03-26,GBP,1.27,105.0
2024-03-26,AED,0.27,22.5
2024-03-26,SGD,0.74,61.5
2024-03-26,INR,0.012,1.0
2024-03-27,USD,1.0,83.0
2024-03-27,EUR,1.08,90.0
2024-03-27,GBP,1.27,105.0
2024-03-27,AED,0.27,22.5
2024-03-27,SGD,0.74,61.5
2024-03-27,INR,0.012,1.0
2024-03-28,USD,1.0,83.0
2024-03-28,EUR,1.08,90.0
2024-03-28,GBP,1.27,105.0
2024-03-28,AED,0.27,22.5
2024-03-28,SGD,0.74,61.5
2024-03-28,INR,0.012,1.0
2024-03-29,USD,1.0,83.0
2024-03-29,EUR,1.08,90.0
2024-03-29,GBP,1.27,105.0
2024-03-29,AED,0.27,22.5
2024-03-29,SGD,0.74,61.5
2024-03-29,INR,0.012,1.0
2024-03-30,USD,1.0,83.0
2024-03-30,EUR,1.08,90.0
2024-03-30,GBP,1.27,105.0
2024-03-30,AED,0.27,22.5
2024-03-30,SGD,0.74,61.5
2024-03-30,INR,0.012,1.0
2024-03-31,USD,1.0,83.0
2024-03-31,EUR,1.08,90.0
2024-03-31,GBP,1.27,105.0
2024-03-31,AED,0.27,22.5
2024-03-31,SGD,0.74,61.5
2024-03-31,INR,0.012,1.0
2024-04-01,USD,1.0,83.0
2024-04-01,EUR,1.08,90.0
2024-04-01,GBP,1.27,105.0
2024-04-01,AED,0.27,22.5
2024-04-01,SGD,0.74,61.5
2024-04-01,INR,0.012,1.0
2024-04-02,USD,1.0,83.0
2024-04-02,EUR,1.08,90.0
2024-04-02,GBP,1.27,105.0
2024-04-02,AED,0.27,22.5
2024-04-02,SGD,0.74,61.5
2024-04-02,INR,0.012,1.0
2024-04-03,USD,1.0,83.0
2024-04-03,EUR,1.08,90.0
2024-04-03,GBP,1.27,105.0
2024-04-03,AED,0.27,22.5
2024-04-03,SGD,0.74,61.5
2024-04-03,INR,0.012,1.0
2024-04-04,USD,1.0,83.0
2024-04-04,EUR,1.08,90.0
2024-04-04,GBP,1.27,105.0
2024-04-04,AED,0.27,22.5
2024-04-04,SGD,0.74,61.5
2024-04-04,INR,0.012,1.0
2024-04-05,USD,1.0,83.0
2024-04-05,EUR,1.08,90.0
2024-04-05,GBP,1.27,105.0
2024-04-05,AED,0.27,22.5
2024-04-05,SGD,0.74,61.5
2024-04-05,INR,0.012,1.0
2024-04-06,USD,1.0,83.0
2024-04-06,EUR,1.08,90.0
2024-04-06,GBP,1.27,105.0
2024-04-06,AED,0.27,22.5
2024-04-06,SGD,0.74,61.5
2024-04-06,INR,0.012,1.0
2024-04-07,USD,1.0,83.0
2024-04-07,EUR,1.08,90.0
2024-04-07,GBP,1.27,105.0
2024-04-07,AED,0.27,22.5
2024-04-07,SGD,0.74,61.5
2024-04-07,INR,0.012,1.0
2024-04-08,USD,1.0,83.0
2024-04-08,EUR,1.08,90.0
2024-04-08,GBP,1.27,105.0
2024-04-08,AED,0.27,22.5
2024-04-08,SGD,0.74,61.5
2024-04-08,INR,0.012,1.0
2024-04-09,USD,1.0,83.0
2024-04-09,EUR,1.08,90.0
2024-04-09,GBP,1.27,105.0
2024-04-09,AED,0.27,22.5
2024-04-09,SGD,0.74,61.5
2024-04-09,INR,0.012,1.0
2024-04-10,USD,1.0,83.0
2024-04-10,EUR,1.08,90.0
2024-04-10,GBP,1.27,105.0
2024-04-10,AED,0.27,22.5
2024-04-10,SGD,0.74,61.5
2024-04-10,INR,0.012,1.0
2024-04-11,USD,1.0,83.0
2024-04-11,EUR,1.08,90.0
2024-04-11,GBP,1.27,105.0
2024-04-11,AED,0.27,22.5
2024-04-11,SGD,0.74,61.5
2024-04-11,INR,0.012,1.0
2024-04-12,USD,1.0,83.0
2024-04-12,EUR,1.08,90.0
2024-04-12,GBP,1.27,105.0
2024-04-12,AED,0.27,22.5
2024-04-12,SGD,0.74,61.5
2024-04-12,INR,0.012,1.0
2024-04-13,USD,1.0,83.0
2024-04-13,EUR,1.08,90.0
2024-04-13,GBP,1.27,105.0
2024-04-13,AED,0.27,22.5
2024-04-13,SGD,0.74,61.5
2024-04-13,INR,0.012,1.0
2024-04-14,USD,1.0,83.0
2024-04-14,EUR,1.08,90.0
2024-04-14,GBP,1.27,105.0
2024-04-14,AED,0.27,22.5
2024-04-14,SGD,0.74,61.5
2024-04-14,INR,0.012,1.0
2024-04-15,USD,1.0,83.0
2024-04-15,EUR,1.08,90.0
2024-04-15,GBP,1.27,105.0
2024-04-15,AED,0.27,22.5
2024-04-15,SGD,0.74,61.5
2024-04-15,INR,0.012,1.0
2024-04-16,USD,1.0,83.0
2024-04-16,EUR,1.08,90.0
2024-04-16,GBP,1.27,105.0
2024-04-16,AED,0.27,22.5
2024-04-16,SGD,0.74,61.5
2024-04-16,INR,0.012,1.0
2024-04-17,USD,1.0,83.0
2024-04-17,EUR,1.08,90.0
2024-04-17,GBP,1.27,105.0
2024-04-17,AED,0.27,22.5
2024-04-17,SGD,0.74,61.5
2024-04-17,INR,0.012,1.0
2024-04-18,USD,1.0,83.0
2024-04-18,EUR,1.08,90.0
2024-04-18,GBP,1.27,105.0
2024-04-18,AED,0.27,22.5
2024-04-18,SGD,0.74,61.5
2024-04-18,INR,0.012,1.0
2024-04-19,USD,1.0,83.0
2024-04-19,EUR,1.08,90.0
2024-04-19,GBP,1.27,105.0
2024-04-19,AED,0.27,22.5
2024-04-19,SGD,0.74,61.5
2024-04-19,INR,0.012,1.0
2024-04-20,USD,1.0,83.0
2024-04-20,EUR,1.08,90.0
2024-04-20,GBP,1.27,105.0
2024-04-20,AED,0.27,22.5
2024-04-20,SGD,0.74,61.5
2024-04-20,INR,0.012,1.0
2024-04-21,USD,1.0,83.0
2024-04-21,EUR,1.08,90.0
2024-04-21,GBP,1.27,105.0
2024-04-21,AED,0.27,22.5
2024-04-21,SGD,0.74,61.5
2024-04-21,INR,0.012,1.0
2024-04-22,USD,1.0,83.0
2024-04-22,EUR,1.08,90.0
2024-04-22,GBP,1.27,105.0
2024-04-22,AED,0.27,22.5
2024-04-22,SGD,0.74,61.5
2024-04-22,INR,0.012,1.0
2024-04-23,USD,1.0,83.0
2024-04-23,EUR,1.08,90.0
2024-04-23,GBP,1.27,105.0
2024-04-23,AED,0.27,22.5
2024-04-23,SGD,0.74,61.5
2024-04-23,INR,0.012,1.0
2024-04-24,USD,1.0,83.0
2024-04-24,EUR,1.08,90.0
2024-04-24,GBP,1.27,105.0
2024-04-24,AED,0.27,22.5
2024-04-24,SGD,0.74,61.5
2024-04-24,INR,0.012,1.0
2024-04-25,USD,1.0,83.0
2024-04-25,EUR,1.08,90.0
2024-04-25,GBP,1.27,105.0
2024-04-25,AED,0.27,22.5
2024-04-25,SGD,0.74,61.5
2024-04-25,INR,0.012,1.0
2024-04-26,USD,1.0,83.0
2024-04-26,EUR,1.08,90.0
2024-04-26,GBP,1.27,105.0
2024-04-26,AED,0.27,22.5
2024-04-26,SGD,0.74,61.5
2024-04-26,INR,0.012,1.0
2024-04-27,USD,1.0,83.0
2024-04-27,EUR,1.08,90.0
2024-04-27,GBP,1.27,105.0
2024-04-27,AED,0.27,22.5
2024-04-27,SGD,0.74,61.5
2024-04-27,INR,0.012,1.0
2024-04-28,USD,1.0,83.0
2024-04-28,EUR,1.08,90.0
2024-04-28,GBP,1.27,105.0
2024-04-28,AED,0.27,22.5
2024-04-28,SGD,0.74,61.5
2024-04-28,INR,0.012,1.0
2024-04-29,USD,1.0,83.0
2024-04-29,EUR,1.08,90.0
2024-04-29,GBP,1.27,105.0
2024-04-29,AED,0.27,22.5
2024-04-29,SGD,0.74,61.5
2024-04-29,INR,0.012,1.0
2024-04-30,USD,1.0,83.0
2024-04-30,EUR,1.08,90.0
2024-04-30,GBP,1.27,105.0
2024-04-30,AED,0.27,22.5
2024-04-30,SGD,0.74,61.5
2024-04-30,INR,0.012,1.0
2024-05-01,USD,1.0,83.0
2024-05-01,EUR,1.08,90.0
2024-05-01,GBP,1.27,105.0
2024-05-01,AED,0.27,22.5
2024-05-01,SGD,0.74,61.5
2024-05-01,INR,0.012,1.0
2024-05-02,USD,1.0,83.0
2024-05-02,EUR,1.08,90.0
2024-05-02,GBP,1.27,105.0
2024-05-02,AED,0.27,22.5
2024-05-02,SGD,0.74,61.5
2024-05-02,INR,0.012,1.0
2024-05-03,USD,1.0,83.0
2024-05-03,EUR,1.08,90.0
2024-05-03,GBP,1.27,105.0
2024-05-03,AED,0.27,22.5
2024-05-03,SGD,0.74,61.5
2024-05-03,INR,0.012,1.0
2024-05-04,USD,1.0,83.0
2024-05-04,EUR,1.08,90.0
2024-05-04,GBP,1.27,105.0
2024-05-04,AED,0.27,22.5
2024-05-04,SGD,0.74,61.5
2024-05-04,INR,0.012,1.0
2024-05-05,USD,1.0,83.0
2024-05-05,EUR,1.08,90.0
2024-05-05,GBP,1.27,105.0
2024-05-05,AED,0.27,22.5
2024-05-05,SGD,0.74,61.5
2024-05-05,INR,0.012,1.0
2024-05-06,USD,1.0,83.0
2024-05-06,EUR,1.08,90.0
2024-05-06,GBP,1.27,105.0
2024-05-06,AED,0.27,22.5
2024-05-06,SGD,0.74,61.5
2024-05-06,INR,0.012,1.0
2024-05-07,USD,1.0,83.0
2024-05-07,EUR,1.08,90.0
2024-05-07,GBP,1.27,105.0
2024-05-07,AED,0.27,22.5
2024-05-07,SGD,0.74,61.5
2024-05-07,INR,0.012,1.0
2024-05-08,USD,1.0,83.0
2024-05-08,EUR,1.08,90.0
2024-05-08,GBP,1.27,105.0
2024-05-08,AED,0.27,22.5
2024-05-08,SGD,0.74,61.5
2024-05-08,INR,0.012,1.0
2024-05-09,USD,1.0,83.0
2024-05-09,EUR,1.08,90.0
2024-05-09,GBP,1.27,105.0
2024-05-09,AED,0.27,22.5
2024-05-09,SGD,0.74,61.5
2024-05-09,INR,0.012,1.0
2024-05-10,USD,1.0,83.0
2024-05-10,EUR,1.08,90.0
2024-05-10,GBP,1.27,105.0
2024-05-10,AED,0.27,22.5
2024-05-10,SGD,0.74,61.5
2024-05-10,INR,0.012,1.0
2024-05-11,USD,1.0,83.0
2024-05-11,EUR,1.08,90.0
2024-05-11,GBP,1.27,105.0
2024-05-11,AED,0.27,22.5
2024-05-11,SGD,0.74,61.5
2024-05-11,INR,0.012,1.0
2024-05-12,USD,1.0,83.0
2024-05-12,EUR,1.08,90.0
2024-05-12,GBP,1.27,105.0
2024-05-12,AED,0.27,22.5
2024-05-12,SGD,0.74,61.5
2024-05-12,INR,0.012,1.0
2024-05-13,USD,1.0,83.0
2024-05-13,EUR,1.08,90.0
2024-05-13,GBP,1.27,105.0
2024-05-13,AED,0.27,22.5
2024-05-13,SGD,0.74,61.5
2024-05-13,INR,0.012,1.0
2024-05-14,USD,1.0,83.0
2024-05-14,EUR,1.08,90.0
2024-05-14,GBP,1.27,105.0
2024-05-14,AED,0.27,22.5
2024-05-14,SGD,0.74,61.5
2024-05-14,INR,0.012,1.0
2024-05-15,USD,1.0,83.0
2024-05-15,EUR,1.08,90.0
2024-05-15,GBP,1.27,105.0
2024-05-15,AED,0.27,22.5
2024-05-15,SGD,0.74,61.5
2024-05-15,INR,0.012,1.0
2024-05-16,USD,1.0,83.0
2024-05-16,EUR,1.08,90.0
2024-05-16,GBP,1.27,105.0
2024-05-16,AED,0.27,22.5
2024-05-16,SGD,0.74,61.5
2024-05-16,INR,0.012,1.0
2024-05-17,USD,1.0,83.0
2024-05-17,EUR,1.08,90.0
2024-05-17,GBP,1.27,105.0
2024-05-17,AED,0.27,22.5
2024-05-17,SGD,0.74,61.5
2024-05-17,INR,0.012,1.0
2024-05-18,USD,1.0,83.0
2024-05-18,EUR,1.08,90.0
2024-05-18,GBP,1.27,105.0
2024-05-18,AED,0.27,22.5
2024-05-18,SGD,0.74,61.5
2024-05-18,INR,0.012,1.0
2024-05-19,USD,1.0,83.0
2024-05-19,EUR,1.08,90.0
2024-05-19,GBP,1.27,105.0
2024-05-19,AED,0.27,22.5
2024-05-19,SGD,0.74,61.5
2024-05-19,INR,0.012,1.0
2024-05-20,USD,1.0,83.0
2024-05-20,EUR,1.08,90.0
2024-05-20,GBP,1.27,105.0
2024-05-20,AED,0.27,22.5
2024-05-20,SGD,0.74,61.5
2024-05-20,INR,0.012,1.0
2024-05-21,USD,1.0,83.0
2024-05-21,EUR,1.08,90.0
2024-05-21,GBP,1.27,105.0
2024-05-21,AED,0.27,22.5
2024-05-21,SGD,0.74,61.5
2024-05-21,INR,0.012,1.0
2024-05-22,USD,1.0,83.0
2024-05-22,EUR,1.08,90.0
2024-05-22,GBP,1.27,105.0
2024-05-22,AED,0.27,22.5
2024-05-22,SGD,0.74,61.5
2024-05-22,INR,0.012,1.0
2024-05-23,USD,1.0,83.0
2024-05-23,EUR,1.08,90.0
2024-05-23,GBP,1.27,105.0
2024-05-23,AED,0.27,22.5
2024-05-23,SGD,0.74,61.5
2024-05-23,INR,0.012,1.0
2024-05-24,USD,1.0,83.0
2024-05-24,EUR,1.08,90.0
2024-05-24,GBP,1.27,105.0
2024-05-24,AED,0.27,22.5
2024-05-24,SGD,0.74,61.5
2024-05-24,INR,0.012,1.0
2024-05-25,USD,1.0,83.0
2024-05-25,EUR,1.08,90.0
2024-05-25,GBP,1.27,105.0
2024-05-25,AED,0.27,22.5
2024-05-25,SGD,0.74,61.5
2024-05-25,INR,0.012,1.0
2024-05-26,USD,1.0,83.0
2024-05-26,EUR,1.08,90.0
2024-05-26,GBP,1.27,105.0
2024-05-26,AED,0.27,22.5
2024-05-26,SGD,0.74,61.5
2024-05-26,INR,0.012,1.0
2024-05-27,USD,1.0,83.0
2024-05-27,EUR,1.08,90.0
2024-05-27,GBP,1.27,105.0
2024-05-27,AED,0.27,22.5
2024-05-27,SGD,0.74,61.5
2024-05-27,INR,0.012,1.0
2024-05-28,USD,1.0,83.0
2024-05-28,EUR,1.08,90.0
2024-05-28,GBP,1.27,105.0
2024-05-28,AED,0.27,22.5
2024-05-28,SGD,0.74,61.5
2024-05-28,INR,0.012,1.0
2024-05-29,USD,1.0,83.0
2024-05-29,EUR,1.08,90.0
2024-05-29,GBP,1.27,105.0
2024-05-29,AED,0.27,22.5
2024-05-29,SGD,0.74,61.5
2024-05-29,INR,0.012,1.0
2024-05-30,USD,1.0,83.0
2024-05-30,EUR,1.08,90.0
2024-05-30,GBP,1.27,105.0
2024-05-30,AED,0.27,22.5
2024-05-30,SGD,0.74,61.5
2024-05-30,INR,0.012,1.0
2024-05-31,USD,1.0,83.0
2024-05-31,EUR,1.08,90.0
2024-05-31,GBP,1.27,105.0
2024-05-31,AED,0.27,22.5
2024-05-31,SGD,0.74,61.5
2024-05-31,INR,0.012,1.0
2024-06-01,USD,1.0,83.0
2024-06-01,EUR,1.08,90.0
2024-06-01,GBP,1.27,105.0
2024-06-01,AED,0.27,22.5
2024-06-01,SGD,0.74,61.5
2024-06-01,INR,0.012,1.0
2024-06-02,USD,1.0,83.0
2024-06-02,EUR,1.08,90.0
2024-06-02,GBP,1.27,105.0
2024-06-02,AED,0.27,22.5
2024-06-02,SGD,0.74,61.5
2024-06-02,INR,0.012,1.0
2024-06-03,USD,1.0,83.0
2024-06-03,EUR,1.08,90.0
2024-06-03,GBP,1.27,105.0
2024-06-03,AED,0.27,22.5
2024-06-03,SGD,0.74,61.5
2024-06-03,INR,0.012,1.0
2024-06-04,USD,1.0,83.0
2024-06-04,EUR,1.08,90.0
2024-06-04,GBP,1.27,105.0
2024-06-04,AED,0.27,22.5
2024-06-04,SGD,0.74,61.5
2024-06-04,INR,0.012,1.0
2024-06-05,USD,1.0,83.0
2024-06-05,EUR,1.08,90.0
2024-06-05,GBP,1.27,105.0
2024-06-05,AED,0.27,22.5
2024-06-05,SGD,0.74,61.5
2024-06-05,INR,0.012,1.0
2024-06-06,USD,1.0,83.0
2024-06-06,EUR,1.08,90.0
2024-06-06,GBP,1.27,105.0
2024-06-06,AED,0.27,22.5
2024-06-06,SGD,0.74,61.5
2024-06-06,INR,0.012,1.0
2024-06-07,USD,1.0,83.0
2024-06-07,EUR,1.08,90.0
2024-06-07,GBP,1.27,105.0
2024-06-07,AED,0.27,22.5
2024-06-07,SGD,0.74,61.5
2024-06-07,INR,0.012,1.0
2024-06-08,USD,1.0,83.0
2024-06-08,EUR,1.08,90.0
2024-06-08,GBP,1.27,105.0
2024-06-08,AED,0.27,22.5
2024-06-08,SGD,0.74,61.5
2024-06-08,INR,0.012,1.0
2024-06-09,USD,1.0,83.0
2024-06-09,EUR,1.08,90.0
2024-06-09,GBP,1.27,105.0
2024-06-09,AED,0.27,22.5
2024-06-09,SGD,0.74,61.5
2024-06-09,INR,0.012,1.0
2024-06-10,USD,1.0,83.0
2024-06-10,EUR,1.08,90.0
2024-06-10,GBP,1.27,105.0
2024-06-10,AED,0.27,22.5
2024-06-10,SGD,0.74,61.5
2024-06-10,INR,0.012,1.0
2024-06-11,USD,1.0,83.0
2024-06-11,EUR,1.08,90.0
2024-06-11,GBP,1.27,105.0
2024-06-11,AED,0.27,22.5
2024-06-11,SGD,0.74,61.5
2024-06-11,INR,0.012,1.0
2024-06-12,USD,1.0,83.0
2024-06-12,EUR,1.08,90.0
2024-06-12,GBP,1.27,105.0
2024-06-12,AED,0.27,22.5
2024-06-12,SGD,0.74,61.5
2024-06-12,INR,0.012,1.0
2024-06-13,USD,1.0,83.0
2024-06-13,EUR,1.08,90.0
2024-06-13,GBP,1.27,105.0
2024-06-13,AED,0.27,22.5
2024-06-13,SGD,0.74,61.5
2024-06-13,INR,0.012,1.0
2024-06-14,USD,1.0,83.0
2024-06-14,EUR,1.08,90.0
2024-06-14,GBP,1.27,105.0
2024-06-14,AED,0.27,22.5
2024-06-14,SGD,0.74,61.5
2024-06-14,INR,0.012,1.0
2024-06-15,USD,1.0,83.0
2024-06-15,EUR,1.08,90.0
2024-06-15,GBP,1.27,105.0
2024-06-15,AED,0.27,22.5
2024-06-15,SGD,0.74,61.5
2024-06-15,INR,0.012,1.0
2024-06-16,USD,1.0,83.0
2024-06-16,EUR,1.08,90.0
2024-06-16,GBP,1.27,105.0
2024-06-16,AED,0.27,22.5
2024-06-16,SGD,0.74,61.5
2024-06-16,INR,0.012,1.0
2024-06-17,USD,1.0,83.0
2024-06-17,EUR,1.08,90.0
2024-06-17,GBP,1.27,105.0
2024-06-17,AED,0.27,22.5
2024-06-17,SGD,0.74,61.5
2024-06-17,INR,0.012,1.0
2024-06-18,USD,1.0,83.0
2024-06-18,EUR,1.08,90.0
2024-06-18,GBP,1.27,105.0
2024-06-18,AED,0.27,22.5
2024-06-18,SGD,0.74,61.5
2024-06-18,INR,0.012,1.0
2024-06-19,USD,1.0,83.0
2024-06-19,EUR,1.08,90.0
2024-06-19,GBP,1.27,105.0
2024-06-19,AED,0.27,22.5
2024-06-19,SGD,0.74,61.5
2024-06-19,INR,0.012,1.0
2024-06-20,USD,1.0,83.0
2024-06-20,EUR,1.08,90.0
2024-06-20,GBP,1.27,105.0
2024-06-20,AED,0.27,22.5
2024-06-20,SGD,0.74,61.5
2024-06-20,INR,0.012,1.0
2024-06-21,USD,1.0,83.0
2024-06-21,EUR,1.08,90.0
2024-06-21,GBP,1.27,105.0
2024-06-21,AED,0.27,22.5
2024-06-21,SGD,0.74,61.5
2024-06-21,INR,0.012,1.0
2024-06-22,USD,1.0,83.0
2024-06-22,EUR,1.08,90.0
2024-06-22,GBP,1.27,105.0
2024-06-22,AED,0.27,22.5
2024-06-22,SGD,0.74,61.5
2024-06-22,INR,0.012,1.0
2024-06-23,USD,1.0,83.0
2024-06-23,EUR,1.08,90.0
2024-06-23,GBP,1.27,105.0
2024-06-23,AED,0.27,22.5
2024-06-23,SGD,0.74,61.5
2024-06-23,INR,0.012,1.0
2024-06-24,USD,1.0,83.0
2024-06-24,EUR,1.08,90.0
2024-06-24,GBP,1.27,105.0
2024-06-24,AED,0.27,22.5
2024-06-24,SGD,0.74,61.5
2024-06-24,INR,0.012,1.0
2024-06-25,USD,1.0,83.0
2024-06-25,EUR,1.08,90.0
2024-06-25,GBP,1.27,105.0
2024-06-25,AED,0.27,22.5
2024-06-25,SGD,0.74,61.5
2024-06-25,INR,0.012,1.0
2024-06-26,USD,1.0,83.0
2024-06-26,EUR,1.08,90.0
2024-06-26,GBP,1.27,105.0
2024-06-26,AED,0.27,22.5
2024-06-26,SGD,0.74,61.5
2024-06-26,INR,0.012,1.0
2024-06-27,USD,1.0,83.0
2024-06-27,EUR,1.08,90.0
2024-06-27,GBP,1.27,105.0
2024-06-27,AED,0.27,22.5
2024-06-27,SGD,0.74,61.5
2024-06-27,INR,0.012,1.0
2024-06-28,USD,1.0,83.0
2024-06-28,EUR,1.08,90.0
2024-06-28,GBP,1.27,105.0
2024-06-28,AED,0.27,22.5
2024-06-28,SGD,0.74,61.5
2024-06-28,INR,0.012,1.0
2024-06-29,USD,1.0,83.0
2024-06-29,EUR,1.08,90.0
2024-06-29,GBP,1.27,105.0
2024-06-29,AED,0.27,22.5
2024-06-29,SGD,0.74,61.5
2024-06-29,INR,0.012,1.0
2024-06-30,USD,1.0,83.0
2024-06-30,EUR,1.08,90.0
2024-06-30,GBP,1.27,105.0
2024-06-30,AED,0.27,22.5
2024-06-30,SGD,0.74,61.5
2024-06-30,INR,0.012,1.0
2024-07-01,USD,1.0,83.0
2024-07-01,EUR,1.08,90.0
2024-07-01,GBP,1.27,105.0
2024-07-01,AED,0.27,22.5
2024-07-01,SGD,0.74,61.5
2024-07-01,INR,0.012,1.0
2024-07-02,USD,1.0,83.0
2024-07-02,EUR,1.08,90.0
2024-07-02,GBP,1.27,105.0
2024-07-02,AED,0.27,22.5
2024-07-02,SGD,0.74,61.5
2024-07-02,INR,0.012,1.0
2024-07-03,USD,1.0,83.0
2024-07-03,EUR,1.08,90.0
2024-07-03,GBP,1.27,105.0
2024-07-03,AED,0.27,22.5
2024-07-03,SGD,0.74,61.5
2024-07-03,INR,0.012,1.0
2024-07-04,USD,1.0,83.0
2024-07-04,EUR,1.08,90.0
2024-07-04,GBP,1.27,105.0
2024-07-04,AED,0.27,22.5
2024-07-04,SGD,0.74,61.5
2024-07-04,INR,0.012,1.0
2024-07-05,USD,1.0,83.0
2024-07-05,EUR,1.08,90.0
2024-07-05,GBP,1.27,105.0
2024-07-05,AED,0.27,22.5
2024-07-05,SGD,0.74,61.5
2024-07-05,INR,0.012,1.0
2024-07-06,USD,1.0,83.0
2024-07-06,EUR,1.08,90.0
2024-07-06,GBP,1.27,105.0
2024-07-06,AED,0.27,22.5
2024-07-06,SGD,0.74,61.5
2024-07-06,INR,0.012,1.0
2024-07-07,USD,1.0,83.0
2024-07-07,EUR,1.08,90.0
2024-07-07,GBP,1.27,105.0
2024-07-07,AED,0.27,22.5
2024-07-07,SGD,0.74,61.5
2024-07-07,INR,0.012,1.0
2024-07-08,USD,1.0,83.0
2024-07-08,EUR,1.08,90.0
2024-07-08,GBP,1.27,105.0
2024-07-08,AED,0.27,22.5
2024-07-08,SGD,0.74,61.5
2024-07-08,INR,0.012,1.0
2024-07-09,USD,1.0,83.0
2024-07-09,EUR,1.08,90.0
2024-07-09,GBP,1.27,105.0
2024-07-09,AED,0.27,22.5
2024-07-09,SGD,0.74,61.5
2024-07-09,INR,0.012,1.0
2024-07-10,USD,1.0,83.0
2024-07-10,EUR,1.08,90.0
2024-07-10,GBP,1.27,105.0
2024-07-10,AED,0.27,22.5
2024-07-10,SGD,0.74,61.5
2024-07-10,INR,0.012,1.0
2024-07-11,USD,1.0,83.0
2024-07-11,EUR,1.08,90.0
2024-07-11,GBP,1.27,105.0
2024-07-11,AED,0.27,22.5
2024-07-11,SGD,0.74,61.5
2024-07-11,INR,0.012,1.0
2024-07-12,USD,1.0,83.0
2024-07-12,EUR,1.08,90.0
2024-07-12,GBP,1.27,105.0
2024-07-12,AED,0.27,22.5
2024-07-12,SGD,0.74,61.5
2024-07-12,INR,0.012,1.0
2024-07-13,USD,1.0,83.0
2024-07-13,EUR,1.08,90.0
2024-07-13,GBP,1.27,105.0
2024-07-13,AED,0.27,22.5
2024-07-13,SGD,0.74,61.5
2024-07-13,INR,0.012,1.0
2024-07-14,USD,1.0,83.0
2024-07-14,EUR,1.08,90.0
2024-07-14,GBP,1.27,105.0
2024-07-14,AED,0.27,22.5
2024-07-14,SGD,0.74,61.5
2024-07-14,INR,0.012,1.0
2024-07-15,USD,1.0,83.0
2024-07-15,EUR,1.08,90.0
2024-07-15,GBP,1.27,105.0
2024-07-15,AED,0.27,22.5
2024-07-15,SGD,0.74,61.5
2024-07-15,INR,0.012,1.0
2024-07-16,USD,1.0,83.0
2024-07-16,EUR,1.08,90.0
2024-07-16,GBP,1.27,105.0
2024-07-16,AED,0.27,22.5
2024-07-16,SGD,0.74,61.5
2024-07-16,INR,0.012,1.0
2024-07-17,USD,1.0,83.0
2024-07-17,EUR,1.08,90.0
2024-07-17,GBP,1.27,105.0
2024-07-17,AED,0.27,22.5
2024-07-17,SGD,0.74,61.5
2024-07-17,INR,0.012,1.0
2024-07-18,USD,1.0,83.0
2024-07-18,EUR,1.08,90.0
2024-07-18,GBP,1.27,105.0
2024-07-18,AED,0.27,22.5
2024-07-18,SGD,0.74,61.5
2024-07-18,INR,0.012,1.0
2024-07-19,USD,1.0,83.0
2024-07-19,EUR,1.08,90.0
2024-07-19,GBP,1.27,105.0
2024-07-19,AED,0.27,22.5
2024-07-19,SGD,0.74,61.5
2024-07-19,INR,0.012,1.0
2024-07-20,USD,1.0,83.0
2024-07-20,EUR,1.08,90.0
2024-07-20,GBP,1.27,105.0
2024-07-20,AED,0.27,22.5
2024-07-20,SGD,0.74,61.5
2024-07-20,INR,0.012,1.0
2024-07-21,USD,1.0,83.0
2024-07-21,EUR,1.08,90.0
2024-07-21,GBP,1.27,105.0
2024-07-21,AED,0.27,22.5
2024-07-21,SGD,0.74,61.5
2024-07-21,INR,0.012,1.0
2024-07-22,USD,1.0,83.0
2024-07-22,EUR,1.08,90.0
2024-07-22,GBP,1.27,105.0
2024-07-22,AED,0.27,22.5
2024-07-22,SGD,0.74,61.5
2024-07-22,INR,0.012,1.0
2024-07-23,USD,1.0,83.0
2024-07-23,EUR,1.08,90.0
2024-07-23,GBP,1.27,105.0
2024-07-23,AED,0.27,22.5
2024-07-23,SGD,0.74,61.5
2024-07-23,INR,0.012,1.0
2024-07-24,USD,1.0,83.0
2024-07-24,EUR,1.08,90.0
2024-07-24,GBP,1.27,105.0
2024-07-24,AED,0.27,22.5
2024-07-24,SGD,0.74,61.5
2024-07-24,INR,0.012,1.0
2024-07-25,USD,1.0,83.0
2024-07-25,EUR,1.08,90.0
2024-07-25,GBP,1.27,105.0
2024-07-25,AED,0.27,22.5
2024-07-25,SGD,0.74,61.5
2024-07-25,INR,0.012,1.0
2024-07-26,USD,1.0,83.0
2024-07-26,EUR,1.08,90.0
2024-07-26,GBP,1.27,105.0
2024-07-26,AED,0.27,22.5
2024-07-26,SGD,0.74,61.5
2024-07-26,INR,0.012,1.0
2024-07-27,USD,1.0,83.0
2024-07-27,EUR,1.08,90.0
2024-07-27,GBP,1.27,105.0
2024-07-27,AED,0.27,22.5
2024-07-27,SGD,0.74,61.5
2024-07-27,INR,0.012,1.0
2024-07-28,USD,1.0,83.0
2024-07-28,EUR,1.08,90.0
2024-07-28,GBP,1.27,105.0
2024-07-28,AED,0.27,22.5
2024-07-28,SGD,0.74,61.5
2024-07-28,INR,0.012,1.0
2024-07-29,USD,1.0,83.0
2024-07-29,EUR,1.08,90.0
2024-07-29,GBP,1.27,105.0
2024-07-29,AED,0.27,22.5
2024-07-29,SGD,0.74,61.5
2024-07-29,INR,0.012,1.0
2024-07-30,USD,1.0,83.0
2024-07-30,EUR,1.08,90.0
2024-07-30,GBP,1.27,105.0
2024-07-30,AED,0.27,22.5
2024-07-30,SGD,0.74,61.5
2024-07-30,INR,0.012,1.0
2024-07-31,USD,1.0,83.0
2024-07-31,EUR,1.08,90.0
2024-07-31,GBP,1.27,105.0
2024-07-31,AED,0.27,22.5
2024-07-31,SGD,0.74,61.5
2024-07-31,INR,0.012,1.0
2024-08-01,USD,1.0,83.0
2024-08-01,EUR,1.08,90.0
2024-08-01,GBP,1.27,105.0
2024-08-01,AED,0.27,22.5
2024-08-01,SGD,0.74,61.5
2024-08-01,INR,0.012,1.0
2024-08-02,USD,1.0,83.0
2024-08-02,EUR,1.08,90.0
2024-08-02,GBP,1.27,105.0
2024-08-02,AED,0.27,22.5
2024-08-02,SGD,0.74,61.5
2024-08-02,INR,0.012,1.0
2024-08-03,USD,1.0,83.0
2024-08-03,EUR,1.08,90.0
2024-08-03,GBP,1.27,105.0
2024-08-03,AED,0.27,22.5
2024-08-03,SGD,0.74,61.5
2024-08-03,INR,0.012,1.0
2024-08-04,USD,1.0,83.0
2024-08-04,EUR,1.08,90.0
2024-08-04,GBP,1.27,105.0
2024-08-04,AED,0.27,22.5
2024-08-04,SGD,0.74,61.5
2024-08-04,INR,0.012,1.0
2024-08-05,USD,1.0,83.0
2024-08-05,EUR,1.08,90.0
2024-08-05,GBP,1.27,105.0
2024-08-05,AED,0.27,22.5
2024-08-05,SGD,0.74,61.5
2024-08-05,INR,0.012,1.0
2024-08-06,USD,1.0,83.0
2024-08-06,EUR,1.08,90.0
2024-08-06,GBP,1.27,105.0
2024-08-06,AED,0.27,22.5
2024-08-06,SGD,0.74,61.5
2024-08-06,INR,0.012,1.0
2024-08-07,USD,1.0,83.0
2024-08-07,EUR,1.08,90.0
2024-08-07,GBP,1.27,105.0
2024-08-07,AED,0.27,22.5
2024-08-07,SGD,0.74,61.5
2024-08-07,INR,0.012,1.0
2024-08-08,USD,1.0,83.0
2024-08-08,EUR,1.08,90.0
2024-08-08,GBP,1.27,105.0
2024-08-08,AED,0.27,22.5
2024-08-08,SGD,0.74,61.5
2024-08-08,INR,0.012,1.0
2024-08-09,USD,1.0,83.0
2024-08-09,EUR,1.08,90.0
2024-08-09,GBP,1.27,105.0
2024-08-09,AED,0.27,22.5
2024-08-09,SGD,0.74,61.5
2024-08-09,INR,0.012,1.0
2024-08-10,USD,1.0,83.0
2024-08-10,EUR,1.08,90.0
2024-08-10,GBP,1.27,105.0
2024-08-10,AED,0.27,22.5
2024-08-10,SGD,0.74,61.5
2024-08-10,INR,0.012,1.0
2024-08-11,USD,1.0,83.0
2024-08-11,EUR,1.08,90.0
2024-08-11,GBP,1.27,105.0
2024-08-11,AED,0.27,22.5
2024-08-11,SGD,0.74,61.5
2024-08-11,INR,0.012,1.0
2024-08-12,USD,1.0,83.0
2024-08-12,EUR,1.08,90.0
2024-08-12,GBP,1.27,105.0
2024-08-12,AED,0.27,22.5
2024-08-12,SGD,0.74,61.5
2024-08-12,INR,0.012,1.0
2024-08-13,USD,1.0,83.0
2024-08-13,EUR,1.08,90.0
2024-08-13,GBP,1.27,105.0
2024-08-13,AED,0.27,22.5
2024-08-13,SGD,0.74,61.5
2024-08-13,INR,0.012,1.0
2024-08-14,USD,1.0,83.0
2024-08-14,EUR,1.08,90.0
2024-08-14,GBP,1.27,105.0
2024-08-14,AED,0.27,22.5
2024-08-14,SGD,0.74,61.5
2024-08-14,INR,0.012,1.0
2024-08-15,USD,1.0,83.0
2024-08-15,EUR,1.08,90.0
2024-08-15,GBP,1.27,105.0
2024-08-15,AED,0.27,22.5
2024-08-15,SGD,0.74,61.5
2024-08-15,INR,0.012,1.0
2024-08-16,USD,1.0,83.0
2024-08-16,EUR,1.08,90.0
2024-08-16,GBP,1.27,105.0
2024-08-16,AED,0.27,22.5
2024-08-16,SGD,0.74,61.5
2024-08-16,INR,0.012,1.0
2024-08-17,USD,1.0,83.0
2024-08-17,EUR,1.08,90.0
2024-08-17,GBP,1.27,105.0
2024-08-17,AED,0.27,22.5
2024-08-17,SGD,0.74,61.5
2024-08-17,INR,0.012,1.0
2024-08-18,USD,1.0,83.0
2024-08-18,EUR,1.08,90.0
2024-08-18,GBP,1.27,105.0
2024-08-18,AED,0.27,22.5
2024-08-18,SGD,0.74,61.5
2024-08-18,INR,0.012,1.0
2024-08-19,USD,1.0,83.0
2024-08-19,EUR,1.08,90.0
2024-08-19,GBP,1.27,105.0
2024-08-19,AED,0.27,22.5
2024-08-19,SGD,0.74,61.5
2024-08-19,INR,0.012,1.0
2024-08-20,USD,1.0,83.0
2024-08-20,EUR,1.08,90.0
2024-08-20,GBP,1.27,105.0
2024-08-20,AED,0.27,22.5
2024-08-20,SGD,0.74,61.5
2024-08-20,INR,0.012,1.0
2024-08-21,USD,1.0,83.0
2024-08-21,EUR,1.08,90.0
2024-08-21,GBP,1.27,105.0
2024-08-21,AED,0.27,22.5
2024-08-21,SGD,0.74,61.5
2024-08-21,INR,0.012,1.0
2024-08-22,USD,1.0,83.0
2024-08-22,EUR,1.08,90.0
2024-08-22,GBP,1.27,105.0
2024-08-22,AED,0.27,22.5
2024-08-22,SGD,0.74,61.5
2024-08-22,INR,0.012,1.0
2024-08-23,USD,1.0,83.0
2024-08-23,EUR,1.08,90.0
2024-08-23,GBP,1.27,105.0
2024-08-23,AED,0.27,22.5
2024-08-23,SGD,0.74,61.5
2024-08-23,INR,0.012,1.0
2024-08-24,USD,1.0,83.0
2024-08-24,EUR,1.08,90.0
2024-08-24,GBP,1.27,105.0
2024-08-24,AED,0.27,22.5
2024-08-24,SGD,0.74,61.5
2024-08-24,INR,0.012,1.0
2024-08-25,USD,1.0,83.0
2024-08-25,EUR,1.08,90.0
2024-08-25,GBP,1.27,105.0
2024-08-25,AED,0.27,22.5
2024-08-25,SGD,0.74,61.5
2024-08-25,INR,0.012,1.0
2024-08-26,USD,1.0,83.0
2024-08-26,EUR,1.08,90.0
2024-08-26,GBP,1.27,105.0
2024-08-26,AED,0.27,22.5
2024-08-26,SGD,0.74,61.5
2024-08-26,INR,0.012,1.0
2024-08-27,USD,1.0,83.0
2024-08-27,EUR,1.08,90.0
2024-08-27,GBP,1.27,105.0
2024-08-27,AED,0.27,22.5
2024-08-27,SGD,0.74,61.5
2024-08-27,INR,0.012,1.0
2024-08-28,USD,1.0,83.0
2024-08-28,EUR,1.08,90.0
2024-08-28,GBP,1.27,105.0
2024-08-28,AED,0.27,22.5
2024-08-28,SGD,0.74,61.5
2024-08-28,INR,0.012,1.0
2024-08-29,USD,1.0,83.0
2024-08-29,EUR,1.08,90.0
2024-08-29,GBP,1.27,105.0
2024-08-29,AED,0.27,22.5
2024-08-29,SGD,0.74,61.5
2024-08-29,INR,0.012,1.0
2024-08-30,USD,1.0,83.0
2024-08-30,EUR,1.08,90.0
2024-08-30,GBP,1.27,105.0
2024-08-30,AED,0.27,22.5
2024-08-30,SGD,0.74,61.5
2024-08-30,INR,0.012,1.0
2024-08-31,USD,1.0,83.0
2024-08-31,EUR,1.08,90.0
2024-08-31,GBP,1.27,105.0
2024-08-31,AED,0.27,22.5
2024-08-31,SGD,0.74,61.5
2024-08-31,INR,0.012,1.0
2024-09-01,USD,1.0,83.0
2024-09-01,EUR,1.08,90.0
2024-09-01,GBP,1.27,105.0
2024-09-01,AED,0.27,22.5
2024-09-01,SGD,0.74,61.5
2024-09-01,INR,0.012,1.0
2024-09-02,USD,1.0,83.0
2024-09-02,EUR,1.08,90.0
2024-09-02,GBP,1.27,105.0
2024-09-02,AED,0.27,22.5
2024-09-02,SGD,0.74,61.5
2024-09-02,INR,0.012,1.0
2024-09-03,USD,1.0,83.0
2024-09-03,EUR,1.08,90.0
2024-09-03,GBP,1.27,105.0
2024-09-03,AED,0.27,22.5
2024-09-03,SGD,0.74,61.5
2024-09-03,INR,0.012,1.0
2024-09-04,USD,1.0,83.0
2024-09-04,EUR,1.08,90.0
2024-09-04,GBP,1.27,105.0
2024-09-04,AED,0.27,22.5
2024-09-04,SGD,0.74,61.5
2024-09-04,INR,0.012,1.0
2024-09-05,USD,1.0,83.0
2024-09-05,EUR,1.08,90.0
2024-09-05,GBP,1.27,105.0
2024-09-05,AED,0.27,22.5
2024-09-05,SGD,0.74,61.5
2024-09-05,INR,0.012,1.0
2024-09-06,USD,1.0,83.0
2024-09-06,EUR,1.08,90.0
2024-09-06,GBP,1.27,105.0
2024-09-06,AED,0.27,22.5
2024-09-06,SGD,0.74,61.5
2024-09-06,INR,0.012,1.0
2024-09-07,USD,1.0,83.0
2024-09-07,EUR,1.08,90.0
2024-09-07,GBP,1.27,105.0
2024-09-07,AED,0.27,22.5
2024-09-07,SGD,0.74,61.5
2024-09-07,INR,0.012,1.0
2024-09-08,USD,1.0,83.0
2024-09-08,EUR,1.08,90.0
2024-09-08,GBP,1.27,105.0
2024-09-08,AED,0.27,22.5
2024-09-08,SGD,0.74,61.5
2024-09-08,INR,0.012,1.0
2024-09-09,USD,1.0,83.0
2024-09-09,EUR,1.08,90.0
2024-09-09,GBP,1.27,105.0
2024-09-09,AED,0.27,22.5
2024-09-09,SGD,0.74,61.5
2024-09-09,INR,0.012,1.0
2024-09-10,USD,1.0,83.0
2024-09-10,EUR,1.08,90.0
2024-09-10,GBP,1.27,105.0
2024-09-10,AED,0.27,22.5
2024-09-10,SGD,0.74,61.5
2024-09-10,INR,0.012,1.0
2024-09-11,USD,1.0,83.0
2024-09-11,EUR,1.08,90.0
2024-09-11,GBP,1.27,105.0
2024-09-11,AED,0.27,22.5
2024-09-11,SGD,0.74,61.5
2024-09-11,INR,0.012,1.0
2024-09-12,USD,1.0,83.0
2024-09-12,EUR,1.08,90.0
2024-09-12,GBP,1.27,105.0
2024-09-12,AED,0.27,22.5
2024-09-12,SGD,0.74,61.5
2024-09-12,INR,0.012,1.0
2024-09-13,USD,1.0,83.0
2024-09-13,EUR,1.08,90.0
2024-09-13,GBP,1.27,105.0
2024-09-13,AED,0.27,22.5
2024-09-13,SGD,0.74,61.5
2024-09-13,INR,0.012,1.0
2024-09-14,USD,1.0,83.0
2024-09-14,EUR,1.08,90.0
2024-09-14,GBP,1.27,105.0
2024-09-14,AED,0.27,22.5
2024-09-14,SGD,0.74,61.5
2024-09-14,INR,0.012,1.0
2024-09-15,USD,1.0,83.0
2024-09-15,EUR,1.08,90.0
2024-09-15,GBP,1.27,105.0
2024-09-15,AED,0.27,22.5
2024-09-15,SGD,0.74,61.5
2024-09-15,INR,0.012,1.0
2024-09-16,USD,1.0,83.0
2024-09-16,EUR,1.08,90.0
2024-09-16,GBP,1.27,105.0
2024-09-16,AED,0.27,22.5
2024-09-16,SGD,0.74,61.5
2024-09-16,INR,0.012,1.0
2024-09-17,USD,1.0,83.0
2024-09-17,EUR,1.08,90.0
2024-09-17,GBP,1.27,105.0
2024-09-17,AED,0.27,22.5
2024-09-17,SGD,0.74,61.5
2024-09-17,INR,0.012,1.0
2024-09-18,USD,1.0,83.0
2024-09-18,EUR,1.08,90.0
2024-09-18,GBP,1.27,105.0
2024-09-18,AED,0.27,22.5
2024-09-18,SGD,0.74,61.5
2024-09-18,INR,0.012,1.0
2024-09-19,USD,1.0,83.0
2024-09-19,EUR,1.08,90.0
2024-09-19,GBP,1.27,105.0
2024-09-19,AED,0.27,22.5
2024-09-19,SGD,0.74,61.5
2024-09-19,INR,0.012,1.0
2024-09-20,USD,1.0,83.0
2024-09-20,EUR,1.08,90.0
2024-09-20,GBP,1.27,105.0
2024-09-20,AED,0.27,22.5
2024-09-20,SGD,0.74,61.5
2024-09-20,INR,0.012,1.0
2024-09-21,USD,1.0,83.0
2024-09-21,EUR,1.08,90.0
2024-09-21,GBP,1.27,105.0
2024-09-21,AED,0.27,22.5
2024-09-21,SGD,0.74,61.5
2024-09-21,INR,0.012,1.0
2024-09-22,USD,1.0,83.0
2024-09-22,EUR,1.08,90.0
2024-09-22,GBP,1.27,105.0
2024-09-22,AED,0.27,22.5
2024-09-22,SGD,0.74,61.5
2024-09-22,INR,0.012,1.0
2024-09-23,USD,1.0,83.0
2024-09-23,EUR,1.08,90.0
2024-09-23,GBP,1.27,105.0
2024-09-23,AED,0.27,22.5
2024-09-23,SGD,0.74,61.5
2024-09-23,INR,0.012,1.0
2024-09-24,USD,1.0,83.0
2024-09-24,EUR,1.08,90.0
2024-09-24,GBP,1.27,105.0
2024-09-24,AED,0.27,22.5
2024-09-24,SGD,0.74,61.5
2024-09-24,INR,0.012,1.0
2024-09-25,USD,1.0,83.0
2024-09-25,EUR,1.08,90.0
2024-09-25,GBP,1.27,105.0
2024-09-25,AED,0.27,22.5
2024-09-25,SGD,0.74,61.5
2024-09-25,INR,0.012,1.0
2024-09-26,USD,1.0,83.0
2024-09-26,EUR,1.08,90.0
2024-09-26,GBP,1.27,105.0
2024-09-26,AED,0.27,22.5
2024-09-26,SGD,0.74,61.5
2024-09-26,INR,0.012,1.0
2024-09-27,USD,1.0,83.0
2024-09-27,EUR,1.08,90.0
2024-09-27,GBP,1.27,105.0
2024-09-27,AED,0.27,22.5
2024-09-27,SGD,0.74,61.5
2024-09-27,INR,0.012,1.0
2024-09-28,USD,1.0,83.0
2024-09-28,EUR,1.08,90.0
2024-09-28,GBP,1.27,105.0
2024-09-28,AED,0.27,22.5
2024-09-28,SGD,0.74,61.5
2024-09-28,INR,0.012,1.0
2024-09-29,USD,1.0,83.0
2024-09-29,EUR,1.08,90.0
2024-09-29,GBP,1.27,105.0
2024-09-29,AED,0.27,22.5
2024-09-29,SGD,0.74,61.5
2024-09-29,INR,0.012,1.0
2024-09-30,USD,1.0,83.0
2024-09-30,EUR,1.08,90.0
2024-09-30,GBP,1.27,105.0
2024-09-30,AED,0.27,22.5
2024-09-30,SGD,0.74,61.5
2024-09-30,INR,0.012,1.0
2024-10-01,USD,1.0,83.0
2024-10-01,EUR,1.08,90.0
2024-10-01,GBP,1.27,105.0
2024-10-01,AED,0.27,22.5
2024-10-01,SGD,0.74,61.5
2024-10-01,INR,0.012,1.0
2024-10-02,USD,1.0,83.0
2024-10-02,EUR,1.08,90.0
2024-10-02,GBP,1.27,105.0
2024-10-02,AED,0.27,22.5
2024-10-02,SGD,0.74,61.5
2024-10-02,INR,0.012,1.0
2024-10-03,USD,1.0,83.0
2024-10-03,EUR,1.08,90.0
2024-10-03,GBP,1.27,105.0
2024-10-03,AED,0.27,22.5
2024-10-03,SGD,0.74,61.5
2024-10-03,INR,0.012,1.0
2024-10-04,USD,1.0,83.0
2024-10-04,EUR,1.08,90.0
2024-10-04,GBP,1.27,105.0
2024-10-04,AED,0.27,22.5
2024-10-04,SGD,0.74,61.5
2024-10-04,INR,0.012,1.0
2024-10-05,USD,1.0,83.0
2024-10-05,EUR,1.08,90.0
2024-10-05,GBP,1.27,105.0
2024-10-05,AED,0.27,22.5
2024-10-05,SGD,0.74,61.5
2024-10-05,INR,0.012,1.0
2024-10-06,USD,1.0,83.0
2024-10-06,EUR,1.08,90.0
2024-10-06,GBP,1.27,105.0
2024-10-06,AED,0.27,22.5
2024-10-06,SGD,0.74,61.5
2024-10-06,INR,0.012,1.0
2024-10-07,USD,1.0,83.0
2024-10-07,EUR,1.08,90.0
2024-10-07,GBP,1.27,105.0
2024-10-07,AED,0.27,22.5
2024-10-07,SGD,0.74,61.5
2024-10-07,INR,0.012,1.0
2024-10-08,USD,1.0,83.0
2024-10-08,EUR,1.08,90.0
2024-10-08,GBP,1.27,105.0
2024-10-08,AED,0.27,22.5
2024-10-08,SGD,0.74,61.5
2024-10-08,INR,0.012,1.0
2024-10-09,USD,1.0,83.0
2024-10-09,EUR,1.08,90.0
2024-10-09,GBP,1.27,105.0
2024-10-09,AED,0.27,22.5
2024-10-09,SGD,0.74,61.5
2024-10-09,INR,0.012,1.0
2024-10-10,USD,1.0,83.0
2024-10-10,EUR,1.08,90.0
2024-10-10,GBP,1.27,105.0
2024-10-10,AED,0.27,22.5
2024-10-10,SGD,0.74,61.5
2024-10-10,INR,0.012,1.0
2024-10-11,USD,1.0,83.0
2024-10-11,EUR,1.08,90.0
2024-10-11,GBP,1.27,105.0
2024-10-11,AED,0.27,22.5
2024-10-11,SGD,0.74,61.5
2024-10-11,INR,0.012,1.0
2024-10-12,USD,1.0,83.0
2024-10-12,EUR,1.08,90.0
2024-10-12,GBP,1.27,105.0
2024-10-12,AED,0.27,22.5
2024-10-12,SGD,0.74,61.5
2024-10-12,INR,0.012,1.0
2024-10-13,USD,1.0,83.0
2024-10-13,EUR,1.08,90.0
2024-10-13,GBP,1.27,105.0
2024-10-13,AED,0.27,22.5
2024-10-13,SGD,0.74,61.5
2024-10-13,INR,0.012,1.0
2024-10-14,USD,1.0,83.0
2024-10-14,EUR,1.08,90.0
2024-10-14,GBP,1.27,105.0
2024-10-14,AED,0.27,22.5
2024-10-14,SGD,0.74,61.5
2024-10-14,INR,0.012,1.0
2024-10-15,USD,1.0,83.0
2024-10-15,EUR,1.08,90.0
2024-10-15,GBP,1.27,105.0
2024-10-15,AED,0.27,22.5
2024-10-15,SGD,0.74,61.5
2024-10-15,INR,0.012,1.0
2024-10-16,USD,1.0,83.0
2024-10-16,EUR,1.08,90.0
2024-10-16,GBP,1.27,105.0
2024-10-16,AED,0.27,22.5
2024-10-16,SGD,0.74,61.5
2024-10-16,INR,0.012,1.0
2024-10-17,USD,1.0,83.0
2024-10-17,EUR,1.08,90.0
2024-10-17,GBP,1.27,105.0
2024-10-17,AED,0.27,22.5
2024-10-17,SGD,0.74,61.5
2024-10-17,INR,0.012,1.0
2024-10-18,USD,1.0,83.0
2024-10-18,EUR,1.08,90.0
2024-10-18,GBP,1.27,105.0
2024-10-18,AED,0.27,22.5
2024-10-18,SGD,0.74,61.5
2024-10-18,INR,0.012,1.0
2024-10-19,USD,1.0,83.0
2024-10-19,EUR,1.08,90.0
2024-10-19,GBP,1.27,105.0
2024-10-19,AED,0.27,22.5
2024-10-19,SGD,0.74,61.5
2024-10-19,INR,0.012,1.0
2024-10-20,USD,1.0,83.0
2024-10-20,EUR,1.08,90.0
2024-10-20,GBP,1.27,105.0
2024-10-20,AED,0.27,22.5
2024-10-20,SGD,0.74,61.5
2024-10-20,INR,0.012,1.0
2024-10-21,USD,1.0,83.0
2024-10-21,EUR,1.08,90.0
2024-10-21,GBP,1.27,105.0
2024-10-21,AED,0.27,22.5
2024-10-21,SGD,0.74,61.5
2024-10-21,INR,0.012,1.0
2024-10-22,USD,1.0,83.0
2024-10-22,EUR,1.08,90.0
2024-10-22,GBP,1.27,105.0
2024-10-22,AED,0.27,22.5
2024-10-22,SGD,0.74,61.5
2024-10-22,INR,0.012,1.0
2024-10-23,USD,1.0,83.0
2024-10-23,EUR,1.08,90.0
2024-10-23,GBP,1.27,105.0
2024-10-23,AED,0.27,22.5
2024-10-23,SGD,0.74,61.5
2024-10-23,INR,0.012,1.0
2024-10-24,USD,1.0,83.0
2024-10-24,EUR,1.08,90.0
2024-10-24,GBP,1.27,105.0
2024-10-24,AED,0.27,22.5
2024-10-24,SGD,0.74,61.5
2024-10-24,INR,0.012,1.0
2024-10-25,USD,1.0,83.0
2024-10-25,EUR,1.08,90.0
2024-10-25,GBP,1.27,105.0
2024-10-25,AED,0.27,22.5
2024-10-25,SGD,0.74,61.5
2024-10-25,INR,0.012,1.0
2024-10-26,USD,1.0,83.0
2024-10-26,EUR,1.08,90.0
2024-10-26,GBP,1.27,105.0
2024-10-26,AED,0.27,22.5
2024-10-26,SGD,0.74,61.5
2024-10-26,INR,0.012,1.0
2024-10-27,USD,1.0,83.0
2024-10-27,EUR,1.08,90.0
2024-10-27,GBP,1.27,105.0
2024-10-27,AED,0.27,22.5
2024-10-27,SGD,0.74,61.5
2024-10-27,INR,0.012,1.0
2024-10-28,USD,1.0,83.0
2024-10-28,EUR,1.08,90.0
2024-10-28,GBP,1.27,105.0
2024-10-28,AED,0.27,22.5
2024-10-28,SGD,0.74,61.5
2024-10-28,INR,0.012,1.0
2024-10-29,USD,1.0,83.0
2024-10-29,EUR,1.08,90.0
2024-10-29,GBP,1.27,105.0
2024-10-29,AED,0.27,22.5
2024-10-29,SGD,0.74,61.5
2024-10-29,INR,0.012,1.0
2024-10-30,USD,1.0,83.0
2024-10-30,EUR,1.08,90.0
2024-10-30,GBP,1.27,105.0
2024-10-30,AED,0.27,22.5
2024-10-30,SGD,0.74,61.5
2024-10-30,INR,0.012,1.0
2024-10-31,USD,1.0,83.0
2024-10-31,EUR,1.08,90.0
2024-10-31,GBP,1.27,105.0
2024-10-31,AED,0.27,22.5
2024-10-31,SGD,0.74,61.5
2024-10-31,INR,0.012,1.0
2024-11-01,USD,1.0,83.0
2024-11-01,EUR,1.08,90.0
2024-11-01,GBP,1.27,105.0
2024-11-01,AED,0.27,22.5
2024-11-01,SGD,0.74,61.5
2024-11-01,INR,0.012,1.0
2024-11-02,USD,1.0,83.0
2024-11-02,EUR,1.08,90.0
2024-11-02,GBP,1.27,105.0
2024-11-02,AED,0.27,22.5
2024-11-02,SGD,0.74,61.5
2024-11-02,INR,0.012,1.0
2024-11-03,USD,1.0,83.0
2024-11-03,EUR,1.08,90.0
2024-11-03,GBP,1.27,105.0
2024-11-03,AED,0.27,22.5
2024-11-03,SGD,0.74,61.5
2024-11-03,INR,0.012,1.0
2024-11-04,USD,1.0,83.0
2024-11-04,EUR,1.08,90.0
2024-11-04,GBP,1.27,105.0
2024-11-04,AED,0.27,22.5
2024-11-04,SGD,0.74,61.5
2024-11-04,INR,0.012,1.0
2024-11-05,USD,1.0,83.0
2024-11-05,EUR,1.08,90.0
2024-11-05,GBP,1.27,105.0
2024-11-05,AED,0.27,22.5
2024-11-05,SGD,0.74,61.5
2024-11-05,INR,0.012,1.0
2024-11-06,USD,1.0,83.0
2024-11-06,EUR,1.08,90.0
2024-11-06,GBP,1.27,105.0
2024-11-06,AED,0.27,22.5
2024-11-06,SGD,0.74,61.5
2024-11-06,INR,0.012,1.0
2024-11-07,USD,1.0,83.0
2024-11-07,EUR,1.08,90.0
2024-11-07,GBP,1.27,105.0
2024-11-07,AED,0.27,22.5
2024-11-07,SGD,0.74,61.5
2024-11-07,INR,0.012,1.0
2024-11-08,USD,1.0,83.0
2024-11-08,EUR,1.08,90.0
2024-11-08,GBP,1.27,105.0
2024-11-08,AED,0.27,22.5
2024-11-08,SGD,0.74,61.5
2024-11-08,INR,0.012,1.0
2024-11-09,USD,1.0,83.0
2024-11-09,EUR,1.08,90.0
2024-11-09,GBP,1.27,105.0
2024-11-09,AED,0.27,22.5
2024-11-09,SGD,0.74,61.5
2024-11-09,INR,0.012,1.0
2024-11-10,USD,1.0,83.0
2024-11-10,EUR,1.08,90.0
2024-11-10,GBP,1.27,105.0
2024-11-10,AED,0.27,22.5
2024-11-10,SGD,0.74,61.5
2024-11-10,INR,0.012,1.0
2024-11-11,USD,1.0,83.0
2024-11-11,EUR,1.08,90.0
2024-11-11,GBP,1.27,105.0
2024-11-11,AED,0.27,22.5
2024-11-11,SGD,0.74,61.5
2024-11-11,INR,0.012,1.0
2024-11-12,USD,1.0,83.0
2024-11-12,EUR,1.08,90.0
2024-11-12,GBP,1.27,105.0
2024-11-12,AED,0.27,22.5
2024-11-12,SGD,0.74,61.5
2024-11-12,INR,0.012,1.0
2024-11-13,USD,1.0,83.0
2024-11-13,EUR,1.08,90.0
2024-11-13,GBP,1.27,105.0
2024-11-13,AED,0.27,22.5
2024-11-13,SGD,0.74,61.5
2024-11-13,INR,0.012,1.0
2024-11-14,USD,1.0,83.0
2024-11-14,EUR,1.08,90.0
2024-11-14,GBP,1.27,105.0
2024-11-14,AED,0.27,22.5
2024-11-14,SGD,0.74,61.5
2024-11-14,INR,0.012,1.0
2024-11-15,USD,1.0,83.0
2024-11-15,EUR,1.08,90.0
2024-11-15,GBP,1.27,105.0
2024-11-15,AED,0.27,22.5
2024-11-15,SGD,0.74,61.5
2024-11-15,INR,0.012,1.0
2024-11-16,USD,1.0,83.0
2024-11-16,EUR,1.08,90.0
2024-11-16,GBP,1.27,105.0
2024-11-16,AED,0.27,22.5
2024-11-16,SGD,0.74,61.5
2024-11-16,INR,0.012,1.0
2024-11-17,USD,1.0,83.0
2024-11-17,EUR,1.08,90.0
2024-11-17,GBP,1.27,105.0
2024-11-17,AED,0.27,22.5
2024-11-17,SGD,0.74,61.5
2024-11-17,INR,0.012,1.0
2024-11-18,USD,1.0,83.0
2024-11-18,EUR,1.08,90.0
2024-11-18,GBP,1.27,105.0
2024-11-18,AED,0.27,22.5
2024-11-18,SGD,0.74,61.5
2024-11-18,INR,0.012,1.0
2024-11-19,USD,1.0,83.0
2024-11-19,EUR,1.08,90.0
2024-11-19,GBP,1.27,105.0
2024-11-19,AED,0.27,22.5
2024-11-19,SGD,0.74,61.5
2024-11-19,INR,0.012,1.0
2024-11-20,USD,1.0,83.0
2024-11-20,EUR,1.08,90.0
2024-11-20,GBP,1.27,105.0
2024-11-20,AED,0.27,22.5
2024-11-20,SGD,0.74,61.5
2024-11-20,INR,0.012,1.0
2024-11-21,USD,1.0,83.0
2024-11-21,EUR,1.08,90.0
2024-11-21,GBP,1.27,105.0
2024-11-21,AED,0.27,22.5
2024-11-21,SGD,0.74,61.5
2024-11-21,INR,0.012,1.0
2024-11-22,USD,1.0,83.0
2024-11-22,EUR,1.08,90.0
2024-11-22,GBP,1.27,105.0
2024-11-22,AED,0.27,22.5
2024-11-22,SGD,0.74,61.5
2024-11-22,INR,0.012,1.0
2024-11-23,USD,1.0,83.0
2024-11-23,EUR,1.08,90.0
2024-11-23,GBP,1.27,105.0
2024-11-23,AED,0.27,22.5
2024-11-23,SGD,0.74,61.5
2024-11-23,INR,0.012,1.0
2024-11-24,USD,1.0,83.0
2024-11-24,EUR,1.08,90.0
2024-11-24,GBP,1.27,105.0
2024-11-24,AED,0.27,22.5
2024-11-24,SGD,0.74,61.5
2024-11-24,INR,0.012,1.0
2024-11-25,USD,1.0,83.0
2024-11-25,EUR,1.08,90.0
2024-11-25,GBP,1.27,105.0
2024-11-25,AED,0.27,22.5
2024-11-25,SGD,0.74,61.5
2024-11-25,INR,0.012,1.0
2024-11-26,USD,1.0,83.0
2024-11-26,EUR,1.08,90.0
2024-11-26,GBP,1.27,105.0
2024-11-26,AED,0.27,22.5
2024-11-26,SGD,0.74,61.5
2024-11-26,INR,0.012,1.0
2024-11-27,USD,1.0,83.0
2024-11-27,EUR,1.08,90.0
2024-11-27,GBP,1.27,105.0
2024-11-27,AED,0.27,22.5
2024-11-27,SGD,0.74,61.5
2024-11-27,INR,0.012,1.0
2024-11-28,USD,1.0,83.0
2024-11-28,EUR,1.08,90.0
2024-11-28,GBP,1.27,105.0
2024-11-28,AED,0.27,22.5
2024-11-28,SGD,0.74,61.5
2024-11-28,INR,0.012,1.0
2024-11-29,USD,1.0,83.0
2024-11-29,EUR,1.08,90.0
2024-11-29,GBP,1.27,105.0
2024-11-29,AED,0.27,22.5
2024-11-29,SGD,0.74,61.5
2024-11-29,INR,0.012,1.0
2024-11-30,USD,1.0,83.0
2024-11-30,EUR,1.08,90.0
2024-11-30,GBP,1.27,105.0
2024-11-30,AED,0.27,22.5
2024-11-30,SGD,0.74,61.5
2024-11-30,INR,0.012,1.0
2024-12-01,USD,1.0,83.0
2024-12-01,EUR,1.08,90.0
2024-12-01,GBP,1.27,105.0
2024-12-01,AED,0.27,22.5
2024-12-01,SGD,0.74,61.5
2024-12-01,INR,0.012,1.0
2024-12-02,USD,1.0,83.0
2024-12-02,EUR,1.08,90.0
2024-12-02,GBP,1.27,105.0
2024-12-02,AED,0.27,22.5
2024-12-02,SGD,0.74,61.5
2024-12-02,INR,0.012,1.0
2024-12-03,USD,1.0,83.0
2024-12-03,EUR,1.08,90.0
2024-12-03,GBP,1.27,105.0
2024-12-03,AED,0.27,22.5
2024-12-03,SGD,0.74,61.5
2024-12-03,INR,0.012,1.0
2024-12-04,USD,1.0,83.0
2024-12-04,EUR,1.08,90.0
2024-12-04,GBP,1.27,105.0
2024-12-04,AED,0.27,22.5
2024-12-04,SGD,0.74,61.5
2024-12-04,INR,0.012,1.0
2024-12-05,USD,1.0,83.0
2024-12-05,EUR,1.08,90.0
2024-12-05,GBP,1.27,105.0
2024-12-05,AED,0.27,22.5
2024-12-05,SGD,0.74,61.5
2024-12-05,INR,0.012,1.0
2024-12-06,USD,1.0,83.0
2024-12-06,EUR,1.08,90.0
2024-12-06,GBP,1.27,105.0
2024-12-06,AED,0.27,22.5
2024-12-06,SGD,0.74,61.5
2024-12-06,INR,0.012,1.0
2024-12-07,USD,1.0,83.0
2024-12-07,EUR,1.08,90.0
2024-12-07,GBP,1.27,105.0
2024-12-07,AED,0.27,22.5
2024-12-07,SGD,0.74,61.5
2024-12-07,INR,0.012,1.0
2024-12-08,USD,1.0,83.0
2024-12-08,EUR,1.08,90.0
2024-12-08,GBP,1.27,105.0
2024-12-08,AED,0.27,22.5
2024-12-08,SGD,0.74,61.5
2024-12-08,INR,0.012,1.0
2024-12-09,USD,1.0,83.0
2024-12-09,EUR,1.08,90.0
2024-12-09,GBP,1.27,105.0
2024-12-09,AED,0.27,22.5
2024-12-09,SGD,0.74,61.5
2024-12-09,INR,0.012,1.0
2024-12-10,USD,1.0,83.0
2024-12-10,EUR,1.08,90.0
2024-12-10,GBP,1.27,105.0
2024-12-10,AED,0.27,22.5
2024-12-10,SGD,0.74,61.5
2024-12-10,INR,0.012,1.0
2024-12-11,USD,1.0,83.0
2024-12-11,EUR,1.08,90.0
2024-12-11,GBP,1.27,105.0
2024-12-11,AED,0.27,22.5
2024-12-11,SGD,0.74,61.5
2024-12-11,INR,0.012,1.0
2024-12-12,USD,1.0,83.0
2024-12-12,EUR,1.08,90.0
2024-12-12,GBP,1.27,105.0
2024-12-12,AED,0.27,22.5
2024-12-12,SGD,0.74,61.5
2024-12-12,INR,0.012,1.0
2024-12-13,USD,1.0,83.0
2024-12-13,EUR,1.08,90.0
2024-12-13,GBP,1.27,105.0
2024-12-13,AED,0.27,22.5
2024-12-13,SGD,0.74,61.5
2024-12-13,INR,0.012,1.0
2024-12-14,USD,1.0,83.0
2024-12-14,EUR,1.08,90.0
2024-12-14,GBP,1.27,105.0
2024-12-14,AED,0.27,22.5
2024-12-14,SGD,0.74,61.5
2024-12-14,INR,0.012,1.0
2024-12-15,USD,1.0,83.0
2024-12-15,EUR,1.08,90.0
2024-12-15,GBP,1.27,105.0
2024-12-15,AED,0.27,22.5
2024-12-15,SGD,0.74,61.5
2024-12-15,INR,0.012,1.0
2024-12-16,USD,1.0,83.0
2024-12-16,EUR,1.08,90.0
2024-12-16,GBP,1.27,105.0
2024-12-16,AED,0.27,22.5
2024-12-16,SGD,0.74,61.5
2024-12-16,INR,0.012,1.0
2024-12-17,USD,1.0,83.0
2024-12-17,EUR,1.08,90.0
2024-12-17,GBP,1.27,105.0
2024-12-17,AED,0.27,22.5
2024-12-17,SGD,0.74,61.5
2024-12-17,INR,0.012,1.0
2024-12-18,USD,1.0,83.0
2024-12-18,EUR,1.08,90.0
2024-12-18,GBP,1.27,105.0
2024-12-18,AED,0.27,22.5
2024-12-18,SGD,0.74,61.5
2024-12-18,INR,0.012,1.0
2024-12-19,USD,1.0,83.0
2024-12-19,EUR,1.08,90.0
2024-12-19,GBP,1.27,105.0
2024-12-19,AED,0.27,22.5
2024-12-19,SGD,0.74,61.5
2024-12-19,INR,0.012,1.0
2024-12-20,USD,1.0,83.0
2024-12-20,EUR,1.08,90.0
2024-12-20,GBP,1.27,105.0
2024-12-20,AED,0.27,22.5
2024-12-20,SGD,0.74,61.5
2024-12-20,INR,0.012,1.0
2024-12-21,USD,1.0,83.0
2024-12-21,EUR,1.08,90.0
2024-12-21,GBP,1.27,105.0
2024-12-21,AED,0.27,22.5
2024-12-21,SGD,0.74,61.5
2024-12-21,INR,0.012,1.0
2024-12-22,USD,1.0,83.0
2024-12-22,EUR,1.08,90.0
2024-12-22,GBP,1.27,105.0
2024-12-22,AED,0.27,22.5
2024-12-22,SGD,0.74,61.5
2024-12-22,INR,0.012,1.0
2024-12-23,USD,1.0,83.0
2024-12-23,EUR,1.08,90.0
2024-12-23,GBP,1.27,105.0
2024-12-23,AED,0.27,22.5
2024-12-23,SGD,0.74,61.5
2024-12-23,INR,0.012,1.0
2024-12-24,USD,1.0,83.0
2024-12-24,EUR,1.08,90.0
2024-12-24,GBP,1.27,105.0
2024-12-24,AED,0.27,22.5
2024-12-24,SGD,0.74,61.5
2024-12-24,INR,0.012,1.0
2024-12-25,USD,1.0,83.0
2024-12-25,EUR,1.08,90.0
2024-12-25,GBP,1.27,105.0
2024-12-25,AED,0.27,22.5
2024-12-25,SGD,0.74,61.5
2024-12-25,INR,0.012,1.0
2024-12-26,USD,1.0,83.0
2024-12-26,EUR,1.08,90.0
2024-12-26,GBP,1.27,105.0
2024-12-26,AED,0.27,22.5
2024-12-26,SGD,0.74,61.5
2024-12-26,INR,0.012,1.0
2024-12-27,USD,1.0,83.0
2024-12-27,EUR,1.08,90.0
2024-12-27,GBP,1.27,105.0
2024-12-27,AED,0.27,22.5
2024-12-27,SGD,0.74,61.5
2024-12-27,INR,0.012,1.0
2024-12-28,USD,1.0,83.0
2024-12-28,EUR,1.08,90.0
2024-12-28,GBP,1.27,105.0
2024-12-28,AED,0.27,22.5
2024-12-28,SGD,0.74,61.5
2024-12-28,INR,0.012,1.0
2024-12-29,USD,1.0,83.0
2024-12-29,EUR,1.08,90.0
2024-12-29,GBP,1.27,105.0
2024-12-29,AED,0.27,22.5
2024-12-29,SGD,0.74,61.5
2024-12-29,INR,0.012,1.0
2024-12-30,USD,1.0,83.0
2024-12-30,EUR,1.08,90.0
2024-12-30,GBP,1.27,105.0
2024-12-30,AED,0.27,22.5
2024-12-30,SGD,0.74,61.5
2024-12-30,INR,0.012,1.0
2024-12-31,USD,1.0,83.0
2024-12-31,EUR,1.08,90.0
2024-12-31,GBP,1.27,105.0
2024-12-31,AED,0.27,22.5
2024-12-31,SGD,0.74,61.5
2024-12-31,INR,0.012,1.0
2025-01-01,USD,1.0,83.0
2025-01-01,EUR,1.08,90.0
2025-01-01,GBP,1.27,105.0
2025-01-01,AED,0.27,22.5
2025-01-01,SGD,0.74,61.5
2025-01-01,INR,0.012,1.0
2025-01-02,USD,1.0,83.0
2025-01-02,EUR,1.08,90.0
2025-01-02,GBP,1.27,105.0
2025-01-02,AED,0.27,22.5
2025-01-02,SGD,0.74,61.5
2025-01-02,INR,0.012,1.0
2025-01-03,USD,1.0,83.0
2025-01-03,EUR,1.08,90.0
2025-01-03,GBP,1.27,105.0
2025-01-03,AED,0.27,22.5
2025-01-03,SGD,0.74,61.5
2025-01-03,INR,0.012,1.0
2025-01-04,USD,1.0,83.0
2025-01-04,EUR,1.08,90.0
2025-01-04,GBP,1.27,105.0
2025-01-04,AED,0.27,22.5
2025-01-04,SGD,0.74,61.5
2025-01-04,INR,0.012,1.0
2025-01-05,USD,1.0,83.0
2025-01-05,EUR,1.08,90.0
2025-01-05,GBP,1.27,105.0
2025-01-05,AED,0.27,22.5
2025-01-05,SGD,0.74,61.5
2025-01-05,INR,0.012,1.0
2025-01-06,USD,1.0,83.0
2025-01-06,EUR,1.08,90.0
2025-01-06,GBP,1.27,105.0
2025-01-06,AED,0.27,22.5
2025-01-06,SGD,0.74,61.5
2025-01-06,INR,0.012,1.0
2025-01-07,USD,1.0,83.0
2025-01-07,EUR,1.08,90.0
2025-01-07,GBP,1.27,105.0
2025-01-07,AED,0.27,22.5
2025-01-07,SGD,0.74,61.5
2025-01-07,INR,0.012,1.0
2025-01-08,USD,1.0,83.0
2025-01-08,EUR,1.08,90.0
2025-01-08,GBP,1.27,105.0
2025-01-08,AED,0.27,22.5
2025-01-08,SGD,0.74,61.5
2025-01-08,INR,0.012,1.0
2025-01-09,USD,1.0,83.0
2025-01-09,EUR,1.08,90.0
2025-01-09,GBP,1.27,105.0
2025-01-09,AED,0.27,22.5
2025-01-09,SGD,0.74,61.5
2025-01-09,INR,0.012,1.0
2025-01-10,USD,1.0,83.0
2025-01-10,EUR,1.08,90.0
2025-01-10,GBP,1.27,105.0
2025-01-10,AED,0.27,22.5
2025-01-10,SGD,0.74,61.5
2025-01-10,INR,0.012,1.0
2025-01-11,USD,1.0,83.0
2025-01-11,EUR,1.08,90.0
2025-01-11,GBP,1.27,105.0
2025-01-11,AED,0.27,22.5
2025-01-11,SGD,0.74,61.5
2025-01-11,INR,0.012,1.0
2025-01-12,USD,1.0,83.0
2025-01-12,EUR,1.08,90.0
2025-01-12,GBP,1.27,105.0
2025-01-12,AED,0.27,22.5
2025-01-12,SGD,0.74,61.5
2025-01-12,INR,0.012,1.0
2025-01-13,USD,1.0,83.0
2025-01-13,EUR,1.08,90.0
2025-01-13,GBP,1.27,105.0
2025-01-13,AED,0.27,22.5
2025-01-13,SGD,0.74,61.5
2025-01-13,INR,0.012,1.0
2025-01-14,USD,1.0,83.0
2025-01-14,EUR,1.08,90.0
2025-01-14,GBP,1.27,105.0
2025-01-14,AED,0.27,22.5
2025-01-14,SGD,0.74,61.5
2025-01-14,INR,0.012,1.0
2025-01-15,USD,1.0,83.0
2025-01-15,EUR,1.08,90.0
2025-01-15,GBP,1.27,105.0
2025-01-15,AED,0.27,22.5
2025-01-15,SGD,0.74,61.5
2025-01-15,INR,0.012,1.0
2025-01-16,USD,1.0,83.0
2025-01-16,EUR,1.08,90.0
2025-01-16,GBP,1.27,105.0
2025-01-16,AED,0.27,22.5
2025-01-16,SGD,0.74,61.5
2025-01-16,INR,0.012,1.0
2025-01-17,USD,1.0,83.0
2025-01-17,EUR,1.08,90.0
2025-01-17,GBP,1.27,105.0
2025-01-17,AED,0.27,22.5
2025-01-17,SGD,0.74,61.5
2025-01-17,INR,0.012,1.0
2025-01-18,USD,1.0,83.0
2025-01-18,EUR,1.08,90.0
2025-01-18,GBP,1.27,105.0
2025-01-18,AED,0.27,22.5
2025-01-18,SGD,0.74,61.5
2025-01-18,INR,0.012,1.0
2025-01-19,USD,1.0,83.0
2025-01-19,EUR,1.08,90.0
2025-01-19,GBP,1.27,105.0
2025-01-19,AED,0.27,22.5
2025-01-19,SGD,0.74,61.5
2025-01-19,INR,0.012,1.0
2025-01-20,USD,1.0,83.0
2025-01-20,EUR,1.08,90.0
2025-01-20,GBP,1.27,105.0
2025-01-20,AED,0.27,22.5
2025-01-20,SGD,0.74,61.5
2025-01-20,INR,0.012,1.0
2025-01-21,USD,1.0,83.0
2025-01-21,EUR,1.08,90.0
2025-01-21,GBP,1.27,105.0
2025-01-21,AED,0.27,22.5
2025-01-21,SGD,0.74,61.5
2025-01-21,INR,0.012,1.0
2025-01-22,USD,1.0,83.0
2025-01-22,EUR,1.08,90.0
2025-01-22,GBP,1.27,105.0
2025-01-22,AED,0.27,22.5
2025-01-22,SGD,0.74,61.5
2025-01-22,INR,0.012,1.0
2025-01-23,USD,1.0,83.0
2025-01-23,EUR,1.08,90.0
2025-01-23,GBP,1.27,105.0
2025-01-23,AED,0.27,22.5
2025-01-23,SGD,0.74,61.5
2025-01-23,INR,0.012,1.0
2025-01-24,USD,1.0,83.0
2025-01-24,EUR,1.08,90.0
2025-01-24,GBP,1.27,105.0
2025-01-24,AED,0.27,22.5
2025-01-24,SGD,0.74,61.5
2025-01-24,INR,0.012,1.0
2025-01-25,USD,1.0,83.0
2025-01-25,EUR,1.08,90.0
2025-01-25,GBP,1.27,105.0
2025-01-25,AED,0.27,22.5
2025-01-25,SGD,0.74,61.5
2025-01-25,INR,0.012,1.0
2025-01-26,USD,1.0,83.0
2025-01-26,EUR,1.08,90.0
2025-01-26,GBP,1.27,105.0
2025-01-26,AED,0.27,22.5
2025-01-26,SGD,0.74,61.5
2025-01-26,INR,0.012,1.0
2025-01-27,USD,1.0,83.0
2025-01-27,EUR,1.08,90.0
2025-01-27,GBP,1.27,105.0
2025-01-27,AED,0.27,22.5
2025-01-27,SGD,0.74,61.5
2025-01-27,INR,0.012,1.0
2025-01-28,USD,1.0,83.0
2025-01-28,EUR,1.08,90.0
2025-01-28,GBP,1.27,105.0
2025-01-28,AED,0.27,22.5
2025-01-28,SGD,0.74,61.5
2025-01-28,INR,0.012,1.0
2025-01-29,USD,1.0,83.0
2025-01-29,EUR,1.08,90.0
2025-01-29,GBP,1.27,105.0
2025-01-29,AED,0.27,22.5
2025-01-29,SGD,0.74,61.5
2025-01-29,INR,0.012,1.0
2025-01-30,USD,1.0,83.0
2025-01-30,EUR,1.08,90.0
2025-01-30,GBP,1.27,105.0
2025-01-30,AED,0.27,22.5
2025-01-30,SGD,0.74,61.5
2025-01-30,INR,0.012,1.0
2025-01-31,USD,1.0,83.0
2025-01-31,EUR,1.08,90.0
2025-01-31,GBP,1.27,105.0
2025-01-31,AED,0.27,22.5
2025-01-31,SGD,0.74,61.5
2025-01-31,INR,0.012,1.0
2025-02-01,USD,1.0,83.0
2025-02-01,EUR,1.08,90.0
2025-02-01,GBP,1.27,105.0
2025-02-01,AED,0.27,22.5
2025-02-01,SGD,0.74,61.5
2025-02-01,INR,0.012,1.0
2025-02-02,USD,1.0,83.0
2025-02-02,EUR,1.08,90.0
2025-02-02,GBP,1.27,105.0
2025-02-02,AED,0.27,22.5
2025-02-02,SGD,0.74,61.5
2025-02-02,INR,0.012,1.0
2025-02-03,USD,1.0,83.0
2025-02-03,EUR,1.08,90.0
2025-02-03,GBP,1.27,105.0
2025-02-03,AED,0.27,22.5
2025-02-03,SGD,0.74,61.5
2025-02-03,INR,0.012,1.0
2025-02-04,USD,1.0,83.0
2025-02-04,EUR,1.08,90.0
2025-02-04,GBP,1.27,105.0
2025-02-04,AED,0.27,22.5
2025-02-04,SGD,0.74,61.5
2025-02-04,INR,0.012,1.0
2025-02-05,USD,1.0,83.0
2025-02-05,EUR,1.08,90.0
2025-02-05,GBP,1.27,105.0
2025-02-05,AED,0.27,22.5
2025-02-05,SGD,0.74,61.5
2025-02-05,INR,0.012,1.0
2025-02-06,USD,1.0,83.0
2025-02-06,EUR,1.08,90.0
2025-02-06,GBP,1.27,105.0
2025-02-06,AED,0.27,22.5
2025-02-06,SGD,0.74,61.5
2025-02-06,INR,0.012,1.0
2025-02-07,USD,1.0,83.0
2025-02-07,EUR,1.08,90.0
2025-02-07,GBP,1.27,105.0
2025-02-07,AED,0.27,22.5
2025-02-07,SGD,0.74,61.5
2025-02-07,INR,0.012,1.0
2025-02-08,USD,1.0,83.0
2025-02-08,EUR,1.08,90.0
2025-02-08,GBP,1.27,105.0
2025-02-08,AED,0.27,22.5
2025-02-08,SGD,0.74,61.5
2025-02-08,INR,0.012,1.0
2025-02-09,USD,1.0,83.0
2025-02-09,EUR,1.08,90.0
2025-02-09,GBP,1.27,105.0
2025-02-09,AED,0.27,22.5
2025-02-09,SGD,0.74,61.5
2025-02-09,INR,0.012,1.0
2025-02-10,USD,1.0,83.0
2025-02-10,EUR,1.08,90.0
2025-02-10,GBP,1.27,105.0
2025-02-10,AED,0.27,22.5
2025-02-10,SGD,0.74,61.5
2025-02-10,INR,0.012,1.0
2025-02-11,USD,1.0,83.0
2025-02-11,EUR,1.08,90.0
2025-02-11,GBP,1.27,105.0
2025-02-11,AED,0.27,22.5
2025-02-11,SGD,0.74,61.5
2025-02-11,INR,0.012,1.0
2025-02-12,USD,1.0,83.0
2025-02-12,EUR,1.08,90.0
2025-02-12,GBP,1.27,105.0
2025-02-12,AED,0.27,22.5
2025-02-12,SGD,0.74,61.5
2025-02-12,INR,0.012,1.0
2025-02-13,USD,1.0,83.0
2025-02-13,EUR,1.08,90.0
2025-02-13,GBP,1.27,105.0
2025-02-13,AED,0.27,22.5
2025-02-13,SGD,0.74,61.5
2025-02-13,INR,0.012,1.0
2025-02-14,USD,1.0,83.0
2025-02-14,EUR,1.08,90.0
2025-02-14,GBP,1.27,105.0
2025-02-14,AED,0.27,22.5
2025-02-14,SGD,0.74,61.5
2025-02-14,INR,0.012,1.0
2025-02-15,USD,1.0,83.0
2025-02-15,EUR,1.08,90.0
2025-02-15,GBP,1.27,105.0
2025-02-15,AED,0.27,22.5
2025-02-15,SGD,0.74,61.5
2025-02-15,INR,0.012,1.0
2025-02-16,USD,1.0,83.0
2025-02-16,EUR,1.08,90.0
2025-02-16,GBP,1.27,105.0
2025-02-16,AED,0.27,22.5
2025-02-16,SGD,0.74,61.5
2025-02-16,INR,0.012,1.0
2025-02-17,USD,1.0,83.0
2025-02-17,EUR,1.08,90.0
2025-02-17,GBP,1.27,105.0
2025-02-17,AED,0.27,22.5
2025-02-17,SGD,0.74,61.5
2025-02-17,INR,0.012,1.0
2025-02-18,USD,1.0,83.0
2025-02-18,EUR,1.08,90.0
2025-02-18,GBP,1.27,105.0
2025-02-18,AED,0.27,22.5
2025-02-18,SGD,0.74,61.5
2025-02-18,INR,0.012,1.0
2025-02-19,USD,1.0,83.0
2025-02-19,EUR,1.08,90.0
2025-02-19,GBP,1.27,105.0
2025-02-19,AED,0.27,22.5
2025-02-19,SGD,0.74,61.5
2025-02-19,INR,0.012,1.0
2025-02-20,USD,1.0,83.0
2025-02-20,EUR,1.08,90.0
2025-02-20,GBP,1.27,105.0
2025-02-20,AED,0.27,22.5
2025-02-20,SGD,0.74,61.5
2025-02-20,INR,0.012,1.0
2025-02-21,USD,1.0,83.0
2025-02-21,EUR,1.08,90.0
2025-02-21,GBP,1.27,105.0
2025-02-21,AED,0.27,22.5
2025-02-21,SGD,0.74,61.5
2025-02-21,INR,0.012,1.0
2025-02-22,USD,1.0,83.0
2025-02-22,EUR,1.08,90.0
2025-02-22,GBP,1.27,105.0
2025-02-22,AED,0.27,22.5
2025-02-22,SGD,0.74,61.5
2025-02-22,INR,0.012,1.0
2025-02-23,USD,1.0,83.0
2025-02-23,EUR,1.08,90.0
2025-02-23,GBP,1.27,105.0
2025-02-23,AED,0.27,22.5
2025-02-23,SGD,0.74,61.5
2025-02-23,INR,0.012,1.0
2025-02-24,USD,1.0,83.0
2025-02-24,EUR,1.08,90.0
2025-02-24,GBP,1.27,105.0
2025-02-24,AED,0.27,22.5
2025-02-24,SGD,0.74,61.5
2025-02-24,INR,0.012,1.0
2025-02-25,USD,1.0,83.0
2025-02-25,EUR,1.08,90.0
2025-02-25,GBP,1.27,105.0
2025-02-25,AED,0.27,22.5
2025-02-25,SGD,0.74,61.5
2025-02-25,INR,0.012,1.0
2025-02-26,USD,1.0,83.0
2025-02-26,EUR,1.08,90.0
2025-02-26,GBP,1.27,105.0
2025-02-26,AED,0.27,22.5
2025-02-26,SGD,0.74,61.5
2025-02-26,INR,0.012,1.0
2025-02-27,USD,1.0,83.0
2025-02-27,EUR,1.08,90.0
2025-02-27,GBP,1.27,105.0
2025-02-27,AED,0.27,22.5
2025-02-27,SGD,0.74,61.5
2025-02-27,INR,0.012,1.0
2025-02-28,USD,1.0,83.0
2025-02-28,EUR,1.08,90.0
2025-02-28,GBP,1.27,105.0
2025-02-28,AED,0.27,22.5
2025-02-28,SGD,0.74,61.5
2025-02-28,INR,0.012,1.0
2025-03-01,USD,1.0,83.0
2025-03-01,EUR,1.08,90.0
2025-03-01,GBP,1.27,105.0
2025-03-01,AED,0.27,22.5
2025-03-01,SGD,0.74,61.5
2025-03-01,INR,0.012,1.0
2025-03-02,USD,1.0,83.0
2025-03-02,EUR,1.08,90.0
2025-03-02,GBP,1.27,105.0
2025-03-02,AED,0.27,22.5
2025-03-02,SGD,0.74,61.5
2025-03-02,INR,0.012,1.0
2025-03-03,USD,1.0,83.0
2025-03-03,EUR,1.08,90.0
2025-03-03,GBP,1.27,105.0
2025-03-03,AED,0.27,22.5
2025-03-03,SGD,0.74,61.5
2025-03-03,INR,0.012,1.0
2025-03-04,USD,1.0,83.0
2025-03-04,EUR,1.08,90.0
2025-03-04,GBP,1.27,105.0
2025-03-04,AED,0.27,22.5
2025-03-04,SGD,0.74,61.5
2025-03-04,INR,0.012,1.0
2025-03-05,USD,1.0,83.0
2025-03-05,EUR,1.08,90.0
2025-03-05,GBP,1.27,105.0
2025-03-05,AED,0.27,22.5
2025-03-05,SGD,0.74,61.5
2025-03-05,INR,0.012,1.0
2025-03-06,USD,1.0,83.0
2025-03-06,EUR,1.08,90.0
2025-03-06,GBP,1.27,105.0
2025-03-06,AED,0.27,22.5
2025-03-06,SGD,0.74,61.5
2025-03-06,INR,0.012,1.0
2025-03-07,USD,1.0,83.0
2025-03-07,EUR,1.08,90.0
2025-03-07,GBP,1.27,105.0
2025-03-07,AED,0.27,22.5
2025-03-07,SGD,0.74,61.5
2025-03-07,INR,0.012,1.0
2025-03-08,USD,1.0,83.0
2025-03-08,EUR,1.08,90.0
2025-03-08,GBP,1.27,105.0
2025-03-08,AED,0.27,22.5
2025-03-08,SGD,0.74,61.5
2025-03-08,INR,0.012,1.0
2025-03-09,USD,1.0,83.0
2025-03-09,EUR,1.08,90.0
2025-03-09,GBP,1.27,105.0
2025-03-09,AED,0.27,22.5
2025-03-09,SGD,0.74,61.5
2025-03-09,INR,0.012,1.0
2025-03-10,USD,1.0,83.0
2025-03-10,EUR,1.08,90.0
2025-03-10,GBP,1.27,105.0
2025-03-10,AED,0.27,22.5
2025-03-10,SGD,0.74,61.5
2025-03-10,INR,0.012,1.0
2025-03-11,USD,1.0,83.0
2025-03-11,EUR,1.08,90.0
2025-03-11,GBP,1.27,105.0
2025-03-11,AED,0.27,22.5
2025-03-11,SGD,0.74,61.5
2025-03-11,INR,0.012,1.0
2025-03-12,USD,1.0,83.0
2025-03-12,EUR,1.08,90.0
2025-03-12,GBP,1.27,105.0
2025-03-12,AED,0.27,22.5
2025-03-12,SGD,0.74,61.5
2025-03-12,INR,0.012,1.0
2025-03-13,USD,1.0,83.0
2025-03-13,EUR,1.08,90.0
2025-03-13,GBP,1.27,105.0
2025-03-13,AED,0.27,22.5
2025-03-13,SGD,0.74,61.5
2025-03-13,INR,0.012,1.0
2025-03-14,USD,1.0,83.0
2025-03-14,EUR,1.08,90.0
2025-03-14,GBP,1.27,105.0
2025-03-14,AED,0.27,22.5
2025-03-14,SGD,0.74,61.5
2025-03-14,INR,0.012,1.0
2025-03-15,USD,1.0,83.0
2025-03-15,EUR,1.08,90.0
2025-03-15,GBP,1.27,105.0
2025-03-15,AED,0.27,22.5
2025-03-15,SGD,0.74,61.5
2025-03-15,INR,0.012,1.0
2025-03-16,USD,1.0,83.0
2025-03-16,EUR,1.08,90.0
2025-03-16,GBP,1.27,105.0
2025-03-16,AED,0.27,22.5
2025-03-16,SGD,0.74,61.5
2025-03-16,INR,0.012,1.0
2025-03-17,USD,1.0,83.0
2025-03-17,EUR,1.08,90.0
2025-03-17,GBP,1.27,105.0
2025-03-17,AED,0.27,22.5
2025-03-17,SGD,0.74,61.5
2025-03-17,INR,0.012,1.0
2025-03-18,USD,1.0,83.0
2025-03-18,EUR,1.08,90.0
2025-03-18,GBP,1.27,105.0
2025-03-18,AED,0.27,22.5
2025-03-18,SGD,0.74,61.5
2025-03-18,INR,0.012,1.0
2025-03-19,USD,1.0,83.0
2025-03-19,EUR,1.08,90.0
2025-03-19,GBP,1.27,105.0
2025-03-19,AED,0.27,22.5
2025-03-19,SGD,0.74,61.5
2025-03-19,INR,0.012,1.0
2025-03-20,USD,1.0,83.0
2025-03-20,EUR,1.08,90.0
2025-03-20,GBP,1.27,105.0
2025-03-20,AED,0.27,22.5
2025-03-20,SGD,0.74,61.5
2025-03-20,INR,0.012,1.0
2025-03-21,USD,1.0,83.0
2025-03-21,EUR,1.08,90.0
2025-03-21,GBP,1.27,105.0
2025-03-21,AED,0.27,22.5
2025-03-21,SGD,0.74,61.5
2025-03-21,INR,0.012,1.0
2025-03-22,USD,1.0,83.0
2025-03-22,EUR,1.08,90.0
2025-03-22,GBP,1.27,105.0
2025-03-22,AED,0.27,22.5
2025-03-22,SGD,0.74,61.5
2025-03-22,INR,0.012,1.0
2025-03-23,USD,1.0,83.0
2025-03-23,EUR,1.08,90.0
2025-03-23,GBP,1.27,105.0
2025-03-23,AED,0.27,22.5
2025-03-23,SGD,0.74,61.5
2025-03-23,INR,0.012,1.0
2025-03-24,USD,1.0,83.0
2025-03-24,EUR,1.08,90.0
2025-03-24,GBP,1.27,105.0
2025-03-24,AED,0.27,22.5
2025-03-24,SGD,0.74,61.5
2025-03-24,INR,0.012,1.0
2025-03-25,USD,1.0,83.0
2025-03-25,EUR,1.08,90.0
2025-03-25,GBP,1.27,105.0
2025-03-25,AED,0.27,22.5
2025-03-25,SGD,0.74,61.5
2025-03-25,INR,0.012,1.0
2025-03-26,USD,1.0,83.0
2025-03-26,EUR,1.08,90.0
2025-03-26,GBP,1.27,105.0
2025-03-26,AED,0.27,22.5
2025-03-26,SGD,0.74,61.5
2025-03-26,INR,0.012,1.0
2025-03-27,USD,1.0,83.0
2025-03-27,EUR,1.08,90.0
2025-03-27,GBP,1.27,105.0
2025-03-27,AED,0.27,22.5
2025-03-27,SGD,0.74,61.5
2025-03-27,INR,0.012,1.0
2025-03-28,USD,1.0,83.0
2025-03-28,EUR,1.08,90.0
2025-03-28,GBP,1.27,105.0
2025-03-28,AED,0.27,22.5
2025-03-28,SGD,0.74,61.5
2025-03-28,INR,0.012,1.0
2025-03-29,USD,1.0,83.0
2025-03-29,EUR,1.08,90.0
2025-03-29,GBP,1.27,105.0
2025-03-29,AED,0.27,22.5
2025-03-29,SGD,0.74,61.5
2025-03-29,INR,0.012,1.0
2025-03-30,USD,1.0,83.0
2025-03-30,EUR,1.08,90.0
2025-03-30,GBP,1.27,105.0
2025-03-30,AED,0.27,22.5
2025-03-30,SGD,0.74,61.5
2025-03-30,INR,0.012,1.0
2025-03-31,USD,1.0,83.0
2025-03-31,EUR,1.08,90.0
2025-03-31,GBP,1.27,105.0
2025-03-31,AED,0.27,22.5
2025-03-31,SGD,0.74,61.5
2025-03-31,INR,0.012,1.0
2025-04-01,USD,1.0,83.0
2025-04-01,EUR,1.08,90.0
2025-04-01,GBP,1.27,105.0
2025-04-01,AED,0.27,22.5
2025-04-01,SGD,0.74,61.5
2025-04-01,INR,0.012,1.0
2025-04-02,USD,1.0,83.0
2025-04-02,EUR,1.08,90.0
2025-04-02,GBP,1.27,105.0
2025-04-02,AED,0.27,22.5
2025-04-02,SGD,0.74,61.5
2025-04-02,INR,0.012,1.0
2025-04-03,USD,1.0,83.0
2025-04-03,EUR,1.08,90.0
2025-04-03,GBP,1.27,105.0
2025-04-03,AED,0.27,22.5
2025-04-03,SGD,0.74,61.5
2025-04-03,INR,0.012,1.0
2025-04-04,USD,1.0,83.0
2025-04-04,EUR,1.08,90.0
2025-04-04,GBP,1.27,105.0
2025-04-04,AED,0.27,22.5
2025-04-04,SGD,0.74,61.5
2025-04-04,INR,0.012,1.0
2025-04-05,USD,1.0,83.0
2025-04-05,EUR,1.08,90.0
2025-04-05,GBP,1.27,105.0
2025-04-05,AED,0.27,22.5
2025-04-05,SGD,0.74,61.5
2025-04-05,INR,0.012,1.0
2025-04-06,USD,1.0,83.0
2025-04-06,EUR,1.08,90.0
2025-04-06,GBP,1.27,105.0
2025-04-06,AED,0.27,22.5
2025-04-06,SGD,0.74,61.5
2025-04-06,INR,0.012,1.0
2025-04-07,USD,1.0,83.0
2025-04-07,EUR,1.08,90.0
2025-04-07,GBP,1.27,105.0
2025-04-07,AED,0.27,22.5
2025-04-07,SGD,0.74,61.5
2025-04-07,INR,0.012,1.0
2025-04-08,USD,1.0,83.0
2025-04-08,EUR,1.08,90.0
2025-04-08,GBP,1.27,105.0
2025-04-08,AED,0.27,22.5
2025-04-08,SGD,0.74,61.5
2025-04-08,INR,0.012,1.0
2025-04-09,USD,1.0,83.0
2025-04-09,EUR,1.08,90.0
2025-04-09,GBP,1.27,105.0
2025-04-09,AED,0.27,22.5
2025-04-09,SGD,0.74,61.5
2025-04-09,INR,0.012,1.0
2025-04-10,USD,1.0,83.0
2025-04-10,EUR,1.08,90.0
2025-04-10,GBP,1.27,105.0
2025-04-10,AED,0.27,22.5
2025-04-10,SGD,0.74,61.5
2025-04-10,INR,0.012,1.0
2025-04-11,USD,1.0,83.0
2025-04-11,EUR,1.08,90.0
2025-04-11,GBP,1.27,105.0
2025-04-11,AED,0.27,22.5
2025-04-11,SGD,0.74,61.5
2025-04-11,INR,0.012,1.0
2025-04-12,USD,1.0,83.0
2025-04-12,EUR,1.08,90.0
2025-04-12,GBP,1.27,105.0
2025-04-12,AED,0.27,22.5
2025-04-12,SGD,0.74,61.5
2025-04-12,INR,0.012,1.0
2025-04-13,USD,1.0,83.0
2025-04-13,EUR,1.08,90.0
2025-04-13,GBP,1.27,105.0
2025-04-13,AED,0.27,22.5
2025-04-13,SGD,0.74,61.5
2025-04-13,INR,0.012,1.0
2025-04-14,USD,1.0,83.0
2025-04-14,EUR,1.08,90.0
2025-04-14,GBP,1.27,105.0
2025-04-14,AED,0.27,22.5
2025-04-14,SGD,0.74,61.5
2025-04-14,INR,0.012,1.0
2025-04-15,USD,1.0,83.0
2025-04-15,EUR,1.08,90.0
2025-04-15,GBP,1.27,105.0
2025-04-15,AED,0.27,22.5
2025-04-15,SGD,0.74,61.5
2025-04-15,INR,0.012,1.0
2025-04-16,USD,1.0,83.0
2025-04-16,EUR,1.08,90.0
2025-04-16,GBP,1.27,105.0
2025-04-16,AED,0.27,22.5
2025-04-16,SGD,0.74,61.5
2025-04-16,INR,0.012,1.0
2025-04-17,USD,1.0,83.0
2025-04-17,EUR,1.08,90.0
2025-04-17,GBP,1.27,105.0
2025-04-17,AED,0.27,22.5
2025-04-17,SGD,0.74,61.5
2025-04-17,INR,0.012,1.0
2025-04-18,USD,1.0,83.0
2025-04-18,EUR,1.08,90.0
2025-04-18,GBP,1.27,105.0
2025-04-18,AED,0.27,22.5
2025-04-18,SGD,0.74,61.5
2025-04-18,INR,0.012,1.0
2025-04-19,USD,1.0,83.0
2025-04-19,EUR,1.08,90.0
2025-04-19,GBP,1.27,105.0
2025-04-19,AED,0.27,22.5
2025-04-19,SGD,0.74,61.5
2025-04-19,INR,0.012,1.0
2025-04-20,USD,1.0,83.0
2025-04-20,EUR,1.08,90.0
2025-04-20,GBP,1.27,105.0
2025-04-20,AED,0.27,22.5
2025-04-20,SGD,0.74,61.5
2025-04-20,INR,0.012,1.0
2025-04-21,USD,1.0,83.0
2025-04-21,EUR,1.08,90.0
2025-04-21,GBP,1.27,105.0
2025-04-21,AED,0.27,22.5
2025-04-21,SGD,0.74,61.5
2025-04-21,INR,0.012,1.0
2025-04-22,USD,1.0,83.0
2025-04-22,EUR,1.08,90.0
2025-04-22,GBP,1.27,105.0
2025-04-22,AED,0.27,22.5
2025-04-22,SGD,0.74,61.5
2025-04-22,INR,0.012,1.0
2025-04-23,USD,1.0,83.0
2025-04-23,EUR,1.08,90.0
2025-04-23,GBP,1.27,105.0
2025-04-23,AED,0.27,22.5
2025-04-23,SGD,0.74,61.5
2025-04-23,INR,0.012,1.0
2025-04-24,USD,1.0,83.0
2025-04-24,EUR,1.08,90.0
2025-04-24,GBP,1.27,105.0
2025-04-24,AED,0.27,22.5
2025-04-24,SGD,0.74,61.5
2025-04-24,INR,0.012,1.0
2025-04-25,USD,1.0,83.0
2025-04-25,EUR,1.08,90.0
2025-04-25,GBP,1.27,105.0
2025-04-25,AED,0.27,22.5
2025-04-25,SGD,0.74,61.5
2025-04-25,INR,0.012,1.0
2025-04-26,USD,1.0,83.0
2025-04-26,EUR,1.08,90.0
2025-04-26,GBP,1.27,105.0
2025-04-26,AED,0.27,22.5
2025-04-26,SGD,0.74,61.5
2025-04-26,INR,0.012,1.0
2025-04-27,USD,1.0,83.0
2025-04-27,EUR,1.08,90.0
2025-04-27,GBP,1.27,105.0
2025-04-27,AED,0.27,22.5
2025-04-27,SGD,0.74,61.5
2025-04-27,INR,0.012,1.0
2025-04-28,USD,1.0,83.0
2025-04-28,EUR,1.08,90.0
2025-04-28,GBP,1.27,105.0
2025-04-28,AED,0.27,22.5
2025-04-28,SGD,0.74,61.5
2025-04-28,INR,0.012,1.0
2025-04-29,USD,1.0,83.0
2025-04-29,EUR,1.08,90.0
2025-04-29,GBP,1.27,105.0
2025-04-29,AED,0.27,22.5
2025-04-29,SGD,0.74,61.5
2025-04-29,INR,0.012,1.0
2025-04-30,USD,1.0,83.0
2025-04-30,EUR,1.08,90.0
2025-04-30,GBP,1.27,105.0
2025-04-30,AED,0.27,22.5
2025-04-30,SGD,0.74,61.5
2025-04-30,INR,0.012,1.0
2025-05-01,USD,1.0,83.0
2025-05-01,EUR,1.08,90.0
2025-05-01,GBP,1.27,105.0
2025-05-01,AED,0.27,22.5
2025-05-01,SGD,0.74,61.5
2025-05-01,INR,0.012,1.0
2025-05-02,USD,1.0,83.0
2025-05-02,EUR,1.08,90.0
2025-05-02,GBP,1.27,105.0
2025-05-02,AED,0.27,22.5
2025-05-02,SGD,0.74,61.5
2025-05-02,INR,0.012,1.0
2025-05-03,USD,1.0,83.0
2025-05-03,EUR,1.08,90.0
2025-05-03,GBP,1.27,105.0
2025-05-03,AED,0.27,22.5
2025-05-03,SGD,0.74,61.5
2025-05-03,INR,0.012,1.0
2025-05-04,USD,1.0,83.0
2025-05-04,EUR,1.08,90.0
2025-05-04,GBP,1.27,105.0
2025-05-04,AED,0.27,22.5
2025-05-04,SGD,0.74,61.5
2025-05-04,INR,0.012,1.0
2025-05-05,USD,1.0,83.0
2025-05-05,EUR,1.08,90.0
2025-05-05,GBP,1.27,105.0
2025-05-05,AED,0.27,22.5
2025-05-05,SGD,0.74,61.5
2025-05-05,INR,0.012,1.0
2025-05-06,USD,1.0,83.0
2025-05-06,EUR,1.08,90.0
2025-05-06,GBP,1.27,105.0
2025-05-06,AED,0.27,22.5
2025-05-06,SGD,0.74,61.5
2025-05-06,INR,0.012,1.0
2025-05-07,USD,1.0,83.0
2025-05-07,EUR,1.08,90.0
2025-05-07,GBP,1.27,105.0
2025-05-07,AED,0.27,22.5
2025-05-07,SGD,0.74,61.5
2025-05-07,INR,0.012,1.0
2025-05-08,USD,1.0,83.0
2025-05-08,EUR,1.08,90.0
2025-05-08,GBP,1.27,105.0
2025-05-08,AED,0.27,22.5
2025-05-08,SGD,0.74,61.5
2025-05-08,INR,0.012,1.0
2025-05-09,USD,1.0,83.0
2025-05-09,EUR,1.08,90.0
2025-05-09,GBP,1.27,105.0
2025-05-09,AED,0.27,22.5
2025-05-09,SGD,0.74,61.5
2025-05-09,INR,0.012,1.0
2025-05-10,USD,1.0,83.0
2025-05-10,EUR,1.08,90.0
2025-05-10,GBP,1.27,105.0
2025-05-10,AED,0.27,22.5
2025-05-10,SGD,0.74,61.5
2025-05-10,INR,0.012,1.0
2025-05-11,USD,1.0,83.0
2025-05-11,EUR,1.08,90.0
2025-05-11,GBP,1.27,105.0
2025-05-11,AED,0.27,22.5
2025-05-11,SGD,0.74,61.5
2025-05-11,INR,0.012,1.0
2025-05-12,USD,1.0,83.0
2025-05-12,EUR,1.08,90.0
2025-05-12,GBP,1.27,105.0
2025-05-12,AED,0.27,22.5
2025-05-12,SGD,0.74,61.5
2025-05-12,INR,0.012,1.0
2025-05-13,USD,1.0,83.0
2025-05-13,EUR,1.08,90.0
2025-05-13,GBP,1.27,105.0
2025-05-13,AED,0.27,22.5
2025-05-13,SGD,0.74,61.5
2025-05-13,INR,0.012,1.0
2025-05-14,USD,1.0,83.0
2025-05-14,EUR,1.08,90.0
2025-05-14,GBP,1.27,105.0
2025-05-14,AED,0.27,22.5
2025-05-14,SGD,0.74,61.5
2025-05-14,INR,0.012,1.0
2025-05-15,USD,1.0,83.0
2025-05-15,EUR,1.08,90.0
2025-05-15,GBP,1.27,105.0
2025-05-15,AED,0.27,22.5
2025-05-15,SGD,0.74,61.5
2025-05-15,INR,0.012,1.0
2025-05-16,USD,1.0,83.0
2025-05-16,EUR,1.08,90.0
2025-05-16,GBP,1.27,105.0
2025-05-16,AED,0.27,22.5
2025-05-16,SGD,0.74,61.5
2025-05-16,INR,0.012,1.0
2025-05-17,USD,1.0,83.0
2025-05-17,EUR,1.08,90.0
2025-05-17,GBP,1.27,105.0
2025-05-17,AED,0.27,22.5
2025-05-17,SGD,0.74,61.5
2025-05-17,INR,0.012,1.0
2025-05-18,USD,1.0,83.0
2025-05-18,EUR,1.08,90.0
2025-05-18,GBP,1.27,105.0
2025-05-18,AED,0.27,22.5
2025-05-18,SGD,0.74,61.5
2025-05-18,INR,0.012,1.0
2025-05-19,USD,1.0,83.0
2025-05-19,EUR,1.08,90.0
2025-05-19,GBP,1.27,105.0
2025-05-19,AED,0.27,22.5
2025-05-19,SGD,0.74,61.5
2025-05-19,INR,0.012,1.0
2025-05-20,USD,1.0,83.0
2025-05-20,EUR,1.08,90.0
2025-05-20,GBP,1.27,105.0
2025-05-20,AED,0.27,22.5
2025-05-20,SGD,0.74,61.5
2025-05-20,INR,0.012,1.0
2025-05-21,USD,1.0,83.0
2025-05-21,EUR,1.08,90.0
2025-05-21,GBP,1.27,105.0
2025-05-21,AED,0.27,22.5
2025-05-21,SGD,0.74,61.5
2025-05-21,INR,0.012,1.0
2025-05-22,USD,1.0,83.0
2025-05-22,EUR,1.08,90.0
2025-05-22,GBP,1.27,105.0
2025-05-22,AED,0.27,22.5
2025-05-22,SGD,0.74,61.5
2025-05-22,INR,0.012,1.0
2025-05-23,USD,1.0,83.0
2025-05-23,EUR,1.08,90.0
2025-05-23,GBP,1.27,105.0
2025-05-23,AED,0.27,22.5
2025-05-23,SGD,0.74,61.5
2025-05-23,INR,0.012,1.0
2025-05-24,USD,1.0,83.0
2025-05-24,EUR,1.08,90.0
2025-05-24,GBP,1.27,105.0
2025-05-24,AED,0.27,22.5
2025-05-24,SGD,0.74,61.5
2025-05-24,INR,0.012,1.0
2025-05-25,USD,1.0,83.0
2025-05-25,EUR,1.08,90.0
2025-05-25,GBP,1.27,105.0
2025-05-25,AED,0.27,22.5
2025-05-25,SGD,0.74,61.5
2025-05-25,INR,0.012,1.0
2025-05-26,USD,1.0,83.0
2025-05-26,EUR,1.08,90.0
2025-05-26,GBP,1.27,105.0
2025-05-26,AED,0.27,22.5
2025-05-26,SGD,0.74,61.5
2025-05-26,INR,0.012,1.0
2025-05-27,USD,1.0,83.0
2025-05-27,EUR,1.08,90.0
2025-05-27,GBP,1.27,105.0
2025-05-27,AED,0.27,22.5
2025-05-27,SGD,0.74,61.5
2025-05-27,INR,0.012,1.0
2025-05-28,USD,1.0,83.0
2025-05-28,EUR,1.08,90.0
2025-05-28,GBP,1.27,105.0
2025-05-28,AED,0.27,22.5
2025-05-28,SGD,0.74,61.5
2025-05-28,INR,0.012,1.0
2025-05-29,USD,1.0,83.0
2025-05-29,EUR,1.08,90.0
2025-05-29,GBP,1.27,105.0
2025-05-29,AED,0.27,22.5
2025-05-29,SGD,0.74,61.5
2025-05-29,INR,0.012,1.0
2025-05-30,USD,1.0,83.0
2025-05-30,EUR,1.08,90.0
2025-05-30,GBP,1.27,105.0
2025-05-30,AED,0.27,22.5
2025-05-30,SGD,0.74,61.5
2025-05-30,INR,0.012,1.0
2025-05-31,USD,1.0,83.0
2025-05-31,EUR,1.08,90.0
2025-05-31,GBP,1.27,105.0
2025-05-31,AED,0.27,22.5
2025-05-31,SGD,0.74,61.5
2025-05-31,INR,0.012,1.0
2025-06-01,USD,1.0,83.0
2025-06-01,EUR,1.08,90.0
2025-06-01,GBP,1.27,105.0
2025-06-01,AED,0.27,22.5
2025-06-01,SGD,0.74,61.5
2025-06-01,INR,0.012,1.0
2025-06-02,USD,1.0,83.0
2025-06-02,EUR,1.08,90.0
2025-06-02,GBP,1.27,105.0
2025-06-02,AED,0.27,22.5
2025-06-02,SGD,0.74,61.5
2025-06-02,INR,0.012,1.0
2025-06-03,USD,1.0,83.0
2025-06-03,EUR,1.08,90.0
2025-06-03,GBP,1.27,105.0
2025-06-03,AED,0.27,22.5
2025-06-03,SGD,0.74,61.5
2025-06-03,INR,0.012,1.0
2025-06-04,USD,1.0,83.0
2025-06-04,EUR,1.08,90.0
2025-06-04,GBP,1.27,105.0
2025-06-04,AED,0.27,22.5
2025-06-04,SGD,0.74,61.5
2025-06-04,INR,0.012,1.0
2025-06-05,USD,1.0,83.0
2025-06-05,EUR,1.08,90.0
2025-06-05,GBP,1.27,105.0
2025-06-05,AED,0.27,22.5
2025-06-05,SGD,0.74,61.5
2025-06-05,INR,0.012,1.0
2025-06-06,USD,1.0,83.0
2025-06-06,EUR,1.08,90.0
2025-06-06,GBP,1.27,105.0
2025-06-06,AED,0.27,22.5
2025-06-06,SGD,0.74,61.5
2025-06-06,INR,0.012,1.0
2025-06-07,USD,1.0,83.0
2025-06-07,EUR,1.08,90.0
2025-06-07,GBP,1.27,105.0
2025-06-07,AED,0.27,22.5
2025-06-07,SGD,0.74,61.5
2025-06-07,INR,0.012,1.0
2025-06-08,USD,1.0,83.0
2025-06-08,EUR,1.08,90.0
2025-06-08,GBP,1.27,105.0
2025-06-08,AED,0.27,22.5
2025-06-08,SGD,0.74,61.5
2025-06-08,INR,0.012,1.0
2025-06-09,USD,1.0,83.0
2025-06-09,EUR,1.08,90.0
2025-06-09,GBP,1.27,105.0
2025-06-09,AED,0.27,22.5
2025-06-09,SGD,0.74,61.5
2025-06-09,INR,0.012,1.0
2025-06-10,USD,1.0,83.0
2025-06-10,EUR,1.08,90.0
2025-06-10,GBP,1.27,105.0
2025-06-10,AED,0.27,22.5
2025-06-10,SGD,0.74,61.5
2025-06-10,INR,0.012,1.0
2025-06-11,USD,1.0,83.0
2025-06-11,EUR,1.08,90.0
2025-06-11,GBP,1.27,105.0
2025-06-11,AED,0.27,22.5
2025-06-11,SGD,0.74,61.5
2025-06-11,INR,0.012,1.0
2025-06-12,USD,1.0,83.0
2025-06-12,EUR,1.08,90.0
2025-06-12,GBP,1.27,105.0
2025-06-12,AED,0.27,22.5
2025-06-12,SGD,0.74,61.5
2025-06-12,INR,0.012,1.0
2025-06-13,USD,1.0,83.0
2025-06-13,EUR,1.08,90.0
2025-06-13,GBP,1.27,105.0
2025-06-13,AED,0.27,22.5
2025-06-13,SGD,0.74,61.5
2025-06-13,INR,0.012,1.0
2025-06-14,USD,1.0,83.0
2025-06-14,EUR,1.08,90.0
2025-06-14,GBP,1.27,105.0
2025-06-14,AED,0.27,22.5
2025-06-14,SGD,0.74,61.5
2025-06-14,INR,0.012,1.0
2025-06-15,USD,1.0,83.0
2025-06-15,EUR,1.08,90.0
2025-06-15,GBP,1.27,105.0
2025-06-15,AED,0.27,22.5
2025-06-15,SGD,0.74,61.5
2025-06-15,INR,0.012,1.0
2025-06-16,USD,1.0,83.0
2025-06-16,EUR,1.08,90.0
2025-06-16,GBP,1.27,105.0
2025-06-16,AED,0.27,22.5
2025-06-16,SGD,0.74,61.5
2025-06-16,INR,0.012,1.0
2025-06-17,USD,1.0,83.0
2025-06-17,EUR,1.08,90.0
2025-06-17,GBP,1.27,105.0
2025-06-17,AED,0.27,22.5
2025-06-17,SGD,0.74,61.5
2025-06-17,INR,0.012,1.0
2025-06-18,USD,1.0,83.0
2025-06-18,EUR,1.08,90.0
2025-06-18,GBP,1.27,105.0
2025-06-18,AED,0.27,22.5
2025-06-18,SGD,0.74,61.5
2025-06-18,INR,0.012,1.0
2025-06-19,USD,1.0,83.0
2025-06-19,EUR,1.08,90.0
2025-06-19,GBP,1.27,105.0
2025-06-19,AED,0.27,22.5
2025-06-19,SGD,0.74,61.5
2025-06-19,INR,0.012,1.0
2025-06-20,USD,1.0,83.0
2025-06-20,EUR,1.08,90.0
2025-06-20,GBP,1.27,105.0
2025-06-20,AED,0.27,22.5
2025-06-20,SGD,0.74,61.5
2025-06-20,INR,0.012,1.0
2025-06-21,USD,1.0,83.0
2025-06-21,EUR,1.08,90.0
2025-06-21,GBP,1.27,105.0
2025-06-21,AED,0.27,22.5
2025-06-21,SGD,0.74,61.5
2025-06-21,INR,0.012,1.0
2025-06-22,USD,1.0,83.0
2025-06-22,EUR,1.08,90.0
2025-06-22,GBP,1.27,105.0
2025-06-22,AED,0.27,22.5
2025-06-22,SGD,0.74,61.5
2025-06-22,INR,0.012,1.0
2025-06-23,USD,1.0,83.0
2025-06-23,EUR,1.08,90.0
2025-06-23,GBP,1.27,105.0
2025-06-23,AED,0.27,22.5
2025-06-23,SGD,0.74,61.5
2025-06-23,INR,0.012,1.0
2025-06-24,USD,1.0,83.0
2025-06-24,EUR,1.08,90.0
2025-06-24,GBP,1.27,105.0
2025-06-24,AED,0.27,22.5
2025-06-24,SGD,0.74,61.5
2025-06-24,INR,0.012,1.0
2025-06-25,USD,1.0,83.0
2025-06-25,EUR,1.08,90.0
2025-06-25,GBP,1.27,105.0
2025-06-25,AED,0.27,22.5
2025-06-25,SGD,0.74,61.5
2025-06-25,INR,0.012,1.0
2025-06-26,USD,1.0,83.0
2025-06-26,EUR,1.08,90.0
2025-06-26,GBP,1.27,105.0
2025-06-26,AED,0.27,22.5
2025-06-26,SGD,0.74,61.5
2025-06-26,INR,0.012,1.0
2025-06-27,USD,1.0,83.0
2025-06-27,EUR,1.08,90.0
2025-06-27,GBP,1.27,105.0
2025-06-27,AED,0.27,22.5
2025-06-27,SGD,0.74,61.5
2025-06-27,INR,0.012,1.0
2025-06-28,USD,1.0,83.0
2025-06-28,EUR,1.08,90.0
2025-06-28,GBP,1.27,105.0
2025-06-28,AED,0.27,22.5
2025-06-28,SGD,0.74,61.5
2025-06-28,INR,0.012,1.0
2025-06-29,USD,1.0,83.0
2025-06-29,EUR,1.08,90.0
2025-06-29,GBP,1.27,105.0
2025-06-29,AED,0.27,22.5
2025-06-29,SGD,0.74,61.5
2025-06-29,INR,0.012,1.0
2025-06-30,USD,1.0,83.0
2025-06-30,EUR,1.08,90.0
2025-06-30,GBP,1.27,105.0
2025-06-30,AED,0.27,22.5
2025-06-30,SGD,0.74,61.5
2025-06-30,INR,0.012,1.0
2025-07-01,USD,1.0,83.0
2025-07-01,EUR,1.08,90.0
2025-07-01,GBP,1.27,105.0
2025-07-01,AED,0.27,22.5
2025-07-01,SGD,0.74,61.5
2025-07-01,INR,0.012,1.0
2025-07-02,USD,1.0,83.0
2025-07-02,EUR,1.08,90.0
2025-07-02,GBP,1.27,105.0
2025-07-02,AED,0.27,22.5
2025-07-02,SGD,0.74,61.5
2025-07-02,INR,0.012,1.0
2025-07-03,USD,1.0,83.0
2025-07-03,EUR,1.08,90.0
2025-07-03,GBP,1.27,105.0
2025-07-03,AED,0.27,22.5
2025-07-03,SGD,0.74,61.5
2025-07-03,INR,0.012,1.0
2025-07-04,USD,1.0,83.0
2025-07-04,EUR,1.08,90.0
2025-07-04,GBP,1.27,105.0
2025-07-04,AED,0.27,22.5
2025-07-04,SGD,0.74,61.5
2025-07-04,INR,0.012,1.0
2025-07-05,USD,1.0,83.0
2025-07-05,EUR,1.08,90.0
2025-07-05,GBP,1.27,105.0
2025-07-05,AED,0.27,22.5
2025-07-05,SGD,0.74,61.5
2025-07-05,INR,0.012,1.0
2025-07-06,USD,1.0,83.0
2025-07-06,EUR,1.08,90.0
2025-07-06,GBP,1.27,105.0
2025-07-06,AED,0.27,22.5
2025-07-06,SGD,0.74,61.5
2025-07-06,INR,0.012,1.0
2025-07-07,USD,1.0,83.0
2025-07-07,EUR,1.08,90.0
2025-07-07,GBP,1.27,105.0
2025-07-07,AED,0.27,22.5
2025-07-07,SGD,0.74,61.5
2025-07-07,INR,0.012,1.0
2025-07-08,USD,1.0,83.0
2025-07-08,EUR,1.08,90.0
2025-07-08,GBP,1.27,105.0
2025-07-08,AED,0.27,22.5
2025-07-08,SGD,0.74,61.5
2025-07-08,INR,0.012,1.0
2025-07-09,USD,1.0,83.0
2025-07-09,EUR,1.08,90.0
2025-07-09,GBP,1.27,105.0
2025-07-09,AED,0.27,22.5
2025-07-09,SGD,0.74,61.5
2025-07-09,INR,0.012,1.0
2025-07-10,USD,1.0,83.0
2025-07-10,EUR,1.08,90.0
2025-07-10,GBP,1.27,105.0
2025-07-10,AED,0.27,22.5
2025-07-10,SGD,0.74,61.5
2025-07-10,INR,0.012,1.0
2025-07-11,USD,1.0,83.0
2025-07-11,EUR,1.08,90.0
2025-07-11,GBP,1.27,105.0
2025-07-11,AED,0.27,22.5
2025-07-11,SGD,0.74,61.5
2025-07-11,INR,0.012,1.0
2025-07-12,USD,1.0,83.0
2025-07-12,EUR,1.08,90.0
2025-07-12,GBP,1.27,105.0
2025-07-12,AED,0.27,22.5
2025-07-12,SGD,0.74,61.5
2025-07-12,INR,0.012,1.0
2025-07-13,USD,1.0,83.0
2025-07-13,EUR,1.08,90.0
2025-07-13,GBP,1.27,105.0
2025-07-13,AED,0.27,22.5
2025-07-13,SGD,0.74,61.5
2025-07-13,INR,0.012,1.0
2025-07-14,USD,1.0,83.0
2025-07-14,EUR,1.08,90.0
2025-07-14,GBP,1.27,105.0
2025-07-14,AED,0.27,22.5
2025-07-14,SGD,0.74,61.5
2025-07-14,INR,0.012,1.0
2025-07-15,USD,1.0,83.0
2025-07-15,EUR,1.08,90.0
2025-07-15,GBP,1.27,105.0
2025-07-15,AED,0.27,22.5
2025-07-15,SGD,0.74,61.5
2025-07-15,INR,0.012,1.0
2025-07-16,USD,1.0,83.0
2025-07-16,EUR,1.08,90.0
2025-07-16,GBP,1.27,105.0
2025-07-16,AED,0.27,22.5
2025-07-16,SGD,0.74,61.5
2025-07-16,INR,0.012,1.0
2025-07-17,USD,1.0,83.0
2025-07-17,EUR,1.08,90.0
2025-07-17,GBP,1.27,105.0
2025-07-17,AED,0.27,22.5
2025-07-17,SGD,0.74,61.5
2025-07-17,INR,0.012,1.0
2025-07-18,USD,1.0,83.0
2025-07-18,EUR,1.08,90.0
2025-07-18,GBP,1.27,105.0
2025-07-18,AED,0.27,22.5
2025-07-18,SGD,0.74,61.5
2025-07-18,INR,0.012,1.0
2025-07-19,USD,1.0,83.0
2025-07-19,EUR,1.08,90.0
2025-07-19,GBP,1.27,105.0
2025-07-19,AED,0.27,22.5
2025-07-19,SGD,0.74,61.5
2025-07-19,INR,0.012,1.0
2025-07-20,USD,1.0,83.0
2025-07-20,EUR,1.08,90.0
2025-07-20,GBP,1.27,105.0
2025-07-20,AED,0.27,22.5
2025-07-20,SGD,0.74,61.5
2025-07-20,INR,0.012,1.0
2025-07-21,USD,1.0,83.0
2025-07-21,EUR,1.08,90.0
2025-07-21,GBP,1.27,105.0
2025-07-21,AED,0.27,22.5
2025-07-21,SGD,0.74,61.5
2025-07-21,INR,0.012,1.0
2025-07-22,USD,1.0,83.0
2025-07-22,EUR,1.08,90.0
2025-07-22,GBP,1.27,105.0
2025-07-22,AED,0.27,22.5
2025-07-22,SGD,0.74,61.5
2025-07-22,INR,0.012,1.0
2025-07-23,USD,1.0,83.0
2025-07-23,EUR,1.08,90.0
2025-07-23,GBP,1.27,105.0
2025-07-23,AED,0.27,22.5
2025-07-23,SGD,0.74,61.5
2025-07-23,INR,0.012,1.0
2025-07-24,USD,1.0,83.0
2025-07-24,EUR,1.08,90.0
2025-07-24,GBP,1.27,105.0
2025-07-24,AED,0.27,22.5
2025-07-24,SGD,0.74,61.5
2025-07-24,INR,0.012,1.0
2025-07-25,USD,1.0,83.0
2025-07-25,EUR,1.08,90.0
2025-07-25,GBP,1.27,105.0
2025-07-25,AED,0.27,22.5
2025-07-25,SGD,0.74,61.5
2025-07-25,INR,0.012,1.0
2025-07-26,USD,1.0,83.0
2025-07-26,EUR,1.08,90.0
2025-07-26,GBP,1.27,105.0
2025-07-26,AED,0.27,22.5
2025-07-26,SGD,0.74,61.5
2025-07-26,INR,0.012,1.0
2025-07-27,USD,1.0,83.0
2025-07-27,EUR,1.08,90.0
2025-07-27,GBP,1.27,105.0
2025-07-27,AED,0.27,22.5
2025-07-27,SGD,0.74,61.5
2025-07-27,INR,0.012,1.0
2025-07-28,USD,1.0,83.0
2025-07-28,EUR,1.08,90.0
2025-07-28,GBP,1.27,105.0
2025-07-28,AED,0.27,22.5
2025-07-28,SGD,0.74,61.5
2025-07-28,INR,0.012,1.0
2025-07-29,USD,1.0,83.0
2025-07-29,EUR,1.08,90.0
2025-07-29,GBP,1.27,105.0
2025-07-29,AED,0.27,22.5
2025-07-29,SGD,0.74,61.5
2025-07-29,INR,0.012,1.0
2025-07-30,USD,1.0,83.0
2025-07-30,EUR,1.08,90.0
2025-07-30,GBP,1.27,105.0
2025-07-30,AED,0.27,22.5
2025-07-30,SGD,0.74,61.5
2025-07-30,INR,0.012,1.0
2025-07-31,USD,1.0,83.0
2025-07-31,EUR,1.08,90.0
2025-07-31,GBP,1.27,105.0
2025-07-31,AED,0.27,22.5
2025-07-31,SGD,0.74,61.5
2025-07-31,INR,0.012,1.0
2025-08-01,USD,1.0,83.0
2025-08-01,EUR,1.08,90.0
2025-08-01,GBP,1.27,105.0
2025-08-01,AED,0.27,22.5
2025-08-01,SGD,0.74,61.5
2025-08-01,INR,0.012,1.0
2025-08-02,USD,1.0,83.0
2025-08-02,EUR,1.08,90.0
2025-08-02,GBP,1.27,105.0
2025-08-02,AED,0.27,22.5
2025-08-02,SGD,0.74,61.5
2025-08-02,INR,0.012,1.0
2025-08-03,USD,1.0,83.0
2025-08-03,EUR,1.08,90.0
2025-08-03,GBP,1.27,105.0
2025-08-03,AED,0.27,22.5
2025-08-03,SGD,0.74,61.5
2025-08-03,INR,0.012,1.0
2025-08-04,USD,1.0,83.0
2025-08-04,EUR,1.08,90.0
2025-08-04,GBP,1.27,105.0
2025-08-04,AED,0.27,22.5
2025-08-04,SGD,0.74,61.5
2025-08-04,INR,0.012,1.0
2025-08-05,USD,1.0,83.0
2025-08-05,EUR,1.08,90.0
2025-08-05,GBP,1.27,105.0
2025-08-05,AED,0.27,22.5
2025-08-05,SGD,0.74,61.5
2025-08-05,INR,0.012,1.0
2025-08-06,USD,1.0,83.0
2025-08-06,EUR,1.08,90.0
2025-08-06,GBP,1.27,105.0
2025-08-06,AED,0.27,22.5
2025-08-06,SGD,0.74,61.5
2025-08-06,INR,0.012,1.0
2025-08-07,USD,1.0,83.0
2025-08-07,EUR,1.08,90.0
2025-08-07,GBP,1.27,105.0
2025-08-07,AED,0.27,22.5
2025-08-07,SGD,0.74,61.5
2025-08-07,INR,0.012,1.0
2025-08-08,USD,1.0,83.0
2025-08-08,EUR,1.08,90.0
2025-08-08,GBP,1.27,105.0
2025-08-08,AED,0.27,22.5
2025-08-08,SGD,0.74,61.5
2025-08-08,INR,0.012,1.0
2025-08-09,USD,1.0,83.0
2025-08-09,EUR,1.08,90.0
2025-08-09,GBP,1.27,105.0
2025-08-09,AED,0.27,22.5
2025-08-09,SGD,0.74,61.5
2025-08-09,INR,0.012,1.0
2025-08-10,USD,1.0,83.0
2025-08-10,EUR,1.08,90.0
2025-08-10,GBP,1.27,105.0
2025-08-10,AED,0.27,22.5
2025-08-10,SGD,0.74,61.5
2025-08-10,INR,0.012,1.0
2025-08-11,USD,1.0,83.0
2025-08-11,EUR,1.08,90.0
2025-08-11,GBP,1.27,105.0
2025-08-11,AED,0.27,22.5
2025-08-11,SGD,0.74,61.5
2025-08-11,INR,0.012,1.0
2025-08-12,USD,1.0,83.0
2025-08-12,EUR,1.08,90.0
2025-08-12,GBP,1.27,105.0
2025-08-12,AED,0.27,22.5
2025-08-12,SGD,0.74,61.5
2025-08-12,INR,0.012,1.0
2025-08-13,USD,1.0,83.0
2025-08-13,EUR,1.08,90.0
2025-08-13,GBP,1.27,105.0
2025-08-13,AED,0.27,22.5
2025-08-13,SGD,0.74,61.5
2025-08-13,INR,0.012,1.0
2025-08-14,USD,1.0,83.0
2025-08-14,EUR,1.08,90.0
2025-08-14,GBP,1.27,105.0
2025-08-14,AED,0.27,22.5
2025-08-14,SGD,0.74,61.5
2025-08-14,INR,0.012,1.0
2025-08-15,USD,1.0,83.0
2025-08-15,EUR,1.08,90.0
2025-08-15,GBP,1.27,105.0
2025-08-15,AED,0.27,22.5
2025-08-15,SGD,0.74,61.5
2025-08-15,INR,0.012,1.0
2025-08-16,USD,1.0,83.0
2025-08-16,EUR,1.08,90.0
2025-08-16,GBP,1.27,105.0
2025-08-16,AED,0.27,22.5
2025-08-16,SGD,0.74,61.5
2025-08-16,INR,0.012,1.0
2025-08-17,USD,1.0,83.0
2025-08-17,EUR,1.08,90.0
2025-08-17,GBP,1.27,105.0
2025-08-17,AED,0.27,22.5
2025-08-17,SGD,0.74,61.5
2025-08-17,INR,0.012,1.0
2025-08-18,USD,1.0,83.0
2025-08-18,EUR,1.08,90.0
2025-08-18,GBP,1.27,105.0
2025-08-18,AED,0.27,22.5
2025-08-18,SGD,0.74,61.5
2025-08-18,INR,0.012,1.0
2025-08-19,USD,1.0,83.0
2025-08-19,EUR,1.08,90.0
2025-08-19,GBP,1.27,105.0
2025-08-19,AED,0.27,22.5
2025-08-19,SGD,0.74,61.5
2025-08-19,INR,0.012,1.0
2025-08-20,USD,1.0,83.0
2025-08-20,EUR,1.08,90.0
2025-08-20,GBP,1.27,105.0
2025-08-20,AED,0.27,22.5
2025-08-20,SGD,0.74,61.5
2025-08-20,INR,0.012,1.0
2025-08-21,USD,1.0,83.0
2025-08-21,EUR,1.08,90.0
2025-08-21,GBP,1.27,105.0
2025-08-21,AED,0.27,22.5
2025-08-21,SGD,0.74,61.5
2025-08-21,INR,0.012,1.0
2025-08-22,USD,1.0,83.0
2025-08-22,EUR,1.08,90.0
2025-08-22,GBP,1.27,105.0
2025-08-22,AED,0.27,22.5
2025-08-22,SGD,0.74,61.5
2025-08-22,INR,0.012,1.0
2025-08-23,USD,1.0,83.0
2025-08-23,EUR,1.08,90.0
2025-08-23,GBP,1.27,105.0
2025-08-23,AED,0.27,22.5
2025-08-23,SGD,0.74,61.5
2025-08-23,INR,0.012,1.0
2025-08-24,USD,1.0,83.0
2025-08-24,EUR,1.08,90.0
2025-08-24,GBP,1.27,105.0
2025-08-24,AED,0.27,22.5
2025-08-24,SGD,0.74,61.5
2025-08-24,INR,0.012,1.0
2025-08-25,USD,1.0,83.0
2025-08-25,EUR,1.08,90.0
2025-08-25,GBP,1.27,105.0
2025-08-25,AED,0.27,22.5
2025-08-25,SGD,0.74,61.5
2025-08-25,INR,0.012,1.0
2025-08-26,USD,1.0,83.0
2025-08-26,EUR,1.08,90.0
2025-08-26,GBP,1.27,105.0
2025-08-26,AED,0.27,22.5
2025-08-26,SGD,0.74,61.5
2025-08-26,INR,0.012,1.0
2025-08-27,USD,1.0,83.0
2025-08-27,EUR,1.08,90.0
2025-08-27,GBP,1.27,105.0
2025-08-27,AED,0.27,22.5
2025-08-27,SGD,0.74,61.5
2025-08-27,INR,0.012,1.0
2025-08-28,USD,1.0,83.0
2025-08-28,EUR,1.08,90.0
2025-08-28,GBP,1.27,105.0
2025-08-28,AED,0.27,22.5
2025-08-28,SGD,0.74,61.5
2025-08-28,INR,0.012,1.0
2025-08-29,USD,1.0,83.0
2025-08-29,EUR,1.08,90.0
2025-08-29,GBP,1.27,105.0
2025-08-29,AED,0.27,22.5
2025-08-29,SGD,0.74,61.5
2025-08-29,INR,0.012,1.0
2025-08-30,USD,1.0,83.0
2025-08-30,EUR,1.08,90.0
2025-08-30,GBP,1.27,105.0
2025-08-30,AED,0.27,22.5
2025-08-30,SGD,0.74,61.5
2025-08-30,INR,0.012,1.0
2025-08-31,USD,1.0,83.0
2025-08-31,EUR,1.08,90.0
2025-08-31,GBP,1.27,105.0
2025-08-31,AED,0.27,22.5
2025-08-31,SGD,0.74,61.5
2025-08-31,INR,0.012,1.0
2025-09-01,USD,1.0,83.0
2025-09-01,EUR,1.08,90.0
2025-09-01,GBP,1.27,105.0
2025-09-01,AED,0.27,22.5
2025-09-01,SGD,0.74,61.5
2025-09-01,INR,0.012,1.0
2025-09-02,USD,1.0,83.0
2025-09-02,EUR,1.08,90.0
2025-09-02,GBP,1.27,105.0
2025-09-02,AED,0.27,22.5
2025-09-02,SGD,0.74,61.5
2025-09-02,INR,0.012,1.0
2025-09-03,USD,1.0,83.0
2025-09-03,EUR,1.08,90.0
2025-09-03,GBP,1.27,105.0
2025-09-03,AED,0.27,22.5
2025-09-03,SGD,0.74,61.5
2025-09-03,INR,0.012,1.0
2025-09-04,USD,1.0,83.0
2025-09-04,EUR,1.08,90.0
2025-09-04,GBP,1.27,105.0
2025-09-04,AED,0.27,22.5
2025-09-04,SGD,0.74,61.5
2025-09-04,INR,0.012,1.0
2025-09-05,USD,1.0,83.0
2025-09-05,EUR,1.08,90.0
2025-09-05,GBP,1.27,105.0
2025-09-05,AED,0.27,22.5
2025-09-05,SGD,0.74,61.5
2025-09-05,INR,0.012,1.0
2025-09-06,USD,1.0,83.0
2025-09-06,EUR,1.08,90.0
2025-09-06,GBP,1.27,105.0
2025-09-06,AED,0.27,22.5
2025-09-06,SGD,0.74,61.5
2025-09-06,INR,0.012,1.0
2025-09-07,USD,1.0,83.0
2025-09-07,EUR,1.08,90.0
2025-09-07,GBP,1.27,105.0
2025-09-07,AED,0.27,22.5
2025-09-07,SGD,0.74,61.5
2025-09-07,INR,0.012,1.0
2025-09-08,USD,1.0,83.0
2025-09-08,EUR,1.08,90.0
2025-09-08,GBP,1.27,105.0
2025-09-08,AED,0.27,22.5
2025-09-08,SGD,0.74,61.5
2025-09-08,INR,0.012,1.0
2025-09-09,USD,1.0,83.0
2025-09-09,EUR,1.08,90.0
2025-09-09,GBP,1.27,105.0
2025-09-09,AED,0.27,22.5
2025-09-09,SGD,0.74,61.5
2025-09-09,INR,0.012,1.0
2025-09-10,USD,1.0,83.0
2025-09-10,EUR,1.08,90.0
2025-09-10,GBP,1.27,105.0
2025-09-10,AED,0.27,22.5
2025-09-10,SGD,0.74,61.5
2025-09-10,INR,0.012,1.0
2025-09-11,USD,1.0,83.0
2025-09-11,EUR,1.08,90.0
2025-09-11,GBP,1.27,105.0
2025-09-11,AED,0.27,22.5
2025-09-11,SGD,0.74,61.5
2025-09-11,INR,0.012,1.0
2025-09-12,USD,1.0,83.0
2025-09-12,EUR,1.08,90.0
2025-09-12,GBP,1.27,105.0
2025-09-12,AED,0.27,22.5
2025-09-12,SGD,0.74,61.5
2025-09-12,INR,0.012,1.0
2025-09-13,USD,1.0,83.0
2025-09-13,EUR,1.08,90.0
2025-09-13,GBP,1.27,105.0
2025-09-13,AED,0.27,22.5
2025-09-13,SGD,0.74,61.5
2025-09-13,INR,0.012,1.0
2025-09-14,USD,1.0,83.0
2025-09-14,EUR,1.08,90.0
2025-09-14,GBP,1.27,105.0
2025-09-14,AED,0.27,22.5
2025-09-14,SGD,0.74,61.5
2025-09-14,INR,0.012,1.0
2025-09-15,USD,1.0,83.0
2025-09-15,EUR,1.08,90.0
2025-09-15,GBP,1.27,105.0
2025-09-15,AED,0.27,22.5
2025-09-15,SGD,0.74,61.5
2025-09-15,INR,0.012,1.0
2025-09-16,USD,1.0,83.0
2025-09-16,EUR,1.08,90.0
2025-09-16,GBP,1.27,105.0
2025-09-16,AED,0.27,22.5
2025-09-16,SGD,0.74,61.5
2025-09-16,INR,0.012,1.0
2025-09-17,USD,1.0,83.0
2025-09-17,EUR,1.08,90.0
2025-09-17,GBP,1.27,105.0
2025-09-17,AED,0.27,22.5
2025-09-17,SGD,0.74,61.5
2025-09-17,INR,0.012,1.0
2025-09-18,USD,1.0,83.0
2025-09-18,EUR,1.08,90.0
2025-09-18,GBP,1.27,105.0
2025-09-18,AED,0.27,22.5
2025-09-18,SGD,0.74,61.5
2025-09-18,INR,0.012,1.0
2025-09-19,USD,1.0,83.0
2025-09-19,EUR,1.08,90.0
2025-09-19,GBP,1.27,105.0
2025-09-19,AED,0.27,22.5
2025-09-19,SGD,0.74,61.5
2025-09-19,INR,0.012,1.0
2025-09-20,USD,1.0,83.0
2025-09-20,EUR,1.08,90.0
2025-09-20,GBP,1.27,105.0
2025-09-20,AED,0.27,22.5
2025-09-20,SGD,0.74,61.5
2025-09-20,INR,0.012,1.0
2025-09-21,USD,1.0,83.0
2025-09-21,EUR,1.08,90.0
2025-09-21,GBP,1.27,105.0
2025-09-21,AED,0.27,22.5
2025-09-21,SGD,0.74,61.5
2025-09-21,INR,0.012,1.0
2025-09-22,USD,1.0,83.0
2025-09-22,EUR,1.08,90.0
2025-09-22,GBP,1.27,105.0
2025-09-22,AED,0.27,22.5
2025-09-22,SGD,0.74,61.5
2025-09-22,INR,0.012,1.0
2025-09-23,USD,1.0,83.0
2025-09-23,EUR,1.08,90.0
2025-09-23,GBP,1.27,105.0
2025-09-23,AED,0.27,22.5
2025-09-23,SGD,0.74,61.5
2025-09-23,INR,0.012,1.0
2025-09-24,USD,1.0,83.0
2025-09-24,EUR,1.08,90.0
2025-09-24,GBP,1.27,105.0
2025-09-24,AED,0.27,22.5
2025-09-24,SGD,0.74,61.5
2025-09-24,INR,0.012,1.0
2025-09-25,USD,1.0,83.0
2025-09-25,EUR,1.08,90.0
2025-09-25,GBP,1.27,105.0
2025-09-25,AED,0.27,22.5
2025-09-25,SGD,0.74,61.5
2025-09-25,INR,0.012,1.0
2025-09-26,USD,1.0,83.0
2025-09-26,EUR,1.08,90.0
2025-09-26,GBP,1.27,105.0
2025-09-26,AED,0.27,22.5
2025-09-26,SGD,0.74,61.5
2025-09-26,INR,0.012,1.0
2025-09-27,USD,1.0,83.0
2025-09-27,EUR,1.08,90.0
2025-09-27,GBP,1.27,105.0
2025-09-27,AED,0.27,22.5
2025-09-27,SGD,0.74,61.5
2025-09-27,INR,0.012,1.0
2025-09-28,USD,1.0,83.0
2025-09-28,EUR,1.08,90.0
2025-09-28,GBP,1.27,105.0
2025-09-28,AED,0.27,22.5
2025-09-28,SGD,0.74,61.5
2025-09-28,INR,0.012,1.0
2025-09-29,USD,1.0,83.0
2025-09-29,EUR,1.08,90.0
2025-09-29,GBP,1.27,105.0
2025-09-29,AED,0.27,22.5
2025-09-29,SGD,0.74,61.5
2025-09-29,INR,0.012,1.0
2025-09-30,USD,1.0,83.0
2025-09-30,EUR,1.08,90.0
2025-09-30,GBP,1.27,105.0
2025-09-30,AED,0.27,22.5
2025-09-30,SGD,0.74,61.5
2025-09-30,INR,0.012,1.0
2025-10-01,USD,1.0,83.0
2025-10-01,EUR,1.08,90.0
2025-10-01,GBP,1.27,105.0
2025-10-01,AED,0.27,22.5
2025-10-01,SGD,0.74,61.5
2025-10-01,INR,0.012,1.0
2025-10-02,USD,1.0,83.0
2025-10-02,EUR,1.08,90.0
2025-10-02,GBP,1.27,105.0
2025-10-02,AED,0.27,22.5
2025-10-02,SGD,0.74,61.5
2025-10-02,INR,0.012,1.0
2025-10-03,USD,1.0,83.0
2025-10-03,EUR,1.08,90.0
2025-10-03,GBP,1.27,105.0
2025-10-03,AED,0.27,22.5
2025-10-03,SGD,0.74,61.5
2025-10-03,INR,0.012,1.0
2025-10-04,USD,1.0,83.0
2025-10-04,EUR,1.08,90.0
2025-10-04,GBP,1.27,105.0
2025-10-04,AED,0.27,22.5
2025-10-04,SGD,0.74,61.5
2025-10-04,INR,0.012,1.0
2025-10-05,USD,1.0,83.0
2025-10-05,EUR,1.08,90.0
2025-10-05,GBP,1.27,105.0
2025-10-05,AED,0.27,22.5
2025-10-05,SGD,0.74,61.5
2025-10-05,INR,0.012,1.0
2025-10-06,USD,1.0,83.0
2025-10-06,EUR,1.08,90.0
2025-10-06,GBP,1.27,105.0
2025-10-06,AED,0.27,22.5
2025-10-06,SGD,0.74,61.5
2025-10-06,INR,0.012,1.0
2025-10-07,USD,1.0,83.0
2025-10-07,EUR,1.08,90.0
2025-10-07,GBP,1.27,105.0
2025-10-07,AED,0.27,22.5
2025-10-07,SGD,0.74,61.5
2025-10-07,INR,0.012,1.0
2025-10-08,USD,1.0,83.0
2025-10-08,EUR,1.08,90.0
2025-10-08,GBP,1.27,105.0
2025-10-08,AED,0.27,22.5
2025-10-08,SGD,0.74,61.5
2025-10-08,INR,0.012,1.0
2025-10-09,USD,1.0,83.0
2025-10-09,EUR,1.08,90.0
2025-10-09,GBP,1.27,105.0
2025-10-09,AED,0.27,22.5
2025-10-09,SGD,0.74,61.5
2025-10-09,INR,0.012,1.0
2025-10-10,USD,1.0,83.0
2025-10-10,EUR,1.08,90.0
2025-10-10,GBP,1.27,105.0
2025-10-10,AED,0.27,22.5
2025-10-10,SGD,0.74,61.5
2025-10-10,INR,0.012,1.0
2025-10-11,USD,1.0,83.0
2025-10-11,EUR,1.08,90.0
2025-10-11,GBP,1.27,105.0
2025-10-11,AED,0.27,22.5
2025-10-11,SGD,0.74,61.5
2025-10-11,INR,0.012,1.0
2025-10-12,USD,1.0,83.0
2025-10-12,EUR,1.08,90.0
2025-10-12,GBP,1.27,105.0
2025-10-12,AED,0.27,22.5
2025-10-12,SGD,0.74,61.5
2025-10-12,INR,0.012,1.0
2025-10-13,USD,1.0,83.0
2025-10-13,EUR,1.08,90.0
2025-10-13,GBP,1.27,105.0
2025-10-13,AED,0.27,22.5
2025-10-13,SGD,0.74,61.5
2025-10-13,INR,0.012,1.0
2025-10-14,USD,1.0,83.0
2025-10-14,EUR,1.08,90.0
2025-10-14,GBP,1.27,105.0
2025-10-14,AED,0.27,22.5
2025-10-14,SGD,0.74,61.5
2025-10-14,INR,0.012,1.0
2025-10-15,USD,1.0,83.0
2025-10-15,EUR,1.08,90.0
2025-10-15,GBP,1.27,105.0
2025-10-15,AED,0.27,22.5
2025-10-15,SGD,0.74,61.5
2025-10-15,INR,0.012,1.0
2025-10-16,USD,1.0,83.0
2025-10-16,EUR,1.08,90.0
2025-10-16,GBP,1.27,105.0
2025-10-16,AED,0.27,22.5
2025-10-16,SGD,0.74,61.5
2025-10-16,INR,0.012,1.0
2025-10-17,USD,1.0,83.0
2025-10-17,EUR,1.08,90.0
2025-10-17,GBP,1.27,105.0
2025-10-17,AED,0.27,22.5
2025-10-17,SGD,0.74,61.5
2025-10-17,INR,0.012,1.0
2025-10-18,USD,1.0,83.0
2025-10-18,EUR,1.08,90.0
2025-10-18,GBP,1.27,105.0
2025-10-18,AED,0.27,22.5
2025-10-18,SGD,0.74,61.5
2025-10-18,INR,0.012,1.0
2025-10-19,USD,1.0,83.0
2025-10-19,EUR,1.08,90.0
2025-10-19,GBP,1.27,105.0
2025-10-19,AED,0.27,22.5
2025-10-19,SGD,0.74,61.5
2025-10-19,INR,0.012,1.0
2025-10-20,USD,1.0,83.0
2025-10-20,EUR,1.08,90.0
2025-10-20,GBP,1.27,105.0
2025-10-20,AED,0.27,22.5
2025-10-20,SGD,0.74,61.5
2025-10-20,INR,0.012,1.0
2025-10-21,USD,1.0,83.0
2025-10-21,EUR,1.08,90.0
2025-10-21,GBP,1.27,105.0
2025-10-21,AED,0.27,22.5
2025-10-21,SGD,0.74,61.5
2025-10-21,INR,0.012,1.0
2025-10-22,USD,1.0,83.0
2025-10-22,EUR,1.08,90.0
2025-10-22,GBP,1.27,105.0
2025-10-22,AED,0.27,22.5
2025-10-22,SGD,0.74,61.5
2025-10-22,INR,0.012,1.0
2025-10-23,USD,1.0,83.0
2025-10-23,EUR,1.08,90.0
2025-10-23,GBP,1.27,105.0
2025-10-23,AED,0.27,22.5
2025-10-23,SGD,0.74,61.5
2025-10-23,INR,0.012,1.0
2025-10-24,USD,1.0,83.0
2025-10-24,EUR,1.08,90.0
2025-10-24,GBP,1.27,105.0
2025-10-24,AED,0.27,22.5
2025-10-24,SGD,0.74,61.5
2025-10-24,INR,0.012,1.0
2025-10-25,USD,1.0,83.0
2025-10-25,EUR,1.08,90.0
2025-10-25,GBP,1.27,105.0
2025-10-25,AED,0.27,22.5
2025-10-25,SGD,0.74,61.5
2025-10-25,INR,0.012,1.0
2025-10-26,USD,1.0,83.0
2025-10-26,EUR,1.08,90.0
2025-10-26,GBP,1.27,105.0
2025-10-26,AED,0.27,22.5
2025-10-26,SGD,0.74,61.5
2025-10-26,INR,0.012,1.0
2025-10-27,USD,1.0,83.0
2025-10-27,EUR,1.08,90.0
2025-10-27,GBP,1.27,105.0
2025-10-27,AED,0.27,22.5
2025-10-27,SGD,0.74,61.5
2025-10-27,INR,0.012,1.0
2025-10-28,USD,1.0,83.0
2025-10-28,EUR,1.08,90.0
2025-10-28,GBP,1.27,105.0
2025-10-28,AED,0.27,22.5
2025-10-28,SGD,0.74,61.5
2025-10-28,INR,0.012,1.0
2025-10-29,USD,1.0,83.0
2025-10-29,EUR,1.08,90.0
2025-10-29,GBP,1.27,105.0
2025-10-29,AED,0.27,22.5
2025-10-29,SGD,0.74,61.5
2025-10-29,INR,0.012,1.0
2025-10-30,USD,1.0,83.0
2025-10-30,EUR,1.08,90.0
2025-10-30,GBP,1.27,105.0
2025-10-30,AED,0.27,22.5
2025-10-30,SGD,0.74,61.5
2025-10-30,INR,0.012,1.0
2025-10-31,USD,1.0,83.0
2025-10-31,EUR,1.08,90.0
2025-10-31,GBP,1.27,105.0
2025-10-31,AED,0.27,22.5
2025-10-31,SGD,0.74,61.5
2025-10-31,INR,0.012,1.0
2025-11-01,USD,1.0,83.0
2025-11-01,EUR,1.08,90.0
2025-11-01,GBP,1.27,105.0
2025-11-01,AED,0.27,22.5
2025-11-01,SGD,0.74,61.5
2025-11-01,INR,0.012,1.0
2025-11-02,USD,1.0,83.0
2025-11-02,EUR,1.08,90.0
2025-11-02,GBP,1.27,105.0
2025-11-02,AED,0.27,22.5
2025-11-02,SGD,0.74,61.5
2025-11-02,INR,0.012,1.0
2025-11-03,USD,1.0,83.0
2025-11-03,EUR,1.08,90.0
2025-11-03,GBP,1.27,105.0
2025-11-03,AED,0.27,22.5
2025-11-03,SGD,0.74,61.5
2025-11-03,INR,0.012,1.0
2025-11-04,USD,1.0,83.0
2025-11-04,EUR,1.08,90.0
2025-11-04,GBP,1.27,105.0
2025-11-04,AED,0.27,22.5
2025-11-04,SGD,0.74,61.5
2025-11-04,INR,0.012,1.0
2025-11-05,USD,1.0,83.0
2025-11-05,EUR,1.08,90.0
2025-11-05,GBP,1.27,105.0
2025-11-05,AED,0.27,22.5
2025-11-05,SGD,0.74,61.5
2025-11-05,INR,0.012,1.0
2025-11-06,USD,1.0,83.0
2025-11-06,EUR,1.08,90.0
2025-11-06,GBP,1.27,105.0
2025-11-06,AED,0.27,22.5
2025-11-06,SGD,0.74,61.5
2025-11-06,INR,0.012,1.0
2025-11-07,USD,1.0,83.0
2025-11-07,EUR,1.08,90.0
2025-11-07,GBP,1.27,105.0
2025-11-07,AED,0.27,22.5
2025-11-07,SGD,0.74,61.5
2025-11-07,INR,0.012,1.0
2025-11-08,USD,1.0,83.0
2025-11-08,EUR,1.08,90.0
2025-11-08,GBP,1.27,105.0
2025-11-08,AED,0.27,22.5
2025-11-08,SGD,0.74,61.5
2025-11-08,INR,0.012,1.0
2025-11-09,USD,1.0,83.0
2025-11-09,EUR,1.08,90.0
2025-11-09,GBP,1.27,105.0
2025-11-09,AED,0.27,22.5
2025-11-09,SGD,0.74,61.5
2025-11-09,INR,0.012,1.0
2025-11-10,USD,1.0,83.0
2025-11-10,EUR,1.08,90.0
2025-11-10,GBP,1.27,105.0
2025-11-10,AED,0.27,22.5
2025-11-10,SGD,0.74,61.5
2025-11-10,INR,0.012,1.0
2025-11-11,USD,1.0,83.0
2025-11-11,EUR,1.08,90.0
2025-11-11,GBP,1.27,105.0
2025-11-11,AED,0.27,22.5
2025-11-11,SGD,0.74,61.5
2025-11-11,INR,0.012,1.0
2025-11-12,USD,1.0,83.0
2025-11-12,EUR,1.08,90.0
2025-11-12,GBP,1.27,105.0
2025-11-12,AED,0.27,22.5
2025-11-12,SGD,0.74,61.5
2025-11-12,INR,0.012,1.0
2025-11-13,USD,1.0,83.0
2025-11-13,EUR,1.08,90.0
2025-11-13,GBP,1.27,105.0
2025-11-13,AED,0.27,22.5
2025-11-13,SGD,0.74,61.5
2025-11-13,INR,0.012,1.0
2025-11-14,USD,1.0,83.0
2025-11-14,EUR,1.08,90.0
2025-11-14,GBP,1.27,105.0
2025-11-14,AED,0.27,22.5
2025-11-14,SGD,0.74,61.5
2025-11-14,INR,0.012,1.0
2025-11-15,USD,1.0,83.0
2025-11-15,EUR,1.08,90.0
2025-11-15,GBP,1.27,105.0
2025-11-15,AED,0.27,22.5
2025-11-15,SGD,0.74,61.5
2025-11-15,INR,0.012,1.0
2025-11-16,USD,1.0,83.0
2025-11-16,EUR,1.08,90.0
2025-11-16,GBP,1.27,105.0
2025-11-16,AED,0.27,22.5
2025-11-16,SGD,0.74,61.5
2025-11-16,INR,0.012,1.0
2025-11-17,USD,1.0,83.0
2025-11-17,EUR,1.08,90.0
2025-11-17,GBP,1.27,105.0
2025-11-17,AED,0.27,22.5
2025-11-17,SGD,0.74,61.5
2025-11-17,INR,0.012,1.0
2025-11-18,USD,1.0,83.0
2025-11-18,EUR,1.08,90.0
2025-11-18,GBP,1.27,105.0
2025-11-18,AED,0.27,22.5
2025-11-18,SGD,0.74,61.5
2025-11-18,INR,0.012,1.0
2025-11-19,USD,1.0,83.0
2025-11-19,EUR,1.08,90.0
2025-11-19,GBP,1.27,105.0
2025-11-19,AED,0.27,22.5
2025-11-19,SGD,0.74,61.5
2025-11-19,INR,0.012,1.0
2025-11-20,USD,1.0,83.0
2025-11-20,EUR,1.08,90.0
2025-11-20,GBP,1.27,105.0
2025-11-20,AED,0.27,22.5
2025-11-20,SGD,0.74,61.5
2025-11-20,INR,0.012,1.0
2025-11-21,USD,1.0,83.0
2025-11-21,EUR,1.08,90.0
2025-11-21,GBP,1.27,105.0
2025-11-21,AED,0.27,22.5
2025-11-21,SGD,0.74,61.5
2025-11-21,INR,0.012,1.0
2025-11-22,USD,1.0,83.0
2025-11-22,EUR,1.08,90.0
2025-11-22,GBP,1.27,105.0
2025-11-22,AED,0.27,22.5
2025-11-22,SGD,0.74,61.5
2025-11-22,INR,0.012,1.0
2025-11-23,USD,1.0,83.0
2025-11-23,EUR,1.08,90.0
2025-11-23,GBP,1.27,105.0
2025-11-23,AED,0.27,22.5
2025-11-23,SGD,0.74,61.5
2025-11-23,INR,0.012,1.0
2025-11-24,USD,1.0,83.0
2025-11-24,EUR,1.08,90.0
2025-11-24,GBP,1.27,105.0
2025-11-24,AED,0.27,22.5
2025-11-24,SGD,0.74,61.5
2025-11-24,INR,0.012,1.0
2025-11-25,USD,1.0,83.0
2025-11-25,EUR,1.08,90.0
2025-11-25,GBP,1.27,105.0
2025-11-25,AED,0.27,22.5
2025-11-25,SGD,0.74,61.5
2025-11-25,INR,0.012,1.0
2025-11-26,USD,1.0,83.0
2025-11-26,EUR,1.08,90.0
2025-11-26,GBP,1.27,105.0
2025-11-26,AED,0.27,22.5
2025-11-26,SGD,0.74,61.5
2025-11-26,INR,0.012,1.0
2025-11-27,USD,1.0,83.0
2025-11-27,EUR,1.08,90.0
2025-11-27,GBP,1.27,105.0
2025-11-27,AED,0.27,22.5
2025-11-27,SGD,0.74,61.5
2025-11-27,INR,0.012,1.0
2025-11-28,USD,1.0,83.0
2025-11-28,EUR,1.08,90.0
2025-11-28,GBP,1.27,105.0
2025-11-28,AED,0.27,22.5
2025-11-28,SGD,0.74,61.5
2025-11-28,INR,0.012,1.0
2025-11-29,USD,1.0,83.0
2025-11-29,EUR,1.08,90.0
2025-11-29,GBP,1.27,105.0
2025-11-29,AED,0.27,22.5
2025-11-29,SGD,0.74,61.5
2025-11-29,INR,0.012,1.0
2025-11-30,USD,1.0,83.0
2025-11-30,EUR,1.08,90.0
2025-11-30,GBP,1.27,105.0
2025-11-30,AED,0.27,22.5
2025-11-30,SGD,0.74,61.5
2025-11-30,INR,0.012,1.0
2025-12-01,USD,1.0,83.0
2025-12-01,EUR,1.08,90.0
2025-12-01,GBP,1.27,105.0
2025-12-01,AED,0.27,22.5
2025-12-01,SGD,0.74,61.5
2025-12-01,INR,0.012,1.0
2025-12-02,USD,1.0,83.0
2025-12-02,EUR,1.08,90.0
2025-12-02,GBP,1.27,105.0
2025-12-02,AED,0.27,22.5
2025-12-02,SGD,0.74,61.5
2025-12-02,INR,0.012,1.0
2025-12-03,USD,1.0,83.0
2025-12-03,EUR,1.08,90.0
2025-12-03,GBP,1.27,105.0
2025-12-03,AED,0.27,22.5
2025-12-03,SGD,0.74,61.5
2025-12-03,INR,0.012,1.0
2025-12-04,USD,1.0,83.0
2025-12-04,EUR,1.08,90.0
2025-12-04,GBP,1.27,105.0
2025-12-04,AED,0.27,22.5
2025-12-04,SGD,0.74,61.5
2025-12-04,INR,0.012,1.0
2025-12-05,USD,1.0,83.0
2025-12-05,EUR,1.08,90.0
2025-12-05,GBP,1.27,105.0
2025-12-05,AED,0.27,22.5
2025-12-05,SGD,0.74,61.5
2025-12-05,INR,0.012,1.0
2025-12-06,USD,1.0,83.0
2025-12-06,EUR,1.08,90.0
2025-12-06,GBP,1.27,105.0
2025-12-06,AED,0.27,22.5
2025-12-06,SGD,0.74,61.5
2025-12-06,INR,0.012,1.0
2025-12-07,USD,1.0,83.0
2025-12-07,EUR,1.08,90.0
2025-12-07,GBP,1.27,105.0
2025-12-07,AED,0.27,22.5
2025-12-07,SGD,0.74,61.5
2025-12-07,INR,0.012,1.0
2025-12-08,USD,1.0,83.0
2025-12-08,EUR,1.08,90.0
2025-12-08,GBP,1.27,105.0
2025-12-08,AED,0.27,22.5
2025-12-08,SGD,0.74,61.5
2025-12-08,INR,0.012,1.0
2025-12-09,USD,1.0,83.0
2025-12-09,EUR,1.08,90.0
2025-12-09,GBP,1.27,105.0
2025-12-09,AED,0.27,22.5
2025-12-09,SGD,0.74,61.5
2025-12-09,INR,0.012,1.0
2025-12-10,USD,1.0,83.0
2025-12-10,EUR,1.08,90.0
2025-12-10,GBP,1.27,105.0
2025-12-10,AED,0.27,22.5
2025-12-10,SGD,0.74,61.5
2025-12-10,INR,0.012,1.0
2025-12-11,USD,1.0,83.0
2025-12-11,EUR,1.08,90.0
2025-12-11,GBP,1.27,105.0
2025-12-11,AED,0.27,22.5
2025-12-11,SGD,0.74,61.5
2025-12-11,INR,0.012,1.0
2025-12-12,USD,1.0,83.0
2025-12-12,EUR,1.08,90.0
2025-12-12,GBP,1.27,105.0
2025-12-12,AED,0.27,22.5
2025-12-12,SGD,0.74,61.5
2025-12-12,INR,0.012,1.0
2025-12-13,USD,1.0,83.0
2025-12-13,EUR,1.08,90.0
2025-12-13,GBP,1.27,105.0
2025-12-13,AED,0.27,22.5
2025-12-13,SGD,0.74,61.5
2025-12-13,INR,0.012,1.0
2025-12-14,USD,1.0,83.0
2025-12-14,EUR,1.08,90.0
2025-12-14,GBP,1.27,105.0
2025-12-14,AED,0.27,22.5
2025-12-14,SGD,0.74,61.5
2025-12-14,INR,0.012,1.0
2025-12-15,USD,1.0,83.0
2025-12-15,EUR,1.08,90.0
2025-12-15,GBP,1.27,105.0
2025-12-15,AED,0.27,22.5
2025-12-15,SGD,0.74,61.5
2025-12-15,INR,0.012,1.0
2025-12-16,USD,1.0,83.0
2025-12-16,EUR,1.08,90.0
2025-12-16,GBP,1.27,105.0
2025-12-16,AED,0.27,22.5
2025-12-16,SGD,0.74,61.5
2025-12-16,INR,0.012,1.0
2025-12-17,USD,1.0,83.0
2025-12-17,EUR,1.08,90.0
2025-12-17,GBP,1.27,105.0
2025-12-17,AED,0.27,22.5
2025-12-17,SGD,0.74,61.5
2025-12-17,INR,0.012,1.0
2025-12-18,USD,1.0,83.0
2025-12-18,EUR,1.08,90.0
2025-12-18,GBP,1.27,105.0
2025-12-18,AED,0.27,22.5
2025-12-18,SGD,0.74,61.5
2025-12-18,INR,0.012,1.0
2025-12-19,USD,1.0,83.0
2025-12-19,EUR,1.08,90.0
2025-12-19,GBP,1.27,105.0
2025-12-19,AED,0.27,22.5
2025-12-19,SGD,0.74,61.5
2025-12-19,INR,0.012,1.0
2025-12-20,USD,1.0,83.0
2025-12-20,EUR,1.08,90.0
2025-12-20,GBP,1.27,105.0
2025-12-20,AED,0.27,22.5
2025-12-20,SGD,0.74,61.5
2025-12-20,INR,0.012,1.0
2025-12-21,USD,1.0,83.0
2025-12-21,EUR,1.08,90.0
2025-12-21,GBP,1.27,105.0
2025-12-21,AED,0.27,22.5
2025-12-21,SGD,0.74,61.5
2025-12-21,INR,0.012,1.0
2025-12-22,USD,1.0,83.0
2025-12-22,EUR,1.08,90.0
2025-12-22,GBP,1.27,105.0
2025-12-22,AED,0.27,22.5
2025-12-22,SGD,0.74,61.5
2025-12-22,INR,0.012,1.0
2025-12-23,USD,1.0,83.0
2025-12-23,EUR,1.08,90.0
2025-12-23,GBP,1.27,105.0
2025-12-23,AED,0.27,22.5
2025-12-23,SGD,0.74,61.5
2025-12-23,INR,0.012,1.0
2025-12-24,USD,1.0,83.0
2025-12-24,EUR,1.08,90.0
2025-12-24,GBP,1.27,105.0
2025-12-24,AED,0.27,22.5
2025-12-24,SGD,0.74,61.5
2025-12-24,INR,0.012,1.0
2025-12-25,USD,1.0,83.0
2025-12-25,EUR,1.08,90.0
2025-12-25,GBP,1.27,105.0
2025-12-25,AED,0.27,22.5
2025-12-25,SGD,0.74,61.5
2025-12-25,INR,0.012,1.0
2025-12-26,USD,1.0,83.0
2025-12-26,EUR,1.08,90.0
2025-12-26,GBP,1.27,105.0
2025-12-26,AED,0.27,22.5
2025-12-26,SGD,0.74,61.5
2025-12-26,INR,0.012,1.0
2025-12-27,USD,1.0,83.0
2025-12-27,EUR,1.08,90.0
2025-12-27,GBP,1.27,105.0
2025-12-27,AED,0.27,22.5
2025-12-27,SGD,0.74,61.5
2025-12-27,INR,0.012,1.0
2025-12-28,USD,1.0,83.0
2025-12-28,EUR,1.08,90.0
2025-12-28,GBP,1.27,105.0
2025-12-28,AED,0.27,22.5
2025-12-28,SGD,0.74,61.5
2025-12-28,INR,0.012,1.0
2025-12-29,USD,1.0,83.0
2025-12-29,EUR,1.08,90.0
2025-12-29,GBP,1.27,105.0
2025-12-29,AED,0.27,22.5
2025-12-29,SGD,0.74,61.5
2025-12-29,INR,0.012,1.0
2025-12-30,USD,1.0,83.0
2025-12-30,EUR,1.08,90.0
2025-12-30,GBP,1.27,105.0
2025-12-30,AED,0.27,22.5
2025-12-30,SGD,0.74,61.5
2025-12-30,INR,0.012,1.0
2025-12-31,USD,1.0,83.0
2025-12-31,EUR,1.08,90.0
2025-12-31,GBP,1.27,105.0
2025-12-31,AED,0.27,22.5
2025-12-31,SGD,0.74,61.5
2025-12-31,INR,0.012,1.0
2026-01-01,USD,1.0,83.0
2026-01-01,EUR,1.08,90.0
2026-01-01,GBP,1.27,105.0
2026-01-01,AED,0.27,22.5
2026-01-01,SGD,0.74,61.5
2026-01-01,INR,0.012,1.0
2026-01-02,USD,1.0,83.0
2026-01-02,EUR,1.08,90.0
2026-01-02,GBP,1.27,105.0
2026-01-02,AED,0.27,22.5
2026-01-02,SGD,0.74,61.5
2026-01-02,INR,0.012,1.0
2026-01-03,USD,1.0,83.0
2026-01-03,EUR,1.08,90.0
2026-01-03,GBP,1.27,105.0
2026-01-03,AED,0.27,22.5
2026-01-03,SGD,0.74,61.5
2026-01-03,INR,0.012,1.0
2026-01-04,USD,1.0,83.0
2026-01-04,EUR,1.08,90.0
2026-01-04,GBP,1.27,105.0
2026-01-04,AED,0.27,22.5
2026-01-04,SGD,0.74,61.5
2026-01-04,INR,0.012,1.0
2026-01-05,USD,1.0,83.0
2026-01-05,EUR,1.08,90.0
2026-01-05,GBP,1.27,105.0
2026-01-05,AED,0.27,22.5
2026-01-05,SGD,0.74,61.5
2026-01-05,INR,0.012,1.0
2026-01-06,USD,1.0,83.0
2026-01-06,EUR,1.08,90.0
2026-01-06,GBP,1.27,105.0
2026-01-06,AED,0.27,22.5
2026-01-06,SGD,0.74,61.5
2026-01-06,INR,0.012,1.0
2026-01-07,USD,1.0,83.0
2026-01-07,EUR,1.08,90.0
2026-01-07,GBP,1.27,105.0
2026-01-07,AED,0.27,22.5
2026-01-07,SGD,0.74,61.5
2026-01-07,INR,0.012,1.0
2026-01-08,USD,1.0,83.0
2026-01-08,EUR,1.08,90.0
2026-01-08,GBP,1.27,105.0
2026-01-08,AED,0.27,22.5
2026-01-08,SGD,0.74,61.5
2026-01-08,INR,0.012,1.0
2026-01-09,USD,1.0,83.0
2026-01-09,EUR,1.08,90.0
2026-01-09,GBP,1.27,105.0
2026-01-09,AED,0.27,22.5
2026-01-09,SGD,0.74,61.5
2026-01-09,INR,0.012,1.0
2026-01-10,USD,1.0,83.0
2026-01-10,EUR,1.08,90.0
2026-01-10,GBP,1.27,105.0
2026-01-10,AED,0.27,22.5
2026-01-10,SGD,0.74,61.5
2026-01-10,INR,0.012,1.0
2026-01-11,USD,1.0,83.0
2026-01-11,EUR,1.08,90.0
2026-01-11,GBP,1.27,105.0
2026-01-11,AED,0.27,22.5
2026-01-11,SGD,0.74,61.5
2026-01-11,INR,0.012,1.0
2026-01-12,USD,1.0,83.0
2026-01-12,EUR,1.08,90.0
2026-01-12,GBP,1.27,105.0
2026-01-12,AED,0.27,22.5
2026-01-12,SGD,0.74,61.5
2026-01-12,INR,0.012,1.0
2026-01-13,USD,1.0,83.0
2026-01-13,EUR,1.08,90.0
2026-01-13,GBP,1.27,105.0
2026-01-13,AED,0.27,22.5
2026-01-13,SGD,0.74,61.5
2026-01-13,INR,0.012,1.0
2026-01-14,USD,1.0,83.0
2026-01-14,EUR,1.08,90.0
2026-01-14,GBP,1.27,105.0
2026-01-14,AED,0.27,22.5
2026-01-14,SGD,0.74,61.5
2026-01-14,INR,0.012,1.0
2026-01-15,USD,1.0,83.0
2026-01-15,EUR,1.08,90.0
2026-01-15,GBP,1.27,105.0
2026-01-15,AED,0.27,22.5
2026-01-15,SGD,0.74,61.5
2026-01-15,INR,0.012,1.0
2026-01-16,USD,1.0,83.0
2026-01-16,EUR,1.08,90.0
2026-01-16,GBP,1.27,105.0
2026-01-16,AED,0.27,22.5
2026-01-16,SGD,0.74,61.5
2026-01-16,INR,0.012,1.0
2026-01-17,USD,1.0,83.0
2026-01-17,EUR,1.08,90.0
2026-01-17,GBP,1.27,105.0
2026-01-17,AED,0.27,22.5
2026-01-17,SGD,0.74,61.5
2026-01-17,INR,0.012,1.0
2026-01-18,USD,1.0,83.0
2026-01-18,EUR,1.08,90.0
2026-01-18,GBP,1.27,105.0
2026-01-18,AED,0.27,22.5
2026-01-18,SGD,0.74,61.5
2026-01-18,INR,0.012,1.0
2026-01-19,USD,1.0,83.0
2026-01-19,EUR,1.08,90.0
2026-01-19,GBP,1.27,105.0
2026-01-19,AED,0.27,22.5
2026-01-19,SGD,0.74,61.5
2026-01-19,INR,0.012,1.0
2026-01-20,USD,1.0,83.0
2026-01-20,EUR,1.08,90.0
2026-01-20,GBP,1.27,105.0
2026-01-20,AED,0.27,22.5
2026-01-20,SGD,0.74,61.5
2026-01-20,INR,0.012,1.0
2026-01-21,USD,1.0,83.0
2026-01-21,EUR,1.08,90.0
2026-01-21,GBP,1.27,105.0
2026-01-21,AED,0.27,22.5
2026-01-21,SGD,0.74,61.5
2026-01-21,INR,0.012,1.0
2026-01-22,USD,1.0,83.0
2026-01-22,EUR,1.08,90.0
2026-01-22,GBP,1.27,105.0
2026-01-22,AED,0.27,22.5
2026-01-22,SGD,0.74,61.5
2026-01-22,INR,0.012,1.0
2026-01-23,USD,1.0,83.0
2026-01-23,EUR,1.08,90.0
2026-01-23,GBP,1.27,105.0
2026-01-23,AED,0.27,22.5
2026-01-23,SGD,0.74,61.5
2026-01-23,INR,0.012,1.0
2026-01-24,USD,1.0,83.0
2026-01-24,EUR,1.08,90.0
2026-01-24,GBP,1.27,105.0
2026-01-24,AED,0.27,22.5
2026-01-24,SGD,0.74,61.5
2026-01-24,INR,0.012,1.0
2026-01-25,USD,1.0,83.0
2026-01-25,EUR,1.08,90.0
2026-01-25,GBP,1.27,105.0
2026-01-25,AED,0.27,22.5
2026-01-25,SGD,0.74,61.5
2026-01-25,INR,0.012,1.0
2026-01-26,USD,1.0,83.0
2026-01-26,EUR,1.08,90.0
2026-01-26,GBP,1.27,105.0
2026-01-26,AED,0.27,22.5
2026-01-26,SGD,0.74,61.5
2026-01-26,INR,0.012,1.0
2026-01-27,USD,1.0,83.0
2026-01-27,EUR,1.08,90.0
2026-01-27,GBP,1.27,105.0
2026-01-27,AED,0.27,22.5
2026-01-27,SGD,0.74,61.5
2026-01-27,INR,0.012,1.0
2026-01-28,USD,1.0,83.0
2026-01-28,EUR,1.08,90.0
2026-01-28,GBP,1.27,105.0
2026-01-28,AED,0.27,22.5
2026-01-28,SGD,0.74,61.5
2026-01-28,INR,0.012,1.0
2026-01-29,USD,1.0,83.0
2026-01-29,EUR,1.08,90.0
2026-01-29,GBP,1.27,105.0
2026-01-29,AED,0.27,22.5
2026-01-29,SGD,0.74,61.5
2026-01-29,INR,0.012,1.0
2026-01-30,USD,1.0,83.0
2026-01-30,EUR,1.08,90.0
2026-01-30,GBP,1.27,105.0
2026-01-30,AED,0.27,22.5
2026-01-30,SGD,0.74,61.5
2026-01-30,INR,0.012,1.0
2026-01-31,USD,1.0,83.0
2026-01-31,EUR,1.08,90.0
2026-01-31,GBP,1.27,105.0
2026-01-31,AED,0.27,22.5
2026-01-31,SGD,0.74,61.5
2026-01-31,INR,0.012,1.0
2026-02-01,USD,1.0,83.0
2026-02-01,EUR,1.08,90.0
2026-02-01,GBP,1.27,105.0
2026-02-01,AED,0.27,22.5
2026-02-01,SGD,0.74,61.5
2026-02-01,INR,0.012,1.0
2026-02-02,USD,1.0,83.0
2026-02-02,EUR,1.08,90.0
2026-02-02,GBP,1.27,105.0
2026-02-02,AED,0.27,22.5
2026-02-02,SGD,0.74,61.5
2026-02-02,INR,0.012,1.0
2026-02-03,USD,1.0,83.0
2026-02-03,EUR,1.08,90.0
2026-02-03,GBP,1.27,105.0
2026-02-03,AED,0.27,22.5
2026-02-03,SGD,0.74,61.5
2026-02-03,INR,0.012,1.0
2026-02-04,USD,1.0,83.0
2026-02-04,EUR,1.08,90.0
2026-02-04,GBP,1.27,105.0
2026-02-04,AED,0.27,22.5
2026-02-04,SGD,0.74,61.5
2026-02-04,INR,0.012,1.0
2026-02-05,USD,1.0,83.0
2026-02-05,EUR,1.08,90.0
2026-02-05,GBP,1.27,105.0
2026-02-05,AED,0.27,22.5
2026-02-05,SGD,0.74,61.5
2026-02-05,INR,0.012,1.0
2026-02-06,USD,1.0,83.0
2026-02-06,EUR,1.08,90.0
2026-02-06,GBP,1.27,105.0
2026-02-06,AED,0.27,22.5
2026-02-06,SGD,0.74,61.5
2026-02-06,INR,0.012,1.0
2026-02-07,USD,1.0,83.0
2026-02-07,EUR,1.08,90.0
2026-02-07,GBP,1.27,105.0
2026-02-07,AED,0.27,22.5
2026-02-07,SGD,0.74,61.5
2026-02-07,INR,0.012,1.0
2026-02-08,USD,1.0,83.0
2026-02-08,EUR,1.08,90.0
2026-02-08,GBP,1.27,105.0
2026-02-08,AED,0.27,22.5
2026-02-08,SGD,0.74,61.5
2026-02-08,INR,0.012,1.0
2026-02-09,USD,1.0,83.0
2026-02-09,EUR,1.08,90.0
2026-02-09,GBP,1.27,105.0
2026-02-09,AED,0.27,22.5
2026-02-09,SGD,0.74,61.5
2026-02-09,INR,0.012,1.0
2026-02-10,USD,1.0,83.0
2026-02-10,EUR,1.08,90.0
2026-02-10,GBP,1.27,105.0
2026-02-10,AED,0.27,22.5
2026-02-10,SGD,0.74,61.5
2026-02-10,INR,0.012,1.0
2026-02-11,USD,1.0,83.0
2026-02-11,EUR,1.08,90.0
2026-02-11,GBP,1.27,105.0
2026-02-11,AED,0.27,22.5
2026-02-11,SGD,0.74,61.5
2026-02-11,INR,0.012,1.0
2026-02-12,USD,1.0,83.0
2026-02-12,EUR,1.08,90.0
2026-02-12,GBP,1.27,105.0
2026-02-12,AED,0.27,22.5
2026-02-12,SGD,0.74,61.5
2026-02-12,INR,0.012,1.0
2026-02-13,USD,1.0,83.0
2026-02-13,EUR,1.08,90.0
2026-02-13,GBP,1.27,105.0
2026-02-13,AED,0.27,22.5
2026-02-13,SGD,0.74,61.5
2026-02-13,INR,0.012,1.0
2026-02-14,USD,1.0,83.0
2026-02-14,EUR,1.08,90.0
2026-02-14,GBP,1.27,105.0
2026-02-14,AED,0.27,22.5
2026-02-14,SGD,0.74,61.5
2026-02-14,INR,0.012,1.0
2026-02-15,USD,1.0,83.0
2026-02-15,EUR,1.08,90.0
2026-02-15,GBP,1.27,105.0
2026-02-15,AED,0.27,22.5
2026-02-15,SGD,0.74,61.5
2026-02-15,INR,0.012,1.0
2026-02-16,USD,1.0,83.0
2026-02-16,EUR,1.08,90.0
2026-02-16,GBP,1.27,105.0
2026-02-16,AED,0.27,22.5
2026-02-16,SGD,0.74,61.5
2026-02-16,INR,0.012,1.0
2026-02-17,USD,1.0,83.0
2026-02-17,EUR,1.08,90.0
2026-02-17,GBP,1.27,105.0
2026-02-17,AED,0.27,22.5
2026-02-17,SGD,0.74,61.5
2026-02-17,INR,0.012,1.0
2026-02-18,USD,1.0,83.0
2026-02-18,EUR,1.08,90.0
2026-02-18,GBP,1.27,105.0
2026-02-18,AED,0.27,22.5
2026-02-18,SGD,0.74,61.5
2026-02-18,INR,0.012,1.0
2026-02-19,USD,1.0,83.0
2026-02-19,EUR,1.08,90.0
2026-02-19,GBP,1.27,105.0
2026-02-19,AED,0.27,22.5
2026-02-19,SGD,0.74,61.5
2026-02-19,INR,0.012,1.0
2026-02-20,USD,1.0,83.0
2026-02-20,EUR,1.08,90.0
2026-02-20,GBP,1.27,105.0
2026-02-20,AED,0.27,22.5
2026-02-20,SGD,0.74,61.5
2026-02-20,INR,0.012,1.0
2026-02-21,USD,1.0,83.0
2026-02-21,EUR,1.08,90.0
2026-02-21,GBP,1.27,105.0
2026-02-21,AED,0.27,22.5
2026-02-21,SGD,0.74,61.5
2026-02-21,INR,0.012,1.0
2026-02-22,USD,1.0,83.0
2026-02-22,EUR,1.08,90.0
2026-02-22,GBP,1.27,105.0
2026-02-22,AED,0.27,22.5
2026-02-22,SGD,0.74,61.5
2026-02-22,INR,0.012,1.0
2026-02-23,USD,1.0,83.0
2026-02-23,EUR,1.08,90.0
2026-02-23,GBP,1.27,105.0
2026-02-23,AED,0.27,22.5
2026-02-23,SGD,0.74,61.5
2026-02-23,INR,0.012,1.0
2026-02-24,USD,1.0,83.0
2026-02-24,EUR,1.08,90.0
2026-02-24,GBP,1.27,105.0
2026-02-24,AED,0.27,22.5
2026-02-24,SGD,0.74,61.5
2026-02-24,INR,0.012,1.0
2026-02-25,USD,1.0,83.0
2026-02-25,EUR,1.08,90.0
2026-02-25,GBP,1.27,105.0
2026-02-25,AED,0.27,22.5
2026-02-25,SGD,0.74,61.5
2026-02-25,INR,0.012,1.0
2026-02-26,USD,1.0,83.0
2026-02-26,EUR,1.08,90.0
2026-02-26,GBP,1.27,105.0
2026-02-26,AED,0.27,22.5
2026-02-26,SGD,0.74,61.5
2026-02-26,INR,0.012,1.0
2026-02-27,USD,1.0,83.0
2026-02-27,EUR,1.08,90.0
2026-02-27,GBP,1.27,105.0
2026-02-27,AED,0.27,22.5
2026-02-27,SGD,0.74,61.5
2026-02-27,INR,0.012,1.0
2026-02-28,USD,1.0,83.0
2026-02-28,EUR,1.08,90.0
2026-02-28,GBP,1.27,105.0
2026-02-28,AED,0.27,22.5
2026-02-28,SGD,0.74,61.5
2026-02-28,INR,0.012,1.0
2026-03-01,USD,1.0,83.0
2026-03-01,EUR,1.08,90.0
2026-03-01,GBP,1.27,105.0
2026-03-01,AED,0.27,22.5
2026-03-01,SGD,0.74,61.5
2026-03-01,INR,0.012,1.0
2026-03-02,USD,1.0,83.0
2026-03-02,EUR,1.08,90.0
2026-03-02,GBP,1.27,105.0
2026-03-02,AED,0.27,22.5
2026-03-02,SGD,0.74,61.5
2026-03-02,INR,0.012,1.0
2026-03-03,USD,1.0,83.0
2026-03-03,EUR,1.08,90.0
2026-03-03,GBP,1.27,105.0
2026-03-03,AED,0.27,22.5
2026-03-03,SGD,0.74,61.5
2026-03-03,INR,0.012,1.0
2026-03-04,USD,1.0,83.0
2026-03-04,EUR,1.08,90.0
2026-03-04,GBP,1.27,105.0
2026-03-04,AED,0.27,22.5
2026-03-04,SGD,0.74,61.5
2026-03-04,INR,0.012,1.0
2026-03-05,USD,1.0,83.0
2026-03-05,EUR,1.08,90.0
2026-03-05,GBP,1.27,105.0
2026-03-05,AED,0.27,22.5
2026-03-05,SGD,0.74,61.5
2026-03-05,INR,0.012,1.0
2026-03-06,USD,1.0,83.0
2026-03-06,EUR,1.08,90.0
2026-03-06,GBP,1.27,105.0
2026-03-06,AED,0.27,22.5
2026-03-06,SGD,0.74,61.5
2026-03-06,INR,0.012,1.0
2026-03-07,USD,1.0,83.0
2026-03-07,EUR,1.08,90.0
2026-03-07,GBP,1.27,105.0
2026-03-07,AED,0.27,22.5
2026-03-07,SGD,0.74,61.5
2026-03-07,INR,0.012,1.0
2026-03-08,USD,1.0,83.0
2026-03-08,EUR,1.08,90.0
2026-03-08,GBP,1.27,105.0
2026-03-08,AED,0.27,22.5
2026-03-08,SGD,0.74,61.5
2026-03-08,INR,0.012,1.0
2026-03-09,USD,1.0,83.0
2026-03-09,EUR,1.08,90.0
2026-03-09,GBP,1.27,105.0
2026-03-09,AED,0.27,22.5
2026-03-09,SGD,0.74,61.5
2026-03-09,INR,0.012,1.0
2026-03-10,USD,1.0,83.0
2026-03-10,EUR,1.08,90.0
2026-03-10,GBP,1.27,105.0
2026-03-10,AED,0.27,22.5
2026-03-10,SGD,0.74,61.5
2026-03-10,INR,0.012,1.0
2026-03-11,USD,1.0,83.0
2026-03-11,EUR,1.08,90.0
2026-03-11,GBP,1.27,105.0
2026-03-11,AED,0.27,22.5
2026-03-11,SGD,0.74,61.5
2026-03-11,INR,0.012,1.0
2026-03-12,USD,1.0,83.0
2026-03-12,EUR,1.08,90.0
2026-03-12,GBP,1.27,105.0
2026-03-12,AED,0.27,22.5
2026-03-12,SGD,0.74,61.5
2026-03-12,INR,0.012,1.0
2026-03-13,USD,1.0,83.0
2026-03-13,EUR,1.08,90.0
2026-03-13,GBP,1.27,105.0
2026-03-13,AED,0.27,22.5
2026-03-13,SGD,0.74,61.5
2026-03-13,INR,0.012,1.0
2026-03-14,USD,1.0,83.0
2026-03-14,EUR,1.08,90.0
2026-03-14,GBP,1.27,105.0
2026-03-14,AED,0.27,22.5
2026-03-14,SGD,0.74,61.5
2026-03-14,INR,0.012,1.0
2026-03-15,USD,1.0,83.0
2026-03-15,EUR,1.08,90.0
2026-03-15,GBP,1.27,105.0
2026-03-15,AED,0.27,22.5
2026-03-15,SGD,0.74,61.5
2026-03-15,INR,0.012,1.0
2026-03-16,USD,1.0,83.0
2026-03-16,EUR,1.08,90.0
2026-03-16,GBP,1.27,105.0
2026-03-16,AED,0.27,22.5
2026-03-16,SGD,0.74,61.5
2026-03-16,INR,0.012,1.0
2026-03-17,USD,1.0,83.0
2026-03-17,EUR,1.08,90.0
2026-03-17,GBP,1.27,105.0
2026-03-17,AED,0.27,22.5
2026-03-17,SGD,0.74,61.5
2026-03-17,INR,0.012,1.0
2026-03-18,USD,1.0,83.0
2026-03-18,EUR,1.08,90.0
2026-03-18,GBP,1.27,105.0
2026-03-18,AED,0.27,22.5
2026-03-18,SGD,0.74,61.5
2026-03-18,INR,0.012,1.0
2026-03-19,USD,1.0,83.0
2026-03-19,EUR,1.08,90.0
2026-03-19,GBP,1.27,105.0
2026-03-19,AED,0.27,22.5
2026-03-19,SGD,0.74,61.5
2026-03-19,INR,0.012,1.0
2026-03-20,USD,1.0,83.0
2026-03-20,EUR,1.08,90.0
2026-03-20,GBP,1.27,105.0
2026-03-20,AED,0.27,22.5
2026-03-20,SGD,0.74,61.5
2026-03-20,INR,0.012,1.0
2026-03-21,USD,1.0,83.0
2026-03-21,EUR,1.08,90.0
2026-03-21,GBP,1.27,105.0
2026-03-21,AED,0.27,22.5
2026-03-21,SGD,0.74,61.5
2026-03-21,INR,0.012,1.0
2026-03-22,USD,1.0,83.0
2026-03-22,EUR,1.08,90.0
2026-03-22,GBP,1.27,105.0
2026-03-22,AED,0.27,22.5
2026-03-22,SGD,0.74,61.5
2026-03-22,INR,0.012,1.0
2026-03-23,USD,1.0,83.0
2026-03-23,EUR,1.08,90.0
2026-03-23,GBP,1.27,105.0
2026-03-23,AED,0.27,22.5
2026-03-23,SGD,0.74,61.5
2026-03-23,INR,0.012,1.0
2026-03-24,USD,1.0,83.0
2026-03-24,EUR,1.08,90.0
2026-03-24,GBP,1.27,105.0
2026-03-24,AED,0.27,22.5
2026-03-24,SGD,0.74,61.5
2026-03-24,INR,0.012,1.0
2026-03-25,USD,1.0,83.0
2026-03-25,EUR,1.08,90.0
2026-03-25,GBP,1.27,105.0
2026-03-25,AED,0.27,22.5
2026-03-25,SGD,0.74,61.5
2026-03-25,INR,0.012,1.0
2026-03-26,USD,1.0,83.0
2026-03-26,EUR,1.08,90.0
2026-03-26,GBP,1.27,105.0
2026-03-26,AED,0.27,22.5
2026-03-26,SGD,0.74,61.5
2026-03-26,INR,0.012,1.0
2026-03-27,USD,1.0,83.0
2026-03-27,EUR,1.08,90.0
2026-03-27,GBP,1.27,105.0
2026-03-27,AED,0.27,22.5
2026-03-27,SGD,0.74,61.5
2026-03-27,INR,0.012,1.0
2026-03-28,USD,1.0,83.0
2026-03-28,EUR,1.08,90.0
2026-03-28,GBP,1.27,105.0
2026-03-28,AED,0.27,22.5
2026-03-28,SGD,0.74,61.5
2026-03-28,INR,0.012,1.0
2026-03-29,USD,1.0,83.0
2026-03-29,EUR,1.08,90.0
2026-03-29,GBP,1.27,105.0
2026-03-29,AED,0.27,22.5
2026-03-29,SGD,0.74,61.5
2026-03-29,INR,0.012,1.0
2026-03-30,USD,1.0,83.0
2026-03-30,EUR,1.08,90.0
2026-03-30,GBP,1.27,105.0
2026-03-30,AED,0.27,22.5
2026-03-30,SGD,0.74,61.5
2026-03-30,INR,0.012,1.0
2026-03-31,USD,1.0,83.0
2026-03-31,EUR,1.08,90.0
2026-03-31,GBP,1.27,105.0
2026-03-31,AED,0.27,22.5
2026-03-31,SGD,0.74,61.5
2026-03-31,INR,0.012,1.0
2026-04-01,USD,1.0,83.0
2026-04-01,EUR,1.08,90.0
2026-04-01,GBP,1.27,105.0
2026-04-01,AED,0.27,22.5
2026-04-01,SGD,0.74,61.5
2026-04-01,INR,0.012,1.0
2026-04-02,USD,1.0,83.0
2026-04-02,EUR,1.08,90.0
2026-04-02,GBP,1.27,105.0
2026-04-02,AED,0.27,22.5
2026-04-02,SGD,0.74,61.5
2026-04-02,INR,0.012,1.0
2026-04-03,USD,1.0,83.0
2026-04-03,EUR,1.08,90.0
2026-04-03,GBP,1.27,105.0
2026-04-03,AED,0.27,22.5
2026-04-03,SGD,0.74,61.5
2026-04-03,INR,0.012,1.0
2026-04-04,USD,1.0,83.0
2026-04-04,EUR,1.08,90.0
2026-04-04,GBP,1.27,105.0
2026-04-04,AED,0.27,22.5
2026-04-04,SGD,0.74,61.5
2026-04-04,INR,0.012,1.0
2026-04-05,USD,1.0,83.0
2026-04-05,EUR,1.08,90.0
2026-04-05,GBP,1.27,105.0
2026-04-05,AED,0.27,22.5
2026-04-05,SGD,0.74,61.5
2026-04-05,INR,0.012,1.0
2026-04-06,USD,1.0,83.0
2026-04-06,EUR,1.08,90.0
2026-04-06,GBP,1.27,105.0
2026-04-06,AED,0.27,22.5
2026-04-06,SGD,0.74,61.5
2026-04-06,INR,0.012,1.0
2026-04-07,USD,1.0,83.0
2026-04-07,EUR,1.08,90.0
2026-04-07,GBP,1.27,105.0
2026-04-07,AED,0.27,22.5
2026-04-07,SGD,0.74,61.5
2026-04-07,INR,0.012,1.0
2026-04-08,USD,1.0,83.0
2026-04-08,EUR,1.08,90.0
2026-04-08,GBP,1.27,105.0
2026-04-08,AED,0.27,22.5
2026-04-08,SGD,0.74,61.5
2026-04-08,INR,0.012,1.0
2026-04-09,USD,1.0,83.0
2026-04-09,EUR,1.08,90.0
2026-04-09,GBP,1.27,105.0
2026-04-09,AED,0.27,22.5
2026-04-09,SGD,0.74,61.5
2026-04-09,INR,0.012,1.0
2026-04-10,USD,1.0,83.0
2026-04-10,EUR,1.08,90.0
2026-04-10,GBP,1.27,105.0
2026-04-10,AED,0.27,22.5
2026-04-10,SGD,0.74,61.5
2026-04-10,INR,0.012,1.0
2026-04-11,USD,1.0,83.0
2026-04-11,EUR,1.08,90.0
2026-04-11,GBP,1.27,105.0
2026-04-11,AED,0.27,22.5
2026-04-11,SGD,0.74,61.5
2026-04-11,INR,0.012,1.0
2026-04-12,USD,1.0,83.0
2026-04-12,EUR,1.08,90.0
2026-04-12,GBP,1.27,105.0
2026-04-12,AED,0.27,22.5
2026-04-12,SGD,0.74,61.5
2026-04-12,INR,0.012,1.0
2026-04-13,USD,1.0,83.0
2026-04-13,EUR,1.08,90.0
2026-04-13,GBP,1.27,105.0
2026-04-13,AED,0.27,22.5
2026-04-13,SGD,0.74,61.5
2026-04-13,INR,0.012,1.0
2026-04-14,USD,1.0,83.0
2026-04-14,EUR,1.08,90.0
2026-04-14,GBP,1.27,105.0
2026-04-14,AED,0.27,22.5
2026-04-14,SGD,0.74,61.5
2026-04-14,INR,0.012,1.0
2026-04-15,USD,1.0,83.0
2026-04-15,EUR,1.08,90.0
2026-04-15,GBP,1.27,105.0
2026-04-15,AED,0.27,22.5
2026-04-15,SGD,0.74,61.5
2026-04-15,INR,0.012,1.0
2026-04-16,USD,1.0,83.0
2026-04-16,EUR,1.08,90.0
2026-04-16,GBP,1.27,105.0
2026-04-16,AED,0.27,22.5
2026-04-16,SGD,0.74,61.5
2026-04-16,INR,0.012,1.0
2026-04-17,USD,1.0,83.0
2026-04-17,EUR,1.08,90.0
2026-04-17,GBP,1.27,105.0
2026-04-17,AED,0.27,22.5
2026-04-17,SGD,0.74,61.5
2026-04-17,INR,0.012,1.0
2026-04-18,USD,1.0,83.0
2026-04-18,EUR,1.08,90.0
2026-04-18,GBP,1.27,105.0
2026-04-18,AED,0.27,22.5
2026-04-18,SGD,0.74,61.5
2026-04-18,INR,0.012,1.0
2026-04-19,USD,1.0,83.0
2026-04-19,EUR,1.08,90.0
2026-04-19,GBP,1.27,105.0
2026-04-19,AED,0.27,22.5
2026-04-19,SGD,0.74,61.5
2026-04-19,INR,0.012,1.0
2026-04-20,USD,1.0,83.0
2026-04-20,EUR,1.08,90.0
2026-04-20,GBP,1.27,105.0
2026-04-20,AED,0.27,22.5
2026-04-20,SGD,0.74,61.5
2026-04-20,INR,0.012,1.0
2026-04-21,USD,1.0,83.0
2026-04-21,EUR,1.08,90.0
2026-04-21,GBP,1.27,105.0
2026-04-21,AED,0.27,22.5
2026-04-21,SGD,0.74,61.5
2026-04-21,INR,0.012,1.0
2026-04-22,USD,1.0,83.0
2026-04-22,EUR,1.08,90.0
2026-04-22,GBP,1.27,105.0
2026-04-22,AED,0.27,22.5
2026-04-22,SGD,0.74,61.5
2026-04-22,INR,0.012,1.0
2026-04-23,USD,1.0,83.0
2026-04-23,EUR,1.08,90.0
2026-04-23,GBP,1.27,105.0
2026-04-23,AED,0.27,22.5
2026-04-23,SGD,0.74,61.5
2026-04-23,INR,0.012,1.0
2026-04-24,USD,1.0,83.0
2026-04-24,EUR,1.08,90.0
2026-04-24,GBP,1.27,105.0
2026-04-24,AED,0.27,22.5
2026-04-24,SGD,0.74,61.5
2026-04-24,INR,0.012,1.0
2026-04-25,USD,1.0,83.0
2026-04-25,EUR,1.08,90.0
2026-04-25,GBP,1.27,105.0
2026-04-25,AED,0.27,22.5
2026-04-25,SGD,0.74,61.5
2026-04-25,INR,0.012,1.0
2026-04-26,USD,1.0,83.0
2026-04-26,EUR,1.08,90.0
2026-04-26,GBP,1.27,105.0
2026-04-26,AED,0.27,22.5
2026-04-26,SGD,0.74,61.5
2026-04-26,INR,0.012,1.0
2026-04-27,USD,1.0,83.0
2026-04-27,EUR,1.08,90.0
2026-04-27,GBP,1.27,105.0
2026-04-27,AED,0.27,22.5
2026-04-27,SGD,0.74,61.5
2026-04-27,INR,0.012,1.0
2026-04-28,USD,1.0,83.0
2026-04-28,EUR,1.08,90.0
2026-04-28,GBP,1.27,105.0
2026-04-28,AED,0.27,22.5
2026-04-28,SGD,0.74,61.5
2026-04-28,INR,0.012,1.0
2026-04-29,USD,1.0,83.0
2026-04-29,EUR,1.08,90.0
2026-04-29,GBP,1.27,105.0
2026-04-29,AED,0.27,22.5
2026-04-29,SGD,0.74,61.5
2026-04-29,INR,0.012,1.0
2026-04-30,USD,1.0,83.0
2026-04-30,EUR,1.08,90.0
2026-04-30,GBP,1.27,105.0
2026-04-30,AED,0.27,22.5
2026-04-30,SGD,0.74,61.5
2026-04-30,INR,0.012,1.0
2026-05-01,USD,1.0,83.0
2026-05-01,EUR,1.08,90.0
2026-05-01,GBP,1.27,105.0
2026-05-01,AED,0.27,22.5
2026-05-01,SGD,0.74,61.5
2026-05-01,INR,0.012,1.0
2026-05-02,USD,1.0,83.0
2026-05-02,EUR,1.08,90.0
2026-05-02,GBP,1.27,105.0
2026-05-02,AED,0.27,22.5
2026-05-02,SGD,0.74,61.5
2026-05-02,INR,0.012,1.0
2026-05-03,USD,1.0,83.0
2026-05-03,EUR,1.08,90.0
2026-05-03,GBP,1.27,105.0
2026-05-03,AED,0.27,22.5
2026-05-03,SGD,0.74,61.5
2026-05-03,INR,0.012,1.0
2026-05-04,USD,1.0,83.0
2026-05-04,EUR,1.08,90.0
2026-05-04,GBP,1.27,105.0
2026-05-04,AED,0.27,22.5
2026-05-04,SGD,0.74,61.5
2026-05-04,INR,0.012,1.0
2026-05-05,USD,1.0,83.0
2026-05-05,EUR,1.08,90.0
2026-05-05,GBP,1.27,105.0
2026-05-05,AED,0.27,22.5
2026-05-05,SGD,0.74,61.5
2026-05-05,INR,0.012,1.0
2026-05-06,USD,1.0,83.0
2026-05-06,EUR,1.08,90.0
2026-05-06,GBP,1.27,105.0
2026-05-06,AED,0.27,22.5
2026-05-06,SGD,0.74,61.5
2026-05-06,INR,0.012,1.0
2026-05-07,USD,1.0,83.0
2026-05-07,EUR,1.08,90.0
2026-05-07,GBP,1.27,105.0
2026-05-07,AED,0.27,22.5
2026-05-07,SGD,0.74,61.5
2026-05-07,INR,0.012,1.0
2026-05-08,USD,1.0,83.0
2026-05-08,EUR,1.08,90.0
2026-05-08,GBP,1.27,105.0
2026-05-08,AED,0.27,22.5
2026-05-08,SGD,0.74,61.5
2026-05-08,INR,0.012,1.0
2026-05-09,USD,1.0,83.0
2026-05-09,EUR,1.08,90.0
2026-05-09,GBP,1.27,105.0
2026-05-09,AED,0.27,22.5
2026-05-09,SGD,0.74,61.5
2026-05-09,INR,0.012,1.0
2026-05-10,USD,1.0,83.0
2026-05-10,EUR,1.08,90.0
2026-05-10,GBP,1.27,105.0
2026-05-10,AED,0.27,22.5
2026-05-10,SGD,0.74,61.5
2026-05-10,INR,0.012,1.0
2026-05-11,USD,1.0,83.0
2026-05-11,EUR,1.08,90.0
2026-05-11,GBP,1.27,105.0
2026-05-11,AED,0.27,22.5
2026-05-11,SGD,0.74,61.5
2026-05-11,INR,0.012,1.0
2026-05-12,USD,1.0,83.0
2026-05-12,EUR,1.08,90.0
2026-05-12,GBP,1.27,105.0
2026-05-12,AED,0.27,22.5
2026-05-12,SGD,0.74,61.5
2026-05-12,INR,0.012,1.0
2026-05-13,USD,1.0,83.0
2026-05-13,EUR,1.08,90.0
2026-05-13,GBP,1.27,105.0
2026-05-13,AED,0.27,22.5
2026-05-13,SGD,0.74,61.5
2026-05-13,INR,0.012,1.0
2026-05-14,USD,1.0,83.0
2026-05-14,EUR,1.08,90.0
2026-05-14,GBP,1.27,105.0
2026-05-14,AED,0.27,22.5
2026-05-14,SGD,0.74,61.5
2026-05-14,INR,0.012,1.0
2026-05-15,USD,1.0,83.0
2026-05-15,EUR,1.08,90.0
2026-05-15,GBP,1.27,105.0
2026-05-15,AED,0.27,22.5
2026-05-15,SGD,0.74,61.5
2026-05-15,INR,0.012,1.0
2026-05-16,USD,1.0,83.0
2026-05-16,EUR,1.08,90.0
2026-05-16,GBP,1.27,105.0
2026-05-16,AED,0.27,22.5
2026-05-16,SGD,0.74,61.5
2026-05-16,INR,0.012,1.0
2026-05-17,USD,1.0,83.0
2026-05-17,EUR,1.08,90.0
2026-05-17,GBP,1.27,105.0
2026-05-17,AED,0.27,22.5
2026-05-17,SGD,0.74,61.5
2026-05-17,INR,0.012,1.0
2026-05-18,USD,1.0,83.0
2026-05-18,EUR,1.08,90.0
2026-05-18,GBP,1.27,105.0
2026-05-18,AED,0.27,22.5
2026-05-18,SGD,0.74,61.5
2026-05-18,INR,0.012,1.0
2026-05-19,USD,1.0,83.0
2026-05-19,EUR,1.08,90.0
2026-05-19,GBP,1.27,105.0
2026-05-19,AED,0.27,22.5
2026-05-19,SGD,0.74,61.5
2026-05-19,INR,0.012,1.0
2026-05-20,USD,1.0,83.0
2026-05-20,EUR,1.08,90.0
2026-05-20,GBP,1.27,105.0
2026-05-20,AED,0.27,22.5
2026-05-20,SGD,0.74,61.5
2026-05-20,INR,0.012,1.0
2026-05-21,USD,1.0,83.0
2026-05-21,EUR,1.08,90.0
2026-05-21,GBP,1.27,105.0
2026-05-21,AED,0.27,22.5
2026-05-21,SGD,0.74,61.5
2026-05-21,INR,0.012,1.0
2026-05-22,USD,1.0,83.0
2026-05-22,EUR,1.08,90.0
2026-05-22,GBP,1.27,105.0
2026-05-22,AED,0.27,22.5
2026-05-22,SGD,0.74,61.5
2026-05-22,INR,0.012,1.0
2026-05-23,USD,1.0,83.0
2026-05-23,EUR,1.08,90.0
2026-05-23,GBP,1.27,105.0
2026-05-23,AED,0.27,22.5
2026-05-23,SGD,0.74,61.5
2026-05-23,INR,0.012,1.0
2026-05-24,USD,1.0,83.0
2026-05-24,EUR,1.08,90.0
2026-05-24,GBP,1.27,105.0
2026-05-24,AED,0.27,22.5
2026-05-24,SGD,0.74,61.5
2026-05-24,INR,0.012,1.0
2026-05-25,USD,1.0,83.0
2026-05-25,EUR,1.08,90.0
2026-05-25,GBP,1.27,105.0
2026-05-25,AED,0.27,22.5
2026-05-25,SGD,0.74,61.5
2026-05-25,INR,0.012,1.0
2026-05-26,USD,1.0,83.0
2026-05-26,EUR,1.08,90.0
2026-05-26,GBP,1.27,105.0
2026-05-26,AED,0.27,22.5
2026-05-26,SGD,0.74,61.5
2026-05-26,INR,0.012,1.0
2026-05-27,USD,1.0,83.0
2026-05-27,EUR,1.08,90.0
2026-05-27,GBP,1.27,105.0
2026-05-27,AED,0.27,22.5
2026-05-27,SGD,0.74,61.5
2026-05-27,INR,0.012,1.0
2026-05-28,USD,1.0,83.0
2026-05-28,EUR,1.08,90.0
2026-05-28,GBP,1.27,105.0
2026-05-28,AED,0.27,22.5
2026-05-28,SGD,0.74,61.5
2026-05-28,INR,0.012,1.0
2026-05-29,USD,1.0,83.0
2026-05-29,EUR,1.08,90.0
2026-05-29,GBP,1.27,105.0
2026-05-29,AED,0.27,22.5
2026-05-29,SGD,0.74,61.5
2026-05-29,INR,0.012,1.0
2026-05-30,USD,1.0,83.0
2026-05-30,EUR,1.08,90.0
2026-05-30,GBP,1.27,105.0
2026-05-30,AED,0.27,22.5
2026-05-30,SGD,0.74,61.5
2026-05-30,INR,0.012,1.0
2026-05-31,USD,1.0,83.0
2026-05-31,EUR,1.08,90.0
2026-05-31,GBP,1.27,105.0
2026-05-31,AED,0.27,22.5
2026-05-31,SGD,0.74,61.5
2026-05-31,INR,0.012,1.0
2026-06-01,USD,1.0,83.0
2026-06-01,EUR,1.08,90.0
2026-06-01,GBP,1.27,105.0
2026-06-01,AED,0.27,22.5
2026-06-01,SGD,0.74,61.5
2026-06-01,INR,0.012,1.0
2026-06-02,USD,1.0,83.0
2026-06-02,EUR,1.08,90.0
2026-06-02,GBP,1.27,105.0
2026-06-02,AED,0.27,22.5
2026-06-02,SGD,0.74,61.5
2026-06-02,INR,0.012,1.0
2026-06-03,USD,1.0,83.0
2026-06-03,EUR,1.08,90.0
2026-06-03,GBP,1.27,105.0
2026-06-03,AED,0.27,22.5
2026-06-03,SGD,0.74,61.5
2026-06-03,INR,0.012,1.0
2026-06-04,USD,1.0,83.0
2026-06-04,EUR,1.08,90.0
2026-06-04,GBP,1.27,105.0
2026-06-04,AED,0.27,22.5
2026-06-04,SGD,0.74,61.5
2026-06-04,INR,0.012,1.0
2026-06-05,USD,1.0,83.0
2026-06-05,EUR,1.08,90.0
2026-06-05,GBP,1.27,105.0
2026-06-05,AED,0.27,22.5
2026-06-05,SGD,0.74,61.5
2026-06-05,INR,0.012,1.0
2026-06-06,USD,1.0,83.0
2026-06-06,EUR,1.08,90.0
2026-06-06,GBP,1.27,105.0
2026-06-06,AED,0.27,22.5
2026-06-06,SGD,0.74,61.5
2026-06-06,INR,0.012,1.0
2026-06-07,USD,1.0,83.0
2026-06-07,EUR,1.08,90.0
2026-06-07,GBP,1.27,105.0
2026-06-07,AED,0.27,22.5
2026-06-07,SGD,0.74,61.5
2026-06-07,INR,0.012,1.0
2026-06-08,USD,1.0,83.0
2026-06-08,EUR,1.08,90.0
2026-06-08,GBP,1.27,105.0
2026-06-08,AED,0.27,22.5
2026-06-08,SGD,0.74,61.5
2026-06-08,INR,0.012,1.0
2026-06-09,USD,1.0,83.0
2026-06-09,EUR,1.08,90.0
2026-06-09,GBP,1.27,105.0
2026-06-09,AED,0.27,22.5
2026-06-09,SGD,0.74,61.5
2026-06-09,INR,0.012,1.0
2026-06-10,USD,1.0,83.0
2026-06-10,EUR,1.08,90.0
2026-06-10,GBP,1.27,105.0
2026-06-10,AED,0.27,22.5
2026-06-10,SGD,0.74,61.5
2026-06-10,INR,0.012,1.0
2026-06-11,USD,1.0,83.0
2026-06-11,EUR,1.08,90.0
2026-06-11,GBP,1.27,105.0
2026-06-11,AED,0.27,22.5
2026-06-11,SGD,0.74,61.5
2026-06-11,INR,0.012,1.0
2026-06-12,USD,1.0,83.0
2026-06-12,EUR,1.08,90.0
2026-06-12,GBP,1.27,105.0
2026-06-12,AED,0.27,22.5
2026-06-12,SGD,0.74,61.5
2026-06-12,INR,0.012,1.0
2026-06-13,USD,1.0,83.0
2026-06-13,EUR,1.08,90.0
2026-06-13,GBP,1.27,105.0
2026-06-13,AED,0.27,22.5
2026-06-13,SGD,0.74,61.5
2026-06-13,INR,0.012,1.0
2026-06-14,USD,1.0,83.0
2026-06-14,EUR,1.08,90.0
2026-06-14,GBP,1.27,105.0
2026-06-14,AED,0.27,22.5
2026-06-14,SGD,0.74,61.5
2026-06-14,INR,0.012,1.0
2026-06-15,USD,1.0,83.0
2026-06-15,EUR,1.08,90.0
2026-06-15,GBP,1.27,105.0
2026-06-15,AED,0.27,22.5
2026-06-15,SGD,0.74,61.5
2026-06-15,INR,0.012,1.0
2026-06-16,USD,1.0,83.0
2026-06-16,EUR,1.08,90.0
2026-06-16,GBP,1.27,105.0
2026-06-16,AED,0.27,22.5
2026-06-16,SGD,0.74,61.5
2026-06-16,INR,0.012,1.0
2026-06-17,USD,1.0,83.0
2026-06-17,EUR,1.08,90.0
2026-06-17,GBP,1.27,105.0
2026-06-17,AED,0.27,22.5
2026-06-17,SGD,0.74,61.5
2026-06-17,INR,0.012,1.0
2026-06-18,USD,1.0,83.0
2026-06-18,EUR,1.08,90.0
2026-06-18,GBP,1.27,105.0
2026-06-18,AED,0.27,22.5
2026-06-18,SGD,0.74,61.5
2026-06-18,INR,0.012,1.0
2026-06-19,USD,1.0,83.0
2026-06-19,EUR,1.08,90.0
2026-06-19,GBP,1.27,105.0
2026-06-19,AED,0.27,22.5
2026-06-19,SGD,0.74,61.5
2026-06-19,INR,0.012,1.0
2026-06-20,USD,1.0,83.0
2026-06-20,EUR,1.08,90.0
2026-06-20,GBP,1.27,105.0
2026-06-20,AED,0.27,22.5
2026-06-20,SGD,0.74,61.5
2026-06-20,INR,0.012,1.0
2026-06-21,USD,1.0,83.0
2026-06-21,EUR,1.08,90.0
2026-06-21,GBP,1.27,105.0
2026-06-21,AED,0.27,22.5
2026-06-21,SGD,0.74,61.5
2026-06-21,INR,0.012,1.0
2026-06-22,USD,1.0,83.0
2026-06-22,EUR,1.08,90.0
2026-06-22,GBP,1.27,105.0
2026-06-22,AED,0.27,22.5
2026-06-22,SGD,0.74,61.5
2026-06-22,INR,0.012,1.0
2026-06-23,USD,1.0,83.0
2026-06-23,EUR,1.08,90.0
2026-06-23,GBP,1.27,105.0
2026-06-23,AED,0.27,22.5
2026-06-23,SGD,0.74,61.5
2026-06-23,INR,0.012,1.0
2026-06-24,USD,1.0,83.0
2026-06-24,EUR,1.08,90.0
2026-06-24,GBP,1.27,105.0
2026-06-24,AED,0.27,22.5
2026-06-24,SGD,0.74,61.5
2026-06-24,INR,0.012,1.0
2026-06-25,USD,1.0,83.0
2026-06-25,EUR,1.08,90.0
2026-06-25,GBP,1.27,105.0
2026-06-25,AED,0.27,22.5
2026-06-25,SGD,0.74,61.5
2026-06-25,INR,0.012,1.0
2026-06-26,USD,1.0,83.0
2026-06-26,EUR,1.08,90.0
2026-06-26,GBP,1.27,105.0
2026-06-26,AED,0.27,22.5
2026-06-26,SGD,0.74,61.5
2026-06-26,INR,0.012,1.0
2026-06-27,USD,1.0,83.0
2026-06-27,EUR,1.08,90.0
2026-06-27,GBP,1.27,105.0
2026-06-27,AED,0.27,22.5
2026-06-27,SGD,0.74,61.5
2026-06-27,INR,0.012,1.0
2026-06-28,USD,1.0,83.0
2026-06-28,EUR,1.08,90.0
2026-06-28,GBP,1.27,105.0
2026-06-28,AED,0.27,22.5
2026-06-28,SGD,0.74,61.5
2026-06-28,INR,0.012,1.0
2026-06-29,USD,1.0,83.0
2026-06-29,EUR,1.08,90.0
2026-06-29,GBP,1.27,105.0
2026-06-29,AED,0.27,22.5
2026-06-29,SGD,0.74,61.5
2026-06-29,INR,0.012,1.0
2026-06-30,USD,1.0,83.0
2026-06-30,EUR,1.08,90.0
2026-06-30,GBP,1.27,105.0
2026-06-30,AED,0.27,22.5
2026-06-30,SGD,0.74,61.5
2026-06-30,INR,0.012,1.0
2026-07-01,USD,1.0,83.0
2026-07-01,EUR,1.08,90.0
2026-07-01,GBP,1.27,105.0
2026-07-01,AED,0.27,22.5
2026-07-01,SGD,0.74,61.5
2026-07-01,INR,0.012,1.0
2026-07-02,USD,1.0,83.0
2026-07-02,EUR,1.08,90.0
2026-07-02,GBP,1.27,105.0
2026-07-02,AED,0.27,22.5
2026-07-02,SGD,0.74,61.5
2026-07-02,INR,0.012,1.0
2026-07-03,USD,1.0,83.0
2026-07-03,EUR,1.08,90.0
2026-07-03,GBP,1.27,105.0
2026-07-03,AED,0.27,22.5
2026-07-03,SGD,0.74,61.5
2026-07-03,INR,0.012,1.0
2026-07-04,USD,1.0,83.0
2026-07-04,EUR,1.08,90.0
2026-07-04,GBP,1.27,105.0
2026-07-04,AED,0.27,22.5
2026-07-04,SGD,0.74,61.5
2026-07-04,INR,0.012,1.0
2026-07-05,USD,1.0,83.0
2026-07-05,EUR,1.08,90.0
2026-07-05,GBP,1.27,105.0
2026-07-05,AED,0.27,22.5
2026-07-05,SGD,0.74,61.5
2026-07-05,INR,0.012,1.0
2026-07-06,USD,1.0,83.0
2026-07-06,EUR,1.08,90.0
2026-07-06,GBP,1.27,105.0
2026-07-06,AED,0.27,22.5
2026-07-06,SGD,0.74,61.5
2026-07-06,INR,0.012,1.0
2026-07-07,USD,1.0,83.0
2026-07-07,EUR,1.08,90.0
2026-07-07,GBP,1.27,105.0
2026-07-07,AED,0.27,22.5
2026-07-07,SGD,0.74,61.5
2026-07-07,INR,0.012,1.0
2026-07-08,USD,1.0,83.0
2026-07-08,EUR,1.08,90.0
2026-07-08,GBP,1.27,105.0
2026-07-08,AED,0.27,22.5
2026-07-08,SGD,0.74,61.5
2026-07-08,INR,0.012,1.0
2026-07-09,USD,1.0,83.0
2026-07-09,EUR,1.08,90.0
2026-07-09,GBP,1.27,105.0
2026-07-09,AED,0.27,22.5
2026-07-09,SGD,0.74,61.5
2026-07-09,INR,0.012,1.0
2026-07-10,USD,1.0,83.0
2026-07-10,EUR,1.08,90.0
2026-07-10,GBP,1.27,105.0
2026-07-10,AED,0.27,22.5
2026-07-10,SGD,0.74,61.5
2026-07-10,INR,0.012,1.0
2026-07-11,USD,1.0,83.0
2026-07-11,EUR,1.08,90.0
2026-07-11,GBP,1.27,105.0
2026-07-11,AED,0.27,22.5
2026-07-11,SGD,0.74,61.5
2026-07-11,INR,0.012,1.0
2026-07-12,USD,1.0,83.0
2026-07-12,EUR,1.08,90.0
2026-07-12,GBP,1.27,105.0
2026-07-12,AED,0.27,22.5
2026-07-12,SGD,0.74,61.5
2026-07-12,INR,0.012,1.0
2026-07-13,USD,1.0,83.0
2026-07-13,EUR,1.08,90.0
2026-07-13,GBP,1.27,105.0
2026-07-13,AED,0.27,22.5
2026-07-13,SGD,0.74,61.5
2026-07-13,INR,0.012,1.0
2026-07-14,USD,1.0,83.0
2026-07-14,EUR,1.08,90.0
2026-07-14,GBP,1.27,105.0
2026-07-14,AED,0.27,22.5
2026-07-14,SGD,0.74,61.5
2026-07-14,INR,0.012,1.0
2026-07-15,USD,1.0,83.0
2026-07-15,EUR,1.08,90.0
2026-07-15,GBP,1.27,105.0
2026-07-15,AED,0.27,22.5
2026-07-15,SGD,0.74,61.5
2026-07-15,INR,0.012,1.0
2026-07-16,USD,1.0,83.0
2026-07-16,EUR,1.08,90.0
2026-07-16,GBP,1.27,105.0
2026-07-16,AED,0.27,22.5
2026-07-16,SGD,0.74,61.5
2026-07-16,INR,0.012,1.0
2026-07-17,USD,1.0,83.0
2026-07-17,EUR,1.08,90.0
2026-07-17,GBP,1.27,105.0
2026-07-17,AED,0.27,22.5
2026-07-17,SGD,0.74,61.5
2026-07-17,INR,0.012,1.0
2026-07-18,USD,1.0,83.0
2026-07-18,EUR,1.08,90.0
2026-07-18,GBP,1.27,105.0
2026-07-18,AED,0.27,22.5
2026-07-18,SGD,0.74,61.5
2026-07-18,INR,0.012,1.0
2026-07-19,USD,1.0,83.0
2026-07-19,EUR,1.08,90.0
2026-07-19,GBP,1.27,105.0
2026-07-19,AED,0.27,22.5
2026-07-19,SGD,0.74,61.5
2026-07-19,INR,0.012,1.0
2026-07-20,USD,1.0,83.0
2026-07-20,EUR,1.08,90.0
2026-07-20,GBP,1.27,105.0
2026-07-20,AED,0.27,22.5
2026-07-20,SGD,0.74,61.5
2026-07-20,INR,0.012,1.0
2026-07-21,USD,1.0,83.0
2026-07-21,EUR,1.08,90.0
2026-07-21,GBP,1.27,105.0
2026-07-21,AED,0.27,22.5
2026-07-21,SGD,0.74,61.5
2026-07-21,INR,0.012,1.0
2026-07-22,USD,1.0,83.0
2026-07-22,EUR,1.08,90.0
2026-07-22,GBP,1.27,105.0
2026-07-22,AED,0.27,22.5
2026-07-22,SGD,0.74,61.5
2026-07-22,INR,0.012,1.0
2026-07-23,USD,1.0,83.0
2026-07-23,EUR,1.08,90.0
2026-07-23,GBP,1.27,105.0
2026-07-23,AED,0.27,22.5
2026-07-23,SGD,0.74,61.5
2026-07-23,INR,0.012,1.0
2026-07-24,USD,1.0,83.0
2026-07-24,EUR,1.08,90.0
2026-07-24,GBP,1.27,105.0
2026-07-24,AED,0.27,22.5
2026-07-24,SGD,0.74,61.5
2026-07-24,INR,0.012,1.0
2026-07-25,USD,1.0,83.0
2026-07-25,EUR,1.08,90.0
2026-07-25,GBP,1.27,105.0
2026-07-25,AED,0.27,22.5
2026-07-25,SGD,0.74,61.5
2026-07-25,INR,0.012,1.0
2026-07-26,USD,1.0,83.0
2026-07-26,EUR,1.08,90.0
2026-07-26,GBP,1.27,105.0
2026-07-26,AED,0.27,22.5
2026-07-26,SGD,0.74,61.5
2026-07-26,INR,0.012,1.0
2026-07-27,USD,1.0,83.0
2026-07-27,EUR,1.08,90.0
2026-07-27,GBP,1.27,105.0
2026-07-27,AED,0.27,22.5
2026-07-27,SGD,0.74,61.5
2026-07-27,INR,0.012,1.0
2026-07-28,USD,1.0,83.0
2026-07-28,EUR,1.08,90.0
2026-07-28,GBP,1.27,105.0
2026-07-28,AED,0.27,22.5
2026-07-28,SGD,0.74,61.5
2026-07-28,INR,0.012,1.0
2026-07-29,USD,1.0,83.0
2026-07-29,EUR,1.08,90.0
2026-07-29,GBP,1.27,105.0
2026-07-29,AED,0.27,22.5
2026-07-29,SGD,0.74,61.5
2026-07-29,INR,0.012,1.0
2026-07-30,USD,1.0,83.0
2026-07-30,EUR,1.08,90.0
2026-07-30,GBP,1.27,105.0
2026-07-30,AED,0.27,22.5
2026-07-30,SGD,0.74,61.5
2026-07-30,INR,0.012,1.0
2026-07-31,USD,1.0,83.0
2026-07-31,EUR,1.08,90.0
2026-07-31,GBP,1.27,105.0
2026-07-31,AED,0.27,22.5
2026-07-31,SGD,0.74,61.5
2026-07-31,INR,0.012,1.0
2026-08-01,USD,1.0,83.0
2026-08-01,EUR,1.08,90.0
2026-08-01,GBP,1.27,105.0
2026-08-01,AED,0.27,22.5
2026-08-01,SGD,0.74,61.5
2026-08-01,INR,0.012,1.0
2026-08-02,USD,1.0,83.0
2026-08-02,EUR,1.08,90.0
2026-08-02,GBP,1.27,105.0
2026-08-02,AED,0.27,22.5
2026-08-02,SGD,0.74,61.5
2026-08-02,INR,0.012,1.0
2026-08-03,USD,1.0,83.0
2026-08-03,EUR,1.08,90.0
2026-08-03,GBP,1.27,105.0
2026-08-03,AED,0.27,22.5
2026-08-03,SGD,0.74,61.5
2026-08-03,INR,0.012,1.0
2026-08-04,USD,1.0,83.0
2026-08-04,EUR,1.08,90.0
2026-08-04,GBP,1.27,105.0
2026-08-04,AED,0.27,22.5
2026-08-04,SGD,0.74,61.5
2026-08-04,INR,0.012,1.0
2026-08-05,USD,1.0,83.0
2026-08-05,EUR,1.08,90.0
2026-08-05,GBP,1.27,105.0
2026-08-05,AED,0.27,22.5
2026-08-05,SGD,0.74,61.5
2026-08-05,INR,0.012,1.0
2026-08-06,USD,1.0,83.0
2026-08-06,EUR,1.08,90.0
2026-08-06,GBP,1.27,105.0
2026-08-06,AED,0.27,22.5
2026-08-06,SGD,0.74,61.5
2026-08-06,INR,0.012,1.0
2026-08-07,USD,1.0,83.0
2026-08-07,EUR,1.08,90.0
2026-08-07,GBP,1.27,105.0
2026-08-07,AED,0.27,22.5
2026-08-07,SGD,0.74,61.5
2026-08-07,INR,0.012,1.0
2026-08-08,USD,1.0,83.0
2026-08-08,EUR,1.08,90.0
2026-08-08,GBP,1.27,105.0
2026-08-08,AED,0.27,22.5
2026-08-08,SGD,0.74,61.5
2026-08-08,INR,0.012,1.0
2026-08-09,USD,1.0,83.0
2026-08-09,EUR,1.08,90.0
2026-08-09,GBP,1.27,105.0
2026-08-09,AED,0.27,22.5
2026-08-09,SGD,0.74,61.5
2026-08-09,INR,0.012,1.0
2026-08-10,USD,1.0,83.0
2026-08-10,EUR,1.08,90.0
2026-08-10,GBP,1.27,105.0
2026-08-10,AED,0.27,22.5
2026-08-10,SGD,0.74,61.5
2026-08-10,INR,0.012,1.0
2026-08-11,USD,1.0,83.0
2026-08-11,EUR,1.08,90.0
2026-08-11,GBP,1.27,105.0
2026-08-11,AED,0.27,22.5
2026-08-11,SGD,0.74,61.5
2026-08-11,INR,0.012,1.0
2026-08-12,USD,1.0,83.0
2026-08-12,EUR,1.08,90.0
2026-08-12,GBP,1.27,105.0
2026-08-12,AED,0.27,22.5
2026-08-12,SGD,0.74,61.5
2026-08-12,INR,0.012,1.0
2026-08-13,USD,1.0,83.0
2026-08-13,EUR,1.08,90.0
2026-08-13,GBP,1.27,105.0
2026-08-13,AED,0.27,22.5
2026-08-13,SGD,0.74,61.5
2026-08-13,INR,0.012,1.0
2026-08-14,USD,1.0,83.0
2026-08-14,EUR,1.08,90.0
2026-08-14,GBP,1.27,105.0
2026-08-14,AED,0.27,22.5
2026-08-14,SGD,0.74,61.5
2026-08-14,INR,0.012,1.0
2026-08-15,USD,1.0,83.0
2026-08-15,EUR,1.08,90.0
2026-08-15,GBP,1.27,105.0
2026-08-15,AED,0.27,22.5
2026-08-15,SGD,0.74,61.5
2026-08-15,INR,0.012,1.0
2026-08-16,USD,1.0,83.0
2026-08-16,EUR,1.08,90.0
2026-08-16,GBP,1.27,105.0
2026-08-16,AED,0.27,22.5
2026-08-16,SGD,0.74,61.5
2026-08-16,INR,0.012,1.0
2026-08-17,USD,1.0,83.0
2026-08-17,EUR,1.08,90.0
2026-08-17,GBP,1.27,105.0
2026-08-17,AED,0.27,22.5
2026-08-17,SGD,0.74,61.5
2026-08-17,INR,0.012,1.0
2026-08-18,USD,1.0,83.0
2026-08-18,EUR,1.08,90.0
2026-08-18,GBP,1.27,105.0
2026-08-18,AED,0.27,22.5
2026-08-18,SGD,0.74,61.5
2026-08-18,INR,0.012,1.0
2026-08-19,USD,1.0,83.0
2026-08-19,EUR,1.08,90.0
2026-08-19,GBP,1.27,105.0
2026-08-19,AED,0.27,22.5
2026-08-19,SGD,0.74,61.5
2026-08-19,INR,0.012,1.0
2026-08-20,USD,1.0,83.0
2026-08-20,EUR,1.08,90.0
2026-08-20,GBP,1.27,105.0
2026-08-20,AED,0.27,22.5
2026-08-20,SGD,0.74,61.5
2026-08-20,INR,0.012,1.0
2026-08-21,USD,1.0,83.0
2026-08-21,EUR,1.08,90.0
2026-08-21,GBP,1.27,105.0
2026-08-21,AED,0.27,22.5
2026-08-21,SGD,0.74,61.5
2026-08-21,INR,0.012,1.0
2026-08-22,USD,1.0,83.0
2026-08-22,EUR,1.08,90.0
2026-08-22,GBP,1.27,105.0
2026-08-22,AED,0.27,22.5
2026-08-22,SGD,0.74,61.5
2026-08-22,INR,0.012,1.0
2026-08-23,USD,1.0,83.0
2026-08-23,EUR,1.08,90.0
2026-08-23,GBP,1.27,105.0
2026-08-23,AED,0.27,22.5
2026-08-23,SGD,0.74,61.5
2026-08-23,INR,0.012,1.0
2026-08-24,USD,1.0,83.0
2026-08-24,EUR,1.08,90.0
2026-08-24,GBP,1.27,105.0
2026-08-24,AED,0.27,22.5
2026-08-24,SGD,0.74,61.5
2026-08-24,INR,0.012,1.0
2026-08-25,USD,1.0,83.0
2026-08-25,EUR,1.08,90.0
2026-08-25,GBP,1.27,105.0
2026-08-25,AED,0.27,22.5
2026-08-25,SGD,0.74,61.5
2026-08-25,INR,0.012,1.0
2026-08-26,USD,1.0,83.0
2026-08-26,EUR,1.08,90.0
2026-08-26,GBP,1.27,105.0
2026-08-26,AED,0.27,22.5
2026-08-26,SGD,0.74,61.5
2026-08-26,INR,0.012,1.0
2026-08-27,USD,1.0,83.0
2026-08-27,EUR,1.08,90.0
2026-08-27,GBP,1.27,105.0
2026-08-27,AED,0.27,22.5
2026-08-27,SGD,0.74,61.5
2026-08-27,INR,0.012,1.0
2026-08-28,USD,1.0,83.0
2026-08-28,EUR,1.08,90.0
2026-08-28,GBP,1.27,105.0
2026-08-28,AED,0.27,22.5
2026-08-28,SGD,0.74,61.5
2026-08-28,INR,0.012,1.0
2026-08-29,USD,1.0,83.0
2026-08-29,EUR,1.08,90.0
2026-08-29,GBP,1.27,105.0
2026-08-29,AED,0.27,22.5
2026-08-29,SGD,0.74,61.5
2026-08-29,INR,0.012,1.0
2026-08-30,USD,1.0,83.0
2026-08-30,EUR,1.08,90.0
2026-08-30,GBP,1.27,105.0
2026-08-30,AED,0.27,22.5
2026-08-30,SGD,0.74,61.5
2026-08-30,INR,0.012,1.0
2026-08-31,USD,1.0,83.0
2026-08-31,EUR,1.08,90.0
2026-08-31,GBP,1.27,105.0
2026-08-31,AED,0.27,22.5
2026-08-31,SGD,0.74,61.5
2026-08-31,INR,0.012,1.0
2026-09-01,USD,1.0,83.0
2026-09-01,EUR,1.08,90.0
2026-09-01,GBP,1.27,105.0
2026-09-01,AED,0.27,22.5
2026-09-01,SGD,0.74,61.5
2026-09-01,INR,0.012,1.0
2026-09-02,USD,1.0,83.0
2026-09-02,EUR,1.08,90.0
2026-09-02,GBP,1.27,105.0
2026-09-02,AED,0.27,22.5
2026-09-02,SGD,0.74,61.5
2026-09-02,INR,0.012,1.0
2026-09-03,USD,1.0,83.0
2026-09-03,EUR,1.08,90.0
2026-09-03,GBP,1.27,105.0
2026-09-03,AED,0.27,22.5
2026-09-03,SGD,0.74,61.5
2026-09-03,INR,0.012,1.0
2026-09-04,USD,1.0,83.0
2026-09-04,EUR,1.08,90.0
2026-09-04,GBP,1.27,105.0
2026-09-04,AED,0.27,22.5
2026-09-04,SGD,0.74,61.5
2026-09-04,INR,0.012,1.0
2026-09-05,USD,1.0,83.0
2026-09-05,EUR,1.08,90.0
2026-09-05,GBP,1.27,105.0
2026-09-05,AED,0.27,22.5
2026-09-05,SGD,0.74,61.5
2026-09-05,INR,0.012,1.0
2026-09-06,USD,1.0,83.0
2026-09-06,EUR,1.08,90.0
2026-09-06,GBP,1.27,105.0
2026-09-06,AED,0.27,22.5
2026-09-06,SGD,0.74,61.5
2026-09-06,INR,0.012,1.0
2026-09-07,USD,1.0,83.0
2026-09-07,EUR,1.08,90.0
2026-09-07,GBP,1.27,105.0
2026-09-07,AED,0.27,22.5
2026-09-07,SGD,0.74,61.5
2026-09-07,INR,0.012,1.0
2026-09-08,USD,1.0,83.0
2026-09-08,EUR,1.08,90.0
2026-09-08,GBP,1.27,105.0
2026-09-08,AED,0.27,22.5
2026-09-08,SGD,0.74,61.5
2026-09-08,INR,0.012,1.0
2026-09-09,USD,1.0,83.0
2026-09-09,EUR,1.08,90.0
2026-09-09,GBP,1.27,105.0
2026-09-09,AED,0.27,22.5
2026-09-09,SGD,0.74,61.5
2026-09-09,INR,0.012,1.0
2026-09-10,USD,1.0,83.0
2026-09-10,EUR,1.08,90.0
2026-09-10,GBP,1.27,105.0
2026-09-10,AED,0.27,22.5
2026-09-10,SGD,0.74,61.5
2026-09-10,INR,0.012,1.0
2026-09-11,USD,1.0,83.0
2026-09-11,EUR,1.08,90.0
2026-09-11,GBP,1.27,105.0
2026-09-11,AED,0.27,22.5
2026-09-11,SGD,0.74,61.5
2026-09-11,INR,0.012,1.0
2026-09-12,USD,1.0,83.0
2026-09-12,EUR,1.08,90.0
2026-09-12,GBP,1.27,105.0
2026-09-12,AED,0.27,22.5
2026-09-12,SGD,0.74,61.5
2026-09-12,INR,0.012,1.0
2026-09-13,USD,1.0,83.0
2026-09-13,EUR,1.08,90.0
2026-09-13,GBP,1.27,105.0
2026-09-13,AED,0.27,22.5
2026-09-13,SGD,0.74,61.5
2026-09-13,INR,0.012,1.0
2026-09-14,USD,1.0,83.0
2026-09-14,EUR,1.08,90.0
2026-09-14,GBP,1.27,105.0
2026-09-14,AED,0.27,22.5
2026-09-14,SGD,0.74,61.5
2026-09-14,INR,0.012,1.0
2026-09-15,USD,1.0,83.0
2026-09-15,EUR,1.08,90.0
2026-09-15,GBP,1.27,105.0
2026-09-15,AED,0.27,22.5
2026-09-15,SGD,0.74,61.5
2026-09-15,INR,0.012,1.0
2026-09-16,USD,1.0,83.0
2026-09-16,EUR,1.08,90.0
2026-09-16,GBP,1.27,105.0
2026-09-16,AED,0.27,22.5
2026-09-16,SGD,0.74,61.5
2026-09-16,INR,0.012,1.0
2026-09-17,USD,1.0,83.0
2026-09-17,EUR,1.08,90.0
2026-09-17,GBP,1.27,105.0
2026-09-17,AED,0.27,22.5
2026-09-17,SGD,0.74,61.5
2026-09-17,INR,0.012,1.0
2026-09-18,USD,1.0,83.0
2026-09-18,EUR,1.08,90.0
2026-09-18,GBP,1.27,105.0
2026-09-18,AED,0.27,22.5
2026-09-18,SGD,0.74,61.5
2026-09-18,INR,0.012,1.0
2026-09-19,USD,1.0,83.0
2026-09-19,EUR,1.08,90.0
2026-09-19,GBP,1.27,105.0
2026-09-19,AED,0.27,22.5
2026-09-19,SGD,0.74,61.5
2026-09-19,INR,0.012,1.0
2026-09-20,USD,1.0,83.0
2026-09-20,EUR,1.08,90.0
2026-09-20,GBP,1.27,105.0
2026-09-20,AED,0.27,22.5
2026-09-20,SGD,0.74,61.5
2026-09-20,INR,0.012,1.0
2026-09-21,USD,1.0,83.0
2026-09-21,EUR,1.08,90.0
2026-09-21,GBP,1.27,105.0
2026-09-21,AED,0.27,22.5
2026-09-21,SGD,0.74,61.5
2026-09-21,INR,0.012,1.0
2026-09-22,USD,1.0,83.0
2026-09-22,EUR,1.08,90.0
2026-09-22,GBP,1.27,105.0
2026-09-22,AED,0.27,22.5
2026-09-22,SGD,0.74,61.5
2026-09-22,INR,0.012,1.0
2026-09-23,USD,1.0,83.0
2026-09-23,EUR,1.08,90.0
2026-09-23,GBP,1.27,105.0
2026-09-23,AED,0.27,22.5
2026-09-23,SGD,0.74,61.5
2026-09-23,INR,0.012,1.0
2026-09-24,USD,1.0,83.0
2026-09-24,EUR,1.08,90.0
2026-09-24,GBP,1.27,105.0
2026-09-24,AED,0.27,22.5
2026-09-24,SGD,0.74,61.5
2026-09-24,INR,0.012,1.0
2026-09-25,USD,1.0,83.0
2026-09-25,EUR,1.08,90.0
2026-09-25,GBP,1.27,105.0
2026-09-25,AED,0.27,22.5
2026-09-25,SGD,0.74,61.5
2026-09-25,INR,0.012,1.0
2026-09-26,USD,1.0,83.0
2026-09-26,EUR,1.08,90.0
2026-09-26,GBP,1.27,105.0
2026-09-26,AED,0.27,22.5
2026-09-26,SGD,0.74,61.5
2026-09-26,INR,0.012,1.0
2026-09-27,USD,1.0,83.0
2026-09-27,EUR,1.08,90.0
2026-09-27,GBP,1.27,105.0
2026-09-27,AED,0.27,22.5
2026-09-27,SGD,0.74,61.5
2026-09-27,INR,0.012,1.0
2026-09-28,USD,1.0,83.0
2026-09-28,EUR,1.08,90.0
2026-09-28,GBP,1.27,105.0
2026-09-28,AED,0.27,22.5
2026-09-28,SGD,0.74,61.5
2026-09-28,INR,0.012,1.0
2026-09-29,USD,1.0,83.0
2026-09-29,EUR,1.08,90.0
2026-09-29,GBP,1.27,105.0
2026-09-29,AED,0.27,22.5
2026-09-29,SGD,0.74,61.5
2026-09-29,INR,0.012,1.0
2026-09-30,USD,1.0,83.0
2026-09-30,EUR,1.08,90.0
2026-09-30,GBP,1.27,105.0
2026-09-30,AED,0.27,22.5
2026-09-30,SGD,0.74,61.5
2026-09-30,INR,0.012,1.0
2026-10-01,USD,1.0,83.0
2026-10-01,EUR,1.08,90.0
2026-10-01,GBP,1.27,105.0
2026-10-01,AED,0.27,22.5
2026-10-01,SGD,0.74,61.5
2026-10-01,INR,0.012,1.0
2026-10-02,USD,1.0,83.0
2026-10-02,EUR,1.08,90.0
2026-10-02,GBP,1.27,105.0
2026-10-02,AED,0.27,22.5
2026-10-02,SGD,0.74,61.5
2026-10-02,INR,0.012,1.0
2026-10-03,USD,1.0,83.0
2026-10-03,EUR,1.08,90.0
2026-10-03,GBP,1.27,105.0
2026-10-03,AED,0.27,22.5
2026-10-03,SGD,0.74,61.5
2026-10-03,INR,0.012,1.0
2026-10-04,USD,1.0,83.0
2026-10-04,EUR,1.08,90.0
2026-10-04,GBP,1.27,105.0
2026-10-04,AED,0.27,22.5
2026-10-04,SGD,0.74,61.5
2026-10-04,INR,0.012,1.0
2026-10-05,USD,1.0,83.0
2026-10-05,EUR,1.08,90.0
2026-10-05,GBP,1.27,105.0
2026-10-05,AED,0.27,22.5
2026-10-05,SGD,0.74,61.5
2026-10-05,INR,0.012,1.0
2026-10-06,USD,1.0,83.0
2026-10-06,EUR,1.08,90.0
2026-10-06,GBP,1.27,105.0
2026-10-06,AED,0.27,22.5
2026-10-06,SGD,0.74,61.5
2026-10-06,INR,0.012,1.0
2026-10-07,USD,1.0,83.0
2026-10-07,EUR,1.08,90.0
2026-10-07,GBP,1.27,105.0
2026-10-07,AED,0.27,22.5
2026-10-07,SGD,0.74,61.5
2026-10-07,INR,0.012,1.0
2026-10-08,USD,1.0,83.0
2026-10-08,EUR,1.08,90.0
2026-10-08,GBP,1.27,105.0
2026-10-08,AED,0.27,22.5
2026-10-08,SGD,0.74,61.5
2026-10-08,INR,0.012,1.0
2026-10-09,USD,1.0,83.0
2026-10-09,EUR,1.08,90.0
2026-10-09,GBP,1.27,105.0
2026-10-09,AED,0.27,22.5
2026-10-09,SGD,0.74,61.5
2026-10-09,INR,0.012,1.0
2026-10-10,USD,1.0,83.0
2026-10-10,EUR,1.08,90.0
2026-10-10,GBP,1.27,105.0
2026-10-10,AED,0.27,22.5
2026-10-10,SGD,0.74,61.5
2026-10-10,INR,0.012,1.0
2026-10-11,USD,1.0,83.0
2026-10-11,EUR,1.08,90.0
2026-10-11,GBP,1.27,105.0
2026-10-11,AED,0.27,22.5
2026-10-11,SGD,0.74,61.5
2026-10-11,INR,0.012,1.0
2026-10-12,USD,1.0,83.0
2026-10-12,EUR,1.08,90.0
2026-10-12,GBP,1.27,105.0
2026-10-12,AED,0.27,22.5
2026-10-12,SGD,0.74,61.5
2026-10-12,INR,0.012,1.0
2026-10-13,USD,1.0,83.0
2026-10-13,EUR,1.08,90.0
2026-10-13,GBP,1.27,105.0
2026-10-13,AED,0.27,22.5
2026-10-13,SGD,0.74,61.5
2026-10-13,INR,0.012,1.0
2026-10-14,USD,1.0,83.0
2026-10-14,EUR,1.08,90.0
2026-10-14,GBP,1.27,105.0
2026-10-14,AED,0.27,22.5
2026-10-14,SGD,0.74,61.5
2026-10-14,INR,0.012,1.0
2026-10-15,USD,1.0,83.0
2026-10-15,EUR,1.08,90.0
2026-10-15,GBP,1.27,105.0
2026-10-15,AED,0.27,22.5
2026-10-15,SGD,0.74,61.5
2026-10-15,INR,0.012,1.0
2026-10-16,USD,1.0,83.0
2026-10-16,EUR,1.08,90.0
2026-10-16,GBP,1.27,105.0
2026-10-16,AED,0.27,22.5
2026-10-16,SGD,0.74,61.5
2026-10-16,INR,0.012,1.0
2026-10-17,USD,1.0,83.0
2026-10-17,EUR,1.08,90.0
2026-10-17,GBP,1.27,105.0
2026-10-17,AED,0.27,22.5
2026-10-17,SGD,0.74,61.5
2026-10-17,INR,0.012,1.0
2026-10-18,USD,1.0,83.0
2026-10-18,EUR,1.08,90.0
2026-10-18,GBP,1.27,105.0
2026-10-18,AED,0.27,22.5
2026-10-18,SGD,0.74,61.5
2026-10-18,INR,0.012,1.0
2026-10-19,USD,1.0,83.0
2026-10-19,EUR,1.08,90.0
2026-10-19,GBP,1.27,105.0
2026-10-19,AED,0.27,22.5
2026-10-19,SGD,0.74,61.5
2026-10-19,INR,0.012,1.0
2026-10-20,USD,1.0,83.0
2026-10-20,EUR,1.08,90.0
2026-10-20,GBP,1.27,105.0
2026-10-20,AED,0.27,22.5
2026-10-20,SGD,0.74,61.5
2026-10-20,INR,0.012,1.0
2026-10-21,USD,1.0,83.0
2026-10-21,EUR,1.08,90.0
2026-10-21,GBP,1.27,105.0
2026-10-21,AED,0.27,22.5
2026-10-21,SGD,0.74,61.5
2026-10-21,INR,0.012,1.0
2026-10-22,USD,1.0,83.0
2026-10-22,EUR,1.08,90.0
2026-10-22,GBP,1.27,105.0
2026-10-22,AED,0.27,22.5
2026-10-22,SGD,0.74,61.5
2026-10-22,INR,0.012,1.0
2026-10-23,USD,1.0,83.0
2026-10-23,EUR,1.08,90.0
2026-10-23,GBP,1.27,105.0
2026-10-23,AED,0.27,22.5
2026-10-23,SGD,0.74,61.5
2026-10-23,INR,0.012,1.0
2026-10-24,USD,1.0,83.0
2026-10-24,EUR,1.08,90.0
2026-10-24,GBP,1.27,105.0
2026-10-24,AED,0.27,22.5
2026-10-24,SGD,0.74,61.5
2026-10-24,INR,0.012,1.0
2026-10-25,USD,1.0,83.0
2026-10-25,EUR,1.08,90.0
2026-10-25,GBP,1.27,105.0
2026-10-25,AED,0.27,22.5
2026-10-25,SGD,0.74,61.5
2026-10-25,INR,0.012,1.0
2026-10-26,USD,1.0,83.0
2026-10-26,EUR,1.08,90.0
2026-10-26,GBP,1.27,105.0
2026-10-26,AED,0.27,22.5
2026-10-26,SGD,0.74,61.5
2026-10-26,INR,0.012,1.0
2026-10-27,USD,1.0,83.0
2026-10-27,EUR,1.08,90.0
2026-10-27,GBP,1.27,105.0
2026-10-27,AED,0.27,22.5
2026-10-27,SGD,0.74,61.5
2026-10-27,INR,0.012,1.0
2026-10-28,USD,1.0,83.0
2026-10-28,EUR,1.08,90.0
2026-10-28,GBP,1.27,105.0
2026-10-28,AED,0.27,22.5
2026-10-28,SGD,0.74,61.5
2026-10-28,INR,0.012,1.0
2026-10-29,USD,1.0,83.0
2026-10-29,EUR,1.08,90.0
2026-10-29,GBP,1.27,105.0
2026-10-29,AED,0.27,22.5
2026-10-29,SGD,0.74,61.5
2026-10-29,INR,0.012,1.0
2026-10-30,USD,1.0,83.0
2026-10-30,EUR,1.08,90.0
2026-10-30,GBP,1.27,105.0
2026-10-30,AED,0.27,22.5
2026-10-30,SGD,0.74,61.5
2026-10-30,INR,0.012,1.0
2026-10-31,USD,1.0,83.0
2026-10-31,EUR,1.08,90.0
2026-10-31,GBP,1.27,105.0
2026-10-31,AED,0.27,22.5
2026-10-31,SGD,0.74,61.5
2026-10-31,INR,0.012,1.0
2026-11-01,USD,1.0,83.0
2026-11-01,EUR,1.08,90.0
2026-11-01,GBP,1.27,105.0
2026-11-01,AED,0.27,22.5
2026-11-01,SGD,0.74,61.5
2026-11-01,INR,0.012,1.0
2026-11-02,USD,1.0,83.0
2026-11-02,EUR,1.08,90.0
2026-11-02,GBP,1.27,105.0
2026-11-02,AED,0.27,22.5
2026-11-02,SGD,0.74,61.5
2026-11-02,INR,0.012,1.0
2026-11-03,USD,1.0,83.0
2026-11-03,EUR,1.08,90.0
2026-11-03,GBP,1.27,105.0
2026-11-03,AED,0.27,22.5
2026-11-03,SGD,0.74,61.5
2026-11-03,INR,0.012,1.0
2026-11-04,USD,1.0,83.0
2026-11-04,EUR,1.08,90.0
2026-11-04,GBP,1.27,105.0
2026-11-04,AED,0.27,22.5
2026-11-04,SGD,0.74,61.5
2026-11-04,INR,0.012,1.0
2026-11-05,USD,1.0,83.0
2026-11-05,EUR,1.08,90.0
2026-11-05,GBP,1.27,105.0
2026-11-05,AED,0.27,22.5
2026-11-05,SGD,0.74,61.5
2026-11-05,INR,0.012,1.0
2026-11-06,USD,1.0,83.0
2026-11-06,EUR,1.08,90.0
2026-11-06,GBP,1.27,105.0
2026-11-06,AED,0.27,22.5
2026-11-06,SGD,0.74,61.5
2026-11-06,INR,0.012,1.0
2026-11-07,USD,1.0,83.0
2026-11-07,EUR,1.08,90.0
2026-11-07,GBP,1.27,105.0
2026-11-07,AED,0.27,22.5
2026-11-07,SGD,0.74,61.5
2026-11-07,INR,0.012,1.0
2026-11-08,USD,1.0,83.0
2026-11-08,EUR,1.08,90.0
2026-11-08,GBP,1.27,105.0
2026-11-08,AED,0.27,22.5
2026-11-08,SGD,0.74,61.5
2026-11-08,INR,0.012,1.0
2026-11-09,USD,1.0,83.0
2026-11-09,EUR,1.08,90.0
2026-11-09,GBP,1.27,105.0
2026-11-09,AED,0.27,22.5
2026-11-09,SGD,0.74,61.5
2026-11-09,INR,0.012,1.0
2026-11-10,USD,1.0,83.0
2026-11-10,EUR,1.08,90.0
2026-11-10,GBP,1.27,105.0
2026-11-10,AED,0.27,22.5
2026-11-10,SGD,0.74,61.5
2026-11-10,INR,0.012,1.0
2026-11-11,USD,1.0,83.0
2026-11-11,EUR,1.08,90.0
2026-11-11,GBP,1.27,105.0
2026-11-11,AED,0.27,22.5
2026-11-11,SGD,0.74,61.5
2026-11-11,INR,0.012,1.0
2026-11-12,USD,1.0,83.0
2026-11-12,EUR,1.08,90.0
2026-11-12,GBP,1.27,105.0
2026-11-12,AED,0.27,22.5
2026-11-12,SGD,0.74,61.5
2026-11-12,INR,0.012,1.0
2026-11-13,USD,1.0,83.0
2026-11-13,EUR,1.08,90.0
2026-11-13,GBP,1.27,105.0
2026-11-13,AED,0.27,22.5
2026-11-13,SGD,0.74,61.5
2026-11-13,INR,0.012,1.0
2026-11-14,USD,1.0,83.0
2026-11-14,EUR,1.08,90.0
2026-11-14,GBP,1.27,105.0
2026-11-14,AED,0.27,22.5
2026-11-14,SGD,0.74,61.5
2026-11-14,INR,0.012,1.0
2026-11-15,USD,1.0,83.0
2026-11-15,EUR,1.08,90.0
2026-11-15,GBP,1.27,105.0
2026-11-15,AED,0.27,22.5
2026-11-15,SGD,0.74,61.5
2026-11-15,INR,0.012,1.0
2026-11-16,USD,1.0,83.0
2026-11-16,EUR,1.08,90.0
2026-11-16,GBP,1.27,105.0
2026-11-16,AED,0.27,22.5
2026-11-16,SGD,0.74,61.5
2026-11-16,INR,0.012,1.0
2026-11-17,USD,1.0,83.0
2026-11-17,EUR,1.08,90.0
2026-11-17,GBP,1.27,105.0
2026-11-17,AED,0.27,22.5
2026-11-17,SGD,0.74,61.5
2026-11-17,INR,0.012,1.0
2026-11-18,USD,1.0,83.0
2026-11-18,EUR,1.08,90.0
2026-11-18,GBP,1.27,105.0
2026-11-18,AED,0.27,22.5
2026-11-18,SGD,0.74,61.5
2026-11-18,INR,0.012,1.0
2026-11-19,USD,1.0,83.0
2026-11-19,EUR,1.08,90.0
2026-11-19,GBP,1.27,105.0
2026-11-19,AED,0.27,22.5
2026-11-19,SGD,0.74,61.5
2026-11-19,INR,0.012,1.0
2026-11-20,USD,1.0,83.0
2026-11-20,EUR,1.08,90.0
2026-11-20,GBP,1.27,105.0
2026-11-20,AED,0.27,22.5
2026-11-20,SGD,0.74,61.5
2026-11-20,INR,0.012,1.0
2026-11-21,USD,1.0,83.0
2026-11-21,EUR,1.08,90.0
2026-11-21,GBP,1.27,105.0
2026-11-21,AED,0.27,22.5
2026-11-21,SGD,0.74,61.5
2026-11-21,INR,0.012,1.0
2026-11-22,USD,1.0,83.0
2026-11-22,EUR,1.08,90.0
2026-11-22,GBP,1.27,105.0
2026-11-22,AED,0.27,22.5
2026-11-22,SGD,0.74,61.5
2026-11-22,INR,0.012,1.0
2026-11-23,USD,1.0,83.0
2026-11-23,EUR,1.08,90.0
2026-11-23,GBP,1.27,105.0
2026-11-23,AED,0.27,22.5
2026-11-23,SGD,0.74,61.5
2026-11-23,INR,0.012,1.0
2026-11-24,USD,1.0,83.0
2026-11-24,EUR,1.08,90.0
2026-11-24,GBP,1.27,105.0
2026-11-24,AED,0.27,22.5
2026-11-24,SGD,0.74,61.5
2026-11-24,INR,0.012,1.0
2026-11-25,USD,1.0,83.0
2026-11-25,EUR,1.08,90.0
2026-11-25,GBP,1.27,105.0
2026-11-25,AED,0.27,22.5
2026-11-25,SGD,0.74,61.5
2026-11-25,INR,0.012,1.0
2026-11-26,USD,1.0,83.0
2026-11-26,EUR,1.08,90.0
2026-11-26,GBP,1.27,105.0
2026-11-26,AED,0.27,22.5
2026-11-26,SGD,0.74,61.5
2026-11-26,INR,0.012,1.0
2026-11-27,USD,1.0,83.0
2026-11-27,EUR,1.08,90.0
2026-11-27,GBP,1.27,105.0
2026-11-27,AED,0.27,22.5
2026-11-27,SGD,0.74,61.5
2026-11-27,INR,0.012,1.0
2026-11-28,USD,1.0,83.0
2026-11-28,EUR,1.08,90.0
2026-11-28,GBP,1.27,105.0
2026-11-28,AED,0.27,22.5
2026-11-28,SGD,0.74,61.5
2026-11-28,INR,0.012,1.0
2026-11-29,USD,1.0,83.0
2026-11-29,EUR,1.08,90.0
2026-11-29,GBP,1.27,105.0
2026-11-29,AED,0.27,22.5
2026-11-29,SGD,0.74,61.5
2026-11-29,INR,0.012,1.0
2026-11-30,USD,1.0,83.0
2026-11-30,EUR,1.08,90.0
2026-11-30,GBP,1.27,105.0
2026-11-30,AED,0.27,22.5
2026-11-30,SGD,0.74,61.5
2026-11-30,INR,0.012,1.0
2026-12-01,USD,1.0,83.0
2026-12-01,EUR,1.08,90.0
2026-12-01,GBP,1.27,105.0
2026-12-01,AED,0.27,22.5
2026-12-01,SGD,0.74,61.5
2026-12-01,INR,0.012,1.0
2026-12-02,USD,1.0,83.0
2026-12-02,EUR,1.08,90.0
2026-12-02,GBP,1.27,105.0
2026-12-02,AED,0.27,22.5
2026-12-02,SGD,0.74,61.5
2026-12-02,INR,0.012,1.0
2026-12-03,USD,1.0,83.0
2026-12-03,EUR,1.08,90.0
2026-12-03,GBP,1.27,105.0
2026-12-03,AED,0.27,22.5
2026-12-03,SGD,0.74,61.5
2026-12-03,INR,0.012,1.0
2026-12-04,USD,1.0,83.0
2026-12-04,EUR,1.08,90.0
2026-12-04,GBP,1.27,105.0
2026-12-04,AED,0.27,22.5
2026-12-04,SGD,0.74,61.5
2026-12-04,INR,0.012,1.0
2026-12-05,USD,1.0,83.0
2026-12-05,EUR,1.08,90.0
2026-12-05,GBP,1.27,105.0
2026-12-05,AED,0.27,22.5
2026-12-05,SGD,0.74,61.5
2026-12-05,INR,0.012,1.0
2026-12-06,USD,1.0,83.0
2026-12-06,EUR,1.08,90.0
2026-12-06,GBP,1.27,105.0
2026-12-06,AED,0.27,22.5
2026-12-06,SGD,0.74,61.5
2026-12-06,INR,0.012,1.0
2026-12-07,USD,1.0,83.0
2026-12-07,EUR,1.08,90.0
2026-12-07,GBP,1.27,105.0
2026-12-07,AED,0.27,22.5
2026-12-07,SGD,0.74,61.5
2026-12-07,INR,0.012,1.0
2026-12-08,USD,1.0,83.0
2026-12-08,EUR,1.08,90.0
2026-12-08,GBP,1.27,105.0
2026-12-08,AED,0.27,22.5
2026-12-08,SGD,0.74,61.5
2026-12-08,INR,0.012,1.0
2026-12-09,USD,1.0,83.0
2026-12-09,EUR,1.08,90.0
2026-12-09,GBP,1.27,105.0
2026-12-09,AED,0.27,22.5
2026-12-09,SGD,0.74,61.5
2026-12-09,INR,0.012,1.0
2026-12-10,USD,1.0,83.0
2026-12-10,EUR,1.08,90.0
2026-12-10,GBP,1.27,105.0
2026-12-10,AED,0.27,22.5
2026-12-10,SGD,0.74,61.5
2026-12-10,INR,0.012,1.0
2026-12-11,USD,1.0,83.0
2026-12-11,EUR,1.08,90.0
2026-12-11,GBP,1.27,105.0
2026-12-11,AED,0.27,22.5
2026-12-11,SGD,0.74,61.5
2026-12-11,INR,0.012,1.0
2026-12-12,USD,1.0,83.0
2026-12-12,EUR,1.08,90.0
2026-12-12,GBP,1.27,105.0
2026-12-12,AED,0.27,22.5
2026-12-12,SGD,0.74,61.5
2026-12-12,INR,0.012,1.0
2026-12-13,USD,1.0,83.0
2026-12-13,EUR,1.08,90.0
2026-12-13,GBP,1.27,105.0
2026-12-13,AED,0.27,22.5
2026-12-13,SGD,0.74,61.5
2026-12-13,INR,0.012,1.0
2026-12-14,USD,1.0,83.0
2026-12-14,EUR,1.08,90.0
2026-12-14,GBP,1.27,105.0
2026-12-14,AED,0.27,22.5
2026-12-14,SGD,0.74,61.5
2026-12-14,INR,0.012,1.0
2026-12-15,USD,1.0,83.0
2026-12-15,EUR,1.08,90.0
2026-12-15,GBP,1.27,105.0
2026-12-15,AED,0.27,22.5
2026-12-15,SGD,0.74,61.5
2026-12-15,INR,0.012,1.0
2026-12-16,USD,1.0,83.0
2026-12-16,EUR,1.08,90.0
2026-12-16,GBP,1.27,105.0
2026-12-16,AED,0.27,22.5
2026-12-16,SGD,0.74,61.5
2026-12-16,INR,0.012,1.0
2026-12-17,USD,1.0,83.0
2026-12-17,EUR,1.08,90.0
2026-12-17,GBP,1.27,105.0
2026-12-17,AED,0.27,22.5
2026-12-17,SGD,0.74,61.5
2026-12-17,INR,0.012,1.0
2026-12-18,USD,1.0,83.0
2026-12-18,EUR,1.08,90.0
2026-12-18,GBP,1.27,105.0
2026-12-18,AED,0.27,22.5
2026-12-18,SGD,0.74,61.5
2026-12-18,INR,0.012,1.0
2026-12-19,USD,1.0,83.0
2026-12-19,EUR,1.08,90.0
2026-12-19,GBP,1.27,105.0
2026-12-19,AED,0.27,22.5
2026-12-19,SGD,0.74,61.5
2026-12-19,INR,0.012,1.0
2026-12-20,USD,1.0,83.0
2026-12-20,EUR,1.08,90.0
2026-12-20,GBP,1.27,105.0
2026-12-20,AED,0.27,22.5
2026-12-20,SGD,0.74,61.5
2026-12-20,INR,0.012,1.0
2026-12-21,USD,1.0,83.0
2026-12-21,EUR,1.08,90.0
2026-12-21,GBP,1.27,105.0
2026-12-21,AED,0.27,22.5
2026-12-21,SGD,0.74,61.5
2026-12-21,INR,0.012,1.0
2026-12-22,USD,1.0,83.0
2026-12-22,EUR,1.08,90.0
2026-12-22,GBP,1.27,105.0
2026-12-22,AED,0.27,22.5
2026-12-22,SGD,0.74,61.5
2026-12-22,INR,0.012,1.0
2026-12-23,USD,1.0,83.0
2026-12-23,EUR,1.08,90.0
2026-12-23,GBP,1.27,105.0
2026-12-23,AED,0.27,22.5
2026-12-23,SGD,0.74,61.5
2026-12-23,INR,0.012,1.0
2026-12-24,USD,1.0,83.0
2026-12-24,EUR,1.08,90.0
2026-12-24,GBP,1.27,105.0
2026-12-24,AED,0.27,22.5
2026-12-24,SGD,0.74,61.5
2026-12-24,INR,0.012,1.0
2026-12-25,USD,1.0,83.0
2026-12-25,EUR,1.08,90.0
2026-12-25,GBP,1.27,105.0
2026-12-25,AED,0.27,22.5
2026-12-25,SGD,0.74,61.5
2026-12-25,INR,0.012,1.0
2026-12-26,USD,1.0,83.0
2026-12-26,EUR,1.08,90.0
2026-12-26,GBP,1.27,105.0
2026-12-26,AED,0.27,22.5
2026-12-26,SGD,0.74,61.5
2026-12-26,INR,0.012,1.0
2026-12-27,USD,1.0,83.0
2026-12-27,EUR,1.08,90.0
2026-12-27,GBP,1.27,105.0
2026-12-27,AED,0.27,22.5
2026-12-27,SGD,0.74,61.5
2026-12-27,INR,0.012,1.0
2026-12-28,USD,1.0,83.0
2026-12-28,EUR,1.08,90.0
2026-12-28,GBP,1.27,105.0
2026-12-28,AED,0.27,22.5
2026-12-28,SGD,0.74,61.5
2026-12-28,INR,0.012,1.0
2026-12-29,USD,1.0,83.0
2026-12-29,EUR,1.08,90.0
2026-12-29,GBP,1.27,105.0
2026-12-29,AED,0.27,22.5
2026-12-29,SGD,0.74,61.5
2026-12-29,INR,0.012,1.0
2026-12-30,USD,1.0,83.0
2026-12-30,EUR,1.08,90.0
2026-12-30,GBP,1.27,105.0
2026-12-30,AED,0.27,22.5
2026-12-30,SGD,0.74,61.5
2026-12-30,INR,0.012,1.0
2026-12-31,USD,1.0,83.0
2026-12-31,EUR,1.08,90.0
2026-12-31,GBP,1.27,105.0
2026-12-31,AED,0.27,22.5
2026-12-31,SGD,0.74,61.5
2026-12-31,INR,0.012,1.0
