payment_id,booking_id,payment_date,payment_method,gateway,currency,payment_amount,payment_status,refund_amount,transaction_reference
PAY000001,BOOK000001,2025-08-03,Debit Card,PhonePe,AED,14160.0,Paid,0.0,76606b10-1d2f-4a29-ac64-9e068c584706
PAY000002,BOOK000002,2026-05-01,Debit Card,PhonePe,AED,16815.0,Paid,0.0,65ad80c1-9050-4fb9-b774-6123dc506555
PAY000003,BOOK000003,2025-04-15,Debit Card,PayPal,INR,15694.0,Paid,0.0,94c78a2d-bff1-4a40-a419-ae6558c0943c
PAY000004,BOOK000004,2026-04-01,UPI,Stripe,AED,28320.0,Paid,0.0,7a629ba1-5a3b-4d03-948b-d9823776d294
PAY000005,BOOK000005,2025-11-08,Debit Card,Stripe,GBP,35400.0,Paid,0.0,bad73104-fa8d-4905-8799-9cdaf388fee9
PAY000006,BOOK000006,2025-05-04,UPI,PayPal,SGD,4720.0,Paid,0.0,2886c4a4-293b-48c5-9b89-730e647d732d
PAY000007,BOOK000007,2025-12-27,Wallet,PayPal,,5015.0,Paid,0.0,80c32361-c0d6-42d7-a9e9-4ef3ebde7327
PAY000008,BOOK000008,2026-03-30,Debit Card,PayPal,EUR,11210.0,Refunded,6388.07,13b60b0f-1ef8-4baa-b31b-c75c78945447
PAY000009,BOOK000009,2024-08-03,Cash,Stripe,SGD,84960.0,Failed,0.0,e4996ac9-9ab9-43f4-8d28-a40b5f062946
PAY000010,BOOK000010,2025-08-05,Cash,PayPal,AED,9440.0,Paid,0.0,f6892c7c-7795-4c00-aaf8-6acb69e119e3
PAY000011,BOOK000011,2025-05-11,Net Banking,PhonePe,INR,10030.0,Paid,0.0,cbe64cc4-c7c9-48fd-abd9-eab60ed04df9
PAY000012,BOOK000012,2024-10-10,UPI,PhonePe,INR,79650.0,Paid,0.0,e6fbc79d-1c62-41ae-affd-eb56df96610e
PAY000013,BOOK000013,2025-02-07,Cash,Cash,GBP,25075.0,Paid,0.0,dab44614-205d-40db-a6e2-3009fdd65f41
PAY000014,BOOK000014,2025-03-30,Credit Card,PhonePe,INR,5900.0,Paid,0.0,eb8bfaf1-4f64-4008-a578-32332ccdeb0a
PAY000015,BOOK000015,2025-10-26,UPI,Stripe,EUR,13216.0,Paid,0.0,92750275-a8c6-40d6-a11d-2c2005ec1a3f
PAY000016,BOOK000016,2025-09-25,Cash,Cash,AED,10620.0,Paid,0.0,df731977-7337-428b-aa3b-e8d9bcc56d45
PAY000017,BOOK000017,2026-07-14,Debit Card,Razorpay,SGD,23128.0,Paid,0.0,fbd1846a-a3db-4a1f-bf78-3b37af7469df
PAY000018,BOOK000018,2026-05-21,Credit Card,PayPal,AED,7434.0,Paid,0.0,36bb7f2e-2070-4d21-895b-3fbb6a16ebb2
PAY000019,BOOK000019,2026-01-12,Wallet,PayPal,AED,3304.0,Paid,0.0,51fcbe74-ef16-459f-a063-cca659c24ea3
PAY000020,BOOK000020,2025-02-19,Credit Card,Cash,INR,23128.0,Paid,0.0,a7770c37-945e-4aef-99dc-59dfa7a5b3bc
PAY000021,BOOK000021,2025-11-25,Credit Card,Cash,SGD,3510.5,Paid,0.0,1b3a35ae-6073-4e8d-9371-5971fceb0ef4
PAY000022,BOOK000022,2024-08-13,Wallet,Stripe,USD,50445.0,Paid,0.0,0d76523a-eec7-4847-9bb0-aa4b4ee355eb
PAY000023,BOOK000023,2024-08-28,Credit Card,Stripe,AED,28320.0,Paid,0.0,19d02357-a77c-437b-a223-36225e7d260e
PAY000024,BOOK000024,2025-08-17,Wallet,PhonePe,INR,47082.0,Paid,0.0,8b6abf45-6653-46ab-82b7-ca7936b12338
PAY000025,BOOK000025,2025-08-21,Wallet,PhonePe,USD,44604.0,Paid,0.0,e502b297-3403-47bd-834c-c47f1ad5c117
PAY000026,BOOK000026,2024-08-13,Wallet,Razorpay,SGD,5310.0,Paid,0.0,125c0695-f5a5-4961-a64d-ae4244acdc2b
PAY000027,BOOK000027,2025-01-12,Net Banking,Cash,EUR,2802.5,Paid,0.0,725e66c3-4ac6-431f-8e6d-87656c67d91b
PAY000028,BOOK000028,2026-03-03,UPI,Razorpay,INR,14160.0,Paid,0.0,21aa9f8e-6337-4f81-b036-585f53e5847e
PAY000029,BOOK000029,2025-12-25,Wallet,Stripe,SGD,70800.0,Paid,0.0,e469588e-9f3a-49b6-81fd-a2adce7aa245
PAY000030,BOOK000030,2025-01-23,Debit Card,PayPal,SGD,5310.0,Paid,0.0,0d3302da-506b-49c0-ab66-7ae5a0b681ae
PAY000031,BOOK000031,2025-03-02,Credit Card,Stripe,AED,24573.5,Paid,0.0,71f008fb-8635-4e64-bdeb-23bc2b1aa8f1
PAY000032,BOOK000032,2026-05-25,Net Banking,Stripe,EUR,11210.0,Paid,0.0,29535700-7b92-4ebd-b1dc-501f6d4f8875
PAY000033,BOOK000033,2025-03-14,Wallet,PayPal,AED,105315.0,Refunded,73198.68,d8368210-c735-45c5-903d-ff7a46c459e2
PAY000034,BOOK000034,2025-05-22,Net Banking,PayPal,SGD,7434.0,Paid,0.0,e95ad93c-6140-447d-9aa5-cdb653d66fe4
PAY000035,BOOK000035,2025-06-26,Net Banking,PayPal,EUR,74340.0,Paid,0.0,0adbfe70-5592-45e5-825d-fc67fa9e9a7f
PAY000036,BOOK000036,2026-06-20,Net Banking,Stripe,EUR,47790.0,Paid,0.0,fb670064-06b1-49f7-9424-e73f73283722
PAY000037,BOOK000037,2024-08-26,Cash,Cash,AED,7847.0,Paid,0.0,f414cb74-d196-48e2-a5ea-c3ddc6b1a678
PAY000038,BOOK000038,2026-06-17,Net Banking,Cash,AED,3510.5,Paid,0.0,f5783154-917b-4f6d-9dc3-d935f17adbd0
PAY000039,BOOK000039,2024-09-23,Net Banking,Razorpay,GBP,22420.0,Paid,0.0,462616fa-307e-4e7e-9301-6c73e0add4d7
PAY000040,BOOK000040,2024-08-16,UPI,PhonePe,SGD,23600.0,Failed,0.0,5f11077f-1153-44c1-b76c-4c8605f1190b
PAY000041,BOOK000041,2025-10-07,Cash,Cash,AED,78470.0,Failed,0.0,f7da9499-fc2b-4096-b573-57a111424a85
PAY000042,BOOK000042,2025-02-21,UPI,Stripe,INR,28320.0,Paid,0.0,df626f04-c8a0-4675-a237-116960297614
PAY000043,BOOK000043,2025-12-28,Wallet,Razorpay,EUR,4720.0,Paid,0.0,70f3f362-a9e8-4acf-8dce-7de83183ab8d
PAY000044,BOOK000044,2025-06-19,Cash,PayPal,INR,53100.0,Failed,0.0,025f75fa-e5ac-4a9e-a2e1-8254d63005d1
PAY000045,BOOK000045,2025-08-09,Debit Card,Cash,INR,15694.0,Paid,0.0,e49bee38-8453-43af-857e-63c6036115b4
PAY000046,BOOK000046,2026-05-09,Net Banking,Razorpay,USD,10620.0,Paid,-100.0,6527a0d0-f720-48c1-9293-05ee86baf172
PAY000047,BOOK000047,2025-04-23,Cash,Stripe,INR,70800.0,Paid,0.0,b757d7d4-2de4-47ee-958d-1dafbc84f740
PAY000048,BOOK000048,2025-05-06,UPI,Razorpay,EUR,18880.0,Paid,0.0,c67ae078-c15e-4637-bac2-1e4729cac937
PAY000049,BOOK000049,2025-08-03,Debit Card,Stripe,GBP,23128.0,Paid,0.0,1b24f974-e12a-4083-832f-600602a2ff95
PAY000050,BOOK000050,2025-11-15,Wallet,PayPal,INR,21240.0,Paid,0.0,1999c0f4-1f89-47f1-85c4-9e1c78ebbde4
PAY000051,BOOK000051,2026-01-11,Credit Card,PayPal,INR,5015.0,Refunded,3318.8,776b6ef7-fdeb-454d-8145-57c2220cc101
PAY000052,BOOK000052,2025-06-03,Credit Card,PayPal,GBP,78470.0,Paid,0.0,76b3456e-29f4-470c-b50b-dffd7f71be01
PAY000053,BOOK000053,2026-03-26,Net Banking,Cash,AED,41300.0,Failed,0.0,d295201b-5d12-4967-8a9f-9526d42bc544
PAY000054,BOOK000054,2025-04-19,Wallet,PayPal,AED,18585.0,Refunded,7010.13,2776340f-5e0d-4ca4-a063-f2d5543195bc
PAY000055,BOOK000055,2025-05-07,Debit Card,PayPal,SGD,33040.0,Paid,0.0,85e8435a-b9f4-4211-b20d-9e54418dd651
PAY000056,BOOK000056,2026-05-31,Credit Card,Razorpay,USD,46256.0,Paid,0.0,7d6484b8-15a3-459e-a8c2-d4725b336ad2
PAY000057,BOOK000057,2026-06-03,Net Banking,Razorpay,GBP,29500.0,Paid,0.0,07ea69ae-670e-4911-890a-e7b418ead195
PAY000058,BOOK000058,2025-02-26,Net Banking,Stripe,AED,50445.0,Paid,0.0,7d738848-8487-4d82-9510-f045b11fd0ff
PAY000059,BOOK000059,2026-05-10,Net Banking,Cash,EUR,41300.0,Paid,0.0,634d0e4b-eca3-4fbe-a9a1-45e3590a1dd6
PAY000060,BOOK000060,2025-03-12,Cash,Stripe,EUR,49147.0,Paid,0.0,a95a6bb9-ff0f-4a42-b39d-c0b1838c24a2
PAY000061,BOOK000061,2025-06-11,Cash,PayPal,GBP,60180.0,Paid,0.0,2a0d434c-2fb2-473d-8f25-708852626bc7
PAY000062,BOOK000062,2026-02-28,UPI,Stripe,INR,42126.0,Paid,0.0,11d61e6c-f83f-4d5a-893e-bd8b005167dc
PAY000063,BOOK000063,2025-06-02,Cash,PayPal,USD,15930.0,Paid,0.0,e2bdc8a7-be3e-4ae9-9739-8b99789e1035
PAY000064,BOOK000064,2026-04-12,Wallet,Cash,EUR,35400.0,Paid,0.0,1fb0079b-f35d-4afe-9a23-d971904c253b
PAY000065,BOOK000065,2025-03-16,Debit Card,Razorpay,AED,7021.0,Paid,0.0,b2077a3f-4c65-48ff-80f3-2ef1dc5dfbc5
PAY000066,BOOK000066,2025-09-25,UPI,Razorpay,SGD,18585.0,Paid,0.0,e7b15320-b5e0-4bbd-b02f-468b235693c5
PAY000067,BOOK000067,2026-01-25,UPI,PayPal,GBP,11210.0,Refunded,7304.35,99893c57-6c0c-4713-a525-077ec9cb7e7f
PAY000068,BOOK000068,2025-06-25,Wallet,PhonePe,EUR,14012.5,Paid,0.0,d524f663-30ae-49da-a9bf-88199f94eca3
PAY000069,BOOK000069,2025-09-07,Net Banking,Razorpay,SGD,99120.0,Refunded,96347.09,cbefbe60-5944-493a-a560-3566206c2bc8
PAY000070,BOOK000070,2025-03-14,Net Banking,Razorpay,EUR,10531.5,Paid,0.0,40cd1b2d-e2ad-400c-9a73-445c55730e21
PAY000071,BOOK000071,2025-07-31,Credit Card,Stripe,USD,5310.0,Paid,0.0,b8e4b809-6031-472b-afe9-fa770d8cbd0a
PAY000072,BOOK000072,2025-08-22,Credit Card,Razorpay,SGD,15045.0,Paid,0.0,9548c49e-ffc2-4b8e-b29c-0c54a70e84fd
PAY000073,BOOK000073,2024-12-07,Cash,PhonePe,GBP,60180.0,Paid,0.0,be72ab06-a1eb-488d-994d-c347c87ebbf3
PAY000074,BOOK000074,2025-02-26,Debit Card,PayPal,USD,35400.0,Paid,0.0,8f0802d9-3f5f-43db-8b46-49228270e8db
PAY000075,BOOK000075,2025-12-22,Credit Card,Razorpay,AED,21240.0,Refunded,14106.09,bad205f8-3546-4a71-a4c4-4b0027d39772
PAY000076,BOOK000076,2026-06-26,UPI,Stripe,EUR,11770.5,Paid,0.0,971bfe75-a24a-4571-a876-9833a277cd75
PAY000077,BOOK000077,2025-10-27,UPI,PhonePe,SGD,5015.0,Paid,0.0,26b554af-43a6-4ee4-81ae-b75596e281e7
PAY000078,BOOK000078,2025-12-28,Wallet,Stripe,USD,18880.0,Paid,0.0,d9a8574a-01e2-4185-96ee-b57a270052bf
PAY000079,BOOK000079,2024-08-27,Wallet,Stripe,GBP,53100.0,Paid,0.0,320e40d7-3500-4cc2-b6b4-b32c624cc1d9
PAY000080,BOOK000080,2025-12-08,Wallet,Razorpay,USD,44604.0,Paid,0.0,38f98752-bc5d-441e-bc81-434dd454f715
PAY000081,BOOK000081,2024-12-16,Debit Card,Razorpay,USD,5310.0,Paid,0.0,e4be1a53-0e37-4724-a5c1-6975c211a745
PAY000082,BOOK000082,2025-05-04,Cash,Razorpay,GBP,23600.0,Paid,0.0,6ef804fd-3452-4efb-95bc-b2cfd21a035d
PAY000083,BOOK000083,2025-01-01,UPI,Razorpay,,10620.0,Paid,0.0,dcaa4516-5b3b-44ab-b9fa-b0ab6a9f23c9
PAY000084,BOOK000084,2024-10-30,Cash,PayPal,USD,79650.0,Refunded,54480.78,e925cda8-5568-40bd-8ed8-1e5ff95bdfa3
PAY000085,BOOK000085,2026-07-03,Wallet,Stripe,SGD,106200.0,Paid,0.0,2d1a1d49-64be-4902-bd27-b657c74f6e83
PAY000086,BOOK000086,2025-10-07,Net Banking,Razorpay,SGD,4720.0,Paid,0.0,9b14c6d1-9191-4dd1-9a31-cdcaf76c57aa
PAY000087,BOOK000087,2025-05-19,Cash,Cash,INR,50445.0,Paid,0.0,90ce4846-5eae-4fff-beb2-7f6e2d99b517
PAY000088,BOOK000088,2024-09-21,Debit Card,Cash,INR,111510.0,Paid,0.0,eac34390-eb27-4ec4-9f6c-dccd972dc39a
PAY000089,BOOK000089,2025-05-20,Net Banking,PhonePe,SGD,2507.5,Paid,0.0,35322c90-c828-484f-b7fd-7d39e00ac473
PAY000090,BOOK000090,2026-03-17,Cash,Stripe,GBP,5310.0,Paid,0.0,8ed1fc91-87e7-48b3-bfad-9983946b5ad7
PAY000091,BOOK000091,2025-05-12,Cash,Cash,USD,25075.0,Paid,0.0,e1462cea-3c8e-4c3c-b44e-56b3d321db57
PAY000092,BOOK000092,2026-03-13,Wallet,Stripe,SGD,16520.0,Paid,0.0,a97193ab-d6f8-4b95-8958-792b61cafe2c
PAY000093,BOOK000093,2024-08-10,Net Banking,Cash,AED,8407.5,Paid,0.0,1d7ec2bf-d192-429f-bea5-4876a81e21af
PAY000094,BOOK000094,2024-12-03,Cash,Razorpay,AED,63720.0,Paid,0.0,37efe41a-5013-48a2-9067-393cecb190cb
PAY000095,BOOK000095,2024-09-07,Cash,PhonePe,INR,47082.0,Paid,0.0,dab23fd8-f1cc-4350-8229-87738b7033db
PAY000096,BOOK000096,2026-05-09,UPI,PayPal,SGD,50445.0,Paid,0.0,51a0cd25-54c8-4313-89ad-688751d20ab0
PAY000097,BOOK000097,2025-05-06,UPI,Stripe,AED,10030.0,Paid,0.0,4c978cf7-b340-440d-ae09-46634e38f919
PAY000098,BOOK000098,2026-06-15,Wallet,PayPal,EUR,12390.0,Paid,0.0,59c85825-7746-4e90-a0cc-5e83fb254e6e
PAY000099,BOOK000099,2026-04-04,UPI,Stripe,INR,44840.0,Paid,0.0,4c2c25ff-5b84-4977-8d78-40234ce6e36f
PAY000100,BOOK000100,2025-05-14,Debit Card,Stripe,USD,16520.0,Paid,0.0,02c811d3-b84e-4347-aba2-45a82a832051
PAY000101,BOOK000101,2025-04-03,Wallet,Stripe,AED,8260.0,Paid,0.0,290fba93-8993-4aa2-88bc-5750e1d58580
PAY000102,BOOK000102,2025-07-20,Net Banking,Cash,EUR,18585.0,Paid,0.0,7001817d-a533-457b-9422-15bf2465dba1
PAY000103,BOOK000103,2025-07-01,Wallet,Stripe,GBP,30090.0,Paid,0.0,c0833d36-0727-4be1-b300-6651814c3d2c
PAY000104,BOOK000104,2025-12-18,Net Banking,Razorpay,EUR,40120.0,Paid,0.0,52932cb4-3810-46ce-98b7-f31131e436e1
PAY000105,BOOK000105,2025-10-28,Cash,Razorpay,USD,19824.0,Paid,0.0,8f114f88-b858-4eed-ba72-e89df5ea1a30
PAY000106,BOOK000106,2026-04-28,Credit Card,Stripe,AED,16520.0,Failed,0.0,6595f338-aaa4-450a-81f4-aef8e6d0f968
PAY000107,BOOK000107,2025-01-26,Cash,PayPal,AED,47790.0,Paid,0.0,8771d5d2-0903-44e6-9e60-7008aa58814d
PAY000108,BOOK000108,2024-12-09,Debit Card,Razorpay,USD,11800.0,Refunded,10447.53,68a7fa59-9b29-4221-a94d-c5c0a8f82efe
PAY000109,BOOK000109,2024-12-06,Wallet,Razorpay,INR,11800.0,Paid,0.0,a3818b80-4533-403e-bd57-aa42f8c60faa
PAY000110,BOOK000110,2026-06-30,Wallet,Cash,AED,74340.0,Paid,0.0,e6aa413c-99d9-4ad5-8c36-83cf9ab56fc3
PAY000111,BOOK000111,2025-07-21,Credit Card,PhonePe,SGD,19824.0,Paid,0.0,17716f19-a212-45bf-a7d9-8e47ee2df722
PAY000112,BOOK000112,2026-06-17,Net Banking,PhonePe,AED,21063.0,Paid,0.0,1b2546ce-5889-47db-8808-066950df2f27
PAY000113,BOOK000113,2026-03-07,Credit Card,PhonePe,INR,22302.0,Paid,0.0,a30f304c-7c7e-4a24-b0e7-97aa04bbd689
PAY000114,BOOK000114,2025-06-13,Cash,PayPal,AED,33040.0,Paid,0.0,2bfdb536-7b1c-4ae7-a5c6-b60029c8507a
PAY000115,BOOK000115,2024-11-13,Debit Card,PhonePe,EUR,24780.0,Paid,0.0,61070341-b446-4d83-8dcd-8abfa87792d7
PAY000116,BOOK000116,2025-02-22,Cash,PayPal,INR,70210.0,Paid,0.0,f5b68a96-eb05-49fa-9aa4-977fb2476062
PAY000117,BOOK000117,2025-03-04,Cash,PayPal,USD,6608.0,Paid,0.0,be8dfee8-5f85-4abe-8be8-14c12a49be4f
PAY000118,BOOK000118,2026-04-10,Debit Card,PayPal,SGD,75225.0,Paid,0.0,87c2f3f4-48bb-406d-adb3-5cf9da0474c7
PAY000119,BOOK000119,2025-08-22,Cash,Cash,SGD,39235.0,Paid,0.0,4377b97c-ffeb-440a-a78d-36f9546ff62a
PAY000120,BOOK000120,2025-02-01,Debit Card,Razorpay,GBP,28320.0,Paid,0.0,54eb1bb1-cbad-4254-93ea-ee5100285333
PAY000121,BOOK000121,2024-12-16,Wallet,Razorpay,EUR,82600.0,Paid,0.0,2ca27f8c-4c8b-4612-86d7-118dcf78b121
PAY000122,BOOK000122,2024-09-19,Debit Card,PayPal,SGD,3304.0,Paid,0.0,d169fbd3-6e9f-4648-8847-63a846ccbdf0
PAY000123,BOOK000123,2025-03-12,Net Banking,Razorpay,EUR,47200.0,Paid,0.0,fa7385c5-7004-4091-85ee-8c084f57ce70
PAY000124,BOOK000124,2025-12-26,Debit Card,Razorpay,AED,4720.0,Paid,0.0,7fee6fd0-4d59-4861-a91b-0c5a475044b4
PAY000125,BOOK000125,2026-03-29,Cash,Razorpay,AED,17552.5,Paid,0.0,a27916e6-431f-48a0-91ef-b6ce4c05905b
PAY000126,BOOK000126,2025-06-06,UPI,PayPal,USD,24780.0,Paid,0.0,81c64035-1078-4804-8248-da8531e9d574
PAY000127,BOOK000127,2026-04-16,UPI,PayPal,INR,37170.0,Refunded,32868.71,db250fc2-2fd9-4a53-8338-b3a39f24962e
PAY000128,BOOK000128,2024-10-05,UPI,Cash,GBP,4130.0,Failed,0.0,0acb5349-edac-49c1-8076-3ec620d62611
PAY000129,BOOK000129,2025-08-01,Net Banking,PayPal,INR,37760.0,Paid,0.0,60ebdf1f-189d-4617-b460-1a48e5571774
PAY000130,BOOK000130,2024-12-27,Debit Card,Razorpay,SGD,7847.0,Paid,0.0,b581d557-bbe7-4369-bbb8-e82edb9ea9c5
PAY000131,BOOK000131,2025-12-30,Credit Card,PhonePe,GBP,14160.0,Paid,0.0,55691e1f-09e6-4d75-b64d-8828c868bd0e
PAY000132,BOOK000132,2026-06-29,Cash,Razorpay,INR,105315.0,Refunded,88332.98,f590f9de-e010-4b4c-8161-d11dd9ecf292
PAY000133,BOOK000133,2025-07-01,Cash,Razorpay,SGD,19617.5,Paid,0.0,00a9930e-d432-4ddd-84d0-0d1083b4a196
PAY000134,BOOK000134,2025-05-27,Cash,Stripe,GBP,16520.0,Paid,0.0,733c8b1e-5e0e-4eae-80fd-d0308dc55a2e
PAY000135,BOOK000135,2024-10-15,Debit Card,Cash,GBP,31860.0,Refunded,28093.11,b9b42087-06b1-41bd-8767-f64984754436
PAY000136,BOOK000136,2025-05-28,Net Banking,Razorpay,SGD,5605.0,Paid,0.0,b920ffaa-e48c-4f05-8056-cc9d9f71a6b1
PAY000137,BOOK000137,2026-06-04,UPI,PhonePe,GBP,16815.0,Paid,0.0,7e22e4e2-d1d5-4c30-b78e-0df8899ca7f7
PAY000138,BOOK000138,2025-11-07,UPI,PayPal,SGD,16815.0,Paid,0.0,a057298b-78a5-405e-a010-a28d8cab11e5
PAY000139,BOOK000139,2024-11-01,Cash,Stripe,USD,54929.0,Paid,0.0,71ec84f3-bf90-407e-924c-fe80b6b34083
PAY000140,BOOK000140,2025-06-23,UPI,Razorpay,INR,5015.0,Paid,0.0,5fd0cfad-6a24-462c-9c1a-790d78f6b7c6
PAY000141,BOOK000141,2024-12-24,Net Banking,Razorpay,SGD,35400.0,Paid,0.0,a689467c-17b7-4dc5-8530-fa2228f26b93
PAY000142,BOOK000142,2025-10-12,Cash,Cash,SGD,20060.0,Paid,0.0,d5ca56d6-7afd-464a-9fd8-4cb0dd860c6c
PAY000143,BOOK000143,2024-11-15,Wallet,PhonePe,GBP,5015.0,Paid,0.0,94213f5c-0510-434e-b753-024774fa60ef
PAY000144,BOOK000144,2026-07-17,Cash,Razorpay,AED,18585.0,Paid,0.0,994dd006-0095-498e-bea4-c9e93b5c841e
PAY000145,BOOK000145,2024-10-20,Net Banking,Cash,SGD,95580.0,Paid,0.0,5f41b848-7eb5-443d-a4b7-ebdb57433a26
PAY000146,BOOK000146,2026-04-22,UPI,PayPal,GBP,16815.0,Paid,0.0,3c2e277e-b553-420c-9b5d-a68cc107e36b
PAY000147,BOOK000147,2025-07-02,Net Banking,PayPal,INR,2655.0,Paid,0.0,95f49c00-05b9-4a89-bf69-e0f9efdca0ee
PAY000148,BOOK000148,2026-04-23,Net Banking,PayPal,USD,15045.0,Paid,0.0,9250b5c0-f25a-4884-8de5-46522d5b50dc
PAY000149,BOOK000149,2025-10-23,Cash,Cash,EUR,14750.0,Paid,0.0,c58a9ae6-8a54-472f-b909-baad1841b71b
PAY000150,BOOK000150,2025-09-19,Cash,Stripe,USD,30090.0,Paid,0.0,065f335d-45eb-4a3e-9584-95e1f6a2d28b
PAY000151,BOOK000151,2024-10-28,Debit Card,PayPal,AED,13275.0,Failed,0.0,4afbae12-e1e1-4b55-a275-76bf2e251766
PAY000152,BOOK000152,2024-08-25,Net Banking,Razorpay,GBP,20060.0,Paid,0.0,9ae2d000-fa49-4213-940f-127722cc0922
PAY000153,BOOK000153,2025-10-23,Credit Card,Stripe,AED,15930.0,Paid,0.0,7fa219e6-58a2-46c5-a1e5-1feb61d21286
PAY000154,BOOK000154,2024-11-07,Net Banking,Cash,GBP,30090.0,Paid,0.0,79dbb44d-4a8c-437f-85c0-4bf02d0a8839
PAY000155,BOOK000155,2025-02-21,Net Banking,Stripe,USD,52038.0,Paid,0.0,0714f8ab-3e80-4ffc-8249-d8d388ab3cf6
PAY000156,BOOK000156,2024-09-01,Cash,Cash,INR,28084.0,Paid,0.0,40c70f29-d3ff-4a5a-8a54-b05a7c329ca1
PAY000157,BOOK000157,2025-05-02,Debit Card,PayPal,AED,16520.0,Paid,0.0,a0ff49b5-0b1f-4da0-bd09-2eb065224093
PAY000158,BOOK000158,2026-03-03,Debit Card,Cash,SGD,75225.0,Failed,0.0,8e5ad410-a883-49a2-97ec-b42b0a95b873
PAY000159,BOOK000159,2025-02-21,Wallet,Cash,USD,11770.5,Paid,0.0,4f5a6f85-e5b5-476f-881c-06ec51022147
PAY000160,BOOK000160,2026-01-09,Credit Card,PayPal,SGD,16520.0,Paid,0.0,90b3d8b4-5f93-4527-a5f2-db1ad79fca41
PAY000161,BOOK000161,2025-08-08,UPI,Stripe,AED,14160.0,Paid,0.0,54702158-70a8-44d5-bbf6-93cce43ffc46
PAY000162,BOOK000162,2025-08-04,Debit Card,PayPal,GBP,5310.0,Paid,0.0,6dde00c1-0b65-4cea-a2c8-161260e522b1
PAY000163,BOOK000163,2024-11-30,Net Banking,Stripe,EUR,35105.0,Paid,0.0,a884c985-303f-457b-bc2d-4c569d3c693a
PAY000164,BOOK000164,2025-02-17,Debit Card,PhonePe,EUR,9440.0,Paid,0.0,c1888727-95ed-4017-b315-6da5282ec65a
PAY000165,BOOK000165,2025-01-28,Debit Card,Stripe,GBP,3923.5,Paid,0.0,450dcbff-a995-4cfb-a15c-bdd5b8591e46
PAY000166,BOOK000166,2025-08-03,Net Banking,Cash,EUR,14868.0,Paid,0.0,13c06677-f4e8-4b6f-a567-49467649c81b
PAY000167,BOOK000167,2025-10-25,Wallet,Cash,GBP,11800.0,Paid,0.0,285084f8-63a0-4c6f-bf12-c4238870845c
PAY000168,BOOK000168,2024-12-23,Net Banking,Stripe,AED,15694.0,Paid,0.0,4d65872d-fd15-4389-9de5-7ffbc7cb1fb2
PAY000169,BOOK000169,2025-12-03,UPI,Stripe,USD,13216.0,Paid,0.0,bd26a722-2d4d-4f2a-8834-dad68b351074
PAY000170,BOOK000170,2025-06-14,Cash,PhonePe,,3304.0,Paid,0.0,34d12074-a50a-4363-a7d7-3c887ff3851c
PAY000171,BOOK000171,2026-05-27,Net Banking,PayPal,EUR,30090.0,Paid,0.0,36005c3c-6812-4f80-b034-120a6692fc0c
PAY000172,BOOK000172,2025-07-03,Wallet,Stripe,EUR,41300.0,Paid,0.0,badbf0ba-d497-4b12-ac65-cfb827107a0a
PAY000173,BOOK000173,2025-12-01,UPI,Stripe,GBP,26550.0,Paid,0.0,69bbd287-b5e4-4865-b6b5-15967fed55b8
PAY000174,BOOK000174,2024-12-25,Net Banking,Stripe,USD,88500.0,Refunded,25870.08,4bdfea53-0627-4fe5-898d-2e0ae7e387f8
PAY000175,BOOK000175,2025-08-08,Wallet,Cash,EUR,47790.0,Paid,0.0,77f6d58a-0d53-459e-b76e-dec2236216e2
PAY000176,BOOK000176,2026-05-24,UPI,Stripe,INR,33630.0,Paid,0.0,a09e3273-bf1c-403e-8185-4628f6166312
PAY000177,BOOK000177,2025-09-29,Debit Card,Razorpay,EUR,33040.0,Paid,0.0,260be2d0-90c3-41c8-9427-11703ee9a549
PAY000178,BOOK000178,2025-07-09,Credit Card,PayPal,EUR,21063.0,Paid,0.0,06873813-1720-4af0-ace8-ff5c54c0d602
PAY000179,BOOK000179,2024-12-25,Cash,Razorpay,SGD,25075.0,Paid,0.0,e5bf3a2d-4ba4-4a16-a0a5-00302e6c3027
PAY000180,BOOK000180,2024-12-12,Debit Card,Razorpay,GBP,11210.0,Refunded,10660.37,fcd61d4b-d99c-4c9f-8156-e4031155b367
PAY000181,BOOK000181,2026-08-02,UPI,Stripe,GBP,18880.0,Paid,0.0,c60df3da-9331-4eed-aefe-bae140a0a7cc
PAY000182,BOOK000182,2024-11-16,Cash,Cash,EUR,2360.0,Paid,0.0,60db0696-ec7e-4478-bf3c-81fad1c3a02e
PAY000183,BOOK000183,2025-12-29,Net Banking,Razorpay,EUR,12390.0,Paid,0.0,19da4ad8-d3fc-4149-ac97-91985507c62b
PAY000184,BOOK000184,2025-03-31,Cash,PayPal,SGD,23600.0,Paid,0.0,b21741b4-f1ac-4274-82e2-aea9979a72da
PAY000185,BOOK000185,2025-05-17,Credit Card,PhonePe,SGD,5310.0,Paid,0.0,b832f984-adc7-41d9-b8b4-afc263da1023
PAY000186,BOOK000186,2025-10-13,Credit Card,PhonePe,AED,30090.0,Paid,0.0,4ca08db9-d298-4449-a0f8-eb3ef755812f
PAY000187,BOOK000187,2025-07-30,Wallet,PayPal,EUR,20060.0,Paid,0.0,95046814-2983-49b3-b27a-34ff81d6e859
PAY000188,BOOK000188,2025-04-16,Credit Card,PayPal,INR,22302.0,Paid,0.0,8817873d-4734-4126-ae2b-0fdf5a3cb8aa
PAY000189,BOOK000189,2026-02-01,Cash,PhonePe,EUR,67260.0,Paid,0.0,150a8532-bc92-4f14-96c9-3d39b22faa90
PAY000190,BOOK000190,2025-06-26,UPI,Stripe,USD,37170.0,Paid,0.0,cab71fde-e9f2-42ce-8554-429163fcf57c
PAY000191,BOOK000191,2024-12-17,Credit Card,Stripe,EUR,37170.0,Paid,0.0,965b9e82-a366-48fc-8bdb-e5f5e5fc3bf4
PAY000192,BOOK000192,2025-08-14,Net Banking,Cash,USD,15045.0,Paid,0.0,637d7c60-98e6-4cf8-ae02-9961e79c890c
PAY000193,BOOK000193,2024-12-08,UPI,Stripe,INR,56050.0,Paid,0.0,db9d8c1d-2d74-4190-b939-304f550cb4f3
PAY000194,BOOK000194,2026-05-20,Credit Card,PayPal,INR,14042.0,Paid,0.0,dbb56ecd-9acd-4652-a83f-ae5852fc5199
PAY000195,BOOK000195,2026-03-19,Debit Card,Razorpay,USD,14160.0,Failed,0.0,f3b082b2-051b-4aca-bc53-13ec4c67ed1e
PAY000196,BOOK000196,2024-10-23,Wallet,Stripe,SGD,16520.0,Paid,0.0,8fd2e421-960b-48a4-b99d-e9a3a1c70250
PAY000197,BOOK000197,2026-01-04,Wallet,Stripe,INR,6608.0,Paid,0.0,00f0c191-0464-499c-a95d-0ee3fbc3787d
PAY000198,BOOK000198,2024-12-06,UPI,PhonePe,USD,35400.0,Paid,0.0,df878ad4-f9cd-40c9-a48c-aac5736e4566
PAY000199,BOOK000199,2025-01-14,Cash,PhonePe,SGD,5015.0,Refunded,1577.67,c8420063-04af-4ba9-baa2-f31ecd48bb9b
PAY000200,BOOK000200,2025-08-27,UPI,Stripe,EUR,28084.0,Paid,0.0,e976eee7-276d-40fc-932d-61e27a8fdd35
PAY000201,BOOK000201,2024-10-07,Net Banking,,AED,2655.0,Paid,0.0,1c2026c0-59c9-449c-9761-76e48d8eacb2
PAY000202,BOOK000202,2025-06-15,Credit Card,PhonePe,INR,24780.0,Paid,0.0,055cc73f-4c9e-4d17-9a8e-d10f41f5fbf6
PAY000203,BOOK000203,2026-05-13,Debit Card,Razorpay,SGD,99120.0,Paid,0.0,82fd05e0-fb8c-4491-8d1a-58ad7ba848fc
PAY000204,BOOK000204,2026-03-16,Net Banking,PhonePe,EUR,11800.0,Paid,0.0,f0899a58-7eaa-402f-9931-f9a89dc80e14
PAY000205,BOOK000205,2026-01-19,Wallet,Stripe,AED,9440.0,Paid,0.0,fe82f63e-a22c-40c3-afad-90eb2df28935
PAY000206,BOOK000206,2025-11-29,Credit Card,Cash,AED,53100.0,Paid,0.0,bd141bd7-6917-4605-a72f-4966012dbc70
PAY000207,BOOK000207,2024-11-11,Debit Card,Stripe,INR,28084.0,Paid,0.0,1cdc024c-2d6a-413a-8de7-54041558a3d6
PAY000208,BOOK000208,2026-01-01,Debit Card,Cash,EUR,24573.5,Refunded,19677.24,cd69cd12-73ed-4074-9117-b1073215a211
PAY000209,BOOK000209,2025-10-05,Credit Card,PhonePe,GBP,123900.0,Paid,0.0,a9549538-5731-4b9b-a42c-a7f94810d362
PAY000210,BOOK000210,2025-10-26,Net Banking,PayPal,SGD,11770.5,Paid,0.0,8df0e350-8c9c-4798-a7fe-042af83ab2a9
PAY000211,BOOK000211,2024-09-24,Wallet,Cash,SGD,47200.0,Paid,0.0,fc92bbda-9926-44d1-ab06-4f243159ea80
PAY000212,BOOK000212,2026-02-06,UPI,Stripe,AED,66080.0,Refunded,57424.35,a1775e97-a0fa-44ab-9b61-3ef47ff36f11
PAY000213,BOOK000213,2025-02-06,Wallet,Stripe,GBP,37170.0,Paid,0.0,31cf9ace-8356-4b8b-86c4-9bf06960f0f9
PAY000214,BOOK000214,2025-09-12,UPI,Razorpay,USD,99120.0,Paid,0.0,57f2bbe1-c7ad-4513-9adc-b75ffe434175
PAY000215,BOOK000215,2025-01-24,Cash,Cash,AED,16520.0,Paid,0.0,5ccf4e4c-32ff-4ef0-9353-0873795a9e77
PAY000216,BOOK000216,2025-01-07,UPI,PayPal,GBP,10531.5,Paid,0.0,dfbd1139-00c4-4074-bcf7-edb0aa60bad5
PAY000217,BOOK000217,2026-03-12,Cash,Cash,INR,4130.0,Paid,0.0,21b43296-a249-43dd-aa1a-6ad077c14632
PAY000218,BOOK000218,2025-09-08,Net Banking,PhonePe,INR,6608.0,Paid,0.0,e6d026b9-d4f4-4dd3-a849-412c09318761
PAY000219,BOOK000219,2025-09-23,Credit Card,Cash,GBP,30090.0,Paid,0.0,ef8b0c11-432e-46b3-8d35-5a1293bc4835
PAY000220,BOOK000220,2025-07-13,Net Banking,Razorpay,EUR,4720.0,Paid,0.0,3f3b61f4-0085-4aa0-971b-016009ac4cf7
PAY000221,BOOK000221,2025-12-05,Cash,,EUR,4720.0,Paid,0.0,a7882197-6c08-472d-b020-51e3fb044fea
PAY000222,BOOK000222,2026-03-01,Wallet,PhonePe,AED,74340.0,Paid,0.0,20944e0b-c785-420b-b581-8ad81f2122f3
PAY000223,BOOK000223,2024-10-11,Net Banking,Stripe,INR,23128.0,Paid,0.0,7a759a5e-af03-4574-97e9-48c97022dc6f
PAY000224,BOOK000224,2025-10-15,UPI,Cash,USD,4130.0,Paid,0.0,98c33f6b-3c39-4cf3-b881-49ba645b1ff7
PAY000225,BOOK000225,2024-09-15,Credit Card,Stripe,AED,47200.0,Paid,0.0,cb801d13-97f0-490e-8084-9821382cbe49
PAY000226,BOOK000226,2025-10-16,Debit Card,PayPal,EUR,20650.0,Paid,0.0,c020aa2c-4d00-4af2-97ec-f39a0729b006
PAY000227,BOOK000227,2025-07-24,UPI,Cash,INR,111510.0,Paid,0.0,a4e3e750-4e41-4a5e-a44c-7510ddfe7508
PAY000228,BOOK000228,2025-12-31,Credit Card,Stripe,AED,56050.0,Paid,0.0,9b4a83b7-9048-4691-b024-9875c7095ce3
PAY000229,BOOK000229,2025-08-10,Net Banking,PayPal,EUR,16520.0,Paid,0.0,fdceb203-e360-4839-b95b-3851b65e9fea
PAY000230,BOOK000230,2026-07-15,Net Banking,PhonePe,GBP,11210.0,Paid,0.0,892441e5-73e2-441c-9f6d-14a6136a137b
PAY000231,BOOK000231,2025-04-07,Debit Card,PhonePe,GBP,47200.0,Paid,0.0,e3a6dcba-0462-45e6-968e-d9bc8541d23f
PAY000232,BOOK000232,2026-01-30,Cash,PhonePe,GBP,88500.0,Paid,0.0,8c1dab1d-985b-406f-bd94-1e8a0cb0e04c
PAY000233,BOOK000233,2026-03-13,Cash,Stripe,GBP,39235.0,Paid,0.0,3781cf7b-eb2c-48b1-9d33-c60f598aa944
PAY000234,BOOK000234,2026-05-09,Net Banking,PhonePe,USD,74340.0,Paid,0.0,d3ce3db7-1a83-4f36-a770-a3b171485686
PAY000235,BOOK000235,2026-01-19,Wallet,PayPal,GBP,106200.0,Paid,0.0,fb494437-017d-4fab-ab80-eb5be86d1639
PAY000236,BOOK000236,2025-10-04,Net Banking,Razorpay,SGD,28320.0,Paid,0.0,803ad918-4eba-4785-9460-36775cea1af6
PAY000237,BOOK000237,2025-01-13,Wallet,Cash,INR,20060.0,Paid,0.0,4ae3ffd8-c65a-4413-9113-71d9df118597
PAY000238,BOOK000238,2025-01-11,UPI,PayPal,SGD,15930.0,Paid,0.0,bab35522-55bf-4581-b6c2-8a1a8a927872
PAY000239,BOOK000239,2026-07-13,Wallet,Cash,USD,9440.0,Refunded,7577.12,c9c9176d-b608-41cb-8e08-05b1d2ec98d1
PAY000240,BOOK000240,2025-01-26,Debit Card,PayPal,EUR,100890.0,Paid,0.0,c28825ca-376c-4427-a3a7-79dee718235f
PAY000241,BOOK000241,2025-06-20,Wallet,Stripe,SGD,6608.0,Paid,0.0,62342d72-abdc-4977-8263-f9bc70c1fe3b
PAY000242,BOOK000242,2026-07-29,UPI,Stripe,EUR,18880.0,Paid,0.0,e52c5f92-8bf3-468d-9989-71345b0f1679
PAY000243,BOOK000243,2025-01-17,Net Banking,PayPal,USD,18880.0,Paid,0.0,f6e950f3-de7c-4c70-a8c2-6c523e774a5e
PAY000244,BOOK000244,2025-02-24,Cash,PayPal,INR,70210.0,Paid,0.0,ecb32175-872d-4406-a90c-b91a23caa209
PAY000245,BOOK000245,2025-10-02,Debit Card,PhonePe,AED,45135.0,Refunded,23706.1,0fcfd033-61ff-4b30-bd0e-f5eedd0a3efb
PAY000246,BOOK000246,2026-07-01,Debit Card,Stripe,SGD,11800.0,Paid,0.0,3f414dc1-635b-4ca5-9de1-e68b31c95d60
PAY000247,BOOK000247,2025-11-06,UPI,Cash,INR,41300.0,Paid,0.0,2abcccd8-a46b-491d-923b-5172e2528df0
PAY000248,BOOK000248,2025-06-16,Debit Card,PayPal,GBP,23128.0,Paid,0.0,f5c50d8f-ea31-4961-a85c-f34d965dc622
PAY000249,BOOK000249,2025-08-22,Wallet,Stripe,AED,4720.0,Paid,0.0,b93ae082-fc8e-4630-92b6-d12745c45390
PAY000250,BOOK000250,2025-03-11,Cash,PhonePe,EUR,6608.0,Paid,0.0,f9d57117-e077-4dd5-a288-b4e551aff23c
PAY000251,BOOK000251,2025-09-18,Net Banking,Cash,SGD,41300.0,Paid,0.0,e7377980-2b17-4205-9d7f-e39b1310a298
PAY000252,BOOK000252,2025-10-25,Credit Card,PayPal,INR,30090.0,Paid,0.0,b69ef937-e350-4db8-ba39-b451ca2ce989
PAY000253,BOOK000253,2025-09-26,Cash,Cash,SGD,10620.0,Paid,0.0,7fcf7257-6f21-4ec6-a9a6-d3d91dfdae47
PAY000254,BOOK000254,2025-08-26,Cash,Stripe,EUR,15930.0,Paid,0.0,8f007431-3229-442b-bf85-56cba25f1126
PAY000255,BOOK000255,2024-11-29,Credit Card,PayPal,GBP,16520.0,Paid,0.0,efe440e4-f4f0-4a65-824a-fbe1f1e40174
PAY000256,BOOK000256,2025-04-16,Cash,PayPal,AED,54929.0,Paid,0.0,82fda276-8e6e-40dd-8717-6ec5ad8d79b7
PAY000257,BOOK000257,2024-10-10,Credit Card,Cash,SGD,117705.0,Failed,0.0,2f7f5743-e1ae-48ad-9c99-7a48a3af20a3
PAY000258,BOOK000258,2026-05-17,Debit Card,PhonePe,SGD,19617.5,Failed,0.0,09c02902-f9b4-43c7-b383-96cb4daf7e72
PAY000259,BOOK000259,2025-08-15,Wallet,Razorpay,AED,15694.0,Paid,0.0,92e923a7-80bc-41dd-a431-7aa201116275
PAY000260,BOOK000260,2025-02-02,Debit Card,Razorpay,SGD,14160.0,Paid,0.0,30307e37-0a49-4b2b-9e4c-4afa0851800d
PAY000261,BOOK000261,2024-10-27,Debit Card,Razorpay,EUR,56050.0,Paid,0.0,0e242acd-3650-427a-8499-26fb62fea4aa
PAY000262,BOOK000262,2026-01-10,Debit Card,Cash,USD,7021.0,Paid,0.0,ce5e9978-133d-489c-bcce-8b86c94731ed
PAY000263,BOOK000263,2025-03-09,Cash,Stripe,AED,31860.0,Paid,0.0,c306e9d3-1882-4e0d-a2f9-a0d925ffb37e
PAY000264,BOOK000264,2025-05-21,Cash,Razorpay,AED,11210.0,Paid,0.0,efc65ee5-41d8-4e2a-953e-8e19d0ca8d04
PAY000265,BOOK000265,2025-07-31,Debit Card,PayPal,INR,9440.0,Paid,0.0,f56ffd87-3c80-4528-864e-05fc783cb73a
PAY000266,BOOK000266,2025-05-24,Credit Card,Razorpay,USD,10620.0,Paid,0.0,70e0d437-ac1a-4e7a-a6f9-d4a5deb8fa1a
PAY000267,BOOK000267,2025-06-19,Credit Card,PhonePe,INR,11210.0,Paid,0.0,36a4f599-c832-4e5b-8849-e785cc8a3931
PAY000268,BOOK000268,2024-12-03,Wallet,Cash,INR,20060.0,Paid,0.0,787c92f3-bfa7-4d26-98d9-d33d7f51c9b2
PAY000269,BOOK000269,2024-09-21,Wallet,Stripe,SGD,14042.0,Paid,0.0,70aea951-9504-4e70-b153-4411d87a3fab
PAY000270,BOOK000270,2024-12-28,Cash,Cash,SGD,14042.0,Paid,0.0,1d5eed6a-d519-4136-9d05-5a52182afd61
PAY000271,BOOK000271,2025-05-20,Wallet,Cash,SGD,56640.0,Paid,0.0,c99cbe2a-ae46-4207-915f-b99cdefa7ade
PAY000272,BOOK000272,2025-10-22,Credit Card,Stripe,GBP,56050.0,Paid,0.0,a5c5a422-eecf-4727-8e3d-39c5482bb424
PAY000273,BOOK000273,2025-04-02,Wallet,Razorpay,USD,79650.0,Refunded,62733.3,0047a2e6-7653-4f10-adec-73ccf5d50bed
PAY000274,BOOK000274,2025-04-20,Wallet,Razorpay,GBP,10030.0,Paid,0.0,551a078d-da3a-4f7d-9730-e125bcd3e67b
PAY000275,BOOK000275,2025-12-20,Wallet,Stripe,INR,12537.5,Paid,0.0,decfdf29-1500-40c8-8d16-9707f0b8267b
PAY000276,BOOK000276,2026-06-22,Net Banking,Cash,SGD,7021.0,Paid,0.0,1403d355-2fef-46c4-9e7c-2a166cd28592
PAY000277,BOOK000277,2025-05-12,UPI,Razorpay,EUR,35105.0,Refunded,11967.33,f12d0e9b-7968-45c3-8082-6cb65b90decf
PAY000278,BOOK000278,2026-01-26,Wallet,Cash,AED,3717.0,Paid,0.0,e42ed5b6-c254-420c-b2f3-7f341db7541b
PAY000279,BOOK000279,2024-08-18,Cash,PayPal,GBP,5015.0,Paid,0.0,4128f2a9-95b4-4c60-bf23-ec9c145a3556
PAY000280,BOOK000280,2025-04-28,Cash,PayPal,EUR,10620.0,Paid,0.0,93690259-1d34-46c3-8840-cff0824a4565
PAY000281,BOOK000281,2026-06-29,Cash,Razorpay,EUR,15045.0,Paid,0.0,c5f7af31-955c-478d-806a-a249b8559e5e
PAY000282,BOOK000282,2025-03-22,Credit Card,PayPal,SGD,3923.5,Paid,0.0,33bc1ee1-c95d-4b1f-bf38-b7aa46397fff
PAY000283,BOOK000283,2026-07-08,Wallet,PhonePe,SGD,7434.0,Paid,0.0,3396216a-4520-406e-9225-794e2a97d89d
PAY000284,BOOK000284,2025-10-17,Net Banking,PayPal,EUR,4720.0,Paid,0.0,469179b7-6fdb-424a-8d2f-add025fbfdc2
PAY000285,BOOK000285,2024-09-23,UPI,PhonePe,GBP,29736.0,Paid,0.0,7cb185ba-c311-40ca-9b27-fa163fd253d4
PAY000286,BOOK000286,2026-04-29,Wallet,PhonePe,INR,28320.0,Refunded,21182.58,bd5a1e09-592b-474e-ac42-f2ea9d6078b1
PAY000287,BOOK000287,2026-01-31,Wallet,Stripe,INR,84960.0,Paid,0.0,c7856d6b-a76a-45b8-8423-922a3f85bbef
PAY000288,BOOK000288,2026-07-07,Credit Card,Stripe,INR,23541.0,Paid,0.0,d22b4849-8780-42ac-bb1f-e6c54e4d54e9
PAY000289,BOOK000289,2025-06-17,Cash,PayPal,GBP,4720.0,Paid,0.0,6534802c-ae25-44c3-9a83-b97f9bd6c70d
PAY000290,BOOK000290,2025-12-25,UPI,Cash,GBP,13275.0,Paid,0.0,d7a0da8d-ac2e-4276-9997-1748652ad78b
PAY000291,BOOK000291,2026-05-11,Wallet,Cash,GBP,35105.0,Refunded,27500.59,f1dd5b39-d8bc-49bb-9d5c-f3ccea744d22
PAY000292,BOOK000292,2026-04-25,Cash,Razorpay,GBP,14868.0,Paid,0.0,1e593d0e-a128-4e70-90f4-0c8b64cfac6f
PAY000293,BOOK000293,2026-06-13,Wallet,PayPal,AED,24780.0,Paid,0.0,ec827fb7-6fce-4902-a048-a2ec8cb0239d
PAY000294,BOOK000294,2024-08-20,Credit Card,PhonePe,INR,4720.0,Paid,0.0,4f2a9c84-5b12-4d9d-bfa8-c21d2ed6e028
PAY000295,BOOK000295,2026-06-22,Credit Card,PayPal,EUR,3923.5,Paid,0.0,dbffba5b-22ce-420e-911b-d020c60cc108
PAY000296,BOOK000296,2025-01-06,Wallet,PhonePe,SGD,5310.0,Paid,0.0,3949e6a1-d0ef-47fc-a11f-328e4274a588
PAY000297,BOOK000297,2024-11-19,Cash,Cash,AED,90270.0,Paid,0.0,36146a3a-0a86-47fa-b20e-06d2ab8dda8f
PAY000298,BOOK000298,2026-01-24,Net Banking,Cash,EUR,19824.0,Paid,0.0,a7403cb2-4247-4751-a4a5-435c2b495cc8
PAY000299,BOOK000299,2025-06-19,Wallet,Stripe,SGD,16520.0,Failed,0.0,bb72c283-a667-4a50-a99b-f19833c29693
PAY000300,BOOK000300,2025-05-21,Wallet,Cash,AED,8260.0,Paid,0.0,934d17f5-34ce-4b54-bf71-c26edbe11632
PAY000301,BOOK000301,2025-06-05,Debit Card,Cash,SGD,16520.0,Paid,0.0,26316c05-ee7d-427c-92cb-360e0ff1329c
PAY000302,BOOK000302,2024-09-03,Wallet,Stripe,EUR,79650.0,Paid,0.0,ce9dccbc-c416-4cf7-94a1-a4965f878239
PAY000303,BOOK000303,2024-10-02,Credit Card,Stripe,SGD,17700.0,Paid,0.0,fdf7e788-a80c-42a5-af48-fcfe0ef40c76
PAY000304,BOOK000304,2026-05-05,Credit Card,Cash,USD,2507.5,Paid,0.0,8870f4bb-9c8e-4d33-9221-2f296f49bbd6
PAY000305,BOOK000305,2026-07-14,Debit Card,Stripe,USD,18880.0,Paid,0.0,3b65a503-5233-42b3-aa1e-7b85ee2ddb36
PAY000306,BOOK000306,2024-08-08,Wallet,Cash,USD,35400.0,Refunded,20324.77,81317adf-f98b-46e0-9a35-0b477a6a049c
PAY000307,BOOK000307,2026-05-13,Cash,Cash,EUR,4720.0,Paid,0.0,b1b32590-09f1-4091-ab1e-010a54427f33
PAY000308,BOOK000308,2024-08-24,Wallet,PhonePe,EUR,18880.0,Paid,0.0,e75a9668-d9ac-4f58-a7a7-b51bf3d966e2
PAY000309,BOOK000309,2025-02-01,Debit Card,Cash,EUR,14160.0,Paid,0.0,b182f38f-904e-4d21-bae3-d7c16151cb65
PAY000310,BOOK000310,2024-09-23,Wallet,Stripe,INR,15045.0,Paid,0.0,b231d515-174f-4e58-b7ab-4101e921f73d
PAY000311,BOOK000311,2025-05-03,Credit Card,Razorpay,AED,9440.0,Paid,0.0,89ad8fa3-ca25-4a7d-8381-32a83c456f74
PAY000312,BOOK000312,2025-09-19,Wallet,Razorpay,AED,12390.0,Paid,0.0,f84aa87d-92d3-4733-803b-fdb73036b30d
PAY000313,BOOK000313,2024-10-30,Credit Card,Stripe,SGD,2950.0,Paid,0.0,4cd597ad-7c92-4a5d-8902-64c7b423be4c
PAY000314,BOOK000314,2026-03-27,UPI,Razorpay,AED,7522.5,Paid,0.0,150a964e-218b-4622-b739-b0db88f63ce1
PAY000315,BOOK000315,2025-05-13,Cash,Cash,SGD,42480.0,Refunded,12672.51,b3689f0e-c2a0-4619-8878-a1ee0dc15615
PAY000316,BOOK000316,2025-10-11,Credit Card,Cash,GBP,5900.0,Paid,0.0,df94acb2-ba01-4447-b199-3e4928b42282
PAY000317,BOOK000317,2026-05-08,Net Banking,PayPal,GBP,5605.0,Paid,0.0,2cb34b3f-2f42-4df6-b23b-56c310a7024a
PAY000318,BOOK000318,2025-02-10,Cash,PhonePe,AED,37170.0,Paid,0.0,6b364ca7-2efc-4f36-98a2-661eb968461a
PAY000319,BOOK000319,2026-07-03,UPI,PayPal,USD,99120.0,Paid,0.0,077e166e-63b1-4695-9672-f655e4cc126f
PAY000320,BOOK000320,2024-08-02,UPI,Cash,EUR,67260.0,Refunded,62830.46,8f2df576-a051-4a7e-8200-e76ec3459298
PAY000321,BOOK000321,2026-02-26,UPI,Stripe,INR,28320.0,Paid,0.0,51b099ae-eabc-4b38-9099-5e85713cd736
PAY000322,BOOK000322,2026-05-29,UPI,PhonePe,USD,30090.0,Paid,0.0,e3f234bb-ef13-4097-a3cd-b3e1f404dd75
PAY000323,BOOK000323,2025-01-30,Cash,PhonePe,GBP,19824.0,Paid,0.0,b68dc8e6-607c-49cc-84fb-e825cdb9984a
PAY000324,BOOK000324,2026-07-07,Cash,Cash,USD,35400.0,Refunded,9999.54,93c1484e-166f-44c9-858b-ef893b7eb695
PAY000325,BOOK000325,2024-12-03,Cash,Cash,INR,17700.0,Paid,0.0,2662b773-ed4f-4356-bd8c-7b29d04554c5
PAY000326,BOOK000326,2025-05-30,Debit Card,Cash,USD,22420.0,Paid,0.0,825e2840-66a6-44a6-946d-777fd21d8778
PAY000327,BOOK000327,2025-08-09,Wallet,Cash,AED,26432.0,Paid,0.0,562fafff-f2cf-4a13-be99-7f2e0ec06578
PAY000328,BOOK000328,2025-03-15,Wallet,Cash,INR,13216.0,Paid,0.0,fddaa2d3-eee6-49c7-a76f-6511e9e17720
PAY000329,BOOK000329,2025-01-29,Cash,,SGD,11800.0,Paid,0.0,f3764110-54f5-41d5-827c-5c1cabf6e8a4
PAY000330,BOOK000330,2024-08-16,Credit Card,PayPal,EUR,63720.0,Paid,0.0,4b6799cd-a877-497e-b092-071c6675c3f7
PAY000331,BOOK000331,2024-08-12,Wallet,PayPal,GBP,16815.0,Refunded,5173.7,9ab498ca-5627-438c-89c4-d49743d89dbf
PAY000332,BOOK000332,2024-09-07,UPI,PhonePe,SGD,2802.5,Paid,0.0,e63ece2d-c38e-48f0-b263-7439aafe71c9
PAY000333,BOOK000333,2024-10-13,Wallet,Stripe,SGD,60180.0,Failed,0.0,6302e314-a18b-4be3-bc90-adc97e9b7e13
PAY000334,BOOK000334,2026-05-28,UPI,Stripe,EUR,14160.0,Paid,0.0,427d65ac-d7bc-471a-81cd-55a861c897bc
PAY000335,BOOK000335,2026-03-24,Credit Card,PayPal,SGD,11210.0,Paid,0.0,e3bcfd4e-63fb-4d24-85b1-0ac305670492
PAY000336,BOOK000336,2025-10-20,Debit Card,PhonePe,SGD,14750.0,Refunded,5119.83,c5d89870-cce4-4010-b075-492695cb1b28
PAY000337,BOOK000337,2024-11-17,Wallet,Stripe,GBP,12537.5,Paid,0.0,8caff049-585e-487c-adab-83c296d7001c
PAY000338,BOOK000338,2025-09-19,Net Banking,Razorpay,SGD,5605.0,Paid,0.0,e96c6b69-48f1-4bce-abca-e5d0c78c8470
PAY000339,BOOK000339,2025-11-07,UPI,Razorpay,GBP,14868.0,Paid,0.0,4c0b5085-1b6e-4be9-828f-7c37dea49cc3
PAY000340,BOOK000340,2024-08-18,UPI,PhonePe,AED,4720.0,Paid,0.0,fea66282-d565-48b6-a6d6-24cc6b238637
PAY000341,BOOK000341,2025-08-15,Wallet,PhonePe,AED,11210.0,Paid,0.0,f45f3f9c-3b4c-4eca-9e9e-4d7a58e57c44
PAY000342,BOOK000342,2026-06-20,Net Banking,Razorpay,USD,14160.0,Paid,0.0,a3ef8146-341c-4c23-977e-d0656c51de68
PAY000343,BOOK000343,2025-06-21,Net Banking,Razorpay,INR,75225.0,Failed,0.0,3d93cd23-424c-4ed5-8603-6cb8db1b88ad
PAY000344,BOOK000344,2024-10-09,Net Banking,Razorpay,INR,74340.0,Paid,0.0,9dc1fafb-e50c-4c9d-ad99-cb8686fe3a5d
PAY000345,BOOK000345,2025-08-05,Net Banking,PayPal,AED,10531.5,Paid,0.0,ae061267-8080-41b6-9d48-d66b8a60bdd4
PAY000346,BOOK000346,2025-05-23,Net Banking,PayPal,GBP,70800.0,Failed,0.0,64552b06-e0bb-4544-b9dc-c496360096bb
PAY000347,BOOK000347,2024-11-07,UPI,PhonePe,SGD,39648.0,Paid,0.0,a9cc32d6-8657-4adb-acc1-f4b3ed1ede86
PAY000348,BOOK000348,2026-07-15,Wallet,PayPal,SGD,88500.0,Paid,0.0,5bd0e2dd-5e89-4080-b1a0-71204557e81a
PAY000349,BOOK000349,2025-07-03,Credit Card,PhonePe,USD,29500.0,Paid,0.0,15892af7-3e1a-4dc0-a77c-5ee3024ff652
PAY000350,BOOK000350,2025-11-11,Cash,PayPal,AED,11210.0,Paid,0.0,8a83fcca-7b44-42a9-9e43-41dcfaff6eaf
PAY000351,BOOK000351,2024-12-08,Debit Card,Cash,USD,29500.0,Paid,0.0,5890e6f1-f210-4991-b2b6-4cd99f4c2965
PAY000352,BOOK000352,2025-06-04,UPI,Razorpay,SGD,9440.0,Paid,0.0,e89d9e35-479f-4577-bebe-6ab60cd062bc
PAY000353,BOOK000353,2024-10-27,Cash,Razorpay,SGD,7847.0,Paid,0.0,7dfd6ebc-5b1d-40f6-a85e-1a0483ad90e3
PAY000354,BOOK000354,2024-08-05,Net Banking,PayPal,USD,74340.0,Paid,0.0,586618b3-9714-45a2-9508-5b2636885ebe
PAY000355,BOOK000355,2024-09-29,Cash,Razorpay,AED,14012.5,Paid,0.0,e5438834-79ec-4861-9168-bcdd090568cb
PAY000356,BOOK000356,2026-02-25,Net Banking,Stripe,USD,31860.0,Paid,0.0,d766b0e4-5d68-49c1-9967-3a0a2b17dbaa
PAY000357,BOOK000357,2025-05-13,Debit Card,Cash,SGD,21240.0,Paid,0.0,b3a20550-b524-4c12-8185-aadda991c4f8
PAY000358,BOOK000358,2026-03-17,UPI,PhonePe,GBP,41300.0,Paid,0.0,43d96b62-d3a1-4021-8c3d-e252f1244a68
PAY000359,BOOK000359,2026-06-26,Net Banking,Stripe,USD,19617.5,Paid,0.0,5a975b9c-a456-4c28-b96b-6c3a26b6b1b1
PAY000360,BOOK000360,2026-05-20,Net Banking,Razorpay,SGD,7021.0,Paid,0.0,33ecafe8-713e-4c5f-9079-95433d200363
PAY000361,BOOK000361,2025-06-19,Credit Card,PhonePe,INR,10030.0,Paid,0.0,51ca8945-8590-4866-a1fb-6150effddb88
PAY000362,BOOK000362,2026-03-30,Debit Card,Razorpay,GBP,8850.0,Paid,0.0,cf4540e0-b50f-44b9-b924-bc2cad370a05
PAY000363,BOOK000363,2024-12-19,Cash,Razorpay,USD,10620.0,Paid,0.0,125d61e2-3ea4-484e-a4c0-c5cd1493a4d5
PAY000364,BOOK000364,2026-01-10,Credit Card,Stripe,EUR,33040.0,Paid,0.0,611dd5cc-52fb-4bb4-878b-a863e101ba0d
PAY000365,BOOK000365,2026-03-07,Wallet,Stripe,EUR,10030.0,Paid,0.0,328b4bc6-2b63-451c-a119-00a707474adf
PAY000366,BOOK000366,2025-06-17,Cash,Stripe,EUR,84075.0,Paid,0.0,5b9710ed-85aa-499e-ac86-f03a08a64b84
PAY000367,BOOK000367,2026-03-03,Wallet,Stripe,SGD,31860.0,Paid,0.0,5e5e3736-ed24-418f-9432-5526c4cf26de
PAY000368,BOOK000368,2026-02-21,Debit Card,PayPal,INR,53100.0,Paid,0.0,9cafff3d-db13-402a-aacf-529b6000630a
PAY000369,BOOK000369,2025-06-03,UPI,Razorpay,SGD,19617.5,Paid,0.0,d4624682-ce4d-4b22-a9cd-4633a09f965e
PAY000370,BOOK000370,2024-09-29,UPI,Razorpay,GBP,82600.0,Refunded,32566.34,9d8fefb9-83b5-4818-a517-fae49c26d577
PAY000371,BOOK000371,2025-06-24,Credit Card,Razorpay,AED,11800.0,Paid,0.0,fe7d7726-cd29-46ed-ad64-93dacf88d4ad
PAY000372,BOOK000372,2025-10-23,Credit Card,PhonePe,AED,6608.0,Paid,0.0,3baa4e3a-77ae-4c21-bc3e-e8ee8b9ae4f1
PAY000373,BOOK000373,2026-02-04,Debit Card,Razorpay,USD,21240.0,Paid,0.0,fb0c48af-64bb-40ef-a584-d5d6914eef9d
PAY000374,BOOK000374,2025-11-28,UPI,Stripe,AED,67260.0,Paid,0.0,563fc960-0372-4f90-98db-0b6b8af412e3
PAY000375,BOOK000375,2025-04-22,Credit Card,PhonePe,GBP,39648.0,Paid,0.0,9013ab21-712f-4854-a62b-a5679bd6aeec
PAY000376,BOOK000376,2025-04-08,Credit Card,Cash,AED,117705.0,Paid,0.0,7ea34f00-3eba-452e-9467-08dfdd7cb61a
PAY000377,BOOK000377,2025-12-31,UPI,Stripe,AED,31860.0,Paid,0.0,594f37a9-cbe1-42bf-8322-f75733b8a692
PAY000378,BOOK000378,2025-11-11,UPI,Stripe,INR,35400.0,Paid,0.0,9aacbe8b-773e-4e1d-8be6-5d12557ff4ce
PAY000379,BOOK000379,2026-01-05,Cash,PhonePe,,9440.0,Paid,0.0,1b68d340-3596-4ffc-b45c-056c14a6a30a
PAY000380,BOOK000380,2025-12-07,Cash,Stripe,,7965.0,Paid,0.0,d084275c-3f07-4e74-b12e-987209e7221f
PAY000381,BOOK000381,2026-03-05,Wallet,Cash,GBP,49560.0,Paid,-100.0,b5a22b76-c25f-4cbe-95ac-1794f66fc36c
PAY000382,BOOK000382,2025-12-19,Net Banking,Stripe,SGD,14160.0,Paid,0.0,62b0ad9b-7bcf-4639-912c-0b791a46eb0a
PAY000383,BOOK000383,2026-03-29,Wallet,Cash,USD,23128.0,Refunded,13626.71,22f4a788-30d9-4f6c-bc58-8aa4d9501cd6
PAY000384,BOOK000384,2026-05-27,Debit Card,PhonePe,GBP,11800.0,Paid,0.0,3725bd3a-b5d1-4927-b2e1-2abc2c29ee73
PAY000385,BOOK000385,2025-08-24,Cash,Razorpay,AED,28025.0,Paid,0.0,cc9aa19b-f57b-4839-85ce-3615c2a06d50
PAY000386,BOOK000386,2024-12-25,Wallet,PhonePe,INR,35400.0,Paid,0.0,16c6d518-27a8-4607-b4f6-13949ab11617
PAY000387,BOOK000387,2025-11-13,UPI,Cash,GBP,37170.0,Paid,0.0,5f444932-5928-4e63-a75a-37eede3340fa
PAY000388,BOOK000388,2025-05-21,UPI,Stripe,SGD,47200.0,Paid,0.0,a1f3d710-0b47-4283-95f5-bd07a0bbce81
PAY000389,BOOK000389,2024-08-09,Debit Card,Razorpay,,6608.0,Refunded,5639.49,5a38d3ab-67c3-446a-908e-ed9dbc8407ce
PAY000390,BOOK000390,2025-02-08,UPI,Razorpay,AED,99120.0,Paid,0.0,8ac12de0-0d7e-4923-96b4-acc147075a28
PAY000391,BOOK000391,2025-02-28,Net Banking,Razorpay,AED,20060.0,Paid,0.0,38aa1b18-de36-4911-aa74-a1182c6142a1
PAY000392,BOOK000392,2026-03-16,Wallet,Stripe,EUR,14042.0,Failed,0.0,726e9089-00af-4822-b93c-5ecdcbb766d5
PAY000393,BOOK000393,2026-05-08,Wallet,Razorpay,EUR,11210.0,Paid,0.0,e3281efc-07ba-4a27-ad6c-2e3df3f58d8e
PAY000394,BOOK000394,2026-01-18,Net Banking,PayPal,SGD,14160.0,Failed,0.0,29661e59-6fcf-4ab5-9686-4b2bac51fab2
PAY000395,BOOK000395,2026-02-05,Debit Card,PayPal,GBP,9440.0,Paid,0.0,956fb297-7ae1-437f-98d3-63da00824a3f
PAY000396,BOOK000396,2025-09-20,UPI,,INR,10030.0,Refunded,4600.46,70ef1d88-fa5f-41f2-bf72-b409699f7f19
PAY000397,BOOK000397,2025-03-06,Cash,Stripe,EUR,15045.0,Paid,0.0,71aeab47-5fe5-4718-b6e3-c0e43727fedc
PAY000398,BOOK000398,2025-12-10,Credit Card,PhonePe,SGD,35105.0,Paid,0.0,082bb721-ae4c-4685-85dc-b3f8404fefae
PAY000399,BOOK000399,2025-01-13,Cash,Stripe,USD,35400.0,Paid,0.0,ff27b680-1456-44b8-9927-38fc33acbc87
PAY000400,BOOK000400,2025-11-30,Debit Card,PhonePe,INR,18585.0,Paid,0.0,960d095e-21f1-4f88-8a3e-5173aeb91091
PAY000401,BOOK000401,2025-01-02,UPI,PhonePe,GBP,15045.0,Failed,0.0,4d58ba89-7dfc-4612-8ca4-42ae68a524f5
PAY000402,BOOK000402,2025-01-03,Credit Card,Razorpay,INR,42480.0,Paid,0.0,ef37fd74-e40a-41fd-898c-07d82b731e83
PAY000403,BOOK000403,2025-01-09,UPI,Stripe,USD,99120.0,Paid,0.0,3c6134b2-327e-40f5-809f-ad28ac8d8bb0
PAY000404,BOOK000404,2024-09-29,Wallet,Cash,INR,5605.0,Refunded,2162.95,eaa7a123-bb83-4959-a50c-716f9354cccc
PAY000405,BOOK000405,2026-01-29,Debit Card,PhonePe,SGD,7522.5,Paid,0.0,68cba954-6af0-40e6-bb21-366d20a1af5d
PAY000406,BOOK000406,2024-12-30,Credit Card,PayPal,USD,54929.0,Paid,0.0,8ffa009b-8471-417b-a1f9-ad3b1b77e60b
PAY000407,BOOK000407,2026-03-17,Wallet,Cash,INR,23600.0,Refunded,15686.46,15010c5d-77da-4632-8bf9-2b55568d6fba
PAY000408,BOOK000408,2025-10-27,UPI,PayPal,USD,13216.0,Paid,0.0,01260c5a-58d7-4ab3-b0a9-330323db3d35
PAY000409,BOOK000409,2024-11-12,Debit Card,Cash,AED,5900.0,Paid,0.0,68975924-36d4-4011-a5de-5eb1950c5623
PAY000410,BOOK000410,2025-05-22,Debit Card,Cash,INR,41300.0,Paid,0.0,f3d2b06b-a803-4111-ab35-3d3a1fb417e4
PAY000411,BOOK000411,2026-06-22,Net Banking,Cash,EUR,10531.5,Paid,0.0,d9e76d0c-caac-40e2-808a-043fe56f1dd5
PAY000412,BOOK000412,2025-05-07,UPI,PhonePe,AED,5900.0,Paid,0.0,1833743d-4122-4d49-87cf-c52ae8f9f1cf
PAY000413,BOOK000413,2026-07-15,Cash,Stripe,GBP,60180.0,Failed,0.0,93b02f09-297f-45de-8c1f-cfbee42a6484
PAY000414,BOOK000414,2024-10-06,Cash,PhonePe,INR,78470.0,Paid,0.0,8e2d937a-23b9-44e3-91c1-a6e1b6c4a6fd
PAY000415,BOOK000415,2024-09-07,Cash,PhonePe,AED,16520.0,Paid,0.0,5a7ce6fe-f0d6-4d30-8048-c8bec422f636
PAY000416,BOOK000416,2025-02-19,Net Banking,Cash,USD,7021.0,Paid,0.0,dc46360d-8f0c-47ac-b7a4-f3c63a2d6aa6
PAY000417,BOOK000417,2025-10-03,Cash,PhonePe,AED,31860.0,Paid,0.0,262b304b-f5c8-4602-95ce-9bbc0100c5a4
PAY000418,BOOK000418,2025-04-26,UPI,PhonePe,USD,19824.0,Paid,0.0,9e1feafc-cfb3-4ebf-a86e-9933aef81a9d
PAY000419,BOOK000419,2026-07-28,UPI,Razorpay,USD,14160.0,Paid,0.0,30598944-f81c-4353-ab61-67f844523b4f
PAY000420,BOOK000420,2026-04-23,Debit Card,Razorpay,AED,35400.0,Paid,0.0,74858aad-4294-484b-be07-8e76a3e674eb
PAY000421,BOOK000421,2025-10-28,UPI,Stripe,USD,28084.0,Paid,0.0,ac3c46ae-3a98-48ab-818d-5de26780be5e
PAY000422,BOOK000422,2024-11-04,Cash,Stripe,INR,11800.0,Failed,0.0,f03a6f6e-f029-4ebb-b6b6-505241f14f46
PAY000423,BOOK000423,2026-02-01,UPI,PayPal,SGD,7021.0,Paid,0.0,96ab876a-4c78-401a-957c-1393aded8a4e
PAY000424,BOOK000424,2025-08-11,Wallet,PayPal,USD,19617.5,Paid,0.0,1f2afdf8-cd83-4c0e-bbfb-0630b8f1cedd
PAY000425,BOOK000425,2024-09-21,Cash,PayPal,SGD,14750.0,Paid,0.0,3e6d5fec-c257-47fe-8a8e-e55d168651d7
PAY000426,BOOK000426,2025-04-03,Cash,PayPal,GBP,2655.0,Paid,0.0,764499b5-2993-44c7-9526-baefa9b145b6
PAY000427,BOOK000427,2026-07-27,Debit Card,Razorpay,GBP,33040.0,Paid,0.0,45723643-a3fe-42a9-b7df-7011583fcfe2
PAY000428,BOOK000428,2025-07-05,Wallet,Razorpay,USD,2655.0,Paid,0.0,7ee467b0-2d62-41df-883e-042154a43642
PAY000429,BOOK000429,2025-05-28,Credit Card,Cash,USD,13216.0,Paid,0.0,0c1e0a99-f040-4a46-bdf2-160c6ef5a46e
PAY000430,BOOK000430,2024-10-18,Wallet,Cash,USD,46256.0,Paid,0.0,300a14a1-ca30-401b-b9aa-ec16ee58b5df
PAY000431,BOOK000431,2026-03-07,UPI,PayPal,USD,9440.0,Refunded,3174.65,c562ff3c-c0c7-45b6-b4a1-ccc4cb607ca8
PAY000432,BOOK000432,2025-03-13,Net Banking,Cash,AED,10030.0,Paid,0.0,8a7c93fc-58a1-4614-b1de-2cda7269067e
PAY000433,BOOK000433,2026-08-02,Debit Card,PayPal,GBP,35400.0,Paid,0.0,e6f96cbf-e76a-44b7-b417-788c46e57bad
PAY000434,BOOK000434,2026-04-18,Debit Card,Stripe,USD,31860.0,Paid,0.0,f03ade77-2986-4dd4-a79d-3817d1ad67c6
PAY000435,BOOK000435,2024-10-23,Cash,PhonePe,USD,17700.0,Paid,-100.0,dabf561b-fa56-493c-95fe-74c6118e9b22
PAY000436,BOOK000436,2025-09-26,Cash,Razorpay,EUR,14012.5,Refunded,4352.24,1c7d0276-1d1d-403c-8b5c-985fd35f8b3e
PAY000437,BOOK000437,2025-06-15,Cash,Stripe,USD,49560.0,Paid,0.0,a73ba5ae-1225-4e1c-8a7c-af5ab1c5cfc0
PAY000438,BOOK000438,2024-08-09,Net Banking,PhonePe,AED,84075.0,Paid,0.0,b5fb3c87-7f4d-49fe-afed-1bb30022babb
PAY000439,BOOK000439,2025-04-20,UPI,PhonePe,EUR,15694.0,Paid,0.0,bec9e519-9ccc-4726-900f-e77da2cd64f8
PAY000440,BOOK000440,2026-07-01,Credit Card,Razorpay,AED,35105.0,Paid,0.0,d44f3105-d20a-47f7-9615-f2051b04c138
PAY000441,BOOK000441,2025-05-03,Credit Card,Razorpay,AED,56640.0,Paid,0.0,416b05dc-3e46-4590-8abf-3d389ec67348
PAY000442,BOOK000442,2025-06-14,Net Banking,PayPal,EUR,105315.0,Paid,0.0,4ae357b6-708e-4678-baaf-8cab5339be0b
PAY000443,BOOK000443,2024-12-29,Cash,Cash,SGD,24780.0,Paid,0.0,0116d341-be23-4fc8-9ab1-337aea3f71f4
PAY000444,BOOK000444,2026-02-14,Cash,PayPal,AED,45135.0,Paid,0.0,b112edf8-05e4-47dd-a075-f7d991c25a4c
PAY000445,BOOK000445,2026-06-22,Cash,Stripe,GBP,75225.0,Refunded,63030.31,97c9ba0a-18e6-43ad-b45f-c0524939c9c3
PAY000446,BOOK000446,2025-03-07,Debit Card,PayPal,GBP,14750.0,Paid,0.0,abc6e355-2b9e-42cb-85ac-ad25ce0aa21b
PAY000447,BOOK000447,2025-01-19,Debit Card,PayPal,EUR,14160.0,Paid,0.0,66790176-c7b3-458a-8288-7403a49ad948
PAY000448,BOOK000448,2025-09-28,Net Banking,PayPal,USD,11210.0,Paid,0.0,62496d52-723a-48d6-abbe-ec1042832612
PAY000449,BOOK000449,2024-09-27,Credit Card,Cash,GBP,14868.0,Paid,0.0,bc489328-fd5e-4de1-bab6-f652d6a5fd4b
PAY000450,BOOK000450,2026-03-16,Cash,Razorpay,AED,16520.0,Paid,0.0,a140e742-9144-42b5-9136-35bfd2160116
PAY000451,BOOK000451,2024-12-03,Net Banking,Stripe,GBP,18585.0,Paid,0.0,e6f7f1eb-83c0-4000-b350-aa6ec1a643d2
PAY000452,BOOK000452,2026-01-09,Cash,PhonePe,EUR,15045.0,Paid,0.0,7193c988-1c51-4b68-b241-b05a6b4fe631
PAY000453,BOOK000453,2025-02-09,Net Banking,Stripe,AED,9440.0,Paid,0.0,4522deb3-9c20-43a1-8f20-7110285d47d1
PAY000454,BOOK000454,2024-11-21,Wallet,PayPal,GBP,54929.0,Paid,0.0,06f57f24-8ead-42ce-8f00-80988eb1e6f8
PAY000455,BOOK000455,2024-11-06,Wallet,PayPal,INR,14012.5,Paid,0.0,d2b0ca64-0dda-4e51-9848-4865eb9fd8c0
PAY000456,BOOK000456,2025-08-25,Net Banking,PayPal,USD,6608.0,Paid,0.0,c31a439f-de8a-4888-8ee5-8717e596463d
PAY000457,BOOK000457,2025-06-01,Wallet,PayPal,EUR,82600.0,Paid,0.0,ec98e9f8-bab6-4c88-b89b-790753d63754
PAY000458,BOOK000458,2025-02-10,UPI,PayPal,USD,39235.0,Paid,0.0,33dea20c-a8f0-4831-8ce7-a25d0fc80e9c
PAY000459,BOOK000459,2025-03-05,UPI,Stripe,SGD,84075.0,Refunded,53439.67,e970b68a-ac26-4355-bbdc-dda07cecf7e4
PAY000460,BOOK000460,2025-07-05,Debit Card,Cash,EUR,11770.5,Paid,0.0,8194b02e-fd5f-4f2c-8b3f-92cfb27c02ed
PAY000461,BOOK000461,2024-10-17,Credit Card,PhonePe,AED,28084.0,Paid,0.0,11ce5b89-8eb8-4562-8e2d-ac1b90c9f490
PAY000462,BOOK000462,2025-03-22,Debit Card,Razorpay,AED,20060.0,Paid,0.0,cb0c99e3-63cd-4a43-a84c-65bd6fb5ec9f
PAY000463,BOOK000463,2026-03-25,Net Banking,Stripe,SGD,28320.0,Paid,0.0,86cd218f-4969-4f7c-8524-6bae684a4541
PAY000464,BOOK000464,2026-04-30,Cash,Razorpay,EUR,16520.0,Refunded,4977.56,0ed7b42f-d794-403f-9109-1ee3f94e2180
PAY000465,BOOK000465,2025-01-26,Credit Card,Cash,SGD,7847.0,Paid,0.0,7aaa2d4e-a3fa-473f-abea-1cec81deed47
PAY000466,BOOK000466,2024-09-17,Cash,Stripe,INR,13216.0,Paid,0.0,fbd44b9a-a745-4578-a454-1886348f482b
PAY000467,BOOK000467,2024-12-05,Credit Card,PayPal,USD,7847.0,Paid,0.0,5ba19753-b717-4877-89d5-84f2f5074271
PAY000468,BOOK000468,2025-07-25,Credit Card,Stripe,GBP,30090.0,Paid,-100.0,42a9f797-f97d-4123-9e96-841b71af97d6
PAY000469,BOOK000469,2026-01-28,UPI,Razorpay,GBP,3304.0,Paid,0.0,d67b851a-29d8-4ad0-81db-82a4e3751cae
PAY000470,BOOK000470,2026-05-25,Credit Card,PhonePe,SGD,15930.0,Paid,0.0,e08b4b2b-40d7-494e-b548-e0da9a256870
PAY000471,BOOK000471,2025-07-16,Net Banking,PayPal,USD,19617.5,Paid,0.0,cd05fdc7-4bc3-43d5-ae1d-df25f5657c17
PAY000472,BOOK000472,2024-09-12,Net Banking,Cash,EUR,2802.5,Paid,0.0,b9ea4ada-dbf6-49c8-b7b0-cecc2b2a69e6
PAY000473,BOOK000473,2025-01-02,UPI,Razorpay,INR,5605.0,Paid,0.0,bdac67ea-2ce7-4981-8d67-05f6611567c6
PAY000474,BOOK000474,2025-02-19,Net Banking,PayPal,SGD,5605.0,Paid,0.0,ad35d11c-f691-4a52-bfca-6aa41d1c10b4
PAY000475,BOOK000475,2026-02-01,Wallet,Cash,EUR,3717.0,Paid,0.0,7e19e560-af86-43a7-99ab-0c871ec44950
PAY000476,BOOK000476,2026-02-13,Net Banking,PayPal,EUR,16520.0,Paid,0.0,35fe4666-43c2-4d19-9f4e-2140b5122ab6
PAY000477,BOOK000477,2024-12-30,UPI,PhonePe,USD,21063.0,Paid,0.0,c4fb535c-72bf-4408-9568-791d7dcbe8bd
PAY000478,BOOK000478,2025-10-29,Cash,PayPal,EUR,14868.0,Refunded,5119.1,b6e6411d-3aba-4fd3-ac5d-963ad9890967
PAY000479,BOOK000479,2025-02-23,Credit Card,PhonePe,AED,95580.0,Paid,0.0,0a8cceca-bccd-4617-a437-2d6369e4faf4
PAY000480,BOOK000480,2025-04-02,Debit Card,PayPal,AED,19824.0,Paid,0.0,2ccaaa1d-5b09-4316-b56f-741f12819cb3
PAY000481,BOOK000481,2025-09-30,Debit Card,Razorpay,EUR,9440.0,Paid,0.0,13d6dd02-27a2-416b-aa0b-879d4e1dbfd9
PAY000482,BOOK000482,2026-04-29,Net Banking,Cash,INR,2507.5,Paid,0.0,62f2ba7c-4c12-46f1-af2e-1a1d91b939d5
PAY000483,BOOK000483,2024-09-12,UPI,Cash,GBP,100890.0,Paid,0.0,3efcf75a-9aa3-40c9-8ab6-94920d498714
PAY000484,BOOK000484,2026-05-27,Cash,PhonePe,SGD,14868.0,Paid,0.0,d7b7be73-a35c-49df-96e2-324eb146d46a
PAY000485,BOOK000485,2025-03-30,Cash,Cash,EUR,16815.0,Refunded,14686.74,e56f814b-dffb-44dc-bc23-aaf70ae64933
PAY000486,BOOK000486,2025-02-06,Credit Card,PayPal,USD,56640.0,Paid,0.0,06c2e12f-8e06-4709-8543-b99745cf1ef6
PAY000487,BOOK000487,2026-07-07,UPI,PayPal,USD,17552.5,Failed,0.0,bcd987a4-492a-47ca-bbb3-fcf7af727fb1
PAY000488,BOOK000488,2025-01-29,UPI,Razorpay,AED,56640.0,Paid,0.0,1e4c3c85-0fdd-46d7-8593-665e041338e1
PAY000489,BOOK000489,2026-04-05,Debit Card,Cash,INR,63720.0,Paid,0.0,5313ca52-6ac6-4d50-93a2-7bbbca24dd9d
PAY000490,BOOK000490,2025-03-10,Debit Card,Stripe,EUR,10531.5,Paid,0.0,4bd4052e-5dfd-4d7b-9445-5f4dad07656b
PAY000491,BOOK000491,2024-08-06,Debit Card,Cash,USD,24780.0,Paid,0.0,8a8efbd4-7358-4ac1-bf8e-3c1c0bf46705
PAY000492,BOOK000492,2025-10-29,Credit Card,PayPal,INR,14042.0,Paid,0.0,35edd31a-498b-4d22-bf4d-bf1c63c2c89e
PAY000493,BOOK000493,2026-05-16,UPI,Stripe,EUR,7434.0,Paid,0.0,e76f1072-de70-4b25-8d84-e1f942c50e6e
PAY000494,BOOK000494,2026-06-03,Credit Card,PhonePe,EUR,11800.0,Paid,0.0,ad3c2070-11cf-4699-a8e0-263640c34835
PAY000495,BOOK000495,2024-10-03,UPI,PhonePe,GBP,33040.0,Paid,0.0,f93b12c5-c065-4478-8795-254240194b5f
PAY000496,BOOK000496,2024-10-14,Net Banking,Razorpay,AED,4720.0,Paid,0.0,efd16d27-0c70-4216-a9b9-82b07013ab5e
PAY000497,BOOK000497,2025-10-19,Cash,PhonePe,GBP,11151.0,Paid,0.0,45e72d05-9cfb-4dfe-b0fc-9d132b0c51a7
PAY000498,BOOK000498,2026-04-18,Net Banking,Stripe,USD,14160.0,Paid,0.0,9ec0f960-29da-411e-b8f7-9d49a24362b7
PAY000499,BOOK000499,2026-06-14,Net Banking,PayPal,GBP,4720.0,Paid,0.0,0c3a4fd4-b35f-4a75-93c1-86055c8b1218
PAY000500,BOOK000500,2025-01-03,Wallet,Cash,SGD,2655.0,Paid,0.0,44817efe-5e60-49fb-af8d-01b763b85a60
PAY000501,BOOK000501,2026-02-03,UPI,Stripe,USD,30090.0,Paid,0.0,d609e90c-d23c-4fdd-b41e-8ebc8c98ff36
PAY000502,BOOK000502,2025-07-25,Net Banking,Stripe,SGD,3923.5,Failed,0.0,051bfeab-203e-480c-8d70-4147c1cd36cc
PAY000503,BOOK000503,2025-12-14,Credit Card,Cash,EUR,16815.0,Failed,0.0,464787e9-5e3a-4c93-a25d-486589899719
PAY000504,BOOK000504,2024-10-29,Cash,PhonePe,GBP,16520.0,Paid,0.0,a4d1af49-26fb-4d89-bb3f-85b0650f7b1b
PAY000505,BOOK000505,2025-02-26,Wallet,Razorpay,USD,15694.0,Refunded,8659.02,5a9634bc-dc19-4a96-83f3-56d54987289f
PAY000506,BOOK000506,2024-10-03,Net Banking,PhonePe,GBP,9440.0,Paid,0.0,14935995-fb3b-4593-b6fa-be40f4a024c6
PAY000507,BOOK000507,2026-06-03,Cash,Stripe,GBP,19617.5,Paid,0.0,f9283025-5416-4d56-ab97-d9c74873ff80
PAY000508,BOOK000508,2026-05-27,UPI,PhonePe,USD,28025.0,Paid,0.0,351a99bc-848e-4b2e-92ca-110be5f9d1e2
PAY000509,BOOK000509,2025-04-13,Net Banking,Cash,INR,23600.0,Paid,0.0,089163cf-1ec2-46ea-995c-1c2773c370a3
PAY000510,BOOK000510,2024-11-30,Cash,PhonePe,EUR,22420.0,Paid,0.0,462d03a9-4aba-4ea2-ad44-1362c151cd5e
PAY000511,BOOK000511,2025-07-29,Wallet,PayPal,USD,57820.0,Paid,0.0,a586e8e6-b70c-4577-839a-402a2505bded
PAY000512,BOOK000512,2025-05-09,Net Banking,Razorpay,INR,67260.0,Paid,0.0,93c4cb60-1298-4b25-9c59-7f4172a61226
PAY000513,BOOK000513,2026-07-27,UPI,Razorpay,AED,24780.0,Paid,0.0,4036f3bb-3a22-406d-a72a-d4dfdc6a5ab7
PAY000514,BOOK000514,2025-01-11,Wallet,PhonePe,INR,11800.0,Paid,0.0,11f380f0-6be1-4bbe-b3cb-3e766cd5e3f0
PAY000515,BOOK000515,2026-06-30,Debit Card,Cash,GBP,33630.0,Paid,0.0,2591438d-6674-4388-bb39-7f25306d2969
PAY000516,BOOK000516,2024-12-21,Net Banking,PayPal,INR,22302.0,Paid,0.0,29abc951-0de1-4146-bd8a-c599d6519e10
PAY000517,BOOK000517,2024-08-09,Debit Card,Stripe,AED,11210.0,Failed,0.0,77888578-3ca0-42ae-a098-75fb1a08d91c
PAY000518,BOOK000518,2026-08-01,UPI,PayPal,INR,37170.0,Paid,0.0,48502cbf-3578-48ae-b511-37cdae461576
PAY000519,BOOK000519,2024-09-01,Cash,Razorpay,SGD,6608.0,Paid,0.0,7df9eba1-3566-4088-9449-d557d143fd4a
PAY000520,BOOK000520,2025-11-17,Debit Card,PayPal,INR,20650.0,Paid,0.0,2f69bd14-ca7c-4482-b5a0-c5ddaa294be6
PAY000521,BOOK000521,2026-02-05,Cash,Cash,INR,33040.0,Paid,0.0,0a3ddc2e-7b11-4aae-bd5a-cd75a7796510
PAY000522,BOOK000522,2026-05-07,Net Banking,Razorpay,INR,33630.0,Refunded,22902.07,9e8482ec-d6da-4286-97e5-da061b802803
PAY000523,BOOK000523,2024-12-04,Cash,Razorpay,USD,47082.0,Paid,0.0,056e5a5b-36b8-4125-9b51-b5eb9dba7b6a
PAY000524,BOOK000524,2025-10-05,Credit Card,PhonePe,EUR,9440.0,Paid,0.0,c569af0e-5938-4116-92fc-96bab9527ba7
PAY000525,BOOK000525,2026-07-30,UPI,,SGD,54929.0,Paid,0.0,b67baa6a-bf9a-4076-a9f0-8f38041fb384
PAY000526,BOOK000526,2026-04-08,Wallet,PhonePe,SGD,15930.0,Paid,0.0,82932381-c0c3-4526-9a66-c2fc0e9eb726
PAY000527,BOOK000527,2025-02-23,Credit Card,Stripe,AED,60180.0,Paid,0.0,2276a669-4865-41ef-803d-193b87f88060
PAY000528,BOOK000528,2025-04-05,Debit Card,PayPal,USD,21240.0,Paid,0.0,213588f1-62f4-4763-9721-46d95325eba5
PAY000529,BOOK000529,2024-08-12,Cash,Cash,AED,70800.0,Paid,0.0,4805ba7b-a178-425a-8d03-1bd2c43f602f
PAY000530,BOOK000530,2024-11-03,Credit Card,Razorpay,AED,33630.0,Paid,0.0,5a936cc1-17e7-4e90-990c-1ef0a3d2e5e2
PAY000531,BOOK000531,2025-01-30,UPI,Cash,EUR,14042.0,Refunded,9496.99,fb8e4ebd-eadc-4317-af5d-b402df58bf01
PAY000532,BOOK000532,2024-12-24,Net Banking,Razorpay,SGD,9440.0,Paid,0.0,1c412b96-b769-4708-a8a0-5ab554616cc9
PAY000533,BOOK000533,2025-03-02,Debit Card,Stripe,AED,22420.0,Paid,0.0,c8a9200d-6d45-417d-8454-e96395fc19f3
PAY000534,BOOK000534,2024-09-16,Credit Card,PayPal,USD,5900.0,Paid,0.0,25723487-880e-42ab-a161-0cdf0024a5fd
PAY000535,BOOK000535,2025-06-09,Net Banking,Razorpay,INR,2360.0,Refunded,1353.4,865e7e7b-6cee-4215-8e19-012a601bc4f0
PAY000536,BOOK000536,2024-09-09,Wallet,Stripe,USD,10030.0,Paid,0.0,b9774ab2-3012-4e71-a508-b7643d407140
PAY000537,BOOK000537,2025-08-31,Credit Card,Razorpay,GBP,59000.0,Paid,0.0,06f6a3f7-da78-48fc-aede-3e08a8592966
PAY000538,BOOK000538,2025-10-23,Wallet,Razorpay,USD,12537.5,Paid,0.0,926a6c77-f02b-45ea-9289-758c63545acf
PAY000539,BOOK000539,2025-05-21,Debit Card,Stripe,USD,14012.5,Refunded,4414.2,1495a799-c701-480a-9d48-acc0b2e0ffa9
PAY000540,BOOK000540,2024-12-25,Debit Card,Cash,USD,13216.0,Paid,0.0,b229a248-a2b0-4afc-ac51-1d9e187689b2
PAY000541,BOOK000541,2025-11-01,Credit Card,Stripe,INR,22420.0,Paid,0.0,e5cea0bc-5fdb-4858-be9b-f2383400d33c
PAY000542,BOOK000542,2026-05-06,Credit Card,Stripe,AED,15930.0,Paid,0.0,4159e132-0ac3-448d-8aea-2f6be6631321
PAY000543,BOOK000543,2025-04-15,Credit Card,Stripe,INR,47790.0,Paid,0.0,ad50bee5-1061-40a8-9baf-4f96df50c356
PAY000544,BOOK000544,2025-07-13,Credit Card,Stripe,AED,18585.0,Paid,0.0,3aa78f69-9428-41a1-b9b7-cc6cc8046f84
PAY000545,BOOK000545,2024-11-26,Wallet,PhonePe,EUR,31860.0,Paid,0.0,cc72d4d3-29e6-447b-98ec-ed88efc2f926
PAY000546,BOOK000546,2024-09-29,Wallet,PayPal,USD,74340.0,Paid,0.0,a7de8e35-e8cb-41e1-9149-85e667b0808d
PAY000547,BOOK000547,2024-11-03,Wallet,Cash,USD,20060.0,Paid,0.0,63b97c83-3724-40f1-a82a-d708d8cc9a4e
PAY000548,BOOK000548,2025-11-28,Net Banking,Stripe,SGD,3510.5,Paid,0.0,8876a946-517c-40cf-830d-e6a6cf156dbb
PAY000549,BOOK000549,2026-03-16,Cash,Cash,EUR,31388.0,Paid,0.0,06508bec-15ca-4ee0-a9a2-427e51a29b3b
PAY000550,BOOK000550,2024-11-29,Cash,PayPal,SGD,11210.0,Paid,0.0,3c4324a2-c6fa-434e-900f-a5030388026e
PAY000551,BOOK000551,2025-07-11,Cash,Cash,EUR,19617.5,Paid,0.0,28f38d5e-4e06-43b9-9314-e002ce194a21
PAY000552,BOOK000552,2025-10-12,Credit Card,PhonePe,EUR,47790.0,Refunded,15885.22,5fca8f27-c91f-4656-8328-a122243c5071
PAY000553,BOOK000553,2026-05-12,UPI,PayPal,INR,50445.0,Paid,0.0,7a1b135b-a54a-4fd7-9476-4b50399e7735
PAY000554,BOOK000554,2024-11-24,Cash,Stripe,INR,11800.0,Paid,0.0,597a9e17-d3a2-4ccf-8c9d-c90848b0b2e1
PAY000555,BOOK000555,2025-01-08,Credit Card,Cash,SGD,5605.0,Paid,0.0,1bb2b384-b0bf-4679-985e-b0e9eb29ba35
PAY000556,BOOK000556,2024-12-03,Credit Card,Razorpay,EUR,63720.0,Paid,0.0,880b8772-78d9-4cc5-98b8-f7b4397ee358
PAY000557,BOOK000557,2026-02-21,Cash,Razorpay,GBP,15045.0,Paid,0.0,2367dc70-3994-447a-b0a9-2445ddde2036
PAY000558,BOOK000558,2026-02-02,Cash,PhonePe,USD,99120.0,Paid,0.0,73e330af-adb1-415b-a7cd-b33051b32bee
PAY000559,BOOK000559,2025-05-13,Wallet,PhonePe,SGD,5605.0,Paid,0.0,34a372d8-c21a-406c-9bad-10729531bf03
PAY000560,BOOK000560,2024-09-03,UPI,PhonePe,INR,7522.5,Paid,0.0,aa9a06ba-18a2-4dc3-a695-5f0d07d7321a
PAY000561,BOOK000561,2024-11-09,UPI,PhonePe,GBP,10030.0,Paid,0.0,55339848-e288-4cac-b23b-38992a3ee8b7
PAY000562,BOOK000562,2026-05-26,Wallet,PhonePe,INR,42480.0,Paid,0.0,a474c02a-7416-4781-8863-1cbce247e6b6
PAY000563,BOOK000563,2025-02-05,Cash,Razorpay,EUR,8260.0,Refunded,4640.29,b24048f1-f452-4cc6-bb59-4e830431ef66
PAY000564,BOOK000564,2026-02-06,Net Banking,PayPal,AED,8407.5,Paid,0.0,e6e9093e-4b08-4fc1-aa11-a0e133cfd2b5
PAY000565,BOOK000565,2024-12-25,UPI,Stripe,INR,10531.5,Paid,0.0,a28ba624-9fb2-4541-86c6-dd6c5fe24a61
PAY000566,BOOK000566,2024-08-05,Credit Card,Razorpay,,53100.0,Paid,0.0,9cd23bdf-b093-43cb-89c9-d847afeb6cf6
PAY000567,BOOK000567,2026-05-17,Credit Card,PayPal,SGD,10620.0,Paid,0.0,ce66152c-c109-4933-95ad-246d642e9b43
PAY000568,BOOK000568,2025-10-26,Net Banking,Stripe,USD,42480.0,Refunded,26724.99,671c5018-8467-4769-98f4-515328418c6f
PAY000569,BOOK000569,2026-05-15,Net Banking,Razorpay,INR,23600.0,Paid,0.0,46e36c9a-c9cd-4a7e-b1b6-ffdf96533c04
PAY000570,BOOK000570,2026-01-23,Credit Card,PhonePe,SGD,37760.0,Paid,0.0,bac46a2e-e1a3-4305-93b9-6f1428ab26f0
PAY000571,BOOK000571,2025-08-22,UPI,PhonePe,EUR,33630.0,Paid,0.0,425ae848-2b9f-44ec-a685-b283432a2ff3
PAY000572,BOOK000572,2026-06-16,Wallet,PhonePe,EUR,13275.0,Paid,0.0,c35ef3f2-7774-41f5-90bf-354b1b033517
PAY000573,BOOK000573,2026-06-21,UPI,Stripe,USD,99120.0,Paid,0.0,f5a40309-6718-4bcc-9226-bf88089d0717
PAY000574,BOOK000574,2026-03-21,Net Banking,Razorpay,USD,2655.0,Paid,0.0,95871f83-4ec1-4b36-b24d-7520cfe8f1c7
PAY000575,BOOK000575,2024-08-21,Wallet,PayPal,GBP,56640.0,Paid,0.0,c5a7d437-7a69-407d-b8ab-ca3a6559f55d
PAY000576,BOOK000576,2025-08-16,Debit Card,PhonePe,EUR,39648.0,Refunded,10411.66,202e9139-4b4d-42aa-bde4-b2f8c56a841d
PAY000577,BOOK000577,2025-06-02,Debit Card,Stripe,INR,4130.0,Paid,0.0,be60ba57-53af-430c-b134-fa55eeb952bf
PAY000578,BOOK000578,2025-05-24,Cash,PhonePe,GBP,5310.0,Failed,0.0,2ee37923-89d8-4352-bcc0-277817ff6ca3
PAY000579,BOOK000579,2026-04-27,UPI,PayPal,USD,18585.0,Refunded,14582.55,b07e3b27-8757-4490-9acf-7c4041557034
PAY000580,BOOK000580,2025-07-07,Cash,Cash,AED,23541.0,Paid,-100.0,d9eb569f-7d57-445c-8abd-cd74126dfc4c
PAY000581,BOOK000581,2026-01-09,UPI,PayPal,AED,7021.0,Paid,0.0,ae3cf9a3-437d-4ec7-a185-dba968c87a78
PAY000582,BOOK000582,2025-04-14,Debit Card,PhonePe,INR,16520.0,Paid,0.0,5fda676f-6ed7-4cc4-bd5a-027302912831
PAY000583,BOOK000583,2026-06-10,UPI,PayPal,SGD,27464.5,Paid,0.0,f82a02dd-83db-483e-838e-19e37e1d40e9
PAY000584,BOOK000584,2026-06-09,Cash,Stripe,EUR,18585.0,Paid,0.0,53d6cb4a-1536-41d0-9683-f1bbc9108d01
PAY000585,BOOK000585,2026-01-17,UPI,Stripe,USD,35400.0,Paid,0.0,aed41b39-ed6e-4a11-aceb-180cb8671ee2
PAY000586,BOOK000586,2025-01-08,Wallet,PayPal,EUR,9440.0,Paid,0.0,fd151f43-9873-41f8-a4fe-f4fc806fbbb8
PAY000587,BOOK000587,2025-01-17,UPI,Razorpay,GBP,33630.0,Paid,0.0,a780274d-e56b-4144-913e-4c5877887d40
PAY000588,BOOK000588,2025-11-23,Debit Card,PayPal,AED,56640.0,Paid,0.0,29a49745-dd6d-40f2-ade2-3e2e67d4a64a
PAY000589,BOOK000589,2025-12-07,Cash,Stripe,USD,20060.0,Paid,0.0,cfed3baf-2781-4ca0-bc06-4d4ea188c0a7
PAY000590,BOOK000590,2025-01-08,Wallet,PayPal,AED,53100.0,Refunded,13703.18,4a9e8719-fb23-42c1-8c62-b2747b51b3df
PAY000591,BOOK000591,2024-10-17,Wallet,Cash,GBP,42480.0,Paid,0.0,ad24769e-f048-4a35-bec3-bb6adcf47d54
PAY000592,BOOK000592,2026-03-01,Credit Card,Stripe,USD,88500.0,Failed,0.0,31e646ac-3b81-4661-9123-36310a4a2811
PAY000593,BOOK000593,2025-12-09,Debit Card,Razorpay,SGD,60180.0,Paid,0.0,dc341ad7-52b8-47fb-9e1d-3e406d0b446a
PAY000594,BOOK000594,2024-10-27,Credit Card,Cash,INR,123900.0,Paid,0.0,60da6210-490d-4d46-91b0-1541019c2377
PAY000595,BOOK000595,2024-09-19,Credit Card,PhonePe,EUR,30090.0,Paid,0.0,34a76b10-c557-49da-9687-b84c68ccc306
PAY000596,BOOK000596,2026-02-03,Cash,Cash,INR,67260.0,Paid,0.0,8917d774-4daf-499d-b6bb-acf96235d7a2
PAY000597,BOOK000597,2024-10-19,UPI,Stripe,SGD,41300.0,Paid,0.0,ae1da0e8-1e28-4526-b36e-6a3e055b01ae
PAY000598,BOOK000598,2025-11-03,Wallet,Stripe,USD,45135.0,Refunded,32954.05,b13119f5-2322-4306-a550-6255f2aaa38e
PAY000599,BOOK000599,2025-04-03,Wallet,PayPal,INR,15045.0,Paid,0.0,10e82762-8646-473e-80a9-153d73d9ec9b
PAY000600,BOOK000600,2025-06-26,Net Banking,Razorpay,SGD,33040.0,Paid,0.0,ae0fa87c-118e-4e1c-a9d7-eae1d637d28f
PAY000601,BOOK000601,2025-05-17,Credit Card,Cash,GBP,17700.0,Paid,0.0,0e888dbc-2b29-414d-ab28-dcab165920ac
PAY000602,BOOK000602,2025-12-31,Wallet,Cash,SGD,90270.0,Paid,0.0,ff52cd6c-2242-417b-a524-571a56a2a2f8
PAY000603,BOOK000603,2025-06-08,Credit Card,Stripe,AED,88500.0,Paid,0.0,b08acf57-8044-46a6-9be5-96d093bbe899
PAY000604,BOOK000604,2025-10-02,Credit Card,Stripe,USD,14750.0,Paid,0.0,66a11a9f-2895-4f58-883c-542e8b540780
PAY000605,BOOK000605,2026-03-10,Credit Card,Stripe,GBP,39235.0,Paid,0.0,9f14a28e-6781-4afa-9ec3-d100f1916598
PAY000606,BOOK000606,2025-05-22,Debit Card,Stripe,GBP,10531.5,Paid,0.0,6fbeb4e9-bb36-45ee-be05-a637735f0165
PAY000607,BOOK000607,2025-11-15,Cash,Razorpay,EUR,7522.5,Paid,0.0,13fbb601-193b-4885-a471-771f3036500d
PAY000608,BOOK000608,2024-09-23,Net Banking,PayPal,SGD,28025.0,Paid,0.0,0afc45c4-25b5-43a8-9e68-d0dcd9fb1afe
PAY000609,BOOK000609,2025-08-30,Wallet,Razorpay,SGD,31388.0,Paid,0.0,dbe06ec9-fced-408e-8968-a42432f2e178
PAY000610,BOOK000610,2024-12-19,Cash,Stripe,EUR,26550.0,Paid,0.0,66b240fc-34e3-4d94-99ae-19f2d47191e1
PAY000611,BOOK000611,2025-08-05,Credit Card,PhonePe,USD,21240.0,Paid,0.0,0e27bed7-ba04-4b34-bc54-17ef9f4c0b8c
PAY000612,BOOK000612,2025-05-28,Debit Card,Razorpay,GBP,53100.0,Paid,0.0,7ec58178-2158-43dc-a29c-f9b6400fb169
PAY000613,BOOK000613,2026-03-14,Credit Card,PhonePe,USD,20650.0,Paid,0.0,055f2856-ab23-4999-a3bb-abeca14c75d7
PAY000614,BOOK000614,2026-07-26,Cash,PayPal,SGD,11151.0,Paid,0.0,69878eab-8e47-496c-9fcc-d06ef8a8d0ac
PAY000615,BOOK000615,2025-03-22,UPI,Stripe,INR,56640.0,Paid,0.0,d5f2185a-6a48-4440-982a-586a0a337798
PAY000616,BOOK000616,2026-02-07,Cash,Razorpay,INR,16520.0,Paid,0.0,4281f14e-1215-4076-ac2e-98244f0a2a44
PAY000617,BOOK000617,2025-04-04,UPI,PayPal,USD,111510.0,Paid,0.0,5202c55a-707a-42b5-ad8e-ea799933198e
PAY000618,BOOK000618,2024-11-26,UPI,Cash,AED,10030.0,Paid,0.0,684bae0d-35e4-4605-9a40-020b9892f089
PAY000619,BOOK000619,2025-03-17,Cash,Stripe,EUR,2360.0,Paid,0.0,43a82eb8-d647-4e4f-8b1b-6eda2e128c41
PAY000620,BOOK000620,2024-10-15,Cash,Cash,INR,8260.0,Paid,0.0,9849918e-e8e6-46f9-903f-c2a6ea0f27b8
PAY000621,BOOK000621,2025-11-11,Credit Card,Razorpay,GBP,70210.0,Paid,0.0,73dfc1b9-8db4-4ea8-8917-94b92def5bbc
PAY000622,BOOK000622,2026-06-20,Debit Card,Razorpay,USD,79650.0,Paid,0.0,09c6d5a1-98c9-4272-baee-2ff655488507
PAY000623,BOOK000623,2025-05-25,Net Banking,Cash,INR,26432.0,Paid,0.0,2632f81b-f42c-468b-823f-ae445051f5b2
PAY000624,BOOK000624,2024-12-12,UPI,PhonePe,EUR,14160.0,Paid,0.0,3a5d5d39-0e54-463a-b135-16f369287bee
PAY000625,BOOK000625,2026-06-07,Debit Card,Razorpay,AED,5605.0,Paid,0.0,b29d0aeb-b0dd-4bd6-9e2a-df1dfb91fea0
PAY000626,BOOK000626,2026-03-08,Net Banking,Razorpay,AED,14012.5,Paid,0.0,69955297-bb33-45bb-b6f7-73fe39c406dd
PAY000627,BOOK000627,2024-12-02,UPI,PayPal,SGD,19617.5,Paid,0.0,23d512c3-d2f3-479e-85fb-8fdb7af67117
PAY000628,BOOK000628,2025-03-21,Net Banking,PhonePe,EUR,79650.0,Paid,0.0,060dd3f7-fa17-4152-8e5f-110d8797df7f
PAY000629,BOOK000629,2025-09-05,Debit Card,Cash,SGD,11800.0,Paid,0.0,41ca9c53-c47f-47f3-b9b3-e942e64d8d7f
PAY000630,BOOK000630,2026-06-05,UPI,PhonePe,INR,22420.0,Failed,0.0,11476b35-301a-4eac-8c9e-af80842f9ec9
PAY000631,BOOK000631,2025-07-30,Cash,Stripe,INR,17552.5,Paid,0.0,ef76d01c-57f9-4ec8-af46-4cf16671f9a8
PAY000632,BOOK000632,2024-08-28,Credit Card,Razorpay,GBP,15694.0,Paid,0.0,39d72aa4-17bd-4615-b084-7560d5a9caae
PAY000633,BOOK000633,2026-05-01,Cash,Razorpay,AED,2802.5,Paid,0.0,d59020c4-8dbc-4a26-a70b-2c1319d90b73
PAY000634,BOOK000634,2025-05-11,Net Banking,Stripe,SGD,20060.0,Paid,0.0,0a726a37-3c0c-4cfd-84c2-1324043f541d
PAY000635,BOOK000635,2024-11-16,Wallet,Razorpay,GBP,4720.0,Paid,0.0,e3d5a503-a57b-4b06-af23-779a5e40e068
PAY000636,BOOK000636,2025-01-23,Credit Card,Cash,SGD,35400.0,Paid,0.0,5e4cd642-91d9-412d-9009-e38c75f85a5f
PAY000637,BOOK000637,2026-06-27,Wallet,Cash,EUR,24780.0,Paid,0.0,df6d1cef-51db-4c6e-b46f-05a97651d7c8
PAY000638,BOOK000638,2024-09-17,Debit Card,PhonePe,AED,18880.0,Paid,0.0,e1a668cf-04ba-4ab0-a9a6-225b017ff0f7
PAY000639,BOOK000639,2026-04-04,Wallet,Razorpay,GBP,33040.0,Paid,0.0,50d457d3-16ed-4db5-95e5-f7aea06f2f13
PAY000640,BOOK000640,2026-06-29,Net Banking,Stripe,EUR,19617.5,Paid,0.0,2e765a2d-8093-4c77-8b18-6ede4a044acc
PAY000641,BOOK000641,2024-08-10,UPI,Stripe,INR,19824.0,Paid,0.0,d3ec74ac-706a-4a47-bd5a-4958df685565
PAY000642,BOOK000642,2024-10-21,Net Banking,PayPal,GBP,16520.0,Paid,0.0,73a65245-b299-47ad-858c-42fecd187dc5
PAY000643,BOOK000643,2024-08-08,Net Banking,PayPal,SGD,11770.5,Paid,0.0,e4f2877b-4394-4539-bdcc-15e880a1d58f
PAY000644,BOOK000644,2025-09-16,Credit Card,PayPal,EUR,33630.0,Paid,0.0,14968469-c2af-4c96-aa60-890a763472b2
PAY000645,BOOK000645,2024-10-01,Credit Card,Razorpay,INR,74340.0,Paid,0.0,b325f26c-2b03-44be-94e4-f0db1f59f5a0
PAY000646,BOOK000646,2025-01-28,Wallet,Stripe,AED,39235.0,Paid,0.0,9b7c7ac1-268f-4f11-9863-29510a682fa4
PAY000647,BOOK000647,2025-06-21,Debit Card,Stripe,SGD,99120.0,Paid,0.0,67dd63e7-1004-4f91-bf54-b715df876839
PAY000648,BOOK000648,2025-09-01,Net Banking,PayPal,EUR,56640.0,Paid,0.0,f867eef1-bed7-4fe9-bbb6-1ec729184f1c
PAY000649,BOOK000649,2024-09-01,Credit Card,Cash,SGD,9440.0,Paid,0.0,efc49a4c-0494-4958-a6e3-0a4d4823b86e
PAY000650,BOOK000650,2025-04-23,UPI,Cash,USD,67260.0,Paid,0.0,72773c74-ced7-4da8-b6c1-58c2efa60e3f
PAY000651,BOOK000651,2025-08-17,UPI,Stripe,INR,19617.5,Paid,0.0,47baac3d-0888-468e-a47a-9f2c6f3b2415
PAY000652,BOOK000652,2024-08-30,Credit Card,Cash,AED,7434.0,Paid,0.0,3299a281-2d56-4917-a6af-48c70d5dedd9
PAY000653,BOOK000653,2025-10-21,Cash,Razorpay,AED,5900.0,Paid,0.0,a542f33f-e435-492c-ac87-0ed7c3861b21
PAY000654,BOOK000654,2026-06-20,UPI,PhonePe,GBP,14868.0,Paid,0.0,66a5bd26-5867-423b-99df-41ddd5498fa9
PAY000655,BOOK000655,2026-01-11,Cash,Cash,EUR,7847.0,Refunded,2543.37,a378a21a-bdf7-44c4-8339-38a96660dfca
PAY000656,BOOK000656,2025-10-07,Wallet,Cash,GBP,63720.0,Paid,0.0,48023380-44bc-47f7-91df-c9d0f56d5989
PAY000657,BOOK000657,2025-12-18,UPI,PayPal,INR,8850.0,Failed,0.0,51755346-e3e5-4de9-9b6c-181ed2f272db
PAY000658,BOOK000658,2025-04-30,UPI,PayPal,INR,123900.0,Paid,0.0,b4047ab3-e271-4ea2-b6c2-8ac495433968
PAY000659,BOOK000659,2025-07-23,Credit Card,Cash,GBP,26550.0,Paid,0.0,3a7620aa-b279-4e09-ba04-821ad8eddfd9
PAY000660,BOOK000660,2026-04-25,Cash,PayPal,SGD,90270.0,Paid,0.0,514d8c25-e3ae-43bb-bc69-96c295e6f188
PAY000661,BOOK000661,2025-09-15,Debit Card,PhonePe,USD,70800.0,Paid,0.0,667029b4-e015-4d04-9d8d-776639e472bf
PAY000662,BOOK000662,2025-04-23,Net Banking,PayPal,EUR,9440.0,Paid,0.0,0fd804a7-2929-43f4-84f8-f49f944197a8
PAY000663,BOOK000663,2024-09-06,Cash,Stripe,EUR,15930.0,Paid,0.0,2c5591f0-03b2-4bf3-8095-debfad79c099
PAY000664,BOOK000664,2026-05-22,UPI,PhonePe,SGD,35105.0,Paid,0.0,f24c1f62-5c13-4d4e-8a28-453d8b22a0e0
PAY000665,BOOK000665,2025-02-03,Cash,PayPal,AED,11800.0,Paid,0.0,610a1022-4526-443e-a3bf-63f0cb61b3b4
PAY000666,BOOK000666,2025-10-21,Cash,Stripe,USD,46256.0,Failed,0.0,d6823600-a576-434f-9c3c-a3409ec0cf0a
PAY000667,BOOK000667,2025-12-04,Credit Card,PayPal,SGD,23541.0,Paid,0.0,4cb613f0-cd09-4aa7-abf5-6428941941a2
PAY000668,BOOK000668,2024-11-30,UPI,PhonePe,EUR,10030.0,Paid,0.0,5ddff887-3d86-43de-b9ff-fadab0e1477d
PAY000669,BOOK000669,2026-02-06,Net Banking,Razorpay,EUR,19617.5,Paid,0.0,6e827749-faac-4296-a576-1586430c468a
PAY000670,BOOK000670,2025-09-19,Debit Card,Cash,GBP,11210.0,Paid,0.0,69de5cd1-ab45-4022-966e-e2faee94febb
PAY000671,BOOK000671,2024-09-08,Net Banking,PayPal,GBP,4720.0,Paid,0.0,b327ccb0-a085-4ecb-ac59-0645e4fc66c1
PAY000672,BOOK000672,2025-03-27,Credit Card,PhonePe,SGD,6608.0,Paid,0.0,386d91cc-88e6-488d-bd07-47e7726f7a83
PAY000673,BOOK000673,2025-04-29,Wallet,Stripe,GBP,45135.0,Refunded,31708.63,b57af8e9-a5ff-4aad-ad71-87aa71bab728
PAY000674,BOOK000674,2024-12-15,UPI,Stripe,AED,10030.0,Paid,0.0,27affbcd-c074-4de8-b1c4-619d854b1677
PAY000675,BOOK000675,2026-06-11,UPI,PayPal,GBP,31860.0,Paid,0.0,68f38aca-ca7b-45af-b1f0-f0b7bc9d7ce8
PAY000676,BOOK000676,2025-04-08,Credit Card,Stripe,GBP,16520.0,Paid,0.0,aaa1cd72-d897-40ee-94a6-ac8556292d65
PAY000677,BOOK000677,2025-12-19,Credit Card,PayPal,EUR,15045.0,Paid,0.0,96648d8f-0d77-4ce7-b465-cc77b061f412
PAY000678,BOOK000678,2026-07-04,Wallet,Stripe,USD,37170.0,Paid,0.0,840cb517-a4bb-4f14-80c7-f30d70d7cd9d
PAY000679,BOOK000679,2024-08-10,UPI,PayPal,EUR,17700.0,Paid,0.0,e0010227-f8df-49bf-8643-5b15555c251a
PAY000680,BOOK000680,2024-12-10,Credit Card,Cash,GBP,17552.5,Paid,0.0,a3ea5541-75ad-40a8-bc1e-3e573e1811d0
PAY000681,BOOK000681,2025-10-16,Credit Card,PayPal,SGD,10531.5,Paid,0.0,2132d9f0-7f3a-4b74-94fe-72cc552022d0
PAY000682,BOOK000682,2024-09-01,Net Banking,PhonePe,GBP,82600.0,Paid,0.0,18b9b358-8559-4d13-bae6-e417f6298941
PAY000683,BOOK000683,2024-08-31,UPI,PhonePe,EUR,5605.0,Paid,0.0,49a70d5a-7eb4-43eb-ab58-6b35c7ae4cb6
PAY000684,BOOK000684,2024-11-28,Cash,Razorpay,GBP,84075.0,Paid,0.0,9aed9064-5504-4b1a-8043-37cafa9c4f6c
PAY000685,BOOK000685,2025-09-30,Debit Card,Cash,USD,23541.0,Refunded,14447.81,947f6275-5b90-4afa-ad62-43b6dfe704ce
PAY000686,BOOK000686,2024-11-09,UPI,PayPal,SGD,84075.0,Paid,0.0,325d393f-8dc4-4094-bff1-ed08b68439fa
PAY000687,BOOK000687,2025-01-11,Debit Card,PhonePe,SGD,37760.0,Paid,0.0,c55d2ba9-3dcc-440d-ab0d-1c339ab4e08e
PAY000688,BOOK000688,2026-02-19,Wallet,Stripe,SGD,21240.0,Paid,0.0,8f865868-c15a-440b-bf15-5fcb9689762e
PAY000689,BOOK000689,2025-01-15,Credit Card,Cash,AED,13216.0,Refunded,9284.67,7ceecbdb-bd6f-4112-80a0-dcbc89785dc3
PAY000690,BOOK000690,2025-09-30,UPI,PhonePe,INR,5900.0,Paid,0.0,bf4d032f-f741-4eb3-b9e5-5bf7ec750a3d
PAY000691,BOOK000691,2026-02-03,Wallet,PhonePe,GBP,33630.0,Refunded,32155.68,b6f30640-8d08-4d53-b1a6-6fd3afc330f2
PAY000692,BOOK000692,2026-06-17,Debit Card,Cash,USD,47200.0,Paid,0.0,dfe108f3-5181-47ac-8bb2-951ca3b484d0
PAY000693,BOOK000693,2026-07-15,Debit Card,PhonePe,SGD,13216.0,Paid,0.0,1034ba53-208e-47bb-8bbb-8d598afb561f
PAY000694,BOOK000694,2026-04-25,UPI,Cash,USD,14012.5,Paid,0.0,44f5c273-c8be-4d3d-856a-532d81a80193
PAY000695,BOOK000695,2026-05-21,Credit Card,PhonePe,USD,10531.5,Paid,0.0,cab08caf-c070-4a36-8071-093e5155ca90
PAY000696,BOOK000696,2024-08-14,Wallet,Razorpay,GBP,18880.0,Paid,0.0,d633dd41-f705-4e97-b516-368d335a4bc1
PAY000697,BOOK000697,2026-01-28,Net Banking,Razorpay,,79650.0,Refunded,76946.49,10a9c390-63c4-4504-960c-947849e42d20
PAY000698,BOOK000698,2025-06-19,Net Banking,Razorpay,AED,7021.0,Paid,0.0,e1818773-9e25-4152-bf1c-5f93a17a20ff
PAY000699,BOOK000699,2025-02-01,Credit Card,Cash,AED,33040.0,Paid,0.0,8868f677-3ee3-4400-ac65-aaa4b4216e69
PAY000700,BOOK000700,2026-08-01,UPI,Razorpay,GBP,8260.0,Paid,0.0,24387b9a-d385-449a-8754-9396385eb8dc
PAY000701,BOOK000701,2025-10-29,Wallet,PayPal,GBP,60180.0,Paid,0.0,e6149ab0-b189-420b-bd98-4de899649768
PAY000702,BOOK000702,2026-03-22,Wallet,PhonePe,EUR,39235.0,Paid,0.0,a5324c35-a0a4-42d9-9678-13486af27f27
PAY000703,BOOK000703,2025-12-26,UPI,PayPal,GBP,22420.0,Paid,0.0,b956a809-f344-434c-9ecd-0fcde54efc78
PAY000704,BOOK000704,2024-09-25,UPI,Cash,GBP,15930.0,Refunded,6016.94,3a695f5b-6877-4a77-9028-f002a49d13c7
PAY000705,BOOK000705,2025-03-09,UPI,Cash,EUR,78470.0,Paid,0.0,dbaa09c7-d702-44c4-a110-69ca0d92c025
PAY000706,BOOK000706,2025-10-08,Cash,Razorpay,EUR,19824.0,Paid,0.0,17060b52-6bf1-476d-9400-4efebe6b9c26
PAY000707,BOOK000707,2025-10-21,Wallet,Razorpay,GBP,82600.0,Paid,0.0,274117d3-a84b-4a51-9dec-0f5d8a307aff
PAY000708,BOOK000708,2025-06-10,Credit Card,PhonePe,SGD,9440.0,Paid,0.0,2e6477eb-3383-4aa3-8d10-af4082a23131
PAY000709,BOOK000709,2025-12-11,Cash,Razorpay,AED,19617.5,Paid,0.0,04860700-2dd1-4bd7-9e23-87d8639b8bbc
PAY000710,BOOK000710,2025-09-11,Net Banking,Stripe,GBP,20650.0,Refunded,11555.4,95d491a7-5a77-4a3f-9b1d-88e87a0b221d
PAY000711,BOOK000711,2024-11-10,Credit Card,PhonePe,GBP,11210.0,Paid,0.0,9e22a3d6-d682-439e-b8ca-28aeeb4b37ee
PAY000712,BOOK000712,2024-08-31,Net Banking,Cash,GBP,47200.0,Paid,0.0,a5e363a9-7639-449e-bf7c-82e4617ceefe
PAY000713,BOOK000713,2024-08-16,Credit Card,Cash,SGD,28910.0,Refunded,21780.71,0b52c1bd-c6c1-451c-ae4f-a18714c05497
PAY000714,BOOK000714,2025-05-14,Wallet,Cash,USD,24780.0,Refunded,24563.67,65bc05a9-7c44-446d-9460-c0b14fd45dcb
PAY000715,BOOK000715,2024-09-11,Net Banking,Stripe,SGD,21063.0,Paid,0.0,f3cf4708-59f4-4fb9-9404-95ca03b577e8
PAY000716,BOOK000716,2025-05-20,Credit Card,Cash,AED,41300.0,Paid,0.0,a75f0bac-da41-4b3e-b376-bf2d1b10961d
PAY000717,BOOK000717,2025-04-19,UPI,Stripe,GBP,8260.0,Failed,0.0,4a27212f-5782-4e5c-8455-490cfdf9b9fc
PAY000718,BOOK000718,2025-10-21,Debit Card,Razorpay,INR,28084.0,Paid,0.0,cd8e1273-f801-42d5-87c1-9029ca7cfd4b
PAY000719,BOOK000719,2025-08-31,UPI,Cash,AED,14160.0,Paid,0.0,6d965ac7-dc7d-4d14-b214-dd24babb86e1
PAY000720,BOOK000720,2026-05-06,Cash,PhonePe,USD,18880.0,Paid,0.0,8e847dc1-13a0-48ee-a6c9-f9c3c6ca6703
PAY000721,BOOK000721,2026-06-08,Cash,Razorpay,EUR,56640.0,Paid,0.0,0d281673-906d-460a-a76a-18ed382de5d3
PAY000722,BOOK000722,2026-02-19,UPI,PhonePe,GBP,28320.0,Paid,0.0,86be2c5f-8276-4e8d-b35c-e85db98ecbd9
PAY000723,BOOK000723,2025-09-20,Net Banking,Stripe,AED,56050.0,Paid,0.0,a66aed78-de4f-4581-b5a4-3095a809504e
PAY000724,BOOK000724,2026-05-28,UPI,Stripe,SGD,117705.0,Paid,0.0,dbb26c3c-b448-444e-abc2-a644a111ef46
PAY000725,BOOK000725,2024-11-09,Cash,Razorpay,GBP,79650.0,Paid,0.0,eb1996fa-918b-4cbe-ab24-9bf846c8fbd7
PAY000726,BOOK000726,2025-02-24,UPI,PhonePe,AED,57820.0,Paid,0.0,f9d7b147-1dc4-4e03-8eff-e1fc136dfb89
PAY000727,BOOK000727,2025-09-25,Credit Card,Razorpay,EUR,60180.0,Paid,0.0,1ef888a0-38a6-47c4-beb6-b181815424a4
PAY000728,BOOK000728,2025-10-21,Wallet,PayPal,SGD,84960.0,Paid,0.0,e3d33ef2-3ca4-44c3-b01a-87293c4fbcb6
PAY000729,BOOK000729,2026-03-31,Debit Card,PayPal,EUR,33630.0,Paid,0.0,683e1771-6e77-4c64-b554-f7d39cb13f16
PAY000730,BOOK000730,2026-04-18,Wallet,PhonePe,SGD,23128.0,Paid,0.0,fb6d3f99-5964-44ed-a1b2-41aa058703a2
PAY000731,BOOK000731,2025-08-06,Cash,Cash,GBP,45135.0,Paid,0.0,c06f742e-6119-4448-bf41-cbda965b516f
PAY000732,BOOK000732,2025-07-25,UPI,Stripe,USD,15045.0,Paid,0.0,753e0e6a-7a94-470d-90e9-47709402363b
PAY000733,BOOK000733,2026-03-19,Wallet,PayPal,USD,44840.0,Refunded,26066.38,f197b3f4-7da4-4fa2-92d5-a7cfa8bb5fdf
PAY000734,BOOK000734,2026-03-14,UPI,PayPal,AED,16815.0,Paid,0.0,a6266e74-0507-42be-9c55-f4696c23e0ff
PAY000735,BOOK000735,2025-08-31,Net Banking,Cash,GBP,16520.0,Paid,0.0,e19fa8a3-664a-4dc6-9c3b-ee1d0988294a
PAY000736,BOOK000736,2024-10-15,UPI,PhonePe,USD,106200.0,Paid,0.0,3e02e116-845d-4d0f-b92e-1a0b0f2bf1c9
PAY000737,BOOK000737,2026-04-14,UPI,Cash,INR,28025.0,Paid,0.0,212ac47b-856d-4ff7-b559-370b07251113
PAY000738,BOOK000738,2024-10-02,Credit Card,PayPal,USD,70210.0,Paid,0.0,a47b3dc4-9324-4e9c-84e1-a7cf3ca40f0c
PAY000739,BOOK000739,2025-11-13,Debit Card,PayPal,GBP,23600.0,Paid,0.0,bec0dfcd-cb76-4d4f-9c55-0f2e746672c5
PAY000740,BOOK000740,2025-03-22,Wallet,Razorpay,EUR,10620.0,Paid,0.0,d44585ed-34fd-4e86-9f98-82a61cb2aa8f
PAY000741,BOOK000741,2025-03-07,Wallet,Razorpay,GBP,50445.0,Paid,0.0,f275a831-cda1-4b8b-a9da-0c0450a63c02
PAY000742,BOOK000742,2024-12-04,Credit Card,Stripe,GBP,28320.0,Paid,0.0,a92af736-7b02-469a-a117-7f74741fac1d
PAY000743,BOOK000743,2025-04-18,Wallet,PayPal,GBP,70800.0,Paid,0.0,b5c18d2c-1001-4a16-9905-26300188779f
PAY000744,BOOK000744,2025-01-02,Wallet,PayPal,SGD,4720.0,Failed,0.0,aeac140f-02b9-4210-9cb3-12f9c68167ab
PAY000745,BOOK000745,2024-08-22,Debit Card,Stripe,SGD,100890.0,Paid,0.0,bc2a0cb4-fdcb-4f1f-817e-21b48d27a60a
PAY000746,BOOK000746,2025-10-23,Net Banking,Razorpay,GBP,9440.0,Paid,0.0,99388722-787e-4572-b8ba-0f5657c31cef
PAY000747,BOOK000747,2026-02-01,Net Banking,PhonePe,USD,31860.0,Paid,0.0,7c985ea3-cbbd-449f-b714-774018350519
PAY000748,BOOK000748,2025-09-19,UPI,Stripe,INR,21240.0,Paid,0.0,6dd6b533-fb6c-4f9a-9e3e-1c8e4bf9534b
PAY000749,BOOK000749,2024-09-25,UPI,Stripe,SGD,9912.0,Paid,0.0,a0d2416e-bf53-44c6-a22a-8577b49d3c50
PAY000750,BOOK000750,2026-02-02,Credit Card,PhonePe,AED,24780.0,Paid,0.0,2081d9db-e756-4a5e-8bd9-709332373f9b
PAY000751,BOOK000751,2026-07-13,UPI,Razorpay,INR,53100.0,Paid,0.0,8def7b92-e3d2-4fd5-aa36-11399508de3f
PAY000752,BOOK000752,2025-04-24,Credit Card,Stripe,AED,56640.0,Paid,0.0,a2da0180-d377-48d4-8759-a07a27cd8e64
PAY000753,BOOK000753,2026-03-24,Cash,PhonePe,GBP,23600.0,Paid,0.0,ad37fdcc-8838-4ef9-99bc-a0ccf4250e5e
PAY000754,BOOK000754,2025-08-12,Wallet,Razorpay,EUR,90270.0,Paid,0.0,26a04126-883f-4023-96b3-fdcff05bac9d
PAY000755,BOOK000755,2025-05-31,UPI,Cash,AED,95580.0,Paid,0.0,66579d8e-2838-4b16-940f-c2ea58ea46b3
PAY000756,BOOK000756,2026-01-01,Net Banking,Cash,EUR,10030.0,Refunded,3141.56,eb1440be-f4cd-4327-a0d5-df4569d99802
PAY000757,BOOK000757,2025-01-11,Wallet,PhonePe,GBP,63720.0,Paid,0.0,4bff7b0a-cecb-4bee-b894-30fdd0c38d6b
PAY000758,BOOK000758,2026-04-14,Wallet,Stripe,EUR,84960.0,Paid,0.0,a78cc15a-34b4-44a9-b1d4-2f89daa6b6c8
PAY000759,BOOK000759,2025-05-21,Debit Card,Cash,GBP,2950.0,Paid,0.0,fdc4cbeb-cbc9-4de3-a8be-9583529a9b6a
PAY000760,BOOK000760,2025-05-20,Wallet,PayPal,AED,14160.0,Paid,0.0,8c2bd1a7-7955-4bfb-81e9-4cc0f245c6b3
PAY000761,BOOK000761,2026-06-29,Wallet,Stripe,USD,7522.5,Paid,0.0,2ae16e47-2b16-48e1-80c6-8d8661346014
PAY000762,BOOK000762,2024-11-18,Cash,Cash,GBP,23128.0,Paid,0.0,3a2c7a20-a45b-40ef-b043-6c6052646fe8
PAY000763,BOOK000763,2026-07-09,Net Banking,Stripe,USD,15930.0,Failed,0.0,19faf1ca-0df7-4a7b-8441-73caab4980fa
PAY000764,BOOK000764,2024-10-09,Wallet,Razorpay,EUR,16520.0,Paid,0.0,4a545cad-93b3-4d42-9181-8ecf98022faa
PAY000765,BOOK000765,2025-05-14,Wallet,Stripe,INR,11210.0,Paid,0.0,9bf8f328-9df7-4de5-a93b-d76a48623a8d
PAY000766,BOOK000766,2025-11-28,UPI,PhonePe,INR,31388.0,Paid,0.0,27583ee5-de72-4284-953f-e7ea8e9a7b1d
PAY000767,BOOK000767,2025-07-06,Debit Card,Razorpay,EUR,14012.5,Paid,0.0,84889230-c36d-480c-b509-b0e9dbc7d7d0
PAY000768,BOOK000768,2025-05-06,Net Banking,PayPal,AED,18880.0,Paid,0.0,34610122-d8fa-4c6b-a7a8-020119dce60b
PAY000769,BOOK000769,2026-02-15,Wallet,Stripe,AED,18585.0,Paid,0.0,1614dd9e-faa4-4cf3-9f68-bce38694d33d
PAY000770,BOOK000770,2026-07-14,UPI,Cash,EUR,30090.0,Paid,0.0,938afc75-1896-449b-9c59-51e2ce439f9e
PAY000771,BOOK000771,2025-01-08,Cash,Razorpay,SGD,17552.5,Paid,0.0,b2ea4209-5ba7-4b16-94e0-c121907b9851
PAY000772,BOOK000772,2025-05-28,Net Banking,Razorpay,SGD,18585.0,Paid,0.0,a586072b-dae9-4fd2-854b-51fa38d2cda9
PAY000773,BOOK000773,2025-08-27,Wallet,Razorpay,INR,15694.0,Paid,0.0,af711897-f78a-4ebc-980e-84e8f0e5ddb0
PAY000774,BOOK000774,2025-04-18,Net Banking,Cash,EUR,14868.0,Paid,0.0,efaf892c-b1f4-4c14-8faa-0d02fa418b64
PAY000775,BOOK000775,2026-03-06,UPI,PhonePe,GBP,23541.0,Paid,0.0,fb34bdbe-20c1-4607-ac53-f7c6ae85a75c
PAY000776,BOOK000776,2024-12-12,Credit Card,PhonePe,GBP,37170.0,Failed,0.0,d3bd5ca6-842a-4e67-b427-0f6f35a7978a
PAY000777,BOOK000777,2026-07-23,Cash,PhonePe,AED,41300.0,Paid,0.0,895787df-f01c-443b-97ab-249829791140
PAY000778,BOOK000778,2025-09-11,Debit Card,Stripe,,20650.0,Paid,0.0,65a247fd-a2f0-4766-9a7d-7a22c72a3104
PAY000779,BOOK000779,2026-05-25,UPI,Cash,SGD,15694.0,Paid,0.0,f20e1a46-ab81-4aa5-a52e-7e63ba075b72
PAY000780,BOOK000780,2026-07-30,Credit Card,Cash,SGD,95580.0,Paid,0.0,15e5ab34-de0b-447a-b52a-7792bb2980de
PAY000781,BOOK000781,2025-09-06,Wallet,Cash,EUR,19617.5,Paid,0.0,d7687089-007e-4bbb-99f3-f7e38056eaa3
PAY000782,BOOK000782,2024-12-08,Debit Card,PayPal,EUR,31860.0,Paid,0.0,847098a7-78f3-4cf0-afaf-343e7d2f36c5
PAY000783,BOOK000783,2026-07-13,UPI,Cash,GBP,56640.0,Paid,0.0,5651df8b-063a-4f1f-897e-531cb4426d80
PAY000784,BOOK000784,2025-02-20,Cash,PayPal,USD,23541.0,Paid,0.0,e50f6234-7ef9-45f1-825b-384db55579e2
PAY000785,BOOK000785,2025-03-28,Wallet,Razorpay,GBP,10620.0,Paid,0.0,4fee78fa-8156-4271-841c-615e7ffbfcf6
PAY000786,BOOK000786,2024-10-21,Debit Card,Razorpay,USD,7021.0,Paid,0.0,f106f58c-4a46-4c2e-871a-5584b476fea4
PAY000787,BOOK000787,2025-04-28,UPI,PhonePe,USD,75225.0,Paid,0.0,07921898-cb31-4455-ae88-43a82bdb927b
PAY000788,BOOK000788,2024-08-13,UPI,PhonePe,AED,7021.0,Paid,0.0,952d1373-61f2-4a24-b110-96ae6767894c
PAY000789,BOOK000789,2025-01-30,UPI,Stripe,GBP,15930.0,Paid,0.0,f6945696-3a2d-4ab6-bfb3-1c8b3ed29a95
PAY000790,BOOK000790,2026-06-16,UPI,PayPal,AED,14160.0,Paid,0.0,1fd73154-5e3d-4d94-b81c-41b7b22b9ad8
PAY000791,BOOK000791,2026-04-03,Wallet,PhonePe,USD,5900.0,Paid,0.0,4c1c7291-8d8f-4a7e-ac4f-54412c295cef
PAY000792,BOOK000792,2026-02-24,Wallet,PayPal,USD,33630.0,Paid,0.0,68c58bdb-932b-457f-af4c-99c04a2754f7
PAY000793,BOOK000793,2024-10-29,Debit Card,Cash,INR,35105.0,Paid,0.0,83a40797-fb31-47cb-b891-0075831bce59
PAY000794,BOOK000794,2025-12-14,UPI,PhonePe,SGD,23600.0,Paid,0.0,00c85a84-8482-4d14-9261-870e5e19f33a
PAY000795,BOOK000795,2026-05-19,Credit Card,Stripe,GBP,28084.0,Paid,0.0,f942099e-3838-4658-a95d-44198456d5a1
PAY000796,BOOK000796,2025-11-29,UPI,Cash,EUR,28320.0,Paid,0.0,2554ad8a-7f63-4546-bc45-30242b1449b2
PAY000797,BOOK000797,2025-06-19,Wallet,Stripe,SGD,7847.0,Paid,0.0,aefcd794-6f60-433e-9ce8-24ff6e9bea74
PAY000798,BOOK000798,2025-03-18,Cash,Stripe,SGD,56640.0,Paid,0.0,5b127bd0-2448-4198-97b0-2627aea9f000
PAY000799,BOOK000799,2025-03-04,Cash,PayPal,INR,14750.0,Paid,0.0,d27d91f3-c405-4877-b0d3-757793ef8370
PAY000800,BOOK000800,2025-03-17,Net Banking,Stripe,USD,25075.0,Paid,0.0,33de85fa-1f99-4974-8784-147b65d6741d
PAY000801,BOOK000801,2025-11-18,Wallet,Razorpay,SGD,46256.0,Paid,0.0,300d3af2-75f8-4e4d-8f88-97d7adc56809
PAY000802,BOOK000802,2025-05-21,Credit Card,Stripe,USD,56050.0,Refunded,28219.8,3026778e-e52d-4b57-8b1b-2c63fa533240
PAY000803,BOOK000803,2024-11-23,Credit Card,Cash,EUR,37170.0,Refunded,16045.78,02c00fbb-db4e-4a26-ac80-6833b962232a
PAY000804,BOOK000804,2024-08-17,UPI,Cash,AED,13216.0,Paid,0.0,c748abf9-cf5b-4930-92f7-95153d45e597
PAY000805,BOOK000805,2024-09-14,Net Banking,Stripe,SGD,19617.5,Paid,0.0,8873e8ae-988f-44d4-8870-643239735e6d
PAY000806,BOOK000806,2025-11-19,Net Banking,PayPal,EUR,18585.0,Failed,0.0,593dcdab-7215-4b5f-901f-2cc70ae28d56
PAY000807,BOOK000807,2024-12-09,Wallet,PhonePe,AED,63720.0,Paid,0.0,2a97fedb-f91d-452e-8cea-40c95e6b74a7
PAY000808,BOOK000808,2025-10-14,UPI,PayPal,AED,4720.0,Paid,0.0,a5fbb8da-fcd6-470f-9e48-6703c8d4b381
PAY000809,BOOK000809,2025-11-30,Net Banking,PayPal,INR,7965.0,Paid,0.0,ea2f5de3-12f1-4063-8836-338722938290
PAY000810,BOOK000810,2025-09-09,Credit Card,PayPal,,11800.0,Paid,0.0,2abb5ea2-730c-4d07-a8ca-522ba2056213
PAY000811,BOOK000811,2024-10-03,Debit Card,Cash,AED,15045.0,Refunded,13456.26,7cf763f6-acd7-45dd-8e87-257926a84d66
PAY000812,BOOK000812,2026-02-22,Credit Card,Stripe,USD,15045.0,Paid,0.0,87949fbe-dc01-4612-9494-bfcd75e007f5
PAY000813,BOOK000813,2026-05-24,Net Banking,PhonePe,GBP,42480.0,Paid,0.0,0c0e9ad9-ac70-4a4c-ba02-296aa90a951a
PAY000814,BOOK000814,2026-01-03,Net Banking,Stripe,SGD,106200.0,Paid,0.0,7c7f8ba3-961b-4264-8ec1-a389b90da0ab
PAY000815,BOOK000815,2025-04-06,UPI,PhonePe,EUR,26019.0,Paid,0.0,8b9ec36a-fcd9-4168-b3a3-fa8ddf882b5e
PAY000816,BOOK000816,2025-10-17,Net Banking,Cash,AED,5605.0,Paid,0.0,9b1f6deb-07d8-4d92-9113-26f2a2100386
PAY000817,BOOK000817,2026-04-13,Debit Card,PayPal,AED,31860.0,Refunded,8706.2,05de71aa-b947-43f8-9b3b-85396a837eca
PAY000818,BOOK000818,2026-07-09,Credit Card,Stripe,INR,28320.0,Paid,0.0,fe2921eb-cb30-4a17-9e24-4cb3d5a17990
PAY000819,BOOK000819,2026-01-04,Debit Card,Razorpay,USD,50445.0,Paid,0.0,ff475e5c-7f58-461d-bc06-e5567b621d22
PAY000820,BOOK000820,2026-02-08,Wallet,,USD,29500.0,Paid,0.0,7ee60960-9a29-45a0-8898-4d5fb9b005dd
PAY000821,BOOK000821,2024-12-04,Cash,PayPal,INR,7847.0,Paid,0.0,f9290ed9-1569-4582-917e-7096dca13de8
PAY000822,BOOK000822,2024-12-22,Net Banking,Razorpay,INR,39235.0,Paid,0.0,b0c1a70c-440a-49f0-be38-abf1ba78a110
PAY000823,BOOK000823,2025-10-03,Wallet,Cash,USD,18880.0,Paid,0.0,0e5a8a2e-7add-4225-ada8-e81a8a74dfd2
PAY000824,BOOK000824,2025-09-26,Credit Card,PhonePe,EUR,24780.0,Paid,0.0,8d5c454a-965e-475e-bb88-014535286032
PAY000825,BOOK000825,2025-08-11,Cash,Stripe,GBP,53100.0,Paid,0.0,a524a6ba-c162-4b5b-abca-7a47553ed8d4
PAY000826,BOOK000826,2024-11-18,Net Banking,Stripe,GBP,46256.0,Paid,0.0,21731d4a-bdc7-400b-9f77-b283c6b8d6e2
PAY000827,BOOK000827,2025-10-16,Debit Card,Cash,GBP,8850.0,Paid,0.0,a9869497-0ab0-42a9-a6f8-03643d359935
PAY000828,BOOK000828,2025-08-31,UPI,PhonePe,AED,28320.0,Failed,0.0,f48d037c-6a8a-48c6-b314-ac0447754509
PAY000829,BOOK000829,2025-01-23,Wallet,PayPal,INR,123900.0,Paid,0.0,98673a81-0e79-497a-adc0-b53d59963069
PAY000830,BOOK000830,2026-02-03,Wallet,PayPal,SGD,8407.5,Paid,0.0,6a81d7e8-ed0c-40ea-a063-d4c61e03ab9a
PAY000831,BOOK000831,2026-05-04,Cash,Cash,INR,30090.0,Failed,0.0,44971351-7ee0-462e-9fb6-861287b5ddd5
PAY000832,BOOK000832,2024-08-06,Net Banking,Cash,AED,9912.0,Failed,0.0,b1ed57d9-1b0d-4daf-b6a4-6b7c395078cf
PAY000833,BOOK000833,2026-07-04,Cash,Stripe,SGD,11210.0,Paid,0.0,fece7a5e-5d98-4bad-98e0-f96a8cf71511
PAY000834,BOOK000834,2025-04-09,Wallet,PayPal,USD,5605.0,Failed,0.0,6f8a17bb-73f4-4b26-a098-ecbadb3148a2
PAY000835,BOOK000835,2025-07-22,UPI,PhonePe,USD,5605.0,Paid,0.0,487a9b1c-3ef1-4199-adfb-3b1cf6629d7d
PAY000836,BOOK000836,2026-03-26,Wallet,PayPal,INR,12390.0,Paid,0.0,5d069a82-38c9-417d-baec-0984541d7b88
PAY000837,BOOK000837,2024-12-26,Cash,Cash,AED,123900.0,Paid,0.0,0deb02a3-8a08-4c8d-a4df-58f52af0bd30
PAY000838,BOOK000838,2025-03-15,Cash,PhonePe,EUR,33040.0,Paid,0.0,2864a821-d24d-4743-9911-23b3bc2dc70f
PAY000839,BOOK000839,2026-07-02,Wallet,PhonePe,EUR,21240.0,Paid,0.0,636ecb53-1194-4e38-8ea8-27368d769ea0
PAY000840,BOOK000840,2024-11-07,Net Banking,Cash,SGD,30090.0,Paid,0.0,cc859f50-a23a-4f4c-9744-0c0ccacd9d57
PAY000841,BOOK000841,2026-04-14,Cash,PayPal,AED,26432.0,Paid,0.0,d437cded-e38e-46c1-968c-04d699267910
PAY000842,BOOK000842,2025-04-01,Wallet,Cash,INR,19617.5,Paid,0.0,a5412587-61a1-490d-9ad1-8af6550ce204
PAY000843,BOOK000843,2024-09-24,Net Banking,PayPal,SGD,19824.0,Refunded,6802.64,2c9b0abd-4e1f-4071-8dde-31e1723fcab1
PAY000844,BOOK000844,2024-08-01,Debit Card,Cash,USD,12390.0,Paid,0.0,43831a57-bb3d-4f1a-820f-b43fa0dad3f8
PAY000845,BOOK000845,2025-03-04,UPI,PhonePe,EUR,8260.0,Paid,0.0,63a5c801-94ba-4a3d-a569-771c04f27e01
PAY000846,BOOK000846,2024-12-28,Debit Card,Razorpay,EUR,5310.0,Paid,0.0,6a37305b-b2cc-40c2-9149-318a236b7a48
PAY000847,BOOK000847,2025-07-27,Wallet,Cash,USD,10030.0,Refunded,9512.51,798ead2f-83e9-4754-9a7e-cd2ba8e8bce5
PAY000848,BOOK000848,2026-06-23,Debit Card,PhonePe,EUR,35105.0,Paid,0.0,b462a74e-8b4d-44b2-8b32-8a1cc3783351
PAY000849,BOOK000849,2025-06-08,Wallet,Cash,AED,35400.0,Paid,0.0,ec0fa17c-dc71-437e-8137-f5442c01bef1
PAY000850,BOOK000850,2026-02-04,Wallet,Razorpay,INR,9440.0,Paid,0.0,5fc6710a-4d9e-4635-a460-67c443e383aa
PAY000851,BOOK000851,2026-04-22,Wallet,PayPal,INR,8260.0,Paid,0.0,e6b0ee4b-b749-403d-ab1a-2750f132fd16
PAY000852,BOOK000852,2025-10-24,Wallet,Razorpay,SGD,11210.0,Paid,0.0,0f50fc24-16af-4c8a-afc3-e60faa452bf9
PAY000853,BOOK000853,2026-07-29,UPI,Stripe,AED,19824.0,Paid,0.0,c2d8ad07-c8ca-49d8-a95d-12d28fde8b90
PAY000854,BOOK000854,2025-12-11,UPI,PhonePe,USD,70800.0,Paid,0.0,dc06f9ce-124b-4bfa-a063-f3ab7f6187e2
PAY000855,BOOK000855,2025-08-18,UPI,PayPal,GBP,16815.0,Paid,0.0,efc4652a-ba93-43bd-bd0d-042f054ceb94
PAY000856,BOOK000856,2026-03-25,Debit Card,Stripe,INR,4720.0,Paid,0.0,d8508d9f-2989-43f8-b904-b9c3d78fa669
PAY000857,BOOK000857,2025-07-05,UPI,PhonePe,USD,14160.0,Refunded,10613.98,dc210c84-a718-4791-af21-9ed5b614cdbb
PAY000858,BOOK000858,2024-08-13,Debit Card,PhonePe,AED,5605.0,Paid,0.0,0af26b38-3f20-4ced-9a10-9ca1ca7b7557
PAY000859,BOOK000859,2026-03-24,UPI,Razorpay,USD,14750.0,Failed,0.0,4fd2d6ca-43b5-4561-82f7-fb0fcf3b8963
PAY000860,BOOK000860,2025-08-22,Cash,PhonePe,SGD,5605.0,Paid,0.0,5885c2ce-02f6-4278-89e5-afaf73b6b1e6
PAY000861,BOOK000861,2025-04-29,UPI,PhonePe,INR,11210.0,Paid,0.0,ab2e36ae-137e-4145-8c2e-4fb9c4e535af
PAY000862,BOOK000862,2026-06-12,Credit Card,PhonePe,EUR,6608.0,Paid,0.0,24dec681-9383-4fc4-8f1e-8ea8da60c291
PAY000863,BOOK000863,2026-02-18,Cash,Cash,USD,35400.0,Paid,0.0,dd4c9f03-6468-4622-8b03-edc5aa5ae35e
PAY000864,BOOK000864,2025-06-29,Net Banking,Cash,USD,18585.0,Paid,0.0,8fd66175-f166-43bf-839e-8525dcc0c73a
PAY000865,BOOK000865,2026-05-17,Cash,Stripe,AED,28084.0,Paid,0.0,0d416700-09bc-495b-bec9-6037cffd063e
PAY000866,BOOK000866,2025-07-22,Net Banking,Stripe,EUR,35400.0,Paid,0.0,a2c62fa5-1435-47b9-bb53-071fb31aaa06
PAY000867,BOOK000867,2025-03-13,UPI,Cash,AED,42126.0,Paid,0.0,e8cb0056-9729-4365-8e93-9fd5a1bf13ad
PAY000868,BOOK000868,2025-08-10,UPI,PayPal,GBP,30090.0,Paid,0.0,3f9a9362-07e6-4fd2-9965-e504eebb9a35
PAY000869,BOOK000869,2026-07-15,Wallet,Razorpay,EUR,14160.0,Refunded,5043.67,d37cc803-c2bb-4a2e-9130-f793c91e9f87
PAY000870,BOOK000870,2026-03-02,Wallet,Stripe,GBP,8850.0,Paid,0.0,41f5ac6e-1349-49e2-80e1-9ee515673307
PAY000871,BOOK000871,2025-09-23,Credit Card,Cash,INR,22302.0,Paid,0.0,71b33b3a-5c22-4b2c-8735-79b7edbffe9f
PAY000872,BOOK000872,2025-01-14,Wallet,Razorpay,USD,17700.0,Paid,0.0,8041fd8b-0a9a-4f91-9871-e581c0ea372d
PAY000873,BOOK000873,2024-10-03,Wallet,Cash,USD,33040.0,Paid,0.0,c9acee74-3c7c-4fc5-8d6a-5a9eef8d3d25
PAY000874,BOOK000874,2026-01-19,Debit Card,Razorpay,GBP,39235.0,Paid,0.0,b0e06cfe-6271-4c98-a5ac-fc31f602287e
PAY000875,BOOK000875,2026-05-21,Wallet,Cash,SGD,5015.0,Paid,0.0,9c8bcd44-01ff-4849-b71d-9b87ae60e963
PAY000876,BOOK000876,2025-01-10,Credit Card,Razorpay,USD,35400.0,Paid,0.0,b28f154a-fee9-45d1-89b2-f43135a3126e
PAY000877,BOOK000877,2024-09-03,UPI,Stripe,INR,7434.0,Paid,0.0,2825b994-74d2-4cfa-aeba-ad07075a408a
PAY000878,BOOK000878,2025-03-01,Net Banking,Cash,INR,16815.0,Paid,0.0,14adff6d-cf29-4bfd-96ee-deb0aa3d82bd
PAY000879,BOOK000879,2026-02-18,Net Banking,Cash,GBP,105315.0,Refunded,102341.1,d2242768-4eac-4457-8f26-53597222b229
PAY000880,BOOK000880,2026-01-07,Wallet,PayPal,AED,6608.0,Paid,0.0,6532142e-aa9e-46a3-9188-bd578e69466f
PAY000881,BOOK000881,2025-07-04,Credit Card,Stripe,INR,24780.0,Failed,0.0,06810cc1-422c-46a2-b0aa-7266c95ccf2c
PAY000882,BOOK000882,2026-05-08,Cash,Stripe,AED,33630.0,Paid,0.0,7cd37321-ce48-4c35-901b-090b0109b4f3
PAY000883,BOOK000883,2025-12-12,Cash,Stripe,EUR,20060.0,Paid,0.0,67389426-e691-471a-a33a-e2053c3c992a
PAY000884,BOOK000884,2024-11-26,Debit Card,PhonePe,EUR,33630.0,Paid,0.0,1e4ee670-7987-4b84-a947-47e5a7fbf62f
PAY000885,BOOK000885,2025-12-31,Wallet,,EUR,78470.0,Paid,0.0,e706401c-7f7e-4634-be56-631dd3ccf058
PAY000886,BOOK000886,2025-11-19,Cash,PhonePe,GBP,63720.0,Paid,0.0,46ce20b2-c926-4c1c-b105-4052c10fd08a
PAY000887,BOOK000887,2026-05-24,Net Banking,Razorpay,USD,11151.0,Paid,0.0,6253b32c-7fa0-437b-9b63-3a8e33a9dff5
PAY000888,BOOK000888,2025-07-08,UPI,PhonePe,INR,14868.0,Paid,0.0,5d2a2471-b15d-4e3e-95ac-023382fabd11
PAY000889,BOOK000889,2025-07-22,Net Banking,Razorpay,SGD,29736.0,Paid,0.0,19bbbfad-9b5c-4519-a50d-27af4fec3e34
PAY000890,BOOK000890,2026-05-17,Debit Card,PayPal,INR,78470.0,Paid,0.0,54b3e9a8-4b92-46f0-b2f8-df715810a7e0
PAY000891,BOOK000891,2024-10-01,Credit Card,PayPal,INR,3923.5,Paid,0.0,820c61d3-7f2c-4b81-a9b8-dec13952e625
PAY000892,BOOK000892,2025-03-14,Wallet,PayPal,AED,28084.0,Paid,0.0,9395276a-17cf-4e6d-817a-e4e5fd554bf9
PAY000893,BOOK000893,2025-01-01,Credit Card,PhonePe,SGD,15930.0,Paid,0.0,daf07b1d-56e7-4b3b-b2ee-cf6584090392
PAY000894,BOOK000894,2024-11-03,Credit Card,PhonePe,EUR,24780.0,Paid,0.0,819d197d-fe33-4a36-a71d-8070bda5ee5a
PAY000895,BOOK000895,2025-03-29,Wallet,Stripe,SGD,3923.5,Paid,0.0,37928ed6-9b55-447a-8d8c-18521777bd16
PAY000896,BOOK000896,2024-08-10,Credit Card,PhonePe,EUR,78470.0,Paid,0.0,109b0cfc-9482-4be6-aa4f-5b42678959ed
PAY000897,BOOK000897,2026-04-11,Credit Card,Razorpay,USD,59000.0,Paid,0.0,894f5e5d-9899-4de3-a1a3-2b82e616cc58
PAY000898,BOOK000898,2026-05-26,Wallet,Cash,AED,40120.0,Refunded,19175.26,efded275-1c4b-4faa-a20b-1841f8f436ce
PAY000899,BOOK000899,2026-03-27,Net Banking,PhonePe,GBP,15045.0,Paid,0.0,c423d408-fb0c-4ad0-bf20-6f2160e1ea17
PAY000900,BOOK000900,2026-01-06,Wallet,Cash,GBP,24780.0,Paid,0.0,fffce625-91ce-4ba6-b6b8-6d007015b4d1
PAY000901,BOOK000901,2024-10-20,Net Banking,Stripe,INR,37760.0,Paid,0.0,207be370-a39d-4e07-b9d8-25512826ce73
PAY000902,BOOK000902,2025-07-23,Net Banking,Razorpay,INR,49560.0,Paid,0.0,9cf61a17-e82d-4d5d-a760-e7af2cfb93dc
PAY000903,BOOK000903,2025-12-24,Net Banking,Stripe,EUR,7847.0,Paid,0.0,e31b4196-4e9b-406c-970d-007e57dcd675
PAY000904,BOOK000904,2026-06-23,UPI,Cash,EUR,52038.0,Paid,0.0,0acd9002-279e-49f1-a3c2-497816d408eb
PAY000905,BOOK000905,2026-02-08,Credit Card,Razorpay,AED,57820.0,Paid,0.0,010f85a4-3da8-4656-a5f2-476044557839
PAY000906,BOOK000906,2026-03-22,Debit Card,Razorpay,GBP,54929.0,Refunded,38550.56,4e572f67-587b-4bc0-ae4d-c96bb2352d0a
PAY000907,BOOK000907,2025-10-03,Cash,Cash,SGD,117705.0,Paid,0.0,835c13c7-84e3-47f0-ad9e-3431414e8dd5
PAY000908,BOOK000908,2024-09-28,Debit Card,Razorpay,GBP,42480.0,Paid,0.0,0125a704-cf62-4fc4-9104-fa2fea598cd4
PAY000909,BOOK000909,2025-06-07,Net Banking,PayPal,INR,15694.0,Paid,0.0,84c5b3e9-a2cd-4ccf-a2d7-9aa0f4be6248
PAY000910,BOOK000910,2025-02-27,Debit Card,Cash,SGD,31860.0,Paid,0.0,f95c1929-7f49-4ace-888b-d07ef2fed297
PAY000911,BOOK000911,2025-03-20,Cash,PayPal,USD,24780.0,Paid,0.0,9ee33c55-9e99-433e-8a40-9c989385d403
PAY000912,BOOK000912,2025-01-09,Net Banking,PayPal,EUR,18880.0,Paid,0.0,79651439-a59a-44a3-b72c-d67a6a283dcd
PAY000913,BOOK000913,2025-07-22,Wallet,Stripe,,30090.0,Paid,0.0,2c90b3c7-227c-4430-b7dc-72b276fe3067
PAY000914,BOOK000914,2026-07-27,Wallet,PayPal,INR,9912.0,Paid,0.0,899a246b-c7d7-44b4-82d1-5f0e278760ff
PAY000915,BOOK000915,2025-04-17,Credit Card,Razorpay,USD,50445.0,Paid,0.0,3e08971f-00e1-413b-8519-e3c6aee18bac
PAY000916,BOOK000916,2025-02-20,Credit Card,Stripe,SGD,20060.0,Paid,0.0,7ee02f05-e837-47c5-aadd-9f46d0e4dac9
PAY000917,BOOK000917,2025-06-05,Net Banking,,SGD,40120.0,Refunded,17808.42,0db6cfd5-1ffe-44ab-b315-22d2057cc40d
PAY000918,BOOK000918,2024-09-09,UPI,PayPal,EUR,18585.0,Paid,0.0,e3cdf184-aba5-4fd5-b7f1-eec797ea3a8e
PAY000919,BOOK000919,2024-09-27,Credit Card,Razorpay,AED,28084.0,Paid,0.0,e688fc9c-8983-4de9-9eb8-e8621596f5f8
PAY000920,BOOK000920,2025-10-24,Debit Card,Cash,EUR,35400.0,Paid,0.0,42ed1f12-cd4b-43a2-94c8-6cc9d15d588d
PAY000921,BOOK000921,2026-04-14,Wallet,PayPal,SGD,17700.0,Failed,-100.0,6f844723-1c4a-4c06-b726-16dc5cb2ae84
PAY000922,BOOK000922,2025-04-16,Wallet,Razorpay,EUR,42126.0,Failed,0.0,bd8c5a7e-8467-45b4-96d2-d0c7898d8f82
PAY000923,BOOK000923,2025-07-28,Debit Card,Stripe,EUR,20650.0,Paid,0.0,b3fb4808-001f-461f-88a1-be2b00c9e56c
PAY000924,BOOK000924,2025-10-05,UPI,Cash,EUR,106200.0,Paid,0.0,fff1851e-b3ff-40fa-8617-d0b9d98c83a5
PAY000925,BOOK000925,2025-04-24,Credit Card,Razorpay,AED,50150.0,Paid,0.0,fdb47f3e-9284-46f7-ab62-1d02cf8b4c63
PAY000926,BOOK000926,2026-01-01,UPI,Cash,GBP,19617.5,Paid,0.0,75769a0b-839a-4368-9428-a1bb5d10a501
PAY000927,BOOK000927,2025-03-10,Debit Card,PhonePe,GBP,45135.0,Paid,0.0,a2aa5553-c79e-4904-92e8-0dc97f2de0be
PAY000928,BOOK000928,2026-04-05,Net Banking,Razorpay,GBP,8260.0,Paid,0.0,19ab7d82-e97a-488f-b23b-4cde9af8264f
PAY000929,BOOK000929,2024-12-05,UPI,Razorpay,SGD,70800.0,Paid,0.0,b512c54c-35aa-4ab8-9554-b60a7439336e
PAY000930,BOOK000930,2024-09-03,Debit Card,Stripe,AED,9440.0,Paid,0.0,13003a73-61e2-419b-bbd3-ce43234eb556
PAY000931,BOOK000931,2025-06-30,Credit Card,PayPal,SGD,31860.0,Paid,0.0,da7bf623-cf5c-4ad6-9369-c6664e287ec6
PAY000932,BOOK000932,2025-11-04,UPI,PayPal,EUR,19617.5,Paid,0.0,32946c0c-5c63-426f-acbc-3bd4df5d5ca4
PAY000933,BOOK000933,2024-11-07,Wallet,Razorpay,AED,10620.0,Paid,0.0,d50e768a-c777-4934-b73a-69ca77af65ec
PAY000934,BOOK000934,2024-10-07,Credit Card,PayPal,EUR,7434.0,Paid,0.0,28dfd819-1ecd-429f-a732-0e9877172ab0
PAY000935,BOOK000935,2025-11-07,Credit Card,PhonePe,SGD,17700.0,Paid,0.0,09f80bc4-860a-41e4-92d6-195a517b99c8
PAY000936,BOOK000936,2026-06-01,Net Banking,Razorpay,EUR,14042.0,Paid,0.0,238338bf-6423-4bba-a1f3-eddd00518b53
PAY000937,BOOK000937,2026-06-29,Wallet,Cash,INR,23541.0,Paid,-100.0,6aa100fa-1753-4023-9e3a-32733240564d
PAY000938,BOOK000938,2026-02-26,UPI,Cash,SGD,12537.5,Refunded,9896.36,ee43cc17-cb50-49a1-8a3a-de98d11da1ca
PAY000939,BOOK000939,2026-03-25,Wallet,Stripe,GBP,13275.0,Paid,0.0,45ec6a9e-d0ca-4aac-a2d1-74849434d59f
PAY000940,BOOK000940,2025-04-16,Cash,Cash,SGD,60180.0,Paid,0.0,1ff76b57-f946-4fa1-9a10-03f5fff5f1ce
PAY000941,BOOK000941,2025-10-01,Credit Card,PayPal,SGD,35400.0,Refunded,34389.45,d81c573a-54ce-446b-a3ad-a8753dca217a
PAY000942,BOOK000942,2026-02-20,UPI,PayPal,GBP,5015.0,Paid,0.0,8b6001d1-00e6-4e49-ae3c-a6f7bb152087
PAY000943,BOOK000943,2026-02-01,Credit Card,PhonePe,GBP,17700.0,Refunded,12186.7,60830593-6fb8-41a2-8fbf-8ad7febe4b46
PAY000944,BOOK000944,2025-01-05,Credit Card,Stripe,GBP,26550.0,Paid,0.0,d63ffd44-3e9c-4777-a17a-cca7143568c3
PAY000945,BOOK000945,2025-08-09,Net Banking,Stripe,AED,7434.0,Paid,0.0,87a21b29-2349-475d-9da6-ee08051454fb
PAY000946,BOOK000946,2024-12-17,Cash,Razorpay,AED,16815.0,Paid,0.0,3a045f5c-6aa8-4cb3-93c8-72b2335cdefc
PAY000947,BOOK000947,2025-02-05,Cash,Razorpay,SGD,13275.0,Paid,0.0,a7998af2-114a-43c3-92fa-2605174764ba
PAY000948,BOOK000948,2025-02-19,UPI,PayPal,SGD,95580.0,Paid,0.0,09d756d9-67f6-42c3-854d-b3b7f7c02d96
PAY000949,BOOK000949,2025-04-28,Cash,Stripe,AED,33040.0,Paid,0.0,23b9136e-060c-423f-a2aa-102ee9971d14
PAY000950,BOOK000950,2024-11-21,Cash,PayPal,GBP,33040.0,Paid,0.0,85a6da72-046d-4f40-996e-ac2ac449b8d8
PAY000951,BOOK000951,2026-05-01,Credit Card,Razorpay,AED,7021.0,Paid,0.0,02f93070-0d4b-47b1-8e12-5e345605ecc8
PAY000952,BOOK000952,2025-12-07,Net Banking,PhonePe,GBP,30090.0,Paid,0.0,21ee6453-f8c1-4a54-8241-28fd39effac4
PAY000953,BOOK000953,2025-02-24,Credit Card,Stripe,AED,22302.0,Paid,0.0,a5132125-4c14-4996-b3ce-91bfdfc9afc2
PAY000954,BOOK000954,2025-02-20,Cash,Stripe,USD,11800.0,Refunded,4166.86,d1303b5f-c12e-4194-870e-be54eef9ccca
PAY000955,BOOK000955,2024-08-19,UPI,Cash,USD,56640.0,Paid,0.0,a7766887-f4a4-4fe1-803d-36df01247ef8
PAY000956,BOOK000956,2026-06-09,Wallet,PayPal,SGD,33040.0,Paid,0.0,56536548-ea52-4c1a-bda5-018e4958663d
PAY000957,BOOK000957,2026-07-04,UPI,Cash,INR,84075.0,Refunded,29124.21,049eafdd-b340-461d-b9b5-0afaea816367
PAY000958,BOOK000958,2026-04-14,Net Banking,Stripe,GBP,4720.0,Paid,0.0,fbe9a562-890c-49e3-95c4-cb41a187f52b
PAY000959,BOOK000959,2026-04-15,Credit Card,Stripe,INR,21240.0,Failed,0.0,d83b1652-44de-4149-b9b3-0a5f5859e7e1
PAY000960,BOOK000960,2024-09-26,Cash,Razorpay,GBP,14160.0,Paid,0.0,f6c20e70-f2e3-4abd-b55f-f3e370ecba78
PAY000961,BOOK000961,2025-07-31,Debit Card,PayPal,EUR,49147.0,Paid,0.0,7dfe918d-69f9-4ea9-94db-f65e3be2572f
PAY000962,BOOK000962,2025-11-14,Cash,Cash,USD,20650.0,Paid,0.0,ac2c795b-bacc-47c9-82b4-4d34ec958cb4
PAY000963,BOOK000963,2026-06-27,Debit Card,Razorpay,USD,63720.0,Paid,0.0,87da2631-ae66-4014-b8d4-17314ef4560d
PAY000964,BOOK000964,2025-02-16,UPI,PhonePe,INR,20060.0,Paid,0.0,06997dd3-0e14-44b1-bea4-29fba311fd25
PAY000965,BOOK000965,2025-08-28,Wallet,PhonePe,AED,28025.0,Paid,0.0,dbc67850-fb38-4763-982b-b510ee3483fe
PAY000966,BOOK000966,2025-07-20,Cash,Stripe,GBP,16815.0,Paid,0.0,c35baf99-7f3f-44a6-b620-8bf807f40512
PAY000967,BOOK000967,2024-12-18,Cash,Cash,USD,12537.5,Paid,0.0,1dc9104f-d869-43d5-9a6f-30ed745e749b
PAY000968,BOOK000968,2025-04-25,Cash,PhonePe,AED,11800.0,Paid,0.0,eab06600-8ed6-4f9d-81b0-09e25195fe66
PAY000969,BOOK000969,2024-11-24,Cash,Cash,USD,8260.0,Paid,0.0,d527210d-fad9-45fc-b65f-77597647e201
PAY000970,BOOK000970,2025-08-21,Debit Card,PhonePe,GBP,23600.0,Paid,0.0,68294dbe-b40a-4a70-9076-a6fbdfb3a82f
PAY000971,BOOK000971,2025-06-16,Credit Card,Cash,INR,4130.0,Paid,0.0,1f821750-8dd4-4df8-a1e9-9017780fdca8
PAY000972,BOOK000972,2025-05-02,Net Banking,PayPal,USD,11800.0,Paid,0.0,92f1ac50-da48-48a3-89f0-3effcc27550d
PAY000973,BOOK000973,2026-02-15,UPI,Cash,GBP,22420.0,Paid,0.0,e5375004-29cf-4bd1-bef4-5cd0d7678375
PAY000974,BOOK000974,2025-05-29,Net Banking,Cash,USD,23541.0,Refunded,21242.58,f00abb5f-fd2f-4408-8b31-56fce99aa526
PAY000975,BOOK000975,2024-08-11,Debit Card,PhonePe,USD,10030.0,Paid,0.0,35a16417-b209-4137-a87c-cd793e8136c5
PAY000976,BOOK000976,2025-12-23,Debit Card,Cash,USD,21240.0,Refunded,14831.19,97497fd9-23d9-411c-b922-5f02e3dc9a09
PAY000977,BOOK000977,2025-06-04,Net Banking,PhonePe,USD,46256.0,Paid,0.0,122d2d81-8176-4e95-9726-a07d5430a906
PAY000978,BOOK000978,2025-11-07,Net Banking,PhonePe,EUR,17700.0,Paid,0.0,42a07b53-5728-45b1-b5ff-b1056b44ddcb
PAY000979,BOOK000979,2026-06-28,Net Banking,Razorpay,AED,50445.0,Paid,0.0,9e63e534-be01-45d5-9a1f-335fef1d002b
PAY000980,BOOK000980,2026-07-31,UPI,PayPal,SGD,5015.0,Paid,0.0,d16f9aed-aff7-46df-92cc-a5d8b0b7c015
PAY000981,BOOK000981,2024-08-06,UPI,Cash,USD,12537.5,Refunded,5603.34,e0a67006-6424-4115-9375-6adc0328adbd
PAY000982,BOOK000982,2026-04-24,Credit Card,Stripe,EUR,7021.0,Paid,0.0,af93d23e-355b-41b1-8efc-91e70e5e1616
PAY000983,BOOK000983,2026-03-10,Cash,PhonePe,GBP,5015.0,Failed,0.0,68470aff-3c38-4076-817b-5d2491b92eb9
PAY000984,BOOK000984,2025-01-15,UPI,PayPal,INR,49147.0,Paid,0.0,74eeefa0-208e-4953-bd1b-f67fe6b12570
PAY000985,BOOK000985,2026-04-25,Credit Card,Cash,AED,70210.0,Paid,0.0,e30332fe-0fd4-4557-8a0a-6471697e17df
PAY000986,BOOK000986,2026-01-10,Credit Card,Razorpay,EUR,15045.0,Paid,0.0,e5c80f13-25b0-40f8-aea1-d2b2c1570815
PAY000987,BOOK000987,2025-02-18,Net Banking,Razorpay,INR,17700.0,Paid,0.0,cd78e157-58d3-4014-b946-89f0eebe9dbb
PAY000988,BOOK000988,2024-09-18,Wallet,Razorpay,AED,26432.0,Refunded,17923.2,63d4e12d-2f9c-4202-a919-cd4eba08e862
PAY000989,BOOK000989,2024-11-07,Net Banking,PayPal,SGD,70800.0,Paid,0.0,f91e40a2-a5ac-4a5a-b358-3204ef44554a
PAY000990,BOOK000990,2024-08-07,Credit Card,Stripe,GBP,28320.0,Paid,0.0,4a405870-8178-43aa-a255-9acdfb661a40
PAY000991,BOOK000991,2025-01-17,Debit Card,PayPal,SGD,35400.0,Paid,0.0,ee75d672-739e-4b13-9e55-1eb0399d9cf4
PAY000992,BOOK000992,2026-05-25,Debit Card,PayPal,AED,5900.0,Refunded,4982.31,f513414f-5636-4af1-a6de-b53776fd19ad
PAY000993,BOOK000993,2026-02-06,Wallet,Cash,INR,17552.5,Paid,0.0,a60954e9-2084-4a09-a495-28b2c10fb385
PAY000994,BOOK000994,2026-02-08,Wallet,Cash,INR,4720.0,Failed,0.0,d0e2978a-a03e-41d8-882f-8d1ee815a2f8
PAY000995,BOOK000995,2026-05-23,Credit Card,PayPal,USD,33630.0,Paid,0.0,6a2b45d3-8669-4940-808e-1d4d720ee10e
PAY000996,BOOK000996,2025-09-20,Cash,Stripe,GBP,35105.0,Paid,0.0,ab8f3cb9-e3d4-46d4-bca0-588ca7e959ca
PAY000997,BOOK000997,2024-10-31,UPI,Razorpay,INR,10620.0,Failed,0.0,57a33961-6083-495d-a5c7-5ac96be8a699
PAY000998,BOOK000998,2025-06-07,UPI,PayPal,USD,19617.5,Paid,0.0,f7069646-d80e-4913-8d4e-9498a956a2c8
PAY000999,BOOK000999,2025-12-28,Credit Card,Razorpay,SGD,63720.0,Paid,0.0,1f42ecbd-024e-4892-a353-9eb5c518f795
PAY001000,BOOK001000,2024-08-26,Wallet,PayPal,GBP,41300.0,Paid,0.0,3142c891-b0e6-497d-9296-a54bb9451577
PAY001001,BOOK001001,2026-06-25,Wallet,Razorpay,EUR,8850.0,Paid,0.0,031d0855-1b48-4267-9eb5-8c068694baee
PAY001002,BOOK001002,2024-10-20,Credit Card,PayPal,SGD,22302.0,Paid,0.0,e9fedf1e-4f7d-4ff0-8b3e-541c875208cd
PAY001003,BOOK001003,2025-03-18,Cash,Razorpay,AED,19617.5,Paid,0.0,6fbf33f0-2c05-4c01-88e2-7c0fe80e8743
PAY001004,BOOK001004,2024-11-20,Cash,Cash,INR,17700.0,Paid,0.0,e70fc23c-2498-4a79-a30c-ac866e66a809
PAY001005,BOOK001005,2024-08-08,Debit Card,Cash,GBP,70800.0,Paid,0.0,aa3d3922-3d53-4935-88ee-74341d0dbaa0
PAY001006,BOOK001006,2025-02-12,Cash,PayPal,GBP,47790.0,Paid,0.0,07f5ade7-9a03-4668-8c6a-cf8966480dcf
PAY001007,BOOK001007,2024-12-30,Net Banking,PayPal,INR,28025.0,Paid,0.0,0533de1c-3e43-4ed1-b65d-ea2b071b887a
PAY001008,BOOK001008,2025-01-17,Cash,PayPal,SGD,33630.0,Paid,0.0,717ec736-2dfb-4336-8065-1ee7f8e3925c
PAY001009,BOOK001009,2025-07-04,Credit Card,,INR,11800.0,Paid,0.0,cae1a50a-2e44-496e-8ddc-d39e2cde2574
PAY001010,BOOK001010,2024-12-29,Cash,PayPal,SGD,27464.5,Failed,0.0,cfb918ab-d18a-4acf-b1c1-f4dba5172af8
PAY001011,BOOK001011,2025-09-11,UPI,Cash,EUR,21240.0,Paid,0.0,08129e31-5d53-4f16-bbce-74dc40fe98ea
PAY001012,BOOK001012,2024-07-31,Debit Card,Razorpay,EUR,17700.0,Paid,0.0,41e21d6b-fb9f-47d2-b964-aabcfa0ee98b
PAY001013,BOOK001013,2025-02-19,Cash,Stripe,SGD,18880.0,Paid,0.0,da2747ea-1bb9-4a78-8699-7a39e1a12cfe
PAY001014,BOOK001014,2025-05-14,Wallet,PhonePe,INR,3923.5,Paid,0.0,7080a59b-bdbe-4122-b78a-658286378081
PAY001015,BOOK001015,2025-08-22,Wallet,PhonePe,USD,25075.0,Refunded,9928.94,6586d3fc-b5b9-4afe-9d16-7bb6a7422a20
PAY001016,BOOK001016,2025-08-10,Net Banking,PayPal,SGD,21063.0,Paid,0.0,90f67c47-520d-4963-8a0c-c758c7eb5027
PAY001017,BOOK001017,2025-08-20,Debit Card,PhonePe,USD,16520.0,Failed,0.0,f6ab37d8-b149-45ff-af46-c106f85de0c8
PAY001018,BOOK001018,2024-12-28,Cash,PhonePe,GBP,50150.0,Failed,0.0,463f7b5e-8e9b-4554-a0c0-7239ab75d9a1
PAY001019,BOOK001019,2025-04-23,Cash,Stripe,INR,35105.0,Paid,0.0,e32ad573-9089-4bf0-9215-77280aebc21b
PAY001020,BOOK001020,2026-07-25,Cash,Stripe,USD,31860.0,Paid,0.0,bb314579-1566-4dcf-88b1-07c896121604
PAY001021,BOOK001021,2025-10-12,UPI,PayPal,AED,15694.0,Paid,0.0,487ed5d1-3f52-4cd9-bad4-1a3e5cc30dbf
PAY001022,BOOK001022,2025-11-03,Credit Card,PayPal,INR,5900.0,Paid,0.0,cb5eba39-f1d6-475b-b10d-8aa9ba578add
PAY001023,BOOK001023,2025-12-03,UPI,PhonePe,,29500.0,Paid,0.0,df25ac60-1b00-469e-b6d9-b1eb1e25b0ce
PAY001024,BOOK001024,2025-10-28,Debit Card,PhonePe,GBP,53100.0,Paid,0.0,548d0335-91c4-4c7f-bfb3-699176d88f07
PAY001025,BOOK001025,2026-04-27,Cash,PhonePe,EUR,33630.0,Paid,0.0,eb6f74ec-657b-405a-bfbb-326c3120c32f
PAY001026,BOOK001026,2025-04-18,Net Banking,PayPal,USD,19617.5,Failed,0.0,a91fe4c8-c38c-41ca-a417-73960b66b21f
PAY001027,BOOK001027,2026-05-18,Cash,PhonePe,USD,75225.0,Paid,0.0,361dbeeb-9e37-4dc9-a078-006f575fb243
PAY001028,BOOK001028,2025-11-21,Debit Card,PayPal,USD,14160.0,Paid,0.0,f8777440-a679-451e-8f58-5ff49bdb6914
PAY001029,BOOK001029,2025-05-16,Debit Card,Cash,EUR,28320.0,Paid,0.0,5e244092-eace-499e-b0d1-6884d68ff090
PAY001030,BOOK001030,2026-05-10,Debit Card,Stripe,INR,12537.5,Paid,0.0,491d4cd8-a3ca-4a5b-bcad-7ae5bf6fda14
PAY001031,BOOK001031,2025-05-03,Cash,PhonePe,INR,70210.0,Paid,0.0,42058ee1-1cbb-4e9f-9cad-106af9eff951
PAY001032,BOOK001032,2024-12-17,Debit Card,PayPal,AED,11151.0,Paid,0.0,afcd609c-7e18-46f9-89be-14f9d8032eb5
PAY001033,BOOK001033,2025-04-24,Wallet,Cash,USD,30090.0,Paid,0.0,0627e693-ade7-43f9-9f58-e16d3d2a5786
PAY001034,BOOK001034,2024-12-07,UPI,PayPal,GBP,5605.0,Refunded,4294.89,0ea0febf-9922-435e-a89b-a0f772dccdd5
PAY001035,BOOK001035,2025-07-12,Wallet,PayPal,EUR,49560.0,Paid,0.0,bbf3e51c-0add-4327-a76f-70e7f585cc4c
PAY001036,BOOK001036,2024-11-01,Wallet,PayPal,USD,5310.0,Paid,0.0,89be230e-6449-4f32-b096-f648b273cc97
PAY001037,BOOK001037,2026-01-20,Cash,Cash,EUR,70800.0,Paid,0.0,6c80f54e-f8f8-480c-814b-4f2f4f6db836
PAY001038,BOOK001038,2025-11-28,Wallet,Stripe,USD,10030.0,Paid,0.0,07308d31-c177-4449-9428-407ee289bd1d
PAY001039,BOOK001039,2024-11-19,Wallet,Razorpay,USD,10620.0,Paid,0.0,f397e4d2-b241-45cf-910a-27242a405abf
PAY001040,BOOK001040,2026-06-15,Wallet,Stripe,GBP,8850.0,Refunded,2481.6,c496fa2a-019a-470b-8fc9-0e854aa2d718
PAY001041,BOOK001041,2025-02-01,Debit Card,PhonePe,SGD,10531.5,Paid,0.0,ddc6c189-750a-4c9f-8ada-e05dd84c2d6a
PAY001042,BOOK001042,2026-01-11,Cash,Stripe,,12537.5,Paid,0.0,15eae5d9-bf48-4a1b-850b-3a15da07703f
PAY001043,BOOK001043,2025-10-08,UPI,Stripe,USD,11800.0,Paid,0.0,75eab3a2-8ec0-4377-99c2-8cd0fc9f3214
PAY001044,BOOK001044,2026-01-02,Net Banking,Stripe,AED,31860.0,Paid,0.0,9e7c964d-7a5d-492d-a20e-4bfb635437df
PAY001045,BOOK001045,2025-10-11,Cash,Stripe,AED,14868.0,Paid,0.0,5ed6d10e-99f1-4890-b841-35dcb6ff0f18
PAY001046,BOOK001046,2025-03-19,Debit Card,Cash,EUR,56640.0,Paid,0.0,196ea9a2-8d17-4534-8103-71c773ffbbce
PAY001047,BOOK001047,2024-11-20,Debit Card,PhonePe,GBP,33040.0,Paid,0.0,5a24cc41-b3c2-4def-901a-2abfd8fddf82
PAY001048,BOOK001048,2025-12-02,UPI,PhonePe,EUR,35105.0,Refunded,12506.48,fb57caee-1a90-41ae-a255-251d5abf6361
PAY001049,BOOK001049,2026-07-07,Credit Card,Stripe,AED,20060.0,Failed,0.0,5775d425-8902-4d46-80cc-855cc68cb038
PAY001050,BOOK001050,2025-06-04,Debit Card,Cash,EUR,5900.0,Paid,0.0,7982a752-350e-4f3b-a403-eb5b65e60c46
PAY001051,BOOK001051,2026-06-10,Debit Card,Razorpay,INR,23600.0,Refunded,12123.53,68c45fdf-52ee-4a8d-abdd-a3e05fdd62d8
PAY001052,BOOK001052,2024-09-05,Cash,PhonePe,INR,50445.0,Paid,0.0,0b6d3662-1cfa-4f6e-bcdf-dec577090d44
PAY001053,BOOK001053,2025-09-03,Net Banking,PhonePe,AED,84960.0,Paid,0.0,12526741-bf83-4e2f-ba17-d13deb47731f
PAY001054,BOOK001054,2025-04-03,Cash,PhonePe,INR,28025.0,Paid,0.0,07c1b316-5e62-40f2-b2fe-9bccc17675d5
PAY001055,BOOK001055,2025-04-12,Net Banking,Stripe,GBP,14160.0,Paid,0.0,cfb7eb6b-98c2-406f-88e1-f9239413f334
PAY001056,BOOK001056,2024-10-27,Net Banking,Cash,AED,59000.0,Paid,0.0,5a8d8ed6-f7f5-4aa5-a28d-ce09710bf006
PAY001057,BOOK001057,2026-04-20,Credit Card,Razorpay,EUR,16520.0,Paid,0.0,5eaa0779-0ee0-4920-b9e8-b1884d7b50f8
PAY001058,BOOK001058,2025-04-10,UPI,Stripe,GBP,19824.0,Paid,0.0,f5ef523e-bdd9-415b-8ad1-08202804167a
PAY001059,BOOK001059,2025-11-04,Credit Card,Cash,GBP,16520.0,Paid,0.0,36be7b75-ab8b-4bdb-b76d-8af72e730668
PAY001060,BOOK001060,2025-10-07,UPI,Stripe,EUR,23600.0,Paid,0.0,f29859ff-86f9-4f60-8c21-9a8bc28812ce
PAY001061,BOOK001061,2025-10-27,Debit Card,Razorpay,AED,15694.0,Refunded,8515.28,00b6437d-4a25-4b45-8d50-dd6731cba567
PAY001062,BOOK001062,2025-10-29,Net Banking,PayPal,AED,21063.0,Paid,0.0,3bb90930-2c7f-4bdb-b92c-fc30b60ecc2f
PAY001063,BOOK001063,2024-12-25,Credit Card,Cash,GBP,82600.0,Failed,0.0,b4c96162-d2a1-4500-92b3-ae31f2395a4a
PAY001064,BOOK001064,2025-12-25,Net Banking,Stripe,SGD,3717.0,Paid,0.0,295f5245-d5d6-417d-8b15-27ee3977820c
PAY001065,BOOK001065,2024-10-14,Net Banking,Cash,USD,22302.0,Paid,0.0,8fe6fc21-8fa2-4cba-8187-227783e8acc7
PAY001066,BOOK001066,2026-01-03,Credit Card,Cash,AED,24573.5,Refunded,23766.76,e63ea42c-7f8d-4759-8ad5-8562cced20b9
PAY001067,BOOK001067,2024-10-24,UPI,PhonePe,GBP,11800.0,Paid,0.0,6fdb2d55-afab-4626-901d-e0f03749ab4b
PAY001068,BOOK001068,2024-10-05,Cash,PayPal,SGD,84960.0,Paid,0.0,94dabcbc-0961-4423-871a-b8b4ea9c5664
PAY001069,BOOK001069,2024-08-13,UPI,PhonePe,INR,14042.0,Paid,0.0,b18b5581-1728-48ef-b603-2f35bb763e0f
PAY001070,BOOK001070,2025-06-24,Cash,PayPal,AED,8407.5,Paid,0.0,99697679-5d83-464c-ad6e-bd77a0a26fdd
PAY001071,BOOK001071,2025-08-24,UPI,Razorpay,USD,5015.0,Paid,0.0,81cca795-c371-4513-b77d-aaf4d9259a1f
PAY001072,BOOK001072,2024-12-02,Credit Card,PhonePe,EUR,16520.0,Paid,0.0,89531fe3-985c-414a-bcea-d585202818bc
PAY001073,BOOK001073,2026-07-30,Wallet,Cash,USD,18585.0,Refunded,6237.76,602ab030-05e2-4546-a92b-f2eb24650e07
PAY001074,BOOK001074,2025-03-19,Credit Card,Razorpay,AED,8260.0,Paid,0.0,35150e8e-3b8a-4119-baf8-37e76d11ef09
PAY001075,BOOK001075,2025-11-18,Debit Card,PayPal,USD,7080.0,Refunded,6548.65,4c3e1b02-346e-485d-a8e7-d89b628984f4
PAY001076,BOOK001076,2025-09-29,Debit Card,PayPal,GBP,106200.0,Refunded,57294.13,5c665ad4-fd55-43e2-847c-bd9c8da21662
PAY001077,BOOK001077,2025-09-29,Credit Card,Stripe,INR,84960.0,Paid,0.0,623cc245-e39e-4eea-aaab-3ea2e0432d9e
PAY001078,BOOK001078,2024-09-14,UPI,PhonePe,GBP,18585.0,Paid,0.0,4f973aea-d9ef-4767-8138-ed8d084c6195
PAY001079,BOOK001079,2025-11-22,Credit Card,Cash,GBP,28320.0,Paid,0.0,eff22958-852f-4aba-834d-0c9c2e8b6f55
PAY001080,BOOK001080,2025-04-13,UPI,Cash,,21240.0,Paid,0.0,aac48f27-d14c-4ed0-bb91-82394df45ead
PAY001081,BOOK001081,2025-06-10,Cash,Cash,SGD,53100.0,Paid,0.0,e8a7851b-2d59-4b36-9458-2d72909d88e0
PAY001082,BOOK001082,2026-07-23,Debit Card,Stripe,SGD,5900.0,Paid,0.0,cc51b000-f205-4770-b34d-b82d18d1079c
PAY001083,BOOK001083,2025-01-14,Wallet,Stripe,AED,39235.0,Failed,0.0,00361265-a7fe-4400-b1b2-c515acb9214f
PAY001084,BOOK001084,2025-09-03,Wallet,Stripe,SGD,30090.0,Paid,0.0,3f6014b5-0227-4b73-9618-9c92b0fed8cb
PAY001085,BOOK001085,2024-08-02,Wallet,PayPal,AED,35400.0,Refunded,12667.21,f6be1df8-7c6b-496a-a6d0-19b547997936
PAY001086,BOOK001086,2024-08-05,Wallet,Razorpay,USD,63720.0,Refunded,-100.0,78bf1dee-0510-47e3-aeee-7948837a17f7
PAY001087,BOOK001087,2025-05-29,UPI,PayPal,GBP,8850.0,Paid,0.0,b687ec24-2a79-4976-b216-963561172514
PAY001088,BOOK001088,2024-12-13,Wallet,Cash,AED,37170.0,Paid,0.0,3e95c8a5-ebdf-48aa-9fd7-6be8cccb5b99
PAY001089,BOOK001089,2025-12-22,Wallet,Cash,SGD,37170.0,Refunded,23405.03,7c568c34-5a7a-4f4b-82dc-44ac0c26c451
PAY001090,BOOK001090,2026-01-18,Credit Card,PhonePe,SGD,15694.0,Paid,0.0,b6ae86cc-cc5d-4d45-afcf-4d8b2d5766cf
PAY001091,BOOK001091,2025-03-30,Credit Card,PhonePe,SGD,21240.0,Paid,0.0,56d7ffad-0d8e-4698-823f-bfe4bd54877c
PAY001092,BOOK001092,2024-11-30,Debit Card,Razorpay,INR,5015.0,Paid,0.0,6c61764c-cb4d-4fd9-ae5d-320ee189605d
PAY001093,BOOK001093,2025-12-20,Wallet,Cash,SGD,44604.0,Paid,0.0,3d7e3f7e-c8e6-4d8e-9bab-a208a9f55127
PAY001094,BOOK001094,2024-10-22,Net Banking,PayPal,USD,19617.5,Paid,0.0,fa48eff3-aba7-4a2c-b9a2-64739c3a9767
PAY001095,BOOK001095,2026-06-25,Credit Card,Stripe,INR,46256.0,Paid,0.0,04eeb75f-fef0-417a-8981-97ffaac1c091
PAY001096,BOOK001096,2026-06-02,Cash,Cash,AED,10620.0,Failed,0.0,bc05acd9-ebff-4b9c-8d07-f599ed13f99f
PAY001097,BOOK001097,2025-10-20,Net Banking,Stripe,INR,15930.0,Refunded,5036.87,4b2cbc47-5643-436e-bd25-58bb3ba65e9e
PAY001098,BOOK001098,2025-05-09,Debit Card,Razorpay,GBP,47082.0,Refunded,33618.53,adf5dfcf-bb1e-4abf-880d-c3f0b445caac
PAY001099,BOOK001099,2024-08-24,Cash,Stripe,GBP,39235.0,Paid,0.0,92e3e8a9-73e9-412b-b8c0-973f3910a799
PAY001100,BOOK001100,2025-10-18,Cash,Stripe,SGD,17700.0,Paid,0.0,9d270f74-9240-4a5f-9faf-2961147db7ff
PAY001101,BOOK001101,2025-09-01,UPI,Stripe,GBP,5900.0,Paid,0.0,2b56d905-5f3f-4ab5-9414-cd79781c7375
PAY001102,BOOK001102,2025-10-18,Wallet,Razorpay,AED,5900.0,Refunded,3665.34,ec04d6b3-c691-4e52-b933-d8216fca2f28
PAY001103,BOOK001103,2026-03-27,Credit Card,Cash,INR,28084.0,Refunded,11584.55,9e7d4724-3327-4b12-ba09-ac3988477e92
PAY001104,BOOK001104,2025-11-05,Wallet,Razorpay,GBP,6608.0,Paid,0.0,9dbaca69-8c1d-4851-805f-0488c5eb694c
PAY001105,BOOK001105,2025-03-24,Cash,PayPal,EUR,63720.0,Paid,0.0,e40dac91-837b-4479-9cbf-99264a134b23
PAY001106,BOOK001106,2025-01-27,Debit Card,Razorpay,SGD,2507.5,Paid,0.0,424ff917-7765-4bcf-bb4e-ed89fd80be15
PAY001107,BOOK001107,2024-12-16,UPI,PayPal,SGD,19617.5,Paid,0.0,8722350f-fc4b-48cd-b6ec-40561881b0cb
PAY001108,BOOK001108,2025-09-01,Cash,Cash,INR,16520.0,Paid,-100.0,f3683020-2e84-4e44-9d61-dcf547f0a1c6
PAY001109,BOOK001109,2026-05-02,Cash,Cash,USD,13275.0,Refunded,3590.62,e00eb259-acf7-4341-96a6-ce19a0701276
PAY001110,BOOK001110,2025-01-13,Wallet,Razorpay,GBP,60180.0,Paid,0.0,fd14921e-dc03-4e39-8484-cfc51002b87b
PAY001111,BOOK001111,2025-06-02,Debit Card,Razorpay,SGD,7021.0,Paid,0.0,c18593cd-09c7-4455-8bdd-a742d3fb4253
PAY001112,BOOK001112,2025-05-22,Cash,PhonePe,GBP,33630.0,Paid,0.0,27e10e5e-6e6a-4b67-bcda-f001b2c116e2
PAY001113,BOOK001113,2025-09-23,Wallet,Cash,USD,16815.0,Paid,0.0,c82790d8-95d8-4ab5-bf2e-a7ef55c57662
PAY001114,BOOK001114,2025-04-25,Net Banking,Cash,EUR,39235.0,Failed,0.0,ab822a75-eb9c-4a1e-8a28-0c1d5d796adc
PAY001115,BOOK001115,2025-09-23,Debit Card,Stripe,INR,59000.0,Paid,0.0,301e98d1-d804-4014-b5b7-260969c7d71e
PAY001116,BOOK001116,2026-03-14,UPI,Stripe,SGD,16520.0,Paid,0.0,1045a36b-4e64-4924-a220-5fa6837e60ef
PAY001117,BOOK001117,2024-08-15,Wallet,Razorpay,GBP,70800.0,Paid,0.0,bffd01e9-075a-4683-bbd2-7633c0db00bb
PAY001118,BOOK001118,2024-10-20,Cash,Cash,USD,13275.0,Paid,0.0,4e56a4b8-3734-4469-8cc6-1039e0dc7fd2
PAY001119,BOOK001119,2026-06-15,Wallet,Stripe,,11800.0,Paid,0.0,5623f9cb-d07f-417a-9ea0-88969edd70cb
PAY001120,BOOK001120,2024-12-28,Net Banking,Stripe,AED,56050.0,Paid,0.0,cfcbf32d-c813-459a-b41f-018c79ee6a5a
PAY001121,BOOK001121,2024-12-14,Debit Card,Cash,USD,8850.0,Failed,0.0,7896e4e3-2a6d-4bb7-96e7-32c98b3079e8
PAY001122,BOOK001122,2024-12-03,Credit Card,Stripe,GBP,95580.0,Paid,0.0,2252096b-ecac-4fd3-821a-020d19d9dfdf
PAY001123,BOOK001123,2025-04-01,Credit Card,PayPal,AED,70800.0,Paid,0.0,1d5e01d2-0749-43be-b31e-20ac5ef7e9ee
PAY001124,BOOK001124,2024-09-18,Credit Card,Stripe,EUR,15930.0,Paid,0.0,a9415982-5721-4312-8c32-104c4aca0bc9
PAY001125,BOOK001125,2025-04-30,Cash,PayPal,SGD,17700.0,Paid,0.0,a213f988-edd8-4d40-bf87-a08952c2388e
PAY001126,BOOK001126,2026-03-12,Wallet,Cash,EUR,8260.0,Refunded,5711.03,41eccdba-653d-4433-80dc-01b991dd9651
PAY001127,BOOK001127,2025-02-10,Credit Card,PhonePe,USD,37170.0,Paid,0.0,231579cb-e65b-401f-bfe0-c3c843c1c7ef
PAY001128,BOOK001128,2025-07-11,Credit Card,PhonePe,AED,4720.0,Paid,0.0,5d5fd08f-f3fd-49c5-8a83-44d3e01fd7e1
PAY001129,BOOK001129,2026-07-15,Cash,PayPal,EUR,31388.0,Paid,0.0,0a8e8e4d-996d-4e80-9abe-ab2e3d2e7f9d
PAY001130,BOOK001130,2025-08-12,Debit Card,Cash,USD,15694.0,Paid,0.0,e632f2c5-388a-40f2-92c0-3d4c1e53af63
PAY001131,BOOK001131,2025-01-04,UPI,Razorpay,EUR,5900.0,Paid,0.0,7ec2f088-611e-48a7-a04a-9f4e6ef9e82a
PAY001132,BOOK001132,2025-03-15,Credit Card,Stripe,USD,18880.0,Paid,0.0,7e82428b-f927-4a7e-84da-7df2dcf64a52
PAY001133,BOOK001133,2024-12-13,Wallet,Razorpay,EUR,20650.0,Paid,0.0,b43a4fc2-50d0-4d93-8f58-0af7712c31bb
PAY001134,BOOK001134,2025-07-08,Net Banking,PayPal,INR,5605.0,Paid,0.0,a754f6f6-0c49-4896-9030-1a34cd86496f
PAY001135,BOOK001135,2025-07-15,Net Banking,Razorpay,INR,5900.0,Paid,0.0,cddc5275-e04e-462e-98a7-3bec404a6f2b
PAY001136,BOOK001136,2024-10-07,UPI,PhonePe,SGD,15694.0,Paid,0.0,3b725442-2a47-4197-beb3-37f72f2573f6
PAY001137,BOOK001137,2024-11-15,Wallet,,SGD,17700.0,Paid,0.0,0a2b0ae1-d67d-4406-8717-9043776ef962
PAY001138,BOOK001138,2024-12-10,UPI,Stripe,INR,11151.0,Failed,0.0,907aad29-555e-4633-b569-d43581a1dd89
PAY001139,BOOK001139,2025-11-12,Cash,Stripe,SGD,70210.0,Paid,0.0,e1416ef2-d022-4c19-a115-ad600c8b05c4
PAY001140,BOOK001140,2025-04-08,Debit Card,PhonePe,USD,26550.0,Paid,0.0,4e75965d-5123-4263-9e6e-7db7df4fbaaa
PAY001141,BOOK001141,2026-05-02,Cash,PhonePe,USD,99120.0,Paid,0.0,f01f84d1-eedc-49b0-bdb2-75e12bbfc156
PAY001142,BOOK001142,2026-07-13,Credit Card,PhonePe,GBP,10620.0,Paid,0.0,1af9e0c6-5dfe-4b96-ab81-e876293e13a1
PAY001143,BOOK001143,2025-02-04,Credit Card,PayPal,INR,70210.0,Paid,0.0,c3e382aa-c664-4356-b215-ce2bf3f04055
PAY001144,BOOK001144,2025-09-02,Net Banking,Razorpay,GBP,24573.5,Paid,0.0,d2f9945a-6832-4cb9-b839-2e446e6c6171
PAY001145,BOOK001145,2026-01-27,Cash,Razorpay,GBP,15045.0,Paid,0.0,d3f35ed8-03c7-42da-9eb0-b87eee9786ed
PAY001146,BOOK001146,2025-09-02,Debit Card,Razorpay,EUR,16520.0,Paid,0.0,ccc523a2-a494-467c-b299-344b2936cf8d
PAY001147,BOOK001147,2024-09-24,UPI,Razorpay,USD,105315.0,Failed,0.0,19eec3a2-536f-4631-874e-d996859a54b5
PAY001148,BOOK001148,2026-04-19,Cash,PhonePe,GBP,26550.0,Paid,0.0,3997a4e4-15ee-41b7-8fcd-e633d68b30d1
PAY001149,BOOK001149,2025-09-18,Credit Card,Razorpay,USD,52038.0,Failed,0.0,d89faf8a-59b5-4dcd-a50f-5a91a7fda067
PAY001150,BOOK001150,2025-10-03,UPI,PhonePe,USD,20060.0,Paid,0.0,59b0438a-9ba7-4679-9b90-ccf96e30f6f1
PAY001151,BOOK001151,2025-05-25,Credit Card,PayPal,AED,7021.0,Failed,0.0,12fe84ea-f25b-4429-9df4-7571c8e955a2
PAY001152,BOOK001152,2024-09-08,Cash,Cash,USD,28025.0,Paid,0.0,1a62697b-be8a-4c34-be6d-5550cb6c434d
PAY001153,BOOK001153,2025-03-31,Wallet,PhonePe,AED,2655.0,Paid,0.0,e8b4c4dc-0fe0-403e-b36a-726d14ecab54
PAY001154,BOOK001154,2025-01-15,Credit Card,PhonePe,EUR,28025.0,Paid,0.0,ce58d157-a127-4858-b668-666abf92dd7c
PAY001155,BOOK001155,2024-09-27,Wallet,PayPal,GBP,31860.0,Paid,0.0,c3882014-e91f-44b8-a3f4-95988de42e91
PAY001156,BOOK001156,2025-07-19,Cash,Razorpay,AED,16520.0,Paid,0.0,12b0e3cf-fac1-4f1e-859a-8c57d9caaf96
PAY001157,BOOK001157,2024-08-14,UPI,PayPal,GBP,21063.0,Paid,0.0,69b47f8d-31b5-4f87-b6a7-ca9dfd201933
PAY001158,BOOK001158,2025-04-28,Credit Card,Stripe,USD,14868.0,Paid,0.0,ef3a4a7f-82e4-4cc1-bcfb-f6830c0e080b
PAY001159,BOOK001159,2026-05-19,Cash,PhonePe,USD,37760.0,Refunded,36454.83,ea8b1737-8600-42ec-a6a0-8928506131c6
PAY001160,BOOK001160,2025-07-06,Cash,Stripe,USD,37170.0,Paid,0.0,e5bfda9e-1eec-4d20-aa52-d066177cf26d
PAY001161,BOOK001161,2025-11-10,Net Banking,PhonePe,INR,74340.0,Paid,0.0,72ad50bc-d1fe-4f8e-8ce4-fb8c21969752
PAY001162,BOOK001162,2026-02-19,Net Banking,Razorpay,SGD,20650.0,Refunded,20091.22,789f016e-27da-4d50-9740-8d5bb3a71c06
PAY001163,BOOK001163,2024-11-10,Credit Card,PayPal,EUR,28320.0,Paid,0.0,2c206df1-7c71-444a-9d87-2873cdb105df
PAY001164,BOOK001164,2024-10-14,Net Banking,PayPal,USD,14868.0,Paid,0.0,3d00545c-bc74-48ad-b5c8-af470e3071a1
PAY001165,BOOK001165,2025-05-25,Net Banking,PhonePe,INR,50150.0,Paid,0.0,c27d4dec-2b62-47c4-8057-ff126f55a7a7
PAY001166,BOOK001166,2025-06-04,Debit Card,Razorpay,AED,21240.0,Paid,0.0,92142672-2dee-4525-9138-ce76b0a584fa
PAY001167,BOOK001167,2025-10-21,Debit Card,Stripe,AED,41300.0,Paid,0.0,29f0a978-1087-4ae0-83e0-df45a16671e0
PAY001168,BOOK001168,2025-09-04,Wallet,PayPal,SGD,26432.0,Paid,0.0,352becd3-3d70-49b3-8b25-f0c4406e2f8e
PAY001169,BOOK001169,2025-05-03,Debit Card,Razorpay,GBP,16520.0,Paid,0.0,b715d250-e31f-44f3-98d9-8b819dd126fc
PAY001170,BOOK001170,2025-03-17,UPI,PayPal,EUR,14160.0,Paid,0.0,bb8cbd3f-6a14-451c-894c-dd648593abfd
PAY001171,BOOK001171,2025-04-26,Debit Card,PhonePe,AED,8407.5,Paid,0.0,09b1aef0-887e-405c-b23e-640ac7595694
PAY001172,BOOK001172,2026-03-28,Cash,PhonePe,AED,23128.0,Paid,0.0,237741f1-b608-427c-a94d-607216d3e3de
PAY001173,BOOK001173,2025-12-02,Cash,Stripe,USD,24573.5,Paid,0.0,ff75b144-8249-4b3f-91f1-b71c20ee0935
PAY001174,BOOK001174,2024-08-16,Credit Card,PhonePe,GBP,14868.0,Paid,0.0,b37911b8-ea5e-44d9-824e-5ead8d2b4744
PAY001175,BOOK001175,2026-06-09,Cash,Cash,EUR,10030.0,Paid,0.0,2a2261da-1c4e-47ec-82a2-c6745637dad3
PAY001176,BOOK001176,2024-11-07,Wallet,Cash,INR,41300.0,Paid,0.0,64c0c72f-b188-42bd-a9a5-471f77fe8dd9
PAY001177,BOOK001177,2026-03-23,Debit Card,PayPal,GBP,100890.0,Paid,0.0,440e9eaa-e7df-4228-b567-09206ebd2b83
PAY001178,BOOK001178,2026-05-07,Net Banking,PayPal,EUR,10620.0,Paid,0.0,4dc790d1-9a32-4e29-8bb1-423ed729f31b
PAY001179,BOOK001179,2025-06-16,Cash,Razorpay,AED,67260.0,Refunded,29622.88,3bffc9aa-8cd2-4545-b0c6-f9455ac706dc
PAY001180,BOOK001180,2026-04-23,Cash,Razorpay,USD,9440.0,Paid,0.0,61f68d7d-357a-42bf-963f-888c5b66a2ba
PAY001181,BOOK001181,2025-07-21,UPI,PhonePe,GBP,10030.0,Paid,0.0,980f783d-28ad-441d-84d2-f62163170787
PAY001182,BOOK001182,2025-03-24,Credit Card,Cash,INR,35105.0,Paid,0.0,7234a6f6-aa05-45d7-aaef-02cdb12d075b
PAY001183,BOOK001183,2024-09-22,Cash,PhonePe,EUR,9440.0,Refunded,5217.04,3021cb9b-9bee-4757-8cff-7c3d9538aacf
PAY001184,BOOK001184,2025-09-30,Cash,Stripe,SGD,10030.0,Paid,0.0,8f53fd81-d0ff-4f08-83a1-b8b2fc5b1bea
PAY001185,BOOK001185,2026-03-24,Debit Card,Cash,GBP,84075.0,Paid,0.0,0d714ad4-ac34-457c-9b27-3d4406e192e3
PAY001186,BOOK001186,2025-06-15,Cash,Stripe,AED,82600.0,Paid,0.0,75108d92-554a-46b0-9342-492f3405b0d8
PAY001187,BOOK001187,2025-12-31,Net Banking,Cash,USD,70800.0,Paid,0.0,a73be3b8-990c-495b-a6b5-d613034a326d
PAY001188,BOOK001188,2026-04-26,Credit Card,PhonePe,AED,50445.0,Paid,0.0,e06a30fb-e7f1-4b0a-8fc5-ac50ceed5c26
PAY001189,BOOK001189,2025-10-07,Cash,Stripe,AED,63720.0,Paid,0.0,a0b426c8-8677-436c-8f2a-dab5d117b715
PAY001190,BOOK001190,2024-08-05,Debit Card,Stripe,,9440.0,Paid,0.0,e08cc6ff-057d-4f09-939a-3379ba038e56
PAY001191,BOOK001191,2026-01-27,Debit Card,PhonePe,INR,123900.0,Paid,0.0,f2e734c1-0cd7-4902-9c1e-b4cac1292bfd
PAY001192,BOOK001192,2025-05-22,UPI,Stripe,AED,57820.0,Paid,0.0,666e18a4-3152-455e-a66b-78d15a883d69
PAY001193,BOOK001193,2026-01-08,Wallet,PhonePe,AED,66080.0,Paid,0.0,d6c04c66-8859-4bc0-9eaf-23c82d0da76b
PAY001194,BOOK001194,2026-03-03,Net Banking,Razorpay,AED,49560.0,Paid,0.0,53adc477-4bd2-486c-8481-71b888ae68a8
PAY001195,BOOK001195,2025-01-24,Wallet,Cash,GBP,22302.0,Refunded,18360.08,1847dca2-e1b7-4207-b3ec-5fb20b14af1e
PAY001196,BOOK001196,2026-03-01,UPI,PayPal,SGD,100890.0,Paid,0.0,ab34feaf-d0d8-44c5-b988-686d3eef129f
PAY001197,BOOK001197,2026-07-06,Wallet,Cash,INR,44604.0,Refunded,39117.23,097a9c74-ea9b-4971-ba9d-a2da02d3c870
PAY001198,BOOK001198,2024-12-20,Credit Card,Stripe,USD,13275.0,Paid,0.0,0348e0cf-a4d6-4392-b281-6d4e7a9251b1
PAY001199,BOOK001199,2026-02-20,Debit Card,Cash,AED,9912.0,Refunded,2613.01,45d5f9da-49aa-4bf1-9e18-02566a158ebb
PAY001200,BOOK001200,2024-10-14,Cash,Stripe,INR,16520.0,Paid,0.0,bd3c92b5-6e5d-4d3a-b44d-1b71ce852c28
PAY001201,BOOK001201,2026-05-12,Credit Card,PayPal,EUR,10620.0,Paid,0.0,d21a6623-4531-4bd9-8e3a-a834e3620dd6
PAY001202,BOOK001202,2025-06-03,Cash,Razorpay,EUR,3923.5,Paid,0.0,ab86edab-a4ab-4279-9a49-e819fc65ed1a
PAY001203,BOOK001203,2026-02-06,UPI,PayPal,GBP,17700.0,Refunded,11884.9,aeded41e-ebf5-4c36-9756-24cf394d7d2c
PAY001204,BOOK001204,2025-03-28,Credit Card,Cash,INR,13275.0,Paid,0.0,ef62b18f-ebc8-4c52-9a29-99eaeee61d4f
PAY001205,BOOK001205,2024-12-29,Debit Card,Cash,INR,35400.0,Paid,0.0,dd841b2a-7ace-4108-b289-ca3e5148439d
PAY001206,BOOK001206,2025-02-09,Credit Card,PayPal,USD,14160.0,Paid,0.0,433c7bc8-a364-4dc8-a692-0b94136173fb
PAY001207,BOOK001207,2026-07-10,Cash,Cash,AED,21240.0,Paid,0.0,8c825de2-46d4-471c-bfd3-290cc35b1fd1
PAY001208,BOOK001208,2026-07-03,Net Banking,Stripe,EUR,4720.0,Paid,0.0,c8e8aa5c-f47f-4dc6-a425-2fd28afa8ded
PAY001209,BOOK001209,2024-08-22,Debit Card,PhonePe,INR,11770.5,Paid,0.0,39db679e-e9dc-42ee-829c-1b5f33433ee4
PAY001210,BOOK001210,2026-07-25,UPI,PayPal,INR,22420.0,Paid,0.0,47703c7f-446c-4325-a599-05afd57ba0db
PAY001211,BOOK001211,2025-07-23,Wallet,PhonePe,EUR,23541.0,Refunded,21525.57,486bfbfb-ddae-4ff1-85c0-eabbabaf4205
PAY001212,BOOK001212,2026-04-03,Net Banking,Cash,INR,6608.0,Paid,0.0,90bf2076-ae84-4b8f-ac46-37b00183b036
PAY001213,BOOK001213,2025-07-24,Cash,Stripe,GBP,67260.0,Paid,0.0,0715d94d-f624-4b70-9f36-ae16893c8803
PAY001214,BOOK001214,2026-05-30,Cash,Cash,USD,41300.0,Paid,0.0,31bd9a3e-22a5-4619-9991-404f62a2fe03
PAY001215,BOOK001215,2026-04-29,UPI,Stripe,GBP,10620.0,Refunded,7465.88,9f284bc0-2c73-4466-8ea3-f8bdcca22ef4
PAY001216,BOOK001216,2026-07-13,Cash,PayPal,SGD,28320.0,Paid,0.0,7dfd8549-485c-4f95-8bbc-cc81f8bb7cb5
PAY001217,BOOK001217,2025-03-25,Credit Card,Cash,INR,63720.0,Paid,0.0,1beeab35-1a3b-4ebb-9692-62bbe14c298f
PAY001218,BOOK001218,2025-11-05,Wallet,Razorpay,AED,45135.0,Paid,0.0,a5c3457b-74fd-4b1c-98f1-ffcd4f81a708
PAY001219,BOOK001219,2025-03-12,Debit Card,PayPal,AED,47200.0,Paid,0.0,4a7e9617-6e70-41d4-8da2-75af294cf662
PAY001220,BOOK001220,2026-04-28,Debit Card,Stripe,USD,5310.0,Paid,0.0,e98a7004-7e3b-46d0-8a8b-a55685e3561d
PAY001221,BOOK001221,2025-11-09,Debit Card,PayPal,EUR,7522.5,Failed,0.0,eb017891-9011-4eed-877d-5f4d24184f99
PAY001222,BOOK001222,2026-02-18,Debit Card,PhonePe,AED,49560.0,Refunded,14626.96,118d117a-a954-4fd6-9ee2-12b9011fdfab
PAY001223,BOOK001223,2024-09-23,UPI,Razorpay,GBP,111510.0,Paid,0.0,622d46f6-98ef-472f-8486-2992f8d01d65
PAY001224,BOOK001224,2024-08-30,Cash,Stripe,EUR,28320.0,Refunded,24464.01,803ba410-efac-4b26-afe2-2df0ce471406
PAY001225,BOOK001225,2025-06-06,Net Banking,Cash,INR,123900.0,Paid,0.0,207657eb-93d1-457a-891b-b5fe55bb4270
PAY001226,BOOK001226,2025-10-10,Cash,Stripe,USD,13216.0,Paid,0.0,1cca7c23-1e8f-4c24-a56f-d5ad1663e5d2
PAY001227,BOOK001227,2025-03-17,Cash,PhonePe,AED,24780.0,Paid,0.0,1e52b711-63f7-4459-a2f9-8f02fed2f0b5
PAY001228,BOOK001228,2024-12-13,Debit Card,Razorpay,AED,39235.0,Paid,0.0,74d8fac5-2724-4445-b9b9-2eb42fd3e5af
PAY001229,BOOK001229,2026-07-24,Cash,Razorpay,AED,22420.0,Paid,0.0,a03697db-518b-4de5-87da-c34a1a139c12
PAY001230,BOOK001230,2026-01-05,Cash,PhonePe,INR,22302.0,Paid,0.0,b2701cab-0d24-49fc-a0a9-1c141793d37e
PAY001231,BOOK001231,2024-09-27,Wallet,Stripe,USD,3717.0,Refunded,2269.77,3fb958ba-8c8f-4843-87c2-2a1d0f026dd1
PAY001232,BOOK001232,2025-09-27,Wallet,Cash,EUR,28910.0,Paid,0.0,173569c4-1ae0-45e5-bc80-09a547288c89
PAY001233,BOOK001233,2025-02-19,Cash,PhonePe,SGD,70800.0,Paid,0.0,8827168a-32e6-4446-baef-423e1f09da73
PAY001234,BOOK001234,2024-08-14,Wallet,Stripe,USD,39235.0,Paid,0.0,de235ee2-a93a-495f-ad16-a3ebe8f10725
PAY001235,BOOK001235,2026-01-27,Debit Card,Cash,USD,47200.0,Paid,0.0,9a018858-86f9-46bb-9482-b8e97a19c533
PAY001236,BOOK001236,2025-07-14,Debit Card,PhonePe,EUR,6608.0,Paid,0.0,1366e3ac-b40e-45db-8faf-c94dcdacb8be
PAY001237,BOOK001237,2024-10-12,UPI,Stripe,SGD,9440.0,Paid,0.0,edbdcd9a-7bce-48a5-b941-929c6ea7c8ba
PAY001238,BOOK001238,2025-10-20,Cash,PayPal,USD,21240.0,Refunded,13396.73,62043b6b-19b7-4262-acb8-b41603f06a7f
PAY001239,BOOK001239,2026-07-18,Wallet,PayPal,AED,17700.0,Failed,0.0,58d87e00-7352-4a5c-a45f-d0465c27073f
PAY001240,BOOK001240,2026-04-08,Net Banking,Cash,EUR,11770.5,Refunded,6080.35,31b02030-40f1-4ebb-af84-edc40a222495
PAY001241,BOOK001241,2025-05-20,Debit Card,Razorpay,EUR,8260.0,Paid,0.0,b160327c-2b08-402a-898d-27b9e011161b
PAY001242,BOOK001242,2025-04-26,Wallet,PayPal,INR,99120.0,Paid,0.0,bffbf631-0091-4bdc-84c3-de5af938277e
PAY001243,BOOK001243,2026-04-05,Debit Card,Stripe,USD,2802.5,Paid,0.0,556e4f47-7d4c-4974-ba85-11d49275b8e0
PAY001244,BOOK001244,2024-11-29,Credit Card,PhonePe,INR,39235.0,Paid,0.0,13f2b5b2-0e38-413b-b2ff-e50eacf0a290
PAY001245,BOOK001245,2024-09-26,Credit Card,PayPal,AED,11800.0,Paid,0.0,05500b93-e4cc-4492-9c27-01a1433ddf30
PAY001246,BOOK001246,2025-11-06,Net Banking,PayPal,EUR,30090.0,Paid,0.0,e60ffe2f-0f62-4aca-8ec2-d0672f963da9
PAY001247,BOOK001247,2025-10-12,Net Banking,Cash,GBP,13275.0,Paid,0.0,1a058963-a129-413b-8bd8-5eca93798b79
PAY001248,BOOK001248,2025-04-17,Net Banking,Razorpay,SGD,5015.0,Failed,0.0,94628a19-6074-4926-9545-34211f89ac7b
PAY001249,BOOK001249,2024-08-21,Credit Card,PhonePe,INR,67260.0,Paid,0.0,6a36b444-b755-489b-8a52-21f89801e2e0
PAY001250,BOOK001250,2024-10-18,Net Banking,PhonePe,AED,29736.0,Paid,0.0,416a6fde-1d1b-436c-9ceb-ea55c99c9e27
PAY001251,BOOK001251,2025-02-03,UPI,Stripe,GBP,28320.0,Paid,0.0,380f49b1-ba1d-4a93-bf54-07b249515bad
PAY001252,BOOK001252,2026-01-25,UPI,Stripe,AED,123900.0,Paid,0.0,381769d4-d8ab-4542-8ca5-8cfb0d906a74
PAY001253,BOOK001253,2026-03-31,Cash,Cash,GBP,41300.0,Paid,0.0,7310e59f-652f-4171-ab3e-7c340e5b23eb
PAY001254,BOOK001254,2025-04-07,Net Banking,Razorpay,EUR,37760.0,Failed,0.0,57c877e9-f975-4f2f-aa87-9ac041ce2774
PAY001255,BOOK001255,2024-10-29,Cash,Razorpay,AED,5015.0,Paid,0.0,0250026d-9157-42c6-be2b-d46695f947a0
PAY001256,BOOK001256,2025-10-15,UPI,PhonePe,SGD,26432.0,Paid,0.0,97819285-4ee1-407b-a567-9acf4097c18a
PAY001257,BOOK001257,2024-09-27,Cash,Razorpay,SGD,78470.0,Paid,0.0,26321a07-8168-42a3-bada-53d8f7964ea8
PAY001258,BOOK001258,2025-05-10,Cash,Cash,GBP,50150.0,Paid,0.0,40f32553-b7fb-4dec-ad31-16844231cd2a
PAY001259,BOOK001259,2026-06-19,Credit Card,Cash,GBP,5605.0,Paid,0.0,7666e5bb-ab7b-4d5d-8e89-7750e12d4722
PAY001260,BOOK001260,2026-07-09,UPI,Stripe,INR,7847.0,Paid,0.0,ddbafc6e-e235-44ba-bcb9-c0cf0cc8d423
PAY001261,BOOK001261,2025-11-15,Cash,Cash,GBP,59000.0,Refunded,33897.35,57b24346-f2ae-4184-a4b1-8deb953fcc50
PAY001262,BOOK001262,2026-02-16,Credit Card,Stripe,AED,41300.0,Paid,0.0,848a78a1-0d0c-4aac-957a-35323c512207
PAY001263,BOOK001263,2025-03-30,Debit Card,Cash,SGD,33040.0,Paid,0.0,5b3b3946-7720-4ab9-9a10-cc23f45cb581
PAY001264,BOOK001264,2024-10-18,Debit Card,Stripe,GBP,9912.0,Paid,0.0,a7464386-a799-400d-9842-cf33e00dcf4b
PAY001265,BOOK001265,2026-02-15,Wallet,PhonePe,EUR,17700.0,Paid,0.0,0bbd0265-e301-44dc-ab43-ff32aca94d67
PAY001266,BOOK001266,2025-09-25,UPI,Cash,INR,9440.0,Failed,0.0,7e7661dd-6e52-4c0c-8a81-e5f3105895f7
PAY001267,BOOK001267,2025-05-02,Wallet,PhonePe,AED,15930.0,Paid,0.0,bcef65b2-eb7a-430e-b88e-73ed012f03b7
PAY001268,BOOK001268,2025-08-19,Wallet,Razorpay,INR,40120.0,Failed,0.0,d0069f46-4f47-4c6d-8374-117594483c98
PAY001269,BOOK001269,2025-08-20,Cash,PhonePe,SGD,50150.0,Paid,-100.0,b8df3cd5-dd6f-447d-b14f-17efc9594ca3
PAY001270,BOOK001270,2025-09-06,Cash,Cash,EUR,53100.0,Paid,0.0,7a461900-9bcb-4f25-a32d-ae793b5d786d
PAY001271,BOOK001271,2024-09-14,Credit Card,PayPal,AED,90270.0,Paid,0.0,39eb701a-2123-41e3-a7c1-a4de074ee1a7
PAY001272,BOOK001272,2025-06-07,UPI,PhonePe,USD,10531.5,Paid,0.0,c6ca6306-f331-4b63-a88f-2f062cab1dd6
PAY001273,BOOK001273,2024-08-27,Debit Card,Cash,USD,79650.0,Paid,0.0,dd9bd99f-6592-47a3-85c8-3208f1d24c0b
PAY001274,BOOK001274,2025-12-27,Wallet,Razorpay,SGD,6608.0,Paid,0.0,784e329b-ed0f-479b-89dd-a4f09f135526
PAY001275,BOOK001275,2025-10-09,Cash,Razorpay,GBP,19617.5,Paid,0.0,10cc940a-a351-415f-88a1-75f6d7dadc88
PAY001276,BOOK001276,2025-05-26,Net Banking,Stripe,INR,78470.0,Paid,0.0,d31eb24a-709f-4504-ab06-6cde98268053
PAY001277,BOOK001277,2026-01-24,Wallet,Razorpay,EUR,33040.0,Paid,0.0,fef4adc1-7c58-423e-a9c8-62fcb4beda40
PAY001278,BOOK001278,2025-09-21,Debit Card,PayPal,SGD,8407.5,Paid,0.0,e8f9d214-bbb4-4782-bd83-56263ba2a184
PAY001279,BOOK001279,2025-04-13,UPI,PhonePe,EUR,57820.0,Paid,0.0,f17e729d-9ac0-4b5c-8f0d-340d0649c406
PAY001280,BOOK001280,2026-01-10,Wallet,PayPal,SGD,17700.0,Failed,0.0,162738e0-dde7-4474-a117-cf4e68dbf2f3
PAY001281,BOOK001281,2025-09-07,UPI,PhonePe,GBP,39235.0,Paid,0.0,040b8650-2146-4af0-b112-944e0e9b1cef
PAY001282,BOOK001282,2024-10-13,Wallet,PayPal,GBP,63720.0,Paid,0.0,4e7a0b7c-700b-4ba9-bc71-61efc113cf4c
PAY001283,BOOK001283,2025-06-25,Debit Card,Razorpay,INR,33040.0,Paid,0.0,0a8fd9c6-a2b4-4a62-ad32-96bc4a0c656f
PAY001284,BOOK001284,2025-03-10,Cash,Cash,EUR,10030.0,Paid,0.0,6ce4a501-0ce3-4a17-a54d-7f7a8997f71d
PAY001285,BOOK001285,2026-04-04,Debit Card,PayPal,USD,28910.0,Failed,0.0,c1196d02-12a3-4ef3-acd4-7015341a27ea
PAY001286,BOOK001286,2024-10-26,Debit Card,Cash,SGD,4720.0,Paid,0.0,b8246cd7-1682-4512-95d3-5a8a61ff99ec
PAY001287,BOOK001287,2025-04-25,Debit Card,PayPal,GBP,11210.0,Paid,0.0,953d4c53-7e74-44ff-9872-972c5b3a63bf
PAY001288,BOOK001288,2024-12-12,Wallet,Cash,EUR,16815.0,Paid,0.0,62baa5c9-1937-44e4-bfa0-2d6e1cb40c24
PAY001289,BOOK001289,2025-12-17,Net Banking,PayPal,USD,31860.0,Paid,0.0,59b32a91-6b3e-4269-b104-76e0bebeaeec
PAY001290,BOOK001290,2025-04-18,Wallet,PayPal,GBP,16520.0,Paid,0.0,2ffc1d5c-b165-4103-844b-29e6c406d828
PAY001291,BOOK001291,2025-06-05,Credit Card,Razorpay,GBP,5605.0,Paid,0.0,4b9317f8-e5e7-4973-a5ce-ce69165cfea6
PAY001292,BOOK001292,2026-02-03,Cash,,GBP,14160.0,Paid,0.0,d77ad70b-70a3-438b-9163-8384f15fe5c2
PAY001293,BOOK001293,2026-01-07,Cash,Stripe,AED,7847.0,Failed,0.0,29e02394-b044-4cf3-81cd-a7ee835b850b
PAY001294,BOOK001294,2026-02-24,Debit Card,PhonePe,USD,6608.0,Paid,0.0,288a201f-179a-457d-8911-70e465f5467c
PAY001295,BOOK001295,2025-09-26,Debit Card,PayPal,USD,22302.0,Paid,0.0,6045110b-3968-4fca-b4d5-ae7f94211c99
PAY001296,BOOK001296,2026-01-22,UPI,Cash,SGD,8260.0,Refunded,2133.4,dfb65c13-0c6b-4d07-a253-8fbe3d182161
PAY001297,BOOK001297,2024-11-23,UPI,Razorpay,SGD,9912.0,Refunded,7201.65,6660e851-86ec-465b-9336-9da638d61fd4
PAY001298,BOOK001298,2025-06-06,Net Banking,Cash,SGD,14868.0,Paid,0.0,bd18cc69-a7d0-4cff-a7ef-52b476f47619
PAY001299,BOOK001299,2025-02-19,Credit Card,Stripe,INR,11800.0,Paid,0.0,0b321e75-a9db-473e-a696-fd7abb2cfd23
PAY001300,BOOK001300,2025-11-22,Credit Card,Razorpay,GBP,4130.0,Paid,0.0,63f67eb8-9be5-4563-ba07-3b74e3a58234
PAY001301,BOOK001301,2025-09-26,Credit Card,PhonePe,INR,60180.0,Paid,0.0,8d9f1861-24cf-47a4-8d25-159dae58b785
PAY001302,BOOK001302,2026-07-20,Debit Card,Cash,SGD,88500.0,Refunded,58702.31,f8a7b96f-7132-4270-bec0-fe850c104231
PAY001303,BOOK001303,2025-08-18,Net Banking,PayPal,SGD,50150.0,Paid,0.0,bdab3afa-be21-49e6-b48a-9ebc7ac0c6d9
PAY001304,BOOK001304,2025-02-22,Debit Card,PhonePe,USD,37170.0,Paid,0.0,06a5435e-b269-4cf0-8904-130e7ea30a5b
PAY001305,BOOK001305,2024-09-16,Credit Card,Stripe,AED,23541.0,Refunded,13141.65,2e6b8451-fcdf-44fa-9e52-e2c7f68a2548
PAY001306,BOOK001306,2024-10-25,Net Banking,Stripe,AED,19824.0,Paid,0.0,1f9dad14-ec6e-4bc6-9563-02298e797e08
PAY001307,BOOK001307,2025-04-24,Wallet,Razorpay,AED,10030.0,Paid,0.0,c45508bb-6492-41dd-92c9-44c0a6c136ee
PAY001308,BOOK001308,2026-06-14,Wallet,PhonePe,USD,16520.0,Paid,0.0,f15f55ee-09a9-4bdd-bb14-d1821d15c1c6
PAY001309,BOOK001309,2024-08-10,UPI,Stripe,INR,14012.5,Paid,0.0,80b7cace-1429-4d7a-a5a1-c27bd2c5617e
PAY001310,BOOK001310,2024-11-15,Wallet,Razorpay,AED,70800.0,Paid,0.0,3f3a2ae2-7fd1-4650-996a-d693ce5d7b44
PAY001311,BOOK001311,2025-06-18,Net Banking,PayPal,INR,18880.0,Paid,0.0,9ed4eedc-a416-427a-9912-5c5474060bc4
PAY001312,BOOK001312,2025-02-15,Wallet,Cash,SGD,7522.5,Paid,0.0,5d615679-da0d-4412-b7c3-4e1ab0605a46
PAY001313,BOOK001313,2025-05-31,Debit Card,Stripe,USD,12537.5,Refunded,3232.68,94a00711-53ed-43a5-b9d8-9dcd4ef6dcc2
PAY001314,BOOK001314,2024-10-10,Cash,Cash,USD,30090.0,Paid,0.0,3d039774-92ff-4fbe-b8e6-99915be1ceac
PAY001315,BOOK001315,2025-01-17,Cash,Cash,USD,28320.0,Paid,0.0,9993c9f5-3400-4646-845c-ad1c895424e9
PAY001316,BOOK001316,2024-10-13,Debit Card,Stripe,GBP,5310.0,Paid,0.0,c187611e-e9c7-4f72-9c2d-c30a39897683
PAY001317,BOOK001317,2025-01-18,Debit Card,Stripe,AED,88500.0,Paid,0.0,afe24bed-a5cb-4a4a-b0f9-83c027b973fc
PAY001318,BOOK001318,2026-01-08,Credit Card,Cash,SGD,7522.5,Paid,0.0,0b34e5df-dcb4-46ba-91ce-f97cce59b7c7
PAY001319,BOOK001319,2025-08-21,Net Banking,PhonePe,INR,33040.0,Paid,0.0,50a56c93-6e07-4969-b31d-38c31cfb2f37
PAY001320,BOOK001320,2026-03-04,Net Banking,PhonePe,USD,37170.0,Paid,0.0,44aee6f6-24c6-41ba-b219-5aef2116569c
PAY001321,BOOK001321,2024-10-28,UPI,PayPal,AED,16520.0,Paid,0.0,20426ce4-a994-4874-bb29-3446c0ba2845
PAY001322,BOOK001322,2025-01-07,Debit Card,PayPal,AED,11800.0,Paid,0.0,0599f2cb-0baf-4d0b-9153-560717c2b1a5
PAY001323,BOOK001323,2025-03-23,Wallet,Stripe,AED,24573.5,Paid,0.0,4abd0725-2edf-45ca-a725-7d0de1a03258
PAY001324,BOOK001324,2025-09-29,Debit Card,PayPal,GBP,31860.0,Paid,0.0,b296b00f-ef26-42b1-a950-8d52597e0e97
PAY001325,BOOK001325,2025-01-06,Cash,Razorpay,USD,7522.5,Refunded,6917.3,ba8b8c0c-c23c-4640-ae11-07fa78f50d01
PAY001326,BOOK001326,2025-08-05,Net Banking,Stripe,USD,16520.0,Paid,0.0,f591c19b-f440-4c87-bbf8-17bd07a2342e
PAY001327,BOOK001327,2024-11-20,Credit Card,Razorpay,AED,100890.0,Refunded,30784.71,865d9c21-8a58-476e-8711-42652b4fd39b
PAY001328,BOOK001328,2025-01-05,Wallet,Razorpay,AED,33040.0,Paid,0.0,43ae899e-bce7-4ae0-986d-914fe67bfb7b
PAY001329,BOOK001329,2025-08-19,Credit Card,PayPal,GBP,19824.0,Failed,0.0,71fae46d-d06a-4b05-b6ac-63c4ed7ca04b
PAY001330,BOOK001330,2024-10-14,Cash,Stripe,GBP,20650.0,Paid,0.0,106583de-f7cd-4f17-9085-8f60c280942c
PAY001331,BOOK001331,2025-09-08,Net Banking,Stripe,AED,111510.0,Paid,0.0,7b3b6598-0bb2-4850-85d7-179e6a95cf4c
PAY001332,BOOK001332,2025-01-29,Wallet,Cash,GBP,15930.0,Failed,0.0,7f99014f-fb67-4398-b8d5-244e4ede240d
PAY001333,BOOK001333,2024-10-26,Debit Card,Cash,GBP,11210.0,Paid,0.0,f099d84e-33b1-4348-bae3-040c60546485
PAY001334,BOOK001334,2025-12-16,Wallet,Stripe,USD,57820.0,Paid,0.0,1d3dccd1-103d-4edf-bbf7-0fbc07771019
PAY001335,BOOK001335,2024-08-03,Debit Card,Razorpay,USD,2950.0,Failed,0.0,2fafa9ec-171b-4790-952c-48a5e5615766
PAY001336,BOOK001336,2025-06-10,Net Banking,PhonePe,INR,3717.0,Refunded,3655.03,9b3aa0d7-d56d-4765-88ff-51116023dca2
PAY001337,BOOK001337,2025-09-13,UPI,PayPal,GBP,16520.0,Paid,0.0,19970e40-4900-4cfc-8f82-d6e1d8052db5
PAY001338,BOOK001338,2025-11-28,UPI,Stripe,AED,28910.0,Paid,0.0,4a52b5e4-ffad-4985-9ac5-d14f74424db0
PAY001339,BOOK001339,2024-12-01,Net Banking,Cash,INR,7965.0,Paid,0.0,46f7f336-c24d-4d4e-b879-be409e4dad11
PAY001340,BOOK001340,2026-06-03,Cash,Razorpay,USD,3923.5,Paid,0.0,706310a5-206e-4570-b926-97dd593a2cfe
PAY001341,BOOK001341,2026-04-15,Credit Card,Razorpay,EUR,28320.0,Paid,0.0,0866d209-0ae5-421f-9135-e69f2841e002
PAY001342,BOOK001342,2024-11-12,Credit Card,Cash,INR,19824.0,Failed,0.0,1ef0a164-c1e8-4ab5-aa6c-7dc29e015c36
PAY001343,BOOK001343,2025-02-15,Cash,PhonePe,GBP,56050.0,Paid,0.0,2fa9c655-890c-4ce9-9fd1-53a7c5c793b4
PAY001344,BOOK001344,2024-08-04,Cash,Stripe,EUR,17700.0,Paid,0.0,0854c88d-0d21-4478-83ae-59d6187d452d
PAY001345,BOOK001345,2024-10-03,Cash,PhonePe,USD,22302.0,Paid,0.0,b05de794-9196-43fa-a70f-b668eb51e9a8
PAY001346,BOOK001346,2025-11-15,Wallet,Stripe,EUR,99120.0,Paid,0.0,67036de3-86ac-4616-9130-6e85ca7f7d10
PAY001347,BOOK001347,2025-10-19,Credit Card,Stripe,EUR,14750.0,Paid,0.0,e81c6a06-8461-4979-b440-ad8971a7a595
PAY001348,BOOK001348,2025-01-06,Credit Card,Razorpay,SGD,21063.0,Paid,0.0,986ddf3b-53e6-4b0f-9a48-0da24cc5aea5
PAY001349,BOOK001349,2025-07-16,Credit Card,PhonePe,GBP,14042.0,Paid,0.0,6cd37162-ccb6-4edc-b5eb-3673750d47aa
PAY001350,BOOK001350,2025-01-19,Credit Card,PhonePe,AED,8407.5,Paid,0.0,b716c35a-dfd9-4ac7-bc3f-23770fd56d24
PAY001351,BOOK001351,2025-09-27,Wallet,Cash,EUR,29500.0,Refunded,19193.39,974e8628-5a0f-4f0b-ac30-c4dc39b97454
PAY001352,BOOK001352,2026-05-04,Cash,Cash,INR,29736.0,Paid,0.0,fda82c93-4534-4e39-83f8-4e813ee8d975
PAY001353,BOOK001353,2026-07-24,Cash,Stripe,EUR,33630.0,Paid,0.0,515593c0-2d12-463b-807c-9a22cb540187
PAY001354,BOOK001354,2025-07-15,Credit Card,PhonePe,AED,53100.0,Paid,0.0,644805b9-65ee-472c-8682-ef7249210331
PAY001355,BOOK001355,2025-09-29,Net Banking,PhonePe,EUR,117705.0,Paid,0.0,82639776-9d21-4637-8ae4-3f20f1f0050d
PAY001356,BOOK001356,2024-09-11,Cash,Cash,AED,47082.0,Paid,0.0,95425d7b-b054-4cc4-94f4-35cb36126990
PAY001357,BOOK001357,2025-11-08,Cash,Stripe,SGD,20060.0,Paid,0.0,a6ce4796-e4bd-4fee-bf65-3c4de7d7e99f
PAY001358,BOOK001358,2026-07-14,Debit Card,Razorpay,GBP,14042.0,Paid,0.0,26176080-ad18-4936-ad68-43f9e62134c7
PAY001359,BOOK001359,2025-01-31,Credit Card,Stripe,AED,33040.0,Failed,0.0,4fdbeffc-6b96-477a-8b3e-b15fe8146dd1
PAY001360,BOOK001360,2025-10-13,Wallet,PhonePe,USD,25075.0,Paid,0.0,6dd9b3f7-7438-450d-94ca-2ee2a8c9655c
PAY001361,BOOK001361,2024-12-20,Cash,Stripe,GBP,35400.0,Paid,0.0,9a6af899-717f-40a7-b500-c6ad071d36de
PAY001362,BOOK001362,2025-12-18,Debit Card,Razorpay,USD,5310.0,Refunded,3569.72,bdb2be84-5323-410c-b7ea-6bdaa439cf71
PAY001363,BOOK001363,2024-10-07,Debit Card,Stripe,AED,67260.0,Paid,0.0,8ad691f1-49a2-47d1-a8c8-0113aa5367d0
PAY001364,BOOK001364,2026-04-02,Net Banking,Stripe,EUR,63720.0,Paid,0.0,5436bffc-2af3-4d6f-92d2-f932469a7f53
PAY001365,BOOK001365,2026-03-28,UPI,PayPal,SGD,23600.0,Paid,0.0,cc63729d-d7c9-444d-a04e-26d330996238
PAY001366,BOOK001366,2025-09-16,Cash,PhonePe,INR,47082.0,Paid,0.0,a895538c-1d18-47f0-bb13-960ad6f5c8a7
PAY001367,BOOK001367,2025-04-21,Debit Card,PayPal,AED,2655.0,Refunded,2484.85,ccc9dd35-2931-4680-9617-817cb8b119fd
PAY001368,BOOK001368,2026-02-11,Debit Card,Stripe,EUR,26432.0,Failed,0.0,4a78cddf-7f96-44a1-b79d-50a60c28212f
PAY001369,BOOK001369,2025-10-24,Credit Card,Razorpay,EUR,13275.0,Paid,0.0,f163b7ee-ffc1-475e-9d17-b54f327181e0
PAY001370,BOOK001370,2025-10-27,Credit Card,PayPal,USD,45135.0,Refunded,26463.84,2b544176-80f6-4ce8-ba93-061531af8bbc
PAY001371,BOOK001371,2025-04-21,Cash,PayPal,AED,67260.0,Paid,0.0,5e2aee9d-dfdb-48db-b2e7-487bf8015d4d
PAY001372,BOOK001372,2025-06-03,UPI,Cash,SGD,22302.0,Paid,0.0,ec89f005-452f-46ab-8a72-0f0e5f9a2f9b
PAY001373,BOOK001373,2025-03-02,Credit Card,PhonePe,AED,16815.0,Paid,0.0,90a7dc0f-4baf-4ba9-afa7-196cd3e91294
PAY001374,BOOK001374,2025-03-30,Credit Card,PhonePe,EUR,11800.0,Failed,0.0,48cf1cd7-21b8-46e3-b477-34409f98bee2
PAY001375,BOOK001375,2025-05-15,Wallet,Cash,USD,50445.0,Paid,0.0,105fa1cc-44f7-418c-b127-46507758d143
PAY001376,BOOK001376,2025-12-22,Credit Card,Stripe,GBP,2655.0,Failed,0.0,c967cb7b-0f6e-497a-847f-a0cbf3b19f23
PAY001377,BOOK001377,2026-01-10,Cash,PhonePe,EUR,56640.0,Paid,0.0,300134c7-491e-40c9-9d9a-54bf1828d681
PAY001378,BOOK001378,2025-01-27,UPI,Razorpay,AED,28320.0,Paid,0.0,0d310802-6024-4854-8e60-1ecc51b9c08b
PAY001379,BOOK001379,2026-07-13,Debit Card,PayPal,INR,39648.0,Paid,0.0,cdedf936-caf9-468f-a32e-3e775fe22a2d
PAY001380,BOOK001380,2025-05-10,Net Banking,Stripe,INR,39648.0,Paid,0.0,fd0a29f2-d1c2-43e6-af96-783ee86472ef
PAY001381,BOOK001381,2026-05-06,UPI,Cash,INR,52038.0,Paid,0.0,e223d4c3-f109-4c8e-a292-d07e2b793490
PAY001382,BOOK001382,2025-01-10,Credit Card,Razorpay,,9912.0,Paid,0.0,4baba9c0-2e18-4d9d-afc5-9567584b72b5
PAY001383,BOOK001383,2026-02-14,Cash,Razorpay,EUR,15930.0,Paid,0.0,9d5ef31c-e120-436c-83cb-e0138a361f85
PAY001384,BOOK001384,2025-09-17,Cash,PayPal,GBP,15045.0,Paid,0.0,3c36b147-5eb1-4b36-9087-b327dbe3a4b6
PAY001385,BOOK001385,2026-04-24,Cash,Stripe,USD,22302.0,Paid,0.0,001b7c5e-122d-4e84-8a2d-2e3f7956b360
PAY001386,BOOK001386,2025-04-24,Cash,PayPal,INR,10030.0,Paid,0.0,8ceff8d6-9526-4ab2-b6e9-4dcba417602d
PAY001387,BOOK001387,2025-01-31,Credit Card,Razorpay,INR,11210.0,Paid,0.0,de297461-3961-4888-96d5-aa60ba332f04
PAY001388,BOOK001388,2025-10-03,Wallet,Razorpay,USD,11151.0,Paid,0.0,d512be82-eb30-444b-a5c3-5502720383c4
PAY001389,BOOK001389,2024-08-09,Net Banking,PayPal,GBP,78470.0,Paid,0.0,98152233-c440-4474-ae80-a295a212f4f4
PAY001390,BOOK001390,2025-03-28,Cash,Cash,GBP,37170.0,Paid,0.0,c29801d6-1d10-4b67-a7b2-cf01552c6519
PAY001391,BOOK001391,2026-05-11,Credit Card,Razorpay,USD,17700.0,Refunded,8981.91,edc9b991-79cb-4019-ae39-4475d0039632
PAY001392,BOOK001392,2025-04-24,Net Banking,PhonePe,EUR,59000.0,Failed,0.0,323753d8-b6e5-4da5-a6bd-e0725abd11af
PAY001393,BOOK001393,2025-03-27,Cash,Stripe,USD,9440.0,Paid,0.0,0e369334-b1f1-4c0b-bf98-6f46f4302536
PAY001394,BOOK001394,2025-10-05,Debit Card,PhonePe,INR,17552.5,Paid,0.0,c4dde47f-6892-4f59-a10b-3285ad53dcfd
PAY001395,BOOK001395,2026-02-01,Cash,Razorpay,GBP,15045.0,Paid,0.0,c1f56a6d-6fa1-447f-9464-ef6a0e77c70f
PAY001396,BOOK001396,2025-02-01,UPI,PhonePe,INR,7965.0,Paid,0.0,507c3bc7-33f9-427e-a375-8162860a358c
PAY001397,BOOK001397,2025-08-26,Cash,PhonePe,GBP,33630.0,Refunded,17523.57,7669b3e2-caa9-4f61-b6e0-18fbb9b2aa48
PAY001398,BOOK001398,2024-09-27,Cash,PayPal,SGD,3510.5,Paid,0.0,c2127ebb-0e44-404c-be70-dc55b3afc7b8
PAY001399,BOOK001399,2026-03-09,Net Banking,Razorpay,AED,53100.0,Paid,0.0,e894f2bd-818e-4071-b1d6-9c25d6d17646
PAY001400,BOOK001400,2026-03-16,Net Banking,PayPal,GBP,7021.0,Paid,0.0,b2aef09a-4742-441d-a482-f0aa849e529f
PAY001401,BOOK001401,2025-01-06,Debit Card,Cash,INR,19617.5,Paid,0.0,0037f590-fbfc-4fd9-9c8d-73eaaf117ff3
PAY001402,BOOK001402,2024-08-03,Credit Card,Razorpay,GBP,4130.0,Paid,-100.0,198182c9-0a60-4b88-ba62-eb22b38a5c61
PAY001403,BOOK001403,2025-09-26,Net Banking,Razorpay,GBP,60180.0,Refunded,25580.0,bd339359-2eaa-404d-83f7-d381571b0c12
PAY001404,BOOK001404,2025-09-18,Credit Card,PayPal,AED,117705.0,Paid,0.0,563fe37e-a216-4d2e-8234-912e368058b9
PAY001405,BOOK001405,2025-09-03,Wallet,PayPal,GBP,117705.0,Paid,0.0,9f2f4d8f-8928-432b-ad25-4cab8131b752
PAY001406,BOOK001406,2026-05-23,Debit Card,PayPal,EUR,31388.0,Paid,0.0,547bf056-392d-46ab-bd84-40b8301ac07a
PAY001407,BOOK001407,2025-09-02,Debit Card,PhonePe,INR,44840.0,Paid,0.0,51796548-3c42-429a-ab17-2a23f4867efe
PAY001408,BOOK001408,2024-11-16,Credit Card,PhonePe,INR,29736.0,Refunded,17357.07,adabb606-758a-44b2-9b4a-b7f625d99786
PAY001409,BOOK001409,2025-01-15,Net Banking,Razorpay,INR,66080.0,Paid,0.0,3d00303e-ac14-459f-8b2c-c9c9bd5369e3
PAY001410,BOOK001410,2024-08-19,UPI,Razorpay,GBP,56640.0,Paid,0.0,176a600c-370e-4c59-a3e9-c28a04cb99b3
PAY001411,BOOK001411,2025-11-15,Debit Card,PayPal,EUR,5015.0,Paid,0.0,1d70f346-fe60-4cfa-b8e9-03c7a0d2a9b7
PAY001412,BOOK001412,2025-03-27,Net Banking,Razorpay,USD,67260.0,Paid,0.0,ceaf8744-36a0-4f4f-9911-7023be2acea4
PAY001413,BOOK001413,2026-02-16,UPI,Cash,GBP,21063.0,Paid,0.0,1eee4658-fca6-49e4-9a35-24ff064760cf
PAY001414,BOOK001414,2025-03-08,Debit Card,Cash,SGD,14160.0,Paid,0.0,c96a8a58-c516-47a3-9521-dc415f4c992d
PAY001415,BOOK001415,2026-05-23,Credit Card,Cash,AED,10531.5,Paid,0.0,53b12351-2741-494e-b26d-4119d5b222d5
PAY001416,BOOK001416,2025-12-10,Cash,Cash,SGD,46256.0,Paid,0.0,9e2ea005-1a0f-48f5-ac0e-5489f541886f
PAY001417,BOOK001417,2025-08-31,Debit Card,Cash,SGD,74340.0,Paid,0.0,bf967990-08ae-484b-b522-65535f04ef11
PAY001418,BOOK001418,2025-11-12,UPI,Razorpay,USD,19617.5,Paid,0.0,ff6ae53a-fa24-480f-86ef-b813630d59f9
PAY001419,BOOK001419,2025-11-26,UPI,PhonePe,GBP,63720.0,Paid,0.0,66378e16-f51d-4412-849e-870e91e5cc31
PAY001420,BOOK001420,2024-09-19,UPI,Cash,SGD,17700.0,Paid,0.0,6417c14e-9f5b-497a-91df-a665f4cc08c3
PAY001421,BOOK001421,2025-10-27,UPI,,INR,15930.0,Paid,0.0,65a1d5de-e6b8-4409-9e0c-23cbe37d91bc
PAY001422,BOOK001422,2026-04-23,Debit Card,PayPal,INR,59000.0,Paid,0.0,628c2f15-2054-4547-b690-e995457b9adf
PAY001423,BOOK001423,2025-03-12,UPI,Razorpay,GBP,42480.0,Paid,0.0,00aa157e-75e8-4ba0-9a63-ae0cceb46700
PAY001424,BOOK001424,2024-09-30,Debit Card,Stripe,EUR,22420.0,Failed,0.0,b603dd54-4dd7-4f7d-a559-5184f9c6c7e1
PAY001425,BOOK001425,2026-06-23,Net Banking,Cash,AED,28910.0,Paid,0.0,22962b58-546c-4dcd-ab39-f92e4a488a9e
PAY001426,BOOK001426,2026-03-11,Credit Card,Cash,EUR,28320.0,Paid,0.0,e3e01530-6d06-4eab-811f-ea6f1017f740
PAY001427,BOOK001427,2025-04-12,Cash,PhonePe,USD,35105.0,Paid,0.0,d67f7b4f-0f5f-449c-ae4c-4c77e300649b
PAY001428,BOOK001428,2026-01-18,UPI,Stripe,EUR,75225.0,Failed,0.0,041c5ed3-c21d-4edf-add6-bc72ddd5117c
PAY001429,BOOK001429,2026-01-05,Net Banking,PayPal,USD,15930.0,Refunded,15824.15,2551d819-0ab8-4716-a2f1-d1d50ff4559c
PAY001430,BOOK001430,2025-11-11,Wallet,PayPal,GBP,7434.0,Refunded,5987.37,25eceabc-7f8a-461f-bcb5-65a0b87f3312
PAY001431,BOOK001431,2025-08-31,Net Banking,PhonePe,GBP,3717.0,Paid,0.0,8cb8e35b-f9f3-44d5-b427-9bd36f3ee818
PAY001432,BOOK001432,2026-06-28,Credit Card,PhonePe,GBP,7522.5,Paid,0.0,b6d9e2fb-e8f2-44e3-a603-f782afcad587
PAY001433,BOOK001433,2024-10-31,Net Banking,Cash,EUR,33630.0,Failed,0.0,6fa3a437-86d9-4596-9af5-d5d464babf6c
PAY001434,BOOK001434,2025-08-02,Net Banking,Cash,GBP,2655.0,Paid,0.0,ef395877-5232-4939-b077-a4b6f87e8141
PAY001435,BOOK001435,2025-12-03,Debit Card,Razorpay,SGD,2507.5,Refunded,1341.36,e9ae418e-7e07-4ae8-b5e9-e1ca51345d75
PAY001436,BOOK001436,2025-10-12,Debit Card,Stripe,INR,2950.0,Paid,0.0,2c891117-0b32-4a75-96e8-406ab8692d23
PAY001437,BOOK001437,2025-11-03,Credit Card,Stripe,EUR,42126.0,Refunded,25628.0,91f63403-7a3e-47b1-b0f3-c7b55071d94e
PAY001438,BOOK001438,2025-08-22,Net Banking,Razorpay,USD,15045.0,Paid,0.0,e5531c25-e335-4e3b-9f9e-9a688e765e30
PAY001439,BOOK001439,2025-12-23,Net Banking,Razorpay,USD,7434.0,Paid,0.0,d4b3366b-2b89-442c-8f03-353487d30613
PAY001440,BOOK001440,2025-02-02,Credit Card,Cash,AED,63720.0,Refunded,59291.95,cf4d81b6-86bc-46e5-8c67-bf63d7061664
PAY001441,BOOK001441,2025-03-28,Cash,PayPal,AED,9440.0,Paid,0.0,d617acde-ded5-43dd-9206-7e14c6172967
PAY001442,BOOK001442,2026-06-22,Wallet,Stripe,INR,7434.0,Paid,0.0,522df9ae-cbf6-4bf5-853d-029d1d4edde4
PAY001443,BOOK001443,2025-12-12,Net Banking,Stripe,INR,70800.0,Paid,0.0,3f22cae9-ab26-4aad-88dd-b812300c55a7
PAY001444,BOOK001444,2024-12-09,Net Banking,PayPal,EUR,17552.5,Refunded,8674.62,a39cccad-0bad-4666-9576-20c352143e79
PAY001445,BOOK001445,2025-12-05,Net Banking,PayPal,AED,37170.0,Paid,0.0,3ec5d7e4-09b1-4c6e-96ff-6daf30432485
PAY001446,BOOK001446,2026-03-03,Credit Card,PhonePe,INR,18585.0,Paid,0.0,c72417a1-fbef-443a-97b5-8dba0f027d4a
PAY001447,BOOK001447,2026-06-04,Credit Card,PhonePe,USD,17552.5,Paid,0.0,bfecbd27-9db6-4bf6-a7e2-7faa882316aa
PAY001448,BOOK001448,2025-09-25,Debit Card,Razorpay,INR,47200.0,Paid,0.0,dc5b9745-d900-4c98-9c69-2644a03b8e94
PAY001449,BOOK001449,2024-08-15,UPI,PayPal,EUR,8260.0,Paid,0.0,79ea1aba-1c22-4dc4-a4b9-814ecbb984ce
PAY001450,BOOK001450,2024-10-20,Credit Card,PhonePe,AED,47200.0,Failed,0.0,ac8ddc59-ffc2-45d4-bf97-f9ac6d853333
PAY001451,BOOK001451,2026-03-09,UPI,Cash,INR,10620.0,Paid,0.0,fa928fca-7f21-4a8e-8baf-8d0b0079a7ef
PAY001452,BOOK001452,2026-06-22,UPI,PhonePe,EUR,33630.0,Paid,0.0,a41d55f9-fc4b-4c58-8b5d-200e19644206
PAY001453,BOOK001453,2025-12-08,UPI,Razorpay,GBP,5900.0,Paid,0.0,4440e7ef-12f9-4796-8921-060bc39a6caa
PAY001454,BOOK001454,2025-09-22,Debit Card,PhonePe,EUR,82600.0,Paid,0.0,61a28530-22d3-4dfb-9c8f-107dbde23367
PAY001455,BOOK001455,2025-01-31,UPI,PhonePe,AED,53100.0,Paid,0.0,39e528d2-a94c-4a05-b4b7-3fbd1a14dc4c
PAY001456,BOOK001456,2026-06-04,Cash,Cash,AED,33630.0,Paid,0.0,28305106-8fbc-44aa-9462-05cc1729fad3
PAY001457,BOOK001457,2024-10-12,UPI,PhonePe,AED,23600.0,Paid,0.0,3a65887a-f14f-44a7-81bd-9d286fd06613
PAY001458,BOOK001458,2025-11-02,UPI,PhonePe,INR,42480.0,Paid,0.0,7eb03ff0-5ca3-4d3d-901f-78003e0bd998
PAY001459,BOOK001459,2025-01-30,Wallet,Stripe,GBP,9440.0,Paid,0.0,4b9c1666-766e-47a4-a94a-8a078ff0533d
PAY001460,BOOK001460,2025-10-20,UPI,PayPal,EUR,23541.0,Paid,0.0,c9e60d43-fc31-4c33-b72a-b0f77649d55f
PAY001461,BOOK001461,2026-03-06,Net Banking,PayPal,EUR,16815.0,Paid,0.0,a139f127-ca17-4640-9f1e-18202b8b9e98
PAY001462,BOOK001462,2024-11-11,Debit Card,Stripe,USD,5900.0,Paid,0.0,a40fef80-0571-4b5f-8e39-ced74a749b6b
PAY001463,BOOK001463,2024-12-24,Credit Card,PhonePe,INR,14160.0,Paid,0.0,a5e774a8-1b0e-497e-b48b-25db10c429a9
PAY001464,BOOK001464,2026-07-03,UPI,Stripe,EUR,21240.0,Paid,0.0,57bb6101-e478-4eb8-8751-08ffbe42a4a3
PAY001465,BOOK001465,2024-08-19,Credit Card,PhonePe,INR,70800.0,Paid,0.0,63921ce3-9384-4cba-bba4-5f21602a769e
PAY001466,BOOK001466,2025-01-20,Debit Card,PhonePe,EUR,37170.0,Paid,0.0,a809f185-7c12-4ccf-81bf-1616d3b08f74
PAY001467,BOOK001467,2026-07-11,Debit Card,Stripe,USD,8407.5,Failed,0.0,33c32fb3-6708-4464-be19-a28de93e8443
PAY001468,BOOK001468,2026-02-08,Debit Card,PhonePe,INR,9912.0,Failed,0.0,b4d04967-490e-44a1-9270-7651ad8a0937
PAY001469,BOOK001469,2025-05-25,UPI,Cash,AED,40120.0,Paid,0.0,b95f24bd-1342-4b34-9187-f6b817c62cf4
PAY001470,BOOK001470,2026-06-23,Net Banking,Razorpay,SGD,78470.0,Paid,0.0,af4baf8f-2fa4-46f3-acfd-ed93a401d4ca
PAY001471,BOOK001471,2025-06-20,Credit Card,Cash,INR,15045.0,Refunded,6144.76,1d0723a2-19cf-4192-8189-a6c172f343e5
PAY001472,BOOK001472,2025-12-29,Debit Card,PayPal,GBP,5900.0,Paid,0.0,898e82a2-c92c-4764-a385-39f2dcf2b7fa
PAY001473,BOOK001473,2026-07-07,Credit Card,PhonePe,GBP,11800.0,Paid,0.0,598dee8f-b9b2-43fb-954c-d8647663042f
PAY001474,BOOK001474,2024-08-06,Cash,Cash,EUR,16520.0,Paid,0.0,b6880428-52b0-4b91-885b-d15f2ccaa149
PAY001475,BOOK001475,2024-09-09,UPI,Stripe,EUR,70800.0,Paid,0.0,35da8b19-92c7-452e-beee-93b4d2dec839
PAY001476,BOOK001476,2025-05-18,Debit Card,PayPal,GBP,26432.0,Paid,0.0,1f56ae67-0dcb-4c91-a0fd-2684662bc520
PAY001477,BOOK001477,2026-02-01,Wallet,Cash,SGD,63720.0,Paid,0.0,022a3c30-9b0a-4a27-9f00-6218dcd5e67e
PAY001478,BOOK001478,2025-12-31,Credit Card,Razorpay,AED,5900.0,Refunded,2376.36,479ecc1d-8d89-4120-bf37-da4d2a4626e9
PAY001479,BOOK001479,2025-03-18,Debit Card,Razorpay,INR,21240.0,Paid,0.0,440d1488-27d0-4346-86b1-c5079b84c3aa
PAY001480,BOOK001480,2024-12-05,Net Banking,Stripe,AED,22420.0,Paid,0.0,68ac2243-c8ee-473d-9b8d-64b8b69cabf2
PAY001481,BOOK001481,2026-01-06,UPI,PhonePe,INR,26019.0,Paid,0.0,786ca6c6-2255-4ada-87aa-5f79cdb0089b
PAY001482,BOOK001482,2026-03-27,Net Banking,Stripe,INR,52038.0,Paid,0.0,3488faef-1b31-4c92-aabc-d17fed2b04de
PAY001483,BOOK001483,2025-03-31,Net Banking,Stripe,INR,75225.0,Paid,0.0,0a107615-8b00-4975-8bbc-7d8511f1ab23
PAY001484,BOOK001484,2025-09-01,Cash,Razorpay,INR,15045.0,Paid,0.0,d0709e21-3a6f-44f4-a5a1-e58c5035b4fb
PAY001485,BOOK001485,2024-08-27,Credit Card,PhonePe,EUR,13275.0,Paid,0.0,dfdf7068-a52e-4b02-a2fc-f9d0e0fcdede
PAY001486,BOOK001486,2026-01-17,Credit Card,Cash,INR,4130.0,Paid,0.0,14f53246-57ad-4676-af8b-c3dd154b255b
PAY001487,BOOK001487,2025-12-21,Net Banking,Razorpay,USD,14750.0,Paid,0.0,9616c862-56b7-4637-aeea-ce10e042ebad
PAY001488,BOOK001488,2025-06-09,Cash,Stripe,AED,7021.0,Refunded,3743.71,474f3289-52cf-400b-9500-d54a34b1b43c
PAY001489,BOOK001489,2024-08-16,Debit Card,Stripe,SGD,18585.0,Paid,0.0,59312a85-d82c-4eed-8b53-9624ec370e70
PAY001490,BOOK001490,2026-07-10,Debit Card,Razorpay,SGD,28320.0,Paid,0.0,f3e63370-b886-497c-9eba-8c143d70f80d
PAY001491,BOOK001491,2024-08-06,Net Banking,PayPal,GBP,50445.0,Paid,0.0,024553b4-190e-4994-a832-50a4e92a269d
PAY001492,BOOK001492,2025-06-15,Cash,Razorpay,INR,33040.0,Refunded,28491.25,b6d0a592-fb03-47a7-90b1-4fe8779fbaa1
PAY001493,BOOK001493,2024-12-22,Debit Card,Cash,SGD,6608.0,Paid,0.0,292741da-364a-4718-a918-d5b4158cf2b1
PAY001494,BOOK001494,2026-04-19,Debit Card,Stripe,USD,11151.0,Paid,0.0,a8d504de-64c1-4667-a1bc-f9a6853eb63c
PAY001495,BOOK001495,2025-07-09,Cash,PayPal,GBP,42126.0,Paid,0.0,41657e83-4181-4b3a-bba5-55614849882b
PAY001496,BOOK001496,2024-08-28,Credit Card,Razorpay,INR,16815.0,Paid,0.0,0307b5fa-edc9-4ad5-9d58-6ce273f029fc
PAY001497,BOOK001497,2026-02-12,Credit Card,Razorpay,EUR,15045.0,Paid,0.0,13e111d7-8cac-4604-996e-d0a8d491b448
PAY001498,BOOK001498,2024-12-27,Debit Card,Stripe,AED,40120.0,Paid,0.0,ef659744-3950-41d6-bb10-6db5c1b37f19
PAY001499,BOOK001499,2025-01-25,Wallet,PayPal,EUR,10030.0,Paid,0.0,262d77a5-e8ce-4dc9-a1b0-363cc0d18b7c
PAY001500,BOOK001500,2025-11-09,Debit Card,Cash,GBP,39235.0,Paid,0.0,bc12c5a8-9232-4af9-b0a5-ef2e684230f7
PAY001501,BOOK001501,2025-04-05,Debit Card,Cash,AED,47200.0,Paid,0.0,e8d2ac26-2436-4cea-969f-12d348753604
PAY001502,BOOK001502,2026-07-06,Wallet,PhonePe,SGD,13275.0,Paid,0.0,66eda1c1-e500-40c8-8e85-c44833afb71f
PAY001503,BOOK001503,2026-01-03,Net Banking,Cash,GBP,20060.0,Paid,0.0,16b2e65d-cdac-4daa-8607-b910d84ce394
PAY001504,BOOK001504,2025-10-04,UPI,PayPal,USD,5900.0,Paid,0.0,16f81e51-2ef1-495c-9537-5e16d68a68f4
PAY001505,BOOK001505,2025-12-17,Debit Card,Razorpay,EUR,63720.0,Paid,0.0,f61a887b-47ce-41bb-a153-d7b666b4340f
PAY001506,BOOK001506,2025-05-24,UPI,PhonePe,INR,11210.0,Paid,0.0,48fe0b28-ca9b-4639-b8f6-388b66b2a03f
PAY001507,BOOK001507,2026-03-01,Wallet,Stripe,INR,7847.0,Paid,0.0,ab9bf46c-8a2c-40c6-a16b-953feeea0a63
PAY001508,BOOK001508,2025-04-13,Credit Card,Razorpay,GBP,14160.0,Paid,0.0,bd108f88-a274-4ac0-bb38-a0adf7d5c4b3
PAY001509,BOOK001509,2024-08-19,Cash,Cash,EUR,67260.0,Paid,0.0,d07e394c-6b34-4da6-983d-ba17132c8ed6
PAY001510,BOOK001510,2026-02-27,Debit Card,Cash,EUR,2802.5,Paid,0.0,2a1d47fb-44a1-405d-b7bf-3924d52c6676
PAY001511,BOOK001511,2025-07-10,Credit Card,PayPal,SGD,27464.5,Paid,0.0,b16f38b2-07b1-48bf-8839-850aed7385b7
PAY001512,BOOK001512,2025-04-17,Wallet,Cash,AED,15694.0,Paid,0.0,056674d6-dc27-4e80-92d5-4faa3f968635
PAY001513,BOOK001513,2026-07-23,UPI,Stripe,INR,33630.0,Failed,0.0,72cc5b0d-a48f-4e92-9887-b0900c359c69
PAY001514,BOOK001514,2026-02-12,Credit Card,Stripe,GBP,24780.0,Paid,0.0,08aa60c5-9d4f-4baa-b0ad-46f0fe1b2737
PAY001515,BOOK001515,2025-10-26,Debit Card,Razorpay,USD,37170.0,Paid,0.0,7b3481eb-e5fd-40a9-a525-53920b36cdf9
PAY001516,BOOK001516,2025-02-24,Debit Card,PayPal,AED,41300.0,Paid,0.0,9b57ed79-a3b2-422d-8357-9a6818e8c364
PAY001517,BOOK001517,2025-01-03,Cash,Cash,GBP,35105.0,Paid,0.0,cfca5613-8779-4b17-9281-e869d2ba7519
PAY001518,BOOK001518,2025-09-14,Net Banking,Cash,INR,7847.0,Paid,0.0,04610c38-40fe-4946-885c-979d756cce82
PAY001519,BOOK001519,2025-04-30,Debit Card,Stripe,INR,15694.0,Paid,0.0,389045bc-db98-4ca2-a3c2-ce4fbad1a500
PAY001520,BOOK001520,2025-11-19,Net Banking,Stripe,EUR,95580.0,Paid,0.0,5d26d895-d295-4425-850f-3255b3e86848
PAY001521,BOOK001521,2024-11-20,Wallet,PayPal,USD,14868.0,Paid,0.0,61d2f4f1-ab89-4823-af52-eae169db6302
PAY001522,BOOK001522,2026-03-01,UPI,PayPal,SGD,60180.0,Paid,0.0,65ccf581-d774-4693-ab08-1fb0bfd7e4b9
PAY001523,BOOK001523,2025-06-27,Wallet,PayPal,EUR,15045.0,Paid,0.0,c92c472b-680c-4699-94f5-f89566d68652
PAY001524,BOOK001524,2025-04-17,Net Banking,Stripe,GBP,2802.5,Paid,0.0,c05f3531-d53f-4285-bb5a-e97b1dc9bc63
PAY001525,BOOK001525,2025-07-07,UPI,PayPal,USD,15045.0,Paid,0.0,6e0a3fc4-b3a7-4740-9d7b-ea9d9f237ddc
PAY001526,BOOK001526,2025-07-07,Credit Card,Stripe,INR,11800.0,Paid,0.0,34f027a3-94ed-4102-ad0d-92ab2d185668
PAY001527,BOOK001527,2025-02-02,UPI,Stripe,INR,35400.0,Paid,0.0,f85c79ce-cc42-4d14-9be9-2fc756af00ad
PAY001528,BOOK001528,2025-11-21,Net Banking,Stripe,SGD,22302.0,Paid,0.0,5d3b0888-6b79-4f82-938a-4a282a298906
PAY001529,BOOK001529,2025-05-30,Wallet,Razorpay,EUR,10030.0,Refunded,7697.28,11815a85-672d-40d3-abaf-8c0ab128fc0a
PAY001530,BOOK001530,2024-08-20,Credit Card,PayPal,SGD,56640.0,Paid,0.0,b16193b0-1f8c-4201-94ca-1c9455e567eb
PAY001531,BOOK001531,2025-05-17,Credit Card,Cash,INR,17700.0,Paid,0.0,0be43912-fc62-4658-9b38-783a7caa34dd
PAY001532,BOOK001532,2025-12-30,Debit Card,Razorpay,USD,7021.0,Paid,0.0,b08882df-c34b-4d52-b8d1-0a401b392d89
PAY001533,BOOK001533,2024-08-24,UPI,PayPal,AED,8260.0,Paid,0.0,aa5608ec-b2da-4289-833e-e5c95b0a08f6
PAY001534,BOOK001534,2025-09-12,Net Banking,Stripe,AED,29736.0,Refunded,20351.26,9d437020-8669-4272-a42f-3d3c8b0d77cd
PAY001535,BOOK001535,2026-05-22,Debit Card,Cash,USD,15930.0,Refunded,6651.71,ce66978d-33ff-4d82-a371-c154b9b7ea29
PAY001536,BOOK001536,2025-05-11,Net Banking,Cash,AED,23128.0,Failed,0.0,0e55584d-9805-4097-964b-c2954a796e6b
PAY001537,BOOK001537,2026-02-07,Net Banking,Razorpay,SGD,16815.0,Refunded,6331.95,45a73b75-4ead-4f99-9b79-e27cff0c3fdf
PAY001538,BOOK001538,2025-06-25,Cash,Razorpay,SGD,16815.0,Refunded,11573.95,2c78c672-2770-4ef5-ab68-3a03cd7a1083
PAY001539,BOOK001539,2025-02-05,Credit Card,Razorpay,USD,84075.0,Paid,0.0,064be6a5-0154-4633-b9d3-a18d05e0e9b6
PAY001540,BOOK001540,2026-04-14,Debit Card,PayPal,EUR,8850.0,Paid,0.0,32ddc28f-8670-402f-9470-3cba10a07b8d
PAY001541,BOOK001541,2026-05-11,UPI,PhonePe,GBP,59000.0,Paid,0.0,05fd20e7-b96a-4b1e-88c3-f39ac6a942dd
PAY001542,BOOK001542,2025-05-16,Debit Card,Stripe,GBP,84075.0,Paid,0.0,f7f2026c-0e16-406c-9cbc-47101f79136a
PAY001543,BOOK001543,2026-06-27,Wallet,PhonePe,AED,5310.0,Paid,0.0,c9cce433-f1b5-42db-9686-51401847e2e0
PAY001544,BOOK001544,2025-11-02,UPI,Cash,EUR,11151.0,Paid,0.0,2fafcf60-ffe6-4580-95c7-5a6619e6d8ee
PAY001545,BOOK001545,2025-11-18,Cash,Stripe,GBP,8260.0,Paid,0.0,80227233-1620-4abb-bd26-442af3af4174
PAY001546,BOOK001546,2026-02-03,Debit Card,Stripe,INR,23128.0,Paid,0.0,0ef3badf-4f1b-4f89-bc74-737a7a2bb0d1
PAY001547,BOOK001547,2026-05-12,Cash,PayPal,EUR,35105.0,Paid,0.0,494b239c-c437-4c39-801d-0e47c80af87f
PAY001548,BOOK001548,2025-01-22,UPI,Razorpay,INR,17552.5,Paid,0.0,abe63019-d310-46e8-bd8d-cb5b4c9506c4
PAY001549,BOOK001549,2025-05-19,Cash,Cash,AED,22420.0,Paid,0.0,9fe5c5b5-6d75-41fa-815e-348ea183ab4c
PAY001550,BOOK001550,2025-03-31,Credit Card,PayPal,AED,78470.0,Refunded,70297.94,372718ce-84f0-4d6d-bfee-6aace8c1941e
PAY001551,BOOK001551,2025-06-18,Cash,Razorpay,USD,17552.5,Paid,0.0,be10582a-b9f0-470a-9560-987ef16ae63c
PAY001552,BOOK001552,2026-03-28,Debit Card,Stripe,EUR,37760.0,Paid,0.0,46eb2fdf-78cf-450d-8b7d-f04a41dec0ae
PAY001553,BOOK001553,2025-03-24,UPI,Stripe,EUR,5310.0,Paid,0.0,356f863c-3fc9-4685-84b6-fbd1845229a8
PAY001554,BOOK001554,2025-12-05,Net Banking,Razorpay,USD,105315.0,Paid,0.0,dd91a80c-fdca-4b9c-a026-40eda6b2f453
PAY001555,BOOK001555,2024-12-31,Wallet,PayPal,USD,19617.5,Paid,0.0,9a907acb-69d3-4b7f-9f3a-cbba872e0bfc
PAY001556,BOOK001556,2025-08-02,Credit Card,Razorpay,USD,2507.5,Refunded,1607.74,61ddcc1e-166f-44a2-8176-bb1e766eae8c
PAY001557,BOOK001557,2026-02-22,UPI,Razorpay,INR,22420.0,Refunded,18952.07,cb185d21-c05f-4773-8e31-19f52e74dbfe
PAY001558,BOOK001558,2024-09-04,Cash,PhonePe,USD,5900.0,Paid,0.0,a843e787-2ddd-4819-b6e1-f9ac16473fc5
PAY001559,BOOK001559,2026-01-13,Wallet,Cash,USD,70800.0,Paid,0.0,857a20f4-d8f7-401e-a47d-d43f8e58774b
PAY001560,BOOK001560,2025-12-08,Cash,Razorpay,AED,7847.0,Paid,0.0,4bf79cbe-9c22-404f-bf6e-7b100990fe85
PAY001561,BOOK001561,2025-02-14,Net Banking,PayPal,EUR,18585.0,Paid,0.0,465bf802-5a33-46d9-bde4-2108d275a084
PAY001562,BOOK001562,2024-10-25,Credit Card,Cash,GBP,11800.0,Paid,0.0,32b4d697-950e-4fbc-a065-a19a57fa9270
PAY001563,BOOK001563,2025-09-08,Cash,PhonePe,EUR,106200.0,Paid,0.0,e3388bc0-f407-4f8c-ac2d-a50a00d5a837
PAY001564,BOOK001564,2026-07-19,Debit Card,PhonePe,SGD,88500.0,Paid,0.0,ad293f96-a60e-4a02-967e-8b9b4ed6f235
PAY001565,BOOK001565,2025-06-10,Credit Card,PhonePe,GBP,35105.0,Paid,0.0,78a1a055-3d86-40e0-9999-851aaae9077e
PAY001566,BOOK001566,2025-10-19,UPI,Stripe,GBP,9440.0,Refunded,5727.52,f36c3fdf-1b3d-4842-a804-3b2495e768fa
PAY001567,BOOK001567,2026-01-18,Cash,Stripe,SGD,106200.0,Paid,0.0,824c1fc9-2b70-4fbc-b21d-a3f36aa08e7d
PAY001568,BOOK001568,2025-11-26,Debit Card,Razorpay,INR,8260.0,Paid,0.0,cd012c8f-48bd-4754-8bae-34e21630e68b
PAY001569,BOOK001569,2025-04-01,Credit Card,PhonePe,EUR,16815.0,Paid,0.0,610e1f8e-8afd-4d2e-b612-a80ac5115d84
PAY001570,BOOK001570,2024-10-03,Cash,PhonePe,AED,56640.0,Paid,0.0,9468eccc-90f5-457f-b8f4-b16bbd4a62ce
PAY001571,BOOK001571,2025-12-16,Wallet,Razorpay,GBP,74340.0,Paid,0.0,dfadaddb-a0db-4374-9d56-a31cc5a72be1
PAY001572,BOOK001572,2026-01-23,Cash,PhonePe,INR,35400.0,Paid,0.0,0423b674-ca36-4504-89ac-dc40f0323dca
PAY001573,BOOK001573,2026-02-07,Debit Card,PhonePe,GBP,26550.0,Paid,0.0,a8a2c72c-18c3-4a9c-b4dc-5aa41d985a24
PAY001574,BOOK001574,2026-05-12,Credit Card,Cash,EUR,42480.0,Paid,0.0,2882d27b-6f1c-41e6-8d23-b6987ef0877d
PAY001575,BOOK001575,2025-08-01,Debit Card,PhonePe,USD,82600.0,Paid,0.0,e75a0b25-fde5-43ce-8568-48d0cb6298c9
PAY001576,BOOK001576,2025-03-02,Net Banking,Stripe,SGD,24780.0,Paid,0.0,acdecdfd-6b17-4c37-ac4b-bc14efdb3068
PAY001577,BOOK001577,2026-04-24,Credit Card,Razorpay,AED,99120.0,Failed,0.0,11af7e66-73e0-4213-9d75-018bb65d7f5e
PAY001578,BOOK001578,2026-05-02,Net Banking,Stripe,AED,15930.0,Refunded,14085.09,d363ad55-e13e-43a8-9e92-5869345dc77a
PAY001579,BOOK001579,2025-04-19,Credit Card,PhonePe,EUR,3717.0,Failed,0.0,ae04e4c8-b79c-447c-841c-25b6bd1a03a7
PAY001580,BOOK001580,2025-01-30,Net Banking,PhonePe,AED,31860.0,Paid,0.0,200354e0-9e54-43df-b460-301d18caeaaf
PAY001581,BOOK001581,2026-01-23,Cash,Cash,SGD,29500.0,Paid,0.0,d8c0feb3-f704-4df0-89d0-ff9a3d366c16
PAY001582,BOOK001582,2025-10-15,UPI,PayPal,EUR,14160.0,Paid,0.0,a619f0c5-8a02-47bf-bd48-82577ae64f51
PAY001583,BOOK001583,2026-04-04,Wallet,PhonePe,GBP,7965.0,Paid,0.0,88fbd999-a579-4b6f-a43c-ba07fa39dcaf
PAY001584,BOOK001584,2025-09-10,Cash,Cash,USD,2950.0,Paid,0.0,27df33a4-3bf1-4d40-879c-4ed5294fa5c5
PAY001585,BOOK001585,2026-07-19,Wallet,PhonePe,INR,10620.0,Paid,0.0,e95f24c0-dd62-4ffb-b85b-12ab6cb189e2
PAY001586,BOOK001586,2024-09-21,Wallet,Stripe,GBP,15045.0,Paid,0.0,6c96f2b7-1863-4bd0-bf71-49b7542bf0da
PAY001587,BOOK001587,2025-05-22,Credit Card,PhonePe,SGD,15045.0,Paid,0.0,94ce4543-4550-4048-a21d-dcae2bf8c7b9
PAY001588,BOOK001588,2025-12-01,Debit Card,PayPal,USD,84960.0,Paid,0.0,6b5cf748-31ac-4b22-b9a4-91d6ebaeca3a
PAY001589,BOOK001589,2026-05-21,Debit Card,Stripe,AED,16520.0,Paid,0.0,a23149b5-7af3-4b87-9637-2570e6a180f2
PAY001590,BOOK001590,2024-11-17,Debit Card,PayPal,GBP,19824.0,Paid,0.0,f0a95ec8-5925-465d-b7f7-77f21de59b39
PAY001591,BOOK001591,2025-08-26,Credit Card,Stripe,INR,11800.0,Paid,0.0,157912b9-184e-4a6c-9088-d23e87b43e54
PAY001592,BOOK001592,2025-12-07,Debit Card,Cash,SGD,95580.0,Paid,0.0,0f7153ba-663a-4479-b49e-311c7b7a17b2
PAY001593,BOOK001593,2025-10-05,UPI,PhonePe,SGD,45135.0,Paid,0.0,84c51d5a-8ea5-4166-b197-b1a52d8766fe
PAY001594,BOOK001594,2024-10-21,UPI,PhonePe,SGD,11770.5,Paid,0.0,e449269b-4aa5-4af9-8027-64b1c89313d5
PAY001595,BOOK001595,2025-06-14,Wallet,Cash,USD,11800.0,Paid,0.0,8eefa26b-bacb-4cae-9857-c4e9041a0d4c
PAY001596,BOOK001596,2026-02-21,Net Banking,PhonePe,EUR,15045.0,Refunded,14861.13,1e2ae258-e5c3-4e83-8059-0cf45c5bf33f
PAY001597,BOOK001597,2025-06-25,Debit Card,PhonePe,USD,17552.5,Refunded,4997.75,84d99b3a-562e-4dbe-bcc9-86031612dbe0
PAY001598,BOOK001598,2025-01-11,Cash,Cash,USD,7434.0,Paid,0.0,51e1a323-db32-4512-aefe-d130911b36ee
PAY001599,BOOK001599,2025-10-27,Debit Card,PhonePe,AED,67260.0,Paid,0.0,f706105b-57c3-4f8e-808d-fbb6f69f80f7
PAY001600,BOOK001600,2025-07-29,Net Banking,Stripe,USD,23541.0,Paid,0.0,21226b3e-07ca-413d-9bff-6669cba006f8
PAY001601,BOOK001601,2026-02-24,Debit Card,PayPal,EUR,7021.0,Failed,0.0,3dba4b7a-6851-481b-aa3b-dbb050605609
PAY001602,BOOK001602,2025-11-02,Net Banking,Cash,SGD,22420.0,Refunded,22272.51,ab62f9e5-2e06-4aec-9dd3-e4208f0e2fc1
PAY001603,BOOK001603,2026-02-22,Cash,PhonePe,SGD,24780.0,Paid,0.0,b82c3723-dad8-4b37-b116-3edb3f7b6a0f
PAY001604,BOOK001604,2026-05-06,Cash,Cash,INR,50150.0,Paid,0.0,45b60507-d253-4ea8-b9fc-29282b4eb70e
PAY001605,BOOK001605,2024-08-25,Net Banking,Stripe,USD,106200.0,Paid,0.0,ad56d2f0-1b78-436e-b29e-73b75f5caa5c
PAY001606,BOOK001606,2026-06-13,Wallet,Cash,GBP,11770.5,Paid,0.0,72e375df-bb38-4ed0-a065-ab3cd10df22f
PAY001607,BOOK001607,2025-03-01,Debit Card,PayPal,USD,2655.0,Paid,0.0,4f78754b-3bba-44a5-b515-2575c11e40f6
PAY001608,BOOK001608,2025-04-21,Debit Card,Cash,USD,28084.0,Paid,0.0,e312f19d-989f-480a-8d2e-d5ecf26905ae
PAY001609,BOOK001609,2024-12-29,Wallet,PayPal,SGD,31860.0,Paid,0.0,4c08d377-d824-4aba-a03a-203d6215f01a
PAY001610,BOOK001610,2026-01-19,Net Banking,Stripe,INR,8850.0,Refunded,3317.47,dead98fe-f493-4878-88fa-d813be199018
PAY001611,BOOK001611,2025-09-03,Wallet,PhonePe,SGD,21063.0,Paid,0.0,35e8b1b7-9bc2-4286-869b-00c1e6aad7ab
PAY001612,BOOK001612,2026-03-20,Net Banking,PayPal,INR,5900.0,Paid,0.0,5fc85c33-c841-4d31-88a9-831e38f5d24e
PAY001613,BOOK001613,2025-12-19,Debit Card,Stripe,USD,14868.0,Paid,0.0,768b7c26-16dc-4b42-8f19-3806e369fc68
PAY001614,BOOK001614,2026-06-03,Credit Card,PayPal,INR,18880.0,Paid,0.0,fd89aa79-ed12-4602-8e82-2b01389f4cfd
PAY001615,BOOK001615,2026-03-19,Wallet,Stripe,USD,30090.0,Paid,0.0,d09ad85a-0f64-47fc-a4fc-9e424b6af2ae
PAY001616,BOOK001616,2026-02-07,Credit Card,Razorpay,SGD,22302.0,Paid,0.0,cb9535e2-1847-434e-b83b-97a1805b6941
PAY001617,BOOK001617,2025-02-12,UPI,Cash,USD,7434.0,Paid,0.0,129f9407-9fba-4853-bc58-94dd8abf5764
PAY001618,BOOK001618,2024-12-09,Credit Card,PhonePe,EUR,35400.0,Paid,0.0,15b01a59-818b-4e2b-b187-75baf7673714
PAY001619,BOOK001619,2026-01-03,Credit Card,Stripe,EUR,66080.0,Paid,0.0,7b602961-cd11-4ec5-9c3f-4cce63db8558
PAY001620,BOOK001620,2026-05-31,UPI,PayPal,SGD,35105.0,Paid,0.0,5a0207bc-285b-41f2-bdd6-972912c68271
PAY001621,BOOK001621,2026-03-19,Cash,Cash,INR,8407.5,Paid,0.0,6e498c21-b995-418c-ac0b-26f07e497123
PAY001622,BOOK001622,2025-08-21,Credit Card,Cash,USD,14750.0,Paid,0.0,a7ba9208-cffc-42a0-91bc-1a29d969323a
PAY001623,BOOK001623,2025-09-15,UPI,Razorpay,INR,21240.0,Paid,0.0,c89a5e93-7ead-405a-9f36-8db73f539aeb
PAY001624,BOOK001624,2025-07-13,Wallet,PhonePe,AED,29500.0,Paid,0.0,12d2fb3d-5b58-41fe-b551-f6d83558a6f0
PAY001625,BOOK001625,2024-11-28,Net Banking,Stripe,GBP,10620.0,Paid,0.0,da5cd4d5-c2b4-477c-acbb-1226cd123f32
PAY001626,BOOK001626,2025-10-09,Cash,PayPal,AED,10531.5,Paid,0.0,542ba78b-e58c-4fbd-a823-e8292b4a6a19
PAY001627,BOOK001627,2025-01-08,Debit Card,PayPal,SGD,16520.0,Paid,0.0,335944e0-37bf-4dbb-9960-f01711e9243e
PAY001628,BOOK001628,2025-07-20,UPI,Razorpay,EUR,35105.0,Paid,0.0,15c5c899-7881-44fe-ba05-4c69d14c2810
PAY001629,BOOK001629,2024-10-10,UPI,Stripe,INR,35105.0,Paid,0.0,04b72a26-0a32-4a47-b09b-70c8ccec1f0a
PAY001630,BOOK001630,2026-05-03,UPI,PayPal,EUR,24573.5,Refunded,11371.74,707fc88b-cfb5-4cef-bbc8-edfb4b566589
PAY001631,BOOK001631,2026-01-10,Net Banking,PhonePe,GBP,21063.0,Paid,0.0,64f61a5a-1bfe-48df-b9c7-7953fd19eb2b
PAY001632,BOOK001632,2024-12-19,Wallet,Razorpay,USD,2507.5,Refunded,2414.38,6725c1da-78bf-47ef-8688-24dd608afcb1
PAY001633,BOOK001633,2025-11-06,Net Banking,Razorpay,AED,31388.0,Paid,0.0,5f3700aa-8913-4a37-981b-22b10f112a7c
PAY001634,BOOK001634,2024-10-04,Net Banking,Stripe,USD,15045.0,Paid,0.0,b3297f8c-ccca-4b4b-a0e5-8f29090018c0
PAY001635,BOOK001635,2026-05-03,Wallet,Cash,GBP,4720.0,Paid,0.0,12437c50-5793-4f14-9244-428f1ecf523e
PAY001636,BOOK001636,2025-09-05,Cash,Cash,EUR,19617.5,Paid,0.0,308bea39-8f87-449c-b167-aeafa0847e95
PAY001637,BOOK001637,2026-08-02,Credit Card,Cash,SGD,123900.0,Paid,0.0,46fc488a-61dd-492a-99fb-52a52b7302a2
PAY001638,BOOK001638,2025-04-01,Debit Card,Cash,INR,8850.0,Paid,0.0,b41cc77f-4aad-46c1-b87c-11f6b2943b0d
PAY001639,BOOK001639,2024-12-22,Net Banking,Cash,SGD,90270.0,Paid,0.0,ea6b270a-12f3-42dc-beae-ffcf70d98110
PAY001640,BOOK001640,2025-05-25,Net Banking,PhonePe,AED,22302.0,Paid,0.0,932885d6-cffd-4f36-a076-02f8af266cfc
PAY001641,BOOK001641,2025-09-08,Net Banking,Razorpay,INR,14042.0,Paid,0.0,2ca98434-3d47-49d5-be08-3aae3a772355
PAY001642,BOOK001642,2026-04-01,Net Banking,Cash,AED,7847.0,Paid,0.0,b63d5ade-afb2-4277-9852-d4d2939b3adb
PAY001643,BOOK001643,2025-11-29,Debit Card,Cash,EUR,7434.0,Paid,0.0,757458f9-5a18-4dd3-b3b2-c657ea27fb0e
PAY001644,BOOK001644,2026-07-01,Wallet,Razorpay,USD,18585.0,Paid,0.0,6f23d8e0-47d4-4331-80db-870e097db5d7
PAY001645,BOOK001645,2024-10-02,UPI,Cash,AED,22420.0,Paid,0.0,535565d3-4386-48ba-9f72-442c91694ecc
PAY001646,BOOK001646,2025-09-25,UPI,PayPal,AED,41300.0,Failed,0.0,4b29d1d8-6c68-4aa9-ac8e-059ba82e3523
PAY001647,BOOK001647,2025-08-11,Net Banking,Razorpay,USD,2507.5,Paid,0.0,dafad463-163d-45c0-86fa-a091acd93aa1
PAY001648,BOOK001648,2025-05-16,Net Banking,PayPal,INR,28320.0,Paid,0.0,2a8de3f1-8353-45af-b7ce-e1a80aeca653
PAY001649,BOOK001649,2025-02-20,Debit Card,PayPal,AED,22420.0,Failed,0.0,cef11857-f23c-4405-a549-ab54dcbbee0b
PAY001650,BOOK001650,2025-09-27,Net Banking,PayPal,INR,29736.0,Refunded,8483.38,e38eec4e-69a9-4b17-ab8b-612b8bddb522
PAY001651,BOOK001651,2025-01-14,Net Banking,Cash,SGD,5605.0,Paid,0.0,8a3dda9d-a50a-4cd0-bd00-e173c40c1d8e
PAY001652,BOOK001652,2025-07-24,Net Banking,PayPal,AED,78470.0,Paid,0.0,55754055-1d6e-4ebd-883a-f6c0b11d712a
PAY001653,BOOK001653,2025-10-15,Credit Card,PayPal,EUR,16520.0,Paid,0.0,4ed1637b-09d9-4293-bf67-b8dfd8d93cab
PAY001654,BOOK001654,2025-04-13,Wallet,PhonePe,EUR,70800.0,Refunded,20546.42,42b327b6-ec67-4a3e-a3ec-5a04ab882996
PAY001655,BOOK001655,2025-11-02,Wallet,Razorpay,AED,8850.0,Paid,0.0,d62ae5c4-73a6-433d-bf54-020954b0cd9d
PAY001656,BOOK001656,2025-04-14,Credit Card,Razorpay,INR,5310.0,Paid,0.0,f81c14fc-ddbb-4b35-83b9-ca31da91731e
PAY001657,BOOK001657,2026-02-27,Debit Card,Razorpay,INR,75225.0,Paid,0.0,8a87ecd7-ddd8-46d5-8286-aa853891b90a
PAY001658,BOOK001658,2026-06-05,Cash,Razorpay,AED,99120.0,Paid,0.0,9b0d9eac-4eaf-4444-b2f3-72124414bb7e
PAY001659,BOOK001659,2025-04-22,Debit Card,PhonePe,USD,2360.0,Paid,0.0,fd7bd448-cd1e-4a25-bd39-e04a0401d7cd
PAY001660,BOOK001660,2025-03-04,Wallet,Cash,INR,8260.0,Refunded,6060.52,fe4d01e4-8a52-4c0f-a90e-7379ccc169eb
PAY001661,BOOK001661,2025-01-10,Cash,PhonePe,INR,28320.0,Paid,0.0,f245c8ef-13d6-4763-816f-3439d299e96f
PAY001662,BOOK001662,2025-11-01,Wallet,PayPal,INR,88500.0,Paid,0.0,8a9cf39b-b776-4e13-99bc-1654dbc605c1
PAY001663,BOOK001663,2025-07-10,Net Banking,PhonePe,GBP,17552.5,Failed,0.0,b8be406c-fd49-4420-a48c-b4057ee72e02
PAY001664,BOOK001664,2026-05-20,UPI,Cash,GBP,7965.0,Paid,0.0,1fb0ad86-c1f3-484d-a64b-5b278cc550fe
PAY001665,BOOK001665,2025-09-26,Cash,PayPal,GBP,11800.0,Paid,0.0,65041462-4314-4b3a-b7c0-afc01b12e9ee
PAY001666,BOOK001666,2025-12-30,Cash,Cash,USD,11210.0,Paid,0.0,c4177515-42bb-4aa4-bab0-7570e30f413a
PAY001667,BOOK001667,2025-11-03,Debit Card,Stripe,INR,60180.0,Failed,0.0,f9ced5e3-8bd4-48a3-aff0-22f08828a47f
PAY001668,BOOK001668,2026-05-02,Wallet,Stripe,AED,7965.0,Refunded,7044.77,f3480244-ef52-43e1-8b64-5e869eb8d1ce
PAY001669,BOOK001669,2025-07-04,Net Banking,Stripe,USD,18880.0,Paid,0.0,57fa010f-77b2-4eec-8a2c-265564ba55e8
PAY001670,BOOK001670,2025-02-28,Debit Card,Razorpay,USD,49560.0,Paid,0.0,581cc9be-9d9a-4a53-a3cf-f0866877ce80
PAY001671,BOOK001671,2026-05-14,Cash,Cash,EUR,11210.0,Paid,0.0,42181695-750f-40fb-90eb-3eb67957d84b
PAY001672,BOOK001672,2026-03-21,Net Banking,PayPal,EUR,7434.0,Paid,0.0,f281462b-0566-43ea-a972-f0f10f4af0ff
PAY001673,BOOK001673,2024-10-27,Wallet,Stripe,AED,16815.0,Paid,0.0,881e156a-c1e9-4ff6-83b1-bce548022a63
PAY001674,BOOK001674,2025-04-01,Wallet,PhonePe,GBP,11800.0,Paid,0.0,49a12e87-b2bb-473d-8359-568aa1fc66f4
PAY001675,BOOK001675,2025-09-22,Cash,PhonePe,GBP,17700.0,Refunded,17349.02,8fc98d95-e33d-4bf1-8926-3d16f260fbcb
PAY001676,BOOK001676,2025-12-13,Cash,Cash,EUR,23600.0,Paid,0.0,6863d1fb-e528-454d-8a0a-6aa3f5f58fb3
PAY001677,BOOK001677,2024-10-17,Wallet,Razorpay,AED,70210.0,Paid,0.0,18494961-1f2f-4e6c-bf48-6981b6f5a8de
PAY001678,BOOK001678,2025-04-20,Debit Card,Razorpay,AED,13216.0,Paid,0.0,ec66a722-1375-4bf8-941e-299a7b92d894
PAY001679,BOOK001679,2026-02-07,Cash,Razorpay,GBP,50445.0,Paid,0.0,8c9b8690-e1cf-45af-b7f7-1dca35d291f8
PAY001680,BOOK001680,2025-03-10,Wallet,Cash,AED,19617.5,Paid,0.0,7ffb2d5e-6570-4e9d-a131-c03f321a4f71
PAY001681,BOOK001681,2026-07-27,Credit Card,Stripe,SGD,8407.5,Paid,0.0,67153920-6a06-4ead-9385-1e85f446a762
PAY001682,BOOK001682,2025-12-03,Cash,PayPal,USD,33040.0,Paid,0.0,0e422201-80bb-4301-bedf-9fb924a8c510
PAY001683,BOOK001683,2026-04-28,Wallet,Razorpay,SGD,88500.0,Paid,0.0,35147f07-13c8-4420-bedf-e6ad30859009
PAY001684,BOOK001684,2025-11-20,Cash,Cash,AED,5310.0,Paid,0.0,86fc8ef2-de64-4d91-a97e-96d04bb5cc83
PAY001685,BOOK001685,2026-02-04,Wallet,PhonePe,AED,17700.0,Paid,0.0,d0c11e71-9a3f-4523-b4f5-89264c096465
PAY001686,BOOK001686,2025-01-31,Credit Card,PayPal,GBP,56640.0,Refunded,50402.96,60ea52bf-57cc-48cc-9eba-3eb5fb625414
PAY001687,BOOK001687,2025-03-15,Credit Card,PayPal,GBP,53100.0,Paid,0.0,05651356-318a-4213-b2b3-08048b655317
PAY001688,BOOK001688,2025-11-25,Credit Card,Cash,INR,16520.0,Paid,0.0,b1bbb144-1294-4841-baa5-b36240134482
PAY001689,BOOK001689,2024-11-24,Wallet,Cash,GBP,17552.5,Paid,0.0,2834575b-e0b5-4aa2-adb0-84406c18b499
PAY001690,BOOK001690,2025-07-05,Net Banking,PayPal,AED,28320.0,Paid,0.0,a7b02dd8-6b93-44dc-84b4-badebca9409e
PAY001691,BOOK001691,2026-02-14,UPI,Cash,EUR,9440.0,Paid,0.0,ebc8f4d1-ae52-4380-8c27-97ab6b8c2beb
PAY001692,BOOK001692,2026-03-14,Cash,Stripe,SGD,99120.0,Paid,0.0,5a5d05be-aacb-4aa5-95f5-3daf92b5500f
PAY001693,BOOK001693,2025-11-05,Wallet,Cash,INR,16520.0,Paid,0.0,9b8444ec-8fb1-492a-abfa-98b099d22564
PAY001694,BOOK001694,2025-10-02,Debit Card,Cash,INR,15045.0,Paid,0.0,6fbb6ce6-1c95-42e3-8963-b73763a27a4d
PAY001695,BOOK001695,2025-01-22,Net Banking,Stripe,INR,14042.0,Paid,0.0,b9f8c8ad-478e-42bb-9a5b-f60cb8b488ba
PAY001696,BOOK001696,2025-07-25,Net Banking,Cash,EUR,17700.0,Failed,0.0,4e3ce108-39bc-46f0-af94-402698d940f5
PAY001697,BOOK001697,2025-11-10,Debit Card,Razorpay,GBP,37170.0,Paid,0.0,cc3baad8-82ec-45cf-be34-edeed617cb21
PAY001698,BOOK001698,2024-11-11,Credit Card,PayPal,INR,7847.0,Paid,0.0,4a5ed28e-4612-40b2-8a02-00a0e2f193ad
PAY001699,BOOK001699,2026-02-22,UPI,Stripe,SGD,52038.0,Paid,0.0,9da6b517-bdb7-4f1f-8422-0e40bc266aa7
PAY001700,BOOK001700,2025-10-13,Credit Card,Stripe,INR,84960.0,Paid,0.0,93ca4077-538f-490d-b878-97b4d5fd0227
PAY001701,BOOK001701,2026-05-15,UPI,Razorpay,EUR,59000.0,Refunded,21315.12,8c099297-dcb4-4893-ae78-8b1cc04ee0c1
PAY001702,BOOK001702,2025-06-10,UPI,Stripe,USD,74340.0,Paid,0.0,907542bc-512c-480d-83b1-c1b14ffaa483
PAY001703,BOOK001703,2026-07-11,Credit Card,PhonePe,SGD,23541.0,Paid,0.0,1d722602-8c7a-46d0-9d90-3092cdadb5e3
PAY001704,BOOK001704,2025-04-04,Net Banking,PayPal,SGD,20650.0,Paid,0.0,91ab042c-dd2d-4b1a-bc72-d1cf56ba68d1
PAY001705,BOOK001705,2024-09-05,Debit Card,PayPal,INR,33040.0,Paid,0.0,16724a75-22da-4702-9991-533a0b78bc86
PAY001706,BOOK001706,2024-08-29,Cash,Cash,EUR,60180.0,Refunded,49598.52,8276e9fb-617b-41d5-8a1f-00ac64dd87cb
PAY001707,BOOK001707,2026-03-06,Net Banking,PhonePe,USD,7522.5,Paid,0.0,8bac6ff2-746a-409a-a2df-8bcb8f9901b0
PAY001708,BOOK001708,2026-04-25,Cash,PayPal,EUR,11210.0,Paid,0.0,3d6dc97d-f8cf-40c1-bd73-7283f1113737
PAY001709,BOOK001709,2026-02-28,Net Banking,Razorpay,INR,6608.0,Paid,0.0,a2b4a53c-0827-4630-ae71-58bdeea07489
PAY001710,BOOK001710,2024-10-04,Credit Card,Cash,INR,33630.0,Paid,0.0,38d5f88c-20c8-4989-819a-c56172fd3b9f
PAY001711,BOOK001711,2024-08-19,Credit Card,Stripe,GBP,20650.0,Paid,0.0,da6fb093-b668-4463-bcf4-9618cf1bbc8b
PAY001712,BOOK001712,2026-07-14,Net Banking,PayPal,GBP,23600.0,Paid,0.0,cf459772-48ef-45f5-bb34-2e592b2bd52c
PAY001713,BOOK001713,2025-11-26,Credit Card,PhonePe,USD,8260.0,Paid,0.0,9a9da0da-48df-4748-9e61-018819323c24
PAY001714,BOOK001714,2025-01-10,Cash,PhonePe,AED,67260.0,Paid,0.0,c57e77aa-1fe9-4fb8-bb22-36f741a25b13
PAY001715,BOOK001715,2026-07-27,Net Banking,Stripe,EUR,31860.0,Paid,0.0,fd931201-2dde-42bb-b658-1a9e90abae15
PAY001716,BOOK001716,2025-07-26,Credit Card,PhonePe,AED,26019.0,Paid,0.0,68870874-38ac-4385-9990-7370f4786d79
PAY001717,BOOK001717,2025-07-10,Credit Card,Razorpay,AED,42480.0,Refunded,22316.16,b542ffda-c7dd-4670-88a5-39240528a91e
PAY001718,BOOK001718,2026-06-25,Credit Card,Stripe,INR,46256.0,Paid,0.0,13d5ebcd-ab3f-464e-bdf8-acd0f5277279
PAY001719,BOOK001719,2024-11-18,Credit Card,Cash,AED,7847.0,Paid,0.0,6de68559-41a9-408b-9a79-d2f1b7857b87
PAY001720,BOOK001720,2025-06-22,Wallet,PayPal,AED,16520.0,Paid,0.0,b3bc3aaf-94d1-43ad-ae6e-0cc087e7f7d7
PAY001721,BOOK001721,2025-08-13,Credit Card,PhonePe,SGD,35105.0,Paid,0.0,8e4fbdc8-b646-4df1-93eb-fce91ed44c30
PAY001722,BOOK001722,2024-10-24,Cash,PayPal,EUR,74340.0,Paid,0.0,9747cf09-b886-437a-b708-d75d29c41174
PAY001723,BOOK001723,2025-01-21,Cash,PhonePe,SGD,8260.0,Paid,0.0,c58c8813-c912-4e3c-b27a-072d8c0503c5
PAY001724,BOOK001724,2026-02-12,Credit Card,PhonePe,EUR,42126.0,Paid,0.0,5e4e0928-797d-478b-94dd-de4c696cc32c
PAY001725,BOOK001725,2024-10-30,Cash,PayPal,SGD,14160.0,Paid,0.0,79f56a0f-8630-497a-86db-be19e5c5ad65
PAY001726,BOOK001726,2024-08-26,Net Banking,PayPal,EUR,60180.0,Paid,0.0,c2840aa7-4b9f-4ef3-b29a-1eca36906e80
PAY001727,BOOK001727,2026-02-20,UPI,Cash,INR,70800.0,Paid,0.0,41ece1cc-f0a2-4107-ac1e-4b6a53289694
PAY001728,BOOK001728,2024-11-15,Wallet,Cash,EUR,42126.0,Paid,0.0,f3ed5ea8-a372-4091-b54b-2479ba446fb7
PAY001729,BOOK001729,2025-09-24,Debit Card,Stripe,SGD,10030.0,Paid,0.0,d8ae8ed4-764f-4990-833a-f81feffe623a
PAY001730,BOOK001730,2026-01-25,Cash,Cash,INR,16520.0,Paid,0.0,dcc35501-f528-4d7d-ac64-c09d73f14f7d
PAY001731,BOOK001731,2025-06-09,Cash,PayPal,USD,19824.0,Paid,0.0,5f43ebf6-d22d-499f-b356-166d2917b335
PAY001732,BOOK001732,2026-05-18,Credit Card,Cash,EUR,50150.0,Refunded,49757.88,142e3421-c8d3-4136-bdfb-49cfca14527b
PAY001733,BOOK001733,2026-04-03,Credit Card,PhonePe,USD,35105.0,Paid,0.0,882ad4ec-ce27-4c87-af0f-85feb8849b6d
PAY001734,BOOK001734,2025-08-16,Wallet,Razorpay,INR,47082.0,Paid,0.0,0c37c71f-961f-4a43-be30-6d276ed9146e
PAY001735,BOOK001735,2025-05-24,Cash,Stripe,USD,35105.0,Paid,0.0,b79a4175-56fa-452f-81af-51d5dbcad003
PAY001736,BOOK001736,2025-10-28,Net Banking,Razorpay,AED,15694.0,Refunded,4300.1,a0c76109-bad3-443e-983f-7417926f005d
PAY001737,BOOK001737,2025-04-13,Net Banking,Stripe,SGD,26550.0,Paid,0.0,30248bcf-06ae-4828-8936-a2da83c6ea48
PAY001738,BOOK001738,2025-09-24,Cash,Razorpay,GBP,49147.0,Paid,0.0,5d3cc3b8-f877-487f-8dff-963fe91988a1
PAY001739,BOOK001739,2026-03-15,Cash,PayPal,GBP,37170.0,Paid,0.0,7681ab37-d39d-4217-8b03-ba0e81e7ab2a
PAY001740,BOOK001740,2025-05-12,Net Banking,PayPal,EUR,7847.0,Paid,0.0,f4320da8-37f8-46cc-99eb-a75eb6ab6b3b
PAY001741,BOOK001741,2026-05-17,Wallet,Razorpay,GBP,16520.0,Paid,0.0,e2c9158e-5c3d-416a-b9bb-116b8f955ab1
PAY001742,BOOK001742,2025-07-06,Cash,Stripe,SGD,10030.0,Refunded,8061.05,e1c497e3-2484-460d-82f0-b7817c9252b1
PAY001743,BOOK001743,2026-02-20,Credit Card,Stripe,EUR,31860.0,Paid,0.0,f052642b-1a23-4376-819b-3555e4617b26
PAY001744,BOOK001744,2025-01-24,Debit Card,Cash,INR,39648.0,Paid,0.0,4dd49187-ddce-45ee-a50a-e5a996bd3511
PAY001745,BOOK001745,2026-06-25,Net Banking,Cash,SGD,70800.0,Failed,0.0,52f082ef-f6ba-49bb-a267-9abd0357ed7c
PAY001746,BOOK001746,2025-01-16,Credit Card,PhonePe,USD,56050.0,Failed,0.0,34168d87-6b3d-46ff-84aa-bb504372193e
PAY001747,BOOK001747,2024-11-28,UPI,PayPal,SGD,74340.0,Paid,0.0,1f0f2a9c-0b55-480b-8b0b-552fd2fd8005
PAY001748,BOOK001748,2025-10-23,Net Banking,Cash,EUR,5900.0,Paid,0.0,79332b91-adc8-4f6c-b981-dfc1b0529a26
PAY001749,BOOK001749,2024-10-06,Wallet,Stripe,AED,20060.0,Paid,0.0,807add07-fbb8-4f89-9686-d3d39f060c43
PAY001750,BOOK001750,2025-10-10,Credit Card,Stripe,INR,14042.0,Paid,0.0,efc04c03-f06a-4f9b-bbc8-d35d3d3dc38c
PAY001751,BOOK001751,2025-08-22,Wallet,PhonePe,INR,50150.0,Paid,0.0,77a19ca6-b33b-4677-81df-6b4f92df13a2
PAY001752,BOOK001752,2026-04-15,Debit Card,Razorpay,SGD,8850.0,Paid,0.0,9612be8f-330d-4b4a-8a80-55bac336eee1
PAY001753,BOOK001753,2025-08-17,Debit Card,PhonePe,EUR,3923.5,Paid,0.0,076c70c3-a604-4db0-8115-c8de6ddf9313
PAY001754,BOOK001754,2025-07-25,Credit Card,Razorpay,GBP,56640.0,Paid,0.0,06f39b03-d14d-4f13-a629-4f0bf1811154
PAY001755,BOOK001755,2025-04-19,Wallet,Stripe,USD,21063.0,Failed,0.0,c5a1f270-5c7a-42a3-bfc3-7942e312e4c5
PAY001756,BOOK001756,2024-09-28,Net Banking,PayPal,AED,75225.0,Paid,0.0,880da13c-e748-4794-b5c6-2c9882f3b0fe
PAY001757,BOOK001757,2025-06-10,UPI,Stripe,AED,28084.0,Paid,0.0,eb40df7b-6f4f-4166-8270-261abe5174a7
PAY001758,BOOK001758,2025-08-12,Cash,Cash,EUR,40120.0,Paid,0.0,5d5819bc-a6a2-4176-8cb0-a9d18381ff09
PAY001759,BOOK001759,2024-08-01,UPI,Razorpay,EUR,14042.0,Paid,0.0,0e3638ee-a050-46c0-ac57-5e5672302e0e
PAY001760,BOOK001760,2024-11-04,Credit Card,Razorpay,AED,63720.0,Paid,0.0,2bdab268-513a-418e-b54d-5ce860e8e06b
PAY001761,BOOK001761,2025-01-13,Net Banking,Razorpay,EUR,19617.5,Paid,0.0,4368cad3-65d6-41cb-b4a5-f21bf985c37a
PAY001762,BOOK001762,2024-11-15,Wallet,PhonePe,USD,67260.0,Paid,0.0,cef5e4b6-1c0b-4f46-b5e1-905bf7ff00e1
PAY001763,BOOK001763,2026-03-09,Credit Card,Stripe,INR,90270.0,Paid,0.0,2305f7dd-a27e-4093-b6af-9f789572dadf
PAY001764,BOOK001764,2026-01-15,Debit Card,PayPal,GBP,41300.0,Refunded,20199.6,fc3ddd92-43c6-41f4-91a7-33c901382aa3
PAY001765,BOOK001765,2025-04-07,UPI,PayPal,INR,16815.0,Failed,0.0,8abda2a7-a38e-48b9-acb9-0a368aac7802
PAY001766,BOOK001766,2024-12-09,Cash,PayPal,INR,17700.0,Paid,0.0,db68025a-babe-40d8-adac-cfcaefdcb16c
PAY001767,BOOK001767,2026-05-13,Cash,PhonePe,USD,70800.0,Paid,0.0,1fb0441d-b5d5-44f6-8cbf-a532c0ee96c9
PAY001768,BOOK001768,2026-03-13,UPI,Stripe,AED,41300.0,Paid,0.0,0b1e3213-7f63-453f-830a-d7cace75dfd1
PAY001769,BOOK001769,2025-11-16,Net Banking,Stripe,USD,7965.0,Failed,0.0,a355700a-2f27-458c-8246-665377074865
PAY001770,BOOK001770,2025-10-04,Wallet,PayPal,INR,10030.0,Paid,0.0,ab6bf655-da12-4c04-8cd5-678bd4a8e407
PAY001771,BOOK001771,2026-02-03,UPI,Razorpay,SGD,7434.0,Paid,0.0,aabb0ab0-1b30-4330-b297-ea7dce4cd776
PAY001772,BOOK001772,2025-06-19,Wallet,PayPal,SGD,79650.0,Refunded,26453.89,ee6307cd-1a35-4415-a40d-437795587359
PAY001773,BOOK001773,2025-04-19,Net Banking,Razorpay,INR,7965.0,Paid,0.0,23085014-4264-4d42-b591-1fd7ef587e59
PAY001774,BOOK001774,2025-04-07,Wallet,Stripe,EUR,37760.0,Failed,0.0,5fbebae1-452a-4db4-8367-e91ae9c6cdd0
PAY001775,BOOK001775,2025-05-31,Credit Card,Cash,EUR,2802.5,Paid,0.0,9b5d01ca-0d8e-4567-bfe9-794f4bf05b2a
PAY001776,BOOK001776,2025-05-06,Debit Card,Stripe,EUR,47200.0,Paid,0.0,fd7fb800-eb32-40aa-8a3a-182b1a9bf67c
PAY001777,BOOK001777,2025-12-30,Net Banking,PhonePe,EUR,23541.0,Failed,0.0,70ff351c-3b6c-40f5-bc9d-5b3e49e6ef49
PAY001778,BOOK001778,2026-07-30,Debit Card,PhonePe,AED,6608.0,Paid,0.0,9290ddef-d1e8-4fa6-8088-4e51518262b9
PAY001779,BOOK001779,2025-02-12,Cash,Cash,EUR,7080.0,Paid,0.0,f8cc7fa0-00cf-4330-b8a5-e20b6f496feb
PAY001780,BOOK001780,2026-05-22,UPI,Razorpay,AED,17700.0,Paid,0.0,d24811ef-c8c8-44f6-95e6-4e523e7e93a4
PAY001781,BOOK001781,2025-01-12,Net Banking,Razorpay,INR,60180.0,Paid,0.0,f4b4eb50-532a-45e5-9db3-4092586bd0d5
PAY001782,BOOK001782,2026-03-20,UPI,Razorpay,GBP,22420.0,Paid,0.0,f56e0c14-86ad-4739-b7fb-90d1b846d0eb
PAY001783,BOOK001783,2026-07-01,UPI,PhonePe,SGD,40120.0,Paid,0.0,b638f824-ef85-4853-9962-780e1b6ee7d2
PAY001784,BOOK001784,2026-04-26,Wallet,Stripe,AED,75225.0,Paid,0.0,187a80ad-a8b4-4cff-8ccd-1c7da6dd0637
PAY001785,BOOK001785,2026-07-11,Credit Card,PhonePe,EUR,70800.0,Failed,0.0,aadaa1ca-ce51-4599-80f6-d43d932df96f
PAY001786,BOOK001786,2024-09-15,Debit Card,Cash,EUR,56050.0,Paid,0.0,2e3fb6a5-37eb-4c15-a0bb-ac049056082e
PAY001787,BOOK001787,2025-12-20,UPI,Cash,AED,16520.0,Paid,0.0,6a21e141-0109-46ba-80df-1456506f4c57
PAY001788,BOOK001788,2025-07-11,Cash,Stripe,GBP,35105.0,Paid,0.0,f8b336fd-5183-4675-8f22-116286fac4d5
PAY001789,BOOK001789,2025-06-30,Debit Card,Cash,GBP,52038.0,Paid,0.0,2e52c309-8e9f-4ba4-903b-a432c49e013f
PAY001790,BOOK001790,2025-02-04,Credit Card,Razorpay,INR,11800.0,Paid,0.0,8d1cc407-0035-41a8-a7cd-afef5d7635bf
PAY001791,BOOK001791,2025-03-24,Cash,PayPal,INR,42480.0,Paid,0.0,bf747727-b82a-45e9-b422-00e4c72a8cb6
PAY001792,BOOK001792,2026-07-24,Wallet,Stripe,USD,7522.5,Paid,0.0,40d44209-199b-4c65-af31-82e7a3eccfbc
PAY001793,BOOK001793,2025-04-29,UPI,Cash,INR,12537.5,Paid,0.0,214fb34b-beea-4345-af83-d001655b7f0d
PAY001794,BOOK001794,2026-01-30,UPI,PhonePe,EUR,44604.0,Paid,0.0,fe972e82-444a-4cd3-91d4-f3f37a57a9b0
PAY001795,BOOK001795,2026-05-03,Wallet,PhonePe,INR,53100.0,Paid,0.0,3ea1c12d-40dd-4b5e-9f6d-4eec474e8104
PAY001796,BOOK001796,2026-05-24,Net Banking,PhonePe,AED,47200.0,Failed,0.0,852e8527-d575-49e4-8b72-17e4d50c234a
PAY001797,BOOK001797,2025-01-11,Net Banking,Cash,USD,39648.0,Paid,0.0,ba7a8168-df9f-4845-93bf-b1ec36894d80
PAY001798,BOOK001798,2025-06-22,Net Banking,Stripe,USD,33630.0,Paid,0.0,0d2b0354-6afa-4b7f-9918-06c19bbbd29f
PAY001799,BOOK001799,2026-01-14,Credit Card,PhonePe,USD,21063.0,Paid,0.0,3eab44f4-b1c2-4e7f-a0d2-b8ddaf86d0aa
PAY001800,BOOK001800,2025-10-25,Credit Card,PhonePe,,22420.0,Paid,0.0,fd3ec23a-a32f-47f9-984f-5fa12c46edb9
PAY001801,BOOK001801,2025-10-26,Wallet,Stripe,GBP,21063.0,Paid,0.0,58509a86-cdb2-432b-b23d-036415caead2
PAY001802,BOOK001802,2025-08-16,UPI,Stripe,USD,11800.0,Paid,0.0,44f615ad-bc77-428e-9569-86457da71f60
PAY001803,BOOK001803,2026-06-16,Credit Card,Stripe,SGD,46256.0,Paid,0.0,f3255a3b-eb80-466e-b8b4-8bf806ed9005
PAY001804,BOOK001804,2026-01-27,Net Banking,Razorpay,AED,19617.5,Paid,0.0,5ebb0e7a-516e-4384-bfaf-55b66f736551
PAY001805,BOOK001805,2025-02-15,UPI,PayPal,USD,75225.0,Paid,0.0,b31715cd-4f8a-407e-ac67-677619a622b4
PAY001806,BOOK001806,2025-03-09,Debit Card,PayPal,EUR,37170.0,Paid,0.0,3f3a23e3-eb28-4d7b-9581-2e78b88a0b22
PAY001807,BOOK001807,2026-06-11,Debit Card,Razorpay,EUR,39235.0,Failed,0.0,304416e4-0880-4dac-b1fe-df703b6632c9
PAY001808,BOOK001808,2025-11-11,UPI,PhonePe,SGD,30090.0,Paid,0.0,d1749a83-1d62-46de-9f11-eda0a3ddd826
PAY001809,BOOK001809,2024-11-24,Credit Card,Cash,,7434.0,Paid,0.0,310f6922-fe69-4bb9-b180-312b33a19167
PAY001810,BOOK001810,2025-07-23,UPI,Razorpay,AED,3510.5,Paid,0.0,80397a40-e630-4f15-84bc-4fdd97ce5dbd
PAY001811,BOOK001811,2025-11-23,Net Banking,Stripe,SGD,10531.5,Paid,0.0,99ef2aae-b2de-44c6-b481-c76800d98cfa
PAY001812,BOOK001812,2025-02-02,UPI,Cash,AED,14042.0,Paid,0.0,6e3aa98a-a6fe-4f7e-b72d-aa6c78230059
PAY001813,BOOK001813,2025-11-20,Cash,Stripe,USD,10030.0,Paid,0.0,d71f31c3-14c1-41d3-a969-d155b3189fa9
PAY001814,BOOK001814,2026-06-23,Net Banking,Cash,INR,11210.0,Paid,0.0,7d60ba64-8607-4206-ab23-b031ef1ebc3c
PAY001815,BOOK001815,2026-06-05,Net Banking,Razorpay,INR,3510.5,Paid,0.0,3d7d1092-d519-42f7-a05a-a7602d972723
PAY001816,BOOK001816,2025-12-31,Cash,Stripe,EUR,9440.0,Paid,0.0,dfa506e6-0ee7-4573-b1e9-478e504ef8ad
PAY001817,BOOK001817,2026-07-09,Cash,PhonePe,AED,50445.0,Paid,0.0,17d815f5-5b17-4522-bf47-e16eed6b07bf
PAY001818,BOOK001818,2026-02-09,Debit Card,Cash,EUR,46256.0,Paid,0.0,825f86b4-6445-418b-bc4a-737b21b04ca6
PAY001819,BOOK001819,2025-03-16,Net Banking,PhonePe,SGD,5900.0,Paid,0.0,c51f832e-e0aa-455f-8cf9-0bd094439fb9
PAY001820,BOOK001820,2026-05-12,Cash,PayPal,GBP,31860.0,Paid,0.0,5924537b-f9bb-406d-beff-fc70fcfa95aa
PAY001821,BOOK001821,2025-08-05,Debit Card,Razorpay,USD,17700.0,Paid,0.0,0814f7ae-cd38-4ec5-ae9b-ba908f8966f1
PAY001822,BOOK001822,2025-05-12,Wallet,PhonePe,EUR,11151.0,Paid,0.0,4d316a2b-1d0b-460b-8896-a420f577ab48
PAY001823,BOOK001823,2024-09-09,Cash,PayPal,AED,2950.0,Failed,0.0,ccb36ce0-f3c2-4234-9a7e-fc63ca4f6403
PAY001824,BOOK001824,2024-10-06,Cash,Razorpay,INR,33040.0,Refunded,28678.59,9c7b1a46-f1ae-4613-aabe-ade38fed7de8
PAY001825,BOOK001825,2026-03-28,Credit Card,Stripe,AED,75225.0,Paid,0.0,8e77cc63-36fe-4372-9b50-2c97bea558ee
PAY001826,BOOK001826,2024-09-13,UPI,Razorpay,USD,111510.0,Refunded,102554.76,161753c6-f32b-402a-8394-1e6823e8d8f0
PAY001827,BOOK001827,2024-08-07,Credit Card,Razorpay,EUR,28910.0,Failed,0.0,73762ac0-c8ca-4c26-a430-f71d6f7638df
PAY001828,BOOK001828,2025-08-07,Wallet,PhonePe,AED,4720.0,Paid,0.0,d1f025bb-e94b-4b05-bd67-32e83d05d7df
PAY001829,BOOK001829,2025-03-22,UPI,PayPal,GBP,10620.0,Failed,0.0,e48e7880-1b38-4810-870d-273a586a906e
PAY001830,BOOK001830,2026-04-16,Credit Card,PayPal,SGD,10030.0,Paid,0.0,020b519b-60dd-4b51-a5d6-0526418a61bc
PAY001831,BOOK001831,2025-01-31,Net Banking,PayPal,EUR,28084.0,Paid,0.0,fdcaf3ab-a38d-4c60-91ec-aae0d20c1d92
PAY001832,BOOK001832,2026-04-05,Debit Card,Cash,EUR,63720.0,Paid,0.0,ca0ff216-936c-45f2-a159-a1a8c3540179
PAY001833,BOOK001833,2026-04-09,Net Banking,Stripe,EUR,42480.0,Refunded,29627.65,90bb6a7e-6edd-43ee-b489-8fc5cc6031f0
PAY001834,BOOK001834,2026-03-08,Cash,PayPal,AED,123900.0,Paid,0.0,db9c0ce1-7a9b-4232-9531-1c5eb14d0177
PAY001835,BOOK001835,2025-04-06,Debit Card,Razorpay,USD,13275.0,Refunded,10582.47,154ec1d7-e0ee-4566-8311-c2cf56267c78
PAY001836,BOOK001836,2026-07-04,Cash,Cash,AED,4720.0,Paid,0.0,82036b05-6f00-423c-92fe-5f178b4a887a
PAY001837,BOOK001837,2025-01-08,Wallet,Stripe,GBP,24780.0,Paid,0.0,3749754a-ccfc-46ae-a3a1-6a237eda13fd
PAY001838,BOOK001838,2026-06-13,UPI,Stripe,USD,16815.0,Refunded,6549.53,37c8dca7-d621-426e-b282-c7cfbdff7734
PAY001839,BOOK001839,2024-10-14,Net Banking,Stripe,EUR,2950.0,Paid,0.0,6488c673-d37e-4de9-ac7b-7ebe807ff01d
PAY001840,BOOK001840,2024-10-22,Net Banking,Stripe,GBP,31388.0,Refunded,29252.66,2d34ffba-4955-41ae-833f-03913119e115
PAY001841,BOOK001841,2025-08-21,Credit Card,Razorpay,SGD,31860.0,Paid,0.0,2ea19a36-19d2-4b19-a708-ee66a27cb29d
PAY001842,BOOK001842,2025-05-06,Credit Card,Razorpay,USD,22420.0,Paid,0.0,e4fb53f9-b35e-4296-b007-08e90389c6c2
PAY001843,BOOK001843,2025-08-18,Cash,PayPal,INR,16815.0,Paid,0.0,3a7d2f02-ec54-41b2-8314-f4f52ab4bc09
PAY001844,BOOK001844,2026-01-19,Net Banking,PhonePe,AED,14042.0,Paid,0.0,60dc9028-8417-4652-abdc-d5b31909339a
PAY001845,BOOK001845,2025-11-29,Net Banking,PayPal,INR,47200.0,Refunded,38318.68,684144b9-5b71-450e-8b67-ba54849bba4e
PAY001846,BOOK001846,2024-11-14,Credit Card,Stripe,EUR,24780.0,Paid,0.0,6304f65b-2db2-4681-96ad-fa1074c054c6
PAY001847,BOOK001847,2024-09-25,Debit Card,Cash,AED,19617.5,Paid,0.0,2991041b-34b6-44ed-8d95-3a0c782a3ee2
PAY001848,BOOK001848,2026-04-17,Credit Card,Razorpay,GBP,5900.0,Refunded,3831.76,6144aa65-d8ab-4221-a57c-5d77d1408c31
PAY001849,BOOK001849,2025-11-30,UPI,PayPal,USD,3923.5,Paid,0.0,8c4aa6b9-d07c-4fdc-9874-39a815b0a776
PAY001850,BOOK001850,2026-06-05,Net Banking,Stripe,INR,12537.5,Refunded,4874.55,8db35f5e-3f23-4aba-a667-121281154346
PAY001851,BOOK001851,2025-05-12,Debit Card,Cash,EUR,2360.0,Paid,0.0,e60ef6f2-eaf1-474f-bf4b-14c92adfec6e
PAY001852,BOOK001852,2026-04-07,UPI,PayPal,EUR,45135.0,Paid,0.0,bde43ff9-8b77-4345-9d04-bdc6553cc314
PAY001853,BOOK001853,2024-12-25,UPI,PayPal,GBP,74340.0,Paid,0.0,5d91f57a-ca17-4e17-8c92-bb8a5fb70a8d
PAY001854,BOOK001854,2025-07-12,Debit Card,PhonePe,EUR,17700.0,Failed,0.0,1ae868d2-bbc9-4e04-8873-06930d5601fa
PAY001855,BOOK001855,2025-01-12,Net Banking,PhonePe,GBP,7522.5,Paid,0.0,c8f8fbd6-721f-4c58-85d4-e6cfe253dd83
PAY001856,BOOK001856,2025-09-12,UPI,PayPal,EUR,35105.0,Paid,0.0,4bb1c4fd-4501-4bfb-bd0c-facfb63999c6
PAY001857,BOOK001857,2025-10-03,Net Banking,Stripe,EUR,15045.0,Refunded,14612.98,c8d3a3c5-affd-433a-9e40-c090b8b97f4a
PAY001858,BOOK001858,2026-02-26,Debit Card,PhonePe,SGD,29500.0,Paid,0.0,2d3d30ae-a2b0-46ed-adf0-9b3541d2939e
PAY001859,BOOK001859,2026-03-31,UPI,PayPal,USD,14160.0,Paid,0.0,0c69f435-e531-422c-b727-e6b7bb8b0577
PAY001860,BOOK001860,2024-10-17,Debit Card,Cash,EUR,4720.0,Failed,0.0,d807653a-3b0f-4301-87aa-038a957f70b7
PAY001861,BOOK001861,2025-02-22,Debit Card,PhonePe,USD,15045.0,Paid,0.0,4241e313-2b60-4939-8b1b-21163c1be6ab
PAY001862,BOOK001862,2026-01-01,Debit Card,PayPal,INR,20650.0,Paid,0.0,da4dcbdd-186a-4826-8c8c-c546311dc858
PAY001863,BOOK001863,2026-07-18,Cash,PayPal,SGD,7847.0,Paid,0.0,b9a7acf1-b14e-4128-baf8-e04dfbdc9b0f
PAY001864,BOOK001864,2025-05-29,Cash,Stripe,EUR,19617.5,Refunded,7513.19,3d4ef388-2342-4c77-8de9-8cbf3acbc684
PAY001865,BOOK001865,2026-01-19,Cash,PhonePe,USD,25075.0,Paid,0.0,55441d34-853c-4f39-af7d-c91f76c134e4
PAY001866,BOOK001866,2026-02-07,Credit Card,Razorpay,SGD,20060.0,Paid,0.0,9d6bade4-36a7-46b9-91b3-7eb4a60e8276
PAY001867,BOOK001867,2026-04-13,Net Banking,PhonePe,USD,40120.0,Paid,0.0,b0d6af57-6750-437f-be0b-ff9e0606cf9f
PAY001868,BOOK001868,2025-03-13,Cash,Razorpay,EUR,23600.0,Failed,0.0,1c1cebc6-278d-46cb-a56f-80652f2e8a75
PAY001869,BOOK001869,2025-10-27,Wallet,Cash,EUR,4720.0,Paid,0.0,5a51582b-e74d-4bb4-af53-a51741f9665f
PAY001870,BOOK001870,2024-09-12,UPI,Razorpay,EUR,2950.0,Paid,0.0,6fc2f291-ae76-47d0-af0a-19e4d7ddd48a
PAY001871,BOOK001871,2026-05-12,Net Banking,PhonePe,USD,50445.0,Paid,0.0,73849ef5-66c9-4590-9334-f7130e3fbbfe
PAY001872,BOOK001872,2025-05-09,Wallet,Razorpay,USD,50445.0,Paid,0.0,07083a6e-f1ff-45a0-84d8-b70b90e4500c
PAY001873,BOOK001873,2025-03-20,Wallet,PhonePe,AED,15930.0,Paid,0.0,c2cbeb29-fabf-4290-a228-18c5d9fb2a27
PAY001874,BOOK001874,2025-04-26,Cash,Razorpay,GBP,13216.0,Paid,0.0,dac60dbe-d431-4ca0-8813-f8fa9117ffc6
PAY001875,BOOK001875,2025-04-08,Credit Card,Cash,EUR,31388.0,Paid,0.0,22956722-257b-44ff-b09c-465768da8483
PAY001876,BOOK001876,2025-05-15,Debit Card,PhonePe,AED,28084.0,Paid,0.0,21a899c1-e71f-4fd8-84a8-b4aee137c150
PAY001877,BOOK001877,2025-06-19,Credit Card,Razorpay,EUR,23541.0,Paid,0.0,e85f5e5a-ab9c-4177-ad0d-1b85d4a21a3f
PAY001878,BOOK001878,2024-12-17,Wallet,Stripe,INR,42126.0,Paid,0.0,02d8b55f-5c4a-4f6d-bcc7-033f5e2a2451
PAY001879,BOOK001879,2024-08-23,UPI,Razorpay,SGD,33630.0,Failed,0.0,7895b8f4-afeb-42c7-bd1d-452b790f72dc
PAY001880,BOOK001880,2025-06-16,Cash,PhonePe,EUR,25075.0,Refunded,8397.99,2da8b943-5bb6-42da-82d2-b550cc3ce140
PAY001881,BOOK001881,2025-07-24,Wallet,PayPal,GBP,23600.0,Paid,0.0,22e73053-07e6-48bb-9e68-0e6ac83f1d0e
PAY001882,BOOK001882,2026-07-01,Wallet,Razorpay,AED,14042.0,Paid,0.0,12995d10-a634-4d5a-bf19-20b710538149
PAY001883,BOOK001883,2025-04-27,Cash,PayPal,INR,50445.0,Refunded,46634.85,9b2bbd00-9a99-48d4-b57f-57edd7c00fcf
PAY001884,BOOK001884,2026-06-16,Debit Card,Razorpay,SGD,49147.0,Paid,0.0,af3e885c-4b66-4211-9ad5-7119021f4d1c
PAY001885,BOOK001885,2025-03-28,UPI,Stripe,SGD,4130.0,Paid,0.0,56b26018-c047-4bfb-9355-6df40db7b739
PAY001886,BOOK001886,2025-05-29,Credit Card,PhonePe,AED,11210.0,Paid,0.0,ead6d47a-c906-4fae-b959-5c7068949463
PAY001887,BOOK001887,2025-06-04,Credit Card,PhonePe,AED,70210.0,Paid,0.0,cfdd9af5-2ea5-4628-a4a7-991be4e71421
PAY001888,BOOK001888,2024-10-13,Net Banking,PayPal,AED,5310.0,Paid,0.0,87e3b8f9-4706-4141-ae19-99083f970876
PAY001889,BOOK001889,2025-09-26,Cash,Razorpay,SGD,7021.0,Paid,0.0,687757d8-56be-4c85-b25d-5e7b6a42cc53
PAY001890,BOOK001890,2025-08-15,UPI,Cash,EUR,23600.0,Paid,0.0,54a08250-fd00-4fd5-b847-cd283a5095c2
PAY001891,BOOK001891,2024-12-26,Net Banking,Razorpay,EUR,78470.0,Paid,0.0,82353807-07d1-4dbd-9691-ee20ab6eac37
PAY001892,BOOK001892,2024-12-11,Debit Card,Razorpay,INR,5310.0,Paid,0.0,4a9a227d-f351-4d83-872e-54151263d485
PAY001893,BOOK001893,2026-01-26,Debit Card,Razorpay,EUR,21063.0,Refunded,6125.9,4fbf02ce-14b6-4b4c-92d1-93de1ceed29d
PAY001894,BOOK001894,2026-04-27,Debit Card,PhonePe,INR,14160.0,Refunded,7666.01,ef0fd144-76b9-4623-9a38-c3908a56fd9c
PAY001895,BOOK001895,2025-10-02,Cash,PhonePe,USD,52038.0,Failed,0.0,55d26a35-2a85-4ff3-9c0d-47532cfc62ff
PAY001896,BOOK001896,2026-02-06,Net Banking,PhonePe,GBP,13275.0,Paid,0.0,df64961b-2262-4c8f-acee-f395d7916400
PAY001897,BOOK001897,2026-05-10,Debit Card,PhonePe,AED,16520.0,Paid,0.0,9a1f63c2-6c3e-47b0-a8c4-a9f25fdbb4bd
PAY001898,BOOK001898,2025-12-26,Cash,PayPal,EUR,11210.0,Paid,0.0,d9cfdd75-bb11-4908-b39e-868d71acca2a
PAY001899,BOOK001899,2025-05-25,Cash,PayPal,GBP,18880.0,Paid,0.0,52049785-ebde-417c-98d6-690a7b155b73
PAY001900,BOOK001900,2026-04-23,Cash,Cash,AED,14868.0,Paid,0.0,5c8a597e-a683-477d-8d8d-85a28bffaf3d
PAY001901,BOOK001901,2026-02-23,Credit Card,Cash,USD,33040.0,Paid,0.0,94ce55a5-149d-4c5d-ac4d-c3d882b4a502
PAY001902,BOOK001902,2026-05-21,Credit Card,PayPal,SGD,15930.0,Paid,0.0,2d740103-0bdb-4627-821f-01fdc77be5b6
PAY001903,BOOK001903,2026-02-02,Wallet,PhonePe,SGD,28910.0,Paid,0.0,0b49ea0c-e6a2-44f9-9766-a50af515e9b8
PAY001904,BOOK001904,2026-06-09,Debit Card,PhonePe,SGD,5015.0,Paid,0.0,789cc524-35a6-4536-92c2-62d040677d09
PAY001905,BOOK001905,2026-03-18,Debit Card,Cash,INR,35105.0,Paid,0.0,60b78a30-fed5-4625-8ee9-e87da2d62482
PAY001906,BOOK001906,2025-12-07,Cash,,SGD,50150.0,Paid,0.0,94bb1ba3-ccd7-422c-8b5e-29a19e66749f
PAY001907,BOOK001907,2026-07-02,Net Banking,Stripe,INR,17700.0,Paid,0.0,131c8c07-6565-49bc-986c-625ea53a49a9
PAY001908,BOOK001908,2026-06-16,Credit Card,Stripe,USD,2950.0,Paid,0.0,4eabaabd-f1cc-437f-90d8-0beb63e145d2
PAY001909,BOOK001909,2025-09-14,Net Banking,PhonePe,GBP,18585.0,Paid,0.0,1dbd2aeb-1480-4e9f-b4ab-dda3faa9afad
PAY001910,BOOK001910,2025-10-08,Credit Card,Razorpay,AED,22420.0,Paid,0.0,5cbfb3b6-13c4-4fbe-819e-288aa2bf6109
PAY001911,BOOK001911,2026-01-26,Net Banking,Razorpay,GBP,20060.0,Paid,0.0,59cfffce-8e98-4cd5-9bbc-59f7e4d1d063
PAY001912,BOOK001912,2025-07-28,Net Banking,PayPal,EUR,20060.0,Paid,0.0,2bb679b8-7b5e-4154-8fcc-3ce29feace2b
PAY001913,BOOK001913,2026-05-20,Net Banking,Cash,AED,19824.0,Paid,0.0,450abfa7-24de-43d3-b14c-e51258f01e9f
PAY001914,BOOK001914,2025-01-03,Cash,Razorpay,INR,66080.0,Paid,0.0,56e6f704-bb8c-4099-b3c6-725b070a2f66
PAY001915,BOOK001915,2026-06-27,Wallet,PhonePe,GBP,106200.0,Paid,0.0,01d6cb11-8173-48aa-905f-88df3c5dc6ef
PAY001916,BOOK001916,2026-03-16,Wallet,PhonePe,INR,21063.0,Paid,0.0,8d7890af-2431-400a-83e7-b264085d8ce2
PAY001917,BOOK001917,2025-10-08,Net Banking,PhonePe,USD,31860.0,Paid,0.0,af6d463a-ae13-44ce-86aa-236bcbf66360
PAY001918,BOOK001918,2026-07-29,Net Banking,Razorpay,INR,20650.0,Paid,0.0,40a6cc1c-13d3-4b29-bf3a-923ffae67a72
PAY001919,BOOK001919,2024-11-15,UPI,PayPal,GBP,117705.0,Paid,0.0,443d67c0-8ad0-47b3-b020-08543bb488fb
PAY001920,BOOK001920,2024-12-21,Credit Card,PayPal,AED,20060.0,Paid,0.0,cf7bc33c-cd23-4c20-8070-ba00725736ab
PAY001921,BOOK001921,2026-02-11,Wallet,Razorpay,GBP,9440.0,Refunded,6210.82,49a9abdf-12b8-4939-b0af-a1d338bfaea1
PAY001922,BOOK001922,2026-04-17,UPI,PayPal,INR,84960.0,Paid,0.0,ee7c94f6-48cc-4946-a3f7-421ca182632e
PAY001923,BOOK001923,2025-04-25,UPI,Cash,GBP,75225.0,Paid,0.0,2a348d80-edb6-4429-87fb-dae430e91912
PAY001924,BOOK001924,2024-08-12,Credit Card,Stripe,USD,19617.5,Paid,0.0,e3fc7fbf-0fa9-4d11-b2e1-451041380a53
PAY001925,BOOK001925,2025-05-25,Net Banking,Stripe,AED,12537.5,Paid,0.0,77c3e391-1f88-4962-96be-2f1f04ed3d3b
PAY001926,BOOK001926,2025-11-16,Wallet,Cash,USD,28320.0,Paid,0.0,1a7632d4-ac3c-4e2d-92d0-15186e0b63c0
PAY001927,BOOK001927,2024-09-04,Credit Card,PayPal,SGD,33630.0,Refunded,24239.47,fbacdfb7-77ea-4590-a36c-ffbc9a6077c8
PAY001928,BOOK001928,2025-12-14,Credit Card,Stripe,INR,8407.5,Paid,0.0,aea43ef4-f783-479a-964a-3e793a8467e9
PAY001929,BOOK001929,2026-07-27,UPI,PhonePe,EUR,16520.0,Paid,0.0,2837fad8-987e-4bbc-9df2-72865d29a7d8
PAY001930,BOOK001930,2025-02-06,UPI,Cash,AED,90270.0,Paid,0.0,2acbdd1e-e1e8-406b-9154-8a9e101b5eae
PAY001931,BOOK001931,2025-12-02,UPI,PayPal,AED,35105.0,Paid,0.0,cb7bf4f9-94a0-44ef-9753-56f61deb5809
PAY001932,BOOK001932,2024-12-19,Cash,Razorpay,SGD,105315.0,Paid,0.0,cd7545f5-f41c-4acb-a248-4682c33a8504
PAY001933,BOOK001933,2024-12-03,Cash,Cash,AED,35400.0,Paid,0.0,e9fca42a-e2f3-4c5d-8322-a0ab5679342f
PAY001934,BOOK001934,2025-02-16,Wallet,Cash,AED,63720.0,Paid,0.0,cfe4ef59-9290-408c-a552-a86c2976dcc2
PAY001935,BOOK001935,2025-06-21,UPI,PhonePe,AED,15045.0,Paid,0.0,be34076a-9a6f-4da5-8957-449d755f641f
PAY001936,BOOK001936,2025-03-14,Net Banking,Cash,INR,39235.0,Paid,0.0,050c4c56-e050-42fa-a3f8-aa5d34591804
PAY001937,BOOK001937,2025-01-23,Wallet,PayPal,INR,17700.0,Paid,0.0,d062a172-735a-4fc0-abed-857595fda349
PAY001938,BOOK001938,2025-08-10,Wallet,Stripe,SGD,5605.0,Paid,0.0,8900fd8b-67bb-4cea-a34f-273012b5a00c
PAY001939,BOOK001939,2025-08-23,Net Banking,Razorpay,AED,88500.0,Paid,0.0,f9e1a5b6-aa61-4c6a-88d3-8c803396fd30
PAY001940,BOOK001940,2024-10-27,Net Banking,PayPal,EUR,66080.0,Refunded,52052.7,61eedd60-a97e-48f5-95ce-14f4ed27c592
PAY001941,BOOK001941,2026-05-16,Wallet,Cash,GBP,14012.5,Paid,0.0,00ebe1b7-8e1c-4f69-a93e-17ba8af45a12
PAY001942,BOOK001942,2024-10-24,Debit Card,Cash,AED,11800.0,Failed,0.0,3bebb93b-62c0-4e3f-a918-c330d82153db
PAY001943,BOOK001943,2024-12-29,Cash,Stripe,SGD,28320.0,Paid,0.0,6dbce9b6-21aa-4f18-83e6-b75e9bae45d1
PAY001944,BOOK001944,2026-06-07,Cash,Stripe,INR,5310.0,Paid,0.0,a85c2e68-fb5f-4a29-ae6e-e62f1fe592ca
PAY001945,BOOK001945,2025-08-15,UPI,Razorpay,GBP,15694.0,Paid,0.0,3d9289bb-fb3c-495e-8a6b-542bca815452
PAY001946,BOOK001946,2025-05-29,Debit Card,PhonePe,INR,27464.5,Paid,0.0,4f2cb702-ad75-4843-8603-e00e1adaa199
PAY001947,BOOK001947,2025-07-09,Cash,Razorpay,SGD,15930.0,Paid,0.0,2f6cfaa9-0845-4023-9d32-adad42e95182
PAY001948,BOOK001948,2025-08-01,UPI,PhonePe,GBP,26432.0,Paid,0.0,20da394a-e0ec-462c-bfbd-43b66401c20b
PAY001949,BOOK001949,2025-04-11,UPI,PayPal,SGD,7021.0,Paid,0.0,342ef182-92d8-498c-8f49-7d718c9a1ee1
PAY001950,BOOK001950,2026-04-18,Debit Card,Stripe,USD,18880.0,Failed,0.0,c458058e-778c-49c2-9b3e-c821c25efd66
PAY001951,BOOK001951,2026-02-23,Credit Card,PhonePe,USD,15694.0,Paid,0.0,0151f5cb-c507-4019-a1b1-6370589266dd
PAY001952,BOOK001952,2024-08-28,UPI,PhonePe,SGD,14042.0,Paid,0.0,723d6e76-6614-4b7e-a5e2-bd7283ea2622
PAY001953,BOOK001953,2026-06-11,Credit Card,Razorpay,AED,49147.0,Paid,0.0,52d9a006-f330-4b45-9e48-1c67768c6a64
PAY001954,BOOK001954,2024-12-10,Wallet,PayPal,EUR,67260.0,Paid,0.0,c9aba59d-4c6c-4f55-b909-1999997fb61c
PAY001955,BOOK001955,2024-09-20,Wallet,PayPal,EUR,10531.5,Paid,0.0,e507ec35-9751-4191-9f0e-f1cb9f776159
PAY001956,BOOK001956,2025-08-30,Cash,Stripe,INR,11210.0,Refunded,5980.26,cb63282f-548b-44c4-9bf8-595bab5e3773
PAY001957,BOOK001957,2025-08-15,UPI,PhonePe,GBP,16520.0,Paid,0.0,76679beb-c8af-4921-a40f-5ffb254a96fc
PAY001958,BOOK001958,2024-09-09,Cash,Razorpay,AED,30090.0,Paid,0.0,a07c4b01-9760-49e6-a284-33a7c64f3393
PAY001959,BOOK001959,2025-03-18,Cash,Cash,GBP,4130.0,Paid,0.0,9aed25b4-4bac-44f9-a5a2-581539f1086c
PAY001960,BOOK001960,2026-01-09,UPI,PhonePe,GBP,111510.0,Paid,0.0,f191c651-99df-4db0-be74-a1a20a468b80
PAY001961,BOOK001961,2026-01-13,Credit Card,Cash,USD,7434.0,Refunded,6611.05,e7aa4428-cca9-4c25-9e84-b77b8a1e0191
PAY001962,BOOK001962,2024-11-20,Wallet,Stripe,INR,57820.0,Paid,0.0,94af5903-a782-45d4-a995-474d70e45d76
PAY001963,BOOK001963,2025-06-15,Credit Card,PhonePe,INR,37170.0,Paid,0.0,a41bccf7-134e-4910-a516-6f24f4da8da3
PAY001964,BOOK001964,2026-07-25,Cash,Cash,SGD,5015.0,Paid,0.0,3b85919b-9f7d-48c7-9929-481ff526d931
PAY001965,BOOK001965,2025-04-12,Cash,PhonePe,INR,42126.0,Paid,0.0,ea5c1364-b6d1-4579-aa83-7d9e217e13e8
PAY001966,BOOK001966,2025-05-11,UPI,Stripe,SGD,14160.0,Paid,0.0,885db2f7-bf42-4451-944d-29614e6d74fd
PAY001967,BOOK001967,2026-01-25,Cash,Razorpay,INR,67260.0,Refunded,40121.84,9ee711a5-9d11-4ede-a867-255cfee7f3b1
PAY001968,BOOK001968,2025-08-04,Net Banking,Razorpay,EUR,53100.0,Paid,0.0,dd4a1e44-9574-4969-86fd-a47adef70825
PAY001969,BOOK001969,2026-05-26,Wallet,PayPal,AED,10620.0,Paid,0.0,6d4eaf17-fd0e-4df3-a073-d2727306a29f
PAY001970,BOOK001970,2024-12-12,Debit Card,PhonePe,USD,15045.0,Paid,0.0,7edb626b-575c-4767-bb4e-03231df85574
PAY001971,BOOK001971,2025-08-20,Cash,Razorpay,USD,18880.0,Refunded,15396.45,916ed1e5-f879-4fa6-b1af-c9bff70a012d
PAY001972,BOOK001972,2025-01-22,UPI,Stripe,INR,10030.0,Paid,0.0,01387d1c-643a-4fe0-952f-5f0ed9dec197
PAY001973,BOOK001973,2025-07-18,Wallet,Cash,USD,42480.0,Paid,0.0,99da8806-d66e-407d-829b-c806e6bea24f
PAY001974,BOOK001974,2026-01-20,Debit Card,PhonePe,SGD,106200.0,Failed,0.0,35c3e9b4-d738-4e47-aa8d-a96a625e96c3
PAY001975,BOOK001975,2026-07-24,Debit Card,Stripe,USD,41300.0,Paid,0.0,f53a6668-b308-435f-8dae-3a14228086d2
PAY001976,BOOK001976,2025-10-15,Cash,PayPal,INR,33630.0,Paid,0.0,7b8bd92b-e159-46e6-9056-293afe886141
PAY001977,BOOK001977,2026-04-08,Wallet,PhonePe,SGD,11800.0,Paid,0.0,b2138747-647e-4073-a72e-938d18ad6c8b
PAY001978,BOOK001978,2025-12-19,Cash,Stripe,SGD,67260.0,Paid,0.0,07388860-1e61-46a0-ab64-0842aca8ba3f
PAY001979,BOOK001979,2025-09-13,Wallet,Stripe,INR,15045.0,Refunded,14972.66,963fffb4-f3f5-4047-b4b9-f55230899024
PAY001980,BOOK001980,2026-01-31,Cash,Razorpay,USD,28320.0,Paid,0.0,c388694a-32d2-48c5-8f1e-a22dbdfd4ab4
PAY001981,BOOK001981,2025-06-28,Cash,Cash,USD,59000.0,Paid,0.0,8eeeb840-ca44-4ba3-9560-514bb272a794
PAY001982,BOOK001982,2025-04-07,Debit Card,Cash,AED,7434.0,Paid,0.0,8cbf5019-c8a1-4849-9b5c-df704a2c22d8
PAY001983,BOOK001983,2024-11-08,Cash,PayPal,INR,12537.5,Paid,0.0,40e9f710-01f9-41e2-bc7d-9e2327545f22
PAY001984,BOOK001984,2024-08-16,Debit Card,Razorpay,USD,14042.0,Paid,0.0,249024ab-646a-4281-9334-0b690c47e321
PAY001985,BOOK001985,2026-05-24,Net Banking,Cash,EUR,2655.0,Paid,0.0,a1c883f9-0c1b-4d9e-b4c3-4162b9fecccc
PAY001986,BOOK001986,2026-06-03,Debit Card,Cash,USD,13216.0,Paid,0.0,e48fc34c-52f2-4b30-b918-75b21459b4d2
PAY001987,BOOK001987,2025-09-21,Cash,PayPal,EUR,15045.0,Paid,0.0,77589d5b-1348-4966-83ec-74aa6511b77e
PAY001988,BOOK001988,2025-11-14,Credit Card,Cash,SGD,79650.0,Paid,0.0,315a5bd0-af8e-4fc0-83b2-ac2a36852b28
PAY001989,BOOK001989,2025-04-07,Wallet,Stripe,SGD,30090.0,Paid,0.0,dd8a77ba-7e9c-4c8f-bad3-0e4f748030c1
PAY001990,BOOK001990,2025-01-25,Net Banking,Stripe,INR,18585.0,Paid,0.0,2fd66710-07c2-4531-8c9b-a76f6d403a43
PAY001991,BOOK001991,2025-03-21,Cash,Stripe,USD,2360.0,Paid,0.0,56c38e47-7178-463e-8875-72af027fc6d5
PAY001992,BOOK001992,2026-06-11,UPI,Razorpay,INR,60180.0,Paid,0.0,fb4d7c4f-0682-4c4f-9fc4-e122e5fd03bc
PAY001993,BOOK001993,2025-09-17,Wallet,Stripe,GBP,14042.0,Paid,0.0,72a2eda8-c6a6-4504-8516-2689bf95da1c
PAY001994,BOOK001994,2024-10-04,Debit Card,Stripe,EUR,18585.0,Paid,0.0,0b865772-8313-4197-82e5-4d0af7722335
PAY001995,BOOK001995,2024-09-02,UPI,PayPal,USD,56640.0,Paid,0.0,4aca9614-ebb8-4cd7-8d1c-5bfa1f1d0dd2
PAY001996,BOOK001996,2026-06-09,Cash,Stripe,AED,79650.0,Paid,0.0,73aaef58-dc1e-459e-9a23-b93efd09c70c
PAY001997,BOOK001997,2025-04-06,Net Banking,PhonePe,AED,20060.0,Paid,0.0,38eb46c0-3e5f-4fdf-b7f6-bf9d499fd0e3
PAY001998,BOOK001998,2025-01-22,Cash,PayPal,GBP,35400.0,Paid,0.0,c1e77ce2-1610-4a29-9f52-e1929041ca73
PAY001999,BOOK001999,2026-02-02,Wallet,Cash,AED,45135.0,Paid,0.0,ebf7d44e-551c-43ad-9c2f-b4fd10cfa3a7
PAY002000,BOOK002000,2026-04-06,UPI,PayPal,EUR,7522.5,Paid,0.0,e3e7d93a-63dc-4ef6-9a40-9652ab83acd6
PAY002001,BOOK002001,2026-04-28,Cash,PhonePe,SGD,18880.0,Refunded,7305.91,9016aff9-99b1-48b8-b16d-0e247c1c23a1
PAY002002,BOOK002002,2024-10-21,Net Banking,Cash,INR,59000.0,Paid,0.0,567f0b90-4cfe-4493-9d03-f95730d7f5b5
PAY002003,BOOK002003,2025-09-13,Cash,Cash,EUR,70210.0,Paid,0.0,4f61f7df-9de9-42f2-b7a9-92979d6146dc
PAY002004,BOOK002004,2024-08-29,UPI,Stripe,EUR,19617.5,Paid,0.0,d3807ffc-60ef-441b-b1c9-41e6e64aff06
PAY002005,BOOK002005,2025-04-20,Debit Card,Razorpay,AED,15930.0,Paid,0.0,3bd28e62-7a9a-4acd-a98b-cb07d8e5af6e
PAY002006,BOOK002006,2026-07-31,Credit Card,Razorpay,USD,28084.0,Paid,0.0,15a07f36-0443-4e65-ac4e-bcfb209b79de
PAY002007,BOOK002007,2026-01-09,Wallet,Cash,AED,5605.0,Paid,0.0,5b348983-6010-48b7-bd39-87f5390db9fc
PAY002008,BOOK002008,2024-08-14,Wallet,Stripe,INR,84075.0,Paid,0.0,2ae2fae3-2e75-4a76-b026-152b9ad11b37
PAY002009,BOOK002009,2026-07-30,Wallet,PhonePe,EUR,21063.0,Paid,0.0,23d28dea-ea02-4a9d-8410-89843863cd48
PAY002010,BOOK002010,2025-03-27,Wallet,PayPal,EUR,70800.0,Paid,0.0,8f490c5b-c66f-42b7-a6af-fe8c5fb67a7f
PAY002011,BOOK002011,2026-07-23,Credit Card,PayPal,SGD,23600.0,Paid,0.0,afca2871-6aa3-494c-a441-83f72c894c8d
PAY002012,BOOK002012,2025-06-04,Cash,PayPal,EUR,19824.0,Paid,0.0,b3a9befd-3fb3-4262-b571-6c738e0b6631
PAY002013,BOOK002013,2025-09-24,Cash,PayPal,AED,56050.0,Paid,0.0,1ad23263-6ae1-4329-9fa8-238d2718ab2d
PAY002014,BOOK002014,2024-08-30,Credit Card,Razorpay,INR,23600.0,Paid,0.0,601a6341-ae31-4d5e-bc2f-ce399569bbbc
PAY002015,BOOK002015,2025-10-05,Net Banking,PhonePe,GBP,18880.0,Paid,0.0,769b46f3-2e53-46b7-a433-ce2ad6376905
PAY002016,BOOK002016,2025-04-07,Cash,PayPal,INR,14160.0,Paid,0.0,385e0f1c-8b13-4beb-9082-8ce7cdbdafff
PAY002017,BOOK002017,2025-07-01,Cash,PhonePe,SGD,35105.0,Failed,0.0,c8166ac8-9a39-41e9-be38-5953a8130975
PAY002018,BOOK002018,2025-07-25,Net Banking,Cash,USD,14160.0,Paid,0.0,1d32144d-68d8-4142-b0c6-a67967ec3b67
PAY002019,BOOK002019,2024-12-31,UPI,Stripe,GBP,5900.0,Paid,0.0,e9b3e865-d54d-4b39-b8fb-3d730df52598
PAY002020,BOOK002020,2024-10-15,Wallet,Cash,GBP,10030.0,Paid,0.0,5a8dfeec-7929-4799-b4e5-c45a1048927f
PAY002021,BOOK002021,2025-10-07,UPI,PayPal,GBP,5900.0,Paid,0.0,25a91678-1940-40d7-a505-94e9fc2b5fec
PAY002022,BOOK002022,2025-03-05,Wallet,PayPal,INR,14042.0,Paid,0.0,bcf6a3df-b50b-4e5c-b8a4-747cc25dd703
PAY002023,BOOK002023,2025-06-04,Net Banking,Razorpay,GBP,14012.5,Paid,0.0,f455cf4f-1baa-475e-b97f-92a794076cf9
PAY002024,BOOK002024,2025-11-21,Wallet,PhonePe,INR,23128.0,Refunded,10888.4,24bbca31-32ed-4e79-9504-6875be36eebd
PAY002025,BOOK002025,2025-03-04,UPI,PayPal,SGD,12390.0,Paid,0.0,a0fd0a5d-d431-4f94-90d6-3d58077e3529
PAY002026,BOOK002026,2025-02-24,Net Banking,Razorpay,EUR,17700.0,Paid,0.0,e66f0418-c66e-4bc7-ab08-34b983399e1c
PAY002027,BOOK002027,2024-11-02,Wallet,PayPal,EUR,82600.0,Paid,0.0,70772ed0-ae3c-4858-b511-6c82192cb6c4
PAY002028,BOOK002028,2026-01-07,Net Banking,PayPal,EUR,42480.0,Failed,0.0,97b4b04b-8658-4fdd-8c8b-fc39d731714e
PAY002029,BOOK002029,2024-09-13,Net Banking,Stripe,AED,70800.0,Refunded,70582.6,2bb56a86-d755-467c-8330-ae7e45d5ad11
PAY002030,BOOK002030,2025-05-31,Net Banking,Razorpay,INR,4720.0,Failed,0.0,ff6db10c-6576-4ab7-bbe3-15e63a4e232d
PAY002031,BOOK002031,2025-05-18,Credit Card,Razorpay,SGD,13216.0,Paid,0.0,dd54d1f6-8f58-41dd-99f6-8731588cde7e
PAY002032,BOOK002032,2025-09-19,Debit Card,PhonePe,EUR,7434.0,Paid,0.0,f4ba2897-7272-41b5-a309-662caef37832
PAY002033,BOOK002033,2026-02-22,Net Banking,PhonePe,USD,26432.0,Paid,0.0,5bf28a5a-4ed7-43f0-98b3-5cf4ed8a1722
PAY002034,BOOK002034,2025-09-02,Wallet,Razorpay,INR,33040.0,Paid,0.0,08b8f4e2-0366-4663-b4f1-59401b3f0e0c
PAY002035,BOOK002035,2024-10-17,Debit Card,Cash,AED,5900.0,Paid,0.0,9c3afe03-d569-4260-8e62-16af9eb12072
PAY002036,BOOK002036,2025-06-18,Net Banking,PayPal,USD,41300.0,Paid,0.0,8bf587a5-111f-48c2-ad71-70f8b3be1468
PAY002037,BOOK002037,2025-08-20,Net Banking,Razorpay,SGD,6608.0,Paid,0.0,209ea576-ffb4-43f8-b929-f16a11b5a9e1
PAY002038,BOOK002038,2025-10-31,Wallet,Cash,EUR,15930.0,Paid,0.0,400538d3-5dc2-4090-87bc-a7c1d4393c76
PAY002039,BOOK002039,2025-04-19,Net Banking,Cash,INR,39235.0,Paid,0.0,baac7362-45c0-48bf-992f-236b0bbd0776
PAY002040,BOOK002040,2024-08-02,Credit Card,PhonePe,INR,35400.0,Paid,0.0,f94e9df1-09ed-45c4-84a7-ad575c989753
PAY002041,BOOK002041,2025-06-01,Credit Card,PhonePe,EUR,17700.0,Paid,0.0,8e660256-22e7-40f7-8842-c0a49b36939f
PAY002042,BOOK002042,2024-12-20,Debit Card,Cash,AED,28320.0,Paid,0.0,ddaf1909-9fc4-49be-9035-1172a09b802a
PAY002043,BOOK002043,2024-11-28,Debit Card,Cash,EUR,20060.0,Paid,0.0,e99c0587-36e4-4ef6-9f4e-c75ee9421bdd
PAY002044,BOOK002044,2026-01-22,Credit Card,PhonePe,GBP,7847.0,Paid,0.0,27cf68cc-cdc5-49df-a81c-4eb5e73807d0
PAY002045,BOOK002045,2026-05-19,Credit Card,PayPal,GBP,23600.0,Paid,0.0,a7cd1d3c-a83a-431c-8a88-411c5430bcc7
PAY002046,BOOK002046,2025-08-31,Debit Card,Stripe,GBP,30090.0,Failed,0.0,aa4de6aa-fe50-4fc3-ab31-a3b69954ee68
PAY002047,BOOK002047,2025-06-04,UPI,Cash,INR,63720.0,Refunded,27315.07,577edfb1-49ac-4227-9f2e-8703839d7b97
PAY002048,BOOK002048,2025-09-12,UPI,Cash,SGD,70800.0,Paid,0.0,a105a076-fde1-4111-b0d3-84245c179647
PAY002049,BOOK002049,2026-07-08,Credit Card,Razorpay,AED,63720.0,Paid,0.0,6fe88114-8433-4055-a514-055502ec96d2
PAY002050,BOOK002050,2026-04-24,Debit Card,PhonePe,SGD,10531.5,Paid,0.0,ebdb7a34-9bb3-40ba-b445-7df40fe4e42b
PAY002051,BOOK002051,2026-04-10,Debit Card,Razorpay,INR,21240.0,Paid,0.0,99e9b8ef-9f6a-4e18-b133-671685bad9cd
PAY002052,BOOK002052,2025-01-22,UPI,Cash,SGD,10620.0,Paid,0.0,70f83158-e282-4248-8470-9e55334e7984
PAY002053,BOOK002053,2025-05-14,Net Banking,Stripe,AED,123900.0,Paid,0.0,be190c02-7ab0-4f87-9621-e76a6a4f78f1
PAY002054,BOOK002054,2024-10-09,Wallet,PayPal,GBP,56050.0,Paid,0.0,fc576919-d03a-4b45-abe0-94071f2cbd3a
PAY002055,BOOK002055,2026-07-01,Debit Card,PhonePe,EUR,2950.0,Paid,0.0,bbbce695-37e2-4d68-9ad3-62ee3176a92e
PAY002056,BOOK002056,2026-04-18,Net Banking,Razorpay,INR,56050.0,Paid,0.0,08b6ff8e-13b7-404b-845a-155956784305
PAY002057,BOOK002057,2024-09-01,Credit Card,Stripe,INR,33630.0,Paid,0.0,0968e228-44b8-4aa7-b058-1a79708a5ec7
PAY002058,BOOK002058,2025-12-01,Debit Card,Razorpay,USD,105315.0,Paid,0.0,34a1b72d-91f7-4d37-89be-8e326061c8e9
PAY002059,BOOK002059,2026-04-23,Wallet,Cash,INR,22302.0,Paid,0.0,00a6c252-935b-4b64-bbf1-3df907cb6e78
PAY002060,BOOK002060,2024-10-06,Wallet,Stripe,EUR,70210.0,Paid,0.0,09fd9a36-3b9e-470d-b957-98cd14e27fb2
PAY002061,BOOK002061,2024-09-06,Debit Card,PhonePe,GBP,24780.0,Paid,0.0,a2a52dbe-8ae0-4fcb-b8da-f364bb91157a
PAY002062,BOOK002062,2025-01-08,Debit Card,Stripe,USD,27464.5,Paid,0.0,73f488d6-064d-4eec-b472-dc488bed30d8
PAY002063,BOOK002063,2026-07-15,UPI,Razorpay,AED,22302.0,Paid,0.0,3696d4a3-cef3-4c61-9ebd-2ede89436587
PAY002064,BOOK002064,2026-07-25,Credit Card,Stripe,INR,47200.0,Paid,0.0,b8412c12-530a-44a8-8ca2-11e87148876d
PAY002065,BOOK002065,2025-12-31,Net Banking,PayPal,SGD,14042.0,Paid,0.0,ae84a8b4-c336-464a-a5ce-b446659c2788
PAY002066,BOOK002066,2025-10-20,Net Banking,Stripe,USD,23600.0,Paid,0.0,5a89fe47-d10d-41d5-8882-800d21af84d8
PAY002067,BOOK002067,2025-01-25,Debit Card,PhonePe,INR,28084.0,Paid,0.0,11413560-41db-4529-8703-e707051f2b99
PAY002068,BOOK002068,2025-07-17,Net Banking,PayPal,EUR,50445.0,Paid,0.0,939a1e81-34f1-4aa7-98a5-5b92c50cdbda
PAY002069,BOOK002069,2026-05-17,Debit Card,Cash,INR,7847.0,Paid,0.0,1bd9a363-ee30-4d7b-a6ab-fdf664081b17
PAY002070,BOOK002070,2025-12-06,Credit Card,Razorpay,USD,16520.0,Paid,0.0,fe4f94d7-4a9a-4ed9-acab-b3bb003f9cc1
PAY002071,BOOK002071,2025-08-08,Debit Card,Cash,INR,23541.0,Paid,0.0,12e7f051-b87b-4cf5-bf9e-81deb729ba74
PAY002072,BOOK002072,2024-09-19,Net Banking,Cash,SGD,60180.0,Paid,0.0,1450066c-7e24-4fe7-a3eb-19f9cad4a662
PAY002073,BOOK002073,2025-02-16,Credit Card,PhonePe,INR,7847.0,Paid,0.0,e510ceb4-b09a-4e60-b51f-97ea3311c62c
PAY002074,BOOK002074,2026-02-13,Credit Card,Cash,AED,39235.0,Paid,0.0,2ce53e5d-0478-4514-82a2-84ceb1e4be2c
PAY002075,BOOK002075,2025-12-30,UPI,Cash,,100890.0,Paid,0.0,fce70eed-f564-459d-b0c4-7efdfa57f3f1
PAY002076,BOOK002076,2025-04-11,UPI,Cash,EUR,23600.0,Paid,-100.0,ccd43a75-f511-4e8c-9707-3df4b1063c0e
PAY002077,BOOK002077,2025-12-27,Credit Card,PhonePe,GBP,8260.0,Paid,0.0,4c56158e-02c0-4f9c-95fc-3db6268f5bd1
PAY002078,BOOK002078,2026-05-14,Wallet,PayPal,GBP,35105.0,Paid,0.0,e7766c22-d4da-4936-ad67-8eb02312d92d
PAY002079,BOOK002079,2026-03-21,Debit Card,Razorpay,EUR,52038.0,Paid,0.0,60959538-e4b5-4c2b-93d4-ea8422f13e38
PAY002080,BOOK002080,2025-01-06,Cash,Razorpay,USD,99120.0,Paid,0.0,801258e2-728c-4843-b4a4-10bcdf080592
PAY002081,BOOK002081,2026-02-15,Debit Card,PayPal,USD,41300.0,Paid,0.0,bfbc334a-e5f7-4d9a-b7f2-09d705ca2212
PAY002082,BOOK002082,2025-03-06,Credit Card,Cash,GBP,56050.0,Paid,0.0,039bfd84-04c3-4bc7-9da0-e5db11a8ee8f
PAY002083,BOOK002083,2025-09-16,UPI,Cash,AED,10030.0,Paid,0.0,9653650b-bde3-4841-bde6-3d0af13a973c
PAY002084,BOOK002084,2024-08-23,Debit Card,Stripe,USD,26432.0,Paid,0.0,1d5fd885-2551-4b51-9735-c401653e0701
PAY002085,BOOK002085,2024-11-25,Credit Card,PhonePe,SGD,28910.0,Paid,0.0,fa2bccd8-9a55-47ca-bd76-998e35810776
PAY002086,BOOK002086,2024-10-10,Wallet,PayPal,EUR,23541.0,Paid,0.0,88a26f25-93d1-49b7-9d43-13360ea0dccb
PAY002087,BOOK002087,2025-02-17,Debit Card,PayPal,INR,56640.0,Paid,0.0,3589e555-ddeb-4417-b7e7-6502ede97b76
PAY002088,BOOK002088,2025-05-23,Credit Card,Stripe,AED,20650.0,Paid,0.0,67159fd6-ea98-48cc-8b86-6c919d7bec14
PAY002089,BOOK002089,2026-01-10,Wallet,PhonePe,AED,3923.5,Paid,0.0,10421cc7-c1ad-4f29-b706-733af3dcac37
PAY002090,BOOK002090,2025-05-13,Net Banking,PhonePe,USD,33630.0,Paid,0.0,8b27f7f6-cc6e-4940-b601-795137f2a6d7
PAY002091,BOOK002091,2026-05-30,Net Banking,Razorpay,EUR,47200.0,Paid,0.0,84781b9b-84ef-4a6b-a4f1-3b37ea922560
PAY002092,BOOK002092,2025-09-18,Net Banking,PayPal,INR,56640.0,Paid,0.0,a1dffa0a-4f66-4c45-ac3c-0409ac954432
PAY002093,BOOK002093,2026-07-15,Wallet,Stripe,INR,8260.0,Paid,0.0,d2f585ee-e67c-4e84-a0e9-b710574b792d
PAY002094,BOOK002094,2025-06-29,Credit Card,Razorpay,EUR,37760.0,Paid,0.0,c34e2d44-c22a-432f-8407-447e585405ef
PAY002095,BOOK002095,2026-04-06,Credit Card,Razorpay,USD,26019.0,Paid,0.0,f799f1f2-baba-4a95-b419-5854111643d2
PAY002096,BOOK002096,2026-07-14,Credit Card,PhonePe,INR,21240.0,Refunded,13510.37,b438f1ca-8643-4655-bd0a-a528e0f28686
PAY002097,BOOK002097,2025-02-22,UPI,Cash,EUR,12390.0,Paid,0.0,5f3b87a1-0a88-48f1-abb7-a11207ddad88
PAY002098,BOOK002098,2026-07-22,Credit Card,PayPal,GBP,4720.0,Refunded,1561.94,565fd8dc-5775-4ec2-9a88-a52cd96580bb
PAY002099,BOOK002099,2026-02-04,Cash,PayPal,SGD,9440.0,Paid,0.0,4ea13bf8-b310-481e-ab2c-0633b258eb72
PAY002100,BOOK002100,2025-04-02,UPI,PhonePe,GBP,18880.0,Paid,0.0,6b059aaf-c380-44fe-bb38-3439a13218da
PAY002101,BOOK002101,2024-12-02,Cash,Stripe,EUR,14868.0,Paid,0.0,41000385-e8eb-4544-9d0d-996fdd262c16
PAY002102,BOOK002102,2024-09-16,UPI,PayPal,USD,21063.0,Paid,0.0,f6d75e26-f1b9-496f-8a21-fc4b487c088a
PAY002103,BOOK002103,2026-07-02,Credit Card,PhonePe,EUR,16520.0,Paid,0.0,b9d73bb2-e300-4acc-9eb3-3556ac8f8888
PAY002104,BOOK002104,2026-03-10,Cash,PayPal,USD,100890.0,Paid,0.0,da57b768-f049-40cc-b8dd-12d23d733eba
PAY002105,BOOK002105,2024-07-31,Cash,Razorpay,INR,8260.0,Paid,0.0,a30c48bd-8d39-41da-9a51-6d340dff7da8
PAY002106,BOOK002106,2025-03-31,Debit Card,Razorpay,USD,2655.0,Paid,0.0,0c4f3053-b9d7-4cb2-93d8-cab69d2abb25
PAY002107,BOOK002107,2024-11-28,Debit Card,PhonePe,USD,9440.0,Paid,0.0,f5cdbe9a-7657-45aa-bd81-bec4caa4e890
PAY002108,BOOK002108,2025-04-22,Cash,PhonePe,SGD,7021.0,Paid,0.0,a086aec9-ff55-43ee-a0c8-4e252fcff43a
PAY002109,BOOK002109,2026-05-17,Credit Card,Razorpay,USD,29736.0,Paid,0.0,dc3a45d4-24e1-443a-b0a4-7582f4c9b16c
PAY002110,BOOK002110,2025-05-23,Wallet,Razorpay,SGD,17700.0,Paid,0.0,273c831a-300b-4558-a0b4-91e3c7e8f889
PAY002111,BOOK002111,2025-01-03,Debit Card,Cash,SGD,5900.0,Failed,0.0,210aa105-8fd7-4bdd-a66c-8dcae8b45e78
PAY002112,BOOK002112,2025-08-05,Cash,Stripe,GBP,3717.0,Failed,0.0,f232296a-1742-442b-b439-6888e58f6789
PAY002113,BOOK002113,2025-10-22,UPI,Razorpay,GBP,10030.0,Refunded,5595.94,07341e46-54eb-4019-892e-dbdd4b4841cb
PAY002114,BOOK002114,2025-04-09,UPI,Stripe,AED,23128.0,Paid,0.0,4dc5c8f1-40b5-40c0-8e01-b84df55de442
PAY002115,BOOK002115,2025-04-25,Cash,Stripe,EUR,11210.0,Paid,0.0,a439e34e-809b-4035-88d2-8f38eb69832b
PAY002116,BOOK002116,2024-12-04,Credit Card,Cash,AED,7434.0,Refunded,4073.24,9d0c5baa-9f70-401e-beb8-f86e9640dfca
PAY002117,BOOK002117,2025-04-17,Net Banking,PayPal,EUR,82600.0,Paid,0.0,6c585e8b-7060-4046-be49-99f5c4f647b7
PAY002118,BOOK002118,2026-07-09,Credit Card,Razorpay,INR,39648.0,Paid,0.0,54641764-61d5-4b3f-9a2f-dc3b1e531451
PAY002119,BOOK002119,2025-10-23,Cash,Cash,INR,47200.0,Paid,0.0,d1947341-a05b-4761-8b12-8fa3282a792a
PAY002120,BOOK002120,2025-01-04,Cash,PayPal,AED,14042.0,Paid,0.0,abb48e18-30c6-4840-b969-1c21bf82249c
PAY002121,BOOK002121,2026-06-28,Debit Card,Razorpay,GBP,35400.0,Refunded,17240.76,3d001f15-6d12-40f4-aab6-18f319935881
PAY002122,BOOK002122,2026-05-26,Debit Card,Cash,SGD,26550.0,Refunded,14591.41,b0b25ce9-d8df-4319-a035-18b8a1e6e72e
PAY002123,BOOK002123,2025-11-18,Debit Card,Cash,USD,26019.0,Paid,0.0,421ded69-a447-4e76-a1bf-2a6ba0d38db8
PAY002124,BOOK002124,2024-10-30,UPI,PayPal,SGD,10620.0,Paid,0.0,046b39cc-2465-453f-bd66-5ef0335ae09a
PAY002125,BOOK002125,2026-06-21,UPI,Stripe,GBP,28025.0,Paid,0.0,4f42fd47-dc3d-47bc-811b-e9957ced5ee7
PAY002126,BOOK002126,2025-01-12,Credit Card,Razorpay,SGD,19617.5,Failed,0.0,d4611229-2ec4-49fa-884c-6adcacb8f9e8
PAY002127,BOOK002127,2026-03-24,Wallet,PayPal,AED,17700.0,Paid,0.0,ee936c3f-e709-456a-94f9-74ebb9e65400
PAY002128,BOOK002128,2025-06-29,Debit Card,PhonePe,USD,20060.0,Paid,0.0,332ae0c6-85b7-4a4e-96e3-13a72dd892e1
PAY002129,BOOK002129,2025-09-15,Debit Card,Cash,EUR,66080.0,Paid,0.0,77d5defd-360e-4926-b0f5-c36399e50339
PAY002130,BOOK002130,2025-12-13,Cash,Cash,INR,20650.0,Paid,0.0,02ada482-cc31-4095-8d6d-058d295563d6
PAY002131,BOOK002131,2025-07-20,UPI,Stripe,USD,53100.0,Paid,0.0,e063403c-9622-4e2a-99ab-e6beb3901499
PAY002132,BOOK002132,2026-05-18,Debit Card,PhonePe,EUR,24780.0,Paid,0.0,c65cf72e-994d-472a-9b21-964d45335391
PAY002133,BOOK002133,2025-01-29,UPI,Cash,EUR,33040.0,Paid,0.0,b73592dc-190e-46ed-8f65-5dabc6ea883b
PAY002134,BOOK002134,2025-04-15,Credit Card,Stripe,GBP,12390.0,Refunded,10522.01,bf931f85-2739-48eb-8b85-7b45a3197007
PAY002135,BOOK002135,2025-04-04,Debit Card,Razorpay,INR,40120.0,Paid,0.0,3dc03c02-b3ca-419e-bfbd-52d25323d73f
PAY002136,BOOK002136,2025-11-16,Debit Card,Stripe,INR,59000.0,Failed,0.0,a7e12d09-b3a0-4cd5-82cb-4e520d02e291
PAY002137,BOOK002137,2024-08-22,UPI,Razorpay,USD,8260.0,Failed,0.0,de738415-a1f7-46eb-bb75-9fafaec211a9
PAY002138,BOOK002138,2026-03-31,Cash,Razorpay,EUR,22302.0,Paid,0.0,e580a850-6c66-4690-ad22-cc363df11dc5
PAY002139,BOOK002139,2025-07-11,Cash,PhonePe,INR,9440.0,Paid,0.0,51df88c7-9f50-4d3b-85b9-a89d8b092602
PAY002140,BOOK002140,2025-07-06,Credit Card,PayPal,SGD,19617.5,Paid,0.0,cd63888a-644d-471d-bded-d189f3b5bf24
PAY002141,BOOK002141,2024-09-06,Wallet,Razorpay,EUR,12390.0,Paid,0.0,a98fb586-6c43-4604-bfd6-f90ae3dfcca3
PAY002142,BOOK002142,2025-06-25,UPI,PayPal,INR,10620.0,Paid,0.0,1fcbaa92-7741-4b98-a3a3-f956aae1cf9c
PAY002143,BOOK002143,2025-04-19,Debit Card,Razorpay,INR,15930.0,Failed,0.0,a7055d4d-bb1f-4d54-ab37-97d4f2832bf3
PAY002144,BOOK002144,2025-04-18,UPI,PayPal,AED,14160.0,Paid,0.0,ba458383-5fca-4357-b64e-b231dac06e95
PAY002145,BOOK002145,2025-10-17,Wallet,Stripe,EUR,33040.0,Paid,0.0,2c132f81-3b6c-469b-9712-a98113bdc366
PAY002146,BOOK002146,2025-03-29,Credit Card,Stripe,EUR,47790.0,Paid,0.0,cda0bd37-30b0-43a5-a1d5-9215d7d1d5e3
PAY002147,BOOK002147,2024-11-30,Net Banking,PhonePe,GBP,42126.0,Paid,0.0,a47059f7-41b9-4ee9-959b-f02210c65207
PAY002148,BOOK002148,2025-10-23,Net Banking,Stripe,USD,9912.0,Paid,0.0,ef646c0d-82b2-474e-9bde-417979944be4
PAY002149,BOOK002149,2025-08-19,Debit Card,Stripe,INR,24573.5,Paid,0.0,a3f269b2-ad4f-43b0-86d2-3aa9b420b110
PAY002150,BOOK002150,2024-12-28,UPI,PhonePe,SGD,5900.0,Paid,0.0,3c9d6a8c-2661-444a-b8a1-835debb389af
PAY002151,BOOK002151,2025-01-21,Net Banking,PayPal,INR,67260.0,Paid,0.0,8efa0f82-db08-458a-a9eb-f49debda8150
PAY002152,BOOK002152,2026-07-09,UPI,Razorpay,USD,50445.0,Paid,0.0,c22fc7bb-4762-4134-bd09-d77ed0609020
PAY002153,BOOK002153,2024-09-02,Wallet,Stripe,AED,24573.5,Paid,0.0,bad87a66-9bf8-40c4-8997-25280bfa11ec
PAY002154,BOOK002154,2025-07-15,Debit Card,PhonePe,INR,8407.5,Failed,0.0,ceaef077-09f3-4c3e-b262-be5c8949130c
PAY002155,BOOK002155,2026-02-16,UPI,Razorpay,EUR,74340.0,Paid,0.0,79ea4067-550a-476f-9e2a-e1cddb796cd5
PAY002156,BOOK002156,2025-01-12,UPI,PhonePe,EUR,5900.0,Paid,0.0,5b9ff7a6-4412-4893-a18a-5a5d6479543b
PAY002157,BOOK002157,2026-03-24,Debit Card,PayPal,SGD,2655.0,Refunded,1465.88,7d4dd66d-e077-4a5f-874c-04e520922243
PAY002158,BOOK002158,2025-03-12,Credit Card,Stripe,INR,3923.5,Paid,0.0,fcbb18fc-1742-4fde-a9ea-96d90b24f597
PAY002159,BOOK002159,2025-08-06,Cash,Stripe,INR,31860.0,Paid,0.0,38e8e0f7-dc36-4f31-a824-b4c045b34886
PAY002160,BOOK002160,2026-01-16,Debit Card,Razorpay,AED,12537.5,Paid,0.0,a83b0bb2-c256-4f82-93db-5ae018c82a5c
PAY002161,BOOK002161,2025-02-16,UPI,Stripe,GBP,8260.0,Paid,0.0,a41ad1ec-adf5-4d32-8c71-999780defef5
PAY002162,BOOK002162,2026-06-10,UPI,Razorpay,GBP,15694.0,Paid,0.0,5bf73f21-8fae-442e-880d-fde23d6e6b0c
PAY002163,BOOK002163,2025-01-19,Debit Card,PayPal,SGD,5310.0,Paid,0.0,3cf538da-23a4-4e3b-a2b7-952eef0f9aba
PAY002164,BOOK002164,2025-03-07,Cash,Stripe,INR,60180.0,Paid,0.0,e4ac7e18-57b1-4a7e-845a-9ea67ae8a21f
PAY002165,BOOK002165,2025-07-22,Net Banking,PayPal,SGD,23128.0,Refunded,9457.68,83308a62-4085-4c5a-9758-3767ce333eac
PAY002166,BOOK002166,2024-08-04,Debit Card,PayPal,EUR,31388.0,Paid,0.0,a300c42b-9d91-4188-a8c0-974d0c573ac4
PAY002167,BOOK002167,2025-02-09,Cash,Stripe,SGD,11800.0,Paid,0.0,640a1fcf-57d9-4f85-9f08-2cd9949d2095
PAY002168,BOOK002168,2026-02-08,Cash,Cash,GBP,111510.0,Paid,0.0,c59b9130-0071-4c40-8464-03d393418014
PAY002169,BOOK002169,2025-02-26,Cash,PhonePe,GBP,42126.0,Paid,0.0,acdaba2a-ac12-4048-b88f-c4de0ba14643
PAY002170,BOOK002170,2025-06-20,Debit Card,Razorpay,GBP,49147.0,Paid,0.0,136fcfd0-bd93-411f-8cdc-306398d747d3
PAY002171,BOOK002171,2026-04-06,Cash,Cash,AED,33040.0,Paid,0.0,dd5f75ea-84bf-4b82-862b-8fa80d57efbd
PAY002172,BOOK002172,2025-09-04,Net Banking,Cash,AED,57820.0,Failed,0.0,e2391d40-387c-4429-a898-26fc86834c4e
PAY002173,BOOK002173,2024-11-01,Cash,PayPal,SGD,21240.0,Paid,0.0,bf57d3a8-4d69-47e9-83a7-1ecb21b7f16b
PAY002174,BOOK002174,2026-04-17,Wallet,Razorpay,INR,20650.0,Refunded,16375.27,f2743976-fe9d-4830-9a5d-e45d02f2f519
PAY002175,BOOK002175,2024-08-17,Credit Card,Stripe,USD,14160.0,Paid,0.0,bf1ac896-25c8-475e-b924-a94c6b2e1124
PAY002176,BOOK002176,2025-02-05,Credit Card,PayPal,EUR,42480.0,Paid,0.0,7120d756-bddb-4417-8463-d51927fd8649
PAY002177,BOOK002177,2025-07-26,Credit Card,PayPal,SGD,56640.0,Paid,0.0,c4b41692-3437-49ab-9f7b-ded4c621a41a
PAY002178,BOOK002178,2025-10-13,Debit Card,Stripe,EUR,3923.5,Paid,0.0,22529db8-4265-46e9-9e73-51263fd12fae
PAY002179,BOOK002179,2024-09-12,Wallet,Stripe,GBP,88500.0,Paid,0.0,9ba444dd-328e-4b2e-8dd1-41602030b0c4
PAY002180,BOOK002180,2024-09-21,Debit Card,Razorpay,GBP,12537.5,Refunded,5123.18,6f059b9f-c320-4813-84e6-314333ce10cd
PAY002181,BOOK002181,2026-05-25,Debit Card,Stripe,EUR,14868.0,Paid,0.0,09df010e-3648-4e0f-8d99-560e8469ac7a
PAY002182,BOOK002182,2026-01-23,Cash,PhonePe,EUR,16520.0,Paid,0.0,18393e80-9e6c-482f-a730-356347dfe880
PAY002183,BOOK002183,2024-08-04,Wallet,PhonePe,GBP,16815.0,Paid,0.0,0fa52fda-d228-4084-b880-5101558971a6
PAY002184,BOOK002184,2024-08-15,Credit Card,PayPal,AED,3510.5,Failed,0.0,2e7225a6-7a0e-4de1-802d-016ce6e405ff
PAY002185,BOOK002185,2026-04-19,Cash,Razorpay,SGD,67260.0,Failed,0.0,498e4c14-def1-4340-959e-937def46aeb6
PAY002186,BOOK002186,2025-05-29,Debit Card,PayPal,GBP,16815.0,Refunded,5951.36,376c12d4-dd67-408f-a2b4-6e21284f5fac
PAY002187,BOOK002187,2025-12-30,Wallet,Razorpay,,20060.0,Failed,0.0,7100516c-1c66-49d8-b19f-d47f7643066d
PAY002188,BOOK002188,2025-03-01,UPI,Razorpay,AED,5015.0,Paid,0.0,09103a40-9c33-45ee-a094-9c4b8d719dde
PAY002189,BOOK002189,2025-07-25,Net Banking,PhonePe,EUR,28320.0,Paid,0.0,6dd6ab25-a387-407b-9626-3d6262f46ec8
PAY002190,BOOK002190,2024-08-01,Credit Card,Razorpay,EUR,123900.0,Refunded,85451.78,a2edcc88-ce84-4121-9c10-9659a17e7d61
PAY002191,BOOK002191,2025-04-22,Cash,PayPal,GBP,37170.0,Paid,0.0,bc633750-410c-4c9a-8afc-3668e7f60acb
PAY002192,BOOK002192,2026-05-09,Net Banking,Stripe,AED,31388.0,Paid,0.0,8899a4fc-07c7-4a5d-ba6e-9b691cfa225f
PAY002193,BOOK002193,2026-02-22,Wallet,PayPal,GBP,23541.0,Paid,0.0,4cdd8a18-7067-4897-ae84-1791882d8294
PAY002194,BOOK002194,2026-01-22,UPI,Cash,AED,7847.0,Paid,0.0,ddee1191-3e1d-4d69-92f7-499fc077be1c
PAY002195,BOOK002195,2026-07-01,UPI,PhonePe,EUR,84960.0,Paid,0.0,714cc1fd-1d92-4dff-ba81-9e1f714d0ccf
PAY002196,BOOK002196,2025-07-30,Net Banking,Cash,SGD,14750.0,Paid,0.0,ebbd1cc6-cf61-4abe-ae0a-19565b9730c6
PAY002197,BOOK002197,2025-10-19,Credit Card,PhonePe,AED,10030.0,Paid,0.0,960750f6-ab25-43a0-823f-094070cb065a
PAY002198,BOOK002198,2024-12-16,UPI,PhonePe,AED,11210.0,Paid,0.0,01a8c34b-94fc-4f55-a13c-c0124ec36032
PAY002199,BOOK002199,2025-07-08,Net Banking,Cash,SGD,45135.0,Refunded,27804.72,227c00ee-98c9-429f-ba05-51f0b683b19b
PAY002200,BOOK002200,2025-02-06,Credit Card,PayPal,SGD,19617.5,Paid,0.0,cf166693-b627-442a-b5bf-c5fca08c3910
PAY002201,BOOK002201,2024-11-28,UPI,Stripe,AED,49560.0,Paid,0.0,44f685e6-4ec0-4b57-8986-767600b5e93a
PAY002202,BOOK002202,2025-12-13,Wallet,PayPal,EUR,26550.0,Paid,0.0,0dc001fd-d725-48fd-bf2f-4541daf4f8eb
PAY002203,BOOK002203,2024-10-22,UPI,Cash,AED,21240.0,Paid,0.0,bc78a70f-cae8-4fc1-abe4-7fbb873077d5
PAY002204,BOOK002204,2026-03-16,Cash,Razorpay,GBP,70800.0,Paid,0.0,2cc9e631-635b-47dd-a632-8e49ba7494b1
PAY002205,BOOK002205,2024-10-07,Debit Card,PhonePe,USD,28320.0,Paid,0.0,f566d88c-ee65-4ce0-967f-fc860d04c95d
PAY002206,BOOK002206,2026-07-23,Credit Card,PayPal,GBP,30090.0,Paid,0.0,6bd9fef9-d695-4753-ae8b-701e78c879d1
PAY002207,BOOK002207,2026-04-20,Debit Card,Razorpay,USD,67260.0,Paid,0.0,28f88b2c-37ca-4218-b3c0-e90ee4abe4e0
PAY002208,BOOK002208,2025-12-10,Credit Card,PayPal,EUR,24780.0,Paid,0.0,fa7c100f-6adf-480e-a8c4-5f5c2f5df475
PAY002209,BOOK002209,2024-11-08,Wallet,PhonePe,GBP,7847.0,Paid,0.0,a4a314dd-e90a-4dc9-bb48-8e5a35e8de19
PAY002210,BOOK002210,2025-04-22,Debit Card,PhonePe,USD,10030.0,Paid,0.0,ec739f36-83c3-414a-9461-be06cea97421
PAY002211,BOOK002211,2026-01-29,Cash,Stripe,INR,4720.0,Paid,0.0,3307d8dc-c542-442f-9908-89daad78c1c0
PAY002212,BOOK002212,2025-10-09,Wallet,PhonePe,SGD,22302.0,Paid,0.0,c4b9e73c-68d6-4972-a311-9506ea97c4a7
PAY002213,BOOK002213,2025-01-08,UPI,PhonePe,AED,5900.0,Refunded,4367.57,81ff6e96-bc7a-4a7a-9018-77f9094f930c
PAY002214,BOOK002214,2026-05-07,Credit Card,PayPal,SGD,49147.0,Paid,0.0,2bd66e4f-006c-4b63-863f-e22de8eae614
PAY002215,BOOK002215,2025-06-18,Net Banking,Stripe,INR,106200.0,Paid,0.0,76c51523-adf3-4b86-bda8-92465880696b
PAY002216,BOOK002216,2025-12-04,Debit Card,PhonePe,SGD,9440.0,Paid,0.0,a6ecd9cd-a3de-4811-970f-9bbeef0a7188
PAY002217,BOOK002217,2024-08-08,Credit Card,Stripe,EUR,18880.0,Paid,0.0,9fdeeb84-585d-4612-bb3b-b4b3c50df776
PAY002218,BOOK002218,2025-10-11,UPI,Razorpay,SGD,52038.0,Paid,0.0,b3964a05-e830-4e6e-a96e-19e4c4e5725d
PAY002219,BOOK002219,2026-02-01,Net Banking,Stripe,GBP,15694.0,Paid,0.0,51ab7bb9-2d32-4436-a41d-b8bd6fd995b2
PAY002220,BOOK002220,2026-02-16,Cash,PhonePe,GBP,42126.0,Paid,0.0,475db011-453f-4d76-ac19-98695634a010
PAY002221,BOOK002221,2025-10-25,Cash,PhonePe,SGD,28320.0,Paid,0.0,73aad341-18e4-4d1d-b373-2834be30cad5
PAY002222,BOOK002222,2026-04-20,Debit Card,Razorpay,AED,4720.0,Refunded,2223.65,209e7f0f-e785-4a94-a1cb-4adbe104f0e5
PAY002223,BOOK002223,2024-12-05,Debit Card,Stripe,EUR,17700.0,Refunded,17238.8,0da290a2-022d-4e09-9107-a1aa1d32ceba
PAY002224,BOOK002224,2026-03-15,Net Banking,PhonePe,INR,26550.0,Failed,0.0,312d5207-983f-4169-b405-930b0c9b9846
PAY002225,BOOK002225,2024-09-25,UPI,PhonePe,INR,21063.0,Paid,0.0,abef5e23-9850-464d-a7fb-5874c48157bf
PAY002226,BOOK002226,2025-05-20,Credit Card,PayPal,SGD,17552.5,Paid,0.0,0ced2fa4-5d53-4571-ab94-e178394a2a21
PAY002227,BOOK002227,2024-10-26,Net Banking,PhonePe,,10620.0,Paid,0.0,4e9b6e9f-f0e1-4c55-b6ec-8ea31b0bc309
PAY002228,BOOK002228,2025-10-14,Wallet,PayPal,AED,11800.0,Paid,0.0,ebc14408-6799-42e5-a8af-1d6c5794e352
PAY002229,BOOK002229,2025-06-10,UPI,PayPal,EUR,100890.0,Paid,0.0,11f5cb80-7cfd-4787-a54e-1f83a422eaa5
PAY002230,BOOK002230,2026-05-25,Wallet,PhonePe,EUR,52038.0,Refunded,43374.82,7d4fe178-374e-4ac0-84ad-40d954e946af
PAY002231,BOOK002231,2026-05-22,Wallet,Cash,GBP,4720.0,Paid,0.0,5f0662cf-46ea-4f35-8f03-6dc6a6597f00
PAY002232,BOOK002232,2024-11-20,Credit Card,Razorpay,SGD,41300.0,Paid,0.0,fce17fa7-1b19-45ff-95b1-c52b6a2526a5
PAY002233,BOOK002233,2025-07-02,Wallet,Stripe,AED,82600.0,Refunded,28826.43,8b4d1bcb-3d0f-4540-a671-1bf592b55e6f
PAY002234,BOOK002234,2025-11-13,Wallet,Stripe,SGD,31860.0,Paid,0.0,f74392b7-553a-475a-90c3-9387dddf4232
PAY002235,BOOK002235,2024-12-04,Net Banking,Cash,USD,7965.0,Paid,0.0,a6ce984a-9828-402f-9686-9d4786efd1ab
PAY002236,BOOK002236,2024-12-10,Cash,PayPal,GBP,16520.0,Paid,0.0,3debdd65-13f8-4002-a6ee-3bdbb2a5bc20
PAY002237,BOOK002237,2025-03-29,Wallet,PayPal,EUR,6608.0,Paid,0.0,db850f84-29c6-4698-83c0-5d8ad5c44ef7
PAY002238,BOOK002238,2024-08-06,Wallet,PayPal,EUR,4130.0,Paid,0.0,5d0ce431-5318-4c61-b332-6d43d39c6385
PAY002239,BOOK002239,2025-12-29,Wallet,Razorpay,EUR,20650.0,Refunded,15329.75,7fbc8643-566f-445a-b197-ae042200cdce
PAY002240,BOOK002240,2025-12-29,Cash,PhonePe,USD,10531.5,Paid,0.0,454f8ef8-c672-43a3-b2d6-430dfd5019b9
PAY002241,BOOK002241,2025-10-09,Net Banking,PhonePe,USD,4720.0,Paid,0.0,c4f3b0f2-5ace-4c81-ab26-68682c158cd0
PAY002242,BOOK002242,2026-03-30,Credit Card,PhonePe,SGD,18585.0,Paid,0.0,9a07699a-e5ff-4c5f-9a61-9dfcc8514598
PAY002243,BOOK002243,2026-08-02,Credit Card,Razorpay,GBP,11210.0,Paid,0.0,72a12896-183c-4e2b-928b-c1c022817b33
PAY002244,BOOK002244,2025-01-12,UPI,PhonePe,INR,49147.0,Paid,0.0,0322302d-9fc7-4ab4-a3d8-50182966c4fc
PAY002245,BOOK002245,2026-02-12,UPI,Razorpay,GBP,82600.0,Paid,0.0,2dc2bb56-59d4-4b7e-a635-27bb70bb5ef4
PAY002246,BOOK002246,2026-02-18,Cash,Cash,EUR,18585.0,Paid,0.0,79d91e05-818f-450e-a8b1-032f06b57cd0
PAY002247,BOOK002247,2025-07-27,Net Banking,Cash,GBP,14042.0,Paid,0.0,6bf38659-bab1-477d-ac03-718d8c555158
PAY002248,BOOK002248,2025-06-03,UPI,Cash,EUR,47790.0,Paid,0.0,e41bf8dd-c556-484a-8c42-3c618c8bce84
PAY002249,BOOK002249,2025-06-20,Credit Card,Razorpay,GBP,2655.0,Paid,0.0,80474108-4752-49ae-a99b-af637fecf1f1
PAY002250,BOOK002250,2026-04-11,Net Banking,Stripe,GBP,22302.0,Paid,0.0,f6e90d8b-ecce-41ea-a256-7d02306b0ec1
PAY002251,BOOK002251,2025-06-19,Net Banking,Stripe,INR,23600.0,Paid,0.0,df20ddf3-708b-4929-bd38-d7a24defb4e6
PAY002252,BOOK002252,2024-08-07,Debit Card,PayPal,SGD,15930.0,Paid,0.0,04e16e8c-1816-47de-8550-a1457ded8b1f
PAY002253,BOOK002253,2025-10-30,Wallet,Stripe,EUR,21240.0,Paid,0.0,d0e5592e-2051-4dd3-ae37-4cb5e66902be
PAY002254,BOOK002254,2025-06-12,Credit Card,PayPal,USD,84960.0,Paid,0.0,7b7de70e-7abc-4c0f-a242-2933669883cd
PAY002255,BOOK002255,2025-07-17,Wallet,PayPal,INR,49560.0,Paid,0.0,fc2927f5-2b1b-455b-8b34-8d00556051b3
PAY002256,BOOK002256,2026-06-13,Wallet,Razorpay,GBP,15694.0,Paid,0.0,afd99cdd-309a-4a7d-8bca-9810d6681b8f
PAY002257,BOOK002257,2026-03-27,UPI,Cash,EUR,82600.0,Paid,0.0,06ddcebb-cfe4-4881-bb95-8bed6b9db70f
PAY002258,BOOK002258,2026-04-08,Wallet,Cash,EUR,67260.0,Paid,0.0,f3301052-e825-4523-a05d-730b6cb7db94
PAY002259,BOOK002259,2024-10-17,Wallet,Razorpay,EUR,35400.0,Paid,0.0,6f869f12-293a-4da4-9001-bc08cfafb52b
PAY002260,BOOK002260,2025-03-14,Net Banking,Razorpay,GBP,18880.0,Paid,0.0,9f098029-9adc-4afc-a943-0195bf3c4e87
PAY002261,BOOK002261,2025-04-05,Credit Card,PhonePe,USD,11800.0,Paid,0.0,bcc06243-d5d7-410b-acbd-57a3081f2ac0
PAY002262,BOOK002262,2026-04-24,Debit Card,Cash,EUR,22420.0,Paid,0.0,5fd4f299-80ba-481e-a1bc-c201c913e247
PAY002263,BOOK002263,2025-10-01,Cash,Stripe,GBP,33630.0,Paid,0.0,01aa5e09-366e-483f-8986-93645ec24f36
PAY002264,BOOK002264,2025-01-16,UPI,PhonePe,SGD,19617.5,Paid,0.0,36c06ebf-d642-4c1d-b3d0-475745e1a677
PAY002265,BOOK002265,2026-05-09,Wallet,PayPal,USD,15694.0,Paid,-100.0,ba3b0311-7613-4b27-a460-3288d32b64ef
PAY002266,BOOK002266,2025-03-15,Credit Card,Stripe,INR,30090.0,Paid,0.0,17a38f22-98a1-4236-9eaa-04b947a3d8a6
PAY002267,BOOK002267,2024-10-20,Wallet,Cash,EUR,78470.0,Refunded,39818.89,588942dc-ed71-42b1-946e-210d3e011943
PAY002268,BOOK002268,2025-07-10,Debit Card,Razorpay,INR,30090.0,Paid,0.0,d54d3a17-b711-4f88-9450-cf2c1adc97c7
PAY002269,BOOK002269,2025-09-22,Net Banking,Cash,EUR,99120.0,Paid,0.0,6f51bd93-648d-493f-80cb-bc4d0c38e680
PAY002270,BOOK002270,2025-06-04,Cash,Stripe,SGD,3304.0,Paid,0.0,3af5dcbd-88ba-4f9a-adf7-a5920119a8ea
PAY002271,BOOK002271,2024-11-13,UPI,PhonePe,EUR,20650.0,Failed,0.0,29453b4c-9ae9-4c27-9b1c-4d8cb8db7c27
PAY002272,BOOK002272,2025-11-25,Net Banking,PhonePe,SGD,16520.0,Paid,0.0,4583f04c-1d0b-460a-a09c-e096a309039d
PAY002273,BOOK002273,2025-08-26,Credit Card,Razorpay,SGD,2655.0,Paid,0.0,84f8d260-9777-4863-b91f-103481428850
PAY002274,BOOK002274,2025-08-29,Credit Card,Cash,GBP,16815.0,Refunded,6009.86,646cbb49-1af3-49e6-9c37-7e4176d18c6d
PAY002275,BOOK002275,2025-05-17,Credit Card,PhonePe,USD,12537.5,Paid,0.0,ef86de82-feec-45fa-bc17-3eb96b0a9b1e
PAY002276,BOOK002276,2025-03-08,UPI,Razorpay,INR,47790.0,Paid,0.0,56462012-b82a-4281-aa2e-87ad8e8ba330
PAY002277,BOOK002277,2024-09-19,Debit Card,Cash,EUR,13216.0,Paid,0.0,cf949f1c-6c26-4abd-a5e1-e7d245d22eb8
PAY002278,BOOK002278,2025-04-19,Credit Card,Cash,EUR,11800.0,Refunded,7059.96,715076e2-12f4-4aae-b661-b4f10771f5b5
PAY002279,BOOK002279,2026-04-24,Cash,Cash,INR,10620.0,Paid,0.0,29de6ae5-051a-4664-90cf-3010c9209f99
PAY002280,BOOK002280,2024-11-24,UPI,PayPal,GBP,26432.0,Paid,0.0,644ec07d-3d38-4f47-992f-f787f8597b15
PAY002281,BOOK002281,2026-01-20,Net Banking,Stripe,SGD,2360.0,Failed,0.0,29fc1589-2cdd-43eb-acfd-805abdb2ceb5
PAY002282,BOOK002282,2024-12-12,Wallet,Razorpay,SGD,23600.0,Paid,0.0,525fbddf-7e40-46da-86b3-c14e0444a468
PAY002283,BOOK002283,2025-04-30,Credit Card,PayPal,USD,5310.0,Paid,0.0,b90f5bb7-cb39-475b-ae25-5a545c054185
PAY002284,BOOK002284,2025-01-22,Cash,Stripe,INR,47200.0,Paid,0.0,355e128c-4e9e-497e-9eeb-1deac8bfe2c8
PAY002285,BOOK002285,2026-04-03,Wallet,Razorpay,SGD,35105.0,Failed,0.0,b9870056-7ab9-4073-b34f-ae340f31a731
PAY002286,BOOK002286,2025-08-23,Net Banking,PayPal,AED,3717.0,Paid,0.0,9f59b233-1733-47ee-a4ec-ae2fea928f39
PAY002287,BOOK002287,2025-11-13,Debit Card,PhonePe,GBP,11151.0,Paid,0.0,b876c33a-7372-4f7c-82cd-4a31ea69075f
PAY002288,BOOK002288,2025-01-30,Wallet,PayPal,EUR,7522.5,Paid,0.0,04a102af-5c44-4dc5-b79a-3c24af26635e
PAY002289,BOOK002289,2025-12-06,Credit Card,Razorpay,SGD,49147.0,Paid,0.0,0a8936a2-1bb3-4255-937f-7416fc9d2ee4
PAY002290,BOOK002290,2025-02-15,Cash,Razorpay,GBP,44840.0,Paid,0.0,ebeab2e6-f42e-4919-8930-bbae96bb532c
PAY002291,BOOK002291,2026-06-25,UPI,PhonePe,AED,20060.0,Paid,0.0,57256868-9579-446f-8e02-6dc67698a7a2
PAY002292,BOOK002292,2026-07-10,Wallet,Stripe,INR,15045.0,Paid,0.0,2c3812df-2867-4aa0-a27a-f8603074661c
PAY002293,BOOK002293,2025-02-25,Cash,Razorpay,INR,70800.0,Paid,0.0,b0d15ece-8b05-4692-9e2a-e600f9400536
PAY002294,BOOK002294,2025-12-10,Cash,Stripe,GBP,70800.0,Paid,0.0,4f85e30e-1ce9-4884-b8b2-87e9f1d87901
PAY002295,BOOK002295,2026-04-01,Cash,PayPal,SGD,11151.0,Paid,0.0,9d47c926-48de-4ecb-98b6-ce548f28a5d6
PAY002296,BOOK002296,2026-04-12,Cash,Razorpay,SGD,9440.0,Paid,0.0,339f14ff-ca2b-4a78-bc29-a7d1c39b37aa
PAY002297,BOOK002297,2025-11-10,Credit Card,PayPal,INR,5015.0,Paid,0.0,f462f7c7-15cc-4a12-afcb-8e8cb255662d
PAY002298,BOOK002298,2025-01-06,Credit Card,Stripe,GBP,21240.0,Paid,0.0,42891a2b-0a3d-4e12-9dcb-8258ce609a9a
PAY002299,BOOK002299,2026-05-20,Cash,PayPal,GBP,8407.5,Paid,0.0,b9e55bc4-4f55-4b57-b9e8-389e13de851d
PAY002300,BOOK002300,2025-12-14,Credit Card,Stripe,USD,35400.0,Paid,0.0,cd1f11fa-8f8a-4979-9423-8845b5a1c113
PAY002301,BOOK002301,2025-06-06,UPI,Cash,AED,19824.0,Paid,0.0,ef7e65e1-085b-4af7-8520-c09f1d25302c
PAY002302,BOOK002302,2025-03-10,Net Banking,PhonePe,SGD,23600.0,Paid,0.0,d4369c15-e646-4e7b-8204-ae87fbab9621
PAY002303,BOOK002303,2025-10-31,Wallet,Cash,SGD,47790.0,Paid,0.0,0e202599-4bf1-439d-bdb3-af863fedc92e
PAY002304,BOOK002304,2024-11-06,Wallet,PayPal,INR,18880.0,Paid,0.0,aacc5597-a3aa-4159-84ed-0b0220b2481d
PAY002305,BOOK002305,2026-04-30,Cash,Razorpay,EUR,84075.0,Paid,0.0,6932b7be-775f-4922-83dc-08fd340f8346
PAY002306,BOOK002306,2026-07-27,UPI,PhonePe,SGD,7522.5,Paid,0.0,5fb1bab7-5a61-4c03-aba9-8db9c8016614
PAY002307,BOOK002307,2025-06-28,Net Banking,PayPal,GBP,15045.0,Refunded,10232.08,233adf3f-dc80-45c3-a6bc-9eb333dcca2d
PAY002308,BOOK002308,2025-02-26,Wallet,PhonePe,EUR,60180.0,Paid,0.0,cef29ccd-b07b-4c4c-a5d6-25f1778a5fed
PAY002309,BOOK002309,2025-01-02,Credit Card,Razorpay,AED,41300.0,Paid,0.0,3d2e1e94-be96-4177-99b0-24b270853aa0
PAY002310,BOOK002310,2025-08-06,Debit Card,Stripe,AED,11151.0,Paid,0.0,17c4205c-7869-4f75-8393-b4509b6ec810
PAY002311,BOOK002311,2026-02-21,Wallet,Stripe,EUR,41300.0,Paid,0.0,f6e7dba1-7cc8-4fc4-a58f-cb70cafcae62
PAY002312,BOOK002312,2026-01-27,Cash,Razorpay,GBP,70800.0,Paid,0.0,ab37395a-0efa-48d5-add1-e6a73d801e76
PAY002313,BOOK002313,2024-12-13,Credit Card,Cash,AED,14042.0,Paid,0.0,d9dac9be-1fee-441e-9551-5a6343dcae18
PAY002314,BOOK002314,2026-01-25,Cash,Razorpay,INR,21063.0,Paid,0.0,22f029cd-ad84-4694-bba3-01b23699bf66
PAY002315,BOOK002315,2024-09-19,Cash,Stripe,GBP,24780.0,Paid,0.0,5a2e3f60-41f0-456a-b81c-b7fe243e1caf
PAY002316,BOOK002316,2024-09-21,Wallet,PhonePe,USD,35400.0,Paid,0.0,4b5cc5ea-a0bb-4938-aad4-e05cbd5a89ec
PAY002317,BOOK002317,2024-11-24,Wallet,Stripe,INR,117705.0,Paid,0.0,595c03b7-1291-4fa3-adad-80637c182838
PAY002318,BOOK002318,2025-02-12,Credit Card,Cash,SGD,30090.0,Paid,0.0,7f693ef2-18db-45c8-8092-7c12bd75500e
PAY002319,BOOK002319,2024-09-23,UPI,Razorpay,GBP,12537.5,Paid,0.0,bfa740bd-1346-4284-b793-1d23e33f5a34
PAY002320,BOOK002320,2025-04-13,Cash,PhonePe,EUR,21240.0,Refunded,10452.23,d1962899-c6aa-4dea-9d49-f56734b208d2
PAY002321,BOOK002321,2025-04-12,Credit Card,PhonePe,INR,27464.5,Paid,0.0,67a4af4d-8fa3-4c2a-a753-f858e1ffe318
PAY002322,BOOK002322,2025-10-03,Cash,PhonePe,SGD,11800.0,Paid,0.0,7ff98055-4bd4-4b05-bb7b-63e32e32b6c7
PAY002323,BOOK002323,2024-10-22,Cash,Cash,EUR,11800.0,Paid,0.0,c48909cd-49f2-465c-8d78-5d4b4615d435
PAY002324,BOOK002324,2026-04-12,Cash,Cash,INR,11151.0,Paid,0.0,12ee20ca-e2bd-4d69-8b25-a6dfacc94d5a
PAY002325,BOOK002325,2024-10-26,Credit Card,PayPal,AED,15045.0,Paid,0.0,d8e3ca8e-3606-4821-91ae-a3f112ee6fd4
PAY002326,BOOK002326,2025-10-09,Wallet,PhonePe,AED,16520.0,Paid,0.0,6b36d1ee-0b7a-40fa-9bce-a46058cddbf5
PAY002327,BOOK002327,2025-11-19,Net Banking,PhonePe,INR,17552.5,Paid,0.0,f0307387-c16a-405f-bcdc-63191e34a492
PAY002328,BOOK002328,2026-02-24,UPI,Stripe,AED,35400.0,Paid,0.0,7933f6e7-67ff-4b65-94e0-a66b580f03a5
PAY002329,BOOK002329,2026-01-21,Cash,Cash,USD,70800.0,Paid,0.0,d912b9ce-b72f-432c-955a-11bb87bc8130
PAY002330,BOOK002330,2025-01-15,UPI,Cash,SGD,8850.0,Paid,0.0,11453ae2-99a1-43d7-9480-3b45d2abdfb7
PAY002331,BOOK002331,2026-01-07,Cash,Stripe,AED,63720.0,Paid,0.0,9e7f322d-9c75-4603-9919-f23db293b011
PAY002332,BOOK002332,2026-02-19,Credit Card,Cash,GBP,14868.0,Paid,0.0,90efe87e-c698-40e1-a864-06bda736f01f
PAY002333,BOOK002333,2025-06-09,UPI,Cash,GBP,14042.0,Paid,0.0,f23e5f09-3aa4-43ca-bcf5-e3982fe57729
PAY002334,BOOK002334,2026-06-23,Debit Card,Cash,SGD,95580.0,Paid,0.0,4e4e31bf-3510-4ca7-b046-1c385b3d03ff
PAY002335,BOOK002335,2025-06-09,Net Banking,Cash,EUR,70210.0,Refunded,37221.47,9dda006d-c38f-499c-8c4b-5bd735596c65
PAY002336,BOOK002336,2025-08-01,Net Banking,PhonePe,GBP,50150.0,Failed,0.0,81105f23-2d6a-4218-a004-454f46f1636c
PAY002337,BOOK002337,2026-06-19,Credit Card,Cash,SGD,2802.5,Refunded,1687.33,25736aa4-db3a-4b6a-b16b-3573e211a889
PAY002338,BOOK002338,2025-07-12,Wallet,PhonePe,INR,25075.0,Paid,0.0,365d68f8-aacc-4ec0-85e5-467c39e08a2e
PAY002339,BOOK002339,2025-12-23,Wallet,PayPal,INR,63720.0,Paid,0.0,81e997d1-ba06-4cbb-a2dc-4da2bb55f9e4
PAY002340,BOOK002340,2025-03-19,Credit Card,PhonePe,USD,18880.0,Paid,0.0,7ad96806-f0b1-46b4-aeec-a943814b5cc1
PAY002341,BOOK002341,2025-05-19,Net Banking,PayPal,AED,5605.0,Paid,0.0,6583e46a-7bf4-4702-a5b8-2d543950e029
PAY002342,BOOK002342,2025-07-08,Cash,Cash,AED,5605.0,Paid,0.0,017d9404-7ca3-485b-b08e-8c8e8f611573
PAY002343,BOOK002343,2025-12-24,UPI,Stripe,AED,5900.0,Paid,0.0,dde74d05-8d6e-4b7c-a778-2ca34dd2d571
PAY002344,BOOK002344,2025-02-04,Debit Card,Stripe,USD,39648.0,Paid,0.0,7862a409-6d28-4ae8-846e-c39ba4d95610
PAY002345,BOOK002345,2024-12-18,Credit Card,Cash,EUR,33040.0,Paid,0.0,74d9d7b0-442f-4820-8272-f69da9d7b051
PAY002346,BOOK002346,2026-04-20,Credit Card,PayPal,EUR,19824.0,Paid,0.0,f200c480-da5f-4500-930e-b332d2b56a94
PAY002347,BOOK002347,2025-07-16,Net Banking,Stripe,GBP,15045.0,Paid,0.0,339e9dfb-3d20-4a80-aee1-430ce4231b57
PAY002348,BOOK002348,2026-04-14,Cash,PayPal,GBP,70800.0,Paid,0.0,36c0760f-362b-46f5-b673-9bc7edf7f494
PAY002349,BOOK002349,2024-12-20,Net Banking,Razorpay,INR,56640.0,Paid,0.0,cbfc3fac-0cc0-4535-9521-c049d3405d9e
PAY002350,BOOK002350,2025-07-05,UPI,Stripe,SGD,42480.0,Paid,0.0,610df722-afef-4123-84ff-2152e121fa59
PAY002351,BOOK002351,2025-07-30,Cash,Razorpay,GBP,9440.0,Paid,0.0,302672db-d3c4-48e9-aa54-9be05770c2ae
PAY002352,BOOK002352,2025-04-03,Wallet,PhonePe,USD,21063.0,Paid,0.0,f829237f-5e16-43e7-9106-2692a76f792d
PAY002353,BOOK002353,2025-01-16,Debit Card,PayPal,EUR,14042.0,Paid,0.0,a16463eb-8c30-465c-b2fe-6928571fe91c
PAY002354,BOOK002354,2025-04-15,Credit Card,Cash,INR,45135.0,Paid,0.0,117e7481-f1ca-437c-a20c-0dcbc0cf68e0
PAY002355,BOOK002355,2025-09-02,UPI,Cash,INR,4130.0,Paid,0.0,c384691e-88da-4b9c-858c-5c490072556b
PAY002356,BOOK002356,2024-10-31,Credit Card,Stripe,EUR,28320.0,Paid,0.0,78acc496-349e-40a4-8e7e-974e41673ecd
PAY002357,BOOK002357,2024-08-23,UPI,Razorpay,GBP,17700.0,Failed,0.0,ba555282-47fb-4a86-a4a7-4810c3c59f47
PAY002358,BOOK002358,2024-10-18,Debit Card,Razorpay,USD,42480.0,Paid,0.0,e887e29c-870d-4c36-87e4-cea1436fd97c
PAY002359,BOOK002359,2026-05-26,Credit Card,Razorpay,AED,14868.0,Paid,0.0,40e34994-ea8b-402b-a3c8-196d9d580ffc
PAY002360,BOOK002360,2026-05-31,Credit Card,PayPal,AED,7847.0,Paid,0.0,2d1b3b01-2c49-468b-9789-82cfafe724e6
PAY002361,BOOK002361,2025-06-21,Wallet,Stripe,SGD,100890.0,Paid,0.0,4f1497d1-65ee-45a9-ac41-6d09de9af5f7
PAY002362,BOOK002362,2025-03-06,UPI,Razorpay,USD,14868.0,Paid,0.0,9cf3ade9-cb06-4b8e-8d3d-f64fa626e6e1
PAY002363,BOOK002363,2026-04-07,Cash,Cash,EUR,44840.0,Paid,0.0,72c5cda2-b264-4f9e-bb97-82739852a56e
PAY002364,BOOK002364,2024-11-27,UPI,Stripe,GBP,28320.0,Paid,0.0,8e51e336-a379-4c0f-9623-110f94377c8a
PAY002365,BOOK002365,2026-04-17,Credit Card,Razorpay,EUR,5310.0,Paid,0.0,468384a0-1ea2-44eb-8d00-680b186ba94b
PAY002366,BOOK002366,2025-08-11,Cash,Stripe,EUR,19824.0,Paid,0.0,608d8879-66f1-4ffc-b635-6c92f1fb3bd2
PAY002367,BOOK002367,2025-12-18,Credit Card,PhonePe,USD,7434.0,Paid,0.0,42b831fc-7c4b-4a06-a046-282f83036a8c
PAY002368,BOOK002368,2026-03-11,Net Banking,Razorpay,EUR,19824.0,Refunded,15398.97,d052b6b7-faa1-438c-b164-abbc167b1cb5
PAY002369,BOOK002369,2025-12-11,Credit Card,PhonePe,GBP,49560.0,Paid,0.0,608d2f1a-d9df-4901-86fa-44efd21187a0
PAY002370,BOOK002370,2026-04-07,Net Banking,Razorpay,SGD,12390.0,Paid,0.0,5dfeea12-fe2c-427c-b69a-0138b0c74a8b
PAY002371,BOOK002371,2026-04-06,Debit Card,PayPal,INR,35105.0,Paid,0.0,42961741-103c-4d5f-83d2-94f6f2aee13c
PAY002372,BOOK002372,2025-01-08,Debit Card,PayPal,USD,17700.0,Paid,0.0,f4c3196b-1933-4443-a5a2-fc63f177fe1e
PAY002373,BOOK002373,2025-11-10,Net Banking,Razorpay,AED,106200.0,Paid,0.0,cbc13c5c-2d4a-491c-a19c-88f239d9e80e
PAY002374,BOOK002374,2026-07-06,UPI,PhonePe,USD,28320.0,Paid,0.0,75fa7d8c-eb03-48ac-8b4a-9a0e48bcbb94
PAY002375,BOOK002375,2025-01-27,Credit Card,Razorpay,AED,17552.5,Paid,0.0,59654635-4734-4d2e-8b06-5ed5a769305f
PAY002376,BOOK002376,2024-10-27,UPI,Stripe,USD,18880.0,Paid,0.0,599b7b33-0d55-4b2a-8099-cb10dd9a7236
PAY002377,BOOK002377,2024-12-08,Credit Card,Razorpay,GBP,21240.0,Paid,0.0,9bc53960-a58c-4ca6-af5b-6ae84a7dfbc7
PAY002378,BOOK002378,2026-02-12,Net Banking,PayPal,GBP,11800.0,Paid,0.0,99ed84a2-37a0-490c-8319-9f39ad402eab
PAY002379,BOOK002379,2025-02-06,Credit Card,Razorpay,USD,2507.5,Refunded,2143.56,a0377fdf-2d27-48bc-aed9-eadf3acda451
PAY002380,BOOK002380,2025-08-23,Wallet,PhonePe,INR,26019.0,Paid,0.0,7936bfe0-ee7b-4b1b-959f-d4f7e0971415
PAY002381,BOOK002381,2026-04-23,Cash,Stripe,INR,14160.0,Paid,0.0,06453849-6b41-4274-81d3-1c14b1e1ecfd
PAY002382,BOOK002382,2025-07-24,UPI,Cash,AED,21063.0,Paid,0.0,9c71ca92-1202-42c9-ad36-c15c00c24ce4
PAY002383,BOOK002383,2025-03-15,UPI,Stripe,USD,39235.0,Paid,0.0,7384f264-1c24-44c3-a5b0-a9e2aae72c88
PAY002384,BOOK002384,2024-12-23,Debit Card,Cash,GBP,84960.0,Refunded,65981.2,36f208d2-b935-428a-b0c1-42b7302f594f
PAY002385,BOOK002385,2026-07-15,Credit Card,Razorpay,EUR,35400.0,Failed,0.0,cda88cba-44d5-4454-8b8d-467e3d26fb58
PAY002386,BOOK002386,2026-07-09,Net Banking,Razorpay,AED,14160.0,Paid,0.0,9c2bd280-e04b-4f33-91e5-5c222c53be40
PAY002387,BOOK002387,2025-01-26,Net Banking,PayPal,EUR,7965.0,Failed,0.0,91d7420d-0696-4b78-ada1-d55760946bb6
PAY002388,BOOK002388,2025-10-16,Credit Card,Cash,USD,33040.0,Paid,0.0,c5416b4b-ac67-45c7-8e11-413b74df892c
PAY002389,BOOK002389,2025-07-15,Wallet,PayPal,INR,28320.0,Paid,0.0,046501ac-f216-4410-939a-16559e9b8c9e
PAY002390,BOOK002390,2025-04-01,Cash,PayPal,EUR,56640.0,Paid,0.0,28244b1d-43e3-4746-bbde-43021f529b95
PAY002391,BOOK002391,2025-05-28,Cash,Razorpay,GBP,31860.0,Paid,0.0,01434368-2aa3-467f-bbec-947e0ea83c1c
PAY002392,BOOK002392,2026-07-07,Debit Card,Razorpay,AED,28084.0,Paid,0.0,bc879910-3a22-4216-b16f-503916c38327
PAY002393,BOOK002393,2025-04-01,Cash,PayPal,INR,4720.0,Refunded,2869.51,ed3e0a9e-8095-4b70-8c79-4d6afe0c2388
PAY002394,BOOK002394,2025-02-09,UPI,Stripe,GBP,14160.0,Paid,0.0,d07a1fc1-5eb8-46de-b155-f1afbf25b5cc
PAY002395,BOOK002395,2025-11-30,UPI,PhonePe,SGD,8850.0,Paid,0.0,1a91d4d8-9fb4-4936-bca9-d905b4d1ec48
PAY002396,BOOK002396,2024-10-21,UPI,PhonePe,USD,17700.0,Paid,0.0,7fbc5dce-6eb3-4cfb-aa6e-5d79a6168ffc
PAY002397,BOOK002397,2025-08-26,Debit Card,Razorpay,INR,11210.0,Paid,0.0,7155941b-8076-4ab7-86e7-1591cdfe3f46
PAY002398,BOOK002398,2025-05-03,Debit Card,PhonePe,GBP,28320.0,Paid,0.0,1d69afcd-2d6d-4f71-90af-f429b04a943e
PAY002399,BOOK002399,2025-06-17,Debit Card,PhonePe,INR,74340.0,Paid,0.0,1e6bf4e7-ee08-4d96-a420-6007c1bb94e8
PAY002400,BOOK002400,2025-11-05,Debit Card,Cash,INR,20060.0,Paid,0.0,315af7b4-64b6-4684-99c3-672f10c296a7
PAY002401,BOOK002401,2025-07-28,Debit Card,Stripe,SGD,10531.5,Paid,0.0,12837ad4-6fd1-4c5a-ba69-b30cc3963ea7
PAY002402,BOOK002402,2026-02-26,Debit Card,PayPal,SGD,3717.0,Paid,0.0,f140f537-39c7-460f-bb93-119508e6bf5c
PAY002403,BOOK002403,2026-06-22,Debit Card,PhonePe,INR,11800.0,Paid,0.0,e319b410-c04f-4131-be2b-ef229c576bf5
PAY002404,BOOK002404,2024-09-28,UPI,PhonePe,EUR,21063.0,Paid,0.0,16e90d16-c0fe-4591-a3a9-347184ea0d8c
PAY002405,BOOK002405,2025-04-29,Cash,PayPal,USD,14868.0,Paid,0.0,798f3e06-12f1-4657-a454-497cbfe6874f
PAY002406,BOOK002406,2025-07-24,UPI,Razorpay,INR,2950.0,Paid,0.0,4aaf8204-b649-4c7d-ab5f-f8b685f63f5a
PAY002407,BOOK002407,2025-04-15,Wallet,Cash,USD,70800.0,Refunded,18700.6,e7908e16-58c6-4bb9-a546-7b32378b3828
PAY002408,BOOK002408,2026-06-16,Wallet,PayPal,USD,14750.0,Paid,0.0,7afe1409-f439-446f-b6bc-08d89ad19ea8
PAY002409,BOOK002409,2024-08-12,Credit Card,Razorpay,EUR,106200.0,Paid,0.0,fc46edfe-3764-4a7c-8164-48ee0e24a987
PAY002410,BOOK002410,2024-10-24,Debit Card,Stripe,AED,21063.0,Refunded,15239.35,6a65b2b4-17d1-4b68-b063-ffebe41588bf
PAY002411,BOOK002411,2025-03-16,Cash,Cash,INR,37170.0,Paid,0.0,1557d379-3ce7-4f41-82f5-2e2e57a15f27
PAY002412,BOOK002412,2026-03-04,Wallet,Razorpay,AED,63720.0,Paid,0.0,8f40964f-f27a-4708-9232-e7b9d1758763
PAY002413,BOOK002413,2026-05-13,Cash,Razorpay,AED,18880.0,Paid,0.0,fe10bd3b-84cd-49b3-a69a-c1654fca9c06
PAY002414,BOOK002414,2026-05-08,Cash,Razorpay,USD,11800.0,Paid,0.0,17d148b0-d84a-43f5-adfa-3eb960d7deed
PAY002415,BOOK002415,2026-05-08,Net Banking,Stripe,GBP,20060.0,Paid,0.0,ec10fd57-415a-423c-bc7c-054f9ba97c56
PAY002416,BOOK002416,2026-05-12,Credit Card,PhonePe,SGD,31860.0,Paid,0.0,6afb892b-bddd-4848-b5a1-73c77bc978b3
PAY002417,BOOK002417,2025-04-01,UPI,Stripe,AED,5310.0,Paid,0.0,5e6b9cfb-91e5-48ca-8ca1-3322dfa62cc3
PAY002418,BOOK002418,2025-09-17,UPI,Stripe,AED,39235.0,Paid,0.0,4fe83289-4aaa-4be6-88f3-6c8669624036
PAY002419,BOOK002419,2024-08-14,Cash,Stripe,USD,4720.0,Paid,0.0,2903ed4b-21b5-47ff-b62c-5f43c985d3a1
PAY002420,BOOK002420,2026-06-12,Wallet,PayPal,AED,11210.0,Paid,0.0,8bb56cc5-e12f-4f3e-ad1e-2b5d51822919
PAY002421,BOOK002421,2025-10-11,Cash,PhonePe,AED,11800.0,Paid,0.0,5313963f-76d5-4f8b-9b6e-164eddfe9892
PAY002422,BOOK002422,2026-01-10,Cash,PayPal,EUR,11800.0,Paid,0.0,facade98-d075-4ccb-bf83-6b8090ee0b8a
PAY002423,BOOK002423,2025-04-14,UPI,Cash,INR,15694.0,Paid,0.0,8df5c7e9-c3ac-44f8-90ec-3c7e5f364da0
PAY002424,BOOK002424,2026-01-15,Wallet,Cash,INR,17700.0,Paid,0.0,6d650675-cb1e-4412-b569-6696af2f21f2
PAY002425,BOOK002425,2025-03-08,Debit Card,Cash,EUR,70210.0,Paid,0.0,179babc0-0a26-4b73-803b-64b32cc3cb8f
PAY002426,BOOK002426,2025-03-11,Debit Card,PayPal,EUR,42480.0,Paid,0.0,9d553ca2-9bc6-4e84-95c5-b9d3022d8c50
PAY002427,BOOK002427,2024-11-29,UPI,Razorpay,AED,9440.0,Paid,0.0,6dcb9515-c114-4c98-baeb-8adb552520b6
PAY002428,BOOK002428,2026-02-23,Credit Card,Razorpay,AED,44840.0,Paid,0.0,382120ac-bd93-4c1a-bb53-a46a0f5a6157
PAY002429,BOOK002429,2025-06-08,Wallet,Cash,SGD,78470.0,Paid,0.0,8ad3a2b7-6747-419b-9f37-6eb52bd6eaad
PAY002430,BOOK002430,2024-10-08,UPI,Cash,USD,95580.0,Refunded,56433.6,72a06649-d8f0-46a0-8149-b24fe5aff41b
PAY002431,BOOK002431,2025-01-25,Debit Card,PhonePe,SGD,17700.0,Paid,0.0,eca42056-f5f5-42ba-b699-1ee0f7d96a79
PAY002432,BOOK002432,2026-04-23,Net Banking,Cash,INR,59000.0,Paid,0.0,0b4e081d-62d2-465b-9475-8de3752d309e
PAY002433,BOOK002433,2025-04-11,UPI,PayPal,EUR,4720.0,Paid,0.0,c5e4759d-d51e-445d-8e7b-7fe59952fecd
PAY002434,BOOK002434,2025-03-04,Cash,Cash,EUR,11800.0,Paid,0.0,0dcdde77-b488-48fc-af41-fb553b76e6d7
PAY002435,BOOK002435,2025-03-15,Debit Card,Cash,AED,5310.0,Refunded,4552.9,3b700f7a-a722-45fd-868f-83648e2ef24c
PAY002436,BOOK002436,2025-12-01,Debit Card,Stripe,SGD,49560.0,Paid,0.0,071487f4-c200-493f-96e7-9a79453690f2
PAY002437,BOOK002437,2025-02-10,Net Banking,PhonePe,INR,21063.0,Paid,0.0,eb3faa18-f32b-493f-82ad-05ebcadc9944
PAY002438,BOOK002438,2025-07-27,Debit Card,PayPal,GBP,9440.0,Paid,0.0,bf3fe236-00fe-49c2-8cb9-e06ad8b278f0
PAY002439,BOOK002439,2026-04-11,UPI,PayPal,AED,100890.0,Paid,0.0,b93bfa07-ef8a-429b-a90b-24541413676f
PAY002440,BOOK002440,2025-03-31,Cash,Cash,INR,4720.0,Paid,0.0,c269634c-259d-4555-8011-c3c67edfd316
PAY002441,BOOK002441,2025-10-11,UPI,PayPal,INR,44604.0,Paid,0.0,1aaf7373-c309-44f3-b18d-c8403712e9bf
PAY002442,BOOK002442,2026-05-17,Debit Card,Stripe,INR,13275.0,Paid,0.0,fe30887c-bbeb-4298-9aeb-6f516f27a93c
PAY002443,BOOK002443,2025-08-11,Credit Card,Cash,INR,19617.5,Paid,0.0,16839e1b-3695-4ef1-8e17-54981073cfb7
PAY002444,BOOK002444,2025-06-24,Debit Card,PhonePe,INR,18585.0,Paid,0.0,161cfd96-6956-42ea-bdcc-230db7eab4cb
PAY002445,BOOK002445,2026-07-27,Debit Card,PhonePe,USD,42126.0,Refunded,38293.4,9213820c-9ba0-4723-9802-cd8d279d3105
PAY002446,BOOK002446,2026-06-20,Credit Card,PayPal,USD,7021.0,Paid,0.0,83194e03-6cb2-4b7e-af40-57814b997784
PAY002447,BOOK002447,2026-04-27,Cash,Razorpay,SGD,11210.0,Paid,0.0,df9e4348-36b0-4d94-b138-49a87f830841
PAY002448,BOOK002448,2024-11-07,UPI,Razorpay,GBP,53100.0,Paid,0.0,6162f0f6-72da-4079-92b1-2c0c281e68fb
PAY002449,BOOK002449,2024-07-29,Wallet,PayPal,GBP,14160.0,Refunded,9844.47,7e07d479-2fa1-4441-8b68-c820e1d48874
PAY002450,BOOK002450,2026-04-16,Cash,Cash,INR,14042.0,Paid,0.0,053d3af1-2bdc-43d5-84fd-40571133dbc6
PAY002451,BOOK002451,2024-10-25,Debit Card,Cash,SGD,10620.0,Paid,0.0,4be2c44b-5f27-4aee-aac9-3b0962d93c56
PAY002452,BOOK002452,2024-11-09,Cash,PayPal,INR,17700.0,Failed,0.0,d7f377f8-2aaa-46aa-804b-aacd3ca29029
PAY002453,BOOK002453,2025-06-06,Credit Card,PayPal,USD,12537.5,Paid,0.0,1c84ef6f-a26b-44ca-bb3a-8afdcbf9f355
PAY002454,BOOK002454,2025-11-07,Cash,PayPal,INR,49560.0,Paid,0.0,2aab425e-2a65-41ef-9faa-32dcd9f9ca7d
PAY002455,BOOK002455,2024-08-29,Debit Card,Stripe,GBP,33040.0,Refunded,29508.58,a6b1f4d4-4878-44ce-b664-ae8fd59c14b7
PAY002456,BOOK002456,2025-02-24,Cash,Razorpay,INR,33040.0,Paid,0.0,f306a6dd-4341-4889-af3c-2f9305d036c9
PAY002457,BOOK002457,2026-04-11,Net Banking,Razorpay,SGD,28084.0,Paid,0.0,c96d809f-cd01-4cc9-b511-f7f5ed9cb13b
PAY002458,BOOK002458,2025-05-15,Debit Card,Razorpay,EUR,37760.0,Paid,0.0,4f19b553-f15f-4c28-8a6b-2fe87477c24b
PAY002459,BOOK002459,2026-06-01,Debit Card,PayPal,SGD,70800.0,Paid,0.0,6b19873c-db13-4507-b5ee-b506390dfa71
PAY002460,BOOK002460,2025-01-06,UPI,Cash,SGD,4720.0,Paid,0.0,36f4b1fe-49e0-41ce-b447-d19e47e45e32
PAY002461,BOOK002461,2025-07-09,Net Banking,PayPal,USD,18585.0,Paid,0.0,0c7c81bd-d5c8-472c-88d2-146fe05441ac
PAY002462,BOOK002462,2026-07-07,Cash,PayPal,INR,18585.0,Paid,0.0,f560b5c1-26d4-4ae2-99f8-527aaa2c6b0c
PAY002463,BOOK002463,2025-09-30,Debit Card,Cash,,21063.0,Paid,0.0,890e85d8-7e92-4058-8afb-de5a9e985426
PAY002464,BOOK002464,2025-10-15,Net Banking,PayPal,GBP,10620.0,Paid,0.0,0bc95b3a-8544-41f6-b37d-d6bb9a75d80a
PAY002465,BOOK002465,2026-04-11,Debit Card,PayPal,INR,66080.0,Paid,0.0,9a64c1da-f1e8-414c-affe-f660f63fd841
PAY002466,BOOK002466,2025-08-11,Wallet,PhonePe,AED,10620.0,Paid,0.0,5a98f87c-2d97-4034-96f6-09d1b6630822
PAY002467,BOOK002467,2025-04-12,UPI,PayPal,GBP,7021.0,Paid,0.0,eb215ad5-60b9-40a8-b519-e6642f4ac2ae
PAY002468,BOOK002468,2025-06-01,Credit Card,PhonePe,EUR,12537.5,Refunded,4978.18,38533810-6ce0-4265-b709-b296430def1d
PAY002469,BOOK002469,2025-12-03,Debit Card,PayPal,,123900.0,Paid,0.0,1fdfeefc-3c2f-4c98-bada-7c84c7c3b6ba
PAY002470,BOOK002470,2025-09-20,Credit Card,Razorpay,SGD,29500.0,Paid,0.0,d13b6b9c-d3f8-45c3-846c-0c4df579dec3
PAY002471,BOOK002471,2026-07-12,Debit Card,PayPal,AED,42480.0,Refunded,18035.57,3354076c-d9a7-4ac5-b025-1c2dd9ce33e1
PAY002472,BOOK002472,2025-05-14,Credit Card,Razorpay,USD,16520.0,Paid,0.0,5f13aa2c-ea06-44cc-828d-6d469af6ae69
PAY002473,BOOK002473,2024-11-11,UPI,PhonePe,AED,15930.0,Paid,0.0,1a908372-cd09-42b7-aa88-2ada211d30cb
PAY002474,BOOK002474,2024-09-16,Net Banking,Razorpay,EUR,99120.0,Paid,0.0,f9d39228-6a70-4f0f-8efb-1807a154d05c
PAY002475,BOOK002475,2025-06-15,Cash,Stripe,SGD,9440.0,Paid,0.0,3723710d-8656-4b4f-a85f-52648b18e7d3
PAY002476,BOOK002476,2026-03-22,Credit Card,PhonePe,USD,21240.0,Refunded,9329.71,28ed96bc-93e6-494b-8566-b016a3970e63
PAY002477,BOOK002477,2024-10-24,Credit Card,Stripe,GBP,18880.0,Refunded,15963.39,3a5db6a7-498c-4d5e-8a6c-7a7b1022b6be
PAY002478,BOOK002478,2024-10-17,Debit Card,Cash,INR,23600.0,Paid,0.0,4be0d2e5-8489-4de2-9acb-e240305fd1a0
PAY002479,BOOK002479,2025-11-17,Debit Card,Razorpay,AED,44840.0,Paid,0.0,d619b6f2-02a5-4b26-bf5d-329d29036d88
PAY002480,BOOK002480,2025-05-21,Net Banking,Cash,EUR,14160.0,Paid,0.0,55dd69de-8850-4ab3-a1df-8263c10800db
PAY002481,BOOK002481,2025-03-22,Debit Card,Razorpay,USD,23600.0,Paid,0.0,de283036-7968-46be-98b1-53dfabb7f957
PAY002482,BOOK002482,2025-05-18,UPI,PhonePe,EUR,10030.0,Paid,0.0,ce0d6ca0-53bf-4ecc-bfdc-5adc4b68de96
PAY002483,BOOK002483,2025-01-23,Credit Card,,EUR,22420.0,Paid,0.0,47eb4fe2-8f7e-41ad-ae11-ade85162aece
PAY002484,BOOK002484,2024-10-21,Net Banking,Razorpay,GBP,53100.0,Refunded,34692.92,8d3d2f01-4b2f-4dd1-b25a-5ea088b5e97e
PAY002485,BOOK002485,2025-01-01,Net Banking,PhonePe,GBP,70800.0,Refunded,39024.33,e36495ef-8adf-46c4-9095-ec54f04d956d
PAY002486,BOOK002486,2025-02-25,UPI,Razorpay,INR,20060.0,Paid,0.0,3e3c2b36-b850-4fa2-bf32-72989fe0e650
PAY002487,BOOK002487,2024-09-22,UPI,PayPal,AED,17552.5,Paid,0.0,0f9f7441-17e4-4235-98c9-2041f4f0e06e
PAY002488,BOOK002488,2026-04-23,Net Banking,Razorpay,GBP,84075.0,Paid,0.0,2633b817-78d2-4064-82a6-5196808ce2e2
PAY002489,BOOK002489,2026-01-28,Debit Card,Razorpay,EUR,33630.0,Paid,0.0,fc203e28-4a8a-4396-b90e-f1fa6dda690f
PAY002490,BOOK002490,2025-06-15,Credit Card,Stripe,EUR,117705.0,Paid,0.0,c4846543-5c9e-4a2d-ba43-4b797ab30c6e
PAY002491,BOOK002491,2026-01-11,UPI,Cash,INR,14012.5,Paid,0.0,130c9db3-8edf-496a-bc04-7f1c370365d1
PAY002492,BOOK002492,2026-07-15,Debit Card,PayPal,SGD,59000.0,Paid,0.0,32a6aac1-6958-438b-9089-bac9b1edf3fe
PAY002493,BOOK002493,2025-04-16,Debit Card,PhonePe,AED,11770.5,Paid,0.0,a70f59bb-4ec9-4e5b-b9ba-23c5a3cb3789
PAY002494,BOOK002494,2025-03-08,Wallet,Razorpay,SGD,50150.0,Paid,0.0,1149542b-fda8-424c-bde5-3e45740cf622
PAY002495,BOOK002495,2025-11-08,Wallet,PhonePe,USD,47200.0,Paid,0.0,d223b73e-4541-4de4-8c15-323e8cccf0a2
PAY002496,BOOK002496,2026-07-02,UPI,Cash,USD,47790.0,Paid,0.0,87bf4399-0b0f-486e-8f06-75cdbfa9e1cf
PAY002497,BOOK002497,2025-01-18,Credit Card,PhonePe,SGD,42126.0,Paid,0.0,33dab9f8-c5d4-4eec-809b-b0b98b684b2a
PAY002498,BOOK002498,2025-05-27,Debit Card,Stripe,GBP,28320.0,Paid,0.0,abeedf62-981c-4009-a44f-d68b2ea95a70
PAY002499,BOOK002499,2026-06-04,Wallet,Razorpay,EUR,22420.0,Paid,0.0,e6354b18-f0f9-4758-abe3-de1e39ed98cf
PAY002500,BOOK002500,2025-09-30,Wallet,Razorpay,GBP,16815.0,Paid,0.0,7254b157-2a9e-4888-8ab6-a307693ad6ab
PAY002501,BOOK002501,2024-08-18,Wallet,Razorpay,USD,26550.0,Failed,0.0,e855fd27-338b-499f-9ab5-8aebe1bb6cdf
PAY002502,BOOK002502,2026-01-05,Net Banking,PhonePe,GBP,11210.0,Paid,0.0,9058ad96-9379-4a66-a05b-2626986117ff
PAY002503,BOOK002503,2026-05-01,UPI,Stripe,AED,123900.0,Refunded,107164.45,18be4dff-3607-4a8b-8d1d-831d7b849cb0
PAY002504,BOOK002504,2024-09-22,Debit Card,PayPal,INR,53100.0,Paid,0.0,066321ab-bf8e-4369-9480-a1bc8ce77a0d
PAY002505,BOOK002505,2025-01-26,Debit Card,PayPal,SGD,24780.0,Paid,0.0,184959ca-9916-402c-9353-c60432c428b1
PAY002506,BOOK002506,2024-10-09,Wallet,Cash,SGD,31388.0,Paid,0.0,35854df9-80b1-43a7-9810-c7067ffb7f71
PAY002507,BOOK002507,2025-05-26,Net Banking,PayPal,INR,8407.5,Paid,0.0,6b7b103a-2046-4b86-a7fa-a12c374576d2
PAY002508,BOOK002508,2024-09-26,Cash,Razorpay,EUR,5900.0,Paid,0.0,259950e8-1024-4b7d-a403-64f81f3b0cbd
PAY002509,BOOK002509,2026-07-27,Wallet,PhonePe,INR,84960.0,Paid,0.0,12eca9c6-4e4a-4a5a-9af9-bc8542e1241f
PAY002510,BOOK002510,2025-05-16,Credit Card,Razorpay,AED,11210.0,Paid,0.0,b5383c28-a8ef-4d99-b7c8-6f6a703d297f
PAY002511,BOOK002511,2024-10-09,Wallet,Cash,GBP,10620.0,Paid,0.0,e4fa337f-1796-4faa-8942-6566117ca983
PAY002512,BOOK002512,2024-12-11,Debit Card,Cash,SGD,7021.0,Paid,0.0,9e408762-756d-4297-b1f1-3ed21f5c3d37
PAY002513,BOOK002513,2026-04-22,Debit Card,Razorpay,INR,63720.0,Failed,0.0,f668164b-5333-4892-9e06-523ae91c06a9
PAY002514,BOOK002514,2025-10-06,Cash,Cash,INR,39235.0,Paid,-100.0,b5ade21b-546c-41e0-a540-26a6a1c3e308
PAY002515,BOOK002515,2026-01-29,UPI,PayPal,USD,44604.0,Paid,0.0,0db09d1d-09da-4770-a8fa-62a6f460204d
PAY002516,BOOK002516,2024-10-25,UPI,Razorpay,USD,5605.0,Paid,0.0,788b2ba1-8136-45b9-a645-cc62df4e194a
PAY002517,BOOK002517,2025-09-23,Credit Card,Stripe,GBP,11151.0,Paid,0.0,9d88f4a2-cde3-43a2-bc4e-d07bb35ffc15
PAY002518,BOOK002518,2026-06-25,Wallet,Razorpay,USD,30090.0,Paid,0.0,f289a3ed-2d5b-4a2f-964e-67a432911fc9
PAY002519,BOOK002519,2025-09-23,Debit Card,Stripe,INR,15045.0,Paid,0.0,561e35f6-3436-43e0-9b2e-1a6e13a26f80
PAY002520,BOOK002520,2024-09-18,Debit Card,Razorpay,GBP,84960.0,Paid,0.0,88efd1b6-cb58-40b9-8779-76d9b0386573
PAY002521,BOOK002521,2026-01-18,UPI,PhonePe,SGD,2655.0,Paid,0.0,79414951-6cd5-447f-be96-b573001a52e5
PAY002522,BOOK002522,2025-10-28,UPI,PhonePe,AED,24780.0,Paid,0.0,f743d354-c786-419f-a5c7-c6bb20d84980
PAY002523,BOOK002523,2024-10-05,Wallet,Stripe,INR,50445.0,Refunded,49057.7,ac1e2571-77a7-4615-8842-4a9dc046f947
PAY002524,BOOK002524,2024-09-07,Net Banking,Stripe,EUR,2507.5,Paid,0.0,a7fb05b9-59a5-42de-93e7-eca6f527eef7
PAY002525,BOOK002525,2025-06-09,Cash,PayPal,GBP,16520.0,Paid,0.0,f28ab0ef-6931-42c6-9939-9c4341c7ed4d
PAY002526,BOOK002526,2025-02-25,Net Banking,Cash,USD,35400.0,Paid,0.0,726d0785-3dee-4a90-8159-56faf74c175e
PAY002527,BOOK002527,2025-06-15,Wallet,PayPal,INR,99120.0,Paid,0.0,00d12310-4c11-4f04-bc9f-a3df8a6caad0
PAY002528,BOOK002528,2024-08-24,Debit Card,Cash,AED,12390.0,Paid,0.0,358eae5c-77f6-4dba-87f3-454593120527
PAY002529,BOOK002529,2026-03-01,Wallet,PhonePe,USD,9912.0,Paid,0.0,69d8d049-8061-4423-85fe-3bbb15341cf7
PAY002530,BOOK002530,2026-02-13,Net Banking,Cash,INR,19824.0,Paid,0.0,55b1070c-c378-4f6c-831f-8ba39c4eba25
PAY002531,BOOK002531,2025-09-26,Cash,Stripe,SGD,70800.0,Paid,0.0,afb45d0f-afd3-4e92-aa01-07b7502f64f1
PAY002532,BOOK002532,2025-02-21,Wallet,Razorpay,INR,10620.0,Paid,0.0,15323bff-ba5a-44fd-9e38-6178deb66f0a
PAY002533,BOOK002533,2025-06-06,Cash,Cash,AED,3510.5,Paid,0.0,1fbcb718-4ffe-4cab-a253-714e23793b90
PAY002534,BOOK002534,2025-05-24,Debit Card,Stripe,EUR,47200.0,Paid,0.0,f368cc72-3b86-487b-b01f-24be270ee4a4
PAY002535,BOOK002535,2026-06-27,UPI,PayPal,EUR,2950.0,Paid,0.0,f3036da7-1383-4807-9e64-63ae3edbdd3f
PAY002536,BOOK002536,2025-12-10,Cash,PayPal,USD,15930.0,Paid,0.0,05cb075e-af41-429a-abb7-9b62bd23c2f9
PAY002537,BOOK002537,2025-12-01,UPI,PhonePe,SGD,10531.5,Paid,0.0,a0d6b4bf-87a1-43ed-b16b-6e9e72ffb100
PAY002538,BOOK002538,2024-10-19,Debit Card,PayPal,USD,39235.0,Paid,0.0,dfa3795c-a575-41af-89d9-1f9e438c10c0
PAY002539,BOOK002539,2026-07-08,Credit Card,Stripe,INR,5900.0,Refunded,4876.07,c0799c2a-a3d6-405d-a720-f23a3c2215dc
PAY002540,BOOK002540,2026-04-10,Net Banking,Razorpay,GBP,42480.0,Refunded,35612.51,213815aa-5156-4f60-8e56-4257c91f9b20
PAY002541,BOOK002541,2026-02-03,Wallet,PhonePe,USD,117705.0,Paid,0.0,5af34593-00cb-4ac1-b35e-272dc847109e
PAY002542,BOOK002542,2024-12-09,Wallet,Razorpay,INR,28910.0,Failed,0.0,f8edf5d4-6eb3-4b86-b458-89b1772f6078
PAY002543,BOOK002543,2025-02-19,Wallet,PayPal,GBP,18585.0,Paid,0.0,d14f5081-ead5-485c-934a-51e6b411d9ba
PAY002544,BOOK002544,2026-05-19,Cash,Stripe,GBP,14012.5,Paid,0.0,87020c42-0484-4617-8fb8-55d93c50b11f
PAY002545,BOOK002545,2024-12-22,Debit Card,PayPal,USD,7847.0,Failed,0.0,a816d8aa-50be-4752-8486-af371731532c
PAY002546,BOOK002546,2026-01-31,Debit Card,Cash,SGD,19824.0,Paid,0.0,b5535a6f-fabd-4f22-a86b-f8bd6d0a8a63
PAY002547,BOOK002547,2026-07-07,Wallet,Stripe,GBP,22302.0,Paid,0.0,05ac9492-d3b1-443c-ac00-46d14f285bc5
PAY002548,BOOK002548,2025-10-14,Wallet,Razorpay,EUR,21240.0,Paid,0.0,cfe3a4a1-e2d4-4974-98d5-1581a52d7a33
PAY002549,BOOK002549,2024-09-14,Debit Card,Cash,SGD,63720.0,Paid,0.0,cfd11ff6-c757-4c56-9223-49d7e02e2e05
PAY002550,BOOK002550,2025-08-19,Credit Card,PayPal,SGD,20060.0,Paid,0.0,01a50676-5d31-4b5f-a9b7-e8b4dd078f98
PAY002551,BOOK002551,2026-03-24,UPI,PhonePe,AED,10620.0,Paid,0.0,35d85323-8142-4c89-a798-e94440ee7aeb
PAY002552,BOOK002552,2025-08-31,Credit Card,PayPal,SGD,15930.0,Paid,0.0,caba136c-8905-4805-8f46-51e521e6e108
PAY002553,BOOK002553,2025-11-20,Net Banking,PayPal,INR,14160.0,Paid,0.0,a74d6000-5b33-410a-97cb-9b777cce09dc
PAY002554,BOOK002554,2025-01-17,Cash,Razorpay,AED,70800.0,Paid,0.0,6493b0af-fcb9-4553-a0b2-f1670c390c6a
PAY002555,BOOK002555,2024-09-01,Cash,Stripe,EUR,17552.5,Paid,0.0,f6d356e7-b2a7-4007-a33f-e3fb4249b46d
PAY002556,BOOK002556,2026-07-25,Net Banking,Stripe,EUR,7965.0,Paid,0.0,f562265e-535d-42f1-af21-1c959892b49f
PAY002557,BOOK002557,2026-06-03,Credit Card,Stripe,EUR,47200.0,Paid,0.0,b9afbc68-8053-4d13-80db-48392e639837
PAY002558,BOOK002558,2024-11-17,Net Banking,PhonePe,GBP,106200.0,Paid,0.0,1c7d3e2b-4fbd-4c2f-9ce4-982469554641
PAY002559,BOOK002559,2024-09-18,Wallet,Stripe,GBP,28910.0,Paid,0.0,e97807dd-a89f-405e-ac11-d75f5e3567c3
PAY002560,BOOK002560,2025-01-05,Wallet,Stripe,AED,14160.0,Paid,0.0,f737423f-59f5-4fc1-adc1-0b65b7bce960
PAY002561,BOOK002561,2024-08-06,Debit Card,PayPal,EUR,4130.0,Paid,0.0,185edfcf-5c19-4059-8c51-b7ab0c3ad9d5
PAY002562,BOOK002562,2024-08-13,Credit Card,PayPal,EUR,20650.0,Paid,0.0,31d4c21d-156c-44fe-899b-81290d6390b2
PAY002563,BOOK002563,2025-05-08,Debit Card,Stripe,USD,3717.0,Paid,0.0,e9a1a383-3afc-47fc-8941-d8dc61ecd3c0
PAY002564,BOOK002564,2026-07-07,Credit Card,Razorpay,GBP,20650.0,Paid,0.0,bc887af3-7dda-47f7-aab2-0fe88f4df402
PAY002565,BOOK002565,2026-03-19,Credit Card,Razorpay,INR,5310.0,Paid,0.0,9c2d3d2e-553d-4fd7-824b-ee2b1a7fe97b
PAY002566,BOOK002566,2026-01-13,Wallet,Stripe,INR,19824.0,Paid,0.0,9f38eb2f-fbbb-43ab-a7e5-cd098376554d
PAY002567,BOOK002567,2025-09-09,Cash,PhonePe,EUR,47200.0,Paid,0.0,45d9e803-4710-4252-b1d5-d5f5ebb1d597
PAY002568,BOOK002568,2026-04-14,Debit Card,Razorpay,INR,15930.0,Paid,0.0,c76b5560-f890-447d-b070-9c37f52a9b9d
PAY002569,BOOK002569,2026-04-11,Wallet,Razorpay,EUR,31860.0,Paid,0.0,147997f9-c7dd-4f90-b1ca-278df996b5cd
PAY002570,BOOK002570,2025-11-28,Cash,Stripe,GBP,9912.0,Paid,0.0,8902886b-8b2e-4929-b9d9-3b3a8c0f84d3
PAY002571,BOOK002571,2024-11-13,Credit Card,Cash,SGD,16520.0,Paid,0.0,1769a0ea-1329-4678-81af-bd838fdd3957
PAY002572,BOOK002572,2026-07-30,UPI,Stripe,AED,18880.0,Paid,0.0,fbf9f7b9-6aea-4e62-abf5-326449c2149a
PAY002573,BOOK002573,2025-06-14,Wallet,Razorpay,INR,6608.0,Failed,0.0,75e329cb-8f6f-433b-8082-7dc3a924a18e
PAY002574,BOOK002574,2025-10-14,UPI,Cash,SGD,41300.0,Paid,0.0,be7f8a98-9181-4213-80ab-3a33e2002ba2
PAY002575,BOOK002575,2025-07-11,Credit Card,PayPal,GBP,10620.0,Paid,0.0,a2b0babd-3b39-4b68-8b07-b0b7fb6d4fb8
PAY002576,BOOK002576,2025-06-08,Wallet,PhonePe,SGD,90270.0,Paid,0.0,5fe14b25-2b4b-4153-9377-9ae8b1497029
PAY002577,BOOK002577,2025-05-25,Wallet,Razorpay,INR,10620.0,Paid,0.0,33f30de3-298e-419d-8b32-0f6886dfa462
PAY002578,BOOK002578,2025-11-20,UPI,Cash,SGD,16815.0,Paid,0.0,413dd5b4-3e1c-4d2f-ba5a-02ffd5570f85
PAY002579,BOOK002579,2026-04-16,Cash,Cash,USD,11151.0,Paid,0.0,a49bfa54-f9b8-462b-bcd1-79b6bb72e3a6
PAY002580,BOOK002580,2025-02-22,Wallet,PayPal,GBP,11800.0,Paid,0.0,2e466f56-2f82-4b18-b393-7b4274a847fc
PAY002581,BOOK002581,2025-05-29,Wallet,Razorpay,USD,5015.0,Paid,0.0,a5d2fd38-d1ae-4f95-b47a-fc5259c7769e
PAY002582,BOOK002582,2024-10-10,Wallet,Cash,EUR,29736.0,Paid,0.0,9123dbfb-b0e2-4f30-9f6c-f327af30eda9
PAY002583,BOOK002583,2025-05-04,Wallet,PhonePe,AED,7021.0,Refunded,2208.38,30c6516a-a9f2-4e18-a0f4-575b4c6ddcd6
PAY002584,BOOK002584,2025-06-21,Debit Card,PhonePe,EUR,31860.0,Paid,0.0,628db7e3-e0ad-4cf1-8f83-575184d88328
PAY002585,BOOK002585,2025-08-29,UPI,Razorpay,EUR,20060.0,Paid,0.0,e3e0ce04-d2d3-4647-b210-e849d7a08427
PAY002586,BOOK002586,2025-12-10,Wallet,Razorpay,GBP,10531.5,Refunded,4823.62,ad822d7d-0b59-4572-8dc6-02fb269abae4
PAY002587,BOOK002587,2024-10-28,Wallet,PhonePe,SGD,10620.0,Paid,0.0,eac9637e-e54e-43b4-befe-fe496da49902
PAY002588,BOOK002588,2024-12-09,UPI,PhonePe,INR,23600.0,Failed,0.0,5a9c616a-c209-464c-a1ac-d6ae9d8fb7ef
PAY002589,BOOK002589,2026-07-10,UPI,Cash,AED,18880.0,Paid,0.0,9d33ab16-3d15-4a1f-ace9-8bc77c2771f8
PAY002590,BOOK002590,2025-06-30,Net Banking,Stripe,USD,59000.0,Paid,0.0,fa102c91-ef70-4d95-9041-cc99cc8d366d
PAY002591,BOOK002591,2025-08-02,UPI,Cash,AED,28320.0,Paid,0.0,e25085a2-11e9-4025-8805-d6e4de3df142
PAY002592,BOOK002592,2025-01-18,Credit Card,Razorpay,USD,111510.0,Paid,0.0,23147024-3cec-412e-bfed-e4c1524cefa8
PAY002593,BOOK002593,2026-03-29,Cash,Razorpay,GBP,82600.0,Paid,0.0,595cd38f-6448-4e5d-99fd-1bba32b9294a
PAY002594,BOOK002594,2025-03-17,Net Banking,PayPal,SGD,15930.0,Paid,0.0,791e4e86-3827-44eb-9fc6-b1101d5747ca
PAY002595,BOOK002595,2024-09-30,Cash,Cash,AED,14160.0,Paid,-100.0,476b73b2-6eb2-427e-8a82-2233df2eb1ec
PAY002596,BOOK002596,2025-04-09,Wallet,Razorpay,GBP,35400.0,Paid,0.0,f0a7b464-b2ad-4327-9c84-d34176c673f9
PAY002597,BOOK002597,2026-05-22,Net Banking,PayPal,AED,5605.0,Paid,0.0,c434ddbe-caa2-471b-8331-d6f793b0936c
PAY002598,BOOK002598,2025-12-05,Net Banking,Razorpay,AED,67260.0,Paid,0.0,56770eb9-714f-4056-a024-eae72070201f
PAY002599,BOOK002599,2026-02-23,Wallet,PhonePe,SGD,5310.0,Paid,0.0,18f37017-8260-446a-8881-3c8f0da269ef
PAY002600,BOOK002600,2026-04-21,Credit Card,PhonePe,EUR,33040.0,Paid,0.0,2bdcc61b-7648-43e2-83be-df55ed44d8a4
PAY002601,BOOK002601,2024-12-05,Wallet,PhonePe,SGD,19617.5,Paid,0.0,660fc212-0dc4-4dce-8d08-9effe4d936ac
PAY002602,BOOK002602,2026-04-30,Wallet,PhonePe,GBP,44604.0,Paid,0.0,8a2cb4fd-d28d-4d86-b8bc-11a9634f8116
PAY002603,BOOK002603,2024-11-13,Debit Card,PhonePe,AED,13275.0,Paid,0.0,8e89a07a-eef6-47d3-8d7c-bd9f6db1375a
PAY002604,BOOK002604,2025-07-20,Credit Card,Stripe,AED,79650.0,Refunded,62952.12,7868086e-94e8-4a0f-b89d-d8dbc88910f6
PAY002605,BOOK002605,2025-04-22,Net Banking,Stripe,GBP,12390.0,Paid,0.0,29a690b4-48f6-49bb-b8ea-931d0429daa2
PAY002606,BOOK002606,2024-12-13,UPI,PayPal,GBP,95580.0,Paid,0.0,33d55d21-afe4-497c-bc36-bda39b108e91
PAY002607,BOOK002607,2025-06-18,Wallet,Stripe,EUR,11210.0,Paid,0.0,ee7269be-ec18-454b-a6ca-33f128b4da96
PAY002608,BOOK002608,2025-04-05,UPI,Cash,EUR,44604.0,Paid,0.0,bb422132-e539-41a1-a363-92ca559b2eeb
PAY002609,BOOK002609,2026-03-21,Cash,Cash,EUR,14012.5,Refunded,10555.99,281b8dfa-3648-48d4-a3cd-948b006be362
PAY002610,BOOK002610,2024-10-26,Credit Card,Stripe,EUR,25075.0,Paid,0.0,66e71769-adc9-481f-a040-28f12d02aae3
PAY002611,BOOK002611,2026-04-04,Wallet,PhonePe,GBP,23600.0,Paid,0.0,0a3fd623-8809-4b28-981d-51d3e2300b48
PAY002612,BOOK002612,2025-05-07,Cash,Stripe,USD,23541.0,Paid,0.0,a40c16b9-bf8a-42ef-8c79-63f7b926483d
PAY002613,BOOK002613,2026-04-18,UPI,,USD,16520.0,Paid,0.0,bef6b061-1839-4a2f-88ac-677e8424aec8
PAY002614,BOOK002614,2025-04-06,Debit Card,PhonePe,GBP,111510.0,Refunded,43876.64,3ed4ea06-0c35-4ab2-ba01-85bb63fa4b33
PAY002615,BOOK002615,2025-08-02,Cash,PhonePe,INR,14160.0,Failed,0.0,4ba8f8d2-c8c7-40ff-a512-11ea813d21c7
PAY002616,BOOK002616,2026-07-19,Debit Card,Cash,USD,33630.0,Refunded,21799.94,1b522d36-75a5-4595-b20c-2a9eba107e84
PAY002617,BOOK002617,2025-12-26,UPI,Cash,SGD,2950.0,Paid,0.0,75d17acf-0330-4de3-b286-fd7b725dd7c4
PAY002618,BOOK002618,2026-03-12,Credit Card,PayPal,GBP,35400.0,Paid,0.0,36b3bb7c-d8be-4ff1-a323-73445a651046
PAY002619,BOOK002619,2026-05-17,Debit Card,Cash,SGD,45135.0,Paid,0.0,df975d22-0209-4533-9310-e9dfc8d454b3
PAY002620,BOOK002620,2025-10-01,Debit Card,Razorpay,SGD,7522.5,Paid,0.0,c7e84380-ee69-4cec-a018-457fd853e706
PAY002621,BOOK002621,2026-07-14,Debit Card,Stripe,AED,47200.0,Paid,0.0,526b10df-ca1c-46ed-9473-fde735b0a98c
PAY002622,BOOK002622,2026-07-10,Credit Card,Cash,GBP,56640.0,Refunded,31169.54,fe805fb7-d854-4152-a578-2e8845e62974
PAY002623,BOOK002623,2025-06-27,Cash,Cash,USD,11210.0,Paid,0.0,8d20d140-ce2d-44f4-ae5d-85243ed61cfc
PAY002624,BOOK002624,2026-01-27,Wallet,Razorpay,EUR,5900.0,Paid,0.0,996ac5f4-8e63-4b0a-a984-bfc308367a55
PAY002625,BOOK002625,2024-12-12,Debit Card,Razorpay,EUR,23600.0,Paid,0.0,724d107e-26bf-46df-b627-95279de59a0c
PAY002626,BOOK002626,2025-09-25,Debit Card,Razorpay,EUR,19617.5,Paid,0.0,8270d913-d1b5-4cb3-ba8a-83cd47d2fe20
PAY002627,BOOK002627,2025-01-28,Net Banking,PayPal,INR,14160.0,Paid,0.0,f5544a5b-1cbe-47e2-9ddb-f8b5605f235f
PAY002628,BOOK002628,2025-12-10,Debit Card,PayPal,SGD,3717.0,Paid,0.0,b6c4dcac-4dd2-48a4-8beb-6edb1d007ab2
PAY002629,BOOK002629,2024-08-28,Debit Card,PhonePe,SGD,20650.0,Paid,0.0,355f4cf0-8c32-4722-96e2-fe8898a23acb
PAY002630,BOOK002630,2024-10-24,Wallet,Razorpay,SGD,28084.0,Paid,0.0,a8463342-fb26-493d-af85-e05dcc5c3b99
PAY002631,BOOK002631,2026-06-25,Wallet,PayPal,EUR,2360.0,Paid,0.0,33c361f1-2b21-468d-80d7-f8be79ddf2b2
PAY002632,BOOK002632,2025-05-21,Credit Card,Razorpay,USD,106200.0,Paid,0.0,8c505032-8b22-4695-8244-73cfa481653a
PAY002633,BOOK002633,2025-05-11,Credit Card,PayPal,AED,35105.0,Paid,0.0,6f05efb7-1fab-4446-b834-7a3b6ede5de8
PAY002634,BOOK002634,2025-06-26,Net Banking,Stripe,GBP,8260.0,Paid,0.0,ee4c4801-cc94-4bfe-b340-76b3479cd03e
PAY002635,BOOK002635,2025-02-14,Credit Card,PhonePe,GBP,12537.5,Paid,0.0,b0835875-600d-41e1-81cb-4642603bb279
PAY002636,BOOK002636,2025-10-02,Credit Card,Razorpay,GBP,82600.0,Paid,0.0,ec06eca4-9888-4b97-a072-0f6c3c59eadb
PAY002637,BOOK002637,2024-10-31,Debit Card,Cash,USD,37760.0,Paid,0.0,2abc01e1-7067-4750-b982-78e545e95ddc
PAY002638,BOOK002638,2025-05-06,Net Banking,Razorpay,AED,33040.0,Paid,0.0,81ce0ac0-43c2-42c3-81bf-cef00d502710
PAY002639,BOOK002639,2025-08-16,Cash,Cash,AED,7021.0,Paid,0.0,7be09fab-fbd1-4545-9771-40dbfc7b091d
PAY002640,BOOK002640,2025-01-02,Debit Card,Cash,SGD,82600.0,Paid,0.0,40951f6e-2e89-485b-a005-c35f258ee42e
PAY002641,BOOK002641,2025-10-20,Cash,Stripe,AED,35400.0,Paid,0.0,439ac229-418a-4501-9443-675852030fed
PAY002642,BOOK002642,2025-05-29,Debit Card,Stripe,SGD,12537.5,Failed,0.0,f011f47f-d1f1-4661-a2c2-2663b330ef50
PAY002643,BOOK002643,2025-10-21,Net Banking,Stripe,SGD,10620.0,Paid,0.0,5e880d81-16bb-47bf-8e14-12d48de22055
PAY002644,BOOK002644,2024-09-13,UPI,PayPal,AED,44840.0,Paid,0.0,d307c301-6b9d-4887-94e5-1e64d6965838
PAY002645,BOOK002645,2024-10-02,Credit Card,PhonePe,SGD,14042.0,Refunded,7996.25,10342b58-9774-47f3-b23a-6691564a1cfa
PAY002646,BOOK002646,2025-10-19,Debit Card,Razorpay,GBP,28320.0,Paid,0.0,ba82473e-5745-4574-9ceb-0440cc2af3b0
PAY002647,BOOK002647,2024-09-29,Wallet,Razorpay,INR,28320.0,Paid,0.0,0b271a17-3950-4670-9f0c-b4cb3dd6b538
PAY002648,BOOK002648,2025-08-02,Net Banking,PhonePe,GBP,31860.0,Paid,0.0,c9e93c3f-7566-4d77-ac61-6d01cd9a537a
PAY002649,BOOK002649,2024-11-23,Cash,Cash,INR,22420.0,Refunded,5720.7,6438b424-9ea6-4914-8326-afb9662e6212
PAY002650,BOOK002650,2026-04-22,Net Banking,PayPal,EUR,26550.0,Paid,0.0,f2fde91f-9461-49b6-a75c-20dd060cd73f
PAY002651,BOOK002651,2025-07-26,Cash,PayPal,SGD,9440.0,Paid,0.0,c4f73e2a-bad2-4a33-9782-f9640608bae4
PAY002652,BOOK002652,2025-06-04,UPI,Razorpay,GBP,39235.0,Paid,0.0,ba56e0e9-ab60-41a2-8fac-816294ca2710
PAY002653,BOOK002653,2024-12-05,Credit Card,Cash,SGD,42126.0,Paid,0.0,0c5fed75-3b0b-4437-a070-e230cf2a64cf
PAY002654,BOOK002654,2026-07-05,Credit Card,Razorpay,EUR,47790.0,Failed,0.0,9370cea3-4eec-4e8a-8d16-0e7285218367
PAY002655,BOOK002655,2026-02-05,Wallet,PhonePe,USD,12537.5,Paid,0.0,7abb9de4-44e7-4828-bd03-36aaecbabfd5
PAY002656,BOOK002656,2025-09-24,Cash,PhonePe,USD,11800.0,Paid,0.0,ef9628ec-ca4d-4ae7-b5bb-1dad1e6b7b24
PAY002657,BOOK002657,2025-01-12,Credit Card,Stripe,AED,105315.0,Paid,0.0,6509160d-63f1-44d9-841d-78c58761411f
PAY002658,BOOK002658,2025-07-23,Debit Card,PayPal,USD,47200.0,Paid,0.0,8571806d-214c-4a36-ab75-a9bedbb29787
PAY002659,BOOK002659,2026-06-28,Debit Card,Cash,EUR,11210.0,Paid,0.0,47f99175-d206-409d-813b-7f0619e7b0bb
PAY002660,BOOK002660,2024-09-12,Debit Card,PayPal,USD,17700.0,Paid,0.0,ab024852-b510-4631-a959-bc922a2d277b
PAY002661,BOOK002661,2024-12-08,Debit Card,Cash,AED,74340.0,Paid,0.0,0dbebc1b-bfc9-485d-80c7-30867975930d
PAY002662,BOOK002662,2025-07-02,Cash,Razorpay,AED,5900.0,Paid,0.0,eefde5d2-b8f8-41ed-9ade-ccf09bb87276
PAY002663,BOOK002663,2026-04-15,Wallet,Stripe,EUR,22420.0,Paid,0.0,52218bbc-052e-4ed1-9520-9f7925869823
PAY002664,BOOK002664,2025-03-08,Credit Card,Razorpay,SGD,2655.0,Refunded,2088.03,5c995c64-22d4-4ddf-b635-fc05deb09e8a
PAY002665,BOOK002665,2026-07-17,Cash,PayPal,SGD,90270.0,Paid,0.0,914cfbe0-04cd-410a-bbd5-f66b04e328ce
PAY002666,BOOK002666,2024-11-02,UPI,Razorpay,SGD,84075.0,Paid,0.0,0aa52778-9fc8-4b54-8f55-50eb04c8cec1
PAY002667,BOOK002667,2024-11-04,Credit Card,Razorpay,SGD,117705.0,Paid,0.0,5022e880-f8bd-4fcc-999c-5cc2c8216b91
PAY002668,BOOK002668,2024-10-18,Cash,Stripe,USD,42126.0,Paid,0.0,f55cf0bd-4ae4-4a03-8156-396281bd7589
PAY002669,BOOK002669,2024-08-10,Debit Card,Razorpay,INR,33630.0,Paid,0.0,84cc64e4-147a-4373-8ca4-8b0189309fce
PAY002670,BOOK002670,2025-08-27,Net Banking,Stripe,AED,17552.5,Failed,0.0,290bf54e-c8d4-40c9-ab15-6e5137fbf1ba
PAY002671,BOOK002671,2026-04-06,Net Banking,Stripe,AED,9440.0,Paid,0.0,0cc8708e-4e47-4db5-9c2c-bd6079a71734
PAY002672,BOOK002672,2025-08-14,Cash,Razorpay,EUR,26019.0,Paid,0.0,75c0d6ee-9714-4844-9403-60a231281076
PAY002673,BOOK002673,2026-04-02,Credit Card,PhonePe,USD,35400.0,Paid,0.0,0f938726-3c13-4d23-919f-1de9268cc922
PAY002674,BOOK002674,2025-06-10,Credit Card,Stripe,INR,19824.0,Refunded,10126.01,d125a370-57c4-4638-9425-112af81d916a
PAY002675,BOOK002675,2026-02-16,Net Banking,Cash,AED,23600.0,Paid,0.0,99131b09-cb20-4388-8092-c088e4556534
PAY002676,BOOK002676,2026-04-21,Cash,PayPal,AED,24780.0,Paid,0.0,8c6f26c7-cdd8-4550-9ec5-199fd9fd5db5
PAY002677,BOOK002677,2025-12-04,UPI,Stripe,GBP,17700.0,Paid,0.0,535e9442-a3fa-4f4e-9903-8c3bc6389962
PAY002678,BOOK002678,2024-10-30,Credit Card,Cash,EUR,70800.0,Paid,0.0,bb209f94-ad4e-4476-a997-ccc818f3b299
PAY002679,BOOK002679,2026-01-31,Debit Card,Razorpay,INR,50150.0,Paid,0.0,f1419b02-19ad-4d72-b91e-ee3431306584
PAY002680,BOOK002680,2026-02-17,Debit Card,PayPal,EUR,79650.0,Paid,0.0,41731597-c3fa-499a-be82-dbb551cd1ad0
PAY002681,BOOK002681,2024-12-15,Cash,PayPal,INR,31860.0,Paid,0.0,a160c9f1-7df5-48e3-807e-8d28664de553
PAY002682,BOOK002682,2026-07-12,UPI,Stripe,GBP,123900.0,Paid,0.0,afadfcd4-4b73-49ac-9dbc-b7013fa8a424
PAY002683,BOOK002683,2024-10-05,Credit Card,Razorpay,USD,79650.0,Paid,0.0,cf75cbcf-3665-4634-97d5-9651e4d87ebb
PAY002684,BOOK002684,2026-02-19,Wallet,Stripe,INR,22420.0,Paid,0.0,a5220c56-ca93-4175-bb56-4185988b2d3a
PAY002685,BOOK002685,2024-10-17,Net Banking,Cash,SGD,14750.0,Paid,0.0,2a9c71c0-66d6-4c07-8a42-942a12d5c801
PAY002686,BOOK002686,2024-11-07,Cash,PayPal,EUR,3510.5,Paid,0.0,c28163fb-0ec9-46ff-a2b7-a395ebe48f52
PAY002687,BOOK002687,2024-11-22,Credit Card,PhonePe,SGD,40120.0,Paid,0.0,8a57afb4-f661-4f77-b0f8-4a47a1328755
PAY002688,BOOK002688,2025-08-28,Cash,Stripe,USD,33630.0,Paid,0.0,9ca786c6-5691-40a8-b9f6-b7782a6724b8
PAY002689,BOOK002689,2025-07-30,Debit Card,Razorpay,GBP,24780.0,Paid,0.0,f48a0605-1069-45ce-8bd0-eda7bb45ca30
PAY002690,BOOK002690,2024-11-25,Debit Card,Cash,USD,17552.5,Paid,0.0,a69675db-dd74-4406-8fc5-2aa98942add5
PAY002691,BOOK002691,2025-08-13,UPI,PayPal,GBP,5605.0,Paid,0.0,6dcb80ab-a146-42e8-b789-1f6e655a26f9
PAY002692,BOOK002692,2026-03-05,Wallet,Stripe,AED,15694.0,Refunded,11550.19,51ebdf41-f7ae-460f-bee9-136eee79add9
PAY002693,BOOK002693,2026-03-12,Credit Card,Razorpay,EUR,9440.0,Paid,0.0,cb96e985-416d-4c0e-8708-79cf00e2e04a
PAY002694,BOOK002694,2026-02-04,Cash,Cash,INR,95580.0,Paid,0.0,338ec70c-6f41-4175-b7d8-d217747ed594
PAY002695,BOOK002695,2025-04-13,Credit Card,PayPal,,9440.0,Paid,0.0,4b88557c-b8f6-40fd-aa17-4a0cf4da6f6c
PAY002696,BOOK002696,2024-11-21,UPI,Stripe,AED,47082.0,Paid,0.0,c1c39c82-a90c-4058-b2bf-420e53cb22f1
PAY002697,BOOK002697,2024-09-14,Cash,PayPal,SGD,10620.0,Paid,0.0,221279f2-e436-498a-bcd2-21111c453be6
PAY002698,BOOK002698,2025-12-11,Net Banking,PhonePe,EUR,74340.0,Paid,0.0,5984722a-ce56-4297-bdf1-9434677ae87c
PAY002699,BOOK002699,2025-09-05,Net Banking,PhonePe,AED,37170.0,Paid,0.0,470ef182-fe8a-4e51-8a9f-89373f1ec8a1
PAY002700,BOOK002700,2025-01-24,Debit Card,Razorpay,AED,18880.0,Paid,0.0,7934f415-20f9-4fb6-b0f8-1c24fc60c75b
PAY002701,BOOK002701,2025-10-22,Net Banking,Cash,GBP,30090.0,Paid,0.0,b30e53c8-bb3c-4ba4-ad17-78f89f45fc2e
PAY002702,BOOK002702,2025-12-18,Credit Card,Razorpay,AED,15694.0,Paid,0.0,a27df2dc-8fe6-4a8f-a00d-c9c9fceb82c1
PAY002703,BOOK002703,2025-11-27,Credit Card,Razorpay,USD,20060.0,Paid,0.0,588fbe54-a642-40a2-b7fc-7e67162d3de6
PAY002704,BOOK002704,2024-08-12,Credit Card,PayPal,AED,19617.5,Paid,0.0,15740eeb-ca56-4944-81c9-d33083dd136c
PAY002705,BOOK002705,2024-09-05,Wallet,PhonePe,SGD,17700.0,Paid,0.0,235e13a7-3374-44fc-a1ea-5accc8606c3d
PAY002706,BOOK002706,2026-01-15,Debit Card,Razorpay,INR,7522.5,Paid,0.0,8ba9e706-2b41-407d-8d49-cb655c20b02f
PAY002707,BOOK002707,2025-03-31,Credit Card,Stripe,EUR,15045.0,Paid,0.0,3dab5b50-3767-4769-808d-9143d991ac65
PAY002708,BOOK002708,2026-03-10,Wallet,Stripe,EUR,16815.0,Paid,0.0,02f05645-41c1-4e63-af22-d5af13e60f74
PAY002709,BOOK002709,2025-01-26,Credit Card,PhonePe,GBP,42126.0,Paid,0.0,81fc9117-a356-4008-b242-0648958af79b
PAY002710,BOOK002710,2025-03-23,Debit Card,Stripe,AED,16815.0,Paid,0.0,9d89a91a-e4d3-4dc7-bccd-242ae00532bd
PAY002711,BOOK002711,2026-05-03,UPI,Cash,EUR,14750.0,Paid,0.0,bcce67f7-ce44-4c43-a703-a573dca891ec
PAY002712,BOOK002712,2026-03-28,Cash,Stripe,USD,14042.0,Paid,0.0,bf0ef117-d876-4252-aa78-2337761cac72
PAY002713,BOOK002713,2024-09-24,Debit Card,Stripe,,33040.0,Refunded,29023.17,5f33f882-6116-4673-9b46-81da1e37158e
PAY002714,BOOK002714,2025-08-01,Debit Card,PayPal,GBP,14750.0,Paid,0.0,563c440a-28f8-4183-a267-019afa61cabd
PAY002715,BOOK002715,2025-11-11,Credit Card,Stripe,USD,17700.0,Paid,0.0,ed156ecf-f415-4128-b332-ec7180d79755
PAY002716,BOOK002716,2024-09-30,Credit Card,PayPal,INR,17700.0,Paid,0.0,72079b6c-ad10-43e4-9f51-dd41cae493c8
PAY002717,BOOK002717,2025-09-02,Wallet,PayPal,AED,60180.0,Paid,0.0,3efb8d73-e852-443d-a294-9678367fe96b
PAY002718,BOOK002718,2026-02-18,Debit Card,Razorpay,INR,31860.0,Paid,0.0,06aa8cb0-ea84-4f57-b898-97927fe5e4e6
PAY002719,BOOK002719,2025-07-16,Credit Card,Cash,GBP,111510.0,Refunded,74498.75,143e7d76-85d3-48cf-9e51-3ae83af41f72
PAY002720,BOOK002720,2024-11-20,Cash,Razorpay,INR,53100.0,Paid,0.0,bc1910ee-26cd-477a-8f2b-9877a03ceba2
PAY002721,BOOK002721,2024-12-09,Cash,Stripe,GBP,14160.0,Paid,0.0,e27f614f-823f-4256-a7e4-db1340db1066
PAY002722,BOOK002722,2025-08-27,Cash,PayPal,EUR,46256.0,Paid,0.0,6c265199-ce47-4500-b003-ac6ad277d95b
PAY002723,BOOK002723,2024-10-08,Debit Card,PhonePe,INR,82600.0,Paid,0.0,b23c44c8-f6ed-4e2d-a68a-1505ee60c141
PAY002724,BOOK002724,2026-07-10,Debit Card,Razorpay,INR,23541.0,Paid,0.0,af595299-635c-476f-943c-17a2f769d351
PAY002725,BOOK002725,2026-07-21,UPI,Cash,USD,16520.0,Paid,0.0,46db8470-79a7-425c-850b-1d4e62ca2d14
PAY002726,BOOK002726,2026-01-25,Cash,PayPal,AED,84075.0,Paid,0.0,cd5fcae7-954d-46f7-bc43-e4f9e6af524a
PAY002727,BOOK002727,2026-04-20,Debit Card,PhonePe,INR,24780.0,Paid,0.0,0e1df3d3-b71c-4cf9-b39b-0fa9578d8fb7
PAY002728,BOOK002728,2024-09-18,Wallet,PayPal,SGD,15045.0,Paid,0.0,e6becd48-7140-42ad-855e-8df82f7e2523
PAY002729,BOOK002729,2025-04-05,UPI,PhonePe,INR,14868.0,Paid,0.0,2e35e405-62e3-45b3-86e1-94b7d7d68043
PAY002730,BOOK002730,2025-12-23,Wallet,Cash,SGD,31860.0,Refunded,25827.7,d3713f02-ae01-44b0-8add-6a7fe9c346d3
PAY002731,BOOK002731,2025-09-28,Wallet,PhonePe,USD,2950.0,Paid,0.0,a6ce6b5a-3607-4833-82cd-72d22af049ce
PAY002732,BOOK002732,2026-01-24,Cash,PhonePe,INR,18880.0,Paid,0.0,50a8b44a-899d-47f3-8f5c-5a7a62db79c5
PAY002733,BOOK002733,2024-10-08,Debit Card,PhonePe,EUR,29500.0,Paid,0.0,c08fbb70-aa32-4a31-8b3f-d084c803a136
PAY002734,BOOK002734,2025-02-25,Wallet,Cash,EUR,10620.0,Failed,0.0,c560a13b-2386-474b-8531-dd77ee5e3c3b
PAY002735,BOOK002735,2024-09-14,Wallet,PhonePe,USD,17552.5,Paid,0.0,fa3a893a-4599-4e87-a832-4dadf46b5172
PAY002736,BOOK002736,2024-12-26,Wallet,PhonePe,INR,21240.0,Paid,0.0,27c22fd7-b26d-4c6a-bbb7-d2cf8b612c21
PAY002737,BOOK002737,2024-08-02,Net Banking,PhonePe,SGD,106200.0,Paid,0.0,8c007967-7c4b-4895-b82f-27bab70a7f7d
PAY002738,BOOK002738,2024-08-20,Cash,Stripe,USD,29500.0,Paid,0.0,6cc0f506-5b92-4254-a7e2-17febba5bcd0
PAY002739,BOOK002739,2025-10-25,Wallet,Cash,AED,39235.0,Paid,0.0,acf503c6-c180-4f94-b216-db7e76f45252
PAY002740,BOOK002740,2025-03-09,Credit Card,Cash,USD,24780.0,Paid,0.0,0edf932d-259c-45ca-8dc5-ba7d84d0df76
PAY002741,BOOK002741,2026-01-21,Cash,PayPal,AED,90270.0,Paid,0.0,e7d30897-c540-416d-93ff-c6eba8e076e7
PAY002742,BOOK002742,2024-12-24,Net Banking,Razorpay,SGD,2507.5,Paid,0.0,41bff1eb-5b35-4176-9de2-8cbd4fa847af
PAY002743,BOOK002743,2025-02-20,Cash,Cash,USD,50150.0,Paid,0.0,3abab01a-ad6b-4124-9cbb-adaebd072c3e
PAY002744,BOOK002744,2025-07-10,Cash,Stripe,SGD,33630.0,Paid,0.0,c9b15464-874f-42e6-ab10-36810168891c
PAY002745,BOOK002745,2025-10-22,Credit Card,PayPal,GBP,60180.0,Refunded,53954.28,76c0ad0f-bfb9-4bb6-8b73-a885ce3e9d16
PAY002746,BOOK002746,2026-04-06,Net Banking,PayPal,SGD,60180.0,Refunded,34337.1,a0520827-ed45-4a0e-9dda-cab7738f0d4f
PAY002747,BOOK002747,2026-01-12,UPI,PayPal,EUR,15930.0,Refunded,13714.37,1fb02f3a-4913-4e70-9861-91868661248d
PAY002748,BOOK002748,2024-10-23,Wallet,PayPal,EUR,84960.0,Paid,0.0,f140438c-6d3f-4dbe-98e8-c07061d1b7ad
PAY002749,BOOK002749,2025-02-23,Wallet,PayPal,GBP,12390.0,Paid,0.0,4281800f-a9f7-4376-9653-cf74006ba25f
PAY002750,BOOK002750,2025-11-27,UPI,PayPal,EUR,9440.0,Paid,0.0,659a9dcf-e116-4bd7-8c16-bfa1e1ff2586
PAY002751,BOOK002751,2024-08-31,Net Banking,Stripe,INR,23128.0,Paid,0.0,f0101569-e376-4b7c-ab00-8ccf8d20d44f
PAY002752,BOOK002752,2024-12-27,Debit Card,Stripe,GBP,18880.0,Paid,0.0,35f420e4-89fe-4f17-b1f8-aea767635a05
PAY002753,BOOK002753,2026-04-20,Wallet,Stripe,SGD,53100.0,Paid,0.0,8dfdf09b-0ff5-4149-b4f5-5da97e2f6978
PAY002754,BOOK002754,2026-03-28,UPI,Stripe,EUR,12390.0,Paid,0.0,c4298c81-8886-4d13-a62e-e158ffd61e94
PAY002755,BOOK002755,2025-08-02,Cash,PayPal,INR,35105.0,Paid,0.0,1d618c94-8903-408a-b890-228debaef653
PAY002756,BOOK002756,2024-08-06,Net Banking,Cash,USD,84075.0,Failed,0.0,b5a26b1e-b93f-4f49-9c7b-d3e981a8a093
PAY002757,BOOK002757,2025-10-14,UPI,Stripe,AED,53100.0,Paid,0.0,5ef6fb84-b318-46db-87ec-d4a0cd056c5f
PAY002758,BOOK002758,2025-02-20,Net Banking,Razorpay,EUR,23600.0,Paid,0.0,80fdf25e-717e-4052-8f16-fb522a9a6896
PAY002759,BOOK002759,2024-09-06,Debit Card,Stripe,USD,2507.5,Paid,0.0,ad17bbec-d6b3-451a-8a27-61df47c77b52
PAY002760,BOOK002760,2026-06-19,Credit Card,Razorpay,SGD,53100.0,Paid,0.0,56a6d253-4b42-4e11-a306-1bf73d0d7f61
PAY002761,BOOK002761,2025-11-24,Net Banking,Stripe,AED,39648.0,Paid,0.0,4e907790-edd0-4da8-a1c2-5b22863b7c64
PAY002762,BOOK002762,2025-07-25,Cash,Cash,EUR,5605.0,Paid,0.0,e5ecba64-16cc-41e2-97aa-b68a7096fd55
PAY002763,BOOK002763,2025-06-18,Cash,PhonePe,AED,5310.0,Refunded,4972.92,c0625a6d-50ee-410b-896f-7a03d74582bb
PAY002764,BOOK002764,2025-01-12,Cash,PayPal,,67260.0,Paid,0.0,cc9b5f53-eff9-4434-aa1b-ee13b452fc6f
PAY002765,BOOK002765,2024-10-15,UPI,PayPal,SGD,63720.0,Paid,0.0,0a9ee36c-b990-449f-ad6a-be0097bffccf
PAY002766,BOOK002766,2024-11-22,UPI,Cash,SGD,8407.5,Paid,0.0,fb429adb-a378-406b-8c39-a524c375e2d7
PAY002767,BOOK002767,2026-06-12,Net Banking,Razorpay,AED,2950.0,Paid,0.0,cbae1a48-fcf2-46c8-83e4-a1773aa7ba34
PAY002768,BOOK002768,2025-08-22,Cash,PhonePe,EUR,11800.0,Paid,0.0,93d30ec9-c9d1-41e3-b2ef-4628a7f76af0
PAY002769,BOOK002769,2025-05-31,Debit Card,Razorpay,AED,15045.0,Failed,0.0,c03308ce-8ac9-4081-bc52-6c32cf2f34ef
PAY002770,BOOK002770,2025-08-17,UPI,Razorpay,GBP,33630.0,Paid,0.0,cd1427d7-b89e-40f0-a7ce-3639f3a8af2e
PAY002771,BOOK002771,2025-10-04,UPI,PayPal,EUR,26550.0,Paid,0.0,4b828e79-e1e8-4b5b-b7a5-63c3cd3593bd
PAY002772,BOOK002772,2024-08-09,Credit Card,Stripe,GBP,10030.0,Paid,0.0,9adde8ff-cb10-4169-b258-af6e13dbb8c4
PAY002773,BOOK002773,2024-08-25,UPI,Cash,SGD,3923.5,Paid,0.0,ff88440a-244d-44a8-b736-d4460f1667a7
PAY002774,BOOK002774,2024-11-22,Wallet,PayPal,SGD,53100.0,Paid,0.0,f782169c-09c3-4be4-94a8-92cb30d75e81
PAY002775,BOOK002775,2024-11-25,Wallet,Stripe,GBP,39235.0,Paid,0.0,401c04d0-b058-401d-b014-f452a559368c
PAY002776,BOOK002776,2026-02-24,Debit Card,PhonePe,EUR,28320.0,Paid,0.0,bf868aa2-bec8-4bfd-b9ec-50b264370033
PAY002777,BOOK002777,2026-02-12,UPI,Cash,INR,2655.0,Paid,0.0,bb55fe16-50af-4ba8-b83f-4043df41fb08
PAY002778,BOOK002778,2026-01-14,UPI,Stripe,USD,20650.0,Paid,0.0,afd3dcee-48c1-477c-9868-26ce4e9ef257
PAY002779,BOOK002779,2025-07-22,Wallet,PayPal,EUR,2655.0,Paid,0.0,97399ad2-5d27-40e0-af83-55cb293c74af
PAY002780,BOOK002780,2025-02-22,Cash,Stripe,GBP,84075.0,Paid,0.0,3259e6fd-a3fc-4cdc-8468-bfcfaa23fd82
PAY002781,BOOK002781,2025-08-10,Net Banking,PayPal,EUR,2360.0,Refunded,2255.98,5def24a5-3aca-42f8-922b-0f90b4756e54
PAY002782,BOOK002782,2026-03-27,Credit Card,Razorpay,USD,117705.0,Paid,0.0,5114068d-d59b-485a-85d1-94e3c88da4c6
PAY002783,BOOK002783,2024-08-21,Debit Card,Stripe,SGD,60180.0,Paid,0.0,8885c274-dff5-4175-81fe-697e4419cf77
PAY002784,BOOK002784,2026-03-29,Credit Card,PayPal,SGD,3510.5,Paid,0.0,9eab2f82-4146-41f2-8697-d3190e98c608
PAY002785,BOOK002785,2026-04-28,Credit Card,PayPal,GBP,84075.0,Paid,0.0,6ccf2a64-882f-4010-9aa2-e2c03cec56a5
PAY002786,BOOK002786,2025-01-15,Debit Card,Razorpay,EUR,22420.0,Paid,0.0,3f1fc2b5-e329-4801-b299-f3720925ae63
PAY002787,BOOK002787,2024-12-04,Net Banking,Stripe,INR,6608.0,Paid,0.0,275bd3c2-4e61-47cb-b025-d0b85bc5bf42
PAY002788,BOOK002788,2024-08-06,UPI,Stripe,USD,23541.0,Paid,0.0,6ded077f-1a4b-49cb-a829-e5d84832ad8f
PAY002789,BOOK002789,2025-09-06,Net Banking,PhonePe,INR,11210.0,Paid,0.0,8b3b376e-6345-42bb-a318-c6952d6303bc
PAY002790,BOOK002790,2024-09-14,UPI,PayPal,INR,33040.0,Paid,0.0,c79335a6-0010-4248-9daa-d8cd9b519997
PAY002791,BOOK002791,2026-02-24,Wallet,Cash,INR,5900.0,Paid,0.0,953e2836-3a15-4a9a-bd94-95eb1bb86799
PAY002792,BOOK002792,2024-08-24,UPI,Stripe,SGD,59000.0,Paid,0.0,7e8fb2f8-802e-415f-80f6-13d609b1ec52
PAY002793,BOOK002793,2026-05-30,Wallet,Cash,USD,100890.0,Paid,0.0,c9f8b132-de64-466f-8d22-8d37fd7ba6ee
PAY002794,BOOK002794,2025-02-17,Net Banking,Stripe,USD,15045.0,Paid,0.0,59a2318f-3a74-49a1-ab1b-5cf629517b70
PAY002795,BOOK002795,2025-02-25,Debit Card,Stripe,INR,35105.0,Paid,0.0,2a631864-8434-433e-a7fc-cf4d2f94b33c
PAY002796,BOOK002796,2025-05-16,Debit Card,Cash,SGD,33630.0,Paid,0.0,6883521a-e89d-4a0a-ab9c-c7f6ca7d0eb9
PAY002797,BOOK002797,2024-08-08,Net Banking,Stripe,EUR,3717.0,Refunded,1831.72,4eac3cb1-3daf-4085-a36b-cceb4b4d3d1b
PAY002798,BOOK002798,2026-06-01,Credit Card,Stripe,AED,9440.0,Paid,0.0,1e8309b0-071a-45e4-bd0e-0370b4cbed04
PAY002799,BOOK002799,2025-11-27,Credit Card,Razorpay,INR,3510.5,Paid,0.0,38436137-dd4f-4b58-bfd2-591914109ee1
PAY002800,BOOK002800,2024-12-23,Cash,Razorpay,GBP,16520.0,Paid,0.0,610d23cc-aae1-4f0e-8d9f-295d6fe6fa65
PAY002801,BOOK002801,2024-10-28,Credit Card,Cash,SGD,2655.0,Paid,0.0,c88e5beb-a43f-4229-bd7f-ccc6982e2146
PAY002802,BOOK002802,2026-06-04,Debit Card,Stripe,EUR,14868.0,Paid,0.0,6fd63e26-db74-4778-b319-9e76649aa832
PAY002803,BOOK002803,2026-07-17,Net Banking,PhonePe,USD,56640.0,Refunded,24368.42,f1a211ad-011e-4f56-8916-c521ab8abd04
PAY002804,BOOK002804,2025-10-09,Credit Card,Stripe,GBP,74340.0,Refunded,37841.59,683f6007-d5b5-4eb4-8f93-c66c61f4943e
PAY002805,BOOK002805,2025-12-29,Debit Card,Cash,AED,74340.0,Paid,0.0,3ce166af-a708-49b3-8ac6-5672b33a9553
PAY002806,BOOK002806,2026-04-08,Wallet,Stripe,GBP,23600.0,Paid,-100.0,d7a7a9e5-1f61-4f73-977f-b7b9ac4ddd55
PAY002807,BOOK002807,2024-09-14,UPI,Razorpay,EUR,3510.5,Paid,0.0,b6700ab0-6c63-437c-973a-fda26d7280ce
PAY002808,BOOK002808,2025-02-08,UPI,Stripe,EUR,20060.0,Paid,0.0,6a5954ea-4ca9-422b-98fd-3532593872cb
PAY002809,BOOK002809,2024-08-16,UPI,Razorpay,EUR,15045.0,Paid,0.0,eccbbf32-b6c7-478b-bbe5-8c193d9b97f4
PAY002810,BOOK002810,2025-03-28,Credit Card,Stripe,AED,53100.0,Refunded,30214.84,2c028777-9a90-48db-875e-f9e2642a1421
PAY002811,BOOK002811,2025-05-22,Wallet,PayPal,EUR,2950.0,Paid,0.0,db34a851-2766-4de8-a93a-8f881c328c05
PAY002812,BOOK002812,2024-09-13,Debit Card,Cash,GBP,37170.0,Paid,0.0,45a125c9-2327-41b2-abb1-8d5ce25364b8
PAY002813,BOOK002813,2024-11-18,Net Banking,Razorpay,SGD,22420.0,Paid,0.0,3cc06fbb-91a0-4698-b257-b4149690f6d7
PAY002814,BOOK002814,2025-08-27,Wallet,PhonePe,GBP,10531.5,Paid,0.0,7e0a9591-9e6d-44d1-b699-33af3dfd14e7
PAY002815,BOOK002815,2026-04-27,Credit Card,Stripe,AED,14160.0,Paid,0.0,ae3461c1-bcc1-4591-95f1-a96fac994bfa
PAY002816,BOOK002816,2025-12-18,Wallet,Cash,INR,14042.0,Paid,0.0,ec87cbfc-9996-4b07-8dbd-3e769e53351e
PAY002817,BOOK002817,2026-03-03,Net Banking,Stripe,GBP,39235.0,Refunded,16745.26,e0b6b1c9-5e4b-4709-9b73-0f8c7eca3c8e
PAY002818,BOOK002818,2026-01-21,UPI,PhonePe,GBP,9440.0,Paid,0.0,c3991cf4-db27-470d-8fed-943ce99394d0
PAY002819,BOOK002819,2024-09-17,Cash,PayPal,GBP,11210.0,Paid,0.0,a21a1a9c-ad2e-4b88-8530-52bcd66f7867
PAY002820,BOOK002820,2025-08-08,Net Banking,PayPal,GBP,39235.0,Paid,0.0,b55016d1-9727-425e-b13b-4346eafaaa95
PAY002821,BOOK002821,2024-10-04,Debit Card,Stripe,GBP,111510.0,Paid,0.0,8e0cdf91-f0c0-4aa6-b036-a14fdc9d092a
PAY002822,BOOK002822,2025-11-24,Credit Card,Cash,SGD,63720.0,Paid,0.0,7014c6d7-c096-4433-bbf0-45eb9e8f7475
PAY002823,BOOK002823,2025-05-03,Cash,Stripe,GBP,14160.0,Paid,0.0,8924fd1c-c989-4a55-b9c7-11c44471d20f
PAY002824,BOOK002824,2025-05-17,Net Banking,Stripe,USD,15045.0,Paid,0.0,ee11d863-8365-422c-8251-fe35ae917d1b
PAY002825,BOOK002825,2024-08-12,Cash,PayPal,,74340.0,Paid,0.0,6bc07ae9-f203-4342-8789-ce060b205f5b
PAY002826,BOOK002826,2025-10-21,UPI,Stripe,USD,5900.0,Paid,0.0,ede7bc26-ef16-4bb8-ab71-18bb8782a4bc
PAY002827,BOOK002827,2024-08-24,Cash,PayPal,SGD,11210.0,Paid,0.0,38eec40a-bddc-48ea-9d13-6f94cf6ea9a5
PAY002828,BOOK002828,2025-02-05,Net Banking,Razorpay,,23541.0,Paid,0.0,6f559439-8a2c-4ecb-8d53-6e0bb353e919
PAY002829,BOOK002829,2025-07-04,UPI,Stripe,SGD,11800.0,Paid,0.0,1cbf3757-3822-4610-8a55-0dcc5fa6fce6
PAY002830,BOOK002830,2026-05-02,Wallet,PayPal,INR,56050.0,Paid,0.0,919ab714-b860-4143-a2c0-b6bae7e43c41
PAY002831,BOOK002831,2024-11-18,Net Banking,PhonePe,USD,7080.0,Refunded,6247.37,b9e7f6a6-981c-488d-88ee-8cd3da6bfa08
PAY002832,BOOK002832,2025-07-23,UPI,PayPal,USD,18585.0,Failed,0.0,025ee0ab-c17d-4b09-a2e6-e7c6c38c129c
PAY002833,BOOK002833,2025-02-18,Net Banking,Razorpay,USD,14868.0,Paid,-100.0,adc29d94-27af-4ed0-9c1c-8c3c53297fc1
PAY002834,BOOK002834,2026-03-03,Debit Card,Razorpay,USD,13216.0,Paid,0.0,8eefe95a-c59f-4693-aee1-43d7f38c1b10
PAY002835,BOOK002835,2026-07-23,Cash,PayPal,EUR,16520.0,Paid,0.0,a05681c6-fa2e-4b48-a659-ba383a2524be
PAY002836,BOOK002836,2026-03-26,Cash,PhonePe,GBP,84075.0,Paid,0.0,ffc1251c-fe27-4dd7-b9b5-4bb89a413e53
PAY002837,BOOK002837,2025-05-09,UPI,PhonePe,SGD,14042.0,Failed,0.0,5f196b81-534b-4817-ab0a-bc234295bc52
PAY002838,BOOK002838,2026-02-10,Net Banking,Razorpay,INR,5015.0,Paid,0.0,f789065d-4e32-46e4-a68f-0b609d8e5b09
PAY002839,BOOK002839,2025-11-13,Wallet,Cash,AED,66080.0,Paid,0.0,677886d3-cf74-4845-a730-a16d00393ddb
PAY002840,BOOK002840,2024-09-15,Cash,PhonePe,USD,26432.0,Paid,0.0,9ed64b1f-7626-41b0-9b00-a8d26e822f61
PAY002841,BOOK002841,2025-07-19,Net Banking,PhonePe,EUR,7080.0,Paid,0.0,b225634c-fdbd-4062-9f03-68d9205903e9
PAY002842,BOOK002842,2026-03-17,Net Banking,PhonePe,GBP,63720.0,Refunded,16835.29,55c27a68-c81b-4e5f-ae7a-2f38acb636ce
PAY002843,BOOK002843,2026-01-26,UPI,PayPal,SGD,7080.0,Paid,0.0,27f76715-586d-48e6-a807-d87c82d234b1
PAY002844,BOOK002844,2026-03-28,Credit Card,PhonePe,EUR,17700.0,Paid,0.0,73482c93-302c-45a5-ba0a-6b668839f762
PAY002845,BOOK002845,2024-08-13,Wallet,PayPal,EUR,5900.0,Refunded,3085.19,705f8f4b-e4f0-46ef-b1a0-dd8a9dd5e7cd
PAY002846,BOOK002846,2025-07-02,Net Banking,Cash,AED,6608.0,Paid,0.0,df2dbc7b-0880-495b-a6fd-db5686abbe63
PAY002847,BOOK002847,2026-02-28,Debit Card,Cash,EUR,11800.0,Paid,0.0,e9eaf6f7-61e5-472a-be45-8ae9a4448d7f
PAY002848,BOOK002848,2026-07-23,UPI,Razorpay,SGD,13216.0,Paid,0.0,5904b822-0fd0-4820-90e4-30b68e2cd03b
PAY002849,BOOK002849,2025-06-10,Wallet,Cash,USD,105315.0,Paid,0.0,39c33460-ff8b-4885-9815-195609eb8a4b
PAY002850,BOOK002850,2025-08-31,UPI,Cash,EUR,15045.0,Paid,0.0,9b4e4bb6-7f10-46fa-9528-5d1c76ebc630
PAY002851,BOOK002851,2026-05-03,Debit Card,PayPal,GBP,10531.5,Refunded,8333.1,f1f8250a-d5ed-4157-b2ff-2cbe70e39cca
PAY002852,BOOK002852,2026-03-02,Cash,PayPal,INR,70800.0,Refunded,27577.95,8874b79a-95b6-43fc-8579-d4f6c2fcc792
PAY002853,BOOK002853,2024-09-05,Credit Card,Cash,EUR,37170.0,Paid,-100.0,30d6135d-2175-4821-ba75-aa7e2414128e
PAY002854,BOOK002854,2025-12-19,Wallet,Razorpay,INR,50445.0,Paid,0.0,fb6edf06-edcd-4609-a103-3dc39f5f381e
PAY002855,BOOK002855,2026-06-06,Net Banking,Cash,USD,60180.0,Paid,0.0,add69cd3-a3d2-42b9-8041-299183a0117a
PAY002856,BOOK002856,2024-12-10,Credit Card,Cash,INR,35400.0,Paid,0.0,96d61ef4-b38e-4757-9c35-4d5bb2cf0226
PAY002857,BOOK002857,2025-04-01,UPI,Cash,GBP,7434.0,Paid,0.0,76767c67-f197-4ba6-9153-77b45f906f89
PAY002858,BOOK002858,2025-04-26,Cash,Stripe,INR,60180.0,Paid,0.0,443282ba-e0ec-4d92-8318-edbcda43eb11
PAY002859,BOOK002859,2025-08-25,Credit Card,Cash,SGD,2655.0,Paid,0.0,782d4a76-4cd5-42dc-ab13-a53ca80d2fb5
PAY002860,BOOK002860,2025-06-06,Net Banking,Cash,SGD,14160.0,Paid,0.0,ec80af5c-b843-4fa4-94bf-28785f85b0d8
PAY002861,BOOK002861,2025-03-04,Debit Card,Cash,GBP,10030.0,Refunded,3844.38,a3fa83fe-1590-43d1-bfb6-ef6164a031d3
PAY002862,BOOK002862,2026-01-25,Debit Card,Razorpay,SGD,21240.0,Paid,0.0,fddae04b-2bdc-4d47-a1e2-2b2a49019217
PAY002863,BOOK002863,2025-10-08,Debit Card,Stripe,INR,79650.0,Paid,0.0,18c49130-b082-4c70-ab60-65d6a05577ca
PAY002864,BOOK002864,2025-04-14,Debit Card,PayPal,GBP,22420.0,Paid,0.0,ae531f9f-ae67-4429-ab0e-74cf16bb10ab
PAY002865,BOOK002865,2024-09-20,Debit Card,Cash,USD,41300.0,Paid,0.0,79252d48-d8e0-4f58-8aa6-c97a6654cc43
PAY002866,BOOK002866,2024-11-21,UPI,PayPal,SGD,3510.5,Paid,0.0,0c813533-27b3-4015-9435-2e140fd9aa52
PAY002867,BOOK002867,2024-12-28,Net Banking,Cash,EUR,18880.0,Refunded,13207.61,0b1dea48-f018-4da5-ba04-b933ca0870c6
PAY002868,BOOK002868,2025-02-04,Net Banking,PayPal,USD,23600.0,Paid,0.0,315bc1a2-fda7-4adb-9a94-205884884840
PAY002869,BOOK002869,2024-10-29,Wallet,PhonePe,EUR,23600.0,Paid,0.0,dcda3f7c-f1ce-4b07-8ecb-b1757729cd2c
PAY002870,BOOK002870,2025-07-19,Wallet,PhonePe,SGD,11210.0,Paid,0.0,3cbf71a9-e25a-4dfc-b33e-466e6bfd0a88
PAY002871,BOOK002871,2024-08-12,Credit Card,Stripe,INR,16815.0,Paid,0.0,72fbb680-8cfa-4747-aad7-73886739acba
PAY002872,BOOK002872,2025-06-21,Net Banking,Stripe,USD,28320.0,Paid,0.0,5ed28ee1-a442-43e7-8c3e-75a9b0474cf9
PAY002873,BOOK002873,2025-03-27,Credit Card,Razorpay,AED,14012.5,Paid,0.0,7596029a-6369-4270-811b-8264f1768f9b
PAY002874,BOOK002874,2026-03-20,Net Banking,,GBP,16815.0,Failed,0.0,8a8c209c-cded-4289-94ea-81146283cb83
PAY002875,BOOK002875,2024-10-05,Cash,Stripe,INR,13216.0,Paid,0.0,1f658c78-b922-4afc-b60f-bf67f568d30e
PAY002876,BOOK002876,2026-04-10,Credit Card,Cash,GBP,2507.5,Paid,0.0,3e0853c0-2ea8-487a-b605-fae15094b2ef
PAY002877,BOOK002877,2025-05-13,UPI,Razorpay,GBP,33040.0,Paid,0.0,86c4e46f-6641-4bcc-8365-d5fb88c2137d
PAY002878,BOOK002878,2025-05-15,Credit Card,Razorpay,USD,39235.0,Paid,0.0,e2bcf8b9-62b8-4288-8300-58a62ac9cc15
PAY002879,BOOK002879,2025-01-18,Wallet,PayPal,INR,11800.0,Paid,0.0,8915a4ea-25b1-4120-9623-4d5a3cc69c29
PAY002880,BOOK002880,2025-06-21,Wallet,PhonePe,EUR,28025.0,Paid,0.0,bd8d2e0f-d47f-4f14-8bb7-e8e4536bfdeb
PAY002881,BOOK002881,2024-12-10,Credit Card,Stripe,AED,63720.0,Paid,0.0,1a1b9e41-fbe7-4ee1-a99e-992318eb8653
PAY002882,BOOK002882,2024-08-22,Debit Card,Razorpay,USD,15930.0,Paid,0.0,044fd0ca-db05-46fd-b612-675a07e3cd68
PAY002883,BOOK002883,2025-07-31,Cash,Razorpay,SGD,20060.0,Paid,0.0,6732dcba-e76f-4aa2-8692-c0909d44aaf6
PAY002884,BOOK002884,2025-12-06,Net Banking,Razorpay,EUR,13216.0,Paid,0.0,635046a1-ee70-4beb-a241-703e1f267672
PAY002885,BOOK002885,2026-07-16,Debit Card,Razorpay,AED,10620.0,Paid,0.0,8833c241-344d-4a32-b35e-8fcd9b374e40
PAY002886,BOOK002886,2025-01-18,Cash,PayPal,AED,10620.0,Paid,0.0,60ef391b-75d8-459b-b1e8-72ff7e278f62
PAY002887,BOOK002887,2025-01-17,Cash,Razorpay,INR,22420.0,Paid,0.0,d5570ebd-1ad3-4134-b7bb-09553d13d3ac
PAY002888,BOOK002888,2024-12-06,Cash,PayPal,SGD,18880.0,Paid,0.0,cb4cb4f4-d6d8-4a60-b663-276c2cc0e28d
PAY002889,BOOK002889,2026-04-07,Debit Card,Razorpay,AED,16815.0,Paid,0.0,483049ae-a66e-45c6-9f02-15ef1e42130b
PAY002890,BOOK002890,2026-05-11,Debit Card,PhonePe,SGD,8260.0,Paid,0.0,dcd344ad-a635-4903-9248-ce9df2f1a623
PAY002891,BOOK002891,2025-09-30,Wallet,PhonePe,USD,22420.0,Paid,0.0,e394d8b0-2390-4a99-9f84-82cfb2325080
PAY002892,BOOK002892,2025-05-04,Debit Card,PayPal,USD,15694.0,Paid,0.0,cf013224-b6a5-48f2-b1e8-0c93aeabf93e
PAY002893,BOOK002893,2026-04-27,UPI,Stripe,USD,22302.0,Paid,0.0,8411719f-c182-4323-835b-7c2e7894b0d8
PAY002894,BOOK002894,2026-05-13,Credit Card,Cash,INR,67260.0,Paid,0.0,38b69f36-9616-4623-ac92-0169a5441e48
PAY002895,BOOK002895,2026-04-03,Credit Card,Stripe,EUR,7080.0,Paid,0.0,7313b83f-6e21-4a6e-b8b4-8edcc3e6b712
PAY002896,BOOK002896,2025-03-23,Debit Card,Razorpay,USD,26019.0,Paid,0.0,b3c07314-fdbc-49e9-9de3-50efe08c6ff9
PAY002897,BOOK002897,2025-06-03,Wallet,Cash,SGD,4130.0,Paid,0.0,8ef9f50d-d8c9-4ca7-a8b8-a09597b8e243
PAY002898,BOOK002898,2024-10-07,Cash,Cash,AED,35105.0,Paid,0.0,ca62f2a3-c4f8-44a6-935e-ef86bef57825
PAY002899,BOOK002899,2025-07-11,UPI,Cash,GBP,22420.0,Paid,0.0,ff811df6-203a-4efb-8ae1-6347e837b34e
PAY002900,BOOK002900,2025-03-23,Cash,Stripe,USD,53100.0,Failed,0.0,f535a0b1-d1df-422b-95b5-17d4ca6e78e0
PAY002901,BOOK002901,2025-07-30,Debit Card,Razorpay,INR,41300.0,Paid,0.0,89679fc0-d7da-42fd-9a5b-aa54ffc7a288
PAY002902,BOOK002902,2026-05-28,Credit Card,Razorpay,GBP,26019.0,Paid,0.0,746d04f0-bbdc-4c9b-bde4-27db3cc9da06
PAY002903,BOOK002903,2025-09-13,Debit Card,Cash,GBP,18585.0,Paid,0.0,6d2d01f9-0e41-4606-99db-9972b321eb06
PAY002904,BOOK002904,2025-09-25,Debit Card,Razorpay,USD,14160.0,Refunded,13266.35,a196d32b-1bef-4cd1-8ed7-d09dbb02fac1
PAY002905,BOOK002905,2026-01-23,Wallet,Stripe,GBP,5605.0,Paid,0.0,311af9d1-2158-43b5-a791-1e1f1fddcc7c
PAY002906,BOOK002906,2024-10-07,Credit Card,Razorpay,AED,7965.0,Paid,0.0,a11fe094-2682-46fc-8d59-91b7afc15f52
PAY002907,BOOK002907,2026-03-30,UPI,PayPal,SGD,5605.0,Refunded,2508.52,a5798f48-eeeb-4baf-8c7a-54bcd2b862cd
PAY002908,BOOK002908,2024-11-04,Debit Card,PhonePe,USD,19617.5,Paid,0.0,a3d66481-e70b-446e-88f3-227485e4640b
PAY002909,BOOK002909,2024-10-13,Debit Card,PayPal,INR,2655.0,Paid,0.0,7e0555f6-3539-4b5e-bfbe-415344a9faa1
PAY002910,BOOK002910,2026-06-27,Cash,Cash,AED,35400.0,Paid,0.0,66e8f424-d136-4db5-8ec4-ecb8f5bb0b17
PAY002911,BOOK002911,2024-09-06,Net Banking,Razorpay,INR,11800.0,Paid,0.0,e05adaa9-0606-4b08-9df0-8184aa8e5c70
PAY002912,BOOK002912,2025-08-10,Credit Card,Razorpay,AED,5015.0,Paid,0.0,fff65bf6-5de8-4795-9acd-42782990192b
PAY002913,BOOK002913,2026-02-24,Wallet,Razorpay,INR,60180.0,Paid,0.0,20da2bf5-278e-45a5-b5c1-5e243e381b1f
PAY002914,BOOK002914,2026-01-03,UPI,Razorpay,USD,11800.0,Paid,0.0,5493bb1d-4d50-4808-93c0-f225d2364f81
PAY002915,BOOK002915,2026-02-26,Wallet,PayPal,EUR,8407.5,Paid,0.0,f786d4ad-004b-473a-b4b4-6873b5a3721a
PAY002916,BOOK002916,2026-03-01,Debit Card,PayPal,INR,24780.0,Paid,0.0,34e12a4f-44cd-4c64-8e89-54b0fa16ea13
PAY002917,BOOK002917,2025-12-21,Wallet,Stripe,USD,39235.0,Paid,0.0,87b9d8c5-3499-47b5-ac58-c877d228aca6
PAY002918,BOOK002918,2026-04-27,Cash,PhonePe,INR,3510.5,Paid,0.0,d7b6b897-709c-4132-8de3-8014795a89d5
PAY002919,BOOK002919,2025-08-04,UPI,PhonePe,INR,60180.0,Paid,0.0,880d1985-0365-47d8-a91d-43f77fe38a93
PAY002920,BOOK002920,2026-07-01,Credit Card,PayPal,AED,15045.0,Refunded,4441.9,5c748eba-b3e0-417c-9f61-39612debc02d
PAY002921,BOOK002921,2025-01-12,Net Banking,PayPal,USD,16520.0,Paid,0.0,952cf882-987a-49a0-aaa9-b0b1c7e7b2c6
PAY002922,BOOK002922,2025-08-17,Debit Card,PhonePe,USD,46256.0,Paid,0.0,ee6ebaa8-22c0-4696-b8c4-1035e315ad76
PAY002923,BOOK002923,2025-02-21,Cash,Cash,GBP,19617.5,Refunded,6021.33,b9b959c8-687f-449c-ad0c-4fc5a955ee04
PAY002924,BOOK002924,2025-06-08,Net Banking,PayPal,SGD,28320.0,Paid,0.0,9d1e59f8-7db7-4ccf-924c-740009148ba7
PAY002925,BOOK002925,2025-06-07,Wallet,PayPal,GBP,33630.0,Paid,0.0,f8862be9-7445-4810-9791-b31ac9b43271
PAY002926,BOOK002926,2025-05-24,Credit Card,PayPal,EUR,19824.0,Paid,0.0,76151980-7fb8-4296-a77d-4e22924d14ee
PAY002927,BOOK002927,2024-12-27,Debit Card,Razorpay,INR,37760.0,Paid,0.0,bdf12de9-8338-49b0-8add-c0c335f188d7
PAY002928,BOOK002928,2025-12-31,Debit Card,Stripe,AED,67260.0,Paid,0.0,276b3ca8-8328-4f34-b09c-2d0aae838234
PAY002929,BOOK002929,2025-06-16,Credit Card,PayPal,SGD,19824.0,Refunded,12857.71,a27125e4-b268-4d6d-9118-c094c91e690b
PAY002930,BOOK002930,2025-10-28,UPI,Stripe,EUR,5310.0,Paid,0.0,95564daa-6b5f-46ee-8790-f99a5bfe17ca
PAY002931,BOOK002931,2026-03-12,Debit Card,Razorpay,INR,23600.0,Paid,0.0,84195e0d-3793-4d7f-ba3e-8364dc023b4c
PAY002932,BOOK002932,2025-10-04,Net Banking,Stripe,EUR,40120.0,Paid,0.0,b9db3133-9a11-4f22-88fd-867c61908f6c
PAY002933,BOOK002933,2025-08-27,Credit Card,PayPal,INR,23128.0,Paid,0.0,1c797574-5331-43b5-9f06-e03ebe9f9dc3
PAY002934,BOOK002934,2024-08-22,Debit Card,PhonePe,GBP,23600.0,Paid,0.0,4d7017fb-e62a-4b66-a123-46c0cd612553
PAY002935,BOOK002935,2025-11-02,UPI,PayPal,GBP,84960.0,Refunded,30583.21,3618e218-8dc1-4611-9fd3-97d7bd5c842d
PAY002936,BOOK002936,2025-11-27,Cash,Stripe,USD,24780.0,Paid,0.0,3c9fd8ff-fb02-49eb-aed1-956e22b69ed9
PAY002937,BOOK002937,2025-12-14,Credit Card,Cash,SGD,37170.0,Paid,0.0,6f58cff2-5152-4368-9616-c96ca2387482
PAY002938,BOOK002938,2025-03-27,Debit Card,PayPal,USD,123900.0,Paid,0.0,45c85da4-2c86-409d-8d89-0c6a38b297c9
PAY002939,BOOK002939,2025-10-26,UPI,Cash,EUR,10620.0,Paid,0.0,9ee974b3-e4e5-475b-915c-7338d016f3fb
PAY002940,BOOK002940,2024-11-04,Net Banking,Stripe,EUR,9440.0,Paid,0.0,258fcecc-bf42-459f-afdc-84f055fb5293
PAY002941,BOOK002941,2026-04-01,Cash,PayPal,EUR,21063.0,Paid,0.0,312b7bee-9175-45a6-9ee6-9157a0c4e5c1
PAY002942,BOOK002942,2026-06-29,Debit Card,PayPal,GBP,7080.0,Refunded,3845.21,45a5561b-65a6-4b72-b831-9158ae1e0ba7
PAY002943,BOOK002943,2025-04-02,Wallet,Razorpay,GBP,10620.0,Paid,0.0,4630b26c-65c8-43d6-8c62-c250b0b2ae40
PAY002944,BOOK002944,2025-07-19,Credit Card,Stripe,SGD,16520.0,Refunded,16460.99,c98c78da-8998-4edb-881b-cc21a2d0ea59
PAY002945,BOOK002945,2025-01-24,UPI,Razorpay,AED,22420.0,Paid,0.0,ea52f071-fc4e-45fb-804e-893fbf63aae9
PAY002946,BOOK002946,2026-01-01,Credit Card,Cash,AED,29736.0,Paid,0.0,b18cf57e-7172-4220-8627-145991454e4f
PAY002947,BOOK002947,2025-11-02,UPI,Stripe,INR,35400.0,Paid,0.0,4e836f7e-3b7a-4930-95f8-911383279157
PAY002948,BOOK002948,2026-03-05,UPI,Razorpay,AED,15930.0,Paid,0.0,436f68b4-1ed9-488d-81ed-c5a964170223
PAY002949,BOOK002949,2026-03-26,Debit Card,Cash,GBP,33040.0,Paid,0.0,088a3d89-9231-414d-ab63-ae2cab30618b
PAY002950,BOOK002950,2024-12-29,Debit Card,PhonePe,EUR,78470.0,Paid,0.0,7422b6a3-4f05-42f1-b9ce-aca89dda1fa7
PAY002951,BOOK002951,2025-10-02,Net Banking,Stripe,AED,19617.5,Paid,0.0,63cb3886-eab2-48b0-8e6a-457052798b51
PAY002952,BOOK002952,2024-09-09,Net Banking,Cash,SGD,17700.0,Paid,0.0,9c359ed6-7ea4-4a01-bb13-a15288e25300
PAY002953,BOOK002953,2026-02-17,UPI,PayPal,USD,7522.5,Refunded,3572.52,8fb6af67-e829-4459-9ed6-70a60d086aaa
PAY002954,BOOK002954,2026-06-16,Wallet,Stripe,USD,16520.0,Paid,0.0,3f68c083-6ff3-413a-a57a-3f27cc674e38
PAY002955,BOOK002955,2026-06-11,UPI,Cash,AED,15045.0,Paid,0.0,86b4fbd4-b635-4f32-91cd-d26f69f5052d
PAY002956,BOOK002956,2025-08-05,Credit Card,Cash,SGD,14042.0,Paid,0.0,8936215a-cd77-4c6e-a6a0-e91c396ff667
PAY002957,BOOK002957,2025-07-10,Wallet,PhonePe,AED,8260.0,Paid,0.0,708c4469-6cb6-44bd-876c-449d4c5212f4
PAY002958,BOOK002958,2025-07-28,Wallet,Razorpay,USD,18585.0,Paid,0.0,17ab025e-79a0-4bd2-b83b-2134928fab48
PAY002959,BOOK002959,2025-09-26,Wallet,PhonePe,EUR,78470.0,Paid,0.0,ff001b3b-a788-46c1-b9ab-208caaaf0dda
PAY002960,BOOK002960,2024-09-22,Debit Card,Razorpay,EUR,37170.0,Paid,0.0,f79fbfbe-881f-4da2-b4ca-cf0dcf3ad875
PAY002961,BOOK002961,2025-10-20,Cash,Cash,AED,7847.0,Paid,0.0,036b741d-ec59-4fa0-83f7-642ac542e94b
PAY002962,BOOK002962,2024-12-25,Wallet,Stripe,GBP,37760.0,Paid,0.0,b86ca5e7-fb1e-474b-9b61-07388ebb8bf0
PAY002963,BOOK002963,2026-01-25,UPI,PhonePe,AED,11800.0,Paid,0.0,87ba9c41-dd48-470a-9d7f-2b79030bcd05
PAY002964,BOOK002964,2025-11-08,Debit Card,PayPal,EUR,3304.0,Paid,0.0,7d97e17c-8386-4418-8e67-9e40e53de110
PAY002965,BOOK002965,2025-06-05,Cash,PhonePe,GBP,14750.0,Paid,0.0,85dc9ec0-5a2e-4a35-8828-de845566405a
PAY002966,BOOK002966,2026-05-19,UPI,Razorpay,USD,117705.0,Paid,0.0,3d7fe20f-0500-4bbb-921d-58fcff9e326c
PAY002967,BOOK002967,2025-10-29,Wallet,Stripe,EUR,10030.0,Paid,0.0,96a5a7cb-8e88-40e9-8cf5-601959eba193
PAY002968,BOOK002968,2024-09-12,Credit Card,Cash,EUR,49560.0,Paid,0.0,4b6d3e72-757b-43b7-baf7-f6aa6c24c73a
PAY002969,BOOK002969,2024-08-25,UPI,Stripe,INR,5605.0,Paid,0.0,839d8525-7cda-44a8-ba68-cd158a77fddd
PAY002970,BOOK002970,2025-11-11,Net Banking,PhonePe,GBP,7847.0,Paid,0.0,e8560d25-f14f-42ad-a253-88a574554a5e
PAY002971,BOOK002971,2026-06-27,Net Banking,PhonePe,SGD,66080.0,Paid,0.0,e76cf4a1-3629-4b3b-bb4d-77a38fb8495c
PAY002972,BOOK002972,2025-08-30,Cash,PayPal,INR,31860.0,Paid,0.0,b139653f-5594-4eee-ac38-72347563e417
PAY002973,BOOK002973,2024-11-18,Wallet,PayPal,INR,111510.0,Paid,0.0,f8c16465-5a6a-4344-ad5e-cf3c2ffd378a
PAY002974,BOOK002974,2026-04-24,Cash,PayPal,AED,20060.0,Paid,0.0,a7379c3b-8b7e-4c18-beeb-e365201053d8
PAY002975,BOOK002975,2026-05-30,Net Banking,PayPal,USD,31860.0,Paid,0.0,abc3e962-1363-475c-9da5-70ee7730725f
PAY002976,BOOK002976,2025-07-20,Credit Card,PayPal,AED,42480.0,Paid,0.0,d04ff421-ce95-44e3-8dd2-71c832296f7c
PAY002977,BOOK002977,2026-01-13,Net Banking,PayPal,EUR,28320.0,Paid,0.0,1fc581e1-efe4-4b36-a533-a2ad5640f180
PAY002978,BOOK002978,2025-04-27,Debit Card,Stripe,AED,5015.0,Paid,0.0,59484c32-df45-49ae-8414-bb5bce49575a
PAY002979,BOOK002979,2026-03-19,Cash,PayPal,EUR,10030.0,Paid,0.0,fcf0e21d-60e4-41e6-8fe1-60973d711fe2
PAY002980,BOOK002980,2025-07-09,Cash,Stripe,INR,44604.0,Paid,0.0,7df8c973-21f0-476e-94eb-ebc94e4d2264
PAY002981,BOOK002981,2026-05-27,UPI,PhonePe,SGD,15930.0,Paid,0.0,f07baed8-afe9-429c-9608-3e51746bd812
PAY002982,BOOK002982,2025-06-03,Wallet,Stripe,GBP,23541.0,Paid,0.0,af0e26f4-41df-4bd4-ada4-8644819f02be
PAY002983,BOOK002983,2025-02-01,UPI,PhonePe,USD,28320.0,Paid,0.0,56d1c903-d8e6-4f34-bc0f-e86029ff5f22
PAY002984,BOOK002984,2025-11-02,Debit Card,PayPal,SGD,84960.0,Paid,0.0,2455f2bc-64a5-4cc4-bbbf-19de27b7449e
PAY002985,BOOK002985,2026-05-28,UPI,PayPal,EUR,23541.0,Failed,0.0,f4c09b2a-551f-4897-b157-c8f748ad7c06
PAY002986,BOOK002986,2026-01-14,Credit Card,PayPal,SGD,4130.0,Paid,0.0,39c0290f-388d-41f3-b781-799692d661cd
PAY002987,BOOK002987,2026-04-05,Cash,Stripe,USD,5310.0,Paid,0.0,f11f7db7-7a06-460c-b3b9-9c4e4fbf8210
PAY002988,BOOK002988,2025-10-02,Wallet,PayPal,INR,23541.0,Paid,0.0,b9915ae7-fb80-4812-b71e-cc5700e7d45e
PAY002989,BOOK002989,2025-01-09,Net Banking,Stripe,GBP,35400.0,Paid,0.0,18e4a7b8-c3da-48b3-bfdf-201b3dfe4934
PAY002990,BOOK002990,2025-12-13,UPI,Cash,SGD,24780.0,Paid,0.0,4dba5df2-ec78-416d-9bfe-a32948e47d78
PAY002991,BOOK002991,2026-01-15,Cash,Cash,EUR,29500.0,Paid,0.0,13455f79-77f9-4482-88f3-811efe6c3f99
PAY002992,BOOK002992,2025-04-17,Debit Card,Stripe,AED,50150.0,Paid,0.0,bd5c89bd-c4a6-440c-b7bf-a2620603ecbe
PAY002993,BOOK002993,2025-03-02,Wallet,Cash,INR,22420.0,Paid,0.0,c8f9c321-8e9a-4205-b39e-7b9ff6f9b1cc
PAY002994,BOOK002994,2025-10-11,Wallet,PayPal,,20060.0,Paid,0.0,f9ba0ca1-9c84-47bc-901c-132f0f5fda6a
PAY002995,BOOK002995,2026-05-13,Credit Card,PhonePe,SGD,33040.0,Paid,0.0,6c7013c0-5fde-4031-9c9e-f02299380cd5
PAY002996,BOOK002996,2025-05-10,Debit Card,PhonePe,INR,54929.0,Paid,0.0,b82654ba-dff3-4023-bc8c-6a68ad04a70f
PAY002997,BOOK002997,2025-02-14,UPI,PhonePe,SGD,10620.0,Paid,0.0,eb47efc9-abee-4d05-8d1c-b64c066eba7f
PAY002998,BOOK002998,2026-06-01,Wallet,Razorpay,AED,17552.5,Refunded,13493.18,18ed24f1-3cbc-467f-9daf-7b8e97d487bc
PAY002999,BOOK002999,2026-02-20,Net Banking,Cash,SGD,15694.0,Paid,0.0,02cfc556-3b52-45f5-8c99-80eea1a870ab
PAY003000,BOOK003000,2025-03-11,Cash,Cash,INR,70800.0,Paid,0.0,a8692dd4-cd60-49b5-9863-b93c56c2bcc4
PAY003001,BOOK003001,2026-06-15,UPI,PayPal,GBP,15930.0,Paid,0.0,217e2412-4c6b-475f-92b4-1c71f9297c35
PAY003002,BOOK003002,2025-08-12,Debit Card,Cash,INR,7847.0,Paid,0.0,70ee406a-b7b1-43b3-b30e-eb15d51034d6
PAY003003,BOOK003003,2026-04-17,UPI,Stripe,AED,41300.0,Paid,0.0,7e55839b-a7c0-424a-9753-152d896b9663
PAY003004,BOOK003004,2025-12-04,UPI,Stripe,SGD,37170.0,Refunded,11233.5,dac66d79-c111-4386-b57a-50d0768a8903
PAY003005,BOOK003005,2026-07-17,UPI,PhonePe,EUR,3510.5,Paid,0.0,eff4689a-7ad4-4f06-bc42-6f864c140262
PAY003006,BOOK003006,2025-11-20,Debit Card,Razorpay,INR,47082.0,Paid,0.0,543ee9d1-94b8-4240-956c-36364e715b58
PAY003007,BOOK003007,2025-01-15,Debit Card,Stripe,GBP,30090.0,Paid,0.0,d292cbc1-2fc1-4fc1-878c-f210eb4dc03b
PAY003008,BOOK003008,2025-02-04,UPI,PhonePe,AED,57820.0,Paid,0.0,f673a633-8eb0-484b-a064-9e9e7e048279
PAY003009,BOOK003009,2024-12-30,Credit Card,PhonePe,GBP,53100.0,Paid,0.0,98443531-1af2-41db-8e51-11290005ba23
PAY003010,BOOK003010,2026-07-15,UPI,Stripe,SGD,5900.0,Paid,0.0,1643054a-766c-42f5-92c5-58b980ae4e73
PAY003011,BOOK003011,2026-04-21,UPI,PayPal,GBP,28025.0,Paid,0.0,e388af17-4342-4f45-895b-e04dde1d85b2
PAY003012,BOOK003012,2025-06-01,Credit Card,Razorpay,SGD,13216.0,Paid,0.0,a1dac285-e641-4dfe-87cc-83dd1ff0be83
PAY003013,BOOK003013,2025-12-31,Cash,PhonePe,USD,24573.5,Paid,0.0,752d49fd-f5cf-40ad-ab41-d14028b2390d
PAY003014,BOOK003014,2025-12-11,Credit Card,PayPal,INR,12537.5,Paid,0.0,742db441-838e-4105-8204-5cd5ae31188d
PAY003015,BOOK003015,2024-12-27,Cash,PayPal,AED,18585.0,Paid,0.0,20c6bea8-193e-4621-a1fe-041cb040f9b0
PAY003016,BOOK003016,2025-11-29,Cash,Cash,AED,44840.0,Paid,0.0,22843dcc-6696-42cf-8353-28f5b5bb2fe1
PAY003017,BOOK003017,2026-05-16,UPI,Stripe,GBP,14042.0,Paid,0.0,0bd660d5-1e06-4384-ac50-31e20f21f340
PAY003018,BOOK003018,2025-11-10,Net Banking,PayPal,AED,23600.0,Paid,0.0,6f877226-96e0-4495-8fce-2dcccfbf4ba8
PAY003019,BOOK003019,2025-10-31,Debit Card,Stripe,EUR,17700.0,Refunded,14068.73,5d1c0fe2-046d-46a7-bc24-bddddc12ebd2
PAY003020,BOOK003020,2025-02-18,Cash,Razorpay,EUR,10030.0,Paid,0.0,9e8b59f6-4ca4-4312-af59-bc01ad8b4d01
PAY003021,BOOK003021,2025-01-30,Cash,Razorpay,AED,105315.0,Paid,0.0,270ec5af-4c05-4f0b-9b58-18bb346dfa4f
PAY003022,BOOK003022,2026-05-01,Wallet,Cash,EUR,22420.0,Paid,0.0,6415e3bc-a018-402a-b5e4-ee9b7dc5a284
PAY003023,BOOK003023,2026-04-09,UPI,PayPal,INR,90270.0,Paid,0.0,685fcc58-7a26-4122-83f6-54df558e735c
PAY003024,BOOK003024,2025-10-29,Credit Card,Cash,EUR,70210.0,Paid,0.0,946f4be1-6953-4304-ba42-c851364cbd6a
PAY003025,BOOK003025,2025-11-19,Cash,PhonePe,USD,31860.0,Paid,0.0,f2f6e3f9-817b-4e5b-86d8-67b43c1d459b
PAY003026,BOOK003026,2025-07-30,Net Banking,Razorpay,SGD,35400.0,Paid,0.0,322e60e0-c738-41db-b126-1b8a42d41b04
PAY003027,BOOK003027,2025-06-05,Debit Card,PhonePe,INR,33630.0,Paid,0.0,d06874ab-3f43-4cd0-8744-b7874f503f79
PAY003028,BOOK003028,2024-11-29,Net Banking,Stripe,INR,19824.0,Failed,0.0,58889883-b1a1-4b26-8298-73900d4d9ccd
PAY003029,BOOK003029,2026-04-24,Net Banking,PhonePe,INR,11800.0,Paid,0.0,85346da2-ccd1-4237-8dab-695b6c1f9862
PAY003030,BOOK003030,2026-04-13,Credit Card,Stripe,USD,7522.5,Paid,0.0,421a045b-ed90-40bf-ab31-0a6df2b275da
PAY003031,BOOK003031,2025-02-08,Cash,Cash,AED,47790.0,Paid,0.0,b8a0a875-1f33-44b9-b8df-810784e6cbfa
PAY003032,BOOK003032,2025-06-25,Wallet,Stripe,INR,11210.0,Paid,0.0,77df6c13-1418-4f38-a069-8bbf75a3920b
PAY003033,BOOK003033,2026-01-22,Net Banking,PayPal,EUR,19824.0,Paid,0.0,bec66588-90d5-4327-806c-55f8ae40fd26
PAY003034,BOOK003034,2025-10-23,Cash,PayPal,SGD,11210.0,Paid,0.0,d531d059-78e7-4a94-839b-8a46ede9a27f
PAY003035,BOOK003035,2025-03-07,UPI,Stripe,USD,117705.0,Paid,0.0,4bd09beb-c5ba-443e-a504-55c7570a27be
PAY003036,BOOK003036,2025-08-05,Cash,PhonePe,GBP,70210.0,Paid,0.0,37d3eaa5-0289-4b87-b3fc-52ed67f78463
PAY003037,BOOK003037,2025-02-16,Wallet,Stripe,GBP,44604.0,Failed,0.0,24984fb0-8a81-4954-813b-2546c9f1a614
PAY003038,BOOK003038,2025-11-22,Cash,PhonePe,AED,11210.0,Paid,0.0,716e38ce-9c5c-4e3f-9b82-50b36b386c43
PAY003039,BOOK003039,2025-07-03,Debit Card,PhonePe,GBP,31860.0,Paid,0.0,ef778a26-a8d2-4734-b6b5-2ba49cf91634
PAY003040,BOOK003040,2026-01-16,Wallet,PhonePe,SGD,44840.0,Paid,0.0,df7b7911-260d-47f3-a731-f554e7755bba
PAY003041,BOOK003041,2026-01-31,Wallet,Stripe,SGD,57820.0,Paid,0.0,19616186-3fdb-43eb-9b6d-bb5f961c7e76
PAY003042,BOOK003042,2026-03-16,Net Banking,Cash,EUR,3304.0,Paid,0.0,77b8e544-cb3c-45a0-a613-f4813099e813
PAY003043,BOOK003043,2026-05-02,Cash,PhonePe,SGD,22420.0,Paid,0.0,38cefc8f-1d2d-4f6d-a06e-e3c6247e8970
PAY003044,BOOK003044,2025-04-29,Debit Card,Razorpay,USD,5605.0,Refunded,1483.34,78afc1e0-9d65-4fda-b5c2-536db0fb235f
PAY003045,BOOK003045,2025-05-20,UPI,PayPal,USD,47790.0,Paid,0.0,980b6ad4-1959-4365-b01e-2153c9e964ea
PAY003046,BOOK003046,2026-04-04,Net Banking,Stripe,GBP,2360.0,Paid,0.0,a51e800b-7475-4eee-8654-6942f305c6ea
PAY003047,BOOK003047,2024-08-31,Net Banking,Stripe,USD,14042.0,Paid,0.0,8baaee3c-7e7e-4dfc-8062-159c74f64ae7
PAY003048,BOOK003048,2024-11-30,Net Banking,Stripe,GBP,10620.0,Paid,0.0,c30c46ae-5cb8-408f-b71e-781dab15a325
PAY003049,BOOK003049,2025-06-13,Net Banking,PayPal,GBP,10620.0,Paid,0.0,61cbfc61-f1ba-4cd2-953d-0e25dc58ea4c
PAY003050,BOOK003050,2025-05-24,Credit Card,PhonePe,INR,42480.0,Paid,0.0,fecc3117-446b-49d0-9448-8c8bffc08709
PAY003051,BOOK003051,2024-10-17,Credit Card,PayPal,GBP,56050.0,Paid,0.0,dd03348c-8367-4d68-ba91-b59c8478feb5
PAY003052,BOOK003052,2025-10-30,Debit Card,PayPal,EUR,46256.0,Failed,0.0,f664940a-265f-4473-b9e5-cf4ca74486ba
PAY003053,BOOK003053,2026-02-26,Net Banking,Razorpay,GBP,21240.0,Paid,0.0,2d290332-1bbc-4a9d-86d0-f5138d7b6a4e
PAY003054,BOOK003054,2025-05-18,Wallet,Razorpay,EUR,23128.0,Paid,0.0,93d0dd81-d599-4b13-aeb0-cfd36b8f7c21
PAY003055,BOOK003055,2025-05-23,Wallet,Cash,AED,56640.0,Failed,0.0,6abedc8f-4b22-4e48-940a-0ad2df10660f
PAY003056,BOOK003056,2024-12-14,Cash,Cash,INR,15930.0,Paid,0.0,e2c50c25-7945-49ca-9ae6-66f32e7dcc72
PAY003057,BOOK003057,2025-03-26,UPI,PhonePe,USD,44840.0,Refunded,41018.45,3f99aa86-b0c9-4b40-a336-7f9d62729fb8
PAY003058,BOOK003058,2026-03-28,Credit Card,Stripe,SGD,52038.0,Paid,0.0,e9cacdf6-cbc0-4ff3-a7a9-2e84053cfc1b
PAY003059,BOOK003059,2025-11-13,Wallet,PhonePe,EUR,21063.0,Paid,0.0,48f5404e-00de-419f-b3af-ab6240b442ee
PAY003060,BOOK003060,2024-11-07,Debit Card,Razorpay,AED,33630.0,Paid,0.0,6ec30325-25e8-4465-8155-515c62a11f04
PAY003061,BOOK003061,2025-11-03,Credit Card,Cash,USD,9440.0,Paid,0.0,323c9444-b749-48b8-80b6-bf2f166aba84
PAY003062,BOOK003062,2026-01-13,Net Banking,PayPal,EUR,28320.0,Paid,0.0,348337e3-8e4e-4bb7-a211-48a605495b1d
PAY003063,BOOK003063,2025-03-30,Debit Card,Cash,EUR,40120.0,Paid,0.0,cb824313-fa9f-4c1f-8388-72a1ec7254bc
PAY003064,BOOK003064,2024-09-07,Debit Card,PayPal,EUR,15694.0,Paid,0.0,5995caf3-8fec-46da-ab9b-9076d41027a9
PAY003065,BOOK003065,2024-09-04,Wallet,Stripe,EUR,6608.0,Paid,0.0,6c0ac138-6ddb-4150-b513-9cc5deb703d8
PAY003066,BOOK003066,2024-10-09,UPI,Razorpay,SGD,7021.0,Paid,0.0,bb447409-106b-4e8a-9eb8-a04efd4e0f0c
PAY003067,BOOK003067,2026-04-21,Debit Card,PayPal,AED,12537.5,Refunded,6241.05,21fdc1a8-b634-4336-ac29-a6b401865ae7
PAY003068,BOOK003068,2025-10-05,Debit Card,Razorpay,USD,99120.0,Paid,0.0,5a2d4520-2135-4ccd-ab32-1ae2660f3a1b
PAY003069,BOOK003069,2026-05-24,Cash,PhonePe,INR,13275.0,Paid,0.0,7127d79c-2feb-41db-a9ca-416c9030b1b8
PAY003070,BOOK003070,2026-02-02,Wallet,Cash,EUR,11800.0,Paid,0.0,40a1d016-0309-442d-a9b3-7d500e2d5a4f
PAY003071,BOOK003071,2024-08-09,Credit Card,PayPal,AED,45135.0,Failed,0.0,d09c9a80-b88f-42d5-bdad-387dc690fb06
PAY003072,BOOK003072,2026-06-24,Debit Card,Stripe,AED,15694.0,Paid,0.0,09e7aba2-01e9-4dd2-a2c1-7ac97b4c14c8
PAY003073,BOOK003073,2025-03-27,UPI,Stripe,SGD,67260.0,Paid,0.0,06e6479d-e843-466f-aa61-ff15543561ba
PAY003074,BOOK003074,2025-07-01,Net Banking,Stripe,AED,22302.0,Failed,0.0,f8ee1c9c-4795-4285-bca1-cea5229710b1
PAY003075,BOOK003075,2024-12-13,Debit Card,PhonePe,SGD,59000.0,Paid,0.0,428d4db6-ea53-4872-9965-9a5ccad1547d
PAY003076,BOOK003076,2024-10-17,Cash,Stripe,AED,6608.0,Refunded,2204.74,69a13c7f-78a7-4a9c-abcf-73e0c1d83318
PAY003077,BOOK003077,2025-02-20,Cash,Cash,USD,20060.0,Paid,0.0,e81af31d-3fc0-48de-857d-001ec3fc750b
PAY003078,BOOK003078,2026-01-03,UPI,Razorpay,AED,14750.0,Paid,0.0,c753d03b-1100-4bbe-894c-aba1854f815c
PAY003079,BOOK003079,2026-04-04,Net Banking,,USD,31860.0,Paid,0.0,fc4cc1df-470f-45ac-a089-f9aa02241800
PAY003080,BOOK003080,2026-03-16,Credit Card,Cash,EUR,3304.0,Paid,0.0,eb11760a-2158-43e5-8350-a29bb16873f5
PAY003081,BOOK003081,2026-04-07,Debit Card,Stripe,GBP,82600.0,Paid,0.0,20ac0a27-1139-4140-b780-494e151773d0
PAY003082,BOOK003082,2026-02-07,Wallet,Razorpay,GBP,30090.0,Failed,0.0,f368caa6-1f7e-4e91-a46d-df92f7055ae5
PAY003083,BOOK003083,2024-09-11,Wallet,Razorpay,AED,82600.0,Paid,0.0,00475207-fc1e-4884-9675-f2a41c453e28
PAY003084,BOOK003084,2025-01-20,Cash,Cash,INR,29500.0,Paid,0.0,fa5c717b-6210-426e-9a68-88aa190e421c
PAY003085,BOOK003085,2025-03-15,Credit Card,Stripe,AED,10030.0,Paid,0.0,e6e778b3-6a20-405b-b89a-8a95d49f2fdb
PAY003086,BOOK003086,2024-10-21,UPI,Stripe,INR,82600.0,Paid,0.0,5f4c0037-27d0-4724-b69e-df2319f64a80
PAY003087,BOOK003087,2025-12-18,Cash,PhonePe,USD,26550.0,Paid,0.0,14ed130c-fc00-4310-8bcb-7fef055ac10e
PAY003088,BOOK003088,2026-05-06,UPI,Stripe,INR,20060.0,Paid,0.0,8d3f08a2-e4c9-4633-bd1a-bb4186dd2741
PAY003089,BOOK003089,2024-08-21,Debit Card,Stripe,AED,63720.0,Paid,0.0,3edffc70-1a9e-4576-8f99-68c6141d8d82
PAY003090,BOOK003090,2026-02-22,Wallet,PayPal,USD,7522.5,Paid,0.0,e02ed76c-1861-4196-80a3-653b862e8644
PAY003091,BOOK003091,2026-01-20,UPI,PayPal,GBP,2507.5,Refunded,2382.42,dd7cee93-8166-41e9-8c52-115d70a5857f
PAY003092,BOOK003092,2025-07-05,Cash,Stripe,INR,7522.5,Paid,0.0,af05f2e8-7075-40de-8e22-20a16babab83
PAY003093,BOOK003093,2026-04-28,Credit Card,Stripe,USD,70800.0,Paid,0.0,f44bf5da-d8f7-40c0-8f43-74d4207db6d6
PAY003094,BOOK003094,2024-09-18,Wallet,PayPal,USD,106200.0,Paid,0.0,fc44a15e-bb9e-4721-8e1a-bf828cbd96d1
PAY003095,BOOK003095,2024-09-23,Debit Card,PayPal,USD,70210.0,Paid,0.0,426489b2-1c31-4811-a184-3040f5405025
PAY003096,BOOK003096,2024-10-14,Wallet,Razorpay,INR,4720.0,Paid,0.0,c70f2327-3357-483d-bbb8-5bab379c98f3
PAY003097,BOOK003097,2025-11-20,Debit Card,PayPal,GBP,42480.0,Refunded,31526.11,0523867c-e033-44b0-ac69-e73f22671f8a
PAY003098,BOOK003098,2025-10-29,Wallet,Razorpay,AED,28910.0,Paid,0.0,2b1ddc6b-507a-4411-8a29-0508b1c70d78
PAY003099,BOOK003099,2024-12-12,Debit Card,Cash,USD,15045.0,Paid,0.0,82b47f53-83ea-4b22-9481-4abed30b3436
PAY003100,BOOK003100,2025-03-17,Wallet,Razorpay,SGD,45135.0,Paid,0.0,bce75e66-4377-407d-a45d-70a3203d0e77
PAY003101,BOOK003101,2026-04-03,Credit Card,PayPal,EUR,13275.0,Paid,0.0,12b89dc1-e85b-46f2-8c5d-fb0897975cfb
PAY003102,BOOK003102,2025-07-24,Wallet,Cash,USD,3717.0,Paid,0.0,4e05da75-adb8-45f8-9322-95ea9297f84b
PAY003103,BOOK003103,2025-08-28,Wallet,Cash,SGD,105315.0,Paid,0.0,64fbbed6-5c9c-42ad-acf9-555bafdefd1b
PAY003104,BOOK003104,2024-11-26,Credit Card,Cash,EUR,10531.5,Paid,0.0,55dbf8f4-3629-4e64-9e0a-dd57bde3ecc0
PAY003105,BOOK003105,2025-08-01,Wallet,PayPal,AED,3304.0,Failed,0.0,b4b4e002-5d5e-437c-b911-9c278c251ebc
PAY003106,BOOK003106,2026-01-19,Wallet,Stripe,AED,5310.0,Paid,0.0,edf3ecfa-969f-46b1-b4e8-9387c1bcf7ed
PAY003107,BOOK003107,2025-05-26,Debit Card,PayPal,USD,28025.0,Paid,0.0,fb871029-40f0-442e-915d-a88fcb7cbbf3
PAY003108,BOOK003108,2026-04-05,Wallet,Stripe,INR,15930.0,Paid,0.0,1974e7d3-bc58-41ee-8f9a-ab5a0c869b81
PAY003109,BOOK003109,2024-09-01,Debit Card,PhonePe,SGD,5310.0,Paid,0.0,3db41a88-8ca8-490b-bf07-e2513750c76e
PAY003110,BOOK003110,2024-08-25,Net Banking,PhonePe,USD,30090.0,Paid,0.0,26294d9a-e5d5-436c-809d-69e4c22f4913
PAY003111,BOOK003111,2026-02-08,Wallet,PhonePe,AED,35400.0,Paid,0.0,27e3c0fa-01db-444a-8c22-503e4f2f1a44
PAY003112,BOOK003112,2025-02-25,Wallet,Stripe,GBP,16815.0,Failed,0.0,ee6446cd-7900-4984-b16d-c32e456b867e
PAY003113,BOOK003113,2026-01-28,UPI,PhonePe,GBP,37170.0,Paid,0.0,aa77eeac-e3ce-46ea-bb74-01c2f59baa14
PAY003114,BOOK003114,2025-02-13,Net Banking,Stripe,EUR,28320.0,Paid,0.0,3213bb61-5245-4d8b-a9bf-5b6f4547b25d
PAY003115,BOOK003115,2026-07-02,Debit Card,Stripe,EUR,8850.0,Paid,0.0,ae8d1c20-1be8-4329-ad9d-b44b6e324f9d
PAY003116,BOOK003116,2025-02-07,Net Banking,,SGD,70800.0,Refunded,55737.69,f77e7bf8-e631-4377-b923-4f79e5a5bc93
PAY003117,BOOK003117,2024-11-29,UPI,Cash,INR,2950.0,Refunded,1344.11,5968eea0-11a1-4cce-a9f3-6f4d2eabfec1
PAY003118,BOOK003118,2025-01-26,Net Banking,Razorpay,INR,35105.0,Paid,0.0,3606252e-263f-47d2-8a9a-44de14b2a23f
PAY003119,BOOK003119,2024-10-13,Cash,Cash,AED,117705.0,Paid,0.0,05b5b556-15d3-423c-a0df-0d43b862c74b
PAY003120,BOOK003120,2024-08-31,Credit Card,PayPal,AED,33040.0,Paid,0.0,2f60d8cb-ce37-4f99-9693-d8768813be80
PAY003121,BOOK003121,2025-12-07,Cash,Stripe,AED,82600.0,Paid,0.0,c69d7768-c85e-4c89-b95d-321017084dcd
PAY003122,BOOK003122,2026-04-26,Debit Card,PayPal,INR,21240.0,Paid,0.0,7a27ec1f-bb0c-4077-a4fb-5bb791ca8174
PAY003123,BOOK003123,2025-07-04,Credit Card,PayPal,GBP,17700.0,Paid,0.0,2a5bde48-ffbd-42a5-a606-84237a9dbe4a
PAY003124,BOOK003124,2025-03-12,Cash,Razorpay,USD,23541.0,Paid,0.0,aa082d27-fafb-4052-a37a-552da9927ce1
PAY003125,BOOK003125,2026-01-05,Debit Card,Cash,SGD,33040.0,Paid,0.0,006f6634-5aea-4c45-89f9-0c0c135337ef
PAY003126,BOOK003126,2025-12-17,UPI,PayPal,SGD,59000.0,Paid,0.0,accb1147-b16a-4604-96f3-68bdaad9466d
PAY003127,BOOK003127,2025-10-04,Credit Card,Razorpay,AED,14750.0,Paid,0.0,1f9b7fc5-33da-4ba3-ac51-8c7c76fe1511
PAY003128,BOOK003128,2024-10-30,UPI,Stripe,AED,30090.0,Paid,0.0,30ffd9b5-d877-400b-b989-856030cbc18b
PAY003129,BOOK003129,2025-01-21,Wallet,Cash,EUR,59000.0,Paid,0.0,81cacd65-5d6e-488f-9554-75886b66325c
PAY003130,BOOK003130,2024-10-21,Debit Card,Razorpay,SGD,9440.0,Paid,0.0,f30ab40b-0e18-4795-820b-7110762124bc
PAY003131,BOOK003131,2025-08-30,Net Banking,PayPal,USD,2655.0,Paid,0.0,930142be-5f6c-4f52-9bac-cea62596af50
PAY003132,BOOK003132,2025-01-02,Credit Card,Razorpay,SGD,31860.0,Paid,0.0,99418585-1c50-4813-8479-37ad1ce72dd3
PAY003133,BOOK003133,2026-03-28,Wallet,PayPal,USD,11210.0,Paid,0.0,12ee24fc-47a1-4380-be5a-01d8704e2256
PAY003134,BOOK003134,2024-12-16,Net Banking,Stripe,EUR,4720.0,Failed,0.0,ee55793c-d391-42ac-9222-a514c5776d39
PAY003135,BOOK003135,2025-05-24,Credit Card,PayPal,INR,66080.0,Paid,0.0,88ed3a5e-55d3-48bd-93cb-abbada8e01a4
PAY003136,BOOK003136,2026-05-26,Wallet,PhonePe,USD,117705.0,Paid,0.0,25995f90-71b1-4031-a1e2-c1b4b7c0b2b2
PAY003137,BOOK003137,2025-12-22,Net Banking,Stripe,GBP,39235.0,Paid,0.0,fc905fc2-0b91-4576-8327-ce4d66cc4164
PAY003138,BOOK003138,2025-01-24,Debit Card,Razorpay,INR,44840.0,Paid,0.0,696e5ed4-2d01-403c-98eb-8a5d516f11bf
PAY003139,BOOK003139,2026-07-25,UPI,PhonePe,GBP,31860.0,Paid,0.0,1a603114-195c-4194-af3b-1ccfa25d2933
PAY003140,BOOK003140,2025-09-21,UPI,PhonePe,EUR,25075.0,Paid,0.0,cbbf57fc-769b-4d14-b416-7596eee8a44e
PAY003141,BOOK003141,2024-11-13,Debit Card,Razorpay,EUR,9440.0,Paid,0.0,1a8c7750-0b90-43f4-ad5c-89b3df579389
PAY003142,BOOK003142,2025-12-22,Credit Card,Cash,USD,14160.0,Paid,0.0,bd4a9263-eedd-4ca4-be25-41ca4338b9c3
PAY003143,BOOK003143,2025-03-13,Credit Card,Stripe,EUR,46256.0,Paid,0.0,728aee26-7761-4c62-b1ea-768f4dd463af
PAY003144,BOOK003144,2026-07-25,Debit Card,Razorpay,INR,28084.0,Paid,0.0,a32b4505-e5ab-4f78-a167-53085ab7892a
PAY003145,BOOK003145,2025-06-23,Credit Card,PhonePe,SGD,22420.0,Failed,0.0,95cd5cac-af76-4dcc-b889-f76dd8aabcdd
PAY003146,BOOK003146,2026-05-18,Net Banking,Stripe,INR,60180.0,Paid,0.0,9dad932c-66fc-49a8-8ead-b2302b1184e5
PAY003147,BOOK003147,2025-08-07,Debit Card,PayPal,,3923.5,Paid,0.0,c6388741-34f5-4bca-9bbf-7cf1bbd52c15
PAY003148,BOOK003148,2025-11-28,Net Banking,PayPal,GBP,22302.0,Paid,0.0,c4c69ffd-47b5-4c37-a95d-e021cb07cef5
PAY003149,BOOK003149,2024-08-25,UPI,Cash,INR,33630.0,Paid,0.0,5389e457-d391-41ef-b018-2a6ed6d03906
PAY003150,BOOK003150,2025-07-12,Cash,Razorpay,SGD,99120.0,Paid,0.0,f583816a-ca01-42a2-94c3-4e74869a41f8
PAY003151,BOOK003151,2025-03-13,UPI,Razorpay,USD,26432.0,Paid,0.0,9a037964-0a51-4b57-983c-72596bb81975
PAY003152,BOOK003152,2024-09-24,Debit Card,Stripe,INR,33040.0,Refunded,11107.4,5c69a8b4-3979-40a3-9e16-4b08f4e612a8
PAY003153,BOOK003153,2026-01-09,Cash,PhonePe,INR,44840.0,Paid,0.0,9cebc34c-9ee7-475e-83af-6b9eed963738
PAY003154,BOOK003154,2026-05-26,Wallet,Cash,AED,53100.0,Refunded,29795.23,c87f1a4a-1b6c-4db2-894e-ec230572fbca
PAY003155,BOOK003155,2025-04-18,Cash,PhonePe,SGD,4720.0,Paid,0.0,0c95ae40-2ef9-455b-920d-e4551ddea64c
PAY003156,BOOK003156,2024-08-28,Debit Card,PayPal,GBP,7965.0,Paid,0.0,52423334-cfc7-4196-ac8d-de8408f11bdf
PAY003157,BOOK003157,2026-05-03,Net Banking,Razorpay,GBP,13216.0,Refunded,7811.29,beb73e70-ac76-43ba-8f6d-e5c566ff843e
PAY003158,BOOK003158,2025-07-05,Credit Card,Cash,INR,78470.0,Paid,0.0,42f400fb-0cd7-4b96-b9d8-fe7a3bf309bc
PAY003159,BOOK003159,2024-12-30,Net Banking,Razorpay,SGD,60180.0,Paid,0.0,fff21c09-4d90-48e6-863f-73051b392176
PAY003160,BOOK003160,2024-11-18,Debit Card,Cash,USD,21240.0,Paid,0.0,3b2daf00-7fb7-4ca0-9968-b7c07096f060
PAY003161,BOOK003161,2024-12-25,UPI,PayPal,AED,123900.0,Refunded,97160.97,c10a335d-a151-4d07-bcd7-29c2fd4a358d
PAY003162,BOOK003162,2025-06-03,Net Banking,PhonePe,INR,27464.5,Paid,0.0,ff56a826-ea33-45a5-b0d7-5d4e06c9b0e2
PAY003163,BOOK003163,2026-04-22,Net Banking,Cash,USD,49147.0,Paid,0.0,d0c35c5e-104d-4620-984b-08dac6998572
PAY003164,BOOK003164,2026-07-03,Wallet,PhonePe,GBP,16520.0,Paid,0.0,fbef5d10-e7fc-48f0-a63a-b36e734011a1
PAY003165,BOOK003165,2026-02-26,Wallet,Cash,EUR,5015.0,Paid,0.0,d0daf64f-413c-4bbd-b06e-ff9abd54c152
PAY003166,BOOK003166,2026-01-20,Debit Card,Razorpay,EUR,30090.0,Paid,0.0,79d9867a-1aca-4b46-a9a5-971b7d68b5a6
PAY003167,BOOK003167,2026-06-26,Net Banking,PhonePe,SGD,17700.0,Paid,0.0,fd942bba-4770-4cae-84c1-61e0209afee2
PAY003168,BOOK003168,2024-12-29,Cash,Razorpay,INR,70800.0,Paid,0.0,2d5f39f7-6183-4a9d-b4fd-412f51ab4b8d
PAY003169,BOOK003169,2025-04-15,Wallet,PhonePe,INR,11210.0,Paid,0.0,dda972b5-875e-4ed1-8415-d6475883d1ad
PAY003170,BOOK003170,2024-08-23,Debit Card,Stripe,SGD,16520.0,Paid,0.0,ea5d7583-7772-47b0-8294-796ba56658d3
PAY003171,BOOK003171,2026-06-14,Credit Card,Razorpay,EUR,35400.0,Paid,0.0,90b5dd49-0799-4f76-a413-a580e88a61b3
PAY003172,BOOK003172,2025-02-08,UPI,PayPal,EUR,10030.0,Failed,0.0,e506743d-eb05-4d46-9f9f-0697b4b97391
PAY003173,BOOK003173,2026-03-08,Wallet,PayPal,INR,39235.0,Paid,0.0,9e3c2c4d-9616-4c24-b59f-60a8cfa205ef
PAY003174,BOOK003174,2025-07-15,UPI,Stripe,INR,41300.0,Failed,0.0,a4f3915a-803f-4324-b959-67cd8a25b436
PAY003175,BOOK003175,2025-04-28,UPI,PayPal,INR,56640.0,Paid,0.0,98ab874c-199f-4e04-8fdf-afeec8c50dc7
PAY003176,BOOK003176,2026-07-24,Debit Card,PhonePe,USD,7965.0,Paid,0.0,5f7b6abd-4592-4589-a810-f395c489aa85
PAY003177,BOOK003177,2025-06-27,Cash,Cash,INR,11151.0,Refunded,8920.6,fa896b37-9720-4ff8-b2dd-b10291070245
PAY003178,BOOK003178,2025-07-24,Debit Card,PhonePe,INR,39648.0,Paid,0.0,4c2daccf-9a03-4838-be65-5907400a74a7
PAY003179,BOOK003179,2026-05-11,Cash,Cash,USD,53100.0,Paid,0.0,ad140b47-c979-4250-a3d6-abd403a66f50
PAY003180,BOOK003180,2024-08-31,Net Banking,Stripe,INR,79650.0,Paid,0.0,a943fb2b-e8d1-4133-a757-67aee0ea78d4
PAY003181,BOOK003181,2024-10-23,UPI,Cash,USD,44604.0,Paid,0.0,13824604-cd0f-4f75-8ffb-62bf24f96e17
PAY003182,BOOK003182,2026-06-08,UPI,Stripe,EUR,5015.0,Paid,0.0,96e2fba9-3cd8-48ed-9ef8-44381985de95
PAY003183,BOOK003183,2025-05-20,Wallet,PhonePe,USD,50150.0,Paid,0.0,a8d3e73c-95fb-4e74-bceb-fd4e9d7d40cc
PAY003184,BOOK003184,2025-03-30,Credit Card,PayPal,GBP,31860.0,Paid,0.0,14eae5f8-960f-4eed-b1d4-5cc4cffe6ab8
PAY003185,BOOK003185,2025-04-24,Debit Card,Stripe,EUR,54929.0,Paid,0.0,e26cf8ef-4632-4415-ac94-34879354abe5
PAY003186,BOOK003186,2024-08-16,Credit Card,PhonePe,USD,21240.0,Paid,0.0,aa2c8575-e7d0-4391-b18a-089193b339e5
PAY003187,BOOK003187,2025-09-16,Net Banking,PayPal,GBP,8850.0,Paid,0.0,61caa7e4-f26b-4ad1-908c-f1f229c9a610
PAY003188,BOOK003188,2026-07-20,Debit Card,PhonePe,USD,35400.0,Paid,0.0,c3ae7822-22d5-4c7d-8f06-104d7bc07e9d
PAY003189,BOOK003189,2026-07-29,Credit Card,Razorpay,EUR,14160.0,Paid,0.0,b8336dec-2ff8-473f-916c-e7ea9815b835
PAY003190,BOOK003190,2025-04-01,UPI,Razorpay,AED,5015.0,Paid,0.0,be699a4d-67db-45fe-b045-8107cec350e7
PAY003191,BOOK003191,2025-11-30,Cash,PhonePe,EUR,6608.0,Paid,0.0,2df4f9dd-08b6-45a2-bc6f-bc951daa64ab
PAY003192,BOOK003192,2024-09-11,Credit Card,PhonePe,USD,7847.0,Paid,0.0,69b651ed-2f70-4209-b0b9-abd50a54ee34
PAY003193,BOOK003193,2025-08-11,Cash,PhonePe,GBP,33630.0,Paid,0.0,88ba147d-58eb-4a67-a1e3-bd9878f59cae
PAY003194,BOOK003194,2025-02-08,UPI,Cash,GBP,16520.0,Paid,0.0,ecf5e80c-a8f2-4bb9-8d4b-8f049a4809e9
PAY003195,BOOK003195,2025-12-14,Wallet,Stripe,INR,9440.0,Paid,0.0,3717accc-ecfd-45a7-84df-e39d510b6ae4
PAY003196,BOOK003196,2025-01-16,Credit Card,Stripe,EUR,70800.0,Paid,0.0,3c0961cf-65c7-473b-a73c-0973d0be72ed
PAY003197,BOOK003197,2025-07-31,Debit Card,Cash,EUR,106200.0,Paid,0.0,01464132-f661-4b1d-ad04-2f5a289dbe9f
PAY003198,BOOK003198,2025-07-22,Wallet,Stripe,EUR,9440.0,Refunded,8296.82,0d2df41f-e3d5-49c7-8e33-75f5ad382d6f
PAY003199,BOOK003199,2024-08-29,Net Banking,PhonePe,EUR,11800.0,Paid,0.0,c8e91e62-e117-454d-965a-dfdab816b39c
PAY003200,BOOK003200,2024-08-11,Wallet,Cash,SGD,47200.0,Refunded,32444.96,fb81d381-44d3-4f43-a4fe-b5ebdc748b13
PAY003201,BOOK003201,2025-09-12,UPI,PayPal,EUR,35400.0,Paid,0.0,2ccd3f2d-f59d-4523-b4cf-c2b4d403ac88
PAY003202,BOOK003202,2026-01-04,Wallet,PhonePe,SGD,3304.0,Paid,0.0,c1487849-03fd-4484-9db5-f17c898966e6
PAY003203,BOOK003203,2025-11-15,Wallet,Cash,GBP,52038.0,Paid,0.0,54bbfdff-4c4f-4b9b-9b09-e5ca5026256c
PAY003204,BOOK003204,2024-10-25,Cash,PayPal,EUR,17700.0,Paid,0.0,d6b20d5e-e76a-48fd-bfd3-f47841a2729b
PAY003205,BOOK003205,2025-10-25,Credit Card,PayPal,INR,11800.0,Paid,0.0,bd5d0278-eb24-489f-a9d2-34a85745be9d
PAY003206,BOOK003206,2026-06-30,Wallet,Stripe,INR,82600.0,Paid,0.0,6f50cc5b-aae2-4a4e-8e87-750dcabb37a2
PAY003207,BOOK003207,2025-10-03,Debit Card,PhonePe,INR,70800.0,Paid,0.0,aa0d8e15-6a9f-4b9c-a3e1-8c4dd0f4bd7c
PAY003208,BOOK003208,2026-01-08,Debit Card,PhonePe,EUR,67260.0,Paid,0.0,f56e1ed9-7a60-4402-a60b-c5fd1a54211f
PAY003209,BOOK003209,2026-03-04,Net Banking,PhonePe,EUR,7965.0,Paid,0.0,4b392062-a5b5-4dc7-8e5e-0408db765585
PAY003210,BOOK003210,2025-05-26,Net Banking,Razorpay,USD,75225.0,Paid,0.0,8603ad2f-2a0f-428c-9081-a48bb7a1413a
PAY003211,BOOK003211,2024-10-14,Cash,Cash,AED,123900.0,Paid,0.0,e9efc7d5-9f54-4f30-a57a-2c132886f83d
PAY003212,BOOK003212,2025-05-30,Wallet,PayPal,INR,70800.0,Paid,0.0,96e6c385-ef8b-45a4-8f27-ca4cfdb33cc5
PAY003213,BOOK003213,2024-08-31,Cash,Stripe,INR,13275.0,Paid,0.0,8cbcba56-5630-4149-84f4-b68e7967b5d5
PAY003214,BOOK003214,2025-07-23,Cash,Razorpay,INR,63720.0,Paid,0.0,371da4b5-a4ad-451d-b4f9-4eeff09742f5
PAY003215,BOOK003215,2025-01-23,Debit Card,Stripe,SGD,6608.0,Paid,0.0,ea0d0d8b-d105-46c2-b77a-4b4b9ced08d4
PAY003216,BOOK003216,2025-07-23,Wallet,Razorpay,USD,14042.0,Paid,0.0,82f546d5-84f4-4d45-9c97-d8274c5b1759
PAY003217,BOOK003217,2024-10-10,UPI,Razorpay,GBP,10620.0,Paid,0.0,9c4cab52-9b13-4cec-90f8-dc2a92cd2683
PAY003218,BOOK003218,2025-09-27,UPI,,AED,23600.0,Paid,0.0,7a445994-3368-4ddc-9b28-334b427ea014
PAY003219,BOOK003219,2024-08-27,Cash,Stripe,,28084.0,Paid,0.0,f5f7d3ae-fe70-4681-938e-a8a97815ea98
PAY003220,BOOK003220,2024-12-22,Wallet,PayPal,EUR,8260.0,Paid,0.0,103e63a2-fd51-4485-99e8-1d6c1d379664
PAY003221,BOOK003221,2026-04-20,Debit Card,Razorpay,USD,4720.0,Paid,0.0,8abe566f-7f10-4713-bd16-4a9cca4ab013
PAY003222,BOOK003222,2025-12-30,Credit Card,Cash,EUR,22420.0,Failed,0.0,4ce2fa12-6590-4069-8646-277d83884d66
PAY003223,BOOK003223,2026-05-03,Wallet,PhonePe,EUR,66080.0,Paid,0.0,28ce86d2-6ef3-4cc4-a55c-a1570c3f2bca
PAY003224,BOOK003224,2025-05-27,Wallet,Razorpay,EUR,7965.0,Failed,0.0,259526b0-65ed-48c1-bfcd-1e6f4cb814c6
PAY003225,BOOK003225,2026-03-19,Net Banking,Razorpay,SGD,33630.0,Paid,0.0,5819d309-38ba-4bc7-b1bf-783c39aa1924
PAY003226,BOOK003226,2026-01-18,UPI,PhonePe,AED,18585.0,Paid,0.0,15bf6884-f796-4c11-bfce-f21972681aae
PAY003227,BOOK003227,2025-06-08,Cash,Stripe,GBP,11800.0,Paid,0.0,7152eafc-1655-4a7a-a3f2-f5dfa8c276c8
PAY003228,BOOK003228,2025-08-10,Wallet,PayPal,AED,6608.0,Paid,0.0,38203e06-fb98-41ad-be6c-1924d1974880
PAY003229,BOOK003229,2024-10-31,UPI,Cash,AED,47082.0,Paid,0.0,6d8f82dc-944b-45f8-961c-4ca09ef259fb
PAY003230,BOOK003230,2024-12-04,Wallet,PayPal,EUR,35400.0,Paid,0.0,1fe59f44-6182-42cb-b866-c359e736eab7
PAY003231,BOOK003231,2026-03-26,UPI,PayPal,GBP,4720.0,Paid,0.0,b16e06de-101f-427d-aa4b-80437fe474e3
PAY003232,BOOK003232,2025-03-26,Credit Card,,AED,84075.0,Paid,0.0,ccf76e0e-28dd-4885-aa38-d7a5cfa5240a
PAY003233,BOOK003233,2025-07-22,Cash,PhonePe,GBP,11210.0,Failed,0.0,f8fad52d-a2bd-4e54-81bf-9012a24759f8
PAY003234,BOOK003234,2025-07-16,Wallet,Cash,USD,39235.0,Paid,0.0,7209acdb-cc4c-4fcf-848e-6253d76f01dc
PAY003235,BOOK003235,2025-04-01,Net Banking,Razorpay,GBP,31860.0,Paid,0.0,36b240df-62bc-416c-bef7-1cecc7229839
PAY003236,BOOK003236,2024-09-06,Cash,Razorpay,USD,19617.5,Refunded,16280.18,53b44e1c-026d-4cf0-a839-d34d82b3808b
PAY003237,BOOK003237,2025-02-26,Wallet,Stripe,GBP,50445.0,Paid,0.0,6d736db1-6679-4755-a964-b3b40ae94544
PAY003238,BOOK003238,2026-03-17,UPI,Stripe,EUR,28320.0,Refunded,19145.03,1bdd7efc-dcc6-472e-a0f5-bdb9b9e0241c
PAY003239,BOOK003239,2024-10-14,Net Banking,Cash,EUR,35105.0,Paid,0.0,c4dcccef-7a2b-45e3-8ff7-0b935d0f9e22
PAY003240,BOOK003240,2026-07-06,Net Banking,Cash,AED,7021.0,Paid,0.0,a7df5641-3829-466d-b27f-14340ddcfb80
PAY003241,BOOK003241,2026-06-02,Cash,PhonePe,GBP,45135.0,Paid,0.0,ab2e3a31-33d3-4b6d-ad29-956813ba0bef
PAY003242,BOOK003242,2026-03-22,UPI,PayPal,SGD,13275.0,Paid,0.0,a4f0c939-826a-4ef3-a465-8907b8d23b1f
PAY003243,BOOK003243,2025-08-07,Net Banking,PayPal,AED,50445.0,Refunded,22078.92,6b240ab6-df93-4c6e-a40d-0c53ef751a1f
PAY003244,BOOK003244,2024-09-06,Debit Card,Razorpay,GBP,67260.0,Paid,0.0,f9e481ff-58ed-4e3e-8e62-0d13394a303f
PAY003245,BOOK003245,2024-12-08,UPI,PayPal,AED,84960.0,Paid,0.0,48d75a95-e8bf-46c8-b43e-0a18221dc647
PAY003246,BOOK003246,2025-04-28,Debit Card,Stripe,AED,4720.0,Paid,0.0,c1bdc11c-d53f-4fd1-a86f-b519692b2e21
PAY003247,BOOK003247,2026-03-25,Net Banking,PayPal,INR,52038.0,Failed,0.0,674be4ce-e362-447a-ab11-2f9a509b8328
PAY003248,BOOK003248,2026-06-08,Cash,Cash,AED,8407.5,Paid,0.0,bd2a9957-7609-4d8b-9bff-4b14726f93a0
PAY003249,BOOK003249,2025-10-24,Net Banking,Razorpay,EUR,7434.0,Paid,0.0,96293337-b823-4d35-a6d5-933c39aa3d82
PAY003250,BOOK003250,2025-12-11,Wallet,Cash,SGD,15930.0,Refunded,7224.9,c4303928-c784-4d42-b1e5-dc9337f8e429
PAY003251,BOOK003251,2024-09-19,UPI,PhonePe,GBP,5900.0,Refunded,3403.61,b92a1cee-f055-4539-9e65-b287289ec4bb
PAY003252,BOOK003252,2025-06-12,Cash,PayPal,EUR,23541.0,Paid,0.0,8811d00e-fb48-4a57-8da5-060c3b1c01ad
PAY003253,BOOK003253,2025-12-08,Net Banking,Stripe,SGD,42126.0,Paid,0.0,099d4816-9a69-4fc6-8bb4-72e1c0fd1b0a
PAY003254,BOOK003254,2025-09-22,Net Banking,PayPal,INR,30090.0,Paid,0.0,789c380d-5591-47b2-bd39-4240ae0c6b86
PAY003255,BOOK003255,2025-11-30,Debit Card,Cash,EUR,67260.0,Failed,0.0,b46192e7-61b1-4252-b05f-b546e2b3f04c
PAY003256,BOOK003256,2025-07-03,Cash,Razorpay,GBP,7965.0,Paid,0.0,51e0bbfe-e05f-46c2-8764-10a8384a2fc6
PAY003257,BOOK003257,2025-12-07,Credit Card,Razorpay,GBP,3923.5,Paid,0.0,d2da2709-9f6d-4c91-a1ff-186347504c5d
PAY003258,BOOK003258,2025-05-08,Credit Card,PhonePe,AED,90270.0,Paid,0.0,bb3c742f-61a9-4dba-9206-9ac58d4d38ba
PAY003259,BOOK003259,2025-01-27,Credit Card,Stripe,USD,11210.0,Paid,0.0,15e8273f-0d63-4e0c-873f-5bb4a80d5d68
PAY003260,BOOK003260,2026-01-15,Cash,PhonePe,USD,39648.0,Paid,0.0,ad2a41b7-6d14-41cc-9c17-b5b95d4c7c3f
PAY003261,BOOK003261,2026-06-11,Cash,Razorpay,INR,56050.0,Paid,0.0,ff465f4a-0da4-4e40-9c23-fbf9faff8431
PAY003262,BOOK003262,2026-05-11,Wallet,PayPal,GBP,10531.5,Paid,0.0,bab656c0-c051-4476-a4d0-9bd6bcb39e16
PAY003263,BOOK003263,2025-11-01,Wallet,PhonePe,AED,13275.0,Paid,0.0,17939cdf-8329-4843-b958-e218f49c8d27
PAY003264,BOOK003264,2026-07-16,Net Banking,Cash,USD,5310.0,Paid,0.0,d038c00f-3d48-467f-bd06-c6f2104b9d88
PAY003265,BOOK003265,2025-11-09,Net Banking,Cash,GBP,22302.0,Paid,0.0,5aa19407-d025-4b17-8394-2c2d33a96a0b
PAY003266,BOOK003266,2025-07-21,UPI,Cash,SGD,4720.0,Paid,0.0,bfb65623-bab5-43e3-b34d-d4670abc7ae1
PAY003267,BOOK003267,2025-01-06,Cash,PhonePe,SGD,11151.0,Failed,0.0,11fc86cb-aba0-4ea4-b07b-d20d325f4b9f
PAY003268,BOOK003268,2025-11-13,Wallet,PayPal,EUR,70800.0,Paid,0.0,310f8a38-de68-4620-9315-b6ec9d2a1930
PAY003269,BOOK003269,2026-01-26,Cash,PhonePe,AED,17700.0,Paid,0.0,764ac56b-2497-44d0-85ed-2c6b85c7a48f
PAY003270,BOOK003270,2024-09-19,Cash,PhonePe,GBP,21063.0,Paid,0.0,9f9482ba-9894-45e4-b2d0-bc5b12b432ca
PAY003271,BOOK003271,2025-09-16,Net Banking,Razorpay,SGD,37170.0,Paid,0.0,cf02705d-4f35-4812-bda5-ef8f726db919
PAY003272,BOOK003272,2026-07-07,Cash,Razorpay,SGD,26432.0,Paid,0.0,ee92ff7a-6734-4a9b-bc5d-3ed827ad4d44
PAY003273,BOOK003273,2026-03-23,Net Banking,Stripe,AED,23541.0,Paid,0.0,d26c2c0f-455c-4e70-85f7-e1ac03db86f2
PAY003274,BOOK003274,2026-04-08,UPI,Cash,USD,12537.5,Paid,0.0,cc454811-bf67-4b0c-bbb6-b1e8a1f1d0c6
PAY003275,BOOK003275,2026-06-28,Wallet,Stripe,EUR,12390.0,Paid,0.0,cdb921ca-9f15-470b-b1a2-29b1dc4b6f7b
PAY003276,BOOK003276,2025-05-25,Debit Card,PayPal,INR,26019.0,Paid,0.0,9631f124-b05a-4471-b367-c443762fd040
PAY003277,BOOK003277,2025-01-14,Net Banking,Cash,USD,35400.0,Paid,0.0,20290798-8433-4ed4-a430-a85504387fa9
PAY003278,BOOK003278,2025-02-13,Wallet,Stripe,SGD,6608.0,Paid,0.0,c5088425-2833-48dc-b866-6c283340f5b7
PAY003279,BOOK003279,2026-03-28,Credit Card,PayPal,SGD,2950.0,Refunded,1947.3,21bbd88a-50d2-4bf1-ac0e-18e7f749a325
PAY003280,BOOK003280,2026-01-12,Debit Card,Cash,GBP,123900.0,Paid,0.0,cf840390-4648-4701-a0e6-721cccee11c8
PAY003281,BOOK003281,2025-01-04,Debit Card,Razorpay,EUR,10620.0,Paid,0.0,fa933c4d-3b09-421a-b6d7-a2ad7822127e
PAY003282,BOOK003282,2024-12-06,Credit Card,Razorpay,SGD,78470.0,Refunded,47485.66,7b1bec86-6662-498c-93b3-ded3da0792ec
PAY003283,BOOK003283,2025-10-19,UPI,Razorpay,,123900.0,Paid,0.0,8ec7784f-f051-4a3f-8b3f-efb26c6825b0
PAY003284,BOOK003284,2026-04-03,Net Banking,Stripe,GBP,59000.0,Paid,0.0,110bad76-bafc-4e35-badd-f580b5a010f1
PAY003285,BOOK003285,2025-05-09,Cash,Razorpay,INR,82600.0,Paid,0.0,4015057f-68cb-42ca-9428-693dbc0c98ce
PAY003286,BOOK003286,2025-11-20,Net Banking,PayPal,EUR,2507.5,Paid,0.0,c421d91a-4a1b-489c-8bea-915c6058ea20
PAY003287,BOOK003287,2026-03-29,Credit Card,PhonePe,SGD,50445.0,Paid,0.0,0e3d2a27-ea62-4f23-a84e-643bf5af6934
PAY003288,BOOK003288,2025-11-14,Net Banking,PhonePe,USD,5900.0,Paid,0.0,a4647171-2613-4718-be27-aa53ff1d8ac3
PAY003289,BOOK003289,2025-12-24,Debit Card,PhonePe,SGD,11800.0,Paid,0.0,d1c83111-c041-4593-a22c-7585978a463d
PAY003290,BOOK003290,2024-10-13,Credit Card,PhonePe,USD,35400.0,Paid,0.0,3b5914f5-948c-4631-9871-e688f2f1636e
PAY003291,BOOK003291,2025-11-29,Net Banking,Stripe,EUR,26432.0,Failed,0.0,b33fb7d9-1e4d-4e72-961b-e11da7ff730b
PAY003292,BOOK003292,2025-12-02,Net Banking,Stripe,AED,10620.0,Paid,0.0,19454a3a-2b9d-4b87-bf9f-144c9955dcc8
PAY003293,BOOK003293,2026-05-16,Wallet,PayPal,GBP,28320.0,Paid,0.0,40a3a05b-9d49-49cb-822d-6a5842bf1d3f
PAY003294,BOOK003294,2026-06-15,Wallet,PayPal,USD,33630.0,Paid,0.0,4d491e22-2816-4fcd-aec3-e3581f7f7f73
PAY003295,BOOK003295,2024-12-06,Debit Card,Razorpay,USD,35105.0,Paid,0.0,cbe30967-ba97-4fd2-a3c9-034b95dad46e
PAY003296,BOOK003296,2026-07-17,Wallet,PhonePe,SGD,7965.0,Paid,0.0,0521211c-15f7-493c-b85e-b5bc4ba78430
PAY003297,BOOK003297,2025-04-24,Net Banking,Razorpay,GBP,106200.0,Paid,0.0,1dda9ba7-a7c2-461e-a37f-da947ede5d68
PAY003298,BOOK003298,2025-01-13,Cash,PhonePe,EUR,19824.0,Paid,0.0,f362ce95-8dde-43a9-a942-5ac2c8b0605f
PAY003299,BOOK003299,2024-12-09,Cash,Razorpay,AED,4720.0,Paid,0.0,a94941e5-8f37-49df-ae76-31e56af635a4
PAY003300,BOOK003300,2025-06-09,Net Banking,PhonePe,USD,31860.0,Paid,0.0,abae1cbc-1996-4b25-b0e3-33b28982a8f3
PAY003301,BOOK003301,2025-02-05,Wallet,Stripe,GBP,14160.0,Paid,0.0,f46d1869-3221-4c74-b701-579b11a308e3
PAY003302,BOOK003302,2026-06-04,Net Banking,Cash,INR,3510.5,Paid,0.0,f1bd8c44-d415-49ff-a6ac-be3e721c3df5
PAY003303,BOOK003303,2025-12-16,Wallet,Stripe,SGD,14868.0,Paid,0.0,247e8065-06fd-4c79-b2b5-ec7eb4a5add4
PAY003304,BOOK003304,2025-12-07,Debit Card,Cash,SGD,53100.0,Refunded,18581.72,d1231daf-ea36-43a7-859c-b725fe79622c
PAY003305,BOOK003305,2025-06-15,Cash,Stripe,GBP,40120.0,Paid,0.0,3bd11174-9951-469c-b293-e8fe7520b874
PAY003306,BOOK003306,2025-03-03,Cash,Cash,AED,44604.0,Paid,0.0,3270f6d1-714a-4298-a454-1755619278c0
PAY003307,BOOK003307,2025-03-15,Wallet,PhonePe,SGD,15694.0,Paid,0.0,e0b6a33c-28b8-4a6b-a4e2-b3806708eb16
PAY003308,BOOK003308,2025-03-25,Wallet,PayPal,SGD,5015.0,Paid,0.0,2d545c08-f265-460d-bd97-41c42a7538f6
PAY003309,BOOK003309,2025-10-17,Debit Card,Stripe,SGD,10030.0,Paid,0.0,62fd2404-28f6-4732-8214-b420e6878dee
PAY003310,BOOK003310,2026-01-23,Wallet,Razorpay,USD,67260.0,Paid,0.0,9e0c1bd9-124b-42b4-8d1d-e6066c9ec81c
PAY003311,BOOK003311,2026-05-28,Debit Card,Cash,GBP,21240.0,Refunded,10109.43,dda56e86-f7a5-4054-a56a-818ad39f6148
PAY003312,BOOK003312,2026-01-19,Credit Card,Razorpay,INR,35400.0,Paid,0.0,194d409c-1fd9-4ba4-a0b3-69f66e2e7a02
PAY003313,BOOK003313,2025-03-14,Debit Card,PayPal,AED,13216.0,Paid,0.0,a059e3f0-5c82-4057-a9f0-74aad1698470
PAY003314,BOOK003314,2025-05-17,Cash,PayPal,EUR,67260.0,Refunded,57288.61,da365003-1643-4aac-a429-9279aff36b99
PAY003315,BOOK003315,2024-11-14,UPI,Stripe,EUR,22302.0,Paid,0.0,ba4e33cc-827f-4558-b10b-e7020ec3fe5c
PAY003316,BOOK003316,2024-11-11,UPI,PayPal,GBP,82600.0,Refunded,56612.52,28473955-1131-4b00-b32e-12ef58c58717
PAY003317,BOOK003317,2025-11-23,Credit Card,PayPal,SGD,5310.0,Paid,0.0,18f6ba09-1737-48c6-a535-cddece6fcf49
PAY003318,BOOK003318,2026-01-17,Wallet,Stripe,AED,31860.0,Paid,0.0,9b8e7c1b-e568-4039-8078-40c8e3d15575
PAY003319,BOOK003319,2026-04-16,Net Banking,PayPal,SGD,66080.0,Paid,0.0,741a6de4-0112-436e-b7a9-ab7975506d42
PAY003320,BOOK003320,2025-12-29,Wallet,PayPal,AED,74340.0,Paid,0.0,d6968061-e3e1-453f-b506-58fed59d7685
PAY003321,BOOK003321,2025-12-26,Net Banking,PhonePe,INR,67260.0,Refunded,41673.45,fab7841a-838f-4cff-ace7-6ebf340710cc
PAY003322,BOOK003322,2026-07-12,Wallet,PayPal,AED,90270.0,Refunded,60544.09,69a63a70-ffad-4ec1-9cea-91d1dd3a3091
PAY003323,BOOK003323,2024-11-30,Net Banking,Cash,EUR,42126.0,Paid,0.0,af0e1702-2067-4e9e-94fc-b84422071c58
PAY003324,BOOK003324,2026-07-22,Cash,Razorpay,INR,22420.0,Paid,0.0,5ce79b71-bc56-4911-88f2-2f69b5a37450
PAY003325,BOOK003325,2026-04-09,UPI,PayPal,AED,29736.0,Paid,0.0,5dc6b1a9-96e9-4e2b-9b14-92bdd523e0e3
PAY003326,BOOK003326,2025-07-16,Net Banking,Razorpay,GBP,28910.0,Paid,0.0,f36accee-1976-4165-81a5-899819b90f81
PAY003327,BOOK003327,2026-05-07,Credit Card,Cash,EUR,8407.5,Paid,0.0,e68315a2-4fd0-44f9-87c8-c588eb087862
PAY003328,BOOK003328,2025-10-31,Wallet,PayPal,EUR,13275.0,Paid,0.0,009db699-5624-4930-adf0-7b0b2ad626a8
PAY003329,BOOK003329,2024-10-25,Cash,Razorpay,USD,57820.0,Paid,0.0,839fec41-6a71-466f-afed-aad68a351a77
PAY003330,BOOK003330,2025-11-29,UPI,,USD,24780.0,Paid,0.0,ba55d135-7ad3-4a7a-b074-738104f9ed8f
PAY003331,BOOK003331,2025-07-12,Credit Card,Stripe,USD,66080.0,Paid,0.0,01a73fd3-f007-49ff-875c-ee64e3082b20
PAY003332,BOOK003332,2025-12-22,Cash,PayPal,USD,15930.0,Paid,0.0,dd0cd7da-73e9-4e7a-abdf-b89832609c47
PAY003333,BOOK003333,2025-12-28,Credit Card,PhonePe,EUR,24780.0,Paid,0.0,8ff0d0c9-0d11-41c1-ae9b-cf06a67d5f18
PAY003334,BOOK003334,2025-01-21,Wallet,Razorpay,AED,5310.0,Paid,0.0,5d6caeae-de47-4b16-9b25-5aa3e01956fa
PAY003335,BOOK003335,2025-04-25,Credit Card,Razorpay,AED,15045.0,Paid,0.0,469c4800-6c09-4080-97ca-c8bb469089c7
PAY003336,BOOK003336,2024-11-09,Debit Card,PhonePe,EUR,12537.5,Paid,0.0,39450829-4bc3-45b1-b3c9-07567b257670
PAY003337,BOOK003337,2024-08-13,UPI,PhonePe,AED,35400.0,Paid,0.0,bfe8ef82-915e-43d3-9540-915aa4b80377
PAY003338,BOOK003338,2025-10-27,UPI,Razorpay,INR,60180.0,Paid,0.0,e91ace7e-d5bf-42b3-b86e-43610defaf90
PAY003339,BOOK003339,2026-06-08,Wallet,Cash,EUR,8407.5,Paid,0.0,d27153c9-1482-4ad5-ae1b-6eb449e68786
PAY003340,BOOK003340,2024-09-30,Credit Card,Cash,GBP,14868.0,Paid,0.0,39a2aa48-31a0-4f16-9657-3237f10ce895
PAY003341,BOOK003341,2024-09-18,UPI,Stripe,INR,11800.0,Paid,0.0,64923bf7-803e-45a2-a605-854a02a987b7
PAY003342,BOOK003342,2024-12-21,UPI,Cash,INR,21240.0,Paid,0.0,4724b104-2fc5-4b3f-9174-cda02dd0c42e
PAY003343,BOOK003343,2026-02-07,Wallet,Cash,SGD,35400.0,Paid,0.0,85a8f7b5-c6f2-4ba7-b234-04a57b7198c9
PAY003344,BOOK003344,2024-10-25,Debit Card,Stripe,INR,17700.0,Paid,0.0,0ee75da9-e5bb-41e6-9d5d-2e22a1ea8b1e
PAY003345,BOOK003345,2025-10-17,UPI,Stripe,EUR,8260.0,Paid,0.0,dd95d710-e2b8-441e-b75d-3a236aa63b13
PAY003346,BOOK003346,2025-12-07,Credit Card,Cash,EUR,25075.0,Paid,0.0,a9f3f2ca-f804-4178-82cd-d4db64e9e036
PAY003347,BOOK003347,2025-10-10,Cash,PayPal,EUR,14012.5,Paid,0.0,a48c9bd9-bcb2-4b26-b9e8-3f9aba3124a5
PAY003348,BOOK003348,2025-11-18,Wallet,Cash,SGD,52038.0,Paid,0.0,24d4335f-bff1-42d8-bf9c-badd8182b8d7
PAY003349,BOOK003349,2025-11-16,Debit Card,PhonePe,GBP,14012.5,Paid,0.0,096dc51b-a9dd-485d-986c-2b020342afbe
PAY003350,BOOK003350,2024-09-06,Credit Card,Stripe,GBP,22302.0,Paid,0.0,45e361f0-5c2d-4b01-b9d8-2cb33ff2e9d4
PAY003351,BOOK003351,2026-05-23,Wallet,Stripe,AED,3510.5,Paid,0.0,719c910c-3118-4f5d-a3cf-2bc06764337c
PAY003352,BOOK003352,2025-01-13,Net Banking,Stripe,AED,17700.0,Paid,0.0,6a73f68c-f05b-4dc6-9deb-53517eb7ccba
PAY003353,BOOK003353,2025-12-06,Wallet,PayPal,EUR,88500.0,Paid,0.0,25815461-3f31-4d16-b39d-fb8441fd88a4
PAY003354,BOOK003354,2026-03-01,Cash,PayPal,GBP,15694.0,Paid,0.0,67a729e9-fc66-4533-a8e0-348e4c078c4c
PAY003355,BOOK003355,2025-02-16,Wallet,PayPal,AED,7434.0,Paid,0.0,ca474ef3-ab33-445c-b3df-296b381f0685
PAY003356,BOOK003356,2026-04-10,Wallet,Stripe,EUR,21063.0,Refunded,15791.95,e533c385-812b-4972-8b02-236defe4e170
PAY003357,BOOK003357,2026-07-25,Net Banking,Razorpay,AED,11800.0,Refunded,3045.12,f44ea9e2-73f2-4e3f-958a-0c93a19defcd
PAY003358,BOOK003358,2026-07-23,Net Banking,Cash,AED,67260.0,Refunded,24885.04,fcb898c1-3401-491f-a798-693c97d03638
PAY003359,BOOK003359,2025-01-27,UPI,PhonePe,INR,8260.0,Paid,0.0,15fdf260-947b-42b3-86cb-395dd34ebc2c
PAY003360,BOOK003360,2025-05-16,Wallet,Cash,SGD,11800.0,Paid,0.0,c8db6909-6ff9-41e4-8b05-5caa865c6726
PAY003361,BOOK003361,2026-05-19,Cash,Stripe,GBP,66080.0,Paid,0.0,f6730587-bbd1-40cc-b6b1-1d600b1aa63e
PAY003362,BOOK003362,2025-09-02,Debit Card,PayPal,SGD,75225.0,Paid,0.0,dfe95304-de20-442b-8712-9151b32aa7e4
PAY003363,BOOK003363,2025-03-25,Credit Card,PayPal,USD,33040.0,Refunded,26011.16,5d1137c8-39c7-4782-8460-55351538c73d
PAY003364,BOOK003364,2025-02-17,Wallet,Cash,AED,22420.0,Paid,0.0,8cde7922-aac7-4c6c-9a0f-a5c9862e77ff
PAY003365,BOOK003365,2025-06-18,Net Banking,Razorpay,AED,8260.0,Paid,0.0,437418c9-e6c4-4101-b670-c142465d992e
PAY003366,BOOK003366,2024-08-25,Credit Card,Razorpay,INR,26019.0,Refunded,13382.16,ff7aa91e-9fa2-460c-ace1-a20759e7b250
PAY003367,BOOK003367,2026-07-12,Wallet,Stripe,USD,16520.0,Paid,0.0,8ee105d6-3129-4a79-b2db-c2e75990e257
PAY003368,BOOK003368,2025-03-25,Credit Card,Cash,AED,7522.5,Paid,0.0,8b0b1207-cd36-4d3d-910a-bb05ea98a934
PAY003369,BOOK003369,2025-04-14,UPI,Cash,EUR,7847.0,Paid,0.0,3bad82d3-3a09-4e35-8156-679847762c81
PAY003370,BOOK003370,2025-12-18,Credit Card,Razorpay,USD,19617.5,Paid,0.0,ba3df19e-28f4-497d-8bc8-3f3bd3406f6c
PAY003371,BOOK003371,2025-07-26,Wallet,Razorpay,USD,8850.0,Refunded,3118.42,0ee53596-0019-41d8-a6ea-a8ed1e48c881
PAY003372,BOOK003372,2026-06-24,Wallet,Stripe,EUR,11210.0,Paid,0.0,f1f1b340-73de-4f07-be5c-de792a1d40d8
PAY003373,BOOK003373,2024-09-23,Credit Card,PayPal,INR,14160.0,Paid,0.0,ce5fffef-c4a9-4057-8b8b-e85d378e0b5e
PAY003374,BOOK003374,2026-04-12,Cash,Stripe,GBP,20650.0,Refunded,7167.01,bcc7d04c-fa75-4477-b3f4-9eab19fb6c46
PAY003375,BOOK003375,2026-06-25,Cash,PhonePe,AED,8850.0,Paid,0.0,089fe8fc-2cae-453e-9c08-4ecb2e661cd3
PAY003376,BOOK003376,2026-06-29,Wallet,Razorpay,INR,11210.0,Paid,0.0,4e257c76-56aa-4020-902b-0e669a65c07f
PAY003377,BOOK003377,2026-06-28,Cash,Stripe,AED,10531.5,Paid,0.0,c1562090-4da5-4c83-abe4-e3ba1d7b5d44
PAY003378,BOOK003378,2025-04-20,Debit Card,PhonePe,SGD,90270.0,Paid,0.0,f305fd24-4997-408f-80f0-a82f3fe8c1ac
PAY003379,BOOK003379,2024-11-24,UPI,Razorpay,USD,56640.0,Paid,0.0,3f17731e-742a-4d36-b87a-4c93040c3a40
PAY003380,BOOK003380,2026-07-21,UPI,PhonePe,EUR,25075.0,Paid,0.0,1c6be109-65d2-41a4-a38b-626186b29fcf
PAY003381,BOOK003381,2025-09-30,Debit Card,Stripe,AED,24573.5,Paid,0.0,af45eb46-c6aa-4bdf-85da-5742ed4712a5
PAY003382,BOOK003382,2024-11-03,Net Banking,PhonePe,SGD,16815.0,Refunded,5540.32,c53354a8-37c9-4fac-be62-1c96544b1730
PAY003383,BOOK003383,2025-11-04,Debit Card,Cash,INR,17700.0,Paid,0.0,7655fd9e-875b-46bb-bdfe-d7628e0d32e9
PAY003384,BOOK003384,2025-11-10,Debit Card,Razorpay,GBP,10531.5,Paid,0.0,f25e49c2-d1e8-4858-8c81-995d483831e9
PAY003385,BOOK003385,2026-03-01,Net Banking,Razorpay,INR,12537.5,Paid,0.0,e992a7e0-ca82-4941-b602-67af5e3f547a
PAY003386,BOOK003386,2024-12-26,Credit Card,Cash,AED,39235.0,Paid,0.0,02def507-08ab-431d-abbb-76842ce69f05
PAY003387,BOOK003387,2025-03-13,Net Banking,PayPal,INR,15694.0,Paid,0.0,8f4d7fa9-5916-4743-918b-9b2ea307bc0d
PAY003388,BOOK003388,2025-05-13,Wallet,PhonePe,SGD,19617.5,Paid,0.0,0a224b5a-d994-4dfa-80db-ffdcbe34b094
PAY003389,BOOK003389,2025-01-29,Credit Card,PhonePe,GBP,11151.0,Paid,0.0,b04d8720-950e-49dc-8f70-b2aec87a0bc3
PAY003390,BOOK003390,2026-07-07,Wallet,Stripe,USD,7434.0,Paid,0.0,e328f59a-75f9-4550-a090-667e8d3e6bd1
PAY003391,BOOK003391,2024-11-11,UPI,PhonePe,EUR,19824.0,Paid,0.0,f0b477c8-d207-48c8-925f-cf0b12b17e87
PAY003392,BOOK003392,2026-07-29,Credit Card,Stripe,SGD,60180.0,Paid,0.0,5a3354fa-d263-4298-8fa7-7b0255a730e4
PAY003393,BOOK003393,2025-12-17,Credit Card,Razorpay,USD,7847.0,Paid,0.0,88d47fa6-ff4c-4ed8-90c5-bd590a9fc3e6
PAY003394,BOOK003394,2024-12-30,Cash,Stripe,GBP,14868.0,Paid,0.0,8af96863-a1c6-418a-ae06-17729643cd93
PAY003395,BOOK003395,2025-03-24,Credit Card,PhonePe,INR,10620.0,Paid,0.0,551c1ea6-6a8b-47ce-92cd-a460d745cb30
PAY003396,BOOK003396,2026-06-12,UPI,Stripe,INR,67260.0,Paid,0.0,a453907f-930a-46fb-a576-0ca553244f65
PAY003397,BOOK003397,2025-08-11,Cash,PhonePe,GBP,123900.0,Paid,0.0,c79a946c-5ba3-45aa-a2e9-e185e9100986
PAY003398,BOOK003398,2026-02-27,Wallet,PayPal,SGD,28320.0,Paid,0.0,e9c2af71-800d-43cb-8f4e-3c0fba861583
PAY003399,BOOK003399,2024-10-23,UPI,Razorpay,INR,6608.0,Paid,0.0,fb7dfe27-f85a-4fad-84b4-cd4db07f092b
PAY003400,BOOK003400,2025-09-10,UPI,Cash,AED,53100.0,Failed,0.0,414ba923-7e1b-46cf-9ebe-1879f5eae587
PAY003401,BOOK003401,2025-10-27,Debit Card,PayPal,USD,22420.0,Paid,0.0,63b04d35-93f0-4dfa-8610-18b16064d4a2
PAY003402,BOOK003402,2025-09-15,Wallet,PayPal,INR,8260.0,Paid,0.0,677e6b82-fead-4a11-8750-b517b6f73da0
PAY003403,BOOK003403,2025-10-09,Wallet,Cash,AED,70210.0,Paid,0.0,32a001b7-fe4e-4780-b92b-2f465cc73230
PAY003404,BOOK003404,2025-05-26,UPI,Razorpay,USD,18880.0,Paid,0.0,6d22bff7-e029-4929-8d32-739dd050c303
PAY003405,BOOK003405,2025-10-31,Net Banking,PayPal,SGD,26019.0,Paid,0.0,20ad5e3f-c2c0-4ed1-b8d0-b642179e5108
PAY003406,BOOK003406,2026-02-27,Credit Card,PhonePe,USD,18880.0,Paid,0.0,b4a91545-cd38-4be2-968e-fee53f6e2f83
PAY003407,BOOK003407,2026-04-12,Wallet,PhonePe,AED,31388.0,Paid,0.0,55982fdf-1b3c-4c3d-80ac-25a32cb5e556
PAY003408,BOOK003408,2025-08-29,Cash,Razorpay,SGD,20060.0,Paid,0.0,10f34129-4062-45c9-97e9-35b3626daba4
PAY003409,BOOK003409,2024-08-03,Debit Card,Stripe,SGD,37170.0,Refunded,25152.84,526d5677-0734-487c-a347-73a222d5abd7
PAY003410,BOOK003410,2026-03-07,Credit Card,Stripe,SGD,11210.0,Paid,0.0,76beb269-a887-4595-9338-0c0d523e8eba
PAY003411,BOOK003411,2024-08-16,Credit Card,Stripe,USD,106200.0,Paid,0.0,6c0a2734-dabd-40ca-abd4-983a7992b25e
PAY003412,BOOK003412,2025-04-26,Debit Card,Razorpay,INR,19824.0,Paid,0.0,bacecd44-5c61-4b82-98a5-897babcc0f9d
PAY003413,BOOK003413,2026-04-09,Cash,PhonePe,INR,31860.0,Paid,0.0,c0abef60-513b-4ac6-a1e8-93d1f29ca081
PAY003414,BOOK003414,2026-06-30,Wallet,PhonePe,GBP,30090.0,Paid,0.0,5f2d0741-5059-4b0f-af5b-2249fe0e6324
PAY003415,BOOK003415,2025-12-23,Net Banking,Razorpay,AED,28320.0,Refunded,13675.27,19e7c035-2618-4cf5-b2e3-5b7226dea673
PAY003416,BOOK003416,2025-02-06,Debit Card,PayPal,SGD,23128.0,Paid,0.0,62a34449-b929-4a7b-a1da-b3329983debd
PAY003417,BOOK003417,2025-06-23,Credit Card,PhonePe,EUR,22302.0,Paid,0.0,8696e87b-9c02-4acb-b857-d56c3c14ff5c
PAY003418,BOOK003418,2026-03-15,UPI,Stripe,INR,14160.0,Paid,0.0,1306eaac-5a8c-4022-a42e-a5bd42eb23ac
PAY003419,BOOK003419,2025-02-20,Debit Card,Cash,INR,56050.0,Failed,0.0,de4a1455-a8cd-45dc-a51e-a1fd9073cfee
PAY003420,BOOK003420,2026-05-30,Debit Card,Razorpay,INR,7021.0,Paid,0.0,fc615c71-0c2c-431b-a99d-1d504191a85f
PAY003421,BOOK003421,2024-08-16,Cash,Cash,EUR,23541.0,Paid,0.0,027a1bf2-7bc3-4cd5-9fb6-1716544bfc44
PAY003422,BOOK003422,2026-07-29,Wallet,Razorpay,USD,27464.5,Paid,0.0,9b213c9e-1ce5-4806-8760-c08f89dc5cae
PAY003423,BOOK003423,2024-10-19,Debit Card,PhonePe,USD,21063.0,Paid,0.0,cf829399-8818-4bc3-a79e-dbe521f6987d
PAY003424,BOOK003424,2025-09-27,Wallet,Stripe,EUR,10620.0,Paid,0.0,c9bb70d1-4c98-4028-9893-acfb26cf3661
PAY003425,BOOK003425,2025-11-22,Net Banking,PhonePe,USD,10030.0,Paid,0.0,f7c2c423-73f3-4a31-84cd-63db10e3b383
PAY003426,BOOK003426,2025-12-24,Wallet,PhonePe,AED,11210.0,Paid,0.0,48010e12-b670-41da-88c1-f6705bbce296
PAY003427,BOOK003427,2025-11-29,Net Banking,PhonePe,SGD,5900.0,Paid,0.0,0b9726b1-fb70-4204-a5f7-4f61e50628ef
PAY003428,BOOK003428,2026-01-23,Wallet,Stripe,EUR,7522.5,Paid,0.0,db9a068f-c110-417c-abfd-075cfc09f98e
PAY003429,BOOK003429,2026-05-01,Net Banking,Stripe,AED,47200.0,Failed,0.0,bd295f86-0172-4296-9e43-b44b83586cfd
PAY003430,BOOK003430,2025-10-13,Debit Card,PayPal,USD,28320.0,Paid,0.0,f3fdbcab-42ab-4135-b1f1-849deeceb25d
PAY003431,BOOK003431,2025-09-18,Credit Card,PayPal,GBP,15930.0,Paid,0.0,1929495e-449c-4c94-88dc-5a56e48ea5c4
PAY003432,BOOK003432,2026-06-10,Net Banking,Stripe,EUR,24780.0,Refunded,14536.91,9071fcb0-eede-4322-9ecc-bb6f96efcc3d
PAY003433,BOOK003433,2026-01-11,Net Banking,Cash,EUR,33040.0,Paid,0.0,4409ea60-3562-4db1-80ec-89807a4bf402
PAY003434,BOOK003434,2025-10-23,Cash,PhonePe,USD,2950.0,Paid,0.0,9ee43a7f-15cd-4139-b7a2-b2a697ab9b90
PAY003435,BOOK003435,2025-03-18,UPI,Stripe,GBP,23600.0,Paid,0.0,c1850664-f464-45dc-9e0e-186edfe26965
PAY003436,BOOK003436,2024-12-28,Debit Card,,USD,50445.0,Paid,0.0,512c7da4-6c2f-4922-b2bd-8d5bef3f9178
PAY003437,BOOK003437,2025-08-16,Debit Card,PhonePe,EUR,22302.0,Paid,0.0,25281e9e-39c3-4434-8fcb-552dfec06d7b
PAY003438,BOOK003438,2024-10-19,Debit Card,Cash,INR,31388.0,Paid,0.0,9edb4935-9052-4a04-8d4b-ae701374485a
PAY003439,BOOK003439,2024-11-20,Cash,PayPal,SGD,44840.0,Paid,0.0,bc59d3ce-f356-41cb-a03b-299eadb0dea2
PAY003440,BOOK003440,2024-10-07,Credit Card,Razorpay,INR,26550.0,Refunded,20489.52,fa4a14cd-0ba1-4e50-9381-1e8ac2df238a
PAY003441,BOOK003441,2025-06-21,Cash,Razorpay,INR,42480.0,Failed,0.0,6cb2fd6f-44e6-4e4f-b965-13074a3802c7
PAY003442,BOOK003442,2026-04-22,UPI,Cash,EUR,63720.0,Paid,0.0,147797a7-ba4a-40dc-8ff7-3be855fb493a
PAY003443,BOOK003443,2025-08-03,Debit Card,PayPal,SGD,11151.0,Paid,0.0,58c542d3-d307-4245-aada-2ddfe64a0163
PAY003444,BOOK003444,2026-01-12,Credit Card,PayPal,INR,22302.0,Paid,0.0,8bc2f0de-2def-4fdd-b646-c7ba821dd790
PAY003445,BOOK003445,2026-02-08,UPI,PhonePe,INR,41300.0,Paid,0.0,13a3d0c7-73f2-4a5b-9621-eca60536df66
PAY003446,BOOK003446,2025-12-03,Net Banking,Stripe,INR,14868.0,Paid,0.0,1e9a957b-706d-4f36-80db-e004b488cc65
PAY003447,BOOK003447,2025-04-28,Credit Card,Cash,SGD,10030.0,Paid,0.0,1f0ca254-63b8-4acb-aec2-d0d952525b9e
PAY003448,BOOK003448,2025-03-30,Net Banking,Cash,GBP,78470.0,Paid,0.0,685703d4-6d58-49f0-ba22-d338ecfd38f1
PAY003449,BOOK003449,2025-06-11,Net Banking,Razorpay,INR,30090.0,Paid,0.0,aa11ef17-e00b-4a2f-b3cc-68fa3eec7a6e
PAY003450,BOOK003450,2025-08-10,Cash,Cash,USD,14868.0,Paid,0.0,86d9a43a-ab7b-4be4-8a3f-3ca8f4cb70fa
PAY003451,BOOK003451,2025-09-24,Credit Card,PayPal,SGD,70210.0,Refunded,37016.17,2690c996-30dd-46f1-956b-64a4bc601b6d
PAY003452,BOOK003452,2025-01-05,UPI,PayPal,USD,12390.0,Paid,0.0,f8d1465c-3311-4842-936f-861da5026192
PAY003453,BOOK003453,2024-10-10,Debit Card,Stripe,EUR,13216.0,Paid,0.0,67441204-880b-4b94-90ec-0a1e7e2b4cce
PAY003454,BOOK003454,2025-11-11,Net Banking,Cash,AED,16520.0,Paid,0.0,057507a2-8ab0-4b93-ab46-aa69e5c0f83c
PAY003455,BOOK003455,2026-04-21,Cash,Razorpay,AED,21240.0,Paid,0.0,0d1d50cf-5d8b-4431-af04-b257b0fe9399
PAY003456,BOOK003456,2025-08-30,UPI,Cash,INR,10620.0,Paid,0.0,60ef8c66-8690-4575-9986-af720e118fc6
PAY003457,BOOK003457,2025-10-19,Wallet,Cash,INR,82600.0,Paid,0.0,31583ec0-9e83-4321-af66-9d656886fc38
PAY003458,BOOK003458,2024-11-16,Cash,Stripe,GBP,4720.0,Paid,0.0,950092a0-cfed-4476-949f-25aa4b8069b3
PAY003459,BOOK003459,2025-07-03,Credit Card,PhonePe,USD,5900.0,Refunded,5192.55,d8315c90-7414-4783-b422-dc731e8dd5fe
PAY003460,BOOK003460,2025-09-30,UPI,Razorpay,SGD,15694.0,Paid,0.0,258adc19-97aa-4250-90f7-a62ccb2abf6f
PAY003461,BOOK003461,2025-10-01,Credit Card,Cash,,15694.0,Paid,0.0,a1d2d6ed-448e-44dc-85fe-a8d65e250555
PAY003462,BOOK003462,2025-11-28,Wallet,PayPal,GBP,14160.0,Paid,0.0,7600ce32-9cb8-48d4-95d6-22d142ca5dec
PAY003463,BOOK003463,2024-12-25,Credit Card,Stripe,SGD,25075.0,Paid,0.0,3559e1e9-5150-483e-932f-06bfda89bba9
PAY003464,BOOK003464,2025-02-13,Wallet,PhonePe,INR,26550.0,Paid,0.0,a03dfe8a-45be-47a5-b75a-bbdbf3694904
PAY003465,BOOK003465,2025-03-19,Debit Card,Razorpay,GBP,14868.0,Paid,0.0,356880f3-a2a1-4580-88aa-6d65102eb5c1
PAY003466,BOOK003466,2025-12-17,Debit Card,Cash,INR,20060.0,Paid,0.0,d534d699-41b0-4dd2-98ae-af8d3d5a49d7
PAY003467,BOOK003467,2025-08-27,Cash,Stripe,INR,27464.5,Paid,0.0,85d120ae-7b0a-4f08-88cf-428b755dad24
PAY003468,BOOK003468,2026-07-18,Credit Card,Razorpay,AED,9440.0,Paid,0.0,827cd9bb-2d9f-4409-89ee-fd602277085b
PAY003469,BOOK003469,2026-03-03,Debit Card,Cash,SGD,49560.0,Paid,0.0,3e1a8b39-e286-4e6d-8424-c5391a4bdee6
PAY003470,BOOK003470,2026-05-30,UPI,Razorpay,EUR,56640.0,Refunded,40643.11,202c38b7-1d61-4669-afc0-a8b9784a1646
PAY003471,BOOK003471,2026-07-24,Credit Card,Stripe,GBP,70210.0,Refunded,60877.78,d25aa644-9665-44f5-a5ee-a8347dc41696
PAY003472,BOOK003472,2025-06-13,Net Banking,PhonePe,AED,82600.0,Paid,0.0,c734cfab-b30b-4142-93c6-31c64152f2ec
PAY003473,BOOK003473,2025-10-18,Credit Card,PhonePe,AED,35105.0,Paid,0.0,601b3cb2-25ef-4df8-abe8-bd6bddda3e9b
PAY003474,BOOK003474,2026-02-21,UPI,Razorpay,SGD,30090.0,Paid,0.0,225921ad-79b5-48b6-8165-c8e042142d7d
PAY003475,BOOK003475,2025-08-03,Credit Card,,GBP,39235.0,Paid,0.0,a56a817f-01d4-414d-993e-be24a2b5825d
PAY003476,BOOK003476,2025-07-25,Net Banking,Cash,USD,19824.0,Paid,0.0,2cbcf53f-da8a-4663-80da-f0d298f3dca7
PAY003477,BOOK003477,2026-02-05,UPI,PhonePe,EUR,10620.0,Refunded,4053.49,32f84184-1454-45f4-bd6f-a681343d9235
PAY003478,BOOK003478,2025-03-04,Net Banking,Stripe,AED,82600.0,Paid,0.0,1e6602f2-37c9-4a7a-81b1-fc1d89f8cdc4
PAY003479,BOOK003479,2025-03-30,Credit Card,PhonePe,AED,5900.0,Paid,0.0,7fb5e755-de2b-425e-ba52-85e4608bfb9d
PAY003480,BOOK003480,2025-10-01,Cash,PayPal,GBP,31860.0,Paid,0.0,282d748f-b3e6-4ee2-ad78-02b3ca1f09ff
PAY003481,BOOK003481,2024-12-21,Credit Card,Stripe,GBP,2802.5,Paid,0.0,a1d1417d-5210-475f-aa4d-a827116c9c70
PAY003482,BOOK003482,2025-09-06,UPI,Stripe,USD,8260.0,Paid,0.0,d7c4c743-13ad-452d-a0ac-c1cb84258fae
PAY003483,BOOK003483,2025-09-20,Debit Card,Stripe,GBP,2655.0,Paid,0.0,07e5a8f8-85bd-4ac9-8357-f6a1f79798af
PAY003484,BOOK003484,2025-09-10,Wallet,PhonePe,GBP,99120.0,Paid,0.0,4852538a-54e6-45fb-b3be-3c87f6a195a7
PAY003485,BOOK003485,2025-09-04,Credit Card,PayPal,INR,5900.0,Paid,0.0,243ead3d-cdd0-4c3b-9714-331d7ba488a0
PAY003486,BOOK003486,2025-08-14,UPI,Cash,EUR,20060.0,Paid,0.0,391e805d-a7dc-4693-9b4f-a3586c27befc
PAY003487,BOOK003487,2025-05-24,Wallet,PayPal,USD,22420.0,Failed,0.0,b8b4e2e6-f74a-4a9a-89c7-6747b1cef9db
PAY003488,BOOK003488,2025-08-06,Debit Card,PayPal,EUR,50445.0,Failed,0.0,93473446-7e05-4e63-895b-7d25b8d84b20
PAY003489,BOOK003489,2024-10-06,UPI,PhonePe,,37170.0,Refunded,13375.32,67bd4c8f-8347-4c0a-87d3-35ee0f34c7aa
PAY003490,BOOK003490,2026-05-01,Debit Card,Stripe,USD,42480.0,Paid,0.0,d6375902-d1a9-4025-b019-af95f95d326e
PAY003491,BOOK003491,2026-04-05,Cash,Stripe,EUR,11210.0,Paid,0.0,f583c009-683e-47ab-90cf-4c68cbc3b830
PAY003492,BOOK003492,2024-12-18,Cash,Cash,EUR,13275.0,Paid,0.0,62230c99-f869-4d46-a559-07e68122be3d
PAY003493,BOOK003493,2026-04-08,Credit Card,Razorpay,GBP,59000.0,Failed,0.0,41865498-cb46-4498-93f4-f54cc16415fd
PAY003494,BOOK003494,2026-07-19,Credit Card,Stripe,AED,13216.0,Paid,0.0,34046553-25e4-47dc-827c-59dc23bf9592
PAY003495,BOOK003495,2025-06-23,Net Banking,Razorpay,GBP,18585.0,Failed,0.0,4bc86fb8-0d81-4963-a2e4-a1325214be1e
PAY003496,BOOK003496,2025-12-06,Credit Card,Razorpay,USD,20060.0,Paid,0.0,b7c841bb-26df-43fa-be83-4f2a16a30993
PAY003497,BOOK003497,2025-08-30,Debit Card,Razorpay,INR,74340.0,Paid,0.0,c3d28287-31c7-423d-b06f-b2ef440eb625
PAY003498,BOOK003498,2025-12-08,Cash,Stripe,EUR,47200.0,Paid,0.0,57b61dae-aec8-482c-a40a-0b1369e5a1cd
PAY003499,BOOK003499,2026-02-01,UPI,PhonePe,AED,46256.0,Refunded,14006.37,09b622fc-0b86-4b66-924a-2901d92ac60e
PAY003500,BOOK003500,2025-02-25,Net Banking,PhonePe,GBP,10531.5,Paid,0.0,e7838920-ad78-4cef-a60a-157f048e57ee
PAY003501,BOOK003501,2024-10-19,Cash,PhonePe,USD,3304.0,Paid,0.0,2d72a74f-5c5c-4ffe-b56c-78a4a78a537b
PAY003502,BOOK003502,2025-06-30,UPI,Cash,EUR,17552.5,Paid,0.0,b668848a-66ff-41d9-8c42-05d97dc9d774
PAY003503,BOOK003503,2026-07-08,UPI,Stripe,USD,5900.0,Paid,0.0,792bc454-3b5f-437d-8f5e-980dd26b3e67
PAY003504,BOOK003504,2024-11-22,UPI,Stripe,USD,7021.0,Failed,0.0,f3d18467-4cab-48db-80fe-36595bf8f9fa
PAY003505,BOOK003505,2025-11-30,Net Banking,Cash,INR,84075.0,Refunded,24948.44,46a2621a-69c8-48de-80d0-6deb50cc3611
PAY003506,BOOK003506,2025-06-30,Cash,Cash,SGD,14012.5,Paid,0.0,ec7a904e-64c5-4c24-ba32-d98b07cc6f85
PAY003507,BOOK003507,2026-05-30,Debit Card,Stripe,INR,20650.0,Paid,0.0,3a341993-2ee1-4bcb-a911-cb3a33fb6621
PAY003508,BOOK003508,2026-07-11,Net Banking,Razorpay,USD,17700.0,Paid,0.0,0c99078c-7f5a-45e3-a2bd-826d9a3bc1e4
PAY003509,BOOK003509,2024-08-28,Net Banking,Razorpay,INR,11210.0,Paid,0.0,5ae23194-c876-4439-a30e-c0c7e75e2b59
PAY003510,BOOK003510,2025-03-07,UPI,Stripe,USD,42480.0,Paid,0.0,dcfb6b6e-b57e-44cd-ac31-e8d4dddc8f5f
PAY003511,BOOK003511,2024-12-28,Net Banking,PayPal,AED,14042.0,Paid,0.0,997115eb-6750-49f2-a4c9-813ca4e92853
PAY003512,BOOK003512,2025-08-12,Cash,Cash,INR,33040.0,Paid,0.0,a1bd0d78-820f-428f-b723-856cb5537172
PAY003513,BOOK003513,2025-04-12,UPI,Razorpay,EUR,22420.0,Paid,0.0,4386bc70-1861-46d9-8196-0b12f01b0df4
PAY003514,BOOK003514,2026-03-26,Cash,PhonePe,USD,28910.0,Paid,0.0,31e78c1f-914d-4546-9cc1-1a516ceeda18
PAY003515,BOOK003515,2026-02-25,Debit Card,Razorpay,USD,7522.5,Paid,0.0,f08a657e-50a7-429b-aa52-fccb8ef2ce3a
PAY003516,BOOK003516,2024-08-12,Credit Card,PayPal,EUR,13275.0,Paid,0.0,0e29a996-0b60-48b2-a841-433ccb01a7bc
PAY003517,BOOK003517,2026-06-10,Wallet,PayPal,USD,2950.0,Paid,0.0,b1e90235-e1a0-410f-97ef-ac42a8d165a9
PAY003518,BOOK003518,2026-02-26,Credit Card,Razorpay,GBP,60180.0,Refunded,31660.4,be758e69-bd60-4af7-b65f-9d76a8ea8207
PAY003519,BOOK003519,2026-02-24,Credit Card,Stripe,GBP,29736.0,Paid,0.0,8c901c13-11b2-43bb-919a-d30a23277934
PAY003520,BOOK003520,2025-09-13,Debit Card,PhonePe,SGD,33630.0,Refunded,20628.98,770ead6f-345a-46ef-bfb1-bf3cd3027e7f
PAY003521,BOOK003521,2025-05-24,Cash,PayPal,GBP,33040.0,Refunded,9923.99,9eba8862-d066-4858-8145-c97aabd134ac
PAY003522,BOOK003522,2026-02-06,Cash,PayPal,USD,56050.0,Refunded,51166.49,5c1e602b-d5d2-479e-bfaa-00f481d0d633
PAY003523,BOOK003523,2025-08-18,Cash,Stripe,SGD,42480.0,Paid,0.0,21130a80-0abb-4d8d-95a4-3a8c5635723c
PAY003524,BOOK003524,2024-12-08,Credit Card,PayPal,USD,5015.0,Paid,0.0,6bb1022f-9ccf-4123-9080-ec037660c2b6
PAY003525,BOOK003525,2025-02-28,UPI,Cash,EUR,33630.0,Paid,0.0,23abb1af-23ef-4be8-b935-5fb87af82cca
PAY003526,BOOK003526,2026-04-26,Wallet,PhonePe,SGD,4720.0,Paid,0.0,e71497ad-b2d6-4836-8dde-b8ac0cced3b4
PAY003527,BOOK003527,2025-03-14,Credit Card,PhonePe,AED,13275.0,Refunded,6581.84,90cbd5b9-1dba-48db-982a-02f9203cc6ff
PAY003528,BOOK003528,2026-01-20,Credit Card,PhonePe,AED,8260.0,Paid,0.0,3ec9ce86-431b-492a-8ef3-d367e46de1aa
PAY003529,BOOK003529,2025-01-15,Debit Card,PhonePe,SGD,7434.0,Paid,0.0,49caaa63-8515-4c8e-93a7-8e26018db563
PAY003530,BOOK003530,2025-05-16,Net Banking,PhonePe,SGD,2802.5,Refunded,1868.9,74c22ef7-8f2c-4770-a28a-d41942afb63f
PAY003531,BOOK003531,2025-11-05,Cash,Razorpay,SGD,7434.0,Paid,0.0,6f08c8f2-2d4c-4eac-9eef-7be1ed2ddbee
PAY003532,BOOK003532,2025-06-12,Wallet,PayPal,SGD,28320.0,Paid,0.0,3d001bbe-0b54-49db-87b3-88a2eaf5a821
PAY003533,BOOK003533,2025-06-06,Cash,Cash,SGD,14868.0,Paid,0.0,96129aca-bdc6-4841-934b-a3379fca9037
PAY003534,BOOK003534,2025-09-06,UPI,PhonePe,EUR,44604.0,Paid,0.0,25a41aea-ddc7-4a37-9a46-1d2a681347af
PAY003535,BOOK003535,2025-08-14,Debit Card,Razorpay,INR,15930.0,Paid,0.0,dc7dfdb4-9fe8-4231-a2fb-7e69443fa0be
PAY003536,BOOK003536,2024-11-12,Net Banking,Stripe,USD,17552.5,Paid,0.0,2efdfcea-43d9-4196-ac35-c696e645fb0b
PAY003537,BOOK003537,2025-02-05,Net Banking,Stripe,AED,82600.0,Paid,0.0,a8df4099-7135-4c56-96b7-e02b9f170bd2
PAY003538,BOOK003538,2025-07-26,Debit Card,PhonePe,INR,5900.0,Paid,0.0,57fa50d5-4c31-4afd-bdfa-818bfa90a514
PAY003539,BOOK003539,2025-08-26,Net Banking,PhonePe,GBP,21063.0,Paid,0.0,8efed311-bcaf-4d09-a61b-f04b4a279358
PAY003540,BOOK003540,2026-06-06,Net Banking,PhonePe,INR,2950.0,Refunded,1913.78,6d9c5cf1-91e2-44c8-a965-7f26fc76fdce
PAY003541,BOOK003541,2025-11-07,Credit Card,Razorpay,GBP,105315.0,Paid,0.0,4be2a5dc-e0aa-4727-bbb4-9ef4033a0655
PAY003542,BOOK003542,2025-10-11,Debit Card,PhonePe,GBP,35105.0,Paid,0.0,2d5a114d-75a2-4479-9ec6-c958c012cf67
PAY003543,BOOK003543,2024-12-28,Cash,Stripe,GBP,16815.0,Paid,0.0,98d90af2-b40a-4adb-9efe-3122860f8bfe
PAY003544,BOOK003544,2026-05-05,Debit Card,Cash,SGD,16815.0,Paid,0.0,2da888d3-4a3b-411f-a5f0-e0541e395ee8
PAY003545,BOOK003545,2025-06-02,Wallet,Razorpay,AED,88500.0,Paid,0.0,d0b3d03d-daab-47be-bb1b-6928b6ddaea1
PAY003546,BOOK003546,2025-09-29,Wallet,Cash,INR,19824.0,Paid,0.0,ec455101-325c-40fa-ac93-be0b50e0674a
PAY003547,BOOK003547,2025-06-06,Debit Card,Stripe,SGD,17552.5,Paid,0.0,abdb50fe-dfa7-4e29-b8a6-3b434b52edad
PAY003548,BOOK003548,2026-02-15,Debit Card,Razorpay,INR,7847.0,Paid,0.0,93133fea-c0cc-47cf-8c3b-430b220b35ba
PAY003549,BOOK003549,2024-08-28,Credit Card,Razorpay,AED,10030.0,Paid,0.0,b307d043-cc48-475e-8401-00c5d0d6956d
PAY003550,BOOK003550,2025-05-04,UPI,PayPal,SGD,63720.0,Failed,0.0,6974a935-689e-4ffb-b332-1b60bb57d64c
PAY003551,BOOK003551,2024-09-02,Debit Card,PayPal,GBP,4130.0,Paid,0.0,5f4a4595-8e1e-48c6-9305-d98998c62f30
PAY003552,BOOK003552,2025-04-25,Credit Card,PayPal,INR,27464.5,Paid,0.0,c0c72924-ce66-4eb3-8842-6d7a02871c04
PAY003553,BOOK003553,2025-04-07,Cash,Stripe,EUR,23541.0,Paid,0.0,4e356888-508a-4912-9782-ba22848285b4
PAY003554,BOOK003554,2026-02-18,Net Banking,Stripe,EUR,14868.0,Refunded,9798.44,bf60bed2-251f-49eb-92e5-04c5c9eb0947
PAY003555,BOOK003555,2025-07-31,UPI,PhonePe,EUR,7522.5,Paid,0.0,169dd0d1-1c3e-4475-a3f9-4cf7fef6d94c
PAY003556,BOOK003556,2026-07-26,Net Banking,PhonePe,EUR,28910.0,Paid,0.0,22b30e63-6926-4cfe-8e2a-b2348101f501
PAY003557,BOOK003557,2025-08-16,Debit Card,Cash,AED,10030.0,Failed,0.0,57dee5b6-c338-439d-ae3c-ed49bd2aeb5f
PAY003558,BOOK003558,2025-05-13,UPI,Razorpay,EUR,40120.0,Paid,0.0,fae479aa-e00e-44ab-be72-8c1b423207a7
PAY003559,BOOK003559,2024-09-22,UPI,Razorpay,USD,14042.0,Refunded,5426.31,f127c83f-f149-4174-ab39-95926edaaf57
PAY003560,BOOK003560,2025-09-15,Debit Card,Razorpay,USD,54929.0,Paid,0.0,6cca6be4-4ffb-4124-80c1-731f1386a339
PAY003561,BOOK003561,2025-09-18,Cash,Razorpay,AED,84960.0,Paid,0.0,f9097a97-4965-4aff-9fd6-92e2e2d8b00f
PAY003562,BOOK003562,2026-05-20,Net Banking,Razorpay,EUR,31860.0,Paid,0.0,d641ede7-47c7-4f1b-ba7a-f207c3c47d76
PAY003563,BOOK003563,2024-10-21,Debit Card,PayPal,GBP,41300.0,Refunded,14030.22,e9c4ef38-2c6a-4de8-8a08-15c9677cefb7
PAY003564,BOOK003564,2024-09-27,Wallet,Cash,USD,10030.0,Refunded,9313.6,6e5b6b3b-536f-4372-9957-5fc9a468a2f5
PAY003565,BOOK003565,2026-04-14,Net Banking,Stripe,USD,27464.5,Paid,0.0,1edae02f-e87a-4940-b6ca-c1acc5a6ecbd
PAY003566,BOOK003566,2025-01-12,UPI,Razorpay,,47082.0,Paid,0.0,3b4dcdda-2284-4fa7-a7f3-d6ce111ab6ea
PAY003567,BOOK003567,2026-06-14,Wallet,PhonePe,SGD,5015.0,Paid,0.0,8a6fdef4-e343-464d-bcd5-b8e21aab674f
PAY003568,BOOK003568,2025-10-25,Debit Card,Cash,USD,88500.0,Paid,0.0,6a76d4cc-059c-4845-91c0-af8bfe4e47f0
PAY003569,BOOK003569,2024-08-07,Wallet,Razorpay,USD,16815.0,Paid,0.0,266a2b2b-5723-4969-804f-aa952b59006a
PAY003570,BOOK003570,2024-12-09,Cash,Stripe,USD,35400.0,Paid,0.0,d88248f7-3fac-4b32-8955-ba5e2c60aeea
PAY003571,BOOK003571,2024-09-07,Credit Card,PayPal,GBP,12537.5,Refunded,6176.73,70fb6525-0a4f-468c-a896-5724f7ccfa2d
PAY003572,BOOK003572,2025-09-17,Net Banking,Stripe,SGD,22420.0,Refunded,19952.29,c6d9d444-b754-4a6a-b912-f3152c515189
PAY003573,BOOK003573,2025-05-09,UPI,Razorpay,,24573.5,Refunded,7214.98,4608b48f-95ae-4e8b-808d-e4d828f39db6
PAY003574,BOOK003574,2024-09-19,Net Banking,PayPal,AED,9440.0,Paid,0.0,d3699fdd-386e-4242-853c-bd4266de74c4
PAY003575,BOOK003575,2026-06-30,Cash,Stripe,EUR,33040.0,Paid,0.0,64daae99-feba-4f09-9f13-fc672c1b1fcc
PAY003576,BOOK003576,2025-01-13,Wallet,Stripe,AED,14160.0,Refunded,11780.59,6f728d83-8efb-4924-bd73-be213b98a3b4
PAY003577,BOOK003577,2026-07-08,UPI,PhonePe,AED,9912.0,Paid,0.0,792df5d4-aa96-46ca-b9ce-5ceabe55a081
PAY003578,BOOK003578,2026-05-29,Cash,PayPal,SGD,5310.0,Paid,0.0,40f2d836-5152-4b28-a4e4-3b4800070e8c
PAY003579,BOOK003579,2026-04-04,Net Banking,PayPal,EUR,4130.0,Paid,0.0,b247c382-937c-4652-8425-b120c2e27ea9
PAY003580,BOOK003580,2025-03-25,Debit Card,Stripe,USD,17700.0,Paid,0.0,837409f6-5ba2-40c6-be89-f3e57fb97214
PAY003581,BOOK003581,2026-06-25,Credit Card,Cash,EUR,15930.0,Paid,0.0,4eb9fcd3-5130-44c0-8d65-6319944e7271
PAY003582,BOOK003582,2026-01-17,Cash,Stripe,SGD,2360.0,Paid,0.0,fbc9be88-f35d-4236-9fbf-c8c10cdf1e8d
PAY003583,BOOK003583,2025-04-26,Debit Card,Razorpay,USD,47200.0,Paid,0.0,0fd70a2a-b97a-47d8-87a4-91e1158bd693
PAY003584,BOOK003584,2025-08-10,Credit Card,Razorpay,AED,11151.0,Paid,0.0,c1b3a453-af07-496c-9784-117a60f0b47a
PAY003585,BOOK003585,2025-08-23,Cash,PhonePe,INR,44604.0,Paid,0.0,28593c7d-6303-460b-aacd-b3a770a84bb4
PAY003586,BOOK003586,2026-06-12,UPI,Cash,INR,44840.0,Paid,0.0,a098af3c-b91a-4163-bc10-a406082648fc
PAY003587,BOOK003587,2025-05-02,Credit Card,PayPal,INR,25075.0,Paid,0.0,e13b2c3b-0eb2-48c6-b11e-4e59ed4a2a49
PAY003588,BOOK003588,2024-10-10,Cash,PhonePe,GBP,23541.0,Paid,-100.0,32cb4121-ddcb-4a1d-a282-de8f8eb6718c
PAY003589,BOOK003589,2024-10-13,Net Banking,PayPal,GBP,49147.0,Paid,0.0,d35829ec-bd51-4c92-a053-993ff191095a
PAY003590,BOOK003590,2025-08-28,Cash,Cash,INR,70800.0,Paid,0.0,02e71709-daed-4568-872e-d3eae030badd
PAY003591,BOOK003591,2024-10-19,Wallet,PayPal,AED,59000.0,Paid,0.0,d0888e1e-fef1-4f88-8953-06ccfd8a792f
PAY003592,BOOK003592,2025-08-28,Wallet,PayPal,USD,47200.0,Refunded,42431.75,a5046e92-0d3e-4784-892a-4e92ec29d123
PAY003593,BOOK003593,2026-07-11,UPI,Cash,USD,60180.0,Paid,0.0,c3218cee-df25-412c-b9ee-c10852900fa4
PAY003594,BOOK003594,2026-01-14,UPI,Stripe,AED,8260.0,Paid,0.0,6b1a86ed-749f-443d-ba32-834278500022
PAY003595,BOOK003595,2025-06-24,Credit Card,Stripe,AED,47082.0,Paid,0.0,8613106b-8c4d-44a7-be76-c00de672283a
PAY003596,BOOK003596,2026-07-10,UPI,PhonePe,USD,11800.0,Paid,0.0,b7a6742b-0e55-40c3-aaa4-726dd81d2e5d
PAY003597,BOOK003597,2025-06-22,UPI,Stripe,INR,5605.0,Paid,0.0,3f0cc12d-2240-41eb-9f05-c1358b1e45fd
PAY003598,BOOK003598,2025-02-22,UPI,Stripe,GBP,3304.0,Paid,0.0,8db37959-4581-4177-aad0-d4bc48e536fa
PAY003599,BOOK003599,2024-11-16,Debit Card,Stripe,INR,42480.0,Paid,0.0,bd82c3ef-7907-4cea-9599-a78382391f53
PAY003600,BOOK003600,2025-04-09,Credit Card,PhonePe,GBP,31860.0,Paid,0.0,e5fb8c81-83fb-4ee6-bddb-127be5fc9268
PAY003601,BOOK003601,2025-04-08,Credit Card,Cash,EUR,15930.0,Paid,0.0,b0298f70-93b6-4615-820e-e07098d056f0
PAY003602,BOOK003602,2025-07-19,Credit Card,Cash,GBP,18585.0,Paid,0.0,f137b010-7163-4bce-810b-0c7c55c80ec0
PAY003603,BOOK003603,2026-04-10,Net Banking,PhonePe,USD,49147.0,Paid,0.0,71a60411-a7f1-4b06-b237-1b260a35ac0c
PAY003604,BOOK003604,2026-03-28,Wallet,PhonePe,INR,5310.0,Refunded,3440.37,e85f2033-243b-44ba-9394-6008bc0cdc0e
PAY003605,BOOK003605,2025-11-17,UPI,PayPal,INR,15930.0,Paid,0.0,6c716ea4-6099-4d0b-9d37-7658818371a7
PAY003606,BOOK003606,2026-03-02,UPI,Stripe,EUR,75225.0,Paid,0.0,ee346bea-d150-437d-88d1-48b6224da746
PAY003607,BOOK003607,2026-03-07,UPI,PhonePe,EUR,9440.0,Paid,0.0,9b7c2e82-b24a-4ef1-9733-a11869340f08
PAY003608,BOOK003608,2026-01-10,Wallet,Cash,USD,21240.0,Paid,0.0,b443f697-8796-4b8f-a91e-5fc8cc13ba7f
PAY003609,BOOK003609,2026-02-06,Wallet,PayPal,GBP,28320.0,Paid,0.0,01142d30-0b09-409b-940a-c1fc601fa89d
PAY003610,BOOK003610,2025-03-15,Debit Card,PhonePe,AED,56640.0,Paid,0.0,d64d09cd-46a6-46d1-9e7a-3e063392963f
PAY003611,BOOK003611,2024-10-25,UPI,Razorpay,AED,14042.0,Paid,0.0,87f3392e-155f-42b6-85d7-2f03a62fc8a5
PAY003612,BOOK003612,2026-06-22,Credit Card,Stripe,AED,41300.0,Paid,0.0,a79bf4a5-24a8-4cbb-8a85-a83f0f1459c1
PAY003613,BOOK003613,2025-11-08,Cash,Stripe,USD,12390.0,Refunded,10636.17,78430320-0cd2-4118-82e5-0ae341f49f92
PAY003614,BOOK003614,2026-03-15,Wallet,PayPal,EUR,106200.0,Paid,0.0,bc26c43d-d31a-4a50-82ec-1905bd47021d
PAY003615,BOOK003615,2024-11-16,Credit Card,Stripe,SGD,56050.0,Refunded,23097.56,cab72dd0-0aa9-4dea-be5d-70334c2ce39c
PAY003616,BOOK003616,2025-09-13,Wallet,PhonePe,GBP,19824.0,Paid,0.0,adfeeeec-5e23-481c-825f-85af8887cb55
PAY003617,BOOK003617,2025-03-10,Wallet,Cash,AED,41300.0,Paid,0.0,6904e002-b40f-4892-8306-ad106f559d1e
PAY003618,BOOK003618,2026-03-12,Net Banking,Stripe,SGD,5310.0,Paid,0.0,0b8595bf-77fc-4ab9-b1cf-bf9c084bd3e9
PAY003619,BOOK003619,2025-11-26,Credit Card,Razorpay,AED,21240.0,Paid,0.0,ae0d1993-6bf0-45cb-93d4-f306658671fa
PAY003620,BOOK003620,2025-12-30,Credit Card,PayPal,INR,14160.0,Paid,0.0,69e62786-249e-498f-822d-41bc247922c7
PAY003621,BOOK003621,2025-03-12,Cash,Cash,SGD,11800.0,Paid,0.0,65cc76b7-baf9-4e1d-b9fb-ab212eaf8048
PAY003622,BOOK003622,2025-01-19,Net Banking,Stripe,EUR,11800.0,Paid,0.0,0fb8d20a-7af7-4107-8f45-f55be6f8f989
PAY003623,BOOK003623,2025-10-18,Debit Card,PhonePe,AED,105315.0,Paid,0.0,cf337241-79bf-49ad-bd7d-85008e5a5691
PAY003624,BOOK003624,2024-09-05,Cash,Razorpay,SGD,40120.0,Paid,0.0,19f63d02-c44f-4379-b82d-18074d3e9b2b
PAY003625,BOOK003625,2025-02-11,Credit Card,PayPal,SGD,7021.0,Paid,0.0,78d67483-8009-46f3-83be-fc6978111e63
PAY003626,BOOK003626,2025-11-12,Debit Card,Razorpay,AED,11210.0,Paid,0.0,f79f8852-031d-4297-b0ca-5039f959ff9c
PAY003627,BOOK003627,2025-09-28,Debit Card,PayPal,USD,4130.0,Paid,0.0,02212bb7-ed32-44d7-b632-02a296e3320c
PAY003628,BOOK003628,2024-09-10,Net Banking,Razorpay,AED,24780.0,Paid,0.0,83300abc-4c66-4d90-abe2-707e46f7a0f5
PAY003629,BOOK003629,2025-01-02,Net Banking,PayPal,INR,33630.0,Paid,0.0,e51671d2-173a-4b62-9839-ea8d5da631e8
PAY003630,BOOK003630,2026-01-29,Credit Card,Stripe,INR,88500.0,Refunded,52087.47,22c9e30d-d782-44fd-a1bc-eb7cb80b2083
PAY003631,BOOK003631,2026-05-10,UPI,Razorpay,USD,18880.0,Paid,0.0,8588948e-a350-401b-94f3-90ab0002ed7b
PAY003632,BOOK003632,2025-07-04,Debit Card,PhonePe,INR,67260.0,Paid,0.0,239ff38e-8d9b-4ac2-a611-83d85a3609ce
PAY003633,BOOK003633,2026-04-20,Net Banking,Cash,AED,82600.0,Paid,0.0,6f6c7dc1-487e-4b48-bed8-c49bf448be4b
PAY003634,BOOK003634,2025-03-17,Debit Card,Stripe,AED,10030.0,Paid,0.0,cd46b16a-e961-42ca-89e2-1e9b0e651926
PAY003635,BOOK003635,2025-02-09,Net Banking,Razorpay,AED,9440.0,Paid,0.0,9b6eba4a-1bdd-4fb9-99e5-47d08ab90409
PAY003636,BOOK003636,2026-06-01,Net Banking,PhonePe,INR,5900.0,Paid,0.0,8c214683-4983-4853-b441-701b99c87836
PAY003637,BOOK003637,2026-04-26,UPI,PhonePe,INR,2360.0,Paid,0.0,a37d417e-7eca-496a-beef-e7163c301a25
PAY003638,BOOK003638,2025-05-11,Wallet,Cash,EUR,23600.0,Failed,0.0,f42c6186-fe02-4cbd-9d85-0a4696dd8e84
PAY003639,BOOK003639,2026-06-06,Net Banking,Stripe,USD,47790.0,Refunded,24136.61,fc272e2b-2770-4a1d-bb0e-51b1c6bd4c09
PAY003640,BOOK003640,2024-08-02,UPI,Razorpay,EUR,11210.0,Refunded,3059.84,de7122a2-7f55-448a-a649-a0f884b95e63
PAY003641,BOOK003641,2026-01-19,Wallet,PhonePe,USD,23600.0,Paid,0.0,7ca33e50-9baf-431e-9eb3-31283a10cb43
PAY003642,BOOK003642,2025-11-12,Credit Card,Stripe,EUR,23600.0,Paid,0.0,5e8f931d-8c59-4750-91a0-8e920cc2aaa2
PAY003643,BOOK003643,2024-09-23,Net Banking,Stripe,USD,5015.0,Paid,0.0,6320a9c4-4510-47f0-a7a6-5502a9ce48a2
PAY003644,BOOK003644,2026-07-15,Net Banking,PayPal,INR,35400.0,Paid,0.0,a394f0f8-696f-43d7-8531-a69f0b29887e
PAY003645,BOOK003645,2025-10-04,Credit Card,PhonePe,AED,20650.0,Refunded,13280.75,92cfbd26-13d3-4a88-82bd-56433e613bdd
PAY003646,BOOK003646,2025-12-22,Net Banking,Cash,EUR,35400.0,Paid,0.0,7b7169c9-00d6-42da-8657-ae93c070809f
PAY003647,BOOK003647,2025-11-13,Cash,Razorpay,USD,5605.0,Paid,0.0,cde162e5-99f0-4f6f-bd98-d5fd2f792986
PAY003648,BOOK003648,2025-12-28,Credit Card,PayPal,USD,53100.0,Paid,0.0,92a4069b-1f71-4385-88b1-9b727aca3575
PAY003649,BOOK003649,2025-10-29,Net Banking,Cash,USD,5605.0,Paid,0.0,ca53934a-df45-4dce-8ced-60f1d63880f4
PAY003650,BOOK003650,2026-07-16,Debit Card,PhonePe,GBP,106200.0,Paid,0.0,c8a0a7e7-6b19-427b-b1b7-76a7712fc062
PAY003651,BOOK003651,2026-03-26,Debit Card,PhonePe,USD,15694.0,Refunded,7635.21,79388186-38ff-4fe1-9fbb-a41996029908
PAY003652,BOOK003652,2024-12-21,UPI,PayPal,EUR,10620.0,Paid,0.0,6e089b7d-bb8a-497f-b236-fec4878e4130
PAY003653,BOOK003653,2025-11-20,Debit Card,PayPal,EUR,21063.0,Paid,0.0,57a58e26-9659-4521-b7e3-561bead14e21
PAY003654,BOOK003654,2026-05-30,UPI,Razorpay,USD,5900.0,Paid,0.0,359a960a-c2de-4142-b072-2476ec84d1df
PAY003655,BOOK003655,2026-06-27,Net Banking,Stripe,SGD,16815.0,Paid,0.0,7b3219ce-2470-4ce0-be75-9c9bb027cf3c
PAY003656,BOOK003656,2025-06-19,Net Banking,Cash,USD,37170.0,Paid,0.0,d0f317ac-fa4e-4a69-b6e7-544ec9443070
PAY003657,BOOK003657,2025-03-22,Debit Card,PayPal,SGD,23541.0,Paid,0.0,d37f20c9-889d-4717-9b7c-0387cf211f73
PAY003658,BOOK003658,2025-04-19,Wallet,PhonePe,AED,11151.0,Paid,0.0,1e147782-6d0c-4dee-b1fe-add0fd0a7881
PAY003659,BOOK003659,2025-08-13,Cash,PayPal,INR,5900.0,Paid,0.0,4267fa86-5f5f-4e97-9ae0-818d7c875bb6
PAY003660,BOOK003660,2026-02-15,Debit Card,Cash,EUR,75225.0,Paid,0.0,3489d5ee-ea42-48a3-9aee-87e697510dda
PAY003661,BOOK003661,2026-04-22,Debit Card,PhonePe,INR,21063.0,Paid,0.0,7c70a992-4c9c-4108-819e-15ae0315b61b
PAY003662,BOOK003662,2026-04-10,Wallet,Razorpay,GBP,57820.0,Paid,0.0,2aa255a5-3612-4e5f-856d-0d23a54de055
PAY003663,BOOK003663,2024-12-09,Net Banking,Cash,INR,2655.0,Paid,0.0,2b81bc2b-46e2-4279-8bdb-f9f335130d99
PAY003664,BOOK003664,2025-06-26,Net Banking,Stripe,USD,2655.0,Refunded,674.01,ed0b3f32-2070-416c-98df-d1c9df4aadab
PAY003665,BOOK003665,2025-06-09,UPI,Cash,SGD,67260.0,Paid,0.0,d886e19b-c040-4c52-ab07-0bb582a33521
PAY003666,BOOK003666,2025-10-06,Debit Card,PayPal,USD,2655.0,Paid,0.0,94731105-74c3-4a92-aa61-3c4712517080
PAY003667,BOOK003667,2025-01-22,Debit Card,Stripe,AED,17700.0,Paid,0.0,ea086eb6-1726-44bb-aacb-79c44b44a9d8
PAY003668,BOOK003668,2025-12-23,Debit Card,Cash,SGD,11800.0,Paid,0.0,bcb86482-b851-4872-9814-9abeec883d5e
PAY003669,BOOK003669,2025-11-18,Cash,Stripe,INR,12390.0,Paid,0.0,a4ad97c3-f80b-489f-8b6c-bb512013d060
PAY003670,BOOK003670,2025-06-18,Debit Card,Stripe,INR,14160.0,Paid,0.0,e2cb5f5b-f4d7-4baf-b2b3-d4067dbdb18f
PAY003671,BOOK003671,2025-05-12,Debit Card,Cash,GBP,10620.0,Paid,0.0,51ddeeb2-dffa-410a-8d66-f9466def2cd3
PAY003672,BOOK003672,2026-04-23,Cash,Razorpay,AED,2507.5,Paid,0.0,ed7e78c4-72a3-44fd-8191-8b345eeaf3f5
PAY003673,BOOK003673,2025-12-22,Credit Card,PayPal,EUR,84960.0,Paid,0.0,3c67cdcf-bf9d-459d-8b31-bd911b8333bd
PAY003674,BOOK003674,2026-04-20,Debit Card,PhonePe,EUR,29500.0,Paid,0.0,0f4555c1-a1a1-4f36-9907-4e7005b810ee
PAY003675,BOOK003675,2025-04-29,Net Banking,PayPal,GBP,70800.0,Failed,0.0,6fc79e5f-2a2a-4b0e-b68e-3d74df224cea
PAY003676,BOOK003676,2026-01-15,Net Banking,PhonePe,GBP,2655.0,Paid,0.0,e39c29e8-7d8b-4ba1-b84d-f1414f409dee
PAY003677,BOOK003677,2026-03-15,Wallet,PhonePe,USD,9440.0,Paid,0.0,f5892446-ff39-44a9-9186-d98e08ab5eac
PAY003678,BOOK003678,2025-12-07,UPI,Cash,EUR,5310.0,Paid,0.0,e4b93d7e-fdfe-47ab-8883-d839dcc02ce0
PAY003679,BOOK003679,2025-01-28,Credit Card,Razorpay,AED,21240.0,Paid,0.0,4fee0572-e3f8-4a0b-8773-d08c9309a005
PAY003680,BOOK003680,2025-07-01,Wallet,Razorpay,USD,105315.0,Paid,0.0,0af04b5c-1955-4d43-942a-947660cc41b8
PAY003681,BOOK003681,2024-12-28,Debit Card,Razorpay,SGD,4720.0,Paid,0.0,cfd0bccb-6ba9-4792-ab52-686f3aa3fd71
PAY003682,BOOK003682,2025-11-19,Net Banking,Razorpay,SGD,67260.0,Paid,0.0,125d166d-090a-4538-9522-788ddb328590
PAY003683,BOOK003683,2024-11-28,UPI,PhonePe,SGD,23541.0,Refunded,12996.82,ac82b96d-027e-486b-86e3-99019da99202
PAY003684,BOOK003684,2026-03-10,Debit Card,PayPal,EUR,24573.5,Paid,0.0,17237ed3-02d5-470b-8fe2-e90695e5e3f5
PAY003685,BOOK003685,2026-04-28,Credit Card,PhonePe,INR,15045.0,Paid,0.0,722a434d-1685-44b9-b7cb-c5eb24cac410
PAY003686,BOOK003686,2026-07-31,Cash,PayPal,USD,52038.0,Paid,0.0,083a0444-dc86-402e-9472-c40e15bb41f9
PAY003687,BOOK003687,2024-12-26,Debit Card,PhonePe,EUR,14042.0,Paid,0.0,e8384cb6-5375-4545-b9ae-e60913128b92
PAY003688,BOOK003688,2025-03-20,UPI,Razorpay,GBP,29500.0,Paid,0.0,2c1c4342-07a8-461e-8eb9-2950b5242b4e
PAY003689,BOOK003689,2025-08-22,Cash,PhonePe,AED,22420.0,Paid,0.0,c1d18938-bc22-4cf0-a48c-8d4106688245
PAY003690,BOOK003690,2026-07-17,Credit Card,Razorpay,EUR,14012.5,Refunded,12337.22,8c73e848-292e-4361-b0c8-3df502bb0a8d
PAY003691,BOOK003691,2025-02-07,Net Banking,PhonePe,USD,22420.0,Paid,0.0,609bb68e-1371-4b2f-82ad-26cbb0343f44
PAY003692,BOOK003692,2025-09-01,Net Banking,Stripe,USD,6608.0,Failed,0.0,224dac09-394e-409f-a9ab-24836cc31c9b
PAY003693,BOOK003693,2025-07-29,Wallet,Cash,EUR,16520.0,Paid,0.0,ab3ea55d-1472-4804-b20a-d9eb012b8d6b
PAY003694,BOOK003694,2026-03-09,Debit Card,PhonePe,SGD,33040.0,Failed,0.0,296d41aa-6c42-4ef7-80cc-e74b9448a771
PAY003695,BOOK003695,2024-08-21,UPI,Razorpay,AED,84960.0,Paid,0.0,fc7051f4-7147-4f16-9170-7e1deb2b4414
PAY003696,BOOK003696,2026-04-19,Debit Card,PayPal,INR,20060.0,Paid,0.0,902dde48-96d3-45f5-b404-9b27208e2fa5
PAY003697,BOOK003697,2025-08-14,Debit Card,Stripe,AED,14160.0,Refunded,13982.3,22ccd333-f167-4c6e-8874-b2036a0e4661
PAY003698,BOOK003698,2024-09-21,Wallet,Cash,AED,18880.0,Paid,0.0,2b48de8c-3257-485e-8eb5-3fdf55e8821a
PAY003699,BOOK003699,2024-12-02,Net Banking,PayPal,SGD,10620.0,Paid,0.0,a54cee2e-147b-418a-a2f9-d3a37b5d9cd3
PAY003700,BOOK003700,2026-06-26,Credit Card,PhonePe,USD,5605.0,Paid,0.0,68683c89-32b9-476a-bbed-3448baf749a6
PAY003701,BOOK003701,2025-10-10,Credit Card,Stripe,INR,40120.0,Paid,0.0,9cba1019-6ee5-4b3e-a122-ae60e9012147
PAY003702,BOOK003702,2025-11-06,Wallet,Razorpay,EUR,28320.0,Paid,0.0,5a6b9d5f-e9ff-4a47-804d-34619589cecc
PAY003703,BOOK003703,2024-09-15,UPI,Cash,GBP,13216.0,Paid,0.0,72d5dbf7-cb5d-4d30-a1e8-7e72f50d4607
PAY003704,BOOK003704,2024-12-20,Cash,Razorpay,GBP,3510.5,Paid,0.0,e07456a0-53d7-46a1-bdec-8bb6ac61de6e
PAY003705,BOOK003705,2026-02-11,Credit Card,Cash,AED,17552.5,Paid,0.0,1d64427e-5194-4a86-ba97-9c8ac17fd645
PAY003706,BOOK003706,2025-06-05,Credit Card,Stripe,GBP,18880.0,Paid,0.0,72924cc5-3af7-4619-93ff-55f09de7687e
PAY003707,BOOK003707,2025-02-11,Net Banking,Razorpay,GBP,10620.0,Paid,0.0,890bf741-beb8-48b0-927d-2a90a19d1571
PAY003708,BOOK003708,2026-02-23,Net Banking,Razorpay,EUR,42126.0,Paid,0.0,ec5fd025-78bc-48ed-bd09-db9336a255a2
PAY003709,BOOK003709,2026-07-29,Credit Card,Cash,AED,35400.0,Paid,0.0,71266189-52dd-4f5e-9f03-d2e8c207141a
PAY003710,BOOK003710,2026-07-02,Debit Card,Cash,GBP,60180.0,Paid,0.0,352bb235-f713-441f-b9bd-62979478fc69
PAY003711,BOOK003711,2026-01-23,Credit Card,Cash,EUR,23541.0,Paid,0.0,a5cdec6b-fdf2-459b-bc48-4cdd457af166
PAY003712,BOOK003712,2025-12-03,UPI,Cash,SGD,33630.0,Paid,0.0,c8a40c4a-f544-4e78-973f-dc3fe0d8ac7d
PAY003713,BOOK003713,2025-02-05,UPI,Stripe,GBP,37170.0,Paid,0.0,babaf290-fd0b-4267-af34-3e1dead12738
PAY003714,BOOK003714,2025-06-30,Cash,PhonePe,GBP,19824.0,Paid,0.0,0755dbad-affd-431b-910d-74ceaf26b8d0
PAY003715,BOOK003715,2024-11-16,Credit Card,Stripe,INR,54929.0,Paid,0.0,964a932e-d56d-4149-80d4-db30f020e56e
PAY003716,BOOK003716,2025-10-05,Credit Card,Razorpay,AED,105315.0,Paid,0.0,7d2c3b01-da9c-4985-b495-72665c8c7cf2
PAY003717,BOOK003717,2024-08-23,Wallet,Stripe,USD,70210.0,Refunded,54203.12,59a16203-dbc8-4c8c-98b2-116320b8d8e7
PAY003718,BOOK003718,2024-08-16,Wallet,Stripe,AED,21240.0,Paid,0.0,1364242e-c8a2-48f1-80c7-40d22128ee93
PAY003719,BOOK003719,2026-05-14,Net Banking,PhonePe,GBP,10620.0,Paid,0.0,7785ea20-574e-41eb-9ccc-b03538b1150d
PAY003720,BOOK003720,2025-12-06,UPI,Razorpay,INR,59000.0,Paid,0.0,264b1f1a-b39d-45fc-981f-49640d196208
PAY003721,BOOK003721,2024-09-11,UPI,Razorpay,SGD,29736.0,Paid,0.0,e0786370-2fba-47ed-9406-32e50dc15cd4
PAY003722,BOOK003722,2026-07-19,Cash,PayPal,SGD,9912.0,Paid,0.0,67337d17-77e6-4e64-a788-9774b3b66f81
PAY003723,BOOK003723,2025-10-05,Net Banking,Razorpay,USD,7021.0,Paid,0.0,e76dd164-ca5a-4b5f-8653-9ecadcc16ea4
PAY003724,BOOK003724,2025-10-06,Cash,Razorpay,USD,37170.0,Paid,0.0,e8f9f7ea-e961-426b-9ae6-d6234f1cd1b5
PAY003725,BOOK003725,2026-04-18,UPI,PhonePe,INR,14160.0,Paid,0.0,43867000-b1c0-4afa-82a7-e7f0d44e88e6
PAY003726,BOOK003726,2026-02-03,Net Banking,PayPal,EUR,11210.0,Paid,0.0,c200e720-1f88-4d9c-a721-ee2ced84bdc9
PAY003727,BOOK003727,2025-04-08,Cash,Razorpay,EUR,11210.0,Paid,0.0,3debfb79-fd23-4b5e-86c4-470b5bff2234
PAY003728,BOOK003728,2024-09-09,Debit Card,Razorpay,USD,29500.0,Paid,0.0,a025667e-e808-46b6-b7ff-c2cafd9f4673
PAY003729,BOOK003729,2026-01-25,UPI,Cash,INR,3510.5,Paid,0.0,f60c3aad-0043-45c1-b70d-33076d334c8b
PAY003730,BOOK003730,2025-03-10,Cash,Razorpay,SGD,35105.0,Paid,0.0,f9d0d6c0-ab89-4337-87d2-4141a323a0c7
PAY003731,BOOK003731,2024-11-12,Debit Card,Razorpay,EUR,105315.0,Paid,0.0,1f4d0808-8faf-42b0-a06b-b58a5760a283
PAY003732,BOOK003732,2025-02-12,Wallet,Cash,SGD,17552.5,Paid,0.0,a0cc0ea0-4166-4978-86ea-49d9427cdd5c
PAY003733,BOOK003733,2024-07-31,Credit Card,PhonePe,USD,63720.0,Paid,0.0,3dcf6f74-76cf-4c6d-b4e5-081a74bb914a
PAY003734,BOOK003734,2025-09-22,Wallet,PayPal,EUR,28320.0,Refunded,25330.27,e05eeebc-bd5a-46fb-a910-5a9e2384932a
PAY003735,BOOK003735,2025-08-23,Cash,Stripe,EUR,16520.0,Paid,0.0,0aa9228b-39cb-4c99-955f-121eac6e2cf0
PAY003736,BOOK003736,2026-05-28,Debit Card,PayPal,EUR,15045.0,Paid,0.0,ac4f7d15-00e2-4f5e-ab3b-034ecac3fdab
PAY003737,BOOK003737,2026-02-24,Debit Card,Stripe,GBP,44840.0,Refunded,12194.78,780fa428-1513-46aa-9320-98c5d9f28ad2
PAY003738,BOOK003738,2024-09-06,Credit Card,Cash,AED,37170.0,Paid,0.0,f71f767c-ec71-4b46-8b5f-f3a21b9141f0
PAY003739,BOOK003739,2026-05-01,Net Banking,PhonePe,GBP,18585.0,Paid,0.0,3623e25a-e564-41a4-9bd8-f362403e73a1
PAY003740,BOOK003740,2026-05-28,Cash,PhonePe,GBP,42480.0,Paid,0.0,d4d07497-75bf-4e87-8e91-0808a7d3a069
PAY003741,BOOK003741,2025-03-04,Wallet,Razorpay,AED,19824.0,Paid,0.0,bde8974f-5617-4c43-beaa-373c99bbdfaf
PAY003742,BOOK003742,2024-07-31,Cash,Cash,USD,14750.0,Paid,0.0,e87a6084-bcad-4515-9de0-5470bd9e0b7a
PAY003743,BOOK003743,2025-03-16,Credit Card,PhonePe,USD,117705.0,Paid,0.0,bf217b30-ef03-4c99-8f02-0e2b81bf2b97
PAY003744,BOOK003744,2025-05-06,Debit Card,Stripe,USD,15045.0,Paid,0.0,32172f07-fbe2-4c93-a49c-9890c2d1daba
PAY003745,BOOK003745,2025-02-21,Debit Card,Stripe,GBP,5310.0,Paid,0.0,299883d5-ee2d-4f52-98c4-e9a3f6aa9cdb
PAY003746,BOOK003746,2025-05-30,Wallet,Cash,EUR,23600.0,Paid,0.0,54b1fe07-33ed-4bcc-995e-ce98164fca13
PAY003747,BOOK003747,2025-11-12,UPI,Razorpay,USD,18880.0,Refunded,16519.74,4da21d0d-e7c6-4f1f-ab31-07917fe2297d
PAY003748,BOOK003748,2024-09-29,Credit Card,PayPal,SGD,37170.0,Paid,0.0,9d34f61a-3372-4797-9e2f-c29881141b87
PAY003749,BOOK003749,2024-10-12,Credit Card,Razorpay,AED,39235.0,Paid,0.0,4b5eb11e-dbf4-4e51-88a2-26366a20190b
PAY003750,BOOK003750,2024-10-07,Net Banking,Stripe,USD,23128.0,Paid,0.0,4757baba-dd31-4312-b368-409c1773070f
PAY003751,BOOK003751,2024-11-23,Debit Card,PhonePe,SGD,25075.0,Paid,0.0,037b8d6a-f28f-458b-8dcb-53f55a52257d
PAY003752,BOOK003752,2024-09-23,Debit Card,PhonePe,EUR,27464.5,Paid,0.0,a3a5d907-b8f8-41ba-b04c-d73f5f5c9516
PAY003753,BOOK003753,2026-03-30,Credit Card,Stripe,USD,10030.0,Paid,0.0,9d96aace-c6e9-418c-980f-70853e1b8fe7
PAY003754,BOOK003754,2025-01-20,Cash,PayPal,EUR,35400.0,Paid,0.0,89fc20b7-442b-434f-b8c6-8f62b9701cb5
PAY003755,BOOK003755,2024-11-27,Wallet,Cash,EUR,60180.0,Paid,0.0,eae0068f-f247-4425-9c97-a7bc03481eb5
PAY003756,BOOK003756,2024-08-27,Cash,PhonePe,EUR,100890.0,Refunded,84711.25,d4609d2b-8aa5-47f2-8f43-d313932194c6
PAY003757,BOOK003757,2024-10-29,UPI,Stripe,SGD,63720.0,Paid,0.0,7c70bad4-e275-434c-880b-cc7f60a9f419
PAY003758,BOOK003758,2024-11-11,UPI,Stripe,SGD,7080.0,Paid,0.0,9ccf5ea3-ba23-4dbf-bee3-fcab8e5b655d
PAY003759,BOOK003759,2026-03-26,Wallet,Razorpay,INR,39235.0,Paid,0.0,f4c82d80-6f1a-4788-a743-6e00fd801df9
PAY003760,BOOK003760,2024-12-05,Credit Card,Cash,AED,70800.0,Paid,0.0,7f311a0d-b52a-49a2-a1ab-178276088fbf
PAY003761,BOOK003761,2026-07-23,Cash,PhonePe,SGD,33630.0,Paid,0.0,e67a5fee-fa3f-4fc2-bc17-71b42c7ecc0b
PAY003762,BOOK003762,2025-04-24,Net Banking,PayPal,SGD,23600.0,Failed,0.0,2a465fa5-94c8-4b43-ac8b-c1a7f3ee6b49
PAY003763,BOOK003763,2026-03-01,Wallet,PhonePe,EUR,42126.0,Paid,0.0,2bc0b28f-d13d-459d-a4a8-20d52c3cedf9
PAY003764,BOOK003764,2025-05-14,Credit Card,PayPal,INR,15045.0,Paid,0.0,e88ee658-4fc5-43b3-b2a4-ae4f0422dc94
PAY003765,BOOK003765,2025-03-01,Credit Card,Cash,INR,33630.0,Paid,0.0,421012f9-7fd5-4e17-b926-4231c428667e
PAY003766,BOOK003766,2025-09-08,Debit Card,Stripe,USD,23600.0,Paid,0.0,3debcc7b-7a92-4ef3-b867-d4cbb464e389
PAY003767,BOOK003767,2025-12-05,Debit Card,Cash,GBP,50150.0,Paid,0.0,1bca56d0-d058-483a-995e-84f3eea15eb9
PAY003768,BOOK003768,2025-10-11,Debit Card,PhonePe,USD,2507.5,Paid,0.0,5f6e08d8-e921-4e9c-be36-ac0f353c3cd9
PAY003769,BOOK003769,2025-05-05,Wallet,Cash,INR,28084.0,Paid,0.0,08cdd697-211a-4337-945f-06d467093b17
PAY003770,BOOK003770,2024-08-08,Credit Card,Stripe,INR,8407.5,Paid,0.0,b23e1b40-a208-48c2-a56f-afec13c6b161
PAY003771,BOOK003771,2025-07-22,Net Banking,Razorpay,USD,90270.0,Paid,0.0,9cd4e67a-2c70-4222-bc62-c7c54fb0d131
PAY003772,BOOK003772,2025-09-08,Cash,Stripe,INR,78470.0,Paid,0.0,01db4390-d85e-4bcd-8123-7ebfe8638e20
PAY003773,BOOK003773,2025-03-03,UPI,Razorpay,EUR,22302.0,Paid,0.0,d278607f-680e-4816-9c91-0b5fada304f1
PAY003774,BOOK003774,2025-01-02,Wallet,Stripe,AED,3304.0,Paid,0.0,b378715b-96f3-40f5-8ed5-81c0d4ca681e
PAY003775,BOOK003775,2025-08-13,Credit Card,Stripe,GBP,15694.0,Refunded,4208.95,dc715a31-c4a9-4ca8-87d8-8b857ce618c0
PAY003776,BOOK003776,2025-02-25,Credit Card,Cash,USD,30090.0,Paid,0.0,d7139976-e612-4b7c-ba65-76bb572a82e2
PAY003777,BOOK003777,2026-01-16,UPI,PayPal,INR,15930.0,Paid,0.0,0e8657de-6cd0-4153-8355-997b335e03c3
PAY003778,BOOK003778,2026-06-17,UPI,Cash,EUR,23541.0,Paid,0.0,e004ce05-3a83-4ee8-8d62-e426921e0956
PAY003779,BOOK003779,2025-07-29,Credit Card,Razorpay,SGD,35400.0,Failed,0.0,76004081-bc0c-407c-9397-f8fd1158bf72
PAY003780,BOOK003780,2024-08-09,Cash,Stripe,INR,70800.0,Paid,0.0,6ee41a7c-d34f-4211-aeb1-a5fe4381fd97
PAY003781,BOOK003781,2025-01-09,UPI,Cash,GBP,106200.0,Paid,0.0,05fea605-0e68-4b04-8601-cae98224e74a
PAY003782,BOOK003782,2024-12-11,Wallet,Razorpay,GBP,2507.5,Paid,0.0,042b50f3-c5a1-4f6c-9b25-2b9ce64f3a4c
PAY003783,BOOK003783,2025-08-28,Net Banking,Cash,EUR,28320.0,Paid,0.0,fc9d4da1-38da-4022-8dff-46f82e21f647
PAY003784,BOOK003784,2025-11-19,Net Banking,Stripe,AED,53100.0,Paid,0.0,eedf5e0e-741a-4fe0-8b0a-34966eb4357b
PAY003785,BOOK003785,2025-04-30,Net Banking,PayPal,SGD,29736.0,Paid,0.0,d809e6e9-84aa-4d7f-a470-7c5a04d0b284
PAY003786,BOOK003786,2025-06-19,Credit Card,Stripe,AED,21240.0,Refunded,12924.2,ef6e23e4-a535-4042-9256-03f78202a80c
PAY003787,BOOK003787,2024-11-30,Debit Card,Stripe,EUR,21240.0,Paid,0.0,c702ae9e-5611-4c74-b3db-df26fa0e8ef3
PAY003788,BOOK003788,2025-12-01,Credit Card,Razorpay,SGD,2802.5,Paid,0.0,acfad4c3-e53f-4410-bfe4-b69213a914ed
PAY003789,BOOK003789,2024-10-12,Cash,Razorpay,,20060.0,Paid,0.0,7c6ce724-d222-4b1b-afe5-9b44c92df4bb
PAY003790,BOOK003790,2025-05-01,Cash,PhonePe,AED,15045.0,Paid,0.0,7a161b67-5b00-4ba3-a083-3dde3ea97bdf
PAY003791,BOOK003791,2026-05-10,UPI,Stripe,USD,18880.0,Paid,0.0,f4242d3a-6817-43c7-bb5c-9eae52c199be
PAY003792,BOOK003792,2025-05-30,UPI,Cash,USD,11800.0,Refunded,9076.77,d37f84d3-5c91-4ae4-9018-90cf6270dbcc
PAY003793,BOOK003793,2024-09-16,UPI,Stripe,INR,10030.0,Refunded,5373.4,3176b99d-7067-4683-80a6-3565291be6ce
PAY003794,BOOK003794,2024-10-18,UPI,Razorpay,INR,41300.0,Paid,0.0,46b9f350-2a9e-4d6b-a282-dee843fe419b
PAY003795,BOOK003795,2025-02-25,UPI,PhonePe,AED,33630.0,Paid,0.0,6c86f37e-4542-4a0d-b957-9db02153e6ef
PAY003796,BOOK003796,2025-02-19,Cash,Cash,INR,14868.0,Paid,0.0,d22a82fa-de36-4117-bf30-bd34a37b2d2c
PAY003797,BOOK003797,2025-02-03,Cash,Cash,SGD,41300.0,Failed,0.0,354751e7-e691-49c8-96cb-f973edaca3ea
PAY003798,BOOK003798,2025-10-14,Debit Card,PhonePe,SGD,35105.0,Paid,0.0,537f20a2-3579-4dfe-bf82-774eca9fe561
PAY003799,BOOK003799,2024-11-26,UPI,Razorpay,AED,53100.0,Paid,0.0,4418bab9-f265-4d05-9757-2778701d756c
PAY003800,BOOK003800,2026-01-29,Debit Card,Stripe,SGD,2507.5,Paid,0.0,7fab3be2-7585-43ec-9193-27601014ff91
PAY003801,BOOK003801,2026-01-26,Debit Card,Stripe,AED,23128.0,Paid,0.0,c1a0695f-ab21-4b61-b5cc-1c297d9c88f9
PAY003802,BOOK003802,2025-07-20,UPI,Stripe,INR,5015.0,Paid,0.0,8bc50703-1bfd-4b8d-b060-e4b6ed9e54aa
PAY003803,BOOK003803,2025-09-17,Cash,Stripe,INR,18585.0,Paid,0.0,21d5d28c-2384-4bd3-b0c2-47c30af3d97e
PAY003804,BOOK003804,2025-07-17,Net Banking,Stripe,SGD,7434.0,Paid,0.0,99d8119b-e976-4885-8331-e87d6df115d0
PAY003805,BOOK003805,2026-03-13,Cash,PayPal,AED,9440.0,Failed,0.0,b8a4598b-61ab-446b-81db-a8c4ad0bd3b3
PAY003806,BOOK003806,2025-01-20,Cash,Stripe,INR,20060.0,Paid,0.0,f70c5bf5-ee22-4730-a89a-ee499fcce39b
PAY003807,BOOK003807,2025-10-13,Cash,Cash,USD,23541.0,Paid,0.0,16402866-9c43-464e-8a9d-4fe6b1ff6844
PAY003808,BOOK003808,2025-12-27,Net Banking,Cash,SGD,18585.0,Failed,0.0,8c4c7b82-a49a-470d-9be6-94b8755e0beb
PAY003809,BOOK003809,2024-09-16,Debit Card,Stripe,INR,22420.0,Paid,0.0,928d5d7c-3a66-480f-93cc-81d70569e51d
PAY003810,BOOK003810,2026-06-09,Cash,Cash,AED,16815.0,Paid,0.0,76ac2e9e-be54-4bca-8343-9e3b9ea54b4b
PAY003811,BOOK003811,2026-03-29,Cash,PhonePe,INR,22420.0,Paid,0.0,5c9deb92-708a-4e6e-9b33-e94fb92122e8
PAY003812,BOOK003812,2024-09-24,Net Banking,Cash,EUR,23541.0,Paid,0.0,4acf39e0-061d-43a0-ab0a-3a2968813c9f
PAY003813,BOOK003813,2026-01-14,UPI,PhonePe,INR,4130.0,Paid,0.0,38b3cdd6-af45-4865-8404-1c1b0430448a
PAY003814,BOOK003814,2025-09-09,Cash,Stripe,EUR,28320.0,Paid,0.0,7c9b697a-e145-4edd-936d-fd3dc7e49542
PAY003815,BOOK003815,2025-01-22,Credit Card,Stripe,GBP,10030.0,Paid,0.0,98552362-bc29-425a-a083-9c85b1998b6c
PAY003816,BOOK003816,2026-06-24,Wallet,PhonePe,USD,50150.0,Paid,0.0,428955cf-cd9a-4e54-9502-8a9faad44f76
PAY003817,BOOK003817,2024-09-25,UPI,PayPal,INR,4720.0,Paid,0.0,9d198f89-3961-4739-844f-879b5db7f02e
PAY003818,BOOK003818,2025-06-12,UPI,Stripe,EUR,7847.0,Paid,0.0,ae45106c-d88c-4dc7-adc3-eb691b43e453
PAY003819,BOOK003819,2026-04-21,Credit Card,Razorpay,INR,16815.0,Paid,0.0,0d233067-92ed-4e2e-be34-6066d41a4d94
PAY003820,BOOK003820,2025-05-15,Credit Card,Stripe,INR,5900.0,Paid,0.0,4c759902-5cbb-4d5b-9919-a29ff7f4383c
PAY003821,BOOK003821,2026-02-17,Net Banking,Cash,USD,2655.0,Paid,0.0,3b625c8c-4753-40bb-ac97-1151d2523022
PAY003822,BOOK003822,2025-05-13,Net Banking,PayPal,EUR,59000.0,Failed,0.0,37a4656e-df51-448f-8e56-3664eba54ed8
PAY003823,BOOK003823,2026-06-18,Credit Card,PhonePe,AED,67260.0,Paid,0.0,581d5b70-3467-43b3-b781-4346288c34c7
PAY003824,BOOK003824,2025-07-03,Net Banking,Cash,SGD,14868.0,Paid,0.0,f71c1427-eb92-45eb-a10d-fdcef9fb2611
PAY003825,BOOK003825,2026-04-29,Debit Card,PayPal,USD,23600.0,Paid,0.0,70069a04-06d6-4fe1-8100-b415d358c5de
PAY003826,BOOK003826,2025-04-25,Cash,Stripe,SGD,23128.0,Paid,0.0,f1230001-f829-49f1-9443-6db1301042d8
PAY003827,BOOK003827,2026-07-08,Net Banking,Razorpay,USD,37170.0,Paid,0.0,6eaa3fe1-6575-4a50-9fce-c93e4afe7689
PAY003828,BOOK003828,2024-09-04,Credit Card,Razorpay,GBP,11210.0,Paid,0.0,e692831a-b711-4679-a1b8-776dc85bde35
PAY003829,BOOK003829,2026-06-14,Wallet,Cash,EUR,8260.0,Paid,0.0,3ba0f740-f9d8-4338-a844-f290760647f3
PAY003830,BOOK003830,2025-09-08,UPI,PhonePe,USD,28910.0,Failed,0.0,ce8b0ce1-4ca7-4041-90ae-c9d5fdb69772
PAY003831,BOOK003831,2026-04-03,Debit Card,Stripe,INR,18880.0,Paid,0.0,9cb664c9-0b48-45a4-a6a9-9348c7b71f02
PAY003832,BOOK003832,2024-08-19,Net Banking,PayPal,GBP,4720.0,Refunded,2192.72,b1e5f6cd-f270-41c2-8d3a-dbf1269acbfd
PAY003833,BOOK003833,2025-03-25,UPI,PayPal,EUR,45135.0,Failed,0.0,58531dbc-64de-4a62-b740-d1c50ff4e344
PAY003834,BOOK003834,2024-12-17,Credit Card,PhonePe,INR,18880.0,Paid,0.0,694ac2b9-4ff9-4714-a763-b3dcab0e6b81
PAY003835,BOOK003835,2026-07-16,Cash,Razorpay,GBP,14042.0,Paid,0.0,0d13de4a-2005-4721-abf9-565fb8b3f8fe
PAY003836,BOOK003836,2025-12-15,Cash,PhonePe,INR,63720.0,Paid,0.0,61fdff47-7a33-46db-9de3-eee23d27268e
PAY003837,BOOK003837,2026-07-03,Cash,Cash,USD,60180.0,Paid,0.0,dbadcb97-10c8-4849-82b1-c5635207bff1
PAY003838,BOOK003838,2025-04-02,UPI,PayPal,USD,40120.0,Paid,0.0,3bdf9192-d7d2-457c-a01a-bdef690b41ea
PAY003839,BOOK003839,2025-05-30,UPI,PayPal,INR,22302.0,Paid,0.0,8dac322f-b9ee-4338-b2bc-153794718a16
PAY003840,BOOK003840,2024-10-03,UPI,Razorpay,GBP,5900.0,Paid,0.0,40c955e6-9865-4777-baa8-2106b08dddad
PAY003841,BOOK003841,2026-05-04,Credit Card,Razorpay,USD,30090.0,Failed,0.0,54ff1c80-ba20-4224-b348-1a6691b85f7b
PAY003842,BOOK003842,2025-01-19,Net Banking,Razorpay,SGD,7522.5,Paid,0.0,ec009ec4-183a-4f7f-b4d2-a650cce7f605
PAY003843,BOOK003843,2025-07-18,Cash,Stripe,USD,11800.0,Paid,0.0,de820802-d958-4ec6-b627-2a19fa7eb459
PAY003844,BOOK003844,2024-09-07,Cash,Razorpay,INR,28320.0,Paid,0.0,af63d904-2cac-4b9b-adee-6c01aa26076a
PAY003845,BOOK003845,2025-07-16,Credit Card,Razorpay,EUR,8407.5,Paid,0.0,c63bf1b5-2213-4d3f-a842-d99f5309f17b
PAY003846,BOOK003846,2024-08-18,Credit Card,Stripe,GBP,33040.0,Paid,0.0,e69f8572-d723-4af4-9f3a-f9f9746f822f
PAY003847,BOOK003847,2025-07-28,Credit Card,Razorpay,SGD,17700.0,Paid,0.0,2834c410-da49-4c3d-9ba0-748149ef09a8
PAY003848,BOOK003848,2025-08-16,Debit Card,Cash,INR,56640.0,Paid,0.0,cd1f698e-fdbf-4b64-83b5-809b2db70b13
PAY003849,BOOK003849,2025-04-28,Debit Card,PayPal,INR,5015.0,Failed,0.0,7f2b45f0-6753-459f-919b-897c44d2bbe5
PAY003850,BOOK003850,2025-08-29,Debit Card,PhonePe,INR,47200.0,Paid,0.0,a4fdbd92-f881-45b3-8b68-dec8b708c4bb
PAY003851,BOOK003851,2025-11-01,Debit Card,PhonePe,EUR,8407.5,Refunded,4938.11,8f74b5e3-a49c-426e-a623-507fbb07219f
PAY003852,BOOK003852,2024-12-08,UPI,PhonePe,GBP,90270.0,Paid,0.0,f0aa4a63-9743-478f-9d2c-c868adb4fa99
PAY003853,BOOK003853,2025-04-25,Wallet,Cash,EUR,5900.0,Refunded,5800.43,f9cac13d-b005-42cb-8320-ef77f244f272
PAY003854,BOOK003854,2026-02-15,Credit Card,PayPal,SGD,29736.0,Paid,0.0,54e52d7c-a45d-4121-8cf5-a43121db84a6
PAY003855,BOOK003855,2025-12-22,Credit Card,Stripe,SGD,11800.0,Paid,0.0,a6906783-f696-4c41-a2c3-b665058792ab
PAY003856,BOOK003856,2024-11-07,UPI,Stripe,AED,26550.0,Paid,0.0,225753f0-8033-42e7-b5d0-fa104d2eb94d
PAY003857,BOOK003857,2026-06-03,Cash,Cash,AED,6608.0,Paid,0.0,def0d113-b66b-4f9d-9c53-336e07d15411
PAY003858,BOOK003858,2026-03-18,Wallet,Razorpay,USD,23541.0,Paid,0.0,b9493668-bc15-4447-9d02-a70b9ecf52b5
PAY003859,BOOK003859,2025-11-21,Debit Card,PhonePe,EUR,67260.0,Paid,0.0,7d83196e-30ef-4170-a505-10307ce65f24
PAY003860,BOOK003860,2026-06-15,Debit Card,PayPal,AED,74340.0,Paid,0.0,dd5640d9-fdd3-4465-bf42-e43f8bf41bbb
PAY003861,BOOK003861,2024-09-26,Debit Card,Cash,AED,2507.5,Paid,0.0,70a34898-3b55-4b41-a50e-358866a05064
PAY003862,BOOK003862,2025-07-04,Cash,Razorpay,GBP,5900.0,Paid,0.0,6ffb4c10-3970-4d84-9443-cd04868c682e
PAY003863,BOOK003863,2026-06-19,Wallet,PayPal,EUR,15045.0,Failed,0.0,d84980f5-46dc-45ef-8ade-50883b9c127e
PAY003864,BOOK003864,2025-05-15,Cash,PhonePe,AED,21240.0,Paid,0.0,53be92d2-bd02-4196-949c-803116fbfe50
PAY003865,BOOK003865,2025-05-15,Cash,PayPal,GBP,20060.0,Paid,0.0,b83dd7a0-8adf-46f5-b7dd-d8c9745d09f0
PAY003866,BOOK003866,2025-08-21,Debit Card,Stripe,USD,84960.0,Paid,0.0,a4d86db1-f302-43a8-8d4a-754e90356baf
PAY003867,BOOK003867,2025-06-26,Cash,PayPal,EUR,19617.5,Paid,0.0,35900d1f-f0c8-4b5b-8ad4-664c079b9d84
PAY003868,BOOK003868,2025-09-10,UPI,PayPal,USD,111510.0,Paid,0.0,3d53bfc2-bf0a-4d51-a5c8-822120cbc4df
PAY003869,BOOK003869,2025-10-14,Credit Card,PhonePe,AED,41300.0,Paid,0.0,623a7d43-5a3b-49f8-9f5f-0f9f74960c62
PAY003870,BOOK003870,2025-07-08,Credit Card,Cash,SGD,18585.0,Paid,0.0,ad7556a1-8243-4e51-99d3-dc387eef648b
PAY003871,BOOK003871,2025-12-31,Credit Card,Razorpay,AED,16520.0,Paid,0.0,00b0e8fc-8d17-4dfd-8b14-2b1a4f6d351b
PAY003872,BOOK003872,2025-10-26,Net Banking,Cash,EUR,26550.0,Paid,0.0,3ce5ef0c-790d-4a60-96bf-d5a23eb71152
PAY003873,BOOK003873,2025-05-19,Debit Card,Stripe,INR,20060.0,Paid,0.0,7369020a-685a-4165-8483-680cd5f2dfc5
PAY003874,BOOK003874,2024-10-14,Debit Card,Stripe,GBP,35105.0,Refunded,10302.39,52e33dfa-b775-4dba-8822-8a09e0432d22
PAY003875,BOOK003875,2025-11-02,Credit Card,Cash,INR,19824.0,Paid,0.0,ff239ee7-9612-4c54-80b0-1828c99e6ab4
PAY003876,BOOK003876,2026-01-01,Net Banking,Cash,AED,22420.0,Paid,0.0,5590f6e0-59dc-4feb-ad04-ab43ac45f040
PAY003877,BOOK003877,2025-06-30,UPI,Cash,EUR,16520.0,Paid,0.0,cc8b78af-7459-4dca-aac1-cada5234c609
PAY003878,BOOK003878,2025-05-19,UPI,Razorpay,SGD,11800.0,Paid,0.0,d0bfbce7-bc00-4cb6-8fc4-09eeca6617d8
PAY003879,BOOK003879,2025-09-11,Credit Card,PhonePe,SGD,13216.0,Paid,0.0,e913b21f-c3d1-4f8b-9a16-00ede1629175
PAY003880,BOOK003880,2026-01-18,Net Banking,Stripe,USD,2360.0,Paid,0.0,668c3051-cfe6-4316-81b7-25aae3423a2f
PAY003881,BOOK003881,2025-09-13,Debit Card,Razorpay,USD,37760.0,Paid,0.0,1770c1cc-99fa-467b-9564-feb35e07802a
PAY003882,BOOK003882,2025-09-27,Debit Card,Razorpay,,117705.0,Paid,0.0,87d77151-53af-4dc1-9816-77e9df276cfa
PAY003883,BOOK003883,2025-06-18,UPI,Razorpay,EUR,5015.0,Paid,0.0,cb17f2f4-fb5e-4a31-b819-973fd06bcc8e
PAY003884,BOOK003884,2025-04-04,Wallet,PhonePe,EUR,8260.0,Paid,0.0,af66463e-d06d-4cf5-aaa1-f311f347fc28
PAY003885,BOOK003885,2025-11-02,Debit Card,PayPal,GBP,15694.0,Paid,0.0,d81642a4-6cf2-43b9-824a-b389da2f586c
PAY003886,BOOK003886,2024-10-09,Cash,Stripe,EUR,45135.0,Refunded,38837.53,01341958-c583-47a3-935b-8da9c4290579
PAY003887,BOOK003887,2024-10-02,Credit Card,Stripe,EUR,53100.0,Paid,0.0,eb50af95-58e6-47f7-807b-3c020be895d8
PAY003888,BOOK003888,2026-05-04,Credit Card,PayPal,AED,37760.0,Paid,0.0,7124834e-a788-428b-a4c1-cf667edc587e
PAY003889,BOOK003889,2025-03-27,Credit Card,Stripe,SGD,37170.0,Paid,0.0,149eb0b6-7224-43be-9d86-646a68e9b490
PAY003890,BOOK003890,2025-12-20,Wallet,Cash,SGD,7021.0,Refunded,6466.35,33d4da7e-e5b0-44f7-8ad5-b1e4633bd3dc
PAY003891,BOOK003891,2025-10-24,Debit Card,Cash,EUR,14160.0,Paid,0.0,fec774bd-bc9b-4e44-adf6-bf64a2f6d2c0
PAY003892,BOOK003892,2025-02-11,Credit Card,Cash,USD,17700.0,Refunded,17001.91,96fcd12d-b522-4de6-97ad-3a2419ad8551
PAY003893,BOOK003893,2025-08-17,Credit Card,Cash,GBP,16520.0,Paid,0.0,81d4c7a3-2d09-4f56-b183-b73de5add7a2
PAY003894,BOOK003894,2024-09-04,Net Banking,PhonePe,EUR,19617.5,Paid,0.0,d1d99ea0-e25d-4ad7-82c3-abc844056300
PAY003895,BOOK003895,2024-09-07,Cash,PhonePe,EUR,42480.0,Paid,0.0,ba0fac9c-756c-468b-88a2-c95e4d235b17
PAY003896,BOOK003896,2024-09-25,Net Banking,Stripe,GBP,33630.0,Paid,0.0,2b586563-1072-46dc-9b28-1ee4ff2cfb76
PAY003897,BOOK003897,2024-12-09,Net Banking,PhonePe,GBP,84075.0,Paid,0.0,df7138a2-b9a5-43d8-81de-5767793c3419
PAY003898,BOOK003898,2025-01-03,Debit Card,Cash,EUR,50150.0,Paid,0.0,d89d671f-f116-484b-bce7-b7af44c6e2ca
PAY003899,BOOK003899,2025-03-24,Wallet,Stripe,INR,7021.0,Paid,0.0,42f1dcd3-0a86-4538-979f-61e3e7a52770
PAY003900,BOOK003900,2026-01-29,Wallet,PhonePe,SGD,30090.0,Paid,0.0,f19eee33-5ced-4aba-bc42-98478cd3f020
PAY003901,BOOK003901,2026-02-01,Net Banking,Cash,GBP,11210.0,Failed,0.0,73615783-d164-4def-930b-59e25f2d75e7
PAY003902,BOOK003902,2025-12-01,Debit Card,PhonePe,INR,56640.0,Paid,0.0,b7f74cc3-7f65-4f76-a4da-32739c9e9cc3
PAY003903,BOOK003903,2025-03-22,Credit Card,Cash,AED,16815.0,Paid,0.0,fa8e801d-f6f0-471e-9486-651e834a2a30
PAY003904,BOOK003904,2024-10-25,Cash,PayPal,AED,8260.0,Failed,0.0,ebf784de-216f-4f8d-8fe6-0cf9327d2e3e
PAY003905,BOOK003905,2024-11-25,Wallet,Cash,GBP,11210.0,Paid,0.0,58b6b7e7-3841-43a5-8023-0e6cb336aaea
PAY003906,BOOK003906,2025-09-04,Debit Card,PhonePe,INR,14160.0,Refunded,5612.5,6428c8ad-5036-44c8-a21b-d30393d5f57e
PAY003907,BOOK003907,2025-02-25,Cash,Cash,USD,11770.5,Paid,0.0,57865545-c09c-41a7-b474-687000a8d2a8
PAY003908,BOOK003908,2025-06-06,UPI,Cash,AED,95580.0,Paid,0.0,8ac81094-7d62-4f68-bfb3-4089cc85877d
PAY003909,BOOK003909,2025-01-28,Net Banking,Razorpay,USD,84075.0,Paid,0.0,f82f1a6a-848b-4e33-8bc4-9c2261cd1d5b
PAY003910,BOOK003910,2026-06-08,Credit Card,Cash,SGD,9440.0,Refunded,7962.54,9cf223c9-ef77-4609-b336-c6179c047ac9
PAY003911,BOOK003911,2025-06-05,UPI,Razorpay,USD,16815.0,Paid,0.0,e488e0ff-5a21-42b0-bd34-502474ec006d
PAY003912,BOOK003912,2025-01-20,Cash,PhonePe,INR,70210.0,Paid,0.0,0bcbaf8e-4009-452a-a984-f2245735bb39
PAY003913,BOOK003913,2025-11-08,Wallet,PayPal,USD,42480.0,Refunded,27491.32,313562a4-1a91-441b-b086-25b2e53046cf
PAY003914,BOOK003914,2025-04-23,Wallet,PhonePe,AED,50445.0,Paid,0.0,2eb7eb3a-498b-4780-940d-a1d2f9128552
PAY003915,BOOK003915,2024-12-22,Wallet,PayPal,SGD,49147.0,Paid,0.0,97f85ff6-5d32-4278-a569-a797ee7b4629
PAY003916,BOOK003916,2026-04-16,Net Banking,Cash,AED,10620.0,Paid,0.0,a61f86bd-49a4-43f5-ac44-37b093cb1650
PAY003917,BOOK003917,2026-01-13,Credit Card,Razorpay,SGD,9440.0,Paid,0.0,4ccfd4b8-9359-466e-b88c-16417e4362b4
PAY003918,BOOK003918,2024-08-09,Net Banking,PhonePe,AED,7847.0,Paid,0.0,b03879a6-f9ad-4f07-8469-b4f80dd8ad16
PAY003919,BOOK003919,2026-01-23,Credit Card,PhonePe,GBP,18585.0,Refunded,13282.73,357f8ff6-83e6-482b-8bb5-7ae5af4c48c7
PAY003920,BOOK003920,2025-03-16,Wallet,Razorpay,SGD,5605.0,Paid,0.0,58e4a1bb-0f9c-4017-9842-09b4a41d0495
PAY003921,BOOK003921,2025-05-27,Cash,PhonePe,EUR,13216.0,Paid,0.0,1e5811b9-f866-43f7-88a6-af79d2e467f9
PAY003922,BOOK003922,2025-10-28,Net Banking,Stripe,USD,11800.0,Paid,0.0,604ea42d-cee0-49ee-a67d-d762460efaf1
PAY003923,BOOK003923,2026-04-05,Debit Card,PhonePe,GBP,27464.5,Paid,0.0,121b4441-9d10-49ce-80ef-04b094fad21f
PAY003924,BOOK003924,2024-12-02,Debit Card,PayPal,AED,30090.0,Paid,0.0,beb98edb-f15e-4fd8-8442-dd212a620458
PAY003925,BOOK003925,2025-04-12,Cash,PayPal,GBP,33630.0,Paid,0.0,36a80d31-2646-4899-99a9-e37b63e05120
PAY003926,BOOK003926,2025-05-10,Wallet,Cash,GBP,75225.0,Paid,0.0,e38df2ed-7272-4123-b687-4056298161e2
PAY003927,BOOK003927,2025-03-21,Cash,Razorpay,EUR,105315.0,Paid,0.0,ca32ec36-111d-4038-ab9b-a9bcd45ce4fe
PAY003928,BOOK003928,2025-05-12,Net Banking,Cash,SGD,14160.0,Paid,0.0,593687d4-f479-4392-86dc-18ff5f30b877
PAY003929,BOOK003929,2025-08-18,Net Banking,PayPal,GBP,8260.0,Paid,0.0,e515af7e-639d-439c-9b30-578a6ec23350
PAY003930,BOOK003930,2024-08-24,Debit Card,PayPal,SGD,47200.0,Paid,0.0,29569211-9b88-44f6-863b-b2d3ece108c8
PAY003931,BOOK003931,2025-07-20,Credit Card,Stripe,GBP,21240.0,Paid,0.0,49a34254-6d26-4d0b-9e7a-7419d879e68f
PAY003932,BOOK003932,2025-09-05,Debit Card,Razorpay,SGD,2360.0,Paid,0.0,1295cee6-866d-47fa-bcb7-7fe6ed91d862
PAY003933,BOOK003933,2025-09-24,Debit Card,Razorpay,SGD,35105.0,Paid,0.0,077fb847-92e1-44c2-953b-e395033822f5
PAY003934,BOOK003934,2024-12-31,Cash,PayPal,EUR,22420.0,Paid,0.0,ea338d8f-c16b-4a6f-a5c1-3ce663179566
PAY003935,BOOK003935,2025-01-13,Debit Card,PhonePe,SGD,35105.0,Refunded,26402.57,bac3675d-da57-45c5-9412-e257e0687bb5
PAY003936,BOOK003936,2026-04-16,Credit Card,Razorpay,AED,10620.0,Paid,0.0,3c82f6c5-65ab-4a04-ace1-d44fd15f4bc2
PAY003937,BOOK003937,2026-04-17,Debit Card,PhonePe,AED,82600.0,Paid,0.0,99d68ca5-8a4a-4a05-b915-74c8377c1278
PAY003938,BOOK003938,2025-11-05,Cash,Razorpay,AED,5015.0,Paid,0.0,c053154f-bf08-4bfa-82bb-11e94e753714
PAY003939,BOOK003939,2025-05-13,Wallet,Stripe,GBP,11210.0,Paid,0.0,a078472e-7ff1-449b-96ba-10a6144cd9cf
PAY003940,BOOK003940,2025-11-04,Credit Card,Cash,GBP,10531.5,Paid,0.0,79d91291-df1e-4025-937d-c016daa7960d
PAY003941,BOOK003941,2026-01-06,Wallet,PhonePe,USD,74340.0,Paid,0.0,498d44c2-adcc-4d9f-80ae-2971d3c67a14
PAY003942,BOOK003942,2025-02-28,Net Banking,Razorpay,AED,15930.0,Paid,0.0,149920d2-61ae-48d0-9fd7-dadbf7a94cee
PAY003943,BOOK003943,2026-06-27,Credit Card,Razorpay,GBP,35105.0,Paid,0.0,8a826912-dbe6-48d8-98e8-5bf543e58965
PAY003944,BOOK003944,2024-12-02,UPI,Razorpay,USD,2360.0,Paid,0.0,279dde95-072c-411d-a315-c88f16b4e68e
PAY003945,BOOK003945,2025-01-06,Debit Card,PhonePe,SGD,39648.0,Paid,0.0,4ed40a10-6b94-4946-9eb6-05589121e86c
PAY003946,BOOK003946,2025-12-29,Net Banking,Razorpay,SGD,20060.0,Refunded,17812.22,a7ad9b3a-b372-49a2-b69f-93f9b151a239
PAY003947,BOOK003947,2025-11-13,Credit Card,PhonePe,USD,16815.0,Paid,0.0,4af674b4-10b8-4bab-bea1-46c8a51ed0a4
PAY003948,BOOK003948,2025-07-20,Cash,Stripe,SGD,7847.0,Paid,0.0,98fc9eac-4dd6-406c-b5a0-818a5ccd9c65
PAY003949,BOOK003949,2026-04-27,UPI,PhonePe,AED,44604.0,Paid,0.0,6ffd14cd-5146-4836-988d-40e0173436c1
PAY003950,BOOK003950,2025-08-27,Net Banking,Razorpay,GBP,21063.0,Paid,0.0,ad34ef6f-adaf-4d1b-898f-a97ab61ce067
PAY003951,BOOK003951,2025-11-23,UPI,PayPal,AED,30090.0,Paid,0.0,75130fdc-d839-4fbb-ba8d-0dd31115bfe7
PAY003952,BOOK003952,2026-04-29,Credit Card,Cash,AED,35400.0,Paid,0.0,989bb3c0-84e6-4d47-b75b-f408cb09cef5
PAY003953,BOOK003953,2024-10-05,Credit Card,PayPal,USD,8850.0,Paid,0.0,50f3c936-b6b0-49fa-ad09-e7098c8489b7
PAY003954,BOOK003954,2026-03-07,Net Banking,Stripe,SGD,26550.0,Paid,0.0,e07cf2da-94f4-4754-a8fe-7bb6266decd0
PAY003955,BOOK003955,2026-07-22,Credit Card,PhonePe,INR,7021.0,Paid,0.0,b44b65a8-0cee-4bfc-9b59-1b8c7aa7be18
PAY003956,BOOK003956,2026-04-01,Net Banking,PhonePe,EUR,3304.0,Paid,0.0,38f2de56-c538-4de4-8594-2bf70a953d52
PAY003957,BOOK003957,2026-06-10,Credit Card,Razorpay,EUR,11800.0,Paid,0.0,1206342c-9322-4f50-8d28-52ad4148de91
PAY003958,BOOK003958,2026-06-16,Credit Card,PayPal,SGD,53100.0,Paid,0.0,ba7e7721-018f-47db-82b7-83520e5c05b4
PAY003959,BOOK003959,2025-05-21,Credit Card,Cash,SGD,5310.0,Refunded,1817.52,bac8fcbd-5ee0-4020-860e-8a1f10c895cc
PAY003960,BOOK003960,2024-09-18,Net Banking,Cash,USD,5310.0,Paid,0.0,29b2f937-a576-43e0-8680-a7447d271634
PAY003961,BOOK003961,2025-03-30,Cash,Stripe,EUR,21063.0,Paid,0.0,5be0eb83-5637-4dc3-a854-589d36e97a82
PAY003962,BOOK003962,2024-12-08,UPI,PhonePe,GBP,16520.0,Paid,0.0,03ca942b-1cdd-4713-ba39-02aa499a69d2
PAY003963,BOOK003963,2026-08-01,Credit Card,PayPal,SGD,39235.0,Paid,0.0,edaf5db9-cabd-43a7-b07f-fde4b92c094a
PAY003964,BOOK003964,2025-01-09,Cash,Razorpay,AED,39648.0,Paid,0.0,3f105a9a-c396-413e-9417-fc41c303bbf4
PAY003965,BOOK003965,2024-12-03,UPI,Cash,INR,37170.0,Paid,0.0,3d7c4f2c-d7a3-4fd8-babf-08dada7d3903
PAY003966,BOOK003966,2025-04-01,Cash,Razorpay,SGD,4720.0,Paid,0.0,2b5ca525-801e-452a-bf95-35df87c5d6b6
PAY003967,BOOK003967,2026-01-18,Cash,Razorpay,AED,11210.0,Paid,0.0,66c35e31-ce8c-425a-81b2-390e695e8995
PAY003968,BOOK003968,2026-06-17,Cash,PayPal,AED,105315.0,Paid,0.0,e078fcac-466e-4e4b-831d-ebf7bbe5ad58
PAY003969,BOOK003969,2025-10-15,UPI,Razorpay,GBP,21063.0,Paid,0.0,ab137597-8723-41b7-b5e2-cda6a4603439
PAY003970,BOOK003970,2025-12-16,Wallet,Cash,INR,7847.0,Failed,0.0,a1595317-da2d-4664-b974-b2f6ace68686
PAY003971,BOOK003971,2026-03-16,Credit Card,PayPal,GBP,11800.0,Paid,0.0,e37636f8-9c86-4d72-add7-ecf118184f0c
PAY003972,BOOK003972,2026-01-30,Wallet,Cash,INR,23541.0,Paid,0.0,4cca8cd5-73f2-443e-ad3e-925f9d47900f
PAY003973,BOOK003973,2024-10-12,Net Banking,Cash,AED,42126.0,Paid,0.0,b30884b5-d958-46f7-95d9-1ea1b94832d7
PAY003974,BOOK003974,2025-03-14,Cash,Stripe,INR,4720.0,Paid,0.0,859bceca-57db-4afb-9794-dd73c0b71243
PAY003975,BOOK003975,2025-07-07,UPI,Cash,SGD,25075.0,Paid,0.0,d9439a67-741d-4a8e-ae34-6f37244de93d
PAY003976,BOOK003976,2025-06-15,UPI,PayPal,GBP,74340.0,Paid,0.0,081e8db6-d72e-4b1f-a14a-1c408eb4a715
PAY003977,BOOK003977,2025-11-24,Net Banking,Razorpay,AED,41300.0,Paid,0.0,05a1de39-409c-4f6a-b3f2-438edb3530f5
PAY003978,BOOK003978,2025-02-03,Net Banking,Cash,AED,26019.0,Paid,0.0,597c3a7c-e99a-4aea-ab51-94dee747aa5d
PAY003979,BOOK003979,2025-12-21,Debit Card,PayPal,EUR,47200.0,Failed,0.0,a8c2c4c8-e39d-41c3-8f8a-248e00989636
PAY003980,BOOK003980,2026-05-10,Credit Card,PayPal,INR,50445.0,Paid,0.0,a694553e-431b-47db-81d8-6200ad99f885
PAY003981,BOOK003981,2024-09-02,Net Banking,Cash,INR,13275.0,Paid,0.0,75552c08-2186-446a-bff4-782963314a8d
PAY003982,BOOK003982,2025-11-27,Debit Card,Stripe,SGD,95580.0,Refunded,28680.27,65ffb25f-f9d2-4885-9923-1b45f45ba2d7
PAY003983,BOOK003983,2025-10-04,Debit Card,Cash,USD,18585.0,Paid,0.0,070d1380-ebae-4234-a557-c6d16d9d8f28
PAY003984,BOOK003984,2025-05-11,Credit Card,Cash,USD,70210.0,Paid,0.0,477f1572-937a-4a44-825f-75efef95f999
PAY003985,BOOK003985,2026-07-17,Credit Card,PayPal,AED,40120.0,Paid,0.0,fe52d9c3-0872-4593-8ed0-f7273542ac5d
PAY003986,BOOK003986,2025-06-29,UPI,Razorpay,USD,12390.0,Paid,0.0,41a9ed92-d349-4e64-b036-c6cb72d42e89
PAY003987,BOOK003987,2025-09-06,Net Banking,Stripe,INR,14868.0,Paid,0.0,dc5335b7-44e2-4365-93ef-8496bf50eb54
PAY003988,BOOK003988,2025-09-22,Cash,Cash,AED,15045.0,Paid,0.0,c821f1d1-f6af-47a3-b039-2a75bb083565
PAY003989,BOOK003989,2024-08-09,Cash,Razorpay,USD,70800.0,Paid,0.0,c793f120-a751-40b8-b915-de66841a955e
PAY003990,BOOK003990,2025-10-06,Cash,Cash,INR,123900.0,Paid,0.0,ec3711a6-dbe2-4672-a513-a3cb78b8af7a
PAY003991,BOOK003991,2026-03-06,UPI,PayPal,GBP,25075.0,Paid,0.0,27d7f930-4113-4cbb-9f99-729a887619fe
PAY003992,BOOK003992,2025-09-23,Wallet,PhonePe,AED,53100.0,Paid,0.0,453ec6d8-7890-457c-9cb7-53049e6dd9b5
PAY003993,BOOK003993,2024-11-08,UPI,Cash,AED,37170.0,Paid,0.0,163ad288-d8cb-4377-88d2-884bca8996cc
PAY003994,BOOK003994,2024-11-26,Wallet,Cash,INR,17700.0,Paid,0.0,dfb09179-a63a-4b19-bcca-d99241077403
PAY003995,BOOK003995,2026-03-06,Wallet,Stripe,INR,9912.0,Paid,0.0,a0c510a3-5846-461d-a194-9d95a9d12e42
PAY003996,BOOK003996,2024-12-01,Net Banking,PhonePe,AED,28320.0,Paid,0.0,50f5631b-2520-49ca-871f-6153d9ef43ed
PAY003997,BOOK003997,2024-11-19,Wallet,Cash,SGD,111510.0,Paid,0.0,59c94ae4-0717-47a2-b127-4dcbdacec64a
PAY003998,BOOK003998,2025-12-20,Debit Card,Cash,SGD,35400.0,Paid,0.0,66d29068-22bd-4c39-b68b-382da479b384
PAY003999,BOOK003999,2026-04-07,Cash,PhonePe,INR,21240.0,Paid,0.0,be02aaa6-5e81-431b-ae2c-c3c04c889f29
PAY004000,BOOK004000,2026-03-28,Net Banking,Razorpay,USD,50150.0,Paid,0.0,e4e9ccbf-af55-4829-8b26-bacb4f1c2a73
PAY004001,BOOK004001,2024-10-17,Wallet,PayPal,SGD,74340.0,Paid,0.0,720d2cb6-3de3-4278-b5a4-466cf2e8a85e
PAY004002,BOOK004002,2024-12-19,UPI,Cash,SGD,13216.0,Refunded,5662.75,8b3c1eeb-ac80-4576-89ac-7e7d0bc321e2
PAY004003,BOOK004003,2025-02-28,Debit Card,Stripe,USD,44604.0,Paid,0.0,1ce9bbd0-daac-448c-b72f-ae04636f66e8
PAY004004,BOOK004004,2026-07-05,Wallet,PhonePe,INR,15694.0,Paid,0.0,3a776502-3ade-4001-9521-f6c1bcfaa906
PAY004005,BOOK004005,2025-11-12,Net Banking,Stripe,USD,14750.0,Paid,0.0,c5cc4cd9-9778-4685-a400-18eeb36f4e29
PAY004006,BOOK004006,2024-08-02,Credit Card,Stripe,INR,14160.0,Paid,0.0,19d1f8e6-b159-481d-8101-818ba227c3cb
PAY004007,BOOK004007,2024-10-25,Net Banking,Cash,AED,90270.0,Paid,0.0,b7b1b839-8ee0-4499-bc14-56445df15aa6
PAY004008,BOOK004008,2026-01-14,Cash,Stripe,SGD,30090.0,Paid,0.0,3a1f9d35-d13b-45eb-89c7-9a7c323c7dee
PAY004009,BOOK004009,2025-03-11,UPI,Cash,INR,11770.5,Refunded,11312.92,9a828e0a-6c2b-4380-b601-18b1e78b7dd1
PAY004010,BOOK004010,2026-06-03,Cash,Stripe,SGD,9912.0,Paid,0.0,cc3a8736-abdc-4fcb-a959-9ea3cca7ea96
PAY004011,BOOK004011,2025-03-20,UPI,Razorpay,AED,11800.0,Paid,0.0,34dce4a0-bbfe-4a5e-b0fb-fe74770445d5
PAY004012,BOOK004012,2026-04-13,UPI,Cash,EUR,10620.0,Paid,0.0,9ed85bd0-28b0-46f9-b530-d8fede5d2de3
PAY004013,BOOK004013,2024-11-03,Credit Card,PayPal,USD,2655.0,Paid,0.0,0aac7499-b634-419e-a148-ff22274914a3
PAY004014,BOOK004014,2025-03-07,UPI,Razorpay,SGD,28320.0,Refunded,22550.39,1aa9e9af-7fd1-4e7d-8850-7ebe41a86841
PAY004015,BOOK004015,2024-11-18,Net Banking,Stripe,GBP,3923.5,Paid,0.0,cc891c63-2aa4-416e-bb48-a601b07a0796
PAY004016,BOOK004016,2026-05-26,Credit Card,Razorpay,GBP,67260.0,Paid,0.0,c582adc9-6cf4-43e7-8cc1-dcc7054bc4fb
PAY004017,BOOK004017,2024-10-04,Wallet,Cash,AED,28320.0,Paid,0.0,abf163ef-a6b6-42d7-a6e1-3f8bf5f0495f
PAY004018,BOOK004018,2025-04-01,UPI,PhonePe,USD,13275.0,Paid,0.0,93179dd0-82f8-4082-a962-2870852b4ac9
PAY004019,BOOK004019,2025-04-29,UPI,Stripe,SGD,70800.0,Refunded,58589.53,c0dc69db-ea56-4809-9ee2-edfd87413191
PAY004020,BOOK004020,2025-05-26,Debit Card,PhonePe,GBP,100890.0,Paid,0.0,2c2a5b84-68fa-4ff7-8af2-bb913d8d488f
PAY004021,BOOK004021,2025-03-19,Net Banking,Cash,AED,47200.0,Paid,0.0,212543c6-6a7d-485f-8c3f-07a201bb53c7
PAY004022,BOOK004022,2025-06-02,Net Banking,PayPal,INR,47200.0,Paid,0.0,f5823454-7c58-4eae-9593-ad85c7f9f31d
PAY004023,BOOK004023,2024-10-28,Wallet,Stripe,GBP,67260.0,Paid,0.0,9ef66a43-c81e-4262-9821-84816d752ed8
PAY004024,BOOK004024,2026-02-13,Wallet,Cash,USD,12390.0,Paid,0.0,1c1d44d8-ddf6-4f35-925a-f719213cc92e
PAY004025,BOOK004025,2026-01-15,Credit Card,Stripe,USD,31860.0,Paid,0.0,50bac99a-5a13-4326-9300-a152d705c842
PAY004026,BOOK004026,2026-05-08,UPI,Razorpay,SGD,7847.0,Paid,0.0,c75a1d68-0112-467b-bc7d-4b976364619c
PAY004027,BOOK004027,2024-10-19,Debit Card,Stripe,INR,11210.0,Paid,0.0,7775a836-f590-4d39-b227-aa5eedaa6dd3
PAY004028,BOOK004028,2026-03-01,Credit Card,Razorpay,GBP,26019.0,Paid,0.0,053a9215-8010-4ccd-8efd-626930146448
PAY004029,BOOK004029,2025-12-12,Wallet,PayPal,EUR,14160.0,Paid,0.0,1723dd44-528d-4610-a8a3-f59c769c3c83
PAY004030,BOOK004030,2025-08-26,Wallet,PhonePe,GBP,5310.0,Paid,0.0,c1416f7a-d473-4e03-b9cd-8a27cadcf434
PAY004031,BOOK004031,2025-10-15,UPI,Stripe,USD,22420.0,Failed,0.0,79a00b28-ef6e-4d66-824b-6f50e3a0cb4f
PAY004032,BOOK004032,2024-08-30,Net Banking,Cash,EUR,5015.0,Refunded,3041.18,c692277a-b4a3-4674-a2c6-2346bdc88c1b
PAY004033,BOOK004033,2026-03-08,Cash,PhonePe,SGD,37170.0,Paid,0.0,b38c342e-c6ca-4d2d-bb92-8b1d2e967d6d
PAY004034,BOOK004034,2025-07-31,Credit Card,PhonePe,INR,20060.0,Paid,0.0,d10acf5c-fb71-4c4a-a48d-f9d33f49d226
PAY004035,BOOK004035,2025-11-15,Debit Card,Razorpay,EUR,21063.0,Paid,0.0,fcc0e9f5-a2aa-47ad-bfb4-efd0eed8cfa9
PAY004036,BOOK004036,2025-03-24,Net Banking,PayPal,EUR,2655.0,Paid,0.0,75b4accd-4e4c-4ea5-bc54-6478c7af6b23
PAY004037,BOOK004037,2024-08-29,Credit Card,Razorpay,INR,15045.0,Paid,0.0,d1ee7b32-b8e3-4738-9e00-6e120177ce48
PAY004038,BOOK004038,2025-09-04,UPI,Cash,INR,5900.0,Paid,0.0,ca82dd39-d117-4882-b09c-3b0ada46d4f6
PAY004039,BOOK004039,2024-11-30,Cash,Stripe,USD,4130.0,Paid,0.0,4b72632e-00fd-4c82-acef-00104c42bd24
PAY004040,BOOK004040,2025-09-23,Credit Card,PhonePe,EUR,17552.5,Paid,0.0,33b1b5b1-c8af-4c74-8cb7-6e19dd1e5c34
PAY004041,BOOK004041,2026-05-12,Net Banking,PhonePe,EUR,8850.0,Paid,0.0,633ddfd1-c14b-45c8-90b5-8837f0f2d4ad
PAY004042,BOOK004042,2024-12-20,Net Banking,Stripe,AED,23600.0,Paid,0.0,6a9fd939-57ca-4de6-a9fe-4f6bdb9cfa4c
PAY004043,BOOK004043,2024-12-02,UPI,Stripe,GBP,35400.0,Paid,0.0,c10f55b3-fcb4-459c-948c-4cdb240e8478
PAY004044,BOOK004044,2025-01-20,Cash,Stripe,SGD,20650.0,Paid,0.0,f3404f1d-d858-499a-a13a-d5d724c61b8b
PAY004045,BOOK004045,2025-02-22,Wallet,PhonePe,AED,29500.0,Paid,0.0,4abfeeaf-457a-498c-bac5-f08352fd2e1c
PAY004046,BOOK004046,2024-12-14,UPI,Cash,EUR,95580.0,Paid,0.0,ae1f1511-2aaf-412d-a27f-2e9d9e90288b
PAY004047,BOOK004047,2025-03-08,Wallet,Stripe,SGD,39235.0,Failed,0.0,89f9e40c-4bab-4b2a-a07c-2db778267b71
PAY004048,BOOK004048,2025-09-16,Debit Card,Razorpay,INR,7965.0,Paid,0.0,d6b853cb-47dc-4892-b4c5-4c4399e8261d
PAY004049,BOOK004049,2024-11-27,Credit Card,PhonePe,INR,7965.0,Paid,0.0,a4813c00-ca7c-4b16-a1e1-9429a7b6299f
PAY004050,BOOK004050,2026-05-23,Wallet,Stripe,SGD,18585.0,Paid,0.0,fbff27c1-f989-4f18-aa2c-0fc692428548
PAY004051,BOOK004051,2026-07-10,Net Banking,Stripe,USD,57820.0,Paid,0.0,748f49ac-312f-4ddf-abcc-4f674fdaed2c
PAY004052,BOOK004052,2025-01-24,Wallet,PayPal,GBP,13275.0,Refunded,12232.83,1e77e025-1fcc-4cd0-82c5-a572d79fc31e
PAY004053,BOOK004053,2025-01-01,Net Banking,Cash,EUR,2655.0,Paid,0.0,f1f734b5-fc2c-4a93-b1d3-8548296f40fe
PAY004054,BOOK004054,2025-08-22,Cash,Razorpay,EUR,78470.0,Paid,0.0,c47360c1-9a2f-4c04-bf2a-a0fc629129dd
PAY004055,BOOK004055,2025-12-20,Net Banking,Razorpay,INR,21240.0,Paid,0.0,54254194-72fe-4472-b516-64842a806506
PAY004056,BOOK004056,2024-08-28,Cash,Razorpay,GBP,13216.0,Paid,0.0,d1d0d83e-f306-4811-860d-d8045d2c3572
PAY004057,BOOK004057,2024-11-30,UPI,Stripe,USD,14868.0,Paid,0.0,437bde40-b46f-4443-9ed3-0d9c8f595068
PAY004058,BOOK004058,2025-01-12,Net Banking,PhonePe,EUR,31860.0,Paid,0.0,e63b4c0d-a4ba-4e73-b00a-bab202c4c2c8
PAY004059,BOOK004059,2025-03-16,Wallet,Cash,GBP,31860.0,Paid,0.0,321e1c39-d39b-4c2f-a361-87168ecf2edf
PAY004060,BOOK004060,2025-12-07,Debit Card,PayPal,AED,14160.0,Paid,0.0,b6316c30-950b-4aa0-8dce-7061ee893933
PAY004061,BOOK004061,2024-09-08,UPI,PhonePe,AED,7021.0,Paid,0.0,add69478-d93f-46ee-a779-5a7397b3ea48
PAY004062,BOOK004062,2024-11-04,Cash,PhonePe,USD,49147.0,Refunded,44031.97,cdc53432-c1d9-4689-9d16-06e2ac390f40
PAY004063,BOOK004063,2026-02-27,Net Banking,PayPal,SGD,75225.0,Paid,0.0,69868956-aa13-47a6-a3ba-a0351d8ced1f
PAY004064,BOOK004064,2025-12-20,Net Banking,PayPal,AED,23600.0,Failed,0.0,504f1a4f-1cd4-4ac9-add1-6defa9ec2404
PAY004065,BOOK004065,2026-07-05,Credit Card,Razorpay,EUR,39648.0,Refunded,24538.75,b6d4b936-2028-4bdf-b987-e3ac4089a731
PAY004066,BOOK004066,2025-11-26,Cash,Stripe,USD,42480.0,Paid,0.0,ac6b1671-211e-4e01-a178-469d67b967c7
PAY004067,BOOK004067,2026-04-16,Credit Card,Razorpay,GBP,54929.0,Refunded,15718.49,8552e932-a293-4205-84c4-828ebd7ab4e2
PAY004068,BOOK004068,2025-12-02,Debit Card,Cash,EUR,8407.5,Refunded,2229.46,a55ef010-bca6-4b2d-9cac-2cd3325922b2
PAY004069,BOOK004069,2026-04-03,UPI,PayPal,AED,18585.0,Paid,0.0,048c1634-5565-493c-840f-c7b31ea10c99
PAY004070,BOOK004070,2025-12-17,Net Banking,PhonePe,INR,10030.0,Paid,0.0,ea538fd1-23cd-4b76-aaa7-936335ab4fd6
PAY004071,BOOK004071,2026-04-06,Debit Card,PayPal,AED,15930.0,Paid,0.0,a5ad0a66-67ec-4de3-a33b-053edab2b6d0
PAY004072,BOOK004072,2025-05-19,UPI,Stripe,INR,53100.0,Paid,0.0,c9a29e65-26cc-40ad-a92e-4fb9c617dc0a
PAY004073,BOOK004073,2026-01-23,UPI,Stripe,EUR,44840.0,Paid,0.0,aca4c99f-64d0-40a3-9697-9bcd7f7aa531
PAY004074,BOOK004074,2025-10-03,Debit Card,Razorpay,GBP,4720.0,Paid,0.0,6bc3b392-37dc-45f2-bf86-23fbb592e954
PAY004075,BOOK004075,2026-03-23,Net Banking,PayPal,AED,18880.0,Paid,0.0,8cf27953-5b78-4100-8453-42c311bf3f7a
PAY004076,BOOK004076,2025-12-07,Cash,PhonePe,AED,31860.0,Paid,0.0,27c1fa5f-475d-4445-a4d1-aacbe484af5d
PAY004077,BOOK004077,2026-07-06,Debit Card,PayPal,EUR,7847.0,Refunded,7641.02,031a845b-191c-4677-92fb-c500ab87cd22
PAY004078,BOOK004078,2026-05-17,Net Banking,PayPal,SGD,9440.0,Paid,0.0,3d46f2c8-6225-4773-bf9f-aca7b88a4730
PAY004079,BOOK004079,2025-10-19,Net Banking,Cash,SGD,20060.0,Paid,0.0,84bf9549-a9c6-4d43-96ee-e56422f95228
PAY004080,BOOK004080,2025-05-29,UPI,PhonePe,EUR,9440.0,Paid,0.0,501bc0ae-26c9-4cd3-97d4-256f78ad6689
PAY004081,BOOK004081,2026-01-27,Wallet,PhonePe,INR,70800.0,Paid,0.0,17445bbd-5041-41ad-b65a-b27c46a57750
PAY004082,BOOK004082,2026-03-31,Wallet,Cash,AED,33630.0,Paid,0.0,3af50ab0-8dde-4689-a96f-bf4550d50224
PAY004083,BOOK004083,2025-03-13,Net Banking,PayPal,AED,28910.0,Paid,0.0,b8315f59-3c03-41d1-af01-fbbc61758528
PAY004084,BOOK004084,2025-04-19,Credit Card,PhonePe,SGD,35400.0,Paid,0.0,7d08ce95-a711-4c71-abb7-f297de2e8a9f
PAY004085,BOOK004085,2025-03-21,Debit Card,PhonePe,AED,18585.0,Paid,0.0,e2f1794a-7f5d-4124-a9f7-e13434b5d764
PAY004086,BOOK004086,2025-08-25,Debit Card,PhonePe,SGD,35105.0,Refunded,16352.93,19e4d666-460a-44f9-95bb-67af72cd93f3
PAY004087,BOOK004087,2025-07-11,Wallet,Stripe,AED,42480.0,Paid,0.0,94553949-32c9-4282-a165-b56fb854607d
PAY004088,BOOK004088,2026-06-12,Debit Card,Razorpay,INR,37170.0,Paid,0.0,243a7aaf-ba60-4775-ad6d-f55ad24854ae
PAY004089,BOOK004089,2026-06-08,Cash,PayPal,AED,19617.5,Paid,0.0,9cd478ce-d19e-44ea-b57a-226b5ba944d1
PAY004090,BOOK004090,2025-01-14,Net Banking,PayPal,INR,13275.0,Paid,0.0,d8aa612b-4250-4a55-a093-cf639d6652bd
PAY004091,BOOK004091,2026-06-03,Debit Card,Razorpay,USD,10030.0,Paid,0.0,59ce970f-3af9-436b-adb0-587b6c16f505
PAY004092,BOOK004092,2025-02-05,Debit Card,Razorpay,USD,21240.0,Paid,0.0,9a664c41-bd67-4510-8e0a-2ef84c0b918e
PAY004093,BOOK004093,2025-01-10,Wallet,PhonePe,AED,111510.0,Paid,0.0,deb815ab-1270-4a32-8523-9b148c2a3221
PAY004094,BOOK004094,2024-11-24,Wallet,PhonePe,INR,15930.0,Paid,0.0,f7f8d2ff-6354-40a6-a514-55481a224daa
PAY004095,BOOK004095,2025-05-14,UPI,PhonePe,SGD,15930.0,Paid,0.0,aef01356-f7a6-4a20-9db2-c9a2a396f26d
PAY004096,BOOK004096,2026-07-13,UPI,Razorpay,AED,12390.0,Paid,0.0,6e9ea8d9-51ec-41c5-a49e-02fe5cd76ed2
PAY004097,BOOK004097,2025-08-18,Debit Card,PayPal,EUR,14042.0,Paid,0.0,a1d91af4-1740-41a9-b757-de06e6217151
PAY004098,BOOK004098,2026-06-25,Net Banking,Cash,AED,54929.0,Paid,0.0,ca15dba4-f6f1-4c06-8012-7c42fc5df4e1
PAY004099,BOOK004099,2025-08-17,UPI,Razorpay,GBP,19824.0,Paid,0.0,52b0d670-8d00-4ee3-a483-74e3b03f3c43
PAY004100,BOOK004100,2026-05-30,Credit Card,Stripe,USD,16520.0,Paid,0.0,57236e6d-43e6-4e59-bed7-c6681d391be3
PAY004101,BOOK004101,2026-06-13,Debit Card,Stripe,AED,8260.0,Paid,0.0,34efb701-c9b1-433c-b4ab-a9d85c2b5701
PAY004102,BOOK004102,2026-01-11,Debit Card,Razorpay,SGD,5900.0,Paid,0.0,7942553f-b77b-414d-892e-749c0b32d8d9
PAY004103,BOOK004103,2025-05-26,Debit Card,Stripe,AED,35400.0,Paid,0.0,358a94ca-9727-45a3-9599-9c1e7b944c1e
PAY004104,BOOK004104,2026-07-23,UPI,PayPal,GBP,75225.0,Paid,0.0,1a858585-1406-419e-bea3-3d7501fb9151
PAY004105,BOOK004105,2025-03-07,Net Banking,Cash,INR,5605.0,Refunded,3472.14,3a2f6ac9-bcc4-4c9d-aa44-c0987d5fe5c5
PAY004106,BOOK004106,2025-12-27,Net Banking,PayPal,INR,17700.0,Paid,0.0,76fdc691-a4f0-4bcb-aa0e-d6f23d102421
PAY004107,BOOK004107,2024-09-18,Credit Card,PhonePe,AED,78470.0,Paid,0.0,f4f80f36-1741-4882-bacd-33f3700fa857
PAY004108,BOOK004108,2025-04-07,UPI,PhonePe,GBP,7434.0,Paid,0.0,c57173bc-997a-4190-a10c-1232350f8496
PAY004109,BOOK004109,2024-12-08,Wallet,PayPal,,11800.0,Paid,0.0,c12bcd89-b036-44aa-9b6b-6b13e1171aba
PAY004110,BOOK004110,2026-02-11,Net Banking,Cash,INR,7522.5,Paid,0.0,94b061c3-9ed0-4adc-aaaa-ac999a1fd312
PAY004111,BOOK004111,2025-01-23,Credit Card,Cash,INR,23600.0,Paid,0.0,f7505e3d-dd9b-44bf-bbb8-286de2a5a3c6
PAY004112,BOOK004112,2025-10-13,UPI,PhonePe,AED,50150.0,Paid,0.0,9a3c4fce-cfa2-4ea6-9387-fba1dd08b66b
PAY004113,BOOK004113,2025-03-26,Debit Card,PayPal,SGD,6608.0,Paid,0.0,b5178285-f195-4727-baf1-cc9f21d50fbc
PAY004114,BOOK004114,2026-02-05,Cash,Stripe,GBP,22302.0,Paid,0.0,0f410b31-9ced-49f9-9e41-fed046c18eeb
PAY004115,BOOK004115,2026-07-11,Net Banking,Stripe,SGD,14042.0,Paid,0.0,f3c110f6-6c11-4177-b8cc-5780203333f2
PAY004116,BOOK004116,2024-12-10,Debit Card,PhonePe,GBP,7847.0,Refunded,7147.83,e2b07b1b-5ef9-4f99-a9c5-a5c7f5ef36c3
PAY004117,BOOK004117,2025-09-06,Wallet,Stripe,EUR,16520.0,Paid,0.0,b476fa72-d51d-4b5a-af9a-c5d90938f25e
PAY004118,BOOK004118,2024-12-05,Credit Card,PayPal,AED,16520.0,Paid,0.0,ae06873c-8fbf-4312-9f90-0b520a4b8b0e
PAY004119,BOOK004119,2025-01-31,UPI,PhonePe,GBP,31860.0,Paid,0.0,77252578-a761-48a8-893a-8d6561fc827f
PAY004120,BOOK004120,2024-09-12,Net Banking,PhonePe,USD,10030.0,Paid,0.0,4425bb69-f3a5-457a-a2f7-8bf137eec398
PAY004121,BOOK004121,2026-05-11,Credit Card,Razorpay,SGD,17552.5,Paid,0.0,335267fe-bc61-4137-8c2b-8687967dca89
PAY004122,BOOK004122,2026-03-13,Wallet,Cash,GBP,4720.0,Paid,0.0,a79fa750-1ed1-4a5b-9cb5-55bf398357d2
PAY004123,BOOK004123,2026-05-23,Credit Card,Cash,USD,20060.0,Paid,0.0,e105df7e-ba96-4df7-8028-302aae33d8d5
PAY004124,BOOK004124,2024-11-04,Credit Card,Razorpay,GBP,27464.5,Paid,0.0,580e5f11-dcb5-497a-b0dc-323d78f93f9e
PAY004125,BOOK004125,2024-09-26,Cash,PhonePe,AED,2802.5,Paid,0.0,083473bb-ea91-4f26-8bf2-7a0fe5a073af
PAY004126,BOOK004126,2025-03-15,Wallet,Cash,SGD,11210.0,Paid,0.0,e5edc10f-3193-4916-bdfa-01e8f607933b
PAY004127,BOOK004127,2024-10-09,Wallet,Cash,INR,47200.0,Paid,0.0,2717ad39-843f-44af-825b-ba5bbdebb418
PAY004128,BOOK004128,2026-05-23,Cash,Cash,EUR,22420.0,Paid,0.0,2ac82cb1-56fb-4367-a714-c2a52d695c02
PAY004129,BOOK004129,2025-10-08,Debit Card,Cash,GBP,13275.0,Paid,0.0,94d1a738-e556-44c6-a085-c2cbfa35af99
PAY004130,BOOK004130,2026-03-26,Net Banking,PayPal,SGD,33630.0,Failed,0.0,465545fe-cd58-4dd4-85cd-d74e6fbb0960
PAY004131,BOOK004131,2026-03-05,Debit Card,PhonePe,SGD,15045.0,Paid,0.0,efcd2a52-426d-4ec4-bd86-b53bbad3ce24
PAY004132,BOOK004132,2026-03-27,Credit Card,Cash,GBP,21063.0,Refunded,13029.57,082205d8-ca13-45e1-972a-f7dff7130925
PAY004133,BOOK004133,2026-07-30,Credit Card,Stripe,USD,10030.0,Paid,0.0,a3a3fb62-71a5-438e-8814-c6dbd5e6609f
PAY004134,BOOK004134,2025-09-02,UPI,PayPal,EUR,7434.0,Paid,0.0,51915b43-7011-43aa-9ad0-05f3e0799b08
PAY004135,BOOK004135,2024-11-11,Net Banking,Razorpay,AED,14750.0,Paid,0.0,5d7fdd72-b5c2-405d-b375-c0b45d0a9bc4
PAY004136,BOOK004136,2025-09-18,UPI,Razorpay,EUR,14160.0,Paid,0.0,3f7b950c-7240-4e55-99df-d563833b550f
PAY004137,BOOK004137,2025-03-11,UPI,Cash,AED,33040.0,Paid,0.0,4966a67e-1d2d-438a-9827-396712c66495
PAY004138,BOOK004138,2026-03-02,Net Banking,Cash,INR,54929.0,Failed,0.0,f9e4ccb8-5075-409f-99cd-7ec6b09d858c
PAY004139,BOOK004139,2024-12-30,Wallet,PayPal,INR,52038.0,Paid,0.0,048ef47d-7c8a-4f46-93c5-350630c0ea5d
PAY004140,BOOK004140,2025-08-20,Net Banking,Razorpay,EUR,18585.0,Paid,0.0,ca81ce62-e0eb-46e1-b3c2-28d682b3a659
PAY004141,BOOK004141,2025-04-21,Cash,PayPal,AED,20650.0,Refunded,8789.53,c719a628-155f-42b2-95a2-ac50743f23c7
PAY004142,BOOK004142,2026-07-25,Cash,Stripe,GBP,7522.5,Refunded,4535.18,c3977f92-113d-4085-9029-bf275b813d42
PAY004143,BOOK004143,2026-06-25,UPI,Razorpay,GBP,5310.0,Paid,0.0,68c61f3b-de78-4b20-a54b-9846835d56c9
PAY004144,BOOK004144,2026-01-06,Credit Card,Razorpay,EUR,9912.0,Paid,0.0,fcecccfe-6324-4ac8-b2d6-9365e0a1b626
PAY004145,BOOK004145,2025-05-06,Wallet,PhonePe,SGD,5605.0,Paid,0.0,f08b35c3-e768-4d58-8981-364edb278565
PAY004146,BOOK004146,2025-11-10,Debit Card,Cash,GBP,26550.0,Paid,0.0,bc451ea8-be1b-4509-8e00-3597e86d08f2
PAY004147,BOOK004147,2026-07-12,UPI,PayPal,SGD,26019.0,Paid,0.0,62cf01bb-1478-4e14-a5a6-2acfe405004c
PAY004148,BOOK004148,2024-11-26,Wallet,Cash,INR,63720.0,Paid,0.0,689c407e-2a6a-4d66-aa8f-26e7e8de1af3
PAY004149,BOOK004149,2025-09-06,Net Banking,PayPal,SGD,13275.0,Paid,0.0,a55cbc5d-dfec-4bd5-819a-5deae31911fe
PAY004150,BOOK004150,2025-09-20,Cash,Cash,EUR,70800.0,Paid,0.0,dff0c7bd-52be-499d-b5a6-4eeb065c5273
PAY004151,BOOK004151,2025-09-17,Cash,PhonePe,GBP,37170.0,Failed,0.0,7db89e81-6eb6-42b2-be50-4c035f92766f
PAY004152,BOOK004152,2025-09-11,Debit Card,PayPal,GBP,8850.0,Paid,0.0,6312633d-ce6e-436d-917a-333616f203a8
PAY004153,BOOK004153,2024-10-22,Net Banking,PayPal,GBP,7847.0,Paid,0.0,19166168-4a60-4b7e-8a8b-2e0106c3de78
PAY004154,BOOK004154,2024-08-17,Debit Card,PayPal,GBP,3717.0,Paid,0.0,6d0772cf-0325-44d1-82a6-8449d84c6d14
PAY004155,BOOK004155,2024-11-21,Cash,Razorpay,USD,35400.0,Paid,0.0,c1bc9e09-cf10-4a01-bb1b-1658c76d6644
PAY004156,BOOK004156,2025-04-25,Cash,Cash,INR,33040.0,Paid,0.0,f39d82b5-0457-46e3-99ca-9fd3c8d79627
PAY004157,BOOK004157,2024-08-05,Wallet,PhonePe,INR,15045.0,Failed,0.0,275cea82-927a-4383-b9fc-02b75b534c89
PAY004158,BOOK004158,2026-02-01,Cash,Cash,INR,4720.0,Paid,0.0,b7e5aa2d-dbee-44b3-8dc8-39712785fbdc
PAY004159,BOOK004159,2025-03-13,Debit Card,PayPal,INR,2507.5,Paid,0.0,dbf0baec-7459-4683-94d0-d86d0922326b
PAY004160,BOOK004160,2025-10-09,Wallet,PhonePe,AED,27464.5,Paid,0.0,645dd1f1-298b-4e53-9947-1345518dd1a6
PAY004161,BOOK004161,2024-11-03,UPI,Stripe,SGD,4720.0,Refunded,2172.13,462228d8-1cef-47ea-8da1-4bca36c222d4
PAY004162,BOOK004162,2025-11-09,Credit Card,Cash,INR,16815.0,Paid,0.0,a87c9991-25da-4462-b0f6-de98c998ff0e
PAY004163,BOOK004163,2024-11-25,Cash,Stripe,GBP,49560.0,Paid,0.0,d410fe7e-634d-476b-8e13-82ee955bd2e3
PAY004164,BOOK004164,2026-01-17,Wallet,Cash,SGD,18585.0,Paid,0.0,0c8d521b-ae8d-4ab8-bf99-b1c5288519da
PAY004165,BOOK004165,2024-08-26,Credit Card,Cash,SGD,49560.0,Paid,0.0,cf7075fa-12c1-4ea3-9fd7-2b1e8d475449
PAY004166,BOOK004166,2026-01-04,Credit Card,PhonePe,INR,46256.0,Paid,0.0,2d7a0bdb-b7a1-4fa8-822b-89c79556e55c
PAY004167,BOOK004167,2024-08-23,Credit Card,PhonePe,GBP,99120.0,Paid,0.0,41739732-e1f2-400d-a196-9211986e228a
PAY004168,BOOK004168,2025-12-08,Credit Card,Stripe,EUR,35400.0,Paid,0.0,f2f16914-086c-4f2b-9376-82e72140536d
PAY004169,BOOK004169,2025-07-02,Debit Card,Razorpay,USD,42126.0,Paid,0.0,84b52076-ca18-4186-b801-2732f8bbd7c5
PAY004170,BOOK004170,2024-12-07,Debit Card,Razorpay,USD,9440.0,Paid,0.0,dc2bee78-3b32-4187-99f6-35735911d261
PAY004171,BOOK004171,2024-12-25,Credit Card,Stripe,SGD,17700.0,Paid,0.0,6932bbae-2661-4f35-abef-9fbceefb65c0
PAY004172,BOOK004172,2026-03-12,Wallet,Razorpay,GBP,79650.0,Paid,0.0,5a4aef2a-bf74-4a11-8627-6cf1c91c5cb3
PAY004173,BOOK004173,2026-03-24,Cash,PhonePe,USD,23600.0,Paid,0.0,bfc2982b-9a09-46f6-b661-36fdec920347
PAY004174,BOOK004174,2025-06-10,Cash,Stripe,GBP,11800.0,Paid,0.0,2043511e-d5bd-49a7-a566-24c5a2f75c1e
PAY004175,BOOK004175,2024-12-18,Net Banking,Razorpay,INR,23600.0,Paid,0.0,afe4c930-7b04-4e3c-92de-5920c8ce2e1d
PAY004176,BOOK004176,2025-03-08,UPI,PhonePe,GBP,20060.0,Paid,0.0,db2f4790-6d4c-4f15-b8bb-1200e4598493
PAY004177,BOOK004177,2025-01-06,Cash,Cash,INR,46256.0,Paid,0.0,95054e5f-2b30-4521-9929-8f8fe77e8491
PAY004178,BOOK004178,2026-05-07,Wallet,PhonePe,AED,19617.5,Paid,0.0,d7c6f2b6-1484-423f-a765-a797de286e9a
PAY004179,BOOK004179,2026-06-23,Debit Card,Razorpay,AED,60180.0,Paid,0.0,fc809430-2010-4bc7-91f7-8bb2e84aadc2
PAY004180,BOOK004180,2025-08-28,Cash,PayPal,INR,30090.0,Refunded,19239.94,758d3eb9-3540-4b4d-84a6-6c6747df84a0
PAY004181,BOOK004181,2025-09-23,Debit Card,PayPal,USD,35105.0,Paid,0.0,ac9fc93e-373a-4972-98d8-db105b1043c2
PAY004182,BOOK004182,2025-10-27,Credit Card,Stripe,GBP,23128.0,Paid,0.0,3b6846fb-d9ca-481f-996c-db3dfe8c1206
PAY004183,BOOK004183,2024-11-05,Wallet,Stripe,GBP,20650.0,Paid,0.0,8c374e74-13b5-4956-998e-b516c4c1f401
PAY004184,BOOK004184,2025-12-01,Net Banking,Razorpay,INR,28025.0,Paid,0.0,c75dd03c-82f3-49ad-97b1-abc2b03aea8a
PAY004185,BOOK004185,2025-04-24,Wallet,PayPal,SGD,56640.0,Paid,0.0,c87f343b-b58d-4517-8c2d-09c1f73ec39e
PAY004186,BOOK004186,2024-11-10,Net Banking,PayPal,SGD,30090.0,Paid,0.0,32ea5e92-2cff-4109-b2ee-6f75d6640ba3
PAY004187,BOOK004187,2025-03-16,Wallet,Cash,AED,7434.0,Paid,0.0,033724d5-58e8-46d0-a990-315fd35b5673
PAY004188,BOOK004188,2026-06-06,Credit Card,PayPal,SGD,7847.0,Paid,0.0,3ba0ae5d-876a-4bc4-b0ce-17d275b2c2ca
PAY004189,BOOK004189,2024-11-21,Wallet,Stripe,USD,14868.0,Refunded,7968.81,48c52b79-2b24-4031-849b-163c2acb384b
PAY004190,BOOK004190,2026-03-07,Cash,Razorpay,GBP,15694.0,Paid,0.0,4447a03a-ae54-4eda-b5d2-0cb73979d8b6
PAY004191,BOOK004191,2025-06-11,Wallet,PhonePe,SGD,70210.0,Paid,0.0,f988582b-f4ec-4607-9402-8ffc614be908
PAY004192,BOOK004192,2025-05-02,Net Banking,Cash,INR,42480.0,Paid,0.0,6589e53f-28ba-4590-8add-c466c5d5cb29
PAY004193,BOOK004193,2025-01-08,Debit Card,Razorpay,SGD,99120.0,Failed,0.0,583c18c2-8453-4607-adf8-f333f69dcc66
PAY004194,BOOK004194,2025-07-31,UPI,Cash,GBP,25075.0,Refunded,8712.6,80ce8c1e-87ec-4bdc-b2dc-364034eeb7ac
PAY004195,BOOK004195,2026-03-23,Debit Card,Cash,INR,46256.0,Failed,0.0,6594f303-2bfb-4228-a4c9-ee8deabaeb66
PAY004196,BOOK004196,2025-07-23,Cash,Cash,SGD,2655.0,Paid,0.0,4e405873-48a9-440d-b3b0-f47022e21d8c
PAY004197,BOOK004197,2025-09-21,Credit Card,Razorpay,INR,11210.0,Paid,0.0,58e4aabc-7b0d-4b4c-b181-d5c0e37cf3df
PAY004198,BOOK004198,2024-09-09,Debit Card,Stripe,EUR,31860.0,Paid,0.0,b7bd697d-67f6-4a4d-8507-69724666da95
PAY004199,BOOK004199,2026-06-16,Wallet,Cash,EUR,4720.0,Paid,0.0,b0b2c942-c591-41af-92f0-e9e1d9fe0f5e
PAY004200,BOOK004200,2025-09-17,UPI,Cash,INR,33040.0,Paid,0.0,204f5f8e-85b1-4d1c-a362-0d77d74ee14a
PAY004201,BOOK004201,2025-09-05,Net Banking,Stripe,GBP,15045.0,Paid,0.0,c5f103e0-125f-4c9a-865a-e4cc671f25bb
PAY004202,BOOK004202,2025-02-04,UPI,Razorpay,EUR,29500.0,Paid,0.0,e585e394-38c5-4d04-9461-ba6b28ac2e6c
PAY004203,BOOK004203,2026-04-20,UPI,Cash,GBP,11800.0,Refunded,4554.93,2b87819e-bdd1-472f-a804-05e03759cf60
PAY004204,BOOK004204,2026-04-09,Cash,Cash,EUR,31860.0,Paid,0.0,df4396b5-332d-4e05-ab00-27b47c5144ad
PAY004205,BOOK004205,2025-03-08,Net Banking,PhonePe,EUR,14042.0,Paid,0.0,8c090255-e17a-4248-920b-71e7872dea97
PAY004206,BOOK004206,2025-03-16,Cash,Razorpay,USD,15045.0,Paid,0.0,4ea5c41d-2e39-4f45-b2ef-190d9a75b6ce
PAY004207,BOOK004207,2025-11-22,Wallet,Stripe,GBP,47790.0,Paid,0.0,925bbb1d-8a67-4284-a794-ee800a69ea75
PAY004208,BOOK004208,2026-01-30,Debit Card,Razorpay,AED,2950.0,Refunded,2604.66,c9e80712-9b6a-41ff-9a80-f3af875a8588
PAY004209,BOOK004209,2026-04-04,Credit Card,,SGD,42126.0,Paid,0.0,8a667b96-b692-4a91-84c1-fbd5718642c0
PAY004210,BOOK004210,2024-11-26,Net Banking,Cash,AED,7021.0,Paid,0.0,01937ea2-e1c7-4884-a529-b03d239acac4
PAY004211,BOOK004211,2026-01-20,Cash,Razorpay,EUR,28320.0,Paid,0.0,366a251e-7ec5-4023-9ca8-1ff3b9847e40
PAY004212,BOOK004212,2025-02-28,UPI,Cash,AED,21240.0,Refunded,9761.8,6849d57e-f737-4b9e-ac33-aaebf09c92f7
PAY004213,BOOK004213,2024-12-15,Cash,Razorpay,USD,7434.0,Paid,0.0,7ef0f928-0ec4-43c0-b44d-b384e37accd4
PAY004214,BOOK004214,2025-06-18,Wallet,Razorpay,INR,7847.0,Paid,0.0,1f18db8d-bc0a-45b2-9855-ab6eeb8337e3
PAY004215,BOOK004215,2024-12-09,Net Banking,Cash,INR,18585.0,Paid,0.0,c114c785-ecd3-4883-8b09-9c03767700cd
PAY004216,BOOK004216,2024-11-21,Net Banking,Cash,SGD,2655.0,Paid,0.0,3e4c658b-47c7-466b-91ac-6791042260f0
PAY004217,BOOK004217,2025-05-18,Wallet,PayPal,EUR,2802.5,Paid,0.0,c6ea6975-a455-4e8a-812d-ae0ac894dd1b
PAY004218,BOOK004218,2026-04-14,Debit Card,Razorpay,AED,19617.5,Paid,0.0,849e3b21-0dec-4b65-8786-92cf6a3f9570
PAY004219,BOOK004219,2026-07-25,Net Banking,Cash,SGD,26019.0,Paid,0.0,3902f11d-dd24-4e12-8b93-25720931e130
PAY004220,BOOK004220,2025-04-17,Debit Card,Razorpay,GBP,16520.0,Paid,0.0,d6b7ed86-2aec-4e9e-9dd7-644600f2d7cd
PAY004221,BOOK004221,2024-10-28,Cash,Stripe,USD,16520.0,Paid,0.0,2a006593-72d4-4c19-9cf3-b0dd1f2a8d1a
PAY004222,BOOK004222,2026-05-30,UPI,PayPal,AED,39648.0,Paid,0.0,6f6d846e-d080-46e6-8558-19d2042df1e8
PAY004223,BOOK004223,2024-11-07,Cash,Cash,EUR,14160.0,Paid,0.0,5efac487-ae5b-4a43-a46c-5022fb454472
PAY004224,BOOK004224,2024-08-14,Cash,Stripe,USD,3304.0,Refunded,3253.74,9b2ca619-3af0-4e73-a191-fb93c8eefb43
PAY004225,BOOK004225,2025-03-10,Cash,Stripe,AED,14750.0,Failed,0.0,72db807b-4d4b-48e8-8d93-efef78c24980
PAY004226,BOOK004226,2025-04-16,Cash,PayPal,GBP,70800.0,Paid,0.0,63ad7461-cf87-4b0f-8f96-cb954b4db7b9
PAY004227,BOOK004227,2024-08-12,UPI,PayPal,INR,21240.0,Paid,0.0,e0030ca2-0b1e-458e-9c0d-7064e203a659
PAY004228,BOOK004228,2026-05-11,UPI,Stripe,EUR,21240.0,Paid,0.0,5f41c093-3385-4014-bcad-2d23fb101c10
PAY004229,BOOK004229,2025-10-06,Debit Card,Cash,SGD,42126.0,Paid,0.0,4e14fb11-c062-4ca1-898a-53de23aea79f
PAY004230,BOOK004230,2025-06-14,Debit Card,Stripe,INR,111510.0,Refunded,61043.51,99fd298b-cbc9-428e-8e56-1e8afc38b599
PAY004231,BOOK004231,2026-04-30,UPI,PayPal,USD,13216.0,Failed,0.0,2bee455f-d8cc-4b62-bef7-73ca269b9227
PAY004232,BOOK004232,2026-04-24,Wallet,PhonePe,USD,105315.0,Paid,0.0,b2ed6b86-71c3-457b-bf94-e26477edd605
PAY004233,BOOK004233,2025-09-08,Debit Card,PayPal,AED,33040.0,Refunded,8814.37,5e8af531-a54c-470c-854e-f026b78baedc
PAY004234,BOOK004234,2024-12-02,UPI,Razorpay,SGD,49560.0,Paid,0.0,b7e882c9-d757-45db-bd6f-4a1f6f536bb8
PAY004235,BOOK004235,2026-05-21,Cash,PhonePe,USD,8407.5,Paid,0.0,2c1ac02d-9a2b-4cac-980a-c15b6094dd58
PAY004236,BOOK004236,2025-01-21,Debit Card,Razorpay,GBP,19824.0,Paid,0.0,6c9fcd13-263d-4749-bb3c-f0740a2cae67
PAY004237,BOOK004237,2026-05-25,Credit Card,PhonePe,GBP,20650.0,Paid,0.0,243d546a-61db-4ce1-b271-95c97c88b61e
PAY004238,BOOK004238,2026-06-19,Debit Card,Cash,EUR,84960.0,Paid,0.0,a838853b-6642-48bb-9762-12ad91388bae
PAY004239,BOOK004239,2025-06-09,Credit Card,PayPal,USD,19617.5,Paid,0.0,d90d5228-10f8-4109-89cf-722161ac9ddb
PAY004240,BOOK004240,2025-10-29,Debit Card,Razorpay,INR,63720.0,Paid,0.0,4bc190d8-4efc-41a2-b1d7-9aa4024cd7cd
PAY004241,BOOK004241,2026-03-04,Net Banking,PhonePe,AED,39235.0,Paid,0.0,0f2dfa8d-3aac-490a-96a0-9c57fc4a8c4b
PAY004242,BOOK004242,2025-11-22,UPI,Razorpay,GBP,82600.0,Paid,0.0,3a36a07e-48da-4e51-b0e2-9d41ee04b76a
PAY004243,BOOK004243,2026-05-23,Cash,Stripe,GBP,3510.5,Paid,0.0,cc5ecf0b-fcd9-41c0-9909-57d333ee7905
PAY004244,BOOK004244,2025-07-08,Cash,Cash,GBP,11800.0,Paid,0.0,d91c7719-fc46-4ff2-90fd-93e0f3ff9cc1
PAY004245,BOOK004245,2026-02-13,Debit Card,Cash,SGD,13216.0,Paid,0.0,c8c3f956-be5c-4fde-b71a-a73cfc84a398
PAY004246,BOOK004246,2025-04-12,Wallet,PayPal,INR,17552.5,Paid,0.0,20131ddf-4691-4154-8ac1-59b6f2dd4a6d
PAY004247,BOOK004247,2025-05-04,UPI,PayPal,USD,5015.0,Paid,0.0,8b577e47-46ea-49f8-a76a-2ca0fa63abd4
PAY004248,BOOK004248,2026-02-06,Net Banking,PayPal,AED,49147.0,Refunded,23118.09,2ef01b0e-051f-441d-aa0d-70a40f1e873e
PAY004249,BOOK004249,2025-10-12,Wallet,Cash,AED,53100.0,Paid,0.0,1ad43b5e-bd2e-4fd2-8fff-a21b53661264
PAY004250,BOOK004250,2025-12-28,Wallet,PhonePe,USD,11800.0,Paid,0.0,189f58f3-1ce9-4f5e-b0bc-a28746ffb10f
PAY004251,BOOK004251,2024-09-05,Debit Card,PayPal,GBP,35400.0,Paid,0.0,12190be3-c8b5-404d-88e1-e897ec4edddb
PAY004252,BOOK004252,2026-07-26,Net Banking,Razorpay,EUR,2360.0,Paid,0.0,06df6659-fb19-47ea-8e88-61bed4cd1831
PAY004253,BOOK004253,2025-08-29,Net Banking,Stripe,USD,31860.0,Paid,0.0,35b7f65d-0516-4cc9-9a98-5ab0ba6e5546
PAY004254,BOOK004254,2026-03-02,UPI,PhonePe,,5310.0,Paid,0.0,14301df2-91ca-4e43-b2ef-f44aad9ce774
PAY004255,BOOK004255,2025-03-28,UPI,Razorpay,AED,33040.0,Paid,0.0,1bee877a-c20e-4b12-8828-97bd1aab1432
PAY004256,BOOK004256,2024-12-02,Wallet,Stripe,GBP,17700.0,Paid,0.0,ddf3917f-288e-41b6-98cf-34178947fa0e
PAY004257,BOOK004257,2024-08-26,Debit Card,Stripe,EUR,31860.0,Paid,0.0,89f9fe84-51cc-404b-b657-8456151dc237
PAY004258,BOOK004258,2025-12-14,Credit Card,PayPal,AED,14160.0,Refunded,13139.21,da9cfe14-bd88-4bc0-a20a-cba4b58b4d68
PAY004259,BOOK004259,2026-03-17,Credit Card,PhonePe,INR,99120.0,Paid,0.0,3898871c-36c9-4538-9787-da1fea087475
PAY004260,BOOK004260,2026-05-12,Cash,Cash,SGD,100890.0,Paid,0.0,f32909d6-7611-420e-8dad-3edece5a146e
PAY004261,BOOK004261,2025-10-05,Debit Card,Cash,AED,8407.5,Paid,0.0,4f2f5329-f57a-4f79-9c52-74934fbc563c
PAY004262,BOOK004262,2025-10-09,Net Banking,Razorpay,SGD,16815.0,Failed,0.0,7fc8a3b4-5ef3-4f5f-a07b-8c52adf4c14e
PAY004263,BOOK004263,2025-04-18,Cash,Stripe,GBP,15694.0,Paid,0.0,d38f4310-eb7c-45bf-a5b5-6f0ee9c0fc8e
PAY004264,BOOK004264,2026-02-07,Net Banking,PhonePe,GBP,111510.0,Refunded,37994.98,07ee981f-a42d-4e2d-b006-051e78fdf119
PAY004265,BOOK004265,2026-02-08,Wallet,Stripe,AED,11800.0,Refunded,8199.58,3c08a0d6-f233-455f-9cc4-147ed029ae63
PAY004266,BOOK004266,2025-08-21,Cash,Stripe,EUR,14042.0,Paid,0.0,219444ab-2eaa-4985-9379-2629adaec9ed
PAY004267,BOOK004267,2025-05-20,Debit Card,PayPal,EUR,30090.0,Paid,0.0,0cdedc3c-6042-4bfa-a486-7c904ebf2392
PAY004268,BOOK004268,2025-03-11,Debit Card,Stripe,SGD,35400.0,Paid,0.0,690267f3-74c8-438f-a300-769aab1582d0
PAY004269,BOOK004269,2024-10-18,Wallet,Stripe,AED,41300.0,Paid,0.0,4d2a825c-dc53-481d-8e1d-6a1c66d1572d
PAY004270,BOOK004270,2024-10-04,Net Banking,Cash,INR,56640.0,Paid,0.0,e66d4572-6d3c-488c-a19f-10e13175d9c7
PAY004271,BOOK004271,2026-05-12,Cash,PhonePe,INR,7965.0,Paid,0.0,70afeebe-0c28-410c-9969-71ce6f73e574
PAY004272,BOOK004272,2025-04-11,Net Banking,PayPal,INR,6608.0,Paid,0.0,0dd7e887-93c0-4a17-90e1-169b1784836c
PAY004273,BOOK004273,2026-05-03,Debit Card,Stripe,SGD,14042.0,Paid,0.0,82bb6de8-e395-4858-b6cb-ce7a053c557f
PAY004274,BOOK004274,2024-08-03,Wallet,Cash,EUR,70210.0,Paid,0.0,b7da9a50-5898-4bcc-9a26-273fe383ba49
PAY004275,BOOK004275,2025-06-07,Debit Card,Razorpay,SGD,10030.0,Paid,0.0,2c8b56d1-6d5e-4a84-aca8-2bd36c90798d
PAY004276,BOOK004276,2025-08-27,Net Banking,Cash,USD,10030.0,Paid,0.0,614f49ff-128e-4f17-a1fe-3ac8fadf1ae3
PAY004277,BOOK004277,2026-07-22,Cash,PhonePe,INR,8850.0,Paid,0.0,07fd5947-8e30-4245-b7f2-8cba453a94b2
PAY004278,BOOK004278,2025-01-30,Debit Card,Cash,SGD,28320.0,Paid,0.0,76902a4c-ca57-41ce-b271-2187a45aa6b1
PAY004279,BOOK004279,2025-04-24,Net Banking,Cash,INR,14042.0,Paid,0.0,44c023c2-b9d3-4637-8796-4013afb85c8d
PAY004280,BOOK004280,2026-02-19,Debit Card,Cash,INR,9440.0,Paid,0.0,26c81c20-acad-4cfe-b063-1b07d8da99ea
PAY004281,BOOK004281,2026-05-10,Cash,Stripe,SGD,41300.0,Paid,0.0,7476c56c-3780-441b-b787-84ed0ec9b34b
PAY004282,BOOK004282,2024-08-01,Net Banking,Cash,USD,10030.0,Paid,0.0,faa02ad7-556c-488f-a9df-ad15600b7ddc
PAY004283,BOOK004283,2026-05-06,Wallet,Cash,EUR,7522.5,Paid,0.0,4b9e3b44-f2f9-4555-b838-fa87c3bfe8cb
PAY004284,BOOK004284,2025-06-08,Cash,Cash,SGD,11210.0,Paid,0.0,20b6dd6b-fe1d-4887-b09b-456fe8b47a5c
PAY004285,BOOK004285,2025-10-30,Cash,Stripe,USD,12537.5,Paid,0.0,9089d997-0f2e-4df4-bb1e-7b4688dc2e66
PAY004286,BOOK004286,2026-03-21,Cash,Cash,INR,49147.0,Paid,0.0,2de8a68b-775b-4139-9903-03e9f40d4c9d
PAY004287,BOOK004287,2025-10-14,Wallet,Cash,AED,19617.5,Paid,0.0,b4c056c0-e1a5-44fa-8ff5-7bee94ffcfa7
PAY004288,BOOK004288,2024-11-20,Debit Card,PhonePe,USD,100890.0,Paid,0.0,7febe510-3f64-4c4b-a6f3-514b9c2f81e9
PAY004289,BOOK004289,2026-07-15,UPI,Stripe,AED,47082.0,Paid,0.0,6465f594-1533-4644-a515-923ee038233d
PAY004290,BOOK004290,2025-05-20,Wallet,Stripe,EUR,37760.0,Failed,0.0,e27bd69f-9a1c-48ad-8800-0fc096224529
PAY004291,BOOK004291,2026-02-16,Cash,PayPal,SGD,22302.0,Paid,0.0,4a96cd31-176b-4b87-b29b-86b4bb8ee589
PAY004292,BOOK004292,2025-09-10,Wallet,Razorpay,INR,26019.0,Paid,0.0,64e47cbe-a543-471d-a5c8-12251d5ed6d3
PAY004293,BOOK004293,2025-11-16,Net Banking,PayPal,SGD,10620.0,Failed,0.0,2b43b476-f02b-49aa-9368-3d1f98cc342f
PAY004294,BOOK004294,2025-10-17,Cash,Cash,INR,11151.0,Paid,0.0,5a4842a1-63fc-427c-a8be-a2c77acc6daa
PAY004295,BOOK004295,2025-07-27,Cash,PhonePe,AED,49560.0,Paid,0.0,f27be043-6137-4aee-8815-54658d4ae79b
PAY004296,BOOK004296,2026-03-29,Wallet,Razorpay,SGD,35400.0,Paid,0.0,6b094539-e2e1-49e1-ab35-e89ce8761f2b
PAY004297,BOOK004297,2026-01-15,Credit Card,PayPal,INR,21063.0,Paid,0.0,996ba493-cb6e-4345-8891-59179dead7fb
PAY004298,BOOK004298,2025-04-21,Debit Card,Cash,INR,2360.0,Paid,0.0,9a81f9be-3bb2-474a-a29f-cafdc3dfbcaf
PAY004299,BOOK004299,2025-10-15,Credit Card,Cash,GBP,28320.0,Paid,0.0,59a15e5a-e6e5-4897-91a3-10c9f6649898
PAY004300,BOOK004300,2025-09-17,Net Banking,Razorpay,SGD,16815.0,Refunded,5405.81,ff87bfed-c082-4984-b697-a02030967669
PAY004301,BOOK004301,2026-04-27,Net Banking,Cash,USD,21240.0,Paid,0.0,656ec4d3-136b-4c92-8bb3-8c6ebcbffbbf
PAY004302,BOOK004302,2025-08-31,UPI,Cash,USD,2507.5,Paid,0.0,015169f6-d968-41cc-8a8f-8897f37cb2c3
PAY004303,BOOK004303,2025-06-10,Wallet,Stripe,SGD,28320.0,Paid,0.0,24885221-18c8-4b30-b5dd-4a47b6d9f91f
PAY004304,BOOK004304,2025-04-10,Net Banking,Razorpay,AED,117705.0,Paid,0.0,6aaefe40-b8cf-4b16-a9f7-ad40b710f480
PAY004305,BOOK004305,2025-04-17,Cash,PayPal,EUR,18880.0,Paid,0.0,5a231691-534e-4a00-bf64-23bb9e41b4ae
PAY004306,BOOK004306,2026-03-09,UPI,PhonePe,USD,11210.0,Paid,0.0,9c19cb4a-305f-48c9-bf70-3ac262312df4
PAY004307,BOOK004307,2025-12-26,Credit Card,PhonePe,,37760.0,Paid,0.0,124cc3d1-58ed-4a42-ac49-e3a66af19a55
PAY004308,BOOK004308,2025-11-22,Debit Card,Razorpay,SGD,29736.0,Failed,0.0,424b9dd7-391d-426d-ae89-b9289b7b3c29
PAY004309,BOOK004309,2025-09-18,Cash,Cash,INR,47082.0,Paid,0.0,91a7f351-2073-4b78-a3df-781fd4315af1
PAY004310,BOOK004310,2025-11-11,Net Banking,Stripe,AED,70800.0,Paid,0.0,a6906560-3816-424d-85dd-a16103fb9fef
PAY004311,BOOK004311,2025-01-28,Net Banking,PayPal,EUR,117705.0,Paid,0.0,c241d1f9-6c9a-4c05-9c87-73e958a014dd
PAY004312,BOOK004312,2025-01-12,Credit Card,Stripe,EUR,20060.0,Paid,0.0,6caab21c-fc70-4a35-9e4d-b2f54ce5a07a
PAY004313,BOOK004313,2025-08-12,Wallet,PhonePe,USD,37170.0,Refunded,36571.24,4888845e-d2d7-412b-a921-40e5d0a29f96
PAY004314,BOOK004314,2025-08-30,UPI,Stripe,SGD,20650.0,Paid,0.0,46e2cff9-f0ad-4601-889e-7b79fb8c8b87
PAY004315,BOOK004315,2025-06-22,Debit Card,Razorpay,SGD,14012.5,Paid,0.0,0bf4812e-44de-4bad-bb34-1f2a103b8080
PAY004316,BOOK004316,2025-12-27,Credit Card,Cash,GBP,14750.0,Paid,0.0,18a05316-6f4e-4f25-8f46-a7187d463206
PAY004317,BOOK004317,2025-02-14,UPI,PayPal,EUR,11800.0,Paid,0.0,0419f479-4215-4f27-a1aa-dbe994eae58b
PAY004318,BOOK004318,2026-04-10,Debit Card,PhonePe,SGD,52038.0,Paid,0.0,9d9396f9-93c5-447e-8b07-832c849fcd23
PAY004319,BOOK004319,2025-05-03,Credit Card,PhonePe,INR,35105.0,Refunded,20140.67,fb4474fd-0cb3-4f3a-9de0-ed55f417ac1f
PAY004320,BOOK004320,2025-12-23,UPI,Cash,SGD,13216.0,Paid,0.0,7d519627-c21f-4133-a58d-ce9ff888c77d
PAY004321,BOOK004321,2025-03-23,Credit Card,Razorpay,USD,49560.0,Paid,0.0,ea11014d-3cb0-4863-8127-d8398ccaedda
PAY004322,BOOK004322,2024-11-03,Debit Card,Cash,,2360.0,Paid,0.0,85957f08-3baf-444a-9906-66b9ae9b3fd5
PAY004323,BOOK004323,2024-11-25,UPI,Stripe,INR,22302.0,Failed,0.0,7d43e694-8aaf-4462-b038-fbccbbcfc8f6
PAY004324,BOOK004324,2026-03-03,Debit Card,Razorpay,EUR,123900.0,Paid,0.0,c94d4ba4-77c4-41c4-90ea-5279c1e3d410
PAY004325,BOOK004325,2025-06-01,Cash,PayPal,GBP,63720.0,Paid,0.0,9708971c-5a30-4d43-8a78-ed139caa0ca1
PAY004326,BOOK004326,2026-04-18,Cash,PhonePe,INR,15694.0,Paid,0.0,bd7f01fc-075d-4afa-a78a-d3a6eaf123c2
PAY004327,BOOK004327,2025-05-22,Wallet,PayPal,USD,33630.0,Paid,0.0,10be52c5-2beb-4d2d-9030-0f44c57e086a
PAY004328,BOOK004328,2024-11-16,Debit Card,Stripe,INR,31860.0,Paid,0.0,7c1d889a-90c4-4751-b1eb-d0e45f89f08a
PAY004329,BOOK004329,2025-07-20,Wallet,Cash,USD,10030.0,Paid,0.0,ba3daa6f-5165-4bcf-a364-06d3d4b0f74d
PAY004330,BOOK004330,2024-09-16,Wallet,PayPal,SGD,14750.0,Paid,0.0,f16b4bf1-caa2-42f1-8624-2dfda84a42b4
PAY004331,BOOK004331,2025-06-10,Cash,Cash,AED,19617.5,Paid,0.0,d7cfdcaa-dc7b-4089-b16f-647ecd94f804
PAY004332,BOOK004332,2025-06-12,Net Banking,Razorpay,EUR,35400.0,Paid,0.0,58be33ff-8557-4f5b-a1a9-809284bc95ea
PAY004333,BOOK004333,2024-08-03,Net Banking,Stripe,GBP,7434.0,Paid,0.0,05497e08-be78-4182-8d3f-361c773dd82c
PAY004334,BOOK004334,2026-02-03,Wallet,PhonePe,SGD,18880.0,Paid,0.0,acdf580d-c9f0-4377-89a4-218efa6d575f
PAY004335,BOOK004335,2024-09-06,Credit Card,PayPal,USD,18880.0,Paid,0.0,1f69e1f9-3e44-40be-bbbd-c7ce6d27b18c
PAY004336,BOOK004336,2024-12-14,Net Banking,PayPal,AED,13216.0,Refunded,7594.88,1b6c088f-c561-4f97-bc37-cb55e8adb854
PAY004337,BOOK004337,2025-04-12,Net Banking,Razorpay,GBP,11210.0,Failed,0.0,7443b89d-c919-42bf-9e73-4bb6b62d180c
PAY004338,BOOK004338,2026-03-03,UPI,Stripe,GBP,15045.0,Paid,0.0,a9b8b2f0-8b7a-4e27-90ff-6ae87e64d3da
PAY004339,BOOK004339,2025-04-21,UPI,Cash,AED,7434.0,Paid,0.0,2b62ad7d-fe1a-4458-b827-9aec590d53c1
PAY004340,BOOK004340,2026-04-02,Credit Card,Razorpay,USD,88500.0,Paid,0.0,4acd0d99-1a57-4b7f-be76-ca8a6476f055
PAY004341,BOOK004341,2025-09-12,Credit Card,Stripe,GBP,28320.0,Paid,0.0,6d89934f-df45-46fe-9803-6d71a8ff8b77
PAY004342,BOOK004342,2025-11-13,Debit Card,PayPal,USD,49560.0,Paid,0.0,29338720-d8cf-47a3-a896-416314e1ee83
PAY004343,BOOK004343,2025-04-03,Wallet,Razorpay,SGD,79650.0,Paid,0.0,34334363-e9a0-4e05-ad98-b9d80046c3e9
PAY004344,BOOK004344,2026-05-18,UPI,Stripe,GBP,90270.0,Paid,0.0,e74cd69c-84b2-4ab5-a915-738d7517e9d5
PAY004345,BOOK004345,2025-08-25,Credit Card,Razorpay,AED,23541.0,Paid,0.0,88f48de3-81c8-45c9-8800-bf7416dd9b82
PAY004346,BOOK004346,2025-09-03,Cash,PhonePe,GBP,17700.0,Paid,0.0,7c0bb590-9ba0-4a15-a8b8-0556bb7cc6e1
PAY004347,BOOK004347,2025-03-30,Credit Card,Razorpay,AED,2802.5,Paid,0.0,f0dde221-fb83-4cc5-b9df-496278ba79ec
PAY004348,BOOK004348,2025-03-06,Wallet,PayPal,AED,17700.0,Paid,0.0,e6dfd71f-34fa-47b7-95cb-02833881a276
PAY004349,BOOK004349,2026-03-11,Debit Card,Cash,INR,23541.0,Failed,0.0,8d2bcc4b-23a7-4d73-be95-9194892c8ee8
PAY004350,BOOK004350,2025-01-06,Cash,Razorpay,SGD,30090.0,Failed,0.0,aede95f6-20dc-4d6a-bf00-1c51266bd685
PAY004351,BOOK004351,2024-08-27,Cash,PayPal,SGD,10030.0,Paid,0.0,f2936f1a-4846-46dc-82af-71a0fb112795
PAY004352,BOOK004352,2025-04-12,Wallet,Stripe,AED,26550.0,Paid,0.0,99d52d61-b177-4123-af09-24027d4696ea
PAY004353,BOOK004353,2024-11-23,Credit Card,PhonePe,INR,95580.0,Paid,0.0,0a797dd7-084e-4b4a-af40-0f9dda4df573
PAY004354,BOOK004354,2025-11-17,Wallet,PayPal,INR,70800.0,Paid,0.0,a47009c1-596a-4c54-a16c-027577fc68cc
PAY004355,BOOK004355,2025-01-15,UPI,Razorpay,AED,31388.0,Paid,0.0,f8beed4f-05e8-4b2e-9953-d0aaf1f506ca
PAY004356,BOOK004356,2026-04-17,Net Banking,PayPal,SGD,78470.0,Paid,0.0,1f574ea7-bc6f-41da-8fdb-b39f75d00c61
PAY004357,BOOK004357,2025-08-22,Cash,Cash,SGD,42480.0,Refunded,41662.39,2c96cc71-4fda-4bdc-9e8a-7c4bf084b2c7
PAY004358,BOOK004358,2026-04-27,Wallet,PhonePe,AED,9912.0,Paid,0.0,699c27d0-0793-44db-a6c0-6a54ca3cf822
PAY004359,BOOK004359,2024-11-20,Debit Card,PayPal,GBP,30090.0,Failed,0.0,a1732bad-31cd-4d30-96fe-c83598c1b5cb
PAY004360,BOOK004360,2025-06-12,Wallet,Razorpay,USD,28320.0,Paid,0.0,106a46e1-d06a-4b8e-a28d-7d0f3957da9e
PAY004361,BOOK004361,2025-04-23,Wallet,PayPal,INR,17552.5,Paid,0.0,2514a3af-a64d-48cd-933b-478a44870617
PAY004362,BOOK004362,2026-06-25,Debit Card,PhonePe,EUR,12390.0,Paid,0.0,c1c30ef8-52e5-4b44-8aa8-e317518fc8a0
PAY004363,BOOK004363,2025-11-11,Wallet,PhonePe,INR,21240.0,Paid,0.0,f29212c7-15c1-4177-a803-e8c8c72f259a
PAY004364,BOOK004364,2026-05-30,Debit Card,Cash,EUR,14042.0,Refunded,12642.65,283e3ed6-7e40-40e1-860c-82e0bd78fc81
PAY004365,BOOK004365,2024-12-19,UPI,Stripe,AED,12390.0,Paid,0.0,e7d32713-2ec1-4e90-8284-b94f5d468b9f
PAY004366,BOOK004366,2024-08-31,Credit Card,Stripe,INR,44604.0,Paid,0.0,2f72a3be-38cd-4873-86c5-7bf61ee62de4
PAY004367,BOOK004367,2024-12-27,UPI,PhonePe,INR,15694.0,Paid,0.0,bf7feef8-3f7d-48f0-9d96-548110402e19
PAY004368,BOOK004368,2024-11-28,UPI,PhonePe,USD,20650.0,Failed,0.0,d754c162-f230-49fe-8593-e2616445ffef
PAY004369,BOOK004369,2026-02-28,Cash,Stripe,SGD,14868.0,Paid,0.0,57be6d71-ef3c-41c4-91e8-e48fc888fa3c
PAY004370,BOOK004370,2025-01-20,Net Banking,Cash,INR,11151.0,Refunded,8875.21,065ba1c1-6b1e-4d0b-8a4a-ad693e982a52
PAY004371,BOOK004371,2025-02-08,Credit Card,PayPal,GBP,33040.0,Refunded,24784.11,fd12ce32-5464-41e0-bc7f-cfa77a47e2c3
PAY004372,BOOK004372,2025-01-11,Cash,PhonePe,EUR,2507.5,Paid,0.0,00542490-f082-4ae8-a8c3-2abfe50e408c
PAY004373,BOOK004373,2024-10-16,Net Banking,Stripe,SGD,16520.0,Failed,0.0,07f107c6-49ab-4abf-b1d6-b64682ba58ca
PAY004374,BOOK004374,2025-04-18,Wallet,PayPal,AED,3923.5,Paid,0.0,913c487b-d928-4a3a-bac5-ffa7aa16ff9a
PAY004375,BOOK004375,2025-06-25,UPI,PhonePe,EUR,10030.0,Refunded,4243.25,79d7ed8b-aa82-447c-bcfa-ddbf986b4a51
PAY004376,BOOK004376,2026-03-07,Net Banking,PayPal,GBP,4720.0,Refunded,4366.46,76bec1f6-902b-4f44-8b3b-408a86f53f3b
PAY004377,BOOK004377,2026-07-17,Debit Card,Razorpay,INR,11151.0,Paid,0.0,8ade4c75-b020-4db1-9fb0-6d0dd2a94d9d
PAY004378,BOOK004378,2025-01-02,Cash,Cash,AED,7434.0,Refunded,5905.45,9206689a-a0ec-41b7-a84d-7a46eceb7281
PAY004379,BOOK004379,2024-09-16,Net Banking,PhonePe,USD,100890.0,Paid,0.0,50160187-3907-4402-8574-2795325f8313
PAY004380,BOOK004380,2024-11-01,Credit Card,PhonePe,GBP,52038.0,Paid,0.0,c7145233-8cdd-4a94-bdb2-762079056214
PAY004381,BOOK004381,2025-04-28,Net Banking,PayPal,INR,13216.0,Paid,0.0,6773faa9-e54a-49a4-bae7-bcd84226fc37
PAY004382,BOOK004382,2025-12-06,Credit Card,PhonePe,USD,100890.0,Paid,0.0,38b549b6-185c-4f7e-9c0a-fe9ade49d9d3
PAY004383,BOOK004383,2025-09-04,Wallet,PhonePe,EUR,117705.0,Paid,0.0,8e60fe0b-f2ee-4974-a40b-79acf6989d23
PAY004384,BOOK004384,2025-09-04,Wallet,PhonePe,AED,19617.5,Paid,0.0,b45d4cea-5b99-4b51-a5be-dbda9a6e050c
PAY004385,BOOK004385,2025-11-28,Cash,Stripe,INR,10620.0,Paid,0.0,20a43b1f-e0f9-422d-b442-f84725aafb75
PAY004386,BOOK004386,2026-07-05,Debit Card,Razorpay,EUR,11800.0,Paid,0.0,ccd75fba-c1ac-4577-866b-dd416410b2a1
PAY004387,BOOK004387,2025-06-13,Cash,Cash,USD,5015.0,Refunded,3745.8,fe147ea3-15da-493f-9b0d-ae51922e11ed
PAY004388,BOOK004388,2025-05-17,Cash,Razorpay,INR,45135.0,Paid,0.0,10a4a71c-7437-4e5c-a337-f0902ea55ff9
PAY004389,BOOK004389,2025-12-21,Net Banking,Cash,INR,20060.0,Paid,0.0,b59f0896-4b9b-49dd-9708-8c75a3a3b367
PAY004390,BOOK004390,2025-11-29,Wallet,Razorpay,INR,33630.0,Paid,0.0,711baa02-2039-4f5e-bf82-816899bdf700
PAY004391,BOOK004391,2024-12-18,Debit Card,Razorpay,EUR,59000.0,Paid,0.0,e0de7299-c04d-4744-9496-675aed59bc3b
PAY004392,BOOK004392,2025-07-03,Wallet,Cash,GBP,33040.0,Paid,0.0,d1462aa6-5457-4e34-8175-3d28b4d9608e
PAY004393,BOOK004393,2025-04-04,Credit Card,PhonePe,INR,47200.0,Paid,0.0,43d17d59-0a5f-4cf8-9db9-27342fb1c319
PAY004394,BOOK004394,2026-01-09,Wallet,PhonePe,GBP,11210.0,Paid,0.0,847bab0c-420a-4940-b52e-38732cb9109e
PAY004395,BOOK004395,2025-05-03,Credit Card,PhonePe,INR,8260.0,Paid,0.0,357afa84-759f-4602-b0f3-9df1f8af38c8
PAY004396,BOOK004396,2026-06-21,Wallet,Stripe,AED,99120.0,Paid,0.0,dab9f7df-7a8d-4e90-897c-557ee4ea414c
PAY004397,BOOK004397,2026-07-28,UPI,PayPal,GBP,39235.0,Paid,0.0,1467e7dd-a6cd-465a-b23a-18373df09c34
PAY004398,BOOK004398,2026-03-28,Credit Card,Cash,EUR,14868.0,Paid,0.0,2b0eecb8-1825-4565-99f3-47a3ff85564a
PAY004399,BOOK004399,2025-11-07,Wallet,Razorpay,AED,28025.0,Paid,0.0,684e0d94-3e2e-4906-a59d-eb4363cb9d85
PAY004400,BOOK004400,2025-08-14,Net Banking,Stripe,SGD,22302.0,Refunded,14976.36,a97e30a1-9d1c-4e04-8800-bf584871d5a2
PAY004401,BOOK004401,2026-01-29,Cash,PhonePe,SGD,20060.0,Paid,0.0,cf22ef22-498c-4846-90e6-08e333f665ca
PAY004402,BOOK004402,2026-01-07,UPI,Razorpay,GBP,39235.0,Paid,0.0,1096f298-3fc5-45ec-ada9-e6aa1eaae0eb
PAY004403,BOOK004403,2026-01-22,Debit Card,PayPal,GBP,10620.0,Paid,0.0,b6b14a9b-942f-4c49-ad71-0e6b3d124d3b
PAY004404,BOOK004404,2025-02-22,Credit Card,Cash,USD,70800.0,Paid,0.0,e6b28384-3ed8-4282-aaab-21331772ce98
PAY004405,BOOK004405,2026-06-13,Cash,PhonePe,INR,50150.0,Paid,0.0,818c824f-44ca-4af6-a7f1-d6aeff162b6b
PAY004406,BOOK004406,2025-12-14,Credit Card,Cash,AED,16520.0,Paid,0.0,731290b2-f4e9-4a17-b17c-34d8cc39eecd
PAY004407,BOOK004407,2025-12-24,Credit Card,Razorpay,INR,15930.0,Paid,0.0,ff164537-8cbd-4be6-88ff-42a50a6496a4
PAY004408,BOOK004408,2025-02-03,Credit Card,Cash,SGD,60180.0,Paid,0.0,658eb210-20ce-44e5-95ea-008dbfd2c01d
PAY004409,BOOK004409,2025-04-28,Credit Card,Cash,USD,14042.0,Paid,0.0,666cf543-8468-4bab-b821-6aee8a40c6a1
PAY004410,BOOK004410,2026-01-27,Credit Card,PhonePe,EUR,16520.0,Paid,0.0,911596ae-11ea-4b13-81b8-f211cd554dc3
PAY004411,BOOK004411,2025-12-25,Cash,PhonePe,SGD,17700.0,Paid,0.0,6e1a5ac6-8654-4d31-80bc-aee271e9172a
PAY004412,BOOK004412,2026-05-18,Debit Card,Stripe,USD,11800.0,Paid,0.0,d221024f-e525-4cad-bec1-a7d3ac63866d
PAY004413,BOOK004413,2025-04-10,Debit Card,Cash,AED,8850.0,Paid,0.0,31eeba7d-c459-41b9-8873-a6770cf6363e
PAY004414,BOOK004414,2025-07-12,Credit Card,Razorpay,AED,88500.0,Refunded,24298.02,c17660d9-9173-4a49-8b30-348f4991a4cc
PAY004415,BOOK004415,2025-06-06,UPI,Stripe,AED,9440.0,Paid,0.0,2217abcd-0cc2-4b0b-86b5-7e205c9ca020
PAY004416,BOOK004416,2024-11-03,Cash,PayPal,INR,54929.0,Paid,0.0,f8e2ef20-12b1-467c-960f-9d2e4b38ebef
PAY004417,BOOK004417,2025-12-12,Net Banking,PayPal,INR,19617.5,Paid,0.0,60e0849f-da2f-4533-ae33-e8b5b01d381d
PAY004418,BOOK004418,2025-08-14,Debit Card,Razorpay,AED,14012.5,Paid,0.0,01e01a0d-f485-4269-aa27-22cf9a031565
PAY004419,BOOK004419,2026-07-03,Debit Card,PhonePe,GBP,28320.0,Paid,0.0,ba73bb74-c815-4926-bf1f-f5f34b51d61f
PAY004420,BOOK004420,2025-11-23,Net Banking,PayPal,USD,20060.0,Paid,0.0,9c65c89b-7b28-4001-b735-4b324fd94ee5
PAY004421,BOOK004421,2024-10-24,Credit Card,PhonePe,INR,11800.0,Refunded,6744.49,c4e41466-ef15-4cdf-8cb9-53aa94adc1f7
PAY004422,BOOK004422,2025-07-09,Cash,PayPal,EUR,17552.5,Paid,0.0,e0ca4a9a-a62d-4f45-9716-b7889f325cfc
PAY004423,BOOK004423,2025-03-17,Net Banking,Razorpay,EUR,35105.0,Refunded,33659.95,10fa3f29-563c-43b9-ba70-2fa187c8dcf2
PAY004424,BOOK004424,2024-12-23,Wallet,Stripe,GBP,37760.0,Failed,0.0,21f30975-c3c0-4697-9933-89fa7eb62200
PAY004425,BOOK004425,2024-08-25,Wallet,Razorpay,GBP,63720.0,Refunded,38426.63,96ba5948-4cdb-4b7c-8462-3e8b98f6d31b
PAY004426,BOOK004426,2024-11-28,Cash,PayPal,USD,19617.5,Paid,0.0,4b195417-efc3-41b4-94e8-604f2aa87812
PAY004427,BOOK004427,2024-11-04,UPI,PhonePe,EUR,7021.0,Paid,0.0,bb950f3b-df35-4dbe-9140-49bf72be4b1b
PAY004428,BOOK004428,2026-03-06,Debit Card,Stripe,AED,88500.0,Paid,0.0,6c41ddc4-e212-43ea-9cbb-369d5e4d2dc4
PAY004429,BOOK004429,2025-04-24,Net Banking,Cash,GBP,88500.0,Paid,0.0,b45c08c8-0273-446b-89b1-52ee1fc99c63
PAY004430,BOOK004430,2026-03-29,Cash,PayPal,AED,15930.0,Paid,0.0,7d20dead-d212-40b5-911b-895cebd5d9ee
PAY004431,BOOK004431,2025-05-01,Debit Card,PayPal,INR,66080.0,Paid,0.0,9fcb017c-7972-43a7-b24d-322ebd3c501f
PAY004432,BOOK004432,2026-07-15,UPI,PayPal,USD,47200.0,Paid,0.0,35d1a281-b25e-4012-ad4c-2c04d4131116
PAY004433,BOOK004433,2026-04-15,Debit Card,Cash,INR,70800.0,Refunded,41921.85,47a890a9-3d21-4927-a7ae-1fdac3801e70
PAY004434,BOOK004434,2025-08-13,Wallet,Razorpay,SGD,35400.0,Paid,0.0,bb2a0455-1d98-40f5-945f-5bdcab8e934a
PAY004435,BOOK004435,2025-08-08,Wallet,PayPal,AED,14160.0,Paid,0.0,032dd53f-1656-4000-a163-9a5aeebdc1c3
PAY004436,BOOK004436,2025-09-10,Wallet,Razorpay,GBP,33040.0,Paid,0.0,ab60acab-e1fc-4a82-a562-d97da54abdca
PAY004437,BOOK004437,2025-07-18,Debit Card,Stripe,GBP,84075.0,Paid,0.0,c4acfadf-6388-43ed-9841-61e64702e5e9
PAY004438,BOOK004438,2024-11-10,Credit Card,PhonePe,AED,7965.0,Paid,0.0,78a07e85-4b33-41c9-8eb2-0e9c5ac8641d
PAY004439,BOOK004439,2025-03-30,Credit Card,PhonePe,EUR,10030.0,Paid,0.0,dd94dc27-76d0-4a19-9b8e-f6e701ecc7ee
PAY004440,BOOK004440,2026-04-25,Wallet,Razorpay,GBP,35400.0,Paid,0.0,5af913b2-4d23-4067-8715-777a6752fcc6
PAY004441,BOOK004441,2025-04-17,Cash,PhonePe,SGD,28320.0,Paid,0.0,e9988f91-ca91-4042-84e1-d7b1ca1f9d5b
PAY004442,BOOK004442,2025-08-06,UPI,Razorpay,AED,14160.0,Paid,0.0,cd149e14-9724-4122-965c-333e8c206177
PAY004443,BOOK004443,2025-11-11,Credit Card,Razorpay,EUR,35400.0,Refunded,26904.28,feceae23-4d79-463d-86f8-62f28f74aab6
PAY004444,BOOK004444,2024-10-06,UPI,PhonePe,USD,4720.0,Paid,0.0,50ff9020-088e-45ba-84c3-b19191c89c82
PAY004445,BOOK004445,2024-08-14,Debit Card,PhonePe,USD,16815.0,Paid,0.0,f6471d68-bcd2-49a9-97b5-8387630c7e99
PAY004446,BOOK004446,2025-01-24,Wallet,PhonePe,GBP,18880.0,Paid,0.0,16358eab-abaa-4bd3-bc05-777ed41884d9
PAY004447,BOOK004447,2025-02-15,Net Banking,Stripe,USD,7021.0,Refunded,3706.09,4808b67d-29b0-4a4a-874e-288717c47626
PAY004448,BOOK004448,2025-09-21,UPI,Razorpay,EUR,39648.0,Paid,0.0,f2cbd41a-4821-4dd1-ba68-0c83b18139c5
PAY004449,BOOK004449,2024-11-18,Debit Card,Razorpay,SGD,21240.0,Paid,0.0,425a229f-4fdb-4f91-9d45-413fffcb095b
PAY004450,BOOK004450,2026-07-11,Net Banking,Cash,GBP,33630.0,Paid,0.0,fcd61085-339e-44b4-b026-c557f9f88540
PAY004451,BOOK004451,2024-11-09,Net Banking,PayPal,SGD,30090.0,Paid,0.0,bff9dab2-c974-4d18-a1dd-92b456ec2399
PAY004452,BOOK004452,2024-10-14,Debit Card,Razorpay,EUR,3304.0,Paid,0.0,774cf8f2-98cd-44e7-9617-3d3257f94643
PAY004453,BOOK004453,2025-02-24,Debit Card,PayPal,GBP,20060.0,Refunded,9165.5,5becac1a-2ea5-4c53-8481-9298490dfbbd
PAY004454,BOOK004454,2025-07-02,Debit Card,PhonePe,USD,21063.0,Refunded,5616.51,d289170d-cb65-43e1-9291-c9793e10ac31
PAY004455,BOOK004455,2026-02-14,Wallet,PhonePe,EUR,39235.0,Paid,0.0,5c40a24d-bacc-4d1b-ac17-d0049d29ae00
PAY004456,BOOK004456,2024-08-21,Debit Card,Stripe,INR,47790.0,Paid,0.0,59675fab-2a1a-4606-9728-1a5350dda938
PAY004457,BOOK004457,2026-01-12,Wallet,PayPal,EUR,17552.5,Paid,0.0,9062c900-938c-49a7-b7d8-c6595a71789c
PAY004458,BOOK004458,2025-06-16,UPI,PayPal,SGD,16520.0,Paid,0.0,57ec9dc8-c4fa-48c0-9478-1e2dcec5cd1e
PAY004459,BOOK004459,2026-03-18,UPI,Razorpay,USD,31860.0,Paid,0.0,4075b9a2-2637-4dfb-8e4a-cf9728c47a0c
PAY004460,BOOK004460,2025-11-30,Cash,PhonePe,USD,18880.0,Paid,0.0,0dc8a36e-125f-4c74-98a0-7f604c18c85e
PAY004461,BOOK004461,2025-10-30,UPI,Stripe,INR,67260.0,Paid,0.0,e9d44e32-565b-4ed1-9fb5-e9f7a8670006
PAY004462,BOOK004462,2024-11-24,Cash,Cash,AED,5605.0,Paid,0.0,51022c58-0dec-47a3-b1c6-95e7857f0bb9
PAY004463,BOOK004463,2026-06-18,Credit Card,Stripe,EUR,54929.0,Paid,0.0,5f2c503d-4d66-4cf4-88cb-9e2c98dc53a1
PAY004464,BOOK004464,2026-06-18,Cash,PayPal,GBP,23600.0,Paid,0.0,2db6c7a4-2783-4d52-bdaf-242086f56486
PAY004465,BOOK004465,2024-08-04,Wallet,PhonePe,USD,30090.0,Paid,0.0,0d02f3df-d2a3-47a1-8ba2-e71d1e011b63
PAY004466,BOOK004466,2025-02-01,Debit Card,Cash,INR,111510.0,Refunded,108938.31,b52049fe-384e-4f9a-92ec-3594167057fe
PAY004467,BOOK004467,2024-12-29,Cash,Stripe,INR,31860.0,Paid,0.0,e257ea82-45d6-46f9-8326-48e0a7901930
PAY004468,BOOK004468,2026-05-27,Wallet,PhonePe,SGD,18585.0,Failed,0.0,ca7fcc03-3562-4db9-abcc-033566d88f4b
PAY004469,BOOK004469,2025-03-14,Credit Card,Stripe,SGD,52038.0,Failed,0.0,9a19b556-9fb0-4735-9fb4-4bf53ce96f98
PAY004470,BOOK004470,2025-09-21,Wallet,PhonePe,INR,30090.0,Paid,0.0,21363838-6c14-4eae-a9cb-0712d5b20b96
PAY004471,BOOK004471,2025-08-02,Net Banking,Stripe,USD,3717.0,Failed,0.0,f8720cb4-b11a-4cc1-b737-a2634ac5af80
PAY004472,BOOK004472,2025-06-27,Net Banking,PayPal,GBP,11800.0,Paid,0.0,0a5df2df-96b7-4c04-aa8f-f619cc073018
PAY004473,BOOK004473,2025-02-09,Net Banking,Razorpay,USD,6608.0,Paid,0.0,858aee55-745f-407a-abf9-8217c02e4310
PAY004474,BOOK004474,2024-09-24,Wallet,PhonePe,EUR,42126.0,Paid,0.0,6735e362-0e94-46c2-aa81-c06a08e2436b
PAY004475,BOOK004475,2026-03-17,Wallet,PhonePe,EUR,28320.0,Paid,0.0,0fc262eb-a6de-440d-964d-65200de90ea0
PAY004476,BOOK004476,2025-06-11,UPI,PhonePe,SGD,79650.0,Refunded,30118.66,02557084-dd72-40f4-b389-d8bac1559313
PAY004477,BOOK004477,2024-08-11,Wallet,PayPal,INR,11210.0,Paid,0.0,083fb954-4f78-4e31-8d9a-1dda1567f683
PAY004478,BOOK004478,2025-04-30,Cash,Cash,USD,31860.0,Paid,0.0,d4ba12e5-c344-4623-83b8-42c4195012ef
PAY004479,BOOK004479,2025-02-09,UPI,PhonePe,USD,67260.0,Paid,0.0,81755577-3246-4d68-81e0-55415831f0da
PAY004480,BOOK004480,2025-03-17,Wallet,PhonePe,SGD,27464.5,Paid,0.0,3878a7bd-ed35-49ca-bd3b-c5e0a38b41fe
PAY004481,BOOK004481,2026-03-01,Credit Card,PayPal,SGD,16815.0,Refunded,4624.72,93bcfa9b-452d-4c3c-9c6b-639dc19aade7
PAY004482,BOOK004482,2025-05-20,Wallet,PhonePe,AED,21240.0,Paid,0.0,830c64a7-d980-492b-ad35-bba2c351be23
PAY004483,BOOK004483,2024-12-12,UPI,Stripe,EUR,15694.0,Paid,0.0,91de35ab-5541-41b8-b188-f109ee0824f1
PAY004484,BOOK004484,2025-11-02,Debit Card,PhonePe,SGD,22302.0,Paid,0.0,046389e1-28e1-44f5-a9ea-0cdffd7d89ec
PAY004485,BOOK004485,2026-01-28,Net Banking,Cash,USD,17700.0,Paid,0.0,e7ea07bb-911d-49f2-9420-546b48076566
PAY004486,BOOK004486,2026-05-13,Credit Card,Cash,INR,11210.0,Failed,0.0,e073a92c-c663-4e4e-bafa-8c7c3e9ec0a8
PAY004487,BOOK004487,2025-10-09,Net Banking,Cash,EUR,20060.0,Paid,0.0,469bca40-0141-4734-9fd5-052ebc1a369a
PAY004488,BOOK004488,2026-01-15,Cash,Cash,EUR,82600.0,Paid,0.0,10808633-e9aa-4f3b-8ffc-c816799e4afa
PAY004489,BOOK004489,2026-01-28,UPI,Stripe,SGD,14160.0,Paid,0.0,e14fa431-601b-43a5-801f-98b97f045f60
PAY004490,BOOK004490,2025-02-25,Cash,Stripe,AED,10030.0,Paid,0.0,735d22ab-cedd-4ce7-84ba-46a9bac596e1
PAY004491,BOOK004491,2024-08-24,UPI,PhonePe,GBP,18880.0,Paid,0.0,97cef161-3325-4f87-8663-aede9e570fb0
PAY004492,BOOK004492,2025-05-21,Cash,PhonePe,INR,17700.0,Paid,0.0,35ce8520-8e33-4391-970f-aa9b1a89d60f
PAY004493,BOOK004493,2025-04-08,Wallet,Cash,AED,56050.0,Paid,0.0,e535f398-bb4f-41c4-8f7d-c0ec4e44de5e
PAY004494,BOOK004494,2025-05-10,Wallet,Stripe,SGD,16815.0,Paid,0.0,ca892bb7-92ad-4c68-9d25-d82091859e78
PAY004495,BOOK004495,2025-02-20,Cash,Stripe,USD,15045.0,Failed,0.0,5f9ddbaa-d4ab-417b-9423-0ab65bdecacc
PAY004496,BOOK004496,2024-10-13,UPI,PayPal,USD,11800.0,Paid,0.0,7a1a7887-4a31-4055-b713-3f9519e8a33f
PAY004497,BOOK004497,2025-03-15,Debit Card,PayPal,AED,4720.0,Refunded,3862.1,9f72553b-01da-4924-8182-953c2432a8e3
PAY004498,BOOK004498,2026-05-07,UPI,Razorpay,INR,15930.0,Paid,0.0,13717517-213c-4266-9c07-afb1859c66fa
PAY004499,BOOK004499,2025-07-04,Net Banking,PhonePe,EUR,19824.0,Paid,0.0,8ae503bf-3311-4cce-8783-c721df35b5c6
PAY004500,BOOK004500,2025-01-30,Cash,Stripe,GBP,13216.0,Paid,0.0,aa481614-79e5-4a52-b72c-29b2a361abc6
PAY004501,BOOK004501,2025-04-26,Debit Card,Razorpay,AED,18585.0,Refunded,17707.39,8b9f1ec4-83a9-4bf6-9fc0-898926d607a1
PAY004502,BOOK004502,2026-03-08,Net Banking,PayPal,USD,29736.0,Paid,0.0,74756b68-5368-4ba7-a56e-99e565ba9df0
PAY004503,BOOK004503,2024-09-18,Cash,Stripe,EUR,50150.0,Paid,0.0,9aaae78e-a073-41b2-9764-cfa08eacdb81
PAY004504,BOOK004504,2025-11-04,UPI,PayPal,AED,17700.0,Refunded,5511.31,2670a680-6978-41c7-ad36-55f202dfbeef
PAY004505,BOOK004505,2025-02-10,Cash,Cash,AED,30090.0,Paid,0.0,ef701412-6ea8-4416-bf4b-4fb27402141e
PAY004506,BOOK004506,2024-08-14,Wallet,PhonePe,INR,7965.0,Paid,0.0,ba615f74-b972-489a-81ed-222eda966c3b
PAY004507,BOOK004507,2025-03-23,UPI,Cash,SGD,33040.0,Paid,0.0,745a3384-a78b-41b0-89dd-407558aea9d6
PAY004508,BOOK004508,2025-06-28,Net Banking,Cash,,63720.0,Refunded,51405.68,ed698d5d-8da8-4dfe-a065-384c43796213
PAY004509,BOOK004509,2026-05-27,Wallet,Razorpay,GBP,9440.0,Paid,0.0,bc42f938-c3a2-4550-929e-e97a25d306e9
PAY004510,BOOK004510,2024-10-30,Net Banking,Cash,GBP,37170.0,Paid,0.0,a245edf0-626c-47c5-a0db-9fb9d2e46db6
PAY004511,BOOK004511,2025-01-23,Wallet,PhonePe,AED,12390.0,Paid,0.0,caa7ea7c-ead5-4b4c-9791-ab1a05291561
PAY004512,BOOK004512,2026-05-09,UPI,Stripe,AED,40120.0,Paid,0.0,e8baefa3-5d55-448c-bd51-79d7b48dbb45
PAY004513,BOOK004513,2025-03-27,UPI,PayPal,AED,2507.5,Paid,0.0,db0e68a1-1f25-4995-bc95-ae663462bca9
PAY004514,BOOK004514,2026-07-02,UPI,Razorpay,SGD,35105.0,Refunded,14694.39,a9a845f8-9278-4c95-b80d-91dc65da7857
PAY004515,BOOK004515,2024-09-21,Credit Card,Razorpay,SGD,42126.0,Paid,0.0,6084cbdf-9efc-4703-9b89-cefeabd77c59
PAY004516,BOOK004516,2025-04-20,Credit Card,Razorpay,AED,13216.0,Failed,0.0,4c52ff43-bc0a-4cd7-ab2f-afc0724f78a4
PAY004517,BOOK004517,2025-05-25,Credit Card,PayPal,GBP,6608.0,Refunded,2341.58,3b7529ca-59c4-4987-af9c-2aa97b699603
PAY004518,BOOK004518,2026-01-25,UPI,Stripe,EUR,18880.0,Paid,0.0,16aeffd8-e33b-4eef-ac5f-8fa04e79db0f
PAY004519,BOOK004519,2024-11-01,UPI,Cash,AED,7434.0,Paid,0.0,0b29070d-55f8-4c39-80b4-dd9a62e1bb51
PAY004520,BOOK004520,2024-08-18,Cash,PhonePe,SGD,8407.5,Paid,0.0,37d0b186-6224-420b-81bf-ab76a6c2aadf
PAY004521,BOOK004521,2025-09-30,Credit Card,Stripe,SGD,44840.0,Paid,0.0,9041f328-4e2f-4b22-9607-04c047579589
PAY004522,BOOK004522,2025-09-23,Net Banking,Cash,GBP,59000.0,Refunded,46226.8,f6df416a-b0dd-474c-9af4-53890b58e5d4
PAY004523,BOOK004523,2026-07-28,Credit Card,PhonePe,SGD,26550.0,Failed,0.0,67969b52-0778-4476-b626-2e69283cfd90
PAY004524,BOOK004524,2026-06-03,Debit Card,Cash,GBP,4130.0,Paid,0.0,e53a7f46-0aa3-4aaf-8cce-61b89ad91b2e
PAY004525,BOOK004525,2025-03-20,Debit Card,Stripe,GBP,47790.0,Paid,0.0,a4e96e8b-cb2c-486a-8d0d-18c135af428b
PAY004526,BOOK004526,2026-01-26,Credit Card,PhonePe,EUR,16520.0,Paid,0.0,8ff75a18-8e79-4ed4-a2cd-40d6fc19d454
PAY004527,BOOK004527,2026-01-10,Debit Card,Stripe,INR,7847.0,Paid,0.0,f5fe7451-a4dc-448f-bfdd-7cae69133e36
PAY004528,BOOK004528,2026-06-19,UPI,Cash,AED,10030.0,Paid,0.0,7ecd9f17-67cf-4c1e-8d6a-3e506758166c
PAY004529,BOOK004529,2025-04-20,UPI,PhonePe,EUR,10030.0,Paid,0.0,5580f9c8-8cc0-4e87-b3f4-711a4b909ffe
PAY004530,BOOK004530,2026-05-10,UPI,Razorpay,AED,84075.0,Paid,0.0,34589e0d-9cf0-4b83-8e19-f0814e2a947c
PAY004531,BOOK004531,2024-12-01,Credit Card,Razorpay,SGD,24780.0,Paid,0.0,f2fa3eeb-8001-4aa8-aa60-2e6b069c45b4
PAY004532,BOOK004532,2026-04-27,Cash,Cash,INR,8850.0,Refunded,5939.39,9782481f-dd39-4d57-907a-3dc9459965fa
PAY004533,BOOK004533,2025-04-26,Credit Card,Stripe,INR,2950.0,Paid,0.0,4a7176b1-b240-42e8-a029-99a5a0fdf4a2
PAY004534,BOOK004534,2026-06-14,UPI,Razorpay,SGD,70800.0,Paid,0.0,f0e08f5d-57e8-4c72-8506-d7d08cf04edc
PAY004535,BOOK004535,2024-12-09,Net Banking,Cash,GBP,123900.0,Paid,0.0,1a12a930-c3af-42c4-a793-44c41b1d42d5
PAY004536,BOOK004536,2025-03-24,Credit Card,Cash,USD,19824.0,Paid,-100.0,ef343521-3409-4220-b351-9d59cfc6c942
PAY004537,BOOK004537,2025-11-06,Debit Card,PhonePe,INR,10030.0,Paid,0.0,f1f3ff0c-65c1-4edd-a591-39f779b3ef71
PAY004538,BOOK004538,2026-06-07,UPI,PayPal,EUR,33040.0,Paid,0.0,f9d60a65-dc2f-434f-b1ae-734580ea32d0
PAY004539,BOOK004539,2026-07-04,Net Banking,Cash,EUR,8850.0,Paid,0.0,5fb7958b-6502-4027-84c0-5721401e45cc
PAY004540,BOOK004540,2025-12-30,Cash,PhonePe,EUR,7847.0,Paid,0.0,69000096-e020-4e8e-864e-0a0386e99b2e
PAY004541,BOOK004541,2025-01-14,Net Banking,Cash,AED,70800.0,Paid,0.0,d1affc3b-91a2-42b2-90ed-954ec079ebdb
PAY004542,BOOK004542,2025-04-13,UPI,Stripe,GBP,16815.0,Refunded,10829.66,0eda92a2-2074-4e3c-84dc-265a1056beed
PAY004543,BOOK004543,2025-11-23,UPI,Razorpay,USD,5310.0,Failed,0.0,f8ca2bda-6a9e-40a3-b32a-0502ba917358
PAY004544,BOOK004544,2026-04-28,Net Banking,Razorpay,USD,4130.0,Paid,0.0,3e32753f-627c-463b-bfc1-cd4e1f7e643e
PAY004545,BOOK004545,2025-05-25,Credit Card,Razorpay,AED,30090.0,Paid,0.0,402011e5-32d5-4e9a-a5f6-a62249503f7b
PAY004546,BOOK004546,2025-01-31,Wallet,Razorpay,SGD,17700.0,Paid,0.0,046714f2-a873-4378-9159-b5f4e9ccf15d
PAY004547,BOOK004547,2025-11-14,Wallet,PayPal,USD,3923.5,Failed,0.0,155c0fcc-8fc0-4d55-a119-cd427d692e6f
PAY004548,BOOK004548,2026-01-25,Wallet,Cash,USD,31860.0,Paid,0.0,e87a7fa2-6b01-4a8c-8953-a45037a5a8d3
PAY004549,BOOK004549,2025-09-15,Wallet,Razorpay,EUR,29736.0,Paid,0.0,8480e7e5-7a23-485d-8ef0-2d6ae24386b9
PAY004550,BOOK004550,2025-03-19,Cash,PayPal,USD,24780.0,Paid,0.0,30e20323-065a-4ef9-9dc1-afa9445e6fe4
PAY004551,BOOK004551,2025-01-22,Debit Card,PhonePe,SGD,42126.0,Paid,0.0,ab4f3039-ed6a-433a-8d42-5205fa7b9739
PAY004552,BOOK004552,2026-01-10,Net Banking,PayPal,GBP,47790.0,Paid,0.0,30661333-e4bc-45ee-a6da-518acbfd0703
PAY004553,BOOK004553,2026-03-14,Cash,Cash,INR,14160.0,Paid,0.0,fb8a60c6-ce7c-4d8f-b9d6-13453d0c2dc1
PAY004554,BOOK004554,2025-12-14,Cash,Razorpay,EUR,33040.0,Paid,0.0,33a80465-c54b-4c9b-a48c-e9eef3b783a0
PAY004555,BOOK004555,2024-09-22,Cash,Razorpay,EUR,14750.0,Paid,0.0,de99ea7b-7daa-419b-9b8b-255b3731c7e9
PAY004556,BOOK004556,2024-12-28,Credit Card,Razorpay,EUR,7080.0,Failed,0.0,3b83d074-8436-4952-811c-7d83cb3f5b5d
PAY004557,BOOK004557,2025-02-20,Net Banking,PayPal,INR,18585.0,Paid,0.0,1e6d2e19-42b4-4187-a9ce-fbced64d01bd
PAY004558,BOOK004558,2025-06-26,Cash,Stripe,AED,33040.0,Failed,0.0,c898f9b0-3735-4136-8b99-e0ce7997cd35
PAY004559,BOOK004559,2025-03-12,Cash,Cash,AED,11210.0,Paid,0.0,a0108bb8-8220-430a-ad05-6d73eb57e9b9
PAY004560,BOOK004560,2025-01-28,UPI,PhonePe,USD,27464.5,Failed,0.0,96d6b10c-2a93-40fc-a555-ded04eed463b
PAY004561,BOOK004561,2025-01-27,Debit Card,Cash,GBP,11151.0,Paid,0.0,61f977f0-a371-4b76-abed-41320526ec57
PAY004562,BOOK004562,2025-12-08,Wallet,Cash,SGD,28025.0,Paid,0.0,e20b56f7-ad7d-49f8-82b7-410fbebdbcbf
PAY004563,BOOK004563,2025-10-26,Credit Card,PhonePe,EUR,9440.0,Paid,0.0,56189b30-9667-48a3-99d2-81343f5c122d
PAY004564,BOOK004564,2026-02-24,UPI,Razorpay,USD,6608.0,Paid,0.0,d522159b-cda6-4adf-8ecc-4c9b0c150dab
PAY004565,BOOK004565,2025-10-12,Credit Card,PayPal,AED,5015.0,Paid,0.0,f0cbc607-44ed-4c69-9f05-a6d93a87ca56
PAY004566,BOOK004566,2025-12-12,Debit Card,PhonePe,INR,7021.0,Paid,0.0,4c622488-411a-4bb2-89f3-a1bbe1df8d59
PAY004567,BOOK004567,2025-02-05,Cash,Cash,SGD,41300.0,Paid,0.0,0429def6-4acf-4552-9534-d8b51b977a2d
PAY004568,BOOK004568,2025-06-24,Credit Card,Stripe,USD,33040.0,Paid,0.0,a7a04c8b-9995-455e-a237-0f27b060685b
PAY004569,BOOK004569,2025-02-10,Debit Card,PhonePe,SGD,66080.0,Paid,0.0,4f57d5d5-0eb8-4bf7-b37d-3626c657bd1e
PAY004570,BOOK004570,2026-02-16,Cash,Razorpay,USD,18585.0,Paid,0.0,5cc46736-36e3-4876-a9f2-83e1dfa8eedc
PAY004571,BOOK004571,2024-09-02,Debit Card,Stripe,GBP,70800.0,Paid,0.0,33754e97-cf2f-4f0c-a32c-eed18a3566ca
PAY004572,BOOK004572,2024-10-29,Wallet,PayPal,GBP,7847.0,Paid,0.0,c075e428-0c69-4096-8b7e-ca573fe24d1c
PAY004573,BOOK004573,2025-08-07,Net Banking,Stripe,USD,100890.0,Paid,0.0,6bf0e155-8de2-4d4a-af4c-1df8fa468226
PAY004574,BOOK004574,2024-11-28,Cash,Stripe,INR,7021.0,Paid,0.0,a8ee66b1-3cb2-4af1-9f23-0744c2337113
PAY004575,BOOK004575,2025-03-07,Wallet,PhonePe,SGD,16520.0,Paid,0.0,f0e8538c-e57f-42f8-b82a-bda32ea4b432
PAY004576,BOOK004576,2025-07-22,UPI,Stripe,GBP,2950.0,Paid,0.0,09914a53-9d00-4829-ae79-8b2ee3b8c125
PAY004577,BOOK004577,2025-11-15,Credit Card,Cash,USD,21063.0,Paid,0.0,513fb55c-63c5-47d7-927c-667e6beaa60b
PAY004578,BOOK004578,2024-09-23,Credit Card,Stripe,INR,14750.0,Paid,0.0,e2f714fc-662c-4582-8392-b6003d8ef4b5
PAY004579,BOOK004579,2024-09-30,Net Banking,Razorpay,SGD,14042.0,Paid,0.0,833a742d-2443-4ab0-978d-f9cac9190bbf
PAY004580,BOOK004580,2026-05-29,Credit Card,Cash,AED,22420.0,Paid,0.0,863ba6cd-2b55-4e5b-a382-0f7ab6d34853
PAY004581,BOOK004581,2026-03-02,Debit Card,Razorpay,INR,44840.0,Paid,0.0,206d46d1-6e37-4717-94fc-d1d86f47f59c
PAY004582,BOOK004582,2026-07-01,Cash,Cash,AED,18880.0,Paid,0.0,8a0443d9-488e-4ef1-9c69-486ed4361c52
PAY004583,BOOK004583,2025-07-13,Credit Card,PhonePe,INR,123900.0,Paid,0.0,fc52b0bc-e419-4938-bf7a-6d3046e8a76c
PAY004584,BOOK004584,2024-11-16,Debit Card,PayPal,GBP,14160.0,Paid,0.0,a410fd4d-9598-422f-b6a4-129ccbd031bb
PAY004585,BOOK004585,2025-10-04,Cash,Razorpay,INR,44840.0,Paid,0.0,fc712f4a-2c3f-48db-bfd2-0bf6b7f02652
PAY004586,BOOK004586,2026-01-26,Debit Card,PhonePe,AED,28320.0,Paid,0.0,64dc4319-262c-4b99-84d0-ec5d854a11ce
PAY004587,BOOK004587,2025-06-07,UPI,Razorpay,USD,23541.0,Paid,0.0,138e8205-c217-436c-a95f-1aba4a718207
PAY004588,BOOK004588,2025-09-07,UPI,Razorpay,AED,56640.0,Paid,0.0,b908a37e-4a35-4cba-abae-a06b534bd233
PAY004589,BOOK004589,2024-10-01,Credit Card,PhonePe,SGD,14012.5,Paid,0.0,cbf9c60e-8332-42ad-a199-f1e5c42b30ce
PAY004590,BOOK004590,2024-08-14,Debit Card,Stripe,GBP,70800.0,Paid,0.0,94ad9392-c00e-41a0-a244-9094fc09bf8b
PAY004591,BOOK004591,2025-08-14,Debit Card,Stripe,SGD,7434.0,Paid,0.0,36b9389c-a143-49ac-a67b-dd2882c15332
PAY004592,BOOK004592,2026-03-19,Debit Card,PayPal,USD,19617.5,Paid,0.0,5f5986fa-8f91-46d8-bd12-db2388bdede6
PAY004593,BOOK004593,2025-09-12,UPI,Cash,INR,15045.0,Refunded,12041.79,5befa5e4-8e0b-41a5-b0c9-f5537a6fbf97
PAY004594,BOOK004594,2026-04-07,Credit Card,PhonePe,SGD,14750.0,Paid,0.0,2e75441f-1a99-4f68-a369-96541b42b6ad
PAY004595,BOOK004595,2026-05-18,Debit Card,Razorpay,AED,11210.0,Paid,0.0,df28ea48-138c-45b8-8810-8cbdc6972ad1
PAY004596,BOOK004596,2024-12-16,Wallet,Razorpay,INR,88500.0,Paid,0.0,2afcba75-860e-4275-b41c-6a1b00932ba8
PAY004597,BOOK004597,2025-01-26,Cash,PayPal,INR,17700.0,Paid,0.0,351d1e48-0669-4ea9-89be-c8bcd5b05aea
PAY004598,BOOK004598,2025-11-17,Credit Card,Cash,EUR,5015.0,Paid,0.0,b9af5bbc-7ddb-4b49-9d0b-2dc067cd44c4
PAY004599,BOOK004599,2026-04-04,Net Banking,PhonePe,GBP,117705.0,Refunded,45567.1,ad1f9229-c8f6-49e6-b4b7-e3285121ba2c
PAY004600,BOOK004600,2024-08-07,UPI,Razorpay,USD,15045.0,Paid,0.0,22e6ebfb-1edb-4d06-ac93-c537c877cb88
PAY004601,BOOK004601,2026-04-03,Debit Card,PhonePe,USD,16815.0,Paid,0.0,d0131f23-da89-4539-acbd-3e7d053281fc
PAY004602,BOOK004602,2025-12-15,Wallet,Stripe,USD,106200.0,Refunded,65396.61,26f993da-4b6b-43a2-a153-0ed2274a39e6
PAY004603,BOOK004603,2024-11-14,Credit Card,Stripe,GBP,30090.0,Refunded,21505.11,13e9e090-81db-4d75-ba82-ce0dae27607b
PAY004604,BOOK004604,2024-08-24,UPI,PhonePe,GBP,70210.0,Paid,0.0,e426dc1c-184f-486c-a1f9-746a5bf2eb79
PAY004605,BOOK004605,2024-09-21,Cash,Cash,GBP,20060.0,Paid,0.0,16b8f827-c2ea-4854-b118-d824d6442ac9
PAY004606,BOOK004606,2025-12-20,Wallet,PhonePe,EUR,19617.5,Paid,0.0,26519e7d-33bd-478a-94a5-a493097729c6
PAY004607,BOOK004607,2024-10-08,Cash,Stripe,INR,16520.0,Paid,0.0,32dafce0-f244-46fa-bc83-1c3bbe84087e
PAY004608,BOOK004608,2024-10-30,UPI,Cash,EUR,20650.0,Paid,0.0,ba56cd28-e9f2-4df4-9a12-25a27fba9962
PAY004609,BOOK004609,2025-01-07,Wallet,PayPal,SGD,7434.0,Paid,0.0,6ced04f7-4064-451f-aeef-62c6aa5ac599
PAY004610,BOOK004610,2026-01-13,Debit Card,Razorpay,AED,14868.0,Paid,0.0,f9f26721-5fa3-41ce-94cf-e4bba429b978
PAY004611,BOOK004611,2025-09-13,Credit Card,Stripe,SGD,17700.0,Paid,0.0,4841af3d-6a77-4d64-a2e7-a135b4380110
PAY004612,BOOK004612,2025-03-01,Debit Card,Cash,GBP,56640.0,Paid,0.0,12988687-f167-4989-813b-b11a93bad4d9
PAY004613,BOOK004613,2026-06-08,Net Banking,PayPal,USD,35400.0,Paid,0.0,3fa99811-7ffc-439c-b648-463f711d2644
PAY004614,BOOK004614,2025-04-28,Credit Card,Cash,GBP,23541.0,Paid,0.0,802f8925-727b-4c56-914b-b60077b7ea78
PAY004615,BOOK004615,2025-05-03,Cash,PayPal,USD,7021.0,Paid,0.0,f4e84d8a-5cb6-404e-a62e-298bb0b469c4
PAY004616,BOOK004616,2024-10-03,Credit Card,Cash,AED,7434.0,Paid,0.0,8f3a84ad-88a8-4b9c-bfdb-fc48712fb403
PAY004617,BOOK004617,2025-02-02,Wallet,PayPal,GBP,33630.0,Paid,0.0,a08cc6b8-ac93-409c-8c74-8e8fb7e1fd69
PAY004618,BOOK004618,2026-04-19,Cash,PhonePe,GBP,11800.0,Refunded,3474.5,d52e5661-c985-429a-b614-b277da683eac
PAY004619,BOOK004619,2025-09-16,Net Banking,PayPal,EUR,9912.0,Paid,0.0,c144302b-343e-45f9-a9a3-e77dbe2d4c9f
PAY004620,BOOK004620,2024-12-09,Wallet,PayPal,INR,88500.0,Paid,0.0,6c53f404-034a-40c1-8881-ff54da0a974b
PAY004621,BOOK004621,2026-05-25,Net Banking,Razorpay,INR,14042.0,Refunded,12849.99,504e40ba-e20e-4913-91a4-5acf296e9ce4
PAY004622,BOOK004622,2024-11-17,Cash,Stripe,USD,5900.0,Paid,0.0,c34a53d3-e28f-4f4d-9ee1-6334397618a2
PAY004623,BOOK004623,2025-12-15,Net Banking,PayPal,USD,18585.0,Paid,0.0,ed8c6cd1-e99f-4056-805e-0ea1c96bbd14
PAY004624,BOOK004624,2026-07-02,Cash,PayPal,,26432.0,Paid,0.0,e04b7b8e-738b-4f34-94c8-387c91f97400
PAY004625,BOOK004625,2026-02-14,Net Banking,Razorpay,USD,24780.0,Paid,0.0,4c6a834b-e964-4877-9cdc-8cf7098f5a0f
PAY004626,BOOK004626,2026-06-15,Debit Card,Stripe,EUR,45135.0,Paid,0.0,5a02e45c-c7cd-4b04-879d-9794a0682815
PAY004627,BOOK004627,2025-10-08,Wallet,Stripe,EUR,15045.0,Paid,0.0,5f1df19a-dc11-480e-a43d-ac3c5111c491
PAY004628,BOOK004628,2024-08-22,Net Banking,Cash,INR,11800.0,Paid,0.0,3ac9a906-ef16-4311-aed9-42f0c810eb86
PAY004629,BOOK004629,2026-01-28,Credit Card,Cash,INR,57820.0,Paid,0.0,04f20729-7b91-4d89-8c78-3b01afa7d84b
PAY004630,BOOK004630,2026-01-13,Debit Card,PhonePe,SGD,17700.0,Paid,0.0,90b6b134-3f40-49e2-b120-f957425bf5df
PAY004631,BOOK004631,2025-10-11,Credit Card,PhonePe,GBP,15045.0,Paid,0.0,aa224ffb-e1ab-48fc-b2cc-fa2f7ac6b06f
PAY004632,BOOK004632,2024-08-12,Debit Card,PhonePe,SGD,88500.0,Paid,0.0,1be44f72-08a8-4757-b7af-02cf811ab955
PAY004633,BOOK004633,2025-06-03,Debit Card,Stripe,INR,24573.5,Paid,0.0,1e990a36-ddf0-46f1-8ab5-a4e1b68baa2f
PAY004634,BOOK004634,2026-04-15,Debit Card,Cash,EUR,24573.5,Paid,0.0,5da9073c-5558-417e-b77f-e796e6123290
PAY004635,BOOK004635,2025-03-20,UPI,Stripe,INR,23541.0,Paid,0.0,f9b84dbd-a1fb-415e-bbfb-8805043f4d8e
PAY004636,BOOK004636,2026-05-06,Net Banking,PayPal,GBP,11800.0,Paid,0.0,a8830740-cf0e-4e29-9c05-69a1ffe6fa6e
PAY004637,BOOK004637,2025-08-14,Credit Card,PayPal,GBP,25075.0,Paid,0.0,fc1babb3-31ce-4b25-ab0b-2b81b869a861
PAY004638,BOOK004638,2024-10-30,Debit Card,PayPal,INR,15930.0,Failed,0.0,1d4d3422-1615-402a-b48e-c3ba6f59f26a
PAY004639,BOOK004639,2025-02-08,Cash,PhonePe,EUR,23541.0,Paid,0.0,91d1c486-5427-492e-86dc-d9955a17d54c
PAY004640,BOOK004640,2026-02-03,Wallet,PayPal,AED,10620.0,Paid,0.0,e422a1e2-235b-47a4-a2dd-e4fcc04f1322
PAY004641,BOOK004641,2024-12-27,Debit Card,Cash,GBP,10030.0,Paid,0.0,fde94d43-c326-440c-b865-61075f74d45d
PAY004642,BOOK004642,2024-11-18,Credit Card,Stripe,SGD,16520.0,Paid,0.0,bac60ac9-7ab4-4ea7-b0a7-eaba87ff9993
PAY004643,BOOK004643,2024-09-07,Cash,Cash,INR,16815.0,Paid,0.0,b74f53eb-89e6-477d-97ef-b48fb83d16d3
PAY004644,BOOK004644,2025-12-28,Net Banking,Stripe,AED,10620.0,Paid,0.0,0f0625e5-c959-43ed-a788-6f3690581c69
PAY004645,BOOK004645,2026-01-20,Credit Card,Cash,AED,30090.0,Paid,0.0,c2168c73-bc60-482a-89a5-e5d5db04e6c1
PAY004646,BOOK004646,2025-06-15,Cash,Stripe,EUR,15694.0,Paid,0.0,452d804e-8fe8-46a8-90ef-bf8d4be8cb16
PAY004647,BOOK004647,2026-05-31,Cash,PayPal,USD,117705.0,Paid,0.0,2381459c-2731-4f3a-b4af-0f9dd5d28589
PAY004648,BOOK004648,2026-05-20,Wallet,PayPal,GBP,47200.0,Paid,0.0,788296c8-fe4d-4752-aba2-d7197097c065
PAY004649,BOOK004649,2026-01-09,Wallet,PhonePe,SGD,7021.0,Paid,0.0,db676f73-6946-4fe2-8d6f-bc3672c8171a
PAY004650,BOOK004650,2025-08-15,UPI,Stripe,EUR,79650.0,Refunded,74406.71,d7c5f7e3-4a73-4e27-abe8-6edc6c79bc3a
PAY004651,BOOK004651,2025-12-17,Cash,Stripe,GBP,50445.0,Paid,0.0,b469bd0a-9516-4b0b-a14f-e9c593004f84
PAY004652,BOOK004652,2024-10-12,Debit Card,Stripe,USD,7522.5,Paid,0.0,6b9f5af0-fd57-4fef-8d7a-3e1a5f9a4911
PAY004653,BOOK004653,2025-10-09,Debit Card,PayPal,GBP,5015.0,Paid,0.0,92779076-61db-4c7c-b404-8b0b2aa4be98
PAY004654,BOOK004654,2025-11-30,Debit Card,PhonePe,INR,6608.0,Paid,0.0,94708a10-5b47-41a3-be6c-3ec18e9f349b
PAY004655,BOOK004655,2026-03-17,Wallet,Razorpay,EUR,15694.0,Refunded,13776.82,70145415-bac1-4645-8f3d-ec8f279cf150
PAY004656,BOOK004656,2025-02-10,Net Banking,Cash,USD,5310.0,Paid,0.0,411ffbb5-11d6-487d-84fa-6ff5b7accb9d
PAY004657,BOOK004657,2025-07-13,Wallet,Stripe,SGD,23128.0,Paid,0.0,249fba48-c385-4064-b5df-847e9cc21c00
PAY004658,BOOK004658,2024-08-29,Debit Card,Razorpay,AED,20060.0,Paid,0.0,17164674-9d6a-4417-a845-605a9405c166
PAY004659,BOOK004659,2026-04-14,Debit Card,PayPal,SGD,7021.0,Paid,0.0,f30c43f9-851c-4426-8ee2-96afdb208dbd
PAY004660,BOOK004660,2025-02-26,Wallet,PhonePe,AED,17700.0,Paid,0.0,33c7cc17-36dd-441e-b3f0-5ca1ab9fa3fa
PAY004661,BOOK004661,2025-03-15,Debit Card,Stripe,EUR,23600.0,Paid,0.0,ea153069-7ddc-4109-8a5b-b1164ac6074d
PAY004662,BOOK004662,2025-12-23,UPI,Stripe,AED,28025.0,Paid,0.0,1a88efbe-1870-4b49-9ec1-e5b5fa735514
PAY004663,BOOK004663,2024-11-20,Wallet,PhonePe,USD,13216.0,Paid,0.0,9c749e3a-4597-46d2-98b7-ed9ff5545186
PAY004664,BOOK004664,2026-07-26,Cash,PayPal,INR,90270.0,Paid,0.0,0ff082f0-1d5b-4b85-8052-b8fe646e8a52
PAY004665,BOOK004665,2026-01-21,Credit Card,Cash,INR,7847.0,Paid,0.0,98681f38-df4c-40fe-bdf8-84e95fb4c2e7
PAY004666,BOOK004666,2025-03-21,Debit Card,PhonePe,EUR,23600.0,Paid,0.0,f8285658-299c-4abe-af9c-6212a5511da6
PAY004667,BOOK004667,2024-11-15,Net Banking,PhonePe,GBP,28320.0,Paid,0.0,e8a6ea4a-0d6c-47c6-a2f5-642879d20dd9
PAY004668,BOOK004668,2025-06-18,Net Banking,PayPal,USD,33040.0,Paid,0.0,1da9fa00-da71-4495-86ef-ce6742316ce0
PAY004669,BOOK004669,2025-11-25,Debit Card,Cash,EUR,2950.0,Paid,0.0,463c4119-707e-4325-89f5-0c5b0b52430a
PAY004670,BOOK004670,2025-06-22,Debit Card,Stripe,SGD,7847.0,Paid,0.0,620a13f9-0951-465e-9c52-b62d0b1985cd
PAY004671,BOOK004671,2025-02-03,UPI,PayPal,GBP,106200.0,Refunded,82904.42,4952300d-9fe9-479d-91bc-318c900bad2f
PAY004672,BOOK004672,2024-10-05,Net Banking,Razorpay,AED,24573.5,Paid,0.0,dd310288-b1cd-4640-94fe-b38b682949c1
PAY004673,BOOK004673,2026-01-13,Credit Card,Stripe,INR,15930.0,Paid,0.0,d261bf22-19de-4d86-91db-f17d86a0fa0a
PAY004674,BOOK004674,2026-05-01,Wallet,PayPal,USD,16815.0,Paid,0.0,104d98a3-b6e2-41a5-9734-3a194b68ef71
PAY004675,BOOK004675,2026-05-08,UPI,PhonePe,GBP,20060.0,Paid,0.0,a5647cc6-6d27-44d4-a80c-4dc330907a0e
PAY004676,BOOK004676,2024-11-01,Wallet,PayPal,GBP,14868.0,Paid,0.0,bcb8b77a-c411-4ae4-91b8-c90e670837b3
PAY004677,BOOK004677,2025-01-19,UPI,Razorpay,AED,35105.0,Refunded,31650.82,cba6a667-f068-4bb2-9d27-2f2b5377f3c1
PAY004678,BOOK004678,2024-10-15,Credit Card,PhonePe,EUR,123900.0,Paid,0.0,d2ba74ac-349d-42f1-9735-56b891031a43
PAY004679,BOOK004679,2025-03-18,Credit Card,Cash,SGD,23600.0,Paid,0.0,beae818a-51f3-4c87-b8ae-ee2f1aa80f1b
PAY004680,BOOK004680,2024-08-03,Wallet,Cash,GBP,2802.5,Paid,0.0,4662f5c2-6a75-408c-8d3e-40086e7f0cb1
PAY004681,BOOK004681,2025-02-06,UPI,Razorpay,GBP,15930.0,Paid,0.0,ef1cea33-4d98-45b7-bdf7-a3f4c93d946d
PAY004682,BOOK004682,2024-11-22,UPI,Stripe,AED,11210.0,Paid,0.0,feafd545-40b4-45a4-948e-687c60fb82cf
PAY004683,BOOK004683,2025-01-10,Net Banking,PhonePe,GBP,17700.0,Paid,0.0,1c2d5e2f-8055-4828-9674-753d75ea8a34
PAY004684,BOOK004684,2025-08-09,Net Banking,PayPal,AED,2360.0,Paid,0.0,9884838b-1997-4f82-8a10-04514bb7480b
PAY004685,BOOK004685,2026-01-03,Net Banking,Cash,GBP,17552.5,Paid,0.0,bc2255d1-6880-4ce7-9508-c2ea5afe5d7d
PAY004686,BOOK004686,2025-08-07,Credit Card,PayPal,USD,67260.0,Paid,0.0,90e1d157-455d-491e-a33d-a66d6796ee48
PAY004687,BOOK004687,2025-01-26,Debit Card,PhonePe,EUR,19824.0,Refunded,5692.42,0ba59900-beab-49e8-a5b8-a784332265bd
PAY004688,BOOK004688,2026-05-30,Cash,Cash,GBP,14042.0,Refunded,12183.25,120f4342-c465-4667-bd4b-08a0436c5aba
PAY004689,BOOK004689,2026-04-15,Wallet,Cash,AED,3923.5,Paid,0.0,b6c439a6-3dca-46b9-be4f-7e24d9a060fa
PAY004690,BOOK004690,2025-07-17,Net Banking,Razorpay,AED,11210.0,Paid,0.0,a570b9f5-19d4-4b14-b7ff-4015bbb689fc
PAY004691,BOOK004691,2025-06-06,Net Banking,PhonePe,GBP,21240.0,Paid,0.0,578260f6-ab42-4cff-8d08-f4ee2c86c668
PAY004692,BOOK004692,2025-12-07,Credit Card,PhonePe,EUR,37760.0,Paid,0.0,1cccbb51-2c04-43c6-b8b4-26a26c51b359
PAY004693,BOOK004693,2025-08-10,Wallet,Cash,USD,10620.0,Refunded,2725.56,a8f48b5b-cda1-4b4e-a892-3bf2eac6e930
PAY004694,BOOK004694,2026-06-26,Credit Card,PayPal,SGD,74340.0,Paid,0.0,45cc6506-1208-4a35-990c-d0dac2507b35
PAY004695,BOOK004695,2025-03-23,UPI,Cash,SGD,15045.0,Paid,0.0,b01aa20b-5f75-436a-90ac-5ad3b3698455
PAY004696,BOOK004696,2024-08-06,Credit Card,Cash,AED,56050.0,Paid,0.0,963a3cc5-57b7-463b-8bb2-72f7884f2fa8
PAY004697,BOOK004697,2025-12-26,UPI,Stripe,EUR,100890.0,Paid,0.0,2fcc4b3e-2c69-4279-b999-02710e97c04c
PAY004698,BOOK004698,2026-08-01,UPI,Cash,INR,31388.0,Paid,0.0,58e15bce-a49a-4362-b9a8-151365d37a6e
PAY004699,BOOK004699,2025-05-02,Cash,Razorpay,INR,9912.0,Paid,0.0,0b204269-1cd7-4d7c-b003-926dfad4a345
PAY004700,BOOK004700,2026-06-25,Credit Card,PayPal,GBP,5900.0,Paid,0.0,98f90629-7292-428d-ab52-d9cbd3bdc503
PAY004701,BOOK004701,2024-10-02,Wallet,Razorpay,GBP,22420.0,Paid,0.0,7add5f03-e558-4e13-910b-c53f19f1b9c3
PAY004702,BOOK004702,2026-03-24,Wallet,PayPal,EUR,117705.0,Paid,0.0,0ff87d01-7e32-431a-a46e-4b864900c3d8
PAY004703,BOOK004703,2025-07-31,UPI,PhonePe,AED,17700.0,Paid,0.0,8f8817c2-77de-4679-ba4f-19585168f4e7
PAY004704,BOOK004704,2024-08-13,Net Banking,PhonePe,INR,15045.0,Paid,0.0,eab0c9ed-d977-4d24-ac91-2b6c6e84b7d8
PAY004705,BOOK004705,2025-05-29,UPI,Stripe,AED,16520.0,Failed,0.0,ec96720b-96d7-4c9d-9dcc-9e1f596ea2a9
PAY004706,BOOK004706,2025-04-16,Wallet,PhonePe,AED,30090.0,Paid,0.0,0491f131-4874-4e25-ae09-07841736ed89
PAY004707,BOOK004707,2025-07-30,Cash,PhonePe,SGD,10620.0,Paid,0.0,40275ff4-695a-4299-a708-963ee278e801
PAY004708,BOOK004708,2026-03-10,Cash,Stripe,SGD,47790.0,Paid,0.0,d1b29e92-ea3f-4cab-b94b-167a38a2a0eb
PAY004709,BOOK004709,2025-06-13,Net Banking,Stripe,GBP,15045.0,Paid,0.0,d220cac9-f6be-4c1f-8986-31022529d2bb
PAY004710,BOOK004710,2026-07-13,Debit Card,Stripe,AED,50150.0,Paid,0.0,6211b315-7dc7-4ed0-96e1-6f33269f562b
PAY004711,BOOK004711,2025-10-14,Net Banking,Cash,AED,30090.0,Paid,0.0,4fc75f53-e3f7-4baf-b177-787463a0ad59
PAY004712,BOOK004712,2026-02-01,Wallet,PayPal,GBP,17552.5,Paid,0.0,d4375270-f651-4e2b-a7b4-ad24a275409e
PAY004713,BOOK004713,2025-09-29,Wallet,PhonePe,SGD,67260.0,Paid,0.0,7dc42a5d-0df2-42a3-ad7a-6e5e332b0fc9
PAY004714,BOOK004714,2026-06-08,UPI,Cash,USD,66080.0,Paid,0.0,ed449034-18fe-40ae-88c9-fc843d567e7a
PAY004715,BOOK004715,2024-09-08,Net Banking,Razorpay,,39235.0,Paid,0.0,650b5ace-53d8-4379-809b-7779d3413b90
PAY004716,BOOK004716,2025-04-13,UPI,Razorpay,USD,99120.0,Paid,0.0,c145d5f8-75bc-43e0-aa7c-136b9c03ad61
PAY004717,BOOK004717,2024-12-09,Debit Card,PayPal,,41300.0,Paid,0.0,39675327-7c30-4fc8-8b9a-b39ec3c6c44f
PAY004718,BOOK004718,2026-03-14,UPI,Razorpay,USD,3717.0,Paid,0.0,e9217d68-250a-462f-a666-522e5ca61554
PAY004719,BOOK004719,2024-12-01,Wallet,Cash,INR,15694.0,Refunded,11652.9,19c6bcb2-9591-416f-ae07-66eea693bbc0
PAY004720,BOOK004720,2025-12-20,Credit Card,Stripe,AED,84960.0,Paid,0.0,386183cc-20a3-4db2-8bdc-11cade116f74
PAY004721,BOOK004721,2026-04-29,Debit Card,Stripe,INR,26019.0,Paid,0.0,c8b78ecd-0634-4633-92ca-00f766f8b036
PAY004722,BOOK004722,2026-01-06,Credit Card,Razorpay,USD,24780.0,Paid,0.0,7dfdf725-0896-42a3-a162-1f1daa625b0d
PAY004723,BOOK004723,2026-04-13,Debit Card,Razorpay,AED,31860.0,Paid,0.0,0c74d430-dcbd-4d2c-8c7e-aba097892a0f
PAY004724,BOOK004724,2025-07-07,Net Banking,Cash,AED,7522.5,Refunded,5380.92,e2c4f739-6596-4b4a-af8a-5a0cdbc1da2c
PAY004725,BOOK004725,2024-10-10,Credit Card,Cash,INR,42480.0,Paid,0.0,03d34f75-acc7-444d-9bda-40c6bdb1d157
PAY004726,BOOK004726,2025-09-13,Wallet,PayPal,SGD,35400.0,Paid,0.0,c7ac0695-eb9e-4dae-bf31-2678ba7dc464
PAY004727,BOOK004727,2024-10-07,Cash,Razorpay,SGD,23600.0,Paid,0.0,33071b23-a161-4cea-9e81-e755f0745207
PAY004728,BOOK004728,2024-10-05,UPI,PhonePe,AED,22302.0,Paid,0.0,083d0760-e426-4b4f-b85a-7b45e5593325
PAY004729,BOOK004729,2024-11-12,Net Banking,PhonePe,AED,18880.0,Paid,0.0,68151f2e-113b-4c9d-b4d3-d20075ec6eda
PAY004730,BOOK004730,2024-07-31,UPI,PhonePe,AED,44604.0,Paid,0.0,ae2df952-b64e-42aa-96d5-20e2415f4720
PAY004731,BOOK004731,2025-04-15,UPI,PhonePe,EUR,23541.0,Paid,0.0,c2855280-8d00-4e13-9e9e-859091d766d8
PAY004732,BOOK004732,2026-06-09,Net Banking,PhonePe,SGD,47790.0,Paid,0.0,ba9bf966-b7e5-45d5-bf3f-75eb50965ad1
PAY004733,BOOK004733,2025-06-11,Debit Card,PhonePe,EUR,20650.0,Paid,0.0,b3400669-47fa-4c48-8975-52f6da51295b
PAY004734,BOOK004734,2025-11-01,Wallet,PayPal,USD,70800.0,Paid,0.0,b0d8f54a-d9b7-4ce4-94bb-96855b264e6e
PAY004735,BOOK004735,2024-09-20,Net Banking,PhonePe,EUR,63720.0,Paid,0.0,d4bc84fd-766d-459d-9102-b918717446ed
PAY004736,BOOK004736,2026-01-17,UPI,PayPal,GBP,23600.0,Failed,0.0,fc6acc83-10e8-4845-9826-fef9124361f5
PAY004737,BOOK004737,2024-09-27,Wallet,Razorpay,EUR,26432.0,Paid,0.0,ecd67f2b-80ab-4d73-9964-9c0116a55c96
PAY004738,BOOK004738,2024-08-17,Net Banking,Stripe,USD,3717.0,Paid,0.0,3bb579e7-801c-4dac-8bac-13782cb3e857
PAY004739,BOOK004739,2026-07-18,UPI,Razorpay,EUR,16520.0,Paid,0.0,e66b4f3b-f0c5-4935-9082-630824f43f75
PAY004740,BOOK004740,2026-03-21,Credit Card,PayPal,INR,15694.0,Paid,0.0,054a40e6-f5e8-47ec-b34e-47cfdd44bb55
PAY004741,BOOK004741,2025-12-27,UPI,PhonePe,GBP,8260.0,Failed,0.0,c4ce1276-4bd2-4dfb-beaa-8bd45e64da52
PAY004742,BOOK004742,2025-01-05,Credit Card,Cash,AED,28320.0,Paid,0.0,907a928f-1a07-4a27-92fb-0704b46a668c
PAY004743,BOOK004743,2026-03-09,UPI,Razorpay,INR,9440.0,Paid,0.0,041e61a7-8f84-4618-bdd8-f61d7c1cb5f9
PAY004744,BOOK004744,2024-08-04,Cash,PayPal,GBP,70800.0,Paid,0.0,06774225-50b7-4722-a101-d24486e4dcef
PAY004745,BOOK004745,2024-12-04,UPI,PayPal,AED,75225.0,Paid,0.0,bfeb2873-bb1a-4728-8987-b83b602f3bb0
PAY004746,BOOK004746,2025-03-12,Wallet,Stripe,INR,29500.0,Paid,0.0,5cb2260b-6df8-4612-ad42-49c9c9d240a4
PAY004747,BOOK004747,2025-05-16,Wallet,PayPal,SGD,23600.0,Paid,0.0,38d7d405-a6b0-4323-b6f7-6f902b52c1f1
PAY004748,BOOK004748,2025-09-04,Net Banking,Razorpay,SGD,23600.0,Paid,0.0,9c5dfa2a-4080-44d5-aa53-36b92379262d
PAY004749,BOOK004749,2026-05-05,Debit Card,PayPal,EUR,10620.0,Failed,0.0,8e2a32f5-3302-4c1d-919e-222c380b0c20
PAY004750,BOOK004750,2026-07-27,Credit Card,Stripe,INR,31860.0,Paid,0.0,fa0ed38e-25aa-49b8-8864-fcec246a2066
PAY004751,BOOK004751,2025-03-03,Wallet,Razorpay,EUR,63720.0,Paid,0.0,77072cdb-602e-47c6-8fc1-8c704702a1bb
PAY004752,BOOK004752,2025-04-21,Credit Card,PayPal,GBP,50150.0,Paid,0.0,52a62eea-c973-4304-8b80-9c8b4024d6ce
PAY004753,BOOK004753,2025-12-14,UPI,PayPal,AED,24780.0,Refunded,15492.21,5b551a19-1ff9-4633-8ab1-327ca391be9d
PAY004754,BOOK004754,2026-04-21,Debit Card,Stripe,EUR,10620.0,Refunded,4483.24,794e90c9-6e9e-4e59-98c5-d611c513ea7b
PAY004755,BOOK004755,2024-11-01,Credit Card,Stripe,AED,16520.0,Paid,0.0,fd83b1c4-7699-4a32-a651-b2e12c5bd3a4
PAY004756,BOOK004756,2024-10-15,Cash,PayPal,EUR,39235.0,Paid,0.0,ffbccb4e-e8bb-48d2-807d-06b6cd3b4026
PAY004757,BOOK004757,2025-08-30,Debit Card,PhonePe,INR,12537.5,Refunded,6984.92,4d7f5794-ef19-43e8-8362-9014d5634dd6
PAY004758,BOOK004758,2025-03-05,Cash,Razorpay,INR,12390.0,Paid,0.0,b1b10a6b-1e10-4924-8e68-962ae9789f41
PAY004759,BOOK004759,2025-07-20,Credit Card,Razorpay,EUR,3923.5,Paid,0.0,ccaa74de-3245-4cbb-859b-b77838370a2b
PAY004760,BOOK004760,2026-03-28,Credit Card,Cash,EUR,52038.0,Paid,0.0,5a81f4a7-5b57-466a-86c2-40121d5af45c
PAY004761,BOOK004761,2025-12-16,Net Banking,PayPal,INR,31388.0,Paid,0.0,6386186e-baa8-4bbd-97de-b4b5d9db0b0b
PAY004762,BOOK004762,2024-09-12,Cash,PayPal,AED,15930.0,Refunded,7954.3,2ca2e74c-31ee-4235-b82a-23d3db0afbc7
PAY004763,BOOK004763,2025-11-20,Credit Card,Razorpay,SGD,15930.0,Paid,0.0,684d08e1-5c5e-4fb7-aac3-0dd16304abb0
PAY004764,BOOK004764,2025-05-04,Cash,Razorpay,INR,7522.5,Refunded,2796.92,dca94fc6-cbe0-40fe-9026-46076f1fc0ec
PAY004765,BOOK004765,2025-11-15,Wallet,PhonePe,INR,2360.0,Paid,0.0,a05bca5c-ef20-4add-a5e6-0ac3151491df
PAY004766,BOOK004766,2026-01-30,Debit Card,PayPal,SGD,14160.0,Paid,0.0,7ee5c900-ce17-4a6d-b6e0-c0145f894ca8
PAY004767,BOOK004767,2025-03-04,UPI,Razorpay,INR,84960.0,Refunded,39519.23,60922e3e-1f34-464b-bf67-1b2b8e82d394
PAY004768,BOOK004768,2025-12-30,Net Banking,Cash,GBP,3304.0,Paid,0.0,15679e3a-3a46-43f3-af51-0f4c7791c750
PAY004769,BOOK004769,2025-07-11,Credit Card,PhonePe,INR,39235.0,Paid,0.0,229b1cfb-5315-49b6-90ee-e641e5300a9c
PAY004770,BOOK004770,2025-12-17,UPI,PayPal,SGD,67260.0,Paid,0.0,2a211c12-17c9-4ee7-965a-d5c1b5528eb6
PAY004771,BOOK004771,2025-04-10,Net Banking,Stripe,AED,42480.0,Refunded,28371.31,9ab966f1-326d-47c4-a58f-9c1eb76e5504
PAY004772,BOOK004772,2024-12-16,UPI,Razorpay,INR,53100.0,Paid,0.0,e7874b69-ad05-4ec9-8d05-7a6fd844358c
PAY004773,BOOK004773,2024-10-30,Wallet,Cash,AED,90270.0,Paid,0.0,bf852712-842f-415d-9489-d2774590bc9e
PAY004774,BOOK004774,2024-12-07,Cash,Stripe,USD,33040.0,Refunded,31354.95,06fbb8b1-e0e5-4df1-98bd-e77a22fd4c8e
PAY004775,BOOK004775,2025-10-05,Debit Card,Cash,AED,31860.0,Paid,0.0,b4ee6755-348b-4ebf-bfa2-e2efc92b11e2
PAY004776,BOOK004776,2026-03-05,Cash,Cash,USD,2507.5,Paid,0.0,b41ba16a-1844-46a1-a0dc-2cc46efcd8b1
PAY004777,BOOK004777,2024-08-13,Cash,PhonePe,SGD,47790.0,Paid,0.0,c711ab79-2aae-466e-891e-f9c7982a0ed6
PAY004778,BOOK004778,2026-05-11,Debit Card,PayPal,INR,16815.0,Paid,0.0,3442c867-4c8c-4ee2-b234-ccb0a4af2038
PAY004779,BOOK004779,2026-06-24,Credit Card,PayPal,GBP,28910.0,Paid,0.0,8159e67f-6812-4d95-89e4-628c9d79a3e9
PAY004780,BOOK004780,2025-11-10,Cash,Razorpay,INR,18880.0,Refunded,9654.46,e26a0e6c-0777-4df1-b334-bbc68261b283
PAY004781,BOOK004781,2026-05-15,Credit Card,PhonePe,GBP,37760.0,Paid,0.0,881c7781-3371-4207-9c66-075937c3fc14
PAY004782,BOOK004782,2024-08-23,Debit Card,Stripe,AED,9440.0,Paid,0.0,7f9a69ba-9408-4d61-ae8f-5c280fecf226
PAY004783,BOOK004783,2024-11-29,Debit Card,Stripe,INR,23600.0,Paid,0.0,d9f6d4a5-d46d-48ad-ad99-e652f24b4263
PAY004784,BOOK004784,2026-02-25,Debit Card,Stripe,INR,33630.0,Paid,0.0,28680294-7f7a-4a6f-ae53-240700594190
PAY004785,BOOK004785,2026-03-18,UPI,PhonePe,SGD,20650.0,Paid,0.0,778e12eb-ec3f-41a4-b1a8-86b47ba239bd
PAY004786,BOOK004786,2025-09-17,UPI,PhonePe,EUR,12537.5,Paid,0.0,b311381c-7287-4a2b-af98-ab0893a47ac5
PAY004787,BOOK004787,2026-05-22,Debit Card,Cash,SGD,5015.0,Paid,0.0,ab8f6b7a-5d71-4e71-9dfa-c51a7f00c0d8
PAY004788,BOOK004788,2026-05-07,Net Banking,Razorpay,GBP,28320.0,Paid,0.0,69c3221d-4105-412d-92a2-901d0ca9277b
PAY004789,BOOK004789,2026-04-07,Wallet,PayPal,AED,49560.0,Paid,0.0,5f919539-0f16-4bc1-b8a2-89de947248e6
PAY004790,BOOK004790,2025-05-10,Debit Card,PayPal,SGD,53100.0,Paid,0.0,0b15fa5b-d29d-49c7-9a3b-a92d56ef6a48
PAY004791,BOOK004791,2025-07-23,Net Banking,Stripe,GBP,28910.0,Paid,0.0,77abbd21-679e-4a51-936d-448c86c2865f
PAY004792,BOOK004792,2025-10-21,Debit Card,Cash,EUR,15045.0,Paid,0.0,d32ec329-493b-4ee4-984a-791f7903c22b
PAY004793,BOOK004793,2026-05-12,UPI,PhonePe,USD,10620.0,Paid,0.0,7a3894b8-7abb-4b3a-b7f1-b36a2a2985d9
PAY004794,BOOK004794,2025-11-12,Wallet,Stripe,INR,5310.0,Paid,0.0,50bc8b04-a835-4b7b-9fc2-9cdf4dafaf4b
PAY004795,BOOK004795,2025-12-31,UPI,Cash,SGD,7965.0,Paid,0.0,4423d6f4-c6f8-45a6-b57f-f4e7e88293ba
PAY004796,BOOK004796,2025-12-05,UPI,PayPal,INR,8260.0,Paid,0.0,6adf6c7b-020f-4016-8dd8-129b12f14a7b
PAY004797,BOOK004797,2024-10-12,Net Banking,PayPal,AED,79650.0,Paid,0.0,094c7446-e272-4502-84e1-6a917aa6e3e6
PAY004798,BOOK004798,2025-07-02,Net Banking,Stripe,SGD,16520.0,Paid,0.0,e8e85e58-9d68-444d-961e-befa4a26ee9f
PAY004799,BOOK004799,2025-07-03,Wallet,Cash,USD,17700.0,Refunded,7665.82,80f18c69-f366-49b8-a080-2cc965856ed9
PAY004800,BOOK004800,2026-04-26,UPI,Stripe,INR,105315.0,Paid,0.0,80204170-eb37-40c3-aca7-44ce75fc00df
PAY004801,BOOK004801,2026-05-27,UPI,PayPal,GBP,117705.0,Paid,0.0,9a138401-ee79-4a62-a326-02bc24ed0647
PAY004802,BOOK004802,2025-05-10,Cash,PhonePe,GBP,29500.0,Paid,0.0,0228e410-4f3a-4f1d-bec5-d13a6c564456
PAY004803,BOOK004803,2025-01-09,UPI,Cash,INR,31860.0,Paid,0.0,c27856fb-4a49-4d2b-9700-1e58279c4e4c
PAY004804,BOOK004804,2025-01-08,Net Banking,Cash,AED,99120.0,Paid,0.0,1240eb55-b97a-4c50-b579-4db0aedcd797
PAY004805,BOOK004805,2025-05-18,Debit Card,Razorpay,USD,33040.0,Paid,0.0,76e8f572-d901-413e-a7cd-042cedcb0ad0
PAY004806,BOOK004806,2025-11-07,Credit Card,Cash,SGD,33040.0,Paid,0.0,0923e431-6d98-43c7-846d-117745a1be9a
PAY004807,BOOK004807,2025-03-25,Net Banking,PhonePe,USD,21063.0,Paid,0.0,fe9cfd08-e3ae-42d9-b72f-8672d6a9df0a
PAY004808,BOOK004808,2025-10-03,Cash,Razorpay,AED,42480.0,Paid,0.0,f0df58dc-c67f-4bbb-8222-00c5ef57bc84
PAY004809,BOOK004809,2025-12-10,Debit Card,PayPal,USD,15930.0,Refunded,12439.08,c2dea408-14ba-4134-bdbd-521f9d359070
PAY004810,BOOK004810,2026-07-27,Cash,Stripe,INR,70800.0,Paid,0.0,5da73fdd-8dad-41de-a120-97d8b8de3aed
PAY004811,BOOK004811,2026-01-20,Debit Card,PhonePe,GBP,29736.0,Paid,0.0,8a068876-d3b0-4465-a41a-6e04bc690978
PAY004812,BOOK004812,2025-04-30,Net Banking,Cash,GBP,14160.0,Paid,0.0,5cf2ec9e-be8d-4ad0-88dc-c73367500a29
PAY004813,BOOK004813,2025-09-03,Wallet,Stripe,GBP,27464.5,Paid,0.0,628484fb-8a41-403b-ba40-74973acef896
PAY004814,BOOK004814,2024-10-25,Net Banking,Cash,SGD,22420.0,Paid,0.0,99c2c994-178c-472f-b195-8e8a051877a5
PAY004815,BOOK004815,2026-07-06,Debit Card,PhonePe,INR,23128.0,Paid,0.0,a125d30b-84ea-4880-a24a-290917a8ee88
PAY004816,BOOK004816,2025-08-18,Wallet,Stripe,AED,22420.0,Paid,0.0,e41f296f-155a-4be1-8457-750c2630312e
PAY004817,BOOK004817,2026-01-02,Net Banking,PhonePe,EUR,23600.0,Paid,0.0,4e42867e-d680-4fef-a018-601b7c83c48e
PAY004818,BOOK004818,2024-10-07,Debit Card,Razorpay,INR,42480.0,Paid,0.0,43fc7535-142d-4881-984c-e039fd6a76b6
PAY004819,BOOK004819,2026-06-28,Credit Card,Cash,EUR,7434.0,Paid,0.0,afbd0493-4e32-4115-b9a0-a748c3b7b577
PAY004820,BOOK004820,2025-07-26,Credit Card,Razorpay,GBP,41300.0,Paid,0.0,87ab433e-cda9-4651-ab1c-4086eb31b773
PAY004821,BOOK004821,2025-08-20,Debit Card,PhonePe,INR,14160.0,Paid,0.0,690d05f5-4fd6-47e2-8e65-59fe8fc11d2b
PAY004822,BOOK004822,2025-06-15,Debit Card,PayPal,INR,33040.0,Paid,0.0,e449d5a9-a997-4b31-9ea3-a50fbc6d91a6
PAY004823,BOOK004823,2025-11-04,Cash,Razorpay,USD,42480.0,Paid,0.0,e4bc74b7-b452-47d3-bf9b-409132bf5a75
PAY004824,BOOK004824,2024-11-08,Net Banking,PhonePe,USD,13216.0,Refunded,11747.31,61e753fe-bd60-4532-b93e-f2fa8effb93e
PAY004825,BOOK004825,2026-01-13,Net Banking,Cash,INR,33040.0,Paid,0.0,1d6c869c-c40b-489c-9f76-087de36dd705
PAY004826,BOOK004826,2025-02-02,Debit Card,Razorpay,GBP,14750.0,Paid,0.0,1db891e5-d3c5-4310-8b15-44dbf6478e36
PAY004827,BOOK004827,2025-09-12,Cash,Cash,EUR,45135.0,Paid,0.0,60df11ad-6497-4f4e-b7c0-860e4267ce95
PAY004828,BOOK004828,2025-03-21,UPI,Cash,SGD,16815.0,Paid,0.0,c987259a-604c-4e68-bd25-383a93bbb975
PAY004829,BOOK004829,2025-05-21,UPI,Razorpay,INR,2655.0,Paid,0.0,52ec79f5-66c0-4690-bcab-04e163c0ff2f
PAY004830,BOOK004830,2024-10-31,UPI,PayPal,INR,20650.0,Paid,0.0,df537e5a-fbb8-46d2-a722-68b954d3c1e9
PAY004831,BOOK004831,2026-04-03,Wallet,Razorpay,USD,11800.0,Paid,0.0,600f53b1-e32d-48b1-acd0-ff331630b02a
PAY004832,BOOK004832,2025-05-18,UPI,Stripe,INR,15930.0,Paid,0.0,738fb52b-919c-4d9d-981e-3eb098142e82
PAY004833,BOOK004833,2024-08-10,Wallet,PhonePe,INR,49560.0,Paid,0.0,a054a697-c5e7-46c9-a189-d9a7071d44ac
PAY004834,BOOK004834,2026-05-10,Wallet,PhonePe,USD,17552.5,Paid,0.0,1cfb132e-f057-489c-8ccb-50575a5f8793
PAY004835,BOOK004835,2026-07-14,Credit Card,Razorpay,EUR,37170.0,Paid,0.0,3de41f67-4e93-41a1-a3a6-353f5c77df05
PAY004836,BOOK004836,2024-09-07,Credit Card,PayPal,EUR,20060.0,Failed,0.0,ee3f509b-1a8e-4a7f-8480-04b1dc146050
PAY004837,BOOK004837,2025-01-01,Credit Card,PhonePe,EUR,14750.0,Paid,0.0,927cf04b-e0ec-492a-ae99-da70505a25a0
PAY004838,BOOK004838,2024-12-17,Credit Card,PayPal,AED,21240.0,Paid,0.0,08de2144-cf81-4223-a318-56d7c1780e6d
PAY004839,BOOK004839,2026-07-08,Credit Card,Cash,EUR,16520.0,Paid,0.0,70851818-1ebe-4a27-9972-64c6408207fc
PAY004840,BOOK004840,2024-11-28,Credit Card,PayPal,INR,49147.0,Paid,0.0,b164b326-c56e-4bcd-b3f4-aa26322b9ee3
PAY004841,BOOK004841,2025-10-06,Wallet,Razorpay,AED,7080.0,Paid,0.0,47849c03-c8a2-4ab7-82d8-5b865b82b0a8
PAY004842,BOOK004842,2024-10-22,Cash,Cash,EUR,21063.0,Paid,0.0,7fce303f-56e6-40a7-84b7-b1c83dbad6ac
PAY004843,BOOK004843,2024-10-25,Cash,Razorpay,USD,60180.0,Paid,0.0,c8d530ce-1a22-4761-8736-e5ab2a1b16f9
PAY004844,BOOK004844,2025-07-31,UPI,PhonePe,AED,12537.5,Paid,0.0,9ef16b3f-f5a6-42f1-9cb2-aa49d2e12eb2
PAY004845,BOOK004845,2026-06-11,UPI,Razorpay,SGD,21063.0,Failed,0.0,01b871ab-84bf-4c57-a122-8a4ce01fecf4
PAY004846,BOOK004846,2025-03-29,Cash,Razorpay,INR,15045.0,Paid,0.0,c4ad52a8-9b1c-4a6d-b2c5-b3554af1dd6c
PAY004847,BOOK004847,2026-07-20,UPI,Stripe,USD,16520.0,Paid,0.0,3aafa3ae-3592-4b1e-b489-1257472c06d3
PAY004848,BOOK004848,2026-02-17,UPI,Razorpay,EUR,49147.0,Paid,0.0,770ac02b-ce26-48c3-8e5a-b941f8ab369d
PAY004849,BOOK004849,2024-12-24,Debit Card,PhonePe,USD,50150.0,Paid,0.0,6b970095-1492-404d-9c59-d98a3a739c00
PAY004850,BOOK004850,2026-04-15,Wallet,Stripe,USD,17552.5,Paid,0.0,562b87a4-00a2-449c-a4b7-88a1fe14d3cb
PAY004851,BOOK004851,2026-02-09,Cash,PayPal,,33040.0,Paid,0.0,80e332b3-36a1-4125-abd9-e0f3a389f389
PAY004852,BOOK004852,2026-06-27,UPI,Razorpay,EUR,35400.0,Refunded,14607.28,016ae125-de9f-4f58-9ec4-d6f28bd56f33
PAY004853,BOOK004853,2025-07-04,Net Banking,PhonePe,AED,23600.0,Paid,0.0,7726470d-9039-402a-9b26-3dae97a66163
PAY004854,BOOK004854,2025-02-24,UPI,Stripe,AED,16520.0,Paid,0.0,7ee66807-a881-4cde-9120-d302559c5da9
PAY004855,BOOK004855,2025-06-15,Cash,Razorpay,GBP,16520.0,Refunded,14946.54,0c6ac7f3-0789-47ea-89af-1ce5f6f9f23d
PAY004856,BOOK004856,2025-07-02,Credit Card,Razorpay,AED,11800.0,Paid,0.0,8b2fccd3-5d75-434c-b098-e552c1b866fa
PAY004857,BOOK004857,2024-10-08,Cash,PayPal,GBP,8260.0,Paid,0.0,e0c5b2a5-1fd5-40b2-b150-fd0dccdd4d54
PAY004858,BOOK004858,2025-04-24,Credit Card,PhonePe,USD,12390.0,Paid,0.0,491c30a9-a407-47bb-b3e9-c6b973dd2e48
PAY004859,BOOK004859,2026-04-04,Credit Card,Stripe,INR,39235.0,Refunded,23734.09,0f0a53d3-10d8-433d-88c2-7d99aeafb890
PAY004860,BOOK004860,2026-05-21,Debit Card,PayPal,USD,9440.0,Paid,0.0,59cfa052-0d51-4e68-9d30-a4f4092f5fd1
PAY004861,BOOK004861,2026-03-13,Cash,PhonePe,SGD,5900.0,Paid,0.0,237796c2-7e33-4001-aef6-a1ef0bbf5f67
PAY004862,BOOK004862,2025-10-08,Debit Card,PayPal,AED,2950.0,Paid,0.0,683d6149-97b2-43f8-9efb-b833f7cf36d3
PAY004863,BOOK004863,2024-10-24,Cash,Cash,USD,26550.0,Refunded,24395.45,68750ad7-247f-4e27-bc49-88154b655645
PAY004864,BOOK004864,2024-10-21,UPI,Razorpay,EUR,66080.0,Paid,0.0,cc214c74-54da-4188-ae7c-9ce8c3d1b174
PAY004865,BOOK004865,2025-08-12,Net Banking,Razorpay,SGD,14868.0,Paid,0.0,8e6186d3-4557-4856-80d6-82610264b11e
PAY004866,BOOK004866,2025-10-23,Debit Card,PayPal,AED,70800.0,Paid,0.0,4b63ded5-d92b-45c1-b33b-6592642fff2a
PAY004867,BOOK004867,2024-08-25,UPI,Stripe,INR,16520.0,Paid,0.0,1da28d65-f9cb-425a-89bc-e861f03bff9a
PAY004868,BOOK004868,2026-01-17,Cash,Stripe,AED,11210.0,Paid,0.0,73532fec-2de4-4070-ad36-453b5be8d344
PAY004869,BOOK004869,2025-01-21,Net Banking,PhonePe,GBP,11210.0,Refunded,7378.11,ace241a6-eea0-418a-8625-294fec80cb01
PAY004870,BOOK004870,2026-05-10,UPI,Razorpay,SGD,70800.0,Paid,0.0,43386daf-18de-4cad-b6d8-c379bc19e3be
PAY004871,BOOK004871,2025-03-01,Debit Card,Stripe,EUR,21063.0,Refunded,18876.4,67b6be46-7c9d-421b-b331-43c87677d046
PAY004872,BOOK004872,2026-04-19,Cash,PayPal,SGD,19617.5,Paid,0.0,c1b43586-da1f-46af-bb26-8bf801f17725
PAY004873,BOOK004873,2025-08-30,Wallet,Razorpay,GBP,21240.0,Paid,0.0,5f80366b-50b4-40e8-9f8b-ba9f55047850
PAY004874,BOOK004874,2026-07-25,Credit Card,Stripe,AED,66080.0,Paid,0.0,76eae784-cfe8-4fa4-aff3-a459b93a7453
PAY004875,BOOK004875,2026-07-04,Wallet,Stripe,INR,33630.0,Paid,0.0,b4d36406-c813-41b8-84bb-3ded6e59930e
PAY004876,BOOK004876,2026-01-09,Net Banking,Razorpay,INR,3510.5,Paid,0.0,b0b88d9d-76a9-49c3-b8e4-57e2a65c579b
PAY004877,BOOK004877,2025-06-06,Wallet,Stripe,SGD,19824.0,Paid,0.0,074d5726-8b80-441c-a491-e822e3780ce1
PAY004878,BOOK004878,2025-12-14,Debit Card,PhonePe,GBP,23128.0,Paid,0.0,07533c5a-3afe-479b-8d3e-8069040d574e
PAY004879,BOOK004879,2026-06-19,Debit Card,PhonePe,SGD,33630.0,Paid,0.0,8f8b8a8d-13b8-4b72-bff9-2bf2af0fc9a0
PAY004880,BOOK004880,2026-07-03,Credit Card,PayPal,SGD,15930.0,Paid,0.0,3a4db0aa-72e5-4781-b908-72baa66f8ad8
PAY004881,BOOK004881,2024-11-12,Net Banking,Razorpay,EUR,28320.0,Paid,0.0,325dedee-6916-4604-b5f1-ec6ec1fc48a9
PAY004882,BOOK004882,2025-07-04,Cash,Razorpay,INR,7080.0,Failed,0.0,497bf0de-9876-47ba-8ecb-5da5138326ae
PAY004883,BOOK004883,2026-06-06,Net Banking,Razorpay,EUR,24780.0,Paid,0.0,59077e01-387a-4b10-8727-274367078ae2
PAY004884,BOOK004884,2024-08-10,Net Banking,Cash,USD,18585.0,Paid,0.0,1aedc36c-3baa-47dc-961a-99856f7e35e6
PAY004885,BOOK004885,2024-08-18,Net Banking,Razorpay,GBP,13216.0,Paid,0.0,3a423ca5-2677-491a-9f99-09302dad7e0b
PAY004886,BOOK004886,2025-01-06,Cash,Razorpay,GBP,9912.0,Paid,0.0,9f913576-7726-43e6-ad71-15316b868f70
PAY004887,BOOK004887,2025-02-18,Cash,Razorpay,INR,14750.0,Paid,0.0,e963f75e-9904-4e89-ac78-4aeddaad9b1e
PAY004888,BOOK004888,2024-12-30,Credit Card,Cash,EUR,70800.0,Paid,0.0,82403662-c7f9-417f-bcae-62b4dc1c77b7
PAY004889,BOOK004889,2025-07-12,Credit Card,PhonePe,EUR,47790.0,Paid,0.0,9db07fcc-e999-4a47-b992-cfb488b5fd77
PAY004890,BOOK004890,2024-09-02,Cash,PayPal,EUR,2802.5,Paid,0.0,5ba79e9f-f644-4789-8e2d-ba6d9b893534
PAY004891,BOOK004891,2026-01-13,Net Banking,PhonePe,INR,7965.0,Paid,0.0,3718289b-7444-4991-b4cc-89ac1a195550
PAY004892,BOOK004892,2025-11-14,Wallet,Razorpay,AED,5310.0,Paid,0.0,034003a8-62c3-44e6-a843-095b5d82fee8
PAY004893,BOOK004893,2026-04-13,Cash,PayPal,INR,5015.0,Paid,0.0,b8c461b7-f7db-4765-b781-9dd983d2617a
PAY004894,BOOK004894,2025-09-28,Cash,PhonePe,AED,2802.5,Paid,0.0,7f13c2a6-0aa7-40bf-a24b-87818e707961
PAY004895,BOOK004895,2025-05-15,Cash,PayPal,EUR,35105.0,Paid,0.0,2b0628e6-5435-40b4-b5d3-b698c08560cc
PAY004896,BOOK004896,2024-12-10,Wallet,Stripe,EUR,13216.0,Paid,0.0,41f951ee-b2b3-400c-8cda-019d3af839fc
PAY004897,BOOK004897,2025-09-06,Wallet,Stripe,INR,15045.0,Paid,0.0,86481f61-b8e0-498d-a14c-4a9e91c2d23a
PAY004898,BOOK004898,2026-06-07,UPI,Cash,SGD,5015.0,Paid,0.0,743a27c6-f65f-4b95-9bf8-571aa8b33b0f
PAY004899,BOOK004899,2025-12-27,Cash,Stripe,GBP,7434.0,Refunded,2286.83,a23bd7b6-c05a-4c0e-a19a-5d3cf04341d3
PAY004900,BOOK004900,2026-02-02,Debit Card,PayPal,EUR,30090.0,Paid,0.0,21538ec0-d47a-4d9e-a51a-f425fa468f51
PAY004901,BOOK004901,2024-12-06,UPI,PayPal,INR,14868.0,Paid,0.0,1ba595b4-caa3-4c60-877f-cb98edcc7557
PAY004902,BOOK004902,2024-12-04,UPI,Razorpay,INR,5900.0,Paid,0.0,6d4257ca-af41-4514-98e8-12eebdb9d037
PAY004903,BOOK004903,2025-05-10,UPI,Stripe,GBP,70800.0,Paid,0.0,25411c32-33bd-4823-84d3-a0c5c73bdbb3
PAY004904,BOOK004904,2026-07-07,Wallet,Cash,EUR,12390.0,Paid,0.0,aea75786-f182-410d-be17-c86c10dae479
PAY004905,BOOK004905,2025-06-06,Cash,Stripe,INR,5015.0,Paid,0.0,29e9eb29-ff6f-4ac6-80ef-4a87391f7cb3
PAY004906,BOOK004906,2025-09-21,Debit Card,Stripe,EUR,22302.0,Paid,0.0,620f42e7-6ed0-48c3-b3e6-12966bf67bcf
PAY004907,BOOK004907,2025-01-03,UPI,Stripe,USD,3923.5,Paid,0.0,983b0d9d-f309-4c28-bcdc-6d0efe3f063c
PAY004908,BOOK004908,2025-08-08,Net Banking,PayPal,INR,16520.0,Paid,0.0,663e263a-cf5e-4dee-8592-9bee7eb82e36
PAY004909,BOOK004909,2025-08-23,UPI,PayPal,SGD,5605.0,Paid,0.0,5d29abdb-9452-4d09-b1c1-866ff27b1c88
PAY004910,BOOK004910,2026-03-02,Cash,Stripe,GBP,6608.0,Paid,0.0,3f0d9a68-b221-4bb3-8a5d-d313c9611acb
PAY004911,BOOK004911,2025-03-16,Credit Card,Stripe,USD,99120.0,Paid,0.0,8057e9ac-48a4-4928-a654-fb4f99147dda
PAY004912,BOOK004912,2025-03-14,UPI,Stripe,GBP,56640.0,Paid,0.0,fdb5ef5a-da2d-4147-8308-84f738c231f8
PAY004913,BOOK004913,2026-06-10,UPI,Razorpay,SGD,7965.0,Paid,0.0,0dc83409-22bd-43f1-a34e-9a697d7b5ba6
PAY004914,BOOK004914,2024-09-27,UPI,PhonePe,INR,5605.0,Paid,0.0,dd0fd6cb-53f7-4aad-961a-f04b664daad0
PAY004915,BOOK004915,2024-11-08,Wallet,Razorpay,USD,52038.0,Paid,0.0,b282363c-c6eb-46cf-95dc-ac096e4ad357
PAY004916,BOOK004916,2025-03-30,Wallet,PayPal,AED,20650.0,Paid,0.0,964a5e17-d903-4404-8c1c-aaea782cb15b
PAY004917,BOOK004917,2026-04-15,Debit Card,Stripe,SGD,31860.0,Paid,0.0,2c4f9316-fe28-431d-b1b4-1095f9c92d21
PAY004918,BOOK004918,2025-09-29,Wallet,Razorpay,INR,9912.0,Paid,0.0,47e1d0cf-1e36-4f81-aa56-b8aa6d395d29
PAY004919,BOOK004919,2025-11-21,Debit Card,Cash,USD,79650.0,Paid,0.0,076cf8b5-d39d-40b3-b7bc-c3693f58376e
PAY004920,BOOK004920,2024-08-03,Credit Card,Stripe,INR,20060.0,Paid,0.0,650ba5a8-30fa-4f5e-a5a7-62548402d717
PAY004921,BOOK004921,2025-06-11,UPI,PhonePe,EUR,63720.0,Paid,0.0,e16f2423-d9f1-4e6e-a31d-1f2b7e5d5572
PAY004922,BOOK004922,2025-01-12,Cash,Cash,AED,2507.5,Paid,0.0,cd008261-efa2-4d57-87ea-38261060d26f
PAY004923,BOOK004923,2026-05-17,Net Banking,PayPal,GBP,17700.0,Paid,0.0,32c9a077-89c2-4cd3-8708-7ee9e680d2ae
PAY004924,BOOK004924,2025-05-13,Cash,Cash,USD,37760.0,Paid,0.0,34f025fd-bb9d-4db4-b362-c11d436f58ba
PAY004925,BOOK004925,2025-06-10,UPI,Razorpay,EUR,11210.0,Paid,0.0,de0f5d03-b1d9-4c0c-9d09-2059be7ebb13
PAY004926,BOOK004926,2024-12-27,Cash,PhonePe,EUR,33630.0,Failed,0.0,d6b47f7d-210c-4cad-908f-95fa7afbb607
PAY004927,BOOK004927,2025-04-08,Net Banking,Razorpay,GBP,2802.5,Failed,0.0,9265e081-f279-4699-aca0-226f902b505c
PAY004928,BOOK004928,2025-12-18,Net Banking,Stripe,USD,33630.0,Paid,0.0,1b591352-5183-421f-be01-4123ce35bed8
PAY004929,BOOK004929,2026-05-08,Debit Card,Cash,AED,3717.0,Paid,0.0,d7217355-9a42-498d-92cf-15fc1f251f31
PAY004930,BOOK004930,2024-08-11,UPI,Razorpay,AED,14868.0,Paid,0.0,908d9b96-4bcd-48fe-8634-be3c61398d93
PAY004931,BOOK004931,2025-05-23,UPI,PhonePe,GBP,19617.5,Paid,0.0,ddef5300-eb70-454a-a190-0e62a16b344d
PAY004932,BOOK004932,2025-10-30,Net Banking,PayPal,USD,7847.0,Paid,0.0,1605c6db-c0d5-4771-a4d8-916df5b3c9e0
PAY004933,BOOK004933,2025-11-26,UPI,Razorpay,INR,5310.0,Paid,0.0,513d3480-4434-4e08-a84b-c7608137f8e2
PAY004934,BOOK004934,2026-02-15,Wallet,Stripe,GBP,3717.0,Paid,0.0,2cade843-8fc4-4fbc-a400-374d8645f410
PAY004935,BOOK004935,2025-07-20,Net Banking,Stripe,SGD,106200.0,Paid,0.0,e18c815c-5f6f-44c0-8e4e-783b0247d018
PAY004936,BOOK004936,2025-08-11,Credit Card,Razorpay,AED,79650.0,Paid,0.0,8c245e32-7020-4147-9dc4-361093ed8416
PAY004937,BOOK004937,2026-07-05,UPI,Razorpay,AED,52038.0,Paid,0.0,94087c0d-d367-4d8d-bf1e-2460c9cf20ce
PAY004938,BOOK004938,2024-11-22,Cash,Razorpay,AED,9440.0,Paid,0.0,9d4de147-dbf8-4c0f-8698-cd354cece57c
PAY004939,BOOK004939,2025-02-27,Net Banking,Stripe,GBP,13216.0,Paid,0.0,f4664bde-9ba0-4797-a248-1f35cc494c0b
PAY004940,BOOK004940,2026-07-24,UPI,PayPal,GBP,70800.0,Paid,0.0,0e253057-9060-4a80-afb2-b946f233a04c
PAY004941,BOOK004941,2025-11-01,Cash,Stripe,GBP,106200.0,Paid,0.0,f4610bef-2dbd-402e-aac1-fc1a83b5b9d3
PAY004942,BOOK004942,2025-09-11,UPI,PayPal,EUR,15694.0,Paid,0.0,4326456e-148b-482d-ae8d-2828e6131bf1
PAY004943,BOOK004943,2026-06-03,UPI,Razorpay,GBP,31860.0,Paid,0.0,388797c8-5f99-453c-9eb4-fea66f1ed432
PAY004944,BOOK004944,2025-01-10,Net Banking,PhonePe,SGD,44840.0,Failed,0.0,43d35d8f-2950-4f6e-bca0-1980a78a6ac3
PAY004945,BOOK004945,2024-10-05,Net Banking,Stripe,USD,13275.0,Paid,0.0,07ebf2d0-8313-4543-a520-b969af970886
PAY004946,BOOK004946,2025-11-06,Wallet,PayPal,USD,67260.0,Paid,0.0,63484e52-1a97-44e7-9ece-c972cb98612d
PAY004947,BOOK004947,2025-09-03,Cash,PhonePe,AED,29736.0,Paid,0.0,866db677-e095-4734-b808-546150ff081f
PAY004948,BOOK004948,2025-06-14,Wallet,Cash,SGD,111510.0,Paid,0.0,0e02a79e-455b-4f72-881d-2d1ef13d1134
PAY004949,BOOK004949,2025-09-13,Wallet,PhonePe,USD,11210.0,Paid,0.0,d46a554a-19c6-47b2-89fd-4fee282d0808
PAY004950,BOOK004950,2025-05-03,Cash,PhonePe,SGD,59000.0,Paid,0.0,8e2e884a-04f2-47a8-a663-ef98467e38f3
PAY004951,BOOK004951,2026-03-10,UPI,PhonePe,USD,14042.0,Paid,0.0,0b03c9ce-f773-4fa4-b9d6-ac3889fa8ea0
PAY004952,BOOK004952,2026-03-31,UPI,Cash,AED,70800.0,Paid,0.0,26500917-5849-4c57-ad8f-be912805a782
PAY004953,BOOK004953,2024-10-17,Net Banking,Stripe,EUR,15930.0,Paid,0.0,fa86bca1-c289-4aca-8bf9-e1974cafb421
PAY004954,BOOK004954,2026-01-29,Credit Card,Razorpay,SGD,11800.0,Paid,0.0,29435183-7856-44bf-917a-4ae14673e1de
PAY004955,BOOK004955,2025-06-21,UPI,PayPal,AED,39648.0,Paid,0.0,f8ce98c0-9ecd-4d97-bdd9-366d701bfea8
PAY004956,BOOK004956,2024-09-19,UPI,PhonePe,INR,5015.0,Paid,0.0,4426b25e-c32c-41ca-a672-f3b834af56ff
PAY004957,BOOK004957,2025-02-05,Cash,Cash,AED,21063.0,Refunded,5499.36,50c75878-84a3-42c8-93ce-daa6885a0d24
PAY004958,BOOK004958,2026-02-24,Debit Card,Cash,AED,28320.0,Paid,0.0,290cf7f3-8e21-40a9-bcfb-eaf99762946e
PAY004959,BOOK004959,2025-04-05,Cash,PayPal,GBP,28910.0,Paid,0.0,7ee2a834-fbca-4a9a-807c-17e022908d63
PAY004960,BOOK004960,2025-04-20,Cash,Stripe,EUR,79650.0,Paid,0.0,3f27eacd-6670-43b5-962d-e4247e8ef774
PAY004961,BOOK004961,2024-08-02,Debit Card,Razorpay,SGD,13216.0,Paid,0.0,a72f9a1d-9d6a-4d7b-b58f-b96b59b3aa1e
PAY004962,BOOK004962,2025-02-06,Wallet,Stripe,AED,5900.0,Paid,0.0,901e8f3f-d3b2-4424-8df2-5bf809b74ac0
PAY004963,BOOK004963,2025-09-08,UPI,Razorpay,AED,7965.0,Paid,0.0,dc665919-4322-4af1-a80c-b0b8a2f52d4c
PAY004964,BOOK004964,2026-05-26,Net Banking,Stripe,INR,15694.0,Paid,0.0,9b8c02d8-8126-4dfa-b6aa-f3553ea89b26
PAY004965,BOOK004965,2026-05-21,Cash,Razorpay,USD,16520.0,Paid,0.0,a787c3f3-c329-4bd6-be17-b590623d50af
PAY004966,BOOK004966,2025-09-18,Cash,Stripe,SGD,5605.0,Paid,0.0,9a91ffc2-738d-4be1-a2ee-649cca0777c7
PAY004967,BOOK004967,2024-12-19,Net Banking,Stripe,USD,22420.0,Paid,0.0,a952dc48-6e4e-490f-99f0-00de078fc6d0
PAY004968,BOOK004968,2025-04-25,Net Banking,PayPal,AED,28320.0,Paid,0.0,91844fda-cf4f-4898-918f-b17df4356db4
PAY004969,BOOK004969,2026-06-11,Debit Card,Stripe,EUR,25075.0,Paid,0.0,0542538e-3986-4c61-aa7c-eba15522cbf0
PAY004970,BOOK004970,2025-03-21,Net Banking,Stripe,GBP,2507.5,Paid,0.0,0e9f4a9e-71b8-4c41-953d-f4d3e457bb8e
PAY004971,BOOK004971,2025-09-09,Net Banking,Razorpay,INR,84960.0,Paid,0.0,e802f392-0007-4a96-b44f-87bb368b2ead
PAY004972,BOOK004972,2026-06-09,Wallet,Razorpay,EUR,19824.0,Paid,0.0,8f276923-6aab-428e-ba69-9dae4bc79f76
PAY004973,BOOK004973,2026-05-21,UPI,Cash,GBP,16520.0,Refunded,14958.96,8268e282-5786-4730-ade7-4fe5b55669f9
PAY004974,BOOK004974,2025-09-01,Net Banking,PhonePe,,17700.0,Paid,0.0,fde4c47c-45c2-475c-b86a-164ff3761279
PAY004975,BOOK004975,2025-12-19,Wallet,PhonePe,AED,106200.0,Paid,0.0,8d699d31-1bb1-43b8-b68f-a10ff8411403
PAY004976,BOOK004976,2025-11-05,Debit Card,Cash,USD,49560.0,Paid,0.0,d97c4268-df10-405b-87f5-a95caae34bec
PAY004977,BOOK004977,2025-12-07,Wallet,Stripe,USD,14160.0,Paid,0.0,f35e7673-f310-4597-b602-fb6e9162d1d4
PAY004978,BOOK004978,2024-08-13,Cash,PhonePe,INR,16520.0,Paid,0.0,95cb7d82-f7f0-43a5-97de-f47fea671789
PAY004979,BOOK004979,2024-11-30,UPI,PayPal,GBP,9440.0,Paid,0.0,6b91238c-2e1e-4a03-b100-709a086870e2
PAY004980,BOOK004980,2025-10-04,Cash,PayPal,EUR,26550.0,Paid,0.0,1de40e1f-de64-4e52-afa0-d2dccb5dc1c2
PAY004981,BOOK004981,2025-08-04,Cash,Cash,GBP,35400.0,Paid,0.0,a75aa957-045d-492b-8b67-4f9c3a630116
PAY004982,BOOK004982,2025-01-07,Wallet,Razorpay,GBP,30090.0,Paid,0.0,27038f91-ba03-4555-92d8-ad2642016414
PAY004983,BOOK004983,2025-10-12,Debit Card,Razorpay,,33040.0,Paid,0.0,e327577f-e1c8-4b5b-b39e-67112c49b169
PAY004984,BOOK004984,2026-07-16,Wallet,Razorpay,AED,100890.0,Paid,0.0,6a099fa1-5fbf-4432-ad79-7bdef9c3e545
PAY004985,BOOK004985,2024-10-14,UPI,PayPal,GBP,9440.0,Paid,0.0,2406e1c1-3e6b-4673-ba40-2307f87cd7ab
PAY004986,BOOK004986,2025-07-10,Cash,Stripe,EUR,8850.0,Paid,0.0,e0043faa-a7d9-4b30-b0c2-e7c716c45124
PAY004987,BOOK004987,2025-11-12,Net Banking,PhonePe,GBP,23600.0,Refunded,17900.36,27ff3956-4bb7-4b08-816b-f88c04e69fc1
PAY004988,BOOK004988,2025-08-20,Cash,Stripe,USD,11800.0,Paid,0.0,2e485b65-04a6-4315-9384-1d836c2c9dbe
PAY004989,BOOK004989,2025-07-19,Cash,Cash,SGD,7847.0,Paid,0.0,ed1cf6f6-694c-4006-809a-11e8eea4e5f1
PAY004990,BOOK004990,2025-12-04,Cash,PayPal,USD,31860.0,Paid,0.0,46a953d8-88e6-4369-99cb-a7387b8c0977
PAY004991,BOOK004991,2026-01-07,Net Banking,,AED,9440.0,Paid,0.0,0af182b9-2639-4d4b-a1d3-81d35d5f0276
PAY004992,BOOK004992,2026-05-02,Net Banking,PayPal,GBP,53100.0,Paid,0.0,0b7a1d87-d6cc-4b51-94a3-412a815c9d2d
PAY004993,BOOK004993,2025-02-22,Debit Card,Razorpay,USD,16815.0,Paid,0.0,81ef166d-b22d-4175-b46b-c41f6540af4c
PAY004994,BOOK004994,2025-11-28,Net Banking,Cash,SGD,31860.0,Paid,0.0,2fadb64e-36b4-4bf6-abf2-01097ddea146
PAY004995,BOOK004995,2025-03-02,Cash,Stripe,AED,14868.0,Refunded,10836.85,4e03af78-c3f8-47b1-8a34-7e5b681bfd73
PAY004996,BOOK004996,2025-03-31,UPI,PayPal,AED,70210.0,Paid,0.0,7f60589f-1826-4c2c-bed4-6df97347da43
PAY004997,BOOK004997,2025-03-04,Wallet,Cash,EUR,5900.0,Paid,0.0,91a399b5-180b-4994-8490-067935b572e5
PAY004998,BOOK004998,2025-03-17,Debit Card,Razorpay,INR,100890.0,Paid,0.0,64266e8f-93c6-4c3b-a3f1-f19c46b5becb
PAY004999,BOOK004999,2024-09-12,Credit Card,PhonePe,GBP,123900.0,Paid,0.0,cabfbad8-2ce4-4399-a8db-5b9b447be15f
PAY005000,BOOK005000,2025-11-01,Net Banking,Cash,USD,16815.0,Paid,0.0,1a425363-89ff-410f-9cbe-0ca755039d78
PAY005001,BOOK002704,2024-08-11,Cash,Stripe,AED,19617.5,Paid,0.0,2edb6f7b-b7bc-49c9-b395-f223565ae346
PAY005002,BOOK002908,2024-11-06,Credit Card,Stripe,USD,19617.5,Paid,0.0,945c65a0-91b7-4359-b8a1-6d841a6a5cc3
PAY005003,BOOK004100,2026-06-01,Net Banking,Cash,USD,16520.0,Paid,0.0,2e1ab87f-8616-4b73-8adf-619ff0ad45af
PAY005004,BOOK003284,2026-04-03,Cash,Stripe,GBP,59000.0,Paid,0.0,07edf1e3-a7ef-4225-b34b-d88af554aa1b
PAY005005,BOOK003924,2024-12-01,Credit Card,PhonePe,AED,30090.0,Refunded,28684.17,49aceddc-a167-4649-ae19-7215ed8c0fa7
PAY005006,BOOK003503,2026-07-03,Credit Card,PhonePe,USD,5900.0,Paid,0.0,96e6f679-2429-4536-9a5e-6c49b6396273
PAY005007,BOOK000180,2024-12-10,Net Banking,Cash,GBP,11210.0,Paid,0.0,28622de2-c6f8-4db0-bbd8-d63c835ef7fc
PAY005008,BOOK004392,2025-07-08,UPI,PhonePe,GBP,33040.0,Failed,0.0,c2aace95-ba8e-41d9-83d2-9e0d11d2b9d9
PAY005009,BOOK001262,2026-02-18,Credit Card,Cash,AED,41300.0,Paid,0.0,da953a24-c3b5-4de3-87fe-f8108b471f15
PAY005010,BOOK003222,2025-12-29,Debit Card,PayPal,EUR,22420.0,Paid,0.0,63bd103e-3417-4bb0-9dbf-c763f3a509f8
PAY005011,BOOK000712,2024-09-01,Cash,Cash,GBP,47200.0,Paid,0.0,6280acb6-069a-4fb6-8a14-ab942d8d3cc4
PAY005012,BOOK003143,2025-03-14,Net Banking,Stripe,EUR,46256.0,Paid,0.0,4261cf2f-a5d6-4da2-93b6-594f70c0787f
PAY005013,BOOK000071,2025-08-03,Credit Card,PhonePe,USD,5310.0,Paid,0.0,32590f05-5646-495f-a71e-8e5021805068
PAY005014,BOOK003567,2026-06-12,Debit Card,PhonePe,SGD,5015.0,Failed,0.0,d77e51f3-3046-4ef3-936a-2c2d16fb9cbd
PAY005015,BOOK001664,2026-05-18,Debit Card,PhonePe,GBP,7965.0,Refunded,4983.69,abf839cb-55cb-438e-8ecc-552643e6d63a
PAY005016,BOOK002132,2026-05-22,Credit Card,Stripe,EUR,24780.0,Paid,0.0,54716519-1481-4fbe-b95d-53a304c4d5ef
PAY005017,BOOK002033,2026-02-19,Net Banking,PayPal,USD,26432.0,Paid,0.0,ebd254f0-62c0-461b-9116-64177157d9b0
PAY005018,BOOK001931,2025-12-01,Net Banking,Razorpay,AED,35105.0,Paid,0.0,2d850576-955d-4cd1-a07b-de77330482b9
PAY005019,BOOK000630,2026-06-07,Wallet,Razorpay,INR,22420.0,Paid,0.0,3727538a-34cf-4327-b3d7-bf9a9480189c
PAY005020,BOOK003742,2024-08-04,Wallet,Cash,USD,14750.0,Paid,0.0,31143f24-cc52-4a4c-8182-d0339b8d2927
PAY005021,BOOK004713,2025-09-27,UPI,Stripe,SGD,67260.0,Refunded,51222.17,33664c82-fe2e-4a8c-a0ed-0225ec06bcac
PAY005022,BOOK001626,2025-10-06,Debit Card,Stripe,AED,10531.5,Failed,0.0,3eaae382-0b4a-4518-bc30-422638d2554b
PAY005023,BOOK001426,2026-03-11,Debit Card,PayPal,EUR,28320.0,Refunded,14694.9,46548293-482a-4165-b4a8-3de8ed88e6b2
PAY005024,BOOK000532,2024-12-27,Cash,Stripe,SGD,9440.0,Paid,0.0,11adc8de-13d3-41ec-8608-d57fa6f76721
PAY005025,BOOK003919,2026-01-27,UPI,PayPal,GBP,18585.0,Paid,0.0,42e82a1d-eb4a-4fc4-b72f-163a8a837eb0
PAY005026,BOOK000096,2026-05-09,Credit Card,Stripe,SGD,50445.0,Paid,0.0,dce7adf6-5b0a-4096-be49-bc59f9c0e71f
PAY005027,BOOK004553,2026-03-17,Wallet,Razorpay,INR,14160.0,Paid,0.0,75fad086-7e19-4868-8e05-f5f84e909eed
PAY005028,BOOK001501,2025-04-05,UPI,Cash,AED,47200.0,Refunded,31361.29,1c2158ae-8235-435e-8a0d-9c701fd721e4
PAY005029,BOOK004571,2024-08-29,Net Banking,PayPal,GBP,70800.0,Paid,0.0,3e6aadfa-a2a0-4359-bab0-3baa27d406bd
PAY005030,BOOK001834,2026-03-10,Cash,PhonePe,AED,123900.0,Paid,0.0,bf1c362e-606b-4b74-937f-4068cdc7794d
PAY005031,BOOK003199,2024-08-28,Wallet,PhonePe,EUR,11800.0,Refunded,6900.04,988a64e0-45e6-4288-aebe-c4a22a6c4349
PAY005032,BOOK004393,2025-04-04,Credit Card,Stripe,INR,47200.0,Paid,0.0,ef4e722e-0a99-4e54-8544-52a7c8492833
PAY005033,BOOK002720,2024-11-18,Cash,Cash,INR,53100.0,Paid,0.0,f2bf26f9-7038-4f97-a03f-4ac26c6485d8
PAY005034,BOOK000608,2024-09-22,UPI,Razorpay,SGD,28025.0,Paid,0.0,112033f8-9bf3-48f2-9b36-2b587137a73f
PAY005035,BOOK003697,2025-08-14,Credit Card,PhonePe,AED,14160.0,Paid,0.0,bb86aff3-40aa-43c8-809d-2ae3b04c7b44
PAY005036,BOOK004345,2025-08-22,Cash,Razorpay,AED,23541.0,Paid,0.0,63c1c505-5c4f-4e64-9f8f-acbeb460f8e4
PAY005037,BOOK001485,2024-08-27,Cash,PhonePe,EUR,13275.0,Paid,0.0,bcf31ba2-804f-4ba1-97ad-ea8eefb4bc2b
PAY005038,BOOK002076,2025-04-10,Net Banking,PhonePe,EUR,23600.0,Paid,0.0,7ef96f78-1a27-4fe0-8da5-14486480cbb1
PAY005039,BOOK002446,2026-06-20,Cash,Stripe,USD,7021.0,Paid,0.0,1b4d821d-2baa-4aea-bfb7-d5a4ad3830a0
PAY005040,BOOK004376,2026-03-07,Wallet,Cash,GBP,4720.0,Paid,0.0,617259f3-a11c-4321-9179-7fa22fc2ab65
PAY005041,BOOK004945,2024-09-30,Cash,PhonePe,USD,13275.0,Paid,0.0,51885d13-e13c-41d3-bbe2-12fe06ef3a1f
PAY005042,BOOK002270,2025-06-07,Cash,PhonePe,SGD,3304.0,Paid,0.0,89363a8d-1775-4409-8324-e954562fed37
PAY005043,BOOK004034,2025-07-30,UPI,PayPal,INR,20060.0,Paid,0.0,be9e124c-c931-4c29-b558-b2520f78b074
PAY005044,BOOK000906,2026-03-25,Debit Card,PayPal,GBP,54929.0,Refunded,19151.91,ee037450-2482-426b-af4c-ebbec4c5bcff
PAY005045,BOOK001818,2026-02-14,Net Banking,Cash,EUR,46256.0,Paid,0.0,18e8fd17-4421-4e80-9d93-33f099b96d0f
PAY005046,BOOK004351,2024-08-28,UPI,PayPal,SGD,10030.0,Refunded,3452.72,85d42202-bfa2-4462-b220-620b5a82f7ca
PAY005047,BOOK004980,2025-10-07,Wallet,PhonePe,EUR,26550.0,Paid,0.0,a2a349de-2acb-4c02-a366-60d031fce2d1
PAY005048,BOOK003338,2025-10-28,Cash,PhonePe,INR,60180.0,Paid,0.0,fd2a12b5-a4ae-407f-85f7-425d4c543cf2
PAY005049,BOOK001428,2026-01-20,Net Banking,PayPal,EUR,75225.0,Paid,0.0,8cea1430-82f0-4f20-8757-8e61734d32e3
PAY005050,BOOK000527,2025-02-24,UPI,Stripe,AED,60180.0,Paid,0.0,41fb16c4-accd-47b6-b47a-65fbe42479ab
PAY005051,BOOK001510,2026-02-24,Wallet,PhonePe,EUR,2802.5,Paid,0.0,bcefeb4d-5055-428d-9501-c7fb3b2648d1
PAY005052,BOOK004070,2025-12-20,Wallet,Cash,INR,10030.0,Paid,0.0,ca8ae37c-2821-469d-a997-7e2393b203a5
PAY005053,BOOK004752,2025-04-20,UPI,Stripe,GBP,50150.0,Paid,0.0,e6494609-0f25-447d-a2bd-1e7085e523dd
PAY005054,BOOK000972,2025-04-30,Debit Card,PayPal,USD,11800.0,Paid,0.0,d1d85b5e-156d-4ab3-95d5-4c81960fc590
PAY005055,BOOK001835,2025-04-08,Debit Card,Cash,USD,13275.0,Paid,0.0,1a2a9f2b-9209-44b5-b572-6c3c698875e8
PAY005056,BOOK003556,2026-07-26,Debit Card,PayPal,EUR,28910.0,Paid,0.0,10a28dd7-bf35-4d51-ba41-099bdc5ea575
PAY005057,BOOK002755,2025-08-03,Credit Card,PayPal,INR,35105.0,Paid,0.0,265bf2a5-149d-433f-b38a-640fe52e74d2
PAY005058,BOOK001505,2025-12-13,UPI,PhonePe,EUR,63720.0,Paid,0.0,15adea0e-04e5-4bc3-85e3-b48ac0e2914b
PAY005059,BOOK001756,2024-09-29,UPI,PhonePe,AED,75225.0,Paid,0.0,8365b107-bcee-4695-8c63-da7c7b04f705
PAY005060,BOOK000776,2024-12-14,Debit Card,Razorpay,GBP,37170.0,Paid,0.0,a563b1af-b17d-4ae4-9c61-b49efd172a76
PAY005061,BOOK004756,2024-10-15,Debit Card,Stripe,EUR,39235.0,Paid,0.0,8d59ff77-0542-4cc8-a7cb-abb83cd617c3
PAY005062,BOOK004505,2025-02-08,Debit Card,Razorpay,AED,30090.0,Paid,0.0,43f438b1-f589-4446-a421-edd696fc7f35
PAY005063,BOOK004781,2026-05-19,Debit Card,PayPal,GBP,37760.0,Refunded,33628.63,ba6136a3-5c7c-47c9-99d4-87e5d6d16423
PAY005064,BOOK001864,2025-05-30,Wallet,Cash,EUR,19617.5,Failed,0.0,d6796f55-154d-4c1d-a1a5-63ebd1c29173
PAY005065,BOOK001542,2025-05-11,Net Banking,Stripe,GBP,84075.0,Paid,0.0,320c57bb-1918-465b-81c2-c40ebeb6914c
PAY005066,BOOK002438,2025-07-27,Wallet,Razorpay,GBP,9440.0,Paid,0.0,a6c50a3c-c149-4797-9572-f8ec2575378d
PAY005067,BOOK000377,2025-12-31,Wallet,Cash,AED,31860.0,Paid,0.0,feb7e556-ff0c-475b-93ad-bf32dc653a2b
PAY005068,BOOK001003,2025-03-20,Net Banking,Cash,AED,19617.5,Paid,0.0,10e4da85-891d-4bb3-8c63-6e3937a2cec0
PAY005069,BOOK000110,2026-07-02,UPI,Razorpay,AED,74340.0,Paid,0.0,1a91a485-f162-4db3-bbf4-66abcda54e01
PAY005070,BOOK001789,2025-06-25,Wallet,Stripe,GBP,52038.0,Paid,0.0,bb5b2069-5d37-4fbc-b3c5-9d684d81e06e
PAY005071,BOOK002139,2025-07-13,Wallet,Stripe,INR,9440.0,Paid,0.0,d19a6a64-75a3-4e19-9490-8745b2f7d3cb
PAY005072,BOOK002125,2026-06-20,Debit Card,Cash,GBP,28025.0,Refunded,12853.98,4eeeb4d7-cea4-4353-b65a-6746a9a3ea40
PAY005073,BOOK001461,2026-03-05,Credit Card,Cash,EUR,16815.0,Paid,0.0,aa51ab3c-3cca-47a3-af2a-3b2292a4dc06
PAY005074,BOOK002241,2025-10-10,Net Banking,PayPal,USD,4720.0,Paid,0.0,747f6fa5-40bb-415a-abb4-78661393c7a8
PAY005075,BOOK001602,2025-10-31,Wallet,Razorpay,SGD,22420.0,Paid,0.0,f145d5de-259f-462f-8dbd-b228cac7c98f
PAY005076,BOOK001960,2026-01-08,Cash,PhonePe,GBP,111510.0,Paid,0.0,312ca180-7f58-46df-84b4-e3cf60996d46
PAY005077,BOOK004930,2024-08-11,Wallet,Cash,AED,14868.0,Paid,0.0,dc87d06c-de76-4f01-bd81-0acd102b116c
PAY005078,BOOK004868,2026-01-20,UPI,PayPal,AED,11210.0,Paid,0.0,771a719f-c47e-41a7-987d-2bc3c1996ed7
PAY005079,BOOK003777,2026-01-18,UPI,PayPal,INR,15930.0,Paid,0.0,41e84fbc-fcf7-4931-830e-25aea3b7f99a
PAY005080,BOOK001675,2025-09-17,Cash,Cash,GBP,17700.0,Paid,0.0,a1c17520-e81f-428a-8628-3efc3d0a5399
PAY005081,BOOK001081,2025-06-07,Net Banking,PhonePe,SGD,53100.0,Paid,0.0,d655f393-d3fc-4cba-8dea-67949a10b3ef
PAY005082,BOOK002659,2026-06-25,UPI,PayPal,EUR,11210.0,Paid,0.0,7ba442ca-e923-43ca-8deb-b268cc4dfc7f
PAY005083,BOOK000579,2026-04-30,Cash,PayPal,USD,18585.0,Paid,0.0,8c2bb7c1-6d62-4789-a204-005d9719d6a5
PAY005084,BOOK003187,2025-09-18,Debit Card,Razorpay,GBP,8850.0,Paid,0.0,d8fe36e9-12a8-48e0-8fd8-f050163bb2fc
PAY005085,BOOK004053,2025-01-02,Debit Card,Stripe,EUR,2655.0,Paid,0.0,7579639f-ff96-4cd0-8d93-52ce15c7c1f2
PAY005086,BOOK003112,2025-02-28,Cash,Razorpay,GBP,16815.0,Failed,0.0,72f7f87a-0532-4ae7-b10c-469eac4da76b
PAY005087,BOOK001100,2025-10-18,UPI,Cash,SGD,17700.0,Paid,0.0,538e0691-34cb-4fa7-993f-ef8c4b3dd2fa
PAY005088,BOOK001007,2024-12-27,Credit Card,Stripe,INR,28025.0,Paid,0.0,61a56959-df65-4d8f-b963-dbcd2fc907a2
PAY005089,BOOK001803,2026-06-11,Cash,Razorpay,SGD,46256.0,Paid,0.0,2405e63d-866a-447f-9154-b386dbd253b3
PAY005090,BOOK001504,2025-10-06,Debit Card,PhonePe,USD,5900.0,Paid,0.0,df902bbc-c945-46ed-862b-f769058c73f1
PAY005091,BOOK002585,2025-08-26,Cash,PhonePe,EUR,20060.0,Paid,0.0,1c6de11b-dcb6-4bd5-b14e-b5ea52f3fb22
PAY005092,BOOK002028,2026-01-02,Net Banking,Cash,EUR,42480.0,Paid,0.0,50ba0b70-fafc-43cd-874f-8e48587f4fb5
PAY005093,BOOK000210,2025-10-25,Credit Card,Razorpay,SGD,11770.5,Paid,0.0,ae57c610-7dcc-49fa-aee7-dff20a6280db
PAY005094,BOOK000136,2025-05-28,Wallet,PhonePe,SGD,5605.0,Paid,0.0,77180507-2c3b-491b-af54-d3f95aeeada1
PAY005095,BOOK001637,2026-08-01,Debit Card,Stripe,SGD,123900.0,Paid,0.0,5668f01c-d17e-47d6-abeb-56a20a318fd0
PAY005096,BOOK004497,2025-03-14,Net Banking,PhonePe,AED,4720.0,Refunded,1746.54,d0d8fe07-17ce-4065-8ade-6e97f7ec9507
PAY005097,BOOK003328,2025-10-31,Wallet,Razorpay,EUR,13275.0,Paid,0.0,940641bd-64b3-4c5b-81be-4a406f76c3d8
PAY005098,BOOK002120,2025-01-07,Wallet,Razorpay,AED,14042.0,Paid,0.0,c561659c-60f3-4118-a2df-6ddbf577295c
PAY005099,BOOK002394,2025-02-07,Net Banking,Stripe,GBP,14160.0,Paid,0.0,5142c942-d985-44fd-ae97-2ad950cc9768
PAY005100,BOOK003055,2025-05-24,Cash,Razorpay,AED,56640.0,Paid,0.0,7835de62-527b-4993-b627-85e3a20aba9b
PAY003158,BOOK003158,2025-07-05,Credit Card,Cash,INR,78470.0,Paid,0.0,42f400fb-0cd7-4b96-b9d8-fe7a3bf309bc
PAY001471,BOOK001471,2025-06-20,Credit Card,Cash,INR,15045.0,Refunded,6144.76,1d0723a2-19cf-4192-8189-a6c172f343e5
PAY002649,BOOK002649,2024-11-23,Cash,Cash,INR,22420.0,Refunded,5720.7,6438b424-9ea6-4914-8326-afb9662e6212
PAY002775,BOOK002775,2024-11-25,Wallet,Stripe,GBP,39235.0,Paid,0.0,401c04d0-b058-401d-b014-f452a559368c
PAY002821,BOOK002821,2024-10-04,Debit Card,Stripe,GBP,111510.0,Paid,0.0,8e0cdf91-f0c0-4aa6-b036-a14fdc9d092a
PAY003658,BOOK003658,2025-04-19,Wallet,PhonePe,AED,11151.0,Paid,0.0,1e147782-6d0c-4dee-b1fe-add0fd0a7881
PAY002433,BOOK002433,2025-04-11,UPI,PayPal,EUR,4720.0,Paid,0.0,c5e4759d-d51e-445d-8e7b-7fe59952fecd
PAY001246,BOOK001246,2025-11-06,Net Banking,PayPal,EUR,30090.0,Paid,0.0,e60ffe2f-0f62-4aca-8ec2-d0672f963da9
PAY004567,BOOK004567,2025-02-05,Cash,Cash,SGD,41300.0,Paid,0.0,0429def6-4acf-4552-9534-d8b51b977a2d
PAY001232,BOOK001232,2025-09-27,Wallet,Cash,EUR,28910.0,Paid,0.0,173569c4-1ae0-45e5-bc80-09a547288c89
PAY000471,BOOK000471,2025-07-16,Net Banking,PayPal,USD,19617.5,Paid,0.0,cd05fdc7-4bc3-43d5-ae1d-df25f5657c17
PAY004881,BOOK004881,2024-11-12,Net Banking,Razorpay,EUR,28320.0,Paid,0.0,325dedee-6916-4604-b5f1-ec6ec1fc48a9
PAY000518,BOOK000518,2026-08-01,UPI,PayPal,INR,37170.0,Paid,0.0,48502cbf-3578-48ae-b511-37cdae461576
PAY003659,BOOK003659,2025-08-13,Cash,PayPal,INR,5900.0,Paid,0.0,4267fa86-5f5f-4e97-9ae0-818d7c875bb6
PAY004019,BOOK004019,2025-04-29,UPI,Stripe,SGD,70800.0,Refunded,58589.53,c0dc69db-ea56-4809-9ee2-edfd87413191
PAY003751,BOOK003751,2024-11-23,Debit Card,PhonePe,SGD,25075.0,Paid,0.0,037b8d6a-f28f-458b-8dcb-53f55a52257d
PAY003053,BOOK003053,2026-02-26,Net Banking,Razorpay,GBP,21240.0,Paid,0.0,2d290332-1bbc-4a9d-86d0-f5138d7b6a4e
PAY004679,BOOK004679,2025-03-18,Credit Card,Cash,SGD,23600.0,Paid,0.0,beae818a-51f3-4c87-b8ae-ee2f1aa80f1b
PAY004466,BOOK004466,2025-02-01,Debit Card,Cash,INR,111510.0,Refunded,108938.31,b52049fe-384e-4f9a-92ec-3594167057fe
PAY001238,BOOK001238,2025-10-20,Cash,PayPal,USD,21240.0,Refunded,13396.73,62043b6b-19b7-4262-acb8-b41603f06a7f
PAY002063,BOOK002063,2026-07-15,UPI,Razorpay,AED,22302.0,Paid,0.0,3696d4a3-cef3-4c61-9ebd-2ede89436587
PAY001623,BOOK001623,2025-09-15,UPI,Razorpay,INR,21240.0,Paid,0.0,c89a5e93-7ead-405a-9f36-8db73f539aeb
PAY002401,BOOK002401,2025-07-28,Debit Card,Stripe,SGD,10531.5,Paid,0.0,12837ad4-6fd1-4c5a-ba69-b30cc3963ea7
PAY001264,BOOK001264,2024-10-18,Debit Card,Stripe,GBP,9912.0,Paid,0.0,a7464386-a799-400d-9842-cf33e00dcf4b
PAY002044,BOOK002044,2026-01-22,Credit Card,PhonePe,GBP,7847.0,Paid,0.0,27cf68cc-cdc5-49df-a81c-4eb5e73807d0
PAY000600,BOOK000600,2025-06-26,Net Banking,Razorpay,SGD,33040.0,Paid,0.0,ae0fa87c-118e-4e1c-a9d7-eae1d637d28f
PAY000885,BOOK000885,2025-12-31,Wallet,,EUR,78470.0,Paid,0.0,e706401c-7f7e-4634-be56-631dd3ccf058
PAY003456,BOOK003456,2025-08-30,UPI,Cash,INR,10620.0,Paid,0.0,60ef8c66-8690-4575-9986-af720e118fc6
PAY004631,BOOK004631,2025-10-11,Credit Card,PhonePe,GBP,15045.0,Paid,0.0,aa224ffb-e1ab-48fc-b2cc-fa2f7ac6b06f
PAY004753,BOOK004753,2025-12-14,UPI,PayPal,AED,24780.0,Refunded,15492.21,5b551a19-1ff9-4633-8ab1-327ca391be9d
PAY003800,BOOK003800,2026-01-29,Debit Card,Stripe,SGD,2507.5,Paid,0.0,7fab3be2-7585-43ec-9193-27601014ff91
PAY001387,BOOK001387,2025-01-31,Credit Card,Razorpay,INR,11210.0,Paid,0.0,de297461-3961-4888-96d5-aa60ba332f04
PAY002965,BOOK002965,2025-06-05,Cash,PhonePe,GBP,14750.0,Paid,0.0,85dc9ec0-5a2e-4a35-8828-de845566405a
PAY000955,BOOK000955,2024-08-19,UPI,Cash,USD,56640.0,Paid,0.0,a7766887-f4a4-4fe1-803d-36df01247ef8
PAY004241,BOOK004241,2026-03-04,Net Banking,PhonePe,AED,39235.0,Paid,0.0,0f2dfa8d-3aac-490a-96a0-9c57fc4a8c4b
PAY002759,BOOK002759,2024-09-06,Debit Card,Stripe,USD,2507.5,Paid,0.0,ad17bbec-d6b3-451a-8a27-61df47c77b52
PAY001224,BOOK001224,2024-08-30,Cash,Stripe,EUR,28320.0,Refunded,24464.01,803ba410-efac-4b26-afe2-2df0ce471406
PAY003502,BOOK003502,2025-06-30,UPI,Cash,EUR,17552.5,Paid,0.0,b668848a-66ff-41d9-8c42-05d97dc9d774
PAY001663,BOOK001663,2025-07-10,Net Banking,PhonePe,GBP,17552.5,Failed,0.0,b8be406c-fd49-4420-a48c-b4057ee72e02
PAY002720,BOOK002720,2024-11-20,Cash,Razorpay,INR,53100.0,Paid,0.0,bc1910ee-26cd-477a-8f2b-9877a03ceba2
PAY000810,BOOK000810,2025-09-09,Credit Card,PayPal,,11800.0,Paid,0.0,2abb5ea2-730c-4d07-a8ca-522ba2056213
PAY000235,BOOK000235,2026-01-19,Wallet,PayPal,GBP,106200.0,Paid,0.0,fb494437-017d-4fab-ab80-eb5be86d1639
PAY004972,BOOK004972,2026-06-09,Wallet,Razorpay,EUR,19824.0,Paid,0.0,8f276923-6aab-428e-ba69-9dae4bc79f76
PAY000516,BOOK000516,2024-12-21,Net Banking,PayPal,INR,22302.0,Paid,0.0,29abc951-0de1-4146-bd8a-c599d6519e10
PAY002348,BOOK002348,2026-04-14,Cash,PayPal,GBP,70800.0,Paid,0.0,36c0760f-362b-46f5-b673-9bc7edf7f494
PAY002327,BOOK002327,2025-11-19,Net Banking,PhonePe,INR,17552.5,Paid,0.0,f0307387-c16a-405f-bcdc-63191e34a492
PAY004247,BOOK004247,2025-05-04,UPI,PayPal,USD,5015.0,Paid,0.0,8b577e47-46ea-49f8-a76a-2ca0fa63abd4
PAY000290,BOOK000290,2025-12-25,UPI,Cash,GBP,13275.0,Paid,0.0,d7a0da8d-ac2e-4276-9997-1748652ad78b
PAY001893,BOOK001893,2026-01-26,Debit Card,Razorpay,EUR,21063.0,Refunded,6125.9,4fbf02ce-14b6-4b4c-92d1-93de1ceed29d
PAY002042,BOOK002042,2024-12-20,Debit Card,Cash,AED,28320.0,Paid,0.0,ddaf1909-9fc4-49be-9035-1172a09b802a
