review_id,booking_id,customer_id,hotel_id,rating,review_title,review_text,review_date,sentiment
REV000001,BOOK003525,CUST001460,HOT0200,3,Value for Money,Staff were friendly and helpful.,2025-03-11,Neutral
REV000002,BOOK003031,CUST001765,HOT0090,3,Value for Money,Room was clean and comfortable.,2025-04-01,Neutral
REV000003,BOOK002180,CUST003789,HOT0172,3,Excellent Stay,Bathroom needs improvement.,2024-11-02,Neutral
REV000004,BOOK000309,CUST004942,HOT0059,5,Poor Service,Great location and ambience.,2025-02-28,Positive
REV000005,BOOK002608,CUST000255,HOT0187,5,Excellent Stay,Bathroom needs improvement.,2025-04-23,Positive
REV000006,BOOK004159,CUST002561,HOT0219,3,Highly Recommended,Check-in process was smooth.,2025-05-06,Neutral
REV000007,BOOK003120,CUST003357,HOT0136,1,Value for Money,Bathroom needs improvement.,2024-11-11,Negative
REV000008,BOOK001817,CUST002904,HOT0080,3,Excellent Stay,Food quality was excellent.,2026-08-21,Neutral
REV000009,BOOK000896,CUST002984,HOT0139,3,Highly Recommended,Check-in process was smooth.,2024-09-05,Neutral
REV000010,BOOK001577,CUST002664,HOT0144,2,Very Good,Will definitely visit again.,2026-06-28,Negative
REV000011,BOOK004582,CUST004433,HOT0081,2,Average Experience,Bathroom needs improvement.,2026-07-31,Negative
REV000012,BOOK001745,CUST001204,HOT0144,3,Amazing Hospitality,Check-in process was smooth.,2026-08-07,Neutral
REV000013,BOOK003117,CUST002781,HOT0247,4,Very Good,Food quality was excellent.,2024-12-21,Positive
REV000014,BOOK001880,CUST002475,HOT0222,2,Excellent Stay,Check-in process was smooth.,2025-07-17,Negative
REV000015,BOOK002576,CUST002591,HOT0042,5,Highly Recommended,Will definitely visit again.,2025-07-11,Positive
REV000016,BOOK001091,CUST000629,HOT0225,5,Needs Improvement,Food quality was excellent.,2025-05-22,Positive
REV000017,BOOK004463,CUST001100,HOT0192,3,Poor Service,Staff were friendly and helpful.,2026-07-12,Neutral
REV000018,BOOK004186,CUST001778,HOT0099,5,Average Experience,Bathroom needs improvement.,2024-12-02,Positive
REV000019,BOOK002784,CUST003436,HOT0126,4,Value for Money,Will definitely visit again.,2026-04-14,Positive
REV000020,BOOK003673,CUST002077,HOT0031,1,Value for Money,,2026-02-01,Negative
REV000021,BOOK004238,CUST001866,HOT0225,3,Excellent Stay,Room was clean and comfortable.,2026-07-31,Neutral
REV000022,BOOK000058,CUST000729,HOT0242,5,Needs Improvement,Will definitely visit again.,2025-04-29,Positive
REV000023,BOOK003113,CUST002814,HOT0019,4,Poor Service,Bathroom needs improvement.,2026-02-16,Positive
REV000024,BOOK002358,CUST003082,HOT0039,2,Poor Service,Room was clean and comfortable.,2024-11-01,Negative
REV000025,BOOK002891,CUST000161,HOT0224,3,Value for Money,Bathroom needs improvement.,2025-10-16,Neutral
REV000026,BOOK000992,CUST003626,HOT0120,5,Poor Service,Room was clean and comfortable.,2026-05-31,Positive
REV000027,BOOK002070,CUST000386,HOT0012,2,Highly Recommended,Check-in process was smooth.,2025-12-23,Negative
REV000028,BOOK002241,CUST002281,HOT0069,4,Amazing Hospitality,Check-in process was smooth.,2025-10-26,Positive
REV000029,BOOK004772,CUST002329,HOT0113,5,Needs Improvement,Great location and ambience.,2025-01-27,Positive
REV000030,BOOK000317,CUST003001,HOT0012,4,Excellent Stay,Room was clean and comfortable.,2026-07-09,Positive
REV000031,BOOK001360,CUST003399,HOT0082,2,Average Experience,Food quality was excellent.,2025-11-28,Negative
REV000032,BOOK004189,CUST003616,HOT0176,4,Value for Money,Check-in process was smooth.,2024-12-02,Positive
REV000033,BOOK004209,CUST000736,HOT0235,1,Value for Money,Food quality was excellent.,2026-04-08,Negative
REV000034,BOOK003889,CUST001425,HOT0038,2,Needs Improvement,Food quality was excellent.,2025-05-15,Negative
REV000035,BOOK003287,CUST001994,HOT0171,2,Average Experience,Food quality was excellent.,2026-05-03,Negative
REV000036,BOOK003678,CUST002680,HOT0146,3,Poor Service,Great location and ambience.,2025-12-28,Neutral
REV000037,BOOK003631,CUST003405,HOT0134,3,Needs Improvement,Bathroom needs improvement.,2026-06-22,Neutral
REV000038,BOOK002324,CUST004269,HOT0187,5,Excellent Stay,Check-in process was smooth.,2026-05-21,Positive
REV000039,BOOK004718,CUST003841,HOT0017,2,Highly Recommended,Overall satisfied with the stay.,2026-05-09,Negative
REV000040,BOOK003617,CUST004152,HOT0103,4,Needs Improvement,Food quality was excellent.,2025-05-03,Positive
REV000041,BOOK001162,CUST004469,HOT0137,2,Highly Recommended,Will definitely visit again.,2026-03-22,Negative
REV000042,BOOK000775,CUST003057,HOT0210,1,Poor Service,Food quality was excellent.,2026-05-07,Negative
REV000043,BOOK004111,CUST000628,HOT0018,1,Highly Recommended,Overall satisfied with the stay.,2025-02-18,Negative
REV000044,BOOK001227,CUST000234,HOT0237,4,Needs Improvement,Will definitely visit again.,2025-05-08,Positive
REV000045,BOOK000808,CUST002800,HOT0201,4,Highly Recommended,Overall satisfied with the stay.,2025-12-08,Positive
REV000046,BOOK001771,CUST002763,HOT0152,3,Needs Improvement,Check-in process was smooth.,2026-02-15,Neutral
REV000047,BOOK000546,CUST002362,HOT0021,2,Highly Recommended,Food quality was excellent.,2024-11-09,Negative
REV000048,BOOK003742,CUST001847,HOT0229,2,Poor Service,Room was clean and comfortable.,2024-08-18,Negative
REV000049,BOOK002541,CUST000350,HOT0138,3,Average Experience,Will definitely visit again.,2026-02-12,Neutral
REV000050,BOOK003972,CUST003606,HOT0204,5,Very Good,Great location and ambience.,2026-02-26,Positive
REV000051,BOOK004739,CUST002763,HOT0115,3,Amazing Hospitality,Check-in process was smooth.,2026-09-01,Neutral
REV000052,BOOK004560,CUST003226,HOT0190,3,Amazing Hospitality,Overall satisfied with the stay.,2025-02-14,Neutral
REV000053,BOOK004347,CUST002781,HOT0129,4,Amazing Hospitality,Food quality was excellent.,2025-05-05,Positive
REV000054,BOOK001059,CUST001397,HOT0162,5,Needs Improvement,Staff were friendly and helpful.,2025-11-15,Positive
REV000055,BOOK000367,CUST000282,HOT0015,3,Highly Recommended,Staff were friendly and helpful.,2026-03-13,Neutral
REV000056,BOOK003321,CUST004027,HOT0060,5,Very Good,Bathroom needs improvement.,2026-01-12,Positive
REV000057,BOOK000729,CUST000541,HOT0170,3,Needs Improvement,Food quality was excellent.,2026-04-07,Neutral
REV000058,BOOK003009,CUST003765,HOT0035,2,Highly Recommended,Great location and ambience.,2025-02-11,Negative
REV000059,BOOK003039,CUST000762,HOT0100,4,Amazing Hospitality,Food quality was excellent.,2025-08-07,Positive
REV000060,BOOK002414,CUST001915,HOT0159,2,Poor Service,Check-in process was smooth.,2026-05-28,Negative
REV000061,BOOK004955,CUST003987,HOT0105,5,Average Experience,Will definitely visit again.,2025-08-11,Positive
REV000062,BOOK002824,CUST003493,HOT0012,4,Very Good,Room was clean and comfortable.,2025-05-19,Positive
REV000063,BOOK000321,CUST002828,HOT0207,5,Value for Money,Staff were friendly and helpful.,2026-04-16,Positive
REV000064,BOOK000743,CUST002444,HOT0129,1,Amazing Hospitality,Food quality was excellent.,2025-06-05,Negative
REV000065,BOOK001349,CUST001281,HOT0248,2,Amazing Hospitality,Check-in process was smooth.,2025-09-06,Negative
REV000066,BOOK002786,CUST000475,HOT0088,4,Highly Recommended,Overall satisfied with the stay.,2025-03-04,Positive
REV000067,BOOK000283,CUST001412,HOT0073,1,Average Experience,Room was clean and comfortable.,2026-08-04,Negative
REV000068,BOOK000400,CUST003587,HOT0183,2,Average Experience,Bathroom needs improvement.,2025-12-22,Negative
REV000069,BOOK003668,CUST004137,HOT0062,3,Amazing Hospitality,Food quality was excellent.,2026-01-13,Neutral
REV000070,BOOK004728,CUST001110,HOT0180,1,Average Experience,Room was clean and comfortable.,2024-10-15,Negative
REV000071,BOOK001347,CUST001742,HOT0152,4,Very Good,Room was clean and comfortable.,2025-12-21,Positive
REV000072,BOOK002029,CUST001935,HOT0194,2,Value for Money,Will definitely visit again.,2024-11-14,Negative
REV000073,BOOK002573,CUST001577,HOT0182,1,Highly Recommended,Overall satisfied with the stay.,2025-07-01,Negative
REV000074,BOOK002578,CUST004292,HOT0241,5,Excellent Stay,Room was clean and comfortable.,2026-01-16,Positive
REV000075,BOOK000630,CUST001685,HOT0070,4,Value for Money,Overall satisfied with the stay.,2026-07-27,Positive
REV000076,BOOK002616,CUST001827,HOT0062,2,Average Experience,Check-in process was smooth.,2026-08-27,Negative
REV000077,BOOK002906,CUST001819,HOT0151,4,Poor Service,Great location and ambience.,2024-10-14,Positive
REV000078,BOOK002299,CUST003161,HOT0111,1,Amazing Hospitality,Staff were friendly and helpful.,2026-06-08,Negative
REV000079,BOOK000584,CUST002935,HOT0050,5,Highly Recommended,Overall satisfied with the stay.,2026-08-03,Positive
REV000080,BOOK004486,CUST002826,HOT0141,2,Value for Money,Staff were friendly and helpful.,2026-07-07,Negative
REV000081,BOOK001902,CUST004750,HOT0225,3,Excellent Stay,Great location and ambience.,2026-06-12,Neutral
REV000082,BOOK001588,CUST003441,HOT0248,1,Highly Recommended,Bathroom needs improvement.,2026-01-28,Negative
REV000083,BOOK001273,CUST003988,HOT0133,3,Excellent Stay,Bathroom needs improvement.,2024-10-05,Neutral
REV000084,BOOK002149,CUST001230,HOT0238,4,Poor Service,Staff were friendly and helpful.,2025-09-23,Positive
REV000085,BOOK002696,CUST003059,HOT0015,4,Poor Service,Check-in process was smooth.,2024-12-19,Positive
REV000086,BOOK003737,CUST003970,HOT0231,1,Highly Recommended,Will definitely visit again.,2026-04-02,Negative
REV000087,BOOK003284,CUST004856,HOT0030,4,Average Experience,Staff were friendly and helpful.,2026-05-07,Positive
REV000088,BOOK001172,CUST004344,HOT0187,5,Needs Improvement,Check-in process was smooth.,2026-04-27,Positive
REV000089,BOOK004320,CUST000570,HOT0237,2,Very Good,Great location and ambience.,2026-01-09,Negative
REV000090,BOOK002034,CUST003955,HOT0191,5,Amazing Hospitality,Room was clean and comfortable.,2025-10-12,Positive
REV000091,BOOK001913,CUST001901,HOT0022,2,Highly Recommended,Overall satisfied with the stay.,2026-07-23,Negative
REV000092,BOOK002398,CUST000979,HOT0122,2,Excellent Stay,Bathroom needs improvement.,2025-07-11,Negative
REV000093,BOOK001627,CUST001989,HOT0188,2,Amazing Hospitality,Overall satisfied with the stay.,2025-02-19,Negative
REV000094,BOOK002387,CUST004829,HOT0219,5,Value for Money,Room was clean and comfortable.,2025-02-05,Positive
REV000095,BOOK000990,CUST004947,HOT0006,2,Excellent Stay,Will definitely visit again.,2024-08-11,Negative
REV000096,BOOK002614,CUST001208,HOT0072,2,Excellent Stay,Overall satisfied with the stay.,2025-04-17,Negative
REV000097,BOOK004380,CUST000240,HOT0087,5,Poor Service,Great location and ambience.,2024-11-29,Positive
REV000098,BOOK002659,CUST001898,HOT0249,1,Needs Improvement,Food quality was excellent.,2026-08-13,Negative
REV000099,BOOK000296,CUST002808,HOT0210,1,Excellent Stay,Great location and ambience.,2025-02-05,Negative
REV000100,BOOK000713,CUST000322,HOT0107,1,Excellent Stay,Check-in process was smooth.,2024-09-03,Negative
REV000101,BOOK003610,CUST004193,HOT0003,4,Value for Money,Bathroom needs improvement.,2025-04-25,Positive
REV000102,BOOK003198,CUST004340,HOT0139,5,Poor Service,Overall satisfied with the stay.,2025-09-10,Positive
REV000103,BOOK001574,CUST002785,HOT0207,3,Needs Improvement,Food quality was excellent.,2026-05-31,Neutral
REV000104,BOOK001772,CUST000335,HOT0044,5,Very Good,Great location and ambience.,2025-07-02,Positive
REV000105,BOOK001784,CUST003468,HOT0059,4,Amazing Hospitality,Check-in process was smooth.,2026-05-08,Positive
REV000106,BOOK001783,CUST002570,HOT0078,4,Excellent Stay,Overall satisfied with the stay.,2026-08-20,Positive
REV000107,BOOK001320,CUST001258,HOT0043,3,Excellent Stay,Great location and ambience.,2026-05-07,Neutral
REV000108,BOOK004354,CUST003437,HOT0192,4,Average Experience,Check-in process was smooth.,2026-01-03,Positive
REV000109,BOOK003886,CUST001314,HOT0197,1,Needs Improvement,Will definitely visit again.,2024-12-02,Negative
REV000110,BOOK004461,CUST002155,HOT0074,5,Very Good,Overall satisfied with the stay.,2025-11-14,Positive
REV000111,BOOK000421,CUST001591,HOT0141,2,Very Good,Food quality was excellent.,2025-11-22,Negative
REV000112,BOOK002269,CUST004582,HOT0085,5,Needs Improvement,Bathroom needs improvement.,2025-10-23,Positive
REV000113,BOOK001319,CUST001843,HOT0192,1,Value for Money,Great location and ambience.,2025-09-02,Negative
REV000114,BOOK001800,CUST001008,HOT0140,3,Excellent Stay,Food quality was excellent.,2025-12-15,Neutral
REV000115,BOOK002446,CUST001913,HOT0025,1,Very Good,Will definitely visit again.,2026-08-12,Negative
REV000116,BOOK000548,CUST000708,HOT0091,5,Poor Service,Check-in process was smooth.,2025-12-14,Positive
REV000117,BOOK000703,CUST003106,HOT0168,3,Very Good,Check-in process was smooth.,2026-01-28,Neutral
REV000118,BOOK002699,CUST003018,HOT0227,4,Poor Service,Great location and ambience.,2025-09-19,Positive
REV000119,BOOK000997,CUST004964,HOT0162,5,Highly Recommended,Great location and ambience.,2024-11-06,Positive
REV000120,BOOK004647,CUST000073,HOT0079,5,Value for Money,Check-in process was smooth.,2026-08-03,Positive
REV000121,BOOK000377,CUST004935,HOT0142,3,Value for Money,Food quality was excellent.,2026-03-05,Neutral
REV000122,BOOK002394,CUST004780,HOT0124,4,Excellent Stay,Staff were friendly and helpful.,2025-03-28,Positive
REV000123,BOOK004554,CUST000679,HOT0212,1,Needs Improvement,Overall satisfied with the stay.,2026-02-05,Negative
REV000124,BOOK004839,CUST004296,HOT0234,3,Average Experience,Room was clean and comfortable.,2026-08-21,Neutral
REV000125,BOOK004041,CUST003574,HOT0201,1,Value for Money,,2026-06-25,Negative
REV000126,BOOK001436,CUST001808,HOT0069,2,Needs Improvement,Room was clean and comfortable.,2025-10-20,Negative
REV000127,BOOK003498,CUST003962,HOT0179,2,Excellent Stay,Bathroom needs improvement.,2026-01-07,Negative
REV000128,BOOK004301,CUST001558,HOT0110,1,Excellent Stay,Will definitely visit again.,2026-05-02,Negative
REV000129,BOOK003814,CUST003881,HOT0248,5,Value for Money,Staff were friendly and helpful.,2025-10-04,Positive
REV000130,BOOK000945,CUST002273,HOT0156,1,Very Good,Check-in process was smooth.,2025-08-23,Negative
REV000131,BOOK003477,CUST001920,HOT0165,3,Amazing Hospitality,Will definitely visit again.,2026-02-28,Neutral
REV000132,BOOK004594,CUST004115,HOT0048,5,Highly Recommended,Food quality was excellent.,2026-05-28,Positive
REV000133,BOOK004668,CUST000472,HOT0005,4,Needs Improvement,Room was clean and comfortable.,2025-08-05,Positive
REV000134,BOOK002321,CUST002073,HOT0048,3,Amazing Hospitality,Room was clean and comfortable.,2025-05-20,Neutral
REV000135,BOOK000114,CUST001759,HOT0005,3,Poor Service,Will definitely visit again.,2025-08-04,Neutral
REV000136,BOOK004878,CUST004254,HOT0128,3,Very Good,Bathroom needs improvement.,2026-02-23,Neutral
REV000137,BOOK004334,CUST003876,HOT0136,2,Poor Service,,2026-03-29,Negative
REV000138,BOOK002916,CUST002638,HOT0237,1,Needs Improvement,Will definitely visit again.,2026-03-25,Negative
REV000139,BOOK003864,CUST002178,HOT0074,5,Needs Improvement,Room was clean and comfortable.,2025-06-24,Positive
REV000140,BOOK003732,CUST004865,HOT0177,1,Needs Improvement,Food quality was excellent.,2025-03-15,Negative
REV000141,BOOK001138,CUST001380,HOT0065,4,Needs Improvement,Great location and ambience.,2025-01-23,Positive
REV000142,BOOK000410,CUST000755,HOT0060,5,Very Good,Check-in process was smooth.,2025-07-04,Positive
REV000143,BOOK002280,CUST004464,HOT0044,1,Amazing Hospitality,Staff were friendly and helpful.,2024-12-28,Negative
REV000144,BOOK000017,CUST000780,HOT0097,4,Highly Recommended,Check-in process was smooth.,2026-08-28,Positive
REV000145,BOOK003954,CUST000809,HOT0120,1,Average Experience,Bathroom needs improvement.,2026-05-11,Negative
REV000146,BOOK003711,CUST001578,HOT0184,2,Very Good,Room was clean and comfortable.,2026-03-23,Negative
REV000147,BOOK000890,CUST003182,HOT0009,3,Amazing Hospitality,Will definitely visit again.,2026-07-02,Neutral
REV000148,BOOK000849,CUST001001,HOT0248,2,Average Experience,Overall satisfied with the stay.,2025-07-28,Negative
REV000149,BOOK000375,CUST002084,HOT0198,1,Poor Service,Great location and ambience.,2025-06-13,Negative
REV000150,BOOK002222,CUST003507,HOT0195,4,Needs Improvement,Food quality was excellent.,2026-06-08,Positive
REV000151,BOOK002526,CUST001012,HOT0165,1,Amazing Hospitality,Will definitely visit again.,2025-04-30,Negative
REV000152,BOOK000893,CUST002289,HOT0116,2,Average Experience,Will definitely visit again.,2025-01-05,Negative
REV000153,BOOK002483,CUST003867,HOT0042,2,Very Good,Will definitely visit again.,2025-02-20,Negative
REV000154,BOOK003828,CUST004064,HOT0087,1,Excellent Stay,Check-in process was smooth.,2024-09-22,Negative
REV000155,BOOK000891,CUST003570,HOT0108,5,Amazing Hospitality,Will definitely visit again.,2024-10-22,Positive
REV000156,BOOK001552,CUST000682,HOT0035,5,Highly Recommended,Staff were friendly and helpful.,2026-06-08,Positive
REV000157,BOOK004600,CUST001337,HOT0076,3,Amazing Hospitality,Check-in process was smooth.,2024-08-20,Neutral
REV000158,BOOK001294,CUST000208,HOT0141,5,Excellent Stay,Bathroom needs improvement.,2026-03-24,Positive
REV000159,BOOK001614,CUST001889,HOT0222,1,Average Experience,Overall satisfied with the stay.,2026-08-07,Negative
REV000160,BOOK003752,CUST001142,HOT0092,2,Value for Money,Bathroom needs improvement.,2024-12-05,Negative
REV000161,BOOK004695,CUST004656,HOT0243,5,Highly Recommended,Overall satisfied with the stay.,2025-04-17,Positive
REV000162,BOOK003816,CUST003980,HOT0057,2,Highly Recommended,Room was clean and comfortable.,2026-07-04,Negative
REV000163,BOOK004946,CUST000688,HOT0047,5,Poor Service,Bathroom needs improvement.,2025-11-30,Positive
REV000164,BOOK001846,CUST004985,HOT0084,2,Average Experience,Food quality was excellent.,2024-12-20,Negative
REV000165,BOOK001571,CUST002704,HOT0064,5,Poor Service,Will definitely visit again.,2026-02-02,Positive
REV000166,BOOK004795,CUST002385,HOT0241,3,Average Experience,Food quality was excellent.,2026-01-20,Neutral
REV000167,BOOK003165,CUST003285,HOT0154,4,Excellent Stay,Staff were friendly and helpful.,2026-04-26,Positive
REV000168,BOOK002855,CUST000122,HOT0039,5,Excellent Stay,Room was clean and comfortable.,2026-07-01,Positive
REV000169,BOOK003619,CUST002954,HOT0113,5,Poor Service,Bathroom needs improvement.,2025-12-19,Positive
REV000170,BOOK002378,CUST000146,HOT0230,5,Very Good,Will definitely visit again.,2026-04-17,Positive
REV000171,BOOK003384,CUST000712,HOT0248,5,Very Good,Check-in process was smooth.,2026-01-07,Positive
REV000172,BOOK000108,CUST001370,HOT0234,2,Highly Recommended,Staff were friendly and helpful.,2025-01-25,Negative
REV000173,BOOK004571,CUST002307,HOT0241,3,Poor Service,Bathroom needs improvement.,2024-09-20,Neutral
REV000174,BOOK004073,CUST004801,HOT0233,5,Amazing Hospitality,Check-in process was smooth.,2026-02-11,Positive
REV000175,BOOK002905,CUST001535,HOT0101,1,Amazing Hospitality,Bathroom needs improvement.,2026-02-01,Negative
REV000176,BOOK002423,CUST002424,HOT0159,4,Poor Service,Food quality was excellent.,2025-05-15,Positive
REV000177,BOOK003130,CUST000817,HOT0115,1,Poor Service,Check-in process was smooth.,2024-12-10,Negative
REV000178,BOOK004183,CUST001041,HOT0205,5,Value for Money,Food quality was excellent.,2024-12-27,Positive
REV000179,BOOK003377,CUST001322,HOT0110,3,Highly Recommended,Will definitely visit again.,2026-07-07,Neutral
REV000180,BOOK003857,CUST000194,HOT0027,4,Highly Recommended,Will definitely visit again.,2026-06-28,Positive
REV000181,BOOK003217,CUST002087,HOT0120,2,Average Experience,Great location and ambience.,2024-11-26,Negative
REV000182,BOOK001867,CUST004261,HOT0199,5,Highly Recommended,Great location and ambience.,2026-06-05,Positive
REV000183,BOOK002958,CUST001631,HOT0187,5,Very Good,Will definitely visit again.,2025-09-09,Positive
REV000184,BOOK003684,CUST999999,HOT0098,1,Value for Money,Check-in process was smooth.,2026-04-05,Negative
REV000185,BOOK004019,CUST000174,HOT0126,4,Value for Money,,2025-05-29,Positive
REV000186,BOOK000293,CUST002606,HOT0011,3,Value for Money,Room was clean and comfortable.,2026-07-22,Neutral
REV000187,BOOK001045,CUST004098,HOT0080,2,Poor Service,Food quality was excellent.,2025-10-30,Negative
REV000188,BOOK001493,CUST002133,HOT0131,1,Very Good,Bathroom needs improvement.,2025-02-08,Negative
REV000189,BOOK001440,CUST004552,HOT0174,3,Average Experience,Great location and ambience.,2025-03-22,Neutral
REV000190,BOOK002214,CUST000680,HOT0140,3,Excellent Stay,Food quality was excellent.,2026-05-25,Neutral
REV000191,BOOK003345,CUST000249,HOT0248,1,Value for Money,Staff were friendly and helpful.,2025-10-31,Negative
REV000192,BOOK004173,CUST000838,HOT0120,2,Poor Service,Room was clean and comfortable.,2026-04-09,Negative
REV000193,BOOK001724,CUST004658,HOT0159,4,Value for Money,Will definitely visit again.,2026-02-26,Positive
REV000194,BOOK000416,CUST002481,HOT0110,3,Needs Improvement,Bathroom needs improvement.,2025-04-08,Neutral
REV000195,BOOK002767,CUST001663,HOT0217,5,Excellent Stay,Bathroom needs improvement.,2026-08-12,Positive
REV000196,BOOK001203,CUST004877,HOT0174,3,Amazing Hospitality,Check-in process was smooth.,2026-03-25,Neutral
REV000197,BOOK000275,CUST004101,HOT0077,5,Very Good,Food quality was excellent.,2026-01-06,Positive
REV000198,BOOK001331,CUST001216,HOT0080,2,Excellent Stay,Overall satisfied with the stay.,2025-10-31,Negative
REV000199,BOOK002779,CUST004787,HOT0099,2,Amazing Hospitality,Staff were friendly and helpful.,2025-08-24,Negative
REV000200,BOOK002350,CUST001556,HOT0178,4,Very Good,Bathroom needs improvement.,2025-07-19,Positive
REV000201,BOOK004969,CUST000076,HOT0208,2,Very Good,Food quality was excellent.,2026-07-21,Negative
REV000202,BOOK001257,CUST000288,HOT0163,2,Value for Money,Room was clean and comfortable.,2024-10-17,Negative
REV000203,BOOK001565,CUST003573,HOT0042,3,Poor Service,Food quality was excellent.,2025-07-08,Neutral
REV000204,BOOK004696,CUST004156,HOT0128,3,Poor Service,Bathroom needs improvement.,2024-10-06,Neutral
REV000205,BOOK003781,CUST001287,HOT0082,1,Needs Improvement,Bathroom needs improvement.,2025-02-14,Negative
REV000206,BOOK000845,CUST000231,HOT0068,5,Excellent Stay,Overall satisfied with the stay.,2025-04-22,Positive
REV000207,BOOK001712,CUST000554,HOT0231,1,Amazing Hospitality,Food quality was excellent.,2026-09-13,Negative
REV000208,BOOK003549,CUST004115,HOT0021,1,Needs Improvement,Staff were friendly and helpful.,2024-09-11,Negative
REV000209,BOOK001898,CUST003336,HOT0235,3,Needs Improvement,Overall satisfied with the stay.,2026-01-13,Neutral
REV000210,BOOK001803,CUST001777,HOT0173,5,Needs Improvement,Overall satisfied with the stay.,2026-07-01,Positive
REV000211,BOOK002820,CUST002499,HOT0158,5,Amazing Hospitality,Will definitely visit again.,2025-08-21,Positive
REV000212,BOOK004642,CUST002451,HOT0090,1,Average Experience,Room was clean and comfortable.,2025-01-28,Negative
REV000213,BOOK002332,CUST003724,HOT0045,1,Average Experience,Food quality was excellent.,2026-03-08,Negative
REV000214,BOOK003768,CUST000879,HOT0046,2,Average Experience,Staff were friendly and helpful.,2025-10-15,Negative
REV000215,BOOK004444,CUST004180,HOT0173,1,Very Good,Check-in process was smooth.,2024-10-26,Negative
REV000216,BOOK003682,CUST001122,HOT0178,2,Value for Money,Room was clean and comfortable.,2025-12-24,Negative
REV000217,BOOK002284,CUST004036,HOT0021,2,Needs Improvement,Food quality was excellent.,2025-03-15,Negative
REV000218,BOOK002735,CUST003503,HOT0116,2,Highly Recommended,Check-in process was smooth.,2024-11-17,Negative
REV000219,BOOK001325,CUST003699,HOT0091,3,Very Good,Room was clean and comfortable.,2025-02-27,Neutral
REV000220,BOOK000433,CUST001658,HOT0174,3,Poor Service,Bathroom needs improvement.,2026-09-18,Neutral
REV000221,BOOK004796,CUST002217,HOT0071,1,Highly Recommended,Check-in process was smooth.,2026-01-14,Negative
REV000222,BOOK001437,CUST003091,HOT0091,3,Needs Improvement,Food quality was excellent.,2025-11-14,Neutral
REV000223,BOOK003840,CUST003944,HOT0095,4,Poor Service,Food quality was excellent.,2024-11-17,Positive
REV000224,BOOK001012,CUST001326,HOT0034,4,Highly Recommended,Food quality was excellent.,2024-09-05,Positive
REV000225,BOOK000307,CUST001125,HOT0061,1,Very Good,Food quality was excellent.,2026-05-19,Negative
REV000226,BOOK001505,CUST999999,HOT0084,4,Value for Money,Staff were friendly and helpful.,2026-02-16,Positive
REV000227,BOOK003343,CUST004373,HOT0112,5,Excellent Stay,Overall satisfied with the stay.,2026-03-21,Positive
REV000228,BOOK002738,CUST000222,HOT0113,1,Poor Service,Will definitely visit again.,2024-08-23,Negative
REV000229,BOOK003106,CUST001791,HOT0144,4,Very Good,Great location and ambience.,2026-01-19,Positive
REV000230,BOOK000170,CUST001685,HOT0203,2,Poor Service,Room was clean and comfortable.,2025-08-17,Negative
REV000231,BOOK004556,CUST001140,HOT0132,2,Value for Money,Food quality was excellent.,2025-01-23,Negative
REV000232,BOOK003813,CUST000457,HOT0156,3,Excellent Stay,Check-in process was smooth.,2026-01-29,Neutral
REV000233,BOOK002947,CUST001524,HOT0229,5,Poor Service,Food quality was excellent.,2025-12-13,Positive
REV000234,BOOK003447,CUST001026,HOT0167,4,Very Good,Bathroom needs improvement.,2025-05-08,Positive
REV000235,BOOK001361,CUST004113,HOT0168,3,Excellent Stay,Staff were friendly and helpful.,2025-01-14,Neutral
REV000236,BOOK001503,CUST002007,HOT0208,4,Poor Service,Staff were friendly and helpful.,2026-01-18,Positive
REV000237,BOOK004090,CUST004287,HOT0069,5,Excellent Stay,Overall satisfied with the stay.,2025-03-08,Positive
REV000238,BOOK003374,CUST000684,HOT0059,2,Amazing Hospitality,Check-in process was smooth.,2026-05-02,Negative
REV000239,BOOK001303,CUST004263,HOT0186,4,Poor Service,Check-in process was smooth.,2025-09-28,Positive
REV000240,BOOK001121,CUST004807,HOT0144,1,Amazing Hospitality,Bathroom needs improvement.,2025-01-20,Negative
REV000241,BOOK001545,CUST003195,HOT0010,4,Very Good,Bathroom needs improvement.,2025-11-23,Positive
REV000242,BOOK004976,CUST000013,HOT0028,5,Highly Recommended,Overall satisfied with the stay.,2025-11-24,Positive
REV000243,BOOK004475,CUST002109,HOT0081,2,Highly Recommended,Bathroom needs improvement.,2026-03-22,Negative
REV000244,BOOK001233,CUST003727,HOT0020,1,Excellent Stay,Check-in process was smooth.,2025-03-24,Negative
REV000245,BOOK001082,CUST002989,HOT0127,1,Highly Recommended,Will definitely visit again.,2026-09-04,Negative
REV000246,BOOK001490,CUST004785,HOT0023,2,Needs Improvement,Room was clean and comfortable.,2026-08-22,Negative
REV000247,BOOK003530,CUST002139,HOT0232,2,Amazing Hospitality,Great location and ambience.,2025-07-06,Negative
REV000248,BOOK000587,CUST003728,HOT0223,5,Poor Service,Check-in process was smooth.,2025-03-20,Positive
REV000249,BOOK000479,CUST002825,HOT0139,3,Average Experience,Bathroom needs improvement.,2025-03-06,Neutral
REV000250,BOOK001143,CUST003859,HOT0163,5,Average Experience,Bathroom needs improvement.,2025-03-23,Positive
REV000251,BOOK000174,CUST003224,HOT0036,2,Needs Improvement,Food quality was excellent.,2025-02-11,Negative
REV000252,BOOK003654,CUST001809,HOT0231,2,Average Experience,Bathroom needs improvement.,2026-06-02,Negative
REV000253,BOOK000668,CUST003151,HOT0007,5,Excellent Stay,Food quality was excellent.,2025-01-01,Positive
REV000254,BOOK003599,CUST003985,HOT0230,5,Needs Improvement,Room was clean and comfortable.,2024-11-28,Positive
REV000255,BOOK003643,CUST000330,HOT0210,1,Value for Money,Bathroom needs improvement.,2024-10-04,Negative
REV000256,BOOK001011,CUST001747,HOT0161,4,Poor Service,Overall satisfied with the stay.,2025-11-05,Positive
REV000257,BOOK003155,CUST003072,HOT0111,4,Excellent Stay,Overall satisfied with the stay.,2025-06-20,Positive
REV000258,BOOK002039,CUST000989,HOT0249,3,Highly Recommended,Staff were friendly and helpful.,2025-06-23,Neutral
REV000259,BOOK002676,CUST001545,HOT0068,5,Value for Money,Room was clean and comfortable.,2026-06-01,Positive
REV000260,BOOK000175,CUST001656,HOT0039,5,Amazing Hospitality,Will definitely visit again.,2025-09-18,Positive
REV000261,BOOK001088,CUST003094,HOT0120,1,Value for Money,Food quality was excellent.,2024-12-22,Negative
REV000262,BOOK004408,CUST000436,HOT0044,4,Highly Recommended,Overall satisfied with the stay.,2025-03-06,Positive
REV000263,BOOK001295,CUST003007,HOT0082,2,Poor Service,Food quality was excellent.,2025-12-08,Negative
REV000264,BOOK000212,CUST001270,HOT0154,5,Highly Recommended,Staff were friendly and helpful.,2026-04-08,Positive
REV000265,BOOK000837,CUST000650,HOT0101,1,Amazing Hospitality,Great location and ambience.,2025-02-19,Negative
REV000266,BOOK004490,CUST003486,HOT0011,5,Amazing Hospitality,Great location and ambience.,2025-04-06,Positive
REV000267,BOOK003901,CUST004482,HOT0171,4,Amazing Hospitality,Overall satisfied with the stay.,2026-03-26,Positive
REV000268,BOOK003353,CUST004765,HOT0225,4,Value for Money,Check-in process was smooth.,2026-02-03,Positive
REV000269,BOOK000118,CUST003532,HOT0096,1,Value for Money,Will definitely visit again.,2026-05-30,Negative
REV000270,BOOK002744,CUST004713,HOT0170,4,Average Experience,Bathroom needs improvement.,2025-07-19,Positive
REV000271,BOOK003073,CUST004781,HOT0187,2,Needs Improvement,Room was clean and comfortable.,2025-04-14,Negative
REV000272,BOOK004370,CUST002381,HOT0125,4,Value for Money,Room was clean and comfortable.,2025-03-05,Positive
REV000273,BOOK002393,CUST000443,HOT0057,3,Highly Recommended,Staff were friendly and helpful.,2025-04-18,Neutral
REV000274,BOOK004378,CUST000813,HOT0032,4,Needs Improvement,Staff were friendly and helpful.,2025-01-09,Positive
REV000275,BOOK002037,CUST004887,HOT0239,2,Very Good,Food quality was excellent.,2025-09-11,Negative
REV000276,BOOK002872,CUST001896,HOT0119,5,Needs Improvement,Room was clean and comfortable.,2025-08-02,Positive
REV000277,BOOK001133,CUST003406,HOT0125,3,Average Experience,Check-in process was smooth.,2025-01-15,Neutral
REV000278,BOOK001287,CUST004387,HOT0085,3,Very Good,Bathroom needs improvement.,2025-05-15,Neutral
REV000279,BOOK000931,CUST001875,HOT0154,5,Amazing Hospitality,Bathroom needs improvement.,2025-08-07,Positive
REV000280,BOOK004211,CUST001108,HOT0052,4,Value for Money,Staff were friendly and helpful.,2026-02-15,Positive
REV000281,BOOK002088,CUST002209,HOT0067,3,Average Experience,Food quality was excellent.,2025-06-19,Neutral
REV000282,BOOK000608,CUST003077,HOT0166,3,Needs Improvement,Will definitely visit again.,2024-10-12,Neutral
REV000283,BOOK004750,CUST000770,HOT0054,5,Very Good,,2026-09-04,Positive
REV000284,BOOK002698,CUST001288,HOT0238,5,Highly Recommended,Room was clean and comfortable.,2026-02-04,Positive
REV000285,BOOK000037,CUST002783,HOT0206,4,Highly Recommended,Check-in process was smooth.,2024-10-05,Positive
REV000286,BOOK003285,CUST003450,HOT0136,1,Poor Service,Will definitely visit again.,2025-06-29,Negative
REV000287,BOOK000656,CUST002888,HOT0175,2,Needs Improvement,Will definitely visit again.,2025-11-29,Negative
REV000288,BOOK001936,CUST001516,HOT0146,4,Needs Improvement,Food quality was excellent.,2025-05-10,Positive
REV000289,BOOK003143,CUST002606,HOT0001,5,Amazing Hospitality,Overall satisfied with the stay.,2025-04-05,Positive
REV000290,BOOK003719,CUST004847,HOT0104,4,Poor Service,Will definitely visit again.,2026-06-16,Positive
REV000291,BOOK003627,CUST002857,HOT0185,1,Needs Improvement,Bathroom needs improvement.,2025-09-29,Negative
REV000292,BOOK003290,CUST003797,HOT0109,1,Poor Service,Bathroom needs improvement.,2024-11-21,Negative
REV000293,BOOK004321,CUST003207,HOT0071,2,Highly Recommended,Bathroom needs improvement.,2025-04-12,Negative
REV000294,BOOK004531,CUST002045,HOT0230,1,Highly Recommended,Bathroom needs improvement.,2025-01-18,Negative
REV000295,BOOK001104,CUST000325,HOT0197,2,Needs Improvement,Staff were friendly and helpful.,2025-11-23,Negative
REV000296,BOOK000585,CUST004836,HOT0036,1,Excellent Stay,Room was clean and comfortable.,2026-03-02,Negative
REV000297,BOOK002126,CUST000268,HOT0045,1,Excellent Stay,Check-in process was smooth.,2025-02-28,Negative
REV000298,BOOK000592,CUST000862,HOT0248,3,Excellent Stay,Overall satisfied with the stay.,2026-04-30,Neutral
REV000299,BOOK002183,CUST003378,HOT0152,4,Value for Money,Check-in process was smooth.,2024-09-05,Positive
REV000300,BOOK000131,CUST001873,HOT0107,2,Average Experience,Check-in process was smooth.,2026-01-19,Negative
REV000301,BOOK000790,CUST002062,HOT0197,1,Highly Recommended,Will definitely visit again.,2026-08-20,Negative
REV000302,BOOK001023,CUST001312,HOT0149,5,Average Experience,Great location and ambience.,2026-01-25,Positive
REV000303,BOOK004162,CUST001359,HOT0129,3,Very Good,Food quality was excellent.,2025-12-03,Neutral
REV000304,BOOK001389,CUST000478,HOT0111,3,Value for Money,Overall satisfied with the stay.,2024-08-20,Neutral
REV000305,BOOK004086,CUST001001,HOT0077,4,Poor Service,Will definitely visit again.,2025-10-24,Positive
REV000306,BOOK002243,CUST003916,HOT0063,2,Needs Improvement,Overall satisfied with the stay.,2026-08-08,Negative
REV000307,BOOK000004,CUST004818,HOT0208,5,Very Good,Will definitely visit again.,2026-04-09,Positive
REV000308,BOOK002430,CUST002234,HOT0114,3,Value for Money,Will definitely visit again.,2024-11-11,Neutral
REV000309,BOOK001978,CUST001054,HOT0183,3,Needs Improvement,Will definitely visit again.,2026-01-16,Neutral
REV000310,BOOK002965,CUST001056,HOT0161,2,Highly Recommended,Bathroom needs improvement.,2025-08-09,Negative
REV000311,BOOK004827,CUST999999,HOT0236,2,Needs Improvement,Room was clean and comfortable.,2025-10-15,Negative
REV000312,BOOK004942,CUST002609,HOT0068,5,Excellent Stay,Overall satisfied with the stay.,2025-09-26,Positive
REV000313,BOOK003143,CUST002606,HOT0001,1,Very Good,Bathroom needs improvement.,2025-04-05,Negative
REV000314,BOOK003322,CUST001818,HOT0217,4,Very Good,Staff were friendly and helpful.,2026-07-25,Positive
REV000315,BOOK004126,CUST004662,HOT0203,5,Average Experience,Food quality was excellent.,2025-03-30,Positive
REV000316,BOOK004932,CUST002473,HOT0188,4,Average Experience,Check-in process was smooth.,2025-11-04,Positive
REV000317,BOOK000252,CUST004577,HOT0053,2,Average Experience,Check-in process was smooth.,2025-12-27,Negative
REV000318,BOOK001198,CUST001384,HOT0219,3,Amazing Hospitality,Staff were friendly and helpful.,2025-02-16,Neutral
REV000319,BOOK002285,CUST003694,HOT0114,2,Amazing Hospitality,Will definitely visit again.,2026-04-19,Negative
REV000320,BOOK004208,CUST003259,HOT0144,5,Excellent Stay,Overall satisfied with the stay.,2026-02-11,Positive
REV000321,BOOK002190,CUST004950,HOT0223,4,Very Good,,2024-08-29,Positive
REV000322,BOOK000579,CUST000497,HOT0181,5,Value for Money,Great location and ambience.,2026-05-19,Positive
REV000323,BOOK001002,CUST002780,HOT0107,1,Average Experience,Bathroom needs improvement.,2024-11-30,Negative
REV000324,BOOK001669,CUST003341,HOT0009,4,Amazing Hospitality,Room was clean and comfortable.,2025-07-08,Positive
REV000325,BOOK004009,CUST003967,HOT0180,5,Excellent Stay,Check-in process was smooth.,2025-04-30,Positive
REV000326,BOOK001068,CUST004226,HOT0129,1,Average Experience,Food quality was excellent.,2024-11-15,Negative
REV000327,BOOK002436,CUST002775,HOT0005,3,Average Experience,Overall satisfied with the stay.,2025-12-30,Neutral
REV000328,BOOK000534,CUST002929,HOT0111,3,Value for Money,Staff were friendly and helpful.,2024-11-20,Neutral
REV000329,BOOK001375,CUST000842,HOT0242,3,Needs Improvement,Overall satisfied with the stay.,2025-06-19,Neutral
REV000330,BOOK004661,CUST001860,HOT0088,4,Needs Improvement,Will definitely visit again.,2025-05-15,Positive
REV000331,BOOK000711,CUST002918,HOT0110,2,Average Experience,Food quality was excellent.,2025-01-12,Negative
REV000332,BOOK004853,CUST002616,HOT0173,5,Amazing Hospitality,Check-in process was smooth.,2025-08-28,Positive
REV000333,BOOK004096,CUST000019,HOT0055,1,Average Experience,Will definitely visit again.,2026-08-29,Negative
REV000334,BOOK004751,CUST002376,HOT0036,3,Value for Money,Food quality was excellent.,2025-04-23,Neutral
REV000335,BOOK003856,CUST002876,HOT0123,4,Highly Recommended,Food quality was excellent.,2024-12-07,Positive
REV000336,BOOK003271,CUST002402,HOT0250,4,Value for Money,Bathroom needs improvement.,2025-10-02,Positive
REV000337,BOOK002734,CUST001781,HOT0199,5,Amazing Hospitality,Food quality was excellent.,2025-04-20,Positive
REV000338,BOOK004611,CUST000639,HOT0058,3,Value for Money,Bathroom needs improvement.,2025-10-15,Neutral
REV000339,BOOK000071,CUST001035,HOT0058,4,Average Experience,Great location and ambience.,2025-09-26,Positive
REV000340,BOOK003579,CUST001917,HOT0045,5,Excellent Stay,Check-in process was smooth.,2026-05-05,Positive
REV000341,BOOK000854,CUST004063,HOT0066,1,Very Good,Check-in process was smooth.,2026-01-16,Negative
REV000342,BOOK004187,CUST000262,HOT0105,4,Value for Money,Check-in process was smooth.,2025-04-20,Positive
REV000343,BOOK002447,CUST001286,HOT0240,3,Average Experience,Check-in process was smooth.,2026-06-03,Neutral
REV000344,BOOK001213,CUST003787,HOT0049,1,Poor Service,Will definitely visit again.,2025-09-01,Negative
REV000345,BOOK003133,CUST003413,HOT0119,3,Amazing Hospitality,Check-in process was smooth.,2026-04-22,Neutral
REV000346,BOOK001514,CUST001350,HOT0237,1,Amazing Hospitality,Overall satisfied with the stay.,2026-03-24,Negative
REV000347,BOOK003672,CUST003380,HOT0177,4,Needs Improvement,Staff were friendly and helpful.,2026-05-16,Positive
REV000348,BOOK002575,CUST001480,HOT0091,2,Value for Money,Great location and ambience.,2025-08-05,Negative
REV000349,BOOK001965,CUST003326,HOT0006,1,Excellent Stay,Staff were friendly and helpful.,2025-05-03,Negative
REV000350,BOOK004943,CUST002277,HOT0035,2,Excellent Stay,Great location and ambience.,2026-06-18,Negative
REV000351,BOOK004229,CUST003989,HOT0152,1,Amazing Hospitality,Room was clean and comfortable.,2025-11-16,Negative
REV000352,BOOK000392,CUST001355,HOT0221,1,Average Experience,Room was clean and comfortable.,2026-05-07,Negative
REV000353,BOOK004459,CUST001412,HOT0224,5,Needs Improvement,Overall satisfied with the stay.,2026-05-13,Positive
REV000354,BOOK004341,CUST003855,HOT0090,5,Highly Recommended,Bathroom needs improvement.,2025-10-13,Positive
REV000355,BOOK000800,CUST001963,HOT0005,4,Poor Service,Room was clean and comfortable.,2025-05-13,Positive
REV000356,BOOK001152,CUST000885,HOT0207,3,Excellent Stay,Overall satisfied with the stay.,2024-11-13,Neutral
REV000357,BOOK003021,CUST003397,HOT0172,4,Excellent Stay,Room was clean and comfortable.,2025-03-26,Positive
REV000358,BOOK004836,CUST002121,HOT0163,4,Very Good,Food quality was excellent.,2024-10-20,Positive
REV000359,BOOK001298,CUST004340,HOT0186,4,Poor Service,Room was clean and comfortable.,2025-08-04,Positive
REV000360,BOOK002227,CUST002074,HOT0166,3,Value for Money,Staff were friendly and helpful.,2024-11-24,Neutral
REV000361,BOOK002990,CUST001768,HOT0152,5,Needs Improvement,Food quality was excellent.,2026-01-04,Positive
REV000362,BOOK002850,CUST001774,HOT0244,4,Average Experience,Will definitely visit again.,2025-10-07,Positive
REV000363,BOOK004989,CUST000048,HOT0109,3,Excellent Stay,Check-in process was smooth.,2025-09-15,Neutral
REV000364,BOOK003481,CUST001073,HOT0081,1,Value for Money,Bathroom needs improvement.,2025-02-16,Negative
REV000365,BOOK001041,CUST000763,HOT0190,3,Needs Improvement,Will definitely visit again.,2025-02-07,Neutral
REV000366,BOOK000690,CUST000303,HOT0142,2,Very Good,Check-in process was smooth.,2025-11-25,Negative
REV000367,BOOK003951,CUST001880,HOT0021,4,Poor Service,Check-in process was smooth.,2026-01-19,Positive
REV000368,BOOK003982,CUST004188,HOT0123,1,Needs Improvement,Staff were friendly and helpful.,2025-12-21,Negative
REV000369,BOOK003685,CUST004312,HOT0161,5,Poor Service,Check-in process was smooth.,2026-06-13,Positive
REV000370,BOOK002120,CUST001378,HOT0160,2,Average Experience,Check-in process was smooth.,2025-03-10,Negative
REV000371,BOOK001590,CUST000063,HOT0135,1,Poor Service,Staff were friendly and helpful.,2024-12-23,Negative
REV000372,BOOK000831,CUST002399,HOT0050,1,Amazing Hospitality,Will definitely visit again.,2026-06-10,Negative
REV000373,BOOK002630,CUST000425,HOT0185,4,Highly Recommended,Room was clean and comfortable.,2024-11-04,Positive
REV000374,BOOK000460,CUST004363,HOT0166,1,Very Good,Staff were friendly and helpful.,2025-07-31,Negative
REV000375,BOOK000555,CUST003044,HOT0246,3,Very Good,Room was clean and comfortable.,2025-02-13,Neutral
REV000376,BOOK001443,CUST003041,HOT0067,2,Needs Improvement,Great location and ambience.,2026-01-11,Negative
REV000377,BOOK004220,CUST001166,HOT0085,4,Average Experience,Great location and ambience.,2025-06-27,Positive
REV000378,BOOK001218,CUST000701,HOT0133,1,Amazing Hospitality,Bathroom needs improvement.,2025-11-13,Negative
REV000379,BOOK002670,CUST002254,HOT0209,3,Average Experience,Check-in process was smooth.,2025-09-30,Neutral
REV000380,BOOK001701,CUST003964,HOT0183,4,Highly Recommended,Great location and ambience.,2026-05-26,Positive
REV000381,BOOK001715,CUST002989,HOT0089,2,Very Good,Bathroom needs improvement.,2026-09-02,Negative
REV000382,BOOK004584,CUST000228,HOT0198,1,Amazing Hospitality,Food quality was excellent.,2024-12-11,Negative
REV000383,BOOK004954,CUST004175,HOT0222,4,Excellent Stay,Staff were friendly and helpful.,2026-02-07,Positive
REV000384,BOOK001971,CUST003605,HOT0146,2,Poor Service,Check-in process was smooth.,2025-10-11,Negative
REV000385,BOOK002147,CUST002547,HOT0117,2,Needs Improvement,Room was clean and comfortable.,2024-12-31,Negative
REV000386,BOOK001667,CUST001129,HOT0116,5,Needs Improvement,Room was clean and comfortable.,2025-12-21,Positive
REV000387,BOOK000436,CUST001016,HOT0018,4,Excellent Stay,Overall satisfied with the stay.,2025-10-09,Positive
REV000388,BOOK002946,CUST002290,HOT0185,3,Average Experience,Staff were friendly and helpful.,2026-03-02,Neutral
REV000389,BOOK004422,CUST002393,HOT0154,5,Needs Improvement,Room was clean and comfortable.,2025-07-16,Positive
REV000390,BOOK004310,CUST001309,HOT0058,1,Needs Improvement,Great location and ambience.,2025-12-05,Negative
REV000391,BOOK004453,CUST003869,HOT0063,5,Value for Money,Check-in process was smooth.,2025-03-25,Positive
REV000392,BOOK002619,CUST003666,HOT0025,2,Excellent Stay,Food quality was excellent.,2026-06-13,Negative
REV000393,BOOK000532,CUST003303,HOT0016,4,Very Good,Bathroom needs improvement.,2025-01-05,Positive
REV000394,BOOK004430,CUST002628,HOT0142,4,Excellent Stay,Food quality was excellent.,2026-05-29,Positive
REV000395,BOOK001787,CUST004652,HOT0205,4,Amazing Hospitality,Bathroom needs improvement.,2026-02-24,Positive
REV000396,BOOK004137,CUST002208,HOT0211,5,Value for Money,Room was clean and comfortable.,2025-04-24,Positive
REV000397,BOOK002938,CUST003543,HOT0242,2,Highly Recommended,Will definitely visit again.,2025-04-10,Negative
REV000398,BOOK001919,CUST004650,HOT0033,1,Highly Recommended,Check-in process was smooth.,2024-12-20,Negative
REV000399,BOOK002466,CUST002216,HOT0245,1,Excellent Stay,Overall satisfied with the stay.,2025-09-06,Negative
REV000400,BOOK003567,CUST003454,HOT0047,4,Value for Money,Check-in process was smooth.,2026-06-29,Positive
REV000401,BOOK002379,CUST003139,HOT0027,4,Excellent Stay,Overall satisfied with the stay.,2025-03-27,Positive
REV000402,BOOK000575,CUST000153,HOT0208,2,Average Experience,Food quality was excellent.,2024-09-26,Negative
REV000403,BOOK004783,CUST002862,HOT0016,4,Amazing Hospitality,Overall satisfied with the stay.,2025-01-26,Positive
REV000404,BOOK002479,CUST002556,HOT0038,1,Value for Money,Room was clean and comfortable.,2025-12-26,Negative
REV000405,BOOK004099,CUST002096,HOT0156,3,Needs Improvement,Bathroom needs improvement.,2025-10-26,Neutral
REV000406,BOOK000525,CUST003361,HOT0206,2,Poor Service,Staff were friendly and helpful.,2026-10-01,Negative
REV000407,BOOK003894,CUST004600,HOT0099,3,Poor Service,Great location and ambience.,2024-10-20,Neutral
REV000408,BOOK004449,CUST001634,HOT0166,1,Average Experience,Great location and ambience.,2024-12-11,Negative
REV000409,BOOK003826,CUST001227,HOT0136,1,Very Good,Check-in process was smooth.,2025-06-29,Negative
REV000410,BOOK004713,CUST003378,HOT0187,1,Highly Recommended,Bathroom needs improvement.,2025-11-23,Negative
REV000411,BOOK004445,CUST002465,HOT0213,1,Poor Service,Great location and ambience.,2024-08-14,Negative
REV000412,BOOK000198,CUST002671,HOT0208,3,Needs Improvement,Check-in process was smooth.,2025-01-23,Neutral
REV000413,BOOK004829,CUST002103,HOT0140,5,Value for Money,Food quality was excellent.,2025-07-02,Positive
REV000414,BOOK001714,CUST004175,HOT0082,3,Needs Improvement,Overall satisfied with the stay.,2025-02-08,Neutral
REV000415,BOOK000537,CUST003099,HOT0062,5,Poor Service,Food quality was excellent.,2025-10-21,Positive
REV000416,BOOK002583,CUST000987,HOT0139,3,Value for Money,Room was clean and comfortable.,2025-05-19,Neutral
REV000417,BOOK001463,CUST003011,HOT0026,3,Value for Money,Great location and ambience.,2025-01-04,Neutral
REV000418,BOOK004916,CUST003957,HOT0244,2,Excellent Stay,Great location and ambience.,2025-06-02,Negative
REV000419,BOOK003466,CUST003895,HOT0183,2,Average Experience,Staff were friendly and helpful.,2026-01-05,Negative
REV000420,BOOK003161,CUST001201,HOT0123,3,Excellent Stay,Will definitely visit again.,2025-01-08,Neutral
REV000421,BOOK004395,CUST002609,HOT0090,3,Excellent Stay,Room was clean and comfortable.,2025-07-04,Neutral
REV000422,BOOK004823,CUST000533,HOT0056,4,Average Experience,Will definitely visit again.,2025-12-26,Positive
REV000423,BOOK000021,CUST003140,HOT0146,3,Needs Improvement,Check-in process was smooth.,2026-01-26,Neutral
REV000424,BOOK004454,CUST000835,HOT0127,2,Needs Improvement,Will definitely visit again.,2025-09-05,Negative
REV000425,BOOK000339,CUST003842,HOT0130,1,Needs Improvement,Will definitely visit again.,2025-11-28,Negative
REV000426,BOOK001690,CUST002282,HOT0198,4,Needs Improvement,Great location and ambience.,2025-07-31,Positive
REV000427,BOOK002389,CUST003047,HOT0094,5,Average Experience,Room was clean and comfortable.,2025-09-07,Positive
REV000428,BOOK001702,CUST002204,HOT0105,5,Needs Improvement,Will definitely visit again.,2025-08-12,Positive
REV000429,BOOK000961,CUST004028,HOT0071,1,Value for Money,Check-in process was smooth.,2025-09-11,Negative
REV000430,BOOK000815,CUST004823,HOT0236,1,Excellent Stay,Food quality was excellent.,2025-05-16,Negative
REV000431,BOOK003727,CUST000138,HOT0122,3,Average Experience,Check-in process was smooth.,2025-04-29,Neutral
REV000432,BOOK000605,CUST002857,HOT0087,5,Needs Improvement,Check-in process was smooth.,2026-05-07,Positive
REV000433,BOOK002931,CUST999999,HOT0043,5,Very Good,,2026-04-28,Positive
REV000434,BOOK002519,CUST004215,HOT0185,5,Highly Recommended,Check-in process was smooth.,2025-10-06,Positive
REV000435,BOOK002003,CUST000022,HOT0003,5,Excellent Stay,Food quality was excellent.,2025-11-15,Positive
REV000436,BOOK003482,CUST002705,HOT0044,4,Value for Money,Overall satisfied with the stay.,2025-10-24,Positive
REV000437,BOOK003809,CUST000341,HOT0012,5,Excellent Stay,Room was clean and comfortable.,2024-10-29,Positive
REV000438,BOOK003913,CUST003004,HOT0025,3,Poor Service,Bathroom needs improvement.,2025-12-25,Neutral
REV000439,BOOK004769,CUST000358,HOT0240,4,Needs Improvement,Food quality was excellent.,2025-08-29,Positive
REV000440,BOOK003905,CUST999999,HOT0010,3,Excellent Stay,Room was clean and comfortable.,2025-01-17,Neutral
REV000441,BOOK000876,CUST000427,HOT0085,5,Highly Recommended,Great location and ambience.,2025-02-16,Positive
REV000442,BOOK004693,CUST002062,HOT0034,1,Poor Service,Bathroom needs improvement.,2025-09-01,Negative
REV000443,BOOK004256,CUST002883,HOT0066,5,Highly Recommended,Room was clean and comfortable.,2025-01-03,Positive
REV000444,BOOK002189,CUST003402,HOT0059,1,Value for Money,Great location and ambience.,2025-09-20,Negative
REV000445,BOOK004802,CUST003529,HOT0233,4,Poor Service,Food quality was excellent.,2025-06-26,Positive
REV000446,BOOK004355,CUST000084,HOT0087,2,Value for Money,Bathroom needs improvement.,2025-02-17,Negative
REV000447,BOOK003495,CUST004361,HOT0014,2,Excellent Stay,Food quality was excellent.,2025-08-11,Negative
REV000448,BOOK001686,CUST000015,HOT0105,5,Needs Improvement,Food quality was excellent.,2025-02-23,Positive
REV000449,BOOK001582,CUST004955,HOT0171,3,Amazing Hospitality,Room was clean and comfortable.,2025-12-07,Neutral
REV000450,BOOK003387,CUST003835,HOT0239,3,Poor Service,Will definitely visit again.,2025-05-18,Neutral
REV000451,BOOK004505,CUST000261,HOT0055,1,Amazing Hospitality,Great location and ambience.,2025-03-14,Negative
REV000452,BOOK004385,CUST003566,HOT0184,5,Highly Recommended,Room was clean and comfortable.,2026-01-11,Positive
REV000453,BOOK001207,CUST004592,HOT0157,1,Highly Recommended,Overall satisfied with the stay.,2026-09-09,Negative
REV000454,BOOK001874,CUST003959,HOT0082,5,Value for Money,Overall satisfied with the stay.,2025-06-30,Positive
REV000455,BOOK001876,CUST001259,HOT0224,1,Very Good,Room was clean and comfortable.,2025-07-10,Negative
REV000456,BOOK000117,CUST001957,HOT0165,5,Amazing Hospitality,Staff were friendly and helpful.,2025-04-07,Positive
REV000457,BOOK003861,CUST003368,HOT0095,4,Very Good,Overall satisfied with the stay.,2024-11-28,Positive
REV000458,BOOK004977,CUST001397,HOT0226,4,Needs Improvement,Will definitely visit again.,2026-01-18,Positive
REV000459,BOOK003662,CUST002224,HOT0235,2,Needs Improvement,Great location and ambience.,2026-06-10,Negative
REV000460,BOOK000672,CUST001206,HOT0029,4,Value for Money,Great location and ambience.,2025-05-28,Positive
REV000461,BOOK002762,CUST001908,HOT0038,2,Amazing Hospitality,Will definitely visit again.,2025-09-15,Negative
REV000462,BOOK002499,CUST002359,HOT0140,1,Average Experience,Great location and ambience.,2026-07-12,Negative
REV000463,BOOK003637,CUST000718,HOT0090,4,Excellent Stay,Food quality was excellent.,2026-06-16,Positive
REV000464,BOOK003437,CUST002882,HOT0103,4,Needs Improvement,Bathroom needs improvement.,2025-10-04,Positive
REV000465,BOOK002046,CUST003934,HOT0088,1,Average Experience,Overall satisfied with the stay.,2025-10-17,Negative
REV000466,BOOK000576,CUST002593,HOT0124,3,Value for Money,Bathroom needs improvement.,2025-10-23,Neutral
REV000467,BOOK000752,CUST004124,HOT0085,5,Excellent Stay,Overall satisfied with the stay.,2025-05-18,Positive
REV000468,BOOK002912,CUST003823,HOT0244,2,Very Good,Overall satisfied with the stay.,2025-09-02,Negative
REV000469,BOOK004824,CUST001356,HOT0026,1,Highly Recommended,Food quality was excellent.,2024-11-13,Negative
REV000470,BOOK000794,CUST001015,HOT0202,3,Excellent Stay,Staff were friendly and helpful.,2026-01-05,Neutral
REV000471,BOOK002924,CUST003619,HOT0032,1,Excellent Stay,Great location and ambience.,2025-06-23,Negative
REV000472,BOOK003324,CUST002951,HOT0087,1,Average Experience,Room was clean and comfortable.,2026-08-31,Negative
REV000473,BOOK001139,CUST001930,HOT0162,3,Poor Service,Food quality was excellent.,2025-12-16,Neutral
REV000474,BOOK003378,CUST001459,HOT0080,2,Average Experience,Great location and ambience.,2025-05-19,Negative
REV000475,BOOK000824,CUST000313,HOT0245,3,Highly Recommended,Bathroom needs improvement.,2025-10-28,Neutral
REV000476,BOOK000475,CUST002016,HOT0045,3,Poor Service,Check-in process was smooth.,2026-03-11,Neutral
REV000477,BOOK002099,CUST001120,HOT0173,2,Value for Money,Staff were friendly and helpful.,2026-03-20,Negative
REV000478,BOOK003621,CUST000539,HOT0234,4,Amazing Hospitality,Overall satisfied with the stay.,2025-03-24,Positive
REV000479,BOOK000374,CUST004695,HOT0183,4,Highly Recommended,Check-in process was smooth.,2026-01-23,Positive
REV000480,BOOK004589,CUST004608,HOT0247,1,Very Good,Staff were friendly and helpful.,2024-10-29,Negative
REV000481,BOOK002674,CUST003405,HOT0025,2,Highly Recommended,Bathroom needs improvement.,2025-06-26,Negative
REV000482,BOOK000838,CUST004593,HOT0088,1,Very Good,Room was clean and comfortable.,2025-05-02,Negative
REV000483,BOOK004023,CUST003102,HOT0159,2,Highly Recommended,Room was clean and comfortable.,2024-11-20,Negative
REV000484,BOOK002292,CUST004675,HOT0128,2,Amazing Hospitality,Staff were friendly and helpful.,2026-08-25,Negative
REV000485,BOOK001888,CUST004332,HOT0227,4,Amazing Hospitality,Great location and ambience.,2024-11-08,Positive
REV000486,BOOK002489,CUST002694,HOT0064,2,Value for Money,Food quality was excellent.,2026-03-20,Negative
REV000487,BOOK002936,CUST000657,HOT0185,2,Value for Money,Check-in process was smooth.,2026-01-20,Negative
REV000488,BOOK001739,CUST000139,HOT0061,4,Value for Money,Will definitely visit again.,2026-05-10,Positive
REV000489,BOOK004656,CUST003862,HOT0154,2,Needs Improvement,Will definitely visit again.,2025-03-26,Negative
REV000490,BOOK004417,CUST004933,HOT0178,5,Very Good,Will definitely visit again.,2026-01-03,Positive
REV000491,BOOK000877,CUST001700,HOT0153,5,Needs Improvement,Staff were friendly and helpful.,2024-10-03,Positive
REV000492,BOOK001916,CUST004521,HOT0146,1,Needs Improvement,Food quality was excellent.,2026-05-01,Negative
REV000493,BOOK000090,CUST000635,HOT0098,5,Very Good,Bathroom needs improvement.,2026-05-13,Positive
REV000494,BOOK000561,CUST002166,HOT0125,2,Average Experience,Check-in process was smooth.,2025-01-09,Negative
REV000495,BOOK004031,CUST002948,HOT0184,5,Average Experience,Staff were friendly and helpful.,2025-10-16,Positive
REV000496,BOOK003879,CUST000841,HOT0215,4,Needs Improvement,Food quality was excellent.,2025-10-03,Positive
REV000497,BOOK001651,CUST002052,HOT0123,3,Value for Money,Overall satisfied with the stay.,2025-01-24,Neutral
REV000498,BOOK004049,CUST004360,HOT0050,2,Amazing Hospitality,Staff were friendly and helpful.,2025-01-08,Negative
REV000499,BOOK001114,CUST001897,HOT0165,2,Value for Money,Overall satisfied with the stay.,2025-05-02,Negative
REV000500,BOOK001380,CUST003695,HOT0218,4,Value for Money,Will definitely visit again.,2025-06-17,Positive
REV000501,BOOK002380,CUST001175,HOT0076,2,Amazing Hospitality,Food quality was excellent.,2025-09-25,Negative
REV000502,BOOK002400,CUST002917,HOT0025,1,Needs Improvement,Check-in process was smooth.,2025-11-21,Negative
REV000503,BOOK004666,CUST003664,HOT0163,4,Average Experience,Great location and ambience.,2025-05-05,Positive
REV000504,BOOK000370,CUST004449,HOT0015,1,Average Experience,Staff were friendly and helpful.,2024-10-29,Negative
REV000505,BOOK003302,CUST001409,HOT0149,1,Amazing Hospitality,Bathroom needs improvement.,2026-06-15,Negative
REV000506,BOOK002505,CUST002561,HOT0239,5,Average Experience,Bathroom needs improvement.,2025-03-01,Positive
REV000507,BOOK004123,CUST001886,HOT0202,2,Highly Recommended,Food quality was excellent.,2026-06-03,Negative
REV000508,BOOK001933,CUST002097,HOT0057,2,Amazing Hospitality,Will definitely visit again.,2024-12-14,Negative
REV000509,BOOK004091,CUST002882,HOT0070,2,Highly Recommended,Staff were friendly and helpful.,2026-06-14,Negative
REV000510,BOOK003409,CUST003727,HOT0159,4,Very Good,Will definitely visit again.,2024-10-01,Positive
REV000511,BOOK001531,CUST004581,HOT0199,5,Needs Improvement,Staff were friendly and helpful.,2025-07-05,Positive
REV000512,BOOK004803,CUST001464,HOT0203,3,Very Good,Bathroom needs improvement.,2025-02-09,Neutral
REV000513,BOOK003112,CUST001508,HOT0130,4,Needs Improvement,Bathroom needs improvement.,2025-04-10,Positive
REV000514,BOOK000246,CUST001616,HOT0137,1,Value for Money,Food quality was excellent.,2026-08-19,Negative
REV000515,BOOK000741,CUST001025,HOT0223,2,Value for Money,Food quality was excellent.,2025-04-08,Negative
REV000516,BOOK002622,CUST002882,HOT0101,5,Highly Recommended,Will definitely visit again.,2026-08-12,Positive
REV000517,BOOK002146,CUST001671,HOT0182,2,Value for Money,Staff were friendly and helpful.,2025-04-15,Negative
REV000518,BOOK000730,CUST004971,HOT0091,3,Needs Improvement,Will definitely visit again.,2026-05-19,Neutral
REV000519,BOOK004411,CUST002903,HOT0027,4,Highly Recommended,Staff were friendly and helpful.,2026-03-04,Positive
REV000520,BOOK004843,CUST000868,HOT0126,2,Poor Service,Room was clean and comfortable.,2024-12-31,Negative
REV000521,BOOK004547,CUST002527,HOT0017,4,Excellent Stay,Overall satisfied with the stay.,2025-12-26,Positive
REV000522,BOOK002822,CUST002200,HOT0158,4,Needs Improvement,Food quality was excellent.,2025-12-13,Positive
REV000523,BOOK000892,CUST004035,HOT0202,1,Value for Money,Will definitely visit again.,2025-04-25,Negative
REV000524,BOOK004285,CUST004860,HOT0193,1,Average Experience,Room was clean and comfortable.,2025-11-12,Negative
REV000525,BOOK000302,CUST004794,HOT0187,5,Highly Recommended,Overall satisfied with the stay.,2024-10-09,Positive
REV000526,BOOK000884,CUST001282,HOT0072,4,Excellent Stay,Overall satisfied with the stay.,2025-01-18,Positive
REV000527,BOOK000149,CUST001786,HOT0050,2,Amazing Hospitality,Check-in process was smooth.,2025-11-06,Negative
REV000528,BOOK000066,CUST000043,HOT0059,5,Value for Money,Check-in process was smooth.,2025-10-23,Positive
REV000529,BOOK000885,CUST002478,HOT0183,5,Average Experience,Staff were friendly and helpful.,2026-02-06,Positive
REV000530,BOOK003247,CUST000861,HOT0187,1,Average Experience,Food quality was excellent.,2026-04-05,Negative
REV000531,BOOK003459,CUST000133,HOT0097,5,Highly Recommended,Great location and ambience.,2025-07-16,Positive
REV000532,BOOK003055,CUST003113,HOT0095,2,Needs Improvement,Will definitely visit again.,2025-06-18,Negative
REV000533,BOOK000827,CUST000743,HOT0223,3,Poor Service,Will definitely visit again.,2025-11-24,Neutral
REV000534,BOOK004428,CUST003676,HOT0233,1,Needs Improvement,Great location and ambience.,2026-04-02,Negative
REV000535,BOOK001872,CUST003454,HOT0145,3,Value for Money,Check-in process was smooth.,2025-05-16,Neutral
REV000536,BOOK004339,CUST002030,HOT0132,2,Needs Improvement,Room was clean and comfortable.,2025-05-10,Negative
REV000537,BOOK001562,CUST002984,HOT0145,1,Highly Recommended,Food quality was excellent.,2024-11-27,Negative
REV000538,BOOK002675,CUST004124,HOT0138,4,Poor Service,Food quality was excellent.,2026-04-14,Positive
REV000539,BOOK000508,CUST001793,HOT0002,4,Excellent Stay,Check-in process was smooth.,2026-07-28,Positive
REV000540,BOOK001061,CUST002118,HOT0247,1,Poor Service,Food quality was excellent.,2026-01-05,Negative
REV000541,BOOK003171,CUST002694,HOT0222,5,Highly Recommended,Will definitely visit again.,2026-08-01,Positive
REV000542,BOOK001841,CUST003041,HOT0103,4,Average Experience,Room was clean and comfortable.,2025-09-27,Positive
REV000543,BOOK000622,CUST002603,HOT0035,3,Excellent Stay,Will definitely visit again.,2026-08-21,Neutral
REV000544,BOOK003921,CUST003357,HOT0073,2,Very Good,Will definitely visit again.,2025-06-06,Negative
REV000545,BOOK002782,CUST002692,HOT0208,1,Poor Service,Overall satisfied with the stay.,2026-04-09,Negative
REV000546,BOOK001752,CUST003986,HOT0193,2,Needs Improvement,Staff were friendly and helpful.,2026-05-12,Negative
REV000547,BOOK004694,CUST004876,HOT0037,1,Needs Improvement,Bathroom needs improvement.,2026-07-22,Negative
REV000548,BOOK004801,CUST001674,HOT0133,5,Amazing Hospitality,Check-in process was smooth.,2026-06-24,Positive
REV000549,BOOK000939,CUST002827,HOT0061,2,Very Good,Bathroom needs improvement.,2026-05-04,Negative
REV000550,BOOK003984,CUST000597,HOT0086,2,Value for Money,Food quality was excellent.,2025-07-13,Negative
REV000551,BOOK003565,CUST000664,HOT0118,1,Needs Improvement,Will definitely visit again.,2026-06-14,Negative
REV000552,BOOK000089,CUST002823,HOT0006,3,Very Good,Great location and ambience.,2025-06-23,Neutral
REV000553,BOOK000818,CUST003767,HOT0078,5,Excellent Stay,Will definitely visit again.,2026-08-17,Positive
REV000554,BOOK000683,CUST000369,HOT0037,1,Needs Improvement,Will definitely visit again.,2024-09-13,Negative
REV000555,BOOK003439,CUST002060,HOT0159,3,Highly Recommended,Bathroom needs improvement.,2025-01-24,Neutral
REV000556,BOOK002360,CUST001036,HOT0089,2,Amazing Hospitality,Check-in process was smooth.,2026-08-01,Negative
REV000557,BOOK003062,CUST004715,HOT0051,2,Needs Improvement,Great location and ambience.,2026-03-01,Negative
REV000558,BOOK004884,CUST004160,HOT0012,1,Average Experience,Room was clean and comfortable.,2024-08-18,Negative
REV000559,BOOK004451,CUST002394,HOT0060,5,Excellent Stay,Food quality was excellent.,2025-01-11,Positive
REV000560,BOOK003690,CUST001586,HOT0073,1,Highly Recommended,Great location and ambience.,2026-09-04,Negative
REV000561,BOOK001284,CUST001410,HOT0029,4,Excellent Stay,Check-in process was smooth.,2025-04-24,Positive
REV000562,BOOK000105,CUST004995,HOT0032,3,Value for Money,Check-in process was smooth.,2025-12-04,Neutral
REV000563,BOOK001330,CUST002194,HOT0128,5,Needs Improvement,Staff were friendly and helpful.,2024-12-15,Positive
REV000564,BOOK004786,CUST003536,HOT0084,1,Highly Recommended,Food quality was excellent.,2025-09-29,Negative
REV000565,BOOK000556,CUST004258,HOT0078,4,Average Experience,Great location and ambience.,2025-02-06,Positive
REV000566,BOOK003084,CUST001909,HOT0097,1,Poor Service,Overall satisfied with the stay.,2025-02-10,Negative
REV000567,BOOK002545,CUST002837,HOT0108,4,Very Good,Staff were friendly and helpful.,2025-02-18,Positive
REV000568,BOOK001446,CUST004401,HOT0010,4,Highly Recommended,Overall satisfied with the stay.,2026-04-13,Positive
REV000569,BOOK003270,CUST003840,HOT0233,6,Needs Improvement,Staff were friendly and helpful.,2024-11-17,Negative
REV000570,BOOK002460,CUST000267,HOT0158,1,Excellent Stay,Staff were friendly and helpful.,2025-02-20,Negative
REV000571,BOOK001154,CUST004534,HOT0018,3,Needs Improvement,Overall satisfied with the stay.,2025-02-07,Neutral
REV000572,BOOK004188,CUST004973,HOT0033,1,Needs Improvement,Check-in process was smooth.,2026-07-26,Negative
REV000573,BOOK002194,CUST002709,HOT0186,5,Excellent Stay,Overall satisfied with the stay.,2026-03-21,Positive
REV000574,BOOK003086,CUST003144,HOT0047,3,Excellent Stay,Great location and ambience.,2024-12-14,Neutral
REV000575,BOOK003914,CUST003761,HOT0096,5,Excellent Stay,Staff were friendly and helpful.,2025-05-24,Positive
REV000576,BOOK003742,CUST001847,HOT0229,5,Average Experience,Staff were friendly and helpful.,2024-08-24,Positive
REV000577,BOOK002926,CUST002319,HOT0196,5,Poor Service,Room was clean and comfortable.,2025-07-16,Positive
REV000578,BOOK004396,CUST003424,HOT0036,4,Highly Recommended,Check-in process was smooth.,2026-08-03,Positive
REV000579,BOOK002703,CUST001842,HOT0238,1,Average Experience,Great location and ambience.,2026-01-21,Negative
REV000580,BOOK002318,CUST001076,HOT0158,1,Poor Service,Bathroom needs improvement.,2025-03-12,Negative
REV000581,BOOK001829,CUST000791,HOT0085,3,Amazing Hospitality,Room was clean and comfortable.,2025-05-17,Neutral
REV000582,BOOK002655,CUST004113,HOT0193,5,Average Experience,Room was clean and comfortable.,2026-02-25,Positive
REV000583,BOOK002613,CUST001739,HOT0176,3,Very Good,Check-in process was smooth.,2026-06-13,Neutral
REV000584,BOOK004282,CUST000024,HOT0034,2,Needs Improvement,Great location and ambience.,2024-09-29,Negative
REV000585,BOOK003325,CUST000557,HOT0224,5,Highly Recommended,Room was clean and comfortable.,2026-05-31,Positive
REV000586,BOOK004465,CUST000549,HOT0051,4,Highly Recommended,Food quality was excellent.,2024-10-07,Positive
REV000587,BOOK004358,CUST004884,HOT0225,5,Average Experience,Food quality was excellent.,2026-06-06,Positive
REV000588,BOOK001290,CUST003393,HOT0015,1,Highly Recommended,Check-in process was smooth.,2025-06-03,Negative
REV000589,BOOK002680,CUST004564,HOT0093,3,Poor Service,Bathroom needs improvement.,2026-04-03,Neutral
REV000590,BOOK000788,CUST003903,HOT0125,1,Average Experience,Food quality was excellent.,2024-10-16,Negative
REV000591,BOOK002817,CUST000980,HOT0008,6,Needs Improvement,Great location and ambience.,2026-04-26,Positive
REV000592,BOOK003222,CUST004756,HOT0021,5,Very Good,Room was clean and comfortable.,2026-02-04,Positive
REV000593,BOOK002999,CUST001126,HOT0131,4,Very Good,Overall satisfied with the stay.,2026-03-31,Positive
REV000594,BOOK004402,CUST001621,HOT0191,3,Average Experience,Staff were friendly and helpful.,2026-01-28,Neutral
REV000595,BOOK000199,CUST002574,HOT0097,2,Very Good,Check-in process was smooth.,2025-02-16,Negative
REV000596,BOOK002250,CUST002501,HOT0088,3,Highly Recommended,Staff were friendly and helpful.,2026-05-25,Neutral
REV000597,BOOK003478,CUST003567,HOT0173,5,Excellent Stay,Food quality was excellent.,2025-04-19,Positive
REV000598,BOOK002818,CUST002888,HOT0049,2,Average Experience,Room was clean and comfortable.,2026-02-17,Negative
REV000599,BOOK004474,CUST004941,HOT0192,1,Average Experience,Room was clean and comfortable.,2024-10-20,Negative
REV000600,BOOK004682,CUST003316,HOT0142,3,Value for Money,Bathroom needs improvement.,2024-11-28,Neutral
REV000601,BOOK004706,CUST002934,HOT0103,2,Highly Recommended,Overall satisfied with the stay.,2025-05-01,Negative
REV000602,BOOK003788,CUST004178,HOT0044,1,Poor Service,Will definitely visit again.,2026-01-17,Negative
REV000603,BOOK002440,CUST000299,HOT0110,3,Very Good,Food quality was excellent.,2025-05-16,Neutral
REV000604,BOOK002595,CUST000332,HOT0218,4,Very Good,Staff were friendly and helpful.,2024-11-04,Positive
REV000605,BOOK001833,CUST003681,HOT0125,2,Excellent Stay,Bathroom needs improvement.,2026-05-05,Negative
REV000606,BOOK003514,CUST001564,HOT0203,1,Poor Service,Will definitely visit again.,2026-04-26,Negative
REV000607,BOOK001159,CUST004857,HOT0016,2,Poor Service,Check-in process was smooth.,2026-07-19,Negative
REV000608,BOOK004226,CUST002827,HOT0085,3,Value for Money,Will definitely visit again.,2025-06-13,Neutral
REV000609,BOOK001864,CUST002627,HOT0235,2,Value for Money,Bathroom needs improvement.,2025-07-28,Negative
REV000610,BOOK004629,CUST000614,HOT0075,2,Amazing Hospitality,Great location and ambience.,2026-02-23,Negative
REV000611,BOOK002620,CUST003406,HOT0220,2,Poor Service,Food quality was excellent.,2025-11-23,Negative
REV000612,BOOK003778,CUST001149,HOT0068,1,Value for Money,Will definitely visit again.,2026-08-06,Negative
REV000613,BOOK000694,CUST003996,HOT0170,3,Value for Money,Will definitely visit again.,2026-06-07,Neutral
REV000614,BOOK004599,CUST000755,HOT0074,2,Highly Recommended,Check-in process was smooth.,2026-05-10,Negative
REV000615,BOOK001260,CUST003508,HOT0183,1,Highly Recommended,Will definitely visit again.,2026-09-01,Negative
REV000616,BOOK001788,CUST000235,HOT0088,2,Needs Improvement,Staff were friendly and helpful.,2025-08-04,Negative
REV000617,BOOK001083,CUST002619,HOT0091,3,Average Experience,Check-in process was smooth.,2025-03-05,Neutral
REV000618,BOOK002968,CUST000670,HOT0156,4,Very Good,Will definitely visit again.,2024-10-21,Positive
REV000619,BOOK004659,CUST003321,HOT0222,4,Average Experience,Check-in process was smooth.,2026-05-31,Positive
REV000620,BOOK003176,CUST003205,HOT0067,2,Amazing Hospitality,Bathroom needs improvement.,2026-09-09,Negative
REV000621,BOOK004344,CUST003047,HOT0150,1,Poor Service,Will definitely visit again.,2026-07-05,Negative
REV000622,BOOK002854,CUST001173,HOT0220,2,Poor Service,Check-in process was smooth.,2026-02-02,Negative
REV000623,BOOK000969,CUST002603,HOT0095,2,Needs Improvement,Room was clean and comfortable.,2024-12-11,Negative
REV000624,BOOK003329,CUST000429,HOT0134,1,Needs Improvement,Bathroom needs improvement.,2024-12-18,Negative
REV000625,BOOK003511,CUST003462,HOT0222,3,Value for Money,Bathroom needs improvement.,2025-03-04,Neutral
REV000626,BOOK002256,CUST003914,HOT0228,3,Poor Service,Check-in process was smooth.,2026-07-26,Neutral
REV000627,BOOK002274,CUST000752,HOT0018,5,Very Good,Will definitely visit again.,2025-09-08,Positive
REV000628,BOOK000821,CUST001571,HOT0091,3,Poor Service,Staff were friendly and helpful.,2024-12-18,Neutral
REV000629,BOOK002663,CUST000641,HOT0190,1,Amazing Hospitality,Great location and ambience.,2026-06-10,Negative
REV000630,BOOK001403,CUST002009,HOT0194,3,Amazing Hospitality,Bathroom needs improvement.,2025-12-01,Neutral
REV000631,BOOK000240,CUST001401,HOT0157,2,Very Good,Will definitely visit again.,2025-03-19,Negative
REV000632,BOOK002777,CUST001703,HOT0193,2,Poor Service,Check-in process was smooth.,2026-02-25,Negative
REV000633,BOOK003983,CUST003103,HOT0192,1,Highly Recommended,Food quality was excellent.,2025-11-01,Negative
REV000634,BOOK004744,CUST001619,HOT0242,1,Value for Money,Overall satisfied with the stay.,2024-09-19,Negative
REV000635,BOOK001601,CUST002253,HOT0225,4,Average Experience,Room was clean and comfortable.,2026-04-18,Positive
REV000636,BOOK002983,CUST000043,HOT0002,2,Very Good,Bathroom needs improvement.,2025-03-15,Negative
REV000637,BOOK004371,CUST000379,HOT0092,5,Average Experience,Check-in process was smooth.,2025-02-27,Positive
REV000638,BOOK001014,CUST000630,HOT0068,2,Highly Recommended,Room was clean and comfortable.,2025-06-01,Negative
REV000639,BOOK001170,CUST001253,HOT0206,4,Value for Money,Overall satisfied with the stay.,2025-04-10,Positive
REV000640,BOOK000143,CUST004582,HOT0209,1,Amazing Hospitality,Staff were friendly and helpful.,2024-11-28,Negative
REV000641,BOOK002219,CUST001276,HOT0202,3,Amazing Hospitality,Check-in process was smooth.,2026-02-26,Neutral
REV000642,BOOK003186,CUST003078,HOT0110,5,Highly Recommended,Food quality was excellent.,2024-10-13,Positive
REV000643,BOOK004471,CUST004280,HOT0017,2,Poor Service,Staff were friendly and helpful.,2025-09-27,Negative
REV000644,BOOK004879,CUST002308,HOT0145,5,Excellent Stay,Will definitely visit again.,2026-07-28,Positive
REV000645,BOOK002187,CUST002476,HOT0148,5,Average Experience,Check-in process was smooth.,2026-02-26,Positive
REV000646,BOOK004864,CUST001017,HOT0160,2,Poor Service,Food quality was excellent.,2024-10-24,Negative
REV000647,BOOK004593,CUST003746,HOT0233,1,Amazing Hospitality,Overall satisfied with the stay.,2025-11-15,Negative
REV000648,BOOK003296,CUST004816,HOT0014,4,Needs Improvement,Room was clean and comfortable.,2026-08-23,Positive
REV000649,BOOK002507,CUST002916,HOT0075,3,Value for Money,Overall satisfied with the stay.,2025-07-13,Neutral
REV000650,BOOK003681,CUST000672,HOT0181,3,Excellent Stay,Bathroom needs improvement.,2025-02-01,Neutral
REV000651,BOOK003604,CUST003319,HOT0070,5,Value for Money,Room was clean and comfortable.,2026-04-23,Positive
REV000652,BOOK002102,CUST001782,HOT0159,5,Amazing Hospitality,Great location and ambience.,2024-10-11,Positive
REV000653,BOOK004283,CUST004356,HOT0117,3,Amazing Hospitality,Room was clean and comfortable.,2026-06-08,Neutral
REV000654,BOOK003128,CUST001062,HOT0005,3,Excellent Stay,Great location and ambience.,2024-11-08,Neutral
REV000655,BOOK004491,CUST004279,HOT0195,2,Excellent Stay,Will definitely visit again.,2024-09-14,Negative
REV000656,BOOK000006,CUST003410,HOT0084,2,Excellent Stay,Great location and ambience.,2025-07-09,Negative
REV000657,BOOK000526,CUST002905,HOT0096,4,Average Experience,Will definitely visit again.,2026-04-30,Positive
REV000658,BOOK002993,CUST000481,HOT0223,4,Poor Service,Staff were friendly and helpful.,2025-04-29,Positive
REV000659,BOOK004752,CUST000897,HOT0106,1,Excellent Stay,Overall satisfied with the stay.,2025-06-01,Negative
REV000660,BOOK004825,CUST004930,HOT0109,3,Highly Recommended,Will definitely visit again.,2026-02-15,Neutral
REV000661,BOOK003310,CUST000263,HOT0194,4,Poor Service,Food quality was excellent.,2026-02-05,Positive
REV000662,BOOK003225,CUST002197,HOT0101,1,Very Good,Will definitely visit again.,2026-05-09,Negative
REV000663,BOOK000265,CUST003170,HOT0121,5,Value for Money,Great location and ambience.,2025-09-24,Positive
REV000664,BOOK001806,CUST000876,HOT0177,1,Highly Recommended,Great location and ambience.,2025-04-30,Negative
REV000665,BOOK000472,CUST003011,HOT0193,5,Average Experience,Will definitely visit again.,2024-10-12,Positive
REV000666,BOOK001652,CUST000874,HOT0102,1,Highly Recommended,Food quality was excellent.,2025-08-06,Negative
REV000667,BOOK004501,CUST002286,HOT0172,1,Excellent Stay,Room was clean and comfortable.,2025-05-11,Negative
REV000668,BOOK003483,CUST004634,HOT0001,3,Excellent Stay,Overall satisfied with the stay.,2025-10-02,Neutral
REV000669,BOOK001264,CUST000900,HOT0248,5,Highly Recommended,Overall satisfied with the stay.,2024-11-29,Positive
REV000670,BOOK001934,CUST000970,HOT0037,2,Highly Recommended,Will definitely visit again.,2025-04-10,Negative
REV000671,BOOK003762,CUST002875,HOT0090,4,Very Good,Food quality was excellent.,2025-06-18,Positive
REV000672,BOOK002689,CUST002320,HOT0115,1,Amazing Hospitality,Check-in process was smooth.,2025-08-10,Negative
REV000673,BOOK004660,CUST001451,HOT0104,1,Highly Recommended,Room was clean and comfortable.,2025-04-28,Negative
REV000674,BOOK002212,CUST003064,HOT0077,5,Excellent Stay,Food quality was excellent.,2025-11-01,Positive
REV000675,BOOK000440,CUST004120,HOT0248,1,Amazing Hospitality,Great location and ambience.,2026-08-01,Negative
REV000676,BOOK004761,CUST004754,HOT0038,5,Value for Money,Check-in process was smooth.,2026-01-18,Positive
REV000677,BOOK001513,CUST003873,HOT0173,3,Excellent Stay,Room was clean and comfortable.,2026-09-01,Neutral
REV000678,BOOK001433,CUST004482,HOT0052,3,Very Good,Room was clean and comfortable.,2024-11-22,Neutral
REV000679,BOOK004914,CUST001109,HOT0228,4,Excellent Stay,Check-in process was smooth.,2024-11-20,Positive
REV000680,BOOK000973,CUST000917,HOT0094,4,Needs Improvement,Room was clean and comfortable.,2026-03-26,Positive
REV000681,BOOK004349,CUST000790,HOT0124,5,Poor Service,Will definitely visit again.,2026-04-18,Positive
REV000682,BOOK001851,CUST004877,HOT0201,5,Poor Service,Room was clean and comfortable.,2025-06-24,Positive
REV000683,BOOK002204,CUST000359,HOT0047,5,Excellent Stay,Food quality was excellent.,2026-05-17,Positive
REV000684,BOOK000277,CUST000911,HOT0060,5,Poor Service,Check-in process was smooth.,2025-06-25,Positive
REV000685,BOOK002529,CUST003515,HOT0035,4,Excellent Stay,Overall satisfied with the stay.,2026-04-30,Positive
REV000686,BOOK001635,CUST004345,HOT0057,4,Needs Improvement,Will definitely visit again.,2026-05-11,Positive
REV000687,BOOK002153,CUST002861,HOT0093,1,Needs Improvement,Room was clean and comfortable.,2024-09-29,Negative
REV000688,BOOK001623,CUST002200,HOT0191,2,Value for Money,Bathroom needs improvement.,2025-10-12,Negative
REV000689,BOOK002862,CUST004564,HOT0241,3,Very Good,Bathroom needs improvement.,2026-03-18,Neutral
REV000690,BOOK004711,CUST004044,HOT0218,3,Amazing Hospitality,Great location and ambience.,2025-11-13,Neutral
REV000691,BOOK003000,CUST000095,HOT0241,4,Value for Money,Check-in process was smooth.,2025-04-26,Positive
REV000692,BOOK000297,CUST003911,HOT0226,5,Average Experience,Great location and ambience.,2025-01-15,Positive
REV000693,BOOK000721,CUST001897,HOT0185,4,Needs Improvement,Check-in process was smooth.,2026-08-05,Positive
REV000694,BOOK000868,CUST001641,HOT0153,2,Very Good,Great location and ambience.,2025-09-11,Negative
REV000695,BOOK003400,CUST002783,HOT0156,4,Needs Improvement,Overall satisfied with the stay.,2025-11-08,Positive
REV000696,BOOK002656,CUST003183,HOT0133,5,Needs Improvement,Food quality was excellent.,2025-10-21,Positive
REV000697,BOOK001824,CUST001228,HOT0046,1,Very Good,Room was clean and comfortable.,2024-11-13,Negative
REV000698,BOOK003836,CUST003155,HOT0207,1,Poor Service,Check-in process was smooth.,2026-02-15,Negative
REV000699,BOOK003022,CUST000826,HOT0034,4,Needs Improvement,Check-in process was smooth.,2026-05-18,Positive
REV000700,BOOK004816,CUST003807,HOT0243,5,Average Experience,Overall satisfied with the stay.,2025-09-22,Positive
REV000701,BOOK004233,CUST001807,HOT0182,2,Poor Service,Bathroom needs improvement.,2025-10-01,Negative
REV000702,BOOK003844,CUST000619,HOT0205,1,Average Experience,Food quality was excellent.,2024-11-04,Negative
REV000703,BOOK003726,CUST000090,HOT0010,1,Excellent Stay,Staff were friendly and helpful.,2026-03-13,Negative
REV000704,BOOK004675,CUST003100,HOT0018,3,Highly Recommended,Room was clean and comfortable.,2026-05-21,Neutral
REV000705,BOOK002662,CUST002185,HOT0219,1,Value for Money,Room was clean and comfortable.,2025-08-01,Negative
REV000706,BOOK003507,CUST001444,HOT0240,1,Value for Money,Overall satisfied with the stay.,2026-07-29,Negative
REV000707,BOOK004458,CUST000789,HOT0072,3,Very Good,Staff were friendly and helpful.,2025-08-22,Neutral
REV000708,BOOK003556,CUST001364,HOT0109,1,Amazing Hospitality,Food quality was excellent.,2026-09-22,Negative
REV000709,BOOK003260,CUST001701,HOT0196,5,Very Good,Bathroom needs improvement.,2026-02-08,Positive
REV000710,BOOK001178,CUST002503,HOT0100,3,Needs Improvement,Will definitely visit again.,2026-07-09,Neutral
REV000711,BOOK000633,CUST002832,HOT0131,4,Highly Recommended,Staff were friendly and helpful.,2026-07-02,Positive
REV000712,BOOK003185,CUST000707,HOT0128,3,Very Good,Will definitely visit again.,2025-06-30,Neutral
REV000713,BOOK004764,CUST004274,HOT0241,4,Average Experience,Room was clean and comfortable.,2025-05-14,Positive
REV000714,BOOK001544,CUST000800,HOT0177,1,Highly Recommended,Great location and ambience.,2025-12-08,Negative
REV000715,BOOK003995,CUST000253,HOT0023,3,Very Good,Check-in process was smooth.,2026-03-26,Neutral
REV000716,BOOK002888,CUST004799,HOT0146,5,Highly Recommended,Bathroom needs improvement.,2025-01-31,Positive
REV000717,BOOK000750,CUST001144,HOT0155,3,Amazing Hospitality,Staff were friendly and helpful.,2026-02-04,Neutral
REV000718,BOOK003125,CUST000844,HOT0165,4,Very Good,Bathroom needs improvement.,2026-03-02,Positive
REV000719,BOOK004999,CUST001822,HOT0035,1,Value for Money,Overall satisfied with the stay.,2024-10-09,Negative
REV000720,BOOK003895,CUST003653,HOT0136,4,Value for Money,Room was clean and comfortable.,2024-10-13,Positive
REV000721,BOOK002907,CUST000119,HOT0103,4,Average Experience,Check-in process was smooth.,2026-05-28,Positive
REV000722,BOOK000023,CUST001983,HOT0213,2,Poor Service,Great location and ambience.,2024-09-21,Negative
REV000723,BOOK003051,CUST004613,HOT0166,1,Amazing Hospitality,Room was clean and comfortable.,2024-12-12,Negative
REV000724,BOOK004100,CUST000382,HOT0157,1,Value for Money,Overall satisfied with the stay.,2026-06-10,Negative
REV000725,BOOK004770,CUST003428,HOT0247,3,Average Experience,Food quality was excellent.,2026-01-21,Neutral
REV000726,BOOK000228,CUST000365,HOT0048,3,Very Good,Room was clean and comfortable.,2026-01-21,Neutral
REV000727,BOOK001099,CUST000659,HOT0147,1,Excellent Stay,Overall satisfied with the stay.,2024-10-29,Negative
REV000728,BOOK002836,CUST000690,HOT0209,4,Very Good,Room was clean and comfortable.,2026-04-15,Positive
REV000729,BOOK001988,CUST000688,HOT0149,1,Average Experience,Overall satisfied with the stay.,2026-01-18,Negative
REV000730,BOOK001925,CUST002381,HOT0104,5,Needs Improvement,Staff were friendly and helpful.,2025-06-29,Positive
REV000731,BOOK000398,CUST000657,HOT0043,5,Average Experience,Check-in process was smooth.,2026-01-09,Positive
REV000732,BOOK001555,CUST000130,HOT0072,4,Poor Service,Will definitely visit again.,2025-03-02,Positive
REV000733,BOOK003721,CUST003062,HOT0103,4,Excellent Stay,Staff were friendly and helpful.,2024-10-11,Positive
REV000734,BOOK005000,CUST001173,HOT0201,5,Needs Improvement,Bathroom needs improvement.,2025-12-16,Positive
REV000735,BOOK002375,CUST000771,HOT0055,4,Amazing Hospitality,Will definitely visit again.,2025-02-13,Positive
REV000736,BOOK002356,CUST000855,HOT0102,1,Average Experience,Bathroom needs improvement.,2024-11-10,Negative
REV000737,BOOK003595,CUST001705,HOT0138,1,Excellent Stay,Check-in process was smooth.,2025-07-31,Negative
REV000738,BOOK001535,CUST001286,HOT0107,3,Excellent Stay,Room was clean and comfortable.,2026-07-10,Neutral
REV000739,BOOK004862,CUST004899,HOT0246,3,Highly Recommended,Bathroom needs improvement.,2025-10-23,Neutral
REV000740,BOOK003716,CUST003650,HOT0208,1,Amazing Hospitality,Bathroom needs improvement.,2025-11-13,Negative
REV000741,BOOK001256,CUST003672,HOT0075,5,Excellent Stay,Food quality was excellent.,2025-11-20,Positive
REV000742,BOOK003922,CUST004831,HOT0015,5,Needs Improvement,Bathroom needs improvement.,2025-12-11,Positive
REV000743,BOOK000122,CUST003204,HOT0132,3,Value for Money,Check-in process was smooth.,2024-10-17,Neutral
REV000744,BOOK001611,CUST001885,HOT0019,1,Very Good,Bathroom needs improvement.,2025-09-20,Negative
REV000745,BOOK004487,CUST000997,HOT0150,2,Excellent Stay,Check-in process was smooth.,2025-11-27,Negative
REV000746,BOOK002871,CUST000024,HOT0054,4,Value for Money,Check-in process was smooth.,2024-08-31,Positive
REV000747,BOOK004651,CUST001146,HOT0179,1,Value for Money,Staff were friendly and helpful.,2026-02-20,Negative
REV000748,BOOK004418,CUST000347,HOT0202,1,Highly Recommended,Will definitely visit again.,2025-08-29,Negative
REV000749,BOOK000733,CUST002248,HOT0020,2,Highly Recommended,Room was clean and comfortable.,2026-04-25,Negative
REV000750,BOOK001722,CUST002186,HOT0245,5,Highly Recommended,Room was clean and comfortable.,2024-12-11,Positive
REV000751,BOOK002384,CUST002325,HOT0249,4,Average Experience,Check-in process was smooth.,2025-02-02,Positive
REV000752,BOOK002353,CUST002410,HOT0068,2,Amazing Hospitality,Check-in process was smooth.,2025-03-23,Negative
REV000753,BOOK000820,CUST004118,HOT0139,2,Average Experience,Overall satisfied with the stay.,2026-03-21,Negative
REV000754,BOOK003393,CUST003009,HOT0146,3,Poor Service,Room was clean and comfortable.,2026-01-10,Neutral
REV000755,BOOK000547,CUST004709,HOT0181,2,Amazing Hospitality,Will definitely visit again.,2025-01-08,Negative
REV000756,BOOK002853,CUST001540,HOT0087,3,Very Good,Check-in process was smooth.,2024-11-01,Neutral
REV000757,BOOK001530,CUST000217,HOT0032,3,Amazing Hospitality,Great location and ambience.,2024-09-25,Neutral
REV000758,BOOK002191,CUST003296,HOT0125,4,Amazing Hospitality,Check-in process was smooth.,2025-05-24,Positive
REV000759,BOOK001220,CUST004238,HOT0148,3,Highly Recommended,Will definitely visit again.,2026-05-15,Neutral
REV000760,BOOK004542,CUST004374,HOT0203,4,Excellent Stay,Overall satisfied with the stay.,2025-05-29,Positive
REV000761,BOOK000621,CUST003498,HOT0066,3,Excellent Stay,Bathroom needs improvement.,2025-12-19,Neutral
REV000762,BOOK001315,CUST003927,HOT0209,4,Amazing Hospitality,Great location and ambience.,2025-03-16,Positive
REV000763,BOOK000300,CUST002847,HOT0131,2,Excellent Stay,Will definitely visit again.,2025-05-27,Negative
REV000764,BOOK001854,CUST004578,HOT0247,4,Highly Recommended,Will definitely visit again.,2025-08-08,Positive
REV000765,BOOK004193,CUST002027,HOT0154,5,Needs Improvement,Great location and ambience.,2025-01-17,Positive
REV000766,BOOK000360,CUST004443,HOT0218,4,Excellent Stay,Staff were friendly and helpful.,2026-07-01,Positive
REV000767,BOOK003741,CUST001660,HOT0105,2,Highly Recommended,Will definitely visit again.,2025-04-10,Negative
REV000768,BOOK002458,CUST000961,HOT0060,2,Needs Improvement,Check-in process was smooth.,2025-06-25,Negative
REV000769,BOOK003369,CUST002104,HOT0064,3,Highly Recommended,Overall satisfied with the stay.,2025-05-07,Neutral
REV000770,BOOK001602,CUST003412,HOT0108,1,Average Experience,Staff were friendly and helpful.,2025-12-14,Negative
REV000771,BOOK000804,CUST003709,HOT0146,3,Value for Money,Staff were friendly and helpful.,2024-09-03,Neutral
REV000772,BOOK002249,CUST001053,HOT0048,2,Average Experience,Check-in process was smooth.,2025-07-08,Negative
REV000773,BOOK004603,CUST001756,HOT0080,2,Very Good,Great location and ambience.,2024-12-20,Negative
REV000774,BOOK004638,CUST000452,HOT0113,5,Average Experience,Food quality was excellent.,2024-11-30,Positive
REV000775,BOOK000084,CUST004691,HOT0110,3,Very Good,Will definitely visit again.,2024-12-04,Neutral
REV000776,BOOK000161,CUST002443,HOT0035,3,Excellent Stay,Overall satisfied with the stay.,2025-08-30,Neutral
REV000777,BOOK002267,CUST002362,HOT0109,3,Poor Service,Overall satisfied with the stay.,2024-12-08,Neutral
REV000778,BOOK000276,CUST003553,HOT0019,4,Value for Money,Food quality was excellent.,2026-07-08,Positive
REV000779,BOOK004483,CUST001225,HOT0052,5,Very Good,Staff were friendly and helpful.,2025-02-09,Positive
REV000780,BOOK000393,CUST004449,HOT0120,1,Needs Improvement,Bathroom needs improvement.,2026-07-02,Negative
REV000781,BOOK000928,CUST004348,HOT0015,2,Excellent Stay,Will definitely visit again.,2026-05-14,Negative
REV000782,BOOK001411,CUST003482,HOT0242,5,Very Good,Great location and ambience.,2025-12-13,Positive
REV000783,BOOK003299,CUST001508,HOT0079,1,Amazing Hospitality,Bathroom needs improvement.,2025-01-21,Negative
REV000784,BOOK004525,CUST003367,HOT0238,5,Amazing Hospitality,Great location and ambience.,2025-05-10,Positive
REV000785,BOOK001638,CUST002855,HOT0117,5,Very Good,Staff were friendly and helpful.,2025-05-12,Positive
REV000786,BOOK003841,CUST000018,HOT0037,3,Very Good,Check-in process was smooth.,2026-07-04,Neutral
REV000787,BOOK003850,CUST001470,HOT0015,2,Amazing Hospitality,Overall satisfied with the stay.,2025-11-02,Negative
REV000788,BOOK003939,CUST003774,HOT0140,3,Average Experience,Room was clean and comfortable.,2025-06-28,Neutral
REV000789,BOOK003930,CUST004801,HOT0171,2,Poor Service,Staff were friendly and helpful.,2024-10-20,Negative
REV000790,BOOK002636,CUST000476,HOT0111,4,Very Good,Staff were friendly and helpful.,2025-11-06,Positive
REV000791,BOOK000238,CUST002023,HOT0177,5,Needs Improvement,Food quality was excellent.,2025-02-14,Positive
REV000792,BOOK001495,CUST000741,HOT0188,3,Average Experience,Will definitely visit again.,2025-08-19,Neutral
REV000793,BOOK000803,CUST000670,HOT0228,4,Value for Money,Check-in process was smooth.,2024-12-24,Positive
REV000794,BOOK003880,CUST003074,HOT0234,5,Amazing Hospitality,Staff were friendly and helpful.,2026-02-25,Positive
REV000795,BOOK004132,CUST003080,HOT0143,5,Needs Improvement,Staff were friendly and helpful.,2026-04-05,Positive
REV000796,BOOK000871,CUST001622,HOT0130,4,Amazing Hospitality,Will definitely visit again.,2025-10-21,Positive
REV000797,BOOK003795,CUST003492,HOT0179,1,Amazing Hospitality,Great location and ambience.,2025-03-16,Negative
REV000798,BOOK002135,CUST001249,HOT0105,3,Average Experience,Food quality was excellent.,2025-06-05,Neutral
REV000799,BOOK004787,CUST002116,HOT0038,2,Needs Improvement,Overall satisfied with the stay.,2026-06-14,Negative
REV000800,BOOK000241,CUST000112,HOT0024,1,Amazing Hospitality,Will definitely visit again.,2025-08-01,Negative
REV000801,BOOK000019,CUST003376,HOT0017,2,Amazing Hospitality,Staff were friendly and helpful.,2026-02-21,Negative
REV000802,BOOK003313,CUST004356,HOT0196,2,Needs Improvement,Overall satisfied with the stay.,2025-05-14,Negative
REV000803,BOOK000313,CUST002528,HOT0028,1,Needs Improvement,Check-in process was smooth.,2024-12-19,Negative
REV000804,BOOK000610,CUST001765,HOT0159,5,Very Good,Overall satisfied with the stay.,2025-01-07,Positive
REV000805,BOOK004286,CUST003602,HOT0188,5,Highly Recommended,Bathroom needs improvement.,2026-05-23,Positive
REV000806,BOOK001334,CUST004787,HOT0105,4,Poor Service,Food quality was excellent.,2026-02-18,Positive
REV000807,BOOK000220,CUST003103,HOT0235,5,Amazing Hospitality,Will definitely visit again.,2025-07-24,Positive
REV000808,BOOK000405,CUST000979,HOT0136,2,Highly Recommended,Food quality was excellent.,2026-03-16,Negative
REV000809,BOOK004938,CUST000668,HOT0035,5,Poor Service,Room was clean and comfortable.,2024-11-23,Positive
REV000810,BOOK003364,CUST004623,HOT0139,3,Highly Recommended,Staff were friendly and helpful.,2025-04-03,Neutral
REV000811,BOOK002232,CUST001682,HOT0098,2,Highly Recommended,Bathroom needs improvement.,2024-12-27,Negative
REV000812,BOOK000643,CUST004119,HOT0247,5,Excellent Stay,Will definitely visit again.,2024-10-07,Positive
REV000813,BOOK003461,CUST003874,HOT0088,2,Value for Money,Bathroom needs improvement.,2025-10-17,Negative
REV000814,BOOK004493,CUST000354,HOT0194,3,Value for Money,Will definitely visit again.,2025-04-28,Neutral
REV000815,BOOK004819,CUST004048,HOT0100,1,Highly Recommended,Great location and ambience.,2026-07-03,Negative
REV000816,BOOK000645,CUST002652,HOT0179,3,Highly Recommended,Staff were friendly and helpful.,2024-10-30,Neutral
REV000817,BOOK001670,CUST003715,HOT0241,3,Amazing Hospitality,Check-in process was smooth.,2025-03-09,Neutral
REV000818,BOOK001960,CUST002452,HOT0129,1,Very Good,Great location and ambience.,2026-02-06,Negative
REV000819,BOOK001100,CUST000163,HOT0056,1,Amazing Hospitality,Overall satisfied with the stay.,2025-12-09,Negative
REV000820,BOOK002254,CUST000090,HOT0151,2,Poor Service,Room was clean and comfortable.,2025-07-16,Negative
REV000821,BOOK000899,CUST000891,HOT0053,2,Needs Improvement,Staff were friendly and helpful.,2026-04-14,Negative
REV000822,BOOK000960,CUST002729,HOT0070,3,Very Good,Bathroom needs improvement.,2024-10-24,Neutral
REV000823,BOOK003442,CUST000127,HOT0223,1,Needs Improvement,Room was clean and comfortable.,2026-07-02,Negative
REV000824,BOOK002593,CUST000873,HOT0184,1,Highly Recommended,Food quality was excellent.,2026-05-22,Negative
REV000825,BOOK002603,CUST000113,HOT0030,1,Very Good,Check-in process was smooth.,2024-11-23,Negative
REV000826,BOOK004057,CUST004548,HOT0169,2,Excellent Stay,Check-in process was smooth.,2025-01-19,Negative
REV000827,BOOK002592,CUST003968,HOT0050,3,Average Experience,Staff were friendly and helpful.,2025-03-26,Neutral
REV000828,BOOK000832,CUST004254,HOT0118,1,Poor Service,Check-in process was smooth.,2024-08-18,Negative
REV000829,BOOK002090,CUST000356,HOT0048,2,Average Experience,Check-in process was smooth.,2025-06-16,Negative
REV000830,BOOK004004,CUST003892,HOT0115,2,Average Experience,Overall satisfied with the stay.,2026-08-09,Negative
REV000831,BOOK000681,CUST001163,HOT0022,4,Value for Money,Bathroom needs improvement.,2025-10-20,Positive
REV000832,BOOK004747,CUST002056,HOT0213,2,Amazing Hospitality,Staff were friendly and helpful.,2025-05-31,Negative
REV000833,BOOK003075,CUST000191,HOT0199,5,Average Experience,Will definitely visit again.,2025-01-05,Positive
REV000834,BOOK003708,CUST004818,HOT0250,5,Average Experience,Room was clean and comfortable.,2026-04-26,Positive
REV000835,BOOK000063,CUST003143,HOT0197,1,Needs Improvement,Room was clean and comfortable.,2025-07-15,Negative
REV000836,BOOK002949,CUST003620,HOT0180,4,Very Good,Room was clean and comfortable.,2026-04-25,Positive
REV000837,BOOK003796,CUST003604,HOT0169,2,Very Good,Overall satisfied with the stay.,2025-04-13,Negative
REV000838,BOOK003219,CUST000674,HOT0192,2,Value for Money,Staff were friendly and helpful.,2024-10-12,Negative
REV000839,BOOK004336,CUST002325,HOT0246,1,Very Good,Check-in process was smooth.,2025-01-30,Negative
REV000840,BOOK004359,CUST004208,HOT0149,2,Amazing Hospitality,Bathroom needs improvement.,2025-01-26,Negative
REV000841,BOOK004632,CUST002291,HOT0055,2,Amazing Hospitality,Room was clean and comfortable.,2024-10-23,Negative
REV000842,BOOK000905,CUST003964,HOT0042,4,Amazing Hospitality,Will definitely visit again.,2026-03-26,Positive
REV000843,BOOK004833,CUST002375,HOT0075,5,Needs Improvement,Room was clean and comfortable.,2024-10-21,Positive
REV000844,BOOK004644,CUST002516,HOT0056,5,Excellent Stay,Will definitely visit again.,2026-03-05,Positive
REV000845,BOOK001168,CUST002101,HOT0124,1,Poor Service,Room was clean and comfortable.,2025-10-04,Negative
REV000846,BOOK001598,CUST004295,HOT0248,1,Very Good,Staff were friendly and helpful.,2025-02-08,Negative
REV000847,BOOK001529,CUST002986,HOT0122,3,Average Experience,Staff were friendly and helpful.,2025-06-22,Neutral
REV000848,BOOK001563,CUST001637,HOT0239,1,Poor Service,Will definitely visit again.,2025-11-14,Negative
REV000849,BOOK003434,CUST001979,HOT0174,5,Value for Money,Will definitely visit again.,2025-11-04,Positive
REV000850,BOOK004994,CUST000682,HOT0087,4,Poor Service,Great location and ambience.,2025-12-09,Positive
REV000851,BOOK000167,CUST004217,HOT0106,4,Value for Money,Room was clean and comfortable.,2025-11-16,Positive
REV000852,BOOK003124,CUST004443,HOT0084,5,Amazing Hospitality,Check-in process was smooth.,2025-04-12,Positive
REV000853,BOOK002144,CUST004132,HOT0022,1,Amazing Hospitality,Overall satisfied with the stay.,2025-05-22,Negative
REV000854,BOOK002482,CUST001407,HOT0134,3,Needs Improvement,Food quality was excellent.,2025-07-09,Neutral
REV000855,BOOK002978,CUST000709,HOT0062,4,Very Good,Will definitely visit again.,2025-05-26,Positive
REV000856,BOOK001100,CUST000163,HOT0056,1,Needs Improvement,Check-in process was smooth.,2025-12-15,Negative
REV000857,BOOK002053,CUST003188,HOT0054,1,Amazing Hospitality,Food quality was excellent.,2025-06-05,Negative
REV000858,BOOK004684,CUST001327,HOT0228,5,Highly Recommended,Great location and ambience.,2025-08-27,Positive
REV000859,BOOK004658,CUST003297,HOT0108,5,Average Experience,Bathroom needs improvement.,2024-09-29,Positive
REV000860,BOOK003612,CUST002052,HOT0114,2,Highly Recommended,Check-in process was smooth.,2026-08-27,Negative
REV000861,BOOK001962,CUST004322,HOT0131,4,Very Good,Will definitely visit again.,2025-01-25,Positive
REV000862,BOOK002768,CUST001103,HOT0023,1,Very Good,Overall satisfied with the stay.,2025-09-23,Negative
REV000863,BOOK000911,CUST004481,HOT0248,4,Needs Improvement,Check-in process was smooth.,2025-04-05,Positive
REV000864,BOOK003577,CUST003785,HOT0153,5,Very Good,Great location and ambience.,2026-08-08,Positive
REV000865,BOOK000740,CUST001490,HOT0229,5,Highly Recommended,Great location and ambience.,2025-05-16,Positive
REV000866,BOOK001605,CUST000437,HOT0124,4,Poor Service,Check-in process was smooth.,2024-09-28,Positive
REV000867,BOOK003045,CUST003607,HOT0143,1,Average Experience,Staff were friendly and helpful.,2025-06-17,Negative
REV000868,BOOK000139,CUST001443,HOT0083,5,Very Good,Bathroom needs improvement.,2024-12-06,Positive
REV000869,BOOK003581,CUST001723,HOT0193,2,Needs Improvement,Check-in process was smooth.,2026-07-30,Negative
REV000870,BOOK000229,CUST003058,HOT0195,2,Value for Money,Room was clean and comfortable.,2025-09-10,Negative
REV000871,BOOK002925,CUST001663,HOT0113,2,Poor Service,Bathroom needs improvement.,2025-07-27,Negative
REV000872,BOOK004424,CUST002611,HOT0123,1,Value for Money,Check-in process was smooth.,2025-01-16,Negative
REV000873,BOOK004246,CUST002237,HOT0123,5,Excellent Stay,Staff were friendly and helpful.,2025-04-28,Positive
REV000874,BOOK004082,CUST002709,HOT0066,5,Excellent Stay,Will definitely visit again.,2026-04-27,Positive
REV000875,BOOK002242,CUST000296,HOT0024,2,Value for Money,Overall satisfied with the stay.,2026-04-22,Negative
REV000876,BOOK002035,CUST001403,HOT0186,5,Excellent Stay,Staff were friendly and helpful.,2024-10-26,Positive
REV000877,BOOK001253,CUST001642,HOT0063,5,Average Experience,Bathroom needs improvement.,2026-05-13,Positive
REV000878,BOOK001884,CUST003477,HOT0011,5,Amazing Hospitality,Food quality was excellent.,2026-08-10,Positive
REV000879,BOOK002961,CUST000954,HOT0053,3,Poor Service,Overall satisfied with the stay.,2025-12-08,Neutral
REV000880,BOOK004981,CUST003209,HOT0205,4,Excellent Stay,Will definitely visit again.,2025-09-13,Positive
REV000881,BOOK003620,CUST003336,HOT0191,2,Average Experience,Overall satisfied with the stay.,2026-02-17,Negative
REV000882,BOOK001803,CUST001777,HOT0173,3,Value for Money,Food quality was excellent.,2026-07-08,Neutral
REV000883,BOOK004332,CUST001325,HOT0086,1,Excellent Stay,Staff were friendly and helpful.,2025-07-12,Negative
REV000884,BOOK004177,CUST001675,HOT0235,4,Amazing Hospitality,Great location and ambience.,2025-02-25,Positive
REV000885,BOOK003526,CUST001899,HOT0048,2,Very Good,Check-in process was smooth.,2026-05-18,Negative
REV000886,BOOK000027,CUST001845,HOT0004,5,Highly Recommended,Room was clean and comfortable.,2025-02-27,Positive
REV000887,BOOK000408,CUST002520,HOT0068,5,Average Experience,Staff were friendly and helpful.,2025-11-13,Positive
REV000888,BOOK001192,CUST001549,HOT0026,5,Average Experience,Bathroom needs improvement.,2025-07-27,Positive
REV000889,BOOK004794,CUST002484,HOT0137,3,Amazing Hospitality,Check-in process was smooth.,2025-11-18,Neutral
REV000890,BOOK003024,CUST003470,HOT0139,4,Highly Recommended,Check-in process was smooth.,2025-12-21,Positive
REV000891,BOOK003944,CUST002456,HOT0137,2,Very Good,Check-in process was smooth.,2024-12-10,Negative
REV000892,BOOK003961,CUST004750,HOT0084,4,Highly Recommended,Overall satisfied with the stay.,2025-05-26,Positive
REV000893,BOOK000388,CUST002814,HOT0163,4,Average Experience,Room was clean and comfortable.,2025-07-08,Positive
REV000894,BOOK000801,CUST002843,HOT0202,4,Amazing Hospitality,Food quality was excellent.,2025-12-02,Positive
REV000895,BOOK001442,CUST004704,HOT0111,2,Value for Money,Will definitely visit again.,2026-08-01,Negative
REV000896,BOOK001979,CUST002816,HOT0050,4,Very Good,Check-in process was smooth.,2025-11-14,Positive
REV000897,BOOK000038,CUST004474,HOT0248,4,Value for Money,Room was clean and comfortable.,2026-07-19,Positive
REV000898,BOOK004447,CUST000613,HOT0233,4,Very Good,Great location and ambience.,2025-04-11,Positive
REV000899,BOOK003195,CUST003572,HOT0139,4,Very Good,Will definitely visit again.,2025-12-30,Positive
REV000900,BOOK003263,CUST003052,HOT0194,4,Value for Money,Bathroom needs improvement.,2025-12-24,Positive
REV000901,BOOK002218,CUST002518,HOT0073,2,Average Experience,Room was clean and comfortable.,2025-12-03,Negative
REV000902,BOOK003794,CUST002080,HOT0163,4,Amazing Hospitality,Room was clean and comfortable.,2024-11-22,Positive
REV000903,BOOK004870,CUST002263,HOT0204,5,Needs Improvement,Staff were friendly and helpful.,2026-07-04,Positive
REV000904,BOOK001600,CUST000247,HOT0087,4,Average Experience,Staff were friendly and helpful.,2025-09-07,Positive
REV000905,BOOK001050,CUST001824,HOT0132,1,Value for Money,Great location and ambience.,2025-06-17,Negative
REV000906,BOOK000467,CUST004120,HOT0068,5,Needs Improvement,Room was clean and comfortable.,2025-01-25,Positive
REV000907,BOOK002437,CUST004071,HOT0185,2,Value for Money,Staff were friendly and helpful.,2025-03-23,Negative
REV000908,BOOK000478,CUST004773,HOT0022,4,Average Experience,Great location and ambience.,2025-12-24,Positive
REV000909,BOOK001236,CUST000389,HOT0148,2,Needs Improvement,Will definitely visit again.,2025-08-22,Negative
REV000910,BOOK002755,CUST000660,HOT0051,1,Very Good,Room was clean and comfortable.,2025-09-08,Negative
REV000911,BOOK000207,CUST002754,HOT0127,5,Highly Recommended,Room was clean and comfortable.,2024-11-17,Positive
REV000912,BOOK001592,CUST000865,HOT0170,5,Poor Service,Room was clean and comfortable.,2026-01-09,Positive
REV000913,BOOK002935,CUST003086,HOT0133,2,Amazing Hospitality,Bathroom needs improvement.,2025-11-22,Negative
REV000914,BOOK001855,CUST001493,HOT0113,4,Amazing Hospitality,Staff were friendly and helpful.,2025-02-07,Positive
REV000915,BOOK000043,CUST003487,HOT0172,2,Value for Money,Overall satisfied with the stay.,2026-01-21,Negative
REV000916,BOOK002438,CUST001015,HOT0085,4,Excellent Stay,Will definitely visit again.,2025-09-04,Positive
REV000917,BOOK001242,CUST004764,HOT0200,5,Poor Service,Staff were friendly and helpful.,2025-06-11,Positive
REV000918,BOOK002258,CUST003929,HOT0225,4,Needs Improvement,Bathroom needs improvement.,2026-05-27,Positive
REV000919,BOOK002781,CUST002499,HOT0246,4,Value for Money,Room was clean and comfortable.,2025-08-18,Positive
REV000920,BOOK002723,CUST000300,HOT0130,4,Value for Money,Bathroom needs improvement.,2024-11-28,Positive
REV000921,BOOK000305,CUST002195,HOT0078,3,Excellent Stay,Check-in process was smooth.,2026-07-28,Neutral
REV000922,BOOK004550,CUST004694,HOT0167,4,Poor Service,Room was clean and comfortable.,2025-04-21,Positive
REV000923,BOOK000465,CUST003579,HOT0132,2,Very Good,Room was clean and comfortable.,2025-02-14,Negative
REV000924,BOOK000756,CUST003510,HOT0065,1,Highly Recommended,Great location and ambience.,2026-01-30,Negative
REV000925,BOOK001634,CUST001174,HOT0229,2,Excellent Stay,Food quality was excellent.,2024-10-22,Negative
REV000926,BOOK001832,CUST004186,HOT0032,2,Very Good,Room was clean and comfortable.,2026-05-13,Negative
REV000927,BOOK000481,CUST004873,HOT0106,4,Highly Recommended,Great location and ambience.,2025-10-10,Positive
REV000928,BOOK001932,CUST000788,HOT0135,4,Value for Money,Will definitely visit again.,2025-02-19,Positive
REV000929,BOOK000258,CUST000070,HOT0204,4,Amazing Hospitality,Check-in process was smooth.,2026-05-29,Positive
REV000930,BOOK004607,CUST001301,HOT0186,3,Value for Money,Bathroom needs improvement.,2024-11-17,Neutral
REV000931,BOOK001248,CUST004876,HOT0043,1,Poor Service,Room was clean and comfortable.,2025-06-12,Negative
REV000932,BOOK004071,CUST000800,HOT0224,4,Average Experience,Great location and ambience.,2026-06-08,Positive
REV000933,BOOK004455,CUST003911,HOT0045,5,Value for Money,Check-in process was smooth.,2026-03-11,Positive
REV000934,BOOK003932,CUST001091,HOT0186,3,Very Good,Staff were friendly and helpful.,2025-10-09,Neutral
REV000935,BOOK004680,CUST001813,HOT0093,2,Needs Improvement,Staff were friendly and helpful.,2024-08-31,Negative
REV000936,BOOK001567,CUST003004,HOT0092,2,Average Experience,Food quality was excellent.,2026-03-28,Negative
REV000937,BOOK000247,CUST000630,HOT0070,2,Average Experience,Will definitely visit again.,2025-12-03,Negative
REV000938,BOOK001967,CUST004196,HOT0233,2,Value for Money,Great location and ambience.,2026-02-25,Negative
REV000939,BOOK004532,CUST004502,HOT0188,4,Average Experience,Will definitely visit again.,2026-07-06,Positive
REV000940,BOOK004299,CUST002931,HOT0164,4,Highly Recommended,Overall satisfied with the stay.,2025-11-21,Positive
REV000941,BOOK000018,CUST000935,HOT0083,2,Poor Service,Overall satisfied with the stay.,2026-07-06,Negative
REV000942,BOOK004922,CUST000233,HOT0217,1,Excellent Stay,Overall satisfied with the stay.,2025-02-21,Negative
REV000943,BOOK002208,CUST001965,HOT0057,2,Amazing Hospitality,Great location and ambience.,2026-01-07,Negative
REV000944,BOOK002082,CUST004196,HOT0228,4,Highly Recommended,Room was clean and comfortable.,2025-04-16,Positive
REV000945,BOOK002900,CUST003977,HOT0117,4,Value for Money,Food quality was excellent.,2025-05-18,Positive
REV000946,BOOK000965,CUST001717,HOT0245,3,Average Experience,Food quality was excellent.,2025-09-16,Neutral
REV000947,BOOK003214,CUST001939,HOT0027,5,Very Good,Check-in process was smooth.,2025-08-07,Positive
REV000948,BOOK000299,CUST002509,HOT0076,4,Very Good,Bathroom needs improvement.,2025-07-23,Positive
REV000949,BOOK000042,CUST004274,HOT0136,4,Poor Service,Will definitely visit again.,2025-04-23,Positive
REV000950,BOOK001343,CUST002778,HOT0183,5,Amazing Hospitality,Room was clean and comfortable.,2025-04-06,Positive
REV000951,BOOK001655,CUST000546,HOT0064,2,Excellent Stay,Will definitely visit again.,2025-12-20,Negative
REV000952,BOOK001353,CUST001411,HOT0010,5,Needs Improvement,Great location and ambience.,2026-09-23,Positive
REV000953,BOOK004059,CUST003915,HOT0028,3,Poor Service,Check-in process was smooth.,2025-03-27,Neutral
REV000954,BOOK004250,CUST000544,HOT0087,4,Poor Service,Food quality was excellent.,2026-02-01,Positive
REV000955,BOOK003624,CUST004350,HOT0195,3,Excellent Stay,Check-in process was smooth.,2024-10-08,Neutral
REV000956,BOOK004252,CUST000928,HOT0086,1,Very Good,Will definitely visit again.,2026-08-17,Negative
REV000957,BOOK000093,CUST002792,HOT0174,5,Poor Service,Check-in process was smooth.,2024-08-18,Positive
REV000958,BOOK003688,CUST002443,HOT0232,1,Highly Recommended,Food quality was excellent.,2025-04-13,Negative
REV000959,BOOK003336,CUST003101,HOT0018,3,Amazing Hospitality,Will definitely visit again.,2024-12-11,Neutral
REV000960,BOOK002908,CUST001351,HOT0001,5,Average Experience,Staff were friendly and helpful.,2024-12-19,Positive
REV000961,BOOK004053,CUST000590,HOT0198,3,Average Experience,Great location and ambience.,2025-02-07,Neutral
REV000962,BOOK001633,CUST002680,HOT0108,1,Very Good,Bathroom needs improvement.,2025-11-26,Negative
REV000963,BOOK002063,CUST003484,HOT0109,5,Average Experience,Will definitely visit again.,2026-08-11,Positive
REV000964,BOOK000870,CUST001445,HOT0097,3,Average Experience,Overall satisfied with the stay.,2026-03-11,Neutral
REV000965,BOOK001388,CUST999999,HOT0143,3,Very Good,Check-in process was smooth.,2025-10-18,Neutral
REV000966,BOOK001153,CUST003414,HOT0116,1,Value for Money,Staff were friendly and helpful.,2025-06-04,Negative
REV000967,BOOK004543,CUST002060,HOT0040,1,Excellent Stay,Check-in process was smooth.,2025-12-25,Negative
REV000968,BOOK003027,CUST000043,HOT0079,3,Average Experience,Room was clean and comfortable.,2025-07-11,Neutral
REV000969,BOOK003121,CUST003859,HOT0204,1,Highly Recommended,Overall satisfied with the stay.,2025-12-27,Negative
REV000970,BOOK003077,CUST003481,HOT0034,1,Highly Recommended,Will definitely visit again.,2025-04-21,Negative
REV000971,BOOK001296,CUST000310,HOT0045,1,Average Experience,Check-in process was smooth.,2026-01-27,Negative
REV000972,BOOK001165,CUST003125,HOT0078,2,Average Experience,Room was clean and comfortable.,2025-06-07,Negative
REV000973,BOOK000629,CUST004170,HOT0118,4,Average Experience,Will definitely visit again.,2025-11-11,Positive
REV000974,BOOK003651,CUST000698,HOT0172,2,Very Good,Food quality was excellent.,2026-05-06,Negative
REV000975,BOOK000624,CUST003583,HOT0195,4,Needs Improvement,Staff were friendly and helpful.,2024-12-19,Positive
REV000976,BOOK003215,CUST002791,HOT0068,4,Value for Money,Will definitely visit again.,2025-03-05,Positive
REV000977,BOOK003365,CUST004626,HOT0236,1,Average Experience,Room was clean and comfortable.,2025-08-04,Negative
REV000978,BOOK004700,CUST003184,HOT0227,3,Needs Improvement,Great location and ambience.,2026-07-27,Neutral
REV000979,BOOK001312,CUST001107,HOT0194,5,Needs Improvement,Room was clean and comfortable.,2025-04-03,Positive
REV000980,BOOK004007,CUST002079,HOT0197,4,Average Experience,Check-in process was smooth.,2024-12-04,Positive
REV000981,BOOK004033,CUST000857,HOT0058,3,Needs Improvement,Great location and ambience.,2026-04-20,Neutral
REV000982,BOOK001101,CUST003503,HOT0116,2,Very Good,Staff were friendly and helpful.,2025-10-26,Negative
REV000983,BOOK004667,CUST000284,HOT0217,5,Value for Money,Overall satisfied with the stay.,2024-12-13,Positive
REV000984,BOOK000663,CUST000545,HOT0189,5,Average Experience,Check-in process was smooth.,2024-10-11,Positive
REV000985,BOOK003340,CUST002270,HOT0181,4,Needs Improvement,Check-in process was smooth.,2024-11-30,Positive
REV000986,BOOK000187,CUST003349,HOT0225,1,Needs Improvement,Overall satisfied with the stay.,2025-08-16,Negative
REV000987,BOOK000793,CUST003666,HOT0086,3,Very Good,Food quality was excellent.,2024-11-25,Neutral
REV000988,BOOK002276,CUST004216,HOT0121,5,Highly Recommended,Great location and ambience.,2025-03-27,Positive
REV000989,BOOK004053,CUST000590,HOT0198,2,Amazing Hospitality,Food quality was excellent.,2025-02-02,Negative
REV000990,BOOK001937,CUST004928,HOT0082,5,Needs Improvement,Will definitely visit again.,2025-03-27,Positive
REV000991,BOOK002231,CUST004662,HOT0019,1,Excellent Stay,Food quality was excellent.,2026-07-21,Negative
REV000992,BOOK003524,CUST004636,HOT0050,1,Average Experience,Overall satisfied with the stay.,2025-01-24,Negative
REV000993,BOOK002845,CUST003746,HOT0228,4,Excellent Stay,Bathroom needs improvement.,2024-09-20,Positive
REV000994,BOOK000996,CUST001917,HOT0165,3,Needs Improvement,Food quality was excellent.,2025-11-19,Neutral
REV000995,BOOK003501,CUST003308,HOT0108,2,Average Experience,Food quality was excellent.,2024-12-03,Negative
REV000996,BOOK000542,CUST004623,HOT0119,5,Excellent Stay,Room was clean and comfortable.,2026-06-13,Positive
REV000997,BOOK004168,CUST000014,HOT0182,5,Needs Improvement,Food quality was excellent.,2026-01-07,Positive
REV000998,BOOK002504,CUST004307,HOT0026,1,Very Good,Staff were friendly and helpful.,2024-11-21,Negative
REV000999,BOOK004306,CUST001402,HOT0163,4,Excellent Stay,Room was clean and comfortable.,2026-04-12,Positive
REV001000,BOOK004441,CUST004868,HOT0142,5,Amazing Hospitality,Great location and ambience.,2025-04-29,Positive
REV001001,BOOK000097,CUST003967,HOT0026,1,Average Experience,Overall satisfied with the stay.,2025-06-30,Negative
REV001002,BOOK001051,CUST004710,HOT0043,3,Needs Improvement,Room was clean and comfortable.,2026-07-25,Neutral
REV001003,BOOK000570,CUST002052,HOT0085,3,Value for Money,Will definitely visit again.,2026-03-29,Neutral
REV001004,BOOK002229,CUST003712,HOT0027,4,Highly Recommended,Room was clean and comfortable.,2025-08-05,Positive
REV001005,BOOK001711,CUST002347,HOT0041,3,Value for Money,Room was clean and comfortable.,2024-10-21,Neutral
REV001006,BOOK002975,CUST000569,HOT0111,5,Very Good,Staff were friendly and helpful.,2026-07-30,Positive
REV001007,BOOK003568,CUST000259,HOT0213,4,Amazing Hospitality,Overall satisfied with the stay.,2025-11-16,Positive
REV001008,BOOK000751,CUST003701,HOT0179,4,Excellent Stay,Staff were friendly and helpful.,2026-08-04,Positive
REV001009,BOOK002531,CUST002010,HOT0040,5,Amazing Hospitality,Room was clean and comfortable.,2025-10-25,Positive
REV001010,BOOK004356,CUST004403,HOT0163,2,Average Experience,Bathroom needs improvement.,2026-04-30,Negative
REV001011,BOOK002523,CUST004987,HOT0247,4,Amazing Hospitality,Staff were friendly and helpful.,2024-11-05,Positive
REV001012,BOOK002713,CUST002140,HOT0226,5,Amazing Hospitality,Will definitely visit again.,2024-10-07,Positive
REV001013,BOOK002093,CUST002369,HOT0058,3,Highly Recommended,Overall satisfied with the stay.,2026-08-21,Neutral
REV001014,BOOK003435,CUST003780,HOT0056,1,Average Experience,Will definitely visit again.,2025-05-13,Negative
REV001015,BOOK001449,CUST002050,HOT0185,2,Average Experience,,2024-10-06,Negative
REV001016,BOOK001677,CUST002988,HOT0047,2,Needs Improvement,Food quality was excellent.,2024-11-06,Negative
REV001017,BOOK002816,CUST001362,HOT0042,4,Very Good,Staff were friendly and helpful.,2026-02-06,Positive
REV001018,BOOK004552,CUST003828,HOT0029,4,Very Good,Room was clean and comfortable.,2026-01-25,Positive
REV001019,BOOK004442,CUST004854,HOT0205,4,Highly Recommended,Great location and ambience.,2025-10-03,Positive
REV001020,BOOK004996,CUST000520,HOT0122,2,Average Experience,Staff were friendly and helpful.,2025-05-19,Negative
REV001021,BOOK004877,CUST000277,HOT0161,2,Amazing Hospitality,Bathroom needs improvement.,2025-08-09,Negative
REV001022,BOOK002166,CUST003568,HOT0026,4,Very Good,Room was clean and comfortable.,2024-09-20,Positive
REV001023,BOOK004986,CUST001898,HOT0020,5,Amazing Hospitality,Will definitely visit again.,2025-08-06,Positive
REV001024,BOOK002263,CUST002835,HOT0032,5,Poor Service,Food quality was excellent.,2025-10-31,Positive
REV001025,BOOK001738,CUST002306,HOT0050,4,Very Good,Overall satisfied with the stay.,2025-10-02,Positive
REV001026,BOOK000342,CUST004161,HOT0212,5,Very Good,Staff were friendly and helpful.,2026-08-09,Positive
REV001027,BOOK004727,CUST003664,HOT0118,1,Average Experience,Bathroom needs improvement.,2024-10-22,Negative
REV001028,BOOK000916,CUST002630,HOT0211,3,Amazing Hospitality,Check-in process was smooth.,2025-03-19,Neutral
REV001029,BOOK003505,CUST001739,HOT0074,1,Very Good,Great location and ambience.,2025-12-22,Negative
REV001030,BOOK001617,CUST000740,HOT0095,4,Highly Recommended,Will definitely visit again.,2025-03-27,Positive
REV001031,BOOK002432,CUST003578,HOT0003,2,Average Experience,Staff were friendly and helpful.,2026-05-28,Negative
REV001032,BOOK002730,CUST003187,HOT0023,1,Average Experience,Will definitely visit again.,2026-02-15,Negative
REV001033,BOOK003212,CUST003490,HOT0234,3,Very Good,Food quality was excellent.,2025-06-07,Neutral
REV001034,BOOK001354,CUST001300,HOT0020,2,Needs Improvement,Overall satisfied with the stay.,2025-09-05,Negative
REV001035,BOOK004891,CUST004113,HOT0235,2,Average Experience,Bathroom needs improvement.,2026-02-09,Negative
REV001036,BOOK002425,CUST000076,HOT0060,5,Poor Service,Food quality was excellent.,2025-03-18,Positive
REV001037,BOOK003674,CUST003978,HOT0120,3,Very Good,Food quality was excellent.,2026-05-25,Neutral
REV001038,BOOK002478,CUST002985,HOT0218,5,Value for Money,Food quality was excellent.,2024-12-10,Positive
REV001039,BOOK000415,CUST004535,HOT0192,5,Needs Improvement,Bathroom needs improvement.,2024-11-05,Positive
REV001040,BOOK003962,CUST001479,HOT0122,3,Average Experience,Room was clean and comfortable.,2024-12-27,Neutral
REV001041,BOOK004949,CUST000467,HOT0168,1,Poor Service,Food quality was excellent.,2025-11-04,Negative
REV001042,BOOK000103,CUST003922,HOT0117,4,Highly Recommended,Staff were friendly and helpful.,2025-08-27,Positive
REV001043,BOOK002095,CUST002884,HOT0189,5,Value for Money,Will definitely visit again.,2026-05-01,Positive
REV001044,BOOK003013,CUST002678,HOT0011,1,Excellent Stay,Check-in process was smooth.,2026-01-16,Negative
REV001045,BOOK004828,CUST002063,HOT0189,2,Poor Service,Room was clean and comfortable.,2025-05-17,Negative
REV001046,BOOK000050,CUST003582,HOT0039,3,Average Experience,Bathroom needs improvement.,2025-12-19,Neutral
REV001047,BOOK003422,CUST002450,HOT0074,2,Very Good,Check-in process was smooth.,2026-09-08,Negative
REV001048,BOOK002108,CUST002344,HOT0115,4,Excellent Stay,Overall satisfied with the stay.,2025-06-07,Positive
REV001049,BOOK000383,CUST003501,HOT0104,1,Very Good,Bathroom needs improvement.,2026-05-17,Negative
REV001050,BOOK000473,CUST003295,HOT0141,3,Average Experience,Overall satisfied with the stay.,2025-01-07,Neutral
REV001051,BOOK002173,CUST002003,HOT0003,2,Highly Recommended,Overall satisfied with the stay.,2024-12-10,Negative
REV001052,BOOK004688,CUST003262,HOT0143,3,Amazing Hospitality,Staff were friendly and helpful.,2026-07-06,Neutral
REV001053,BOOK001262,CUST003156,HOT0207,3,Value for Money,Will definitely visit again.,2026-03-23,Neutral
REV001054,BOOK004865,CUST004247,HOT0146,5,Average Experience,Will definitely visit again.,2025-10-03,Positive
REV001055,BOOK003153,CUST004315,HOT0172,1,Poor Service,Bathroom needs improvement.,2026-02-07,Negative
REV001056,BOOK000988,CUST004781,HOT0052,2,Value for Money,Overall satisfied with the stay.,2024-10-18,Negative
REV001057,BOOK004886,CUST003555,HOT0060,4,Needs Improvement,Bathroom needs improvement.,2025-02-15,Positive
REV001058,BOOK001825,CUST001720,HOT0124,5,Highly Recommended,Check-in process was smooth.,2026-06-08,Positive
REV001059,BOOK001262,CUST003156,HOT0207,1,Needs Improvement,Bathroom needs improvement.,2026-03-26,Negative
REV001060,BOOK004662,CUST004602,HOT0199,2,Excellent Stay,Will definitely visit again.,2026-01-16,Negative
REV001061,BOOK001607,CUST004017,HOT0193,2,Very Good,Will definitely visit again.,2025-03-23,Negative
REV001062,BOOK003714,CUST003626,HOT0045,2,Highly Recommended,Will definitely visit again.,2025-07-09,Negative
REV001063,BOOK002492,CUST001725,HOT0200,4,Very Good,Bathroom needs improvement.,2026-09-01,Positive
REV001064,BOOK001094,CUST003240,HOT0046,2,Needs Improvement,Overall satisfied with the stay.,2024-11-05,Negative
REV001065,BOOK001921,CUST004616,HOT0029,3,Amazing Hospitality,Room was clean and comfortable.,2026-04-01,Neutral
REV001066,BOOK000747,CUST001673,HOT0042,5,Average Experience,Check-in process was smooth.,2026-02-13,Positive
REV001067,BOOK000644,CUST004089,HOT0143,5,Highly Recommended,Staff were friendly and helpful.,2025-10-25,Positive
REV001068,BOOK003680,CUST001922,HOT0138,3,Average Experience,Staff were friendly and helpful.,2025-08-07,Neutral
REV001069,BOOK000599,CUST002550,HOT0066,1,Average Experience,Check-in process was smooth.,2025-06-04,Negative
REV001070,BOOK002558,CUST002676,HOT0197,4,Poor Service,Will definitely visit again.,2025-01-10,Positive
REV001071,BOOK004776,CUST004088,HOT0022,1,Amazing Hospitality,Food quality was excellent.,2026-04-19,Negative
REV001072,BOOK002582,CUST004837,HOT0056,5,Average Experience,Will definitely visit again.,2024-11-05,Positive
REV001073,BOOK003380,CUST002869,HOT0016,5,Very Good,Staff were friendly and helpful.,2026-08-26,Positive
REV001074,BOOK000515,CUST000805,HOT0125,4,Value for Money,Check-in process was smooth.,2026-09-05,Positive
REV001075,BOOK004436,CUST001012,HOT0024,4,Average Experience,Great location and ambience.,2025-10-29,Positive
REV001076,BOOK001205,CUST002814,HOT0208,5,Poor Service,Food quality was excellent.,2025-01-14,Positive
REV001077,BOOK002361,CUST001834,HOT0220,1,Value for Money,Will definitely visit again.,2025-08-02,Negative
REV001078,BOOK003875,CUST004939,HOT0139,3,Average Experience,Will definitely visit again.,2025-12-27,Neutral
REV001079,BOOK004066,CUST001342,HOT0102,1,Value for Money,Overall satisfied with the stay.,2026-01-20,Negative
REV001080,BOOK002281,CUST000665,HOT0151,3,Excellent Stay,Overall satisfied with the stay.,2026-03-01,Neutral
REV001081,BOOK003269,CUST001649,HOT0055,4,Excellent Stay,Will definitely visit again.,2026-02-27,Positive
REV001082,BOOK002342,CUST004670,HOT0016,2,Highly Recommended,Room was clean and comfortable.,2025-07-26,Negative
REV001083,BOOK001639,CUST001232,HOT0061,3,Excellent Stay,Overall satisfied with the stay.,2025-01-28,Neutral
REV001084,BOOK000507,CUST003788,HOT0087,3,Amazing Hospitality,Room was clean and comfortable.,2026-08-04,Neutral
REV001085,BOOK002515,CUST002471,HOT0239,5,Poor Service,Great location and ambience.,2026-03-19,Positive
REV001086,BOOK004686,CUST004771,HOT0066,1,Highly Recommended,Great location and ambience.,2025-08-21,Negative
REV001087,BOOK003070,CUST000754,HOT0244,3,Highly Recommended,Will definitely visit again.,2026-03-12,Neutral
REV001088,BOOK001160,CUST002404,HOT0107,2,Amazing Hospitality,Overall satisfied with the stay.,2025-09-06,Negative
REV001089,BOOK001018,CUST002391,HOT0112,5,Average Experience,Room was clean and comfortable.,2025-02-10,Positive
REV001090,BOOK004571,CUST002307,HOT0241,4,Needs Improvement,Staff were friendly and helpful.,2024-09-12,Positive
REV001091,BOOK004539,CUST000510,HOT0055,3,Amazing Hospitality,Food quality was excellent.,2026-08-26,Neutral
REV001092,BOOK004462,CUST000912,HOT0005,5,Needs Improvement,Great location and ambience.,2025-01-07,Positive
REV001093,BOOK002018,CUST000953,HOT0198,4,Amazing Hospitality,Overall satisfied with the stay.,2025-09-11,Positive
REV001094,BOOK003167,CUST001373,HOT0044,1,Highly Recommended,Staff were friendly and helpful.,2026-07-29,Negative
REV001095,BOOK004254,CUST003827,HOT0208,5,Excellent Stay,Room was clean and comfortable.,2026-04-23,Positive
REV001096,BOOK002644,CUST002226,HOT0004,3,Average Experience,Will definitely visit again.,2024-10-24,Neutral
REV001097,BOOK002847,CUST002368,HOT0065,1,Excellent Stay,Bathroom needs improvement.,2026-03-05,Negative
REV001098,BOOK004564,CUST000577,HOT0074,5,Value for Money,Food quality was excellent.,2026-03-30,Positive
REV001099,BOOK001307,CUST002466,HOT0086,1,Excellent Stay,Room was clean and comfortable.,2025-06-02,Negative
REV001100,BOOK000947,CUST004741,HOT0004,5,Highly Recommended,Food quality was excellent.,2025-03-04,Positive
REV001101,BOOK001804,CUST003205,HOT0027,4,Very Good,Food quality was excellent.,2026-03-22,Positive
REV001102,BOOK000935,CUST001763,HOT0238,4,Poor Service,Great location and ambience.,2025-11-20,Positive
REV001103,BOOK000399,CUST004569,HOT0093,3,Amazing Hospitality,Overall satisfied with the stay.,2025-02-25,Neutral
REV001104,BOOK003890,CUST001829,HOT0093,4,Needs Improvement,Room was clean and comfortable.,2025-12-27,Positive
REV001105,BOOK003289,CUST002409,HOT0130,3,Value for Money,Will definitely visit again.,2026-01-08,Neutral
REV001106,BOOK000782,CUST003029,HOT0111,3,Excellent Stay,Food quality was excellent.,2025-01-21,Neutral
REV001107,BOOK002814,CUST004247,HOT0053,4,Average Experience,Check-in process was smooth.,2025-10-07,Positive
REV001108,BOOK002079,CUST003578,HOT0011,2,Excellent Stay,Food quality was excellent.,2026-05-14,Negative
REV001109,BOOK001974,CUST000773,HOT0242,1,Poor Service,Will definitely visit again.,2026-02-14,Negative
REV001110,BOOK001609,CUST003006,HOT0043,4,Excellent Stay,Room was clean and comfortable.,2025-03-06,Positive
REV001111,BOOK003800,CUST000757,HOT0027,5,Average Experience,Overall satisfied with the stay.,2026-03-04,Positive
REV001112,BOOK002642,CUST004218,HOT0223,2,Needs Improvement,Food quality was excellent.,2025-08-05,Negative
REV001113,BOOK003927,CUST000316,HOT0063,3,Poor Service,Check-in process was smooth.,2025-05-20,Neutral
REV001114,BOOK003689,CUST004874,HOT0147,5,Highly Recommended,Room was clean and comfortable.,2025-08-29,Positive
REV001115,BOOK003779,CUST002022,HOT0049,4,Highly Recommended,Staff were friendly and helpful.,2025-08-31,Positive
REV001116,BOOK001838,CUST002453,HOT0172,3,Amazing Hospitality,Staff were friendly and helpful.,2026-06-25,Neutral
REV001117,BOOK004119,CUST002145,HOT0035,1,Needs Improvement,Bathroom needs improvement.,2025-03-06,Negative
REV001118,BOOK004279,CUST003152,HOT0146,1,Poor Service,Check-in process was smooth.,2025-05-05,Negative
REV001119,BOOK000406,CUST001890,HOT0053,2,Needs Improvement,Great location and ambience.,2025-02-13,Negative
REV001120,BOOK003485,CUST003081,HOT0167,1,Value for Money,Staff were friendly and helpful.,2025-09-20,Negative
REV001121,BOOK000232,CUST002948,HOT0030,3,Needs Improvement,Room was clean and comfortable.,2026-04-07,Neutral
REV001122,BOOK002775,CUST001654,HOT0033,4,Value for Money,Staff were friendly and helpful.,2024-12-21,Positive
REV001123,BOOK004391,CUST003530,HOT0166,5,Poor Service,Bathroom needs improvement.,2024-12-29,Positive
REV001124,BOOK003406,CUST002007,HOT0094,3,Needs Improvement,Bathroom needs improvement.,2026-04-20,Neutral
REV001125,BOOK003265,CUST003144,HOT0074,5,Excellent Stay,Will definitely visit again.,2026-01-02,Positive
REV001126,BOOK001731,CUST002334,HOT0019,5,Amazing Hospitality,Will definitely visit again.,2025-07-02,Positive
REV001127,BOOK003237,CUST004074,HOT0005,5,Average Experience,Check-in process was smooth.,2025-04-09,Positive
REV001128,BOOK002137,CUST001143,HOT0096,5,Very Good,Food quality was excellent.,2024-10-01,Positive
REV001129,BOOK004627,CUST002146,HOT0155,3,Excellent Stay,Check-in process was smooth.,2025-11-27,Neutral
REV001130,BOOK004875,CUST001255,HOT0150,1,Highly Recommended,Overall satisfied with the stay.,2026-07-15,Negative
REV001131,BOOK000336,CUST000594,HOT0001,5,Excellent Stay,Great location and ambience.,2025-11-10,Positive
REV001132,BOOK003164,CUST000545,HOT0081,5,Amazing Hospitality,Great location and ambience.,2026-08-31,Positive
REV001133,BOOK003412,CUST001442,HOT0065,3,Amazing Hospitality,Room was clean and comfortable.,2025-05-24,Neutral
REV001134,BOOK002304,CUST002113,HOT0139,5,Highly Recommended,Overall satisfied with the stay.,2025-01-13,Positive
REV001135,BOOK000636,CUST002678,HOT0064,1,Poor Service,Check-in process was smooth.,2025-02-12,Negative
REV001136,BOOK000106,CUST002891,HOT0069,4,Needs Improvement,Overall satisfied with the stay.,2026-05-15,Positive
REV001137,BOOK003052,CUST004023,HOT0005,3,Needs Improvement,Bathroom needs improvement.,2025-12-05,Neutral
REV001138,BOOK003286,CUST002637,HOT0160,4,Very Good,Will definitely visit again.,2025-12-02,Positive
REV001139,BOOK003618,CUST001371,HOT0095,1,Highly Recommended,Will definitely visit again.,2026-03-15,Negative
REV001140,BOOK004953,CUST000977,HOT0041,5,Amazing Hospitality,Check-in process was smooth.,2024-10-21,Positive
REV001141,BOOK004562,CUST003765,HOT0090,5,Needs Improvement,Great location and ambience.,2026-01-25,Positive
REV001142,BOOK001122,CUST003180,HOT0157,2,Needs Improvement,Will definitely visit again.,2025-01-15,Negative
REV001143,BOOK000495,CUST004029,HOT0175,4,Highly Recommended,Great location and ambience.,2024-11-02,Positive
REV001144,BOOK002679,CUST000188,HOT0084,5,Average Experience,Check-in process was smooth.,2026-02-14,Positive
REV001145,BOOK000590,CUST002313,HOT0128,1,Poor Service,Will definitely visit again.,2025-02-27,Negative
REV001146,BOOK003078,CUST002773,HOT0041,2,Highly Recommended,Will definitely visit again.,2026-03-10,Negative
REV001147,BOOK000086,CUST003676,HOT0082,1,Very Good,Will definitely visit again.,2025-10-17,Negative
REV001148,BOOK001385,CUST002296,HOT0116,3,Value for Money,Great location and ambience.,2026-06-16,Neutral
REV001149,BOOK002312,CUST000849,HOT0226,2,Amazing Hospitality,Check-in process was smooth.,2026-03-20,Negative
REV001150,BOOK003859,CUST002147,HOT0114,2,Needs Improvement,Will definitely visit again.,2026-01-10,Negative
REV001151,BOOK002898,CUST003638,HOT0069,4,Highly Recommended,Check-in process was smooth.,2024-10-05,Positive
REV001152,BOOK001276,CUST001662,HOT0183,1,Amazing Hospitality,Will definitely visit again.,2025-06-11,Negative
REV001153,BOOK003874,CUST001809,HOT0200,3,Value for Money,Staff were friendly and helpful.,2024-11-23,Neutral
REV001154,BOOK004748,CUST002874,HOT0057,5,Poor Service,Bathroom needs improvement.,2025-10-29,Positive
REV001155,BOOK001897,CUST001245,HOT0245,1,Average Experience,Will definitely visit again.,2026-06-06,Negative
REV001156,BOOK000903,CUST002125,HOT0151,1,Poor Service,Food quality was excellent.,2026-01-18,Negative
REV001157,BOOK000739,CUST000738,HOT0166,5,Amazing Hospitality,Great location and ambience.,2026-01-10,Positive
REV001158,BOOK003221,CUST002877,HOT0005,3,Very Good,Bathroom needs improvement.,2026-05-07,Neutral
REV001159,BOOK001743,CUST002324,HOT0180,1,Very Good,Bathroom needs improvement.,2026-03-28,Negative
REV001160,BOOK003869,CUST002725,HOT0029,3,Very Good,Bathroom needs improvement.,2025-11-15,Neutral
REV001161,BOOK003102,CUST004115,HOT0068,4,Poor Service,Bathroom needs improvement.,2025-08-18,Positive
REV001162,BOOK003710,CUST004719,HOT0158,2,Needs Improvement,Great location and ambience.,2026-08-05,Negative
REV001163,BOOK003848,CUST003454,HOT0115,2,Excellent Stay,Room was clean and comfortable.,2025-09-13,Negative
REV001164,BOOK000397,CUST000691,HOT0151,4,Very Good,Overall satisfied with the stay.,2025-05-06,Positive
REV001165,BOOK000209,CUST004443,HOT0059,4,Amazing Hospitality,Check-in process was smooth.,2025-12-05,Positive
REV001166,BOOK002704,CUST001219,HOT0178,1,Needs Improvement,Staff were friendly and helpful.,2024-08-27,Negative
REV001167,BOOK002043,CUST000038,HOT0033,4,Poor Service,Check-in process was smooth.,2024-12-16,Positive
REV001168,BOOK004643,CUST000703,HOT0211,4,Very Good,Great location and ambience.,2024-11-08,Positive
REV001169,BOOK003389,CUST002696,HOT0036,5,Amazing Hospitality,Will definitely visit again.,2025-03-21,Positive
REV001170,BOOK000536,CUST004644,HOT0165,2,Amazing Hospitality,Check-in process was smooth.,2024-11-04,Negative
REV001171,BOOK004514,CUST000872,HOT0122,1,Amazing Hospitality,Room was clean and comfortable.,2026-08-22,Negative
REV001172,BOOK002634,CUST002292,HOT0170,1,Average Experience,Food quality was excellent.,2025-08-14,Negative
REV001173,BOOK001140,CUST002819,HOT0222,1,Value for Money,Room was clean and comfortable.,2025-05-08,Negative
REV001174,BOOK000498,CUST000591,HOT0247,3,Very Good,Bathroom needs improvement.,2026-05-16,Neutral
REV001175,BOOK001860,CUST000294,HOT0120,3,Poor Service,Overall satisfied with the stay.,2024-11-21,Neutral
REV001176,BOOK004268,CUST003391,HOT0208,4,Needs Improvement,Room was clean and comfortable.,2025-04-11,Positive
REV001177,BOOK003998,CUST002396,HOT0191,1,Average Experience,Food quality was excellent.,2026-02-18,Negative
REV001178,BOOK004703,CUST004378,HOT0199,3,Value for Money,Room was clean and comfortable.,2025-08-26,Neutral
REV001179,BOOK001602,CUST003412,HOT0108,4,Very Good,Room was clean and comfortable.,2025-12-10,Positive
REV001180,BOOK002335,CUST002192,HOT0166,5,Needs Improvement,Staff were friendly and helpful.,2025-08-16,Positive
REV001181,BOOK003831,CUST003587,HOT0019,3,Needs Improvement,Bathroom needs improvement.,2026-04-24,Neutral
REV001182,BOOK003249,CUST001392,HOT0199,1,Needs Improvement,Room was clean and comfortable.,2025-12-25,Negative
REV001183,BOOK001963,CUST002604,HOT0062,1,Poor Service,Food quality was excellent.,2025-07-30,Negative
REV001184,BOOK004714,CUST002057,HOT0071,1,Very Good,Bathroom needs improvement.,2026-07-01,Negative
REV001185,BOOK003659,CUST001096,HOT0213,3,Average Experience,Room was clean and comfortable.,2025-10-11,Neutral
REV001186,BOOK003119,CUST004087,HOT0214,1,Needs Improvement,Will definitely visit again.,2024-12-06,Negative
REV001187,BOOK003925,CUST000314,HOT0118,3,Average Experience,Will definitely visit again.,2025-05-23,Neutral
REV001188,BOOK004500,CUST004146,HOT0064,2,Poor Service,Food quality was excellent.,2025-03-11,Negative
REV001189,BOOK001718,CUST004756,HOT0143,3,Highly Recommended,Food quality was excellent.,2026-08-09,Neutral
REV001190,BOOK000554,CUST001254,HOT0237,1,Highly Recommended,Check-in process was smooth.,2025-01-26,Negative
REV001191,BOOK002237,CUST002437,HOT0027,1,Value for Money,Bathroom needs improvement.,2025-06-01,Negative
REV001192,BOOK003150,CUST002254,HOT0158,1,Value for Money,Staff were friendly and helpful.,2025-07-30,Negative
REV001193,BOOK002139,CUST000348,HOT0030,4,Poor Service,Bathroom needs improvement.,2025-08-30,Positive
REV001194,BOOK000667,CUST004960,HOT0019,1,Needs Improvement,Food quality was excellent.,2026-01-14,Negative
REV001195,BOOK000127,CUST001007,HOT0051,5,Poor Service,Will definitely visit again.,2026-05-23,Positive
REV001196,BOOK002087,CUST001943,HOT0247,3,Value for Money,Staff were friendly and helpful.,2025-02-27,Neutral
REV001197,BOOK002557,CUST004369,HOT0089,1,Highly Recommended,Staff were friendly and helpful.,2026-06-13,Negative
REV001198,BOOK003589,CUST004442,HOT0240,1,Needs Improvement,Staff were friendly and helpful.,2024-10-23,Negative
REV001199,BOOK002385,CUST000778,HOT0062,2,Excellent Stay,Check-in process was smooth.,2026-07-29,Negative
REV001200,BOOK002561,CUST002455,HOT0175,4,Value for Money,Overall satisfied with the stay.,2024-08-17,Positive
REV001201,BOOK003584,CUST001917,HOT0066,3,Value for Money,Check-in process was smooth.,2025-08-30,Neutral
REV001202,BOOK000509,CUST002051,HOT0229,4,Amazing Hospitality,Food quality was excellent.,2025-05-22,Positive
REV001203,BOOK004210,CUST004782,HOT0198,3,Average Experience,Check-in process was smooth.,2024-12-08,Neutral
REV001204,BOOK002265,CUST000614,HOT0148,2,Very Good,Food quality was excellent.,2026-07-14,Negative
REV001205,BOOK004633,CUST002378,HOT0125,2,Needs Improvement,Room was clean and comfortable.,2025-06-13,Negative
REV001206,BOOK004113,CUST000208,HOT0199,2,Value for Money,Will definitely visit again.,2025-04-24,Negative
REV001207,BOOK000851,CUST001392,HOT0044,4,Excellent Stay,Check-in process was smooth.,2026-06-20,Positive
REV001208,BOOK003877,CUST002410,HOT0193,3,Excellent Stay,Room was clean and comfortable.,2025-07-31,Neutral
REV001209,BOOK001110,CUST001605,HOT0159,1,Average Experience,Bathroom needs improvement.,2025-02-25,Negative
REV001210,BOOK000608,CUST003077,HOT0166,4,Value for Money,Food quality was excellent.,2024-10-04,Positive
REV001211,BOOK002156,CUST004139,HOT0154,1,Poor Service,Bathroom needs improvement.,2025-03-01,Negative
REV001212,BOOK002706,CUST001307,HOT0035,5,Average Experience,Great location and ambience.,2026-02-02,Positive
REV001213,BOOK002806,CUST003127,HOT0148,3,Highly Recommended,Will definitely visit again.,2026-04-27,Neutral
REV001214,BOOK004788,CUST004055,HOT0041,2,Amazing Hospitality,Overall satisfied with the stay.,2026-06-20,Negative
REV001215,BOOK000920,CUST004048,HOT0183,5,Amazing Hospitality,Food quality was excellent.,2025-11-28,Positive
REV001216,BOOK000132,CUST002726,HOT0227,1,Needs Improvement,Staff were friendly and helpful.,2026-07-09,Negative
REV001217,BOOK003118,CUST000871,HOT0163,1,Poor Service,Overall satisfied with the stay.,2025-02-04,Negative
REV001218,BOOK001282,CUST000205,HOT0216,2,Value for Money,Great location and ambience.,2024-11-15,Negative
REV001219,BOOK003808,CUST000395,HOT0153,4,Average Experience,Great location and ambience.,2026-02-20,Positive
REV001220,BOOK000685,CUST001219,HOT0066,4,Very Good,Food quality was excellent.,2025-12-08,Positive
REV001221,BOOK003556,CUST001364,HOT0109,4,Average Experience,Food quality was excellent.,2026-09-25,Positive
REV001222,BOOK004641,CUST000870,HOT0202,3,Average Experience,Room was clean and comfortable.,2025-01-13,Neutral
REV001223,BOOK001795,CUST002213,HOT0008,4,Poor Service,Staff were friendly and helpful.,2026-05-19,Positive
REV001224,BOOK001415,CUST003585,HOT0024,5,Poor Service,Great location and ambience.,2026-06-30,Positive
REV001225,BOOK002833,CUST004311,HOT0096,4,Highly Recommended,Food quality was excellent.,2025-03-09,Positive
REV001226,BOOK001946,CUST003234,HOT0179,5,Excellent Stay,Check-in process was smooth.,2025-07-18,Positive
REV001227,BOOK002682,CUST002460,HOT0005,3,Needs Improvement,Check-in process was smooth.,2026-07-25,Neutral
REV001228,BOOK001811,CUST003642,HOT0205,5,Highly Recommended,Staff were friendly and helpful.,2025-12-24,Positive
REV001229,BOOK001587,CUST999999,HOT0029,3,Excellent Stay,Room was clean and comfortable.,2025-06-12,Neutral
REV001230,BOOK001008,CUST002879,HOT0220,3,Needs Improvement,Great location and ambience.,2025-01-26,Neutral
REV001231,BOOK001793,CUST004777,HOT0077,1,Poor Service,Great location and ambience.,2025-06-17,Negative
REV001232,BOOK003591,CUST001902,HOT0027,5,Needs Improvement,Great location and ambience.,2024-12-17,Positive
REV001233,BOOK000560,CUST004655,HOT0047,4,Excellent Stay,Will definitely visit again.,2024-10-01,Positive
REV001234,BOOK003542,CUST003185,HOT0124,5,Very Good,Will definitely visit again.,2025-11-12,Positive
REV001235,BOOK001393,CUST003910,HOT0159,1,Needs Improvement,Staff were friendly and helpful.,2025-05-07,Negative
REV001236,BOOK000345,CUST004168,HOT0042,1,Needs Improvement,Overall satisfied with the stay.,2025-08-31,Negative
REV001237,BOOK003335,CUST000071,HOT0226,5,Needs Improvement,Room was clean and comfortable.,2025-05-07,Positive
REV001238,BOOK003858,CUST002258,HOT0097,1,Very Good,Room was clean and comfortable.,2026-05-18,Negative
REV001239,BOOK002030,CUST004679,HOT0229,5,Amazing Hospitality,Room was clean and comfortable.,2025-07-28,Positive
REV001240,BOOK003665,CUST000622,HOT0019,4,Very Good,Overall satisfied with the stay.,2025-06-22,Positive
REV001241,BOOK002178,CUST004824,HOT0179,5,Value for Money,Great location and ambience.,2025-11-08,Positive
REV001242,BOOK004648,CUST001844,HOT0047,4,Amazing Hospitality,Check-in process was smooth.,2026-07-28,Positive
REV001243,BOOK000169,CUST002801,HOT0088,5,Amazing Hospitality,Staff were friendly and helpful.,2025-12-12,Positive
REV001244,BOOK001986,CUST001119,HOT0156,3,Excellent Stay,Will definitely visit again.,2026-06-17,Neutral
REV001245,BOOK001569,CUST004745,HOT0202,2,Highly Recommended,Overall satisfied with the stay.,2025-05-07,Negative
REV001246,BOOK001247,CUST001000,HOT0035,4,Average Experience,Great location and ambience.,2025-11-07,Positive
REV001247,BOOK001355,CUST001728,HOT0096,1,Needs Improvement,Overall satisfied with the stay.,2025-11-14,Negative
REV001248,BOOK001190,CUST002943,HOT0164,5,Average Experience,Great location and ambience.,2024-10-09,Positive
REV001249,BOOK003058,CUST000484,HOT0184,1,Poor Service,Will definitely visit again.,2026-05-20,Negative
REV001250,BOOK003587,CUST000885,HOT0016,1,Amazing Hospitality,Room was clean and comfortable.,2025-06-01,Negative
REV001251,BOOK000612,CUST003413,HOT0196,5,Highly Recommended,Food quality was excellent.,2025-07-22,Positive
REV001252,BOOK003475,CUST001904,HOT0063,1,Average Experience,Food quality was excellent.,2025-09-21,Negative
REV001253,BOOK003354,CUST003013,HOT0202,5,Average Experience,Food quality was excellent.,2026-03-11,Positive
REV001254,BOOK004720,CUST002173,HOT0209,1,Needs Improvement,Food quality was excellent.,2026-01-11,Negative
REV001255,BOOK002416,CUST000741,HOT0125,2,Value for Money,Staff were friendly and helpful.,2026-06-25,Negative
REV001256,BOOK002412,CUST002703,HOT0175,4,Highly Recommended,Room was clean and comfortable.,2026-04-24,Positive
REV001257,BOOK001801,CUST000519,HOT0100,5,Average Experience,,2025-11-26,Positive
REV001258,BOOK002310,CUST000398,HOT0097,2,Excellent Stay,Check-in process was smooth.,2025-09-07,Negative
REV001259,BOOK002643,CUST003320,HOT0084,2,Excellent Stay,Check-in process was smooth.,2025-11-22,Negative
REV001260,BOOK000335,CUST003984,HOT0034,4,Value for Money,Will definitely visit again.,2026-05-28,Positive
REV001261,BOOK004107,CUST002617,HOT0116,3,Highly Recommended,Great location and ambience.,2024-10-17,Neutral
REV001262,BOOK004860,CUST002036,HOT0109,4,Amazing Hospitality,Food quality was excellent.,2026-06-15,Positive
REV001263,BOOK002753,CUST000424,HOT0175,1,Poor Service,Overall satisfied with the stay.,2026-04-23,Negative
REV001264,BOOK004369,CUST000708,HOT0065,3,Value for Money,Bathroom needs improvement.,2026-05-08,Neutral
REV001265,BOOK003178,CUST004259,HOT0140,2,Highly Recommended,Will definitely visit again.,2025-08-22,Negative
REV001266,BOOK000072,CUST002796,HOT0039,5,Excellent Stay,Bathroom needs improvement.,2025-10-04,Positive
REV001267,BOOK000835,CUST003080,HOT0031,3,Needs Improvement,Will definitely visit again.,2025-08-25,Neutral
REV001268,BOOK003053,CUST003505,HOT0004,5,Value for Money,Overall satisfied with the stay.,2026-03-07,Positive
REV001269,BOOK003012,CUST003214,HOT0181,4,Very Good,Overall satisfied with the stay.,2025-06-25,Positive
REV001270,BOOK002902,CUST000977,HOT0238,1,Excellent Stay,Bathroom needs improvement.,2026-06-09,Negative
REV001271,BOOK003018,CUST000572,HOT0069,3,Highly Recommended,Bathroom needs improvement.,2025-12-10,Neutral
REV001272,BOOK004992,CUST001796,HOT0072,5,Needs Improvement,Food quality was excellent.,2026-05-29,Positive
REV001273,BOOK003807,CUST000126,HOT0023,4,Very Good,Check-in process was smooth.,2025-12-06,Positive
REV001274,BOOK000757,CUST002287,HOT0136,2,Amazing Hospitality,Check-in process was smooth.,2025-01-24,Negative
REV001275,BOOK003162,CUST999999,HOT0068,5,Amazing Hospitality,Overall satisfied with the stay.,2025-07-23,Positive
REV001276,BOOK002742,CUST002630,HOT0164,1,Very Good,Great location and ambience.,2025-02-18,Negative
REV001277,BOOK002228,CUST003509,HOT0170,1,Highly Recommended,Room was clean and comfortable.,2025-12-19,Negative
REV001278,BOOK003338,CUST004242,HOT0104,4,Very Good,Bathroom needs improvement.,2025-11-18,Positive
REV001279,BOOK003497,CUST004716,HOT0242,4,Amazing Hospitality,Great location and ambience.,2025-10-01,Positive
REV001280,BOOK004460,CUST000242,HOT0233,4,Excellent Stay,Overall satisfied with the stay.,2026-01-21,Positive
REV001281,BOOK004312,CUST004351,HOT0211,4,Amazing Hospitality,Check-in process was smooth.,2025-03-13,Positive
REV001282,BOOK001903,CUST001049,HOT0192,3,Excellent Stay,Staff were friendly and helpful.,2026-03-01,Neutral
REV001283,BOOK000927,CUST003797,HOT0030,2,Excellent Stay,Room was clean and comfortable.,2025-04-07,Negative
REV001284,BOOK002130,CUST001961,HOT0094,4,Amazing Hospitality,Staff were friendly and helpful.,2026-01-04,Positive
REV001285,BOOK000638,CUST004096,HOT0207,5,Highly Recommended,Overall satisfied with the stay.,2024-10-24,Positive
REV001286,BOOK000707,CUST000797,HOT0056,2,Amazing Hospitality,Room was clean and comfortable.,2025-12-14,Negative
REV001287,BOOK002637,CUST001098,HOT0029,2,Very Good,Will definitely visit again.,2024-11-21,Negative
REV001288,BOOK002295,CUST000090,HOT0102,5,Average Experience,Room was clean and comfortable.,2026-05-28,Positive
REV001289,BOOK003623,CUST001674,HOT0174,3,Very Good,Will definitely visit again.,2025-12-16,Neutral
REV001290,BOOK001024,CUST000155,HOT0178,4,Very Good,Great location and ambience.,2025-11-08,Positive
REV001291,BOOK000795,CUST004384,HOT0001,2,Average Experience,Staff were friendly and helpful.,2026-06-27,Negative
REV001292,BOOK002760,CUST003627,HOT0175,5,Value for Money,Room was clean and comfortable.,2026-07-28,Positive
REV001293,BOOK001504,CUST003961,HOT0016,5,Very Good,Room was clean and comfortable.,2025-10-15,Positive
REV001294,BOOK000314,CUST000635,HOT0201,3,Average Experience,Check-in process was smooth.,2026-05-01,Neutral
REV001295,BOOK004047,CUST002438,HOT0215,2,Needs Improvement,Will definitely visit again.,2025-04-14,Negative
REV001296,BOOK004814,CUST001555,HOT0085,1,Average Experience,Will definitely visit again.,2024-11-27,Negative
REV001297,BOOK002759,CUST003960,HOT0020,5,Very Good,Bathroom needs improvement.,2024-10-20,Positive
REV001298,BOOK000487,CUST001474,HOT0054,2,Average Experience,Food quality was excellent.,2026-07-20,Negative
REV001299,BOOK000619,CUST003259,HOT0235,4,Very Good,Overall satisfied with the stay.,2025-04-14,Positive
REV001300,BOOK001628,CUST000832,HOT0054,3,Highly Recommended,Will definitely visit again.,2025-08-04,Neutral
REV001301,BOOK003609,CUST003798,HOT0227,2,Amazing Hospitality,Bathroom needs improvement.,2026-02-20,Negative
REV001302,BOOK004518,CUST000373,HOT0186,1,Very Good,Will definitely visit again.,2026-03-12,Negative
REV001303,BOOK004800,CUST000127,HOT0151,4,Needs Improvement,Will definitely visit again.,2026-05-23,Positive
REV001304,BOOK002273,CUST003913,HOT0193,3,Poor Service,Overall satisfied with the stay.,2025-09-25,Neutral
REV001305,BOOK001401,CUST001292,HOT0201,3,Average Experience,Great location and ambience.,2025-02-26,Neutral
REV001306,BOOK003199,CUST002557,HOT0076,4,Poor Service,Room was clean and comfortable.,2024-10-28,Positive
REV001307,BOOK002078,CUST002006,HOT0004,3,Amazing Hospitality,Food quality was excellent.,2026-06-21,Neutral
REV001308,BOOK003899,CUST003216,HOT0063,4,Value for Money,Overall satisfied with the stay.,2025-04-10,Positive
REV001309,BOOK004109,CUST001527,HOT0175,1,Very Good,Overall satisfied with the stay.,2025-02-03,Negative
REV001310,BOOK000412,CUST000118,HOT0193,5,Highly Recommended,Food quality was excellent.,2025-06-07,Positive
REV001311,BOOK000234,CUST001530,HOT0208,4,Needs Improvement,Overall satisfied with the stay.,2026-06-06,Positive
REV001312,BOOK000453,CUST002340,HOT0221,1,Needs Improvement,Food quality was excellent.,2025-04-15,Negative
REV001313,BOOK000062,CUST003884,HOT0017,1,Needs Improvement,Bathroom needs improvement.,2026-04-28,Negative
REV001314,BOOK003151,CUST002464,HOT0075,1,Poor Service,Check-in process was smooth.,2025-03-26,Negative
REV001315,BOOK002040,CUST004787,HOT0234,1,Value for Money,Food quality was excellent.,2024-10-02,Negative
REV001316,BOOK002118,CUST000602,HOT0148,5,Value for Money,Check-in process was smooth.,2026-09-14,Positive
REV001317,BOOK004011,CUST002347,HOT0039,5,Value for Money,Will definitely visit again.,2025-04-07,Positive
REV001318,BOOK004234,CUST002274,HOT0143,4,Very Good,Check-in process was smooth.,2024-12-21,Positive
REV001319,BOOK003101,CUST002080,HOT0181,1,Very Good,Room was clean and comfortable.,2026-05-15,Negative
REV001320,BOOK004592,CUST000157,HOT0069,2,Highly Recommended,Staff were friendly and helpful.,2026-04-05,Negative
REV001321,BOOK004154,CUST001787,HOT0082,1,Poor Service,Great location and ambience.,2024-10-11,Negative
REV001322,BOOK000205,CUST000010,HOT0012,3,Excellent Stay,Overall satisfied with the stay.,2026-03-11,Neutral
REV001323,BOOK001663,CUST003327,HOT0086,5,Very Good,Staff were friendly and helpful.,2025-08-11,Positive
REV001324,BOOK004351,CUST004289,HOT0076,5,Poor Service,Overall satisfied with the stay.,2024-10-11,Positive
REV001325,BOOK004149,CUST004554,HOT0053,1,Needs Improvement,Staff were friendly and helpful.,2025-10-13,Negative
REV001326,BOOK000861,CUST004207,HOT0178,2,Amazing Hospitality,Will definitely visit again.,2025-06-16,Negative
REV001327,BOOK002559,CUST003472,HOT0179,3,Average Experience,Check-in process was smooth.,2024-09-27,Neutral
REV001328,BOOK003360,CUST002189,HOT0193,5,Needs Improvement,Food quality was excellent.,2025-06-25,Positive
REV001329,BOOK002811,CUST004185,HOT0018,5,Average Experience,Food quality was excellent.,2025-07-18,Positive
REV001330,BOOK000303,CUST004046,HOT0030,1,Value for Money,Check-in process was smooth.,2024-11-22,Negative
REV001331,BOOK003667,CUST000091,HOT0009,5,Excellent Stay,Room was clean and comfortable.,2025-03-25,Positive
REV001332,BOOK003639,CUST004003,HOT0224,1,Excellent Stay,Staff were friendly and helpful.,2026-07-02,Negative
REV001333,BOOK004934,CUST004083,HOT0047,5,Average Experience,Will definitely visit again.,2026-03-19,Positive
REV001334,BOOK002562,CUST001712,HOT0001,2,Average Experience,Overall satisfied with the stay.,2024-09-25,Negative
REV001335,BOOK002091,CUST001279,HOT0069,3,Needs Improvement,Check-in process was smooth.,2026-06-19,Neutral
REV001336,BOOK004857,CUST000155,HOT0123,2,Value for Money,Staff were friendly and helpful.,2024-11-13,Negative
REV001337,BOOK000447,CUST001405,HOT0223,1,Very Good,Overall satisfied with the stay.,2025-01-25,Negative
REV001338,BOOK004781,CUST001666,HOT0220,4,Very Good,Check-in process was smooth.,2026-07-18,Positive
REV001339,BOOK000442,CUST004159,HOT0008,5,Needs Improvement,Will definitely visit again.,2025-06-25,Positive
REV001340,BOOK000566,CUST001665,HOT0152,5,Poor Service,Bathroom needs improvement.,2024-09-17,Positive
REV001341,BOOK002860,CUST003552,HOT0194,2,Highly Recommended,Will definitely visit again.,2025-07-12,Negative
REV001342,BOOK003204,CUST004620,HOT0104,1,Highly Recommended,Room was clean and comfortable.,2024-12-06,Negative
REV001343,BOOK002022,CUST000111,HOT0023,3,Poor Service,Staff were friendly and helpful.,2025-04-20,Neutral
REV001344,BOOK000157,CUST002612,HOT0193,4,Highly Recommended,Will definitely visit again.,2025-05-30,Positive
REV001345,BOOK002359,CUST000046,HOT0151,4,Amazing Hospitality,Room was clean and comfortable.,2026-06-07,Positive
REV001346,BOOK001541,CUST004699,HOT0040,3,Excellent Stay,Food quality was excellent.,2026-06-27,Neutral
REV001347,BOOK000022,CUST003313,HOT0061,1,Poor Service,Food quality was excellent.,2024-09-07,Negative
REV001348,BOOK002761,CUST004088,HOT0091,5,Highly Recommended,Great location and ambience.,2026-01-16,Positive
REV001349,BOOK000178,CUST002305,HOT0116,4,Amazing Hospitality,Bathroom needs improvement.,2025-07-27,Positive
REV001350,BOOK000665,CUST000656,HOT0243,4,Needs Improvement,Will definitely visit again.,2025-02-25,Positive
REV001351,BOOK000655,CUST001121,HOT0184,1,Average Experience,Will definitely visit again.,2026-02-06,Negative
REV001352,BOOK002954,CUST002425,HOT0093,2,Value for Money,Bathroom needs improvement.,2026-07-12,Negative
REV001353,BOOK003516,CUST004288,HOT0111,2,Needs Improvement,Overall satisfied with the stay.,2024-09-23,Negative
REV001354,BOOK002530,CUST002970,HOT0236,3,Average Experience,Overall satisfied with the stay.,2026-03-23,Neutral
REV001355,BOOK004620,CUST000472,HOT0222,2,Value for Money,Room was clean and comfortable.,2024-12-21,Negative
REV001356,BOOK000045,CUST001471,HOT0229,1,Average Experience,Will definitely visit again.,2025-10-06,Negative
REV001357,BOOK004330,CUST002786,HOT0216,5,Poor Service,Will definitely visit again.,2024-10-09,Positive
REV001358,BOOK004088,CUST002659,HOT0102,1,Poor Service,Room was clean and comfortable.,2026-06-19,Negative
REV001359,BOOK004655,CUST004603,HOT0240,5,Very Good,Bathroom needs improvement.,2026-05-15,Positive
REV001360,BOOK003656,CUST003478,HOT0246,2,Very Good,Room was clean and comfortable.,2025-08-05,Negative
REV001361,BOOK001351,CUST001430,HOT0037,1,Needs Improvement,Food quality was excellent.,2025-12-06,Negative
REV001362,BOOK003094,CUST000472,HOT0028,3,Amazing Hospitality,Food quality was excellent.,2024-10-06,Neutral
REV001363,BOOK003798,CUST000820,HOT0044,3,Amazing Hospitality,Bathroom needs improvement.,2025-12-20,Neutral
REV001364,BOOK002985,CUST000046,HOT0222,4,Average Experience,Will definitely visit again.,2026-07-26,Positive
REV001365,BOOK004151,CUST000308,HOT0015,4,Highly Recommended,Overall satisfied with the stay.,2025-11-04,Positive
REV001366,BOOK000696,CUST001957,HOT0047,1,Very Good,Great location and ambience.,2024-10-11,Negative
REV001367,BOOK001615,CUST000101,HOT0054,1,Amazing Hospitality,Overall satisfied with the stay.,2026-05-26,Negative
REV001368,BOOK003837,CUST002004,HOT0241,3,Average Experience,Bathroom needs improvement.,2026-07-27,Neutral
REV001369,BOOK004940,CUST001060,HOT0211,2,Very Good,Bathroom needs improvement.,2026-08-25,Negative
REV001370,BOOK002686,CUST002851,HOT0123,3,Very Good,Food quality was excellent.,2024-11-21,Neutral
REV001371,BOOK004691,CUST004817,HOT0027,1,Excellent Stay,Food quality was excellent.,2025-07-26,Negative
REV001372,BOOK000083,CUST001847,HOT0225,2,Value for Money,Bathroom needs improvement.,2025-02-21,Negative
REV001373,BOOK002668,CUST003776,HOT0170,3,Excellent Stay,Staff were friendly and helpful.,2024-12-07,Neutral
REV001374,BOOK000523,CUST002688,HOT0050,2,Needs Improvement,Will definitely visit again.,2025-01-29,Negative
REV001375,BOOK004042,CUST003420,HOT0237,1,Value for Money,Great location and ambience.,2025-02-11,Negative
REV001376,BOOK001653,CUST000895,HOT0076,5,Value for Money,Bathroom needs improvement.,2025-11-17,Positive
REV001377,BOOK001184,CUST000545,HOT0249,1,Very Good,Check-in process was smooth.,2025-11-12,Negative
REV001378,BOOK000195,CUST002030,HOT0064,3,Highly Recommended,Food quality was excellent.,2026-04-16,Neutral
REV001379,BOOK003510,CUST004548,HOT0236,2,Very Good,Overall satisfied with the stay.,2025-04-01,Negative
REV001380,BOOK001997,CUST002191,HOT0020,1,Excellent Stay,Bathroom needs improvement.,2025-05-27,Negative
REV001381,BOOK004271,CUST002373,HOT0205,3,Poor Service,Overall satisfied with the stay.,2026-07-13,Neutral
REV001382,BOOK004028,CUST001369,HOT0083,5,Amazing Hospitality,Will definitely visit again.,2026-05-02,Positive
REV001383,BOOK003820,CUST001613,HOT0051,3,Needs Improvement,Room was clean and comfortable.,2025-07-02,Neutral
REV001384,BOOK000606,CUST000144,HOT0021,2,Highly Recommended,Food quality was excellent.,2025-07-13,Negative
REV001385,BOOK003284,CUST004856,HOT0030,5,Very Good,Staff were friendly and helpful.,2026-05-02,Positive
REV001386,BOOK003558,CUST000216,HOT0179,5,Poor Service,Great location and ambience.,2025-06-26,Positive
REV001387,BOOK003734,CUST004742,HOT0044,2,Amazing Hospitality,Food quality was excellent.,2025-10-28,Negative
REV001388,BOOK001966,CUST001415,HOT0179,4,Poor Service,Will definitely visit again.,2025-05-15,Positive
REV001389,BOOK003476,CUST004621,HOT0177,3,Poor Service,Bathroom needs improvement.,2025-08-25,Neutral
REV001390,BOOK002551,CUST000426,HOT0009,2,Average Experience,Food quality was excellent.,2026-04-04,Negative
REV001391,BOOK003554,CUST001601,HOT0218,4,Average Experience,Room was clean and comfortable.,2026-03-11,Positive
REV001392,BOOK001454,CUST003519,HOT0183,3,Excellent Stay,Staff were friendly and helpful.,2025-10-09,Neutral
REV001393,BOOK001671,CUST001444,HOT0157,4,Value for Money,Bathroom needs improvement.,2026-07-11,Positive
REV001394,BOOK002780,CUST004527,HOT0211,1,Amazing Hospitality,Room was clean and comfortable.,2025-04-03,Negative
REV001395,BOOK002334,CUST002696,HOT0074,1,Amazing Hospitality,Food quality was excellent.,2026-07-27,Negative
REV001396,BOOK002772,CUST004025,HOT0136,5,Amazing Hospitality,Staff were friendly and helpful.,2024-08-30,Positive
REV001397,BOOK001985,CUST001122,HOT0198,3,Value for Money,Room was clean and comfortable.,2026-06-04,Neutral
REV001398,BOOK004075,CUST003918,HOT0013,5,Needs Improvement,Great location and ambience.,2026-05-22,Positive
REV001399,BOOK002528,CUST004551,HOT0245,5,Amazing Hospitality,Overall satisfied with the stay.,2024-10-24,Positive
REV001400,BOOK004351,CUST004289,HOT0076,4,Amazing Hospitality,Check-in process was smooth.,2024-10-07,Positive
REV001401,BOOK001645,CUST003333,HOT0047,3,Average Experience,Check-in process was smooth.,2024-11-11,Neutral
REV001402,BOOK003126,CUST004837,HOT0048,1,Amazing Hospitality,Food quality was excellent.,2026-02-25,Negative
REV001403,BOOK001708,CUST004661,HOT0008,5,Average Experience,Bathroom needs improvement.,2026-05-24,Positive
REV001404,BOOK003362,CUST004692,HOT0039,1,Value for Money,Check-in process was smooth.,2025-10-06,Negative
REV001405,BOOK002911,CUST004700,HOT0085,1,Very Good,Will definitely visit again.,2024-09-19,Negative
REV001406,BOOK002476,CUST003713,HOT0174,1,Average Experience,Check-in process was smooth.,2026-05-01,Negative
REV001407,BOOK000512,CUST002068,HOT0140,2,Highly Recommended,Room was clean and comfortable.,2025-06-24,Negative
REV001408,BOOK002981,CUST003877,HOT0199,4,Poor Service,Will definitely visit again.,2026-06-30,Positive
REV001409,BOOK002673,CUST003223,HOT0226,1,Value for Money,Bathroom needs improvement.,2026-05-06,Negative
REV001410,BOOK000203,CUST000694,HOT0044,5,Poor Service,Great location and ambience.,2026-06-03,Positive
REV001411,BOOK004902,CUST000204,HOT0092,2,Average Experience,Room was clean and comfortable.,2025-01-17,Negative
REV001412,BOOK000923,CUST003061,HOT0191,4,Value for Money,Room was clean and comfortable.,2025-10-01,Positive
REV001413,BOOK003413,CUST001535,HOT0138,3,Very Good,Overall satisfied with the stay.,2026-04-08,Neutral
REV001414,BOOK001907,CUST004817,HOT0085,4,Value for Money,Will definitely visit again.,2026-08-21,Positive
REV001415,BOOK001930,CUST002341,HOT0152,1,Poor Service,Room was clean and comfortable.,2025-02-19,Negative
REV001416,BOOK001524,CUST000080,HOT0090,2,Excellent Stay,Staff were friendly and helpful.,2025-05-19,Negative
REV001417,BOOK004063,CUST000650,HOT0126,3,Amazing Hospitality,Overall satisfied with the stay.,2026-04-22,Neutral
REV001418,BOOK004756,CUST004037,HOT0019,2,Excellent Stay,Staff were friendly and helpful.,2024-12-11,Negative
REV001419,BOOK003953,CUST004126,HOT0088,3,Poor Service,Check-in process was smooth.,2024-10-17,Neutral
REV001420,BOOK000618,CUST000389,HOT0160,2,Value for Money,Overall satisfied with the stay.,2025-02-02,Negative
REV001421,BOOK001456,CUST003518,HOT0176,4,Very Good,Room was clean and comfortable.,2026-06-20,Positive
REV001422,BOOK001717,CUST002266,HOT0015,5,Excellent Stay,Room was clean and comfortable.,2025-09-10,Positive
REV001423,BOOK004128,CUST004408,HOT0055,4,Very Good,Food quality was excellent.,2026-06-08,Positive
REV001424,BOOK002739,CUST000783,HOT0157,4,Highly Recommended,Food quality was excellent.,2025-11-19,Positive
REV001425,BOOK002787,CUST003300,HOT0248,4,Needs Improvement,Will definitely visit again.,2024-12-13,Positive
REV001426,BOOK003492,CUST000019,HOT0026,3,Excellent Stay,Overall satisfied with the stay.,2025-02-15,Neutral
REV001427,BOOK001877,CUST002045,HOT0089,2,Average Experience,Food quality was excellent.,2025-08-10,Negative
REV001428,BOOK002512,CUST001574,HOT0130,2,Needs Improvement,Overall satisfied with the stay.,2025-01-15,Negative
REV001429,BOOK002197,CUST000234,HOT0244,3,Value for Money,Overall satisfied with the stay.,2025-11-06,Neutral
REV001430,BOOK003079,CUST003856,HOT0195,5,Highly Recommended,Great location and ambience.,2026-05-11,Positive
REV001431,BOOK001996,CUST004349,HOT0133,5,Poor Service,Room was clean and comfortable.,2026-08-18,Positive
REV001432,BOOK000158,CUST000195,HOT0242,2,Average Experience,Room was clean and comfortable.,2026-04-29,Negative
REV001433,BOOK000541,CUST002903,HOT0091,2,Excellent Stay,Staff were friendly and helpful.,2025-11-16,Negative
REV001434,BOOK000848,CUST000491,HOT0024,1,Average Experience,Staff were friendly and helpful.,2026-08-25,Negative
REV001435,BOOK002084,CUST000246,HOT0173,3,Very Good,Bathroom needs improvement.,2024-09-10,Neutral
REV001436,BOOK001799,CUST003489,HOT0229,2,Average Experience,Staff were friendly and helpful.,2026-03-22,Negative
REV001437,BOOK000972,CUST002566,HOT0048,3,Very Good,Room was clean and comfortable.,2025-06-07,Neutral
REV001438,BOOK002832,CUST003702,HOT0090,1,Average Experience,Check-in process was smooth.,2025-09-02,Negative
REV001439,BOOK000697,CUST002784,HOT0217,1,Needs Improvement,Bathroom needs improvement.,2026-03-17,Negative
REV001440,BOOK000119,CUST003719,HOT0228,3,Needs Improvement,Will definitely visit again.,2025-09-24,Neutral
REV001441,BOOK000829,CUST004134,HOT0157,3,Excellent Stay,Staff were friendly and helpful.,2025-03-06,Neutral
REV001442,BOOK003989,CUST001103,HOT0126,1,Highly Recommended,Great location and ambience.,2024-09-03,Negative
REV001443,BOOK000237,CUST003205,HOT0231,4,Needs Improvement,Room was clean and comfortable.,2025-02-27,Positive
REV001444,BOOK004164,CUST002776,HOT0024,3,Amazing Hospitality,Bathroom needs improvement.,2026-03-03,Neutral
REV001445,BOOK003917,CUST004847,HOT0119,3,Average Experience,Food quality was excellent.,2026-02-20,Neutral
REV001446,BOOK003014,CUST001151,HOT0048,3,Value for Money,,2026-02-04,Neutral
REV001447,BOOK002749,CUST001992,HOT0068,5,Poor Service,Great location and ambience.,2025-04-04,Positive
REV001448,BOOK000243,CUST004346,HOT0191,2,Amazing Hospitality,Check-in process was smooth.,2025-03-18,Negative
REV001449,BOOK004790,CUST000192,HOT0247,4,Excellent Stay,Check-in process was smooth.,2025-06-02,Positive
REV001450,BOOK002602,CUST000029,HOT0162,5,Value for Money,Food quality was excellent.,2026-05-15,Positive
REV001451,BOOK002908,CUST001351,HOT0001,1,Average Experience,Overall satisfied with the stay.,2024-12-24,Negative
REV001452,BOOK002038,CUST002309,HOT0168,1,Poor Service,Great location and ambience.,2025-11-22,Negative
REV001453,BOOK004276,CUST002624,HOT0235,3,Excellent Stay,Bathroom needs improvement.,2025-09-20,Neutral
REV001454,BOOK002704,CUST001219,HOT0178,3,Average Experience,Will definitely visit again.,2024-08-30,Neutral
REV001455,BOOK002962,CUST001518,HOT0086,5,Average Experience,Food quality was excellent.,2025-01-29,Positive
REV001456,BOOK000434,CUST002309,HOT0098,1,Excellent Stay,Staff were friendly and helpful.,2026-05-23,Negative
REV001457,BOOK000989,CUST003919,HOT0008,3,Very Good,Staff were friendly and helpful.,2024-12-06,Neutral
REV001458,BOOK002707,CUST004448,HOT0137,1,Very Good,Food quality was excellent.,2025-05-02,Negative
REV001459,BOOK000032,CUST003614,HOT0150,3,Excellent Stay,Room was clean and comfortable.,2026-07-09,Neutral
REV001460,BOOK001765,CUST004330,HOT0014,5,Average Experience,Staff were friendly and helpful.,2025-04-21,Positive
REV001461,BOOK002746,CUST001635,HOT0113,1,Highly Recommended,Room was clean and comfortable.,2026-05-02,Negative
REV001462,BOOK000972,CUST002566,HOT0048,1,Needs Improvement,Room was clean and comfortable.,2025-06-06,Negative
REV001463,BOOK003066,CUST003014,HOT0126,1,Poor Service,Check-in process was smooth.,2024-11-19,Negative
REV001464,BOOK004754,CUST002963,HOT0022,5,Excellent Stay,Room was clean and comfortable.,2026-05-04,Positive
REV001465,BOOK002808,CUST004820,HOT0167,1,Value for Money,Check-in process was smooth.,2025-04-19,Negative
REV001466,BOOK004919,CUST004930,HOT0027,4,Highly Recommended,Overall satisfied with the stay.,2026-01-03,Positive
REV001467,BOOK003190,CUST001966,HOT0140,3,Very Good,Great location and ambience.,2025-04-11,Neutral
REV001468,BOOK000954,CUST000848,HOT0220,4,Needs Improvement,Bathroom needs improvement.,2025-04-10,Positive
REV001469,BOOK001452,CUST001071,HOT0013,4,Average Experience,Food quality was excellent.,2026-07-22,Positive
REV001470,BOOK002186,CUST004529,HOT0209,3,Amazing Hospitality,Great location and ambience.,2025-08-04,Neutral
REV001471,BOOK004935,CUST000549,HOT0234,2,Amazing Hospitality,Will definitely visit again.,2025-08-23,Negative
REV001472,BOOK004171,CUST003760,HOT0155,5,Very Good,Overall satisfied with the stay.,2025-01-15,Positive
REV001473,BOOK002313,CUST002121,HOT0104,1,Very Good,Overall satisfied with the stay.,2025-02-02,Negative
REV001474,BOOK001658,CUST004581,HOT0078,1,Value for Money,Overall satisfied with the stay.,2026-06-18,Negative
REV001475,BOOK000008,CUST004603,HOT0186,4,Very Good,Room was clean and comfortable.,2026-05-10,Positive
REV001476,BOOK000134,CUST002173,HOT0193,5,Highly Recommended,Room was clean and comfortable.,2025-06-13,Positive
REV001477,BOOK003596,CUST002979,HOT0067,3,Needs Improvement,Will definitely visit again.,2026-08-03,Neutral
REV001478,BOOK004837,CUST004962,HOT0209,4,Highly Recommended,Staff were friendly and helpful.,2025-01-15,Positive
REV001479,BOOK000583,CUST001792,HOT0089,3,Average Experience,Overall satisfied with the stay.,2026-08-09,Neutral
REV001480,BOOK000231,CUST002011,HOT0122,5,Poor Service,Will definitely visit again.,2025-05-25,Positive
REV001481,BOOK001426,CUST001214,HOT0129,3,Highly Recommended,Will definitely visit again.,2026-04-12,Neutral
REV001482,BOOK000852,CUST001587,HOT0103,3,Highly Recommended,Check-in process was smooth.,2025-12-15,Neutral
REV001483,BOOK003248,CUST002137,HOT0098,2,Amazing Hospitality,Great location and ambience.,2026-06-22,Negative
REV001484,BOOK002802,CUST001590,HOT0082,4,Average Experience,Check-in process was smooth.,2026-07-17,Positive
REV001485,BOOK002056,CUST004803,HOT0115,1,Highly Recommended,Overall satisfied with the stay.,2026-05-15,Negative
REV001486,BOOK003757,CUST000725,HOT0215,3,Poor Service,Check-in process was smooth.,2024-11-13,Neutral
REV001487,BOOK000888,CUST001675,HOT0196,1,Value for Money,Bathroom needs improvement.,2025-08-05,Negative
REV001488,BOOK003822,CUST004835,HOT0088,2,Highly Recommended,Will definitely visit again.,2025-06-11,Negative
REV001489,BOOK002386,CUST004537,HOT0240,1,Very Good,Great location and ambience.,2026-08-30,Negative
REV001490,BOOK001622,CUST003056,HOT0089,5,Very Good,Will definitely visit again.,2025-10-15,Positive
REV001491,BOOK001245,CUST000625,HOT0117,5,Average Experience,Bathroom needs improvement.,2024-11-06,Positive
REV001492,BOOK002113,CUST001975,HOT0120,1,Highly Recommended,Will definitely visit again.,2025-11-24,Negative
REV001493,BOOK000705,CUST000941,HOT0039,3,Highly Recommended,Bathroom needs improvement.,2025-04-17,Neutral
REV001494,BOOK004821,CUST001692,HOT0076,5,Excellent Stay,Check-in process was smooth.,2025-09-07,Positive
REV001495,BOOK002307,CUST002180,HOT0133,5,Value for Money,Overall satisfied with the stay.,2025-08-18,Positive
REV001496,BOOK004157,CUST004415,HOT0080,2,Needs Improvement,Bathroom needs improvement.,2024-08-20,Negative
REV001497,BOOK003264,CUST002951,HOT0050,3,Needs Improvement,Great location and ambience.,2026-09-01,Neutral
REV001498,BOOK000215,CUST001982,HOT0107,4,Highly Recommended,Check-in process was smooth.,2025-02-28,Positive
REV001499,BOOK003358,CUST000499,HOT0123,2,Value for Money,Great location and ambience.,2026-08-10,Negative
REV001500,BOOK003315,CUST001959,HOT0169,3,Poor Service,Great location and ambience.,2025-01-05,Neutral
REV001501,BOOK003424,CUST000538,HOT0099,3,Highly Recommended,Overall satisfied with the stay.,2025-11-24,Neutral
REV001502,BOOK002640,CUST003637,HOT0230,3,Value for Money,Overall satisfied with the stay.,2025-01-24,Neutral
REV001503,BOOK003521,CUST003944,HOT0071,5,Average Experience,,2025-07-11,Positive
REV001504,BOOK003306,CUST004721,HOT0118,4,Average Experience,Check-in process was smooth.,2025-05-06,Positive
REV001505,BOOK000286,CUST002377,HOT0047,2,Value for Money,Check-in process was smooth.,2026-05-25,Negative
REV001506,BOOK002564,CUST000986,HOT0090,5,Value for Money,Food quality was excellent.,2026-08-29,Positive
REV001507,BOOK004549,CUST003180,HOT0089,3,Excellent Stay,Will definitely visit again.,2025-10-09,Neutral
REV001508,BOOK000249,CUST000091,HOT0244,3,Very Good,Food quality was excellent.,2025-09-23,Neutral
REV001509,BOOK003300,CUST002803,HOT0135,3,Average Experience,Food quality was excellent.,2025-07-03,Neutral
REV001510,BOOK002225,CUST003916,HOT0152,2,Value for Money,Room was clean and comfortable.,2024-11-01,Negative
REV001511,BOOK000306,CUST002068,HOT0061,1,Average Experience,Great location and ambience.,2024-10-08,Negative
REV001512,BOOK002174,CUST001845,HOT0053,5,Amazing Hospitality,Room was clean and comfortable.,2026-06-19,Positive
REV001513,BOOK003188,CUST003428,HOT0007,3,Highly Recommended,Overall satisfied with the stay.,2026-08-09,Neutral
REV001514,BOOK000112,CUST003206,HOT0102,5,Highly Recommended,Food quality was excellent.,2026-08-17,Positive
REV001515,BOOK002120,CUST001378,HOT0160,5,Average Experience,Check-in process was smooth.,2025-03-05,Positive
REV001516,BOOK000530,CUST002995,HOT0147,3,Value for Money,Overall satisfied with the stay.,2024-12-28,Neutral
REV001517,BOOK004869,CUST000981,HOT0096,2,Value for Money,Staff were friendly and helpful.,2025-02-10,Negative
REV001518,BOOK001003,CUST003990,HOT0207,1,Very Good,Bathroom needs improvement.,2025-04-13,Negative
REV001519,BOOK000054,CUST002355,HOT0068,3,Value for Money,Staff were friendly and helpful.,2025-05-25,Neutral
REV001520,BOOK001852,CUST002425,HOT0132,5,Very Good,Food quality was excellent.,2026-05-26,Positive
REV001521,BOOK004362,CUST003812,HOT0068,1,Poor Service,Check-in process was smooth.,2026-08-11,Negative
REV001522,BOOK001421,CUST001439,HOT0171,5,Value for Money,Check-in process was smooth.,2025-11-19,Positive
REV001523,BOOK001668,CUST004787,HOT0171,4,Poor Service,Will definitely visit again.,2026-06-14,Positive
REV001524,BOOK004343,CUST003717,HOT0099,5,Amazing Hospitality,Overall satisfied with the stay.,2025-05-15,Positive
REV001525,BOOK002724,CUST002101,HOT0187,4,Average Experience,Staff were friendly and helpful.,2026-09-11,Positive
REV001526,BOOK004536,CUST002499,HOT0041,5,Average Experience,Room was clean and comfortable.,2025-05-01,Positive
REV001527,BOOK000791,CUST000008,HOT0084,4,Average Experience,Check-in process was smooth.,2026-06-02,Positive
REV001528,BOOK004818,CUST004682,HOT0033,4,Average Experience,Will definitely visit again.,2024-10-23,Positive
REV001529,BOOK002006,CUST000430,HOT0187,5,Highly Recommended,Great location and ambience.,2026-09-14,Positive
REV001530,BOOK001940,CUST004004,HOT0208,2,Average Experience,Great location and ambience.,2024-12-09,Negative
REV001531,BOOK004030,CUST001653,HOT0168,1,Poor Service,Staff were friendly and helpful.,2025-10-26,Negative
REV001532,BOOK004894,CUST000316,HOT0052,4,Highly Recommended,Room was clean and comfortable.,2025-10-30,Positive
REV001533,BOOK002621,CUST001952,HOT0021,5,Amazing Hospitality,Food quality was excellent.,2026-08-27,Positive
REV001534,BOOK004439,CUST000681,HOT0011,4,Poor Service,Staff were friendly and helpful.,2025-05-02,Positive
REV001535,BOOK002649,CUST002038,HOT0204,3,Excellent Stay,Staff were friendly and helpful.,2025-01-06,Neutral
REV001536,BOOK001549,CUST000463,HOT0105,2,Amazing Hospitality,Staff were friendly and helpful.,2025-05-31,Negative
REV001537,BOOK000267,CUST000486,HOT0167,4,Value for Money,Overall satisfied with the stay.,2025-08-04,Positive
REV001538,BOOK004001,CUST001791,HOT0163,5,Value for Money,Food quality was excellent.,2024-12-20,Positive
REV001539,BOOK002998,CUST004935,HOT0137,5,Highly Recommended,Will definitely visit again.,2026-06-24,Positive
REV001540,BOOK004899,CUST002958,HOT0177,1,Highly Recommended,Staff were friendly and helpful.,2026-01-13,Negative
REV001541,BOOK000298,CUST001332,HOT0058,1,Very Good,Room was clean and comfortable.,2026-03-28,Negative
REV001542,BOOK003147,CUST001099,HOT0014,4,Highly Recommended,Staff were friendly and helpful.,2025-09-07,Positive
REV001543,BOOK004309,CUST002690,HOT0244,1,Very Good,Great location and ambience.,2025-10-15,Negative
REV001544,BOOK003564,CUST000788,HOT0203,2,Very Good,Check-in process was smooth.,2024-10-22,Negative
REV001545,BOOK004407,CUST000976,HOT0077,3,Very Good,Room was clean and comfortable.,2026-01-09,Neutral
REV001546,BOOK000194,CUST002071,HOT0159,1,Value for Money,Bathroom needs improvement.,2026-06-28,Negative
REV001547,BOOK002015,CUST002367,HOT0112,3,Excellent Stay,Great location and ambience.,2025-10-16,Neutral
REV001548,BOOK003455,CUST003199,HOT0200,3,Highly Recommended,Room was clean and comfortable.,2026-05-29,Neutral
REV001549,BOOK001865,CUST003856,HOT0231,3,Average Experience,Overall satisfied with the stay.,2026-02-27,Neutral
REV001550,BOOK000389,CUST003681,HOT0102,3,Very Good,Staff were friendly and helpful.,2024-09-04,Neutral
REV001551,BOOK002008,CUST000737,HOT0160,4,Excellent Stay,Bathroom needs improvement.,2024-08-27,Positive
REV001552,BOOK004609,CUST000028,HOT0125,2,Average Experience,Room was clean and comfortable.,2025-02-02,Negative
REV001553,BOOK001197,CUST004465,HOT0024,2,Very Good,Food quality was excellent.,2026-07-17,Negative
REV001554,BOOK000924,CUST001299,HOT0187,5,Value for Money,Staff were friendly and helpful.,2025-10-30,Positive
REV001555,BOOK004708,CUST003468,HOT0054,4,Average Experience,Staff were friendly and helpful.,2026-04-08,Positive
REV001556,BOOK001929,CUST002138,HOT0016,4,Poor Service,Room was clean and comfortable.,2026-08-25,Positive
REV001557,BOOK000147,CUST002427,HOT0142,4,Average Experience,Will definitely visit again.,2025-09-02,Positive
REV001558,BOOK000177,CUST000845,HOT0169,2,Poor Service,Bathroom needs improvement.,2025-10-11,Negative
REV001559,BOOK002355,CUST000102,HOT0175,4,Needs Improvement,Overall satisfied with the stay.,2025-10-13,Positive
REV001560,BOOK001928,CUST003500,HOT0102,3,Value for Money,Check-in process was smooth.,2026-01-16,Neutral
REV001561,BOOK003936,CUST001240,HOT0053,2,Needs Improvement,Room was clean and comfortable.,2026-06-20,Negative
REV001562,BOOK000341,CUST004061,HOT0213,4,Excellent Stay,Great location and ambience.,2025-08-23,Positive
REV001563,BOOK000448,CUST004789,HOT0002,1,Value for Money,Room was clean and comfortable.,2025-10-14,Negative
REV001564,BOOK003301,CUST000889,HOT0101,5,Value for Money,Will definitely visit again.,2025-02-17,Positive
REV001565,BOOK003050,CUST004589,HOT0154,5,Very Good,Great location and ambience.,2025-07-15,Positive
REV001566,BOOK003184,CUST000138,HOT0216,1,Value for Money,Staff were friendly and helpful.,2025-05-11,Negative
REV001567,BOOK001510,CUST002259,HOT0245,4,Amazing Hospitality,Food quality was excellent.,2026-04-09,Positive
REV001568,BOOK002846,CUST002316,HOT0074,1,Excellent Stay,Check-in process was smooth.,2025-07-11,Negative
REV001569,BOOK004697,CUST002567,HOT0022,3,Very Good,Bathroom needs improvement.,2026-01-21,Neutral
REV001570,BOOK002252,CUST003175,HOT0035,2,Value for Money,Check-in process was smooth.,2024-10-02,Negative
REV001571,BOOK003274,CUST001987,HOT0246,4,Poor Service,Will definitely visit again.,2026-04-22,Positive
REV001572,BOOK003392,CUST000319,HOT0108,4,Needs Improvement,Overall satisfied with the stay.,2026-09-29,Positive
REV001573,BOOK004809,CUST000539,HOT0244,1,Highly Recommended,Food quality was excellent.,2026-01-15,Negative
REV001574,BOOK004318,CUST004806,HOT0129,1,Average Experience,Room was clean and comfortable.,2026-06-09,Negative
REV001575,BOOK004167,CUST002498,HOT0151,4,Very Good,Staff were friendly and helpful.,2024-10-27,Positive
REV001576,BOOK000847,CUST002363,HOT0065,3,Highly Recommended,Staff were friendly and helpful.,2025-09-23,Neutral
REV001577,BOOK004805,CUST002939,HOT0134,2,Average Experience,Will definitely visit again.,2025-06-16,Negative
REV001578,BOOK002244,CUST999999,HOT0087,3,Needs Improvement,Room was clean and comfortable.,2025-03-02,Neutral
REV001579,BOOK002255,CUST001404,HOT0146,3,Excellent Stay,Great location and ambience.,2025-08-27,Neutral
REV001580,BOOK003341,CUST001671,HOT0015,2,Amazing Hospitality,Check-in process was smooth.,2024-09-24,Negative
REV001581,BOOK001387,CUST004920,HOT0189,5,Highly Recommended,Staff were friendly and helpful.,2025-03-06,Positive
REV001582,BOOK001096,CUST004149,HOT0144,2,Highly Recommended,Will definitely visit again.,2026-07-05,Negative
REV001583,BOOK004576,CUST003205,HOT0108,1,Needs Improvement,Check-in process was smooth.,2025-08-02,Negative
REV001584,BOOK002213,CUST001934,HOT0012,2,Excellent Stay,Bathroom needs improvement.,2025-02-21,Negative
REV001585,BOOK001736,CUST001296,HOT0057,1,Excellent Stay,Great location and ambience.,2025-12-28,Negative
REV001586,BOOK002074,CUST002956,HOT0054,2,Very Good,Will definitely visit again.,2026-02-27,Negative
REV001587,BOOK003736,CUST000461,HOT0205,2,Amazing Hospitality,Bathroom needs improvement.,2026-07-31,Negative
REV001588,BOOK000881,CUST003732,HOT0027,4,Highly Recommended,Will definitely visit again.,2025-08-15,Positive
REV001589,BOOK002904,CUST003047,HOT0031,1,Needs Improvement,Room was clean and comfortable.,2025-10-31,Negative
REV001590,BOOK001459,CUST004444,HOT0075,4,Value for Money,Check-in process was smooth.,2025-03-31,Positive
REV001591,BOOK004678,CUST003444,HOT0160,5,Excellent Stay,Overall satisfied with the stay.,2024-12-04,Positive
REV001592,BOOK004297,CUST001815,HOT0094,5,Needs Improvement,Room was clean and comfortable.,2026-02-06,Positive
REV001593,BOOK003903,CUST004174,HOT0112,3,Excellent Stay,Food quality was excellent.,2025-05-18,Neutral
REV001594,BOOK001696,CUST003186,HOT0192,5,Needs Improvement,Will definitely visit again.,2025-09-15,Positive
REV001595,BOOK001863,CUST004498,HOT0046,3,Poor Service,Great location and ambience.,2026-09-20,Neutral
REV001596,BOOK002170,CUST002528,HOT0017,2,Needs Improvement,Room was clean and comfortable.,2025-07-07,Negative
REV001597,BOOK001673,CUST002754,HOT0017,5,Average Experience,Will definitely visit again.,2024-12-20,Positive
REV001598,BOOK000994,CUST000838,HOT0240,4,Very Good,Bathroom needs improvement.,2026-04-01,Positive
REV001599,BOOK002837,CUST002786,HOT0233,2,Needs Improvement,Will definitely visit again.,2025-05-28,Negative
REV001600,BOOK000007,CUST003694,HOT0150,5,Amazing Hospitality,Bathroom needs improvement.,2026-01-12,Positive
REV001601,BOOK000351,CUST000615,HOT0103,2,Excellent Stay,Great location and ambience.,2025-01-23,Negative
REV001602,BOOK003538,CUST004356,HOT0170,5,Excellent Stay,Bathroom needs improvement.,2025-09-13,Positive
REV001603,BOOK003330,CUST000529,HOT0048,3,Amazing Hospitality,Great location and ambience.,2025-12-29,Neutral
REV001604,BOOK000968,CUST003653,HOT0187,1,Average Experience,Check-in process was smooth.,2025-07-01,Negative
REV001605,BOOK001217,CUST000453,HOT0003,5,Very Good,Great location and ambience.,2025-04-29,Positive
REV001606,BOOK000013,CUST004865,HOT0078,4,Excellent Stay,Check-in process was smooth.,2025-04-01,Positive
REV001607,BOOK002072,CUST002078,HOT0121,2,Amazing Hospitality,Check-in process was smooth.,2024-10-17,Negative
REV001608,BOOK004204,CUST000327,HOT0214,1,Value for Money,Overall satisfied with the stay.,2026-05-15,Negative
REV001609,BOOK004544,CUST001097,HOT0014,3,Very Good,Food quality was excellent.,2026-05-11,Neutral
REV001610,BOOK002501,CUST000003,HOT0034,1,Poor Service,Overall satisfied with the stay.,2024-10-12,Negative
REV001611,BOOK002796,CUST000914,HOT0086,4,Average Experience,Check-in process was smooth.,2025-06-22,Positive
REV001612,BOOK003033,CUST003043,HOT0037,1,Poor Service,Room was clean and comfortable.,2026-03-31,Negative
REV001613,BOOK004260,CUST003211,HOT0079,5,Needs Improvement,Room was clean and comfortable.,2026-06-02,Positive
REV001614,BOOK002098,CUST002950,HOT0234,3,Value for Money,Staff were friendly and helpful.,2026-08-24,Neutral
REV001615,BOOK003276,CUST001718,HOT0180,5,Amazing Hospitality,Check-in process was smooth.,2025-06-24,Positive
REV001616,BOOK004078,CUST001087,HOT0139,3,Very Good,Check-in process was smooth.,2026-05-23,Neutral
REV001617,BOOK004456,CUST003600,HOT0047,5,Needs Improvement,Great location and ambience.,2024-10-10,Positive
REV001618,BOOK001274,CUST002420,HOT0043,1,Poor Service,Will definitely visit again.,2026-02-12,Negative
REV001619,BOOK004185,CUST001818,HOT0036,4,Highly Recommended,Check-in process was smooth.,2025-05-20,Positive
REV001620,BOOK002650,CUST000998,HOT0087,2,Poor Service,Great location and ambience.,2026-06-25,Negative
REV001621,BOOK002472,CUST003071,HOT0045,3,Very Good,Food quality was excellent.,2025-06-05,Neutral
REV001622,BOOK002315,CUST002718,HOT0044,2,Highly Recommended,Great location and ambience.,2024-11-18,Negative
REV001623,BOOK001335,CUST003309,HOT0023,4,Amazing Hospitality,Check-in process was smooth.,2024-09-08,Positive
REV001624,BOOK004765,CUST000206,HOT0213,5,Average Experience,Great location and ambience.,2025-12-23,Positive
REV001625,BOOK000480,CUST000092,HOT0054,1,Needs Improvement,Check-in process was smooth.,2025-04-08,Negative
REV001626,BOOK000071,CUST001035,HOT0058,2,Excellent Stay,Room was clean and comfortable.,2025-09-25,Negative
REV001627,BOOK000597,CUST004452,HOT0075,2,Excellent Stay,Bathroom needs improvement.,2024-12-02,Negative
REV001628,BOOK000895,CUST003546,HOT0040,1,Value for Money,Staff were friendly and helpful.,2025-04-06,Negative
REV001629,BOOK000949,CUST001537,HOT0131,3,Value for Money,Check-in process was smooth.,2025-06-28,Neutral
REV001630,BOOK002085,CUST004551,HOT0119,5,Average Experience,Bathroom needs improvement.,2024-12-30,Positive
REV001631,BOOK003454,CUST003274,HOT0121,3,Average Experience,Food quality was excellent.,2026-01-16,Neutral
REV001632,BOOK004575,CUST001204,HOT0153,5,Value for Money,Will definitely visit again.,2025-04-28,Positive
REV001633,BOOK004840,CUST000728,HOT0071,5,Highly Recommended,Great location and ambience.,2025-01-24,Positive
REV001634,BOOK003797,CUST000152,HOT0077,4,Very Good,Check-in process was smooth.,2025-03-21,Positive
REV001635,BOOK000311,CUST003802,HOT0163,4,Value for Money,Bathroom needs improvement.,2025-05-07,Positive
REV001636,BOOK003092,CUST004228,HOT0102,4,Very Good,Staff were friendly and helpful.,2025-07-29,Positive
REV001637,BOOK004926,CUST000358,HOT0173,3,Poor Service,Food quality was excellent.,2025-01-12,Neutral
REV001638,BOOK001500,CUST003224,HOT0011,6,Needs Improvement,Food quality was excellent.,2025-12-01,Positive
REV001639,BOOK002697,CUST002184,HOT0051,5,Average Experience,Great location and ambience.,2024-10-15,Positive
REV001640,BOOK002992,CUST003007,HOT0183,4,Excellent Stay,Great location and ambience.,2025-06-22,Positive
REV001641,BOOK004777,CUST004711,HOT0226,4,Needs Improvement,Food quality was excellent.,2024-09-01,Positive
REV001642,BOOK004350,CUST003414,HOT0105,4,Poor Service,Great location and ambience.,2025-03-09,Positive
REV001643,BOOK001398,CUST002342,HOT0068,5,Needs Improvement,Staff were friendly and helpful.,2024-11-15,Positive
REV001644,BOOK000769,CUST003821,HOT0218,1,Highly Recommended,Bathroom needs improvement.,2026-03-06,Negative
REV001645,BOOK001941,CUST001404,HOT0154,1,Average Experience,Food quality was excellent.,2026-06-24,Negative
REV001646,BOOK000660,CUST003559,HOT0215,4,Excellent Stay,Bathroom needs improvement.,2026-05-12,Positive
REV001647,BOOK002940,CUST002033,HOT0059,2,Needs Improvement,Overall satisfied with the stay.,2024-12-08,Negative
REV001648,BOOK003771,CUST000186,HOT0226,4,Excellent Stay,Check-in process was smooth.,2025-08-25,Positive
REV001649,BOOK004450,CUST000770,HOT0209,4,Highly Recommended,Overall satisfied with the stay.,2026-09-21,Positive
REV001650,BOOK000909,CUST001790,HOT0048,2,Value for Money,Bathroom needs improvement.,2025-08-02,Negative
REV001651,BOOK004883,CUST000071,HOT0186,4,Amazing Hospitality,Will definitely visit again.,2026-07-28,Positive
REV001652,BOOK001384,CUST001221,HOT0213,5,Highly Recommended,Great location and ambience.,2025-10-07,Positive
REV001653,BOOK002452,CUST001821,HOT0224,1,Amazing Hospitality,Staff were friendly and helpful.,2025-01-07,Negative
REV001654,BOOK003414,CUST000312,HOT0239,1,Value for Money,Check-in process was smooth.,2026-08-12,Negative
REV001655,BOOK003488,CUST000564,HOT0110,4,Excellent Stay,Will definitely visit again.,2025-09-14,Positive
REV001656,BOOK001726,CUST003655,HOT0058,3,Average Experience,Bathroom needs improvement.,2024-10-04,Neutral
REV001657,BOOK000424,CUST003157,HOT0062,1,Highly Recommended,Bathroom needs improvement.,2025-09-17,Negative
REV001658,BOOK004372,CUST001504,HOT0204,3,Very Good,Staff were friendly and helpful.,2025-02-22,Neutral
REV001659,BOOK004419,CUST003041,HOT0061,5,Average Experience,Food quality was excellent.,2026-08-02,Positive
REV001660,BOOK003870,CUST000613,HOT0181,2,Value for Money,Bathroom needs improvement.,2025-08-06,Negative
REV001661,BOOK001556,CUST003516,HOT0022,4,Value for Money,Bathroom needs improvement.,2025-09-15,Positive
REV001662,BOOK000538,CUST003130,HOT0065,4,Needs Improvement,Food quality was excellent.,2025-11-19,Positive
REV001663,BOOK003129,CUST000621,HOT0090,5,Needs Improvement,Staff were friendly and helpful.,2025-02-26,Positive
REV001664,BOOK004056,CUST004212,HOT0236,3,Excellent Stay,Great location and ambience.,2024-11-02,Neutral
REV001665,BOOK001115,CUST000612,HOT0163,3,Excellent Stay,Food quality was excellent.,2025-11-07,Neutral
REV001666,BOOK002474,CUST000522,HOT0027,4,Highly Recommended,Great location and ambience.,2024-11-29,Positive
REV001667,BOOK000726,CUST003120,HOT0134,1,Highly Recommended,Bathroom needs improvement.,2025-03-26,Negative
REV001668,BOOK000918,CUST003541,HOT0027,5,Value for Money,Staff were friendly and helpful.,2024-11-11,Positive
REV001669,BOOK004198,CUST001021,HOT0109,2,Highly Recommended,Food quality was excellent.,2024-11-05,Negative
REV001670,BOOK001970,CUST001462,HOT0027,3,Amazing Hospitality,Staff were friendly and helpful.,2025-01-31,Neutral
REV001671,BOOK001619,CUST003300,HOT0113,2,Average Experience,Food quality was excellent.,2026-01-13,Negative
REV001672,BOOK003044,CUST001742,HOT0219,3,Highly Recommended,Will definitely visit again.,2025-06-08,Neutral
REV001673,BOOK001909,CUST002737,HOT0144,5,Highly Recommended,Will definitely visit again.,2025-11-09,Positive
REV001674,BOOK001469,CUST001601,HOT0133,2,Amazing Hospitality,Overall satisfied with the stay.,2025-06-29,Negative
REV001675,BOOK002590,CUST001922,HOT0244,4,Amazing Hospitality,Great location and ambience.,2025-07-26,Positive
REV001676,BOOK002296,CUST000063,HOT0188,1,Highly Recommended,Great location and ambience.,2026-06-04,Negative
REV001677,BOOK004507,CUST001539,HOT0034,3,Needs Improvement,Bathroom needs improvement.,2025-04-11,Neutral
REV001678,BOOK003279,CUST002882,HOT0119,2,Amazing Hospitality,Overall satisfied with the stay.,2026-04-23,Negative
REV001679,BOOK003691,CUST004328,HOT0159,2,Amazing Hospitality,Great location and ambience.,2025-02-27,Negative
REV001680,BOOK000823,CUST002312,HOT0222,5,Excellent Stay,Room was clean and comfortable.,2025-11-23,Positive
REV001681,BOOK004223,CUST001042,HOT0008,4,Poor Service,Check-in process was smooth.,2024-11-17,Positive
REV001682,BOOK001007,CUST000182,HOT0127,3,Value for Money,Room was clean and comfortable.,2025-01-20,Neutral
REV001683,BOOK004581,CUST004894,HOT0179,4,Excellent Stay,Staff were friendly and helpful.,2026-05-04,Positive
REV001684,BOOK001707,CUST000701,HOT0155,4,Needs Improvement,Food quality was excellent.,2026-04-18,Positive
REV001685,BOOK004903,CUST004369,HOT0040,2,Average Experience,Room was clean and comfortable.,2025-06-22,Negative
REV001686,BOOK004511,CUST001060,HOT0012,3,Average Experience,Bathroom needs improvement.,2025-02-10,Neutral
REV001687,BOOK004854,CUST001466,HOT0178,4,Very Good,Overall satisfied with the stay.,2025-03-28,Positive
REV001688,BOOK004381,CUST001176,HOT0167,5,Amazing Hospitality,Will definitely visit again.,2025-05-15,Positive
REV001689,BOOK002064,CUST003444,HOT0021,4,Value for Money,Food quality was excellent.,2026-09-26,Positive
REV001690,BOOK001862,CUST004000,HOT0069,5,Value for Money,Food quality was excellent.,2026-01-25,Positive
REV001691,BOOK003506,CUST002928,HOT0030,3,Amazing Hospitality,Will definitely visit again.,2025-09-05,Neutral
REV001692,BOOK001626,CUST004352,HOT0248,2,Needs Improvement,Overall satisfied with the stay.,2025-11-09,Negative
REV001693,BOOK001376,CUST000440,HOT0153,4,Poor Service,Great location and ambience.,2026-02-17,Positive
REV001694,BOOK001263,CUST004631,HOT0125,5,Value for Money,Room was clean and comfortable.,2025-04-30,Positive
REV001695,BOOK000637,CUST003710,HOT0146,1,Needs Improvement,Will definitely visit again.,2026-09-02,Negative
REV001696,BOOK003173,CUST001511,HOT0103,4,Value for Money,Great location and ambience.,2026-05-13,Positive
REV001697,BOOK000349,CUST002642,HOT0127,2,Average Experience,Food quality was excellent.,2025-08-03,Negative
REV001698,BOOK000814,CUST003087,HOT0174,2,Very Good,Will definitely visit again.,2026-01-19,Negative
REV001699,BOOK001892,CUST002374,HOT0098,2,Highly Recommended,Will definitely visit again.,2025-01-09,Negative
REV001700,BOOK000162,CUST001439,HOT0009,2,Highly Recommended,Staff were friendly and helpful.,2025-09-01,Negative
REV001701,BOOK001744,CUST000079,HOT0036,4,Value for Money,Check-in process was smooth.,2025-03-26,Positive
REV001702,BOOK003432,CUST001330,HOT0197,5,Value for Money,Bathroom needs improvement.,2026-06-25,Positive
REV001703,BOOK001107,CUST002666,HOT0197,4,Value for Money,Food quality was excellent.,2025-01-11,Positive
REV001704,BOOK001656,CUST000892,HOT0017,4,Value for Money,Bathroom needs improvement.,2025-06-04,Positive
REV001705,BOOK000932,CUST004028,HOT0141,5,Average Experience,Will definitely visit again.,2025-11-29,Positive
REV001706,BOOK004319,CUST004482,HOT0248,2,Poor Service,Check-in process was smooth.,2025-06-28,Negative
REV001707,BOOK002565,CUST003687,HOT0120,4,Amazing Hospitality,Overall satisfied with the stay.,2026-05-15,Positive
REV001708,BOOK002086,CUST000410,HOT0185,4,Excellent Stay,Overall satisfied with the stay.,2024-12-03,Positive
REV001709,BOOK000998,CUST001481,HOT0039,2,Needs Improvement,Room was clean and comfortable.,2025-06-22,Negative
REV001710,BOOK001131,CUST002935,HOT0229,2,Poor Service,Bathroom needs improvement.,2025-01-06,Negative
REV001711,BOOK004585,CUST001190,HOT0029,5,Amazing Hospitality,Staff were friendly and helpful.,2025-11-30,Positive
REV001712,BOOK002984,CUST003770,HOT0035,2,Highly Recommended,Bathroom needs improvement.,2025-11-19,Negative
REV001713,BOOK000737,CUST002216,HOT0030,4,Excellent Stay,Room was clean and comfortable.,2026-06-18,Positive
REV001714,BOOK003083,CUST001828,HOT0009,3,Highly Recommended,Overall satisfied with the stay.,2024-10-04,Neutral
REV001715,BOOK003227,CUST003543,HOT0062,5,Highly Recommended,Food quality was excellent.,2025-06-26,Positive
REV001716,BOOK003546,CUST003415,HOT0125,1,Value for Money,Overall satisfied with the stay.,2025-10-24,Negative
REV001717,BOOK000593,CUST000473,HOT0171,2,Average Experience,Overall satisfied with the stay.,2025-12-28,Negative
REV001718,BOOK000564,CUST000604,HOT0178,3,Amazing Hospitality,Room was clean and comfortable.,2026-03-24,Neutral
REV001719,BOOK001610,CUST002740,HOT0113,3,Average Experience,Food quality was excellent.,2026-02-07,Neutral
REV001720,BOOK001013,CUST004948,HOT0243,2,Very Good,Staff were friendly and helpful.,2025-03-21,Negative
REV001721,BOOK000836,CUST002791,HOT0125,4,Needs Improvement,Great location and ambience.,2026-04-29,Positive
REV001722,BOOK002206,CUST004807,HOT0081,4,Amazing Hospitality,Bathroom needs improvement.,2026-09-18,Positive
REV001723,BOOK002997,CUST001516,HOT0198,5,Value for Money,Staff were friendly and helpful.,2025-03-11,Positive
REV001724,BOOK001234,CUST003744,HOT0168,4,Excellent Stay,Check-in process was smooth.,2024-10-02,Positive
REV001725,BOOK004634,CUST004819,HOT0237,2,Very Good,Bathroom needs improvement.,2026-04-26,Negative
REV001726,BOOK004509,CUST000057,HOT0115,2,Very Good,Overall satisfied with the stay.,2026-06-28,Negative
REV001727,BOOK004431,CUST003167,HOT0115,3,Amazing Hospitality,Will definitely visit again.,2025-05-25,Neutral
REV001728,BOOK003580,CUST004903,HOT0065,5,Poor Service,Overall satisfied with the stay.,2025-05-13,Positive
REV001729,BOOK003977,CUST002622,HOT0082,5,Value for Money,Check-in process was smooth.,2026-01-08,Positive
REV001730,BOOK001584,CUST002167,HOT0227,1,Excellent Stay,Room was clean and comfortable.,2025-10-30,Negative
REV001731,BOOK002365,CUST001373,HOT0169,2,Poor Service,Bathroom needs improvement.,2026-05-16,Negative
REV001732,BOOK001158,CUST000191,HOT0044,1,Very Good,Bathroom needs improvement.,2025-06-13,Negative
REV001733,BOOK001591,CUST004645,HOT0154,5,Very Good,Will definitely visit again.,2025-09-01,Positive
REV001734,BOOK001945,CUST001150,HOT0065,2,Average Experience,Bathroom needs improvement.,2025-09-17,Negative
REV001735,BOOK004367,CUST001901,HOT0070,3,Excellent Stay,Staff were friendly and helpful.,2025-01-01,Neutral
REV001736,BOOK004067,CUST001716,HOT0089,5,Amazing Hospitality,Bathroom needs improvement.,2026-05-05,Positive
REV001737,BOOK001231,CUST002535,HOT0038,3,Very Good,Room was clean and comfortable.,2024-11-26,Neutral
REV001738,BOOK003091,CUST002824,HOT0176,2,Needs Improvement,Great location and ambience.,2026-02-06,Negative
REV001739,BOOK000190,CUST003985,HOT0100,3,Very Good,Overall satisfied with the stay.,2025-08-19,Neutral
REV001740,BOOK000955,CUST003425,HOT0078,2,Very Good,Staff were friendly and helpful.,2024-09-06,Negative
REV001741,BOOK003210,CUST001230,HOT0104,4,Average Experience,Great location and ambience.,2025-07-02,Positive
REV001742,BOOK000260,CUST003722,HOT0093,3,Amazing Hospitality,Overall satisfied with the stay.,2025-03-29,Neutral
REV001743,BOOK003332,CUST004097,HOT0091,3,Highly Recommended,,2026-01-23,Neutral
REV001744,BOOK000936,CUST000987,HOT0129,3,Highly Recommended,Staff were friendly and helpful.,2026-07-11,Neutral
REV001745,BOOK001417,CUST004000,HOT0021,1,Excellent Stay,Overall satisfied with the stay.,2025-10-04,Negative
REV001746,BOOK000549,CUST000909,HOT0250,3,Amazing Hospitality,Staff were friendly and helpful.,2026-03-26,Neutral
REV001747,BOOK000095,CUST004778,HOT0206,1,Highly Recommended,Room was clean and comfortable.,2024-10-09,Negative
REV001748,BOOK004520,CUST000943,HOT0144,3,Very Good,Staff were friendly and helpful.,2024-09-14,Neutral
REV001749,BOOK000102,CUST004384,HOT0127,4,Average Experience,Staff were friendly and helpful.,2025-09-09,Positive
REV001750,BOOK004908,CUST002345,HOT0237,4,Value for Money,Food quality was excellent.,2025-08-21,Positive
REV001751,BOOK002897,CUST003317,HOT0079,2,Highly Recommended,Room was clean and comfortable.,2025-07-14,Negative
REV001752,BOOK000091,CUST004422,HOT0181,2,Highly Recommended,Bathroom needs improvement.,2025-05-27,Negative
REV001753,BOOK002424,CUST004491,HOT0081,4,Poor Service,Check-in process was smooth.,2026-02-05,Positive
REV001754,BOOK002604,CUST001538,HOT0239,5,Amazing Hospitality,Staff were friendly and helpful.,2025-09-02,Positive
REV001755,BOOK004780,CUST002560,HOT0101,4,Highly Recommended,Bathroom needs improvement.,2025-12-03,Positive
REV001756,BOOK003692,CUST000476,HOT0073,3,Needs Improvement,Will definitely visit again.,2025-10-22,Neutral
REV001757,BOOK000595,CUST002616,HOT0136,2,Needs Improvement,Room was clean and comfortable.,2024-10-02,Negative
REV001758,BOOK001402,CUST000305,HOT0177,2,Highly Recommended,Great location and ambience.,2024-08-29,Negative
REV001759,BOOK004760,CUST002685,HOT0019,1,Highly Recommended,Check-in process was smooth.,2026-05-08,Negative
REV001760,BOOK000334,CUST002934,HOT0199,1,Poor Service,Food quality was excellent.,2026-06-20,Negative
REV001761,BOOK004635,CUST004200,HOT0185,1,Excellent Stay,Staff were friendly and helpful.,2025-04-06,Negative
REV001762,BOOK003464,CUST003472,HOT0165,1,Needs Improvement,Staff were friendly and helpful.,2025-04-22,Negative
REV001763,BOOK002352,CUST001957,HOT0090,2,Poor Service,Check-in process was smooth.,2025-04-24,Negative
REV001764,BOOK000273,CUST001287,HOT0116,2,Highly Recommended,Food quality was excellent.,2025-05-26,Negative
REV001765,BOOK000202,CUST000804,HOT0248,3,Average Experience,Staff were friendly and helpful.,2025-06-25,Neutral
REV001766,BOOK001427,CUST000888,HOT0102,3,Needs Improvement,Check-in process was smooth.,2025-04-28,Neutral
REV001767,BOOK002032,CUST001684,HOT0186,1,Amazing Hospitality,Great location and ambience.,2025-10-29,Negative
REV001768,BOOK000151,CUST000425,HOT0225,5,Amazing Hospitality,Great location and ambience.,2024-11-29,Positive
REV001769,BOOK000002,CUST003468,HOT0008,4,Poor Service,Overall satisfied with the stay.,2026-05-29,Positive
REV001770,BOOK000056,CUST003864,HOT0117,4,Very Good,Check-in process was smooth.,2026-06-15,Positive
REV001771,BOOK000354,CUST001599,HOT0230,4,Amazing Hospitality,Room was clean and comfortable.,2024-08-29,Positive
REV001772,BOOK002791,CUST002255,HOT0250,1,Poor Service,Overall satisfied with the stay.,2026-03-04,Negative
REV001773,BOOK002827,CUST003689,HOT0081,4,Average Experience,Great location and ambience.,2024-10-14,Positive
REV001774,BOOK000154,CUST004239,HOT0042,4,Average Experience,Check-in process was smooth.,2024-12-02,Positive
REV001775,BOOK004639,CUST001942,HOT0109,1,Highly Recommended,Room was clean and comfortable.,2025-03-19,Negative
REV001776,BOOK002076,CUST003659,HOT0021,1,Poor Service,Food quality was excellent.,2025-05-22,Negative
REV001777,BOOK003220,CUST003173,HOT0025,5,Needs Improvement,Room was clean and comfortable.,2025-01-07,Positive
REV001778,BOOK000236,CUST001633,HOT0172,3,Highly Recommended,Bathroom needs improvement.,2025-10-15,Neutral
REV001779,BOOK002948,CUST002266,HOT0200,1,Poor Service,Food quality was excellent.,2026-03-28,Negative
REV001780,BOOK003131,CUST000410,HOT0098,5,Needs Improvement,Overall satisfied with the stay.,2025-09-30,Positive
REV001781,BOOK001502,CUST002930,HOT0115,2,Average Experience,Will definitely visit again.,2026-08-25,Negative
REV001782,BOOK004813,CUST000876,HOT0212,2,Amazing Hospitality,Will definitely visit again.,2025-10-28,Negative
REV001783,BOOK001828,CUST003953,HOT0168,2,Very Good,Food quality was excellent.,2025-08-09,Negative
REV001784,BOOK000569,CUST000487,HOT0114,2,Poor Service,Food quality was excellent.,2026-06-13,Negative
REV001785,BOOK004409,CUST003494,HOT0180,1,Poor Service,Check-in process was smooth.,2025-05-23,Negative
REV001786,BOOK000946,CUST004469,HOT0033,2,Needs Improvement,Will definitely visit again.,2025-01-09,Negative
REV001787,BOOK000266,CUST002935,HOT0028,4,Needs Improvement,Staff were friendly and helpful.,2025-07-26,Positive
REV001788,BOOK001581,CUST002328,HOT0054,2,Highly Recommended,Staff were friendly and helpful.,2026-02-01,Negative
REV001789,BOOK001887,CUST001626,HOT0155,3,Value for Money,Room was clean and comfortable.,2025-08-11,Neutral
REV001790,BOOK003450,CUST003568,HOT0250,5,Poor Service,Check-in process was smooth.,2025-08-29,Positive
REV001791,BOOK004287,CUST002931,HOT0169,1,Value for Money,Overall satisfied with the stay.,2025-11-18,Negative
REV001792,BOOK003529,CUST002850,HOT0193,2,Highly Recommended,Overall satisfied with the stay.,2025-01-27,Negative
REV001793,BOOK004653,CUST003949,HOT0213,3,Needs Improvement,Check-in process was smooth.,2025-11-29,Neutral
REV001794,BOOK002665,CUST000207,HOT0033,3,Very Good,Staff were friendly and helpful.,2026-08-16,Neutral
REV001795,BOOK004161,CUST002175,HOT0042,3,Excellent Stay,Food quality was excellent.,2024-12-10,Neutral
REV001796,BOOK000347,CUST002365,HOT0026,3,Amazing Hospitality,Check-in process was smooth.,2024-11-18,Neutral
REV001797,BOOK001882,CUST001317,HOT0014,1,Average Experience,Great location and ambience.,2026-08-03,Negative
REV001798,BOOK002348,CUST000884,HOT0179,2,Highly Recommended,Staff were friendly and helpful.,2026-06-12,Negative
REV001799,BOOK003148,CUST002013,HOT0009,5,Average Experience,Will definitely visit again.,2026-01-27,Positive
REV001800,BOOK000967,CUST003522,HOT0229,1,Average Experience,Will definitely visit again.,2025-02-22,Negative
REV001801,BOOK000830,CUST004009,HOT0157,1,Value for Money,Check-in process was smooth.,2026-04-07,Negative
REV001802,BOOK002426,CUST001883,HOT0112,3,Needs Improvement,Great location and ambience.,2025-04-19,Neutral
REV001803,BOOK004200,CUST002520,HOT0051,3,Poor Service,Room was clean and comfortable.,2025-11-05,Neutral
REV001804,BOOK004724,CUST004672,HOT0098,6,Very Good,Room was clean and comfortable.,2025-09-08,Positive
REV001805,BOOK003449,CUST001417,HOT0231,3,Poor Service,Will definitely visit again.,2025-07-27,Neutral
REV001806,BOOK001382,CUST003828,HOT0091,5,Excellent Stay,Room was clean and comfortable.,2025-03-14,Positive
REV001807,BOOK003207,CUST000042,HOT0109,4,Average Experience,Overall satisfied with the stay.,2025-11-09,Positive
REV001808,BOOK001324,CUST001767,HOT0136,5,Poor Service,Overall satisfied with the stay.,2025-11-25,Positive
REV001809,BOOK003349,CUST002775,HOT0026,1,Average Experience,Staff were friendly and helpful.,2025-12-25,Negative
REV001810,BOOK002842,CUST001748,HOT0110,4,Poor Service,Great location and ambience.,2026-03-30,Positive
REV001811,BOOK001938,CUST002374,HOT0012,4,Amazing Hospitality,Room was clean and comfortable.,2025-09-12,Positive
REV001812,BOOK004971,CUST003512,HOT0214,3,Value for Money,Room was clean and comfortable.,2025-10-09,Neutral
REV001813,BOOK003104,CUST003320,HOT0095,4,Value for Money,Bathroom needs improvement.,2025-01-05,Positive
REV001814,BOOK001163,CUST002212,HOT0147,1,Average Experience,Bathroom needs improvement.,2025-01-12,Negative
REV001815,BOOK004300,CUST004554,HOT0021,3,Needs Improvement,Room was clean and comfortable.,2025-10-07,Neutral
REV001816,BOOK002443,CUST002122,HOT0113,1,Poor Service,Check-in process was smooth.,2025-09-12,Negative
REV001817,BOOK002469,CUST002728,HOT0016,5,Poor Service,Room was clean and comfortable.,2026-02-10,Positive
REV001818,BOOK001327,CUST003585,HOT0023,1,Needs Improvement,Overall satisfied with the stay.,2025-01-10,Negative
REV001819,BOOK004098,CUST000394,HOT0159,1,Poor Service,Great location and ambience.,2026-08-23,Negative
REV001820,BOOK004868,CUST004505,HOT0244,2,Highly Recommended,Bathroom needs improvement.,2026-02-21,Negative
REV001821,BOOK000041,CUST003231,HOT0133,4,Needs Improvement,Room was clean and comfortable.,2025-11-08,Positive
REV001822,BOOK000919,CUST000822,HOT0105,3,Amazing Hospitality,Overall satisfied with the stay.,2024-10-20,Neutral
REV001823,BOOK003391,CUST004719,HOT0098,5,Very Good,Bathroom needs improvement.,2024-11-30,Positive
REV001824,BOOK004913,CUST002241,HOT0244,2,Average Experience,Will definitely visit again.,2026-07-29,Negative
REV001825,BOOK003555,CUST004801,HOT0091,5,Poor Service,Staff were friendly and helpful.,2025-09-24,Positive
REV001826,BOOK003491,CUST003379,HOT0168,1,Very Good,Bathroom needs improvement.,2026-05-18,Negative
REV001827,BOOK003764,CUST001551,HOT0006,5,Poor Service,Great location and ambience.,2025-07-02,Positive
REV001828,BOOK000396,CUST999999,HOT0178,5,Amazing Hospitality,Room was clean and comfortable.,2025-10-13,Positive
REV001829,BOOK004242,CUST002200,HOT0210,3,Average Experience,Great location and ambience.,2026-01-03,Neutral
REV001830,BOOK004551,CUST000265,HOT0198,2,Value for Money,Overall satisfied with the stay.,2025-03-17,Negative
REV001831,BOOK000978,CUST000206,HOT0220,5,Average Experience,Room was clean and comfortable.,2025-12-31,Positive
REV001832,BOOK001093,CUST001026,HOT0082,2,Value for Money,Bathroom needs improvement.,2026-01-11,Negative
REV001833,BOOK001049,CUST003591,HOT0166,1,Highly Recommended,Will definitely visit again.,2026-08-02,Negative
REV001834,BOOK004972,CUST001387,HOT0056,1,Amazing Hospitality,Bathroom needs improvement.,2026-07-02,Negative
REV001835,BOOK002917,CUST001215,HOT0134,4,Very Good,Check-in process was smooth.,2026-01-18,Positive
REV001836,BOOK000123,CUST000708,HOT0219,3,Highly Recommended,Will definitely visit again.,2025-03-18,Neutral
REV001837,BOOK001816,CUST004254,HOT0053,1,Excellent Stay,Great location and ambience.,2026-02-18,Negative
REV001838,BOOK000527,CUST004481,HOT0100,3,Average Experience,Staff were friendly and helpful.,2025-03-19,Neutral
REV001839,BOOK004298,CUST001588,HOT0052,4,Value for Money,,2025-06-04,Positive
REV001840,BOOK002467,CUST003232,HOT0197,2,Amazing Hospitality,Will definitely visit again.,2025-05-05,Negative
REV001841,BOOK003201,CUST004666,HOT0124,3,Needs Improvement,Bathroom needs improvement.,2025-09-19,Neutral
REV001842,BOOK002171,CUST002564,HOT0056,3,Average Experience,Staff were friendly and helpful.,2026-05-29,Neutral
REV001843,BOOK000268,CUST003078,HOT0221,5,Poor Service,Room was clean and comfortable.,2024-12-18,Positive
REV001844,BOOK001948,CUST003853,HOT0225,4,Poor Service,Room was clean and comfortable.,2025-08-28,Positive
REV001845,BOOK002692,CUST001981,HOT0006,5,Excellent Stay,Food quality was excellent.,2026-04-29,Positive
REV001846,BOOK004897,CUST000330,HOT0097,4,Excellent Stay,Room was clean and comfortable.,2025-10-28,Positive
REV001847,BOOK000497,CUST002288,HOT0143,3,Excellent Stay,Check-in process was smooth.,2025-12-07,Neutral
REV001848,BOOK002041,CUST003034,HOT0211,2,Highly Recommended,Check-in process was smooth.,2025-07-06,Negative
REV001849,BOOK000799,CUST000161,HOT0047,2,Poor Service,Food quality was excellent.,2025-04-13,Negative
REV001850,BOOK002536,CUST003417,HOT0055,1,Poor Service,Bathroom needs improvement.,2025-12-29,Negative
REV001851,BOOK004650,CUST004327,HOT0215,3,Excellent Stay,Staff were friendly and helpful.,2025-09-29,Neutral
REV001852,BOOK003489,CUST001988,HOT0026,4,Amazing Hospitality,Check-in process was smooth.,2024-12-03,Positive
REV001853,BOOK004690,CUST001717,HOT0188,1,Average Experience,Food quality was excellent.,2025-07-25,Negative
REV001854,BOOK004158,CUST004331,HOT0023,2,Average Experience,Great location and ambience.,2026-04-06,Negative
REV001855,BOOK003103,CUST002072,HOT0222,2,Poor Service,Will definitely visit again.,2025-09-14,Negative
REV001856,BOOK000718,CUST000817,HOT0067,3,Excellent Stay,Overall satisfied with the stay.,2025-12-14,Neutral
REV001857,BOOK003803,CUST003075,HOT0132,5,Excellent Stay,Will definitely visit again.,2025-10-17,Positive
REV001858,BOOK003063,CUST003371,HOT0106,1,Very Good,Check-in process was smooth.,2025-04-08,Negative
REV001859,BOOK001523,CUST003924,HOT0024,1,Poor Service,Staff were friendly and helpful.,2025-09-03,Negative
REV001860,BOOK001918,CUST003671,HOT0099,4,Excellent Stay,Overall satisfied with the stay.,2026-09-03,Positive
REV001861,BOOK002876,CUST004860,HOT0084,4,Poor Service,Great location and ambience.,2026-05-19,Positive
REV001862,BOOK002241,CUST002281,HOT0069,2,Average Experience,Room was clean and comfortable.,2025-10-30,Negative
REV001863,BOOK003421,CUST000705,HOT0089,1,Highly Recommended,Room was clean and comfortable.,2024-10-22,Negative
REV001864,BOOK002646,CUST002448,HOT0005,2,Value for Money,Check-in process was smooth.,2025-12-29,Negative
REV001865,BOOK004003,CUST000411,HOT0156,6,Highly Recommended,Room was clean and comfortable.,2025-03-24,Negative
REV001866,BOOK000642,CUST004903,HOT0143,5,Average Experience,Great location and ambience.,2024-11-08,Positive
REV001867,BOOK002672,CUST001001,HOT0248,1,Poor Service,Overall satisfied with the stay.,2025-10-15,Negative
REV001868,BOOK003603,CUST003131,HOT0206,4,Highly Recommended,Overall satisfied with the stay.,2026-05-16,Positive
REV001869,BOOK000682,CUST003449,HOT0231,2,Value for Money,Overall satisfied with the stay.,2024-09-16,Negative
REV001870,BOOK000409,CUST000490,HOT0034,4,Amazing Hospitality,Will definitely visit again.,2025-01-11,Positive
REV001871,BOOK004901,CUST001946,HOT0025,2,Excellent Stay,Staff were friendly and helpful.,2024-12-23,Negative
REV001872,BOOK001369,CUST003551,HOT0209,1,Excellent Stay,Food quality was excellent.,2025-11-11,Negative
REV001873,BOOK002094,CUST001556,HOT0040,4,Poor Service,,2025-07-23,Positive
REV001874,BOOK004115,CUST001321,HOT0005,4,Highly Recommended,Great location and ambience.,2026-08-19,Positive
REV001875,BOOK000020,CUST001068,HOT0196,2,Highly Recommended,Bathroom needs improvement.,2025-04-01,Negative
REV001876,BOOK003967,CUST004334,HOT0221,1,Needs Improvement,Staff were friendly and helpful.,2026-02-25,Negative
REV001877,BOOK001426,CUST001214,HOT0129,3,Excellent Stay,Bathroom needs improvement.,2026-04-05,Neutral
REV001878,BOOK004406,CUST002464,HOT0059,2,Average Experience,Staff were friendly and helpful.,2026-01-03,Negative
REV001879,BOOK001475,CUST002782,HOT0076,5,Highly Recommended,Staff were friendly and helpful.,2024-10-15,Positive
REV001880,BOOK003250,CUST000336,HOT0153,4,Needs Improvement,Will definitely visit again.,2026-01-08,Positive
REV001881,BOOK002996,CUST004865,HOT0233,4,Poor Service,Overall satisfied with the stay.,2025-06-02,Positive
REV001882,BOOK002527,CUST003124,HOT0158,4,Average Experience,Will definitely visit again.,2025-07-08,Positive
REV001883,BOOK004414,CUST001450,HOT0238,4,Very Good,Great location and ambience.,2025-09-03,Positive
REV001884,BOOK001613,CUST001238,HOT0076,3,Highly Recommended,Check-in process was smooth.,2026-01-11,Neutral
REV001885,BOOK004013,CUST001948,HOT0039,3,Amazing Hospitality,Will definitely visit again.,2024-11-09,Neutral
REV001886,BOOK000361,CUST001326,HOT0014,5,Amazing Hospitality,Food quality was excellent.,2025-07-27,Positive
REV001887,BOOK003425,CUST001836,HOT0246,3,Average Experience,Food quality was excellent.,2025-12-18,Neutral
REV001888,BOOK001225,CUST003209,HOT0078,4,Highly Recommended,Check-in process was smooth.,2025-08-11,Positive
REV001889,BOOK004614,CUST003578,HOT0022,2,Value for Money,Great location and ambience.,2025-06-02,Negative
REV001890,BOOK000904,CUST000450,HOT0238,5,Very Good,Check-in process was smooth.,2026-07-31,Positive
REV001891,BOOK004731,CUST003179,HOT0138,3,Amazing Hospitality,Overall satisfied with the stay.,2025-06-02,Neutral
REV001892,BOOK003607,CUST001633,HOT0193,5,Poor Service,Staff were friendly and helpful.,2026-03-29,Positive
REV001893,BOOK004920,CUST000294,HOT0144,5,Needs Improvement,Check-in process was smooth.,2024-09-09,Positive
REV001894,BOOK002986,CUST001829,HOT0224,2,Highly Recommended,Room was clean and comfortable.,2026-02-04,Negative
REV001895,BOOK001241,CUST002854,HOT0126,1,Value for Money,Staff were friendly and helpful.,2025-05-31,Negative
REV001896,BOOK001223,CUST002064,HOT0044,4,Amazing Hospitality,Bathroom needs improvement.,2024-11-28,Positive
REV001897,BOOK003111,CUST003207,HOT0070,1,Poor Service,Bathroom needs improvement.,2026-03-04,Negative
REV001898,BOOK001593,CUST001952,HOT0115,4,Value for Money,Great location and ambience.,2025-10-28,Positive
REV001899,BOOK000030,CUST001258,HOT0061,1,Very Good,Great location and ambience.,2025-03-15,Negative
REV001900,BOOK002486,CUST002691,HOT0249,2,Very Good,Staff were friendly and helpful.,2025-04-09,Negative
REV001901,BOOK000511,CUST001716,HOT0134,5,Average Experience,Bathroom needs improvement.,2025-09-29,Positive
REV001902,BOOK000702,CUST001570,HOT0077,2,Highly Recommended,Overall satisfied with the stay.,2026-05-16,Negative
REV001903,BOOK004768,CUST000997,HOT0157,3,Average Experience,Overall satisfied with the stay.,2026-01-27,Neutral
REV001904,BOOK004472,CUST003989,HOT0246,4,Excellent Stay,Bathroom needs improvement.,2025-08-24,Positive
REV001905,BOOK003431,CUST004921,HOT0089,1,Amazing Hospitality,Staff were friendly and helpful.,2025-10-31,Negative
REV001906,BOOK001998,CUST004971,HOT0133,4,Excellent Stay,Will definitely visit again.,2025-02-19,Positive
REV001907,BOOK004822,CUST001858,HOT0148,3,Excellent Stay,Room was clean and comfortable.,2025-07-30,Neutral
REV001908,BOOK004951,CUST001754,HOT0007,4,Highly Recommended,Great location and ambience.,2026-05-01,Positive
REV001909,BOOK002534,CUST000053,HOT0144,5,Needs Improvement,Great location and ambience.,2025-07-15,Positive
REV001910,BOOK000539,CUST000224,HOT0106,5,Needs Improvement,Food quality was excellent.,2025-07-07,Positive
REV001911,BOOK001232,CUST001917,HOT0010,3,Very Good,Overall satisfied with the stay.,2025-11-03,Neutral
REV001912,BOOK002687,CUST002857,HOT0244,1,Poor Service,Overall satisfied with the stay.,2024-12-09,Negative
REV001913,BOOK001618,CUST001475,HOT0095,1,Needs Improvement,Bathroom needs improvement.,2025-01-05,Negative
REV001914,BOOK003159,CUST000120,HOT0138,5,Average Experience,Check-in process was smooth.,2025-02-09,Positive
REV001915,BOOK002716,CUST002180,HOT0058,2,Needs Improvement,Overall satisfied with the stay.,2024-11-10,Negative
REV001916,BOOK003792,CUST002478,HOT0181,2,Poor Service,Great location and ambience.,2025-07-07,Negative
REV001917,BOOK004261,CUST001245,HOT0130,4,Very Good,Food quality was excellent.,2025-10-29,Positive
REV001918,BOOK004085,CUST004520,HOT0189,5,Highly Recommended,Check-in process was smooth.,2025-05-08,Positive
REV001919,BOOK001194,CUST002856,HOT0159,3,Poor Service,Staff were friendly and helpful.,2026-03-30,Neutral
REV001920,BOOK000282,CUST003445,HOT0118,5,Poor Service,Staff were friendly and helpful.,2025-03-30,Positive
REV001921,BOOK003440,CUST002480,HOT0113,5,Highly Recommended,Room was clean and comfortable.,2024-10-20,Positive
REV001922,BOOK002419,CUST004175,HOT0094,4,Needs Improvement,Great location and ambience.,2024-10-05,Positive
REV001923,BOOK004812,CUST003370,HOT0093,4,Excellent Stay,Overall satisfied with the stay.,2025-05-19,Positive
REV001924,BOOK001583,CUST001514,HOT0141,3,Needs Improvement,Overall satisfied with the stay.,2026-05-16,Neutral
REV001925,BOOK004911,CUST002112,HOT0187,3,Average Experience,Staff were friendly and helpful.,2025-04-21,Neutral
REV001926,BOOK001735,CUST003814,HOT0109,2,Highly Recommended,Overall satisfied with the stay.,2025-07-22,Negative
REV001927,BOOK002293,CUST000830,HOT0052,1,Amazing Hospitality,Bathroom needs improvement.,2025-04-05,Negative
REV001928,BOOK001314,CUST002494,HOT0120,1,Highly Recommended,Room was clean and comfortable.,2024-10-26,Negative
REV001929,BOOK003928,CUST004809,HOT0190,4,Amazing Hospitality,Great location and ambience.,2025-06-25,Positive
REV001930,BOOK004906,CUST000769,HOT0162,3,Poor Service,Check-in process was smooth.,2025-11-12,Neutral
REV001931,BOOK004324,CUST003197,HOT0095,4,Excellent Stay,Overall satisfied with the stay.,2026-03-13,Positive
REV001932,BOOK002980,CUST003173,HOT0046,2,Highly Recommended,Check-in process was smooth.,2025-07-26,Negative
REV001933,BOOK002226,CUST001765,HOT0016,1,Average Experience,Staff were friendly and helpful.,2025-06-18,Negative
REV001934,BOOK004608,CUST001011,HOT0244,5,Average Experience,Staff were friendly and helpful.,2024-12-19,Positive
REV001935,BOOK004781,CUST001666,HOT0220,5,Average Experience,Staff were friendly and helpful.,2026-07-21,Positive
REV001936,BOOK003920,CUST003656,HOT0016,3,Highly Recommended,Room was clean and comfortable.,2025-05-11,Neutral
REV001937,BOOK001485,CUST004193,HOT0171,2,Highly Recommended,Overall satisfied with the stay.,2024-09-05,Negative
REV001938,BOOK001952,CUST003603,HOT0100,1,Needs Improvement,Great location and ambience.,2024-09-20,Negative
REV001939,BOOK004269,CUST000976,HOT0090,4,Amazing Hospitality,Check-in process was smooth.,2024-12-22,Positive
REV001940,BOOK000725,CUST002552,HOT0189,5,Needs Improvement,Great location and ambience.,2024-12-17,Positive
REV001941,BOOK000925,CUST004833,HOT0055,1,Needs Improvement,Food quality was excellent.,2025-05-12,Negative
REV001942,BOOK002977,CUST002296,HOT0008,1,Excellent Stay,Check-in process was smooth.,2026-02-28,Negative
REV001943,BOOK004665,CUST000556,HOT0100,2,Amazing Hospitality,Bathroom needs improvement.,2026-03-02,Negative
REV001944,BOOK001395,CUST003984,HOT0081,2,Very Good,Overall satisfied with the stay.,2026-04-13,Negative
REV001945,BOOK003342,CUST000957,HOT0240,1,Amazing Hospitality,Food quality was excellent.,2025-02-19,Negative
REV001946,BOOK004792,CUST002206,HOT0145,3,Highly Recommended,Staff were friendly and helpful.,2025-11-11,Neutral
REV001947,BOOK000641,CUST003657,HOT0182,1,Highly Recommended,Will definitely visit again.,2024-09-29,Negative
REV001948,BOOK000902,CUST002104,HOT0057,3,Excellent Stay,Food quality was excellent.,2025-08-22,Neutral
REV001949,BOOK000026,CUST004956,HOT0219,1,Very Good,Overall satisfied with the stay.,2024-08-21,Negative
REV001950,BOOK001359,CUST002833,HOT0163,3,Amazing Hospitality,Food quality was excellent.,2025-04-04,Neutral
REV001951,BOOK002956,CUST004733,HOT0099,4,Excellent Stay,Check-in process was smooth.,2025-08-28,Positive
REV001952,BOOK000438,CUST004086,HOT0040,5,Highly Recommended,Bathroom needs improvement.,2024-09-09,Positive
REV001953,BOOK003149,CUST001713,HOT0113,3,Highly Recommended,Bathroom needs improvement.,2024-09-10,Neutral
REV001954,BOOK002740,CUST001195,HOT0210,2,Average Experience,Overall satisfied with the stay.,2025-04-08,Negative
REV001955,BOOK002893,CUST001975,HOT0069,2,Excellent Stay,Will definitely visit again.,2026-06-12,Negative
REV001956,BOOK004699,CUST003343,HOT0143,3,Value for Money,Room was clean and comfortable.,2025-05-18,Neutral
REV001957,BOOK003160,CUST003262,HOT0112,1,Amazing Hospitality,Check-in process was smooth.,2025-01-03,Negative
REV001958,BOOK003093,CUST003341,HOT0184,2,Value for Money,Staff were friendly and helpful.,2026-06-08,Negative
REV001959,BOOK002396,CUST001119,HOT0202,5,Excellent Stay,Overall satisfied with the stay.,2024-11-25,Positive
REV001960,BOOK003490,CUST001247,HOT0163,1,Excellent Stay,Food quality was excellent.,2026-05-07,Negative
REV001961,BOOK001813,CUST002288,HOT0085,5,Excellent Stay,Room was clean and comfortable.,2025-12-29,Positive
REV001962,BOOK003754,CUST001664,HOT0094,2,Average Experience,Overall satisfied with the stay.,2025-02-09,Negative
REV001963,BOOK003963,CUST004797,HOT0014,3,Highly Recommended,Room was clean and comfortable.,2026-09-19,Neutral
REV001964,BOOK000039,CUST999999,HOT0230,2,Amazing Hospitality,Room was clean and comfortable.,2024-11-18,Negative
REV001965,BOOK001740,CUST001743,HOT0153,1,Average Experience,Overall satisfied with the stay.,2025-07-04,Negative
REV001966,BOOK001650,CUST002145,HOT0058,2,Value for Money,Food quality was excellent.,2025-11-03,Negative
REV001967,BOOK000244,CUST004714,HOT0037,5,Very Good,Staff were friendly and helpful.,2025-04-06,Positive
REV001968,BOOK001072,CUST000555,HOT0082,5,Very Good,Food quality was excellent.,2025-02-05,Positive
REV001969,BOOK004756,CUST004037,HOT0019,4,Highly Recommended,Check-in process was smooth.,2024-12-14,Positive
REV001970,BOOK002111,CUST000108,HOT0103,3,Needs Improvement,Room was clean and comfortable.,2025-02-16,Neutral
REV001971,BOOK002623,CUST003073,HOT0113,2,Amazing Hospitality,Great location and ambience.,2025-07-07,Negative
REV001972,BOOK003515,CUST000157,HOT0097,3,Amazing Hospitality,Food quality was excellent.,2026-04-26,Neutral
REV001973,BOOK003494,CUST002421,HOT0183,4,Very Good,Overall satisfied with the stay.,2026-08-17,Positive
REV001974,BOOK003677,CUST004729,HOT0141,1,Value for Money,Staff were friendly and helpful.,2026-04-07,Negative
REV001975,BOOK003793,CUST000184,HOT0147,2,Needs Improvement,Staff were friendly and helpful.,2024-09-27,Negative
REV001976,BOOK001386,CUST000819,HOT0106,2,Amazing Hospitality,Room was clean and comfortable.,2025-05-08,Negative
REV001977,BOOK004849,CUST004013,HOT0173,5,Highly Recommended,Will definitely visit again.,2025-02-18,Positive
REV001978,BOOK004410,CUST002917,HOT0006,2,Amazing Hospitality,Will definitely visit again.,2026-02-06,Negative
REV001979,BOOK003780,CUST001463,HOT0030,1,Average Experience,Overall satisfied with the stay.,2024-08-29,Negative
REV001980,BOOK003401,CUST003731,HOT0196,5,Needs Improvement,Will definitely visit again.,2025-12-26,Positive
REV001981,BOOK003574,CUST003153,HOT0062,3,Highly Recommended,Check-in process was smooth.,2024-10-17,Neutral
REV001982,BOOK001905,CUST003287,HOT0027,1,Needs Improvement,Check-in process was smooth.,2026-04-26,Negative
REV001983,BOOK003403,CUST000230,HOT0217,2,Amazing Hospitality,Room was clean and comfortable.,2025-11-01,Negative
REV001984,BOOK003860,CUST001712,HOT0099,2,Amazing Hospitality,Check-in process was smooth.,2026-08-25,Negative
REV001985,BOOK001064,CUST000834,HOT0032,5,Very Good,Food quality was excellent.,2026-02-10,Positive
REV001986,BOOK003996,CUST004046,HOT0163,1,Excellent Stay,Bathroom needs improvement.,2024-12-22,Negative
REV001987,BOOK001149,CUST002028,HOT0197,5,Highly Recommended,Great location and ambience.,2025-11-26,Positive
REV001988,BOOK004623,CUST004031,HOT0170,4,Value for Money,Check-in process was smooth.,2026-01-16,Positive
REV001989,BOOK000001,CUST004122,HOT0011,1,Poor Service,Staff were friendly and helpful.,2025-08-16,Negative
REV001990,BOOK002134,CUST003138,HOT0214,3,Value for Money,Overall satisfied with the stay.,2025-05-12,Neutral
REV001991,BOOK001585,CUST003551,HOT0173,5,Average Experience,Staff were friendly and helpful.,2026-08-23,Positive
REV001992,BOOK004045,CUST002167,HOT0244,1,Value for Money,Overall satisfied with the stay.,2025-04-15,Negative
REV001993,BOOK003359,CUST002877,HOT0024,3,Poor Service,Great location and ambience.,2025-03-05,Neutral
REV001994,BOOK001487,CUST004081,HOT0198,2,Very Good,Will definitely visit again.,2026-01-30,Negative
REV001995,BOOK004097,CUST000324,HOT0081,1,Amazing Hospitality,Check-in process was smooth.,2025-10-11,Negative
REV001996,BOOK004579,CUST000604,HOT0238,4,Value for Money,Overall satisfied with the stay.,2024-11-07,Positive
REV001997,BOOK000312,CUST004791,HOT0212,5,Highly Recommended,Check-in process was smooth.,2025-11-16,Positive
REV001998,BOOK003865,CUST004362,HOT0164,5,Value for Money,Will definitely visit again.,2025-05-31,Positive
REV001999,BOOK002279,CUST003202,HOT0124,3,Average Experience,Bathroom needs improvement.,2026-05-09,Neutral
REV002000,BOOK000559,CUST002600,HOT0212,5,Amazing Hospitality,Bathroom needs improvement.,2025-06-05,Positive
REV002001,BOOK003004,CUST001892,HOT0214,2,Value for Money,Overall satisfied with the stay.,2026-02-12,Negative
REV002002,BOOK004771,CUST004271,HOT0031,1,Excellent Stay,Check-in process was smooth.,2025-04-17,Negative
REV002003,BOOK001912,CUST000590,HOT0107,1,Value for Money,Staff were friendly and helpful.,2025-10-05,Negative
REV002004,BOOK001975,CUST002122,HOT0222,1,Value for Money,Great location and ambience.,2026-09-17,Negative
REV002005,BOOK002455,CUST001148,HOT0019,5,Very Good,Check-in process was smooth.,2024-10-09,Positive
REV002006,BOOK002004,CUST003181,HOT0050,5,Amazing Hospitality,Overall satisfied with the stay.,2024-09-23,Positive
REV002007,BOOK003323,CUST004075,HOT0239,1,Very Good,Bathroom needs improvement.,2025-01-20,Negative
REV002008,BOOK002678,CUST002884,HOT0104,4,Amazing Hospitality,Staff were friendly and helpful.,2024-12-04,Positive
REV002009,BOOK003655,CUST000350,HOT0129,1,Amazing Hospitality,Staff were friendly and helpful.,2026-07-08,Negative
REV002010,BOOK003382,CUST001105,HOT0056,4,Highly Recommended,Staff were friendly and helpful.,2024-12-30,Positive
REV002011,BOOK002163,CUST002642,HOT0089,5,Poor Service,Bathroom needs improvement.,2025-03-24,Positive
REV002012,BOOK001961,CUST001571,HOT0125,2,Very Good,Staff were friendly and helpful.,2026-03-10,Negative
REV002013,BOOK002112,CUST000999,HOT0204,1,Very Good,Room was clean and comfortable.,2025-08-10,Negative
REV002014,BOOK004092,CUST001451,HOT0037,1,Excellent Stay,Overall satisfied with the stay.,2025-03-03,Negative
REV002015,BOOK001317,CUST004365,HOT0044,6,Very Good,Staff were friendly and helpful.,2025-03-13,Negative
REV002016,BOOK000332,CUST000166,HOT0052,1,Poor Service,Will definitely visit again.,2024-10-23,Negative
REV002017,BOOK001616,CUST002712,HOT0083,4,Average Experience,Great location and ambience.,2026-02-21,Positive
REV002018,BOOK000407,CUST002567,HOT0008,3,Very Good,Overall satisfied with the stay.,2026-04-09,Neutral
REV002019,BOOK004214,CUST004048,HOT0128,1,Needs Improvement,Check-in process was smooth.,2025-07-16,Negative
REV002020,BOOK002513,CUST002405,HOT0234,3,Value for Money,Room was clean and comfortable.,2026-05-15,Neutral
REV002021,BOOK003811,CUST003361,HOT0094,3,Excellent Stay,Staff were friendly and helpful.,2026-04-10,Neutral
REV002022,BOOK002729,CUST002089,HOT0137,5,Very Good,Bathroom needs improvement.,2025-05-04,Positive
REV002023,BOOK004541,CUST004702,HOT0169,2,Highly Recommended,Overall satisfied with the stay.,2025-02-24,Negative
REV002024,BOOK003536,CUST000609,HOT0205,5,Average Experience,Staff were friendly and helpful.,2024-12-22,Positive
REV002025,BOOK000856,CUST000277,HOT0129,1,Excellent Stay,Will definitely visit again.,2026-05-03,Negative
REV002026,BOOK004469,CUST000199,HOT0058,3,Highly Recommended,Great location and ambience.,2025-05-07,Neutral
REV002027,BOOK001675,CUST002183,HOT0114,5,Highly Recommended,Overall satisfied with the stay.,2025-10-31,Positive
REV002028,BOOK001399,CUST002035,HOT0029,5,Very Good,Overall satisfied with the stay.,2026-05-12,Positive
REV002029,BOOK001742,CUST000740,HOT0171,5,Poor Service,Food quality was excellent.,2025-07-16,Positive
REV002030,BOOK001390,CUST001303,HOT0060,4,Average Experience,Check-in process was smooth.,2025-04-18,Positive
REV002031,BOOK000073,CUST004887,HOT0216,4,Excellent Stay,Room was clean and comfortable.,2025-01-10,Positive
REV002032,BOOK001608,CUST000014,HOT0138,5,Poor Service,Room was clean and comfortable.,2025-05-22,Positive
REV002033,BOOK000331,CUST000980,HOT0024,5,Needs Improvement,Great location and ambience.,2024-09-17,Positive
REV002034,BOOK000666,CUST002015,HOT0203,5,Amazing Hospitality,Staff were friendly and helpful.,2025-11-06,Positive
REV002035,BOOK000411,CUST002090,HOT0180,1,Amazing Hospitality,Great location and ambience.,2026-08-29,Negative
REV002036,BOOK001720,CUST002622,HOT0157,5,Value for Money,Staff were friendly and helpful.,2025-08-04,Positive
REV002037,BOOK000224,CUST004780,HOT0214,4,Needs Improvement,Will definitely visit again.,2025-12-08,Positive
REV002038,BOOK004707,CUST002983,HOT0079,4,Highly Recommended,Bathroom needs improvement.,2025-09-11,Positive
REV002039,BOOK003036,CUST002406,HOT0209,2,Value for Money,Will definitely visit again.,2025-08-11,Negative
REV002040,BOOK003566,CUST004376,HOT0111,4,Needs Improvement,Food quality was excellent.,2025-03-17,Positive
REV002041,BOOK003428,CUST004312,HOT0085,5,Poor Service,Staff were friendly and helpful.,2026-02-09,Positive
REV002042,BOOK001486,CUST003844,HOT0098,4,Very Good,Check-in process was smooth.,2026-01-14,Positive
REV002043,BOOK003512,CUST003626,HOT0077,1,Amazing Hospitality,Check-in process was smooth.,2025-08-31,Negative
REV002044,BOOK000974,CUST003052,HOT0180,2,Needs Improvement,Check-in process was smooth.,2025-06-21,Negative
REV002045,BOOK004923,CUST001427,HOT0164,3,Needs Improvement,Check-in process was smooth.,2026-07-18,Neutral
REV002046,BOOK001778,CUST001453,HOT0218,5,Poor Service,Will definitely visit again.,2026-08-14,Positive
REV002047,BOOK002627,CUST001564,HOT0107,2,Amazing Hospitality,Great location and ambience.,2025-03-08,Negative
REV002048,BOOK001517,CUST004731,HOT0096,1,Amazing Hospitality,Overall satisfied with the stay.,2025-01-13,Negative
REV002049,BOOK002683,CUST002310,HOT0057,1,Average Experience,Bathroom needs improvement.,2024-10-26,Negative
REV002050,BOOK004231,CUST002496,HOT0193,3,Average Experience,Staff were friendly and helpful.,2026-05-20,Neutral
REV002051,BOOK003040,CUST000653,HOT0159,4,Value for Money,Staff were friendly and helpful.,2026-03-03,Positive
REV002052,BOOK003657,CUST002973,HOT0190,2,Excellent Stay,Will definitely visit again.,2025-04-19,Negative
REV002053,BOOK000503,CUST002884,HOT0111,5,Needs Improvement,Great location and ambience.,2025-12-22,Positive
REV002054,BOOK004065,CUST000448,HOT0028,1,Excellent Stay,Overall satisfied with the stay.,2026-07-27,Negative
REV002055,BOOK001258,CUST004481,HOT0166,5,Needs Improvement,Room was clean and comfortable.,2025-06-03,Positive
REV002056,BOOK002445,CUST004939,HOT0125,5,Excellent Stay,Great location and ambience.,2026-10-08,Positive
REV002057,BOOK004147,CUST001171,HOT0061,1,Average Experience,Food quality was excellent.,2026-09-02,Negative
REV002058,BOOK003390,CUST002167,HOT0125,3,Needs Improvement,Check-in process was smooth.,2026-07-27,Neutral
REV002059,BOOK004421,CUST004692,HOT0097,4,Highly Recommended,Food quality was excellent.,2024-11-14,Positive
REV002060,BOOK001056,CUST001083,HOT0081,1,Very Good,Will definitely visit again.,2024-12-17,Negative
REV002061,BOOK000846,CUST004483,HOT0149,4,Excellent Stay,Room was clean and comfortable.,2025-02-14,Positive
REV002062,BOOK002122,CUST000650,HOT0173,3,Needs Improvement,Check-in process was smooth.,2026-06-23,Neutral
REV002063,BOOK001135,CUST004034,HOT0162,1,Very Good,Room was clean and comfortable.,2025-09-06,Negative
REV002064,BOOK002175,CUST001203,HOT0059,4,Poor Service,Check-in process was smooth.,2024-09-02,Positive
REV002065,BOOK003451,CUST003844,HOT0195,2,Amazing Hospitality,Food quality was excellent.,2025-10-20,Negative
REV002066,BOOK003467,CUST001001,HOT0095,4,Very Good,Room was clean and comfortable.,2025-10-20,Positive
REV002067,BOOK002875,CUST000605,HOT0026,4,Value for Money,Overall satisfied with the stay.,2024-11-15,Positive
REV002068,BOOK001483,CUST003791,HOT0151,1,Highly Recommended,Room was clean and comfortable.,2025-05-20,Negative
REV002069,BOOK003882,CUST000913,HOT0107,3,Highly Recommended,Staff were friendly and helpful.,2025-11-15,Neutral
REV002070,BOOK003916,CUST000831,HOT0119,1,Poor Service,Will definitely visit again.,2026-05-12,Negative
REV002071,BOOK000036,CUST001033,HOT0138,3,Poor Service,Overall satisfied with the stay.,2026-08-19,Neutral
REV002072,BOOK001105,CUST004463,HOT0085,4,Needs Improvement,Overall satisfied with the stay.,2025-05-15,Positive
REV002073,BOOK003177,CUST003372,HOT0017,5,Amazing Hospitality,Check-in process was smooth.,2025-07-15,Positive
REV002074,BOOK001764,CUST001614,HOT0087,1,Value for Money,Staff were friendly and helpful.,2026-01-29,Negative
REV002075,BOOK003068,CUST003498,HOT0038,3,Highly Recommended,Room was clean and comfortable.,2025-12-05,Neutral
REV002076,BOOK004917,CUST003255,HOT0230,4,Excellent Stay,Great location and ambience.,2026-06-02,Positive
REV002077,BOOK003633,CUST001883,HOT0025,2,Poor Service,Will definitely visit again.,2026-06-07,Negative
REV002078,BOOK004604,CUST001113,HOT0020,2,Average Experience,Great location and ambience.,2024-10-27,Negative
REV002079,BOOK001926,CUST004487,HOT0039,3,Needs Improvement,Room was clean and comfortable.,2025-11-19,Neutral
REV002080,BOOK003622,CUST000597,HOT0040,1,Excellent Stay,Room was clean and comfortable.,2025-02-20,Negative
REV002081,BOOK004251,CUST003844,HOT0016,3,Value for Money,Bathroom needs improvement.,2024-10-09,Neutral
REV002082,BOOK002712,CUST003723,HOT0118,5,Needs Improvement,Great location and ambience.,2026-04-20,Positive
REV002083,BOOK002560,CUST003739,HOT0130,1,Average Experience,Bathroom needs improvement.,2025-03-03,Negative
REV002084,BOOK001537,CUST000562,HOT0104,3,Very Good,Will definitely visit again.,2026-02-20,Neutral
REV002085,BOOK003991,CUST004774,HOT0027,5,Value for Money,Bathroom needs improvement.,2026-05-07,Positive
REV002086,BOOK004470,CUST001306,HOT0196,3,Very Good,Overall satisfied with the stay.,2025-10-05,Neutral
REV002087,BOOK004039,CUST000762,HOT0005,1,Very Good,Check-in process was smooth.,2024-12-16,Negative
REV002088,BOOK003756,CUST004335,HOT0036,5,Excellent Stay,Food quality was excellent.,2024-09-30,Positive
REV002089,BOOK003586,CUST003234,HOT0230,2,Amazing Hospitality,Will definitely visit again.,2026-07-02,Negative
REV002090,BOOK001625,CUST000560,HOT0073,5,Amazing Hospitality,Check-in process was smooth.,2025-01-01,Positive
REV002091,BOOK002939,CUST002737,HOT0116,5,Needs Improvement,Overall satisfied with the stay.,2025-12-20,Positive
REV002092,BOOK000780,CUST003868,HOT0066,4,Poor Service,Room was clean and comfortable.,2026-08-11,Positive
REV002093,BOOK004328,CUST003404,HOT0234,1,Average Experience,Overall satisfied with the stay.,2025-01-01,Negative
REV002094,BOOK003230,CUST004416,HOT0105,2,Amazing Hospitality,Room was clean and comfortable.,2024-12-13,Negative
REV002095,BOOK004791,CUST004902,HOT0048,3,Poor Service,Check-in process was smooth.,2025-09-13,Neutral
REV002096,BOOK000602,CUST001169,HOT0239,1,Excellent Stay,Room was clean and comfortable.,2026-02-11,Negative
REV002097,BOOK002431,CUST001740,HOT0081,3,Excellent Stay,Food quality was excellent.,2025-02-22,Neutral
REV002098,BOOK003883,CUST004564,HOT0176,3,Average Experience,Food quality was excellent.,2025-07-07,Neutral
REV002099,BOOK001856,CUST002257,HOT0173,4,Average Experience,Overall satisfied with the stay.,2025-11-09,Positive
REV002100,BOOK001548,CUST003714,HOT0041,2,Excellent Stay,Great location and ambience.,2025-03-23,Negative
REV002101,BOOK001695,CUST000770,HOT0083,3,Poor Service,Room was clean and comfortable.,2025-02-18,Neutral
REV002102,BOOK001132,CUST003319,HOT0191,4,Value for Money,Bathroom needs improvement.,2025-05-16,Positive
REV002103,BOOK000574,CUST000060,HOT0145,2,Value for Money,Staff were friendly and helpful.,2026-04-29,Negative
REV002104,BOOK004077,CUST000429,HOT0245,1,Poor Service,Food quality was excellent.,2026-09-04,Negative
REV002105,BOOK002944,CUST003551,HOT0141,1,Needs Improvement,Will definitely visit again.,2025-08-22,Negative
REV002106,BOOK001915,CUST004711,HOT0104,1,Average Experience,Overall satisfied with the stay.,2026-07-18,Negative
REV002107,BOOK003222,CUST004756,HOT0021,4,Average Experience,Check-in process was smooth.,2026-02-08,Positive
REV002108,BOOK001698,CUST002346,HOT0045,4,Excellent Stay,Will definitely visit again.,2024-12-07,Positive
REV002109,BOOK000137,CUST000475,HOT0005,1,Excellent Stay,Great location and ambience.,2026-06-27,Negative
REV002110,BOOK004333,CUST003675,HOT0043,5,Value for Money,Will definitely visit again.,2024-08-27,Positive
REV002111,BOOK004521,CUST002948,HOT0184,5,Poor Service,Room was clean and comfortable.,2025-10-14,Positive
REV002112,BOOK000839,CUST004398,HOT0149,2,Excellent Stay,Bathroom needs improvement.,2026-07-16,Negative
REV002113,BOOK001890,CUST001028,HOT0013,4,Average Experience,Great location and ambience.,2025-09-05,Positive
REV002114,BOOK003065,CUST002643,HOT0186,1,Highly Recommended,Great location and ambience.,2024-09-12,Negative
REV002115,BOOK002418,CUST002877,HOT0001,3,Poor Service,Room was clean and comfortable.,2025-11-25,Neutral
REV002116,BOOK001054,CUST002250,HOT0016,4,Average Experience,Bathroom needs improvement.,2025-04-14,Positive
REV002117,BOOK000999,CUST002323,HOT0009,1,Value for Money,Will definitely visit again.,2026-01-22,Negative
REV002118,BOOK004037,CUST004721,HOT0095,5,Excellent Stay,Bathroom needs improvement.,2024-10-29,Positive
REV002119,BOOK001760,CUST004896,HOT0026,2,Excellent Stay,Bathroom needs improvement.,2024-12-05,Negative
REV002120,BOOK000280,CUST002373,HOT0150,3,Highly Recommended,Room was clean and comfortable.,2025-06-03,Neutral
REV002121,BOOK003735,CUST004668,HOT0144,1,Poor Service,Room was clean and comfortable.,2025-10-12,Negative
REV002122,BOOK002913,CUST002167,HOT0099,4,Poor Service,Check-in process was smooth.,2026-03-11,Positive
REV002123,BOOK004468,CUST002621,HOT0110,3,Poor Service,Overall satisfied with the stay.,2026-07-04,Neutral
REV002124,BOOK001371,CUST000565,HOT0208,1,Amazing Hospitality,Staff were friendly and helpful.,2025-04-29,Negative
REV002125,BOOK002442,CUST000879,HOT0077,2,Amazing Hospitality,Overall satisfied with the stay.,2026-06-22,Negative
REV002126,BOOK001501,CUST002786,HOT0244,1,Highly Recommended,Room was clean and comfortable.,2025-04-18,Negative
REV002127,BOOK003140,CUST000158,HOT0052,1,Excellent Stay,Will definitely visit again.,2025-11-20,Negative
REV002128,BOOK003272,CUST000523,HOT0170,5,Average Experience,Food quality was excellent.,2026-09-01,Positive
REV002129,BOOK003755,CUST001213,HOT0237,5,Poor Service,Staff were friendly and helpful.,2024-12-14,Positive
REV002130,BOOK000452,CUST000102,HOT0055,2,Needs Improvement,Room was clean and comfortable.,2026-02-14,Negative
REV002131,BOOK001255,CUST004284,HOT0095,2,Value for Money,Staff were friendly and helpful.,2024-12-06,Negative
REV002132,BOOK001391,CUST000447,HOT0244,3,Poor Service,Check-in process was smooth.,2026-05-15,Neutral
REV002133,BOOK000958,CUST004719,HOT0221,5,Amazing Hospitality,Room was clean and comfortable.,2026-06-10,Positive
REV002134,BOOK000466,CUST004700,HOT0068,3,Highly Recommended,Bathroom needs improvement.,2024-10-02,Neutral
REV002135,BOOK002210,CUST000781,HOT0183,4,Value for Money,Great location and ambience.,2025-05-21,Positive
REV002136,BOOK004991,CUST004302,HOT0072,3,Very Good,Check-in process was smooth.,2026-01-19,Neutral
REV002137,BOOK001842,CUST002812,HOT0078,4,Value for Money,Room was clean and comfortable.,2025-07-04,Positive
REV002138,BOOK003634,CUST000908,HOT0132,1,Needs Improvement,Staff were friendly and helpful.,2025-04-30,Negative
REV002139,BOOK002752,CUST004627,HOT0195,1,Needs Improvement,Room was clean and comfortable.,2025-01-27,Negative
REV002140,BOOK004573,CUST999999,HOT0055,1,Excellent Stay,Great location and ambience.,2025-09-02,Negative
REV002141,BOOK000156,CUST000626,HOT0153,1,Value for Money,Staff were friendly and helpful.,2024-09-14,Negative
REV002142,BOOK003590,CUST001186,HOT0114,3,Highly Recommended,Check-in process was smooth.,2025-10-04,Neutral
REV002143,BOOK004557,CUST003311,HOT0207,3,Average Experience,Room was clean and comfortable.,2025-03-14,Neutral
REV002144,BOOK001466,CUST002567,HOT0193,1,Poor Service,Staff were friendly and helpful.,2025-03-13,Negative
REV002145,BOOK001191,CUST004901,HOT0039,2,Highly Recommended,Bathroom needs improvement.,2026-03-19,Negative
REV002146,BOOK001196,CUST002169,HOT0168,5,Highly Recommended,Room was clean and comfortable.,2026-04-11,Positive
REV002147,BOOK000496,CUST001981,HOT0057,4,Average Experience,Will definitely visit again.,2024-11-16,Positive
REV002148,BOOK001866,CUST002836,HOT0002,4,Amazing Hospitality,Room was clean and comfortable.,2026-02-28,Positive
REV002149,BOOK002522,CUST000323,HOT0081,3,Highly Recommended,Great location and ambience.,2026-01-09,Neutral
REV002150,BOOK002368,CUST004589,HOT0232,2,Very Good,Will definitely visit again.,2026-05-03,Negative
REV002151,BOOK004855,CUST002242,HOT0004,4,Needs Improvement,Check-in process was smooth.,2025-08-21,Positive
REV002152,BOOK003937,CUST003308,HOT0184,3,Excellent Stay,Will definitely visit again.,2026-05-14,Neutral
REV002153,BOOK001519,CUST004231,HOT0127,3,Poor Service,Overall satisfied with the stay.,2025-07-05,Neutral
REV002154,BOOK000709,CUST003542,HOT0210,2,Average Experience,Overall satisfied with the stay.,2025-12-30,Negative
REV002155,BOOK004247,CUST003457,HOT0089,3,Poor Service,Bathroom needs improvement.,2025-05-22,Neutral
REV002156,BOOK000359,CUST002978,HOT0189,5,Amazing Hospitality,Food quality was excellent.,2026-08-28,Positive
REV002157,BOOK001079,CUST000079,HOT0214,4,Very Good,Check-in process was smooth.,2026-01-07,Positive
REV002158,BOOK001759,CUST004811,HOT0238,3,Amazing Hospitality,Great location and ambience.,2024-08-18,Neutral
REV002159,BOOK003666,CUST001480,HOT0095,2,Excellent Stay,Will definitely visit again.,2025-10-24,Negative
REV002160,BOOK000432,CUST002610,HOT0217,2,Average Experience,Great location and ambience.,2025-03-31,Negative
REV002161,BOOK003974,CUST001948,HOT0207,1,Value for Money,Room was clean and comfortable.,2025-05-17,Negative
REV002162,BOOK002659,CUST001898,HOT0249,5,Poor Service,Bathroom needs improvement.,2026-08-15,Positive
REV002163,BOOK002763,CUST000154,HOT0111,2,Highly Recommended,Bathroom needs improvement.,2025-08-17,Negative
REV002164,BOOK001291,CUST002440,HOT0022,3,Needs Improvement,Bathroom needs improvement.,2025-06-14,Neutral
REV002165,BOOK004618,CUST000499,HOT0220,1,Average Experience,Will definitely visit again.,2026-06-11,Negative
REV002166,BOOK000894,CUST000380,HOT0183,2,Highly Recommended,Check-in process was smooth.,2024-12-28,Negative
REV002167,BOOK002826,CUST003083,HOT0211,2,Poor Service,Bathroom needs improvement.,2025-11-30,Negative
REV002168,BOOK001994,CUST000346,HOT0202,2,Highly Recommended,Staff were friendly and helpful.,2024-10-24,Negative
REV002169,BOOK001624,CUST001478,HOT0163,4,Average Experience,Bathroom needs improvement.,2025-08-25,Positive
REV002170,BOOK000648,CUST000712,HOT0184,4,Excellent Stay,Bathroom needs improvement.,2025-09-14,Positive
REV002171,BOOK000746,CUST003421,HOT0213,5,Highly Recommended,Bathroom needs improvement.,2025-12-27,Positive
REV002172,BOOK002765,CUST001047,HOT0195,4,Amazing Hospitality,Overall satisfied with the stay.,2024-11-19,Positive
REV002173,BOOK002075,CUST003119,HOT0158,3,Value for Money,Check-in process was smooth.,2026-02-08,Neutral
REV002174,BOOK001350,CUST000609,HOT0006,4,Poor Service,Overall satisfied with the stay.,2025-02-20,Positive
REV002175,BOOK000003,CUST004938,HOT0007,5,Excellent Stay,Overall satisfied with the stay.,2025-05-12,Positive
REV002176,BOOK003338,CUST004242,HOT0104,4,Value for Money,Great location and ambience.,2025-11-27,Positive
REV002177,BOOK004100,CUST000382,HOT0157,4,Excellent Stay,Great location and ambience.,2026-06-07,Positive
REV002178,BOOK003402,CUST002853,HOT0196,4,Very Good,Bathroom needs improvement.,2025-09-29,Positive
REV002179,BOOK001230,CUST003349,HOT0130,2,Very Good,Food quality was excellent.,2026-01-29,Negative
REV002180,BOOK004477,CUST002884,HOT0202,3,Average Experience,Food quality was excellent.,2024-09-13,Neutral
REV002181,BOOK004963,CUST003553,HOT0193,3,Poor Service,Will definitely visit again.,2025-10-24,Neutral
REV002182,BOOK002843,CUST004475,HOT0018,4,Value for Money,Great location and ambience.,2026-03-08,Positive
REV002183,BOOK000759,CUST000168,HOT0080,2,Highly Recommended,Check-in process was smooth.,2025-07-19,Negative
REV002184,BOOK003283,CUST002077,HOT0149,5,Needs Improvement,Staff were friendly and helpful.,2025-11-26,Positive
REV002185,BOOK002184,CUST004642,HOT0075,5,Poor Service,Food quality was excellent.,2024-09-09,Positive
REV002186,BOOK003351,CUST000594,HOT0131,2,Excellent Stay,Great location and ambience.,2026-06-10,Negative
REV002187,BOOK004881,CUST002671,HOT0139,4,Average Experience,Staff were friendly and helpful.,2024-12-30,Positive
REV002188,BOOK001046,CUST001449,HOT0166,1,Poor Service,Great location and ambience.,2025-05-20,Negative
REV002189,BOOK001117,CUST002371,HOT0167,2,Value for Money,Room was clean and comfortable.,2024-09-05,Negative
REV002190,BOOK000901,CUST004183,HOT0109,1,Poor Service,Room was clean and comfortable.,2024-12-16,Negative
REV002191,BOOK004752,CUST000897,HOT0106,1,Average Experience,Food quality was excellent.,2025-06-04,Negative
REV002192,BOOK003517,CUST004112,HOT0121,5,Amazing Hospitality,Food quality was excellent.,2026-08-04,Positive
REV002193,BOOK002224,CUST000144,HOT0059,1,Value for Money,Great location and ambience.,2026-05-02,Negative
REV002194,BOOK004820,CUST000329,HOT0068,5,Value for Money,Great location and ambience.,2025-08-29,Positive
REV002195,BOOK004898,CUST001427,HOT0129,4,Very Good,Food quality was excellent.,2026-07-29,Positive
REV002196,BOOK001505,CUST999999,HOT0084,4,Highly Recommended,Food quality was excellent.,2026-02-12,Positive
REV002197,BOOK003675,CUST001452,HOT0039,1,Needs Improvement,Check-in process was smooth.,2025-06-02,Negative
REV002198,BOOK003398,CUST000301,HOT0187,4,Needs Improvement,Great location and ambience.,2026-03-14,Positive
REV002199,BOOK003396,CUST004658,HOT0143,1,Highly Recommended,Check-in process was smooth.,2026-08-10,Negative
REV002200,BOOK001430,CUST001570,HOT0032,3,Very Good,Food quality was excellent.,2025-11-25,Neutral
REV002201,BOOK000456,CUST000529,HOT0050,1,Average Experience,Overall satisfied with the stay.,2025-09-16,Negative
REV002202,BOOK000418,CUST000267,HOT0216,3,Value for Money,Room was clean and comfortable.,2025-05-31,Neutral
REV002203,BOOK001747,CUST000960,HOT0105,1,Average Experience,Great location and ambience.,2024-12-12,Negative
REV002204,BOOK004315,CUST003918,HOT0016,2,Poor Service,Overall satisfied with the stay.,2025-07-08,Negative
REV002205,BOOK002988,CUST000101,HOT0088,1,Very Good,Bathroom needs improvement.,2025-11-16,Negative
REV002206,BOOK004382,CUST004070,HOT0085,4,Value for Money,Great location and ambience.,2026-01-22,Positive
REV002207,BOOK000630,CUST001685,HOT0070,4,Very Good,Staff were friendly and helpful.,2026-07-22,Positive
REV002208,BOOK001216,CUST001862,HOT0010,2,Value for Money,Bathroom needs improvement.,2026-09-06,Negative
REV002209,BOOK001886,CUST001510,HOT0023,1,Very Good,Check-in process was smooth.,2025-06-12,Negative
REV002210,BOOK004206,CUST000252,HOT0228,1,Amazing Hospitality,Food quality was excellent.,2025-04-03,Negative
REV002211,BOOK001510,CUST002259,HOT0245,2,Needs Improvement,Staff were friendly and helpful.,2026-04-14,Negative
REV002212,BOOK000451,CUST004218,HOT0192,5,Value for Money,Bathroom needs improvement.,2025-01-24,Positive
REV002213,BOOK000182,CUST003161,HOT0011,5,Value for Money,Overall satisfied with the stay.,2025-01-19,Positive
REV002214,BOOK000517,CUST003844,HOT0095,4,Excellent Stay,Great location and ambience.,2024-09-11,Positive
REV002215,BOOK003787,CUST002475,HOT0163,2,Poor Service,Overall satisfied with the stay.,2025-01-24,Negative
REV002216,BOOK001534,CUST003849,HOT0206,1,Highly Recommended,Bathroom needs improvement.,2025-10-25,Negative
REV002217,BOOK003181,CUST002119,HOT0060,1,Very Good,Staff were friendly and helpful.,2024-11-01,Negative
REV002218,BOOK001947,CUST002878,HOT0172,4,Amazing Hospitality,Room was clean and comfortable.,2025-08-29,Positive
REV002219,BOOK004440,CUST000027,HOT0128,4,Poor Service,Great location and ambience.,2026-05-31,Positive
REV002220,BOOK001461,CUST000339,HOT0212,2,Value for Money,Check-in process was smooth.,2026-05-10,Negative
REV002221,BOOK001485,CUST004193,HOT0171,2,Needs Improvement,Food quality was excellent.,2024-09-07,Negative
REV002222,BOOK001280,CUST004272,HOT0097,1,Very Good,Overall satisfied with the stay.,2026-02-12,Negative
REV002223,BOOK002247,CUST002521,HOT0156,1,Poor Service,Staff were friendly and helpful.,2025-08-13,Negative
REV002224,BOOK001766,CUST001427,HOT0033,3,Highly Recommended,Staff were friendly and helpful.,2025-01-08,Neutral
REV002225,BOOK000394,CUST000641,HOT0234,4,Average Experience,Great location and ambience.,2026-03-03,Positive
REV002226,BOOK004165,CUST003067,HOT0187,2,Needs Improvement,Overall satisfied with the stay.,2024-08-29,Negative
REV002227,BOOK004335,CUST000906,HOT0042,2,Value for Money,Check-in process was smooth.,2024-09-23,Negative
REV002228,BOOK000544,CUST002053,HOT0186,3,Poor Service,Food quality was excellent.,2025-09-14,Neutral
REV002229,BOOK001004,CUST002858,HOT0094,5,Needs Improvement,Great location and ambience.,2025-01-11,Positive
REV002230,BOOK001647,CUST001633,HOT0204,1,Value for Money,Staff were friendly and helpful.,2025-10-04,Negative
REV002231,BOOK003729,CUST002290,HOT0236,2,Very Good,Bathroom needs improvement.,2026-03-01,Negative
REV002232,BOOK000862,CUST004938,HOT0099,4,Value for Money,Great location and ambience.,2026-07-02,Positive
REV002233,BOOK002395,CUST001313,HOT0026,2,Value for Money,Will definitely visit again.,2026-01-11,Negative
REV002234,BOOK000391,CUST002327,HOT0063,3,Amazing Hospitality,Check-in process was smooth.,2025-03-10,Neutral
REV002235,BOOK001875,CUST001725,HOT0203,2,Amazing Hospitality,Check-in process was smooth.,2025-05-14,Negative
REV002236,BOOK003985,CUST000404,HOT0020,2,Value for Money,Staff were friendly and helpful.,2026-07-28,Negative
REV002237,BOOK000226,CUST002677,HOT0047,4,Value for Money,Will definitely visit again.,2025-12-09,Positive
REV002238,BOOK003417,CUST004478,HOT0130,3,Excellent Stay,Room was clean and comfortable.,2025-07-05,Neutral
REV002239,BOOK003573,CUST004607,HOT0031,5,Poor Service,Check-in process was smooth.,2025-06-15,Positive
REV002240,BOOK004427,CUST002075,HOT0089,4,Amazing Hospitality,Great location and ambience.,2024-12-01,Positive
REV002241,BOOK001821,CUST004105,HOT0113,4,Highly Recommended,Food quality was excellent.,2025-09-07,Positive
REV002242,BOOK003611,CUST002792,HOT0186,5,Amazing Hospitality,Staff were friendly and helpful.,2024-11-17,Positive
REV002243,BOOK003718,CUST002913,HOT0107,2,Excellent Stay,Overall satisfied with the stay.,2024-10-16,Negative
REV002244,BOOK002031,CUST004781,HOT0110,1,Highly Recommended,Bathroom needs improvement.,2025-06-02,Negative
REV002245,BOOK003746,CUST000747,HOT0169,2,Highly Recommended,Will definitely visit again.,2025-07-27,Negative
REV002246,BOOK004613,CUST002506,HOT0184,5,Amazing Hospitality,,2026-06-27,Positive
REV002247,BOOK003385,CUST000504,HOT0145,2,Value for Money,Overall satisfied with the stay.,2026-04-06,Negative
REV002248,BOOK001632,CUST003839,HOT0022,1,Average Experience,Will definitely visit again.,2025-01-17,Negative
REV002249,BOOK002848,CUST000499,HOT0115,3,Very Good,Overall satisfied with the stay.,2026-09-20,Neutral
REV002250,BOOK002262,CUST000743,HOT0163,1,Very Good,Food quality was excellent.,2026-06-05,Negative
REV002251,BOOK004489,CUST000324,HOT0228,4,Average Experience,Check-in process was smooth.,2026-03-18,Positive
REV002252,BOOK004072,CUST001583,HOT0198,6,Poor Service,Food quality was excellent.,2025-06-12,Negative
REV002253,BOOK001364,CUST002948,HOT0224,1,Amazing Hospitality,Staff were friendly and helpful.,2026-04-05,Negative
REV002254,BOOK003314,CUST004223,HOT0144,2,Excellent Stay,Room was clean and comfortable.,2025-07-20,Negative
REV002255,BOOK001498,CUST004923,HOT0227,3,Amazing Hospitality,Check-in process was smooth.,2025-03-05,Neutral
REV002256,BOOK003979,CUST000868,HOT0179,4,Amazing Hospitality,Great location and ambience.,2026-02-09,Positive
REV002257,BOOK002182,CUST004840,HOT0017,1,Excellent Stay,Staff were friendly and helpful.,2026-03-30,Negative
REV002258,BOOK001906,CUST002748,HOT0184,5,Needs Improvement,Room was clean and comfortable.,2025-12-19,Positive
REV002259,BOOK004307,CUST002276,HOT0060,4,Amazing Hospitality,Food quality was excellent.,2026-01-30,Positive
REV002260,BOOK003407,CUST002194,HOT0087,1,Very Good,Check-in process was smooth.,2026-05-07,Negative
REV002261,BOOK002282,CUST003959,HOT0094,5,Amazing Hospitality,Bathroom needs improvement.,2024-12-30,Positive
REV002262,BOOK001691,CUST003714,HOT0139,5,Very Good,Overall satisfied with the stay.,2026-03-23,Positive
REV002263,BOOK003203,CUST002097,HOT0235,2,Amazing Hospitality,Room was clean and comfortable.,2025-12-01,Negative
REV002264,BOOK001462,CUST004571,HOT0041,5,Needs Improvement,Room was clean and comfortable.,2025-01-13,Positive
REV002265,BOOK004846,CUST001030,HOT0031,3,Poor Service,Room was clean and comfortable.,2025-03-30,Neutral
REV002266,BOOK003333,CUST000319,HOT0198,5,Needs Improvement,Staff were friendly and helpful.,2026-02-12,Positive
REV002267,BOOK002693,CUST000861,HOT0074,2,Value for Money,Overall satisfied with the stay.,2026-05-10,Negative
REV002268,BOOK000192,CUST000485,HOT0234,3,Average Experience,Overall satisfied with the stay.,2025-08-21,Neutral
REV002269,BOOK000284,CUST004232,HOT0094,5,Poor Service,Check-in process was smooth.,2025-10-21,Positive
REV002270,BOOK000922,CUST002415,HOT0214,5,Value for Money,Overall satisfied with the stay.,2025-06-07,Positive
REV002271,BOOK000956,CUST004531,HOT0029,5,Needs Improvement,Overall satisfied with the stay.,2026-07-09,Positive
REV002272,BOOK004117,CUST003353,HOT0197,1,Needs Improvement,Overall satisfied with the stay.,2025-10-16,Negative
REV002273,BOOK002278,CUST003577,HOT0054,4,Average Experience,Bathroom needs improvement.,2025-06-02,Positive
REV002274,BOOK000687,CUST000322,HOT0250,5,Highly Recommended,Bathroom needs improvement.,2025-02-17,Positive
REV002275,BOOK003235,CUST003130,HOT0161,4,Needs Improvement,Staff were friendly and helpful.,2025-05-05,Positive
REV002276,BOOK002611,CUST000474,HOT0018,2,Value for Money,Bathroom needs improvement.,2026-06-04,Negative
REV002277,BOOK002444,CUST003593,HOT0210,2,Average Experience,Food quality was excellent.,2025-08-01,Negative
REV002278,BOOK002589,CUST003981,HOT0155,2,Needs Improvement,Room was clean and comfortable.,2026-08-18,Negative
REV002279,BOOK001003,CUST003990,HOT0207,5,Poor Service,Food quality was excellent.,2025-04-09,Positive
REV002280,BOOK003500,CUST001521,HOT0032,5,Highly Recommended,Great location and ambience.,2025-03-15,Positive
REV002281,BOOK000514,CUST002290,HOT0108,4,Poor Service,Great location and ambience.,2025-02-02,Positive
REV002282,BOOK002449,CUST002328,HOT0200,1,Amazing Hospitality,Staff were friendly and helpful.,2024-09-29,Negative
REV002283,BOOK001000,CUST004187,HOT0155,3,Excellent Stay,Staff were friendly and helpful.,2024-10-03,Neutral
REV002284,BOOK001504,CUST003961,HOT0016,4,Excellent Stay,Bathroom needs improvement.,2025-10-20,Positive
REV002285,BOOK004144,CUST000137,HOT0078,3,Poor Service,Room was clean and comfortable.,2026-03-14,Neutral
REV002286,BOOK000377,CUST004935,HOT0142,1,Highly Recommended,Bathroom needs improvement.,2026-03-09,Negative
REV002287,BOOK004804,CUST004083,HOT0151,3,Excellent Stay,Bathroom needs improvement.,2025-02-27,Neutral
REV002288,BOOK004012,CUST001606,HOT0173,4,Excellent Stay,Great location and ambience.,2026-06-05,Positive
REV002289,BOOK003522,CUST000805,HOT0166,1,Excellent Stay,Food quality was excellent.,2026-02-16,Negative
REV002290,BOOK001960,CUST002452,HOT0129,3,Very Good,Check-in process was smooth.,2026-01-29,Neutral
REV002291,BOOK000459,CUST003498,HOT0124,1,Very Good,Food quality was excellent.,2025-05-06,Negative
REV002292,BOOK004729,CUST004502,HOT0012,4,Excellent Stay,Overall satisfied with the stay.,2025-01-05,Positive
REV002293,BOOK003648,CUST002928,HOT0106,5,Highly Recommended,Overall satisfied with the stay.,2026-02-14,Positive
REV002294,BOOK002314,CUST004685,HOT0145,1,Highly Recommended,Great location and ambience.,2026-03-22,Negative
REV002295,BOOK002089,CUST000058,HOT0082,4,Very Good,Food quality was excellent.,2026-02-17,Positive
REV002296,BOOK000959,CUST001289,HOT0112,3,Value for Money,Overall satisfied with the stay.,2026-06-13,Neutral
REV002297,BOOK002155,CUST002349,HOT0139,5,Value for Money,Overall satisfied with the stay.,2026-04-25,Positive
REV002298,BOOK004663,CUST001146,HOT0240,3,Value for Money,Food quality was excellent.,2024-12-07,Neutral
REV002299,BOOK002882,CUST002108,HOT0113,4,Poor Service,Bathroom needs improvement.,2024-10-28,Positive
REV002300,BOOK003411,CUST001673,HOT0249,5,Amazing Hospitality,Great location and ambience.,2024-10-13,Positive
REV002301,BOOK002205,CUST004855,HOT0119,4,Poor Service,Bathroom needs improvement.,2024-11-15,Positive
REV002302,BOOK000975,CUST002671,HOT0049,4,Excellent Stay,Will definitely visit again.,2024-10-19,Positive
REV002303,BOOK001688,CUST001793,HOT0192,2,Poor Service,Overall satisfied with the stay.,2025-12-23,Negative
REV002304,BOOK001377,CUST002974,HOT0178,3,Value for Money,Room was clean and comfortable.,2026-03-03,Neutral
REV002305,BOOK000404,CUST002244,HOT0074,3,Amazing Hospitality,Food quality was excellent.,2024-11-21,Neutral
REV002306,BOOK004326,CUST001513,HOT0157,1,Poor Service,Bathroom needs improvement.,2026-05-11,Negative
REV002307,BOOK003363,CUST004495,HOT0063,1,Value for Money,Will definitely visit again.,2025-04-14,Negative
REV002308,BOOK004133,CUST003576,HOT0238,4,Value for Money,Bathroom needs improvement.,2026-09-13,Positive
REV002309,BOOK002461,CUST001833,HOT0216,5,Value for Money,Room was clean and comfortable.,2025-07-15,Positive
REV002310,BOOK001732,CUST001715,HOT0207,5,Highly Recommended,Will definitely visit again.,2026-06-20,Positive
REV002311,BOOK002769,CUST001062,HOT0141,2,Value for Money,Overall satisfied with the stay.,2025-07-13,Negative
REV002312,BOOK000419,CUST004474,HOT0147,3,Needs Improvement,Staff were friendly and helpful.,2026-08-22,Neutral
REV002313,BOOK001779,CUST000186,HOT0146,2,Poor Service,Great location and ambience.,2025-03-21,Negative
REV002314,BOOK001007,CUST000182,HOT0127,3,Amazing Hospitality,Bathroom needs improvement.,2025-01-19,Neutral
REV002315,BOOK003327,CUST001394,HOT0108,2,Value for Money,Check-in process was smooth.,2026-05-31,Negative
REV002316,BOOK004095,CUST004223,HOT0227,3,Value for Money,Overall satisfied with the stay.,2025-05-17,Neutral
REV002317,BOOK004006,CUST004709,HOT0094,5,Poor Service,Will definitely visit again.,2024-09-16,Positive
REV002318,BOOK002193,CUST001091,HOT0077,2,Needs Improvement,Food quality was excellent.,2026-04-05,Negative
REV002319,BOOK003191,CUST004636,HOT0057,1,Highly Recommended,Will definitely visit again.,2026-01-08,Negative
REV002320,BOOK001413,CUST004324,HOT0164,5,Value for Money,Room was clean and comfortable.,2026-03-17,Positive
REV002321,BOOK002829,CUST002152,HOT0241,4,Highly Recommended,Bathroom needs improvement.,2025-07-25,Positive
REV002322,BOOK001685,CUST001668,HOT0055,1,Needs Improvement,Room was clean and comfortable.,2026-03-21,Negative
REV002323,BOOK002568,CUST003934,HOT0035,5,Needs Improvement,Staff were friendly and helpful.,2026-05-13,Positive
REV002324,BOOK000088,CUST000519,HOT0022,4,Excellent Stay,Staff were friendly and helpful.,2024-09-22,Positive
REV002325,BOOK004175,CUST003135,HOT0068,2,Very Good,Room was clean and comfortable.,2025-02-06,Negative
REV002326,BOOK001067,CUST003926,HOT0044,2,Poor Service,Overall satisfied with the stay.,2024-12-03,Negative
REV002327,BOOK003112,CUST001508,HOT0130,1,Highly Recommended,Staff were friendly and helpful.,2025-04-15,Negative
REV002328,BOOK001134,CUST004636,HOT0018,5,Excellent Stay,Bathroom needs improvement.,2025-08-17,Positive
REV002329,BOOK004379,CUST002722,HOT0022,4,Value for Money,Room was clean and comfortable.,2024-11-26,Positive
REV002330,BOOK001923,CUST004071,HOT0037,3,Excellent Stay,Great location and ambience.,2025-06-02,Neutral
REV002331,BOOK001791,CUST001079,HOT0243,2,Excellent Stay,Overall satisfied with the stay.,2025-05-21,Negative
REV002332,BOOK004180,CUST003686,HOT0068,3,Value for Money,Bathroom needs improvement.,2025-09-09,Neutral
REV002333,BOOK002362,CUST003973,HOT0089,2,Excellent Stay,Check-in process was smooth.,2025-05-05,Negative
REV002334,BOOK003855,CUST003377,HOT0223,1,Value for Money,Overall satisfied with the stay.,2026-01-28,Negative
REV002335,BOOK004743,CUST003191,HOT0016,4,Excellent Stay,Staff were friendly and helpful.,2026-03-18,Positive
REV002336,BOOK004535,CUST000683,HOT0144,2,Average Experience,Check-in process was smooth.,2025-01-12,Negative
REV002337,BOOK002000,CUST004330,HOT0088,3,Excellent Stay,Staff were friendly and helpful.,2026-04-13,Neutral
REV002338,BOOK000579,CUST000497,HOT0181,3,Poor Service,Food quality was excellent.,2026-05-17,Neutral
REV002339,BOOK004936,CUST002526,HOT0129,3,Highly Recommended,Food quality was excellent.,2025-10-12,Neutral
REV002340,BOOK002929,CUST004514,HOT0180,1,Value for Money,Check-in process was smooth.,2025-07-28,Negative
REV002341,BOOK002044,CUST002497,HOT0231,4,Average Experience,Staff were friendly and helpful.,2026-02-25,Positive
REV002342,BOOK001090,CUST004971,HOT0098,5,Excellent Stay,Room was clean and comfortable.,2026-03-01,Positive
REV002343,BOOK002793,CUST004048,HOT0001,4,Poor Service,Food quality was excellent.,2026-07-25,Positive
REV002344,BOOK004305,CUST000011,HOT0202,1,Needs Improvement,Overall satisfied with the stay.,2025-05-02,Negative
REV002345,BOOK001491,CUST003137,HOT0079,3,Needs Improvement,Staff were friendly and helpful.,2024-09-07,Neutral
REV002346,BOOK000126,CUST000696,HOT0132,1,Needs Improvement,Bathroom needs improvement.,2025-07-28,Negative
REV002347,BOOK000840,CUST003013,HOT0169,3,Amazing Hospitality,Bathroom needs improvement.,2024-11-26,Neutral
REV002348,BOOK001052,CUST000808,HOT0185,1,Excellent Stay,Check-in process was smooth.,2024-11-09,Negative
REV002349,BOOK002886,CUST000006,HOT0249,2,Value for Money,Bathroom needs improvement.,2025-03-20,Negative
REV002350,BOOK001211,CUST000839,HOT0199,2,Very Good,Staff were friendly and helpful.,2025-10-02,Negative
REV002351,BOOK001768,CUST002351,HOT0008,4,Average Experience,Bathroom needs improvement.,2026-03-28,Positive
REV002352,BOOK002548,CUST000647,HOT0007,5,Very Good,Great location and ambience.,2025-11-23,Positive
REV002353,BOOK003802,CUST002603,HOT0094,1,Amazing Hospitality,Room was clean and comfortable.,2025-07-30,Negative
REV002354,BOOK003866,CUST000152,HOT0145,5,Value for Money,Check-in process was smooth.,2025-10-01,Positive
REV002355,BOOK001328,CUST004985,HOT0073,1,Amazing Hospitality,Will definitely visit again.,2025-03-04,Negative
REV002356,BOOK002104,CUST004664,HOT0225,4,Excellent Stay,Staff were friendly and helpful.,2026-04-21,Positive
REV002357,BOOK002652,CUST002941,HOT0215,4,Highly Recommended,Staff were friendly and helpful.,2025-07-04,Positive
REV002358,BOOK001576,CUST003441,HOT0237,4,Excellent Stay,Overall satisfied with the stay.,2025-04-29,Positive
REV002359,BOOK004830,CUST001018,HOT0200,4,Value for Money,Food quality was excellent.,2024-11-26,Positive
REV002360,BOOK003293,CUST003082,HOT0148,2,Excellent Stay,Check-in process was smooth.,2026-07-21,Negative
REV002361,BOOK000701,CUST002717,HOT0193,4,Very Good,Bathroom needs improvement.,2025-11-22,Positive
REV002362,BOOK003804,CUST003113,HOT0248,3,Excellent Stay,Food quality was excellent.,2025-08-23,Neutral
REV002363,BOOK003712,CUST000034,HOT0229,4,Average Experience,Room was clean and comfortable.,2026-01-31,Positive
REV002364,BOOK003038,CUST002012,HOT0207,5,Value for Money,Bathroom needs improvement.,2025-12-26,Positive
REV002365,BOOK003371,CUST003297,HOT0124,3,Value for Money,Staff were friendly and helpful.,2025-07-28,Neutral
REV002366,BOOK000069,CUST000338,HOT0107,1,Average Experience,Food quality was excellent.,2025-09-16,Negative
REV002367,BOOK003127,CUST004885,HOT0237,2,Needs Improvement,Overall satisfied with the stay.,2025-11-05,Negative
REV002368,BOOK002495,CUST000677,HOT0205,5,Value for Money,Check-in process was smooth.,2025-12-28,Positive
REV002369,BOOK002394,CUST004780,HOT0124,1,Highly Recommended,Food quality was excellent.,2025-03-26,Negative
REV002370,BOOK001209,CUST002849,HOT0248,2,Highly Recommended,Bathroom needs improvement.,2024-09-04,Negative
REV002371,BOOK003470,CUST000537,HOT0064,3,Average Experience,Room was clean and comfortable.,2026-07-17,Neutral
REV002372,BOOK004973,CUST001494,HOT0083,1,Poor Service,Great location and ambience.,2026-06-23,Negative
REV002373,BOOK004353,CUST001316,HOT0047,1,Average Experience,Room was clean and comfortable.,2025-01-12,Negative
REV002374,BOOK002439,CUST002004,HOT0057,1,Value for Money,Room was clean and comfortable.,2026-05-03,Negative
REV002375,BOOK002794,CUST003008,HOT0093,3,Value for Money,Food quality was excellent.,2025-03-23,Neutral
REV002376,BOOK002754,CUST004424,HOT0196,1,Highly Recommended,Bathroom needs improvement.,2026-05-31,Negative
REV002377,BOOK003739,CUST004864,HOT0001,2,Amazing Hospitality,Bathroom needs improvement.,2026-06-15,Negative
REV002378,BOOK000532,CUST003303,HOT0016,1,Poor Service,Overall satisfied with the stay.,2025-01-01,Negative
REV002379,BOOK004316,CUST001622,HOT0234,2,Average Experience,Staff were friendly and helpful.,2026-01-29,Negative
REV002380,BOOK001700,CUST001017,HOT0112,4,Excellent Stay,Food quality was excellent.,2025-12-13,Positive
REV002381,BOOK003532,CUST000691,HOT0051,4,Poor Service,Room was clean and comfortable.,2025-08-11,Positive
REV002382,BOOK000461,CUST002410,HOT0125,3,Very Good,Bathroom needs improvement.,2024-12-18,Neutral
REV002383,BOOK003280,CUST003749,HOT0239,4,Excellent Stay,Bathroom needs improvement.,2026-02-03,Positive
REV002384,BOOK003056,CUST003895,HOT0079,5,Needs Improvement,Staff were friendly and helpful.,2025-01-06,Positive
REV002385,BOOK004993,CUST001405,HOT0028,3,Needs Improvement,Food quality was excellent.,2025-04-01,Neutral
REV002386,BOOK001662,CUST002453,HOT0238,1,Amazing Hospitality,Room was clean and comfortable.,2025-12-31,Negative
REV002387,BOOK004705,CUST003933,HOT0145,2,Poor Service,Room was clean and comfortable.,2025-08-06,Negative
REV002388,BOOK002566,CUST000526,HOT0122,2,Needs Improvement,Staff were friendly and helpful.,2026-03-18,Negative
REV002389,BOOK004048,CUST001624,HOT0194,1,Average Experience,Staff were friendly and helpful.,2025-11-09,Negative
REV002390,BOOK002351,CUST000460,HOT0223,5,Highly Recommended,Food quality was excellent.,2025-09-17,Positive
REV002391,BOOK004275,CUST002509,HOT0170,2,Excellent Stay,Staff were friendly and helpful.,2025-06-19,Negative
REV002392,BOOK001429,CUST000374,HOT0210,3,Very Good,Great location and ambience.,2026-01-29,Neutral
REV002393,BOOK003960,CUST004352,HOT0200,3,Poor Service,Bathroom needs improvement.,2024-11-16,Neutral
REV002394,BOOK001075,CUST004781,HOT0160,5,Value for Money,Staff were friendly and helpful.,2025-12-04,Positive
REV002395,BOOK001400,CUST000414,HOT0131,1,Amazing Hospitality,Food quality was excellent.,2026-04-26,Negative
REV002396,BOOK000368,CUST003549,HOT0020,4,Poor Service,Room was clean and comfortable.,2026-04-16,Positive
REV002397,BOOK003292,CUST003374,HOT0012,1,Poor Service,Overall satisfied with the stay.,2026-01-08,Negative
REV002398,BOOK002903,CUST001849,HOT0246,5,Highly Recommended,Bathroom needs improvement.,2025-10-01,Positive
REV002399,BOOK003805,CUST000771,HOT0233,5,Value for Money,Food quality was excellent.,2026-04-05,Positive
REV002400,BOOK003806,CUST004784,HOT0004,5,Poor Service,Overall satisfied with the stay.,2025-03-09,Positive
REV002401,BOOK004363,CUST001107,HOT0081,2,Very Good,Great location and ambience.,2025-12-15,Negative
REV002402,BOOK003767,CUST001568,HOT0163,2,Excellent Stay,Check-in process was smooth.,2025-12-26,Negative
REV002403,BOOK003897,CUST004325,HOT0092,3,Value for Money,Room was clean and comfortable.,2025-02-06,Neutral
REV002404,BOOK003817,CUST999999,HOT0019,4,Highly Recommended,Food quality was excellent.,2024-11-03,Positive
REV002405,BOOK003926,CUST004794,HOT0022,3,Poor Service,Great location and ambience.,2025-07-10,Neutral
REV002406,BOOK004985,CUST003462,HOT0037,4,Needs Improvement,Room was clean and comfortable.,2024-11-05,Positive
REV002407,BOOK000984,CUST001867,HOT0001,1,Very Good,Food quality was excellent.,2025-02-11,Negative
REV002408,BOOK000886,CUST003920,HOT0186,5,Amazing Hospitality,Will definitely visit again.,2026-01-18,Positive
REV002409,BOOK002690,CUST001669,HOT0183,2,Highly Recommended,Overall satisfied with the stay.,2025-01-20,Negative
REV002410,BOOK001279,CUST000508,HOT0182,1,Amazing Hospitality,Great location and ambience.,2025-06-14,Negative
REV002411,BOOK001992,CUST000449,HOT0163,1,Average Experience,Check-in process was smooth.,2026-07-04,Negative
REV002412,BOOK002830,CUST000009,HOT0099,2,Very Good,Check-in process was smooth.,2026-06-21,Negative
REV002413,BOOK000760,CUST001829,HOT0164,3,Excellent Stay,Food quality was excellent.,2025-05-31,Neutral
REV002414,BOOK001025,CUST000795,HOT0156,3,Value for Money,Food quality was excellent.,2026-06-16,Neutral
REV002415,BOOK002339,CUST003983,HOT0062,5,Excellent Stay,Will definitely visit again.,2026-02-26,Positive
REV002416,BOOK001756,CUST000557,HOT0171,2,Needs Improvement,Room was clean and comfortable.,2024-10-11,Negative
REV002417,BOOK004288,CUST000728,HOT0008,5,Average Experience,Food quality was excellent.,2024-12-19,Positive
REV002418,BOOK001288,CUST004361,HOT0213,3,Excellent Stay,Great location and ambience.,2025-01-21,Neutral
REV002419,BOOK004606,CUST000684,HOT0025,4,Excellent Stay,Will definitely visit again.,2026-02-02,Positive
REV002420,BOOK004302,CUST001064,HOT0098,4,Highly Recommended,Check-in process was smooth.,2025-09-09,Positive
REV002421,BOOK003245,CUST003051,HOT0194,4,Needs Improvement,Check-in process was smooth.,2024-12-27,Positive
REV002422,BOOK002591,CUST003376,HOT0129,3,Very Good,Food quality was excellent.,2025-08-18,Neutral
REV002423,BOOK004851,CUST001665,HOT0008,3,Highly Recommended,Overall satisfied with the stay.,2026-02-28,Neutral
REV002424,BOOK002896,CUST001511,HOT0108,2,Average Experience,Room was clean and comfortable.,2025-04-26,Negative
REV002425,BOOK002428,CUST001592,HOT0078,3,Average Experience,Check-in process was smooth.,2026-03-12,Neutral
REV002426,BOOK003964,CUST002067,HOT0026,4,Value for Money,Will definitely visit again.,2025-02-25,Positive
REV002427,BOOK003686,CUST000682,HOT0105,5,Value for Money,Great location and ambience.,2026-09-29,Positive
REV002428,BOOK001357,CUST003493,HOT0041,2,Amazing Hospitality,Room was clean and comfortable.,2025-11-25,Negative
REV002429,BOOK002051,CUST004661,HOT0004,5,Poor Service,Check-in process was smooth.,2026-05-21,Positive
REV002430,BOOK003076,CUST002914,HOT0199,5,Poor Service,Bathroom needs improvement.,2024-12-01,Positive
REV002431,BOOK003933,CUST003534,HOT0001,3,Very Good,Staff were friendly and helpful.,2025-11-01,Neutral
REV002432,BOOK000677,CUST003351,HOT0024,2,Highly Recommended,Great location and ambience.,2026-02-07,Negative
REV002433,BOOK003463,CUST001190,HOT0155,3,Poor Service,Bathroom needs improvement.,2025-02-11,Neutral
REV002434,BOOK002151,CUST002357,HOT0159,4,Value for Money,Will definitely visit again.,2025-03-10,Positive
REV002435,BOOK003738,CUST002528,HOT0112,4,Highly Recommended,Bathroom needs improvement.,2024-11-16,Positive
REV002436,BOOK004852,CUST004527,HOT0167,2,Value for Money,Great location and ambience.,2026-07-29,Negative
REV002437,BOOK004484,CUST002586,HOT0206,5,Highly Recommended,Great location and ambience.,2025-12-19,Positive
REV002438,BOOK000380,CUST001397,HOT0056,5,Needs Improvement,,2025-12-16,Positive
REV002439,BOOK000166,CUST000728,HOT0037,2,Amazing Hospitality,Will definitely visit again.,2025-09-13,Negative
REV002440,BOOK002567,CUST004080,HOT0015,4,Very Good,Food quality was excellent.,2025-10-17,Positive
REV002441,BOOK000981,CUST000285,HOT0161,3,Value for Money,Bathroom needs improvement.,2024-08-15,Neutral
REV002442,BOOK002932,CUST002367,HOT0177,4,Excellent Stay,Check-in process was smooth.,2025-10-26,Positive
REV002443,BOOK002016,CUST000962,HOT0233,1,Excellent Stay,Will definitely visit again.,2025-05-06,Negative
REV002444,BOOK004958,CUST002020,HOT0149,2,Value for Money,Food quality was excellent.,2026-04-21,Negative
REV002445,BOOK002069,CUST000877,HOT0089,5,Needs Improvement,Bathroom needs improvement.,2026-06-09,Positive
REV002446,BOOK003448,CUST001487,HOT0174,2,Highly Recommended,Food quality was excellent.,2025-04-29,Negative
REV002447,BOOK001074,CUST001118,HOT0172,4,Poor Service,Great location and ambience.,2025-04-04,Positive
REV002448,BOOK002105,CUST001858,HOT0164,4,Average Experience,Will definitely visit again.,2024-09-20,Positive
REV002449,BOOK004616,CUST002715,HOT0204,2,Very Good,Check-in process was smooth.,2024-11-24,Negative
REV002450,BOOK004967,CUST002456,HOT0079,2,Value for Money,Will definitely visit again.,2025-01-26,Negative
REV002451,BOOK002989,CUST002683,HOT0112,1,Average Experience,Food quality was excellent.,2025-02-22,Negative
REV002452,BOOK000765,CUST003572,HOT0087,1,Very Good,Room was clean and comfortable.,2025-06-05,Negative
REV002453,BOOK001891,CUST001729,HOT0035,1,Poor Service,Food quality was excellent.,2025-01-15,Negative
REV002454,BOOK004258,CUST004327,HOT0175,2,Excellent Stay,Will definitely visit again.,2025-12-26,Negative
REV002455,BOOK001301,CUST002360,HOT0096,4,Excellent Stay,Will definitely visit again.,2025-10-06,Positive
REV002456,BOOK000897,CUST002287,HOT0109,5,Average Experience,Great location and ambience.,2026-05-22,Positive
REV002457,BOOK001484,CUST004514,HOT0189,2,Average Experience,Great location and ambience.,2025-10-03,Negative
REV002458,BOOK002145,CUST001816,HOT0241,4,Needs Improvement,Bathroom needs improvement.,2025-11-16,Positive
REV002459,BOOK001182,CUST004801,HOT0033,5,Excellent Stay,Will definitely visit again.,2025-04-27,Positive
REV002460,BOOK001151,CUST004540,HOT0053,3,Average Experience,Staff were friendly and helpful.,2025-06-13,Neutral
REV002461,BOOK001949,CUST004542,HOT0070,1,Amazing Hospitality,Room was clean and comfortable.,2025-04-28,Negative
REV002462,BOOK004838,CUST000854,HOT0070,5,Poor Service,Bathroom needs improvement.,2025-01-20,Positive
REV002463,BOOK003001,CUST002227,HOT0056,4,Poor Service,Overall satisfied with the stay.,2026-06-27,Positive
REV002464,BOOK003060,CUST002303,HOT0144,2,Poor Service,Check-in process was smooth.,2024-12-11,Negative
REV002465,BOOK003518,CUST004421,HOT0158,3,Excellent Stay,Food quality was excellent.,2026-03-10,Neutral
REV002466,BOOK000731,CUST004798,HOT0110,4,Excellent Stay,Food quality was excellent.,2025-08-28,Positive
REV002467,BOOK004947,CUST003726,HOT0193,3,Excellent Stay,Great location and ambience.,2025-09-10,Neutral
REV002468,BOOK001709,CUST004079,HOT0077,1,Excellent Stay,Check-in process was smooth.,2026-03-04,Negative
REV002469,BOOK001063,CUST003365,HOT0056,2,Excellent Stay,Staff were friendly and helpful.,2025-03-02,Negative
REV002470,BOOK003226,CUST002702,HOT0048,2,Poor Service,Check-in process was smooth.,2026-03-05,Negative
REV002471,BOOK001431,CUST000165,HOT0183,5,Amazing Hospitality,Room was clean and comfortable.,2025-10-26,Positive
REV002472,BOOK004244,CUST003764,HOT0170,3,Amazing Hospitality,Food quality was excellent.,2025-08-07,Neutral
REV002473,BOOK004704,CUST000375,HOT0224,2,Average Experience,Bathroom needs improvement.,2024-09-03,Negative
REV002474,BOOK002127,CUST002705,HOT0040,2,Value for Money,Will definitely visit again.,2026-04-02,Negative
REV002475,BOOK003851,CUST001762,HOT0050,3,Amazing Hospitality,Great location and ambience.,2025-12-22,Neutral
REV002476,BOOK001043,CUST002616,HOT0027,5,Highly Recommended,Great location and ambience.,2025-12-06,Positive
REV002477,BOOK003257,CUST001930,HOT0024,2,Very Good,Bathroom needs improvement.,2026-01-29,Negative
REV002478,BOOK003776,CUST001582,HOT0037,4,Poor Service,Great location and ambience.,2025-04-10,Positive
REV002479,BOOK003636,CUST002931,HOT0168,1,Excellent Stay,Check-in process was smooth.,2026-06-13,Negative
REV002480,BOOK002647,CUST003857,HOT0055,3,Average Experience,Staff were friendly and helpful.,2024-10-26,Neutral
REV002481,BOOK002677,CUST004978,HOT0166,4,Needs Improvement,Room was clean and comfortable.,2025-12-21,Positive
REV002482,BOOK000614,CUST004892,HOT0219,2,Amazing Hospitality,Great location and ambience.,2026-08-16,Negative
REV002483,BOOK003888,CUST001700,HOT0070,3,Excellent Stay,Will definitely visit again.,2026-05-27,Neutral
REV002484,BOOK004182,CUST000694,HOT0146,1,Value for Money,Staff were friendly and helpful.,2025-11-30,Negative
REV002485,BOOK002124,CUST004865,HOT0079,2,Amazing Hospitality,Great location and ambience.,2024-11-11,Negative
REV002486,BOOK003908,CUST003257,HOT0038,2,Excellent Stay,Overall satisfied with the stay.,2025-06-20,Negative
REV002487,BOOK001488,CUST001077,HOT0187,5,Poor Service,Will definitely visit again.,2025-06-23,Positive
REV002488,BOOK002264,CUST001465,HOT0051,2,Amazing Hospitality,Room was clean and comfortable.,2025-02-17,Negative
REV002489,BOOK003535,CUST001327,HOT0116,2,Excellent Stay,Room was clean and comfortable.,2025-09-27,Negative
REV002490,BOOK002839,CUST004047,HOT0211,2,Highly Recommended,Will definitely visit again.,2026-01-01,Negative
REV002491,BOOK000661,CUST004355,HOT0115,3,Amazing Hospitality,Room was clean and comfortable.,2025-11-12,Neutral
REV002492,BOOK001706,CUST002896,HOT0214,5,Highly Recommended,Great location and ambience.,2024-10-28,Positive
REV002493,BOOK002638,CUST003751,HOT0076,5,Average Experience,Check-in process was smooth.,2025-06-30,Positive
REV002494,BOOK000906,CUST003829,HOT0071,2,Amazing Hospitality,Staff were friendly and helpful.,2026-04-07,Negative
REV002495,BOOK002409,CUST004105,HOT0220,4,Excellent Stay,Staff were friendly and helpful.,2024-10-03,Positive
REV002496,BOOK001675,CUST002183,HOT0114,5,Very Good,Will definitely visit again.,2025-11-04,Positive
REV002497,BOOK000326,CUST002222,HOT0187,4,Poor Service,Great location and ambience.,2025-06-15,Positive
REV002498,BOOK002857,CUST001220,HOT0031,2,Value for Money,Will definitely visit again.,2025-05-05,Negative
REV002499,BOOK002271,CUST004079,HOT0014,1,Highly Recommended,Food quality was excellent.,2025-01-06,Negative
REV002500,BOOK003123,CUST003091,HOT0032,5,Average Experience,Check-in process was smooth.,2025-07-18,Positive
REV002501,BOOK000261,CUST000483,HOT0078,1,Average Experience,Will definitely visit again.,2024-11-22,Negative
REV002502,BOOK000171,CUST001230,HOT0008,1,Excellent Stay,Will definitely visit again.,2026-07-23,Negative
REV002503,BOOK004595,CUST004053,HOT0229,5,Needs Improvement,Will definitely visit again.,2026-05-31,Positive
REV002504,BOOK001944,CUST000921,HOT0194,3,Highly Recommended,Room was clean and comfortable.,2026-06-17,Neutral
REV002505,BOOK003578,CUST004940,HOT0171,1,Highly Recommended,Will definitely visit again.,2026-07-24,Negative
REV002506,BOOK000217,CUST001727,HOT0067,3,Value for Money,Overall satisfied with the stay.,2026-04-29,Neutral
REV002507,BOOK000789,CUST004746,HOT0170,1,Poor Service,Food quality was excellent.,2025-03-20,Negative
REV002508,BOOK000469,CUST002652,HOT0247,4,Amazing Hospitality,Bathroom needs improvement.,2026-03-07,Positive
REV002509,BOOK002450,CUST004713,HOT0126,2,Highly Recommended,Check-in process was smooth.,2026-04-19,Negative
REV002510,BOOK004150,CUST000628,HOT0022,5,Highly Recommended,Room was clean and comfortable.,2025-11-18,Positive
REV002511,BOOK000995,CUST003683,HOT0033,1,Excellent Stay,Food quality was excellent.,2026-06-10,Negative
REV002512,BOOK000773,CUST003887,HOT0153,1,Very Good,Room was clean and comfortable.,2025-10-27,Negative
REV002513,BOOK003069,CUST000036,HOT0086,2,Very Good,Great location and ambience.,2026-07-21,Negative
REV002514,BOOK002540,CUST002188,HOT0036,1,Poor Service,Room was clean and comfortable.,2026-05-02,Negative
REV002515,BOOK004377,CUST003379,HOT0169,2,Excellent Stay,Will definitely visit again.,2026-08-15,Negative
REV002516,BOOK001603,CUST004198,HOT0072,2,Very Good,Overall satisfied with the stay.,2026-03-22,Negative
REV002517,BOOK001643,CUST002188,HOT0111,2,Needs Improvement,Will definitely visit again.,2026-01-19,Negative
REV002518,BOOK002058,CUST001842,HOT0138,1,Highly Recommended,Food quality was excellent.,2025-12-10,Negative
REV002519,BOOK003849,CUST001116,HOT0081,3,Highly Recommended,Will definitely visit again.,2025-05-18,Neutral
REV002520,BOOK001733,CUST003335,HOT0051,2,Poor Service,Staff were friendly and helpful.,2026-04-22,Negative
REV002521,BOOK000493,CUST000639,HOT0190,4,Needs Improvement,Bathroom needs improvement.,2026-07-18,Positive
REV002522,BOOK000722,CUST000505,HOT0048,3,Value for Money,Check-in process was smooth.,2026-02-26,Neutral
REV002523,BOOK004118,CUST002887,HOT0179,2,Amazing Hospitality,Will definitely visit again.,2025-01-03,Negative
REV002524,BOOK002594,CUST001115,HOT0077,4,Very Good,Staff were friendly and helpful.,2025-04-08,Positive
REV002525,BOOK003853,CUST000196,HOT0057,4,Average Experience,Room was clean and comfortable.,2025-05-26,Positive
REV002526,BOOK004842,CUST003322,HOT0124,3,Needs Improvement,Food quality was excellent.,2024-12-12,Neutral
REV002527,BOOK002844,CUST001010,HOT0023,4,Excellent Stay,Staff were friendly and helpful.,2026-04-23,Positive
REV002528,BOOK000463,CUST004089,HOT0231,1,Highly Recommended,Room was clean and comfortable.,2026-05-04,Negative
REV002529,BOOK003041,CUST003633,HOT0190,3,Needs Improvement,Great location and ambience.,2026-02-28,Neutral
REV002530,BOOK003081,CUST004787,HOT0241,3,Value for Money,Food quality was excellent.,2026-05-16,Neutral
REV002531,BOOK004785,CUST002173,HOT0187,4,Poor Service,Bathroom needs improvement.,2026-04-08,Positive
REV002532,BOOK000825,CUST000869,HOT0059,3,Average Experience,Staff were friendly and helpful.,2025-09-28,Neutral
REV002533,BOOK000586,CUST000846,HOT0091,2,Very Good,Check-in process was smooth.,2025-01-19,Negative
REV002534,BOOK004626,CUST001886,HOT0145,3,Value for Money,Bathroom needs improvement.,2026-07-20,Neutral
REV002535,BOOK002121,CUST004758,HOT0120,3,Value for Money,Room was clean and comfortable.,2026-08-31,Neutral
REV002536,BOOK000785,CUST003957,HOT0203,2,Excellent Stay,Room was clean and comfortable.,2025-04-29,Negative
REV002537,BOOK004793,CUST003004,HOT0219,4,Amazing Hospitality,Food quality was excellent.,2026-05-21,Positive
REV002538,BOOK004024,CUST000429,HOT0108,2,Highly Recommended,Staff were friendly and helpful.,2026-03-26,Negative
REV002539,BOOK000778,CUST000965,HOT0062,2,Highly Recommended,Great location and ambience.,2025-11-07,Negative
REV002540,BOOK004679,CUST000427,HOT0186,5,Value for Money,Room was clean and comfortable.,2025-04-22,Positive
REV002541,BOOK001299,CUST003267,HOT0014,1,Average Experience,Will definitely visit again.,2025-04-30,Negative
REV002542,BOOK000338,CUST000663,HOT0181,3,Highly Recommended,Great location and ambience.,2025-11-16,Neutral
REV002543,BOOK002648,CUST002095,HOT0218,5,Excellent Stay,Room was clean and comfortable.,2025-09-12,Positive
REV002544,BOOK003988,CUST002973,HOT0216,3,Poor Service,Room was clean and comfortable.,2025-11-07,Neutral
REV002545,BOOK002645,CUST001836,HOT0064,3,Needs Improvement,Staff were friendly and helpful.,2024-11-21,Neutral
REV002546,BOOK004083,CUST002742,HOT0153,1,Value for Money,Check-in process was smooth.,2025-04-15,Negative
REV002547,BOOK001989,CUST000787,HOT0235,5,Amazing Hospitality,Staff were friendly and helpful.,2025-06-10,Positive
REV002548,BOOK004526,CUST001587,HOT0060,3,Excellent Stay,Food quality was excellent.,2026-03-22,Neutral
REV002549,BOOK003298,CUST001807,HOT0010,4,Excellent Stay,Will definitely visit again.,2025-03-21,Positive
REV002550,BOOK002635,CUST001039,HOT0085,1,Highly Recommended,Bathroom needs improvement.,2025-04-06,Negative
REV002551,BOOK002506,CUST000043,HOT0003,2,Amazing Hospitality,Bathroom needs improvement.,2024-11-27,Negative
REV002552,BOOK000860,CUST001348,HOT0094,1,Average Experience,Room was clean and comfortable.,2025-10-10,Negative
REV002553,BOOK004008,CUST001979,HOT0037,3,Value for Money,Will definitely visit again.,2026-02-19,Neutral
REV002554,BOOK003182,CUST000740,HOT0193,5,Needs Improvement,Great location and ambience.,2026-08-13,Positive
REV002555,BOOK001478,CUST001161,HOT0070,2,Average Experience,Food quality was excellent.,2026-02-01,Negative
REV002556,BOOK001848,CUST001360,HOT0040,4,Average Experience,Bathroom needs improvement.,2026-06-10,Positive
REV002557,BOOK004933,CUST001271,HOT0124,1,Poor Service,Room was clean and comfortable.,2026-01-17,Negative
REV002558,BOOK000883,CUST003668,HOT0191,2,Average Experience,Check-in process was smooth.,2025-12-31,Negative
REV002559,BOOK001836,CUST004249,HOT0200,3,Excellent Stay,Overall satisfied with the stay.,2026-07-29,Neutral
REV002560,BOOK000798,CUST004058,HOT0096,2,Very Good,Will definitely visit again.,2025-05-17,Negative
REV002561,BOOK004915,CUST004969,HOT0073,2,Amazing Hospitality,Great location and ambience.,2024-11-22,Negative
REV002562,BOOK003026,CUST001174,HOT0215,3,Very Good,Great location and ambience.,2025-08-16,Neutral
REV002563,BOOK003663,CUST001673,HOT0202,4,Highly Recommended,Will definitely visit again.,2025-01-16,Positive
REV002564,BOOK002503,CUST004638,HOT0050,1,Excellent Stay,Food quality was excellent.,2026-06-05,Negative
REV002565,BOOK002987,CUST003595,HOT0089,1,Average Experience,Room was clean and comfortable.,2026-04-30,Negative
REV002566,BOOK001753,CUST000830,HOT0146,1,Average Experience,Food quality was excellent.,2025-10-20,Negative
REV002567,BOOK002286,CUST000049,HOT0160,2,Amazing Hospitality,Great location and ambience.,2025-09-06,Negative
REV002568,BOOK000772,CUST002416,HOT0014,1,Excellent Stay,Will definitely visit again.,2025-06-10,Negative
REV002569,BOOK002901,CUST002453,HOT0177,1,Excellent Stay,Overall satisfied with the stay.,2025-08-15,Negative
REV002570,BOOK001044,CUST000016,HOT0234,5,Value for Money,Great location and ambience.,2026-01-25,Positive
REV002571,BOOK002778,CUST004494,HOT0012,2,Average Experience,Will definitely visit again.,2026-03-06,Negative
REV002572,BOOK002402,CUST001253,HOT0187,3,Needs Improvement,Check-in process was smooth.,2026-04-13,Neutral
REV002573,BOOK004342,CUST001468,HOT0237,2,Average Experience,Check-in process was smooth.,2025-12-11,Negative
REV002574,BOOK004124,CUST003640,HOT0186,1,Poor Service,Bathroom needs improvement.,2024-12-17,Negative
REV002575,BOOK001089,CUST003414,HOT0018,3,Highly Recommended,Bathroom needs improvement.,2026-02-02,Neutral
REV002576,BOOK002517,CUST001689,HOT0091,1,Very Good,Food quality was excellent.,2025-11-14,Negative
REV002577,BOOK000991,CUST003509,HOT0242,2,Value for Money,Staff were friendly and helpful.,2025-01-29,Negative
REV002578,BOOK002825,CUST004091,HOT0150,5,Excellent Stay,Will definitely visit again.,2024-08-27,Positive
REV002579,BOOK002364,CUST002474,HOT0233,2,Value for Money,Check-in process was smooth.,2025-01-11,Negative
REV002580,BOOK000376,CUST002391,HOT0188,3,Value for Money,Room was clean and comfortable.,2025-04-21,Neutral
REV002581,BOOK004834,CUST000078,HOT0081,4,Highly Recommended,Will definitely visit again.,2026-05-25,Positive
REV002582,BOOK002438,CUST001015,HOT0085,1,Highly Recommended,Check-in process was smooth.,2025-09-11,Negative
REV002583,BOOK003550,CUST003263,HOT0143,3,Value for Money,Staff were friendly and helpful.,2025-06-25,Neutral
REV002584,BOOK002345,CUST000656,HOT0179,5,Average Experience,Room was clean and comfortable.,2025-02-18,Positive
REV002585,BOOK002341,CUST002616,HOT0173,2,Average Experience,Staff were friendly and helpful.,2025-06-21,Negative
REV002586,BOOK001015,CUST000958,HOT0161,3,Poor Service,Check-in process was smooth.,2025-10-12,Neutral
REV002587,BOOK002653,CUST003456,HOT0180,3,Needs Improvement,Overall satisfied with the stay.,2024-12-17,Neutral
REV002588,BOOK003179,CUST001922,HOT0249,1,Value for Money,Great location and ambience.,2026-06-05,Negative
REV002589,BOOK003575,CUST003757,HOT0108,5,Amazing Hospitality,Food quality was excellent.,2026-08-25,Positive
REV002590,BOOK004572,CUST000154,HOT0112,2,Excellent Stay,Bathroom needs improvement.,2025-01-04,Negative
REV002591,BOOK001070,CUST001138,HOT0171,1,Amazing Hospitality,Bathroom needs improvement.,2025-07-30,Negative
REV002592,BOOK004143,CUST003809,HOT0107,5,Needs Improvement,Will definitely visit again.,2026-07-27,Positive
REV002593,BOOK000269,CUST000752,HOT0078,5,Poor Service,Will definitely visit again.,2024-10-18,Positive
REV002594,BOOK004631,CUST000724,HOT0079,1,Excellent Stay,Food quality was excellent.,2025-11-20,Negative
REV002595,BOOK001815,CUST002913,HOT0021,1,Highly Recommended,Room was clean and comfortable.,2026-07-05,Negative
REV002596,BOOK002743,CUST004727,HOT0106,2,Excellent Stay,Bathroom needs improvement.,2025-03-04,Negative
REV002597,BOOK001973,CUST004351,HOT0226,3,Very Good,Food quality was excellent.,2025-08-21,Neutral
REV002598,BOOK000914,CUST001270,HOT0014,5,Excellent Stay,Check-in process was smooth.,2026-08-09,Positive
REV002599,BOOK001085,CUST002719,HOT0214,1,Amazing Hospitality,Great location and ambience.,2024-08-29,Negative
REV002600,BOOK004713,CUST003378,HOT0187,3,Highly Recommended,Will definitely visit again.,2025-11-29,Neutral
REV002601,BOOK001987,CUST004857,HOT0051,5,Needs Improvement,Food quality was excellent.,2025-11-16,Positive
REV002602,BOOK002799,CUST003535,HOT0107,2,Average Experience,Room was clean and comfortable.,2026-01-06,Negative
REV002603,BOOK000482,CUST002710,HOT0030,5,Needs Improvement,Will definitely visit again.,2026-06-24,Positive
REV002604,BOOK004537,CUST002291,HOT0139,3,Needs Improvement,Will definitely visit again.,2025-12-22,Neutral
REV002605,BOOK002586,CUST004982,HOT0217,1,Value for Money,Staff were friendly and helpful.,2026-01-12,Negative
REV002606,BOOK000051,CUST003176,HOT0092,5,Excellent Stay,Great location and ambience.,2026-02-15,Positive
REV002607,BOOK000264,CUST003126,HOT0158,2,Poor Service,Staff were friendly and helpful.,2025-07-19,Negative
REV002608,BOOK003571,CUST000832,HOT0048,3,Needs Improvement,Food quality was excellent.,2024-11-12,Neutral
REV002609,BOOK002783,CUST002729,HOT0225,1,Value for Money,Room was clean and comfortable.,2024-10-02,Negative
REV002610,BOOK002096,CUST004418,HOT0204,2,Excellent Stay,Great location and ambience.,2026-07-27,Negative
REV002611,BOOK000631,CUST001067,HOT0001,4,Highly Recommended,Check-in process was smooth.,2025-08-22,Positive
REV002612,BOOK000732,CUST003091,HOT0158,1,Highly Recommended,Overall satisfied with the stay.,2025-08-18,Negative
REV002613,BOOK003479,CUST003499,HOT0124,1,Highly Recommended,Room was clean and comfortable.,2025-04-26,Negative
REV002614,BOOK003372,CUST002658,HOT0114,2,Needs Improvement,Staff were friendly and helpful.,2026-07-11,Negative
REV002615,BOOK002076,CUST003659,HOT0021,5,Very Good,Overall satisfied with the stay.,2025-05-24,Positive
REV002616,BOOK000658,CUST002334,HOT0212,1,Average Experience,Will definitely visit again.,2025-06-09,Negative
REV002617,BOOK000850,CUST000122,HOT0017,1,Value for Money,Great location and ambience.,2026-03-21,Negative
REV002618,BOOK001727,CUST003518,HOT0111,2,Highly Recommended,Overall satisfied with the stay.,2026-03-05,Negative
REV002619,BOOK004806,CUST003023,HOT0078,1,Poor Service,Room was clean and comfortable.,2025-12-03,Negative
REV002620,BOOK000628,CUST004088,HOT0234,1,Amazing Hospitality,Overall satisfied with the stay.,2025-04-06,Negative
REV002621,BOOK002494,CUST004608,HOT0055,1,Needs Improvement,Great location and ambience.,2025-05-10,Negative
REV002622,BOOK001814,CUST001331,HOT0199,5,Poor Service,Great location and ambience.,2026-08-04,Positive
REV002623,BOOK003134,CUST003954,HOT0049,1,Highly Recommended,Overall satisfied with the stay.,2025-02-06,Negative
REV002624,BOOK002521,CUST003111,HOT0010,4,Needs Improvement,Great location and ambience.,2026-02-14,Positive
REV002625,BOOK001424,CUST003294,HOT0062,1,Poor Service,Will definitely visit again.,2024-10-15,Negative
REV002626,BOOK000550,CUST002254,HOT0190,4,Average Experience,Check-in process was smooth.,2024-12-24,Positive
REV002627,BOOK001102,CUST004464,HOT0084,6,Very Good,Overall satisfied with the stay.,2025-11-08,Neutral
REV002628,BOOK004148,CUST003496,HOT0204,1,Highly Recommended,Bathroom needs improvement.,2024-12-15,Negative
REV002629,BOOK000864,CUST004667,HOT0235,3,Excellent Stay,Overall satisfied with the stay.,2025-07-19,Neutral
REV002630,BOOK002050,CUST004118,HOT0112,2,Very Good,Staff were friendly and helpful.,2026-05-25,Negative
REV002631,BOOK004222,CUST003858,HOT0184,3,Value for Money,Will definitely visit again.,2026-08-05,Neutral
REV002632,BOOK001060,CUST001568,HOT0087,2,Highly Recommended,Great location and ambience.,2025-11-28,Negative
REV002633,BOOK003896,CUST003415,HOT0114,4,Poor Service,Room was clean and comfortable.,2024-10-13,Positive
REV002634,BOOK003239,CUST000515,HOT0091,5,Poor Service,Room was clean and comfortable.,2024-11-16,Positive
REV002635,BOOK004492,CUST003904,HOT0066,1,Highly Recommended,Bathroom needs improvement.,2025-07-05,Negative
REV002636,BOOK002036,CUST002905,HOT0149,3,Amazing Hospitality,Bathroom needs improvement.,2025-08-07,Neutral
REV002637,BOOK000817,CUST003188,HOT0242,5,Poor Service,Bathroom needs improvement.,2026-05-07,Positive
REV002638,BOOK001894,CUST002302,HOT0154,1,Highly Recommended,Room was clean and comfortable.,2026-06-04,Negative
REV002639,BOOK002140,CUST002689,HOT0017,1,Excellent Stay,Will definitely visit again.,2025-08-08,Negative
REV002640,BOOK002792,CUST001329,HOT0190,1,Highly Recommended,Check-in process was smooth.,2024-10-21,Negative
REV002641,BOOK003259,CUST004405,HOT0184,4,Poor Service,Bathroom needs improvement.,2025-03-17,Positive
REV002642,BOOK001904,CUST002185,HOT0008,2,Very Good,Bathroom needs improvement.,2026-07-20,Negative
REV002643,BOOK004245,CUST000760,HOT0203,5,Excellent Stay,Great location and ambience.,2026-04-07,Positive
REV002644,BOOK003644,CUST000225,HOT0225,3,Highly Recommended,Bathroom needs improvement.,2026-08-05,Neutral
REV002645,BOOK003367,CUST002774,HOT0058,2,Average Experience,Food quality was excellent.,2026-07-26,Negative
REV002646,BOOK003772,CUST002369,HOT0225,4,Average Experience,Check-in process was smooth.,2025-09-17,Positive
REV002647,BOOK003923,CUST001752,HOT0129,5,Average Experience,Staff were friendly and helpful.,2026-05-04,Positive
REV002648,BOOK001802,CUST004029,HOT0020,2,Poor Service,Staff were friendly and helpful.,2025-09-17,Negative
REV002649,BOOK002973,CUST003354,HOT0034,3,Amazing Hospitality,Overall satisfied with the stay.,2025-01-25,Neutral
REV002650,BOOK001942,CUST004833,HOT0123,5,Average Experience,Staff were friendly and helpful.,2024-11-21,Positive
REV002651,BOOK003278,CUST000247,HOT0204,3,Poor Service,Great location and ambience.,2025-03-01,Neutral
REV002652,BOOK000350,CUST004876,HOT0194,4,Value for Money,Food quality was excellent.,2026-01-12,Positive
REV002653,BOOK001169,CUST000937,HOT0079,5,Average Experience,Great location and ambience.,2025-05-29,Positive
REV002654,BOOK000898,CUST004713,HOT0184,5,Highly Recommended,Overall satisfied with the stay.,2026-07-18,Positive
REV002655,BOOK002953,CUST002357,HOT0219,4,Needs Improvement,Food quality was excellent.,2026-04-13,Positive
REV002656,BOOK004645,CUST004806,HOT0241,4,Excellent Stay,Check-in process was smooth.,2026-03-10,Positive
REV002657,BOOK000060,CUST003916,HOT0001,2,Highly Recommended,Check-in process was smooth.,2025-05-09,Negative
REV002658,BOOK001699,CUST001786,HOT0156,3,Value for Money,Room was clean and comfortable.,2026-03-15,Neutral
REV002659,BOOK002552,CUST002586,HOT0066,2,Average Experience,Bathroom needs improvement.,2025-09-14,Negative
REV002660,BOOK004733,CUST001830,HOT0156,1,Amazing Hospitality,Great location and ambience.,2025-08-10,Negative
REV002661,BOOK004121,CUST001987,HOT0080,4,Amazing Hospitality,Overall satisfied with the stay.,2026-07-05,Positive
REV002662,BOOK001155,CUST001215,HOT0130,5,Poor Service,Check-in process was smooth.,2024-11-27,Positive
REV002663,BOOK001774,CUST002523,HOT0113,2,Highly Recommended,Room was clean and comfortable.,2025-05-10,Negative
REV002664,BOOK002520,CUST003200,HOT0044,1,Average Experience,Food quality was excellent.,2024-11-17,Negative
REV002665,BOOK004654,CUST004598,HOT0240,3,Average Experience,Room was clean and comfortable.,2026-01-04,Neutral
REV002666,BOOK002017,CUST003697,HOT0090,3,Very Good,Room was clean and comfortable.,2025-07-25,Neutral
REV002667,BOOK004918,CUST001956,HOT0082,2,Very Good,Room was clean and comfortable.,2025-10-28,Negative
REV002668,BOOK001309,CUST002149,HOT0235,3,Value for Money,Overall satisfied with the stay.,2024-08-19,Neutral
REV002669,BOOK004876,CUST004080,HOT0041,4,Poor Service,Check-in process was smooth.,2026-02-02,Positive
REV002670,BOOK002710,CUST002708,HOT0220,1,Value for Money,Will definitely visit again.,2025-04-15,Negative
REV002671,BOOK002934,CUST001943,HOT0015,1,Highly Recommended,Check-in process was smooth.,2024-10-12,Negative
REV002672,BOOK000625,CUST001677,HOT0138,5,Excellent Stay,Overall satisfied with the stay.,2026-06-24,Positive
REV002673,BOOK002918,CUST003455,HOT0090,3,Poor Service,Room was clean and comfortable.,2026-05-22,Neutral
REV002674,BOOK000906,CUST003829,HOT0071,4,Value for Money,Staff were friendly and helpful.,2026-04-06,Positive
REV002675,BOOK000245,CUST000462,HOT0151,1,Poor Service,Food quality was excellent.,2025-12-05,Negative
REV002676,BOOK002406,CUST003312,HOT0142,3,Very Good,Overall satisfied with the stay.,2025-08-07,Neutral
REV002677,BOOK002922,CUST004579,HOT0243,2,Very Good,Food quality was excellent.,2025-10-12,Negative
REV002678,BOOK000186,CUST002802,HOT0181,5,Average Experience,Will definitely visit again.,2025-11-21,Positive
REV002679,BOOK002024,CUST001928,HOT0248,3,Average Experience,Overall satisfied with the stay.,2026-01-03,Neutral
REV002680,BOOK002420,CUST001072,HOT0086,1,Needs Improvement,Staff were friendly and helpful.,2026-08-08,Negative
REV002681,BOOK003319,CUST003336,HOT0230,3,Excellent Stay,Will definitely visit again.,2026-05-08,Neutral
REV002682,BOOK000527,CUST004481,HOT0100,1,Needs Improvement,Room was clean and comfortable.,2025-03-23,Negative
REV002683,BOOK004248,CUST001083,HOT0152,4,Needs Improvement,Overall satisfied with the stay.,2026-03-16,Positive
REV002684,BOOK004156,CUST003545,HOT0138,3,Highly Recommended,Staff were friendly and helpful.,2025-05-22,Neutral
REV002685,BOOK000734,CUST002913,HOT0210,5,Highly Recommended,Bathroom needs improvement.,2026-04-12,Positive
REV002686,BOOK001725,CUST004460,HOT0050,1,Value for Money,Check-in process was smooth.,2024-12-14,Negative
REV002687,BOOK003234,CUST003623,HOT0124,3,Amazing Hospitality,Bathroom needs improvement.,2025-07-28,Neutral
REV002688,BOOK001458,CUST001457,HOT0057,3,Average Experience,Great location and ambience.,2025-12-30,Neutral
REV002689,BOOK001990,CUST002205,HOT0217,5,Poor Service,Food quality was excellent.,2025-02-15,Positive
REV002690,BOOK001798,CUST001260,HOT0161,1,Amazing Hospitality,Will definitely visit again.,2025-08-12,Negative
REV002691,BOOK002789,CUST001319,HOT0055,5,Value for Money,Great location and ambience.,2025-10-30,Positive
REV002692,BOOK003037,CUST003211,HOT0105,4,Very Good,Bathroom needs improvement.,2025-04-20,Positive
REV002693,BOOK003436,CUST000021,HOT0218,3,Average Experience,Food quality was excellent.,2025-02-03,Neutral
REV002694,BOOK002454,CUST004691,HOT0102,3,Average Experience,Great location and ambience.,2026-01-10,Neutral
REV002695,BOOK002142,CUST002291,HOT0069,2,Very Good,Check-in process was smooth.,2025-06-27,Negative
REV002696,BOOK004131,CUST002411,HOT0019,1,Highly Recommended,Will definitely visit again.,2026-04-27,Negative
REV002697,BOOK002878,CUST002038,HOT0029,4,Excellent Stay,Bathroom needs improvement.,2025-05-31,Positive
REV002698,BOOK002021,CUST002513,HOT0198,5,Average Experience,Bathroom needs improvement.,2025-10-12,Positive
REV002699,BOOK003615,CUST002188,HOT0243,3,Highly Recommended,Overall satisfied with the stay.,2025-01-11,Neutral
REV002700,BOOK002950,CUST002023,HOT0184,1,Average Experience,Staff were friendly and helpful.,2025-01-30,Negative
REV002701,BOOK001370,CUST000709,HOT0138,2,Amazing Hospitality,Staff were friendly and helpful.,2025-11-13,Negative
REV002702,BOOK004496,CUST001045,HOT0194,5,Value for Money,Will definitely visit again.,2024-10-31,Positive
REV002703,BOOK003969,CUST000361,HOT0235,1,Highly Recommended,Overall satisfied with the stay.,2025-12-03,Negative
REV002704,BOOK004746,CUST001312,HOT0121,3,Poor Service,Room was clean and comfortable.,2025-04-23,Neutral
REV002705,BOOK001509,CUST004642,HOT0081,4,Average Experience,Room was clean and comfortable.,2024-08-31,Positive
REV002706,BOOK003832,CUST001129,HOT0092,3,Amazing Hospitality,Room was clean and comfortable.,2024-10-08,Neutral
REV002707,BOOK004797,CUST004557,HOT0209,4,Needs Improvement,Bathroom needs improvement.,2024-12-16,Positive
REV002708,BOOK003189,CUST003140,HOT0219,2,Average Experience,Great location and ambience.,2026-08-22,Negative
REV002709,BOOK004403,CUST002820,HOT0227,5,Poor Service,Great location and ambience.,2026-02-19,Positive
REV002710,BOOK001864,CUST002627,HOT0235,2,Value for Money,Check-in process was smooth.,2025-07-24,Negative
REV002711,BOOK002563,CUST002331,HOT0248,5,Poor Service,Overall satisfied with the stay.,2025-05-23,Positive
REV002712,BOOK002045,CUST002018,HOT0104,4,Average Experience,Room was clean and comfortable.,2026-07-06,Positive
REV002713,BOOK002612,CUST003641,HOT0036,2,Amazing Hospitality,Check-in process was smooth.,2025-05-13,Negative
REV002714,BOOK004029,CUST003008,HOT0043,4,Poor Service,Check-in process was smooth.,2026-01-05,Positive
REV002715,BOOK000639,CUST000231,HOT0118,5,Very Good,Staff were friendly and helpful.,2026-04-16,Positive
REV002716,BOOK000535,CUST000154,HOT0057,2,Excellent Stay,,2025-06-23,Negative
REV002717,BOOK000204,CUST002228,HOT0166,3,Poor Service,Staff were friendly and helpful.,2026-04-29,Neutral
REV002718,BOOK001240,CUST003664,HOT0123,5,Value for Money,Overall satisfied with the stay.,2026-06-19,Positive
REV002719,BOOK002609,CUST004163,HOT0087,5,Very Good,Great location and ambience.,2026-04-06,Positive
REV002720,BOOK004692,CUST000236,HOT0052,5,Excellent Stay,,2025-12-14,Positive
REV002721,BOOK001254,CUST004392,HOT0137,3,Needs Improvement,Room was clean and comfortable.,2025-06-02,Neutral
REV002722,BOOK000160,CUST003780,HOT0090,2,Needs Improvement,Overall satisfied with the stay.,2026-03-08,Negative
REV002723,BOOK001404,CUST004506,HOT0226,4,Highly Recommended,Staff were friendly and helpful.,2025-10-27,Positive
REV002724,BOOK004296,CUST002611,HOT0219,2,Excellent Stay,Great location and ambience.,2026-04-28,Negative
REV002725,BOOK001180,CUST003865,HOT0057,5,Poor Service,Check-in process was smooth.,2026-06-12,Positive
REV002726,BOOK003064,CUST001457,HOT0194,1,Very Good,Will definitely visit again.,2024-10-01,Negative
REV002727,BOOK003071,CUST000012,HOT0176,5,Amazing Hospitality,Overall satisfied with the stay.,2024-09-25,Positive
REV002728,BOOK003019,CUST001822,HOT0078,2,Poor Service,Check-in process was smooth.,2025-12-16,Negative
REV002729,BOOK001501,CUST002786,HOT0244,5,Needs Improvement,Bathroom needs improvement.,2025-04-26,Positive
REV002730,BOOK004264,CUST004719,HOT0121,4,Highly Recommended,Overall satisfied with the stay.,2026-04-02,Positive
REV002731,BOOK001435,CUST000549,HOT0211,1,Value for Money,Overall satisfied with the stay.,2026-01-06,Negative
REV002732,BOOK003791,CUST000857,HOT0004,3,Excellent Stay,Great location and ambience.,2026-05-12,Neutral
REV002733,BOOK002421,CUST003342,HOT0013,4,Poor Service,Check-in process was smooth.,2025-11-22,Positive
REV002734,BOOK000816,CUST001761,HOT0199,1,Amazing Hospitality,Great location and ambience.,2025-11-01,Negative
REV002735,BOOK002195,CUST001141,HOT0061,1,Poor Service,Check-in process was smooth.,2026-07-13,Negative
REV002736,BOOK004337,CUST002024,HOT0184,2,Excellent Stay,Great location and ambience.,2025-05-13,Negative
REV002737,BOOK004524,CUST001284,HOT0014,2,Very Good,Food quality was excellent.,2026-06-24,Negative
REV002738,BOOK002221,CUST002412,HOT0162,2,Needs Improvement,Great location and ambience.,2025-12-05,Negative
REV002739,BOOK000486,CUST000158,HOT0044,4,Needs Improvement,Staff were friendly and helpful.,2025-04-11,Positive
REV002740,BOOK003116,CUST003100,HOT0170,4,Value for Money,Great location and ambience.,2025-03-24,Positive
REV002741,BOOK001266,CUST003645,HOT0168,4,Excellent Stay,Food quality was excellent.,2025-12-04,Positive
REV002742,BOOK002771,CUST004544,HOT0035,2,Needs Improvement,Staff were friendly and helpful.,2025-12-13,Negative
REV002743,BOOK002831,CUST002018,HOT0145,3,Average Experience,Great location and ambience.,2024-12-10,Neutral
REV002744,BOOK004199,CUST001372,HOT0092,1,Needs Improvement,Food quality was excellent.,2026-08-04,Negative
REV002745,BOOK001575,CUST001110,HOT0031,2,Needs Improvement,Room was clean and comfortable.,2025-09-01,Negative
REV002746,BOOK003994,CUST003095,HOT0106,3,Poor Service,Food quality was excellent.,2025-01-25,Neutral
REV002747,BOOK004950,CUST001144,HOT0208,1,Needs Improvement,Food quality was excellent.,2025-06-23,Negative
REV002748,BOOK001214,CUST004530,HOT0169,5,Very Good,Great location and ambience.,2026-07-31,Positive
REV002749,BOOK003267,CUST002873,HOT0236,4,Amazing Hospitality,Staff were friendly and helpful.,2025-01-14,Positive
REV002750,BOOK000490,CUST000028,HOT0082,4,Average Experience,Great location and ambience.,2025-04-12,Positive
REV002751,BOOK004473,CUST003090,HOT0035,5,Average Experience,Check-in process was smooth.,2025-04-04,Positive
REV002752,BOOK000609,CUST003578,HOT0026,5,Excellent Stay,Check-in process was smooth.,2025-10-18,Positive
REV002753,BOOK004598,CUST000627,HOT0209,1,Poor Service,Overall satisfied with the stay.,2026-01-06,Negative
REV002754,BOOK000010,CUST003457,HOT0011,2,Very Good,Overall satisfied with the stay.,2025-08-22,Negative
REV002755,BOOK002490,CUST004110,HOT0250,4,Poor Service,Great location and ambience.,2025-07-10,Positive
REV002756,BOOK000208,CUST002507,HOT0025,3,Average Experience,Overall satisfied with the stay.,2026-01-19,Neutral
REV002757,BOOK002714,CUST002471,HOT0018,2,Poor Service,Staff were friendly and helpful.,2025-10-07,Negative
REV002758,BOOK000445,CUST000263,HOT0066,2,Very Good,Food quality was excellent.,2026-08-22,Negative
REV002759,BOOK001267,CUST000847,HOT0165,3,Highly Recommended,Overall satisfied with the stay.,2025-05-17,Neutral
REV002760,BOOK000659,CUST001335,HOT0114,5,Needs Improvement,Room was clean and comfortable.,2025-08-22,Positive
REV002761,BOOK004735,CUST000939,HOT0039,3,Needs Improvement,Overall satisfied with the stay.,2024-10-20,Neutral
REV002762,BOOK000015,CUST004763,HOT0130,1,Value for Money,Overall satisfied with the stay.,2025-11-17,Negative
REV002763,BOOK002391,CUST001101,HOT0182,4,Average Experience,Check-in process was smooth.,2025-06-26,Positive
REV002764,BOOK003993,CUST004690,HOT0042,1,Needs Improvement,Great location and ambience.,2025-01-08,Negative
REV002765,BOOK001476,CUST003656,HOT0134,3,Needs Improvement,Check-in process was smooth.,2025-06-27,Neutral
REV002766,BOOK000188,CUST004614,HOT0082,2,Average Experience,Room was clean and comfortable.,2025-06-15,Negative
REV002767,BOOK000971,CUST000928,HOT0065,2,Excellent Stay,Overall satisfied with the stay.,2025-08-19,Negative
REV002768,BOOK004988,CUST003013,HOT0118,4,Excellent Stay,Staff were friendly and helpful.,2025-09-22,Positive
REV002769,BOOK004671,CUST004255,HOT0237,4,Needs Improvement,,2025-03-27,Positive
REV002770,BOOK000833,CUST000143,HOT0207,3,Value for Money,Staff were friendly and helpful.,2026-08-30,Neutral
REV002771,BOOK002715,CUST003802,HOT0225,3,Poor Service,Staff were friendly and helpful.,2025-12-11,Neutral
REV002772,BOOK000290,CUST004275,HOT0039,4,Highly Recommended,Staff were friendly and helpful.,2026-01-21,Positive
REV002773,BOOK000691,CUST004923,HOT0186,2,Highly Recommended,Check-in process was smooth.,2026-02-16,Negative
REV002774,BOOK001222,CUST002723,HOT0155,4,Amazing Hospitality,Overall satisfied with the stay.,2026-03-25,Positive
REV002775,BOOK001186,CUST002859,HOT0220,5,Poor Service,Food quality was excellent.,2025-08-15,Positive
REV002776,BOOK003543,CUST003561,HOT0049,1,Average Experience,Food quality was excellent.,2025-01-24,Negative
REV002777,BOOK001939,CUST003899,HOT0114,2,Very Good,Great location and ambience.,2025-10-14,Negative
REV002778,BOOK004263,CUST000983,HOT0127,2,Value for Money,Food quality was excellent.,2025-06-24,Negative
REV002779,BOOK000686,CUST999999,HOT0067,4,Average Experience,Overall satisfied with the stay.,2025-01-02,Positive
REV002780,BOOK004937,CUST003799,HOT0092,4,Poor Service,Food quality was excellent.,2026-07-30,Positive
REV002781,BOOK001237,CUST003895,HOT0062,4,Excellent Stay,Check-in process was smooth.,2024-10-30,Positive
REV002782,BOOK002464,CUST004627,HOT0006,3,Needs Improvement,Great location and ambience.,2025-10-22,Neutral
REV002783,BOOK003815,CUST003713,HOT0170,4,Poor Service,Will definitely visit again.,2025-03-26,Positive
REV002784,BOOK001372,CUST000135,HOT0119,1,Poor Service,Staff were friendly and helpful.,2025-07-08,Negative
REV002785,BOOK004719,CUST001056,HOT0091,6,Very Good,Check-in process was smooth.,2025-01-13,Positive
REV002786,BOOK003562,CUST004642,HOT0136,4,Average Experience,Check-in process was smooth.,2026-06-01,Positive
REV002787,BOOK001680,CUST002344,HOT0236,5,Value for Money,Will definitely visit again.,2025-03-22,Positive
REV002788,BOOK003180,CUST002166,HOT0200,5,Amazing Hospitality,Room was clean and comfortable.,2024-09-14,Positive
REV002789,BOOK003700,CUST001397,HOT0139,3,Highly Recommended,Great location and ambience.,2026-07-15,Neutral
REV002790,BOOK004225,CUST003435,HOT0147,3,Value for Money,Food quality was excellent.,2025-04-26,Neutral
REV002791,BOOK003375,CUST001648,HOT0130,2,Needs Improvement,Bathroom needs improvement.,2026-08-07,Negative
REV002792,BOOK001109,CUST004008,HOT0088,3,Excellent Stay,Bathroom needs improvement.,2026-06-24,Neutral
REV002793,BOOK001572,CUST000516,HOT0019,3,Highly Recommended,Bathroom needs improvement.,2026-03-23,Neutral
REV002794,BOOK002681,CUST001839,HOT0219,4,Very Good,Check-in process was smooth.,2025-02-20,Positive
REV002795,BOOK001268,CUST002870,HOT0117,1,Very Good,Great location and ambience.,2025-09-18,Negative
REV002796,BOOK000216,CUST003921,HOT0023,3,Amazing Hospitality,Room was clean and comfortable.,2025-02-04,Neutral
REV002797,BOOK001927,CUST002367,HOT0125,2,Excellent Stay,Food quality was excellent.,2024-10-11,Negative
REV002798,BOOK001683,CUST000175,HOT0223,3,Average Experience,Check-in process was smooth.,2026-06-06,Neutral
REV002799,BOOK004866,CUST004506,HOT0239,3,Value for Money,Overall satisfied with the stay.,2025-12-09,Neutral
REV002800,BOOK001250,CUST004675,HOT0076,3,Needs Improvement,Overall satisfied with the stay.,2024-10-27,Neutral
REV002801,BOOK002287,CUST000112,HOT0032,1,Needs Improvement,Overall satisfied with the stay.,2025-12-21,Negative
REV002802,BOOK004289,CUST002277,HOT0127,5,Very Good,Check-in process was smooth.,2026-08-05,Positive
REV002803,BOOK002372,CUST001912,HOT0050,5,Value for Money,Food quality was excellent.,2025-02-01,Positive
REV002804,BOOK003337,CUST003381,HOT0044,1,Needs Improvement,Food quality was excellent.,2024-09-23,Negative
REV002805,BOOK000529,CUST001126,HOT0109,4,Value for Money,Bathroom needs improvement.,2024-10-17,Positive
REV002806,BOOK001183,CUST001270,HOT0120,2,Highly Recommended,Check-in process was smooth.,2024-11-18,Negative
REV002807,BOOK004868,CUST004505,HOT0244,1,Poor Service,Overall satisfied with the stay.,2026-02-25,Negative
REV002808,BOOK002812,CUST004157,HOT0123,3,Highly Recommended,Staff were friendly and helpful.,2024-10-24,Neutral
REV002809,BOOK004376,CUST001121,HOT0246,3,Excellent Stay,Check-in process was smooth.,2026-05-16,Neutral
REV002810,BOOK003884,CUST001554,HOT0064,4,Very Good,Will definitely visit again.,2025-05-28,Positive
REV002811,BOOK000329,CUST003778,HOT0178,2,Highly Recommended,Overall satisfied with the stay.,2025-02-10,Negative
REV002812,BOOK003959,CUST004892,HOT0019,5,Highly Recommended,Bathroom needs improvement.,2025-06-05,Positive
REV002813,BOOK001729,CUST004552,HOT0027,3,Excellent Stay,Check-in process was smooth.,2025-11-14,Neutral
REV002814,BOOK000869,CUST000823,HOT0157,4,Average Experience,Room was clean and comfortable.,2026-09-14,Positive
REV002815,BOOK004927,CUST003503,HOT0083,1,Average Experience,Staff were friendly and helpful.,2025-05-24,Negative
REV002816,BOOK002588,CUST001094,HOT0196,3,Average Experience,Will definitely visit again.,2024-12-27,Neutral
REV002817,BOOK003224,CUST003679,HOT0215,1,Average Experience,Great location and ambience.,2025-07-03,Negative
REV002818,BOOK003266,CUST001448,HOT0156,1,Poor Service,Great location and ambience.,2025-08-15,Negative
REV002819,BOOK004420,CUST004939,HOT0234,2,Amazing Hospitality,Great location and ambience.,2025-12-23,Negative
REV002820,BOOK003938,CUST004586,HOT0141,1,Poor Service,Check-in process was smooth.,2026-01-01,Negative
REV002821,BOOK004779,CUST004794,HOT0048,1,Highly Recommended,Will definitely visit again.,2026-08-31,Negative
REV002822,BOOK003704,CUST002627,HOT0060,3,Value for Money,Staff were friendly and helpful.,2025-02-03,Neutral
REV002823,BOOK002116,CUST002012,HOT0105,5,Very Good,Great location and ambience.,2025-02-04,Positive
REV002824,BOOK000562,CUST000900,HOT0195,4,Highly Recommended,Great location and ambience.,2026-07-07,Positive
REV002825,BOOK001511,CUST002389,HOT0131,1,Amazing Hospitality,Overall satisfied with the stay.,2025-09-04,Negative
REV002826,BOOK004074,CUST003420,HOT0057,3,Very Good,Will definitely visit again.,2025-12-09,Neutral
REV002827,BOOK004127,CUST000192,HOT0177,5,Poor Service,Will definitely visit again.,2024-11-28,Positive
REV002828,BOOK000724,CUST000753,HOT0101,1,Highly Recommended,Check-in process was smooth.,2026-07-02,Negative
REV002829,BOOK003789,CUST001411,HOT0207,1,Highly Recommended,Staff were friendly and helpful.,2024-11-15,Negative
REV002830,BOOK004203,CUST002599,HOT0029,1,Average Experience,Food quality was excellent.,2026-05-08,Negative
REV002831,BOOK003753,CUST003219,HOT0040,2,Very Good,Great location and ambience.,2026-05-12,Negative
REV002832,BOOK003312,CUST003928,HOT0216,4,Highly Recommended,Will definitely visit again.,2026-02-23,Positive
REV002833,BOOK001292,CUST000965,HOT0077,2,Needs Improvement,Check-in process was smooth.,2026-02-13,Negative
REV002834,BOOK001275,CUST002635,HOT0077,5,Highly Recommended,Staff were friendly and helpful.,2025-12-16,Positive
REV002835,BOOK003824,CUST003617,HOT0096,2,Very Good,Room was clean and comfortable.,2025-07-18,Negative
REV002836,BOOK000977,CUST004505,HOT0103,1,Excellent Stay,Great location and ambience.,2025-07-23,Negative
REV002837,BOOK000109,CUST000529,HOT0091,4,Average Experience,Staff were friendly and helpful.,2025-01-10,Positive
REV002838,BOOK001414,CUST002560,HOT0067,4,Amazing Hospitality,Great location and ambience.,2025-04-11,Positive
REV002839,BOOK004508,CUST003440,HOT0176,5,Average Experience,Food quality was excellent.,2025-08-03,Positive
REV002840,BOOK003616,CUST002333,HOT0246,4,Highly Recommended,Check-in process was smooth.,2025-10-10,Positive
REV002841,BOOK002328,CUST004750,HOT0081,5,Poor Service,Great location and ambience.,2026-03-22,Positive
REV002842,BOOK004181,CUST001844,HOT0213,1,Amazing Hospitality,Room was clean and comfortable.,2025-10-04,Negative
REV002843,BOOK001332,CUST002994,HOT0094,1,Poor Service,Overall satisfied with the stay.,2025-02-16,Negative
REV002844,BOOK002879,CUST003919,HOT0232,1,Very Good,Bathroom needs improvement.,2025-01-31,Negative
REV002845,BOOK000796,CUST002710,HOT0151,4,Needs Improvement,Staff were friendly and helpful.,2025-12-15,Positive
REV002846,BOOK002881,CUST001533,HOT0223,3,Highly Recommended,Will definitely visit again.,2025-01-10,Neutral
REV002847,BOOK004201,CUST003520,HOT0107,4,Value for Money,Staff were friendly and helpful.,2025-10-28,Positive
REV002848,BOOK000616,CUST002639,HOT0160,2,Highly Recommended,Overall satisfied with the stay.,2026-04-22,Negative
REV002849,BOOK003288,CUST002879,HOT0073,1,Very Good,Will definitely visit again.,2025-12-21,Negative
REV002850,BOOK002524,CUST000396,HOT0027,5,Highly Recommended,Room was clean and comfortable.,2024-11-03,Positive
REV002851,BOOK001468,CUST004869,HOT0215,1,Excellent Stay,Food quality was excellent.,2026-03-01,Negative
REV002852,BOOK001775,CUST004929,HOT0065,3,Needs Improvement,Staff were friendly and helpful.,2025-06-20,Neutral
REV002853,BOOK000774,CUST000719,HOT0102,1,Amazing Hospitality,Check-in process was smooth.,2025-05-13,Negative
REV002854,BOOK001423,CUST002965,HOT0211,2,Very Good,Food quality was excellent.,2025-05-03,Negative
REV002855,BOOK000378,CUST003420,HOT0089,4,Poor Service,Will definitely visit again.,2025-12-30,Positive
REV002856,BOOK000676,CUST004521,HOT0136,2,Excellent Stay,Food quality was excellent.,2025-05-25,Negative
REV002857,BOOK002755,CUST000660,HOT0051,2,Excellent Stay,Room was clean and comfortable.,2025-09-04,Negative
REV002858,BOOK004257,CUST000707,HOT0055,3,Highly Recommended,Great location and ambience.,2024-10-30,Neutral
REV002859,BOOK002976,CUST001296,HOT0146,3,Poor Service,Overall satisfied with the stay.,2025-09-18,Neutral
REV002860,BOOK002427,CUST003895,HOT0150,1,Highly Recommended,Bathroom needs improvement.,2024-12-07,Negative
REV002861,BOOK003453,CUST002101,HOT0007,2,Needs Improvement,Great location and ambience.,2024-11-05,Negative
REV002862,BOOK004888,CUST004469,HOT0033,5,Amazing Hospitality,Overall satisfied with the stay.,2025-02-07,Positive
REV002863,BOOK000271,CUST001637,HOT0105,4,Value for Money,Check-in process was smooth.,2025-06-27,Positive
REV002864,BOOK002982,CUST001243,HOT0033,2,Poor Service,Check-in process was smooth.,2025-06-14,Negative
REV002865,BOOK000457,CUST003680,HOT0223,4,Average Experience,Check-in process was smooth.,2025-06-28,Positive
REV002866,BOOK003825,CUST003430,HOT0121,1,Excellent Stay,Bathroom needs improvement.,2026-05-24,Negative
REV002867,BOOK001406,CUST003502,HOT0073,5,Average Experience,Great location and ambience.,2026-06-01,Positive
REV002868,BOOK002544,CUST000093,HOT0061,1,Needs Improvement,Bathroom needs improvement.,2026-06-05,Negative
REV002869,BOOK000025,CUST004729,HOT0044,1,Average Experience,Room was clean and comfortable.,2025-09-22,Negative
REV002870,BOOK004810,CUST000274,HOT0156,5,Very Good,Room was clean and comfortable.,2026-08-23,Positive
REV002871,BOOK000035,CUST003121,HOT0003,4,Highly Recommended,Great location and ambience.,2025-08-19,Positive
REV002872,BOOK003023,CUST004899,HOT0182,5,Value for Money,Food quality was excellent.,2026-06-08,Positive
REV002873,BOOK001839,CUST002193,HOT0092,1,Average Experience,Overall satisfied with the stay.,2024-10-22,Negative
REV002874,BOOK000201,CUST003505,HOT0160,3,Needs Improvement,Great location and ambience.,2024-10-16,Neutral
REV002875,BOOK001641,CUST001883,HOT0142,3,Very Good,Great location and ambience.,2025-10-09,Neutral
REV002876,BOOK001073,CUST004689,HOT0066,1,Very Good,Overall satisfied with the stay.,2026-09-16,Negative
REV002877,BOOK001422,CUST002817,HOT0232,2,Very Good,Staff were friendly and helpful.,2026-05-30,Negative
REV002878,BOOK004064,CUST001548,HOT0177,3,Needs Improvement,Staff were friendly and helpful.,2025-12-30,Neutral
REV002879,BOOK002023,CUST002610,HOT0086,1,Amazing Hospitality,Great location and ambience.,2025-08-04,Negative
REV002880,BOOK003763,CUST000833,HOT0082,2,Poor Service,Bathroom needs improvement.,2026-04-11,Negative
REV002881,BOOK002223,CUST002902,HOT0135,3,Excellent Stay,Check-in process was smooth.,2025-01-23,Neutral
REV002882,BOOK004737,CUST000895,HOT0167,1,Highly Recommended,Check-in process was smooth.,2024-10-29,Negative
REV002883,BOOK001304,CUST003582,HOT0185,3,Highly Recommended,Great location and ambience.,2025-03-14,Neutral
REV002884,BOOK001543,CUST003833,HOT0112,5,Poor Service,Staff were friendly and helpful.,2026-07-29,Positive
REV002885,BOOK001221,CUST003298,HOT0117,4,Highly Recommended,Staff were friendly and helpful.,2025-12-21,Positive
REV002886,BOOK004844,CUST000118,HOT0024,3,Amazing Hospitality,Room was clean and comfortable.,2025-09-26,Neutral
REV002887,BOOK004432,CUST004996,HOT0034,2,Excellent Stay,Room was clean and comfortable.,2026-09-14,Negative
REV002888,BOOK001001,CUST000929,HOT0201,1,Poor Service,Food quality was excellent.,2026-08-27,Negative
REV002889,BOOK002453,CUST002473,HOT0201,1,Highly Recommended,Room was clean and comfortable.,2025-07-12,Negative
REV002890,BOOK000130,CUST001030,HOT0045,4,Very Good,Food quality was excellent.,2025-01-02,Positive
REV002891,BOOK004089,CUST003586,HOT0238,3,Average Experience,Overall satisfied with the stay.,2026-06-30,Neutral
REV002892,BOOK001215,CUST003283,HOT0051,5,Value for Money,Staff were friendly and helpful.,2026-06-04,Positive
REV002893,BOOK002002,CUST004592,HOT0030,3,Highly Recommended,Will definitely visit again.,2024-11-04,Neutral
REV002894,BOOK000763,CUST004314,HOT0034,2,Poor Service,Will definitely visit again.,2026-08-10,Negative
REV002895,BOOK001346,CUST001478,HOT0061,1,Amazing Hospitality,Great location and ambience.,2026-01-17,Negative
REV002896,BOOK001496,CUST002920,HOT0133,5,Poor Service,Staff were friendly and helpful.,2024-10-26,Positive
REV002897,BOOK004505,CUST000261,HOT0055,5,Average Experience,Room was clean and comfortable.,2025-03-14,Positive
REV002898,BOOK003567,CUST003454,HOT0047,4,Poor Service,Will definitely visit again.,2026-07-02,Positive
REV002899,BOOK001363,CUST003690,HOT0059,4,Value for Money,Check-in process was smooth.,2024-11-30,Positive
REV002900,BOOK003671,CUST002694,HOT0010,3,Value for Money,Will definitely visit again.,2025-05-26,Neutral
REV002901,BOOK002054,CUST000275,HOT0163,4,Excellent Stay,Great location and ambience.,2024-12-04,Positive
REV002902,BOOK002991,CUST002370,HOT0161,2,Needs Improvement,Check-in process was smooth.,2026-01-24,Negative
REV002903,BOOK000055,CUST003677,HOT0167,4,Amazing Hospitality,Staff were friendly and helpful.,2025-06-07,Positive
REV002904,BOOK002550,CUST000778,HOT0055,3,Poor Service,Bathroom needs improvement.,2025-09-04,Neutral
REV002905,BOOK000422,CUST002889,HOT0245,3,Needs Improvement,Bathroom needs improvement.,2024-11-19,Neutral
REV002906,BOOK001664,CUST003683,HOT0006,4,Poor Service,Bathroom needs improvement.,2026-07-14,Positive
REV002907,BOOK002157,CUST000072,HOT0201,1,Value for Money,Food quality was excellent.,2026-05-06,Negative
REV002908,BOOK001329,CUST001537,HOT0203,2,Average Experience,Staff were friendly and helpful.,2025-09-14,Negative
REV002909,BOOK001286,CUST003347,HOT0027,1,Highly Recommended,Bathroom needs improvement.,2024-12-23,Negative
REV002910,BOOK000749,CUST001942,HOT0036,2,Highly Recommended,Bathroom needs improvement.,2024-11-05,Negative
REV002911,BOOK000235,CUST004906,HOT0184,1,Needs Improvement,Food quality was excellent.,2026-02-02,Negative
REV002912,BOOK004087,CUST002693,HOT0178,5,Average Experience,Overall satisfied with the stay.,2025-08-17,Positive
REV002913,BOOK004741,CUST000876,HOT0127,1,Amazing Hospitality,Room was clean and comfortable.,2026-03-01,Negative
REV002914,BOOK001506,CUST002501,HOT0095,5,Amazing Hospitality,Food quality was excellent.,2025-07-11,Positive
REV002915,BOOK004243,CUST001209,HOT0097,3,Amazing Hospitality,Room was clean and comfortable.,2026-05-31,Neutral
REV002916,BOOK002861,CUST002002,HOT0047,1,Value for Money,Room was clean and comfortable.,2025-04-13,Negative
REV002917,BOOK001270,CUST004295,HOT0185,4,Excellent Stay,Check-in process was smooth.,2025-09-23,Positive
REV002918,BOOK000138,CUST003697,HOT0018,2,Excellent Stay,Overall satisfied with the stay.,2025-11-19,Negative
REV002919,BOOK001027,CUST003952,HOT0247,4,Highly Recommended,Overall satisfied with the stay.,2026-06-15,Positive
REV002920,BOOK001481,CUST002936,HOT0131,5,Amazing Hospitality,Food quality was excellent.,2026-03-06,Positive
REV002921,BOOK000603,CUST003606,HOT0212,5,Highly Recommended,Great location and ambience.,2025-07-01,Positive
REV002922,BOOK000627,CUST001313,HOT0107,4,Very Good,Great location and ambience.,2024-12-31,Positive
REV002923,BOOK004789,CUST000562,HOT0173,5,Poor Service,Overall satisfied with the stay.,2026-06-08,Positive
REV002924,BOOK001767,CUST001130,HOT0230,5,Excellent Stay,Bathroom needs improvement.,2026-07-17,Positive
REV002925,BOOK004136,CUST001755,HOT0182,5,Very Good,Will definitely visit again.,2025-10-21,Positive
REV002926,BOOK001055,CUST004014,HOT0139,2,Value for Money,Overall satisfied with the stay.,2025-05-15,Negative
REV002927,BOOK003055,CUST003113,HOT0095,2,Excellent Stay,Will definitely visit again.,2025-06-27,Negative
REV002928,BOOK003006,CUST004319,HOT0083,2,Amazing Hospitality,Room was clean and comfortable.,2025-12-15,Negative
REV002929,BOOK000940,CUST000850,HOT0031,1,Highly Recommended,Check-in process was smooth.,2025-06-04,Negative
REV002930,BOOK004628,CUST000873,HOT0131,1,Amazing Hospitality,Check-in process was smooth.,2024-09-24,Negative
REV002931,BOOK001340,CUST002190,HOT0199,3,Average Experience,Great location and ambience.,2026-06-25,Neutral
REV002932,BOOK000889,CUST003372,HOT0233,4,Poor Service,Will definitely visit again.,2025-09-21,Positive
REV002933,BOOK001336,CUST001548,HOT0190,2,Poor Service,Great location and ambience.,2025-06-30,Negative
REV002934,BOOK001910,CUST002660,HOT0094,1,Amazing Hospitality,Check-in process was smooth.,2025-12-09,Negative
REV002935,BOOK002488,CUST002617,HOT0205,1,Very Good,Overall satisfied with the stay.,2026-05-28,Negative
REV002936,BOOK003493,CUST002092,HOT0021,2,Very Good,Room was clean and comfortable.,2026-05-11,Negative
REV002937,BOOK000369,CUST001175,HOT0102,6,Value for Money,Great location and ambience.,2025-08-05,Positive
REV002938,BOOK002805,CUST000569,HOT0093,1,Amazing Hospitality,Check-in process was smooth.,2026-03-06,Negative
REV002939,BOOK003255,CUST004372,HOT0081,1,Average Experience,Food quality was excellent.,2026-01-10,Negative
REV002940,BOOK003876,CUST003804,HOT0223,4,Average Experience,Staff were friendly and helpful.,2026-03-07,Positive
REV002941,BOOK000087,CUST000727,HOT0063,4,Very Good,Great location and ambience.,2025-05-28,Positive
REV002942,BOOK001969,CUST004596,HOT0129,1,Very Good,Will definitely visit again.,2026-07-04,Negative
REV002943,BOOK000933,CUST001061,HOT0046,2,Poor Service,Will definitely visit again.,2024-11-17,Negative
REV002944,BOOK001553,CUST001512,HOT0027,1,Needs Improvement,Great location and ambience.,2025-05-18,Negative
REV002945,BOOK002626,CUST001204,HOT0065,3,Excellent Stay,Great location and ambience.,2025-11-27,Neutral
REV002946,BOOK003468,CUST999999,HOT0040,1,Very Good,Bathroom needs improvement.,2026-09-14,Negative
REV002947,BOOK004043,CUST003703,HOT0029,3,Poor Service,Overall satisfied with the stay.,2024-12-08,Neutral
REV002948,BOOK003418,CUST002803,HOT0104,5,Value for Money,Will definitely visit again.,2026-05-07,Positive
REV002949,BOOK001666,CUST001085,HOT0218,5,Amazing Hospitality,Will definitely visit again.,2026-01-30,Positive
REV002950,BOOK000075,CUST003819,HOT0048,5,Amazing Hospitality,Room was clean and comfortable.,2026-02-13,Positive
REV002951,BOOK002606,CUST003915,HOT0058,5,Very Good,Will definitely visit again.,2025-01-20,Positive
REV002952,BOOK001278,CUST004641,HOT0247,2,Amazing Hospitality,Room was clean and comfortable.,2025-10-17,Negative
REV002953,BOOK000565,CUST003841,HOT0051,1,Amazing Hospitality,Will definitely visit again.,2025-02-12,Negative
REV002954,BOOK000717,CUST004832,HOT0001,4,Average Experience,Will definitely visit again.,2025-06-01,Positive
REV002955,BOOK004051,CUST002188,HOT0246,5,Average Experience,Overall satisfied with the stay.,2026-07-22,Positive
REV002956,BOOK000402,CUST000930,HOT0157,4,Poor Service,Staff were friendly and helpful.,2025-01-18,Positive
REV002957,BOOK004021,CUST004106,HOT0196,5,Poor Service,Room was clean and comfortable.,2025-04-03,Positive
REV002958,BOOK003638,CUST001480,HOT0106,4,Value for Money,Overall satisfied with the stay.,2025-06-14,Positive
REV002959,BOOK002695,CUST000651,HOT0004,4,Excellent Stay,Staff were friendly and helpful.,2025-05-23,Positive
REV002960,BOOK002128,CUST003876,HOT0168,5,Very Good,Bathroom needs improvement.,2025-07-26,Positive
REV002961,BOOK001283,CUST004337,HOT0202,2,Average Experience,Bathroom needs improvement.,2025-07-01,Negative
REV002962,BOOK000985,CUST001617,HOT0009,1,Very Good,Bathroom needs improvement.,2026-05-08,Negative
REV002963,BOOK004640,CUST004409,HOT0152,1,Highly Recommended,Room was clean and comfortable.,2026-03-18,Negative
REV002964,BOOK000324,CUST004603,HOT0044,5,Needs Improvement,Room was clean and comfortable.,2026-08-21,Positive
REV002965,BOOK004577,CUST004430,HOT0153,1,Highly Recommended,Bathroom needs improvement.,2025-12-14,Negative
REV002966,BOOK002068,CUST002220,HOT0170,3,Amazing Hospitality,Great location and ambience.,2025-09-12,Neutral
REV002967,BOOK002422,CUST004310,HOT0141,2,Poor Service,Room was clean and comfortable.,2026-03-13,Negative
REV002968,BOOK002895,CUST003079,HOT0075,2,Average Experience,Overall satisfied with the stay.,2026-06-03,Negative
REV002969,BOOK002446,CUST001913,HOT0025,4,Very Good,Check-in process was smooth.,2026-08-11,Positive
REV002970,BOOK004448,CUST004070,HOT0072,1,Value for Money,Bathroom needs improvement.,2025-10-23,Negative
REV002971,BOOK000014,CUST001518,HOT0160,3,Needs Improvement,Staff were friendly and helpful.,2025-05-14,Neutral
REV002972,BOOK002834,CUST002523,HOT0110,3,Amazing Hospitality,Check-in process was smooth.,2026-03-16,Neutral
REV002973,BOOK001776,CUST002648,HOT0048,1,Very Good,Room was clean and comfortable.,2025-06-19,Negative
REV002974,BOOK001950,CUST003425,HOT0096,1,Value for Money,Room was clean and comfortable.,2026-05-03,Negative
REV002975,BOOK003082,CUST001591,HOT0243,2,Poor Service,Staff were friendly and helpful.,2026-02-27,Negative
REV002976,BOOK003469,CUST000346,HOT0017,2,Average Experience,Check-in process was smooth.,2026-04-24,Negative
REV002977,BOOK004376,CUST001121,HOT0246,2,Highly Recommended,Check-in process was smooth.,2026-05-16,Negative
REV002978,BOOK003560,CUST001063,HOT0093,2,Excellent Stay,Overall satisfied with the stay.,2025-10-03,Negative
REV002979,BOOK001111,CUST002518,HOT0159,5,Very Good,Room was clean and comfortable.,2025-06-30,Positive
REV002980,BOOK002049,CUST003644,HOT0078,1,Highly Recommended,Staff were friendly and helpful.,2026-09-01,Negative
REV002981,BOOK003563,CUST002235,HOT0049,2,Poor Service,,2024-12-24,Negative
REV002982,BOOK002185,CUST000086,HOT0221,5,Amazing Hospitality,Room was clean and comfortable.,2026-04-26,Positive
REV002983,BOOK003999,CUST000657,HOT0016,5,Excellent Stay,Staff were friendly and helpful.,2026-05-30,Positive
REV002984,BOOK004184,CUST000810,HOT0062,1,Excellent Stay,Bathroom needs improvement.,2026-01-08,Negative
REV002985,BOOK001181,CUST001431,HOT0210,4,Average Experience,Overall satisfied with the stay.,2025-08-06,Positive
REV002986,BOOK004153,CUST002238,HOT0227,2,Needs Improvement,Overall satisfied with the stay.,2024-12-02,Negative
REV002987,BOOK001843,CUST001957,HOT0007,1,Average Experience,Food quality was excellent.,2025-10-28,Negative
REV002988,BOOK004558,CUST001505,HOT0140,1,Excellent Stay,Check-in process was smooth.,2025-08-06,Negative
REV002989,BOOK004488,CUST001816,HOT0081,2,Very Good,Will definitely visit again.,2026-02-21,Negative
REV002990,BOOK001750,CUST000464,HOT0064,2,Highly Recommended,Staff were friendly and helpful.,2025-12-09,Negative
REV002991,BOOK003240,CUST001221,HOT0243,1,Excellent Stay,Overall satisfied with the stay.,2026-08-29,Negative
REV002992,BOOK000519,CUST003902,HOT0238,1,Poor Service,Great location and ambience.,2024-09-08,Negative
REV002993,BOOK004017,CUST003422,HOT0196,5,Very Good,Food quality was excellent.,2024-11-04,Positive
REV002994,BOOK003025,CUST003772,HOT0038,2,Very Good,Food quality was excellent.,2026-01-11,Negative
REV002995,BOOK000900,CUST004253,HOT0180,5,Excellent Stay,Bathroom needs improvement.,2026-03-13,Positive
REV002996,BOOK004900,CUST003343,HOT0239,3,Poor Service,Great location and ambience.,2026-02-27,Neutral
REV002997,BOOK002007,CUST002631,HOT0041,1,Highly Recommended,Staff were friendly and helpful.,2026-01-26,Negative
REV002998,BOOK001664,CUST003683,HOT0006,5,Needs Improvement,Check-in process was smooth.,2026-07-08,Positive
REV002999,BOOK000094,CUST002419,HOT0155,2,Excellent Stay,Overall satisfied with the stay.,2024-12-31,Negative
REV003000,BOOK000358,CUST003665,HOT0116,5,Poor Service,Food quality was excellent.,2026-04-10,Positive
REV002171,BOOK000746,CUST003421,HOT0213,5,Highly Recommended,Bathroom needs improvement.,2025-12-27,Positive
REV001332,BOOK003639,CUST004003,HOT0224,1,Excellent Stay,Staff were friendly and helpful.,2026-07-02,Negative
REV000607,BOOK001159,CUST004857,HOT0016,2,Poor Service,Check-in process was smooth.,2026-07-19,Negative
REV001374,BOOK000523,CUST002688,HOT0050,2,Needs Improvement,Will definitely visit again.,2025-01-29,Negative
REV000580,BOOK002318,CUST001076,HOT0158,1,Poor Service,Bathroom needs improvement.,2025-03-12,Negative
REV002150,BOOK002368,CUST004589,HOT0232,2,Very Good,Will definitely visit again.,2026-05-03,Negative
REV001387,BOOK003734,CUST004742,HOT0044,2,Amazing Hospitality,Food quality was excellent.,2025-10-28,Negative
REV001041,BOOK004949,CUST000467,HOT0168,1,Poor Service,Food quality was excellent.,2025-11-04,Negative
REV002875,BOOK001641,CUST001883,HOT0142,3,Very Good,Great location and ambience.,2025-10-09,Neutral
REV000461,BOOK002762,CUST001908,HOT0038,2,Amazing Hospitality,Will definitely visit again.,2025-09-15,Negative
REV000204,BOOK004696,CUST004156,HOT0128,3,Poor Service,Bathroom needs improvement.,2024-10-06,Neutral
REV000192,BOOK004173,CUST000838,HOT0120,2,Poor Service,Room was clean and comfortable.,2026-04-09,Negative
REV002339,BOOK004936,CUST002526,HOT0129,3,Highly Recommended,Food quality was excellent.,2025-10-12,Neutral
REV000813,BOOK003461,CUST003874,HOT0088,2,Value for Money,Bathroom needs improvement.,2025-10-17,Negative
REV001310,BOOK000412,CUST000118,HOT0193,5,Highly Recommended,Food quality was excellent.,2025-06-07,Positive
REV001011,BOOK002523,CUST004987,HOT0247,4,Amazing Hospitality,Staff were friendly and helpful.,2024-11-05,Positive
REV002452,BOOK000765,CUST003572,HOT0087,1,Very Good,Room was clean and comfortable.,2025-06-05,Negative
REV001652,BOOK001384,CUST001221,HOT0213,5,Highly Recommended,Great location and ambience.,2025-10-07,Positive
REV002294,BOOK002314,CUST004685,HOT0145,1,Highly Recommended,Great location and ambience.,2026-03-22,Negative
REV001963,BOOK003963,CUST004797,HOT0014,3,Highly Recommended,Room was clean and comfortable.,2026-09-19,Neutral
REV001567,BOOK001510,CUST002259,HOT0245,4,Amazing Hospitality,Food quality was excellent.,2026-04-09,Positive
REV002135,BOOK002210,CUST000781,HOT0183,4,Value for Money,Great location and ambience.,2025-05-21,Positive
REV001642,BOOK004350,CUST003414,HOT0105,4,Poor Service,Great location and ambience.,2025-03-09,Positive
REV000637,BOOK004371,CUST000379,HOT0092,5,Average Experience,Check-in process was smooth.,2025-02-27,Positive
REV001697,BOOK000349,CUST002642,HOT0127,2,Average Experience,Food quality was excellent.,2025-08-03,Negative
REV002615,BOOK002076,CUST003659,HOT0021,5,Very Good,Overall satisfied with the stay.,2025-05-24,Positive
REV001005,BOOK001711,CUST002347,HOT0041,3,Value for Money,Room was clean and comfortable.,2024-10-21,Neutral
REV001840,BOOK002467,CUST003232,HOT0197,2,Amazing Hospitality,Will definitely visit again.,2025-05-05,Negative
REV001634,BOOK003797,CUST000152,HOT0077,4,Very Good,Check-in process was smooth.,2025-03-21,Positive
REV002940,BOOK003876,CUST003804,HOT0223,4,Average Experience,Staff were friendly and helpful.,2026-03-07,Positive
