room_id,hotel_id,room_number,room_type,capacity,base_price,floor,availability
ROOM000001,HOT0074,132,Deluxe,1,15000,10,Available
ROOM000002,HOT0064,621,Presidential,3,2500,5,Available
ROOM000003,HOT0209,556,Suite,6,5000,8,Available
ROOM000004,HOT0016,306,Deluxe,1,10000,1,Maintenance
ROOM000005,HOT0145,196,Suite,5,15000,14,Available
ROOM000006,HOT0138,451,Deluxe,1,7000,1,Occupied
ROOM000007,HOT0102,921,Deluxe,2,2500,6,Maintenance
ROOM000008,HOT0170,830,Standard,6,15000,7,Occupied
ROOM000009,HOT0123,362,Presidential,2,5000,13,Maintenance
ROOM000010,HOT0129,395,Family,3,2500,13,Maintenance
ROOM000011,HOT0121,463,Standard,4,15000,8,Available
ROOM000012,HOT0195,703,Suite,5,5000,5,Maintenance
ROOM000013,HOT0122,685,Executive,1,5000,14,Maintenance
ROOM000014,HOT0028,194,Executive,3,3500,12,Maintenance
ROOM000015,HOT0220,700,Suite,1,15000,14,Available
ROOM000016,HOT0054,753,Presidential,5,3500,15,Available
ROOM000017,HOT0020,949,Suite,1,2500,12,Available
ROOM000018,HOT0035,583,Deluxe,1,-10000,15,Available
ROOM000019,HOT0230,231,Presidential,6,10000,9,Available
ROOM000020,HOT0114,148,Executive,6,10000,15,Maintenance
ROOM000021,HOT0179,604,Family,1,15000,8,Available
ROOM000022,HOT0189,435,Family,4,15000,13,Occupied
ROOM000023,HOT0034,713,Executive,4,10000,7,Maintenance
ROOM000024,HOT0135,890,Standard,4,10000,4,Maintenance
ROOM000025,HOT0188,460,Standard,3,7000,15,Occupied
ROOM000026,HOT0198,133,Deluxe,3,3500,9,Maintenance
ROOM000027,HOT0109,400,Family,5,10000,10,Maintenance
ROOM000028,HOT0202,610,,4,7000,4,Maintenance
ROOM000029,HOT0206,752,Executive,5,10000,11,Maintenance
ROOM000030,HOT0102,438,Family,1,2500,3,Available
ROOM000031,HOT0088,168,Presidential,2,7000,3,Available
ROOM000032,HOT0072,231,Family,4,7000,8,Available
ROOM000033,HOT0050,920,Family,3,7000,12,Occupied
ROOM000034,HOT0024,499,Standard,3,10000,4,Maintenance
ROOM000035,HOT0175,878,Standard,4,3500,1,Maintenance
ROOM000036,HOT0081,233,Standard,2,3500,10,Available
ROOM000037,HOT0023,364,Deluxe,5,15000,11,Available
ROOM000038,HOT0190,188,Deluxe,4,15000,7,Maintenance
ROOM000039,HOT0131,656,Family,5,3500,15,Occupied
ROOM000040,HOT0008,129,Family,4,15000,6,Available
ROOM000041,HOT0229,220,Family,2,5000,4,Available
ROOM000042,HOT0040,766,Standard,5,10000,10,Maintenance
ROOM000043,HOT0212,878,Deluxe,5,5000,11,Maintenance
ROOM000044,HOT0236,657,,3,3500,7,Maintenance
ROOM000045,HOT0240,452,Executive,4,7000,9,Maintenance
ROOM000046,HOT0047,362,Family,1,10000,1,Available
ROOM000047,HOT0180,362,Standard,4,7000,10,Occupied
ROOM000048,HOT0129,629,,3,7000,15,Available
ROOM000049,HOT0231,866,Deluxe,5,3500,1,Available
ROOM000050,HOT0243,733,Family,1,2500,13,Maintenance
ROOM000051,HOT0027,682,Standard,4,15000,3,Occupied
ROOM000052,HOT0183,114,Standard,4,7000,12,Maintenance
ROOM000053,HOT0240,825,Suite,5,2500,2,Occupied
ROOM000054,HOT0103,455,Family,5,5000,15,Occupied
ROOM000055,HOT0243,883,Executive,4,7000,11,Maintenance
ROOM000056,HOT0068,335,Deluxe,4,2500,10,Occupied
ROOM000057,HOT0017,544,Suite,6,5000,9,Available
ROOM000058,HOT0047,391,Presidential,5,5000,8,Occupied
ROOM000059,HOT0022,910,Deluxe,2,15000,8,Occupied
ROOM000060,HOT0179,509,Presidential,5,-3500,1,Occupied
ROOM000061,HOT0245,520,Deluxe,3,3500,4,Available
ROOM000062,HOT0153,702,Executive,2,3500,15,Available
ROOM000063,HOT0181,374,Suite,6,2500,8,Available
ROOM000064,HOT0189,758,Executive,4,2500,6,Maintenance
ROOM000065,HOT0070,277,Executive,5,7000,8,Occupied
ROOM000066,HOT0096,349,,3,10000,12,Occupied
ROOM000067,HOT0208,889,Deluxe,2,15000,6,Maintenance
ROOM000068,HOT0241,738,Deluxe,3,15000,1,Available
ROOM000069,HOT0047,430,Standard,3,15000,15,Maintenance
ROOM000070,HOT0143,538,Suite,4,3500,8,Maintenance
ROOM000071,HOT0059,569,Standard,4,5000,12,Available
ROOM000072,HOT0246,290,Family,6,15000,3,Occupied
ROOM000073,HOT0016,947,Deluxe,2,10000,15,Occupied
ROOM000074,HOT0026,933,Deluxe,6,5000,7,Occupied
ROOM000075,HOT0182,459,Family,1,3500,5,Available
ROOM000076,HOT0029,349,Standard,3,10000,2,Occupied
ROOM000077,HOT0027,271,Presidential,4,-2500,4,Available
ROOM000078,HOT0119,809,Standard,6,2500,2,Maintenance
ROOM000079,HOT0023,377,Deluxe,4,10000,9,Maintenance
ROOM000080,HOT0227,716,Deluxe,5,10000,7,Available
ROOM000081,HOT0205,261,Standard,6,3500,13,Maintenance
ROOM000082,HOT0093,401,Deluxe,3,2500,5,Maintenance
ROOM000083,HOT0030,365,Family,2,10000,6,Available
ROOM000084,HOT0208,648,Deluxe,4,5000,8,Available
ROOM000085,HOT0031,137,Family,6,5000,12,Available
ROOM000086,HOT0223,535,Deluxe,1,15000,14,Available
ROOM000087,HOT0099,862,Standard,2,10000,1,Occupied
ROOM000088,HOT0221,170,Executive,6,5000,7,Maintenance
ROOM000089,HOT0051,961,Family,2,7000,13,Occupied
ROOM000090,HOT0215,153,Standard,4,7000,7,Maintenance
ROOM000091,HOT0061,209,Standard,4,2500,8,Maintenance
ROOM000092,HOT0241,473,Presidential,6,2500,9,Available
ROOM000093,HOT0085,655,Executive,1,10000,7,Occupied
ROOM000094,HOT0009,851,Presidential,6,10000,7,Occupied
ROOM000095,HOT0092,768,Standard,6,5000,6,Occupied
ROOM000096,HOT0197,675,Suite,4,15000,15,Occupied
ROOM000097,HOT0171,566,Presidential,2,7000,14,Occupied
ROOM000098,HOT0093,631,Deluxe,2,3500,7,Occupied
ROOM000099,HOT0005,888,Executive,6,10000,15,Available
ROOM000100,HOT0144,776,Suite,2,10000,15,Occupied
ROOM000101,HOT0222,970,Executive,2,3500,10,Occupied
ROOM000102,HOT0038,218,Deluxe,6,10000,11,Maintenance
ROOM000103,HOT0057,500,Family,4,10000,13,Available
ROOM000104,HOT0202,365,Standard,6,5000,15,Available
ROOM000105,HOT0147,553,Presidential,3,5000,15,Maintenance
ROOM000106,HOT0063,919,Family,1,15000,5,Occupied
ROOM000107,HOT0137,645,Suite,5,10000,8,Maintenance
ROOM000108,HOT0083,565,Family,2,2500,12,Available
ROOM000109,HOT0143,558,Executive,2,3500,15,Maintenance
ROOM000110,HOT0084,151,Family,5,3500,6,Occupied
ROOM000111,HOT0002,905,Executive,4,10000,4,Maintenance
ROOM000112,HOT0194,978,Presidential,6,3500,9,Available
ROOM000113,HOT0213,418,Presidential,4,15000,10,Occupied
ROOM000114,HOT0031,905,Executive,6,10000,14,Occupied
ROOM000115,HOT0217,335,Deluxe,1,2500,6,Occupied
ROOM000116,HOT0097,801,Executive,4,2500,3,Occupied
ROOM000117,HOT0233,155,Presidential,6,15000,13,Maintenance
ROOM000118,HOT0250,247,Presidential,4,10000,4,Available
ROOM000119,HOT0162,967,Deluxe,4,10000,10,Available
ROOM000120,HOT0081,462,Suite,6,2500,10,Available
ROOM000121,HOT0122,972,Standard,3,15000,8,Available
ROOM000122,HOT0245,568,Presidential,1,2500,11,Maintenance
ROOM000123,HOT0131,523,Presidential,4,2500,9,Maintenance
ROOM000124,HOT0084,192,Executive,3,10000,3,Maintenance
ROOM000125,HOT0199,975,Family,5,3500,6,Occupied
ROOM000126,HOT0019,420,Deluxe,4,7000,5,Occupied
ROOM000127,HOT0036,925,Deluxe,6,15000,1,Occupied
ROOM000128,HOT0040,801,,3,5000,1,Available
ROOM000129,HOT0196,274,Suite,2,10000,13,Available
ROOM000130,HOT0212,160,Presidential,6,5000,15,Maintenance
ROOM000131,HOT0064,994,Executive,4,3500,7,Maintenance
ROOM000132,HOT0142,319,Family,3,2500,13,Available
ROOM000133,HOT0181,569,Executive,2,2500,7,Available
ROOM000134,HOT0075,216,Family,3,3500,13,Occupied
ROOM000135,HOT0093,647,Deluxe,1,3500,1,Available
ROOM000136,HOT0172,364,Suite,6,10000,7,Maintenance
ROOM000137,HOT0073,361,Suite,6,7000,14,Maintenance
ROOM000138,HOT0106,852,Family,4,2500,1,Occupied
ROOM000139,HOT0182,999,Standard,4,15000,15,Available
ROOM000140,HOT0004,625,Presidential,6,2500,11,Occupied
ROOM000141,HOT0131,682,Family,4,2500,7,Maintenance
ROOM000142,HOT0214,989,Standard,2,3500,9,Available
ROOM000143,HOT0077,788,Deluxe,6,7000,4,Maintenance
ROOM000144,HOT0098,933,Suite,4,2500,2,Maintenance
ROOM000145,HOT0069,593,Executive,1,3500,5,Available
ROOM000146,HOT0112,221,Presidential,6,15000,14,Available
ROOM000147,HOT0206,838,Executive,5,15000,9,Maintenance
ROOM000148,HOT0026,485,Suite,2,7000,6,Maintenance
ROOM000149,HOT0187,547,Executive,3,3500,15,Available
ROOM000150,HOT0008,522,Standard,2,15000,5,Available
ROOM000151,HOT0025,458,Suite,5,2500,14,Occupied
ROOM000152,HOT0116,750,Presidential,1,5000,7,Maintenance
ROOM000153,HOT0177,998,Deluxe,3,5000,3,Available
ROOM000154,HOT0222,198,Executive,4,5000,8,Occupied
ROOM000155,HOT0223,467,Deluxe,6,2500,10,Occupied
ROOM000156,HOT0059,171,Suite,4,3500,14,Available
ROOM000157,HOT0020,135,Deluxe,3,7000,12,Available
ROOM000158,HOT0112,595,Presidential,3,5000,13,Occupied
ROOM000159,HOT0243,824,Executive,3,7000,7,Maintenance
ROOM000160,HOT0160,804,Suite,1,15000,10,Available
ROOM000161,HOT0184,198,Executive,2,10000,5,Maintenance
ROOM000162,HOT0241,783,Standard,4,5000,1,Occupied
ROOM000163,HOT0222,749,Deluxe,6,10000,14,Maintenance
ROOM000164,HOT0039,379,Family,6,2500,15,Maintenance
ROOM000165,HOT0195,896,Deluxe,6,10000,6,Available
ROOM000166,HOT0088,968,Presidential,2,3500,2,Maintenance
ROOM000167,HOT0177,577,Suite,1,5000,7,Maintenance
ROOM000168,HOT0047,480,Presidential,1,15000,5,Occupied
ROOM000169,HOT0031,770,Presidential,6,3500,8,Occupied
ROOM000170,HOT0154,431,Presidential,1,15000,6,Available
ROOM000171,HOT0091,474,Deluxe,5,2500,1,Available
ROOM000172,HOT0211,969,Suite,1,2500,12,Maintenance
ROOM000173,HOT0149,916,,3,15000,14,Maintenance
ROOM000174,HOT0237,769,Suite,1,3500,2,Available
ROOM000175,HOT0029,613,Presidential,4,10000,6,Maintenance
ROOM000176,HOT0103,611,Standard,3,7000,4,Occupied
ROOM000177,HOT0099,520,Suite,5,10000,15,Occupied
ROOM000178,HOT0119,876,Presidential,6,5000,11,Maintenance
ROOM000179,HOT0132,784,Presidential,4,5000,7,Available
ROOM000180,HOT0150,990,Standard,3,3500,4,Maintenance
ROOM000181,HOT0134,570,Standard,2,7000,12,Maintenance
ROOM000182,HOT0213,560,Executive,6,2500,8,Available
ROOM000183,HOT0071,420,Executive,1,7000,10,Available
ROOM000184,HOT0087,717,Standard,5,7000,14,Maintenance
ROOM000185,HOT0099,821,Standard,2,3500,2,Available
ROOM000186,HOT0114,997,Standard,5,2500,10,Maintenance
ROOM000187,HOT0187,591,Presidential,2,3500,2,Occupied
ROOM000188,HOT0105,818,Family,4,-15000,8,Occupied
ROOM000189,HOT0169,843,Suite,4,7000,15,Available
ROOM000190,HOT0090,831,Suite,1,10000,15,Occupied
ROOM000191,HOT0238,149,Standard,5,7000,7,Available
ROOM000192,HOT0205,385,Presidential,6,3500,15,Maintenance
ROOM000193,HOT0233,978,Family,6,5000,14,Available
ROOM000194,HOT0178,344,Deluxe,2,10000,9,Available
ROOM000195,HOT0138,845,Executive,5,10000,9,Occupied
ROOM000196,HOT0108,890,Family,5,10000,15,Occupied
ROOM000197,HOT0045,988,Executive,6,3500,4,Available
ROOM000198,HOT0058,199,Deluxe,1,15000,9,Maintenance
ROOM000199,HOT0016,118,Presidential,6,15000,15,Occupied
ROOM000200,HOT0047,208,Suite,5,3500,15,Available
ROOM000201,HOT0142,711,Family,4,15000,5,Occupied
ROOM000202,HOT0058,846,Executive,1,15000,8,Maintenance
ROOM000203,HOT0113,413,Executive,6,10000,4,Occupied
ROOM000204,HOT0069,936,Family,2,3500,4,Available
ROOM000205,HOT0196,603,Suite,6,7000,4,Available
ROOM000206,HOT0142,563,Deluxe,5,15000,4,Available
ROOM000207,HOT0207,963,Presidential,2,7000,12,Available
ROOM000208,HOT0220,750,Standard,1,10000,14,Occupied
ROOM000209,HOT0171,882,Executive,4,5000,1,Occupied
ROOM000210,HOT0231,450,Suite,4,5000,3,Available
ROOM000211,HOT0110,703,Presidential,2,10000,10,Occupied
ROOM000212,HOT0154,254,Suite,3,5000,7,Occupied
ROOM000213,HOT0144,403,Family,2,2500,8,Occupied
ROOM000214,HOT0069,802,Deluxe,5,3500,11,Available
ROOM000215,HOT0176,789,Family,6,10000,7,Maintenance
ROOM000216,HOT0206,273,Suite,2,15000,11,Occupied
ROOM000217,HOT0042,365,Executive,1,5000,2,Available
ROOM000218,HOT0079,401,Family,5,15000,1,Occupied
ROOM000219,HOT0022,189,Deluxe,3,2500,13,Occupied
ROOM000220,HOT0001,735,Family,3,3500,4,Available
ROOM000221,HOT0127,309,Suite,4,3500,6,Occupied
ROOM000222,HOT0063,717,Deluxe,6,15000,7,Occupied
ROOM000223,HOT0033,315,Deluxe,5,10000,11,Occupied
ROOM000224,HOT0223,456,Deluxe,5,15000,8,Available
ROOM000225,HOT0131,464,Standard,1,7000,13,Available
ROOM000226,HOT0162,908,Presidential,6,3500,6,Available
ROOM000227,HOT0191,339,Deluxe,2,10000,9,Occupied
ROOM000228,HOT0017,210,Presidential,3,3500,2,Maintenance
ROOM000229,HOT0064,836,Presidential,1,3500,12,Occupied
ROOM000230,HOT0073,635,Executive,2,7000,4,Occupied
ROOM000231,HOT0107,881,Deluxe,4,15000,9,Available
ROOM000232,HOT0025,534,Presidential,6,7000,4,Occupied
ROOM000233,HOT0128,813,Suite,4,7000,3,Occupied
ROOM000234,HOT0160,442,Executive,2,3500,4,Available
ROOM000235,HOT0181,178,Presidential,2,2500,10,Maintenance
ROOM000236,HOT0178,978,Executive,6,10000,14,Occupied
ROOM000237,HOT0018,641,Standard,5,5000,4,Available
ROOM000238,HOT0237,958,Presidential,6,3500,1,Maintenance
ROOM000239,HOT0046,993,Standard,2,7000,13,Occupied
ROOM000240,HOT0157,998,Deluxe,1,5000,1,Occupied
ROOM000241,HOT0096,344,Executive,6,10000,1,Available
ROOM000242,HOT0199,330,Family,4,10000,5,Maintenance
ROOM000243,HOT0059,484,Deluxe,5,15000,4,Available
ROOM000244,HOT0186,472,Family,4,10000,2,Occupied
ROOM000245,HOT0054,879,Suite,1,7000,3,Available
ROOM000246,HOT0005,942,Deluxe,3,2500,5,Available
ROOM000247,HOT0076,527,Executive,6,15000,15,Maintenance
ROOM000248,HOT0196,110,Deluxe,2,10000,6,Maintenance
ROOM000249,HOT0219,801,Deluxe,4,2500,2,Available
ROOM000250,HOT0137,965,Deluxe,3,2500,9,Maintenance
ROOM000251,HOT0235,383,Executive,3,3500,14,Maintenance
ROOM000252,HOT0100,364,Standard,3,2500,12,Available
ROOM000253,HOT0175,748,Standard,2,2500,8,Available
ROOM000254,HOT0038,972,Family,6,7000,5,Available
ROOM000255,HOT0146,890,Deluxe,5,10000,13,Maintenance
ROOM000256,HOT0063,264,Presidential,4,15000,2,Occupied
ROOM000257,HOT0004,327,Suite,2,10000,7,Maintenance
ROOM000258,HOT0029,297,Deluxe,1,5000,7,Occupied
ROOM000259,HOT0230,298,Standard,2,10000,7,Maintenance
ROOM000260,HOT0020,586,Standard,6,10000,12,Occupied
ROOM000261,HOT0075,829,Standard,4,5000,8,Maintenance
ROOM000262,HOT0191,314,Presidential,3,2500,12,Available
ROOM000263,HOT0149,658,Family,1,3500,5,Maintenance
ROOM000264,HOT0147,812,Deluxe,3,7000,5,Occupied
ROOM000265,HOT0156,707,Suite,3,-2500,3,Maintenance
ROOM000266,HOT0166,202,Presidential,2,3500,13,Maintenance
ROOM000267,HOT0044,240,Deluxe,4,7000,14,Available
ROOM000268,HOT0158,974,Presidential,4,15000,1,Occupied
ROOM000269,HOT0071,148,Deluxe,2,2500,11,Maintenance
ROOM000270,HOT0241,236,Presidential,6,10000,8,Maintenance
ROOM000271,HOT0082,260,Presidential,2,7000,1,Maintenance
ROOM000272,HOT0142,106,Presidential,6,7000,4,Occupied
ROOM000273,HOT0225,311,Family,5,10000,2,Occupied
ROOM000274,HOT0215,584,Executive,2,5000,15,Maintenance
ROOM000275,HOT0079,400,Deluxe,3,15000,2,Available
ROOM000276,HOT0148,879,Suite,1,3500,6,Occupied
ROOM000277,HOT0090,984,Deluxe,3,2500,1,Maintenance
ROOM000278,HOT0009,190,Standard,6,10000,3,Occupied
ROOM000279,HOT0096,100,Standard,6,3500,12,Maintenance
ROOM000280,HOT0171,829,Standard,3,2500,2,Available
ROOM000281,HOT0121,180,Executive,1,3500,13,Available
ROOM000282,HOT0023,716,Presidential,3,2500,12,Maintenance
ROOM000283,HOT0136,789,Family,3,3500,4,Available
ROOM000284,HOT0007,384,Family,2,15000,5,Available
ROOM000285,HOT0110,774,Suite,6,2500,11,Available
ROOM000286,HOT0234,601,Executive,6,5000,6,Occupied
ROOM000287,HOT0073,703,Family,2,15000,1,Maintenance
ROOM000288,HOT0245,170,Presidential,6,7000,12,Available
ROOM000289,HOT0145,737,Family,2,3500,7,Available
ROOM000290,HOT0123,862,Deluxe,5,3500,11,Available
ROOM000291,HOT0067,991,Family,5,2500,3,Available
ROOM000292,HOT0135,470,Presidential,4,10000,7,Occupied
ROOM000293,HOT0044,265,Deluxe,2,15000,11,Available
ROOM000294,HOT0076,100,Suite,2,10000,2,Available
ROOM000295,HOT0215,519,Executive,4,3500,6,Available
ROOM000296,HOT0068,190,Deluxe,6,3500,1,Available
ROOM000297,HOT0103,812,Standard,6,15000,9,Available
ROOM000298,HOT0089,552,Family,5,3500,12,Occupied
ROOM000299,HOT0122,649,Executive,5,-10000,4,Occupied
ROOM000300,HOT0038,450,Standard,5,15000,2,Occupied
ROOM000301,HOT0128,844,Executive,4,7000,3,Occupied
ROOM000302,HOT0010,880,Executive,2,7000,10,Maintenance
ROOM000303,HOT0237,330,Suite,2,3500,3,Available
ROOM000304,HOT0202,676,Standard,6,2500,3,Available
ROOM000305,HOT0243,655,Suite,2,10000,4,Maintenance
ROOM000306,HOT0052,659,Presidential,1,3500,13,Available
ROOM000307,HOT0172,534,Deluxe,2,5000,8,Occupied
ROOM000308,HOT0073,440,Suite,2,2500,15,Available
ROOM000309,HOT0026,149,Executive,2,15000,14,Maintenance
ROOM000310,HOT0032,141,Family,2,3500,7,Occupied
ROOM000311,HOT0235,169,Family,5,7000,5,Available
ROOM000312,HOT0034,255,Presidential,6,15000,12,Occupied
ROOM000313,HOT0202,243,Presidential,6,10000,2,Available
ROOM000314,HOT0246,162,Presidential,4,2500,10,Maintenance
ROOM000315,HOT0115,402,Deluxe,4,10000,1,Occupied
ROOM000316,HOT0031,187,,3,15000,15,Available
ROOM000317,HOT0076,645,Executive,4,10000,12,Available
ROOM000318,HOT0028,259,Deluxe,1,15000,3,Maintenance
ROOM000319,HOT0030,733,Deluxe,2,15000,11,Maintenance
ROOM000320,HOT0021,534,Suite,6,10000,14,Available
ROOM000321,HOT0224,726,Standard,2,7000,15,Maintenance
ROOM000322,HOT0038,755,Deluxe,5,15000,4,Available
ROOM000323,HOT0228,618,Executive,2,15000,6,Occupied
ROOM000324,HOT0007,748,Presidential,1,2500,4,Available
ROOM000325,HOT0033,817,Presidential,4,5000,7,Available
ROOM000326,HOT0132,849,Deluxe,6,15000,2,Available
ROOM000327,HOT0166,688,Standard,3,5000,9,Available
ROOM000328,HOT0021,231,Suite,3,10000,5,Occupied
ROOM000329,HOT0191,660,Family,4,7000,11,Available
ROOM000330,HOT0062,234,Standard,3,10000,9,Occupied
ROOM000331,HOT0160,748,Suite,5,2500,5,Available
ROOM000332,HOT0115,656,Deluxe,5,7000,4,Occupied
ROOM000333,HOT0156,912,Deluxe,3,2500,13,Available
ROOM000334,HOT0136,578,Family,3,10000,2,Maintenance
ROOM000335,HOT0056,799,Presidential,3,7000,14,Occupied
ROOM000336,HOT0198,605,Standard,4,7000,1,Occupied
ROOM000337,HOT0081,145,Deluxe,1,10000,14,Occupied
ROOM000338,HOT0215,993,Executive,2,15000,8,Maintenance
ROOM000339,HOT0217,172,Deluxe,6,2500,9,Occupied
ROOM000340,HOT0096,221,Presidential,1,15000,9,Maintenance
ROOM000341,HOT0048,173,Family,3,3500,9,Maintenance
ROOM000342,HOT0242,158,Executive,3,5000,5,Available
ROOM000343,HOT0229,441,Executive,4,2500,14,Available
ROOM000344,HOT0220,104,Executive,1,15000,1,Maintenance
ROOM000345,HOT0173,556,Deluxe,5,10000,14,Available
ROOM000346,HOT0045,769,Suite,1,3500,3,Occupied
ROOM000347,HOT0117,638,Deluxe,3,2500,11,Occupied
ROOM000348,HOT0108,164,Suite,5,7000,13,Occupied
ROOM000349,HOT0222,491,Presidential,4,15000,1,Occupied
ROOM000350,HOT0118,493,Executive,1,2500,10,Available
ROOM000351,HOT0052,756,Suite,1,10000,1,Maintenance
ROOM000352,HOT0115,365,Presidential,4,3500,1,Maintenance
ROOM000353,HOT0067,230,Family,1,3500,10,Maintenance
ROOM000354,HOT0171,604,Standard,2,2500,8,Available
ROOM000355,HOT0192,802,Family,4,10000,2,Occupied
ROOM000356,HOT0188,627,Presidential,3,5000,10,Available
ROOM000357,HOT0083,859,Family,1,-3500,1,Occupied
ROOM000358,HOT0143,691,Family,1,10000,2,Available
ROOM000359,HOT0114,657,Family,4,15000,6,Available
ROOM000360,HOT0154,209,Standard,4,2500,12,Occupied
ROOM000361,HOT0079,628,Executive,6,5000,3,Available
ROOM000362,HOT0103,959,Suite,2,10000,5,Occupied
ROOM000363,HOT0228,852,Presidential,3,2500,15,Maintenance
ROOM000364,HOT0008,300,Deluxe,4,5000,2,Available
ROOM000365,HOT0123,459,Presidential,2,3500,7,Maintenance
ROOM000366,HOT0037,668,Suite,2,5000,9,Maintenance
ROOM000367,HOT0207,347,Suite,4,10000,1,Occupied
ROOM000368,HOT0019,743,Standard,4,10000,5,Maintenance
ROOM000369,HOT0246,842,Family,2,2500,1,Maintenance
ROOM000370,HOT0250,994,Standard,5,15000,9,Maintenance
ROOM000371,HOT0129,734,Standard,4,15000,8,Maintenance
ROOM000372,HOT0141,276,Presidential,5,7000,8,Occupied
ROOM000373,HOT0103,212,Family,3,15000,10,Occupied
ROOM000374,HOT0171,283,Executive,1,10000,7,Occupied
ROOM000375,HOT0154,408,Presidential,3,5000,7,Maintenance
ROOM000376,HOT0187,593,Executive,1,5000,5,Maintenance
ROOM000377,HOT0092,896,Deluxe,6,7000,4,Occupied
ROOM000378,HOT0209,132,Family,2,10000,9,Maintenance
ROOM000379,HOT0156,930,Presidential,4,3500,4,Available
ROOM000380,HOT0083,570,Deluxe,2,7000,6,Occupied
ROOM000381,HOT0127,961,Deluxe,1,7000,13,Occupied
ROOM000382,HOT0130,172,Family,6,-10000,4,Available
ROOM000383,HOT0205,906,Suite,2,2500,1,Occupied
ROOM000384,HOT0143,383,Family,4,15000,10,Available
ROOM000385,HOT0148,514,Standard,2,5000,15,Available
ROOM000386,HOT0193,714,Presidential,1,2500,14,Maintenance
ROOM000387,HOT0053,943,Presidential,4,2500,11,Available
ROOM000388,HOT0213,936,Executive,3,5000,12,Occupied
ROOM000389,HOT0241,365,Presidential,3,15000,13,Available
ROOM000390,HOT0156,952,Presidential,3,7000,6,Maintenance
ROOM000391,HOT0078,921,Executive,3,5000,6,Maintenance
ROOM000392,HOT0182,322,Presidential,2,7000,13,Available
ROOM000393,HOT0068,677,Family,1,5000,12,Available
ROOM000394,HOT0248,355,Standard,2,5000,8,Maintenance
ROOM000395,HOT0076,483,Standard,5,5000,9,Occupied
ROOM000396,HOT0157,471,Deluxe,6,7000,11,Available
ROOM000397,HOT0073,230,Executive,2,7000,12,Maintenance
ROOM000398,HOT0152,771,Family,3,15000,11,Maintenance
ROOM000399,HOT0100,476,Deluxe,3,7000,9,Available
ROOM000400,HOT0202,963,Deluxe,3,2500,13,Maintenance
ROOM000401,HOT0011,893,Suite,3,2500,6,Occupied
ROOM000402,HOT0234,319,Family,6,15000,12,Available
ROOM000403,HOT0225,459,Executive,5,3500,7,Maintenance
ROOM000404,HOT0137,378,Family,4,5000,4,Occupied
ROOM000405,HOT0250,443,Presidential,6,7000,5,Maintenance
ROOM000406,HOT0078,400,Executive,5,10000,10,Maintenance
ROOM000407,HOT0132,610,Presidential,2,3500,3,Occupied
ROOM000408,HOT0104,163,Family,1,3500,6,Available
ROOM000409,HOT0114,248,Deluxe,4,5000,3,Occupied
ROOM000410,HOT0104,311,Family,5,10000,15,Available
ROOM000411,HOT0044,675,Deluxe,3,15000,13,Maintenance
ROOM000412,HOT0001,418,Deluxe,1,2500,14,Available
ROOM000413,HOT0162,695,Standard,6,-7000,8,Maintenance
ROOM000414,HOT0118,152,Suite,5,3500,8,Maintenance
ROOM000415,HOT0035,989,Presidential,6,10000,1,Occupied
ROOM000416,HOT0031,328,Suite,1,5000,11,Available
ROOM000417,HOT0151,109,Deluxe,4,15000,8,Occupied
ROOM000418,HOT0135,423,,2,15000,6,Occupied
ROOM000419,HOT0168,384,Family,1,5000,14,Available
ROOM000420,HOT0185,644,Deluxe,3,3500,15,Available
ROOM000421,HOT0085,402,Suite,5,10000,9,Available
ROOM000422,HOT0172,105,Family,3,5000,2,Occupied
ROOM000423,HOT0069,487,Family,1,5000,12,Maintenance
ROOM000424,HOT0115,636,Family,6,2500,10,Occupied
ROOM000425,HOT0236,896,Standard,6,2500,3,Occupied
ROOM000426,HOT0018,200,Suite,1,2500,4,Maintenance
ROOM000427,HOT0199,951,Family,1,7000,3,Maintenance
ROOM000428,HOT0118,862,Family,1,10000,4,Maintenance
ROOM000429,HOT0230,251,Presidential,6,7000,8,Available
ROOM000430,HOT0066,761,Suite,3,15000,15,Available
ROOM000431,HOT0056,280,Suite,3,2500,15,Available
ROOM000432,HOT0042,302,Deluxe,3,3500,4,Maintenance
ROOM000433,HOT0244,319,Standard,1,5000,3,Maintenance
ROOM000434,HOT0165,935,Suite,3,5000,12,Occupied
ROOM000435,HOT0003,301,Standard,3,7000,1,Maintenance
ROOM000436,HOT0211,734,Deluxe,2,7000,6,Available
ROOM000437,HOT0061,573,Presidential,2,3500,11,Available
ROOM000438,HOT0063,532,Suite,2,10000,13,Occupied
ROOM000439,HOT0163,824,Suite,2,10000,5,Available
ROOM000440,HOT0049,583,Executive,2,5000,4,Maintenance
ROOM000441,HOT0084,367,Standard,6,2500,6,Available
ROOM000442,HOT0075,759,Suite,1,2500,5,Occupied
ROOM000443,HOT0049,953,Family,3,7000,4,Maintenance
ROOM000444,HOT0111,162,Deluxe,4,10000,9,Occupied
ROOM000445,HOT0175,400,Family,6,10000,4,Available
ROOM000446,HOT0128,455,Family,6,5000,2,Maintenance
ROOM000447,HOT0167,656,Suite,3,7000,2,Maintenance
ROOM000448,HOT0038,841,Presidential,1,10000,9,Available
ROOM000449,HOT0035,920,Suite,4,2500,2,Occupied
ROOM000450,HOT0173,661,Suite,4,5000,4,Occupied
ROOM000451,HOT0151,840,Deluxe,2,-15000,7,Available
ROOM000452,HOT0109,119,Standard,4,5000,14,Maintenance
ROOM000453,HOT0008,339,Family,2,5000,11,Available
ROOM000454,HOT0056,428,Standard,4,7000,10,Maintenance
ROOM000455,HOT0142,757,Executive,2,2500,11,Occupied
ROOM000456,HOT0048,964,Standard,3,3500,13,Occupied
ROOM000457,HOT0247,934,Family,6,7000,8,Maintenance
ROOM000458,HOT0176,370,Deluxe,6,7000,3,Occupied
ROOM000459,HOT0171,902,Family,4,2500,1,Available
ROOM000460,HOT0154,535,Deluxe,6,2500,8,Available
ROOM000461,HOT0150,948,Suite,4,10000,2,Maintenance
ROOM000462,HOT0128,711,Deluxe,6,10000,4,Occupied
ROOM000463,HOT0077,600,Presidential,6,5000,2,Occupied
ROOM000464,HOT0149,979,Suite,3,5000,2,Occupied
ROOM000465,HOT0067,852,Presidential,1,15000,9,Maintenance
ROOM000466,HOT0075,525,Deluxe,3,7000,3,Occupied
ROOM000467,HOT0225,379,Standard,5,5000,8,Occupied
ROOM000468,HOT0064,125,Executive,5,15000,1,Available
ROOM000469,HOT0023,939,Deluxe,1,3500,2,Maintenance
ROOM000470,HOT0229,450,Suite,4,3500,15,Occupied
ROOM000471,HOT0003,868,Standard,1,2500,2,Maintenance
ROOM000472,HOT0109,275,Suite,3,15000,10,Occupied
ROOM000473,HOT0061,202,Standard,1,10000,6,Maintenance
ROOM000474,HOT0243,193,Deluxe,4,7000,10,Maintenance
ROOM000475,HOT0180,839,Suite,2,3500,2,Available
ROOM000476,HOT0146,605,Suite,6,15000,1,Occupied
ROOM000477,HOT0036,247,Deluxe,5,10000,1,Maintenance
ROOM000478,HOT0071,674,Suite,5,7000,13,Occupied
ROOM000479,HOT0212,396,Family,5,15000,6,Available
ROOM000480,HOT0114,771,Suite,1,15000,13,Available
ROOM000481,HOT0037,372,Family,5,5000,2,Maintenance
ROOM000482,HOT0226,649,Standard,5,15000,7,Occupied
ROOM000483,HOT0152,805,Deluxe,2,7000,11,Available
ROOM000484,HOT0086,800,Suite,6,2500,2,Occupied
ROOM000485,HOT0204,445,Suite,6,10000,4,Available
ROOM000486,HOT0147,663,Presidential,2,2500,14,Available
ROOM000487,HOT0079,696,Suite,6,3500,3,Occupied
ROOM000488,HOT0005,751,Family,5,15000,12,Occupied
ROOM000489,HOT0020,109,Family,4,2500,10,Maintenance
ROOM000490,HOT0014,398,Executive,6,5000,2,Available
ROOM000491,HOT0020,596,Standard,4,10000,9,Available
ROOM000492,HOT0078,305,Family,6,3500,3,Available
ROOM000493,HOT0099,285,Family,1,2500,13,Maintenance
ROOM000494,HOT0129,338,Deluxe,6,15000,1,Maintenance
ROOM000495,HOT0108,442,Standard,5,10000,11,Occupied
ROOM000496,HOT0216,854,Presidential,2,15000,13,Maintenance
ROOM000497,HOT0149,260,Standard,6,7000,15,Occupied
ROOM000498,HOT0214,224,Presidential,3,5000,13,Occupied
ROOM000499,HOT0217,888,Suite,1,10000,14,Maintenance
ROOM000500,HOT0142,360,Family,6,2500,7,Available
ROOM000501,HOT0058,252,Standard,2,5000,3,Occupied
ROOM000502,HOT0215,314,Deluxe,3,2500,9,Available
ROOM000503,HOT0148,312,Presidential,4,5000,6,Maintenance
ROOM000504,HOT0038,699,Executive,5,7000,6,Maintenance
ROOM000505,HOT0247,207,Suite,3,15000,5,Available
ROOM000506,HOT0230,975,Suite,4,10000,10,Available
ROOM000507,HOT0169,186,Suite,2,3500,10,Occupied
ROOM000508,HOT0219,433,Family,4,5000,3,Maintenance
ROOM000509,HOT0106,945,Deluxe,5,15000,14,Available
ROOM000510,HOT0012,469,Suite,5,5000,5,Available
ROOM000511,HOT0005,536,Standard,4,3500,8,Occupied
ROOM000512,HOT0040,966,Standard,3,15000,6,Occupied
ROOM000513,HOT0210,288,Executive,4,5000,11,Maintenance
ROOM000514,HOT0176,273,Deluxe,2,7000,8,Occupied
ROOM000515,HOT0196,859,Deluxe,1,3500,11,Occupied
ROOM000516,HOT0004,337,Family,2,10000,14,Available
ROOM000517,HOT0169,563,Presidential,4,5000,9,Available
ROOM000518,HOT0246,238,Presidential,4,7000,12,Available
ROOM000519,HOT0129,566,Family,5,15000,12,Maintenance
ROOM000520,HOT0010,497,Presidential,4,2500,14,Maintenance
ROOM000521,HOT0085,848,Deluxe,1,15000,7,Maintenance
ROOM000522,HOT0071,358,Executive,6,3500,1,Occupied
ROOM000523,HOT0067,875,Deluxe,3,7000,2,Maintenance
ROOM000524,HOT0246,968,Executive,6,2500,15,Available
ROOM000525,HOT0051,313,Standard,4,5000,3,Available
ROOM000526,HOT0201,152,Executive,1,2500,7,Maintenance
ROOM000527,HOT0001,670,Presidential,3,5000,11,Occupied
ROOM000528,HOT0088,403,Presidential,1,3500,4,Maintenance
ROOM000529,HOT0084,654,Deluxe,3,2500,8,Available
ROOM000530,HOT0088,254,Presidential,4,3500,8,Available
ROOM000531,HOT0157,786,Standard,5,7000,5,Occupied
ROOM000532,HOT0020,909,Executive,4,10000,9,Available
ROOM000533,HOT0204,573,Family,3,10000,7,Maintenance
ROOM000534,HOT0085,102,Presidential,4,15000,14,Maintenance
ROOM000535,HOT0170,474,Standard,1,10000,7,Maintenance
ROOM000536,HOT0061,909,Deluxe,2,5000,5,Available
ROOM000537,HOT0122,459,Executive,1,3500,15,Available
ROOM000538,HOT0081,721,Standard,5,5000,7,Available
ROOM000539,HOT0062,243,Deluxe,4,10000,15,Maintenance
ROOM000540,HOT0031,834,Family,4,3500,1,Maintenance
ROOM000541,HOT0096,861,Presidential,5,7000,11,Available
ROOM000542,HOT0003,443,Executive,1,2500,7,Available
ROOM000543,HOT0069,789,Family,1,-10000,1,Occupied
ROOM000544,HOT0044,105,Suite,6,10000,14,Maintenance
ROOM000545,HOT0055,482,Deluxe,5,3500,10,Occupied
ROOM000546,HOT0190,412,Deluxe,2,7000,13,Occupied
ROOM000547,HOT0166,591,Presidential,4,15000,11,Available
ROOM000548,HOT0149,977,Standard,2,5000,1,Maintenance
ROOM000549,HOT0218,503,Deluxe,1,5000,11,Occupied
ROOM000550,HOT0192,267,Executive,1,3500,2,Available
ROOM000551,HOT0104,938,Deluxe,2,3500,14,Maintenance
ROOM000552,HOT0116,798,Deluxe,3,5000,15,Maintenance
ROOM000553,HOT0065,615,Family,2,3500,7,Occupied
ROOM000554,HOT0175,219,Family,5,15000,3,Occupied
ROOM000555,HOT0146,638,Standard,3,7000,15,Available
ROOM000556,HOT0250,121,Suite,2,7000,12,Available
ROOM000557,HOT0027,931,Family,3,3500,3,Occupied
ROOM000558,HOT0110,740,Suite,4,15000,4,Maintenance
ROOM000559,HOT0192,261,Executive,2,10000,13,Maintenance
ROOM000560,HOT0050,650,Standard,3,15000,14,Available
ROOM000561,HOT0222,824,Executive,2,5000,6,Available
ROOM000562,HOT0003,142,Presidential,6,10000,4,Occupied
ROOM000563,HOT0178,268,Family,1,2500,11,Available
ROOM000564,HOT0024,507,Suite,2,5000,15,Occupied
ROOM000565,HOT0191,322,Presidential,3,5000,4,Occupied
ROOM000566,HOT0132,844,Standard,6,5000,11,Available
ROOM000567,HOT0146,332,Suite,2,10000,11,Maintenance
ROOM000568,HOT0228,110,Presidential,3,10000,6,Available
ROOM000569,HOT0179,127,Presidential,6,10000,13,Maintenance
ROOM000570,HOT0091,924,Deluxe,4,3500,8,Occupied
ROOM000571,HOT0138,642,Presidential,1,15000,7,Available
ROOM000572,HOT0222,600,Deluxe,4,7000,3,Occupied
ROOM000573,HOT0111,202,Standard,5,2500,2,Maintenance
ROOM000574,HOT0177,534,Presidential,2,10000,8,Occupied
ROOM000575,HOT0033,839,Deluxe,5,15000,8,Occupied
ROOM000576,HOT0218,682,,3,15000,8,Maintenance
ROOM000577,HOT0206,652,Presidential,3,7000,12,Available
ROOM000578,HOT0008,840,Deluxe,3,2500,4,Maintenance
ROOM000579,HOT0071,191,Suite,5,10000,6,Maintenance
ROOM000580,HOT0130,103,Standard,5,2500,14,Available
ROOM000581,HOT0109,691,Presidential,2,3500,10,Occupied
ROOM000582,HOT0072,400,Suite,6,2500,1,Maintenance
ROOM000583,HOT0054,128,Deluxe,1,15000,8,Available
ROOM000584,HOT0097,652,Executive,1,3500,4,Maintenance
ROOM000585,HOT0244,588,Standard,4,5000,4,Maintenance
ROOM000586,HOT0127,736,Family,5,3500,15,Available
ROOM000587,HOT0194,832,Standard,2,2500,10,Occupied
ROOM000588,HOT0097,678,Family,3,3500,8,Occupied
ROOM000589,HOT0160,691,Deluxe,1,10000,13,Available
ROOM000590,HOT0092,789,Presidential,4,3500,12,Maintenance
ROOM000591,HOT0085,699,Family,1,5000,12,Maintenance
ROOM000592,HOT0187,193,Family,5,3500,2,Maintenance
ROOM000593,HOT0159,584,Family,5,7000,13,Maintenance
ROOM000594,HOT0150,951,Deluxe,5,15000,13,Available
ROOM000595,HOT0074,693,Executive,2,15000,12,Maintenance
ROOM000596,HOT0132,208,Suite,4,7000,11,Available
ROOM000597,HOT0213,498,Family,2,5000,12,Available
ROOM000598,HOT0001,762,Family,3,7000,8,Available
ROOM000599,HOT0231,814,Family,1,5000,5,Occupied
ROOM000600,HOT0232,115,Presidential,4,2500,1,Occupied
ROOM000601,HOT0091,144,Presidential,1,2500,14,Occupied
ROOM000602,HOT0126,461,Standard,3,3500,12,Available
ROOM000603,HOT0008,669,Standard,6,5000,9,Maintenance
ROOM000604,HOT0104,931,,4,15000,2,Available
ROOM000605,HOT0014,477,Standard,5,2500,1,Maintenance
ROOM000606,HOT0018,607,Standard,6,2500,3,Available
ROOM000607,HOT0216,784,Suite,5,15000,8,Occupied
ROOM000608,HOT0031,262,Suite,5,15000,10,Available
ROOM000609,HOT0019,244,Standard,3,7000,1,Maintenance
ROOM000610,HOT0050,653,Standard,5,15000,9,Available
ROOM000611,HOT0210,332,Suite,2,10000,4,Maintenance
ROOM000612,HOT0040,453,Family,1,5000,6,Occupied
ROOM000613,HOT0053,552,Family,1,3500,12,Occupied
ROOM000614,HOT0112,373,Executive,2,2500,8,Maintenance
ROOM000615,HOT0056,850,Presidential,2,2500,2,Maintenance
ROOM000616,HOT0215,932,Family,6,15000,15,Available
ROOM000617,HOT0009,444,Deluxe,2,10000,5,Available
ROOM000618,HOT0231,237,Family,1,10000,13,Occupied
ROOM000619,HOT0114,398,Family,1,7000,15,Available
ROOM000620,HOT0137,857,Deluxe,3,3500,12,Occupied
ROOM000621,HOT0009,692,Family,6,3500,14,Occupied
ROOM000622,HOT0010,238,Deluxe,3,5000,13,Available
ROOM000623,HOT0234,707,Deluxe,2,2500,15,Occupied
ROOM000624,HOT0117,835,Family,5,7000,7,Available
ROOM000625,HOT0012,261,Suite,1,5000,7,Available
ROOM000626,HOT0073,528,Suite,4,5000,13,Occupied
ROOM000627,HOT0056,420,Standard,5,15000,8,Occupied
ROOM000628,HOT0027,499,Presidential,2,10000,6,Maintenance
ROOM000629,HOT0211,803,Suite,1,10000,7,Available
ROOM000630,HOT0003,155,Executive,4,7000,1,Occupied
ROOM000631,HOT0185,902,Suite,1,15000,5,Maintenance
ROOM000632,HOT0057,425,Standard,6,5000,9,Available
ROOM000633,HOT0104,545,Family,4,15000,14,Occupied
ROOM000634,HOT0016,414,Family,4,10000,10,Maintenance
ROOM000635,HOT0076,900,Deluxe,5,3500,3,Occupied
ROOM000636,HOT0212,576,Suite,1,15000,14,Occupied
ROOM000637,HOT0065,379,Presidential,4,3500,13,Available
ROOM000638,HOT0149,959,Presidential,2,2500,7,Occupied
ROOM000639,HOT0090,735,Family,4,5000,3,Available
ROOM000640,HOT0119,443,Presidential,4,5000,15,Occupied
ROOM000641,HOT0019,301,Standard,2,15000,6,Available
ROOM000642,HOT0037,820,Suite,1,10000,11,Maintenance
ROOM000643,HOT0011,446,Family,3,7000,9,Maintenance
ROOM000644,HOT0030,748,Standard,5,2500,15,Occupied
ROOM000645,HOT0217,241,Presidential,1,2500,14,Maintenance
ROOM000646,HOT0210,360,Deluxe,5,3500,8,Available
ROOM000647,HOT0039,722,Presidential,4,15000,7,Occupied
ROOM000648,HOT0161,117,Presidential,6,2500,9,Available
ROOM000649,HOT0169,529,Deluxe,1,15000,3,Available
ROOM000650,HOT0143,633,Family,4,15000,4,Occupied
ROOM000651,HOT0093,340,Family,6,5000,10,Occupied
ROOM000652,HOT0209,879,Family,6,15000,10,Available
ROOM000653,HOT0161,476,Family,2,5000,8,Maintenance
ROOM000654,HOT0206,473,Deluxe,6,3500,11,Occupied
ROOM000655,HOT0084,195,Family,2,5000,2,Available
ROOM000656,HOT0098,366,Family,1,7000,13,Occupied
ROOM000657,HOT0203,646,Deluxe,6,3500,5,Occupied
ROOM000658,HOT0038,700,Family,5,15000,4,Maintenance
ROOM000659,HOT0175,382,Executive,5,7000,6,Maintenance
ROOM000660,HOT0038,290,Family,5,10000,6,Occupied
ROOM000661,HOT0185,442,Family,6,15000,5,Available
ROOM000662,HOT0230,650,Presidential,1,15000,6,Available
ROOM000663,HOT0247,709,Presidential,6,2500,2,Occupied
ROOM000664,HOT0147,687,Family,5,3500,8,Maintenance
ROOM000665,HOT0053,141,Suite,5,2500,2,Available
ROOM000666,HOT0190,324,Presidential,2,10000,6,Occupied
ROOM000667,HOT0034,252,Presidential,5,5000,14,Maintenance
ROOM000668,HOT0082,660,Standard,1,5000,9,Maintenance
ROOM000669,HOT0054,554,Presidential,3,5000,8,Maintenance
ROOM000670,HOT0226,589,Deluxe,3,7000,13,Maintenance
ROOM000671,HOT0093,125,Standard,3,15000,3,Maintenance
ROOM000672,HOT0183,949,Family,4,10000,15,Available
ROOM000673,HOT0193,813,Deluxe,2,2500,13,Occupied
ROOM000674,HOT0060,848,Presidential,2,3500,9,Available
ROOM000675,HOT0102,251,Deluxe,5,5000,4,Available
ROOM000676,HOT0216,301,Deluxe,4,3500,7,Occupied
ROOM000677,HOT0040,437,Suite,3,2500,10,Maintenance
ROOM000678,HOT0188,372,Suite,5,15000,11,Available
ROOM000679,HOT0138,666,Suite,6,15000,2,Occupied
ROOM000680,HOT0219,390,Presidential,5,3500,1,Occupied
ROOM000681,HOT0149,135,Family,1,5000,2,Occupied
ROOM000682,HOT0238,194,Suite,6,3500,7,Occupied
ROOM000683,HOT0089,896,Deluxe,5,3500,11,Occupied
ROOM000684,HOT0053,738,Suite,6,5000,4,Available
ROOM000685,HOT0074,729,Family,1,2500,13,Maintenance
ROOM000686,HOT0229,756,Deluxe,5,10000,12,Occupied
ROOM000687,HOT0196,138,Deluxe,2,15000,10,Maintenance
ROOM000688,HOT0066,638,Suite,3,10000,6,Available
ROOM000689,HOT0083,298,Suite,3,7000,8,Available
ROOM000690,HOT0053,730,Standard,5,7000,6,Occupied
ROOM000691,HOT0116,323,Deluxe,6,10000,3,Occupied
ROOM000692,HOT0219,606,Suite,6,2500,12,Available
ROOM000693,HOT0089,294,Standard,1,10000,14,Available
ROOM000694,HOT0001,477,Executive,4,15000,3,Available
ROOM000695,HOT0244,338,Standard,4,2500,9,Maintenance
ROOM000696,HOT0166,953,Executive,1,10000,9,Maintenance
ROOM000697,HOT0183,797,Suite,5,3500,15,Occupied
ROOM000698,HOT0244,262,Presidential,1,5000,3,Maintenance
ROOM000699,HOT0232,868,Family,4,3500,14,Available
ROOM000700,HOT0181,407,Executive,2,5000,15,Occupied
ROOM000701,HOT0164,312,Standard,5,3500,1,Maintenance
ROOM000702,HOT0042,817,Suite,2,7000,9,Occupied
ROOM000703,HOT0116,435,Deluxe,3,3500,2,Occupied
ROOM000704,HOT0124,244,Deluxe,1,2500,11,Occupied
ROOM000705,HOT0005,861,Executive,3,5000,9,Available
ROOM000706,HOT0199,269,Presidential,1,10000,1,Available
ROOM000707,HOT0201,657,Deluxe,1,2500,5,Maintenance
ROOM000708,HOT0173,292,Suite,6,3500,10,Available
ROOM000709,HOT0117,523,Suite,1,15000,5,Maintenance
ROOM000710,HOT0010,345,Suite,4,7000,15,Maintenance
ROOM000711,HOT0193,627,Executive,5,2500,8,Occupied
ROOM000712,HOT0214,954,Family,1,7000,10,Occupied
ROOM000713,HOT0100,336,Deluxe,2,7000,13,Available
ROOM000714,HOT0198,380,Presidential,1,2500,7,Occupied
ROOM000715,HOT0197,961,Presidential,5,3500,4,Occupied
ROOM000716,HOT0027,914,Presidential,5,3500,6,Maintenance
ROOM000717,HOT0064,645,Suite,2,15000,6,Occupied
ROOM000718,HOT0034,973,Presidential,4,5000,2,Available
ROOM000719,HOT0096,650,Standard,2,5000,3,Maintenance
ROOM000720,HOT0195,113,Family,1,15000,14,Available
ROOM000721,HOT0113,482,Presidential,4,5000,12,Maintenance
ROOM000722,HOT0153,345,Suite,4,2500,14,Maintenance
ROOM000723,HOT0020,324,Presidential,1,15000,2,Maintenance
ROOM000724,HOT0003,684,Deluxe,5,2500,11,Maintenance
ROOM000725,HOT0211,239,Family,2,5000,7,Available
ROOM000726,HOT0194,369,Standard,5,5000,13,Occupied
ROOM000727,HOT0116,105,Presidential,2,2500,12,Maintenance
ROOM000728,HOT0131,582,Standard,4,-3500,9,Maintenance
ROOM000729,HOT0079,886,Deluxe,2,2500,12,Occupied
ROOM000730,HOT0088,376,Standard,4,10000,9,Available
ROOM000731,HOT0141,590,Executive,3,15000,7,Maintenance
ROOM000732,HOT0052,923,Deluxe,5,15000,14,Maintenance
ROOM000733,HOT0119,624,Family,2,3500,9,Maintenance
ROOM000734,HOT0193,855,Family,3,3500,10,Available
ROOM000735,HOT0061,125,Deluxe,4,2500,6,Available
ROOM000736,HOT0060,803,Suite,2,10000,2,Maintenance
ROOM000737,HOT0168,146,Suite,5,5000,14,Available
ROOM000738,HOT0043,931,Standard,5,5000,10,Available
ROOM000739,HOT0167,819,Deluxe,1,5000,5,Available
ROOM000740,HOT0086,278,Suite,1,2500,14,Occupied
ROOM000741,HOT0103,937,Family,4,5000,8,Occupied
ROOM000742,HOT0192,986,Executive,2,7000,15,Available
ROOM000743,HOT0106,196,Deluxe,6,10000,5,Available
ROOM000744,HOT0193,742,Executive,6,2500,13,Occupied
ROOM000745,HOT0033,239,Family,5,5000,8,Available
ROOM000746,HOT0007,822,Suite,6,5000,3,Occupied
ROOM000747,HOT0185,970,Standard,1,3500,10,Available
ROOM000748,HOT0071,772,Executive,4,3500,3,Occupied
ROOM000749,HOT0203,738,Standard,1,5000,7,Occupied
ROOM000750,HOT0155,650,Family,1,15000,6,Maintenance
ROOM000751,HOT0212,587,Suite,3,3500,7,Occupied
ROOM000752,HOT0146,718,Suite,5,3500,15,Occupied
ROOM000753,HOT0241,230,Standard,1,7000,8,Maintenance
ROOM000754,HOT0041,449,Standard,1,5000,1,Occupied
ROOM000755,HOT0172,895,Family,5,3500,14,Occupied
ROOM000756,HOT0035,773,Deluxe,1,15000,9,Available
ROOM000757,HOT0132,336,Presidential,3,3500,6,Occupied
ROOM000758,HOT0187,364,Executive,1,2500,2,Occupied
ROOM000759,HOT0146,505,Executive,1,7000,1,Occupied
ROOM000760,HOT0091,687,Deluxe,6,2500,1,Maintenance
ROOM000761,HOT0019,394,Presidential,3,5000,5,Available
ROOM000762,HOT0090,384,Executive,5,15000,14,Available
ROOM000763,HOT0122,861,Executive,1,7000,8,Maintenance
ROOM000764,HOT0016,452,Family,6,5000,5,Occupied
ROOM000765,HOT0057,433,Deluxe,6,15000,11,Maintenance
ROOM000766,HOT0181,702,Presidential,1,2500,1,Maintenance
ROOM000767,HOT0224,964,Family,2,10000,8,Available
ROOM000768,HOT0185,658,Family,6,15000,10,Occupied
ROOM000769,HOT0149,433,Deluxe,6,2500,13,Available
ROOM000770,HOT0172,112,Deluxe,2,15000,15,Maintenance
ROOM000771,HOT0079,918,Presidential,2,5000,15,Maintenance
ROOM000772,HOT0036,707,Standard,4,15000,3,Occupied
ROOM000773,HOT0102,218,Suite,6,3500,1,Occupied
ROOM000774,HOT0142,478,Standard,5,10000,3,Available
ROOM000775,HOT0237,508,Family,1,3500,7,Maintenance
ROOM000776,HOT0117,436,Deluxe,3,2500,3,Maintenance
ROOM000777,HOT0210,190,Executive,5,10000,4,Occupied
ROOM000778,HOT0177,292,Suite,4,7000,9,Available
ROOM000779,HOT0013,760,Deluxe,1,10000,1,Maintenance
ROOM000780,HOT0121,120,Deluxe,4,5000,15,Occupied
ROOM000781,HOT0149,561,Presidential,1,15000,2,Maintenance
ROOM000782,HOT0067,161,Presidential,3,10000,5,Maintenance
ROOM000783,HOT0245,150,Family,4,10000,7,Maintenance
ROOM000784,HOT0089,769,Suite,1,3500,1,Maintenance
ROOM000785,HOT0246,456,Family,2,7000,6,Maintenance
ROOM000786,HOT0210,462,Suite,6,7000,8,Available
ROOM000787,HOT0158,393,Standard,3,15000,7,Occupied
ROOM000788,HOT0145,704,Presidential,3,2500,1,Available
ROOM000789,HOT0136,712,Executive,2,15000,7,Occupied
ROOM000790,HOT0198,622,Deluxe,3,10000,8,Available
ROOM000791,HOT0209,943,Deluxe,4,2500,1,Maintenance
ROOM000792,HOT0078,285,Deluxe,4,15000,6,Available
ROOM000793,HOT0191,658,Executive,1,2500,6,Available
ROOM000794,HOT0098,447,Family,3,5000,5,Available
ROOM000795,HOT0230,410,Executive,1,3500,5,Maintenance
ROOM000796,HOT0203,475,Standard,2,15000,1,Maintenance
ROOM000797,HOT0123,943,Suite,5,7000,13,Occupied
ROOM000798,HOT0142,829,Executive,4,15000,2,Occupied
ROOM000799,HOT0069,964,Family,5,15000,8,Occupied
ROOM000800,HOT0059,241,Family,5,15000,7,Available
ROOM000801,HOT0082,103,Deluxe,5,3500,7,Maintenance
ROOM000802,HOT0111,826,Suite,1,10000,1,Maintenance
ROOM000803,HOT0094,850,Suite,3,3500,11,Available
ROOM000804,HOT0110,470,Deluxe,6,3500,11,Maintenance
ROOM000805,HOT0009,168,Standard,1,10000,3,Maintenance
ROOM000806,HOT0155,607,Presidential,6,5000,4,Available
ROOM000807,HOT0185,336,Family,5,7000,6,Occupied
ROOM000808,HOT0233,952,Deluxe,1,7000,15,Available
ROOM000809,HOT0194,810,Suite,5,3500,2,Available
ROOM000810,HOT0029,316,Executive,4,10000,1,Maintenance
ROOM000811,HOT0078,741,Executive,5,15000,7,Occupied
ROOM000812,HOT0244,402,Family,4,3500,8,Available
ROOM000813,HOT0054,482,Presidential,6,5000,14,Occupied
ROOM000814,HOT0042,807,Family,2,15000,7,Occupied
ROOM000815,HOT0216,181,Executive,3,10000,9,Maintenance
ROOM000816,HOT0144,923,Suite,3,15000,14,Occupied
ROOM000817,HOT0089,821,Executive,6,7000,15,Available
ROOM000818,HOT0159,324,Presidential,3,7000,7,Maintenance
ROOM000819,HOT0194,281,Family,3,2500,13,Available
ROOM000820,HOT0041,613,Suite,1,15000,11,Occupied
ROOM000821,HOT0037,168,Suite,4,15000,6,Maintenance
ROOM000822,HOT0139,316,Suite,6,10000,14,Maintenance
ROOM000823,HOT0101,342,Standard,6,5000,2,Occupied
ROOM000824,HOT0085,382,Suite,3,15000,8,Maintenance
ROOM000825,HOT0249,400,Standard,1,10000,1,Maintenance
ROOM000826,HOT0029,399,Presidential,5,5000,3,Maintenance
ROOM000827,HOT0154,767,Standard,2,5000,7,Occupied
ROOM000828,HOT0001,456,Presidential,4,7000,14,Occupied
ROOM000829,HOT0206,202,Standard,6,7000,14,Available
ROOM000830,HOT0243,611,Presidential,4,-10000,4,Available
ROOM000831,HOT0197,446,Presidential,6,7000,5,Occupied
ROOM000832,HOT0150,306,Executive,1,15000,3,Maintenance
ROOM000833,HOT0190,197,Suite,6,15000,6,Occupied
ROOM000834,HOT0194,945,Deluxe,5,5000,9,Occupied
ROOM000835,HOT0038,389,Family,4,5000,15,Occupied
ROOM000836,HOT0139,538,Deluxe,6,-5000,9,Available
ROOM000837,HOT0085,474,Family,3,5000,14,Available
ROOM000838,HOT0025,275,Executive,5,3500,11,Available
ROOM000839,HOT0158,405,Deluxe,2,15000,3,Available
ROOM000840,HOT0078,723,Suite,5,3500,15,Maintenance
ROOM000841,HOT0049,737,Presidential,4,2500,12,Maintenance
ROOM000842,HOT0102,416,Deluxe,6,3500,2,Occupied
ROOM000843,HOT0110,282,Standard,1,15000,11,Available
ROOM000844,HOT0095,878,Presidential,1,2500,2,Maintenance
ROOM000845,HOT0143,336,Standard,4,3500,5,Maintenance
ROOM000846,HOT0153,701,Presidential,1,3500,13,Available
ROOM000847,HOT0086,641,Executive,3,10000,5,Maintenance
ROOM000848,HOT0177,415,Executive,2,2500,15,Occupied
ROOM000849,HOT0040,591,Presidential,6,10000,10,Available
ROOM000850,HOT0051,317,Suite,6,5000,1,Available
ROOM000851,HOT0013,130,Executive,3,3500,7,Maintenance
ROOM000852,HOT0247,559,Deluxe,6,5000,3,Maintenance
ROOM000853,HOT0091,487,Suite,4,5000,15,Available
ROOM000854,HOT0216,432,Family,4,2500,8,Occupied
ROOM000855,HOT0247,881,Suite,3,3500,11,Available
ROOM000856,HOT0228,712,Family,2,2500,3,Occupied
ROOM000857,HOT0112,646,Executive,3,10000,1,Occupied
ROOM000858,HOT0125,425,Presidential,2,3500,13,Maintenance
ROOM000859,HOT0200,330,Suite,3,7000,14,Maintenance
ROOM000860,HOT0117,367,Presidential,5,7000,13,Maintenance
ROOM000861,HOT0047,877,Standard,6,7000,14,Available
ROOM000862,HOT0050,532,Deluxe,2,5000,11,Available
ROOM000863,HOT0048,956,Suite,4,3500,12,Available
ROOM000864,HOT0056,434,Executive,1,10000,15,Occupied
ROOM000865,HOT0180,606,Executive,6,3500,13,Maintenance
ROOM000866,HOT0178,804,Deluxe,4,15000,12,Occupied
ROOM000867,HOT0020,139,Standard,5,15000,8,Occupied
ROOM000868,HOT0232,646,Suite,4,7000,4,Occupied
ROOM000869,HOT0145,772,Presidential,5,5000,4,Available
ROOM000870,HOT0088,798,Standard,3,10000,7,Maintenance
ROOM000871,HOT0021,636,Presidential,4,10000,14,Occupied
ROOM000872,HOT0035,617,Suite,3,3500,6,Occupied
ROOM000873,HOT0128,804,Suite,1,5000,8,Occupied
ROOM000874,HOT0072,174,Suite,4,10000,2,Available
ROOM000875,HOT0153,276,Deluxe,1,3500,8,Occupied
ROOM000876,HOT0156,307,Family,4,7000,2,Occupied
ROOM000877,HOT0212,263,Standard,6,7000,6,Occupied
ROOM000878,HOT0164,137,Executive,2,2500,6,Available
ROOM000879,HOT0184,809,Executive,5,7000,7,Maintenance
ROOM000880,HOT0048,376,Executive,6,10000,2,Occupied
ROOM000881,HOT0189,239,Presidential,3,15000,11,Maintenance
ROOM000882,HOT0009,552,Executive,6,15000,1,Available
ROOM000883,HOT0157,922,Family,2,15000,8,Maintenance
ROOM000884,HOT0198,416,Family,3,3500,5,Occupied
ROOM000885,HOT0058,723,Family,4,2500,5,Occupied
ROOM000886,HOT0161,480,Family,5,3500,15,Maintenance
ROOM000887,HOT0044,600,Presidential,1,15000,12,Occupied
ROOM000888,HOT0011,673,Executive,2,10000,15,Available
ROOM000889,HOT0140,314,Presidential,2,3500,14,Maintenance
ROOM000890,HOT0097,632,Suite,6,2500,2,Maintenance
ROOM000891,HOT0077,540,Family,5,2500,9,Maintenance
ROOM000892,HOT0044,351,Presidential,6,7000,7,Occupied
ROOM000893,HOT0068,240,Suite,4,3500,5,Occupied
ROOM000894,HOT0177,274,Presidential,2,10000,15,Maintenance
ROOM000895,HOT0102,837,Executive,3,5000,9,Maintenance
ROOM000896,HOT0074,819,Presidential,3,10000,4,Maintenance
ROOM000897,HOT0150,486,Deluxe,3,10000,2,Maintenance
ROOM000898,HOT0034,857,Suite,2,3500,12,Available
ROOM000899,HOT0173,371,Suite,6,7000,13,Available
ROOM000900,HOT0189,964,Deluxe,5,15000,10,Occupied
ROOM000901,HOT0207,676,Deluxe,4,10000,12,Available
ROOM000902,HOT0123,716,Family,6,15000,13,Occupied
ROOM000903,HOT0171,884,Presidential,1,2500,4,Occupied
ROOM000904,HOT0199,866,Standard,5,5000,7,Maintenance
ROOM000905,HOT0056,795,,2,5000,8,Available
ROOM000906,HOT0093,363,Presidential,5,3500,3,Occupied
ROOM000907,HOT0091,773,Deluxe,4,7000,4,Maintenance
ROOM000908,HOT0222,878,Deluxe,3,3500,10,Available
ROOM000909,HOT0055,377,Standard,5,2500,11,Available
ROOM000910,HOT0118,122,Suite,6,5000,3,Available
ROOM000911,HOT0059,819,Deluxe,3,3500,13,Maintenance
ROOM000912,HOT0123,493,Deluxe,5,2500,11,Maintenance
ROOM000913,HOT0129,532,Family,6,7000,13,Available
ROOM000914,HOT0077,886,Suite,3,2500,11,Occupied
ROOM000915,HOT0113,790,Executive,3,10000,15,Maintenance
ROOM000916,HOT0109,650,Executive,6,3500,12,Maintenance
ROOM000917,HOT0118,472,Standard,3,10000,3,Available
ROOM000918,HOT0098,471,Presidential,6,2500,10,Occupied
ROOM000919,HOT0184,357,Family,6,10000,2,Available
ROOM000920,HOT0197,582,Standard,4,7000,6,Occupied
ROOM000921,HOT0096,231,Deluxe,2,15000,13,Occupied
ROOM000922,HOT0005,914,Family,6,7000,4,Available
ROOM000923,HOT0243,230,Executive,6,10000,14,Occupied
ROOM000924,HOT0132,856,Executive,1,2500,12,Available
ROOM000925,HOT0150,523,Executive,1,2500,8,Occupied
ROOM000926,HOT0203,765,Executive,3,15000,6,Occupied
ROOM000927,HOT0008,538,Suite,5,15000,9,Occupied
ROOM000928,HOT0198,840,Suite,3,15000,5,Available
ROOM000929,HOT0211,535,Standard,6,15000,14,Occupied
ROOM000930,HOT0090,248,Family,4,3500,3,Available
ROOM000931,HOT0104,669,Family,6,2500,2,Occupied
ROOM000932,HOT0126,423,Family,3,15000,13,Occupied
ROOM000933,HOT0038,886,Deluxe,5,5000,15,Occupied
ROOM000934,HOT0223,153,Family,6,5000,2,Occupied
ROOM000935,HOT0189,477,Deluxe,4,3500,10,Occupied
ROOM000936,HOT0167,528,Presidential,6,5000,9,Available
ROOM000937,HOT0059,739,Standard,3,2500,11,Maintenance
ROOM000938,HOT0177,526,Family,3,3500,9,Available
ROOM000939,HOT0027,568,Standard,2,3500,10,Available
ROOM000940,HOT0056,264,Executive,5,15000,11,Available
ROOM000941,HOT0045,662,Standard,3,3500,8,Available
ROOM000942,HOT0230,742,Standard,2,5000,13,Maintenance
ROOM000943,HOT0128,701,Deluxe,4,10000,3,Maintenance
ROOM000944,HOT0046,831,Family,2,7000,10,Available
ROOM000945,HOT0114,650,Deluxe,4,2500,9,Occupied
ROOM000946,HOT0183,454,Family,6,10000,14,Occupied
ROOM000947,HOT0006,505,Executive,5,7000,11,Maintenance
ROOM000948,HOT0108,542,Family,5,2500,1,Maintenance
ROOM000949,HOT0203,731,Deluxe,1,7000,9,Available
ROOM000950,HOT0232,628,Presidential,2,10000,11,Available
ROOM000951,HOT0204,480,Family,5,2500,7,Maintenance
ROOM000952,HOT0006,265,Executive,1,10000,14,Available
ROOM000953,HOT0189,683,Presidential,5,3500,15,Occupied
ROOM000954,HOT0010,961,Presidential,3,15000,2,Occupied
ROOM000955,HOT0040,484,Suite,3,10000,2,Available
ROOM000956,HOT0078,220,Family,6,7000,10,Maintenance
ROOM000957,HOT0070,412,Suite,3,2500,10,Maintenance
ROOM000958,HOT0111,438,Suite,3,7000,8,Occupied
ROOM000959,HOT0097,272,Deluxe,5,5000,3,Maintenance
ROOM000960,HOT0055,158,Suite,1,2500,8,Available
ROOM000961,HOT0131,187,Standard,3,2500,8,Available
ROOM000962,HOT0033,535,Executive,2,7000,1,Available
ROOM000963,HOT0126,559,Presidential,4,7000,3,Occupied
ROOM000964,HOT0056,181,Presidential,5,10000,4,Occupied
ROOM000965,HOT0139,398,Presidential,6,5000,9,Available
ROOM000966,HOT0156,870,Standard,1,7000,2,Available
ROOM000967,HOT0247,139,Deluxe,3,2500,5,Maintenance
ROOM000968,HOT0050,104,Standard,4,15000,9,Maintenance
ROOM000969,HOT0078,844,Suite,2,5000,14,Occupied
ROOM000970,HOT0099,207,Suite,2,10000,7,Occupied
ROOM000971,HOT0037,808,Standard,1,10000,11,Maintenance
ROOM000972,HOT0181,894,Deluxe,6,2500,10,Occupied
ROOM000973,HOT0220,442,Executive,4,2500,12,Maintenance
ROOM000974,HOT0159,338,Deluxe,6,15000,1,Available
ROOM000975,HOT0191,402,Family,5,10000,2,Occupied
ROOM000976,HOT0064,738,Family,4,2500,12,Occupied
ROOM000977,HOT0159,264,Presidential,2,10000,1,Available
ROOM000978,HOT0162,250,Suite,2,3500,10,Occupied
ROOM000979,HOT0085,475,Presidential,6,10000,3,Occupied
ROOM000980,HOT0062,272,Family,2,2500,13,Occupied
ROOM000981,HOT0047,310,Family,5,10000,2,Available
ROOM000982,HOT0105,904,Standard,1,10000,8,Available
ROOM000983,HOT0231,717,Suite,4,15000,6,Occupied
ROOM000984,HOT0165,937,Presidential,1,5000,6,Occupied
ROOM000985,HOT0164,121,Presidential,1,7000,1,Maintenance
ROOM000986,HOT0070,843,Family,4,10000,4,Maintenance
ROOM000987,HOT0076,498,Suite,1,7000,9,Maintenance
ROOM000988,HOT0217,738,Suite,6,2500,11,Occupied
ROOM000989,HOT0114,634,Suite,4,15000,3,Occupied
ROOM000990,HOT0135,906,Suite,1,5000,2,Available
ROOM000991,HOT0010,411,Family,2,10000,9,Occupied
ROOM000992,HOT0222,648,Deluxe,5,7000,11,Available
ROOM000993,HOT0245,410,Family,4,3500,6,Maintenance
ROOM000994,HOT0247,549,Suite,1,2500,6,Occupied
ROOM000995,HOT0123,806,Suite,6,15000,1,Available
ROOM000996,HOT0099,842,Executive,3,15000,14,Maintenance
ROOM000997,HOT0109,156,Suite,5,7000,15,Occupied
ROOM000998,HOT0020,242,Executive,5,10000,15,Available
ROOM000999,HOT0010,890,Deluxe,3,7000,14,Available
ROOM001000,HOT0231,362,Family,2,7000,6,Occupied
ROOM001001,HOT0203,331,Presidential,2,7000,13,Occupied
ROOM001002,HOT0046,984,Executive,2,7000,9,Available
ROOM001003,HOT0066,426,Standard,5,2500,15,Maintenance
ROOM001004,HOT0155,150,Suite,4,2500,7,Occupied
ROOM001005,HOT0069,819,Suite,2,2500,7,Occupied
ROOM001006,HOT0054,636,Deluxe,4,5000,15,Available
ROOM001007,HOT0147,803,Presidential,2,5000,13,Maintenance
ROOM001008,HOT0190,725,Deluxe,6,2500,3,Occupied
ROOM001009,HOT0125,676,Executive,1,10000,9,Occupied
ROOM001010,HOT0137,360,Executive,5,2500,10,Available
ROOM001011,HOT0118,777,Deluxe,1,7000,3,Occupied
ROOM001012,HOT0124,436,Family,2,7000,10,Occupied
ROOM001013,HOT0080,946,Presidential,2,7000,1,Maintenance
ROOM001014,HOT0096,263,Standard,4,5000,10,Maintenance
ROOM001015,HOT0012,140,Executive,4,7000,1,Maintenance
ROOM001016,HOT0104,910,Deluxe,2,2500,5,Occupied
ROOM001017,HOT0007,213,Presidential,2,5000,8,Maintenance
ROOM001018,HOT0166,409,Standard,6,10000,12,Available
ROOM001019,HOT0154,414,Executive,1,5000,12,Occupied
ROOM001020,HOT0064,865,Standard,3,7000,3,Available
ROOM001021,HOT0028,893,Standard,4,7000,6,Available
ROOM001022,HOT0040,106,Family,5,3500,15,Available
ROOM001023,HOT0050,891,Standard,6,15000,4,Available
ROOM001024,HOT0115,907,Family,1,10000,10,Available
ROOM001025,HOT0210,104,Standard,2,7000,2,Maintenance
ROOM001026,HOT0103,915,Family,1,7000,2,Maintenance
ROOM001027,HOT0011,337,Executive,4,3500,11,Occupied
ROOM001028,HOT0038,203,Suite,2,15000,2,Available
ROOM001029,HOT0116,249,Family,6,5000,8,Maintenance
ROOM001030,HOT0202,915,,6,3500,15,Maintenance
ROOM001031,HOT0193,664,Presidential,1,2500,8,Occupied
ROOM001032,HOT0205,724,Presidential,4,15000,9,Occupied
ROOM001033,HOT0088,902,Suite,6,2500,14,Maintenance
ROOM001034,HOT0139,852,Executive,5,5000,8,Occupied
ROOM001035,HOT0184,288,Executive,5,3500,10,Available
ROOM001036,HOT0021,313,Presidential,2,3500,6,Occupied
ROOM001037,HOT0022,771,Suite,4,3500,10,Maintenance
ROOM001038,HOT0189,187,Family,4,10000,13,Available
ROOM001039,HOT0094,636,Family,1,5000,8,Occupied
ROOM001040,HOT0064,655,Deluxe,3,7000,9,Occupied
ROOM001041,HOT0155,308,Suite,1,7000,7,Occupied
ROOM001042,HOT0189,800,Suite,3,2500,15,Maintenance
ROOM001043,HOT0178,651,Presidential,6,10000,15,Maintenance
ROOM001044,HOT0048,310,Deluxe,4,3500,7,Occupied
ROOM001045,HOT0049,490,Standard,3,5000,10,Occupied
ROOM001046,HOT0069,655,Family,2,5000,1,Maintenance
ROOM001047,HOT0143,856,Suite,2,10000,7,Occupied
ROOM001048,HOT0048,206,Presidential,5,10000,6,Occupied
ROOM001049,HOT0173,510,Family,1,5000,11,Maintenance
ROOM001050,HOT0193,572,Presidential,1,10000,13,Available
ROOM001051,HOT0011,731,Presidential,4,3500,6,Maintenance
ROOM001052,HOT0238,220,Suite,6,15000,4,Occupied
ROOM001053,HOT0208,157,Standard,6,10000,6,Maintenance
ROOM001054,HOT0208,367,Suite,2,15000,14,Maintenance
ROOM001055,HOT0078,675,Deluxe,6,10000,4,Available
ROOM001056,HOT0222,550,Standard,2,7000,2,Available
ROOM001057,HOT0125,829,Presidential,4,7000,2,Occupied
ROOM001058,HOT0011,657,Presidential,4,2500,9,Maintenance
ROOM001059,HOT0033,885,Suite,6,2500,11,Available
ROOM001060,HOT0115,242,Executive,2,15000,6,Maintenance
ROOM001061,HOT0166,510,Suite,3,5000,9,Occupied
ROOM001062,HOT0184,898,Standard,5,15000,15,Available
ROOM001063,HOT0224,722,Presidential,1,15000,9,Maintenance
ROOM001064,HOT0034,398,Presidential,5,7000,8,Available
ROOM001065,HOT0029,327,Executive,1,7000,6,Occupied
ROOM001066,HOT0110,832,Deluxe,6,2500,11,Occupied
ROOM001067,HOT0156,642,Deluxe,5,15000,8,Maintenance
ROOM001068,HOT0025,252,Standard,3,15000,3,Occupied
ROOM001069,HOT0060,143,Standard,6,7000,9,Available
ROOM001070,HOT0063,200,Executive,3,5000,13,Occupied
ROOM001071,HOT0206,851,Family,6,5000,4,Occupied
ROOM001072,HOT0130,444,Deluxe,3,7000,13,Occupied
ROOM001073,HOT0060,648,Presidential,2,7000,12,Available
ROOM001074,HOT0016,129,Suite,2,5000,6,Occupied
ROOM001075,HOT0025,215,Suite,1,3500,11,Available
ROOM001076,HOT0048,249,Executive,4,10000,1,Occupied
ROOM001077,HOT0224,471,Executive,2,10000,5,Occupied
ROOM001078,HOT0058,664,Family,2,7000,12,Occupied
ROOM001079,HOT0215,476,Suite,4,7000,10,Available
ROOM001080,HOT0124,392,Deluxe,4,5000,6,Available
ROOM001081,HOT0001,464,Standard,3,7000,12,Maintenance
ROOM001082,HOT0039,311,Presidential,1,15000,12,Maintenance
ROOM001083,HOT0109,787,Family,1,10000,14,Available
ROOM001084,HOT0162,592,Suite,2,2500,2,Available
ROOM001085,HOT0246,784,Family,4,5000,12,Occupied
ROOM001086,HOT0155,452,Family,3,5000,4,Available
ROOM001087,HOT0047,599,Executive,4,2500,14,Maintenance
ROOM001088,HOT0194,722,Standard,4,5000,14,Maintenance
ROOM001089,HOT0024,999,Standard,2,3500,6,Maintenance
ROOM001090,HOT0140,722,Deluxe,3,7000,8,Maintenance
ROOM001091,HOT0246,586,Presidential,4,3500,8,Maintenance
ROOM001092,HOT0054,674,Family,6,5000,2,Available
ROOM001093,HOT0062,977,Standard,1,10000,2,Maintenance
ROOM001094,HOT0128,436,Suite,3,3500,13,Occupied
ROOM001095,HOT0119,897,Family,5,10000,6,Available
ROOM001096,HOT0227,993,Family,3,3500,7,Available
ROOM001097,HOT0175,490,Deluxe,5,10000,9,Available
ROOM001098,HOT0231,373,Deluxe,5,10000,11,Maintenance
ROOM001099,HOT0035,322,,4,2500,3,Occupied
ROOM001100,HOT0074,570,Suite,6,15000,2,Available
ROOM001101,HOT0127,697,Presidential,1,3500,15,Available
ROOM001102,HOT0249,911,Executive,4,5000,5,Available
ROOM001103,HOT0187,783,Standard,3,3500,2,Occupied
ROOM001104,HOT0140,478,Executive,1,7000,3,Maintenance
ROOM001105,HOT0005,643,Presidential,2,7000,9,Maintenance
ROOM001106,HOT0122,898,Family,4,7000,3,Occupied
ROOM001107,HOT0179,310,Standard,1,3500,12,Occupied
ROOM001108,HOT0182,922,Standard,4,15000,10,Occupied
ROOM001109,HOT0150,484,Presidential,6,7000,10,Occupied
ROOM001110,HOT0143,806,Family,1,7000,1,Occupied
ROOM001111,HOT0062,901,Presidential,6,5000,13,Maintenance
ROOM001112,HOT0086,793,Presidential,6,7000,6,Available
ROOM001113,HOT0227,261,Standard,5,15000,4,Occupied
ROOM001114,HOT0137,455,Family,5,2500,1,Occupied
ROOM001115,HOT0163,635,Suite,6,5000,5,Maintenance
ROOM001116,HOT0172,383,Suite,3,2500,3,Available
ROOM001117,HOT0225,457,Family,1,2500,10,Occupied
ROOM001118,HOT0168,393,Family,2,15000,12,Occupied
ROOM001119,HOT0130,369,Presidential,3,7000,12,Occupied
ROOM001120,HOT0104,705,Executive,6,10000,4,Available
ROOM001121,HOT0018,879,Deluxe,3,5000,1,Maintenance
ROOM001122,HOT0114,180,Family,3,5000,5,Maintenance
ROOM001123,HOT0192,789,Executive,1,7000,5,Occupied
ROOM001124,HOT0239,485,Deluxe,3,3500,4,Available
ROOM001125,HOT0123,208,Deluxe,5,7000,2,Available
ROOM001126,HOT0033,162,Executive,4,7000,2,Occupied
ROOM001127,HOT0166,731,Deluxe,1,10000,14,Occupied
ROOM001128,HOT0186,896,Suite,5,3500,2,Available
ROOM001129,HOT0237,840,Suite,4,15000,9,Maintenance
ROOM001130,HOT0085,590,Standard,5,10000,2,Maintenance
ROOM001131,HOT0170,414,Suite,2,5000,7,Occupied
ROOM001132,HOT0191,747,Standard,4,5000,11,Available
ROOM001133,HOT0186,292,Suite,6,10000,7,Occupied
ROOM001134,HOT0064,424,Family,4,5000,14,Maintenance
ROOM001135,HOT0004,383,Deluxe,4,5000,2,Occupied
ROOM001136,HOT0170,641,Suite,6,2500,8,Maintenance
ROOM001137,HOT0233,212,Executive,3,10000,5,Maintenance
ROOM001138,HOT0093,593,,3,10000,11,Occupied
ROOM001139,HOT0231,320,Deluxe,6,15000,13,Available
ROOM001140,HOT0187,885,Suite,5,7000,12,Occupied
ROOM001141,HOT0163,488,Family,2,5000,15,Occupied
ROOM001142,HOT0155,562,Deluxe,2,10000,1,Occupied
ROOM001143,HOT0116,253,Presidential,3,2500,15,Available
ROOM001144,HOT0089,369,Standard,1,5000,5,Available
ROOM001145,HOT0015,758,Deluxe,4,7000,13,Available
ROOM001146,HOT0059,974,Suite,2,5000,6,Maintenance
ROOM001147,HOT0096,583,Deluxe,3,3500,14,Maintenance
ROOM001148,HOT0099,172,Deluxe,4,10000,14,Maintenance
ROOM001149,HOT0227,104,Presidential,3,2500,14,Maintenance
ROOM001150,HOT0085,153,Executive,1,10000,7,Occupied
ROOM001151,HOT0110,305,Deluxe,5,3500,15,Occupied
ROOM001152,HOT0105,279,Presidential,1,7000,7,Maintenance
ROOM001153,HOT0011,507,Suite,1,7000,13,Occupied
ROOM001154,HOT0135,351,Standard,3,5000,3,Available
ROOM001155,HOT0157,360,Family,1,15000,1,Maintenance
ROOM001156,HOT0103,780,Suite,6,7000,2,Available
ROOM001157,HOT0222,875,Family,4,15000,1,Occupied
ROOM001158,HOT0204,690,Suite,4,3500,13,Available
ROOM001159,HOT0146,399,Family,1,3500,13,Maintenance
ROOM001160,HOT0227,882,Family,4,3500,9,Occupied
ROOM001161,HOT0049,497,Family,1,10000,11,Maintenance
ROOM001162,HOT0210,176,Family,2,7000,11,Occupied
ROOM001163,HOT0186,855,Suite,2,2500,12,Occupied
ROOM001164,HOT0089,811,Executive,6,5000,2,Maintenance
ROOM001165,HOT0187,757,Presidential,5,10000,15,Available
ROOM001166,HOT0018,527,Executive,1,5000,15,Occupied
ROOM001167,HOT0009,867,Deluxe,4,2500,3,Available
ROOM001168,HOT0128,304,Presidential,2,15000,1,Maintenance
ROOM001169,HOT0147,437,Family,3,5000,14,Available
ROOM001170,HOT0058,821,Family,5,10000,12,Maintenance
ROOM001171,HOT0115,705,Deluxe,6,3500,6,Occupied
ROOM001172,HOT0034,152,Standard,2,2500,2,Available
ROOM001173,HOT0180,978,Executive,1,10000,12,Available
ROOM001174,HOT0079,886,Presidential,2,5000,14,Maintenance
ROOM001175,HOT0163,991,Executive,1,10000,9,Available
ROOM001176,HOT0179,425,Standard,2,15000,14,Occupied
ROOM001177,HOT0101,401,Executive,5,3500,8,Available
ROOM001178,HOT0217,618,Standard,3,2500,11,Available
ROOM001179,HOT0176,445,Deluxe,4,15000,11,Maintenance
ROOM001180,HOT0172,821,Executive,2,2500,10,Occupied
ROOM001181,HOT0024,885,Suite,5,7000,13,Occupied
ROOM001182,HOT0083,453,Suite,3,3500,3,Maintenance
ROOM001183,HOT0050,675,Family,2,2500,4,Occupied
ROOM001184,HOT0139,573,Executive,4,10000,7,Available
ROOM001185,HOT0071,601,Executive,3,7000,10,Occupied
ROOM001186,HOT0064,839,Standard,6,10000,10,Available
ROOM001187,HOT0211,641,Deluxe,2,5000,4,Available
ROOM001188,HOT0205,490,Deluxe,1,15000,6,Maintenance
ROOM001189,HOT0138,242,Presidential,6,5000,5,Maintenance
ROOM001190,HOT0005,679,Presidential,2,5000,13,Occupied
ROOM001191,HOT0040,391,Family,3,5000,2,Maintenance
ROOM001192,HOT0065,909,Family,4,3500,2,Occupied
ROOM001193,HOT0221,720,Suite,6,15000,15,Available
ROOM001194,HOT0037,810,Suite,2,5000,10,Available
ROOM001195,HOT0109,436,Deluxe,2,10000,8,Maintenance
ROOM001196,HOT0071,917,Deluxe,3,7000,6,Maintenance
ROOM001197,HOT0170,786,Suite,5,2500,4,Maintenance
ROOM001198,HOT0180,553,Standard,6,3500,5,Maintenance
ROOM001199,HOT0196,948,Standard,1,3500,12,Occupied
ROOM001200,HOT0214,262,Standard,6,15000,4,Available
ROOM001201,HOT0093,247,Suite,1,7000,7,Available
ROOM001202,HOT0200,394,Family,3,2500,6,Maintenance
ROOM001203,HOT0232,162,Standard,3,3500,8,Occupied
ROOM001204,HOT0171,176,Presidential,2,15000,5,Occupied
ROOM001205,HOT0141,679,Deluxe,1,10000,8,Occupied
ROOM001206,HOT0244,857,Executive,4,2500,6,Maintenance
ROOM001207,HOT0067,656,Deluxe,6,3500,13,Occupied
ROOM001208,HOT0031,588,Deluxe,3,7000,1,Available
ROOM001209,HOT0012,689,Family,1,3500,11,Available
ROOM001210,HOT0176,654,Suite,5,3500,13,Maintenance
ROOM001211,HOT0232,438,Standard,1,10000,11,Maintenance
ROOM001212,HOT0231,947,Executive,2,2500,15,Occupied
ROOM001213,HOT0022,460,Standard,4,3500,3,Available
ROOM001214,HOT0117,843,Deluxe,3,2500,9,Occupied
ROOM001215,HOT0228,388,Presidential,3,5000,11,Maintenance
ROOM001216,HOT0142,694,Executive,1,2500,7,Maintenance
ROOM001217,HOT0102,249,Family,6,15000,7,Maintenance
ROOM001218,HOT0024,479,Presidential,3,2500,1,Maintenance
ROOM001219,HOT0233,755,Family,1,15000,4,Maintenance
ROOM001220,HOT0242,527,Deluxe,1,15000,7,Available
ROOM001221,HOT0049,329,Deluxe,4,10000,8,Available
ROOM001222,HOT0140,511,Family,3,7000,9,Maintenance
ROOM001223,HOT0085,472,Deluxe,1,5000,3,Maintenance
ROOM001224,HOT0242,638,Standard,1,15000,15,Maintenance
ROOM001225,HOT0155,201,Presidential,6,7000,6,Available
ROOM001226,HOT0243,904,Deluxe,5,3500,14,Maintenance
ROOM001227,HOT0011,943,Executive,6,15000,13,Maintenance
ROOM001228,HOT0110,603,Standard,1,15000,4,Maintenance
ROOM001229,HOT0240,229,Suite,4,7000,10,Available
ROOM001230,HOT0087,160,Suite,6,5000,3,Occupied
ROOM001231,HOT0248,741,Presidential,3,3500,14,Occupied
ROOM001232,HOT0163,779,Family,4,7000,2,Available
ROOM001233,HOT0250,935,Standard,4,10000,6,Occupied
ROOM001234,HOT0248,741,Executive,5,15000,14,Maintenance
ROOM001235,HOT0176,840,Presidential,5,15000,11,Occupied
ROOM001236,HOT0200,160,Suite,4,2500,14,Occupied
ROOM001237,HOT0234,827,Suite,3,15000,11,Occupied
ROOM001238,HOT0010,906,Family,5,2500,12,Occupied
ROOM001239,HOT0085,354,Family,6,2500,9,Available
ROOM001240,HOT0191,358,Standard,5,2500,14,Maintenance
ROOM001241,HOT0003,128,Suite,1,10000,15,Occupied
ROOM001242,HOT0121,949,Presidential,4,3500,4,Available
ROOM001243,HOT0232,371,Family,3,5000,6,Maintenance
ROOM001244,HOT0096,538,Deluxe,2,2500,10,Maintenance
ROOM001245,HOT0027,274,Deluxe,5,10000,4,Maintenance
ROOM001246,HOT0250,253,Suite,1,2500,5,Maintenance
ROOM001247,HOT0076,266,Standard,5,2500,6,Maintenance
ROOM001248,HOT0137,998,Suite,6,5000,2,Available
ROOM001249,HOT0121,884,Deluxe,2,15000,9,Available
ROOM001250,HOT0135,357,Presidential,5,5000,8,Available
ROOM001251,HOT0042,518,Family,2,7000,15,Available
ROOM001252,HOT0005,970,Deluxe,6,10000,10,Occupied
ROOM001253,HOT0015,549,Deluxe,6,10000,7,Maintenance
ROOM001254,HOT0061,436,Deluxe,6,15000,1,Available
ROOM001255,HOT0199,549,Executive,4,3500,9,Occupied
ROOM001256,HOT0116,839,Executive,6,3500,8,Occupied
ROOM001257,HOT0125,359,Executive,4,3500,14,Maintenance
ROOM001258,HOT0159,873,Deluxe,5,10000,2,Maintenance
ROOM001259,HOT0206,865,Suite,1,10000,11,Maintenance
ROOM001260,HOT0240,803,Family,3,10000,11,Occupied
ROOM001261,HOT0111,653,Deluxe,6,2500,6,Occupied
ROOM001262,HOT0139,851,Executive,2,15000,12,Available
ROOM001263,HOT0187,164,Standard,1,7000,7,Maintenance
ROOM001264,HOT0033,292,Presidential,3,15000,13,Occupied
ROOM001265,HOT0198,465,Executive,1,2500,7,Available
ROOM001266,HOT0215,465,,1,2500,7,Occupied
ROOM001267,HOT0221,600,Standard,5,15000,3,Maintenance
ROOM001268,HOT0214,105,Suite,2,5000,7,Available
ROOM001269,HOT0164,607,Deluxe,3,2500,3,Occupied
ROOM001270,HOT0113,786,Deluxe,2,5000,15,Occupied
ROOM001271,HOT0057,456,Deluxe,3,5000,14,Occupied
ROOM001272,HOT0178,147,Deluxe,1,2500,11,Available
ROOM001273,HOT0089,470,Standard,2,2500,10,Occupied
ROOM001274,HOT0085,222,Deluxe,2,2500,11,Occupied
ROOM001275,HOT0228,131,Family,6,3500,6,Maintenance
ROOM001276,HOT0089,365,Standard,1,2500,4,Occupied
ROOM001277,HOT0243,138,Deluxe,2,5000,5,Available
ROOM001278,HOT0116,948,Deluxe,2,15000,14,Maintenance
ROOM001279,HOT0051,529,Presidential,3,3500,12,Occupied
ROOM001280,HOT0135,251,Deluxe,6,7000,12,Available
ROOM001281,HOT0153,968,Suite,6,7000,7,Occupied
ROOM001282,HOT0203,483,Standard,5,7000,2,Occupied
ROOM001283,HOT0007,609,Standard,5,3500,10,Available
ROOM001284,HOT0096,612,Presidential,4,3500,5,Maintenance
ROOM001285,HOT0137,783,Suite,4,-10000,14,Maintenance
ROOM001286,HOT0191,913,Executive,6,5000,9,Maintenance
ROOM001287,HOT0223,219,Deluxe,5,2500,14,Available
ROOM001288,HOT0033,748,Family,2,3500,1,Occupied
ROOM001289,HOT0180,480,Standard,4,7000,6,Occupied
ROOM001290,HOT0060,732,Deluxe,2,10000,8,Occupied
ROOM001291,HOT0010,942,Standard,5,2500,8,Available
ROOM001292,HOT0213,434,Deluxe,1,5000,3,Available
ROOM001293,HOT0099,888,Family,2,3500,6,Occupied
ROOM001294,HOT0194,375,Presidential,4,10000,4,Available
ROOM001295,HOT0108,260,Suite,6,3500,6,Occupied
ROOM001296,HOT0094,978,Presidential,6,5000,4,Available
ROOM001297,HOT0223,843,Executive,6,10000,14,Available
ROOM001298,HOT0039,100,Standard,4,10000,8,Available
ROOM001299,HOT0158,451,Presidential,1,15000,11,Available
ROOM001300,HOT0157,768,,2,2500,7,Available
ROOM001301,HOT0042,728,Family,5,5000,5,Available
ROOM001302,HOT0076,847,Deluxe,1,3500,8,Maintenance
ROOM001303,HOT0043,986,Standard,1,3500,11,Maintenance
ROOM001304,HOT0021,923,Suite,6,5000,15,Occupied
ROOM001305,HOT0158,409,Presidential,2,3500,10,Available
ROOM001306,HOT0107,231,Suite,5,2500,9,Occupied
ROOM001307,HOT0174,696,Presidential,6,5000,13,Occupied
ROOM001308,HOT0184,315,Presidential,3,10000,5,Occupied
ROOM001309,HOT0044,388,Suite,2,2500,14,Available
ROOM001310,HOT0013,966,,2,3500,3,Occupied
ROOM001311,HOT0088,989,Executive,6,7000,8,Occupied
ROOM001312,HOT0065,925,Presidential,2,2500,10,Occupied
ROOM001313,HOT0027,135,Suite,2,2500,12,Available
ROOM001314,HOT0088,837,Family,2,7000,1,Available
ROOM001315,HOT0084,874,Presidential,3,10000,15,Maintenance
ROOM001316,HOT0196,596,Executive,4,5000,14,Occupied
ROOM001317,HOT0082,560,Family,4,3500,7,Occupied
ROOM001318,HOT0075,320,Family,4,7000,4,Occupied
ROOM001319,HOT0115,665,Deluxe,3,10000,2,Occupied
ROOM001320,HOT0025,889,Deluxe,5,15000,5,Maintenance
ROOM001321,HOT0114,285,Deluxe,4,15000,8,Occupied
ROOM001322,HOT0177,833,Presidential,5,3500,10,Occupied
ROOM001323,HOT0217,239,Presidential,6,3500,9,Occupied
ROOM001324,HOT0129,547,Standard,1,5000,8,Occupied
ROOM001325,HOT0079,240,Executive,4,3500,6,Available
ROOM001326,HOT0245,129,Deluxe,5,5000,5,Occupied
ROOM001327,HOT0217,115,Family,5,5000,15,Occupied
ROOM001328,HOT0043,811,Standard,5,5000,3,Maintenance
ROOM001329,HOT0051,384,Executive,5,5000,2,Maintenance
ROOM001330,HOT0156,670,Standard,3,10000,13,Occupied
ROOM001331,HOT0228,518,Deluxe,5,5000,5,Occupied
ROOM001332,HOT0063,308,Suite,6,7000,6,Available
ROOM001333,HOT0104,745,Presidential,1,3500,3,Maintenance
ROOM001334,HOT0187,277,Deluxe,1,15000,12,Available
ROOM001335,HOT0092,332,Executive,2,10000,7,Available
ROOM001336,HOT0078,409,Suite,3,3500,11,Maintenance
ROOM001337,HOT0246,818,Family,6,10000,13,Occupied
ROOM001338,HOT0085,860,Deluxe,6,2500,13,Maintenance
ROOM001339,HOT0113,107,Family,4,2500,10,Available
ROOM001340,HOT0025,741,Presidential,5,2500,1,Maintenance
ROOM001341,HOT0205,552,Standard,1,2500,15,Available
ROOM001342,HOT0095,415,Standard,4,5000,5,Occupied
ROOM001343,HOT0158,322,Deluxe,2,5000,15,Occupied
ROOM001344,HOT0201,131,Presidential,5,2500,14,Occupied
ROOM001345,HOT0104,889,Standard,3,15000,12,Maintenance
ROOM001346,HOT0110,698,,6,15000,7,Maintenance
ROOM001347,HOT0003,242,Family,3,15000,6,Occupied
ROOM001348,HOT0074,244,Family,4,7000,13,Maintenance
ROOM001349,HOT0105,752,Presidential,5,-7000,8,Occupied
ROOM001350,HOT0102,907,Suite,5,3500,5,Occupied
ROOM001351,HOT0202,492,Presidential,1,5000,6,Occupied
ROOM001352,HOT0127,892,Deluxe,1,5000,8,Occupied
ROOM001353,HOT0200,386,Family,4,15000,7,Occupied
ROOM001354,HOT0134,906,Deluxe,2,5000,10,Occupied
ROOM001355,HOT0070,299,Executive,1,5000,1,Occupied
ROOM001356,HOT0218,675,Deluxe,2,7000,8,Maintenance
ROOM001357,HOT0141,560,Executive,1,15000,6,Occupied
ROOM001358,HOT0110,103,Family,1,2500,11,Available
ROOM001359,HOT0140,316,Presidential,2,15000,15,Available
ROOM001360,HOT0195,460,Deluxe,4,5000,14,Maintenance
ROOM001361,HOT0011,752,Executive,3,3500,10,Occupied
ROOM001362,HOT0216,332,,5,3500,2,Maintenance
ROOM001363,HOT0168,222,Standard,3,10000,2,Occupied
ROOM001364,HOT0162,362,Standard,5,3500,13,Maintenance
ROOM001365,HOT0206,548,Standard,6,3500,9,Maintenance
ROOM001366,HOT0211,100,Deluxe,5,10000,11,Available
ROOM001367,HOT0164,821,Deluxe,4,5000,9,Occupied
ROOM001368,HOT0237,843,Family,4,3500,8,Occupied
ROOM001369,HOT0157,557,Presidential,1,3500,9,Available
ROOM001370,HOT0237,465,Standard,1,3500,14,Available
ROOM001371,HOT0102,311,Deluxe,4,10000,3,Maintenance
ROOM001372,HOT0241,874,Presidential,5,3500,4,Available
ROOM001373,HOT0050,465,Deluxe,6,15000,2,Occupied
ROOM001374,HOT0160,771,Family,3,10000,4,Maintenance
ROOM001375,HOT0187,925,Suite,6,3500,12,Available
ROOM001376,HOT0140,387,Executive,4,2500,7,Maintenance
ROOM001377,HOT0108,791,Executive,4,3500,8,Occupied
ROOM001378,HOT0145,198,Standard,3,3500,12,Available
ROOM001379,HOT0067,594,Suite,4,5000,4,Maintenance
ROOM001380,HOT0192,764,Family,2,7000,14,Occupied
ROOM001381,HOT0237,657,Standard,1,15000,14,Maintenance
ROOM001382,HOT0185,415,Standard,1,5000,4,Maintenance
ROOM001383,HOT0148,233,Deluxe,4,7000,9,Available
ROOM001384,HOT0231,932,Executive,2,-5000,10,Available
ROOM001385,HOT0174,327,Suite,2,15000,11,Occupied
ROOM001386,HOT0095,825,Family,1,-15000,8,Maintenance
ROOM001387,HOT0141,153,Suite,3,5000,2,Maintenance
ROOM001388,HOT0120,441,Standard,4,5000,8,Maintenance
ROOM001389,HOT0177,745,Deluxe,1,7000,4,Occupied
ROOM001390,HOT0209,884,Suite,2,5000,8,Available
ROOM001391,HOT0003,562,Standard,3,10000,9,Available
ROOM001392,HOT0048,935,Suite,1,10000,2,Occupied
ROOM001393,HOT0122,237,Presidential,6,10000,7,Available
ROOM001394,HOT0217,912,Family,2,15000,1,Occupied
ROOM001395,HOT0030,191,Suite,5,10000,4,Maintenance
ROOM001396,HOT0246,855,Family,3,7000,11,Available
ROOM001397,HOT0140,992,Presidential,6,10000,10,Available
ROOM001398,HOT0038,889,Executive,6,7000,11,Maintenance
ROOM001399,HOT0154,110,Suite,3,10000,9,Maintenance
ROOM001400,HOT0150,506,Family,4,7000,10,Occupied
ROOM001401,HOT0074,974,Deluxe,3,7000,14,Maintenance
ROOM001402,HOT0237,591,Standard,1,5000,7,Available
ROOM001403,HOT0192,714,Presidential,4,3500,8,Maintenance
ROOM001404,HOT0084,578,Executive,3,2500,4,Maintenance
ROOM001405,HOT0068,238,Suite,4,3500,12,Available
ROOM001406,HOT0203,862,Executive,6,5000,10,Occupied
ROOM001407,HOT0247,436,Deluxe,5,15000,6,Available
ROOM001408,HOT0098,509,Standard,5,3500,6,Occupied
ROOM001409,HOT0066,262,Standard,3,5000,6,Occupied
ROOM001410,HOT0240,329,Standard,2,5000,14,Occupied
ROOM001411,HOT0023,881,Family,4,2500,3,Occupied
ROOM001412,HOT0046,902,Family,6,10000,2,Available
ROOM001413,HOT0150,655,Standard,5,15000,10,Maintenance
ROOM001414,HOT0154,276,Standard,6,3500,13,Occupied
ROOM001415,HOT0127,345,Standard,6,7000,2,Available
ROOM001416,HOT0004,193,Standard,5,10000,10,Occupied
ROOM001417,HOT0154,422,Suite,6,15000,8,Available
ROOM001418,HOT0017,910,Family,5,7000,3,Maintenance
ROOM001419,HOT0225,279,Deluxe,4,15000,10,Maintenance
ROOM001420,HOT0189,350,Presidential,4,3500,10,Available
ROOM001421,HOT0009,620,Standard,1,7000,10,Maintenance
ROOM001422,HOT0146,479,Presidential,5,2500,12,Available
ROOM001423,HOT0008,465,Standard,2,7000,2,Available
ROOM001424,HOT0085,681,Family,5,2500,8,Available
ROOM001425,HOT0055,173,Standard,3,2500,13,Occupied
ROOM001426,HOT0063,798,Executive,3,3500,11,Occupied
ROOM001427,HOT0231,569,Deluxe,3,10000,13,Available
ROOM001428,HOT0055,990,Suite,4,15000,11,Available
ROOM001429,HOT0064,370,Standard,3,7000,13,Maintenance
ROOM001430,HOT0129,274,Presidential,4,3500,15,Available
ROOM001431,HOT0233,200,Deluxe,1,3500,2,Available
ROOM001432,HOT0194,832,Executive,3,15000,13,Occupied
ROOM001433,HOT0143,749,Suite,1,7000,8,Available
ROOM001434,HOT0016,290,Executive,6,2500,10,Occupied
ROOM001435,HOT0238,545,Standard,6,15000,2,Available
ROOM001436,HOT0066,980,Deluxe,1,7000,7,Maintenance
ROOM001437,HOT0053,977,Standard,5,5000,2,Available
ROOM001438,HOT0091,779,Presidential,6,5000,9,Occupied
ROOM001439,HOT0161,512,Family,3,3500,5,Occupied
ROOM001440,HOT0055,981,Standard,6,15000,12,Occupied
ROOM001441,HOT0019,162,Executive,1,5000,11,Available
ROOM001442,HOT0122,151,Presidential,3,5000,1,Maintenance
ROOM001443,HOT0130,838,Standard,1,5000,6,Available
ROOM001444,HOT0005,150,,5,5000,14,Maintenance
ROOM001445,HOT0093,453,Standard,5,2500,3,Maintenance
ROOM001446,HOT0082,248,Deluxe,3,15000,1,Occupied
ROOM001447,HOT0175,835,Deluxe,3,7000,1,Maintenance
ROOM001448,HOT0046,974,Standard,2,5000,12,Maintenance
ROOM001449,HOT0116,116,Presidential,1,2500,1,Available
ROOM001450,HOT0029,476,Standard,5,3500,10,Occupied
ROOM001451,HOT0102,464,Deluxe,1,2500,9,Occupied
ROOM001452,HOT0110,530,Executive,5,2500,8,Available
ROOM001453,HOT0216,130,Suite,2,15000,7,Occupied
ROOM001454,HOT0142,688,Family,4,5000,6,Occupied
ROOM001455,HOT0112,769,Suite,6,15000,6,Maintenance
ROOM001456,HOT0164,702,Standard,6,10000,10,Maintenance
ROOM001457,HOT0203,201,Executive,5,2500,4,Maintenance
ROOM001458,HOT0175,897,Standard,1,15000,4,Available
ROOM001459,HOT0060,437,Family,4,15000,11,Occupied
ROOM001460,HOT0016,947,Standard,3,3500,14,Available
ROOM001461,HOT0231,578,Executive,3,5000,7,Occupied
ROOM001462,HOT0052,131,Executive,6,5000,7,Maintenance
ROOM001463,HOT0230,390,Standard,3,5000,7,Available
ROOM001464,HOT0229,412,Deluxe,3,2500,15,Maintenance
ROOM001465,HOT0176,499,Presidential,4,15000,7,Maintenance
ROOM001466,HOT0160,519,Presidential,6,10000,5,Maintenance
ROOM001467,HOT0015,197,Presidential,4,2500,12,Occupied
ROOM001468,HOT0218,287,Deluxe,2,3500,10,Maintenance
ROOM001469,HOT0195,795,Presidential,4,7000,6,Maintenance
ROOM001470,HOT0216,825,Suite,2,7000,12,Available
ROOM001471,HOT0177,778,Suite,1,3500,6,Maintenance
ROOM001472,HOT0024,710,Presidential,5,7000,13,Maintenance
ROOM001473,HOT0098,765,Family,3,2500,13,Available
ROOM001474,HOT0092,283,Deluxe,3,5000,1,Occupied
ROOM001475,HOT0125,650,Family,4,7000,14,Maintenance
ROOM001476,HOT0158,310,Presidential,6,5000,2,Occupied
ROOM001477,HOT0019,904,Family,1,5000,1,Occupied
ROOM001478,HOT0011,996,Executive,5,15000,7,Maintenance
ROOM001479,HOT0184,564,Deluxe,2,10000,4,Available
ROOM001480,HOT0154,445,Standard,4,2500,1,Maintenance
ROOM001481,HOT0137,238,Family,5,5000,15,Available
ROOM001482,HOT0092,450,Family,1,2500,12,Maintenance
ROOM001483,HOT0158,793,Family,5,15000,14,Maintenance
ROOM001484,HOT0242,407,Executive,6,10000,3,Maintenance
ROOM001485,HOT0205,948,Deluxe,5,3500,12,Occupied
ROOM001486,HOT0160,120,Standard,4,5000,11,Available
ROOM001487,HOT0129,590,Executive,6,15000,14,Occupied
ROOM001488,HOT0218,777,Family,3,2500,7,Available
ROOM001489,HOT0101,285,Presidential,4,15000,4,Available
ROOM001490,HOT0045,939,,5,5000,11,Available
ROOM001491,HOT0108,244,Deluxe,4,3500,13,Available
ROOM001492,HOT0055,233,Suite,6,7000,1,Available
ROOM001493,HOT0106,835,Executive,4,2500,5,Occupied
ROOM001494,HOT0243,478,Family,6,10000,8,Available
ROOM001495,HOT0233,577,Suite,6,5000,12,Available
ROOM001496,HOT0016,760,Family,6,15000,6,Maintenance
ROOM001497,HOT0007,755,Deluxe,6,5000,8,Available
ROOM001498,HOT0138,869,Standard,1,3500,10,Maintenance
ROOM001499,HOT0104,627,Family,3,10000,7,Occupied
ROOM001500,HOT0052,368,Family,3,2500,8,Maintenance
ROOM001501,HOT0226,431,Presidential,5,7000,13,Occupied
ROOM001502,HOT0009,237,Deluxe,6,5000,5,Maintenance
ROOM001503,HOT0102,845,Presidential,2,7000,8,Maintenance
ROOM001504,HOT0070,625,Presidential,1,5000,2,Maintenance
ROOM001505,HOT0002,167,Suite,5,5000,8,Occupied
ROOM001506,HOT0210,686,Family,4,2500,11,Available
ROOM001507,HOT0189,510,Presidential,2,15000,3,Available
ROOM001508,HOT0087,483,Suite,4,2500,3,Maintenance
ROOM001509,HOT0186,100,Family,2,5000,2,Available
ROOM001510,HOT0218,367,Family,6,10000,5,Maintenance
ROOM001511,HOT0235,646,Standard,2,2500,15,Available
ROOM001512,HOT0237,522,Suite,6,7000,5,Available
ROOM001513,HOT0027,456,Presidential,4,15000,10,Occupied
ROOM001514,HOT0074,752,Deluxe,3,3500,10,Available
ROOM001515,HOT0181,729,Deluxe,5,2500,1,Occupied
ROOM001516,HOT0211,517,Suite,5,5000,4,Available
ROOM001517,HOT0008,240,Presidential,5,5000,15,Maintenance
ROOM001518,HOT0173,120,Presidential,4,3500,3,Maintenance
ROOM001519,HOT0060,178,Executive,3,7000,1,Available
ROOM001520,HOT0016,719,Deluxe,1,2500,6,Maintenance
ROOM001521,HOT0126,699,Family,6,15000,6,Maintenance
ROOM001522,HOT0071,143,Executive,6,2500,11,Maintenance
ROOM001523,HOT0159,135,Family,5,5000,12,Maintenance
ROOM001524,HOT0230,150,Family,6,15000,4,Maintenance
ROOM001525,HOT0115,947,Family,5,7000,2,Available
ROOM001526,HOT0023,326,Family,3,3500,12,Maintenance
ROOM001527,HOT0093,327,Executive,1,15000,5,Available
ROOM001528,HOT0070,634,Family,1,15000,5,Maintenance
ROOM001529,HOT0131,428,Executive,2,2500,3,Maintenance
ROOM001530,HOT0179,930,Suite,2,10000,4,Available
ROOM001531,HOT0173,244,Executive,4,10000,2,Maintenance
ROOM001532,HOT0025,788,Suite,6,10000,6,Occupied
ROOM001533,HOT0223,656,Deluxe,5,15000,8,Occupied
ROOM001534,HOT0169,566,Presidential,3,7000,6,Occupied
ROOM001535,HOT0236,879,Suite,4,15000,2,Occupied
ROOM001536,HOT0148,354,Family,6,7000,5,Maintenance
ROOM001537,HOT0210,132,Family,1,15000,5,Maintenance
ROOM001538,HOT0247,477,Standard,5,10000,11,Available
ROOM001539,HOT0180,834,Executive,6,5000,13,Maintenance
ROOM001540,HOT0058,947,Suite,3,7000,12,Maintenance
ROOM001541,HOT0148,209,Standard,6,7000,8,Occupied
ROOM001542,HOT0194,455,Executive,6,7000,13,Available
ROOM001543,HOT0211,286,Standard,1,10000,11,Available
ROOM001544,HOT0008,712,Standard,4,15000,1,Available
ROOM001545,HOT0048,933,Executive,1,2500,7,Available
ROOM001546,HOT0229,397,Suite,1,2500,4,Maintenance
ROOM001547,HOT0206,493,Suite,6,10000,8,Maintenance
ROOM001548,HOT0190,413,Standard,6,7000,5,Occupied
ROOM001549,HOT0189,967,Presidential,4,5000,15,Maintenance
ROOM001550,HOT0141,762,Deluxe,6,5000,5,Available
ROOM001551,HOT0089,657,Deluxe,5,7000,14,Occupied
ROOM001552,HOT0163,774,Family,6,10000,11,Maintenance
ROOM001553,HOT0211,471,Executive,6,2500,15,Occupied
ROOM001554,HOT0188,311,Executive,4,2500,2,Available
ROOM001555,HOT0162,656,Suite,2,7000,2,Occupied
ROOM001556,HOT0239,127,Executive,2,15000,13,Maintenance
ROOM001557,HOT0052,442,Executive,6,15000,1,Occupied
ROOM001558,HOT0099,447,Suite,6,15000,10,Maintenance
ROOM001559,HOT0040,846,Suite,4,10000,9,Maintenance
ROOM001560,HOT0075,400,Deluxe,3,2500,5,Maintenance
ROOM001561,HOT0200,926,Presidential,1,3500,15,Occupied
ROOM001562,HOT0022,991,Standard,3,15000,1,Maintenance
ROOM001563,HOT0207,845,Presidential,4,10000,2,Maintenance
ROOM001564,HOT0112,644,Presidential,3,3500,15,Available
ROOM001565,HOT0032,507,Suite,4,15000,3,Available
ROOM001566,HOT0004,126,Family,1,5000,7,Available
ROOM001567,HOT0048,889,Family,3,10000,12,Maintenance
ROOM001568,HOT0019,765,Suite,1,2500,9,Available
ROOM001569,HOT0136,111,Executive,4,7000,11,Maintenance
ROOM001570,HOT0086,418,Executive,1,15000,4,Available
ROOM001571,HOT0200,280,Suite,2,10000,7,Occupied
ROOM001572,HOT0033,732,Deluxe,5,15000,11,Available
ROOM001573,HOT0221,714,Presidential,5,3500,1,Maintenance
ROOM001574,HOT0249,247,Executive,1,15000,1,Maintenance
ROOM001575,HOT0189,215,Executive,6,3500,1,Available
ROOM001576,HOT0167,821,Presidential,5,10000,5,Occupied
ROOM001577,HOT0029,599,Suite,4,15000,7,Available
ROOM001578,HOT0194,776,Suite,5,2500,7,Maintenance
ROOM001579,HOT0209,905,Presidential,6,2500,11,Available
ROOM001580,HOT0153,490,Deluxe,5,15000,7,Available
ROOM001581,HOT0119,785,Standard,6,5000,15,Occupied
ROOM001582,HOT0111,681,Family,4,3500,15,Available
ROOM001583,HOT0007,793,Deluxe,2,5000,14,Maintenance
ROOM001584,HOT0049,587,Deluxe,4,2500,2,Maintenance
ROOM001585,HOT0226,911,Deluxe,5,15000,3,Maintenance
ROOM001586,HOT0196,471,Presidential,1,15000,14,Occupied
ROOM001587,HOT0100,525,Standard,4,10000,13,Maintenance
ROOM001588,HOT0166,988,Suite,1,7000,7,Available
ROOM001589,HOT0186,353,Presidential,1,3500,11,Maintenance
ROOM001590,HOT0048,541,Standard,3,10000,15,Occupied
ROOM001591,HOT0134,508,Presidential,6,10000,9,Occupied
ROOM001592,HOT0131,992,Deluxe,6,7000,2,Occupied
ROOM001593,HOT0073,643,Suite,6,7000,3,Available
ROOM001594,HOT0246,914,Standard,6,5000,10,Available
ROOM001595,HOT0140,279,Executive,3,10000,9,Available
ROOM001596,HOT0002,557,Family,6,5000,4,Available
ROOM001597,HOT0027,784,Deluxe,1,5000,1,Maintenance
ROOM001598,HOT0179,840,Presidential,6,7000,8,Available
ROOM001599,HOT0180,486,Suite,3,10000,12,Available
ROOM001600,HOT0234,230,Executive,4,2500,12,Available
ROOM001601,HOT0123,663,Executive,3,5000,3,Available
ROOM001602,HOT0154,639,,2,2500,6,Occupied
ROOM001603,HOT0227,227,Deluxe,5,3500,6,Maintenance
ROOM001604,HOT0124,494,Executive,2,15000,15,Occupied
ROOM001605,HOT0129,308,Presidential,5,3500,11,Maintenance
ROOM001606,HOT0247,346,Executive,2,15000,13,Occupied
ROOM001607,HOT0244,778,Executive,2,10000,12,Available
ROOM001608,HOT0106,609,Deluxe,3,10000,8,Available
ROOM001609,HOT0102,806,Deluxe,2,10000,4,Available
ROOM001610,HOT0141,715,Deluxe,4,3500,1,Maintenance
ROOM001611,HOT0031,572,Family,1,10000,10,Occupied
ROOM001612,HOT0250,537,Family,4,10000,15,Maintenance
ROOM001613,HOT0004,719,Presidential,1,2500,5,Maintenance
ROOM001614,HOT0088,800,Deluxe,5,10000,10,Available
ROOM001615,HOT0122,705,Executive,2,2500,3,Occupied
ROOM001616,HOT0169,704,Deluxe,6,5000,11,Occupied
ROOM001617,HOT0013,513,Family,6,5000,15,Maintenance
ROOM001618,HOT0063,693,Deluxe,6,10000,15,Available
ROOM001619,HOT0087,773,Presidential,3,5000,1,Maintenance
ROOM001620,HOT0227,938,Executive,2,5000,14,Occupied
ROOM001621,HOT0096,251,,1,7000,14,Occupied
ROOM001622,HOT0066,628,Deluxe,3,3500,5,Occupied
ROOM001623,HOT0037,530,Deluxe,5,3500,11,Occupied
ROOM001624,HOT0063,314,Presidential,5,3500,10,Occupied
ROOM001625,HOT0061,331,Family,5,15000,1,Occupied
ROOM001626,HOT0130,864,Executive,1,3500,14,Available
ROOM001627,HOT0211,387,Family,4,15000,6,Available
ROOM001628,HOT0186,919,Deluxe,2,7000,15,Occupied
ROOM001629,HOT0060,778,Presidential,3,5000,5,Maintenance
ROOM001630,HOT0103,719,Presidential,4,5000,10,Maintenance
ROOM001631,HOT0144,143,Presidential,4,2500,11,Maintenance
ROOM001632,HOT0044,420,Standard,4,5000,11,Available
ROOM001633,HOT0078,222,Family,5,15000,15,Maintenance
ROOM001634,HOT0067,966,Standard,3,15000,3,Available
ROOM001635,HOT0162,560,Family,2,15000,5,Occupied
ROOM001636,HOT0104,707,Standard,1,15000,8,Maintenance
ROOM001637,HOT0003,435,Family,6,10000,3,Available
ROOM001638,HOT0165,299,Executive,3,7000,10,Maintenance
ROOM001639,HOT0189,523,Presidential,1,2500,12,Maintenance
ROOM001640,HOT0088,500,Family,5,3500,9,Available
ROOM001641,HOT0003,749,Executive,6,10000,7,Maintenance
ROOM001642,HOT0222,151,Executive,4,5000,6,Available
ROOM001643,HOT0055,617,Suite,1,10000,8,Maintenance
ROOM001644,HOT0140,981,Suite,5,5000,4,Available
ROOM001645,HOT0011,952,Deluxe,5,2500,12,Occupied
ROOM001646,HOT0112,860,Family,6,5000,4,Occupied
ROOM001647,HOT0147,930,Executive,6,10000,15,Occupied
ROOM001648,HOT0067,544,Executive,6,15000,10,Available
ROOM001649,HOT0007,290,Deluxe,4,7000,12,Available
ROOM001650,HOT0100,186,Standard,6,2500,1,Maintenance
ROOM001651,HOT0117,268,Suite,2,2500,11,Occupied
ROOM001652,HOT0228,896,Suite,1,5000,7,Maintenance
ROOM001653,HOT0139,456,Suite,5,3500,2,Available
ROOM001654,HOT0171,304,Family,1,15000,12,Occupied
ROOM001655,HOT0086,854,Standard,5,3500,12,Available
ROOM001656,HOT0027,400,Presidential,1,10000,14,Available
ROOM001657,HOT0176,859,Deluxe,1,3500,9,Available
ROOM001658,HOT0043,116,Deluxe,6,5000,13,Occupied
ROOM001659,HOT0142,628,Standard,6,3500,12,Available
ROOM001660,HOT0104,440,Standard,3,2500,4,Maintenance
ROOM001661,HOT0185,873,Presidential,3,7000,13,Maintenance
ROOM001662,HOT0101,300,Standard,3,5000,6,Maintenance
ROOM001663,HOT0092,486,Suite,2,15000,11,Occupied
ROOM001664,HOT0046,802,Standard,1,2500,7,Occupied
ROOM001665,HOT0036,438,Suite,2,3500,3,Maintenance
ROOM001666,HOT0219,997,Executive,6,10000,3,Occupied
ROOM001667,HOT0247,690,Family,1,3500,5,Available
ROOM001668,HOT0121,747,Suite,4,2500,3,Maintenance
ROOM001669,HOT0065,831,Family,1,15000,3,Available
ROOM001670,HOT0127,408,Standard,3,2500,12,Maintenance
ROOM001671,HOT0176,424,Family,3,2500,10,Available
ROOM001672,HOT0240,633,Presidential,1,3500,15,Available
ROOM001673,HOT0248,778,Family,2,3500,13,Maintenance
ROOM001674,HOT0131,520,Executive,4,3500,12,Maintenance
ROOM001675,HOT0239,607,Executive,6,7000,5,Available
ROOM001676,HOT0240,557,Presidential,4,10000,4,Occupied
ROOM001677,HOT0141,462,Executive,1,2500,3,Available
ROOM001678,HOT0161,591,Suite,4,7000,7,Maintenance
ROOM001679,HOT0177,884,Deluxe,4,3500,4,Maintenance
ROOM001680,HOT0229,490,Deluxe,5,7000,5,Maintenance
ROOM001681,HOT0041,839,Deluxe,4,2500,12,Maintenance
ROOM001682,HOT0062,614,Suite,2,3500,10,Available
ROOM001683,HOT0174,661,Suite,1,15000,12,Occupied
ROOM001684,HOT0212,672,Family,6,2500,10,Available
ROOM001685,HOT0241,692,Suite,4,15000,8,Available
ROOM001686,HOT0184,653,Standard,6,7000,1,Occupied
ROOM001687,HOT0158,949,Presidential,3,10000,2,Maintenance
ROOM001688,HOT0103,354,Executive,5,7000,12,Available
ROOM001689,HOT0022,864,Family,5,2500,3,Maintenance
ROOM001690,HOT0190,463,Deluxe,1,7000,6,Maintenance
ROOM001691,HOT0027,164,Deluxe,2,15000,3,Available
ROOM001692,HOT0197,355,Executive,4,15000,10,Occupied
ROOM001693,HOT0123,674,,2,3500,5,Available
ROOM001694,HOT0089,932,Family,4,3500,8,Occupied
ROOM001695,HOT0205,474,Deluxe,6,3500,5,Maintenance
ROOM001696,HOT0107,950,Standard,1,3500,14,Available
ROOM001697,HOT0235,345,Presidential,3,10000,13,Available
ROOM001698,HOT0182,118,Deluxe,3,5000,5,Maintenance
ROOM001699,HOT0154,308,Deluxe,6,5000,2,Available
ROOM001700,HOT0229,928,Suite,4,2500,11,Maintenance
ROOM001701,HOT0075,749,Deluxe,6,2500,5,Available
ROOM001702,HOT0050,161,Family,1,2500,4,Maintenance
ROOM001703,HOT0034,878,Presidential,5,10000,10,Occupied
ROOM001704,HOT0242,460,Executive,6,2500,9,Maintenance
ROOM001705,HOT0226,328,Presidential,4,15000,15,Maintenance
ROOM001706,HOT0049,319,Executive,4,15000,6,Maintenance
ROOM001707,HOT0028,829,Suite,5,7000,6,Occupied
ROOM001708,HOT0072,982,Standard,2,10000,9,Available
ROOM001709,HOT0101,262,Family,2,3500,4,Maintenance
ROOM001710,HOT0080,267,Standard,5,15000,6,Available
ROOM001711,HOT0139,998,Family,1,7000,7,Available
ROOM001712,HOT0010,390,Presidential,4,3500,14,Occupied
ROOM001713,HOT0181,845,Standard,3,15000,7,Available
ROOM001714,HOT0177,942,Executive,2,10000,11,Occupied
ROOM001715,HOT0072,122,Suite,2,3500,15,Maintenance
ROOM001716,HOT0087,756,Standard,6,5000,13,Occupied
ROOM001717,HOT0003,313,Family,4,2500,6,Occupied
ROOM001718,HOT0093,454,Executive,5,2500,12,Maintenance
ROOM001719,HOT0187,467,Deluxe,5,15000,6,Available
ROOM001720,HOT0174,552,,6,10000,7,Available
ROOM001721,HOT0178,295,Executive,3,15000,9,Maintenance
ROOM001722,HOT0119,634,Deluxe,1,7000,9,Maintenance
ROOM001723,HOT0036,994,Presidential,1,15000,11,Maintenance
ROOM001724,HOT0028,846,Family,4,2500,2,Available
ROOM001725,HOT0243,936,Executive,3,3500,11,Available
ROOM001726,HOT0099,242,Standard,4,10000,7,Maintenance
ROOM001727,HOT0234,746,Deluxe,2,2500,10,Maintenance
ROOM001728,HOT0059,976,Presidential,1,3500,1,Available
ROOM001729,HOT0174,478,Family,3,7000,14,Maintenance
ROOM001730,HOT0044,182,Suite,5,15000,6,Occupied
ROOM001731,HOT0238,885,Executive,5,10000,2,Maintenance
ROOM001732,HOT0077,675,Standard,2,7000,15,Maintenance
ROOM001733,HOT0179,942,Deluxe,2,10000,6,Available
ROOM001734,HOT0053,160,Deluxe,5,3500,14,Maintenance
ROOM001735,HOT0047,521,Presidential,4,10000,10,Occupied
ROOM001736,HOT0145,102,Standard,3,2500,12,Available
ROOM001737,HOT0181,725,Suite,6,7000,11,Maintenance
ROOM001738,HOT0026,712,Family,1,7000,4,Occupied
ROOM001739,HOT0124,420,Suite,5,3500,14,Occupied
ROOM001740,HOT0055,360,Presidential,4,10000,13,Occupied
ROOM001741,HOT0161,982,Deluxe,6,15000,5,Available
ROOM001742,HOT0233,227,Deluxe,1,15000,2,Occupied
ROOM001743,HOT0198,720,Executive,3,7000,9,Occupied
ROOM001744,HOT0149,762,Executive,2,10000,8,Available
ROOM001745,HOT0063,936,Presidential,2,10000,6,Occupied
ROOM001746,HOT0136,444,Standard,4,5000,14,Occupied
ROOM001747,HOT0170,816,Family,1,7000,5,Available
ROOM001748,HOT0233,586,Executive,4,5000,15,Occupied
ROOM001749,HOT0052,389,Family,3,7000,7,Available
ROOM001750,HOT0006,575,Executive,5,2500,5,Maintenance
ROOM001751,HOT0116,978,Deluxe,6,7000,8,Occupied
ROOM001752,HOT0074,828,Executive,3,2500,7,Maintenance
ROOM001753,HOT0052,869,Executive,2,10000,10,Occupied
ROOM001754,HOT0076,317,Standard,6,5000,8,Maintenance
ROOM001755,HOT0160,456,Presidential,4,2500,3,Maintenance
ROOM001756,HOT0025,616,Executive,3,3500,13,Occupied
ROOM001757,HOT0187,868,Family,4,2500,5,Maintenance
ROOM001758,HOT0130,648,Family,2,2500,7,Maintenance
ROOM001759,HOT0235,101,Suite,2,2500,1,Occupied
ROOM001760,HOT0061,271,Presidential,6,15000,11,Maintenance
ROOM001761,HOT0128,634,Standard,1,2500,12,Available
ROOM001762,HOT0101,353,Family,4,15000,9,Available
ROOM001763,HOT0117,278,Deluxe,6,10000,7,Occupied
ROOM001764,HOT0096,118,Deluxe,3,10000,1,Available
ROOM001765,HOT0115,289,Suite,1,7000,6,Occupied
ROOM001766,HOT0107,971,Family,6,5000,15,Occupied
ROOM001767,HOT0218,502,Family,3,15000,14,Occupied
ROOM001768,HOT0141,637,Standard,4,10000,1,Occupied
ROOM001769,HOT0007,577,Suite,4,3500,12,Occupied
ROOM001770,HOT0182,731,Deluxe,5,7000,1,Maintenance
ROOM001771,HOT0090,390,Deluxe,5,5000,14,Available
ROOM001772,HOT0005,727,Suite,4,15000,8,Maintenance
ROOM001773,HOT0121,389,Standard,6,5000,9,Maintenance
ROOM001774,HOT0186,438,Executive,5,3500,9,Maintenance
ROOM001775,HOT0038,277,Family,6,3500,11,Maintenance
ROOM001776,HOT0065,401,Standard,6,2500,8,Available
ROOM001777,HOT0152,233,Presidential,1,2500,14,Maintenance
ROOM001778,HOT0207,992,Presidential,2,2500,10,Available
ROOM001779,HOT0072,100,Executive,4,15000,6,Available
ROOM001780,HOT0166,531,Presidential,5,5000,11,Occupied
ROOM001781,HOT0103,879,Deluxe,1,2500,13,Occupied
ROOM001782,HOT0236,182,Deluxe,4,3500,15,Maintenance
ROOM001783,HOT0202,794,Family,3,2500,5,Available
ROOM001784,HOT0169,178,Deluxe,4,10000,2,Available
ROOM001785,HOT0213,810,Deluxe,4,15000,14,Occupied
ROOM001786,HOT0028,729,Standard,6,3500,12,Occupied
ROOM001787,HOT0008,475,Presidential,5,5000,13,Occupied
ROOM001788,HOT0037,512,Family,6,5000,6,Available
ROOM001789,HOT0181,202,,3,3500,6,Occupied
ROOM001790,HOT0028,823,Executive,5,2500,14,Available
ROOM001791,HOT0017,934,,6,3500,3,Maintenance
ROOM001792,HOT0228,269,Presidential,2,7000,12,Maintenance
ROOM001793,HOT0091,525,Suite,3,7000,8,Occupied
ROOM001794,HOT0241,365,Presidential,2,3500,10,Occupied
ROOM001795,HOT0021,603,Presidential,6,10000,5,Maintenance
ROOM001796,HOT0116,458,Suite,6,7000,7,Available
ROOM001797,HOT0171,814,Presidential,4,10000,4,Maintenance
ROOM001798,HOT0093,500,Deluxe,2,10000,7,Maintenance
ROOM001799,HOT0209,291,Deluxe,4,2500,8,Available
ROOM001800,HOT0089,178,Presidential,2,10000,1,Available
ROOM001801,HOT0106,932,Executive,3,10000,2,Maintenance
ROOM001802,HOT0093,364,Presidential,5,7000,1,Available
ROOM001803,HOT0047,278,Deluxe,6,2500,9,Maintenance
ROOM001804,HOT0169,922,Family,6,3500,13,Occupied
ROOM001805,HOT0137,519,Family,3,2500,5,Maintenance
ROOM001806,HOT0065,865,Presidential,4,2500,10,Occupied
ROOM001807,HOT0190,721,Family,4,3500,1,Occupied
ROOM001808,HOT0066,115,Standard,3,15000,11,Available
ROOM001809,HOT0042,411,,2,5000,10,Available
ROOM001810,HOT0081,278,Deluxe,6,10000,2,Occupied
ROOM001811,HOT0088,562,Standard,4,2500,8,Available
ROOM001812,HOT0104,205,Deluxe,5,5000,6,Maintenance
ROOM001813,HOT0221,280,Deluxe,5,5000,3,Available
ROOM001814,HOT0088,254,Executive,2,5000,1,Occupied
ROOM001815,HOT0080,355,Presidential,5,15000,10,Occupied
ROOM001816,HOT0054,423,Family,2,15000,10,Available
ROOM001817,HOT0119,744,Standard,5,3500,6,Maintenance
ROOM001818,HOT0093,265,Suite,1,15000,6,Available
ROOM001819,HOT0009,201,Deluxe,4,2500,15,Maintenance
ROOM001820,HOT0010,331,Family,3,3500,4,Available
ROOM001821,HOT0061,204,Suite,5,5000,5,Occupied
ROOM001822,HOT0190,586,Presidential,2,3500,12,Maintenance
ROOM001823,HOT0238,222,Executive,2,5000,12,Available
ROOM001824,HOT0241,879,Presidential,2,5000,7,Available
ROOM001825,HOT0141,840,Standard,2,10000,4,Available
ROOM001826,HOT0073,855,Deluxe,2,7000,6,Available
ROOM001827,HOT0193,137,Executive,5,2500,4,Available
ROOM001828,HOT0063,875,Deluxe,3,5000,10,Maintenance
ROOM001829,HOT0211,474,Executive,1,3500,7,Occupied
ROOM001830,HOT0132,945,Presidential,2,7000,14,Available
ROOM001831,HOT0200,202,Family,2,7000,14,Maintenance
ROOM001832,HOT0194,730,Presidential,4,7000,13,Occupied
ROOM001833,HOT0070,784,Presidential,2,2500,5,Maintenance
ROOM001834,HOT0034,380,Family,4,5000,15,Available
ROOM001835,HOT0174,158,Family,1,2500,4,Maintenance
ROOM001836,HOT0102,922,Presidential,4,15000,8,Available
ROOM001837,HOT0105,695,Deluxe,5,3500,14,Maintenance
ROOM001838,HOT0196,781,Standard,6,5000,3,Occupied
ROOM001839,HOT0009,242,Executive,5,15000,2,Available
ROOM001840,HOT0150,735,Suite,2,7000,15,Occupied
ROOM001841,HOT0236,193,Suite,5,3500,13,Occupied
ROOM001842,HOT0046,670,Standard,2,10000,7,Maintenance
ROOM001843,HOT0050,732,Suite,4,5000,15,Occupied
ROOM001844,HOT0159,396,Suite,4,2500,11,Available
ROOM001845,HOT0086,979,Family,1,10000,10,Available
ROOM001846,HOT0149,713,Executive,6,3500,12,Available
ROOM001847,HOT0052,237,Family,5,10000,4,Occupied
ROOM001848,HOT0148,721,,5,7000,13,Occupied
ROOM001849,HOT0185,806,Presidential,3,10000,2,Available
ROOM001850,HOT0162,280,Presidential,3,5000,4,Occupied
ROOM001851,HOT0133,243,Deluxe,6,15000,10,Occupied
ROOM001852,HOT0099,728,Standard,2,5000,8,Maintenance
ROOM001853,HOT0110,503,Family,2,10000,8,Maintenance
ROOM001854,HOT0159,963,Deluxe,2,3500,15,Maintenance
ROOM001855,HOT0195,615,Family,2,2500,7,Maintenance
ROOM001856,HOT0099,233,Presidential,3,3500,6,Available
ROOM001857,HOT0106,859,Suite,1,7000,9,Occupied
ROOM001858,HOT0036,281,Suite,6,10000,6,Occupied
ROOM001859,HOT0115,273,Suite,5,15000,15,Available
ROOM001860,HOT0242,955,Suite,4,7000,15,Maintenance
ROOM001861,HOT0021,629,Family,3,10000,7,Maintenance
ROOM001862,HOT0187,980,Standard,6,2500,4,Maintenance
ROOM001863,HOT0147,539,Standard,3,2500,8,Occupied
ROOM001864,HOT0206,458,Deluxe,4,7000,9,Available
ROOM001865,HOT0189,698,Executive,6,2500,3,Occupied
ROOM001866,HOT0089,456,Executive,5,3500,13,Occupied
ROOM001867,HOT0138,714,Standard,3,2500,9,Occupied
ROOM001868,HOT0122,741,Presidential,4,10000,13,Maintenance
ROOM001869,HOT0106,888,Executive,2,10000,9,Available
ROOM001870,HOT0051,369,Suite,2,5000,7,Occupied
ROOM001871,HOT0237,528,Presidential,1,15000,8,Maintenance
ROOM001872,HOT0014,222,Presidential,2,3500,12,Maintenance
ROOM001873,HOT0079,601,Deluxe,6,2500,13,Available
ROOM001874,HOT0067,956,Deluxe,6,10000,9,Available
ROOM001875,HOT0035,644,Deluxe,2,5000,5,Available
ROOM001876,HOT0151,360,Presidential,2,3500,10,Occupied
ROOM001877,HOT0183,671,Executive,4,3500,5,Maintenance
ROOM001878,HOT0191,486,Presidential,4,7000,10,Available
ROOM001879,HOT0224,503,Executive,6,3500,1,Maintenance
ROOM001880,HOT0244,294,Family,5,7000,7,Available
ROOM001881,HOT0193,163,Suite,4,7000,2,Maintenance
ROOM001882,HOT0186,860,Suite,6,3500,12,Maintenance
ROOM001883,HOT0134,292,Executive,5,7000,11,Maintenance
ROOM001884,HOT0105,499,Executive,4,2500,8,Maintenance
ROOM001885,HOT0232,892,Deluxe,3,10000,4,Available
ROOM001886,HOT0129,940,Family,5,10000,10,Available
ROOM001887,HOT0067,725,Family,3,3500,1,Occupied
ROOM001888,HOT0140,414,Presidential,6,5000,13,Maintenance
ROOM001889,HOT0064,160,Deluxe,5,5000,10,Available
ROOM001890,HOT0221,242,Standard,6,7000,7,Maintenance
ROOM001891,HOT0123,723,Standard,1,7000,10,Available
ROOM001892,HOT0057,314,Suite,3,7000,11,Maintenance
ROOM001893,HOT0181,684,Presidential,1,5000,10,Maintenance
ROOM001894,HOT0012,649,Family,4,5000,15,Occupied
ROOM001895,HOT0055,155,Suite,5,15000,11,Available
ROOM001896,HOT0106,428,Suite,6,5000,7,Occupied
ROOM001897,HOT0044,804,Deluxe,5,15000,2,Maintenance
ROOM001898,HOT0063,384,Family,1,5000,11,Maintenance
ROOM001899,HOT0210,536,Family,1,2500,4,Available
ROOM001900,HOT0237,807,Executive,2,5000,10,Maintenance
ROOM001901,HOT0028,122,Deluxe,5,10000,6,Occupied
ROOM001902,HOT0112,534,Deluxe,1,15000,12,Available
ROOM001903,HOT0192,698,Deluxe,6,2500,8,Occupied
ROOM001904,HOT0129,806,Presidential,1,5000,13,Occupied
ROOM001905,HOT0040,473,Presidential,1,15000,4,Available
ROOM001906,HOT0147,639,Deluxe,1,5000,9,Available
ROOM001907,HOT0109,296,Standard,3,10000,1,Occupied
ROOM001908,HOT0212,232,Family,2,3500,12,Available
ROOM001909,HOT0057,786,Family,4,2500,14,Available
ROOM001910,HOT0223,312,Suite,5,2500,8,Maintenance
ROOM001911,HOT0243,458,Suite,2,5000,5,Occupied
ROOM001912,HOT0093,961,Standard,4,5000,9,Maintenance
ROOM001913,HOT0093,128,Presidential,6,5000,11,Maintenance
ROOM001914,HOT0231,774,Standard,2,3500,7,Available
ROOM001915,HOT0226,134,Family,5,-10000,9,Maintenance
ROOM001916,HOT0205,222,Deluxe,4,10000,14,Available
ROOM001917,HOT0195,620,Standard,3,10000,8,Maintenance
ROOM001918,HOT0025,563,Standard,3,10000,11,Occupied
ROOM001919,HOT0227,504,Family,5,5000,3,Available
ROOM001920,HOT0013,969,Deluxe,3,10000,6,Maintenance
ROOM001921,HOT0212,854,Executive,1,5000,1,Available
ROOM001922,HOT0211,251,Deluxe,1,5000,15,Available
ROOM001923,HOT0189,754,Deluxe,3,5000,10,Maintenance
ROOM001924,HOT0030,846,Family,4,2500,7,Occupied
ROOM001925,HOT0205,744,Family,6,15000,1,Occupied
ROOM001926,HOT0233,848,Standard,2,10000,2,Occupied
ROOM001927,HOT0091,782,Deluxe,6,5000,7,Occupied
ROOM001928,HOT0218,425,Executive,6,2500,13,Maintenance
ROOM001929,HOT0052,115,Executive,3,5000,12,Available
ROOM001930,HOT0172,409,Deluxe,6,3500,14,Available
ROOM001931,HOT0073,845,Deluxe,3,7000,14,Maintenance
ROOM001932,HOT0121,349,Presidential,6,5000,9,Available
ROOM001933,HOT0237,456,Executive,4,2500,14,Available
ROOM001934,HOT0078,228,Family,3,2500,13,Occupied
ROOM001935,HOT0215,693,Family,4,7000,10,Occupied
ROOM001936,HOT0123,949,Deluxe,1,10000,5,Available
ROOM001937,HOT0110,148,Family,3,10000,3,Available
ROOM001938,HOT0122,540,Presidential,6,2500,4,Maintenance
ROOM001939,HOT0133,278,Presidential,3,10000,15,Available
ROOM001940,HOT0050,541,Suite,4,3500,10,Maintenance
ROOM001941,HOT0104,533,Executive,6,7000,7,Available
ROOM001942,HOT0175,833,Family,4,3500,2,Maintenance
ROOM001943,HOT0016,156,Executive,4,2500,12,Maintenance
ROOM001944,HOT0150,451,Suite,1,7000,8,Maintenance
ROOM001945,HOT0030,859,Standard,1,5000,13,Occupied
ROOM001946,HOT0206,134,Standard,1,3500,14,Occupied
ROOM001947,HOT0151,956,,4,2500,10,Occupied
ROOM001948,HOT0164,847,Executive,4,7000,14,Occupied
ROOM001949,HOT0107,400,Executive,4,3500,4,Available
ROOM001950,HOT0089,878,Presidential,6,3500,9,Available
ROOM001951,HOT0235,453,Executive,5,2500,7,Maintenance
ROOM001952,HOT0050,522,Standard,5,2500,14,Occupied
ROOM001953,HOT0042,560,Suite,5,7000,2,Occupied
ROOM001954,HOT0136,471,Presidential,6,2500,5,Available
ROOM001955,HOT0057,945,Deluxe,1,15000,10,Available
ROOM001956,HOT0026,793,,5,2500,15,Available
ROOM001957,HOT0011,399,Deluxe,6,15000,4,Available
ROOM001958,HOT0015,935,Deluxe,1,10000,15,Maintenance
ROOM001959,HOT0241,164,Deluxe,6,10000,15,Available
ROOM001960,HOT0080,506,Executive,2,2500,12,Occupied
ROOM001961,HOT0012,641,Deluxe,6,2500,7,Occupied
ROOM001962,HOT0028,571,Suite,6,5000,10,Maintenance
ROOM001963,HOT0168,744,Executive,6,15000,3,Available
ROOM001964,HOT0011,413,Standard,2,7000,13,Maintenance
ROOM001965,HOT0178,239,Executive,1,3500,8,Maintenance
ROOM001966,HOT0149,758,Presidential,6,3500,2,Occupied
ROOM001967,HOT0112,182,Standard,6,10000,15,Maintenance
ROOM001968,HOT0092,521,Deluxe,2,10000,7,Available
ROOM001969,HOT0044,344,Family,3,3500,7,Occupied
ROOM001970,HOT0031,763,Standard,6,3500,10,Occupied
ROOM001971,HOT0190,205,Executive,4,7000,7,Maintenance
ROOM001972,HOT0085,737,Presidential,3,15000,12,Occupied
ROOM001973,HOT0194,621,Deluxe,4,15000,2,Maintenance
ROOM001974,HOT0172,551,Executive,5,2500,8,Available
ROOM001975,HOT0215,102,Executive,5,10000,3,Occupied
ROOM001976,HOT0207,273,Presidential,5,5000,10,Maintenance
ROOM001977,HOT0118,602,Suite,3,7000,4,Available
ROOM001978,HOT0079,560,Family,3,2500,2,Occupied
ROOM001979,HOT0072,155,Deluxe,1,10000,12,Available
ROOM001980,HOT0153,124,Suite,2,2500,2,Available
ROOM001981,HOT0037,208,Family,4,15000,14,Occupied
ROOM001982,HOT0220,222,Suite,4,15000,13,Available
ROOM001983,HOT0155,786,Suite,2,15000,7,Maintenance
ROOM001984,HOT0244,310,Suite,1,10000,2,Available
ROOM001985,HOT0209,906,Presidential,5,15000,12,Available
ROOM001986,HOT0112,134,Executive,3,15000,12,Occupied
ROOM001987,HOT0011,308,Suite,1,2500,9,Available
ROOM001988,HOT0006,596,Deluxe,1,2500,14,Occupied
ROOM001989,HOT0102,370,Standard,4,2500,7,Occupied
ROOM001990,HOT0158,284,Executive,2,15000,14,Maintenance
ROOM001991,HOT0241,284,Presidential,6,2500,11,Occupied
ROOM001992,HOT0074,397,Standard,6,10000,12,Occupied
ROOM001993,HOT0225,234,Executive,3,7000,8,Available
ROOM001994,HOT0041,751,Family,6,3500,13,Available
ROOM001995,HOT0069,574,Suite,5,7000,14,Occupied
ROOM001996,HOT0196,980,Deluxe,5,7000,12,Occupied
ROOM001997,HOT0001,375,Presidential,2,2500,1,Occupied
ROOM001998,HOT0036,216,Standard,4,7000,12,Occupied
ROOM001999,HOT0176,413,Executive,2,5000,8,Available
ROOM002000,HOT0095,664,Executive,6,3500,14,Maintenance
