service_id,booking_id,hotel_id,employee_id,service_name,service_date,quantity,unit_price,total_price
SER000001,BOOK002299,HOT0111,EMP00127,Airport Pickup,2026-06-01,4,1500,6000
SER000002,BOOK004541,HOT0169,EMP00039,Mini Bar,2025-02-14,1,2000,2000
SER000003,BOOK002340,HOT0143,EMP00323,Dinner,2025-04-28,4,2000,8000
SER000004,BOOK001788,HOT0088,EMP00719,Gym,2025-07-21,4,250,1000
SER000005,BOOK000949,HOT0131,EMP00451,Airport Pickup,2025-06-19,3,1500,4500
SER000006,BOOK002030,HOT0229,EMP00501,Gym,2025-07-24,4,1000,4000
SER000007,BOOK004239,HOT0090,EMP00622,Mini Bar,2025-06-16,2,250,500
SER000008,BOOK000992,HOT0120,EMP00066,Room Cleaning,2026-05-28,2,250,500
SER000009,BOOK003125,HOT0165,EMP00771,Dinner,2026-02-24,3,1500,4500
SER000010,BOOK001401,HOT0201,EMP00270,Lunch,2025-02-21,2,2000,4000
SER000011,BOOK000175,HOT0039,EMP00321,Breakfast,2025-09-08,2,1000,2000
SER000012,BOOK001838,HOT0172,EMP00543,Breakfast,2026-06-17,1,1500,1500
SER000013,BOOK004406,HOT0059,EMP00367,Gym,2025-12-28,4,500,2000
SER000014,BOOK002373,HOT0011,EMP00722,Spa,2025-11-29,4,1000,4000
SER000015,BOOK002653,HOT0180,EMP00748,Mini Bar,2024-12-13,3,500,1500
SER000016,BOOK002274,HOT0018,EMP00657,Gym,2025-09-05,3,2000,6000
SER000017,BOOK004000,HOT0062,EMP00768,Swimming Pool,2026-03-30,1,500,500
SER000018,BOOK002212,HOT0077,EMP00744,Room Cleaning,2025-10-20,4,250,1000
SER000019,BOOK002994,HOT0120,EMP00061,Dinner,2025-11-15,3,250,750
SER000020,BOOK001790,HOT0196,EMP00015,Room Cleaning,2025-02-19,2,250,500
SER000021,BOOK000548,HOT0091,EMP00037,Laundry,2025-12-12,1,500,500
SER000022,BOOK004775,HOT0219,EMP00005,Gym,2025-11-06,3,2000,6000
SER000023,BOOK002613,HOT0176,EMP00772,Lunch,2026-06-06,3,1500,4500
SER000024,BOOK000652,HOT0084,EMP00078,Lunch,2024-10-05,3,750,2250
SER000025,BOOK001594,HOT0045,EMP00464,Breakfast,2024-11-22,2,1000,2000
SER000026,BOOK001140,HOT0222,EMP00560,Dinner,2025-04-28,4,1500,6000
SER000027,BOOK004792,HOT0145,EMP00179,Lunch,2025-11-07,4,500,2000
SER000028,BOOK000379,HOT0245,EMP00331,Dinner,2026-02-08,2,250,500
SER000029,BOOK000258,HOT0204,EMP00013,Spa,2026-05-25,1,250,250
SER000030,BOOK002371,HOT0221,EMP00716,Spa,2026-04-18,4,1500,6000
SER000031,BOOK004812,HOT0093,EMP00324,Breakfast,2025-05-15,3,750,2250
SER000032,BOOK001749,HOT0184,EMP00489,Mini Bar,2024-11-16,3,250,750
SER000033,BOOK003794,HOT0163,EMP00722,Mini Bar,2024-11-15,3,750,2250
SER000034,BOOK000725,HOT0189,EMP00672,Room Cleaning,2024-12-14,1,1500,1500
SER000035,BOOK003231,HOT0079,EMP00683,Breakfast,2026-04-30,2,250,500
SER000036,BOOK003706,HOT0029,EMP00055,Mini Bar,2025-06-05,1,2000,2000
SER000037,BOOK003976,HOT0167,EMP00405,Dinner,2025-07-30,2,750,1500
SER000038,BOOK000876,HOT0085,EMP00277,Breakfast,2025-02-07,2,500,1000
SER000039,BOOK000822,HOT0165,EMP00274,Gym,2025-02-01,2,1000,2000
SER000040,BOOK001075,HOT0160,EMP00466,Gym,2025-11-22,1,1000,1000
SER000041,BOOK001943,HOT0205,EMP00084,Lunch,2025-02-07,3,1000,3000
SER000042,BOOK004033,HOT0058,EMP00257,Room Cleaning,2026-04-16,1,500,500
SER000043,BOOK003900,HOT0134,EMP00710,Room Cleaning,2026-02-19,3,2000,6000
SER000044,BOOK004491,HOT0195,EMP00114,Mini Bar,2024-09-06,4,750,3000
SER000045,BOOK000460,HOT0166,EMP00050,Dinner,2025-07-25,3,250,750
SER000046,BOOK003528,HOT0125,EMP00373,Airport Pickup,2026-03-16,2,1000,2000
SER000047,BOOK001218,HOT0133,EMP00601,Gym,2025-11-09,2,1000,2000
SER000048,BOOK000282,HOT0118,EMP00443,Dinner,2025-03-23,2,500,1000
SER000049,BOOK003608,HOT0173,EMP00521,Lunch,2026-02-09,1,2000,2000
SER000050,BOOK004163,HOT0150,EMP00243,Mini Bar,2024-12-24,4,500,2000
SER000051,BOOK004451,HOT0060,EMP00091,Breakfast,2024-12-30,4,500,2000
SER000052,BOOK003146,HOT0167,EMP00169,Airport Pickup,2026-07-11,3,1000,3000
SER000053,BOOK000461,HOT0125,,Gym,2024-12-15,3,2000,6000
SER000054,BOOK004188,HOT0033,EMP00625,Gym,2026-07-18,3,250,750
SER000055,BOOK004147,HOT0061,EMP00537,Breakfast,2026-08-25,3,250,750
SER000056,BOOK004631,HOT0079,EMP00192,Dinner,2025-11-13,1,750,750
SER000057,BOOK000181,HOT0062,EMP00150,Dinner,2026-09-14,1,250,250
SER000058,BOOK002401,HOT0107,EMP00387,Breakfast,2025-08-28,2,750,1748
SER000059,BOOK002615,HOT0025,EMP00417,Airport Pickup,2025-09-15,4,1500,6000
SER000060,BOOK004354,HOT0192,EMP00461,Spa,2025-12-27,4,750,3000
SER000061,BOOK002980,HOT0046,EMP00386,Airport Pickup,2025-07-16,4,500,2000
SER000062,BOOK003858,HOT0097,EMP00445,Swimming Pool,2026-05-11,2,250,500
SER000063,BOOK003240,HOT0243,EMP00318,Laundry,2026-08-19,2,750,1500
SER000064,BOOK004315,HOT0016,EMP00286,Airport Pickup,2025-06-26,2,500,1000
SER000065,BOOK001010,HOT0036,EMP00403,Airport Pickup,2025-01-02,4,250,1000
SER000066,BOOK002286,HOT0160,EMP00538,Swimming Pool,2025-08-28,4,250,1000
SER000067,BOOK004017,HOT0196,EMP00148,Breakfast,2024-10-31,3,750,2250
SER000068,BOOK002493,HOT0016,EMP00795,Breakfast,2025-05-20,2,2000,4000
SER000069,BOOK002423,HOT0159,EMP00264,Dinner,2025-05-06,1,250,250
SER000070,BOOK004732,HOT0074,EMP00612,Gym,2026-06-29,4,500,2000
SER000071,BOOK004569,HOT0035,EMP00294,Room Cleaning,2025-04-06,3,500,1500
SER000072,BOOK000412,HOT0193,EMP00097,Room Cleaning,2025-05-28,3,750,2250
SER000073,BOOK004776,HOT0022,EMP00441,Spa,2026-04-16,2,1000,2000
SER000074,BOOK003409,HOT0159,EMP00629,Airport Pickup,2024-09-14,1,750,750
SER000075,BOOK003687,HOT0177,EMP00740,Spa,2025-02-10,1,1500,1500
SER000076,BOOK001331,HOT0080,EMP00512,Swimming Pool,2025-10-19,3,250,750
SER000077,BOOK004942,HOT0068,EMP00149,Gym,2025-09-17,3,1500,4500
SER000078,BOOK003363,HOT0063,EMP00433,Room Cleaning,2025-04-11,1,750,750
SER000079,BOOK001546,HOT0214,EMP00667,Swimming Pool,2026-03-26,4,500,2000
SER000080,BOOK001698,HOT0045,EMP00496,Mini Bar,2024-12-02,2,500,1000
SER000081,BOOK001049,HOT0166,EMP00600,Laundry,2026-07-25,3,2000,6000
SER000082,BOOK004846,HOT0031,EMP00742,Lunch,2025-05-07,3,1500,4500
SER000083,BOOK002165,HOT0059,EMP00304,Dinner,2025-08-02,2,1500,3000
SER000084,BOOK000164,HOT0186,EMP00637,Breakfast,2025-04-07,2,1000,2000
SER000085,BOOK001475,HOT0076,EMP00238,Laundry,2024-10-05,1,250,250
SER000086,BOOK000082,HOT0205,EMP00342,Lunch,2025-05-21,2,250,500
SER000087,BOOK002556,HOT0085,EMP00500,Room Cleaning,2026-08-04,3,500,1500
SER000088,BOOK001657,HOT0066,EMP00632,Airport Pickup,2026-04-01,3,1000,3000
SER000089,BOOK000705,HOT0039,EMP00668,Dinner,2025-04-06,1,1500,1500
SER000090,BOOK002163,HOT0089,EMP00456,Dinner,2025-03-12,1,750,750
SER000091,BOOK004145,HOT0141,EMP00449,Lunch,2025-07-03,4,1500,6000
SER000092,BOOK000417,HOT0103,EMP00176,Breakfast,2025-12-01,3,500,1500
SER000093,BOOK000857,HOT0027,EMP00005,Airport Pickup,2025-07-30,2,2000,4000
SER000094,BOOK000497,HOT0143,EMP00212,Spa,2025-11-26,1,1500,1500
SER000095,BOOK000858,HOT0040,EMP00679,Mini Bar,2024-08-28,3,250,750
SER000096,BOOK000793,HOT0086,EMP00362,Spa,2024-11-14,3,2000,6000
SER000097,BOOK004520,HOT0144,EMP00592,Airport Pickup,2024-09-09,4,2000,8000
SER000098,BOOK002589,HOT0155,EMP00071,Spa,2026-08-08,1,750,750
SER000099,BOOK002860,HOT0194,EMP00087,Laundry,2025-07-08,3,1500,4500
SER000100,BOOK000354,HOT0230,EMP00067,Gym,2024-08-23,2,500,1000
SER000101,BOOK003894,HOT0099,EMP00598,Swimming Pool,2024-10-15,1,1000,1000
SER000102,BOOK003621,HOT0234,EMP00046,Airport Pickup,2025-03-16,4,500,2000
SER000103,BOOK002113,HOT0120,EMP00078,Lunch,2025-11-21,3,750,2250
SER000104,BOOK001313,HOT0170,EMP00442,Mini Bar,2025-06-30,3,2000,6000
SER000105,BOOK003817,HOT0019,EMP00384,Airport Pickup,2024-10-29,3,1500,4500
SER000106,BOOK001589,HOT0172,EMP00782,Swimming Pool,2026-07-06,2,500,1000
SER000107,BOOK000924,HOT0187,EMP00148,Mini Bar,2025-10-24,2,2000,4000
SER000108,BOOK003566,HOT0111,EMP00311,Spa,2025-03-03,4,1000,4000
SER000109,BOOK003218,HOT0091,EMP00325,Spa,2025-10-01,3,1500,4500
SER000110,BOOK000561,HOT0125,EMP00181,Dinner,2025-01-01,1,750,750
SER000111,BOOK004109,HOT0175,EMP00264,Swimming Pool,2025-01-31,4,2000,8000
SER000112,BOOK000643,HOT0247,EMP00223,Laundry,2024-09-25,3,1000,3000
SER000113,BOOK002737,HOT0107,EMP00306,Breakfast,2024-08-07,2,750,1500
SER000114,BOOK004979,HOT0231,EMP00414,Gym,2024-12-23,2,500,1000
SER000115,BOOK002056,HOT0115,EMP00620,Breakfast,2026-05-06,4,750,3000
SER000116,BOOK001253,HOT0063,EMP00597,Airport Pickup,2026-05-03,2,500,1000
SER000117,BOOK003208,HOT0102,EMP00126,Dinner,2026-02-08,4,1500,6000
SER000118,BOOK000313,HOT0028,EMP00659,Gym,2024-12-09,4,750,3000
SER000119,BOOK003439,HOT0159,EMP00535,Gym,2025-01-14,2,1500,3000
SER000120,BOOK002877,HOT0134,EMP00786,Breakfast,2025-07-06,2,750,1500
SER000121,BOOK000869,HOT0157,EMP00343,Lunch,2026-09-06,1,250,250
SER000122,BOOK003576,HOT0092,EMP00688,Airport Pickup,2025-03-18,3,250,750
SER000123,BOOK000059,HOT0196,EMP00658,Spa,2026-07-11,2,750,1500
SER000124,BOOK002510,HOT0142,EMP00315,Swimming Pool,2025-06-08,3,250,750
SER000125,BOOK002568,HOT0035,EMP00637,Lunch,2026-04-29,1,500,500
SER000126,BOOK004497,HOT0244,EMP00225,Mini Bar,2025-05-03,3,250,750
SER000127,BOOK004853,HOT0173,EMP00596,Lunch,2025-08-15,4,750,3000
SER000128,BOOK003749,HOT0105,EMP00695,Spa,2024-11-01,4,1000,4000
SER000129,BOOK002085,HOT0119,EMP00528,Room Cleaning,2024-12-20,1,1500,1500
SER000130,BOOK000607,HOT0027,EMP00216,Swimming Pool,2025-12-17,2,750,1500
SER000131,BOOK003770,HOT0123,EMP00702,Gym,2024-08-07,3,1500,4500
SER000132,BOOK002853,HOT0087,EMP00150,Room Cleaning,2024-10-21,4,1500,6000
SER000133,BOOK004627,HOT0155,EMP00531,Swimming Pool,2025-11-21,3,750,2250
SER000134,BOOK004242,HOT0210,EMP00194,Breakfast,2025-12-27,1,2000,2000
SER000135,BOOK001506,HOT0095,,Airport Pickup,2025-07-04,3,1000,3000
SER000136,BOOK000261,HOT0078,EMP00678,Swimming Pool,2024-11-12,2,2000,4000
SER000137,BOOK001458,HOT0057,EMP00567,Room Cleaning,2025-12-21,3,1000,3000
SER000138,BOOK001011,HOT0161,EMP00328,Breakfast,2025-10-31,3,2000,6000
SER000139,BOOK000295,HOT0069,EMP00426,Laundry,2026-07-16,3,1000,3000
SER000140,BOOK003382,HOT0056,EMP00049,Spa,2024-12-20,2,1500,3000
SER000141,BOOK000053,HOT0232,EMP00035,Swimming Pool,2026-05-02,1,750,750
SER000142,BOOK001534,HOT0206,EMP00541,Breakfast,2025-10-12,4,250,1000
SER000143,BOOK002114,HOT0206,EMP00435,Room Cleaning,2025-05-05,1,750,750
SER000144,BOOK000241,HOT0024,EMP00356,Dinner,2025-07-28,2,2000,4000
SER000145,BOOK002466,HOT0245,EMP00778,Dinner,2025-08-26,3,2000,6000
SER000146,BOOK001663,HOT0086,EMP00682,Gym,2025-08-01,1,750,750
SER000147,BOOK000363,HOT0220,EMP00683,Laundry,2024-12-29,2,750,1500
SER000148,BOOK004673,HOT0141,EMP00730,Dinner,2026-02-07,4,1500,6000
SER000149,BOOK001428,HOT0026,EMP00099,Mini Bar,2026-02-10,1,500,500
SER000150,BOOK002084,HOT0173,EMP00599,Laundry,2024-09-07,4,2000,8000
SER000151,BOOK003685,HOT0161,EMP00260,Spa,2026-06-09,3,2000,6000
SER000152,BOOK002610,HOT0191,EMP00424,Spa,2024-11-14,3,1500,4500
SER000153,BOOK000353,HOT0045,EMP00096,Breakfast,2024-12-24,3,2000,6000
SER000154,BOOK004647,HOT0079,EMP00488,Room Cleaning,2026-07-27,1,1500,1500
SER000155,BOOK004931,HOT0077,EMP00141,Spa,2025-07-15,1,750,750
SER000156,BOOK000751,HOT0179,EMP00569,Spa,2026-07-23,1,2000,2000
SER000157,BOOK004142,HOT0202,EMP00317,Breakfast,2026-09-14,3,1000,3000
SER000158,BOOK004243,HOT0097,EMP00685,Dinner,2026-05-28,4,750,3000
SER000159,BOOK001016,HOT0028,EMP00328,Lunch,2025-08-22,4,1000,4000
SER000160,BOOK002446,HOT0025,EMP00028,Spa,2026-08-05,1,250,250
SER000161,BOOK004265,HOT0072,EMP00467,Gym,2026-03-31,4,2000,8000
SER000162,BOOK004178,HOT0090,EMP00373,Room Cleaning,2026-06-09,3,500,1500
SER000163,BOOK001276,HOT0183,EMP00245,Lunch,2025-05-30,2,1000,2000
SER000164,BOOK003425,HOT0246,EMP00126,Gym,2025-12-07,-1,1500,1500
SER000165,BOOK000638,HOT0207,EMP00695,Spa,2024-10-16,4,500,2000
SER000166,BOOK000676,HOT0136,EMP00037,Gym,2025-05-19,1,250,250
SER000167,BOOK002759,HOT0020,EMP00076,Laundry,2024-10-13,4,1500,6000
SER000168,BOOK000284,HOT0094,EMP00260,Mini Bar,2025-10-18,3,1500,4500
SER000169,BOOK002609,HOT0087,EMP00403,Spa,2026-03-23,3,500,1500
SER000170,BOOK002393,HOT0057,EMP00555,Swimming Pool,2025-04-14,4,250,1000
SER000171,BOOK002512,HOT0130,EMP00435,Mini Bar,2025-01-12,2,500,1000
SER000172,BOOK000091,HOT0181,EMP00742,Room Cleaning,2025-05-18,1,1000,1000
SER000173,BOOK001709,HOT0077,EMP00692,Dinner,2026-03-01,3,750,2250
SER000174,BOOK001057,HOT0007,EMP00302,Room Cleaning,2026-05-06,1,2000,2000
SER000175,BOOK001044,HOT0234,EMP00488,Gym,2026-01-18,1,2000,2000
SER000176,BOOK002703,HOT0238,EMP00277,Airport Pickup,2026-01-16,2,1000,2000
SER000177,BOOK001580,HOT0168,EMP00351,Breakfast,2025-03-22,1,250,250
SER000178,BOOK002663,HOT0190,EMP00726,Swimming Pool,2026-06-01,2,250,500
SER000179,BOOK003177,HOT0017,EMP00533,Airport Pickup,2025-07-06,4,1500,6000
SER000180,BOOK003772,HOT0225,EMP00547,Spa,2025-09-05,4,2000,8000
SER000181,BOOK004914,HOT0228,EMP00018,Mini Bar,2024-11-18,3,500,1500
SER000182,BOOK004213,HOT0006,EMP00170,Airport Pickup,2025-02-07,3,250,750
SER000183,BOOK002713,HOT0226,EMP00133,Mini Bar,2024-09-27,2,1500,3000
SER000184,BOOK003783,HOT0034,EMP00021,Airport Pickup,2025-09-05,1,500,500
SER000185,BOOK002057,HOT0222,EMP00393,Spa,2024-09-17,1,1000,1000
SER000186,BOOK002035,HOT0186,EMP00656,Breakfast,2024-10-15,3,750,2250
SER000187,BOOK004429,HOT0168,EMP00584,Swimming Pool,2025-06-05,1,1000,1000
SER000188,BOOK004396,HOT0036,EMP00143,Breakfast,2026-07-24,2,750,1500
SER000189,BOOK003141,HOT0055,EMP00488,Airport Pickup,2024-12-10,1,250,250
SER000190,BOOK001007,HOT0127,EMP00153,Airport Pickup,2025-01-11,1,1500,1500
SER000191,BOOK003014,HOT0048,EMP00437,Swimming Pool,2026-01-31,4,250,1000
SER000192,BOOK004624,HOT0073,EMP00344,Swimming Pool,2026-08-10,1,2000,2000
SER000193,BOOK002786,HOT0088,EMP00790,Lunch,2025-03-01,1,750,750
SER000194,BOOK000145,HOT0032,EMP00355,Laundry,2024-12-17,2,250,500
SER000195,BOOK004894,HOT0052,EMP00364,Lunch,2025-10-28,3,750,2250
SER000196,BOOK002661,HOT0232,EMP00582,Airport Pickup,2025-01-30,4,750,3000
SER000197,BOOK004649,HOT0200,EMP00439,Breakfast,2026-02-22,4,2000,8000
SER000198,BOOK002721,HOT0087,EMP00566,Airport Pickup,2024-12-13,1,1500,1500
SER000199,BOOK000404,HOT0074,EMP00125,Laundry,2024-11-19,4,250,1000
SER000200,BOOK003833,HOT0067,EMP00541,Swimming Pool,2025-04-07,1,750,750
SER000201,BOOK004548,HOT0139,EMP00335,Spa,2026-03-26,2,1500,3000
SER000202,BOOK003329,HOT0134,EMP00313,Gym,2024-12-06,2,2000,4000
SER000203,BOOK001499,HOT0089,EMP00179,Room Cleaning,2025-03-07,3,1500,4734
SER000204,BOOK000797,HOT0134,EMP00497,Swimming Pool,2025-07-31,-1,250,250
SER000205,BOOK003547,HOT0035,EMP00264,Lunch,2025-07-14,3,250,750
SER000206,BOOK003477,HOT0165,EMP00513,Swimming Pool,2026-02-17,1,1500,1500
SER000207,BOOK000303,HOT0030,EMP00092,Lunch,2024-11-15,2,2000,4000
SER000208,BOOK001823,HOT0172,EMP00337,Spa,2024-10-22,2,750,1500
SER000209,BOOK001686,HOT0105,EMP00768,Room Cleaning,2025-02-15,4,1500,6000
SER000210,BOOK003034,HOT0023,EMP00771,Dinner,2025-11-09,1,250,250
SER000211,BOOK000746,HOT0213,EMP00145,Mini Bar,2025-12-16,4,500,2000
SER000212,BOOK002651,HOT0018,EMP00504,Swimming Pool,2025-08-04,2,500,1000
SER000213,BOOK004898,HOT0129,EMP00059,Airport Pickup,2026-07-21,1,250,250
SER000214,BOOK002111,HOT0103,EMP00786,Breakfast,2025-02-06,1,1500,1500
SER000215,BOOK002692,HOT0006,EMP00135,Breakfast,2026-04-23,4,2000,8000
SER000216,BOOK001806,HOT0177,EMP00449,Room Cleaning,2025-04-21,3,250,750
SER000217,BOOK004851,HOT0008,EMP00121,Airport Pickup,2026-02-19,1,250,250
SER000218,BOOK001457,HOT0012,EMP00203,Dinner,2024-11-19,2,250,500
SER000219,BOOK003447,HOT0167,EMP00515,Breakfast,2025-05-02,3,750,2250
SER000220,BOOK003085,HOT0003,EMP00731,Mini Bar,2025-04-13,1,2000,2000
SER000221,BOOK001556,HOT0022,EMP00482,Breakfast,2025-09-12,4,1000,4000
SER000222,BOOK003301,HOT0101,EMP00661,Lunch,2025-02-07,4,2000,8000
SER000223,BOOK004783,HOT0016,EMP00152,Lunch,2025-01-14,2,250,500
SER000224,BOOK000605,HOT0087,EMP00461,Room Cleaning,2026-04-26,1,1500,1500
SER000225,BOOK003121,HOT0204,EMP00065,Spa,2025-12-13,1,1500,1500
SER000226,BOOK001960,HOT0129,EMP00015,Breakfast,2026-01-21,1,1500,1500
SER000227,BOOK000896,HOT0139,EMP00756,Breakfast,2024-08-28,3,1500,4500
SER000228,BOOK000103,HOT0117,EMP00121,Breakfast,2025-08-21,2,250,500
SER000229,BOOK004521,HOT0184,EMP00746,Airport Pickup,2025-10-02,2,1500,3000
SER000230,BOOK002845,HOT0228,EMP00538,Breakfast,2024-09-13,1,500,500
SER000231,BOOK002905,HOT0101,EMP00665,Room Cleaning,2026-01-23,4,1000,4000
SER000232,BOOK003806,HOT0004,EMP00634,Room Cleaning,2025-03-03,3,250,750
SER000233,BOOK000506,HOT0221,EMP00586,Spa,2024-11-01,3,500,1500
SER000234,BOOK003954,HOT0120,EMP00149,Swimming Pool,2026-05-03,4,750,3000
SER000235,BOOK000126,HOT0132,EMP00754,Mini Bar,2025-07-22,1,500,500
SER000236,BOOK001058,HOT0069,EMP00098,Lunch,2025-05-30,4,750,3000
SER000237,BOOK004275,HOT0170,EMP00496,Airport Pickup,2025-06-12,3,1500,4500
SER000238,BOOK002667,HOT0039,EMP00629,Swimming Pool,2024-12-23,2,250,500
SER000239,BOOK001879,HOT0013,EMP00024,Lunch,2024-09-17,4,750,3000
SER000240,BOOK000971,HOT0065,EMP00485,Gym,2025-08-08,2,750,1500
SER000241,BOOK004774,HOT0082,EMP00799,Dinner,2024-12-30,3,1000,3000
SER000242,BOOK003127,HOT0237,EMP00479,Airport Pickup,2025-11-02,1,500,500
SER000243,BOOK000155,HOT0116,EMP00333,Dinner,2025-03-26,2,500,1000
SER000244,BOOK000827,HOT0223,EMP00231,Spa,2025-11-16,1,1500,1500
SER000245,BOOK004313,HOT0054,EMP00594,Mini Bar,2025-10-09,2,1500,3000
SER000246,BOOK002148,HOT0024,EMP00041,Room Cleaning,2025-12-16,3,750,2250
SER000247,BOOK003469,HOT0017,EMP00136,Room Cleaning,2026-04-13,4,250,1000
SER000248,BOOK002513,HOT0234,EMP00703,Laundry,2026-05-12,2,1000,2000
SER000249,BOOK004361,HOT0077,EMP00617,Breakfast,2025-05-20,3,750,2250
SER000250,BOOK004587,HOT0236,EMP00657,Spa,2025-07-14,1,1500,1500
SER000251,BOOK003703,HOT0123,EMP00482,Lunch,2024-10-27,1,750,750
SER000252,BOOK003183,HOT0186,EMP00576,Room Cleaning,2025-06-11,4,750,3000
SER000253,BOOK002054,HOT0163,EMP00303,Mini Bar,2024-11-25,2,2000,4000
SER000254,BOOK004756,HOT0019,EMP00571,Breakfast,2024-11-29,1,2000,2000
SER000255,BOOK002977,HOT0008,EMP00255,Airport Pickup,2026-02-17,2,500,1000
SER000256,BOOK002240,HOT0162,EMP00020,Mini Bar,2026-02-15,1,250,250
SER000257,BOOK003227,HOT0062,EMP00144,Room Cleaning,2025-06-23,3,500,1500
SER000258,BOOK000377,HOT0142,EMP00451,Breakfast,2026-02-28,4,750,3000
SER000259,BOOK002273,HOT0193,EMP00017,Airport Pickup,2025-09-18,4,250,1000
SER000260,BOOK000349,HOT0127,EMP00338,Swimming Pool,2025-07-22,3,250,750
SER000261,BOOK000423,HOT0214,EMP00100,Breakfast,2026-02-26,3,2000,6000
SER000262,BOOK001447,HOT0189,EMP00570,Spa,2026-06-28,3,750,2250
SER000263,BOOK001819,HOT0154,EMP00491,Breakfast,2025-05-08,2,250,500
SER000264,BOOK003862,HOT0086,EMP00261,Lunch,2025-08-07,2,1000,2000
SER000265,BOOK000302,HOT0187,EMP00107,Spa,2024-10-04,1,250,250
SER000266,BOOK002271,HOT0014,EMP00121,Dinner,2024-12-28,3,2000,6000
SER000267,BOOK001655,HOT0064,EMP00069,Spa,2025-12-13,2,250,500
SER000268,BOOK002133,HOT0044,EMP00155,Dinner,2025-02-25,2,500,1000
SER000269,BOOK002333,HOT0198,EMP00213,Gym,2025-06-28,2,1500,3000
SER000270,BOOK003869,HOT0029,EMP00701,Breakfast,2025-11-02,2,500,1000
SER000271,BOOK003187,HOT0011,EMP00231,Lunch,2025-10-28,4,500,2000
SER000272,BOOK003315,HOT0169,EMP00038,Gym,2025-01-01,4,1000,4000
SER000273,BOOK003930,HOT0171,EMP00636,Breakfast,2024-10-13,2,750,1500
SER000274,BOOK004970,HOT0176,EMP00517,Dinner,2025-03-23,2,1500,3000
SER000275,BOOK002419,HOT0094,EMP00557,Breakfast,2024-09-30,4,750,3000
SER000276,BOOK000530,HOT0147,EMP00717,Dinner,2024-12-16,2,500,1000
SER000277,BOOK003743,HOT0031,EMP00036,Gym,2025-03-25,3,1500,4500
SER000278,BOOK001291,HOT0022,EMP00641,Breakfast,2025-06-10,4,750,3000
SER000279,BOOK002270,HOT0013,EMP00092,Airport Pickup,2025-07-10,2,750,1500
SER000280,BOOK000160,HOT0090,EMP00268,Mini Bar,2026-02-27,3,500,1500
SER000281,BOOK000455,HOT0116,EMP00036,Gym,2024-11-24,2,500,1000
SER000282,BOOK003324,HOT0087,EMP00020,Airport Pickup,2026-08-23,4,1000,4000
SER000283,BOOK001317,HOT0044,EMP00494,Mini Bar,2025-03-08,2,2000,4000
SER000284,BOOK004071,HOT0224,EMP00227,Room Cleaning,2026-06-04,3,2000,6000
SER000285,BOOK000187,HOT0225,EMP00601,Gym,2025-08-04,1,250,250
SER000286,BOOK002595,HOT0218,EMP00314,Airport Pickup,2024-10-24,2,1500,3000
SER000287,BOOK001225,HOT0078,EMP00075,Laundry,2025-08-03,1,250,250
SER000288,BOOK004229,HOT0152,EMP00594,Dinner,2025-11-10,3,1500,4500
SER000289,BOOK002614,HOT0072,EMP00683,Lunch,2025-04-11,3,250,750
SER000290,BOOK004347,HOT0129,EMP00154,Dinner,2025-04-24,4,250,1000
SER000291,BOOK004929,HOT0179,EMP00354,Mini Bar,2026-06-30,4,500,2000
SER000292,BOOK000060,HOT0001,EMP00122,Lunch,2025-04-29,2,750,1500
SER000293,BOOK000253,HOT0205,EMP00200,Room Cleaning,2025-10-13,1,1500,1500
SER000294,BOOK003398,HOT0187,EMP00097,Dinner,2026-03-04,2,1000,2000
SER000295,BOOK002838,HOT0001,EMP00690,Breakfast,2026-02-11,1,750,750
SER000296,BOOK002801,HOT0023,EMP00362,Breakfast,2024-11-25,3,750,2250
SER000297,BOOK002224,HOT0059,EMP00243,Gym,2026-04-25,3,1500,4500
SER000298,BOOK004351,HOT0076,EMP00691,Breakfast,2024-10-03,3,2000,6000
SER000299,BOOK000214,HOT0182,EMP00163,Room Cleaning,2025-11-11,4,2000,8000
SER000300,BOOK004993,HOT0028,EMP00379,Room Cleaning,2025-03-17,2,250,500
SER000301,BOOK002780,HOT0211,EMP00310,Swimming Pool,2025-03-28,2,1000,2000
SER000302,BOOK004097,HOT0081,EMP00654,Laundry,2025-10-05,1,1000,1000
SER000303,BOOK004379,HOT0022,EMP00500,Dinner,2024-11-12,3,1000,3000
SER000304,BOOK002675,HOT0138,EMP00523,Mini Bar,2026-04-09,3,2000,6000
SER000305,BOOK002136,HOT0183,EMP00220,Breakfast,2025-12-08,2,500,1000
SER000306,BOOK000374,HOT0183,EMP00767,Swimming Pool,2026-01-18,1,500,500
SER000307,BOOK002005,HOT0093,EMP00358,Airport Pickup,2025-05-28,4,1500,6000
SER000308,BOOK002571,HOT0054,EMP00163,Airport Pickup,2024-11-30,3,750,2250
SER000309,BOOK004664,HOT0085,EMP00786,Lunch,2026-07-31,1,500,500
SER000310,BOOK004136,HOT0182,EMP00164,Swimming Pool,2025-10-16,2,750,1500
SER000311,BOOK002762,HOT0038,EMP00354,Mini Bar,2025-09-13,4,1000,4000
SER000312,BOOK002599,HOT0057,EMP00102,Gym,2026-04-17,1,2000,2000
SER000313,BOOK000452,HOT0055,EMP00754,Lunch,2026-02-02,4,750,3000
SER000314,BOOK004393,HOT0216,EMP00311,Gym,2025-05-29,1,2000,2000
SER000315,BOOK003381,HOT0036,EMP00540,Laundry,2025-10-17,1,500,500
SER000316,BOOK000468,HOT0132,EMP00512,Mini Bar,2025-07-23,2,1500,3000
SER000317,BOOK000973,HOT0094,EMP00607,Mini Bar,2026-03-16,3,2000,6000
SER000318,BOOK001144,HOT0017,EMP00086,Gym,2025-10-13,1,1000,1000
SER000319,BOOK002428,HOT0078,EMP00386,Breakfast,2026-03-02,4,250,1000
SER000320,BOOK000323,HOT0045,EMP00253,Spa,2025-03-20,3,750,2250
SER000321,BOOK004074,HOT0057,EMP00627,Swimming Pool,2025-12-01,2,250,500
SER000322,BOOK002367,HOT0042,EMP00280,Mini Bar,2026-01-10,4,250,1000
SER000323,BOOK004424,HOT0123,EMP00521,Dinner,2025-01-03,3,500,1500
SER000324,BOOK001827,HOT0150,EMP00234,Dinner,2024-09-17,2,1500,3000
SER000325,BOOK000200,HOT0167,EMP00014,Mini Bar,2025-09-15,3,1000,3000
SER000326,BOOK000459,HOT0124,EMP00692,Airport Pickup,2025-04-29,3,500,1500
SER000327,BOOK003636,HOT0168,EMP00022,Gym,2026-06-11,2,1000,2000
SER000328,BOOK001962,HOT0131,EMP00510,Spa,2025-01-10,1,250,250
SER000329,BOOK002913,HOT0099,EMP00296,Laundry,2026-03-09,3,2000,6000
SER000330,BOOK001680,HOT0236,EMP00653,Spa,2025-03-10,3,250,750
SER000331,BOOK003101,HOT0181,EMP00059,Spa,2026-05-05,4,1500,6000
SER000332,BOOK002542,HOT0202,EMP00258,Breakfast,2025-01-06,2,1000,2000
SER000333,BOOK001302,HOT0027,EMP00795,Laundry,2026-09-12,3,1000,3000
SER000334,BOOK004073,HOT0233,EMP00373,Mini Bar,2026-02-07,3,500,1500
SER000335,BOOK003368,HOT0110,EMP00265,Swimming Pool,2025-05-14,1,1000,1000
SER000336,BOOK001607,HOT0193,EMP00639,Gym,2025-03-21,2,250,500
SER000337,BOOK003181,HOT0060,EMP00166,Gym,2024-10-19,1,500,500
SER000338,BOOK002829,HOT0241,EMP00364,Dinner,2025-07-16,1,2000,2000
SER000339,BOOK001884,HOT0011,EMP00121,Spa,2026-07-29,1,500,500
SER000340,BOOK001205,HOT0208,EMP00246,Dinner,2025-01-04,1,2000,2000
SER000341,BOOK002167,HOT0132,EMP00217,Breakfast,2025-02-27,4,1000,4000
SER000342,BOOK000566,HOT0152,EMP00768,Gym,2024-09-06,1,500,500
SER000343,BOOK002208,HOT0057,EMP00452,Breakfast,2025-12-30,1,250,250
SER000344,BOOK000804,HOT0146,EMP00361,Breakfast,2024-08-23,2,2000,4000
SER000345,BOOK001336,HOT0190,EMP00209,Airport Pickup,2025-06-20,3,1000,3000
SER000346,BOOK001035,HOT0031,EMP00277,Airport Pickup,2025-07-20,1,1000,1000
SER000347,BOOK004077,HOT0245,,Lunch,2026-08-28,2,750,1500
SER000348,BOOK002257,HOT0173,EMP00792,Spa,2026-05-05,4,750,3000
SER000349,BOOK000129,HOT0238,EMP00149,Laundry,2025-09-20,2,2000,4000
SER000350,BOOK004009,HOT0180,EMP00613,Lunch,2025-04-22,4,500,2000
SER000351,BOOK003471,HOT0231,EMP00147,Laundry,2026-09-17,4,1500,6000
SER000352,BOOK000900,HOT0180,EMP00393,Dinner,2026-02-26,4,2000,8000
SER000353,BOOK000009,HOT0138,EMP00601,Airport Pickup,2024-09-01,1,2000,2000
SER000354,BOOK003819,HOT0201,EMP00583,Gym,2026-06-10,1,1000,1000
SER000355,BOOK000745,HOT0069,EMP00672,Lunch,2024-09-12,4,500,2000
SER000356,BOOK002686,HOT0123,EMP00113,Room Cleaning,2024-11-10,1,2000,2000
SER000357,BOOK004533,HOT0189,EMP00237,Gym,2025-06-08,2,250,500
SER000358,BOOK001270,HOT0185,EMP00761,Breakfast,2025-09-19,3,500,1500
SER000359,BOOK000124,HOT0160,EMP00323,Mini Bar,2026-01-22,2,1500,3000
SER000360,BOOK001886,HOT0023,EMP00264,Lunch,2025-06-03,3,750,2250
SER000361,BOOK001169,HOT0079,EMP00048,Breakfast,2025-05-22,4,2000,8000
SER000362,BOOK003446,HOT0096,EMP00781,Mini Bar,2026-01-28,3,2000,6000
SER000363,BOOK003742,HOT0229,EMP00286,Dinner,2024-08-12,1,500,500
SER000364,BOOK000546,HOT0021,EMP00305,Dinner,2024-10-31,1,1000,1000
SER000365,BOOK000726,HOT0134,EMP00182,Swimming Pool,2025-03-16,3,500,1500
SER000366,BOOK004356,HOT0163,EMP00244,Mini Bar,2026-04-22,1,1000,1000
SER000367,BOOK002233,HOT0088,EMP00289,Breakfast,2025-08-18,1,2000,2000
SER000368,BOOK002926,HOT0196,EMP00428,Airport Pickup,2025-07-05,3,1500,4500
SER000369,BOOK003461,HOT0088,EMP00378,Room Cleaning,2025-10-10,2,1500,3000
SER000370,BOOK001864,HOT0235,EMP00335,Spa,2025-07-20,3,250,750
SER000371,BOOK004246,HOT0123,EMP00117,Laundry,2025-04-19,1,1000,1000
SER000372,BOOK002414,HOT0159,EMP00033,Gym,2026-05-21,1,1000,1000
SER000373,BOOK003927,HOT0063,EMP00738,Dinner,2025-05-12,2,1000,2000
SER000374,BOOK000410,HOT0060,EMP00313,Mini Bar,2025-06-23,3,750,2250
SER000375,BOOK004292,HOT0210,EMP00670,Lunch,2025-10-01,1,1000,1000
SER000376,BOOK002303,HOT0250,EMP00723,Gym,2025-11-15,3,250,750
SER000377,BOOK004105,HOT0247,EMP00544,Swimming Pool,2025-04-02,2,250,500
SER000378,BOOK004022,HOT0166,EMP00627,Spa,2025-07-15,1,250,250
SER000379,BOOK002612,HOT0036,EMP00450,Dinner,2025-05-09,2,750,1500
SER000380,BOOK000741,HOT0223,EMP00325,Swimming Pool,2025-03-26,4,1500,6000
SER000381,BOOK000972,HOT0048,EMP00265,Spa,2025-06-02,4,750,3000
SER000382,BOOK003949,HOT0044,EMP00268,Airport Pickup,2026-04-27,1,500,500
SER000383,BOOK002489,HOT0064,EMP00318,Room Cleaning,2026-03-16,4,1000,4000
SER000384,BOOK000958,HOT0221,EMP00640,Swimming Pool,2026-06-04,4,250,1000
SER000385,BOOK002217,HOT0024,EMP00685,Lunch,2024-09-18,2,500,1000
SER000386,BOOK002399,HOT0142,EMP00468,Airport Pickup,2025-08-08,4,1500,6000
SER000387,BOOK000018,HOT0083,EMP00086,Dinner,2026-07-03,2,2000,4000
SER000388,BOOK002496,HOT0112,EMP00298,Gym,2026-06-30,2,750,1500
SER000389,BOOK000211,HOT0241,EMP00402,Airport Pickup,2024-10-18,3,1000,3000
SER000390,BOOK002709,HOT0194,EMP00478,Airport Pickup,2025-02-25,2,250,500
SER000391,BOOK003260,HOT0196,EMP00687,Spa,2026-01-31,2,500,1000
SER000392,BOOK001882,HOT0014,EMP00047,Breakfast,2026-08-01,3,750,2250
SER000393,BOOK002585,HOT0189,EMP00024,Gym,2025-09-27,3,750,2250
SER000394,BOOK004888,HOT0033,EMP00423,Dinner,2025-02-03,3,250,750
SER000395,BOOK004086,HOT0077,EMP00718,Lunch,2025-10-12,1,750,750
SER000396,BOOK000429,HOT0221,EMP00578,Spa,2025-06-27,3,250,750
SER000397,BOOK000426,HOT0181,EMP00333,Room Cleaning,2025-04-15,2,1000,2000
SER000398,BOOK002746,HOT0113,EMP00505,Gym,2026-04-24,2,1000,2000
SER000399,BOOK001988,HOT0149,EMP00363,Airport Pickup,2026-01-11,4,1500,6000
SER000400,BOOK002174,HOT0053,EMP00517,Swimming Pool,2026-06-15,3,750,2250
SER000401,BOOK000830,HOT0157,EMP00676,Mini Bar,2026-03-30,2,500,1000
SER000402,BOOK004399,HOT0121,EMP00607,Room Cleaning,2025-12-16,1,750,750
SER000403,BOOK000251,HOT0087,EMP00422,Spa,2025-10-31,2,1000,2000
SER000404,BOOK000616,HOT0160,EMP00799,Spa,2026-04-07,4,250,1000
SER000405,BOOK003018,HOT0069,EMP00735,Lunch,2025-11-29,2,1000,2000
SER000406,BOOK002637,HOT0029,EMP00672,Mini Bar,2024-11-11,3,500,1500
SER000407,BOOK001459,HOT0075,EMP00418,Dinner,2025-03-20,1,1500,1500
SER000408,BOOK002199,HOT0214,EMP00631,Airport Pickup,2025-08-26,4,1000,4000
SER000409,BOOK001267,HOT0165,EMP00412,Lunch,2025-05-13,2,250,500
SER000410,BOOK003044,HOT0219,EMP00250,Spa,2025-05-30,3,250,750
SER000411,BOOK002242,HOT0024,EMP00426,Gym,2026-04-16,1,750,750
SER000412,BOOK003598,HOT0043,EMP00305,Dinner,2025-04-03,3,500,1500
SER000413,BOOK001248,HOT0043,EMP00201,Lunch,2025-06-05,1,1000,1000
SER000414,BOOK001869,HOT0160,EMP00327,Mini Bar,2025-12-04,3,750,2250
SER000415,BOOK000061,HOT0037,EMP00687,Mini Bar,2025-06-17,3,2000,6000
SER000416,BOOK000070,HOT0151,EMP00264,Breakfast,2025-04-30,2,1500,3000
SER000417,BOOK002153,HOT0093,EMP00111,Dinner,2024-09-23,4,1500,6000
SER000418,BOOK004345,HOT0078,EMP00046,Spa,2025-08-23,2,750,1500
SER000419,BOOK000853,HOT0228,EMP00718,Airport Pickup,2026-09-17,1,1000,1000
SER000420,BOOK001480,HOT0191,EMP00585,Laundry,2025-01-02,2,1000,2000
SER000421,BOOK004820,HOT0068,EMP00212,Breakfast,2025-08-25,2,1000,2000
SER000422,BOOK002370,HOT0221,EMP00558,Room Cleaning,2026-05-30,2,250,500
SER000423,BOOK004551,HOT0198,EMP00042,Lunch,2025-03-15,4,750,3000
SER000424,BOOK001310,HOT0105,EMP00741,Gym,2024-12-30,3,2000,6000
SER000425,BOOK001073,HOT0066,EMP00477,Airport Pickup,2026-09-07,4,750,3000
SER000426,BOOK003418,HOT0104,EMP00773,Dinner,2026-04-30,1,250,250
SER000427,BOOK001826,HOT0157,EMP00432,Swimming Pool,2024-11-06,3,750,2250
SER000428,BOOK000920,HOT0183,EMP00360,Breakfast,2025-11-18,2,500,1000
SER000429,BOOK004729,HOT0012,EMP00146,Dinner,2024-12-27,4,500,2000
SER000430,BOOK000580,HOT0031,EMP00493,Dinner,2025-07-26,4,250,1000
SER000431,BOOK000723,HOT0245,EMP00487,Gym,2025-09-21,2,1000,2000
SER000432,BOOK003498,HOT0179,EMP00696,Gym,2025-12-27,4,1500,6000
SER000433,BOOK000529,HOT0109,EMP00441,Mini Bar,2024-10-08,4,1000,4000
SER000434,BOOK001471,HOT0116,EMP00237,Swimming Pool,2025-07-04,2,2000,4000
SER000435,BOOK001022,HOT0063,EMP00392,Room Cleaning,2025-12-29,2,750,1500
SER000436,BOOK001039,HOT0213,EMP00737,Swimming Pool,2024-11-26,4,1000,4000
SER000437,BOOK003618,HOT0095,EMP00522,Gym,2026-03-11,3,2000,6000
SER000438,BOOK001454,HOT0183,EMP00564,Laundry,2025-10-04,2,1500,3000
SER000439,BOOK002259,HOT0218,EMP00023,Mini Bar,2024-11-16,1,500,500
SER000440,BOOK002968,HOT0156,EMP00001,Gym,2024-10-14,2,1500,3000
SER000441,BOOK004459,HOT0224,EMP00366,Mini Bar,2026-05-11,1,2000,2000
SER000442,BOOK002982,HOT0033,EMP00252,Swimming Pool,2025-06-06,2,2000,4000
SER000443,BOOK002386,HOT0240,EMP00196,Spa,2026-08-26,3,1000,3000
SER000444,BOOK002244,HOT0087,EMP00159,Mini Bar,2025-02-23,1,250,250
SER000445,BOOK003955,HOT0148,EMP00581,Laundry,2026-08-06,4,500,2000
SER000446,BOOK002574,HOT0096,EMP00025,Lunch,2025-10-22,2,750,1500
SER000447,BOOK004432,HOT0034,EMP00552,Dinner,2026-09-06,3,2000,6000
SER000448,BOOK002341,HOT0173,EMP00237,Airport Pickup,2025-06-17,2,750,1500
SER000449,BOOK003080,HOT0248,EMP00393,Airport Pickup,2026-04-22,3,500,1500
SER000450,BOOK001637,HOT0009,EMP00424,Gym,2026-08-08,1,1000,1000
SER000451,BOOK002823,HOT0231,EMP00204,Mini Bar,2025-06-28,1,1500,1500
SER000452,BOOK001026,HOT0025,EMP00551,Mini Bar,2025-04-24,1,500,500
SER000453,BOOK003285,HOT0136,EMP00126,Laundry,2025-06-24,3,250,750
SER000454,BOOK002193,HOT0077,EMP00317,Swimming Pool,2026-03-25,3,1000,3000
SER000455,BOOK002896,HOT0108,EMP00509,Airport Pickup,2025-04-13,1,500,500
SER000456,BOOK004542,HOT0203,EMP00737,Swimming Pool,2025-05-20,1,500,500
SER000457,BOOK003475,HOT0063,EMP00330,Airport Pickup,2025-09-15,4,1000,4000
SER000458,BOOK004309,HOT0244,EMP00385,Lunch,2025-10-04,4,1000,4000
SER000459,BOOK004156,HOT0138,EMP00018,Airport Pickup,2025-05-12,2,1500,3000
SER000460,BOOK003729,HOT0236,EMP00676,Spa,2026-02-25,2,1500,3000
SER000461,BOOK003271,HOT0250,EMP00216,Airport Pickup,2025-09-27,4,1500,6000
SER000462,BOOK000436,HOT0018,EMP00397,Lunch,2025-10-01,1,2000,2000
SER000463,BOOK004880,HOT0072,EMP00023,Room Cleaning,2026-08-18,4,250,1492
SER000464,BOOK001611,HOT0019,EMP00241,Spa,2025-09-17,2,500,1000
SER000465,BOOK004390,HOT0074,EMP00403,Lunch,2026-01-02,3,750,2250
SER000466,BOOK002183,HOT0152,EMP00525,Lunch,2024-09-01,3,750,2250
SER000467,BOOK001153,HOT0116,EMP00270,Dinner,2025-05-25,3,750,2250
SER000468,BOOK003089,HOT0050,EMP00509,Swimming Pool,2024-09-22,3,250,750
SER000469,BOOK004543,HOT0040,EMP00474,Lunch,2025-12-19,3,500,1500
SER000470,BOOK001496,HOT0133,EMP00066,Mini Bar,2024-10-20,3,500,1500
SER000471,BOOK003831,HOT0019,EMP00348,Room Cleaning,2026-04-22,3,1000,3000
SER000472,BOOK002509,HOT0066,EMP00451,Airport Pickup,2026-07-28,1,750,750
SER000473,BOOK002120,HOT0160,EMP00553,Laundry,2025-03-01,3,500,1500
SER000474,BOOK004855,HOT0004,EMP00541,Laundry,2025-08-15,4,2000,8000
SER000475,BOOK003856,HOT0123,EMP00579,Lunch,2024-11-25,3,1000,3000
SER000476,BOOK002461,HOT0216,EMP00401,Dinner,2025-07-09,2,500,1000
SER000477,BOOK000735,HOT0085,EMP00215,Spa,2025-10-11,3,1000,3000
SER000478,BOOK001257,HOT0163,EMP00633,Mini Bar,2024-10-10,1,1500,1500
SER000479,BOOK004562,HOT0090,EMP00076,Swimming Pool,2026-01-16,2,500,1000
SER000480,BOOK000390,HOT0157,EMP00360,Airport Pickup,2025-04-05,2,2000,4000
SER000481,BOOK002621,HOT0021,EMP00607,Dinner,2026-08-15,3,1000,3000
SER000482,BOOK003220,HOT0025,EMP00502,Gym,2025-01-04,4,2000,8000
SER000483,BOOK003524,HOT0050,EMP00481,Breakfast,2025-01-18,4,1000,4000
SER000484,BOOK000942,HOT0054,EMP00677,Lunch,2026-04-11,3,1000,3000
SER000485,BOOK002317,HOT0085,EMP00754,Airport Pickup,2025-01-06,4,250,1000
SER000486,BOOK000658,HOT0212,EMP00466,Dinner,2025-06-03,2,1500,3000
SER000487,BOOK004885,HOT0048,EMP00535,Laundry,2024-10-09,4,1000,4000
SER000488,BOOK000611,HOT0247,EMP00697,Breakfast,2025-09-21,2,250,500
SER000489,BOOK000335,HOT0034,EMP00283,Dinner,2026-05-23,1,250,250
SER000490,BOOK003601,HOT0162,EMP00343,Swimming Pool,2025-04-24,2,2000,4000
SER000491,BOOK001543,HOT0112,EMP00745,Spa,2026-07-22,2,500,1000
SER000492,BOOK002726,HOT0161,EMP00199,Breakfast,2026-02-05,3,1000,3000
SER000493,BOOK000716,HOT0218,EMP00440,Breakfast,2025-06-03,3,250,750
SER000494,BOOK004759,HOT0083,EMP00699,Gym,2025-08-04,3,500,1500
SER000495,BOOK003506,HOT0030,EMP00183,Gym,2025-08-26,3,500,1500
SER000496,BOOK001887,HOT0155,EMP00646,Gym,2025-08-04,3,750,2250
SER000497,BOOK004371,HOT0092,EMP00555,Breakfast,2025-02-18,1,1000,1000
SER000498,BOOK000862,HOT0099,EMP00282,Swimming Pool,2026-06-27,2,1000,2000
SER000499,BOOK004685,HOT0069,EMP00602,Room Cleaning,2026-02-22,3,1500,4500
SER000500,BOOK002719,HOT0101,EMP00140,Swimming Pool,2025-09-01,4,250,1000
SER000501,BOOK003752,HOT0092,EMP00232,Gym,2024-11-27,1,250,250
SER000502,BOOK002904,HOT0031,EMP00784,Airport Pickup,2025-10-27,1,1000,1000
SER000503,BOOK000286,HOT0047,EMP00201,Breakfast,2026-05-16,3,1000,3000
SER000504,BOOK000051,HOT0092,EMP00104,Mini Bar,2026-02-07,1,1500,1500
SER000505,BOOK003267,HOT0236,EMP00196,Spa,2025-01-10,1,2000,2000
SER000506,BOOK000665,HOT0243,EMP00508,Laundry,2025-02-20,3,250,750
SER000507,BOOK000739,HOT0166,EMP00090,Swimming Pool,2026-01-06,4,1500,6000
SER000508,BOOK003732,HOT0177,EMP00220,Spa,2025-03-11,2,750,1500
SER000509,BOOK004262,HOT0143,EMP00026,Room Cleaning,2025-11-22,4,2000,8000
SER000510,BOOK002597,HOT0108,EMP00717,Mini Bar,2026-07-12,3,2000,6000
SER000511,BOOK004721,HOT0216,EMP00716,Room Cleaning,2026-06-01,2,250,500
SER000512,BOOK004418,HOT0202,EMP00429,Spa,2025-08-26,2,500,1000
SER000513,BOOK001220,HOT0148,EMP00102,Mini Bar,2026-05-11,2,750,1500
SER000514,BOOK000045,HOT0229,EMP00072,Lunch,2025-09-25,3,500,1500
SER000515,BOOK000071,HOT0058,EMP00405,Dinner,2025-09-19,1,250,250
SER000516,BOOK003150,HOT0158,EMP00443,Room Cleaning,2025-07-22,1,500,500
SER000517,BOOK001990,HOT0217,EMP00327,Mini Bar,2025-02-08,3,250,750
SER000518,BOOK001411,HOT0242,EMP00565,Breakfast,2025-12-07,3,1000,3000
SER000519,BOOK000220,HOT0235,EMP00195,Spa,2025-07-16,2,500,1000
SER000520,BOOK000953,HOT0177,EMP00345,Mini Bar,2025-04-05,4,500,2000
SER000521,BOOK001483,HOT0151,EMP00249,Swimming Pool,2025-05-14,3,500,1500
SER000522,BOOK000757,HOT0136,EMP00061,Gym,2025-01-17,1,2000,2000
SER000523,BOOK000644,HOT0143,EMP00252,Lunch,2025-10-18,1,2000,2000
SER000524,BOOK001132,HOT0191,EMP00010,Mini Bar,2025-05-07,4,750,3000
SER000525,BOOK004679,HOT0186,EMP00054,Spa,2025-04-16,1,500,500
SER000526,BOOK000097,HOT0026,EMP00111,Spa,2025-06-19,1,1000,1000
SER000527,BOOK001334,HOT0105,EMP00280,Breakfast,2026-02-05,2,750,1500
SER000528,BOOK001330,HOT0128,EMP00143,Dinner,2024-12-02,1,2000,2000
SER000529,BOOK004428,HOT0233,EMP00095,Mini Bar,2026-03-20,3,1000,3000
SER000530,BOOK004672,HOT0180,EMP00488,Laundry,2024-11-30,1,2000,2000
SER000531,BOOK003393,HOT0146,EMP00457,Gym,2026-01-07,4,750,3000
SER000532,BOOK003937,HOT0184,EMP00423,Mini Bar,2026-05-07,2,1000,2000
SER000533,BOOK001284,HOT0029,EMP00731,Lunch,2025-04-13,2,250,500
SER000534,BOOK003138,HOT0196,EMP00270,Spa,2025-01-26,4,500,2000
SER000535,BOOK000771,HOT0219,EMP00607,Gym,2025-02-05,4,1000,4000
SER000536,BOOK001701,HOT0183,EMP00360,Lunch,2026-05-14,1,250,250
SER000537,BOOK002232,HOT0098,EMP00098,Spa,2024-12-19,3,250,750
SER000538,BOOK001694,HOT0033,EMP00514,Dinner,2025-10-19,1,1000,1000
SER000539,BOOK001121,HOT0144,EMP00320,Spa,2025-01-12,1,1000,1000
SER000540,BOOK003259,HOT0184,EMP00002,Laundry,2025-03-12,2,250,500
SER000541,BOOK004126,HOT0203,EMP00741,Dinner,2025-03-22,2,500,1000
SER000542,BOOK003362,HOT0039,EMP00210,Airport Pickup,2025-09-28,4,2000,8000
SER000543,BOOK003793,HOT0147,EMP00515,Laundry,2024-09-20,4,500,2000
SER000544,BOOK004167,HOT0151,EMP00149,Mini Bar,2024-10-20,1,750,750
SER000545,BOOK000012,HOT0174,EMP00400,Dinner,2024-11-06,2,2000,4000
SER000546,BOOK003632,HOT0225,EMP00659,Swimming Pool,2025-08-26,3,250,750
SER000547,BOOK004564,HOT0074,EMP00070,Laundry,2026-03-27,2,750,1500
SER000548,BOOK001901,HOT0018,EMP00721,Laundry,2026-03-21,1,1000,1000
SER000549,BOOK003047,HOT0117,EMP00421,Laundry,2024-09-13,2,750,1500
SER000550,BOOK002767,HOT0217,EMP00712,Dinner,2026-08-10,2,500,1000
SER000551,BOOK002730,HOT0023,EMP00219,Dinner,2026-02-07,1,500,500
SER000552,BOOK004666,HOT0163,EMP00491,Spa,2025-04-30,2,1500,3000
SER000553,BOOK001232,HOT0010,EMP00260,Airport Pickup,2025-10-29,1,1000,1000
SER000554,BOOK004100,HOT0157,EMP00459,Gym,2026-06-02,3,500,1500
SER000555,BOOK003812,HOT0072,EMP00052,Airport Pickup,2024-09-25,2,1000,2000
SER000556,BOOK000625,HOT0138,EMP00540,Airport Pickup,2026-06-19,3,500,1500
SER000557,BOOK000329,HOT0178,EMP00799,Lunch,2025-02-02,1,750,750
SER000558,BOOK004800,HOT0151,EMP00189,Breakfast,2026-05-06,1,500,500
SER000559,BOOK003036,HOT0209,EMP00705,Gym,2025-08-08,3,250,750
SER000560,BOOK004677,HOT0071,EMP00349,Spa,2025-01-24,2,250,500
SER000561,BOOK004335,HOT0042,EMP00770,Dinner,2024-09-17,2,250,500
SER000562,BOOK004202,HOT0012,EMP00461,Dinner,2025-04-06,3,1000,3000
SER000563,BOOK003068,HOT0038,EMP00534,Gym,2025-11-25,1,1500,1500
SER000564,BOOK004857,HOT0123,EMP00620,Mini Bar,2024-11-07,3,250,750
SER000565,BOOK004625,HOT0068,EMP00344,Swimming Pool,2026-03-15,2,750,1500
SER000566,BOOK002096,HOT0204,EMP00694,Lunch,2026-07-19,3,250,750
SER000567,BOOK002898,HOT0069,EMP00509,Swimming Pool,2024-10-22,2,500,1000
SER000568,BOOK001149,HOT0197,EMP00024,Swimming Pool,2025-11-11,2,500,1000
SER000569,BOOK003130,HOT0115,EMP00522,Airport Pickup,2024-12-04,4,500,2000
SER000570,BOOK004889,HOT0040,EMP00538,Dinner,2025-08-13,1,2000,2000
SER000571,BOOK002970,HOT0043,EMP00757,Lunch,2025-12-15,4,750,3000
SER000572,BOOK003548,HOT0175,EMP00155,Room Cleaning,2026-03-21,4,1500,6000
SER000573,BOOK001977,HOT0091,EMP00288,Dinner,2026-04-17,3,1500,4500
SER000574,BOOK002560,HOT0130,EMP00352,Lunch,2025-02-23,1,750,750
SER000575,BOOK004045,HOT0244,EMP00498,Spa,2025-04-09,3,500,1500
SER000576,BOOK001830,HOT0114,EMP00548,Lunch,2026-06-03,3,1500,4500
SER000577,BOOK002584,HOT0184,EMP00282,Mini Bar,2025-07-31,1,1500,1500
SER000578,BOOK003996,HOT0163,EMP00784,Laundry,2024-12-12,3,1500,4500
SER000579,BOOK000351,HOT0103,EMP00351,Gym,2025-01-15,4,250,1000
SER000580,BOOK002834,HOT0110,EMP00583,Room Cleaning,2026-03-07,3,2000,6000
SER000581,BOOK000466,HOT0068,EMP00370,Gym,2024-09-24,2,1000,2000
SER000582,BOOK000999,HOT0009,EMP00748,Spa,2026-01-19,-1,750,750
SER000583,BOOK003029,HOT0142,EMP00675,Swimming Pool,2026-05-10,2,250,500
SER000584,BOOK002435,HOT0220,EMP00439,Breakfast,2025-04-12,3,1000,3000
SER000585,BOOK004307,HOT0060,EMP00001,Room Cleaning,2026-01-17,3,1000,3000
SER000586,BOOK001880,HOT0222,EMP00685,Room Cleaning,2025-07-06,2,250,500
SER000587,BOOK002956,HOT0099,EMP00514,Swimming Pool,2025-08-22,1,750,750
SER000588,BOOK003591,HOT0027,EMP00347,Spa,2024-12-13,3,250,750
SER000589,BOOK003197,HOT0168,EMP00568,Gym,2025-09-20,3,500,1500
SER000590,BOOK004122,HOT0051,EMP00183,Spa,2026-03-11,2,250,500
SER000591,BOOK000285,HOT0184,EMP00732,Dinner,2024-10-17,1,1500,1500
SER000592,BOOK003251,HOT0161,EMP00212,Swimming Pool,2024-10-19,2,2000,4000
SER000593,BOOK004259,HOT0226,EMP00265,Breakfast,2026-04-03,1,2000,2000
SER000594,BOOK004572,HOT0112,EMP00390,Swimming Pool,2024-12-28,2,2000,4000
SER000595,BOOK001746,HOT0179,EMP00235,Lunch,2025-02-08,3,1500,4500
SER000596,BOOK004752,HOT0106,EMP00675,Spa,2025-05-26,4,750,3000
SER000597,BOOK002672,HOT0248,EMP00165,Breakfast,2025-09-29,2,1000,2000
SER000598,BOOK002429,HOT0046,EMP00179,Lunch,2025-07-04,1,500,500
SER000599,BOOK001438,HOT0130,EMP00045,Laundry,2025-10-12,3,250,750
SER000600,BOOK001100,HOT0056,EMP00642,Swimming Pool,2025-12-07,2,1000,2000
SER000601,BOOK000156,HOT0153,EMP00450,Laundry,2024-09-08,2,1000,2000
SER000602,BOOK003495,HOT0014,EMP00543,Lunch,2025-07-29,1,2000,2000
SER000603,BOOK004081,HOT0129,EMP00737,Spa,2026-03-08,1,1000,1000
SER000604,BOOK004367,HOT0070,EMP00520,Breakfast,2024-12-27,2,2000,4000
SER000605,BOOK001681,HOT0003,EMP00674,Mini Bar,2026-08-08,3,750,2250
SER000606,BOOK004945,HOT0136,EMP00284,Breakfast,2024-10-20,2,250,500
SER000607,BOOK001757,HOT0024,EMP00367,Lunch,2025-06-23,3,750,2250
SER000608,BOOK002229,HOT0027,EMP00580,Spa,2025-07-28,4,500,2000
SER000609,BOOK002197,HOT0244,EMP00574,Gym,2025-10-30,3,2000,6000
SER000610,BOOK004619,HOT0162,EMP00461,Gym,2025-09-29,3,1500,4500
SER000611,BOOK003564,HOT0203,EMP00422,Room Cleaning,2024-10-15,1,750,750
SER000612,BOOK003252,HOT0161,EMP00664,Laundry,2025-07-09,1,1000,1000
SER000613,BOOK000544,HOT0186,EMP00296,Laundry,2025-09-12,2,1500,3000
SER000614,BOOK000016,HOT0231,EMP00557,Airport Pickup,2025-10-02,2,250,500
SER000615,BOOK000131,HOT0107,EMP00255,Spa,2026-01-15,4,500,2000
SER000616,BOOK002095,HOT0189,EMP00723,Laundry,2026-04-27,4,1000,4000
SER000617,BOOK003969,HOT0235,EMP00484,Room Cleaning,2025-11-29,2,1500,3000
SER000618,BOOK002847,HOT0065,EMP00161,Room Cleaning,2026-02-28,1,1000,1000
SER000619,BOOK004002,HOT0245,EMP00491,Lunch,2025-02-08,4,750,3000
SER000620,BOOK003494,HOT0183,EMP00790,Dinner,2026-08-09,2,1500,3000
SER000621,BOOK003590,HOT0114,EMP00782,Lunch,2025-09-21,3,1500,4500
SER000622,BOOK003977,HOT0082,EMP00088,Room Cleaning,2025-12-30,2,1000,2000
SER000623,BOOK004892,HOT0136,EMP00798,Lunch,2025-11-23,4,500,2000
SER000624,BOOK003837,HOT0241,EMP00556,Breakfast,2026-07-24,3,250,750
SER000625,BOOK002936,HOT0185,EMP00537,Swimming Pool,2026-01-07,4,500,2000
SER000626,BOOK000400,HOT0183,EMP00197,Swimming Pool,2025-12-16,3,250,750
SER000627,BOOK000642,HOT0143,EMP00278,Laundry,2024-11-03,2,2000,4000
SER000628,BOOK003316,HOT0141,EMP00683,Lunch,2024-12-22,2,500,1000
SER000629,BOOK001672,HOT0240,EMP00148,Dinner,2026-04-04,1,500,500
SER000630,BOOK004550,HOT0167,EMP00731,Room Cleaning,2025-04-14,2,1000,2000
SER000631,BOOK002322,HOT0068,EMP00139,Room Cleaning,2025-11-24,1,250,250
SER000632,BOOK001844,HOT0230,EMP00384,Dinner,2026-02-06,2,750,1500
SER000633,BOOK002207,HOT0110,EMP00688,Laundry,2026-04-20,4,500,2000
SER000634,BOOK002819,HOT0049,EMP00284,Lunch,2024-10-25,4,1000,4000
SER000635,BOOK004117,HOT0197,EMP00757,Room Cleaning,2025-10-08,1,1000,1000
SER000636,BOOK000811,HOT0246,EMP00580,Laundry,2024-11-04,3,1500,4500
SER000637,BOOK000088,HOT0022,EMP00782,Breakfast,2024-10-09,3,750,2250
SER000638,BOOK003199,HOT0076,EMP00203,Breakfast,2024-10-25,4,1000,4000
SER000639,BOOK003527,HOT0050,EMP00462,Spa,2025-04-12,1,750,750
SER000640,BOOK003189,HOT0219,EMP00319,Breakfast,2026-08-16,1,2000,2000
SER000641,BOOK001416,HOT0083,EMP00043,Mini Bar,2026-01-10,3,750,2250
SER000642,BOOK004566,HOT0095,EMP00031,Spa,2025-12-28,4,2000,8000
SER000643,BOOK004681,HOT0193,EMP00486,Mini Bar,2025-04-06,4,500,2000
SER000644,BOOK003757,HOT0215,EMP00497,Lunch,2024-11-05,4,750,3000
SER000645,BOOK001613,HOT0076,EMP00354,Spa,2026-01-04,4,250,1000
SER000646,BOOK004235,HOT0171,EMP00135,Mini Bar,2026-06-27,1,750,750
SER000647,BOOK002022,HOT0023,EMP00156,Lunch,2025-04-07,4,750,3000
SER000648,BOOK003575,HOT0108,EMP00375,Room Cleaning,2026-08-20,2,750,1500
SER000649,BOOK001726,HOT0058,EMP00664,Breakfast,2024-09-27,2,1000,2000
SER000650,BOOK001590,HOT0135,EMP00459,Dinner,2024-12-12,1,750,750
SER000651,BOOK001367,HOT0069,EMP00620,Mini Bar,2025-06-17,2,1000,2000
SER000652,BOOK004896,HOT0044,EMP00310,Gym,2025-01-31,4,2000,8000
SER000653,BOOK000902,HOT0057,EMP00603,Room Cleaning,2025-08-11,2,500,1000
SER000654,BOOK001381,HOT0138,EMP00576,Gym,2026-06-05,4,250,1000
SER000655,BOOK000574,HOT0145,EMP00748,Mini Bar,2026-04-24,4,250,1000
SER000656,BOOK003508,HOT0145,EMP00187,Mini Bar,2026-08-06,3,2000,6000
SER000657,BOOK003272,HOT0170,EMP00069,Laundry,2026-08-26,1,500,500
SER000658,BOOK002006,HOT0187,EMP00664,Spa,2026-09-08,4,250,1000
SER000659,BOOK004737,HOT0167,EMP00568,Breakfast,2024-10-22,4,1500,6000
SER000660,BOOK000810,HOT0142,EMP00728,Airport Pickup,2025-09-21,1,500,500
SER000661,BOOK003622,HOT0040,EMP00728,Spa,2025-02-08,3,2000,6000
SER000662,BOOK002598,HOT0108,EMP00249,Mini Bar,2026-02-01,4,500,2000
SER000663,BOOK001505,HOT0084,EMP00186,Mini Bar,2026-02-08,3,1500,4500
SER000664,BOOK004818,HOT0033,EMP00043,Mini Bar,2024-10-11,1,1500,1500
SER000665,BOOK004490,HOT0011,EMP00783,Spa,2025-04-03,2,1000,2000
SER000666,BOOK003549,HOT0021,EMP00399,Airport Pickup,2024-09-02,1,250,250
SER000667,BOOK004994,HOT0087,EMP00449,Swimming Pool,2025-12-03,3,1500,4500
SER000668,BOOK001127,HOT0121,EMP00329,Room Cleaning,2025-03-12,3,1500,4500
SER000669,BOOK001643,HOT0111,EMP00115,Airport Pickup,2026-01-11,3,1000,3000
SER000670,BOOK000182,HOT0011,EMP00781,Swimming Pool,2025-01-08,1,2000,2000
SER000671,BOOK000639,HOT0118,EMP00399,Laundry,2026-04-05,2,2000,4000
SER000672,BOOK003554,HOT0218,EMP00223,Breakfast,2026-03-05,1,2000,2000
SER000673,BOOK002050,HOT0112,EMP00219,Laundry,2026-05-20,4,250,1000
SER000674,BOOK002747,HOT0012,EMP00484,Dinner,2026-03-07,4,2000,8000
SER000675,BOOK003715,HOT0011,EMP00184,Gym,2024-12-01,3,1500,4500
SER000676,BOOK004403,HOT0227,EMP00015,Spa,2026-02-14,2,500,1000
SER000677,BOOK001007,HOT0127,EMP00731,Room Cleaning,2025-01-10,4,2000,8000
SER000678,BOOK002425,HOT0060,EMP00242,Swimming Pool,2025-03-13,4,250,1000
SER000679,BOOK003886,HOT0197,EMP00279,Gym,2024-11-22,1,1500,1500
SER000680,BOOK002316,HOT0038,EMP00615,Airport Pickup,2024-10-18,3,1500,4500
SER000681,BOOK004053,HOT0198,EMP00658,Mini Bar,2025-01-29,1,750,750
SER000682,BOOK004485,HOT0179,EMP00544,Mini Bar,2026-02-11,3,1500,4500
SER000683,BOOK004763,HOT0069,EMP00373,Lunch,2026-01-17,4,750,3000
SER000684,BOOK003756,HOT0036,EMP00033,Lunch,2024-09-21,3,1000,3000
SER000685,BOOK002355,HOT0175,EMP00187,Spa,2025-10-02,4,1500,6000
SER000686,BOOK002173,HOT0003,EMP00573,Laundry,2024-12-06,4,750,3000
SER000687,BOOK002604,HOT0239,EMP00617,Dinner,2025-08-24,2,1000,2000
SER000688,BOOK000371,HOT0020,EMP00214,Breakfast,2025-07-28,3,750,2250
SER000689,BOOK000601,HOT0124,EMP00737,Lunch,2025-06-28,1,250,250
SER000690,BOOK003850,HOT0015,EMP00789,Laundry,2025-10-31,1,750,750
SER000691,BOOK003075,HOT0199,EMP00012,Room Cleaning,2025-01-03,1,1500,1500
SER000692,BOOK002592,HOT0050,EMP00176,Dinner,2025-03-15,1,250,250
SER000693,BOOK003432,HOT0197,EMP00598,Room Cleaning,2026-06-12,2,250,500
SER000694,BOOK000885,HOT0183,EMP00796,Room Cleaning,2026-01-28,3,750,2250
SER000695,BOOK003745,HOT0138,EMP00116,Breakfast,2025-04-02,4,250,1000
SER000696,BOOK000515,HOT0125,EMP00690,Airport Pickup,2026-08-24,3,750,2250
SER000697,BOOK003392,HOT0108,EMP00177,Airport Pickup,2026-09-25,1,500,500
SER000698,BOOK002806,HOT0148,EMP00674,Dinner,2026-04-24,3,1000,3000
SER000699,BOOK001285,HOT0136,EMP00760,Lunch,2026-05-22,1,1500,1500
SER000700,BOOK000024,HOT0019,EMP00622,Swimming Pool,2025-09-18,4,1000,4000
SER000701,BOOK000306,HOT0061,EMP00548,Airport Pickup,2024-09-29,2,1000,2000
SER000702,BOOK000406,HOT0053,EMP00297,Mini Bar,2025-02-06,4,2000,8000
SER000703,BOOK004322,HOT0018,EMP00623,Lunch,2024-11-26,2,500,1000
SER000704,BOOK002925,HOT0113,EMP00728,Dinner,2025-07-16,2,750,1500
SER000705,BOOK004339,HOT0132,EMP00535,Mini Bar,2025-05-03,4,2000,8000
SER000706,BOOK000579,HOT0181,EMP00018,Gym,2026-05-11,3,1500,4500
SER000707,BOOK002204,HOT0047,EMP00229,Gym,2026-05-05,4,500,2000
SER000708,BOOK001209,HOT0248,,Lunch,2024-08-27,1,1500,1500
SER000709,BOOK002086,HOT0185,EMP00103,Spa,2024-11-22,1,1000,1000
SER000710,BOOK000818,HOT0078,EMP00222,Room Cleaning,2026-08-11,3,1000,3000
SER000711,BOOK000908,HOT0141,EMP00466,Lunch,2024-10-25,4,250,1000
SER000712,BOOK004028,HOT0083,EMP00663,Breakfast,2026-04-22,3,1500,4500
SER000713,BOOK003696,HOT0099,EMP00623,Gym,2026-05-03,4,500,2000
SER000714,BOOK002809,HOT0209,EMP00718,Laundry,2024-08-25,-1,750,3000
SER000715,BOOK004085,HOT0189,EMP00018,Spa,2025-04-25,4,750,3000
SER000716,BOOK000143,HOT0209,EMP00685,Mini Bar,2024-11-21,4,250,1000
SER000717,BOOK000667,HOT0019,EMP00534,Airport Pickup,2026-01-08,4,250,1000
SER000718,BOOK000481,HOT0106,,Swimming Pool,2025-10-03,3,2000,6000
SER000719,BOOK003072,HOT0215,EMP00719,Lunch,2026-08-17,4,500,2000
SER000720,BOOK000763,HOT0034,EMP00253,Gym,2026-08-02,3,250,750
SER000721,BOOK002047,HOT0200,EMP00444,Dinner,2025-07-08,2,2000,4000
SER000722,BOOK002818,HOT0049,EMP00170,Room Cleaning,2026-02-04,4,1500,6000
SER000723,BOOK004944,HOT0241,EMP00708,Laundry,2025-01-17,3,500,1500
SER000724,BOOK002125,HOT0168,EMP00160,Gym,2026-07-08,-1,2000,6000
SER000725,BOOK002116,HOT0105,EMP00729,Swimming Pool,2025-01-26,3,500,1500
SER000726,BOOK002366,HOT0032,EMP00158,Mini Bar,2025-10-02,4,750,3000
SER000727,BOOK003775,HOT0082,EMP00558,Dinner,2025-09-03,2,250,500
SER000728,BOOK002500,HOT0233,EMP00423,Room Cleaning,2025-10-09,3,1000,3232
SER000729,BOOK003452,HOT0187,EMP00330,Spa,2025-02-26,4,1000,4000
SER000730,BOOK003195,HOT0139,EMP00739,Dinner,2025-12-19,4,250,1000
SER000731,BOOK002828,HOT0022,EMP00742,Gym,2025-03-10,3,1500,4500
SER000732,BOOK000936,HOT0129,EMP00241,Airport Pickup,2026-07-01,2,500,1000
SER000733,BOOK001845,HOT0178,EMP00443,Lunch,2026-01-01,4,250,1000
SER000734,BOOK000703,HOT0168,EMP00420,Airport Pickup,2026-01-21,2,250,500
SER000735,BOOK001400,HOT0131,EMP00474,Lunch,2026-04-15,1,1000,1000
SER000736,BOOK001711,HOT0041,EMP00496,Gym,2024-10-07,3,250,750
SER000737,BOOK002076,HOT0021,EMP00013,Gym,2025-05-19,1,250,250
SER000738,BOOK002200,HOT0132,EMP00404,Gym,2025-04-08,3,250,750
SER000739,BOOK001954,HOT0218,EMP00058,Room Cleaning,2024-12-27,2,1000,2000
SER000740,BOOK002392,HOT0240,EMP00400,Breakfast,2026-07-23,2,1000,2000
SER000741,BOOK004219,HOT0007,EMP00144,Mini Bar,2026-09-03,3,500,1500
SER000742,BOOK004911,HOT0187,EMP00045,Gym,2025-04-07,1,2000,2000
SER000743,BOOK004801,HOT0133,EMP00635,Spa,2026-06-18,3,250,750
SER000744,BOOK003563,HOT0049,EMP00308,Mini Bar,2024-12-12,3,1000,3000
SER000745,BOOK001705,HOT0211,EMP00028,Gym,2024-11-03,2,1000,2000
SER000746,BOOK002123,HOT0237,EMP00102,Gym,2025-12-23,1,250,250
SER000747,BOOK001107,HOT0197,EMP00099,Laundry,2025-01-05,3,250,750
SER000748,BOOK003929,HOT0099,EMP00103,Breakfast,2025-08-31,1,1000,1000
SER000749,BOOK001907,HOT0085,EMP00550,Dinner,2026-08-17,2,1500,3000
SER000750,BOOK004445,HOT0213,EMP00537,Dinner,2024-08-11,1,2000,2231
SER000751,BOOK000197,HOT0188,EMP00557,Laundry,2026-01-22,3,250,750
SER000752,BOOK000789,HOT0170,EMP00649,Room Cleaning,2025-03-17,4,250,1000
SER000753,BOOK003572,HOT0176,EMP00096,Room Cleaning,2025-11-03,3,500,1500
SER000754,BOOK001386,HOT0106,EMP00737,Spa,2025-04-27,2,1500,3000
SER000755,BOOK002395,HOT0026,EMP00223,Room Cleaning,2025-12-31,1,250,250
SER000756,BOOK002268,HOT0190,EMP00002,Swimming Pool,2025-08-18,3,500,1500
SER000757,BOOK003767,HOT0163,EMP00763,Airport Pickup,2025-12-22,3,750,2250
SER000758,BOOK003071,HOT0176,EMP00369,Breakfast,2024-09-21,1,250,250
SER000759,BOOK000218,HOT0224,EMP00550,Spa,2025-10-09,3,250,750
SER000760,BOOK004170,HOT0047,EMP00260,Room Cleaning,2025-01-21,2,2000,4000
SER000761,BOOK004959,HOT0175,EMP00776,Lunch,2025-05-21,2,1000,2000
SER000762,BOOK001775,HOT0065,EMP00252,Mini Bar,2025-06-10,3,750,2250
SER000763,BOOK003946,HOT0035,EMP00031,Laundry,2026-02-12,4,250,1000
SER000764,BOOK002426,HOT0112,EMP00396,Room Cleaning,2025-04-10,2,750,1500
SER000765,BOOK002790,HOT0030,EMP00749,Gym,2024-11-10,1,250,250
SER000766,BOOK003615,HOT0243,EMP00577,Lunch,2025-01-05,3,1500,4500
SER000767,BOOK002495,HOT0205,EMP00699,Dinner,2025-12-23,4,1000,4000
SER000768,BOOK000447,HOT0223,EMP00477,Lunch,2025-01-22,2,500,1000
SER000769,BOOK004446,HOT0160,EMP00064,Room Cleaning,2025-03-13,2,1500,3000
SER000770,BOOK003807,HOT0023,EMP00161,Airport Pickup,2025-11-29,2,2000,4000
SER000771,BOOK002479,HOT0038,EMP00768,Mini Bar,2025-12-15,3,2000,6000
SER000772,BOOK000242,HOT0116,EMP00314,Spa,2026-09-07,2,500,1000
SER000773,BOOK004749,HOT0051,EMP00232,Breakfast,2026-06-01,3,500,1500
SER000774,BOOK004402,HOT0191,EMP00742,Spa,2026-01-25,3,750,2250
SER000775,BOOK000604,HOT0034,EMP00340,Spa,2025-11-02,1,750,750
SER000776,BOOK004600,HOT0076,EMP00327,Gym,2024-08-15,1,1500,1500
SER000777,BOOK002345,HOT0179,EMP00608,Gym,2025-02-11,3,500,1500
SER000778,BOOK001080,HOT0225,EMP00494,Dinner,2025-05-11,3,2000,6000
SER000779,BOOK002033,HOT0118,EMP00250,Gym,2026-04-19,2,2000,4000
SER000780,BOOK000927,HOT0030,EMP00535,Gym,2025-03-25,4,750,3000
SER000781,BOOK004288,HOT0008,EMP00346,Airport Pickup,2024-12-08,2,750,1500
SER000782,BOOK001997,HOT0020,EMP00436,Mini Bar,2025-05-25,4,250,1000
SER000783,BOOK004330,HOT0216,EMP00581,Laundry,2024-09-29,2,1500,3000
SER000784,BOOK001338,HOT0028,EMP00415,Gym,2026-01-07,1,500,500
SER000785,BOOK003298,HOT0010,EMP00524,Lunch,2025-03-12,1,1500,1500
SER000786,BOOK000474,HOT0137,EMP00372,Breakfast,2025-03-05,4,250,1000
SER000787,BOOK003504,HOT0051,EMP00764,Spa,2024-12-07,3,1000,3000
SER000788,BOOK004626,HOT0145,EMP00757,Gym,2026-07-16,3,1000,3000
SER000789,BOOK001013,HOT0243,EMP00119,Swimming Pool,2025-03-10,3,250,750
SER000790,BOOK001724,HOT0159,EMP00191,Breakfast,2026-02-18,2,1500,3000
SER000791,BOOK001145,HOT0242,EMP00555,Gym,2026-03-22,4,750,3000
SER000792,BOOK004842,HOT0124,EMP00162,Gym,2024-12-02,1,250,250
SER000793,BOOK000518,HOT0166,EMP00457,Swimming Pool,2026-08-16,1,1000,1000
SER000794,BOOK002007,HOT0041,EMP00750,Laundry,2026-01-24,3,2000,6000
SER000795,BOOK000689,HOT0182,EMP00539,Room Cleaning,2025-02-09,4,1000,4000
SER000796,BOOK002850,HOT0244,EMP00158,Room Cleaning,2025-09-27,4,1500,6000
SER000797,BOOK000875,HOT0043,EMP00329,Laundry,2026-06-21,1,250,250
SER000798,BOOK004767,HOT0129,EMP00116,Dinner,2025-04-15,4,500,2000
SER000799,BOOK003997,HOT0176,EMP00631,Laundry,2024-12-29,1,2000,2000
SER000800,BOOK001163,HOT0147,EMP00507,Swimming Pool,2024-12-30,3,1500,4500
SER000801,BOOK003204,HOT0104,EMP00748,Laundry,2024-11-26,4,500,2000
SER000802,BOOK004442,HOT0205,EMP00282,Laundry,2025-09-28,3,750,2250
SER000803,BOOK003525,HOT0200,EMP00517,Mini Bar,2025-03-06,4,2000,8000
SER000804,BOOK000683,HOT0037,EMP00441,Dinner,2024-09-09,4,500,2000
SER000805,BOOK002914,HOT0083,EMP00713,Swimming Pool,2026-02-21,3,750,2250
SER000806,BOOK003371,HOT0124,EMP00099,Room Cleaning,2025-07-25,2,250,500
SER000807,BOOK003979,HOT0179,EMP00249,Dinner,2026-01-28,3,500,1500
SER000808,BOOK003763,HOT0082,EMP00591,Laundry,2026-04-01,3,1000,3000
SER000809,BOOK002664,HOT0023,EMP00376,Gym,2025-04-18,1,750,909
SER000810,BOOK003476,HOT0177,EMP00664,Spa,2025-08-13,3,1500,4500
SER000811,BOOK000228,HOT0048,EMP00152,Airport Pickup,2026-01-15,1,1500,1500
SER000812,BOOK001761,HOT0160,EMP00041,Spa,2025-02-21,-1,250,500
SER000813,BOOK003768,HOT0046,EMP00142,Spa,2025-10-08,2,1500,3000
SER000814,BOOK004215,HOT0199,EMP00466,Dinner,2024-12-28,3,2000,6000
SER000815,BOOK000463,HOT0231,EMP00416,Airport Pickup,2026-04-22,3,500,1500
SER000816,BOOK001842,HOT0078,EMP00511,Spa,2025-06-22,1,2000,2000
SER000817,BOOK003078,HOT0041,EMP00254,Breakfast,2026-02-25,1,500,500
SER000818,BOOK001031,HOT0092,EMP00653,Lunch,2025-06-26,4,750,3000
SER000819,BOOK000206,HOT0205,EMP00545,Room Cleaning,2025-12-11,1,1500,1500
SER000820,BOOK002575,HOT0091,EMP00524,Dinner,2025-07-28,4,750,3000
SER000821,BOOK002591,HOT0129,EMP00199,Laundry,2025-08-14,4,750,3000
SER000822,BOOK000700,HOT0073,EMP00138,Lunch,2026-08-21,3,2000,6000
SER000823,BOOK001772,HOT0044,EMP00357,Breakfast,2025-06-26,4,2000,8000
SER000824,BOOK003579,HOT0045,EMP00259,Breakfast,2026-05-02,3,2000,6000
SER000825,BOOK004015,HOT0248,EMP00656,Spa,2024-12-08,1,1500,1500
SER000826,BOOK001444,HOT0076,EMP00579,Mini Bar,2024-12-17,3,1000,3000
SER000827,BOOK004281,HOT0042,EMP00221,Spa,2026-07-06,3,1500,4500
SER000828,BOOK001095,HOT0216,EMP00662,Spa,2026-07-02,1,1500,1500
SER000829,BOOK000300,HOT0131,EMP00460,Gym,2025-05-21,2,2000,4000
SER000830,BOOK002103,HOT0108,EMP00553,Spa,2026-08-02,1,750,750
SER000831,BOOK000721,HOT0185,EMP00344,Dinner,2026-07-29,4,250,1000
SER000832,BOOK002294,HOT0146,EMP00356,Laundry,2026-01-02,3,1000,3000
SER000833,BOOK001692,HOT0057,EMP00099,Lunch,2026-05-06,4,750,3000
SER000834,BOOK002144,HOT0022,EMP00713,Mini Bar,2025-05-10,2,2000,4000
SER000835,BOOK003480,HOT0219,EMP00572,Mini Bar,2025-11-11,4,1000,4000
SER000836,BOOK004237,HOT0247,EMP00602,Laundry,2026-06-13,1,750,750
SER000837,BOOK004659,HOT0222,EMP00462,Spa,2026-05-24,3,2000,6000
SER000838,BOOK002772,HOT0136,EMP00012,Laundry,2024-08-22,3,250,750
SER000839,BOOK002800,HOT0088,EMP00132,Lunch,2025-01-20,1,1500,1500
SER000840,BOOK002378,HOT0230,EMP00740,Mini Bar,2026-04-09,2,2000,4000
SER000841,BOOK004280,HOT0091,EMP00654,Swimming Pool,2026-04-01,1,250,250
SER000842,BOOK004768,HOT0157,EMP00127,Swimming Pool,2026-01-20,2,1500,3000
SER000843,BOOK001198,HOT0219,EMP00129,Lunch,2025-02-06,4,2000,8000
SER000844,BOOK003211,HOT0230,EMP00323,Lunch,2024-11-05,3,1500,4500
SER000845,BOOK003427,HOT0213,EMP00331,Breakfast,2025-12-07,1,750,750
SER000846,BOOK004560,HOT0190,EMP00291,Spa,2025-02-03,1,1500,1500
SER000847,BOOK000617,HOT0020,EMP00450,Dinner,2025-04-15,1,1500,1500
SER000848,BOOK000940,HOT0031,EMP00192,Laundry,2025-05-24,3,1500,4500
SER000849,BOOK003719,HOT0104,EMP00110,Laundry,2026-06-14,3,1000,3000
SER000850,BOOK000458,HOT0192,EMP00236,Dinner,2025-02-13,2,1500,3000
SER000851,BOOK001203,HOT0174,EMP00314,Laundry,2026-03-16,4,1500,6000
SER000852,BOOK001473,HOT0232,EMP00292,Airport Pickup,2026-08-08,4,1000,4000
SER000853,BOOK004977,HOT0226,EMP00511,Airport Pickup,2026-01-16,3,500,1500
SER000854,BOOK001682,HOT0225,EMP00550,Swimming Pool,2025-12-22,3,750,2250
SER000855,BOOK001860,HOT0120,EMP00545,Gym,2024-11-19,2,250,500
SER000856,BOOK004946,HOT0047,EMP00521,Lunch,2025-11-16,1,1000,1000
SER000857,BOOK004049,HOT0050,EMP00185,Dinner,2025-01-01,4,1000,4000
SER000858,BOOK000042,HOT0136,EMP00412,Lunch,2025-04-12,1,250,250
SER000859,BOOK004346,HOT0176,EMP00703,Room Cleaning,2025-09-21,3,2000,6000
SER000860,BOOK004980,HOT0076,EMP00572,Swimming Pool,2025-10-16,1,250,250
SER000861,BOOK003423,HOT0024,EMP00275,Airport Pickup,2024-12-04,2,2000,4000
SER000862,BOOK004046,HOT0170,EMP00760,Airport Pickup,2025-01-03,2,1500,3000
SER000863,BOOK002289,HOT0202,EMP00565,Mini Bar,2025-12-10,2,1000,2000
SER000864,BOOK002656,HOT0133,EMP00035,Airport Pickup,2025-10-16,2,250,500
SER000865,BOOK004761,HOT0038,EMP00687,Mini Bar,2026-01-13,4,2000,8000
SER000866,BOOK000867,HOT0194,EMP00722,Laundry,2025-04-22,1,1000,1000
SER000867,BOOK002996,HOT0233,EMP00711,Dinner,2025-05-23,1,750,750
SER000868,BOOK004828,HOT0189,EMP00451,Room Cleaning,2025-05-09,3,750,2250
SER000869,BOOK004544,HOT0014,EMP00692,Swimming Pool,2026-05-06,4,500,2000
SER000870,BOOK004937,HOT0092,EMP00231,Lunch,2026-07-21,2,1000,2000
SER000871,BOOK001774,HOT0113,EMP00259,Spa,2025-05-03,1,250,250
SER000872,BOOK001323,HOT0052,EMP00582,Breakfast,2025-05-18,4,750,3000
SER000873,BOOK001766,HOT0033,EMP00023,Swimming Pool,2025-01-02,3,750,2250
SER000874,BOOK003600,HOT0019,EMP00515,Mini Bar,2025-05-08,2,1500,3000
SER000875,BOOK003571,HOT0048,EMP00166,Dinner,2024-11-03,4,1500,6000
SER000876,BOOK004357,HOT0054,EMP00579,Lunch,2025-09-29,4,750,3000
SER000877,BOOK004372,HOT0204,EMP00211,Laundry,2025-02-11,4,750,3000
SER000878,BOOK002243,HOT0063,EMP00694,Lunch,2026-08-03,4,750,3000
SER000879,BOOK003558,HOT0179,,Spa,2025-06-21,1,250,250
SER000880,BOOK000718,HOT0067,EMP00524,Room Cleaning,2025-12-09,2,250,500
SER000881,BOOK003210,HOT0104,EMP00525,Lunch,2025-06-28,3,250,750
SER000882,BOOK000792,HOT0126,EMP00619,Airport Pickup,2026-04-19,3,250,750
SER000883,BOOK000342,HOT0212,EMP00055,Spa,2026-07-30,1,250,250
SER000884,BOOK001504,HOT0016,EMP00173,Spa,2025-10-09,3,500,1500
SER000885,BOOK001564,HOT0067,EMP00735,Gym,2026-09-03,3,1000,3000
SER000886,BOOK001179,HOT0030,EMP00006,Swimming Pool,2025-07-24,4,2000,8000
SER000887,BOOK003096,HOT0014,EMP00548,Mini Bar,2024-11-12,3,1000,3000
SER000888,BOOK000380,HOT0056,EMP00565,Laundry,2025-12-05,-1,2000,2000
SER000889,BOOK002213,HOT0012,EMP00268,Breakfast,2025-02-17,3,750,2250
SER000890,BOOK002420,HOT0086,EMP00460,Lunch,2026-07-28,4,500,2000
SER000891,BOOK003054,HOT0142,EMP00366,Swimming Pool,2025-07-09,3,750,2250
SER000892,BOOK004638,HOT0113,EMP00667,Mini Bar,2024-11-18,1,500,500
SER000893,BOOK004817,HOT0214,EMP00732,Room Cleaning,2026-02-18,1,1500,1500
SER000894,BOOK003565,HOT0118,EMP00399,Airport Pickup,2026-06-04,4,2000,8000
SER000895,BOOK001760,HOT0026,EMP00615,Laundry,2024-11-23,1,1000,1000
SER000896,BOOK004326,HOT0157,,Spa,2026-05-08,3,500,1500
SER000897,BOOK000328,HOT0139,EMP00588,Swimming Pool,2025-04-04,3,1000,3000
SER000898,BOOK001918,HOT0099,EMP00475,Spa,2026-08-26,3,750,2250
SER000899,BOOK002404,HOT0199,EMP00647,Airport Pickup,2024-10-08,3,1000,3000
SER000900,BOOK001615,HOT0054,EMP00542,Breakfast,2026-05-13,2,500,1000
SER000901,BOOK002528,HOT0245,EMP00656,Swimming Pool,2024-10-19,-1,250,250
SER000902,BOOK001628,HOT0054,EMP00693,Swimming Pool,2025-07-24,2,750,1500
SER000903,BOOK001413,HOT0164,EMP00423,Mini Bar,2026-03-09,4,1000,4000
SER000904,BOOK001703,HOT0066,EMP00206,Breakfast,2026-07-28,1,1500,1500
SER000905,BOOK000201,HOT0160,EMP00785,Laundry,2024-10-08,2,1000,2000
SER000906,BOOK001640,HOT0063,EMP00562,Airport Pickup,2025-07-17,1,1000,1000
SER000907,BOOK002712,HOT0118,EMP00054,Airport Pickup,2026-04-09,4,750,3000
SER000908,BOOK000967,HOT0229,EMP00326,Dinner,2025-02-11,4,250,1000
SER000909,BOOK002808,HOT0167,EMP00219,Airport Pickup,2025-04-05,4,1000,4000
SER000910,BOOK004639,HOT0109,EMP00449,Swimming Pool,2025-03-09,1,500,500
SER000911,BOOK002711,HOT0070,EMP00628,Mini Bar,2026-05-23,3,1500,4500
SER000912,BOOK004975,HOT0115,EMP00539,Room Cleaning,2025-12-25,1,2000,2000
SER000913,BOOK003737,HOT0231,EMP00182,Room Cleaning,2026-03-27,1,1000,1000
SER000914,BOOK000802,HOT0024,EMP00628,Lunch,2025-07-03,2,750,1500
SER000915,BOOK000004,HOT0208,EMP00141,Laundry,2026-03-29,1,1000,1000
SER000916,BOOK002627,HOT0107,EMP00366,Laundry,2025-03-03,2,2000,4000
SER000917,BOOK001970,HOT0027,EMP00324,Room Cleaning,2025-01-17,4,250,1000
SER000918,BOOK002997,HOT0198,EMP00682,Gym,2025-02-28,4,1000,4000
SER000919,BOOK003629,HOT0229,EMP00536,Breakfast,2025-01-15,4,250,1000
SER000920,BOOK001541,HOT0040,EMP00449,Airport Pickup,2026-06-21,4,250,1000
SER000921,BOOK004713,HOT0187,EMP00217,Gym,2025-11-19,3,250,750
SER000922,BOOK003848,HOT0115,EMP00422,Swimming Pool,2025-09-06,4,1500,6000
SER000923,BOOK003147,HOT0014,EMP00179,Dinner,2025-08-29,1,500,500
SER000924,BOOK004652,HOT0130,EMP00014,Breakfast,2024-10-26,1,500,500
SER000925,BOOK002024,HOT0248,EMP00095,Breakfast,2025-12-30,3,1500,4500
SER000926,BOOK000848,HOT0024,EMP00759,Gym,2026-08-11,2,2000,4000
SER000927,BOOK002237,HOT0027,EMP00593,Room Cleaning,2025-05-27,4,1500,6000
SER000928,BOOK001885,HOT0161,EMP00246,Airport Pickup,2025-04-04,1,1500,1500
SER000929,BOOK004612,HOT0036,EMP00584,Spa,2025-02-26,1,750,750
SER000930,BOOK002674,HOT0025,EMP00173,Swimming Pool,2025-06-19,4,250,1000
SER000931,BOOK000274,HOT0203,EMP00586,Breakfast,2025-05-06,1,500,500
SER000932,BOOK000085,HOT0050,EMP00723,Lunch,2026-08-28,4,1000,4000
SER000933,BOOK003186,HOT0110,EMP00352,Room Cleaning,2024-10-10,3,500,1500
SER000934,BOOK004583,HOT0038,EMP00383,Airport Pickup,2025-08-31,1,250,250
SER000935,BOOK001989,HOT0235,EMP00319,Laundry,2025-05-31,2,750,1500
SER000936,BOOK003133,HOT0119,EMP00491,Swimming Pool,2026-04-11,2,250,500
SER000937,BOOK003968,HOT0057,EMP00765,Swimming Pool,2026-08-03,3,1000,3000
SER000938,BOOK003570,HOT0247,EMP00018,Lunch,2025-02-05,1,500,500
SER000939,BOOK002462,HOT0065,EMP00221,Dinner,2026-08-18,2,1500,3000
SER000940,BOOK000225,HOT0204,EMP00599,Swimming Pool,2024-09-14,3,250,750
SER000941,BOOK002091,HOT0069,EMP00216,Airport Pickup,2026-06-05,1,750,750
SER000942,BOOK001292,HOT0077,EMP00716,Lunch,2026-02-01,2,250,500
SER000943,BOOK001675,HOT0114,EMP00517,Spa,2025-10-27,3,2000,6000
SER000944,BOOK001280,HOT0097,EMP00714,Laundry,2026-02-08,1,500,500
SER000945,BOOK003859,HOT0114,EMP00030,Spa,2025-12-29,2,250,500
SER000946,BOOK003193,HOT0001,EMP00029,Mini Bar,2025-09-16,1,2000,2000
SER000947,BOOK002929,HOT0180,EMP00190,Dinner,2025-07-20,4,1500,6000
SER000948,BOOK001182,HOT0033,EMP00320,Dinner,2025-04-23,3,500,1500
SER000949,BOOK004797,HOT0209,EMP00078,Dinner,2024-12-09,4,2000,8000
SER000950,BOOK003994,HOT0106,EMP00639,Lunch,2025-01-21,3,1000,3000
SER000951,BOOK003868,HOT0133,EMP00483,Spa,2025-09-20,2,2000,4000
SER000952,BOOK003162,HOT0068,EMP00360,Lunch,2025-07-17,1,500,500
SER000953,BOOK000523,HOT0050,EMP00753,Lunch,2025-01-18,1,750,750
SER000954,BOOK002270,HOT0013,EMP00528,Mini Bar,2025-07-10,2,2000,4000
SER000955,BOOK004912,HOT0159,EMP00563,Room Cleaning,2025-03-16,3,500,1500
SER000956,BOOK003134,HOT0049,EMP00289,Spa,2025-01-31,1,1500,1500
SER000957,BOOK004884,HOT0012,EMP00039,Room Cleaning,2024-08-10,2,1000,2000
SER000958,BOOK004376,HOT0246,EMP00540,Gym,2026-05-04,2,2000,4000
SER000959,BOOK003587,HOT0016,EMP00049,Mini Bar,2025-05-20,1,750,750
SER000960,BOOK000791,HOT0084,EMP00415,Mini Bar,2026-05-27,3,500,1500
SER000961,BOOK003225,HOT0101,EMP00710,Swimming Pool,2026-05-06,3,500,1500
SER000962,BOOK003880,HOT0234,EMP00682,Laundry,2026-02-21,2,500,1000
SER000963,BOOK001522,HOT0202,EMP00297,Laundry,2026-03-23,1,1500,1500
SER000964,BOOK000850,HOT0017,EMP00213,Lunch,2026-03-15,2,1000,2000
SER000965,BOOK003333,HOT0198,EMP00738,Breakfast,2026-02-04,3,750,2250
SER000966,BOOK000377,HOT0142,EMP00542,Breakfast,2026-02-28,4,500,2000
SER000967,BOOK000249,HOT0244,EMP00570,Spa,2025-09-18,4,1000,4000
SER000968,BOOK002840,HOT0190,EMP00500,Dinner,2024-11-06,4,500,2000
SER000969,BOOK003351,HOT0131,EMP00747,Spa,2026-06-06,1,1500,1500
SER000970,BOOK002952,HOT0212,EMP00268,Mini Bar,2024-10-25,4,2000,8000
SER000971,BOOK001777,HOT0023,EMP00287,Swimming Pool,2026-02-26,3,500,1500
SER000972,BOOK002689,HOT0115,EMP00471,Room Cleaning,2025-08-01,2,250,500
SER000973,BOOK000697,HOT0217,EMP00369,Gym,2026-03-07,1,1500,1500
SER000974,BOOK000358,HOT0116,EMP00224,Lunch,2026-03-29,4,2000,8000
SER000975,BOOK004001,HOT0163,EMP00784,Breakfast,2024-12-06,2,500,1000
SER000976,BOOK003105,HOT0083,EMP00485,Swimming Pool,2025-09-02,4,500,2000
SER000977,BOOK003577,HOT0153,EMP00350,Mini Bar,2026-07-28,2,250,500
SER000978,BOOK001006,HOT0236,,Breakfast,2025-03-09,1,250,250
SER000979,BOOK001781,HOT0040,EMP00235,Swimming Pool,2025-03-05,4,500,2000
SER000980,BOOK000901,HOT0109,EMP00042,Gym,2024-12-10,1,2000,2000
SER000981,BOOK001071,HOT0046,EMP00295,Gym,2025-08-25,2,2000,4000
SER000982,BOOK000352,HOT0139,EMP00256,Dinner,2025-06-04,2,1500,3000
SER000983,BOOK001952,HOT0100,,Gym,2024-09-11,4,1500,6000
SER000984,BOOK001301,HOT0096,EMP00448,Breakfast,2025-09-26,4,250,1000
SER000985,BOOK004576,HOT0108,EMP00343,Gym,2025-07-26,4,250,1000
SER000986,BOOK001895,HOT0010,EMP00188,Dinner,2025-11-08,3,500,1500
SER000987,BOOK000203,HOT0044,EMP00314,Dinner,2026-05-26,3,500,1500
SER000988,BOOK002379,HOT0027,EMP00115,Airport Pickup,2025-03-22,2,2000,4000
SER000989,BOOK001809,HOT0043,EMP00786,Spa,2024-12-05,2,1500,3000
SER000990,BOOK000158,HOT0242,EMP00075,Airport Pickup,2026-04-27,4,500,2000
SER000991,BOOK004268,HOT0208,EMP00525,Laundry,2025-04-06,3,750,2250
SER000992,BOOK004405,HOT0106,EMP00446,Spa,2026-08-14,1,2000,2000
SER000993,BOOK000006,HOT0084,EMP00534,Airport Pickup,2025-06-27,3,250,750
SER000994,BOOK002412,HOT0175,EMP00416,Dinner,2026-04-15,3,250,750
SER000995,BOOK003741,HOT0105,EMP00639,Laundry,2025-04-05,1,1000,1000
SER000996,BOOK001799,HOT0229,EMP00764,Laundry,2026-03-10,4,500,2000
SER000997,BOOK004366,HOT0238,EMP00183,Spa,2024-08-30,3,2000,6000
SER000998,BOOK003660,HOT0220,EMP00125,Gym,2026-04-15,3,250,750
SER000999,BOOK001082,HOT0127,EMP00593,Mini Bar,2026-08-28,4,1500,6000
SER001000,BOOK003884,HOT0064,EMP00668,Swimming Pool,2025-05-17,3,750,2250
SER001001,BOOK002587,HOT0143,EMP00245,Airport Pickup,2024-11-08,2,2000,4000
SER001002,BOOK001683,HOT0223,EMP00608,Room Cleaning,2026-06-04,2,2000,4000
SER001003,BOOK003328,HOT0215,EMP00596,Dinner,2025-12-10,3,750,2250
SER001004,BOOK002228,HOT0170,EMP00683,Mini Bar,2025-12-10,2,1000,2000
SER001005,BOOK004176,HOT0024,EMP00152,Mini Bar,2025-05-01,2,750,1500
SER001006,BOOK001958,HOT0104,EMP00026,Dinner,2024-10-15,3,2000,6000
SER001007,BOOK000486,HOT0044,EMP00095,Gym,2025-04-05,1,1000,1000
SER001008,BOOK002708,HOT0247,EMP00065,Spa,2026-04-13,4,750,3000
SER001009,BOOK004363,HOT0081,EMP00519,Swimming Pool,2025-12-01,3,1500,4500
SER001010,BOOK002300,HOT0117,EMP00613,Laundry,2025-12-25,3,1500,4500
SER001011,BOOK004670,HOT0169,EMP00197,Dinner,2025-08-18,2,2000,4000
SER001012,BOOK003935,HOT0010,EMP00768,Dinner,2025-01-18,2,250,500
SER001013,BOOK003805,HOT0233,EMP00582,Dinner,2026-03-30,1,1500,1500
SER001014,BOOK001128,HOT0217,EMP00351,Room Cleaning,2025-08-06,3,500,1500
SER001015,BOOK000961,HOT0071,EMP00590,Room Cleaning,2025-08-30,4,750,3000
SER001016,BOOK001874,HOT0082,EMP00382,Room Cleaning,2025-06-26,4,1000,4000
SER001017,BOOK002036,HOT0149,EMP00239,Lunch,2025-08-05,4,2000,8000
SER001018,BOOK001418,HOT0206,EMP00578,Airport Pickup,2025-12-08,4,2000,8000
SER001019,BOOK003097,HOT0009,EMP00666,Lunch,2025-12-04,1,500,500
SER001020,BOOK003021,HOT0172,EMP00495,Gym,2025-03-18,2,1000,2000
SER001021,BOOK002736,HOT0137,EMP00309,Swimming Pool,2025-02-18,3,750,2250
SER001022,BOOK002475,HOT0144,EMP00695,Gym,2025-07-08,2,1000,2000
SER001023,BOOK001178,HOT0100,EMP00533,Breakfast,2026-06-29,2,1500,3000
SER001024,BOOK003669,HOT0239,EMP00339,Breakfast,2025-12-24,3,1000,3000
SER001025,BOOK004712,HOT0230,EMP00005,Gym,2026-02-28,4,750,3000
SER001026,BOOK004827,HOT0236,EMP00323,Room Cleaning,2025-10-04,2,1500,3000
SER001027,BOOK004290,HOT0060,EMP00360,Lunch,2025-06-22,1,500,500
SER001028,BOOK001360,HOT0082,EMP00497,Laundry,2025-11-18,4,500,2000
SER001029,BOOK002209,HOT0081,EMP00477,Gym,2024-11-14,2,500,1000
SER001030,BOOK001822,HOT0228,EMP00484,Room Cleaning,2025-06-06,2,2000,4000
SER001031,BOOK004621,HOT0065,EMP00705,Airport Pickup,2026-06-03,4,500,2000
SER001032,BOOK003074,HOT0074,EMP00488,Mini Bar,2025-08-24,4,2000,8000
SER001033,BOOK004821,HOT0076,EMP00242,Laundry,2025-09-04,1,500,500
SER001034,BOOK003341,HOT0015,EMP00153,Mini Bar,2024-09-19,4,2000,8000
SER001035,BOOK000794,HOT0202,EMP00725,Swimming Pool,2026-01-03,2,2000,4000
SER001036,BOOK000572,HOT0151,EMP00599,Lunch,2026-07-02,1,2000,2000
SER001037,BOOK001592,HOT0170,EMP00515,Room Cleaning,2026-01-06,2,750,1500
SER001038,BOOK003375,HOT0130,EMP00553,Airport Pickup,2026-07-27,2,2000,4000
SER001039,BOOK004687,HOT0146,EMP00347,Swimming Pool,2025-03-24,3,750,2250
SER001040,BOOK001527,HOT0248,EMP00328,Spa,2025-02-21,3,2000,6000
SER001041,BOOK001697,HOT0026,EMP00316,Spa,2025-12-24,2,1500,3000
SER001042,BOOK004904,HOT0022,EMP00792,Mini Bar,2026-08-05,4,1500,6000
SER001043,BOOK003967,HOT0221,EMP00730,Laundry,2026-02-20,4,2000,8000
SER001044,BOOK000098,HOT0151,EMP00411,Dinner,2026-07-24,4,1500,6000
SER001045,BOOK002152,HOT0249,EMP00749,Room Cleaning,2026-08-28,2,500,1000
SER001046,BOOK004837,HOT0209,EMP00645,Mini Bar,2025-01-08,4,250,1000
SER001047,BOOK001393,HOT0159,EMP00566,Mini Bar,2025-05-05,4,1500,6000
SER001048,BOOK002117,HOT0020,EMP00396,Breakfast,2025-05-05,1,750,750
SER001049,BOOK002792,HOT0190,EMP00703,Room Cleaning,2024-10-13,2,1000,2000
SER001050,BOOK001357,HOT0041,EMP00580,Airport Pickup,2025-11-11,4,1000,4000
SER001051,BOOK002937,HOT0130,EMP00386,Swimming Pool,2025-12-18,3,2000,6000
SER001052,BOOK003056,HOT0079,EMP00645,Laundry,2024-12-27,1,750,750
SER001053,BOOK002755,HOT0051,EMP00735,Laundry,2025-08-24,4,250,1000
SER001054,BOOK004983,HOT0055,EMP00754,Breakfast,2025-11-19,2,2000,4000
SER001055,BOOK001065,HOT0158,EMP00753,Airport Pickup,2024-10-17,1,2000,2000
SER001056,BOOK003436,HOT0218,EMP00314,Airport Pickup,2025-01-28,4,2000,8000
SER001057,BOOK001414,HOT0067,EMP00615,Dinner,2025-04-01,4,1000,4000
SER001058,BOOK002352,HOT0090,EMP00132,Gym,2025-04-11,3,2000,6000
SER001059,BOOK000105,HOT0032,EMP00752,Breakfast,2025-11-23,2,1000,2000
SER001060,BOOK002447,HOT0240,,Room Cleaning,2026-05-29,4,1500,6000
SER001061,BOOK000943,HOT0075,EMP00190,Airport Pickup,2026-03-30,2,750,1500
SER001062,BOOK004261,HOT0130,EMP00242,Mini Bar,2025-10-26,3,1500,4500
SER001063,BOOK002702,HOT0083,EMP00390,Swimming Pool,2025-12-23,3,1000,3000
SER001064,BOOK004968,HOT0099,EMP00172,Airport Pickup,2025-05-19,2,500,1000
SER001065,BOOK002055,HOT0110,EMP00218,Gym,2026-08-16,3,500,1500
SER001066,BOOK003500,HOT0032,EMP00576,Lunch,2025-03-12,3,2000,6000
SER001067,BOOK003991,HOT0027,EMP00790,Spa,2026-04-28,1,1000,1000
SER001068,BOOK001621,HOT0203,EMP00200,Spa,2026-04-16,2,500,1000
SER001069,BOOK002039,HOT0249,EMP00034,Dinner,2025-06-07,3,1500,4500
SER001070,BOOK003221,HOT0005,EMP00440,Laundry,2026-04-25,4,1000,4000
SER001071,BOOK004700,HOT0227,EMP00350,Laundry,2026-07-19,3,750,2250
SER001072,BOOK003589,HOT0240,EMP00149,Airport Pickup,2024-10-15,3,750,2250
SER001073,BOOK001306,HOT0071,EMP00148,Swimming Pool,2024-11-21,4,1000,4000
SER001074,BOOK004494,HOT0046,EMP00247,Airport Pickup,2025-05-29,4,250,1000
SER001075,BOOK003543,HOT0049,EMP00120,Breakfast,2025-01-14,3,250,750
SER001076,BOOK001079,HOT0214,EMP00037,Laundry,2026-01-01,3,750,2250
SER001077,BOOK004380,HOT0087,EMP00183,Mini Bar,2024-11-16,3,250,750
SER001078,BOOK002733,HOT0029,EMP00505,Lunch,2024-10-13,3,500,1500
SER001079,BOOK001524,HOT0090,EMP00131,Breakfast,2025-05-16,1,1500,1500
SER001080,BOOK002561,HOT0175,EMP00653,Mini Bar,2024-08-13,3,250,750
SER001081,BOOK001660,HOT0159,EMP00589,Breakfast,2025-04-20,2,2000,4000
SER001082,BOOK000343,HOT0249,EMP00051,Swimming Pool,2025-07-02,1,1500,1500
SER001083,BOOK000324,HOT0044,EMP00627,Room Cleaning,2026-08-15,4,1000,4000
SER001084,BOOK000190,HOT0100,EMP00348,Airport Pickup,2025-08-09,2,500,1000
SER001085,BOOK004595,HOT0229,EMP00229,Lunch,2026-05-19,3,250,750
SER001086,BOOK000680,HOT0229,EMP00360,Mini Bar,2025-01-27,3,750,2250
SER001087,BOOK000213,HOT0094,EMP00283,Lunch,2025-03-17,4,750,3000
SER001088,BOOK000267,HOT0167,EMP00698,Room Cleaning,2025-07-24,2,250,500
SER001089,BOOK001811,HOT0205,EMP00239,Lunch,2025-12-13,2,1500,3000
SER001090,BOOK004377,HOT0169,EMP00551,Mini Bar,2026-08-07,2,1000,2000
SER001091,BOOK004082,HOT0066,EMP00348,Room Cleaning,2026-04-20,1,1500,1500
SER001092,BOOK001373,HOT0206,EMP00666,Mini Bar,2025-03-15,4,1000,4000
SER001093,BOOK001656,HOT0017,EMP00764,Room Cleaning,2025-06-01,4,250,1000
SER001094,BOOK004615,HOT0179,EMP00748,Gym,2025-05-11,1,750,750
SER001095,BOOK003468,HOT0040,EMP00328,Lunch,2026-09-08,2,1000,2000
SER001096,BOOK000473,HOT0141,EMP00561,Spa,2025-01-03,3,2000,6000
SER001097,BOOK002201,HOT0078,EMP00629,Mini Bar,2024-12-25,3,750,2250
SER001098,BOOK002069,HOT0089,EMP00763,Lunch,2026-06-01,4,1500,6000
SER001099,BOOK004557,HOT0207,EMP00394,Room Cleaning,2025-03-07,3,1000,3000
SER001100,BOOK004080,HOT0087,EMP00279,Breakfast,2025-06-25,3,2000,6000
SER001101,BOOK001995,HOT0048,EMP00005,Lunch,2024-10-31,1,1000,1000
SER001102,BOOK004456,HOT0047,EMP00571,Breakfast,2024-10-01,3,1000,3000
SER001103,BOOK003336,HOT0018,EMP00132,Mini Bar,2024-11-30,2,500,1000
SER001104,BOOK002247,HOT0156,EMP00715,Mini Bar,2025-07-30,3,2000,6000
SER001105,BOOK004607,HOT0186,EMP00717,Lunch,2024-11-10,1,250,250
SER001106,BOOK003755,HOT0237,EMP00665,Room Cleaning,2024-12-05,3,2000,6000
SER001107,BOOK001504,HOT0016,EMP00642,Spa,2025-10-09,4,750,3000
SER001108,BOOK002374,HOT0233,EMP00503,Dinner,2026-07-24,4,500,2000
SER001109,BOOK001555,HOT0072,EMP00423,Swimming Pool,2025-02-16,3,1000,3000
SER001110,BOOK000023,HOT0213,EMP00035,Airport Pickup,2024-09-18,3,500,1500
SER001111,BOOK001199,HOT0075,EMP00458,Mini Bar,2026-03-13,3,1000,3000
SER001112,BOOK003112,HOT0130,EMP00417,Airport Pickup,2025-04-03,1,750,750
SER001113,BOOK003797,HOT0077,EMP00160,Mini Bar,2025-03-05,4,250,1000
SER001114,BOOK000729,HOT0170,EMP00008,Spa,2026-03-27,1,500,500
SER001115,BOOK000557,HOT0217,EMP00500,Laundry,2026-03-05,1,1500,1500
SER001116,BOOK004934,HOT0047,EMP00619,Laundry,2026-03-10,4,1000,4000
SER001117,BOOK002058,HOT0138,EMP00471,Room Cleaning,2025-12-05,1,1500,1500
SER001118,BOOK002080,HOT0074,EMP00606,Spa,2025-02-17,1,2000,2000
SER001119,BOOK004881,HOT0139,EMP00170,Laundry,2024-12-25,3,1000,3000
SER001120,BOOK002164,HOT0037,EMP00353,Airport Pickup,2025-04-12,2,250,608
SER001121,BOOK000192,HOT0234,EMP00600,Mini Bar,2025-08-18,2,250,500
SER001122,BOOK003901,HOT0171,EMP00049,Airport Pickup,2026-03-14,4,1500,6000
SER001123,BOOK003640,HOT0109,EMP00550,Swimming Pool,2024-08-24,4,1000,4000
SER001124,BOOK003735,HOT0144,EMP00114,Lunch,2025-10-04,2,500,1000
SER001125,BOOK004205,HOT0236,EMP00325,Laundry,2025-03-07,4,250,1000
SER001126,BOOK000304,HOT0112,EMP00612,Laundry,2026-06-24,1,500,500
SER001127,BOOK001150,HOT0128,EMP00189,Swimming Pool,2025-10-25,1,1500,1500
SER001128,BOOK000668,HOT0007,EMP00666,Airport Pickup,2024-12-27,1,250,250
SER001129,BOOK004206,HOT0228,EMP00380,Spa,2025-03-24,3,2000,6000
SER001130,BOOK001536,HOT0082,EMP00031,Laundry,2025-05-12,3,2000,6000
SER001131,BOOK000112,HOT0102,EMP00564,Lunch,2026-08-06,1,1500,1500
SER001132,BOOK000589,HOT0208,EMP00185,Room Cleaning,2026-02-03,4,500,2000
SER001133,BOOK000096,HOT0150,EMP00534,Mini Bar,2026-05-13,3,1000,3000
SER001134,BOOK002748,HOT0188,EMP00577,Breakfast,2024-12-11,1,250,250
SER001135,BOOK004083,HOT0153,EMP00147,Room Cleaning,2025-04-04,1,2000,2000
SER001136,BOOK004492,HOT0066,EMP00287,Room Cleaning,2025-06-26,3,500,1500
SER001137,BOOK002356,HOT0102,EMP00291,Breakfast,2024-11-04,3,750,2250
SER001138,BOOK000484,HOT0104,EMP00404,Gym,2026-06-12,3,250,750
SER001139,BOOK002794,HOT0093,EMP00588,Dinner,2025-03-19,3,250,750
SER001140,BOOK003799,HOT0241,EMP00295,Swimming Pool,2024-12-03,3,1500,4500
SER001141,BOOK002131,HOT0037,EMP00421,Swimming Pool,2025-09-07,3,1000,3000
SER001142,BOOK002301,HOT0053,EMP00690,Swimming Pool,2025-06-26,4,500,2000
SER001143,BOOK002276,HOT0121,EMP00239,Lunch,2025-03-20,2,1000,2000
SER001144,BOOK000015,HOT0130,EMP00768,Swimming Pool,2025-11-07,2,500,1000
SER001145,BOOK000050,HOT0039,EMP00728,Mini Bar,2025-12-09,3,1000,3000
SER001146,BOOK000997,HOT0162,EMP00185,Swimming Pool,2024-10-29,3,1000,3000
SER001147,BOOK004177,HOT0235,EMP00280,Laundry,2025-02-18,1,2000,2000
SER001148,BOOK001991,HOT0193,EMP00386,Mini Bar,2025-04-08,3,750,2250
SER001149,BOOK000086,HOT0082,EMP00690,Lunch,2025-10-12,2,750,1500
SER001150,BOOK004509,HOT0115,EMP00095,Room Cleaning,2026-06-25,3,1000,3000
SER001151,BOOK003713,HOT0035,EMP00321,Lunch,2025-03-12,4,250,1000
SER001152,BOOK003999,HOT0016,EMP00624,Spa,2026-05-26,4,2000,8000
SER001153,BOOK000519,HOT0238,EMP00436,Room Cleaning,2024-09-01,3,750,2250
SER001154,BOOK001684,HOT0245,EMP00696,Room Cleaning,2025-11-29,2,2000,4000
SER001155,BOOK001451,HOT0244,EMP00543,Laundry,2026-03-30,2,750,1500
SER001156,BOOK003077,HOT0034,EMP00410,Laundry,2025-04-13,2,2000,4000
SER001157,BOOK004630,HOT0148,EMP00459,Spa,2026-01-27,1,250,250
SER001158,BOOK002452,HOT0224,EMP00650,Spa,2025-01-02,3,1500,4500
SER001159,BOOK002991,HOT0161,EMP00503,Laundry,2026-01-17,4,2000,8000
SER001160,BOOK003131,HOT0098,EMP00140,Dinner,2025-09-22,3,500,1500
SER001161,BOOK001090,HOT0098,EMP00023,Airport Pickup,2026-02-19,3,250,750
SER001162,BOOK004902,HOT0092,EMP00699,Breakfast,2025-01-08,1,750,750
SER001163,BOOK004708,HOT0054,EMP00636,Mini Bar,2026-03-30,1,1500,1500
SER001164,BOOK000130,HOT0045,EMP00090,Room Cleaning,2024-12-24,2,250,500
SER001165,BOOK000592,HOT0248,EMP00679,Lunch,2026-04-25,4,750,3000
SER001166,BOOK004376,HOT0246,EMP00317,Spa,2026-05-05,4,2000,8000
SER001167,BOOK003155,HOT0111,EMP00337,Spa,2025-06-10,4,250,1000
SER001168,BOOK000666,HOT0203,EMP00339,Room Cleaning,2025-10-21,1,2000,2000
SER001169,BOOK004325,HOT0203,EMP00434,Airport Pickup,2025-06-13,2,2000,4000
SER001170,BOOK004253,HOT0172,EMP00119,Swimming Pool,2025-10-05,2,1000,2000
SER001171,BOOK002185,HOT0221,EMP00648,Dinner,2026-05-29,2,1000,2000
SER001172,BOOK004470,HOT0196,EMP00590,Airport Pickup,2025-09-25,2,2000,4000
SER001173,BOOK002722,HOT0146,EMP00677,Airport Pickup,2025-10-13,1,250,250
SER001174,BOOK004069,HOT0193,EMP00174,Breakfast,2026-05-22,1,1000,1000
SER001175,BOOK001893,HOT0226,EMP00390,Swimming Pool,2026-02-18,4,2000,8000
SER001176,BOOK000118,HOT0096,EMP00491,Breakfast,2026-05-24,3,2000,6000
SER001177,BOOK001984,HOT0027,EMP00596,Room Cleaning,2024-10-13,4,1000,4000
SER001178,BOOK004439,HOT0011,EMP00769,Mini Bar,2025-04-27,4,1500,6000
SER001179,BOOK003781,HOT0082,EMP00283,Breakfast,2025-02-04,4,500,2000
SER001180,BOOK004752,HOT0106,EMP00487,Swimming Pool,2025-05-26,4,1000,4000
SER001181,BOOK004592,HOT0069,EMP00321,Dinner,2026-03-23,4,1500,6000
SER001182,BOOK003534,HOT0155,EMP00440,Lunch,2025-09-19,2,1500,3000
SER001183,BOOK002021,HOT0198,EMP00602,Mini Bar,2025-10-06,1,2000,2000
SER001184,BOOK004191,HOT0169,EMP00295,Laundry,2025-07-19,2,2000,4000
SER001185,BOOK000263,HOT0210,EMP00652,Laundry,2025-04-29,3,500,1500
SER001186,BOOK001108,HOT0078,EMP00125,Mini Bar,2025-10-23,3,250,750
SER001187,BOOK001206,HOT0155,EMP00198,Mini Bar,2025-02-26,3,750,2250
SER001188,BOOK003702,HOT0106,EMP00639,Gym,2025-12-24,1,750,750
SER001189,BOOK000545,HOT0186,EMP00016,Airport Pickup,2024-11-29,4,2000,8000
SER001190,BOOK004753,HOT0198,EMP00366,Spa,2025-12-24,2,750,1500
SER001191,BOOK000870,HOT0097,EMP00656,Laundry,2026-03-08,1,250,250
SER001192,BOOK003605,HOT0158,EMP00368,Gym,2025-11-18,2,1000,2000
SER001193,BOOK002602,HOT0162,EMP00158,Spa,2026-05-09,2,250,500
SER001194,BOOK002227,HOT0166,EMP00020,Dinner,2024-11-15,1,1000,1000
SER001195,BOOK003847,HOT0209,EMP00618,Airport Pickup,2025-08-27,1,1000,1000
SER001196,BOOK003513,HOT0135,EMP00296,Dinner,2025-05-17,2,500,1000
SER001197,BOOK001298,HOT0186,EMP00176,Dinner,2025-07-26,4,2000,8000
SER001198,BOOK001256,HOT0075,EMP00166,Lunch,2025-11-10,3,250,750
SER001199,BOOK001083,HOT0091,EMP00046,Room Cleaning,2025-02-26,2,1500,3000
SER001200,BOOK004481,HOT0221,EMP00713,Breakfast,2026-03-09,2,250,500
SER001201,BOOK003690,HOT0073,EMP00631,Spa,2026-08-27,3,750,2250
SER001202,BOOK003165,HOT0154,EMP00667,Room Cleaning,2026-04-18,1,1000,1000
SER001203,BOOK003172,HOT0041,EMP00184,Laundry,2025-03-17,2,1500,3000
SER001204,BOOK002563,HOT0248,EMP00762,Swimming Pool,2025-05-19,3,750,2250
SER001205,BOOK002015,HOT0112,EMP00687,Swimming Pool,2025-10-08,2,2000,4000
SER001206,BOOK001268,HOT0117,EMP00648,Lunch,2025-09-04,4,250,1000
SER001207,BOOK003538,HOT0170,EMP00571,Dinner,2025-09-02,4,2000,8000
SER001208,BOOK001526,HOT0194,EMP00722,Swimming Pool,2025-08-23,3,1500,4500
SER001209,BOOK001244,HOT0017,EMP00580,Lunch,2024-12-14,1,750,750
SER001210,BOOK002680,HOT0093,EMP00663,Lunch,2026-03-25,3,250,750
SER001211,BOOK002788,HOT0152,EMP00449,Room Cleaning,2024-09-30,1,750,750
SER001212,BOOK003410,HOT0116,EMP00414,Laundry,2026-04-16,4,1500,6000
SER001213,BOOK004295,HOT0001,EMP00798,Gym,2025-08-05,3,1000,3000
SER001214,BOOK001000,HOT0155,EMP00248,Laundry,2024-09-23,2,1000,2000
SER001215,BOOK001484,HOT0189,EMP00179,Dinner,2025-09-27,3,2000,6000
SER001216,BOOK000840,HOT0169,EMP00250,Gym,2024-11-15,3,1000,3000
SER001217,BOOK001913,HOT0022,EMP00025,Swimming Pool,2026-07-15,3,250,750
SER001218,BOOK000472,HOT0193,EMP00767,Spa,2024-10-01,2,2000,4000
SER001219,BOOK004844,HOT0024,EMP00661,Lunch,2025-09-13,4,2000,8000
SER001220,BOOK000682,HOT0231,EMP00261,Breakfast,2024-09-09,2,750,1500
SER001221,BOOK000535,HOT0057,EMP00642,Breakfast,2025-06-13,3,1500,4500
SER001222,BOOK002023,HOT0086,EMP00675,Laundry,2025-07-28,2,1000,2000
SER001223,BOOK003672,HOT0177,EMP00007,Laundry,2026-05-09,1,1500,1500
SER001224,BOOK000620,HOT0123,EMP00399,Swimming Pool,2024-12-06,2,250,500
SER001225,BOOK002906,HOT0151,EMP00085,Mini Bar,2024-10-11,2,2000,4000
SER001226,BOOK002822,HOT0158,EMP00552,Breakfast,2025-12-08,2,500,1000
SER001227,BOOK000266,HOT0028,EMP00065,Spa,2025-07-21,3,2000,6000
SER001228,BOOK004622,HOT0202,EMP00152,Laundry,2024-11-27,1,1000,1000
SER001229,BOOK004948,HOT0099,EMP00024,Room Cleaning,2025-07-11,4,1000,4000
SER001230,BOOK004577,HOT0153,EMP00626,Breakfast,2025-12-06,2,250,500
SER001231,BOOK001445,HOT0160,EMP00022,Dinner,2025-12-21,4,500,2000
SER001232,BOOK000903,HOT0151,EMP00684,Spa,2026-01-07,4,1000,4000
SER001233,BOOK004047,HOT0215,EMP00282,Spa,2025-04-11,4,500,2000
SER001234,BOOK004553,HOT0077,EMP00202,Room Cleaning,2026-04-08,2,750,1500
SER001235,BOOK001351,HOT0037,EMP00082,Swimming Pool,2025-11-26,4,1000,4000
SER001236,BOOK004044,HOT0193,EMP00289,Breakfast,2025-02-23,1,1000,1000
SER001237,BOOK001240,HOT0123,EMP00017,Airport Pickup,2026-06-07,2,750,1500
SER001238,BOOK001747,HOT0105,EMP00103,Lunch,2024-12-06,4,1500,6000
SER001239,BOOK000428,HOT0240,EMP00171,Airport Pickup,2025-08-04,4,2000,8000
SER001240,BOOK004041,HOT0201,EMP00798,Swimming Pool,2026-06-19,4,1000,4000
SER001241,BOOK002518,HOT0096,EMP00359,Spa,2026-07-03,1,250,250
SER001242,BOOK004991,HOT0072,EMP00423,Mini Bar,2026-01-10,1,1500,1500
SER001243,BOOK001372,HOT0119,EMP00459,Airport Pickup,2025-06-30,2,250,500
SER001244,BOOK004152,HOT0049,EMP00156,Gym,2025-09-12,1,750,750
SER001245,BOOK002284,HOT0021,EMP00232,Dinner,2025-03-05,2,250,500
SER001246,BOOK004394,HOT0001,EMP00512,Airport Pickup,2026-02-11,2,1000,2000
SER001247,BOOK004228,HOT0005,EMP00187,Room Cleaning,2026-06-07,3,250,750
SER001248,BOOK003092,HOT0102,EMP00639,Mini Bar,2025-07-23,2,2000,4000
SER001249,BOOK003343,HOT0112,EMP00142,Lunch,2026-03-17,1,500,500
SER001250,BOOK000146,HOT0101,EMP00606,Airport Pickup,2026-05-18,4,1500,6000
SER001251,BOOK002025,HOT0204,EMP00051,Room Cleaning,2025-04-17,1,2000,2000
SER001252,BOOK002705,HOT0009,EMP00217,Lunch,2024-09-24,2,1000,2000
SER001253,BOOK001255,HOT0095,EMP00469,Room Cleaning,2024-11-27,3,750,2250
SER001254,BOOK002230,HOT0091,EMP00595,Gym,2026-06-11,4,250,1000
SER001255,BOOK001185,HOT0008,EMP00551,Gym,2026-04-12,3,1500,4500
SER001256,BOOK000022,HOT0061,EMP00030,Spa,2024-08-30,1,750,750
SER001257,BOOK002933,HOT0059,EMP00213,Breakfast,2025-09-09,2,500,1000
SER001258,BOOK002302,HOT0084,EMP00066,Dinner,2025-03-22,4,750,3000
SER001259,BOOK001092,HOT0225,EMP00146,Swimming Pool,2024-12-05,1,1000,1000
SER001260,BOOK000345,HOT0042,EMP00717,Room Cleaning,2025-08-29,3,750,2250
SER001261,BOOK002287,HOT0032,EMP00380,Lunch,2025-12-18,4,2000,8000
SER001262,BOOK004858,HOT0011,EMP00639,Room Cleaning,2025-05-03,2,1000,2000
SER001263,BOOK003188,HOT0007,EMP00429,Breakfast,2026-08-04,2,1000,2000
SER001264,BOOK000362,HOT0116,EMP00107,Dinner,2026-05-15,3,500,1500
SER001265,BOOK004397,HOT0085,EMP00272,Breakfast,2026-08-05,4,250,1000
SER001266,BOOK000957,HOT0133,EMP00450,Gym,2026-07-20,2,500,1000
SER001267,BOOK001347,HOT0152,EMP00048,Spa,2025-12-10,1,250,250
SER001268,BOOK000630,HOT0070,EMP00597,Laundry,2026-07-17,1,500,500
SER001269,BOOK004901,HOT0025,,Spa,2024-12-18,4,2000,8000
SER001270,BOOK003454,HOT0121,EMP00079,Mini Bar,2026-01-05,2,2000,4000
SER001271,BOOK004795,HOT0241,EMP00430,Room Cleaning,2026-01-13,4,1000,4000
SER001272,BOOK000584,HOT0050,EMP00582,Mini Bar,2026-07-26,2,1000,2000
SER001273,BOOK000149,HOT0050,EMP00505,Room Cleaning,2025-10-23,3,250,750
SER001274,BOOK004870,HOT0204,EMP00286,Airport Pickup,2026-06-25,3,2000,6000
SER001275,BOOK003199,HOT0076,EMP00033,Airport Pickup,2024-10-25,1,500,500
SER001276,BOOK004836,HOT0163,EMP00027,Breakfast,2024-10-09,2,500,1000
SER001277,BOOK002120,HOT0160,EMP00025,Breakfast,2025-02-28,4,250,1000
SER001278,BOOK003327,HOT0108,EMP00028,Room Cleaning,2026-05-27,4,250,1000
SER001279,BOOK003924,HOT0147,EMP00434,Mini Bar,2025-01-16,1,1500,1500
SER001280,BOOK003952,HOT0087,EMP00366,Room Cleaning,2026-05-04,2,250,500
SER001281,BOOK004601,HOT0093,EMP00610,Spa,2026-04-28,4,1000,4000
SER001282,BOOK001154,HOT0018,EMP00550,Dinner,2025-02-03,1,500,500
SER001283,BOOK002804,HOT0160,EMP00406,Lunch,2025-10-30,3,500,1500
SER001284,BOOK003104,HOT0095,EMP00394,Dinner,2024-12-27,3,750,2250
SER001285,BOOK003367,HOT0058,EMP00266,Swimming Pool,2026-07-15,1,2000,2000
SER001286,BOOK003458,HOT0041,EMP00197,Lunch,2024-11-19,4,500,2000
SER001287,BOOK003100,HOT0057,EMP00058,Spa,2025-05-12,1,2000,2000
SER001288,BOOK001377,HOT0178,EMP00222,Gym,2026-02-19,4,250,1000
SER001289,BOOK001395,HOT0081,EMP00388,Spa,2026-04-01,1,750,750
SER001290,BOOK003144,HOT0001,EMP00486,Breakfast,2026-08-02,2,1500,3000
SER001291,BOOK002191,HOT0125,EMP00684,Gym,2025-05-12,1,1000,1000
SER001292,BOOK002410,HOT0043,EMP00053,Lunch,2024-12-03,2,250,500
SER001293,BOOK001300,HOT0078,EMP00517,Spa,2026-01-15,4,1500,6000
SER001294,BOOK002841,HOT0075,EMP00469,Mini Bar,2025-08-18,2,2000,4000
SER001295,BOOK004050,HOT0230,EMP00463,Mini Bar,2026-07-09,4,250,1000
SER001296,BOOK002009,HOT0166,EMP00730,Spa,2026-08-27,1,2000,2000
SER001297,BOOK004516,HOT0089,EMP00776,Spa,2025-06-10,3,2000,6000
SER001298,BOOK000033,HOT0152,EMP00693,Spa,2025-04-29,1,500,500
SER001299,BOOK000945,HOT0156,EMP00772,Laundry,2025-08-15,3,2000,6000
SER001300,BOOK003795,HOT0179,EMP00146,Room Cleaning,2025-03-07,2,750,1500
SER001301,BOOK004876,HOT0041,EMP00219,Gym,2026-01-22,1,750,750
SER001302,BOOK002593,HOT0184,EMP00302,Swimming Pool,2026-05-13,2,500,1000
SER001303,BOOK002088,HOT0067,EMP00274,Spa,2025-06-08,2,250,500
SER001304,BOOK001562,HOT0145,EMP00114,Swimming Pool,2024-11-17,1,1500,1500
SER001305,BOOK001283,HOT0202,EMP00132,Lunch,2025-06-24,3,1500,4500
SER001306,BOOK000910,HOT0092,EMP00103,Airport Pickup,2025-04-28,2,250,500
SER001307,BOOK001549,HOT0105,EMP00798,Dinner,2025-05-21,3,250,750
SER001308,BOOK000216,HOT0023,EMP00160,Swimming Pool,2025-01-27,1,1500,1500
SER001309,BOOK004029,HOT0043,EMP00086,Mini Bar,2026-01-02,3,2000,6000
SER001310,BOOK004688,HOT0143,EMP00361,Dinner,2026-06-24,3,1500,4500
SER001311,BOOK004110,HOT0217,EMP00583,Swimming Pool,2026-02-28,2,1500,3000
SER001312,BOOK003490,HOT0163,EMP00460,Gym,2026-05-04,1,2000,2000
SER001313,BOOK001034,HOT0018,EMP00240,Dinner,2025-01-14,1,500,500
SER001314,BOOK004719,HOT0091,EMP00364,Airport Pickup,2025-01-03,3,1000,3000
SER001315,BOOK003359,HOT0024,EMP00199,Breakfast,2025-02-26,2,1000,2000
SER001316,BOOK000309,HOT0059,EMP00626,Gym,2025-02-20,3,2000,6000
SER001317,BOOK004038,HOT0029,EMP00412,Gym,2025-10-13,2,500,1000
SER001318,BOOK003871,HOT0203,EMP00692,Mini Bar,2026-02-10,4,1000,4000
SER001319,BOOK001624,HOT0163,EMP00608,Mini Bar,2025-08-12,2,500,1000
SER001320,BOOK000849,HOT0248,EMP00580,Laundry,2025-07-19,1,500,500
SER001321,BOOK000110,HOT0159,EMP00493,Room Cleaning,2026-07-24,1,500,500
SER001322,BOOK003289,HOT0130,EMP00116,Mini Bar,2025-12-28,2,2000,4000
SER001323,BOOK000963,HOT0222,EMP00739,Lunch,2026-07-29,3,500,1500
SER001324,BOOK001934,HOT0037,EMP00797,Gym,2025-04-04,3,500,1500
SER001325,BOOK004200,HOT0051,EMP00551,Lunch,2025-10-23,2,2000,4000
SER001326,BOOK004604,HOT0020,EMP00692,Lunch,2024-10-18,3,2000,6000
SER001327,BOOK000356,HOT0182,EMP00269,Mini Bar,2026-04-22,4,1000,4000
SER001328,BOOK001441,HOT0084,EMP00042,Room Cleaning,2025-04-30,3,1000,3000
SER001329,BOOK000270,HOT0032,EMP00097,Spa,2025-02-14,2,250,500
SER001330,BOOK000046,HOT0171,EMP00625,Swimming Pool,2026-06-18,-1,250,250
SER001331,BOOK004099,HOT0156,EMP00555,Gym,2025-10-17,3,1500,4500
SER001332,BOOK003243,HOT0149,EMP00223,Breakfast,2025-08-24,1,1500,1500
SER001333,BOOK001486,HOT0098,EMP00224,Lunch,2026-01-17,3,2000,6000
SER001334,BOOK003990,HOT0172,EMP00580,Spa,2025-11-29,1,1500,1500
SER001335,BOOK000956,HOT0029,EMP00107,Airport Pickup,2026-07-03,3,1500,4500
SER001336,BOOK002196,HOT0033,EMP00146,Dinner,2025-09-27,4,750,3000
SER001337,BOOK003024,HOT0139,EMP00138,Gym,2025-12-11,4,2000,8000
SER001338,BOOK003122,HOT0012,EMP00195,Spa,2026-04-27,3,750,2250
SER001339,BOOK000981,HOT0161,EMP00589,Dinner,2024-08-07,3,2000,6000
SER001340,BOOK003139,HOT0129,EMP00486,Gym,2026-08-30,4,500,2000
SER001341,BOOK003754,HOT0094,EMP00754,Gym,2025-01-28,4,1500,6000
SER001342,BOOK002986,HOT0224,EMP00254,Mini Bar,2026-01-26,2,750,1500
SER001343,BOOK001565,HOT0042,EMP00059,Breakfast,2025-06-27,3,500,1500
SER001344,BOOK002908,HOT0001,EMP00022,Breakfast,2024-12-15,4,1500,6000
SER001345,BOOK003822,HOT0088,EMP00738,Mini Bar,2025-05-29,4,2000,8000
SER001346,BOOK000606,HOT0021,EMP00084,Swimming Pool,2025-07-05,4,1500,6000
SER001347,BOOK001651,HOT0123,EMP00660,Lunch,2025-01-18,1,750,750
SER001348,BOOK001320,HOT0043,EMP00263,Lunch,2026-04-30,3,250,750
SER001349,BOOK003708,HOT0250,EMP00371,Room Cleaning,2026-04-17,3,250,750
SER001350,BOOK000780,HOT0066,EMP00357,Spa,2026-08-04,2,1000,2000
SER001351,BOOK000013,HOT0078,EMP00471,Breakfast,2025-03-26,3,1000,3000
SER001352,BOOK003541,HOT0247,EMP00051,Mini Bar,2025-12-12,2,500,1000
SER001353,BOOK003419,HOT0056,EMP00558,Room Cleaning,2025-03-21,4,2000,8000
SER001354,BOOK001708,HOT0008,EMP00639,Swimming Pool,2026-05-15,1,1500,1500
SER001355,BOOK001070,HOT0171,EMP00111,Room Cleaning,2025-07-24,3,2000,6000
SER001356,BOOK001626,HOT0248,EMP00169,Mini Bar,2025-11-03,4,1000,4000
SER001357,BOOK001666,HOT0218,EMP00161,Airport Pickup,2026-01-19,4,750,3000
SER001358,BOOK002899,HOT0019,EMP00684,Room Cleaning,2025-08-31,1,1500,1500
SER001359,BOOK001626,HOT0248,EMP00779,Swimming Pool,2025-11-02,2,2000,4000
SER001360,BOOK003462,HOT0027,EMP00240,Lunch,2025-12-22,1,750,750
SER001361,BOOK001635,HOT0057,EMP00704,Airport Pickup,2026-05-07,1,1000,1000
SER001362,BOOK004938,HOT0035,EMP00713,Room Cleaning,2024-12-29,3,1500,4500
SER001363,BOOK004419,HOT0061,EMP00025,Spa,2026-07-26,2,1000,2000
SER001364,BOOK004025,HOT0036,EMP00072,Dinner,2026-01-21,1,500,500
SER001365,BOOK003383,HOT0067,EMP00379,Lunch,2025-12-11,4,500,2000
SER001366,BOOK004596,HOT0189,EMP00124,Room Cleaning,2025-01-24,3,500,1500
SER001367,BOOK004839,HOT0234,EMP00697,Dinner,2026-08-06,4,500,2000
SER001368,BOOK002031,HOT0110,EMP00455,Laundry,2025-05-29,2,1500,3000
SER001369,BOOK001593,HOT0115,EMP00129,Lunch,2025-10-17,2,250,500
SER001370,BOOK004897,HOT0097,EMP00241,Gym,2025-10-22,1,1000,1000
SER001371,BOOK002033,HOT0118,EMP00001,Mini Bar,2026-04-16,4,1500,6000
SER001372,BOOK001493,HOT0131,EMP00163,Mini Bar,2025-02-06,3,750,2250
SER001373,BOOK002564,HOT0090,EMP00067,Airport Pickup,2026-08-24,3,500,1500
SER001374,BOOK003919,HOT0233,EMP00288,Spa,2026-03-01,1,1000,1000
SER001375,BOOK003244,HOT0224,EMP00345,Gym,2024-10-18,4,250,1000
SER001376,BOOK004633,HOT0125,EMP00337,Airport Pickup,2025-06-05,1,500,500
SER001377,BOOK000732,HOT0158,EMP00531,Gym,2025-08-09,1,2000,2270
SER001378,BOOK000269,HOT0078,EMP00510,Room Cleaning,2024-10-08,3,1000,3000
SER001379,BOOK000962,HOT0073,EMP00395,Dinner,2026-01-18,3,250,750
SER001380,BOOK003113,HOT0019,EMP00695,Room Cleaning,2026-02-04,1,750,750
SER001381,BOOK001817,HOT0080,EMP00437,Airport Pickup,2026-08-10,2,250,500
SER001382,BOOK002649,HOT0204,EMP00596,Spa,2024-12-29,1,250,250
SER001383,BOOK003087,HOT0246,EMP00529,Dinner,2026-01-24,3,2000,6000
SER001384,BOOK000093,HOT0174,EMP00554,Airport Pickup,2024-09-29,1,750,750
SER001385,BOOK004593,HOT0233,EMP00746,Dinner,2025-11-09,4,750,3000
SER001386,BOOK000931,HOT0154,EMP00008,Gym,2025-07-28,2,500,1000
SER001387,BOOK001802,HOT0020,EMP00245,Gym,2025-09-10,2,750,1500
SER001388,BOOK001288,HOT0213,EMP00699,Spa,2025-01-17,1,2000,2000
SER001389,BOOK002646,HOT0005,EMP00693,Airport Pickup,2025-12-14,2,1000,2000
SER001390,BOOK001707,HOT0155,EMP00715,Gym,2026-04-12,1,1500,1500
SER001391,BOOK002158,HOT0176,EMP00234,Lunch,2025-04-26,4,1500,6000
SER001392,BOOK001443,HOT0067,EMP00047,Gym,2026-01-01,4,500,2000
SER001393,BOOK000915,HOT0066,EMP00126,Gym,2025-05-08,1,1000,1000
SER001394,BOOK000090,HOT0098,EMP00226,Laundry,2026-05-05,4,1000,4000
SER001395,BOOK002396,HOT0202,EMP00358,Room Cleaning,2024-11-16,1,750,750
SER001396,BOOK000490,HOT0082,EMP00624,Airport Pickup,2025-04-08,3,1000,3000
SER001397,BOOK003187,HOT0011,EMP00700,Laundry,2025-10-27,1,500,500
SER001398,BOOK001033,HOT0233,EMP00183,Mini Bar,2025-04-30,1,2000,2000
SER001399,BOOK004042,HOT0237,EMP00206,Laundry,2025-02-02,1,500,500
SER001400,BOOK001262,HOT0207,EMP00022,Room Cleaning,2026-03-21,4,500,2000
SER001401,BOOK002731,HOT0171,EMP00596,Airport Pickup,2025-10-28,2,2000,4000
SER001402,BOOK003769,HOT0026,EMP00435,Airport Pickup,2025-06-21,1,750,750
SER001403,BOOK001751,HOT0118,EMP00738,Spa,2025-10-06,1,250,250
SER001404,BOOK004635,HOT0185,EMP00110,Spa,2025-04-02,1,1500,1500
SER001405,BOOK004232,HOT0152,EMP00577,Breakfast,2026-05-31,1,500,500
SER001406,BOOK000132,HOT0227,EMP00567,Breakfast,2026-06-30,4,250,1000
SER001407,BOOK000364,HOT0034,EMP00197,Mini Bar,2026-02-01,1,750,750
SER001408,BOOK000891,HOT0108,EMP00735,Mini Bar,2024-10-12,2,1000,2000
SER001409,BOOK002734,HOT0199,EMP00075,Airport Pickup,2025-04-11,1,1500,1500
SER001410,BOOK000532,HOT0016,EMP00692,Laundry,2024-12-26,2,1500,3000
SER001411,BOOK000878,HOT0009,EMP00021,Swimming Pool,2025-04-12,2,250,500
SER001412,BOOK003731,HOT0011,EMP00784,Airport Pickup,2025-01-04,2,500,1000
SER001413,BOOK002275,HOT0041,EMP00598,Mini Bar,2025-06-24,1,750,750
SER001414,BOOK004972,HOT0056,EMP00800,Gym,2026-06-27,3,2000,6000
SER001415,BOOK003306,HOT0118,EMP00298,Swimming Pool,2025-04-23,3,1000,3000
SER001416,BOOK004602,HOT0178,EMP00583,Mini Bar,2026-01-30,3,1000,3000
SER001417,BOOK003321,HOT0060,EMP00178,Swimming Pool,2026-01-07,1,500,500
SER001418,BOOK003624,HOT0195,EMP00650,Swimming Pool,2024-09-28,4,750,3000
SER001419,BOOK004207,HOT0222,EMP00721,Laundry,2025-11-26,1,750,750
SER001420,BOOK000170,HOT0203,EMP00082,Dinner,2025-08-09,3,500,1500
SER001421,BOOK000773,HOT0153,EMP00658,Airport Pickup,2025-10-20,2,2000,4000
SER001422,BOOK003270,HOT0233,EMP00295,Dinner,2024-11-08,1,2000,2000
SER001423,BOOK003926,HOT0022,EMP00396,Mini Bar,2025-07-05,3,250,750
SER001424,BOOK002882,HOT0113,EMP00739,Airport Pickup,2024-10-21,3,1500,4500
SER001425,BOOK004908,HOT0237,EMP00618,Breakfast,2025-08-10,3,750,2250
SER001426,BOOK003761,HOT0225,EMP00418,Airport Pickup,2026-08-02,1,750,750
SER001427,BOOK000873,HOT0200,EMP00504,Breakfast,2024-10-03,3,500,1500
SER001428,BOOK004747,HOT0213,EMP00261,Dinner,2025-05-20,2,2000,4000
SER001429,BOOK002225,HOT0152,EMP00171,Laundry,2024-10-20,4,2000,8000
SER001430,BOOK003854,HOT0134,EMP00661,Dinner,2026-03-21,4,500,2000
SER001431,BOOK003023,HOT0182,EMP00568,Airport Pickup,2026-05-30,2,1000,2000
SER001432,BOOK000496,HOT0057,EMP00483,Mini Bar,2024-11-08,4,2000,8000
SER001433,BOOK004412,HOT0214,EMP00318,Mini Bar,2026-07-03,3,750,2250
SER001434,BOOK001272,HOT0068,EMP00544,Breakfast,2025-07-26,1,1000,1000
SER001435,BOOK001105,HOT0085,EMP00035,Spa,2025-05-01,1,1000,1000
SER001436,BOOK004036,HOT0022,EMP00045,Mini Bar,2025-04-13,1,2000,2000
SER001437,BOOK002964,HOT0192,EMP00403,Breakfast,2025-12-28,2,1000,2000
SER001438,BOOK004608,HOT0244,EMP00091,Spa,2024-12-04,1,1000,1000
SER001439,BOOK000730,HOT0091,EMP00222,Dinner,2026-05-10,3,750,2250
SER001440,BOOK001124,HOT0099,EMP00422,Gym,2024-10-05,2,250,500
SER001441,BOOK002783,HOT0225,EMP00321,Lunch,2024-09-30,1,250,250
SER001442,BOOK003257,HOT0024,EMP00076,Mini Bar,2026-01-27,2,1000,2000
SER001443,BOOK000690,HOT0142,EMP00513,Room Cleaning,2025-11-20,4,2000,8000
SER001444,BOOK000505,HOT0195,EMP00699,Dinner,2025-04-24,1,500,500
SER001445,BOOK001312,HOT0194,EMP00497,Mini Bar,2025-03-27,4,1500,6000
SER001446,BOOK001948,HOT0225,EMP00633,Spa,2025-08-23,4,1000,4000
SER001447,BOOK003960,HOT0200,EMP00501,Mini Bar,2024-11-08,2,500,1000
SER001448,BOOK000974,HOT0180,EMP00714,Gym,2025-06-10,3,750,2250
SER001449,BOOK001966,HOT0179,EMP00235,Swimming Pool,2025-05-10,1,2000,2000
SER001450,BOOK000731,HOT0110,EMP00353,Swimming Pool,2025-08-17,1,250,250
SER001451,BOOK001744,HOT0036,EMP00724,Room Cleaning,2025-03-19,2,2000,4000
SER001452,BOOK002600,HOT0017,EMP00790,Laundry,2026-06-01,4,1000,4000
SER001453,BOOK003102,HOT0068,EMP00474,Spa,2025-08-15,1,750,750
SER001454,BOOK001139,HOT0162,EMP00655,Spa,2025-12-11,2,2000,4000
SER001455,BOOK000661,HOT0115,EMP00321,Dinner,2025-11-04,2,1500,3000
SER001456,BOOK003744,HOT0010,EMP00377,Mini Bar,2025-05-08,4,1000,4000
SER001457,BOOK001297,HOT0074,EMP00198,Airport Pickup,2024-11-25,4,1500,6000
SER001458,BOOK000613,HOT0112,EMP00787,Laundry,2026-04-29,3,750,2250
SER001459,BOOK001537,HOT0104,EMP00228,Spa,2026-02-09,2,1500,3000
SER001460,BOOK002421,HOT0013,EMP00116,Gym,2025-11-14,2,250,500
SER001461,BOOK004240,HOT0133,EMP00546,Breakfast,2025-12-14,4,500,2000
SER001462,BOOK000111,HOT0125,EMP00133,Breakfast,2025-09-05,1,500,500
SER001463,BOOK003574,HOT0062,EMP00606,Airport Pickup,2024-10-15,4,2000,8000
SER001464,BOOK000001,HOT0011,EMP00571,Lunch,2025-08-07,2,2000,4000
SER001465,BOOK003516,HOT0111,EMP00324,Room Cleaning,2024-09-16,4,2000,8000
SER001466,BOOK004750,HOT0054,EMP00413,Spa,2026-08-25,1,750,1116
SER001467,BOOK002068,HOT0170,EMP00208,Lunch,2025-09-02,3,2000,6000
SER001468,BOOK003126,HOT0048,EMP00530,Airport Pickup,2026-02-16,3,1000,3000
SER001469,BOOK004106,HOT0005,EMP00161,Room Cleaning,2025-12-29,4,1000,4000
SER001470,BOOK004829,HOT0140,EMP00599,Laundry,2025-06-29,2,750,1500
SER001471,BOOK001563,HOT0239,EMP00236,Laundry,2025-11-03,2,500,1000
SER001472,BOOK002265,HOT0148,EMP00633,Laundry,2026-07-04,2,250,500
SER001473,BOOK004198,HOT0109,EMP00613,Spa,2024-10-31,4,2000,8000
SER001474,BOOK000894,HOT0183,EMP00633,Swimming Pool,2024-12-18,1,500,500
SER001475,BOOK001878,HOT0102,EMP00471,Swimming Pool,2025-02-12,2,750,1500
SER001476,BOOK001100,HOT0056,EMP00356,Lunch,2025-12-07,3,750,2250
SER001477,BOOK003292,HOT0012,EMP00598,Dinner,2025-12-30,1,750,750
SER001478,BOOK001147,HOT0175,EMP00151,Dinner,2024-11-10,3,2000,6000
SER001479,BOOK002045,HOT0104,EMP00238,Lunch,2026-07-01,1,2000,2000
SER001480,BOOK001867,HOT0199,EMP00298,Room Cleaning,2026-05-29,2,1000,2000
SER001481,BOOK003283,HOT0149,EMP00759,Spa,2025-11-10,1,500,500
SER001482,BOOK000517,HOT0095,EMP00394,Spa,2024-09-02,1,1500,1500
SER001483,BOOK000373,HOT0014,EMP00032,Laundry,2026-03-25,4,1500,6000
SER001484,BOOK004717,HOT0167,EMP00531,Breakfast,2024-12-17,3,250,750
SER001485,BOOK003069,HOT0086,EMP00231,Spa,2026-07-14,4,250,1000
SER001486,BOOK003654,HOT0231,EMP00356,Breakfast,2026-05-30,3,500,1500
SER001487,BOOK003300,HOT0135,EMP00647,Lunch,2025-06-22,3,1000,3000
SER001488,BOOK004383,HOT0196,EMP00363,Dinner,2025-09-20,1,1500,1500
SER001489,BOOK001409,HOT0013,EMP00798,Room Cleaning,2025-03-12,1,500,500
SER001490,BOOK002978,HOT0062,EMP00231,Lunch,2025-05-16,2,750,1500
SER001491,BOOK004505,HOT0055,EMP00742,Laundry,2025-03-08,4,1000,4000
SER001492,BOOK000522,HOT0141,EMP00044,Room Cleaning,2026-06-20,1,750,750
SER001493,BOOK000007,HOT0150,EMP00084,Airport Pickup,2026-01-07,4,250,1000
SER001494,BOOK000698,HOT0179,EMP00717,Airport Pickup,2025-06-21,4,750,3366
SER001495,BOOK001099,HOT0147,EMP00383,Breakfast,2024-10-20,3,1500,4500
SER001496,BOOK002635,HOT0085,EMP00055,Airport Pickup,2025-03-28,2,500,1000
SER001497,BOOK002082,HOT0228,EMP00675,Gym,2025-04-05,2,500,1000
SER001498,BOOK000906,HOT0071,EMP00652,Breakfast,2026-03-29,1,750,750
SER001499,BOOK000748,HOT0219,EMP00153,Airport Pickup,2025-10-13,3,2000,6000
SER001500,BOOK004654,HOT0240,EMP00091,Spa,2025-12-29,3,1500,4500
SER001501,BOOK004738,HOT0081,EMP00177,Breakfast,2024-09-03,4,750,3000
SER001502,BOOK000871,HOT0130,EMP00125,Swimming Pool,2025-10-17,1,250,250
SER001503,BOOK003422,HOT0074,EMP00489,Lunch,2026-09-01,2,2000,4000
SER001504,BOOK000399,HOT0093,EMP00148,Lunch,2025-02-17,3,2000,6000
SER001505,BOOK001530,HOT0032,EMP00642,Spa,2024-09-20,2,500,1000
SER001506,BOOK000657,HOT0074,EMP00357,Mini Bar,2026-01-13,4,250,1333
SER001507,BOOK003791,HOT0004,EMP00060,Breakfast,2026-05-09,3,1500,4500
SER001508,BOOK002308,HOT0010,EMP00343,Breakfast,2025-03-07,2,250,500
SER001509,BOOK003995,HOT0023,EMP00627,Dinner,2026-03-22,3,2000,6000
SER001510,BOOK001060,HOT0087,EMP00366,Airport Pickup,2025-11-23,3,1000,3000
SER001511,BOOK004907,HOT0194,EMP00354,Gym,2025-02-14,1,1500,1500
SER001512,BOOK001803,HOT0173,EMP00299,Swimming Pool,2026-06-23,3,1000,3000
SER001513,BOOK004815,HOT0068,EMP00272,Breakfast,2026-08-03,4,2000,8000
SER001514,BOOK004467,HOT0215,EMP00105,Breakfast,2025-01-14,2,500,1000
SER001515,BOOK003157,HOT0063,EMP00348,Swimming Pool,2026-05-10,4,750,3000
SER001516,BOOK001674,HOT0013,EMP00149,Dinner,2025-04-21,1,1500,1500
SER001517,BOOK000713,HOT0107,EMP00674,Dinner,2024-08-24,4,750,3000
SER001518,BOOK001368,HOT0073,EMP00132,Breakfast,2026-03-21,2,500,1000
SER001519,BOOK003372,HOT0114,EMP00709,Swimming Pool,2026-07-08,1,250,250
SER001520,BOOK001671,HOT0157,EMP00634,Swimming Pool,2026-06-30,3,500,1500
SER001521,BOOK002315,HOT0044,EMP00117,Laundry,2024-11-09,2,250,500
SER001522,BOOK000150,HOT0243,EMP00100,Room Cleaning,2025-10-17,4,750,3000
SER001523,BOOK001756,HOT0171,EMP00490,Room Cleaning,2024-10-04,3,250,750
SER001524,BOOK001897,HOT0245,EMP00327,Laundry,2026-05-26,4,1000,4000
SER001525,BOOK003245,HOT0194,EMP00512,Swimming Pool,2024-12-23,2,2000,4000
SER001526,BOOK002309,HOT0214,EMP00648,Laundry,2025-01-20,2,750,1500
SER001527,BOOK001560,HOT0153,EMP00029,Gym,2026-01-24,2,750,1500
SER001528,BOOK002439,HOT0057,EMP00781,Room Cleaning,2026-04-22,2,250,500
SER001529,BOOK001453,HOT0200,EMP00212,Gym,2025-12-19,4,2000,8000
SER001530,BOOK001957,HOT0247,EMP00199,Laundry,2025-10-08,1,1000,1000
SER001531,BOOK002864,HOT0019,EMP00121,Dinner,2025-05-18,1,2000,2000
SER001532,BOOK000095,HOT0206,EMP00336,Room Cleaning,2024-09-26,1,2000,2000
SER001533,BOOK000418,HOT0216,EMP00225,Dinner,2025-05-25,3,2000,6000
SER001534,BOOK000394,HOT0234,EMP00502,Laundry,2026-02-20,4,750,3000
SER001535,BOOK003117,HOT0247,EMP00186,Gym,2024-12-13,3,750,2250
SER001536,BOOK002543,HOT0187,EMP00473,Swimming Pool,2025-04-12,2,1500,3000
SER001537,BOOK002919,HOT0052,EMP00103,Spa,2025-08-25,4,2000,8000
SER001538,BOOK001501,HOT0244,EMP00031,Swimming Pool,2025-04-13,1,750,750
SER001539,BOOK004980,HOT0076,EMP00383,Swimming Pool,2025-10-19,2,1500,3000
SER001540,BOOK002924,HOT0032,EMP00627,Mini Bar,2025-06-14,1,500,500
SER001541,BOOK001573,HOT0067,EMP00747,Airport Pickup,2026-02-24,3,500,1500
SER001542,BOOK001369,HOT0209,EMP00686,Laundry,2025-11-04,3,750,2250
SER001543,BOOK002724,HOT0187,EMP00076,Airport Pickup,2026-09-01,1,1500,1500
SER001544,BOOK000960,HOT0070,EMP00713,Dinner,2024-10-17,1,500,500
SER001545,BOOK003633,HOT0025,EMP00644,Airport Pickup,2026-05-27,4,1000,4000
SER001546,BOOK000832,HOT0118,EMP00050,Room Cleaning,2024-08-13,1,2000,2000
SER001547,BOOK002508,HOT0057,EMP00330,Laundry,2024-10-14,4,1500,6000
SER001548,BOOK002234,HOT0184,EMP00040,Room Cleaning,2025-12-29,4,2000,8000
SER001549,BOOK000674,HOT0039,EMP00305,Swimming Pool,2025-01-30,4,500,2000
SER001550,BOOK000696,HOT0047,EMP00516,Mini Bar,2024-10-07,2,1500,3000
SER001551,BOOK004617,HOT0250,EMP00581,Swimming Pool,2025-03-06,3,500,1500
SER001552,BOOK004096,HOT0055,EMP00160,Spa,2026-08-17,2,2000,4000
SER001553,BOOK001627,HOT0188,EMP00302,Lunch,2025-02-15,4,750,3000
SER001554,BOOK001731,HOT0019,EMP00248,Dinner,2025-06-26,1,750,750
SER001555,BOOK000837,HOT0101,EMP00140,Room Cleaning,2025-02-07,4,750,3000
SER001556,BOOK002836,HOT0209,EMP00571,Mini Bar,2026-04-10,3,250,750
SER001557,BOOK003546,HOT0125,EMP00501,Lunch,2025-10-18,2,250,500
SER001558,BOOK004452,HOT0227,EMP00082,Gym,2024-10-25,2,750,1500
SER001559,BOOK004883,HOT0186,EMP00421,Dinner,2026-07-17,2,750,1500
SER001560,BOOK003597,HOT0127,EMP00167,Swimming Pool,2025-06-26,4,250,1000
SER001561,BOOK001038,HOT0005,EMP00134,Airport Pickup,2025-12-27,3,1500,4500
SER001562,BOOK003307,HOT0045,EMP00708,Airport Pickup,2025-04-26,2,1500,3000
SER001563,BOOK002522,HOT0081,EMP00745,Laundry,2025-12-29,4,750,3000
SER001564,BOOK004455,HOT0045,EMP00703,Mini Bar,2026-03-07,2,750,1500
SER001565,BOOK002551,HOT0009,EMP00348,Lunch,2026-03-28,1,1500,1500
SER001566,BOOK001979,HOT0050,EMP00550,Lunch,2025-11-05,2,1000,2000
SER001567,BOOK001282,HOT0216,EMP00669,Mini Bar,2024-11-08,3,750,2250
SER001568,BOOK002766,HOT0131,EMP00213,Spa,2024-12-21,3,250,750
SER001569,BOOK001102,HOT0084,EMP00386,Lunch,2025-11-06,2,1000,2000
SER001570,BOOK003489,HOT0026,EMP00713,Breakfast,2024-11-26,2,1000,2000
SER001571,BOOK003682,HOT0178,EMP00719,Room Cleaning,2025-12-19,4,250,1000
SER001572,BOOK004128,HOT0055,EMP00378,Airport Pickup,2026-06-02,1,1000,1000
SER001573,BOOK004926,HOT0173,EMP00760,Dinner,2025-01-03,1,250,250
SER001574,BOOK000318,HOT0183,EMP00268,Swimming Pool,2025-04-05,3,1500,4500
SER001575,BOOK003010,HOT0077,EMP00656,Room Cleaning,2026-08-06,1,1000,1000
SER001576,BOOK002073,HOT0236,EMP00034,Dinner,2025-03-23,3,2000,6000
SER001577,BOOK004460,HOT0233,EMP00060,Swimming Pool,2026-01-16,3,1000,3000
SER001578,BOOK001477,HOT0247,EMP00660,Room Cleaning,2026-03-15,2,1500,3000
SER001579,BOOK004063,HOT0126,EMP00008,Lunch,2026-04-13,3,1500,4500
SER001580,BOOK001872,HOT0145,EMP00499,Lunch,2025-05-08,1,750,750
SER001581,BOOK002375,HOT0055,EMP00783,Laundry,2025-02-02,3,1000,3000
SER001582,BOOK003455,HOT0200,EMP00266,Airport Pickup,2026-05-22,2,500,1000
SER001583,BOOK001064,HOT0032,EMP00220,Gym,2026-02-07,1,1500,1500
SER001584,BOOK003825,HOT0121,EMP00702,Airport Pickup,2026-05-19,1,250,250
SER001585,BOOK003818,HOT0154,EMP00060,Swimming Pool,2025-06-21,2,1000,2000
SER001586,BOOK004294,HOT0108,EMP00230,Dinner,2025-12-10,3,2000,6000
SER001587,BOOK004553,HOT0077,EMP00306,Airport Pickup,2026-04-06,3,250,750
SER001588,BOOK000758,HOT0145,EMP00439,Spa,2026-06-14,1,500,500
SER001589,BOOK003031,HOT0090,EMP00067,Dinner,2025-03-24,4,500,2000
SER001590,BOOK003653,HOT0099,EMP00179,Dinner,2025-12-13,1,1000,1000
SER001591,BOOK001263,HOT0125,EMP00748,Mini Bar,2025-04-23,2,2000,4000
SER001592,BOOK004930,HOT0068,EMP00729,Airport Pickup,2024-09-10,4,1000,4000
SER001593,BOOK002562,HOT0001,EMP00277,Room Cleaning,2024-09-18,3,750,2250
SER001594,BOOK003657,HOT0190,EMP00024,Airport Pickup,2025-04-12,2,250,500
SER001595,BOOK001720,HOT0157,EMP00651,Airport Pickup,2025-07-23,1,1500,1500
SER001596,BOOK004318,HOT0129,EMP00244,Lunch,2026-05-31,2,750,1500
SER001597,BOOK000207,HOT0127,EMP00671,Airport Pickup,2024-11-11,2,1500,3000
SER001598,BOOK004662,HOT0199,EMP00408,Breakfast,2026-01-14,2,250,500
SER001599,BOOK004057,HOT0169,EMP00208,Breakfast,2025-01-09,2,2000,4000
SER001600,BOOK002889,HOT0018,EMP00022,Airport Pickup,2026-04-14,4,2000,8000
SER001601,BOOK002422,HOT0141,EMP00343,Laundry,2026-03-02,4,250,1000
SER001602,BOOK001783,HOT0078,EMP00235,Room Cleaning,2026-08-15,2,1500,3000
SER001603,BOOK001421,HOT0171,EMP00077,Airport Pickup,2025-11-12,1,500,500
SER001604,BOOK001539,HOT0079,EMP00255,Laundry,2025-03-16,2,750,1500
SER001605,BOOK001030,HOT0219,EMP00018,Room Cleaning,2026-07-06,4,500,2000
SER001606,BOOK003864,HOT0074,EMP00218,Dinner,2025-06-15,1,1000,1000
SER001607,BOOK002779,HOT0099,EMP00336,Dinner,2025-08-20,1,1000,1000
SER001608,BOOK004955,HOT0105,EMP00066,Mini Bar,2025-07-30,2,1500,3000
SER001609,BOOK001402,HOT0177,EMP00322,Swimming Pool,2024-08-18,4,500,2000
SER001610,BOOK002682,HOT0005,EMP00652,Swimming Pool,2026-07-22,1,750,750
SER001611,BOOK000151,HOT0225,EMP00552,Mini Bar,2024-11-22,3,1000,3000
SER001612,BOOK002897,HOT0079,EMP00436,Gym,2025-07-07,3,750,2250
SER001613,BOOK004695,HOT0243,EMP00031,Swimming Pool,2025-04-07,3,2000,6000
SER001614,BOOK004251,HOT0016,EMP00403,Mini Bar,2024-09-27,1,500,500
SER001615,BOOK002930,HOT0090,EMP00145,Spa,2025-12-14,3,500,1500
SER001616,BOOK001732,HOT0207,EMP00088,Spa,2026-06-12,1,1500,1500
SER001617,BOOK003486,HOT0092,EMP00623,Spa,2025-09-29,4,500,2487
SER001618,BOOK003569,HOT0155,EMP00357,Room Cleaning,2024-09-07,1,500,500
SER001619,BOOK000348,HOT0155,EMP00544,Laundry,2026-07-25,2,750,1500
SER001620,BOOK004951,HOT0007,EMP00214,Spa,2026-04-26,1,1000,1000
SER001621,BOOK004252,HOT0086,EMP00499,Lunch,2026-08-11,1,250,250
SER001622,BOOK000755,HOT0247,EMP00115,Laundry,2025-07-26,2,1500,3000
SER001623,BOOK002093,HOT0058,EMP00701,Mini Bar,2026-08-17,1,1000,1000
SER001624,BOOK002189,HOT0059,EMP00593,Spa,2025-09-14,4,1000,4000
SER001625,BOOK000198,HOT0208,EMP00737,Lunch,2025-01-14,4,1500,6000
SER001626,BOOK001249,HOT0033,EMP00716,Gym,2024-10-16,1,2000,2000
SER001627,BOOK003282,HOT0133,EMP00430,Breakfast,2025-01-08,2,500,1000
SER001628,BOOK001452,HOT0013,EMP00349,Breakfast,2026-07-12,3,2000,6000
SER001629,BOOK002245,HOT0084,EMP00406,Swimming Pool,2026-04-08,4,1000,4000
SER001630,BOOK000860,HOT0094,EMP00763,Mini Bar,2025-10-01,2,2000,4000
SER001631,BOOK002449,HOT0200,EMP00675,Gym,2024-09-22,2,1000,2000
SER001632,BOOK000476,HOT0042,EMP00043,Lunch,2026-03-12,1,250,250
SER001633,BOOK001191,HOT0039,EMP00440,Spa,2026-03-14,2,1500,3000
SER001634,BOOK000235,HOT0184,,Mini Bar,2026-01-28,4,750,3000
SER001635,BOOK004214,HOT0128,EMP00297,Spa,2025-07-05,2,750,1500
SER001636,BOOK002160,HOT0068,EMP00130,Room Cleaning,2026-02-16,1,500,500
SER001637,BOOK001678,HOT0183,EMP00155,Airport Pickup,2025-04-29,4,1500,6000
SER001638,BOOK002182,HOT0017,EMP00432,Mini Bar,2026-03-17,1,1000,1000
SER001639,BOOK002781,HOT0246,EMP00137,Swimming Pool,2025-08-12,2,500,1000
SER001640,BOOK000310,HOT0151,EMP00075,Lunch,2024-10-08,4,250,1000
SER001641,BOOK000382,HOT0120,EMP00342,Room Cleaning,2026-01-27,1,1500,1500
SER001642,BOOK001455,HOT0203,EMP00569,Gym,2025-02-14,3,750,2250
SER001643,BOOK003390,HOT0125,EMP00792,Airport Pickup,2026-07-20,4,250,1000
SER001644,BOOK000547,HOT0181,EMP00222,Mini Bar,2025-01-02,1,250,250
SER001645,BOOK003081,HOT0241,EMP00455,Room Cleaning,2026-05-06,4,500,2000
SER001646,BOOK000034,HOT0076,EMP00661,Breakfast,2025-07-15,3,750,2250
SER001647,BOOK003084,HOT0097,EMP00684,Gym,2025-02-01,3,500,1500
SER001648,BOOK004463,HOT0192,EMP00276,Gym,2026-07-04,3,2000,6000
SER001649,BOOK000640,HOT0121,EMP00199,Dinner,2026-07-19,4,1000,4000
SER001650,BOOK001111,HOT0159,EMP00283,Laundry,2025-06-19,2,500,1000
SER001651,BOOK001287,HOT0085,EMP00553,Laundry,2025-05-04,3,2000,6000
SER001652,BOOK002894,HOT0208,EMP00237,Gym,2026-05-26,1,2000,2000
SER001653,BOOK003760,HOT0208,EMP00613,Dinner,2025-01-14,2,750,1500
SER001654,BOOK004691,HOT0027,EMP00327,Lunch,2025-07-17,1,750,750
SER001655,BOOK003507,HOT0240,EMP00163,Gym,2026-07-14,3,2000,6000
SER001656,BOOK002684,HOT0154,EMP00219,Airport Pickup,2026-03-27,4,750,3000
SER001657,BOOK001690,HOT0198,EMP00078,Laundry,2025-07-22,1,500,500
SER001658,BOOK002866,HOT0139,EMP00139,Spa,2025-01-06,4,500,2000
SER001659,BOOK003326,HOT0236,EMP00282,Swimming Pool,2025-08-25,2,500,1000
SER001660,BOOK003395,HOT0084,EMP00782,Swimming Pool,2025-04-28,1,750,750
SER001661,BOOK004317,HOT0027,EMP00722,Breakfast,2025-02-14,4,500,2000
SER001662,BOOK001450,HOT0135,EMP00206,Laundry,2024-12-18,4,1500,6000
SER001663,BOOK003230,HOT0105,EMP00375,Gym,2024-12-08,3,1000,3000
SER001664,BOOK004203,HOT0029,EMP00191,Breakfast,2026-05-05,2,250,500
SER001665,BOOK000634,HOT0021,EMP00799,Dinner,2025-06-04,2,250,500
SER001666,BOOK003473,HOT0118,EMP00048,Spa,2025-11-07,3,250,750
SER001667,BOOK001037,HOT0223,EMP00029,Spa,2026-02-11,2,750,1500
SER001668,BOOK002928,HOT0246,EMP00592,Swimming Pool,2026-02-03,4,250,1000
SER001669,BOOK003962,HOT0122,EMP00772,Room Cleaning,2024-12-23,2,1000,2000
SER001670,BOOK003503,HOT0192,EMP00058,Airport Pickup,2026-08-27,4,250,1000
SER001671,BOOK004603,HOT0080,EMP00034,Swimming Pool,2024-12-08,2,1000,2000
SER001672,BOOK004411,HOT0027,EMP00379,Breakfast,2026-02-24,1,750,750
SER001673,BOOK002142,HOT0069,EMP00249,Dinner,2025-06-22,1,2000,2000
SER001674,BOOK003684,HOT0098,EMP00487,Lunch,2026-03-21,2,500,1000
SER001675,BOOK001971,HOT0146,EMP00332,Dinner,2025-10-02,2,1500,3000
SER001676,BOOK004391,HOT0166,EMP00459,Dinner,2024-12-21,2,1000,2000
SER001677,BOOK004555,HOT0124,EMP00716,Lunch,2024-10-07,4,500,2000
SER001678,BOOK004234,HOT0143,EMP00800,Breakfast,2024-12-07,3,500,1500
SER001679,BOOK002125,HOT0168,EMP00187,Spa,2026-07-04,3,500,1500
SER001680,BOOK003680,HOT0138,EMP00718,Gym,2025-07-29,1,750,750
SER001681,BOOK004810,HOT0156,EMP00748,Swimming Pool,2026-08-10,3,750,2250
SER001682,BOOK001876,HOT0224,EMP00622,Gym,2025-07-06,2,2000,4000
SER001683,BOOK000790,HOT0197,EMP00612,Breakfast,2026-08-11,3,1500,4500
SER001684,BOOK002480,HOT0075,EMP00365,Lunch,2025-06-03,1,750,750
SER001685,BOOK004123,HOT0202,EMP00177,Room Cleaning,2026-05-24,4,750,3000
SER001686,BOOK004132,HOT0143,EMP00782,Breakfast,2026-03-28,3,250,750
SER001687,BOOK002514,HOT0051,EMP00046,Spa,2025-11-04,4,250,1000
SER001688,BOOK003262,HOT0206,EMP00207,Gym,2026-07-05,4,1000,4000
SER001689,BOOK001847,HOT0240,EMP00191,Swimming Pool,2024-11-01,3,250,750
SER001690,BOOK002802,HOT0082,EMP00785,Mini Bar,2026-07-09,2,500,1000
SER001691,BOOK001227,HOT0237,EMP00462,Dinner,2025-04-29,4,250,1000
SER001692,BOOK001975,HOT0222,EMP00650,Room Cleaning,2026-09-12,2,250,500
SER001693,BOOK001828,HOT0168,EMP00303,Laundry,2025-08-07,2,250,500
SER001694,BOOK001502,HOT0115,EMP00689,Breakfast,2026-08-16,3,1500,4500
SER001695,BOOK004034,HOT0018,EMP00313,Room Cleaning,2025-09-11,1,250,250
SER001696,BOOK004338,HOT0223,EMP00503,Spa,2026-03-18,1,1000,1000
SER001697,BOOK000615,HOT0206,EMP00718,Swimming Pool,2025-03-25,2,2000,4000
SER001698,BOOK004087,HOT0178,EMP00206,Breakfast,2025-08-09,1,1000,1000
SER001699,BOOK003956,HOT0132,EMP00766,Swimming Pool,2026-05-14,2,500,1000
SER001700,BOOK004727,HOT0118,EMP00327,Spa,2024-10-11,1,500,500
SER001701,BOOK001669,HOT0009,EMP00553,Breakfast,2025-07-06,4,750,3000
SER001702,BOOK003774,HOT0153,EMP00268,Breakfast,2025-01-27,1,500,500
SER001703,BOOK003625,HOT0034,EMP00469,Spa,2025-02-23,3,750,2250
SER001704,BOOK002586,HOT0217,EMP00089,Spa,2026-01-02,2,250,500
SER001705,BOOK002360,HOT0089,EMP00228,Swimming Pool,2026-07-25,4,750,3000
SER001706,BOOK000221,HOT0073,EMP00134,Breakfast,2026-01-23,1,500,500
SER001707,BOOK004877,HOT0161,EMP00112,Lunch,2025-07-30,3,500,1500
SER001708,BOOK003416,HOT0035,EMP00752,Room Cleaning,2025-03-18,3,1500,4500
SER001709,BOOK002249,HOT0048,EMP00207,Lunch,2025-07-05,2,500,1000
SER001710,BOOK001378,HOT0142,EMP00426,Breakfast,2025-02-02,4,750,3000
SER001711,BOOK002488,HOT0205,EMP00653,Spa,2026-05-15,4,750,3000
SER001712,BOOK003408,HOT0100,EMP00599,Gym,2025-08-26,3,1000,3000
SER001713,BOOK001397,HOT0120,EMP00117,Lunch,2025-09-05,1,500,500
SER001714,BOOK001658,HOT0078,EMP00723,Lunch,2026-06-06,2,1000,2000
SER001715,BOOK004743,HOT0016,EMP00380,Laundry,2026-03-14,4,500,2000
SER001716,BOOK004606,HOT0025,EMP00470,Dinner,2026-01-19,1,2000,2000
SER001717,BOOK001053,HOT0116,EMP00409,Laundry,2025-10-17,2,500,1000
SER001718,BOOK002824,HOT0012,EMP00590,Gym,2025-05-14,4,750,3000
SER001719,BOOK002083,HOT0021,EMP00112,Room Cleaning,2025-11-04,2,2000,4000
SER001720,BOOK002729,HOT0137,EMP00690,Swimming Pool,2025-04-28,3,1000,3000
SER001721,BOOK003026,HOT0215,EMP00645,Gym,2025-08-02,3,250,750
SER001722,BOOK001910,HOT0094,EMP00354,Laundry,2025-11-29,4,1500,6000
SER001723,BOOK001043,HOT0027,EMP00510,Gym,2025-12-03,3,2000,6000
SER001724,BOOK001930,HOT0152,EMP00193,Gym,2025-02-14,3,250,750
SER001725,BOOK003205,HOT0163,EMP00002,Breakfast,2025-12-20,2,750,1500
SER001726,BOOK003060,HOT0144,EMP00588,Dinner,2024-12-04,3,1000,3000
SER001727,BOOK002349,HOT0032,EMP00593,Laundry,2025-01-21,3,250,750
SER001728,BOOK004920,HOT0144,EMP00217,Laundry,2024-08-29,2,1500,3000
SER001729,BOOK002206,HOT0081,EMP00325,Room Cleaning,2026-09-12,2,2000,4000
SER001730,BOOK000204,HOT0166,EMP00770,Airport Pickup,2026-04-23,2,1500,3000
SER001731,BOOK002151,HOT0159,EMP00149,Mini Bar,2025-03-02,2,250,500
SER001732,BOOK000262,HOT0126,EMP00265,Dinner,2026-03-03,3,2000,6000
SER001733,BOOK001637,HOT0009,EMP00704,Spa,2026-08-09,3,500,1500
SER001734,BOOK003698,HOT0002,EMP00224,Breakfast,2024-09-28,2,750,1500
SER001735,BOOK003916,HOT0119,EMP00144,Laundry,2026-05-03,4,1500,6000
SER001736,BOOK003066,HOT0126,EMP00696,Spa,2024-11-08,3,750,2250
SER001737,BOOK002139,HOT0030,EMP00434,Mini Bar,2025-08-23,3,250,750
SER001738,BOOK000219,HOT0022,EMP00705,Laundry,2025-10-17,4,2000,8000
SER001739,BOOK001644,HOT0070,EMP00416,Dinner,2026-08-26,1,750,750
SER001740,BOOK001337,HOT0204,EMP00214,Breakfast,2025-10-02,3,500,1500
SER001741,BOOK000564,HOT0178,EMP00609,Lunch,2026-03-22,1,750,750
SER001742,BOOK002922,HOT0243,EMP00760,Spa,2025-10-05,3,250,750
SER001743,BOOK002187,HOT0148,EMP00010,Dinner,2026-02-19,4,250,1000
SER001744,BOOK001959,HOT0238,EMP00259,Breakfast,2025-03-17,4,2000,8000
SER001745,BOOK001649,HOT0195,EMP00233,Lunch,2025-04-13,4,500,2000
SER001746,BOOK002581,HOT0026,EMP00400,Breakfast,2025-07-21,4,2000,8000
SER001747,BOOK000180,HOT0084,EMP00556,Swimming Pool,2024-12-31,2,500,1000
SER001748,BOOK004537,HOT0139,EMP00430,Lunch,2025-12-14,4,500,2000
SER001749,BOOK000320,HOT0057,EMP00200,Laundry,2024-09-02,4,250,1000
SER001750,BOOK004589,HOT0247,EMP00639,Swimming Pool,2024-10-19,3,500,1500
SER001751,BOOK000177,HOT0169,EMP00395,Swimming Pool,2025-10-01,3,250,750
SER001752,BOOK004324,HOT0095,EMP00522,Lunch,2026-03-11,2,1000,2000
SER001753,BOOK004024,HOT0108,EMP00781,Spa,2026-03-20,1,750,750
SER001754,BOOK002911,HOT0085,EMP00645,Dinner,2024-09-10,3,1500,4500
SER001755,BOOK002607,HOT0196,EMP00220,Gym,2025-07-03,3,250,750
SER001756,BOOK003411,HOT0249,EMP00498,Breakfast,2024-10-06,4,500,2000
SER001757,BOOK002312,HOT0226,EMP00262,Swimming Pool,2026-03-14,2,750,1500
SER001758,BOOK004471,HOT0017,EMP00549,Breakfast,2025-09-25,4,500,2000
SER001759,BOOK001567,HOT0092,EMP00081,Airport Pickup,2026-03-16,3,1000,3000
SER001760,BOOK003108,HOT0102,EMP00658,Breakfast,2026-04-18,2,1500,3000
SER001761,BOOK003042,HOT0045,EMP00265,Spa,2026-05-09,1,1000,1000
SER001762,BOOK001908,HOT0144,EMP00797,Spa,2026-08-14,3,250,750
SER001763,BOOK002775,HOT0033,EMP00708,Laundry,2024-12-15,3,250,750
SER001764,BOOK003148,HOT0009,EMP00092,Lunch,2026-01-18,1,1500,1500
SER001765,BOOK003457,HOT0159,EMP00078,Airport Pickup,2025-11-12,3,2000,6000
SER001766,BOOK000084,HOT0110,EMP00049,Laundry,2024-11-27,3,1500,4500
SER001767,BOOK000753,HOT0059,EMP00218,Spa,2026-04-24,3,1500,4898
SER001768,BOOK002858,HOT0232,EMP00447,Laundry,2025-05-22,3,2000,6000
SER001769,BOOK004264,HOT0121,EMP00183,Airport Pickup,2026-03-19,3,1000,3000
SER001770,BOOK000573,HOT0249,EMP00718,Gym,2026-08-19,2,2000,4000
SER001771,BOOK003661,HOT0066,EMP00456,Lunch,2026-06-13,2,250,500
SER001772,BOOK003917,HOT0119,EMP00584,Gym,2026-02-15,1,1500,1500
SER001773,BOOK001572,HOT0019,EMP00414,Swimming Pool,2026-03-15,3,2000,6000
SER001774,BOOK000081,HOT0209,EMP00043,Swimming Pool,2024-12-21,2,500,1000
SER001775,BOOK004514,HOT0122,EMP00373,Spa,2026-08-14,2,2000,4000
SER001776,BOOK004597,HOT0112,EMP00361,Mini Bar,2025-03-19,1,1000,1000
SER001777,BOOK000074,HOT0231,EMP00703,Gym,2025-03-27,2,250,500
SER001778,BOOK003899,HOT0063,EMP00372,Room Cleaning,2025-04-03,4,750,3000
SER001779,BOOK001733,HOT0051,EMP00589,Dinner,2026-04-16,4,2000,8000
SER001780,BOOK004101,HOT0151,EMP00154,Gym,2026-06-22,4,1500,6336
SER001781,BOOK003106,HOT0144,EMP00503,Breakfast,2026-01-17,4,1000,4000
SER001782,BOOK002547,HOT0183,EMP00394,Laundry,2026-07-13,1,1000,1000
SER001783,BOOK004746,HOT0121,EMP00491,Room Cleaning,2025-04-15,1,1000,1000
SER001784,BOOK004329,HOT0079,EMP00593,Lunch,2025-08-02,2,2000,4000
SER001785,BOOK001228,HOT0157,EMP00357,Lunch,2025-01-20,2,750,1500
SER001786,BOOK002987,HOT0089,EMP00692,Lunch,2026-04-20,1,500,500
SER001787,BOOK000469,HOT0247,EMP00330,Gym,2026-02-27,3,750,2250
SER001788,BOOK001482,HOT0083,EMP00501,Airport Pickup,2026-05-31,1,750,750
SER001789,BOOK001955,HOT0154,EMP00092,Dinner,2024-10-31,2,1000,2000
SER001790,BOOK001126,HOT0231,EMP00639,Spa,2026-03-12,1,1000,1000
SER001791,BOOK003350,HOT0159,EMP00759,Swimming Pool,2024-10-24,2,1500,3000
SER001792,BOOK002902,HOT0238,EMP00096,Breakfast,2026-06-01,2,500,1000
SER001793,BOOK000127,HOT0051,EMP00070,Dinner,2026-05-16,4,250,1000
SER001794,BOOK003912,HOT0037,EMP00253,Swimming Pool,2025-01-30,2,250,500
SER001795,BOOK001706,HOT0214,EMP00053,Spa,2024-10-20,3,750,2250
SER001796,BOOK004225,HOT0147,EMP00527,Room Cleaning,2025-04-16,2,250,500
SER001797,BOOK003364,HOT0139,EMP00316,Airport Pickup,2025-03-23,2,250,500
SER001798,BOOK001818,HOT0239,EMP00741,Laundry,2026-04-13,1,1500,1500
SER001799,BOOK003878,HOT0081,EMP00182,Laundry,2025-06-21,1,750,750
SER001800,BOOK002090,HOT0048,EMP00608,Lunch,2025-06-10,2,500,1000
SER001801,BOOK000521,HOT0227,EMP00473,Spa,2026-02-27,2,250,500
SER001802,BOOK001722,HOT0245,EMP00015,Room Cleaning,2024-11-28,1,1000,1000
SER001803,BOOK000432,HOT0217,EMP00552,Dinner,2025-03-26,3,250,750
SER001804,BOOK000618,HOT0160,EMP00530,Room Cleaning,2025-01-28,3,1500,4500
SER001805,BOOK003984,HOT0086,EMP00523,Breakfast,2025-07-01,2,750,1500
SER001806,BOOK002948,HOT0200,EMP00617,Gym,2026-03-22,1,1000,1000
SER001807,BOOK001491,HOT0079,EMP00123,Gym,2024-08-27,4,500,2000
SER001808,BOOK004734,HOT0197,EMP00328,Dinner,2025-12-03,4,1500,6000
SER001809,BOOK001324,HOT0136,EMP00281,Breakfast,2025-11-13,3,500,1500
SER001810,BOOK002728,HOT0149,EMP00164,Laundry,2024-10-27,2,1500,3000
SER001811,BOOK001784,HOT0059,EMP00726,Gym,2026-05-02,3,500,1500
SER001812,BOOK001520,HOT0066,EMP00142,Dinner,2025-12-06,1,250,250
SER001813,BOOK000662,HOT0116,EMP00268,Spa,2025-05-28,1,2000,2000
SER001814,BOOK004886,HOT0060,EMP00726,Airport Pickup,2025-02-02,3,500,1500
SER001815,BOOK000685,HOT0066,EMP00628,Airport Pickup,2025-11-29,4,2000,8000
SER001816,BOOK001265,HOT0212,,Laundry,2026-02-13,3,1000,3000
SER001817,BOOK001096,HOT0144,EMP00337,Room Cleaning,2026-06-24,3,1000,3000
SER001818,BOOK003692,HOT0073,EMP00422,Dinner,2025-10-19,3,750,2250
SER001819,BOOK000534,HOT0111,EMP00419,Gym,2024-11-13,2,250,500
SER001820,BOOK002278,HOT0054,EMP00059,Room Cleaning,2025-05-25,4,500,2000
SER001821,BOOK003123,HOT0032,EMP00514,Airport Pickup,2025-07-13,4,2000,8000
SER001822,BOOK002008,HOT0160,EMP00274,Airport Pickup,2024-08-13,4,1500,6000
SER001823,BOOK004088,HOT0102,EMP00002,Airport Pickup,2026-06-12,2,500,1000
SER001824,BOOK002391,HOT0182,EMP00550,Swimming Pool,2025-06-23,3,1500,4500
SER001825,BOOK000998,HOT0039,EMP00174,Swimming Pool,2025-06-10,2,2000,4000
SER001826,BOOK003379,HOT0032,EMP00081,Swimming Pool,2024-11-28,1,500,500
SER001827,BOOK003431,HOT0089,EMP00021,Airport Pickup,2025-10-23,1,250,250
SER001828,BOOK002456,HOT0233,EMP00068,Gym,2025-03-01,2,2000,4000
SER001829,BOOK000649,HOT0065,EMP00177,Breakfast,2024-09-22,2,500,1000
SER001830,BOOK004518,HOT0186,EMP00523,Lunch,2026-02-28,2,1500,3000
SER001831,BOOK002178,HOT0179,EMP00749,Mini Bar,2025-11-03,4,1500,6000
SER001832,BOOK000868,HOT0153,EMP00648,Airport Pickup,2025-08-30,3,1500,4500
SER001833,BOOK004070,HOT0165,EMP00670,Laundry,2026-01-17,3,750,2250
SER001834,BOOK004860,HOT0109,EMP00694,Swimming Pool,2026-06-06,3,500,1500
SER001835,BOOK001359,HOT0163,EMP00224,Swimming Pool,2025-03-21,2,1000,2000
SER001836,BOOK004493,HOT0194,EMP00506,Lunch,2025-04-15,3,500,1500
SER001837,BOOK003053,HOT0004,EMP00232,Spa,2026-02-27,2,500,1000
SER001838,BOOK000911,HOT0248,EMP00474,Airport Pickup,2025-03-28,4,250,1000
SER001839,BOOK001118,HOT0243,EMP00266,Spa,2024-10-28,4,1500,6000
SER001840,BOOK003209,HOT0050,EMP00126,Airport Pickup,2026-04-25,3,2000,6000
SER001841,BOOK004787,HOT0038,EMP00359,Mini Bar,2026-06-03,3,1500,4500
SER001842,BOOK000389,HOT0102,EMP00654,Airport Pickup,2024-08-31,3,750,2668
SER001843,BOOK003312,HOT0216,EMP00520,Airport Pickup,2026-02-16,2,750,1500
SER001844,BOOK003038,HOT0207,EMP00473,Airport Pickup,2025-12-18,1,2000,2000
SER001845,BOOK000630,HOT0070,EMP00100,Room Cleaning,2026-07-17,3,250,750
SER001846,BOOK000138,HOT0018,EMP00518,Spa,2025-11-10,1,250,250
SER001847,BOOK001358,HOT0185,EMP00458,Lunch,2026-08-24,1,1000,1000
SER001848,BOOK000922,HOT0214,EMP00361,Gym,2025-05-27,1,1500,1500
SER001849,BOOK004813,HOT0212,EMP00599,Lunch,2025-10-14,1,250,250
SER001850,BOOK000161,HOT0035,EMP00759,Mini Bar,2025-08-24,1,250,250
SER001851,BOOK003785,HOT0180,EMP00265,Dinner,2025-06-24,3,750,2250
SER001852,BOOK000446,HOT0095,EMP00347,Laundry,2025-04-04,4,2000,8000
SER001853,BOOK002283,HOT0003,EMP00292,Laundry,2025-06-25,2,1000,2000
SER001854,BOOK004710,HOT0206,,Breakfast,2026-08-30,1,500,500
SER001855,BOOK004478,HOT0002,EMP00270,Mini Bar,2025-05-14,2,1000,2000
SER001856,BOOK001538,HOT0004,EMP00485,Dinner,2025-06-28,2,1000,2000
SER001857,BOOK004694,HOT0037,EMP00779,Lunch,2026-07-13,1,250,250
SER001858,BOOK003530,HOT0232,EMP00375,Laundry,2025-06-27,1,750,750
SER001859,BOOK002770,HOT0043,EMP00294,Airport Pickup,2025-09-25,3,750,2250
SER001860,BOOK003691,HOT0159,EMP00535,Spa,2025-02-17,3,500,1500
SER001861,BOOK004464,HOT0095,EMP00494,Laundry,2026-07-29,3,2000,6000
SER001862,BOOK000451,HOT0192,EMP00095,Dinner,2025-01-17,3,2000,6000
SER001863,BOOK000783,HOT0223,EMP00743,Swimming Pool,2026-08-11,3,500,1500
SER001864,BOOK000361,HOT0014,,Airport Pickup,2025-07-15,1,1500,1500
SER001865,BOOK000516,HOT0149,EMP00557,Room Cleaning,2025-01-30,3,500,1500
SER001866,BOOK000593,HOT0171,EMP00632,Lunch,2025-12-21,1,500,500
SER001867,BOOK003704,HOT0060,EMP00202,Laundry,2025-01-23,3,1500,4500
SER001868,BOOK004806,HOT0078,EMP00003,Room Cleaning,2025-11-24,1,250,250
SER001869,BOOK000569,HOT0114,EMP00451,Laundry,2026-06-05,1,250,250
SER001870,BOOK001027,HOT0247,EMP00612,Mini Bar,2026-06-12,1,1500,1500
SER001871,BOOK004956,HOT0120,EMP00145,Swimming Pool,2024-10-03,4,250,1000
SER001872,BOOK003016,HOT0046,EMP00015,Airport Pickup,2026-01-03,4,500,2000
SER001873,BOOK001824,HOT0046,EMP00190,Lunch,2024-10-30,2,250,500
SER001874,BOOK000392,HOT0221,EMP00763,Room Cleaning,2026-04-25,4,1000,4000
SER001875,BOOK003679,HOT0019,EMP00650,Room Cleaning,2025-02-03,4,250,1000
SER001876,BOOK002094,HOT0040,EMP00611,Dinner,2025-07-18,2,2000,4000
SER001877,BOOK004762,HOT0041,EMP00345,Gym,2024-09-29,1,750,750
SER001878,BOOK002541,HOT0138,EMP00712,Mini Bar,2026-02-05,3,750,2250
SER001879,BOOK002789,HOT0055,EMP00335,Dinner,2025-10-20,4,750,3000
SER001880,BOOK003099,HOT0022,EMP00106,Dinner,2025-01-12,2,500,1000
SER001881,BOOK001142,HOT0087,EMP00203,Lunch,2026-09-07,1,2000,2000
SER001882,BOOK002408,HOT0018,EMP00012,Laundry,2026-07-31,4,500,2000
SER001883,BOOK002472,HOT0045,EMP00687,Airport Pickup,2025-06-01,3,500,1500
SER001884,BOOK003022,HOT0034,EMP00707,Room Cleaning,2026-05-14,2,2000,4000
SER001885,BOOK000536,HOT0165,EMP00445,Dinner,2024-10-25,4,1000,4000
SER001886,BOOK001625,HOT0073,EMP00378,Spa,2024-12-23,3,500,1500
SER001887,BOOK002115,HOT0115,EMP00157,Breakfast,2025-05-02,1,1000,1000
SER001888,BOOK001201,HOT0061,EMP00707,Spa,2026-06-03,2,750,1500
SER001889,BOOK002236,HOT0036,EMP00429,Mini Bar,2025-01-31,2,750,1500
SER001890,BOOK000619,HOT0235,EMP00304,Laundry,2025-04-11,4,500,2000
SER001891,BOOK003001,HOT0056,EMP00462,Swimming Pool,2026-06-17,2,250,500
SER001892,BOOK000975,HOT0049,EMP00061,Spa,2024-10-06,2,750,1500
SER001893,BOOK000954,HOT0220,EMP00287,Laundry,2025-03-31,1,2000,2000
SER001894,BOOK001511,HOT0131,EMP00331,Laundry,2025-08-24,4,2000,8000
SER001895,BOOK002596,HOT0135,EMP00170,Breakfast,2025-05-02,2,1500,3000
SER001896,BOOK001259,HOT0093,EMP00105,Lunch,2026-06-19,4,250,1445
SER001897,BOOK001316,HOT0120,EMP00336,Room Cleaning,2024-11-15,3,500,1500
SER001898,BOOK002297,HOT0196,EMP00224,Lunch,2026-01-09,1,500,500
SER001899,BOOK002194,HOT0186,EMP00101,Breakfast,2026-03-11,1,500,500
SER001900,BOOK004696,HOT0128,EMP00685,Dinner,2024-09-26,4,1500,6000
SER001901,BOOK003841,HOT0037,EMP00291,Swimming Pool,2026-06-26,1,250,250
SER001902,BOOK003269,HOT0055,EMP00420,Dinner,2026-02-17,2,250,500
SER001903,BOOK001404,HOT0226,EMP00477,Lunch,2025-10-16,1,750,750
SER001904,BOOK000817,HOT0242,EMP00196,Mini Bar,2026-05-03,1,500,500
SER001905,BOOK001448,HOT0133,EMP00415,Gym,2025-10-20,2,1500,3000
SER001906,BOOK002872,HOT0119,EMP00754,Room Cleaning,2025-07-31,4,500,2000
SER001907,BOOK000861,HOT0178,EMP00433,Airport Pickup,2025-06-07,3,1500,4500
SER001908,BOOK004119,HOT0035,EMP00737,Mini Bar,2025-02-24,3,1500,4500
SER001909,BOOK000688,HOT0228,EMP00252,Breakfast,2026-03-08,1,750,750
SER001910,BOOK003712,HOT0229,EMP00405,Room Cleaning,2026-01-16,4,750,3000
SER001911,BOOK000272,HOT0249,EMP00100,Lunch,2025-10-24,1,1500,1500
SER001912,BOOK002363,HOT0002,EMP00366,Airport Pickup,2026-06-02,2,2000,4000
SER001913,BOOK002002,HOT0030,EMP00069,Swimming Pool,2024-10-24,1,500,500
SER001914,BOOK000005,HOT0013,EMP00154,Laundry,2025-11-17,1,1500,1500
SER001915,BOOK003443,HOT0028,EMP00165,Laundry,2025-09-01,1,500,500
SER001916,BOOK004353,HOT0047,EMP00288,Dinner,2025-01-02,1,2000,2000
SER001917,BOOK001738,HOT0050,EMP00206,Dinner,2025-09-25,1,1000,1000
SER001918,BOOK003051,HOT0166,EMP00761,Mini Bar,2024-12-10,4,2000,8000
SER001919,BOOK000524,HOT0049,EMP00109,Breakfast,2025-11-11,3,2000,6000
SER001920,BOOK001355,HOT0096,EMP00644,Spa,2025-11-06,2,1000,2000
SER001921,BOOK004359,HOT0149,EMP00710,Airport Pickup,2025-01-21,4,250,1000
SER001922,BOOK000119,HOT0228,EMP00599,Swimming Pool,2025-09-13,1,250,250
SER001923,BOOK003206,HOT0013,EMP00472,Room Cleaning,2026-08-08,4,750,3000
SER001924,BOOK003378,HOT0080,EMP00604,Laundry,2025-05-05,4,750,3000
SER001925,BOOK000710,HOT0155,EMP00598,Dinner,2025-10-06,4,2000,8000
SER001926,BOOK002884,HOT0083,EMP00482,Breakfast,2025-12-10,3,1500,4500
SER001927,BOOK003875,HOT0139,EMP00009,Spa,2025-12-24,2,1000,2000
SER001928,BOOK003007,HOT0087,EMP00251,Room Cleaning,2025-02-08,2,500,1000
SER001929,BOOK000453,HOT0221,EMP00755,Gym,2025-04-04,4,500,2000
SER001930,BOOK004061,HOT0088,EMP00503,Room Cleaning,2024-09-26,3,500,1500
SER001931,BOOK002854,HOT0220,EMP00608,Lunch,2026-01-26,3,500,1500
SER001932,BOOK003149,HOT0113,EMP00797,Gym,2024-09-04,2,500,1000
SER001933,BOOK003334,HOT0130,EMP00011,Laundry,2025-02-12,2,1500,3000
SER001934,BOOK002871,HOT0054,EMP00472,Room Cleaning,2024-08-26,2,250,500
SER001935,BOOK002642,HOT0223,EMP00481,Breakfast,2025-07-29,1,500,500
SER001936,BOOK003860,HOT0099,EMP00170,Gym,2026-08-13,2,1000,2000
SER001937,BOOK004770,HOT0247,EMP00412,Dinner,2026-01-11,3,1000,3000
SER001938,BOOK001356,HOT0202,EMP00279,Gym,2024-10-16,1,750,750
SER001939,BOOK000706,HOT0239,EMP00526,Dinner,2025-10-16,4,2000,8000
SER001940,BOOK000820,HOT0139,EMP00263,Laundry,2026-03-15,4,750,3000
SER001941,BOOK003762,HOT0090,EMP00033,Spa,2025-06-15,3,1000,3000
SER001942,BOOK003352,HOT0167,EMP00634,Lunch,2025-01-25,4,250,1000
SER001943,BOOK001463,HOT0026,EMP00319,Room Cleaning,2024-12-26,3,2000,6000
SER001944,BOOK000014,HOT0160,EMP00708,Mini Bar,2025-05-02,3,250,750
SER001945,BOOK001273,HOT0133,EMP00358,Mini Bar,2024-09-29,3,250,750
SER001946,BOOK003941,HOT0224,EMP00441,Gym,2026-02-25,4,250,1000
SER001947,BOOK002782,HOT0208,EMP00070,Breakfast,2026-04-01,3,250,750
SER001948,BOOK004971,HOT0214,EMP00467,Swimming Pool,2025-10-01,2,750,1500
SER001949,BOOK000765,HOT0087,EMP00554,Airport Pickup,2025-05-27,4,750,3000
SER001950,BOOK000125,HOT0172,EMP00293,Breakfast,2026-05-10,3,2000,6000
SER001951,BOOK003801,HOT0082,EMP00408,Lunch,2026-03-26,2,500,1000
SER001952,BOOK002484,HOT0184,EMP00723,Dinner,2024-12-10,2,1000,2000
SER001953,BOOK003895,HOT0136,EMP00351,Breakfast,2024-10-05,2,750,1500
SER001954,BOOK002616,HOT0062,EMP00733,Mini Bar,2026-08-16,4,1000,4000
SER001955,BOOK002639,HOT0165,EMP00755,Breakfast,2025-09-19,2,500,1000
SER001956,BOOK000076,HOT0118,EMP00710,Airport Pickup,2026-07-07,1,500,500
SER001957,BOOK004021,HOT0196,EMP00596,Swimming Pool,2025-03-25,1,1000,1000
SER001958,BOOK003433,HOT0243,EMP00039,Swimming Pool,2026-02-14,1,250,250
SER001959,BOOK001106,HOT0098,EMP00516,Gym,2025-03-21,2,2000,4000
SER001960,BOOK002446,HOT0025,EMP00514,Lunch,2026-08-05,2,1000,2000
SER001961,BOOK002042,HOT0121,EMP00719,Laundry,2025-01-18,2,250,500
SER001962,BOOK001601,HOT0225,EMP00298,Lunch,2026-04-10,3,1500,4500
SER001963,BOOK002328,HOT0081,EMP00747,Lunch,2026-03-16,4,2000,8000
SER001964,BOOK002657,HOT0151,EMP00734,Dinner,2025-01-12,2,250,500
SER001965,BOOK001112,HOT0061,EMP00715,Mini Bar,2025-05-24,3,750,2250
SER001966,BOOK001470,HOT0249,EMP00048,Room Cleaning,2026-06-29,3,1000,3000
SER001967,BOOK001702,HOT0105,EMP00639,Mini Bar,2025-07-31,1,1000,1000
SER001968,BOOK000679,HOT0069,EMP00622,Swimming Pool,2024-10-01,3,500,1500
SER001969,BOOK000632,HOT0232,EMP00282,Gym,2024-10-01,1,1000,1000
SER001970,BOOK000928,HOT0015,EMP00013,Gym,2026-05-06,2,1000,2000
SER001971,BOOK002226,HOT0016,EMP00253,Lunch,2025-06-03,3,1500,4500
SER001972,BOOK000037,HOT0206,EMP00442,Breakfast,2024-09-29,1,2000,2000
SER001973,BOOK000749,HOT0036,EMP00536,Spa,2024-11-01,4,500,2000
SER001974,BOOK004530,HOT0020,EMP00090,Mini Bar,2026-05-11,-1,500,500
SER001975,BOOK003039,HOT0100,EMP00687,Lunch,2025-07-30,4,500,2000
SER001976,BOOK000988,HOT0052,EMP00409,Spa,2024-10-15,2,1000,2000
SER001977,BOOK000136,HOT0097,EMP00022,Lunch,2025-07-27,1,500,500
SER001978,BOOK000113,HOT0053,EMP00665,Spa,2026-03-16,2,1000,2000
SER001979,BOOK002893,HOT0069,EMP00142,Gym,2026-06-08,4,750,3000
SER001980,BOOK001254,HOT0137,EMP00353,Airport Pickup,2025-05-27,3,1000,3000
SER001981,BOOK004430,HOT0142,EMP00732,Room Cleaning,2026-05-25,4,2000,8000
SER001982,BOOK003497,HOT0242,EMP00675,Laundry,2025-09-15,2,1500,3000
SER001983,BOOK000798,HOT0096,EMP00396,Dinner,2025-05-14,2,1500,3000
SER001984,BOOK003610,HOT0003,EMP00451,Lunch,2025-04-19,2,1500,3000
SER001985,BOOK002235,HOT0030,EMP00336,Lunch,2024-12-18,1,500,500
SER001986,BOOK004756,HOT0019,EMP00087,Laundry,2024-12-03,4,1000,4000
SER001987,BOOK001568,HOT0190,EMP00422,Airport Pickup,2026-01-06,1,250,250
SER001988,BOOK002918,HOT0090,EMP00636,Lunch,2026-05-11,4,250,1000
SER001989,BOOK002576,HOT0042,EMP00761,Dinner,2025-06-29,1,750,750
SER001990,BOOK000027,HOT0004,EMP00635,Gym,2025-02-17,-1,1000,4000
SER001991,BOOK004245,HOT0203,EMP00515,Spa,2026-04-03,2,1000,2000
SER001992,BOOK000914,HOT0014,EMP00057,Dinner,2026-08-06,2,750,1500
SER001993,BOOK000504,HOT0059,EMP00260,Mini Bar,2024-11-17,4,500,2000
SER001994,BOOK004089,HOT0238,EMP00759,Lunch,2026-06-16,4,250,1000
SER001995,BOOK004423,HOT0079,EMP00715,Mini Bar,2025-04-07,3,1000,3000
SER001996,BOOK003539,HOT0214,EMP00327,Mini Bar,2025-10-18,4,2000,8000
SER001997,BOOK002633,HOT0173,EMP00035,Laundry,2025-05-20,1,1500,1500
SER001998,BOOK003501,HOT0108,EMP00323,Airport Pickup,2024-11-30,4,250,1000
SER001999,BOOK000028,HOT0100,,Dinner,2026-04-03,2,1500,3000
SER002000,BOOK004779,HOT0048,EMP00789,Laundry,2026-08-21,1,1500,1500
SER002001,BOOK000268,HOT0221,EMP00707,Gym,2024-12-13,1,1500,1500
SER002002,BOOK001729,HOT0027,EMP00413,Mini Bar,2025-11-08,1,1000,1000
SER002003,BOOK004910,HOT0022,EMP00567,Mini Bar,2026-03-27,4,750,3000
SER002004,BOOK000137,HOT0005,EMP00327,Airport Pickup,2026-06-23,4,2000,8000
SER002005,BOOK001052,HOT0185,EMP00433,Gym,2024-10-30,3,1500,4500
SER002006,BOOK002577,HOT0170,EMP00618,Spa,2025-06-25,3,250,750
SER002007,BOOK002666,HOT0197,EMP00473,Laundry,2024-12-02,2,750,1500
SER002008,BOOK001152,HOT0207,EMP00292,Swimming Pool,2024-11-06,3,1000,3000
SER002009,BOOK004112,HOT0224,EMP00089,Spa,2025-10-28,3,1500,4500
SER002010,BOOK000427,HOT0230,EMP00160,Gym,2026-09-19,2,250,500
SER002011,BOOK004998,HOT0063,EMP00655,Spa,2025-04-17,-1,1000,4000
SER002012,BOOK000972,HOT0048,EMP00127,Swimming Pool,2025-06-02,3,500,1500
SER002013,BOOK002636,HOT0111,EMP00718,Spa,2025-10-24,4,250,1000
SER002014,BOOK000916,HOT0211,EMP00697,Dinner,2025-03-07,4,1500,6000
SER002015,BOOK004730,HOT0235,EMP00363,Spa,2024-08-15,1,1500,1500
SER002016,BOOK004744,HOT0242,EMP00530,Airport Pickup,2024-09-15,4,250,1000
SER002017,BOOK000044,HOT0208,EMP00360,Dinner,2025-07-17,2,750,1500
SER002018,BOOK004974,HOT0077,EMP00700,Airport Pickup,2025-10-29,3,2000,6000
SER002019,BOOK002883,HOT0003,EMP00730,Mini Bar,2025-09-15,3,750,2250
SER002020,BOOK002180,HOT0172,EMP00093,Swimming Pool,2024-10-24,4,1500,6000
SER002021,BOOK004337,HOT0184,EMP00305,Lunch,2025-05-06,4,2000,8000
SER002022,BOOK001554,HOT0101,EMP00375,Airport Pickup,2026-01-24,4,750,3000
SER002023,BOOK003655,HOT0129,EMP00525,Gym,2026-06-30,3,250,750
SER002024,BOOK003668,HOT0062,EMP00782,Mini Bar,2026-01-06,-1,1000,2000
SER002025,BOOK004940,HOT0211,EMP00193,Airport Pickup,2026-08-15,2,1500,3000
SER002026,BOOK002458,HOT0060,EMP00630,Breakfast,2025-06-17,1,2000,2000
SER002027,BOOK003414,HOT0239,EMP00447,Breakfast,2026-08-04,2,1500,3000
SER002028,BOOK003517,HOT0121,EMP00517,Dinner,2026-07-25,1,1500,1500
SER002029,BOOK002040,HOT0234,EMP00397,Gym,2024-09-27,2,1000,2000
SER002030,BOOK002873,HOT0201,EMP00460,Swimming Pool,2025-04-23,3,250,750
SER002031,BOOK004023,HOT0159,EMP00142,Spa,2024-11-12,2,500,1000
SER002032,BOOK004605,HOT0244,EMP00539,Lunch,2024-09-26,4,750,3000
SER002033,BOOK001779,HOT0146,EMP00025,Spa,2025-03-18,2,750,1500
SER002034,BOOK004992,HOT0072,EMP00391,Room Cleaning,2026-05-21,4,1000,4000
SER002035,BOOK000537,HOT0062,EMP00731,Room Cleaning,2025-10-11,3,250,750
SER002036,BOOK004718,HOT0017,EMP00521,Spa,2026-04-28,4,500,2000
SER002037,BOOK001753,HOT0146,EMP00619,Lunch,2025-10-13,4,250,1000
SER002038,BOOK001371,HOT0208,EMP00094,Airport Pickup,2025-04-20,1,500,500
SER002039,BOOK002417,HOT0111,EMP00738,Breakfast,2025-04-26,3,2000,6000
SER002040,BOOK000670,HOT0155,EMP00158,Breakfast,2025-09-20,2,500,1000
SER002041,BOOK003918,HOT0177,EMP00499,Swimming Pool,2024-08-17,4,1000,4000
SER002042,BOOK002876,HOT0084,EMP00575,Mini Bar,2026-05-12,4,2000,8000
SER002043,BOOK002127,HOT0040,EMP00082,Laundry,2026-03-26,1,250,250
SER002044,BOOK001727,HOT0111,EMP00118,Breakfast,2026-02-27,3,1500,4500
SER002045,BOOK003111,HOT0070,EMP00298,Dinner,2026-02-26,2,1500,3000
SER002046,BOOK004981,HOT0205,EMP00550,Breakfast,2025-09-07,2,2000,4000
SER002047,BOOK002350,HOT0178,EMP00192,Laundry,2025-07-09,3,1500,4500
SER002048,BOOK001399,HOT0029,EMP00289,Breakfast,2026-05-04,3,250,750
SER002049,BOOK003196,HOT0105,EMP00381,Spa,2025-02-24,2,1000,2000
SER002050,BOOK000314,HOT0201,EMP00141,Airport Pickup,2026-04-28,2,1000,2000
SER002051,BOOK002676,HOT0068,EMP00197,Mini Bar,2026-05-25,2,2000,4000
SER002052,BOOK002338,HOT0018,,Airport Pickup,2025-08-26,2,2000,4000
SER002053,BOOK000226,HOT0047,EMP00163,Mini Bar,2025-11-30,3,1500,4500
SER002054,BOOK000695,HOT0236,EMP00340,Dinner,2026-06-15,2,500,1000
SER002055,BOOK003948,HOT0098,EMP00536,Gym,2025-08-04,3,1500,4500
SER002056,BOOK000582,HOT0235,EMP00088,Gym,2025-06-06,3,2000,6000
SER002057,BOOK003057,HOT0013,EMP00726,Gym,2025-04-29,2,1000,2000
SER002058,BOOK002704,HOT0178,EMP00364,Room Cleaning,2024-08-21,3,1500,4500
SER002059,BOOK000154,HOT0042,EMP00594,Laundry,2024-11-21,2,1000,2000
SER002060,BOOK004283,HOT0117,EMP00778,Mini Bar,2026-06-06,1,750,750
SER002061,BOOK000788,HOT0125,EMP00287,Airport Pickup,2024-10-10,2,2000,4000
SER002062,BOOK004031,HOT0184,EMP00774,Dinner,2025-10-13,1,500,500
SER002063,BOOK002910,HOT0055,EMP00267,Airport Pickup,2026-07-30,4,250,1000
SER002064,BOOK002573,HOT0182,EMP00131,Room Cleaning,2025-06-28,2,2000,4000
SER002065,BOOK000305,HOT0078,EMP00347,Dinner,2026-07-25,4,250,1000
SER002066,BOOK002774,HOT0157,EMP00046,Dinner,2025-01-03,4,2000,8000
SER002067,BOOK001507,HOT0157,EMP00521,Room Cleaning,2026-04-30,3,1000,3000
SER002068,BOOK001834,HOT0023,,Dinner,2026-04-16,1,500,500
SER002069,BOOK003936,HOT0053,EMP00511,Spa,2026-06-13,2,2000,4000
SER002070,BOOK002318,HOT0158,EMP00422,Laundry,2025-03-01,1,750,750
SER002071,BOOK001123,HOT0093,EMP00492,Gym,2025-04-25,3,250,750
SER002072,BOOK004052,HOT0170,EMP00771,Swimming Pool,2025-02-26,3,1500,4500
SER002073,BOOK001533,HOT0190,EMP00758,Swimming Pool,2024-10-21,4,2000,8000
SER002074,BOOK002848,HOT0115,EMP00180,Laundry,2026-09-10,1,250,250
SER002075,BOOK004489,HOT0228,EMP00016,Mini Bar,2026-03-13,4,1500,6000
SER002076,BOOK001068,HOT0129,EMP00789,Breakfast,2024-11-09,3,1500,4500
SER002077,BOOK001165,HOT0078,EMP00016,Dinner,2025-06-02,4,1500,6000
SER002078,BOOK003965,HOT0215,EMP00769,Mini Bar,2025-01-16,2,1500,3000
SER002079,BOOK004868,HOT0244,EMP00478,Mini Bar,2026-02-14,4,1000,4000
SER002080,BOOK000826,HOT0196,EMP00449,Dinner,2024-12-27,1,750,750
SER002081,BOOK001029,HOT0148,EMP00319,Breakfast,2025-05-18,3,750,2250
SER002082,BOOK000905,HOT0042,EMP00054,Lunch,2026-03-10,4,1500,6000
SER002083,BOOK003788,HOT0044,EMP00628,Spa,2026-01-11,1,750,750
SER002084,BOOK001857,HOT0248,EMP00545,Lunch,2025-11-11,2,500,1000
SER002085,BOOK003699,HOT0188,EMP00265,Gym,2025-01-21,2,1000,2000
SER002086,BOOK002481,HOT0114,EMP00003,Spa,2025-04-22,2,1000,2000
SER002087,BOOK002241,HOT0069,EMP00498,Lunch,2025-10-23,3,750,2250
SER002088,BOOK004742,HOT0049,EMP00707,Room Cleaning,2025-01-23,3,2000,6000
SER002089,BOOK001931,HOT0182,EMP00500,Room Cleaning,2026-01-16,3,1000,3000
SER002090,BOOK001577,HOT0144,EMP00581,Breakfast,2026-06-19,1,1500,1500
SER002091,BOOK004427,HOT0089,EMP00051,Spa,2024-11-24,4,750,3000
SER002092,BOOK003200,HOT0166,EMP00123,Gym,2024-10-03,2,750,1500
SER002093,BOOK004020,HOT0196,EMP00340,Dinner,2025-06-03,4,750,3000
SER002094,BOOK004646,HOT0226,EMP00789,Mini Bar,2025-07-17,2,750,1500
SER002095,BOOK001175,HOT0109,EMP00051,Lunch,2026-07-02,1,2000,2000
SER002096,BOOK002149,HOT0238,EMP00799,Gym,2025-09-10,1,250,250
SER002097,BOOK000671,HOT0039,EMP00392,Swimming Pool,2024-11-08,2,250,500
SER002098,BOOK000708,HOT0047,EMP00129,Laundry,2025-07-17,4,250,1000
SER002099,BOOK001557,HOT0016,EMP00017,Gym,2026-03-23,4,1000,4000
SER002100,BOOK003612,HOT0114,EMP00522,Breakfast,2026-08-17,2,500,1000
SER002101,BOOK004665,HOT0100,EMP00728,Swimming Pool,2026-02-27,4,1500,6000
SER002102,BOOK001321,HOT0238,EMP00326,Breakfast,2024-10-29,4,1500,6000
SER002103,BOOK001853,HOT0024,EMP00205,Dinner,2025-01-14,-1,1000,1000
SER002104,BOOK000195,HOT0064,EMP00233,Airport Pickup,2026-04-06,2,1000,2000
SER002105,BOOK002459,HOT0037,EMP00750,Gym,2026-07-12,3,750,2250
SER002106,BOOK004375,HOT0176,EMP00694,Laundry,2025-07-16,4,1500,6000
SER002107,BOOK001883,HOT0078,EMP00389,Lunch,2025-06-20,2,1500,3000
SER002108,BOOK002238,HOT0068,EMP00451,Airport Pickup,2024-08-22,1,500,500
SER002109,BOOK004637,HOT0186,EMP00495,Gym,2025-09-06,1,750,750
SER002110,BOOK000100,HOT0223,EMP00589,Lunch,2025-07-14,2,2000,4000
SER002111,BOOK004586,HOT0062,EMP00607,Airport Pickup,2026-03-06,4,2000,8000
SER002112,BOOK002272,HOT0046,EMP00767,Lunch,2025-12-14,1,1000,1000
SER002113,BOOK000064,HOT0041,EMP00665,Dinner,2026-05-12,4,500,2000
SER002114,BOOK002020,HOT0034,EMP00115,Breakfast,2024-12-09,3,2000,6000
SER002115,BOOK002825,HOT0150,EMP00224,Gym,2024-08-22,3,2000,6000
SER002116,BOOK001993,HOT0115,EMP00487,Airport Pickup,2025-10-16,3,2000,6000
SER002117,BOOK001266,HOT0168,EMP00637,Room Cleaning,2025-11-23,3,2000,6000
SER002118,BOOK001936,HOT0146,EMP00443,Lunch,2025-05-03,1,2000,2000
SER002119,BOOK004004,HOT0115,EMP00150,Dinner,2026-07-31,2,2000,4000
SER002120,BOOK001461,HOT0212,EMP00618,Room Cleaning,2026-05-02,2,1000,2000
SER002121,BOOK001161,HOT0027,EMP00498,Dinner,2025-12-13,3,250,750
SER002122,BOOK004547,HOT0017,EMP00272,Dinner,2025-12-23,2,250,500
SER002123,BOOK002673,HOT0226,EMP00251,Laundry,2026-04-27,3,500,1500
SER002124,BOOK002184,HOT0075,EMP00376,Spa,2024-08-31,-1,2000,6000
SER002125,BOOK003925,HOT0118,EMP00127,Dinner,2025-05-16,1,750,750
SER002126,BOOK002427,HOT0150,EMP00053,Gym,2024-12-03,2,2000,4000
SER002127,BOOK004150,HOT0022,EMP00337,Airport Pickup,2025-11-12,4,1500,6000
SER002128,BOOK004351,HOT0076,EMP00346,Gym,2024-10-03,2,1500,3000
SER002129,BOOK003809,HOT0012,EMP00419,Mini Bar,2024-10-20,2,750,1500
SER002130,BOOK003235,HOT0161,EMP00755,Spa,2025-04-24,1,500,500
SER002131,BOOK002678,HOT0104,EMP00664,Gym,2024-11-28,1,250,250
SER002132,BOOK004434,HOT0122,EMP00140,Lunch,2025-08-27,1,500,500
SER002133,BOOK003366,HOT0045,EMP00210,Laundry,2024-09-20,3,2000,6000
SER002134,BOOK002400,HOT0025,EMP00615,Spa,2025-11-17,2,1500,3000
SER002135,BOOK001776,HOT0048,EMP00220,Dinner,2025-06-13,4,2000,8000
SER002136,BOOK004725,HOT0086,EMP00692,Spa,2024-10-12,1,2000,2000
SER002137,BOOK001363,HOT0059,EMP00339,Spa,2024-11-19,1,2000,2000
SER002138,BOOK004573,HOT0055,EMP00772,Breakfast,2025-08-24,4,2000,8000
SER002139,BOOK000191,HOT0161,EMP00359,Gym,2025-02-04,1,1500,1500
SER002140,BOOK003400,HOT0156,EMP00344,Laundry,2025-10-28,3,250,750
SER002141,BOOK003535,HOT0116,EMP00610,Gym,2025-09-20,3,1500,4500
SER002142,BOOK004532,HOT0188,EMP00671,Lunch,2026-06-26,3,500,1500
SER002143,BOOK001748,HOT0093,EMP00683,Room Cleaning,2025-12-19,1,1000,1000
SER002144,BOOK003616,HOT0246,EMP00149,Room Cleaning,2025-10-06,3,2000,6000
SER002145,BOOK003015,HOT0017,EMP00720,Gym,2025-01-04,2,750,1500
SER002146,BOOK003401,HOT0196,EMP00466,Lunch,2025-12-16,3,500,1500
SER002147,BOOK000764,HOT0094,EMP00736,Lunch,2024-11-14,1,1000,1000
SER002148,BOOK004935,HOT0234,EMP00015,Lunch,2025-08-10,1,750,750
SER002149,BOOK000183,HOT0076,EMP00048,Swimming Pool,2026-02-12,3,2000,6000
SER002150,BOOK003330,HOT0048,EMP00708,Spa,2025-12-21,4,1000,4000
SER002151,BOOK003586,HOT0230,EMP00374,Spa,2026-06-24,2,2000,4000
SER002152,BOOK001500,HOT0011,EMP00444,Mini Bar,2025-11-18,3,750,2250
SER002153,BOOK004072,HOT0198,EMP00568,Swimming Pool,2025-06-05,1,1500,1500
SER002154,BOOK003973,HOT0244,EMP00712,Spa,2024-10-19,3,2000,6000
SER002155,BOOK004216,HOT0015,EMP00798,Room Cleaning,2025-01-06,2,2000,4000
SER002156,BOOK002995,HOT0010,EMP00561,Spa,2026-07-07,2,500,1000
SER002157,BOOK000770,HOT0009,EMP00303,Breakfast,2026-07-27,2,500,1000
SER002158,BOOK002010,HOT0160,EMP00753,Lunch,2025-05-16,1,1000,1000
SER002159,BOOK001233,HOT0020,EMP00088,Laundry,2025-03-12,1,2000,2000
SER002160,BOOK000655,HOT0184,EMP00150,Airport Pickup,2026-01-25,3,1000,3229
SER002161,BOOK001521,HOT0043,EMP00025,Dinner,2025-01-13,3,2000,6000
SER002162,BOOK002441,HOT0241,EMP00139,Gym,2025-11-06,4,1000,4000
SER002163,BOOK004135,HOT0205,EMP00340,Swimming Pool,2024-12-12,4,1500,6000
SER002164,BOOK004538,HOT0218,EMP00233,Lunch,2026-07-05,4,500,2000
SER002165,BOOK001597,HOT0098,EMP00774,Gym,2025-06-28,3,1500,4500
SER002166,BOOK004565,HOT0141,EMP00091,Laundry,2025-10-18,4,2000,8000
SER002167,BOOK001353,HOT0010,EMP00383,Swimming Pool,2026-09-17,1,750,750
SER002168,BOOK000941,HOT0113,EMP00276,Gym,2025-10-29,3,500,1500
SER002169,BOOK000240,HOT0157,EMP00718,Spa,2025-03-11,4,500,2000
SER002170,BOOK001856,HOT0173,EMP00132,Mini Bar,2025-11-01,4,250,1000
SER002171,BOOK003025,HOT0038,EMP00312,Swimming Pool,2025-12-30,1,250,250
SER002172,BOOK001495,HOT0188,EMP00396,Airport Pickup,2025-08-17,3,250,750
SER002173,BOOK000599,HOT0066,EMP00088,Gym,2025-05-28,3,1500,4500
SER002174,BOOK001518,HOT0174,EMP00250,Airport Pickup,2025-11-04,4,2000,8000
SER002175,BOOK000672,HOT0029,EMP00593,Airport Pickup,2025-05-16,1,250,250
SER002176,BOOK004642,HOT0090,EMP00609,Lunch,2025-01-16,2,500,1000
SER002177,BOOK001098,HOT0197,EMP00720,Gym,2025-06-24,2,1500,3000
SER002178,BOOK002154,HOT0100,EMP00612,Breakfast,2025-07-15,4,750,3000
SER002179,BOOK002394,HOT0124,EMP00741,Gym,2025-03-19,3,750,2250
SER002180,BOOK003035,HOT0236,EMP00182,Airport Pickup,2025-03-16,4,750,3000
SER002181,BOOK000153,HOT0182,EMP00686,Swimming Pool,2025-12-04,4,250,1000
SER002182,BOOK001812,HOT0031,EMP00324,Swimming Pool,2025-03-04,2,1000,2000
SER002183,BOOK002442,HOT0077,EMP00022,Laundry,2026-06-17,2,750,1500
SER002184,BOOK001488,HOT0187,EMP00151,Dinner,2025-06-11,4,500,2000
SER002185,BOOK004554,HOT0212,EMP00312,Laundry,2026-01-30,3,250,750
SER002186,BOOK004534,HOT0041,EMP00518,Mini Bar,2026-08-05,4,1000,4000
SER002187,BOOK002219,HOT0202,EMP00633,Gym,2026-02-13,4,250,1000
SER002188,BOOK002076,HOT0021,EMP00325,Mini Bar,2025-05-17,4,1500,6000
SER002189,BOOK002353,HOT0068,EMP00678,Spa,2025-03-13,1,1500,1500
SER002190,BOOK001762,HOT0141,EMP00240,Mini Bar,2024-12-04,4,500,2000
SER002191,BOOK002698,HOT0238,EMP00204,Mini Bar,2026-01-25,2,750,1500
SER002192,BOOK004965,HOT0083,EMP00393,Spa,2026-06-22,4,1000,4000
SER002193,BOOK002161,HOT0127,EMP00249,Airport Pickup,2025-02-22,2,750,1500
SER002194,BOOK000485,HOT0091,EMP00227,Airport Pickup,2025-04-17,4,2000,8000
SER002195,BOOK001584,HOT0227,EMP00632,Laundry,2025-10-20,1,500,500
SER002196,BOOK003790,HOT0062,EMP00338,Airport Pickup,2025-06-01,1,2000,2000
SER002197,BOOK004650,HOT0215,EMP00339,Airport Pickup,2025-09-26,2,2000,4000
SER002198,BOOK003562,HOT0136,EMP00278,Lunch,2026-05-21,1,750,750
SER002199,BOOK000166,HOT0037,EMP00618,Dinner,2025-09-08,4,1000,4000
SER002200,BOOK002262,HOT0163,EMP00771,Gym,2026-05-28,2,750,1500
SER002201,BOOK001548,HOT0041,EMP00036,Mini Bar,2025-03-18,4,750,3000
SER002202,BOOK001442,HOT0111,EMP00008,Laundry,2026-07-24,2,1500,3000
SER002203,BOOK000334,HOT0199,EMP00693,Airport Pickup,2026-06-15,4,2000,8000
SER002204,BOOK003821,HOT0106,EMP00230,Spa,2026-02-25,2,2000,4000
SER002205,BOOK000831,HOT0050,EMP00373,Swimming Pool,2026-06-07,1,500,500
SER002206,BOOK001642,HOT0066,EMP00074,Mini Bar,2026-05-24,1,2000,2000
SER002207,BOOK002578,HOT0241,EMP00056,Swimming Pool,2026-01-06,4,2000,8000
SER002208,BOOK003707,HOT0219,EMP00072,Breakfast,2025-02-25,3,250,750
SER002209,BOOK003017,HOT0131,EMP00133,Swimming Pool,2026-07-06,4,750,3000
SER002210,BOOK004090,HOT0069,EMP00518,Mini Bar,2025-03-03,1,2000,2000
SER002211,BOOK004843,HOT0126,EMP00414,Swimming Pool,2024-12-25,2,1500,3000
SER002212,BOOK004483,HOT0052,EMP00546,Swimming Pool,2025-02-02,4,750,3000
SER002213,BOOK002585,HOT0189,EMP00278,Breakfast,2025-09-27,3,1500,4500
SER002214,BOOK001638,HOT0117,EMP00038,Swimming Pool,2025-05-09,2,500,1000
SER002215,BOOK004539,HOT0055,EMP00462,Laundry,2026-08-22,4,1500,6000
SER002216,BOOK003648,HOT0106,EMP00236,Laundry,2026-02-03,2,750,1500
SER002217,BOOK004584,HOT0198,EMP00045,Room Cleaning,2024-11-25,3,250,750
SER002218,BOOK000608,HOT0166,EMP00361,Laundry,2024-10-01,2,1500,3000
SER002219,BOOK000600,HOT0105,EMP00410,Gym,2025-08-20,4,2000,8000
SER002220,BOOK002016,HOT0233,EMP00585,Gym,2025-04-27,2,500,1000
SER002221,BOOK003676,HOT0157,EMP00346,Gym,2026-01-16,2,1000,2000
SER002222,BOOK003642,HOT0096,EMP00698,Room Cleaning,2025-12-11,2,250,500
SER002223,BOOK001688,HOT0192,EMP00103,Swimming Pool,2025-12-16,3,2000,6000
SER002224,BOOK000244,HOT0037,EMP00488,Laundry,2025-04-03,3,500,1500
SER002225,BOOK004124,HOT0186,EMP00037,Spa,2024-12-15,2,2000,4000
SER002226,BOOK002298,HOT0061,EMP00732,Airport Pickup,2025-01-31,1,1000,1000
SER002227,BOOK002998,HOT0137,EMP00574,Lunch,2026-06-12,2,500,1000
SER002228,BOOK003545,HOT0218,EMP00278,Laundry,2025-06-22,4,1000,4000
SER002229,BOOK002799,HOT0107,EMP00613,Spa,2025-12-28,1,250,250
SER002230,BOOK001946,HOT0179,EMP00342,Laundry,2025-07-07,1,750,750
SER002231,BOOK004655,HOT0240,EMP00082,Dinner,2026-05-09,3,1500,4500
SER002232,BOOK002415,HOT0169,EMP00798,Spa,2026-05-18,2,750,1500
SER002233,BOOK002983,HOT0002,EMP00598,Lunch,2025-03-11,4,500,2000
SER002234,BOOK000443,HOT0066,EMP00316,Airport Pickup,2025-02-20,3,2000,6000
SER002235,BOOK004328,HOT0234,EMP00252,Breakfast,2024-12-27,2,250,500
SER002236,BOOK002003,HOT0003,EMP00462,Room Cleaning,2025-11-02,3,500,1500
SER002237,BOOK000990,HOT0006,EMP00724,Laundry,2024-08-16,4,250,1000
SER002238,BOOK002540,HOT0036,EMP00038,Gym,2026-04-24,4,2000,8000
SER002239,BOOK002092,HOT0046,EMP00655,Mini Bar,2025-10-05,4,250,1000
SER002240,BOOK003487,HOT0157,EMP00721,Airport Pickup,2025-06-12,4,1000,4000
SER002241,BOOK003376,HOT0003,EMP00760,Spa,2026-07-26,2,1000,2000
SER002242,BOOK004838,HOT0070,EMP00318,Airport Pickup,2025-01-13,3,1000,3000
SER002243,BOOK004181,HOT0213,EMP00129,Lunch,2025-09-25,1,1500,1500
SER002244,BOOK004474,HOT0192,EMP00368,Dinner,2024-10-07,2,500,1000
SER002245,BOOK000312,HOT0212,EMP00337,Spa,2025-11-10,1,1500,1500
SER002246,BOOK004484,HOT0206,EMP00518,Breakfast,2025-12-12,1,1000,1000
SER002247,BOOK001050,HOT0132,EMP00640,Airport Pickup,2025-06-07,1,1500,1500
SER002248,BOOK003273,HOT0166,EMP00528,Swimming Pool,2026-05-06,2,1500,3000
SER002249,BOOK004037,HOT0095,EMP00211,Gym,2024-10-23,4,1500,6000
SER002250,BOOK003742,HOT0229,EMP00690,Swimming Pool,2024-08-12,3,1000,3000
SER002251,BOOK003940,HOT0227,EMP00520,Lunch,2025-12-10,2,250,500
SER002252,BOOK003782,HOT0074,EMP00157,Gym,2024-12-19,1,500,500
SER002253,BOOK001003,HOT0207,EMP00477,Breakfast,2025-03-30,3,500,1500
SER002254,BOOK004903,HOT0040,EMP00108,Swimming Pool,2025-06-14,2,500,1000
SER002255,BOOK002121,HOT0120,EMP00419,Room Cleaning,2026-08-20,3,250,750
SER002256,BOOK003595,HOT0138,EMP00203,Laundry,2025-07-20,2,500,1000
SER002257,BOOK001922,HOT0052,EMP00041,Spa,2026-04-25,4,250,1000
SER002258,BOOK000340,HOT0190,EMP00532,Breakfast,2024-09-17,4,2000,8000
SER002259,BOOK001765,HOT0014,EMP00587,Room Cleaning,2025-04-12,4,250,1000
SER002260,BOOK000728,HOT0039,EMP00168,Airport Pickup,2025-11-25,3,750,2250
SER002261,BOOK003727,HOT0122,EMP00374,Room Cleaning,2025-04-18,3,250,750
SER002262,BOOK002034,HOT0191,EMP00421,Spa,2025-09-25,2,1500,3000
SER002263,BOOK003463,HOT0155,EMP00258,Laundry,2025-02-02,2,1500,3000
SER002264,BOOK004349,HOT0124,EMP00296,Mini Bar,2026-04-10,2,250,500
SER002265,BOOK004731,HOT0138,EMP00752,Breakfast,2025-05-30,4,1000,4000
SER002266,BOOK003582,HOT0172,EMP00258,Gym,2026-02-11,2,500,1000
SER002267,BOOK003840,HOT0095,EMP00666,Laundry,2024-11-13,1,250,250
SER002268,BOOK004127,HOT0177,EMP00258,Spa,2024-11-16,1,250,250
SER002269,BOOK001634,HOT0229,EMP00510,Laundry,2024-10-12,2,1500,3000
SER002270,BOOK002438,HOT0085,EMP00556,Spa,2025-08-30,2,500,1000
SER002271,BOOK001646,HOT0155,EMP00790,Breakfast,2025-09-28,1,1000,1000
SER002272,BOOK004588,HOT0208,EMP00552,Breakfast,2025-09-25,4,750,3000
SER002273,BOOK000232,HOT0030,EMP00427,Spa,2026-04-01,2,750,1500
SER002274,BOOK004740,HOT0089,EMP00190,Lunch,2026-04-25,3,500,1500
SER002275,BOOK004918,HOT0082,EMP00206,Breakfast,2025-10-16,2,750,1500
SER002276,BOOK003971,HOT0026,EMP00587,Laundry,2026-03-25,2,2000,4000
SER002277,BOOK001622,HOT0089,EMP00254,Laundry,2025-10-13,4,1000,4000
SER002278,BOOK001467,HOT0035,EMP00464,Room Cleaning,2026-08-31,3,1000,3000
SER002279,BOOK000471,HOT0194,EMP00722,Swimming Pool,2025-08-22,3,750,2250
SER002280,BOOK001618,HOT0095,EMP00308,Room Cleaning,2024-12-28,3,1000,3000
SER002281,BOOK002650,HOT0087,EMP00417,Airport Pickup,2026-06-18,2,500,1000
SER002282,BOOK004159,HOT0219,EMP00746,Swimming Pool,2025-04-28,2,250,500
SER002283,BOOK003919,HOT0233,EMP00777,Gym,2026-02-27,1,250,250
SER002284,BOOK002223,HOT0135,EMP00642,Mini Bar,2025-01-20,3,1500,4500
SER002285,BOOK003215,HOT0068,EMP00675,Breakfast,2025-02-27,1,1000,1000
SER002286,BOOK002761,HOT0091,EMP00341,Dinner,2026-01-09,3,1500,4939
SER002287,BOOK003293,HOT0148,EMP00499,Swimming Pool,2026-07-14,4,1000,4000
SER002288,BOOK003557,HOT0128,EMP00130,Gym,2025-09-13,3,2000,6000
SER002289,BOOK000301,HOT0109,EMP00343,Swimming Pool,2025-08-01,1,500,500
SER002290,BOOK000986,HOT0049,EMP00380,Dinner,2026-02-14,1,250,250
SER002291,BOOK001661,HOT0029,EMP00506,Laundry,2025-02-15,2,750,1500
SER002292,BOOK003905,HOT0010,EMP00652,Laundry,2025-01-12,4,1000,4000
SER002293,BOOK001032,HOT0040,EMP00730,Breakfast,2025-01-09,1,2000,2000
SER002294,BOOK000437,HOT0190,EMP00357,Airport Pickup,2025-07-29,2,750,1500
SER002295,BOOK001025,HOT0156,EMP00541,Swimming Pool,2026-06-12,4,250,1000
SER002296,BOOK004039,HOT0005,EMP00608,Breakfast,2024-12-13,3,1500,4500
SER002297,BOOK003898,HOT0224,EMP00006,Dinner,2025-01-26,2,750,1500
SER002298,BOOK000560,HOT0047,EMP00159,Airport Pickup,2024-09-23,1,1000,1000
SER002299,BOOK002901,HOT0177,EMP00058,Room Cleaning,2025-08-06,1,2000,2000
SER002300,BOOK003638,HOT0106,EMP00376,Breakfast,2025-06-04,4,750,3000
SER002301,BOOK002384,HOT0249,EMP00071,Swimming Pool,2025-01-22,3,500,1500
SER002302,BOOK003406,HOT0094,EMP00194,Mini Bar,2026-04-15,2,500,1000
SER002303,BOOK004358,HOT0225,EMP00308,Room Cleaning,2026-05-31,4,2000,8000
SER002304,BOOK001076,HOT0019,EMP00763,Spa,2025-11-05,4,250,1000
SER002305,BOOK002869,HOT0138,EMP00431,Room Cleaning,2024-12-20,2,750,1500
SER002306,BOOK004699,HOT0143,EMP00421,Spa,2025-05-10,3,1500,4500
SER002307,BOOK003335,HOT0226,EMP00384,Laundry,2025-05-05,4,500,2000
SER002308,BOOK001204,HOT0193,EMP00603,Room Cleaning,2025-04-16,1,1000,1000
SER002309,BOOK000923,HOT0191,EMP00427,Mini Bar,2025-09-16,4,250,1000
SER002310,BOOK003947,HOT0234,EMP00013,Gym,2026-01-07,1,250,250
SER002311,BOOK001855,HOT0113,EMP00478,Dinner,2025-02-04,4,1000,4000
SER002312,BOOK001550,HOT0170,EMP00418,Laundry,2025-05-23,2,250,500
SER002313,BOOK000808,HOT0201,EMP00244,Breakfast,2025-12-04,3,250,750
SER002314,BOOK002803,HOT0020,EMP00380,Room Cleaning,2026-07-18,1,2000,2000
SER002315,BOOK001489,HOT0007,EMP00171,Gym,2024-09-28,4,1000,4000
SER002316,BOOK002443,HOT0113,EMP00471,Lunch,2025-09-01,3,250,750
SER002317,BOOK000002,HOT0008,EMP00464,Airport Pickup,2026-05-20,1,1000,1000
SER002318,BOOK000420,HOT0220,EMP00506,Dinner,2026-06-04,3,1000,3000
SER002319,BOOK002554,HOT0033,EMP00567,Lunch,2025-01-27,4,500,2000
SER002320,BOOK001736,HOT0057,,Airport Pickup,2025-12-25,1,500,500
SER002321,BOOK002402,HOT0187,EMP00068,Breakfast,2026-04-04,4,500,2000
SER002322,BOOK004874,HOT0111,EMP00688,Lunch,2026-09-24,1,1500,1500
SER002323,BOOK004374,HOT0150,EMP00474,Room Cleaning,2025-06-14,2,2000,4000
SER002324,BOOK003897,HOT0092,EMP00060,Room Cleaning,2025-01-30,2,1000,2000
SER002325,BOOK002335,HOT0166,EMP00224,Dinner,2025-08-10,2,500,1000
SER002326,BOOK003163,HOT0055,EMP00280,Swimming Pool,2026-04-24,3,1000,3000
SER002327,BOOK002957,HOT0149,EMP00300,Gym,2025-07-25,2,2000,4000
SER002328,BOOK002313,HOT0104,EMP00222,Dinner,2025-01-24,4,1500,6000
SER002329,BOOK001028,HOT0093,EMP00555,Dinner,2026-01-19,4,1500,6000
SER002330,BOOK004969,HOT0208,EMP00533,Airport Pickup,2026-07-08,4,1000,4000
SER002331,BOOK004703,HOT0199,EMP00448,Laundry,2025-08-21,2,250,500
SER002332,BOOK004519,HOT0142,EMP00386,Spa,2024-10-29,2,1500,3000
SER002333,BOOK003483,HOT0001,EMP00535,Mini Bar,2025-09-22,3,2000,6000
SER002334,BOOK003365,HOT0236,EMP00327,Mini Bar,2025-08-02,3,500,1500
SER002335,BOOK004013,HOT0039,EMP00201,Lunch,2024-11-05,2,2000,4000
SER002336,BOOK002304,HOT0139,EMP00727,Room Cleaning,2024-12-30,1,250,250
SER002337,BOOK000815,HOT0236,EMP00588,Spa,2025-05-10,4,250,1000
SER002338,BOOK003076,HOT0199,EMP00049,Laundry,2024-11-23,4,2000,8000
SER002339,BOOK002990,HOT0152,EMP00623,Mini Bar,2025-12-25,4,2000,8000
SER002340,BOOK000782,HOT0111,EMP00207,Dinner,2025-01-18,3,250,750
SER002341,BOOK004786,HOT0084,EMP00588,Mini Bar,2025-09-21,1,1000,1000
SER002342,BOOK003182,HOT0193,EMP00737,Swimming Pool,2026-08-06,3,250,750
SER002343,BOOK001435,HOT0211,EMP00798,Dinner,2025-12-31,2,750,1500
SER002344,BOOK004190,HOT0157,EMP00687,Gym,2026-04-06,4,1500,6000
SER002345,BOOK003853,HOT0057,EMP00661,Room Cleaning,2025-05-19,1,2000,2000
SER002346,BOOK003119,HOT0214,EMP00522,Lunch,2024-12-04,3,1000,3000
SER002347,BOOK001553,HOT0027,EMP00422,Dinner,2025-05-10,4,500,2000
SER002348,BOOK002516,HOT0195,EMP00454,Gym,2024-11-05,4,750,3000
SER002349,BOOK002067,HOT0058,EMP00081,Mini Bar,2025-01-29,4,500,2000
SER002350,BOOK000396,HOT0178,EMP00449,Spa,2025-10-07,4,250,1000
SER002351,BOOK001389,HOT0111,EMP00636,Laundry,2024-08-07,4,750,3000
SER002352,BOOK001432,HOT0164,EMP00649,Laundry,2026-07-08,4,1000,4000
SER002353,BOOK002498,HOT0213,EMP00696,Airport Pickup,2025-06-15,3,1500,4715
SER002354,BOOK001728,HOT0057,EMP00432,Spa,2024-12-04,4,2000,8498
SER002355,BOOK000918,HOT0027,EMP00013,Lunch,2024-10-31,4,1000,4000
SER002356,BOOK000722,HOT0048,EMP00766,Breakfast,2026-02-18,3,1500,4500
SER002357,BOOK002471,HOT0171,EMP00090,Spa,2026-09-03,4,250,1000
SER002358,BOOK001710,HOT0105,EMP00622,Breakfast,2024-11-26,3,2000,6000
SER002359,BOOK003346,HOT0058,EMP00329,Swimming Pool,2026-01-03,4,500,2000
SER002360,BOOK002032,HOT0186,EMP00391,Breakfast,2025-10-19,3,1000,3000
SER002361,BOOK003281,HOT0127,EMP00023,Lunch,2025-02-15,4,2000,8000
SER002362,BOOK003005,HOT0210,EMP00410,Gym,2026-09-10,3,1500,4500
SER002363,BOOK000555,HOT0246,EMP00654,Spa,2025-02-05,3,750,2250
SER002364,BOOK003093,HOT0184,EMP00138,Airport Pickup,2026-05-26,4,500,2000
SER002365,BOOK003635,HOT0113,EMP00237,Swimming Pool,2025-03-07,2,2000,4000
SER002366,BOOK000501,HOT0138,EMP00720,Spa,2026-02-07,4,1500,6000
SER002367,BOOK003348,HOT0102,EMP00359,Swimming Pool,2025-12-03,2,1000,2000
SER002368,BOOK000035,HOT0003,EMP00487,Airport Pickup,2025-08-06,2,250,500
SER002369,BOOK000585,HOT0036,EMP00255,Room Cleaning,2026-02-23,3,500,1500
SER002370,BOOK003426,HOT0014,EMP00095,Mini Bar,2026-02-11,2,500,1000
SER002371,BOOK002671,HOT0074,EMP00132,Swimming Pool,2026-06-06,4,1500,6000
SER002372,BOOK000591,HOT0176,EMP00680,Gym,2024-12-12,4,250,1000
SER002373,BOOK004925,HOT0094,EMP00091,Room Cleaning,2025-07-18,3,1000,3000
SER002374,BOOK002077,HOT0094,EMP00083,Dinner,2025-12-28,2,500,1000
SER002375,BOOK003720,HOT0173,EMP00299,Breakfast,2026-01-15,3,1500,4500
SER002376,BOOK004175,HOT0068,EMP00765,Breakfast,2025-01-30,3,250,750
SER002377,BOOK002079,HOT0011,EMP00608,Laundry,2026-05-02,2,2000,4000
SER002378,BOOK002683,HOT0057,EMP00634,Swimming Pool,2024-10-17,4,1000,4000
SER002379,BOOK002192,HOT0239,EMP00585,Swimming Pool,2026-06-26,4,750,3000
SER002380,BOOK000003,HOT0007,EMP00108,Gym,2025-05-07,1,1500,1500
SER002381,BOOK003440,HOT0113,EMP00189,Lunch,2024-10-18,4,500,2000
SER002382,BOOK002177,HOT0140,EMP00730,Room Cleaning,2025-09-14,2,2000,4000
SER002383,BOOK002467,HOT0197,EMP00603,Mini Bar,2025-04-26,3,500,1500
SER002384,BOOK003499,HOT0088,EMP00496,Swimming Pool,2026-03-26,3,750,2250
SER002385,BOOK003445,HOT0117,EMP00798,Breakfast,2026-02-09,1,2000,2000
SER002386,BOOK004369,HOT0065,EMP00111,Airport Pickup,2026-04-27,2,750,1500
SER002387,BOOK004093,HOT0061,EMP00759,Dinner,2025-01-26,2,250,500
SER002388,BOOK000271,HOT0105,EMP00353,Breakfast,2025-06-18,2,1500,3000
SER002389,BOOK002524,HOT0027,EMP00347,Laundry,2024-10-30,1,250,250
SER002390,BOOK002934,HOT0015,EMP00009,Breakfast,2024-10-01,2,750,1500
SER002391,BOOK000633,HOT0131,EMP00073,Airport Pickup,2026-06-24,1,750,750
SER002392,BOOK004598,HOT0209,EMP00537,Room Cleaning,2025-12-31,1,500,500
SER002393,BOOK002358,HOT0039,EMP00570,Laundry,2024-10-27,1,750,750
SER002394,BOOK000493,HOT0190,EMP00776,Dinner,2026-07-08,4,1000,4000
SER002395,BOOK002383,HOT0203,EMP00042,Airport Pickup,2025-05-09,4,1500,6000
SER002396,BOOK001789,HOT0203,EMP00038,Breakfast,2025-08-05,2,1000,2000
SER002397,BOOK001460,HOT0028,EMP00120,Gym,2025-11-18,2,750,1500
SER002398,BOOK002486,HOT0249,EMP00116,Breakfast,2025-04-05,3,250,750
SER002399,BOOK000707,HOT0056,EMP00606,Airport Pickup,2025-12-08,1,1500,1500
SER002400,BOOK002492,HOT0200,EMP00698,Airport Pickup,2026-08-21,4,2000,8000
SER002401,BOOK002827,HOT0081,EMP00759,Room Cleaning,2024-10-11,2,2000,4000
SER002402,BOOK003160,HOT0112,EMP00462,Lunch,2024-12-31,1,2000,2000
SER002403,BOOK000989,HOT0008,EMP00550,Gym,2024-11-24,1,2000,2000
SER002404,BOOK004306,HOT0163,EMP00339,Gym,2026-04-03,1,1500,1500
SER002405,BOOK000994,HOT0240,EMP00249,Mini Bar,2026-03-29,3,250,750
SER002406,BOOK001138,HOT0065,EMP00185,Room Cleaning,2025-01-10,3,500,1500
SER002407,BOOK002907,HOT0103,EMP00046,Room Cleaning,2026-05-21,1,1500,1500
SER002408,BOOK002448,HOT0112,EMP00236,Gym,2024-12-27,1,750,750
SER002409,BOOK004805,HOT0134,EMP00154,Airport Pickup,2025-06-10,3,250,750
SER002410,BOOK001294,HOT0141,EMP00620,Airport Pickup,2026-03-22,3,750,2250
SER002411,BOOK004382,HOT0085,EMP00569,Laundry,2026-01-18,2,2000,4000
SER002412,BOOK003212,HOT0234,EMP00436,Room Cleaning,2025-05-30,2,1000,2000
SER002413,BOOK000799,HOT0047,EMP00326,Lunch,2025-04-06,4,250,1000
SER002414,BOOK002140,HOT0017,EMP00331,Laundry,2025-08-04,1,2000,2000
SER002415,BOOK003460,HOT0189,EMP00559,Gym,2025-11-27,4,250,1000
SER002416,BOOK002989,HOT0112,EMP00050,Spa,2025-02-16,3,1000,3000
SER002417,BOOK000776,HOT0238,EMP00386,Gym,2025-01-30,2,1000,2000
SER002418,BOOK004333,HOT0043,EMP00509,Room Cleaning,2024-08-15,1,500,500
SER002419,BOOK004104,HOT0151,EMP00512,Spa,2026-09-16,2,1000,2000
SER002420,BOOK003650,HOT0080,EMP00233,Airport Pickup,2026-07-26,2,1000,2000
SER002421,BOOK002101,HOT0136,EMP00701,Laundry,2024-12-12,3,2000,6000
SER002422,BOOK000480,HOT0054,EMP00038,Room Cleaning,2025-05-26,2,2000,4000
SER002423,BOOK001873,HOT0174,EMP00260,Laundry,2025-05-17,2,1500,3000
SER002424,BOOK001864,HOT0235,EMP00034,Spa,2025-07-18,1,250,250
SER002425,BOOK002795,HOT0244,EMP00046,Breakfast,2025-03-25,4,1000,4000
SER002426,BOOK003778,HOT0068,EMP00324,Swimming Pool,2026-07-28,4,1000,4000
SER002427,BOOK003474,HOT0040,EMP00022,Swimming Pool,2026-04-08,1,500,500
SER002428,BOOK004065,HOT0028,EMP00257,Mini Bar,2026-07-21,3,1500,4500
SER002429,BOOK001602,HOT0108,EMP00208,Lunch,2025-12-04,3,2000,6000
SER002430,BOOK000063,HOT0197,EMP00149,Room Cleaning,2025-07-13,3,1000,3000
SER002431,BOOK003986,HOT0035,EMP00250,Laundry,2025-08-24,3,1000,3000
SER002432,BOOK001235,HOT0156,EMP00542,Room Cleaning,2026-03-09,1,2000,2000
SER002433,BOOK001987,HOT0051,EMP00495,Mini Bar,2025-11-06,3,750,2250
SER002434,BOOK003987,HOT0130,EMP00134,Lunch,2025-10-09,4,250,1000
SER002435,BOOK003792,HOT0181,EMP00210,Dinner,2025-06-26,4,250,1000
SER002436,BOOK001926,HOT0039,EMP00590,Lunch,2025-11-15,1,250,250
SER002437,BOOK002250,HOT0088,EMP00579,Gym,2026-05-10,2,2000,4000
SER002438,BOOK003580,HOT0065,EMP00505,Gym,2025-05-06,1,1500,1500
SER002439,BOOK001911,HOT0028,EMP00331,Gym,2026-03-05,4,2000,8000
SER002440,BOOK003852,HOT0070,EMP00686,Room Cleaning,2025-01-22,4,1000,4000
SER002441,BOOK001904,HOT0008,EMP00152,Breakfast,2026-07-18,2,750,1500
SER002442,BOOK003777,HOT0242,EMP00214,Breakfast,2026-03-01,1,750,750
SER002443,BOOK004027,HOT0173,EMP00711,Laundry,2024-10-22,2,750,1500
SER002444,BOOK001752,HOT0193,EMP00455,Swimming Pool,2026-05-05,3,1000,3000
SER002445,BOOK003718,HOT0107,EMP00322,Mini Bar,2024-10-12,3,1000,3000
SER002446,BOOK001994,HOT0202,EMP00364,Mini Bar,2024-10-19,1,1500,1500
SER002447,BOOK003891,HOT0044,EMP00342,Room Cleaning,2025-10-27,1,500,500
SER002448,BOOK002798,HOT0159,EMP00138,Airport Pickup,2026-07-11,1,250,250
SER002449,BOOK003420,HOT0060,EMP00681,Airport Pickup,2026-06-14,1,500,500
SER002450,BOOK002454,HOT0102,EMP00450,Swimming Pool,2026-01-05,1,250,250
SER002451,BOOK003531,HOT0014,EMP00599,Room Cleaning,2025-11-06,2,1500,3000
SER002452,BOOK000038,HOT0248,EMP00289,Breakfast,2026-07-14,3,1500,4500
SER002453,BOOK001362,HOT0222,EMP00201,Gym,2025-12-25,3,500,1500
SER002454,BOOK004189,HOT0176,EMP00448,Laundry,2024-11-26,2,750,1500
SER002455,BOOK001839,HOT0092,EMP00618,Breakfast,2024-10-17,4,750,3000
SER002456,BOOK001212,HOT0053,EMP00568,Laundry,2026-05-16,1,1000,1000
SER002457,BOOK004035,HOT0165,EMP00740,Laundry,2025-12-31,1,1500,1500
SER002458,BOOK002740,HOT0210,EMP00306,Spa,2025-04-04,3,1500,4500
SER002459,BOOK004715,HOT0101,EMP00182,Lunch,2024-09-16,1,1000,1000
SER002460,BOOK001595,HOT0051,EMP00497,Swimming Pool,2025-06-23,2,750,1500
SER002461,BOOK000360,HOT0218,EMP00082,Dinner,2026-06-24,3,250,750
SER002462,BOOK003207,HOT0109,EMP00759,Mini Bar,2025-10-26,2,2000,4000
SER002463,BOOK003184,HOT0216,EMP00244,Airport Pickup,2025-05-07,3,750,2250
SER002464,BOOK001677,HOT0047,EMP00018,Gym,2024-10-25,4,1000,4000
SER002465,BOOK001171,HOT0089,EMP00297,Spa,2025-05-11,1,1500,1500
SER002466,BOOK002752,HOT0195,EMP00253,Room Cleaning,2025-01-21,4,500,2000
SER002467,BOOK000229,HOT0195,EMP00123,Swimming Pool,2025-09-02,4,1500,6000
SER002468,BOOK001968,HOT0171,EMP00303,Gym,2025-08-17,4,750,3000
SER002469,BOOK004103,HOT0168,EMP00728,Dinner,2025-06-09,3,250,750
SER002470,BOOK002745,HOT0103,EMP00502,Breakfast,2025-12-18,3,250,750
SER002471,BOOK004497,HOT0244,EMP00770,Mini Bar,2025-05-03,2,2000,4000
SER002472,BOOK001641,HOT0142,EMP00149,Airport Pickup,2025-09-28,1,500,500
SER002473,BOOK000101,HOT0091,EMP00675,Swimming Pool,2025-04-02,3,2000,6000
SER002474,BOOK000796,HOT0151,EMP00699,Spa,2025-12-09,1,750,750
SER002475,BOOK003787,HOT0163,EMP00536,Laundry,2025-01-12,2,2000,4000
SER002476,BOOK002843,HOT0018,EMP00511,Laundry,2026-03-04,3,2000,6000
SER002477,BOOK000747,HOT0042,EMP00330,Lunch,2026-02-05,3,1500,4500
SER002478,BOOK004682,HOT0142,EMP00780,Dinner,2024-11-23,2,1500,3000
SER002479,BOOK002611,HOT0018,EMP00569,Breakfast,2026-05-24,3,750,2250
SER002480,BOOK001109,HOT0088,EMP00707,Gym,2026-06-21,2,1500,3000
SER002481,BOOK002453,HOT0201,EMP00701,Gym,2025-07-05,2,750,1500
SER002482,BOOK000265,HOT0121,EMP00438,Swimming Pool,2025-09-18,2,1500,3000
SER002483,BOOK003129,HOT0090,EMP00328,Mini Bar,2025-02-22,4,750,3000
SER002484,BOOK001696,HOT0192,EMP00423,Dinner,2025-09-04,1,500,500
SER002485,BOOK002953,HOT0219,EMP00610,Lunch,2026-04-07,1,1500,1500
SER002486,BOOK001558,HOT0202,EMP00378,Spa,2024-10-24,2,1500,3000
SER002487,BOOK004723,HOT0029,EMP00437,Mini Bar,2026-06-06,1,2000,2000
SER002488,BOOK001195,HOT0131,EMP00006,Breakfast,2025-01-27,2,500,1000
SER002489,BOOK003143,HOT0001,EMP00027,Room Cleaning,2025-03-29,3,2000,6000
SER002490,BOOK000533,HOT0123,EMP00495,Lunch,2025-04-02,1,250,250
SER002491,BOOK001691,HOT0139,EMP00319,Swimming Pool,2026-03-21,2,500,1000
SER002492,BOOK003238,HOT0115,EMP00182,Room Cleaning,2026-04-13,4,1500,6000
SER002493,BOOK001605,HOT0124,EMP00297,Gym,2024-09-19,1,1000,1000
SER002494,BOOK001935,HOT0004,,Airport Pickup,2025-06-30,1,750,750
SER002495,BOOK004278,HOT0039,EMP00437,Lunch,2025-03-16,4,2000,8000
SER002496,BOOK000892,HOT0202,EMP00609,Mini Bar,2025-04-22,1,750,750
SER002497,BOOK002145,HOT0241,EMP00082,Swimming Pool,2025-11-10,4,250,1000
SER002498,BOOK001023,HOT0149,EMP00130,Swimming Pool,2026-01-20,4,500,2000
SER002499,BOOK001119,HOT0045,EMP00424,Dinner,2026-07-17,1,750,750
SER002500,BOOK002797,HOT0107,EMP00675,Laundry,2024-08-18,3,500,1500
SER001771,BOOK003661,HOT0066,EMP00456,Lunch,2026-06-13,2,250,500
SER002310,BOOK003947,HOT0234,EMP00013,Gym,2026-01-07,1,250,250
SER001891,BOOK003001,HOT0056,EMP00462,Swimming Pool,2026-06-17,2,250,500
SER001404,BOOK004635,HOT0185,EMP00110,Spa,2025-04-02,1,1500,1500
SER001262,BOOK004858,HOT0011,EMP00639,Room Cleaning,2025-05-03,2,1000,2000
SER001412,BOOK003731,HOT0011,EMP00784,Airport Pickup,2025-01-04,2,500,1000
SER000491,BOOK001543,HOT0112,EMP00745,Spa,2026-07-22,2,500,1000
SER000007,BOOK004239,HOT0090,EMP00622,Mini Bar,2025-06-16,2,250,500
SER000424,BOOK001310,HOT0105,EMP00741,Gym,2024-12-30,3,2000,6000
SER000957,BOOK004884,HOT0012,EMP00039,Room Cleaning,2024-08-10,2,1000,2000
SER000765,BOOK002790,HOT0030,EMP00749,Gym,2024-11-10,1,250,250
SER000078,BOOK003363,HOT0063,EMP00433,Room Cleaning,2025-04-11,1,750,750
SER000836,BOOK004237,HOT0247,EMP00602,Laundry,2026-06-13,1,750,750
SER002277,BOOK001622,HOT0089,EMP00254,Laundry,2025-10-13,4,1000,4000
SER000486,BOOK000658,HOT0212,EMP00466,Dinner,2025-06-03,2,1500,3000
SER000014,BOOK002373,HOT0011,EMP00722,Spa,2025-11-29,4,1000,4000
SER000340,BOOK001205,HOT0208,EMP00246,Dinner,2025-01-04,1,2000,2000
SER000367,BOOK002233,HOT0088,EMP00289,Breakfast,2025-08-18,1,2000,2000
SER000831,BOOK000721,HOT0185,EMP00344,Dinner,2026-07-29,4,250,1000
SER001402,BOOK003769,HOT0026,EMP00435,Airport Pickup,2025-06-21,1,750,750
SER002216,BOOK003648,HOT0106,EMP00236,Laundry,2026-02-03,2,750,1500
SER002238,BOOK002540,HOT0036,EMP00038,Gym,2026-04-24,4,2000,8000
SER000255,BOOK002977,HOT0008,EMP00255,Airport Pickup,2026-02-17,2,500,1000
SER001827,BOOK003431,HOT0089,EMP00021,Airport Pickup,2025-10-23,1,250,250
SER001155,BOOK001451,HOT0244,EMP00543,Laundry,2026-03-30,2,750,1500
SER000547,BOOK004564,HOT0074,EMP00070,Laundry,2026-03-27,2,750,1500
SER001636,BOOK002160,HOT0068,EMP00130,Room Cleaning,2026-02-16,1,500,500
SER002453,BOOK001362,HOT0222,EMP00201,Gym,2025-12-25,3,500,1500
SER001965,BOOK001112,HOT0061,EMP00715,Mini Bar,2025-05-24,3,750,2250
SER001702,BOOK003774,HOT0153,EMP00268,Breakfast,2025-01-27,1,500,500
SER000201,BOOK004548,HOT0139,EMP00335,Spa,2026-03-26,2,1500,3000
SER000320,BOOK000323,HOT0045,EMP00253,Spa,2025-03-20,3,750,2250
SER000739,BOOK001954,HOT0218,EMP00058,Room Cleaning,2024-12-27,2,1000,2000
SER001784,BOOK004329,HOT0079,EMP00593,Lunch,2025-08-02,2,2000,4000
SER001367,BOOK004839,HOT0234,EMP00697,Dinner,2026-08-06,4,500,2000
SER000164,BOOK003425,HOT0246,EMP00126,Gym,2025-12-07,-1,1500,1500
SER000956,BOOK003134,HOT0049,EMP00289,Spa,2025-01-31,1,1500,1500
SER001253,BOOK001255,HOT0095,EMP00469,Room Cleaning,2024-11-27,3,750,2250
SER000344,BOOK000804,HOT0146,EMP00361,Breakfast,2024-08-23,2,2000,4000
SER002024,BOOK003668,HOT0062,EMP00782,Mini Bar,2026-01-06,-1,1000,2000
SER001528,BOOK002439,HOT0057,EMP00781,Room Cleaning,2026-04-22,2,250,500
SER000644,BOOK003757,HOT0215,EMP00497,Lunch,2024-11-05,4,750,3000
SER000435,BOOK001022,HOT0063,EMP00392,Room Cleaning,2025-12-29,2,750,1500
SER000204,BOOK000797,HOT0134,EMP00497,Swimming Pool,2025-07-31,-1,250,250
SER002184,BOOK001488,HOT0187,EMP00151,Dinner,2025-06-11,4,500,2000
SER000176,BOOK002703,HOT0238,EMP00277,Airport Pickup,2026-01-16,2,1000,2000
SER000827,BOOK004281,HOT0042,EMP00221,Spa,2026-07-06,3,1500,4500
SER001180,BOOK004752,HOT0106,EMP00487,Swimming Pool,2025-05-26,4,1000,4000
SER001499,BOOK000748,HOT0219,EMP00153,Airport Pickup,2025-10-13,3,2000,6000
SER001818,BOOK003692,HOT0073,EMP00422,Dinner,2025-10-19,3,750,2250
