customer_id,first_name,last_name,gender,dob,email,phone,city,state,country,loyalty_tier,registration_date,status
CUST000001,Corey,Blevins,Male,2001-04-18,corey.blevins@gmail.com,0155499694,Singapore,Singapore,Singapore,Silver,2026-06-22,Inactive
CUST000002,Wanda,Day,Male,1996-03-13,wanda.day@hotmail.com,2139718895,Chennai,Tamil Nadu,India,Platinum,2026-05-24,Active
CUST000003,Timothy,Serrano,Female,1995-10-10,timothy.serrano@gmail.com,8072447307,Mumbai,Maharashtra,India,Gold,2026-05-24,Inactive
CUST000004,Lisa,Higgins,Female,1973-09-04,lisa.higgins@gmail.com,6491069866,Delhi,Delhi,India,Gold,2023-12-23,Active
CUST000005,Brenda,James,Female,1996-01-06,brenda.james@outlook.com,8636148098,Hyderabad,Telangana,India,Silver,2026-04-20,Active
CUST000006,Robin,Garcia,Female,1974-10-24,robin.garcia@hotmail.com,9403774176,Sydney,New South Wales,Australia,Gold,2025-03-18,Inactive
CUST000007,Rebecca,Barrett,Male,1990-07-15,rebecca.barrett@yahoo.com,7866906712,Sydney,New South Wales,Australia,Silver,2025-11-02,Active
CUST000008,Steven,Moses,Male,1967-01-10,steven.moses@hotmail.com,0284781983,New York,New York,United States,Diamond,2026-05-04,Active
CUST000009,Corey,Palmer,Male,1968-10-13,corey.palmer@yahoo.com,1426177868,Bengaluru,Karnataka,India,Diamond,2024-01-07,Active
CUST000010,Darrell,Garcia,Male,1966-08-24,darrell.garcia@hotmail.com,0791514885,Chennai,Tamil Nadu,India,Diamond,2026-05-04,Active
CUST000011,Ronald,Webster,Male,1959-07-28,ronald.webster@yahoo.com,8734188660,Sydney,New South Wales,Australia,Diamond,2024-07-26,Active
CUST000012,Roger,Thomas,Male,1968-03-27,roger.thomas@yahoo.com,5555371884,Dubai,Dubai,UAE,Silver,2022-01-28,Active
CUST000013,Michael,Christian,Female,1979-12-26,michael.christian@yahoo.com,2922911415,London,England,United Kingdom,Diamond,2021-12-22,Active
CUST000014,Lucas,Hodges,Male,1993-05-24,,7691175780,Delhi,Delhi,India,Platinum,2024-09-17,Inactive
CUST000015,Thomas,Nguyen,Male,1983-06-15,thomas.nguyen@hotmail.com,2046468722,Chennai,Tamil Nadu,India,Platinum,2023-04-08,Inactive
CUST000016,Kristy,Austin,Female,2001-04-30,kristy.austin@yahoo.com,7742369483,Bengaluru,Karnataka,India,Gold,2023-10-03,Active
CUST000017,Hannah,Watson,Male,1971-01-29,@gmail.com,0543455224,Chennai,Tamil Nadu,India,Gold,2026-06-13,Inactive
CUST000018,Nichole,Gonzalez,Female,1971-09-22,nichole.gonzalez@yahoo.com,9665326724,London,England,United Kingdom,Platinum,2022-08-23,Active
CUST000019,Christopher,Mcclain,Female,1999-09-10,christopher.mcclain@yahoo.com,1649190984,Dubai,Dubai,UAE,Platinum,2025-08-01,Active
CUST000020,Carrie,Simmons,Male,1968-08-24,carrie.simmons@gmail.com,7267474989,Bengaluru,Karnataka,India,Platinum,2023-12-15,Active
CUST000021,Sean,Cline,Male,1962-02-02,sean.cline@yahoo.com,8707456971,New York,New York,United States,Diamond,2021-11-18,Active
CUST000022,Victoria,Wheeler,Female,1957-12-28,victoria.wheeler@outlook.com,8294952024,Bengaluru,Karnataka,India,Platinum,2024-05-02,Active
CUST000023,Crystal,Savage,Female,1975-11-18,crystal.savage@yahoo.com,3438146031,New York ,New York,United States,Platinum,2023-01-16,Active
CUST000024,James,Hale,Female,1974-03-06,james.hale@yahoo.com,7859781288,Chennai,Tamil Nadu,India,Gold,2022-09-07,Inactive
CUST000025,Jessica,Reid,Male,1993-04-08,jessica.reid@hotmail.com,6561245380,Chennai,Tamil Nadu,India,Diamond,2026-05-04,Inactive
CUST000026,Jose,Morrison,Female,2004-09-27,@gmail.com,7887378184,Dubai,Dubai,UAE,Gold,2025-10-28,Inactive
CUST000027,Sarah,Conrad,Female,1992-09-05,sarah.conrad@hotmail.com,7593213076,Delhi,Delhi,India,Platinum,2021-12-30,Active
CUST000028,Katherine,Sloan,Female,1971-04-18,katherine.sloan@hotmail.com,9265272004,Bengaluru,Karnataka,India,Diamond,2022-02-28,Active
CUST000029,Andrea,Pope,Female,1977-02-16,andrea.pope@gmail.com,3958718805,Mumbai,Maharashtra,India,Diamond,2024-12-08,Active
CUST000030,Alicia,Murphy,Male,1987-08-14,alicia.murphy@outlook.com,3306607505,Dubai,Dubai,UAE,Diamond,2024-11-15,Active
CUST000031,Stephanie,Jones,Female,1976-09-18,stephanie.jones@outlook.com,4780825202,Dubai,Dubai,UAE,Diamond,2024-05-03,Active
CUST000032,Zachary,Reed,Male,1998-06-06,,8837721596,London,England,United Kingdom,Diamond,2023-09-03,Inactive
CUST000033,Jocelyn,Lowe,Female,1961-04-17,jocelyn.lowe@gmail.com,4173806880,Sydney,New South Wales,Australia,Diamond,2022-07-24,Active
CUST000034,Theresa,Wells,Female,1985-02-10,gmail.com,2018702069,Delhi,Delhi,India,Silver,2025-10-29,Active
CUST000035,Nancy,Williams,Female,1995-04-25,nancy.williams@hotmail.com,0419166471,Mumbai,Maharashtra,India,Gold,2021-10-20,Inactive
CUST000036,Erin,Owen,Male,2007-03-04,erin.owen@outlook.com,6022022959,Hyderabad,Telangana,India,Diamond,2025-08-04,Inactive
CUST000037,Scott,Williams,Male,1969-04-08,scott.williams@hotmail.com,7481253660,Hyderabad,Telangana,India,Diamond,2021-10-29,Active
CUST000038,Dennis,Herring,Female,1971-01-28,dennis.herring@hotmail.com,2751245334,Delhi,Delhi,India,Silver,2025-02-26,Inactive
CUST000039,Jason,Baldwin,Female,2000-06-06,jason.baldwin@yahoo.com,3313226629,London,England,United Kingdom,Silver,2022-09-06,Active
CUST000040,Helen,Stewart,Female,1989-12-24,helen.stewart@hotmail.com,,Singapore,Singapore,Singapore,Gold,2026-01-05,Active
CUST000041,James,Henderson,Male,1959-03-11,james.henderson@yahoo.com,6219442882,London,England,United Kingdom,Platinum,2022-05-22,Inactive
CUST000042,Steven,Flynn,Female,1987-04-30,steven.flynn@hotmail.com,6604910997,Sydney,New South Wales,Australia,Gold,2024-01-03,Active
CUST000043,Michael,Wood,Female,2007-03-06,michael.wood@yahoo.com,0496510600, Dubai,Dubai,UAE,Gold,2026-07-06,Inactive
CUST000044,Ashley,Russell,Male,1959-12-29,ashley.russell@hotmail.com,3687943763,Sydney,New South Wales,Australia,Silver,2025-08-28,Inactive
CUST000045,Alexander,Massey,Male,1964-08-29,alexander.massey@yahoo.com,8115181911,Dubai,Dubai,UAE,Diamond,2022-06-19,Active
CUST000046,Isabel,Anderson,Female,1983-08-03,isabel.anderson@outlook.com,2625058891,Delhi,Delhi,India,Gold,2025-07-30,Active
CUST000047,Peter,Morgan,Female,1984-03-24,peter.morgan@yahoo.com,6403858684,Singapore,Singapore,Singapore,Silver,2023-12-30,Active
CUST000048,Kayla,Jacobs,Male,1962-08-21,kayla.jacobs@gmail.com,7220479461,Dubai,Dubai,UAE,Gold,2023-01-16,Inactive
CUST000049,Harold,Moreno,Male,1987-05-03,harold.moreno@outlook.com,5033765715,Delhi,Delhi,India,Gold,2025-12-30,Active
CUST000050,Kathleen,Edwards,Male,1998-12-21,###@gmail.com,3795985153,New York,New York,United States,Gold,2021-08-10,Inactive
CUST000051,Andrew,Bailey,Female,1972-01-11,andrew.bailey@outlook.com,8239997877,Mumbai,Maharashtra,India,Silver,2023-03-17,Active
CUST000052,Sarah,Roberts,Female,1993-01-30,,6259424778,Chennai,Tamil Nadu,India,Diamond,2025-07-21,Inactive
CUST000053,Lisa,Scott,Male,1988-07-25,lisa.scott@outlook.com,8099038679,Chennai,Tamil Nadu,India,Silver,2025-08-03,Inactive
CUST000054,Cody,Nguyen,Female,2007-05-22,cody.nguyen@gmail.com,0755699223,DUBAI,Dubai,UAE,Gold,2026-04-11,Inactive
CUST000055,Hannah,Johnson,Female,1963-01-24,hannah.johnson@hotmail.com,9727629129,Delhi,Delhi,India,Platinum,2023-03-02,Active
CUST000056,David,Cox,Female,1984-11-09,david.cox@yahoo.com,3793922753,Bengaluru,Karnataka,India,Diamond,2021-11-30,Active
CUST000057,Hayley,Webb,Female,1969-07-08,hayley.webb@hotmail.com,9100386812,London,England,United Kingdom,Diamond,2026-05-30,Active
CUST000058,Jack,Dickerson,Female,1978-03-14,jack.dickerson@gmail.com,5087277202,Chennai,Tamil Nadu,India,Silver,2023-06-10,Active
CUST000059,Jessica,Cherry,Female,1969-04-22,jessica.cherry@gmail.com,8765606536,Hyderabad,Telangana,India,Diamond,2022-07-14,Active
CUST000060,Emily,Taylor,Female,1979-06-08,emily.taylor@yahoo.com,1117272973,Bengaluru,Karnataka,India,Platinum,2025-05-24,Active
CUST000061,Morgan,Snow,Male,1987-05-11,morgan.snow@outlook.com,5081940671,Delhi,Delhi,India,Diamond,2021-10-14,Inactive
CUST000062,Bryan,Martin,Female,1989-05-06,bryan.martin@outlook.com,0658359367,Hyderabad,Telangana,India,Silver,2024-04-01,Active
CUST000063,Tyler,Jones,Female,1978-10-11,tyler.jones@gmail.com,8177318958,Mumbai,Maharashtra,India,Gold,2023-07-04,Inactive
CUST000064,Sarah,Davis,Female,1986-04-01,sarah.davis@yahoo.com,0795737083,Sydney,New South Wales,Australia,Platinum,2022-06-27,Inactive
CUST000065,Timothy,Harrison,Male,1998-11-14,timothy.harrison@yahoo.com,3144170813,Delhi,Delhi,India,Diamond,2023-08-16,Inactive
CUST000066,Katrina,Phillips,Female,1993-04-25,katrina.phillips@outlook.com,2266138040,Hyderabad,Telangana,India,Platinum,2022-10-23,Inactive
CUST000067,Anthony,Cuevas,Female,2007-08-18,anthony.cuevas@hotmail.com,5330842653,Delhi,Delhi,India,Platinum,2026-04-30,Inactive
CUST000068,Brandi,Robinson,Female,1980-10-14,brandi.robinson@gmail.com,0827642287,Hyderabad,Telangana,India,Silver,2022-01-02,Inactive
CUST000069,James,Wilson,Female,1962-09-29,james.wilson@hotmail.com,9382209785,London,England,United Kingdom,Gold,2021-11-14,Inactive
CUST000070,Lisa,Becker,Female,1979-11-14,lisa.becker@yahoo.com,4596851508,Sydney,New South Wales,Australia,Silver,2022-01-15,Active
CUST000071,Derrick,Rice,Male,1966-12-11,gmail.com,3155849345,Bengaluru,Karnataka,India,Platinum,2021-09-16,Active
CUST000072,Brandi,Shannon,Male,2001-03-21,brandi.shannon@outlook.com,7974141857,Dubai,Dubai,UAE,Silver,2025-10-30,Active
CUST000073,Angela,Martin,Female,2002-10-07,angela.martin@hotmail.com,1711434433,Singapore,Singapore,Singapore,Platinum,2022-11-11,Inactive
CUST000074,Jamie,Thomas,Male,1983-12-31,jamie.thomas@gmail.com,2677748272,Delhi,Delhi,India,Gold,2025-09-28,Active
CUST000075,William,Ray,Male,2001-09-05,william.ray@yahoo.com,3752880917,Chennai,Tamil Nadu,India,Platinum,2023-05-07,Active
CUST000076,Todd,Miller,Female,1996-07-26,todd.miller@outlook.com,9003116010,SYDNEY,New South Wales,Australia,Silver,2025-01-25,Inactive
CUST000077,Amanda,Fischer,Male,1982-07-17,amanda.fischer@outlook.com,4669980510,New York,New York,United States,Diamond,2022-12-16,Active
CUST000078,Lisa,Collins,Female,1972-11-23,,4878313365,Bengaluru,Karnataka,India,Gold,2023-06-04,Active
CUST000079,Jessica,Meyers,Male,2005-02-01,jessica.meyers@outlook.com,8161655898,Delhi,Delhi,India,Gold,2024-12-13,Inactive
CUST000080,Tom,Smith,Male,1985-07-31,tom.smith@hotmail.com,5154215967,Mumbai,Maharashtra,India,Gold,2024-10-13,Active
CUST000081,Nancy,Morton,Female,1998-10-30,nancy.morton@outlook.com,7704948514,Singapore,Singapore,Singapore,Diamond,2024-04-22,Inactive
CUST000082,Kimberly,Hall,Female,2004-11-05,kimberly.hall@yahoo.com,1576645352,Hyderabad,Telangana,India,Silver,2024-06-10,Active
CUST000083,Luke,Snow,Female,1965-05-18,luke.snow@outlook.com,9940099861,Bengaluru,Karnataka,India,Platinum,2026-03-12,Inactive
CUST000084,Timothy,Taylor,Male,2004-11-04,timothy.taylor@outlook.com,2511936250,Chennai,Tamil Nadu,India,Silver,2022-04-06,Inactive
CUST000085,Regina,Harris,Male,1971-10-25,regina.harris@outlook.com,0719825581,Dubai,Dubai,UAE,Silver,2022-06-07,Inactive
CUST000086,Lisa,Smith,Female,2005-08-23,lisa.smith@gmail.com,4962693874,London,England,United Kingdom,Platinum,2022-04-21,Active
CUST000087,Alicia,Johnson,Female,1990-05-23,alicia.johnson@outlook.com,4487081752,Bengaluru,Karnataka,India,Diamond,2023-12-08,Active
CUST000088,Amanda,Hall,Male,1983-06-17,amanda.hall@gmail.com,4751605283,Delhi,Delhi,India,Diamond,2023-09-22,Inactive
CUST000089,Brooke,Graham,Female,2003-05-15,brooke.graham@hotmail.com,8414207504,Hyderabad,Telangana,India,Platinum,2022-04-01,Inactive
CUST000090,Rachael,Hurst,Male,1983-08-12,rachael.hurst@hotmail.com,8192999054,Sydney,New South Wales,Australia,Platinum,2023-01-22,Active
CUST000091,Melissa,Douglas,Male,1994-04-27,melissa.douglas@hotmail.com,4542841253,Delhi,Delhi,India,Silver,2022-12-07,Inactive
CUST000092,Joshua,Ho,Male,1987-09-26,joshua.ho@gmail.com,9485724780, Dubai,Dubai,UAE,Platinum,2023-10-11,Inactive
CUST000093,Michelle,Duran,Male,2000-10-20,michelle.duran@outlook.com,0866447649,Bengaluru,Karnataka,India,Silver,2026-02-27,Inactive
CUST000094,Joseph,Turner,Male,1994-09-08,joseph.turner@gmail.com,0278089617,DUBAI,Dubai,UAE,Gold,2023-05-06,Active
CUST000095,Amanda,Smith,Female,1987-05-12,amanda.smith@hotmail.com,0026068587,Chennai,Tamil Nadu,India,Platinum,2022-08-14,Active
CUST000096,Alex,Lynch,Male,1998-08-25,alex.lynch@hotmail.com,4633499133,New York,New York,United States,Platinum,2023-09-22,Inactive
CUST000097,Kathryn,Martinez,Female,1984-05-19,kathryn.martinez@gmail.com,0967504926,Mumbai ,Maharashtra,India,Diamond,2022-11-29,Inactive
CUST000098,Christopher,Kennedy,Female,1973-02-18,christopher.kennedy@gmail.com,3191484575,New York,New York,United States,Platinum,2022-10-20,Inactive
CUST000099,Kyle,Stephens,Male,1967-09-05,kyle.stephens@outlook.com,8102185444,Mumbai,Maharashtra,India,Silver,2023-03-28,Inactive
CUST000100,Ryan,Long,Female,1955-10-02,ryan.long@gmail.com,0171532995,London,England,United Kingdom,Diamond,2022-08-04,Inactive
CUST000101,Lori,Myers,Female,1972-04-07,lori.myers@outlook.com,0690180724,Singapore,Singapore,Singapore,Silver,2026-05-07,Inactive
CUST000102,Rebecca,Cabrera,Female,1969-06-03,rebecca.cabrera@outlook.com,2918377351,New York,New York,United States,Platinum,2022-04-06,Inactive
CUST000103,Andrea,Nelson,Female,1997-09-24,andrea.nelson@gmail.com,1587475853,Mumbai,Maharashtra,India,Gold,2025-10-03,Inactive
CUST000104,Adam,Robinson,Male,1969-03-23,john@gmail,4107237185,Hyderabad,Telangana,India,Gold,2022-04-18,Inactive
CUST000105,Christina,Maynard,Male,1993-06-18,christina.maynard@outlook.com,7035082453,Chennai,Tamil Nadu,India,Gold,2026-06-30,Inactive
CUST000106,Samantha,Hansen,Male,1987-02-26,samantha.hansen@outlook.com,3571327522, Dubai,Dubai,UAE,Gold,2021-12-31,Active
CUST000107,Crystal,Bates,Male,1961-01-30,crystal.bates@gmail.com,5056801456,Singapore,Singapore,Singapore,Silver,2023-02-28,Active
CUST000108,Mark,Pacheco,Male,1993-02-06,mark.pacheco@yahoo.com,9247870766, Delhi ,Delhi,India,Silver,2024-12-19,Active
CUST000109,Cynthia,Smith,Male,1969-09-28,cynthia.smith@hotmail.com,6873901880,Chennai,Tamil Nadu,India,Diamond,2023-08-28,Active
CUST000110,Kathryn,Russell,Male,1956-04-22,kathryn.russell@outlook.com,4277059503,Singapore,Singapore,Singapore,Diamond,2023-12-02,Active
CUST000111,Christopher,Green,Male,1995-12-06,christopher.green@gmail.com,5909449544,Chennai,Tamil Nadu,India,Silver,2025-01-13,Active
CUST000112,Monica,Burgess,Male,1994-09-09,monica.burgess@yahoo.com,1255817569,Chennai,Tamil Nadu,India,Diamond,2024-01-08,Active
CUST000113,Kimberly,Davis,Female,2000-05-03,kimberly.davis@yahoo.com,7494776509,Delhi,Delhi,India,Platinum,2024-10-31,Inactive
CUST000114,William,Mosley,Female,2007-05-24,william.mosley@outlook.com,7058167190,Chennai,Tamil Nadu,India,Silver,2023-03-30,Inactive
CUST000115,Wanda,Wilson,Female,1966-04-29,wanda.wilson@outlook.com,0184400738,Dubai,Dubai,UAE,Platinum,2023-08-21,Inactive
CUST000116,Sarah,Griffin,Female,1999-07-18,sarah.griffin@gmail.com,7273465179,Delhi,Delhi,India,Silver,2021-10-05,Active
CUST000117,Sara,Jones,Male,1995-02-24,sara.jones@yahoo.com,8715177228,New York,New York,United States,Diamond,2023-07-11,Inactive
CUST000118,Stephen,Barker,Female,1959-07-16,stephen.barker@yahoo.com,2545535986,Dubai,Dubai,UAE,Silver,2024-07-16,Active
CUST000119,Nicole,Pacheco,Female,1971-11-17,nicole.pacheco@hotmail.com,6628226068,Delhi ,Delhi,India,Silver,2022-06-25,Active
CUST000120,Michael,Ford,Male,2002-06-20,abc@,1257173006,Singapore,Singapore,Singapore,Diamond,2024-03-31,Active
CUST000121,Joshua,Cowan,Female,1995-09-09,joshua.cowan@hotmail.com,7998455667,Chennai,Tamil Nadu,India,Gold,2024-05-18,Active
CUST000122,Shawn,Robles,Female,1965-04-07,shawn.robles@gmail.com,5450846314,Hyderabad,Telangana,India,Diamond,2025-01-10,Active
CUST000123,Angela,Carroll,Female,1994-11-15,angela.carroll@yahoo.com,9288816248,Singapore,Singapore,Singapore,Gold,2022-06-23,Active
CUST000124,Gina,Rodgers,Female,2000-02-16,gina.rodgers@gmail.com,3127759460,Singapore,Singapore,Singapore,Diamond,2023-11-16,Inactive
CUST000125,Joseph,Clarke,Female,1983-06-09,joseph.clarke@yahoo.com,2414982581,Mumbai,Maharashtra,India,Gold,2024-12-01,Active
CUST000126,Melissa,Johnson,Female,1993-04-21,melissa.johnson@outlook.com,1124224163,London,England,United Kingdom,Gold,2025-05-18,Inactive
CUST000127,Sarah,Maxwell,Female,1990-01-18,sarah.maxwell@outlook.com,,Singapore,Singapore,Singapore,Silver,2025-09-19,Inactive
CUST000128,Susan,Rodriguez,Male,1974-06-06,susan.rodriguez@yahoo.com,5915965848,Sydney,New South Wales,Australia,Gold,2026-06-28,Active
CUST000129,Dustin,White,Male,2000-01-02,dustin.white@gmail.com,7685771193,Bengaluru,Karnataka,India,Platinum,2024-02-15,Inactive
CUST000130,Jose,Gonzalez,Male,1984-12-03,jose.gonzalez@hotmail.com,9575081189,Mumbai,Maharashtra,India,Gold,2026-07-26,Active
CUST000131,Melissa,Smith,Female,1972-02-10,melissa.smith@hotmail.com,9342326386,Hyderabad,Telangana,India,Silver,2025-01-10,Active
CUST000132,Christopher,Wright,Male,1974-10-17,christopher.wright@gmail.com,6416419339,New York,New York,United States,Gold,2025-01-31,Active
CUST000133,James,Sanchez,Female,1979-08-22,james.sanchez@outlook.com,4202372108,Bengaluru,Karnataka,India,Silver,2024-11-27,Inactive
CUST000134,Teresa,Gonzalez,Female,1975-11-19,teresa.gonzalez@hotmail.com,3731198953,Sydney,New South Wales,Australia,Platinum,2022-09-28,Inactive
CUST000135,Gary,Montoya,Female,1958-06-24,gary.montoya@gmail.com,9409488787,Sydney,New South Wales,Australia,Gold,2023-02-27,Inactive
CUST000136,Brian,Moore,Male,1972-01-29,brian.moore@yahoo.com,4997744345,Delhi,Delhi,India,Silver,2025-05-11,Inactive
CUST000137,Nicholas,Avila,Female,1998-03-27,nicholas.avila@outlook.com,8474310363,Mumbai,Maharashtra,India,Gold,2022-08-18,Active
CUST000138,Ashley,Hall,Male,1963-06-10,ashley.hall@yahoo.com,0215159546,Singapore,Singapore,Singapore,Silver,2025-04-10,Inactive
CUST000139,Kelly,Martinez,Male,1978-03-22,kelly.martinez@gmail.com,0699363643,Hyderabad,Telangana,India,Gold,2022-01-29,Inactive
CUST000140,Andrea,Rodriguez,Male,1973-01-18,andrea.rodriguez@yahoo.com,8755792790,Dubai,Dubai,UAE,Silver,2026-02-09,Active
CUST000141,Dean,Rodriguez,Female,1972-06-25,dean.rodriguez@gmail.com,0095548479,Chennai ,Tamil Nadu,India,Gold,2025-11-11,Active
CUST000142,Betty,Gonzales,Male,1983-08-02,betty.gonzales@gmail.com,7002490514,New York,New York,United States,Gold,2022-04-18,Inactive
CUST000143,Jerry,Peterson,Female,1977-12-06,jerry.peterson@gmail.com,0421724351,Bengaluru,Karnataka,India,Diamond,2026-04-01,Active
CUST000144,Tanner,Weaver,Female,1978-02-26,tanner.weaver@gmail.com,2603976457,Chennai,Tamil Nadu,India,Gold,2025-05-12,Active
CUST000145,Caleb,Gay,Male,1960-11-20,caleb.gay@hotmail.com,0517492176,Sydney,New South Wales,Australia,Diamond,2023-04-02,Inactive
CUST000146,Thomas,Robinson,Male,1966-07-03,thomas.robinson@yahoo.com,7673238915,Chennai,Tamil Nadu,India,Diamond,2026-03-27,Inactive
CUST000147,Brittany,Cisneros,Male,1992-01-21,brittany.cisneros@hotmail.com,3859850500,Hyderabad,Telangana,India,Diamond,2023-12-15,Inactive
CUST000148,Brent,Cline,Male,1980-10-27,,5270557615,New York,New York,United States,Silver,2022-06-06,Inactive
CUST000149,Dustin,Williams,Male,1993-11-22,dustin.williams@outlook.com,5933271320,Mumbai,Maharashtra,India,Diamond,2026-04-01,Inactive
CUST000150,Alyssa,Clark,Male,2004-10-17,alyssa.clark@gmail.com,4513194230,Hyderabad,Telangana,India,Diamond,2026-01-07,Active
CUST000151,Kenneth,Wilson,Male,1977-08-16,kenneth.wilson@gmail.com,5876281089,Dubai,Dubai,UAE,Diamond,2026-07-17,Active
CUST000152,Pamela,White,Male,1967-06-26,pamela.white@yahoo.com,7411985456,New York,New York,United States,Platinum,2023-02-24,Inactive
CUST000153,Jeremy,Ortiz,Male,1982-09-19,jeremy.ortiz@outlook.com,0457696212,New York,New York,United States,Gold,2021-08-17,Inactive
CUST000154,Paul,Woods,Male,1978-07-16,paul.woods@hotmail.com,3819796781,Hyderabad,Telangana,India,Diamond,2026-03-22,Inactive
CUST000155,Haley,Hatfield,Female,2002-01-01,haley.hatfield@hotmail.com,,Hyderabad,Telangana,India,Gold,2023-09-03,Inactive
CUST000156,Daniel,Robertson,Male,1992-10-17,daniel.robertson@outlook.com,3942068385,Dubai,Dubai,UAE,Platinum,2026-02-13,Active
CUST000157,Anita,Rose,Male,1957-01-21,anita.rose@gmail.com,3824232803,Sydney,New South Wales,Australia,Diamond,2023-04-29,Inactive
CUST000158,Glenn,Cook,Male,2003-09-09,glenn.cook@hotmail.com,4727991747,Delhi,Delhi,India,Silver,2024-09-13,Inactive
CUST000159,Nicole,Simpson,Female,1994-12-07,nicole.simpson@yahoo.com,4507085373,New York,New York,United States,Platinum,2024-03-02,Active
CUST000160,Denise,Hunt,Male,1997-03-13,denise.hunt@hotmail.com,6428596323,Dubai,Dubai,UAE,Diamond,2026-06-13,Active
CUST000161,Andrew,Hahn,Male,1997-08-30,andrew.hahn@yahoo.com,8710508789,Bengaluru,Karnataka,India,Gold,2025-08-28,Active
CUST000162,Patrick,Grimes,Male,1976-07-04,patrick.grimes@gmail.com,6798037485,Singapore,Singapore,Singapore,Gold,2025-04-25,Inactive
CUST000163,Kristina,Rhodes,Male,2005-02-04,kristina.rhodes@outlook.com,6350933702,Mumbai,Maharashtra,India,Gold,2025-06-02,Active
CUST000164,Ashley,Nunez,Male,1977-04-21,ashley.nunez@yahoo.com,5932530768,London ,England,United Kingdom,Gold,2025-12-18,Active
CUST000165,Craig,Lowery,Female,1962-12-27,craig.lowery@yahoo.com,5706768260,Hyderabad,Telangana,India,Gold,2022-11-09,Active
CUST000166,Megan,Arnold,Female,2005-01-21,megan.arnold@gmail.com,5040935840,Dubai,Dubai,UAE,Silver,2022-06-02,Inactive
CUST000167,Chelsey,Martin,Male,1969-12-29,chelsey.martin@yahoo.com,9949412695,Delhi,Delhi,India,Silver,2021-11-24,Active
CUST000168,Jennifer,Thomas,Female,1979-12-06,jennifer.thomas@yahoo.com,1481651879,Delhi,Delhi,India,Platinum,2022-01-19,Inactive
CUST000169,Carrie,Logan,Female,1970-04-04,carrie.logan@hotmail.com,,Dubai,Dubai,UAE,Silver,2024-04-11,Inactive
CUST000170,Matthew,Mckay,Male,1985-08-19,###@gmail.com,5926259600,Bengaluru,Karnataka,India,Diamond,2021-09-02,Inactive
CUST000171,Diane,Compton,Female,1978-01-27,diane.compton@outlook.com,8984215777,Dubai,Dubai,UAE,Diamond,2021-08-01,Active
CUST000172,Kimberly,Young,Male,1967-08-09,kimberly.young@outlook.com,3317885143,Singapore,Singapore,Singapore,Diamond,2024-07-17,Inactive
CUST000173,Jeffrey,Juarez,Female,1978-09-29,jeffrey.juarez@outlook.com,8132910919,Sydney,New South Wales,Australia,Platinum,2026-05-07,Inactive
CUST000174,Veronica,Jenkins,Male,1981-07-29,veronica.jenkins@outlook.com,0978400330,Sydney,New South Wales,Australia,Platinum,2023-05-03,Active
CUST000175,Tiffany,Jones,Male,1978-11-17,tiffany.jones@yahoo.com,2742427475,Singapore,Singapore,Singapore,Gold,2025-05-24,Inactive
CUST000176,Catherine,Pennington,Male,1965-11-28,catherine.pennington@outlook.com,5770305778,Sydney,New South Wales,Australia,Diamond,2025-06-16,Inactive
CUST000177,Gina,Fuentes,Female,1986-11-16,gina.fuentes@gmail.com,6180421926,Dubai,Dubai,UAE,Gold,2022-02-19,Inactive
CUST000178,Heather,Coleman,Male,1996-10-01,heather.coleman@yahoo.com,4341538427,Delhi,Delhi,India,Silver,2024-01-01,Active
CUST000179,Shawn,Tanner,Female,1963-11-22,shawn.tanner@yahoo.com,1171690718,Chennai,Tamil Nadu,India,Silver,2021-07-29,Active
CUST000180,Sally,Edwards,Female,1983-02-05,,0610390615,Singapore,Singapore,Singapore,Gold,2021-09-06,Active
CUST000181,Ashley,Allen,Female,1962-03-01,ashley.allen@yahoo.com,8701037629,Sydney,New South Wales,Australia,Platinum,2022-04-09,Inactive
CUST000182,John,Cook,Female,1988-07-19,john.cook@outlook.com,9211448066,London,England,United Kingdom,Diamond,2026-01-28,Inactive
CUST000183,Ryan,Anderson,Male,1970-10-26,ryan.anderson@yahoo.com,2139712977,Bengaluru,Karnataka,India,Platinum,2021-10-08,Active
CUST000184,Samantha,Mcgee,Female,1971-07-16,samantha.mcgee@hotmail.com,2120087866,Singapore,Singapore,Singapore,Gold,2024-12-13,Inactive
CUST000185,Cristian,Johnson,Male,1977-01-31,cristian.johnson@yahoo.com,8760339012,Sydney,New South Wales,Australia,Diamond,2024-10-10,Inactive
CUST000186,Brendan,Mahoney,Female,1970-04-05,brendan.mahoney@gmail.com,1489017190,Delhi,Delhi,India,Platinum,2026-03-19,Active
CUST000187,Amanda,Wade,Female,1984-09-20,amanda.wade@gmail.com,4513807214,Chennai,Tamil Nadu,India,Platinum,2026-04-08,Inactive
CUST000188,George,Mcdowell,Female,1966-02-01,george.mcdowell@gmail.com,1607513500,Mumbai,Maharashtra,India,Platinum,2024-05-02,Active
CUST000189,Melinda,Rosales,Male,1957-04-05,melinda.rosales@outlook.com,0253313889,Chennai,Tamil Nadu,India,Gold,2022-04-28,Inactive
CUST000190,Theresa,Ibarra,Female,1990-03-05,theresa.ibarra@hotmail.com,8609309486,Sydney,New South Wales,Australia,Silver,2023-08-05,Inactive
CUST000191,David,Jones,Male,1968-05-13,david.jones@outlook.com,8545151336,New York,New York,United States,Diamond,2024-03-17,Inactive
CUST000192,Christie,Sanchez,Female,1982-03-19,christie.sanchez@hotmail.com,0087290510,Singapore,Singapore,Singapore,Gold,2026-07-13,Active
CUST000193,Susan,Holmes,Male,1983-07-14,susan.holmes@hotmail.com,6033226297,Bengaluru,Karnataka,India,Platinum,2025-04-17,Inactive
CUST000194,Daniel,Bates,Female,2005-06-15,daniel.bates@gmail.com,1751362219,Singapore,Singapore,Singapore,Gold,2026-06-29,Inactive
CUST000195,Mary,Ibarra,Female,1971-09-24,mary.ibarra@hotmail.com,7545437119,Bengaluru,Karnataka,India,Diamond,2021-11-03,Inactive
CUST000196,Tara,Lopez,Female,1997-08-19,tara.lopez@yahoo.com,6090470602,Chennai,Tamil Nadu,India,Gold,2023-10-26,Active
CUST000197,Raymond,Atkins,Male,1984-06-04,raymond.atkins@hotmail.com,5339855391,Chennai,Tamil Nadu,India,Diamond,2025-03-24,Active
CUST000198,Trevor,Villarreal,Male,1988-02-27,trevor.villarreal@hotmail.com,6385734439,Delhi,Delhi,India,Gold,2024-01-04,Inactive
CUST000199,Alexis,Keller,Female,2006-07-16,alexis.keller@outlook.com,7632862329,Delhi,Delhi,India,Silver,2023-06-18,Inactive
CUST000200,Megan,Smith,Male,2002-04-14,megan.smith@gmail.com,5205875959,Hyderabad,Telangana,India,Platinum,2024-08-20,Inactive
CUST000201,Elizabeth,Douglas,Male,1975-05-25,elizabeth.douglas@gmail.com,2720371971,New York,New York,United States,Diamond,2023-07-11,Inactive
CUST000202,Lisa,Riley,Male,1992-08-18,lisa.riley@gmail.com,3696379353,New York,New York,United States,Gold,2024-03-28,Inactive
CUST000203,Catherine,Moran,Female,1957-08-08,catherine.moran@outlook.com,4399512219,HYDERABAD,Telangana,India,Silver,2023-01-27,Inactive
CUST000204,Shirley,Hernandez,Male,1980-12-03,shirley.hernandez@yahoo.com,8096622508,Delhi,Delhi,India,Platinum,2023-05-11,Active
CUST000205,Robert,Villarreal,Male,1979-08-11,robert.villarreal@outlook.com,1164906225,Delhi,Delhi,India,Diamond,2024-11-02,Active
CUST000206,William,Sullivan,Female,2000-02-10,william.sullivan@yahoo.com,0861611080,Chennai,Tamil Nadu,India,Diamond,2024-12-05,Inactive
CUST000207,Michael,Reid,Male,1970-01-03,michael.reid@yahoo.com,7814174288,Mumbai,Maharashtra,India,Silver,2023-04-01,Inactive
CUST000208,Elizabeth,Martin,Female,1986-02-25,elizabeth.martin@yahoo.com,4102917242,Mumbai,Maharashtra,India,Diamond,2023-04-20,Inactive
CUST000209,Melissa,Osborne,Female,1997-07-12,melissa.osborne@hotmail.com,,Dubai,Dubai,UAE,Diamond,2023-06-20,Active
CUST000210,Christine,Barnes,Male,1970-04-01,###@gmail.com,7638221451,Bengaluru,Karnataka,India,Silver,2025-06-27,Inactive
CUST000211,Richard,Flores,Male,1960-01-09,richard.flores@outlook.com,1393088751,Singapore,Singapore,Singapore,Silver,2022-09-25,Active
CUST000212,Evan,Edwards,Female,1996-05-08,evan.edwards@outlook.com,3145312489,Singapore,Singapore,Singapore,Silver,2025-11-06,Active
CUST000213,Julia,Haynes,Male,2007-07-11,julia.haynes@hotmail.com,3260799617,Hyderabad,Telangana,India,Silver,2023-03-27,Inactive
CUST000214,Sara,Woods,Female,2008-03-02,sara.woods@yahoo.com,4867297598,Hyderabad,Telangana,India,Gold,2024-05-28,Active
CUST000215,Andrew,King,Female,1960-02-19,andrew.king@yahoo.com,5247382121,New York ,New York,United States,Silver,2023-05-10,Inactive
CUST000216,Katie,Velez,Male,1988-02-11,katie.velez@gmail.com,7107995257,Mumbai,Maharashtra,India,Platinum,2021-08-22,Active
CUST000217,Stephanie,Mitchell,Female,1958-12-21,stephanie.mitchell@outlook.com,8847812107,Singapore,Singapore,Singapore,Platinum,2024-10-06,Active
CUST000218,Joseph,Bennett,Male,1992-04-16,joseph.bennett@hotmail.com,1523529625,Sydney,New South Wales,Australia,Diamond,2025-06-29,Active
CUST000219,James,Campbell,Female,1985-08-22,james.campbell@yahoo.com,1044080545,Mumbai,Maharashtra,India,Diamond,2025-11-01,Active
CUST000220,Philip,Lewis,Male,2006-06-28,philip.lewis@yahoo.com,0878918955,Sydney,New South Wales,Australia,Platinum,2026-04-07,Inactive
CUST000221,Jason,Cox,Female,1967-04-22,jason.cox@hotmail.com,8376569680,Bengaluru,Karnataka,India,Silver,2023-12-25,Active
CUST000222,Lori,Romero,Male,1962-09-01,lori.romero@yahoo.com,5049630161,Dubai,Dubai,UAE,Platinum,2022-11-30,Inactive
CUST000223,Tara,Gonzales,Male,2002-03-12,tara.gonzales@gmail.com,5393692071,Mumbai,Maharashtra,India,Silver,2025-03-30,Active
CUST000224,Craig,Yoder,Female,2002-01-04,craig.yoder@yahoo.com,7441277405,Dubai,Dubai,UAE,Diamond,2022-10-01,Active
CUST000225,Karen,Rollins,Female,1998-02-08,karen.rollins@gmail.com,4439917799,Sydney,New South Wales,Australia,Platinum,2022-08-28,Inactive
CUST000226,Robert,Ward,Female,1956-02-20,robert.ward@outlook.com,6336831645,Sydney,New South Wales,Australia,Gold,2021-12-25,Active
CUST000227,Scott,Simmons,Male,1999-02-08,scott.simmons@outlook.com,7365034876,Hyderabad,Telangana,India,Platinum,2025-11-29,Active
CUST000228,Theresa,Frazier,Male,2000-08-10,theresa.frazier@yahoo.com,0436043892,Bengaluru,Karnataka,India,Silver,2024-12-21,Inactive
CUST000229,Danielle,Harris,Female,1971-05-06,danielle.harris@gmail.com,5607334134,London,England,United Kingdom,Platinum,2024-11-12,Inactive
CUST000230,Sandra,Carlson,Male,1982-09-02,sandra.carlson@yahoo.com,0152621621,Delhi,Delhi,India,Silver,2023-06-27,Inactive
CUST000231,William,Herring,Female,2006-11-04,william.herring@outlook.com,4232258340,Delhi,Delhi,India,Silver,2026-07-07,Active
CUST000232,Joyce,Ballard,Female,1971-01-26,joyce.ballard@gmail.com,7389868908,New York,New York,United States,Silver,2025-06-27,Active
CUST000233,Aaron,Roberts,Female,2005-01-31,aaron.roberts@yahoo.com,7003187106,Singapore,Singapore,Singapore,Gold,2026-02-20,Inactive
CUST000234,Charlene,Warren,Female,1997-04-20,charlene.warren@outlook.com,5712731006,Delhi,Delhi,India,Platinum,2024-09-14,Inactive
CUST000235,Lisa,Parker,Male,1998-02-16,lisa.parker@yahoo.com,3374182635,Dubai,Dubai,UAE,Gold,2024-02-14,Inactive
CUST000236,Brian,Johnson,Female,1975-08-01,brian.johnson@gmail.com,2096139337,Hyderabad,Telangana,India,Gold,2025-12-26,Active
CUST000237,Jonathan,Gray,Male,1967-03-24,jonathan.gray@hotmail.com,9634910770,Sydney,New South Wales,Australia,Silver,2024-06-22,Inactive
CUST000238,Michelle,Goodwin,Female,1988-05-11,michelle.goodwin@hotmail.com,4596329245,Singapore,Singapore,Singapore,Silver,2022-09-15,Active
CUST000239,Kristopher,Matthews,Female,1976-06-06,kristopher.matthews@outlook.com,7352761460,Delhi,Delhi,India,Silver,2024-03-10,Inactive
CUST000240,Brittany,Burns,Male,1990-11-12,brittany.burns@outlook.com,6601837201,London,England,United Kingdom,Silver,2023-05-26,Inactive
CUST000241,Sherri,Moore,Female,1982-06-16,sherri.moore@yahoo.com,,Bengaluru,Karnataka,India,Gold,2021-07-30,Active
CUST000242,Michael,Conner,Female,1988-11-16,michael.conner@gmail.com,,Mumbai,Maharashtra,India,Platinum,2024-03-30,Active
CUST000243,Devon,Burton,Male,2008-01-09,john@gmail,1810005197,Dubai,Dubai,UAE,Silver,2023-08-23,Inactive
CUST000244,Theresa,Nicholson,Female,1987-04-08,theresa.nicholson@gmail.com,1019939303,Singapore,Singapore,Singapore,Diamond,2023-08-21,Active
CUST000245,Brenda,Payne,Female,1960-05-13,brenda.payne@yahoo.com,2338281476,Chennai,Tamil Nadu,India,Gold,2024-11-19,Inactive
CUST000246,Amanda,Coleman,Male,2008-07-20,amanda.coleman@yahoo.com,3926145835,Delhi,Delhi,India,Diamond,2026-01-31,Active
CUST000247,Ryan,Carney,Male,1966-01-08,ryan.carney@yahoo.com,0505764456,Hyderabad,Telangana,India,Platinum,2024-09-03,Active
CUST000248,Belinda,Lynn,Female,1980-11-19,belinda.lynn@outlook.com,5053550415,London,England,United Kingdom,Gold,2023-01-11,Active
CUST000249,Robert,Santiago,Female,1995-10-04,robert.santiago@yahoo.com,8510645688,Dubai,Dubai,UAE,Silver,2026-07-11,Inactive
CUST000250,Kelsey,Mckay,Female,1996-01-21,kelsey.mckay@outlook.com,4931262707,Sydney,New South Wales,Australia,Platinum,2025-01-24,Active
CUST000251,Sherry,Adams,Male,1985-08-15,sherry.adams@yahoo.com,2398972598,Hyderabad,Telangana,India,Platinum,2024-08-31,Inactive
CUST000252,Steven,Miller,Female,2002-03-17,steven.miller@hotmail.com,7806491197,Mumbai,Maharashtra,India,Gold,2025-12-12,Inactive
CUST000253,Lindsey,Oconnor,Female,1989-08-23,lindsey.oconnor@outlook.com,4578836718,Chennai,Tamil Nadu,India,Gold,2025-05-11,Active
CUST000254,Gabriel,Smith,Male,1965-12-27,gabriel.smith@gmail.com,6953758837,New York,New York,United States,Diamond,2025-08-05,Inactive
CUST000255,Sarah,Lopez,Female,1982-05-06,sarah.lopez@outlook.com,1061078805,Singapore,Singapore,Singapore,Diamond,2024-08-28,Active
CUST000256,Stacy,White,Male,1968-09-29,stacy.white@gmail.com,2739731016,Singapore,Singapore,Singapore,Platinum,2024-09-17,Active
CUST000257,Molly,Boone,Male,2005-05-13,molly.boone@gmail.com,0631221126,Sydney,New South Wales,Australia,Platinum,2025-06-23,Active
CUST000258,Michael,Kelly,Male,1979-07-27,michael.kelly@hotmail.com,0438160803,Sydney,New South Wales,Australia,Diamond,2026-01-07,Inactive
CUST000259,Glen,Smith,Female,1967-11-24,glen.smith@yahoo.com,2432197737,Delhi,Delhi,India,Silver,2024-01-14,Active
CUST000260,Jennifer,Simpson,Male,2003-05-15,jennifer.simpson@yahoo.com,3089033568,Bengaluru,Karnataka,India,Gold,2022-04-20,Active
CUST000261,Brandon,Washington,Male,1963-11-04,brandon.washington@outlook.com,4343568997,Singapore,Singapore,Singapore,Diamond,2022-06-15,Inactive
CUST000262,Brian,Cooper,Female,2007-04-01,,,Hyderabad,Telangana,India,Platinum,2026-02-03,Inactive
CUST000263,Amber,Moore,Female,2004-03-07,amber.moore@outlook.com,6594763569,Sydney,New South Wales,Australia,Silver,2025-01-18,Inactive
CUST000264,Andrew,Phillips,Male,1998-08-19,andrew.phillips@hotmail.com,9804896443,Dubai,Dubai,UAE,Platinum,2022-05-13,Active
CUST000265,Antonio,Downs,Male,1975-02-01,antonio.downs@outlook.com,0254250202,London,England,United Kingdom,Gold,2026-04-27,Inactive
CUST000266,Thomas,Miller,Female,1974-07-13,thomas.miller@hotmail.com,2603816525,Delhi,Delhi,India,Diamond,2024-10-06,Active
CUST000267,Timothy,Kirby,Male,1974-04-22,timothy.kirby@gmail.com,6574630026,New York,New York,United States,Gold,2023-01-18,Active
CUST000268,Cynthia,Martinez,Female,2002-01-29,cynthia.martinez@gmail.com,6209810498,Singapore,Singapore,Singapore,Platinum,2023-12-16,Inactive
CUST000269,Judy,Hernandez,Female,1975-10-15,judy.hernandez@outlook.com,6680941846,Mumbai,Maharashtra,India,Diamond,2021-09-01,Inactive
CUST000270,George,Smith,Male,1975-03-15,george.smith@hotmail.com,4682961907,Singapore,Singapore,Singapore,Gold,2021-08-08,Active
CUST000271,Carlos,Pratt,Male,1980-05-02,carlos.pratt@hotmail.com,8033487065,Singapore,Singapore,Singapore,Diamond,2023-06-16,Inactive
CUST000272,Kelly,Anderson,Female,1957-03-06,kelly.anderson@hotmail.com,8135154427,Hyderabad,Telangana,India,Diamond,2021-11-16,Active
CUST000273,Andrea,Austin,Female,1971-05-11,andrea.austin@gmail.com,0731256333,Hyderabad,Telangana,India,Diamond,2022-04-25,Inactive
CUST000274,Bruce,Dennis,Male,2005-04-24,bruce.dennis@gmail.com,3292505372,Chennai,Tamil Nadu,India,Diamond,2023-11-04,Active
CUST000275,Marvin,Salazar,Female,1979-07-31,marvin.salazar@gmail.com,0543928263,Mumbai,Maharashtra,India,Silver,2024-10-30,Inactive
CUST000276,Justin,Schneider,Female,1995-04-19,justin.schneider@outlook.com,6514263513,Delhi,Delhi,India,Silver,2023-05-13,Active
CUST000277,Jeremy,Diaz,Female,1961-10-03,jeremy.diaz@hotmail.com,8825674355,New York,New York,United States,Gold,2022-02-10,Inactive
CUST000278,Sarah,Clayton,Female,1984-04-25,sarah.clayton@outlook.com,7948711018,Bengaluru,Karnataka,India,Silver,2024-05-22,Inactive
CUST000279,Anthony,Santos,Male,1964-04-01,anthony.santos@yahoo.com,7262264664,Sydney,New South Wales,Australia,Diamond,2021-08-04,Inactive
CUST000280,David,Medina,Male,2008-07-12,david.medina@yahoo.com,3090219134,Sydney,New South Wales,Australia,Platinum,2024-10-27,Active
CUST000281,Andrew,Murphy,Female,1997-10-04,andrew.murphy@outlook.com,7595322034,Dubai,Dubai,UAE,Gold,2026-06-13,Inactive
CUST000282,Morgan,Dougherty,Male,1992-02-05,###@gmail.com,7638267352,Chennai,Tamil Nadu,India,Platinum,2021-08-12,Active
CUST000283,Lisa,Garcia,Female,1988-12-21,lisa.garcia@hotmail.com,5022278600,Singapore,Singapore,Singapore,Platinum,2022-04-26,Inactive
CUST000284,James,Kelley,Male,1995-07-27,james.kelley@yahoo.com,9320980056,Hyderabad,Telangana,India,Gold,2024-03-07,Active
CUST000285,Robert,Fox,Female,1975-12-21,robert.fox@hotmail.com,3735313894,Delhi,Delhi,India,Platinum,2024-05-04,Active
CUST000286,Bryan,Smith,Male,1977-06-11,bryan.smith@yahoo.com,8590917327, Delhi,Delhi,India,Platinum,2023-11-03,Inactive
CUST000287,Timothy,Rodriguez,Male,1965-12-19,timothy.rodriguez@gmail.com,9518386743,Hyderabad,Telangana,India,Platinum,2021-11-21,Active
CUST000288,Teresa,Castillo,Female,1963-08-19,teresa.castillo@outlook.com,5224899291,Bengaluru,Karnataka,India,Platinum,2025-03-28,Active
CUST000289,Victoria,Mullen,Female,1992-03-21,victoria.mullen@hotmail.com,2942446024,Sydney,New South Wales,Australia,Gold,2024-05-20,Inactive
CUST000290,Mitchell,Dudley,Male,1962-05-31,mitchell.dudley@yahoo.com,2693147481,London,England,United Kingdom,Gold,2024-08-26,Active
CUST000291,Anthony,Campos,Male,2005-06-23,anthony.campos@yahoo.com,0034591243,Chennai,Tamil Nadu,India,Silver,2023-04-03,Active
CUST000292,Timothy,Erickson,Female,1956-04-07,timothy.erickson@hotmail.com,9210175960,Hyderabad,Telangana,India,Gold,2023-11-21,Active
CUST000293,Brian,Sanchez,Female,1958-03-29,@gmail.com,2675514692,London,England,United Kingdom,Diamond,2025-09-03,Active
CUST000294,Judith,Williams,Male,1974-03-01,judith.williams@hotmail.com,7438226709,Mumbai,Maharashtra,India,Diamond,2024-08-26,Active
CUST000295,Ashley,Thompson,Female,1984-02-14,ashley.thompson@outlook.com,7154134752,London,England,United Kingdom,Silver,2021-10-29,Active
CUST000296,Rachel,Wang,Female,1998-05-11,rachel.wang@outlook.com,3515807260,Chennai,Tamil Nadu,India,Silver,2025-06-29,Active
CUST000297,Maria,Terrell,Male,1994-07-28,maria.terrell@gmail.com,7539642697,Singapore,Singapore,Singapore,Platinum,2024-02-06,Inactive
CUST000298,Mark,Campbell,Male,1960-09-22,mark.campbell@outlook.com,3620235669,Bengaluru,Karnataka,India,Platinum,2022-03-12,Active
CUST000299,Jacob,Hernandez,Male,1984-06-30,jacob.hernandez@yahoo.com,1775574807,Delhi,Delhi,India,Platinum,2025-01-10,Active
CUST000300,Jocelyn,Lindsey,Male,1975-10-29,jocelyn.lindsey@outlook.com,0128573502,Mumbai,Maharashtra,India,Silver,2025-11-07,Active
CUST000301,Benjamin,Lynch,Female,1961-07-15,benjamin.lynch@outlook.com,3029800256,Dubai,Dubai,UAE,Platinum,2021-12-29,Inactive
CUST000302,Jennifer,Ward,Female,1957-03-30,jennifer.ward@yahoo.com,7710672053,Mumbai,Maharashtra,India,Silver,2021-10-22,Inactive
CUST000303,Kimberly,Munoz,Female,1988-07-10,kimberly.munoz@yahoo.com,5925748282,Mumbai,Maharashtra,India,Diamond,2022-05-29,Active
CUST000304,Blake,Hicks,Female,2006-11-11,blake.hicks@hotmail.com,2303725167,Dubai,Dubai,UAE,Silver,2022-07-28,Inactive
CUST000305,Christy,Gray,Male,1969-12-19,christy.gray@yahoo.com,4175538170,London,England,United Kingdom,Silver,2024-12-30,Inactive
CUST000306,Anthony,Garrett,Female,1971-07-23,anthony.garrett@gmail.com,4636446683,Mumbai,Maharashtra,India,Diamond,2024-01-22,Active
CUST000307,Elizabeth,Francis,Male,1999-02-22,elizabeth.francis@hotmail.com,0278473012,Singapore,Singapore,Singapore,Platinum,2021-12-18,Inactive
CUST000308,Paula,Glass,Female,1973-06-29,paula.glass@hotmail.com,4012164250,London,England,United Kingdom,Silver,2024-03-01,Inactive
CUST000309,Pamela,Bowers,Female,1992-10-15,pamela.bowers@gmail.com,8675025197,Dubai,Dubai,UAE,Platinum,2025-03-23,Inactive
CUST000310,Zachary,Weber,Male,1984-05-08,zachary.weber@gmail.com,4949856548,Hyderabad,Telangana,India,Silver,2025-04-07,Active
CUST000311,Melissa,Scott,Male,1976-11-07,melissa.scott@gmail.com,8035946202,London,England,United Kingdom,Gold,2021-08-14,Inactive
CUST000312,Margaret,Scott,Male,1988-03-02,margaret.scott@gmail.com,2112515531,Chennai,Tamil Nadu,India,Gold,2024-01-05,Inactive
CUST000313,Lisa,Gonzalez,Male,2000-11-13,lisa.gonzalez@yahoo.com,6276477862,Hyderabad,Telangana,India,Silver,2022-06-12,Inactive
CUST000314,Cynthia,Fisher,Male,2002-08-17,cynthia.fisher@hotmail.com,9200819630,Dubai,Dubai,UAE,Gold,2023-08-09,Inactive
CUST000315,Ariel,Sanders,Male,1990-09-10,ariel.sanders@yahoo.com,3642327626,Delhi,Delhi,India,Gold,2022-06-10,Inactive
CUST000316,Marcus,Grant,Female,1989-07-18,marcus.grant@yahoo.com,3986970921,Dubai,Dubai,UAE,Diamond,2022-06-20,Active
CUST000317,John,Jacobson,Female,1967-07-30,,5091819422,Dubai,Dubai,UAE,Diamond,2024-10-22,Inactive
CUST000318,Todd,Riggs,Male,1989-03-08,todd.riggs@yahoo.com,1235600690,Bengaluru,Karnataka,India,Gold,2023-04-22,Active
CUST000319,Sean,Gonzalez,Female,1980-03-12,sean.gonzalez@gmail.com,3409925469, Singapore,Singapore,Singapore,Diamond,2024-06-29,Inactive
CUST000320,Kara,Reyes,Male,1993-06-26,kara.reyes@hotmail.com,9145863323,Delhi,Delhi,India,Gold,2021-08-07,Active
CUST000321,Emily,Garcia,Male,1995-07-30,emily.garcia@hotmail.com,2733854001,Singapore,Singapore,Singapore,Platinum,2026-06-18,Active
CUST000322,Bryan,Kelly,Male,1993-07-31,bryan.kelly@yahoo.com,1905834939,Hyderabad,Telangana,India,Platinum,2025-10-29,Inactive
CUST000323,Sharon,Cooper,Male,2006-11-12,sharon.cooper@hotmail.com,9765483153,London,England,United Kingdom,Diamond,2026-04-11,Active
CUST000324,Amy,Haas,Male,1981-07-29,amy.haas@yahoo.com,1777753884,Mumbai,Maharashtra,India,Silver,2022-03-28,Active
CUST000325,Jerry,Johnson,Female,1982-12-10,jerry.johnson@hotmail.com,5615140567,Singapore,Singapore,Singapore,Diamond,2024-01-01,Active
CUST000326,William,Rodriguez,Male,1973-11-03,william.rodriguez@outlook.com,0120350712,Singapore,Singapore,Singapore,Gold,2022-11-22,Active
CUST000327,Christopher,Patterson,Male,2002-05-22,christopher.patterson@outlook.com,8356602010,Sydney,New South Wales,Australia,Silver,2024-03-13,Inactive
CUST000328,Melody,Ellis,Female,2008-06-25,melody.ellis@hotmail.com,9284252034,Sydney,New South Wales,Australia,Platinum,2022-07-26,Inactive
CUST000329,Jennifer,Anderson,Male,1967-11-04,gmail.com,6219441146,Delhi,Delhi,India,Platinum,2025-08-16,Inactive
CUST000330,Adrian,Christian,Male,1995-07-20,adrian.christian@yahoo.com,3789888701,Delhi,Delhi,India,Platinum,2024-11-26,Inactive
CUST000331,Beth,Chapman,Female,2007-11-03,beth.chapman@outlook.com,7883534780,London,England,United Kingdom,Silver,2025-08-06,Active
CUST000332,Darryl,Lee,Female,1956-10-22,darryl.lee@hotmail.com,4634092710,Singapore,Singapore,Singapore,Diamond,2022-01-25,Inactive
CUST000333,Ellen,Conley,Male,1958-08-21,ellen.conley@gmail.com,9000471654,New York,New York,United States,Gold,2025-10-25,Active
CUST000334,Cynthia,Kelly,Male,1993-04-12,cynthia.kelly@outlook.com,4260478010,New York,New York,United States,Platinum,2023-03-01,Active
CUST000335,Douglas,Warner,Female,2005-08-10,douglas.warner@hotmail.com,2015007543,Sydney,New South Wales,Australia,Platinum,2022-01-04,Active
CUST000336,Michelle,Owens,Female,1971-05-18,michelle.owens@yahoo.com,1732319343,Mumbai,Maharashtra,India,Platinum,2023-09-26,Inactive
CUST000337,Robert,Marshall,Female,1984-06-08,robert.marshall@yahoo.com,8030378165,Chennai,Tamil Nadu,India,Diamond,2024-12-20,Inactive
CUST000338,Philip,Ayers,Female,1993-01-29,philip.ayers@hotmail.com,8445614738,Chennai,Tamil Nadu,India,Silver,2025-11-24,Inactive
CUST000339,Michael,Banks,Female,1961-10-15,michael.banks@gmail.com,4027753333,Bengaluru,Karnataka,India,Diamond,2024-07-12,Active
CUST000340,Michael,Johnson,Female,1971-10-31,michael.johnson@yahoo.com,9044482538,Sydney,New South Wales,Australia,Diamond,2023-12-22,Inactive
CUST000341,Ruben,Mccoy,Male,1965-11-05,ruben.mccoy@yahoo.com,3950324796,New York,New York,United States,Gold,2022-12-13,Inactive
CUST000342,Sharon,Newman,Female,1980-07-01,sharon.newman@yahoo.com,8104882226,Sydney,New South Wales,Australia,Platinum,2022-10-26,Inactive
CUST000343,Michael,Gonzalez,Male,1974-10-26,michael.gonzalez@yahoo.com,2755065989,Dubai,Dubai,UAE,Platinum,2026-06-23,Active
CUST000344,Michael,Randall,Female,1970-06-01,michael.randall@outlook.com,6671027044,New York,New York,United States,Silver,2022-07-23,Inactive
CUST000345,Loretta,Avery,Male,1991-02-02,loretta.avery@yahoo.com,9714430052,Hyderabad,Telangana,India,Silver,2022-01-23,Inactive
CUST000346,Mark,Noble,Female,1974-01-14,mark.noble@hotmail.com,3601565341,Delhi,Delhi,India,Silver,2021-09-03,Active
CUST000347,Martin,Bush,Female,1990-08-07,martin.bush@hotmail.com,6742936294, Bengaluru,Karnataka,India,Silver,2022-08-31,Active
CUST000348,Anne,Lucero,Male,1985-05-24,anne.lucero@gmail.com,2828471646,Dubai,Dubai,UAE,Silver,2025-03-19,Inactive
CUST000349,Thomas,Coleman,Female,1983-11-20,thomas.coleman@hotmail.com,3599536847,Dubai,Dubai,UAE,Gold,2024-06-12,Inactive
CUST000350,Alicia,Page,Female,2006-07-03,alicia.page@yahoo.com,6335357389,Mumbai,Maharashtra,India,Silver,2024-05-06,Active
CUST000351,Natalie,Ortiz,Male,1974-09-23,natalie.ortiz@yahoo.com,5514233681,Dubai,Dubai,UAE,Silver,2024-10-09,Active
CUST000352,Samuel,Mcneil,Male,1959-01-07,,9964539392,New York,New York,United States,Silver,2026-06-25,Active
CUST000353,Joshua,Perkins,Female,2008-03-06,joshua.perkins@yahoo.com,0365785648,New York,New York,United States,Platinum,2022-12-07,Active
CUST000354,Angela,Ortiz,Female,1972-01-20,angela.ortiz@yahoo.com,7598599740,London,England,United Kingdom,Diamond,2024-05-04,Inactive
CUST000355,Joy,Henderson,Female,1976-07-09,joy.henderson@yahoo.com,5547635930,Bengaluru,Karnataka,India,Diamond,2023-05-13,Active
CUST000356,Mark,Terry,Female,1961-01-02,mark.terry@hotmail.com,3650907605,Chennai,Tamil Nadu,India,Silver,2024-06-05,Inactive
CUST000357,Lisa,Gamble,Male,2007-10-11,lisa.gamble@outlook.com,4289275438,Dubai,Dubai,UAE,Platinum,2023-03-31,Inactive
CUST000358,Chase,Skinner,Female,1992-11-03,chase.skinner@hotmail.com,5962793717,Bengaluru,Karnataka,India,Silver,2022-10-18,Inactive
CUST000359,Eugene,Terrell,Male,1978-06-16,eugene.terrell@gmail.com,6323821399,Singapore,Singapore,Singapore,Platinum,2024-03-18,Inactive
CUST000360,David,Kennedy,Male,1991-01-03,david.kennedy@yahoo.com,9921314525,Sydney,New South Wales,Australia,Silver,2021-10-20,Active
CUST000361,Darrell,Johnson,Female,1980-03-31,darrell.johnson@outlook.com,0522121526,Mumbai,Maharashtra,India,Platinum,2023-10-03,Active
CUST000362,Joshua,Davis,Female,1969-02-17,joshua.davis@gmail.com,,Hyderabad,Telangana,India,Diamond,2022-03-28,Inactive
CUST000363,Michael,Bowman,Female,1984-10-14,michael.bowman@gmail.com,9772297632,London,England,United Kingdom,Silver,2023-09-06,Inactive
CUST000364,Morgan,Brennan,Male,1959-04-13,morgan.brennan@gmail.com,9560356478,Chennai,Tamil Nadu,India,Diamond,2026-03-18,Inactive
CUST000365,Scott,Gates,Female,1968-02-19,scott.gates@gmail.com,2629664370,Chennai,Tamil Nadu,India,Diamond,2023-05-19,Active
CUST000366,Theresa,Hubbard,Male,1971-04-21,theresa.hubbard@outlook.com,3205421852,Bengaluru,Karnataka,India,Platinum,2023-07-23,Active
CUST000367,Alicia,Wilson,Female,1984-02-11,alicia.wilson@outlook.com,8688391138,Sydney,New South Wales,Australia,Diamond,2022-05-13,Inactive
CUST000368,Brooke,Herrera,Male,1996-07-13,brooke.herrera@yahoo.com,0060202324,Singapore,Singapore,Singapore,Silver,2025-11-29,Inactive
CUST000369,Matthew,Rich,Male,2006-01-12,matthew.rich@outlook.com,7914055650,Hyderabad,Telangana,India,Platinum,2023-02-16,Inactive
CUST000370,Chad,Yu,Male,1994-07-13,chad.yu@yahoo.com,0266117585,New York,New York,United States,Platinum,2024-06-03,Active
CUST000371,Mark,Moore,Male,1963-06-17,mark.moore@hotmail.com,3334384014,Sydney,New South Wales,Australia,Silver,2025-05-04,Inactive
CUST000372,Toni,Norton,Male,1984-11-23,toni.norton@outlook.com,9476170415,London,England,United Kingdom,Gold,2022-08-03,Active
CUST000373,Taylor,Clark,Female,1979-01-14,taylor.clark@gmail.com,0647942161,London,England,United Kingdom,Platinum,2024-11-08,Inactive
CUST000374,Ricardo,Sanchez,Male,2006-05-15,ricardo.sanchez@gmail.com,6819238763,Bengaluru,Karnataka,India,Diamond,2025-08-03,Inactive
CUST000375,James,Ramirez,Male,1957-11-11,james.ramirez@yahoo.com,8096734757,London,England,United Kingdom,Gold,2023-09-20,Active
CUST000376,Nathan,King,Male,1989-10-07,nathan.king@gmail.com,7683389601,Hyderabad,Telangana,India,Silver,2023-03-13,Inactive
CUST000377,Jennifer,Delacruz,Female,1977-06-15,jennifer.delacruz@yahoo.com,2468144362,Sydney,New South Wales,Australia,Silver,2022-08-30,Inactive
CUST000378,Angela,Powell,Female,1960-01-25,angela.powell@gmail.com,9566822360,Hyderabad,Telangana,India,Platinum,2024-07-03,Inactive
CUST000379,Matthew,Brown,Male,1992-10-26,matthew.brown@gmail.com,5842491628,Delhi,Delhi,India,Gold,2025-05-21,Active
CUST000380,Michael,Brown,Female,1988-09-23,michael.brown@yahoo.com,8947881619,Chennai,Tamil Nadu,India,Gold,2023-09-14,Active
CUST000381,Johnathan,Bishop,Female,1995-02-16,@gmail.com,0881759298,Delhi,Delhi,India,Gold,2022-10-03,Inactive
CUST000382,Andrea,Joseph,Male,1979-12-30,andrea.joseph@gmail.com,2432564272,Mumbai,Maharashtra,India,Platinum,2025-09-06,Inactive
CUST000383,Rachel,Anderson,Male,1965-05-04,rachel.anderson@gmail.com,8558882736,Mumbai,Maharashtra,India,Silver,2022-09-02,Active
CUST000384,Deborah,Garcia,Male,1972-02-14,deborah.garcia@hotmail.com,2314498665,Delhi,Delhi,India,Platinum,2024-01-29,Active
CUST000385,Hannah,Cooper,Male,1988-09-19,hannah.cooper@gmail.com,6120532540,Chennai,Tamil Nadu,India,Diamond,2025-12-22,Inactive
CUST000386,Mary,Reynolds,Male,1982-11-04,mary.reynolds@yahoo.com,5558764178,Sydney,New South Wales,Australia,Gold,2024-07-18,Inactive
CUST000387,Robert,Walters,Male,1959-06-09,robert.walters@hotmail.com,3124922988,Dubai,Dubai,UAE,Gold,2022-02-24,Active
CUST000388,Roger,Sparks,Male,1977-01-12,john@gmail,2088677974,Chennai,Tamil Nadu,India,Silver,2021-08-16,Active
CUST000389,Tracy,Townsend,Male,1980-03-24,tracy.townsend@gmail.com,0934158167,Chennai,Tamil Nadu,India,Diamond,2024-10-09,Active
CUST000390,James,Trevino,Male,2005-02-18,,1858397034,Bengaluru,Karnataka,India,Gold,2026-02-06,Inactive
CUST000391,Ryan,Williams,Male,1956-07-29,ryan.williams@yahoo.com,4965634899,Hyderabad,Telangana,India,Silver,2022-11-08,Active
CUST000392,Dominic,Ward,Male,1963-05-09,dominic.ward@hotmail.com,6377784857,Chennai,Tamil Nadu,India,Silver,2024-11-11,Active
CUST000393,Kelly,Jones,Male,1973-03-10,kelly.jones@outlook.com,2615003334,New York,New York,United States,Diamond,2024-01-26,Inactive
CUST000394,Jessica,Murphy,Female,1998-06-27,john@gmail,9875310213,Delhi,Delhi,India,Diamond,2024-11-13,Active
CUST000395,Elizabeth,Scott,Female,2002-09-27,elizabeth.scott@gmail.com,5602325635,NEW YORK,New York,United States,Silver,2022-06-19,Inactive
CUST000396,Alexandra,Stafford,Male,1997-07-23,alexandra.stafford@outlook.com,7170453680,Delhi,Delhi,India,Silver,2024-12-26,Active
CUST000397,Samuel,Benitez,Female,2007-09-11,samuel.benitez@gmail.com,2110947923,Sydney,New South Wales,Australia,Silver,2024-11-18,Active
CUST000398,Gina,Anderson,Male,1967-04-08,gina.anderson@gmail.com,0966863871,Hyderabad,Telangana,India,Diamond,2025-10-11,Inactive
CUST000399,Sharon,Brown,Female,1958-09-25,sharon.brown@gmail.com,2968663289,New York,New York,United States,Platinum,2023-11-18,Inactive
CUST000400,Diane,Gutierrez,Female,1966-01-17,diane.gutierrez@gmail.com,5812737370,Bengaluru,Karnataka,India,Gold,2024-11-28,Inactive
CUST000401,Joel,Snyder,Male,1978-06-23,joel.snyder@yahoo.com,5054810381,Bengaluru,Karnataka,India,Diamond,2023-02-17,Active
CUST000402,Paul,Goodwin,Male,1961-12-07,paul.goodwin@gmail.com,6230161355,Dubai,Dubai,UAE,Silver,2024-06-07,Active
CUST000403,William,Ramirez,Male,1968-07-24,william.ramirez@hotmail.com,1048383395,London,England,United Kingdom,Platinum,2022-05-14,Active
CUST000404,Mark,Hart,Male,1996-04-19,mark.hart@yahoo.com,8652276026,Delhi,Delhi,India,Gold,2026-06-06,Active
CUST000405,Steven,Merritt,Female,1978-06-01,steven.merritt@gmail.com,1786175530,Chennai,Tamil Nadu,India,Gold,2023-04-09,Active
CUST000406,Daniel,Wright,Female,1965-08-04,daniel.wright@outlook.com,1982587189,Hyderabad,Telangana,India,Platinum,2023-04-15,Active
CUST000407,Hannah,Weber,Female,1964-03-28,hannah.weber@outlook.com,5138041692,London,England,United Kingdom,Gold,2023-10-07,Inactive
CUST000408,Richard,Marks,Female,1986-10-30,richard.marks@yahoo.com,2775037202,Mumbai,Maharashtra,India,Diamond,2024-03-04,Active
CUST000409,Rhonda,Rodriguez,Female,2005-10-28,rhonda.rodriguez@hotmail.com,5720268363,Hyderabad,Telangana,India,Silver,2021-08-20,Inactive
CUST000410,Victoria,Warren,Male,1974-04-01,victoria.warren@outlook.com,4469810237,Mumbai,Maharashtra,India,Gold,2024-10-28,Inactive
CUST000411,Amanda,Hunt,Male,1963-02-28,amanda.hunt@yahoo.com,2343045536,Chennai,Tamil Nadu,India,Platinum,2024-08-21,Active
CUST000412,Brandon,Coleman,Male,1959-12-05,brandon.coleman@hotmail.com,7350163715,Singapore,Singapore,Singapore,Gold,2025-05-10,Inactive
CUST000413,Christine,Stevenson,Male,1985-03-31,christine.stevenson@outlook.com,4551589951,Singapore,Singapore,Singapore,Diamond,2024-11-28,Inactive
CUST000414,Blake,White,Female,1993-06-15,blake.white@yahoo.com,5361799037,Chennai,Tamil Nadu,India,Diamond,2025-05-24,Active
CUST000415,Chad,White,Female,1985-08-26,chad.white@hotmail.com,3760325835,Singapore,Singapore,Singapore,Gold,2025-06-21,Inactive
CUST000416,Michael,Wallace,Female,2003-05-25,michael.wallace@gmail.com,4910934592,Mumbai,Maharashtra,India,Platinum,2021-11-20,Inactive
CUST000417,Heather,Flores,Male,1995-02-05,heather.flores@yahoo.com,7742630618,Chennai,Tamil Nadu,India,Platinum,2024-10-01,Inactive
CUST000418,Michael,Robinson,Male,1961-06-04,michael.robinson@yahoo.com,6500607467,Delhi,Delhi,India,Silver,2022-10-07,Inactive
CUST000419,Brian,Bruce,Female,1986-03-12,brian.bruce@outlook.com,8520868536,Chennai,Tamil Nadu,India,Platinum,2021-10-14,Inactive
CUST000420,Jennifer,Williams,Male,2007-10-17,jennifer.williams@yahoo.com,3359690858,MUMBAI,Maharashtra,India,Diamond,2025-11-28,Inactive
CUST000421,George,Thompson,Male,1982-07-17,george.thompson@yahoo.com,3576104658,New York,New York,United States,Diamond,2021-09-17,Active
CUST000422,Jonathan,Lynn,Female,1967-03-21,jonathan.lynn@gmail.com,4671972904,New York,New York,United States,Platinum,2024-02-05,Inactive
CUST000423,Christina,Thompson,Male,1981-01-20,christina.thompson@hotmail.com,5712364459,Delhi,Delhi,India,Gold,2024-04-09,Active
CUST000424,Gina,Walker,Male,1997-07-28,gina.walker@hotmail.com,7147667044,Delhi,Delhi,India,Platinum,2021-07-28,Inactive
CUST000425,Phillip,Thompson,Female,1963-12-02,phillip.thompson@gmail.com,1502660883,Hyderabad,Telangana,India,Platinum,2024-07-12,Active
CUST000426,Jennifer,Reynolds,Female,1963-07-04,jennifer.reynolds@hotmail.com,3250467135,Mumbai,Maharashtra,India,Gold,2025-02-26,Inactive
CUST000427,Diane,Webb,Female,1983-09-29,diane.webb@outlook.com,8925824179,Delhi,Delhi,India,Diamond,2025-03-23,Active
CUST000428,Samuel,Lowery,Female,1993-07-31,samuel.lowery@gmail.com,6122194448, New York,New York,United States,Silver,2026-03-30,Active
CUST000429,Aaron,Chen,Female,1969-08-07,aaron.chen@outlook.com,3024243104,HYDERABAD ,Telangana,India,Platinum,2026-02-01,Active
CUST000430,Whitney,Nolan,Female,1971-10-17,whitney.nolan@yahoo.com,6041798953,Bengaluru,Karnataka,India,Gold,2026-01-10,Inactive
CUST000431,Ashley,Macias,Female,2003-04-23,ashley.macias@yahoo.com,2091184510,Mumbai,Maharashtra,India,Platinum,2025-05-03,Inactive
CUST000432,Mary,Estrada,Male,1972-12-17,,3105190258,Delhi,Delhi,India,Silver,2024-03-12,Inactive
CUST000433,Marissa,Fry,Female,1990-09-20,marissa.fry@outlook.com,7467891819,Hyderabad,Telangana,India,Platinum,2026-06-13,Inactive
CUST000434,Heather,Potts,Female,1958-10-01,heather.potts@gmail.com,7256034821,Hyderabad,Telangana,India,Gold,2024-12-12,Active
CUST000435,Donna,Davis,Male,1967-10-28,donna.davis@hotmail.com,4629806164,Chennai,Tamil Nadu,India,Diamond,2022-05-05,Active
CUST000436,Tammy,Martinez,Male,1997-02-08,tammy.martinez@gmail.com,5409768324,Chennai,Tamil Nadu,India,Diamond,2021-09-10,Active
CUST000437,Russell,Sharp,Male,1982-02-03,russell.sharp@yahoo.com,2765017642,Bengaluru,Karnataka,India,Platinum,2022-10-05,Inactive
CUST000438,Dustin,Patel,Female,1999-09-30,dustin.patel@gmail.com,9707032378,Mumbai,Maharashtra,India,Diamond,2026-01-05,Active
CUST000439,Carlos,Washington,Female,1982-10-25,carlos.washington@outlook.com,4049839062,Singapore,Singapore,Singapore,Gold,2024-02-17,Inactive
CUST000440,Timothy,Cummings,Male,1981-04-03,timothy.cummings@yahoo.com,7261737321,Singapore,Singapore,Singapore,Gold,2022-09-06,Inactive
CUST000441,Zachary,Stone,Male,1993-10-24,zachary.stone@yahoo.com,8934107221,Chennai,Tamil Nadu,India,Diamond,2023-04-14,Inactive
CUST000442,Laura,Brooks,Male,1974-05-07,laura.brooks@outlook.com,1881813953,Bengaluru,Karnataka,India,Diamond,2024-08-25,Active
CUST000443,Isaac,Heath,Female,1981-10-18,isaac.heath@yahoo.com,0582851200,CHENNAI,Tamil Nadu,India,Diamond,2026-02-04,Inactive
CUST000444,Albert,Rodriguez,Female,1959-03-02,albert.rodriguez@yahoo.com,8433677472,Bengaluru,Karnataka,India,Silver,2021-11-15,Active
CUST000445,James,Hines,Female,1982-04-23,james.hines@gmail.com,3751863979,Dubai,Dubai,UAE,Platinum,2024-12-16,Inactive
CUST000446,Michael,Chung,Male,1983-05-28,michael.chung@outlook.com,8174484358,Dubai,Dubai,UAE,Silver,2025-03-27,Inactive
CUST000447,Connor,Russo,Female,2004-04-10,connor.russo@yahoo.com,3737582722,Bengaluru,Karnataka,India,Silver,2024-07-04,Active
CUST000448,Susan,Velasquez,Male,1992-04-20,susan.velasquez@hotmail.com,7056484611,Delhi,Delhi,India,Platinum,2022-09-05,Inactive
CUST000449,Joshua,Lewis,Male,1979-08-20,joshua.lewis@hotmail.com,5060109889,Delhi,Delhi,India,Diamond,2022-08-24,Active
CUST000450,Sarah,Webb,Male,2004-11-26,sarah.webb@yahoo.com,9374201469,Mumbai,Maharashtra,India,Gold,2022-06-06,Inactive
CUST000451,Audrey,Salazar,Female,1963-04-22,audrey.salazar@outlook.com,4985656631,Delhi,Delhi,India,Diamond,2024-01-19,Inactive
CUST000452,Amanda,Smith,Female,1989-09-18,amanda.smith@yahoo.com,5153852244,Dubai,Dubai,UAE,Platinum,2025-08-11,Inactive
CUST000453,Tina,Perez,Female,1961-01-30,tina.perez@outlook.com,5792661526,London,England,United Kingdom,Silver,2023-08-24,Active
CUST000454,Rebecca,Davis,Male,1989-07-03,rebecca.davis@yahoo.com,7455413981,Mumbai,Maharashtra,India,Diamond,2023-10-16,Inactive
CUST000455,Rachel,Richards,Female,1960-01-23,rachel.richards@yahoo.com,7184569555,Dubai,Dubai,UAE,Diamond,2025-06-02,Inactive
CUST000456,Stephen,Lowe,Female,1960-10-26,stephen.lowe@outlook.com,4748652302,Dubai,Dubai,UAE,Platinum,2026-06-11,Inactive
CUST000457,Matthew,Valdez,Male,1956-12-08,matthew.valdez@yahoo.com,9185700170,New York,New York,United States,Diamond,2023-10-10,Active
CUST000458,Katrina,Gallagher,Male,1961-11-08,katrina.gallagher@outlook.com,5290557056,Bengaluru,Karnataka,India,Gold,2024-08-31,Inactive
CUST000459,Christopher,Robles,Male,1963-08-05,christopher.robles@outlook.com,0776925383,London,England,United Kingdom,Diamond,2025-04-02,Inactive
CUST000460,Kristy,Moore,Female,1974-04-03,kristy.moore@gmail.com,0409166459,Mumbai,Maharashtra,India,Silver,2025-03-26,Inactive
CUST000461,Paul,Bailey,Male,1982-07-19,paul.bailey@hotmail.com,2026446889,Bengaluru,Karnataka,India,Silver,2022-02-25,Inactive
CUST000462,Kristine,Charles,Male,1995-02-08,abc@,3674996703,London,England,United Kingdom,Platinum,2023-06-03,Active
CUST000463,Riley,Price,Female,2000-04-03,riley.price@yahoo.com,1597598396,Delhi,Delhi,India,Silver,2024-04-10,Inactive
CUST000464,Eric,Ramirez,Female,2000-01-18,eric.ramirez@hotmail.com,8208216781,Mumbai,Maharashtra,India,Gold,2024-04-10,Inactive
CUST000465,Raymond,Murphy,Female,2000-06-02,raymond.murphy@outlook.com,8567905776,Mumbai,Maharashtra,India,Diamond,2026-01-20,Inactive
CUST000466,Samuel,Thompson,Male,1999-09-11,,,Mumbai,Maharashtra,India,Silver,2022-03-02,Inactive
CUST000467,James,Harrison,Female,1965-07-07,james.harrison@hotmail.com,8755007246,Mumbai,Maharashtra,India,Gold,2026-07-17,Active
CUST000468,Gabrielle,Dixon,Female,2004-04-12,gabrielle.dixon@hotmail.com,,Sydney,New South Wales,Australia,Diamond,2023-03-12,Inactive
CUST000469,Dale,Russell,Female,1974-07-20,dale.russell@hotmail.com,1033936464,Dubai,Dubai,UAE,Platinum,2021-12-01,Active
CUST000470,Jerry,Davis,Female,1987-05-16,jerry.davis@outlook.com,2499557789,Chennai,Tamil Nadu,India,Gold,2025-02-14,Inactive
CUST000471,Amber,Kelly,Female,1983-01-15,amber.kelly@yahoo.com,5999947462,Sydney,New South Wales,Australia,Platinum,2024-04-05,Inactive
CUST000472,Melanie,Martin,Female,1973-10-12,melanie.martin@outlook.com,3669611145,London,England,United Kingdom,Diamond,2023-11-17,Inactive
CUST000473,Emily,Bean,Female,1969-12-21,emily.bean@yahoo.com,0740333172,Mumbai,Maharashtra,India,Diamond,2023-06-30,Inactive
CUST000474,Kerri,Kemp,Male,2003-03-17,john@gmail,1640894814,Dubai,Dubai,UAE,Platinum,2025-11-30,Inactive
CUST000475,Michael,Guerrero,Male,1994-09-08,michael.guerrero@gmail.com,9445473859,Dubai,Dubai,UAE,Diamond,2024-08-29,Inactive
CUST000476,Jesse,Adams,Female,1979-04-08,jesse.adams@hotmail.com,0575476984,London,England,United Kingdom,Diamond,2023-09-02,Inactive
CUST000477,Anne,Bray,Female,1961-09-02,anne.bray@outlook.com,3175610436,New York,New York,United States,Gold,2022-10-06,Inactive
CUST000478,Nancy,Reed,Male,1988-12-05,@gmail.com,5531654005,Singapore,Singapore,Singapore,Diamond,2026-07-03,Inactive
CUST000479,Elaine,Casey,Male,1996-04-11,elaine.casey@gmail.com,0642557582,Bengaluru,Karnataka,India,Diamond,2024-11-12,Inactive
CUST000480,Robert,Bernard,Female,1996-01-06,,2736613690,Mumbai,Maharashtra,India,Platinum,2024-08-31,Inactive
CUST000481,Marvin,Chaney,Female,1974-10-09,marvin.chaney@hotmail.com,9464805683,Singapore,Singapore,Singapore,Diamond,2021-08-20,Active
CUST000482,Andrew,Keller,Female,1966-10-01,andrew.keller@hotmail.com,2656479283,Mumbai,Maharashtra,India,Gold,2023-06-13,Inactive
CUST000483,Catherine,Leonard,Female,2002-04-07,catherine.leonard@gmail.com,6398700715,Mumbai,Maharashtra,India,Gold,2023-04-09,Active
CUST000484,Kevin,White,Female,1982-03-25,kevin.white@outlook.com,7407701311,Dubai,Dubai,UAE,Platinum,2024-03-03,Inactive
CUST000485,Joan,Gallegos,Female,1976-12-03,joan.gallegos@outlook.com,5987728938,London,England,United Kingdom,Silver,2024-06-09,Inactive
CUST000486,Elizabeth,Fisher,Male,1976-06-19,elizabeth.fisher@yahoo.com,9507955754,Sydney,New South Wales,Australia,Platinum,2023-02-25,Active
CUST000487,Theodore,Stewart,Female,1956-07-18,theodore.stewart@yahoo.com,3871922482,London,England,United Kingdom,Platinum,2021-08-16,Active
CUST000488,Alexander,Palmer,Female,1983-03-30,alexander.palmer@hotmail.com,6719811547,London,England,United Kingdom,Diamond,2025-02-08,Active
CUST000489,Robert,Wright,Male,1982-01-25,robert.wright@yahoo.com,5997277990,New York,New York,United States,Diamond,2026-05-29,Inactive
CUST000490,Tammy,Evans,Female,1988-05-31,tammy.evans@gmail.com,1493672049,Chennai,Tamil Nadu,India,Silver,2022-10-17,Active
CUST000491,Nancy,Sullivan,Female,1972-07-14,nancy.sullivan@hotmail.com,3118126461,Bengaluru,Karnataka,India,Silver,2023-11-07,Inactive
CUST000492,Denise,Sanchez,Male,1960-10-27,denise.sanchez@gmail.com,4091300523,Delhi,Delhi,India,Platinum,2023-06-02,Active
CUST000493,Janet,Johnson,Male,1990-05-30,janet.johnson@hotmail.com,4782208246,Singapore,Singapore,Singapore,Silver,2023-05-29,Inactive
CUST000494,Emily,Wright,Female,2006-08-04,emily.wright@gmail.com,6374908006,New York,New York,United States,Diamond,2023-10-27,Inactive
CUST000495,Diane,Harper,Female,1983-05-22,diane.harper@hotmail.com,9750923159,Dubai,Dubai,UAE,Diamond,2023-12-19,Inactive
CUST000496,Zachary,West,Male,1957-08-22,zachary.west@yahoo.com,9389244463,New York,New York,United States,Diamond,2026-01-05,Inactive
CUST000497,Maurice,Tate,Male,1956-07-17,maurice.tate@yahoo.com,5023430659,Mumbai,Maharashtra,India,Platinum,2022-07-31,Active
CUST000498,Eric,Lloyd,Female,1995-10-01,eric.lloyd@outlook.com,7965116120,Chennai,Tamil Nadu,India,Platinum,2025-07-31,Active
CUST000499,Kevin,Lucas,Female,1971-07-02,kevin.lucas@hotmail.com,1542583633,CHENNAI,Tamil Nadu,India,Platinum,2021-11-28,Active
CUST000500,Roy,Bennett,Male,1995-02-11,roy.bennett@outlook.com,1913830533,Bengaluru,Karnataka,India,Diamond,2024-08-17,Inactive
CUST000501,Reginald,Burgess,Male,1997-05-29,reginald.burgess@outlook.com,3932042676,London,England,United Kingdom,Gold,2025-03-02,Active
CUST000502,Jo,Clark,Female,1974-10-16,jo.clark@hotmail.com,1275552151,Singapore,Singapore,Singapore,Platinum,2023-11-12,Active
CUST000503,Gregory,Turner,Female,1997-08-27,gregory.turner@outlook.com,0752943218,New York,New York,United States,Diamond,2023-03-25,Inactive
CUST000504,John,Carter,Male,1966-11-21,john.carter@outlook.com,1215653338,London,England,United Kingdom,Platinum,2024-04-02,Active
CUST000505,Paul,Hull,Female,1973-02-14,paul.hull@yahoo.com,3336753267,BENGALURU,Karnataka,India,Diamond,2023-05-10,Inactive
CUST000506,Denise,Norman,Female,1986-10-10,denise.norman@hotmail.com,1262087922,Singapore,Singapore,Singapore,Silver,2024-10-05,Inactive
CUST000507,Lori,Vargas,Female,1984-03-13,lori.vargas@outlook.com,5380707613,Dubai,Dubai,UAE,Silver,2022-09-05,Inactive
CUST000508,Craig,Wright,Male,1961-03-04,craig.wright@yahoo.com,4213663193,Singapore,Singapore,Singapore,Gold,2022-10-23,Active
CUST000509,James,Lee,Male,1995-05-03,james.lee@outlook.com,3984263140,Mumbai,Maharashtra,India,Gold,2022-03-20,Inactive
CUST000510,Joshua,Osborn,Female,1973-07-15,joshua.osborn@yahoo.com,7385577657,Mumbai,Maharashtra,India,Platinum,2025-08-30,Active
CUST000511,Rebecca,Hays,Female,1992-10-22,john@gmail,5456188970,Dubai,Dubai,UAE,Silver,2022-04-30,Active
CUST000512,Debra,Herring,Male,1964-09-24,debra.herring@outlook.com,7635433458,Bengaluru,Karnataka,India,Silver,2022-05-27,Inactive
CUST000513,Russell,Evans,Male,1997-06-13,gmail.com,7591545833,Hyderabad,Telangana,India,Platinum,2024-12-16,Active
CUST000514,Anne,Hudson,Female,1991-04-01,anne.hudson@outlook.com,9693633748,Singapore,Singapore,Singapore,Gold,2022-04-12,Active
CUST000515,Johnny,Wilson,Male,2007-06-01,johnny.wilson@gmail.com,8767131144,London,England,United Kingdom,Diamond,2022-09-11,Active
CUST000516,Raymond,Christensen,Female,1968-05-09,raymond.christensen@gmail.com,3172031797,Singapore,Singapore,Singapore,Diamond,2022-09-04,Inactive
CUST000517,Alicia,Austin,Female,1968-01-08,alicia.austin@yahoo.com,7509279929, Singapore,Singapore,Singapore,Platinum,2024-02-01,Active
CUST000518,Angela,Burns,Male,1979-08-30,angela.burns@hotmail.com,6324861542,Singapore,Singapore,Singapore,Diamond,2026-06-25,Active
CUST000519,Donna,Peterson,Female,1985-01-03,donna.peterson@yahoo.com,2844029618,Delhi,Delhi,India,Gold,2022-11-01,Inactive
CUST000520,Nancy,Collins,Male,1995-05-07,nancy.collins@yahoo.com,8545010030,Hyderabad,Telangana,India,Diamond,2023-03-10,Inactive
CUST000521,Darryl,Kennedy,Male,2005-05-29,darryl.kennedy@hotmail.com,7957536053,Dubai,Dubai,UAE,Diamond,2021-09-21,Inactive
CUST000522,Rachel,Romero,Female,2008-06-09,rachel.romero@hotmail.com,2989251911,Bengaluru,Karnataka,India,Gold,2024-12-13,Active
CUST000523,Mary,Garcia,Male,1958-07-05,mary.garcia@hotmail.com,2254276233,Hyderabad,Telangana,India,Platinum,2026-01-22,Inactive
CUST000524,Alexis,Tran,Male,1970-08-15,alexis.tran@hotmail.com,0115512719,Sydney,New South Wales,Australia,Gold,2024-04-29,Active
CUST000525,Lance,Hall,Female,1998-02-26,lance.hall@yahoo.com,1261371748,Chennai,Tamil Nadu,India,Diamond,2025-01-03,Inactive
CUST000526,Tiffany,Mckinney,Male,1996-01-05,tiffany.mckinney@outlook.com,3069821379,Hyderabad,Telangana,India,Platinum,2022-03-01,Inactive
CUST000527,Jim,Jones,Female,1956-12-26,jim.jones@gmail.com,0898937838,Dubai,Dubai,UAE,Gold,2024-05-28,Active
CUST000528,Kayla,Hernandez,Male,1965-08-14,kayla.hernandez@outlook.com,8954111003, BENGALURU,Karnataka,India,Gold,2022-07-07,Active
CUST000529,Mary,Gonzalez,Male,1995-06-25,mary.gonzalez@yahoo.com,8730034829, Mumbai,Maharashtra,India,Gold,2023-06-07,Active
CUST000530,Denise,Fernandez,Female,1964-07-15,denise.fernandez@outlook.com,2534493023,Dubai,Dubai,UAE,Diamond,2023-04-12,Inactive
CUST000531,Barbara,Johnston,Male,1964-05-24,barbara.johnston@yahoo.com,2019016456,New York,New York,United States,Platinum,2022-03-07,Active
CUST000532,Deborah,Hampton,Male,1972-01-25,deborah.hampton@yahoo.com,1349657804,Bengaluru,Karnataka,India,Diamond,2024-09-19,Inactive
CUST000533,Edward,Morgan,Male,1986-01-06,edward.morgan@hotmail.com,7387311708,London,England,United Kingdom,Platinum,2022-11-02,Inactive
CUST000534,Jason,Williams,Female,2000-03-14,jason.williams@hotmail.com,1743804768,Sydney,New South Wales,Australia,Platinum,2026-06-03,Inactive
CUST000535,Michael,Russell,Female,1957-12-09,michael.russell@gmail.com,6981479670,Delhi,Delhi,India,Platinum,2026-04-22,Active
CUST000536,David,Barrett,Female,1984-01-03,david.barrett@hotmail.com,2857642262,Bengaluru,Karnataka,India,Diamond,2022-01-22,Inactive
CUST000537,Scott,Grant,Male,1974-03-25,scott.grant@yahoo.com,9452249584,London,England,United Kingdom,Diamond,2025-09-21,Inactive
CUST000538,Karen,Brown,Female,1976-02-29,karen.brown@gmail.com,3709184891,Sydney,New South Wales,Australia,Platinum,2024-09-19,Inactive
CUST000539,Johnny,Levine,Female,1972-09-23,abc@,2235363398,London,England,United Kingdom,Silver,2025-10-03,Active
CUST000540,Calvin,Martin,Female,1973-01-09,calvin.martin@outlook.com,4727082284,Bengaluru,Karnataka,India,Gold,2022-05-23,Inactive
CUST000541,Henry,Gray,Female,1980-02-01,henry.gray@hotmail.com,8386083140,Hyderabad,Telangana,India,Diamond,2023-11-04,Active
CUST000542,Robert,Perez,Male,2005-08-19,robert.perez@gmail.com,2677835998,Chennai,Tamil Nadu,India,Platinum,2023-09-13,Inactive
CUST000543,Meghan,Barnes,Female,1978-03-08,meghan.barnes@outlook.com,7107268752,Sydney,New South Wales,Australia,Diamond,2022-11-20,Inactive
CUST000544,Gary,Ewing,Female,1996-10-24,gary.ewing@yahoo.com,5756601200,Bengaluru,Karnataka,India,Platinum,2024-07-05,Inactive
CUST000545,Stacey,Vaughn,Male,1963-11-13,stacey.vaughn@gmail.com,5226163015,London,England,United Kingdom,Gold,2022-03-29,Inactive
CUST000546,Matthew,Gardner,Female,1957-10-27,matthew.gardner@gmail.com,6461033653,Bengaluru,Karnataka,India,Silver,2021-08-25,Active
CUST000547,Adam,Smith,Male,1994-05-13,adam.smith@hotmail.com,6052638649,Mumbai,Maharashtra,India,Diamond,2023-10-11,Active
CUST000548,Charles,Alexander,Female,1985-04-07,charles.alexander@yahoo.com,2190771352,Chennai,Tamil Nadu,India,Gold,2022-03-11,Active
CUST000549,Robin,Knight,Female,2000-02-29,robin.knight@gmail.com,2190791384,Delhi,Delhi,India,Silver,2025-07-31,Active
CUST000550,Nicholas,Bowers,Male,1965-10-04,nicholas.bowers@yahoo.com,0122010468, London,England,United Kingdom,Silver,2024-08-03,Active
CUST000551,Robin,Hobbs,Female,1961-10-31,robin.hobbs@gmail.com,5486873448,Singapore,Singapore,Singapore,Diamond,2022-09-24,Inactive
CUST000552,Bradley,Weaver,Female,1971-12-24,bradley.weaver@gmail.com,3627183623,Mumbai,Maharashtra,India,Gold,2021-11-01,Active
CUST000553,Cynthia,Blackwell,Female,1956-03-06,cynthia.blackwell@yahoo.com,8473492446,New York,New York,United States,Diamond,2021-08-24,Inactive
CUST000554,Todd,Moore,Female,2007-08-01,todd.moore@yahoo.com,7919065183,London,England,United Kingdom,Diamond,2025-10-19,Inactive
CUST000555,Andrew,Figueroa,Male,1984-10-03,andrew.figueroa@yahoo.com,6945813445,Sydney,New South Wales,Australia,Gold,2023-12-29,Inactive
CUST000556,Martha,Kent,Male,2004-04-21,martha.kent@hotmail.com,9885322395,Sydney,New South Wales,Australia,Platinum,2025-01-04,Inactive
CUST000557,Jennifer,Davis,Female,1958-11-24,jennifer.davis@outlook.com,1661606724,Bengaluru,Karnataka,India,Diamond,2025-11-30,Inactive
CUST000558,Omar,Curry,Female,1998-06-16,omar.curry@hotmail.com,,Singapore,Singapore,Singapore,Diamond,2026-07-26,Active
CUST000559,Samantha,Tucker,Male,1992-11-15,samantha.tucker@gmail.com,5341143153,Sydney,New South Wales,Australia,Silver,2025-02-07,Inactive
CUST000560,Mark,Raymond,Female,1956-04-22,mark.raymond@hotmail.com,1203447136,Singapore,Singapore,Singapore,Diamond,2025-08-13,Active
CUST000561,Karen,Cooper,Male,1956-12-01,karen.cooper@outlook.com,7323437772,New York,New York,United States,Gold,2025-09-24,Active
CUST000562,Jack,Benitez,Female,2003-04-28,,7542640880,Mumbai,Maharashtra,India,Silver,2022-06-07,Inactive
CUST000563,Laura,Soto,Male,1955-12-22,laura.soto@gmail.com,0828570691,Bengaluru,Karnataka,India,Platinum,2023-06-30,Inactive
CUST000564,Kristin,Brooks,Female,1985-07-05,kristin.brooks@outlook.com,1587302053,Dubai,Dubai,UAE,Gold,2024-02-20,Active
CUST000565,Allen,Lee,Female,1974-05-26,allen.lee@yahoo.com,8793992631,London,England,United Kingdom,Platinum,2022-04-02,Active
CUST000566,Christopher,White,Female,1990-05-15,christopher.white@yahoo.com,9547332031,Singapore,Singapore,Singapore,Platinum,2026-03-13,Active
CUST000567,Rebecca,Buck,Male,1999-10-11,rebecca.buck@outlook.com,8309325960,Singapore,Singapore,Singapore,Platinum,2021-10-14,Active
CUST000568,Kevin,Rodriguez,Male,2007-10-04,kevin.rodriguez@hotmail.com,0253430717,New York,New York,United States,Gold,2025-09-20,Active
CUST000569,Mindy,Turner,Female,1986-05-24,mindy.turner@yahoo.com,8841696480,Bengaluru,Karnataka,India,Diamond,2023-08-07,Inactive
CUST000570,Sara,Garcia,Male,1987-03-17,sara.garcia@yahoo.com,7114122410,Dubai,Dubai,UAE,Silver,2024-08-21,Inactive
CUST000571,Richard,Ford,Female,1982-12-08,richard.ford@outlook.com,3444390488,Dubai,Dubai,UAE,Silver,2022-03-04,Inactive
CUST000572,Andrew,Johnson,Male,2005-11-08,andrew.johnson@hotmail.com,6667477002,Mumbai,Maharashtra,India,Platinum,2025-07-31,Active
CUST000573,Kathryn,Ruiz,Female,1960-05-17,kathryn.ruiz@outlook.com,7215876395,Singapore,Singapore,Singapore,Silver,2023-02-21,Active
CUST000574,Monica,Hensley,Male,2001-04-04,monica.hensley@yahoo.com,0498029056,Singapore,Singapore,Singapore,Diamond,2023-03-14,Active
CUST000575,James,Wilson,Female,1979-07-10,james.wilson@gmail.com,5635517596,New York,New York,United States,Gold,2025-01-10,Inactive
CUST000576,William,Johnson,Male,1972-12-03,william.johnson@yahoo.com,3530382848,Chennai,Tamil Nadu,India,Gold,2022-12-16,Inactive
CUST000577,Michele,Douglas,Male,1987-05-15,michele.douglas@gmail.com,5125539471,Bengaluru,Karnataka,India,Gold,2024-10-10,Active
CUST000578,Natalie,Villanueva,Male,2001-05-23,natalie.villanueva@yahoo.com,1723598475,London,England,United Kingdom,Silver,2025-03-08,Active
CUST000579,Kenneth,Hubbard,Female,1979-12-25,kenneth.hubbard@yahoo.com,8659216128,Dubai,Dubai,UAE,Diamond,2025-03-17,Active
CUST000580,James,Thomas,Female,1965-07-29,james.thomas@hotmail.com,4397323737,London,England,United Kingdom,Diamond,2024-11-24,Active
CUST000581,Lonnie,Phillips,Female,1996-01-21,lonnie.phillips@yahoo.com,8067018693,New York,New York,United States,Silver,2025-06-17,Inactive
CUST000582,Douglas,Miller,Male,1977-09-25,douglas.miller@yahoo.com,2944112642,London,England,United Kingdom,Gold,2021-10-31,Active
CUST000583,William,Bowman,Male,1956-07-29,william.bowman@hotmail.com,6995111108,Bengaluru,Karnataka,India,Silver,2022-01-16,Inactive
CUST000584,Stephen,Smith,Male,1961-07-04,stephen.smith@gmail.com,1585020083,Mumbai,Maharashtra,India,Platinum,2026-01-20,Inactive
CUST000585,Laura,Vargas,Female,1984-07-29,laura.vargas@hotmail.com,8645261113,Mumbai,Maharashtra,India,Gold,2024-04-13,Inactive
CUST000586,Joshua,Roth,Male,1997-09-24,joshua.roth@hotmail.com,7670544534,Delhi,Delhi,India,Gold,2023-07-19,Inactive
CUST000587,John,Salas,Male,1981-10-26,john.salas@yahoo.com,1728262531,Mumbai,Maharashtra,India,Gold,2023-05-29,Active
CUST000588,Hayden,Mueller,Male,2005-08-29,hayden.mueller@gmail.com,8196325983,Delhi ,Delhi,India,Gold,2022-02-25,Active
CUST000589,Patricia,Huang,Male,1998-01-23,patricia.huang@outlook.com,2014323094,Chennai,Tamil Nadu,India,Diamond,2021-09-23,Active
CUST000590,Zachary,Martin,Female,1983-04-28,zachary.martin@yahoo.com,9589305298,Sydney,New South Wales,Australia,Gold,2022-03-06,Active
CUST000591,Linda,Burke,Female,1971-04-08,linda.burke@yahoo.com,6396324832,Sydney,New South Wales,Australia,Gold,2024-12-09,Inactive
CUST000592,Lisa,Ochoa,Female,1965-08-25,lisa.ochoa@outlook.com,4661143890,Bengaluru,Karnataka,India,Diamond,2021-11-15,Active
CUST000593,Christopher,Dunlap,Female,1981-09-26,christopher.dunlap@gmail.com,5265900266,London,England,United Kingdom,Diamond,2025-10-29,Active
CUST000594,Brittney,Lowe,Female,1981-08-22,brittney.lowe@outlook.com,3033700680,New York,New York,United States,Gold,2025-02-04,Inactive
CUST000595,Paul,Smith,Female,2008-05-06,paul.smith@hotmail.com,0632799476,Bengaluru,Karnataka,India,Platinum,2026-07-07,Inactive
CUST000596,Amy,Larson,Male,1987-01-10,amy.larson@hotmail.com,4029618977,Chennai,Tamil Nadu,India,Platinum,2023-10-22,Active
CUST000597,Robert,Jones,Female,1966-05-30,robert.jones@yahoo.com,3124415330,Hyderabad,Telangana,India,Diamond,2023-01-05,Active
CUST000598,Richard,Hale,Male,1963-07-01,richard.hale@hotmail.com,6067160551,London,England,United Kingdom,Gold,2026-04-18,Inactive
CUST000599,Jason,Castillo,Female,1974-04-20,jason.castillo@hotmail.com,6059073015,London,England,United Kingdom,Platinum,2025-10-02,Inactive
CUST000600,Ray,Adkins,Male,1965-09-08,ray.adkins@yahoo.com,4761143278,Bengaluru,Karnataka,India,Platinum,2026-01-17,Active
CUST000601,Samantha,Lynch,Male,1989-04-20,samantha.lynch@gmail.com,9550197355,Singapore,Singapore,Singapore,Silver,2026-05-04,Active
CUST000602,Sean,Powell,Female,1992-04-26,sean.powell@outlook.com,8216767493,Sydney,New South Wales,Australia,Diamond,2024-04-30,Inactive
CUST000603,Lisa,Simpson,Female,1966-10-11,lisa.simpson@yahoo.com,6280138963,Mumbai,Maharashtra,India,Platinum,2021-10-18,Active
CUST000604,Matthew,Taylor,Female,1967-11-19,matthew.taylor@yahoo.com,3033016058,Bengaluru,Karnataka,India,Platinum,2024-03-01,Active
CUST000605,Teresa,Carpenter,Female,2001-12-26,teresa.carpenter@outlook.com,1410301148,Dubai,Dubai,UAE,Platinum,2023-08-08,Active
CUST000606,Dylan,Welch,Female,1971-10-10,dylan.welch@outlook.com,6626109342,Delhi,Delhi,India,Platinum,2026-05-01,Inactive
CUST000607,Brian,Pineda,Female,2002-02-18,brian.pineda@outlook.com,9179498224,New York ,New York,United States,Gold,2025-07-15,Active
CUST000608,Ronnie,Underwood,Female,2003-11-05,ronnie.underwood@yahoo.com,0454334727,Bengaluru,Karnataka,India,Platinum,2022-04-11,Inactive
CUST000609,Ellen,Taylor,Male,1963-06-21,ellen.taylor@yahoo.com,8996109221,Bengaluru,Karnataka,India,Gold,2024-10-07,Inactive
CUST000610,Christopher,Fischer,Female,1970-02-23,christopher.fischer@yahoo.com,7075998892,Singapore,Singapore,Singapore,Silver,2021-11-13,Inactive
CUST000611,Cynthia,Mason,Male,1977-02-04,cynthia.mason@hotmail.com,1492926467,Chennai,Tamil Nadu,India,Diamond,2024-10-31,Inactive
CUST000612,Karen,Jackson,Male,1961-04-13,karen.jackson@outlook.com,8843514885, Chennai,Tamil Nadu,India,Platinum,2025-04-26,Active
CUST000613,James,Brown,Male,1996-01-13,james.brown@hotmail.com,8639059781,New York,New York,United States,Gold,2024-11-29,Inactive
CUST000614,Ernest,Flores,Female,2000-11-10,ernest.flores@outlook.com,7633903432,Delhi,Delhi,India,Diamond,2026-03-21,Inactive
CUST000615,Katie,Reeves,Female,1962-06-09,katie.reeves@outlook.com,6453900846,New York,New York,United States,Diamond,2023-04-13,Active
CUST000616,Tiffany,Bradley,Female,2001-01-07,tiffany.bradley@gmail.com,0028841941,Mumbai,Maharashtra,India,Gold,2024-01-25,Inactive
CUST000617,Donald,Bond,Male,2003-03-05,donald.bond@outlook.com,1617879133,Delhi,Delhi,India,Gold,2025-04-09,Active
CUST000618,Jorge,Meyer,Female,2004-09-26,jorge.meyer@hotmail.com,8142410698,Bengaluru,Karnataka,India,Gold,2023-11-06,Inactive
CUST000619,Jennifer,Freeman,Female,1966-09-16,jennifer.freeman@yahoo.com,4750207267,Hyderabad,Telangana,India,Gold,2025-02-24,Active
CUST000620,Lisa,Green,Male,1985-02-22,lisa.green@gmail.com,1365610850,Mumbai,Maharashtra,India,Gold,2023-03-08,Inactive
CUST000621,Mary,Lewis,Male,1983-04-03,mary.lewis@yahoo.com,0016787976,Dubai,Dubai,UAE,Gold,2024-03-18,Active
CUST000622,Leslie,Peterson,Male,1968-11-29,leslie.peterson@yahoo.com,7727068012,Chennai,Tamil Nadu,India,Silver,2025-05-04,Active
CUST000623,Alejandro,Holland,Female,1965-07-30,alejandro.holland@hotmail.com,1776762914,Dubai,Dubai,UAE,Gold,2024-08-27,Active
CUST000624,Carolyn,Pierce,Female,1999-12-05,carolyn.pierce@yahoo.com,1594520945,Bengaluru,Karnataka,India,Gold,2022-11-19,Inactive
CUST000625,Antonio,Holden,Female,1975-01-11,antonio.holden@yahoo.com,7571625178,Singapore,Singapore,Singapore,Platinum,2025-06-01,Active
CUST000626,Tammy,Mcdonald,Male,1972-10-28,tammy.mcdonald@outlook.com,9975752727,Bengaluru,Karnataka,India,Platinum,2025-11-28,Active
CUST000627,Austin,Harper,Female,1976-05-17,austin.harper@outlook.com,4891504618, Hyderabad,Telangana,India,Silver,2021-12-11,Inactive
CUST000628,Patrick,Moore,Male,1968-12-28,patrick.moore@outlook.com,7705682146,Sydney,New South Wales,Australia,Gold,2022-10-05,Inactive
CUST000629,Kevin,Barnes,Female,1994-03-08,kevin.barnes@gmail.com,3856487742,Mumbai,Maharashtra,India,Diamond,2025-08-10,Inactive
CUST000630,Mark,Cook,Male,1971-08-04,mark.cook@gmail.com,2006680698,New York,New York,United States,Diamond,2024-05-09,Inactive
CUST000631,Dennis,Davis,Male,1965-10-04,,1085364969,Chennai,Tamil Nadu,India,Diamond,2022-01-14,Active
CUST000632,Christopher,Simpson,Female,1969-09-13,christopher.simpson@outlook.com,3265942673,New York,New York,United States,Gold,2022-04-27,Inactive
CUST000633,Laura,Rivas,Female,1969-09-28,laura.rivas@outlook.com,3335531444,Mumbai,Maharashtra,India,Gold,2023-12-06,Active
CUST000634,Jessica,Ryan,Female,2003-05-17,jessica.ryan@outlook.com,3680726919,Hyderabad,Telangana,India,Gold,2025-06-09,Active
CUST000635,Christine,Velez,Female,2006-05-30,abc@,7653614668,Delhi,Delhi,India,Diamond,2023-11-06,Active
CUST000636,Matthew,Bennett,Male,1983-10-10,matthew.bennett@yahoo.com,5427535380,New York,New York,United States,Diamond,2021-10-31,Inactive
CUST000637,Robert,Meyer,Male,1991-12-29,gmail.com,6384359356,Chennai,Tamil Nadu,India,Gold,2023-01-28,Inactive
CUST000638,Hannah,Rogers,Male,1968-01-25,hannah.rogers@gmail.com,6005556421,Dubai,Dubai,UAE,Gold,2025-11-16,Active
CUST000639,Michael,Bautista,Male,2000-09-03,michael.bautista@yahoo.com,0794263754,London,England,United Kingdom,Platinum,2023-01-05,Inactive
CUST000640,Christopher,Smith,Male,1966-07-22,christopher.smith@outlook.com,8531785187,Singapore,Singapore,Singapore,Diamond,2024-07-29,Inactive
CUST000641,Dustin,Downs,Male,1962-01-19,dustin.downs@outlook.com,7214941029,Delhi,Delhi,India,Diamond,2024-10-05,Inactive
CUST000642,Jacob,Lyons,Female,1959-11-08,jacob.lyons@yahoo.com,2518935943,Chennai,Tamil Nadu,India,Platinum,2022-11-03,Inactive
CUST000643,Tammy,Mitchell,Female,1956-03-24,tammy.mitchell@outlook.com,6819763886, Hyderabad,Telangana,India,Silver,2025-10-10,Active
CUST000644,John,Barnes,Female,1992-03-03,john.barnes@gmail.com,3073497612,Hyderabad,Telangana,India,Platinum,2025-01-09,Active
CUST000645,Aaron,Ortiz,Male,1965-12-05,aaron.ortiz@outlook.com,9364918806,Dubai,Dubai,UAE,Platinum,2026-04-18,Inactive
CUST000646,Sherry,Martin,Male,1977-09-11,sherry.martin@hotmail.com,6792146429,New York ,New York,United States,Gold,2024-06-06,Inactive
CUST000647,Jon,Kim,Male,2000-11-12,jon.kim@hotmail.com,6838062913,Singapore,Singapore,Singapore,Platinum,2022-03-02,Active
CUST000648,Shawn,Baker,Male,1984-12-03,shawn.baker@yahoo.com,6111361909,New York,New York,United States,Diamond,2022-01-28,Active
CUST000649,Joshua,Peterson,Female,1986-09-23,joshua.peterson@gmail.com,2634190090,Bengaluru,Karnataka,India,Silver,2023-02-05,Inactive
CUST000650,Justin,Rodriguez,Female,1955-07-29,,6044919549,Sydney,New South Wales,Australia,Gold,2022-07-17,Inactive
CUST000651,Corey,Ballard,Male,1990-12-18,corey.ballard@outlook.com,4754206939,Dubai,Dubai,UAE,Gold,2024-08-13,Inactive
CUST000652,Emily,Beck,Male,1982-10-29,emily.beck@gmail.com,2801388842,Hyderabad,Telangana,India,Platinum,2022-06-03,Active
CUST000653,Michael,White,Female,1994-03-19,michael.white@hotmail.com,8503865266,HYDERABAD,Telangana,India,Diamond,2024-11-13,Inactive
CUST000654,Joanne,Nunez,Male,1957-10-07,@gmail.com,4326246694,Singapore,Singapore,Singapore,Platinum,2022-02-19,Inactive
CUST000655,Brandy,Browning,Male,1999-07-19,brandy.browning@yahoo.com,3013281011,Chennai,Tamil Nadu,India,Platinum,2022-02-23,Active
CUST000656,Christina,Payne,Male,2005-08-01,christina.payne@gmail.com,2213242622,Hyderabad,Telangana,India,Gold,2025-05-10,Inactive
CUST000657,Connie,Lawrence,Male,1959-08-12,connie.lawrence@gmail.com,5274247094,Delhi,Delhi,India,Platinum,2025-04-13,Inactive
CUST000658,Kellie,Mathews,Male,1994-04-18,john@gmail,6369769032,Bengaluru,Karnataka,India,Diamond,2022-09-24,Inactive
CUST000659,Michael,Frost,Male,1971-03-24,michael.frost@hotmail.com,3594112039,Delhi,Delhi,India,Platinum,2022-06-07,Inactive
CUST000660,Vincent,Chen,Male,1975-02-15,vincent.chen@outlook.com,8252411866,Bengaluru,Karnataka,India,Gold,2022-08-11,Inactive
CUST000661,Kelly,Yoder,Male,1990-01-12,kelly.yoder@gmail.com,3500737215,Sydney,New South Wales,Australia,Gold,2025-12-13,Active
CUST000662,Lindsey,Hall,Female,1983-09-18,lindsey.hall@hotmail.com,9318261223,Singapore,Singapore,Singapore,Diamond,2026-05-25,Inactive
CUST000663,Austin,Middleton,Male,1989-06-27,austin.middleton@gmail.com,0472990337,Sydney,New South Wales,Australia,Diamond,2022-03-20,Inactive
CUST000664,Meghan,Hoffman,Male,1986-09-29,meghan.hoffman@hotmail.com,1524360794,New York,New York,United States,Diamond,2023-05-09,Active
CUST000665,Jeanette,Smith,Male,1965-02-03,jeanette.smith@outlook.com,3608678391,Mumbai,Maharashtra,India,Gold,2025-09-14,Inactive
CUST000666,James,Martinez,Male,1958-03-21,james.martinez@yahoo.com,3815460021,Bengaluru,Karnataka,India,Silver,2023-10-03,Active
CUST000667,David,Smith,Male,2007-03-24,david.smith@hotmail.com,7108722703,New York,New York,United States,Silver,2024-09-14,Inactive
CUST000668,Stephanie,Daniels,Male,1994-01-18,stephanie.daniels@outlook.com,2308211594,London,England,United Kingdom,Platinum,2023-11-24,Inactive
CUST000669,Thomas,Frey,Female,1963-05-23,thomas.frey@yahoo.com,8830309181,London,England,United Kingdom,Diamond,2023-01-15,Active
CUST000670,Deborah,Contreras,Male,1974-08-28,deborah.contreras@yahoo.com,3661583469,Singapore,Singapore,Singapore,Gold,2024-07-23,Active
CUST000671,Amy,Johnson,Male,1993-05-15,@gmail.com,2757676646,Singapore,Singapore,Singapore,Gold,2022-03-14,Active
CUST000672,Sandra,Cooper,Male,1966-10-24,sandra.cooper@gmail.com,6318783774,Bengaluru,Karnataka,India,Diamond,2025-10-31,Inactive
CUST000673,Beverly,Ford,Female,1964-02-05,beverly.ford@hotmail.com,6199106265,Singapore,Singapore,Singapore,Diamond,2025-09-15,Active
CUST000674,Johnathan,Brown,Male,1962-03-09,johnathan.brown@yahoo.com,0852033408,SYDNEY,New South Wales,Australia,Diamond,2024-12-28,Active
CUST000675,Dylan,Wade,Female,1985-08-19,dylan.wade@hotmail.com,3429216878,Sydney,New South Wales,Australia,Silver,2022-02-12,Active
CUST000676,John,Gonzalez,Male,1982-05-23,john.gonzalez@hotmail.com,1076764857,London,England,United Kingdom,Silver,2024-08-12,Inactive
CUST000677,Monica,Chavez,Male,1964-11-19,monica.chavez@yahoo.com,0825515774,Sydney,New South Wales,Australia,Diamond,2026-04-19,Active
CUST000678,James,Mcbride,Female,1961-04-08,james.mcbride@yahoo.com,5248376706,Mumbai,Maharashtra,India,Silver,2024-10-02,Inactive
CUST000679,Rachel,David,Male,1977-01-10,rachel.david@yahoo.com,1427400863,Hyderabad,Telangana,India,Silver,2022-12-26,Inactive
CUST000680,Sandra,Johnson,Female,1997-01-18,sandra.johnson@hotmail.com,9043323981,Hyderabad,Telangana,India,Diamond,2025-03-03,Inactive
CUST000681,Matthew,Rivera,Male,1962-04-17,matthew.rivera@hotmail.com,9456519566,Dubai,Dubai,UAE,Diamond,2025-07-04,Active
CUST000682,Jeff,Hernandez,Male,1987-10-31,jeff.hernandez@gmail.com,0014570974,New York,New York,United States,Diamond,2024-08-05,Active
CUST000683,Raymond,Wilson,Female,1963-12-15,raymond.wilson@gmail.com,3913587789,Mumbai,Maharashtra,India,Silver,2022-08-21,Inactive
CUST000684,Megan,Salas,Male,1960-12-06,megan.salas@yahoo.com,2586540561,Chennai,Tamil Nadu,India,Silver,2022-01-05,Active
CUST000685,Robert,Santiago,Male,2006-03-11,robert.santiago@hotmail.com,3319552132,London,England,United Kingdom,Platinum,2023-01-22,Active
CUST000686,Mary,Bryan,Male,1958-09-11,mary.bryan@outlook.com,9559657737,Dubai,Dubai,UAE,Silver,2022-05-04,Active
CUST000687,Michael,Gibson,Female,1964-03-29,michael.gibson@outlook.com,6436976276,New York,New York,United States,Diamond,2022-06-11,Active
CUST000688,Mandy,Stewart,Female,2006-09-24,mandy.stewart@outlook.com,7221896492,Sydney,New South Wales,Australia,Platinum,2024-12-12,Inactive
CUST000689,Matthew,Donovan,Female,1989-07-19,matthew.donovan@outlook.com,5441419168,Chennai,Tamil Nadu,India,Platinum,2024-09-11,Active
CUST000690,Kristin,Jackson,Male,1960-11-17,kristin.jackson@gmail.com,4974258795,Sydney,New South Wales,Australia,Silver,2025-03-14,Active
CUST000691,Jacob,Avila,Male,1977-03-13,jacob.avila@hotmail.com,8668069366,Singapore,Singapore,Singapore,Diamond,2024-04-15,Active
CUST000692,Brittany,Jones,Male,1996-08-02,@gmail.com,2925306638,Hyderabad,Telangana,India,Diamond,2022-02-12,Active
CUST000693,Brandon,Bates,Male,1984-10-04,brandon.bates@outlook.com,3422335294,Singapore,Singapore,Singapore,Silver,2024-11-30,Active
CUST000694,Edward,Wilson,Male,1980-06-23,edward.wilson@yahoo.com,3402463489,Sydney,New South Wales,Australia,Platinum,2022-11-04,Inactive
CUST000695,Jeffrey,Adams,Female,2008-04-28,jeffrey.adams@hotmail.com,6149008853,Dubai,Dubai,UAE,Platinum,2026-06-25,Active
CUST000696,Margaret,Bowers,Male,2008-01-06,margaret.bowers@hotmail.com,5664178500,Mumbai,Maharashtra,India,Diamond,2024-07-31,Inactive
CUST000697,Michael,Jones,Female,1994-03-01,,3776421418,London,England,United Kingdom,Platinum,2023-09-05,Inactive
CUST000698,Kristen,Walker,Male,2008-03-14,kristen.walker@outlook.com,9701153772,Delhi,Delhi,India,Platinum,2024-11-24,Inactive
CUST000699,Sarah,Schaefer,Female,1963-06-13,sarah.schaefer@yahoo.com,4631214376,Dubai,Dubai,UAE,Silver,2022-03-18,Active
CUST000700,Mitchell,Davis,Female,1993-01-20,mitchell.davis@gmail.com,5400543325,Hyderabad,Telangana,India,Diamond,2023-03-29,Active
CUST000701,Carolyn,Parsons,Male,1980-03-08,carolyn.parsons@outlook.com,3846795946,Dubai,Dubai,UAE,Silver,2021-09-25,Active
CUST000702,James,Gardner,Female,1956-08-21,james.gardner@yahoo.com,3246898709,Sydney,New South Wales,Australia,Gold,2026-06-01,Active
CUST000703,Renee,Sims,Female,1981-07-30,,6034868349,Sydney,New South Wales,Australia,Silver,2022-12-05,Inactive
CUST000704,Adam,Pierce,Male,1978-08-05,adam.pierce@gmail.com,8578425856,Mumbai,Maharashtra,India,Diamond,2024-02-15,Active
CUST000705,Jane,Morris,Female,1979-04-14,jane.morris@gmail.com,5390859468,Dubai,Dubai,UAE,Silver,2022-04-27,Active
CUST000706,Jesse,Larson,Male,1973-05-21,jesse.larson@yahoo.com,4346315333,Hyderabad,Telangana,India,Silver,2022-09-24,Active
CUST000707,Jessica,Maldonado,Female,2007-10-02,jessica.maldonado@hotmail.com,3544296872,Hyderabad,Telangana,India,Diamond,2023-04-23,Active
CUST000708,Robert,Orr,Male,1969-11-02,robert.orr@gmail.com,8145591805,New York,New York,United States,Platinum,2025-11-14,Inactive
CUST000709,Tracie,Hall,Male,1988-04-21,tracie.hall@yahoo.com,7347198650,Dubai,Dubai,UAE,Platinum,2022-12-12,Inactive
CUST000710,Michelle,Evans,Male,1986-10-25,michelle.evans@outlook.com,6448137429,Bengaluru,Karnataka,India,Diamond,2022-05-12,Active
CUST000711,Trevor,Johnson,Male,1976-06-15,trevor.johnson@gmail.com,5596598030,Sydney,New South Wales,Australia,Gold,2022-05-31,Active
CUST000712,Mary,Wells,Female,1983-06-12,mary.wells@outlook.com,5622509256,Delhi,Delhi,India,Gold,2025-02-02,Inactive
CUST000713,Brandon,Smith,Male,1997-12-28,brandon.smith@yahoo.com,2772271073,Singapore,Singapore,Singapore,Platinum,2021-11-10,Active
CUST000714,Emily,Peterson,Female,2002-06-24,emily.peterson@hotmail.com,7541892452,MUMBAI,Maharashtra,India,Gold,2022-04-30,Inactive
CUST000715,Sherri,Crosby,Male,1982-08-28,sherri.crosby@hotmail.com,1932919741,Mumbai,Maharashtra,India,Gold,2025-05-08,Inactive
CUST000716,Jeremy,Hill,Female,1976-10-04,jeremy.hill@outlook.com,9750579871,MUMBAI,Maharashtra,India,Silver,2023-07-25,Active
CUST000717,Elizabeth,Pearson,Male,1959-07-20,elizabeth.pearson@gmail.com,4327248191,CHENNAI,Tamil Nadu,India,Platinum,2024-08-22,Inactive
CUST000718,James,Hernandez,Male,1994-08-17,james.hernandez@outlook.com,3095309690,Hyderabad,Telangana,India,Platinum,2025-03-28,Active
CUST000719,Kayla,Macias,Male,1981-05-04,kayla.macias@hotmail.com,,Sydney,New South Wales,Australia,Platinum,2023-02-28,Active
CUST000720,Rose,Atkinson,Female,1976-10-09,rose.atkinson@gmail.com,8454762881,Hyderabad,Telangana,India,Silver,2022-08-18,Active
CUST000721,Christopher,Garcia,Female,1961-06-13,christopher.garcia@gmail.com,8567451899,Singapore,Singapore,Singapore,Platinum,2021-09-04,Active
CUST000722,Christy,Ho,Female,1990-08-31,christy.ho@outlook.com,4802063264,Delhi,Delhi,India,Silver,2021-11-03,Inactive
CUST000723,Alyssa,Williams,Female,1980-10-27,alyssa.williams@outlook.com,2483892051,Hyderabad,Telangana,India,Gold,2025-07-05,Active
CUST000724,Victoria,Morris,Male,1975-01-31,victoria.morris@gmail.com,5746806906,New York,New York,United States,Gold,2021-08-21,Active
CUST000725,Briana,Koch,Male,1990-01-30,briana.koch@outlook.com,4983533592,Singapore,Singapore,Singapore,Gold,2023-01-31,Inactive
CUST000726,Scott,Mitchell,Male,1965-12-31,scott.mitchell@yahoo.com,6242240878,Chennai,Tamil Nadu,India,Gold,2024-12-14,Inactive
CUST000727,Elizabeth,Moore,Female,1956-01-07,elizabeth.moore@yahoo.com,4157007462,Hyderabad,Telangana,India,Gold,2023-08-17,Active
CUST000728,Maureen,Bryant,Male,1992-10-12,maureen.bryant@gmail.com,2454479287,Hyderabad,Telangana,India,Diamond,2023-12-29,Inactive
CUST000729,Jessica,Johnson,Male,1982-11-20,jessica.johnson@hotmail.com,7602667013,Hyderabad,Telangana,India,Gold,2025-10-20,Inactive
CUST000730,Kristy,Donaldson,Male,2001-01-01,kristy.donaldson@gmail.com,2623905275,Mumbai,Maharashtra,India,Gold,2023-02-17,Active
CUST000731,Harold,Alvarez,Female,1962-08-18,harold.alvarez@hotmail.com,5356115886,Dubai,Dubai,UAE,Platinum,2023-04-18,Active
CUST000732,Brooke,Zimmerman,Male,1993-08-16,brooke.zimmerman@gmail.com,0645198480,Singapore,Singapore,Singapore,Diamond,2023-03-04,Inactive
CUST000733,Julia,Davis,Male,1997-04-04,julia.davis@hotmail.com,7363675737,Singapore,Singapore,Singapore,Gold,2022-03-31,Inactive
CUST000734,Micheal,Mercer,Male,1965-08-03,micheal.mercer@yahoo.com,4130207344,Singapore ,Singapore,Singapore,Diamond,2025-12-01,Active
CUST000735,Morgan,Gould,Female,1995-04-30,morgan.gould@outlook.com,2981037859,Bengaluru,Karnataka,India,Diamond,2023-12-25,Active
CUST000736,Thomas,Sanders,Male,1970-05-06,thomas.sanders@gmail.com,2153377742,Mumbai,Maharashtra,India,Diamond,2023-11-13,Active
CUST000737,Sylvia,Lee,Female,2001-03-31,sylvia.lee@outlook.com,7502053300,Delhi,Delhi,India,Platinum,2026-07-04,Active
CUST000738,Nathan,Adams,Female,1978-08-07,gmail.com,8566810737,Chennai,Tamil Nadu,India,Silver,2025-04-21,Active
CUST000739,Isabella,French,Male,2003-03-06,isabella.french@yahoo.com,8957509420,NEW YORK,New York,United States,Silver,2021-09-10,Active
CUST000740,Deborah,King,Male,1957-01-20,deborah.king@hotmail.com,6975467333,Bengaluru,Karnataka,India,Diamond,2022-03-13,Inactive
CUST000741,Benjamin,Jones,Male,1960-05-01,benjamin.jones@outlook.com,9623094538,Mumbai,Maharashtra,India,Silver,2023-08-16,Active
CUST000742,Lisa,Wright,Male,1979-12-10,lisa.wright@hotmail.com,9690467850,London,England,United Kingdom,Diamond,2024-01-06,Inactive
CUST000743,Ryan,Holmes,Male,1980-12-09,ryan.holmes@outlook.com,9433327253,New York,New York,United States,Platinum,2022-02-22,Active
CUST000744,Kristin,Morgan,Male,1964-02-20,kristin.morgan@yahoo.com,6688879184,London,England,United Kingdom,Diamond,2025-10-26,Inactive
CUST000745,David,Bond,Male,1989-08-07,david.bond@outlook.com,4639633142,Sydney,New South Wales,Australia,Silver,2022-11-17,Active
CUST000746,Carlos,Clark,Female,1980-05-07,carlos.clark@gmail.com,4914323265,Chennai,Tamil Nadu,India,Silver,2022-09-30,Active
CUST000747,Lori,Barrett,Male,1965-04-10,lori.barrett@yahoo.com,3663573279,Dubai,Dubai,UAE,Gold,2023-03-23,Active
CUST000748,James,Hebert,Female,1995-04-30,james.hebert@yahoo.com,4355658844,Singapore,Singapore,Singapore,Silver,2026-06-09,Inactive
CUST000749,Susan,Green,Female,2007-09-09,susan.green@yahoo.com,5716797812,Singapore,Singapore,Singapore,Platinum,2024-12-29,Inactive
CUST000750,Jill,Hernandez,Female,2000-10-12,jill.hernandez@outlook.com,6744232680,New York,New York,United States,Gold,2026-04-03,Active
CUST000751,John,Wilson,Male,1969-10-23,john.wilson@yahoo.com,7504615243,Sydney,New South Wales,Australia,Silver,2022-05-23,Inactive
CUST000752,Jesse,Fuller,Male,2007-03-30,jesse.fuller@gmail.com,2839307206,Dubai ,Dubai,UAE,Silver,2025-11-06,Active
CUST000753,Nathaniel,Jones,Male,1985-05-06,nathaniel.jones@outlook.com,5745324555,New York,New York,United States,Platinum,2026-07-01,Inactive
CUST000754,Nancy,Roman,Female,1987-09-10,nancy.roman@outlook.com,3745316069,Chennai,Tamil Nadu,India,Silver,2025-07-28,Active
CUST000755,Amber,Hawkins,Female,2000-04-18,amber.hawkins@hotmail.com,4713799139,Bengaluru,Karnataka,India,Silver,2025-03-26,Active
CUST000756,Sarah,Bullock,Male,2001-09-23,sarah.bullock@hotmail.com,1041988174,Mumbai,Maharashtra,India,Gold,2026-05-06,Inactive
CUST000757,Latoya,Martinez,Female,1990-11-12,latoya.martinez@hotmail.com,6527032817,Dubai,Dubai,UAE,Silver,2025-06-10,Inactive
CUST000758,Melissa,Burton,Female,1980-04-11,melissa.burton@outlook.com,7469383079,Singapore,Singapore,Singapore,Silver,2021-12-21,Inactive
CUST000759,Amy,Murphy,Male,1997-01-27,amy.murphy@gmail.com,7439378469,London,England,United Kingdom,Gold,2022-02-28,Active
CUST000760,James,Montgomery,Female,1965-02-12,james.montgomery@hotmail.com,9741923392,Sydney,New South Wales,Australia,Platinum,2025-01-22,Active
CUST000761,Erica,Mendez,Male,1974-04-17,erica.mendez@hotmail.com,8323592493,Chennai,Tamil Nadu,India,Diamond,2022-10-27,Active
CUST000762,Michelle,Ward,Female,1958-09-25,michelle.ward@outlook.com,7005195401,Mumbai,Maharashtra,India,Diamond,2025-11-26,Active
CUST000763,Tiffany,Fuller,Male,1960-12-04,tiffany.fuller@outlook.com,3767442776,Hyderabad,Telangana,India,Platinum,2022-05-09,Active
CUST000764,Jenny,Sparks,Male,1971-04-28,jenny.sparks@gmail.com,4399122442,London,England,United Kingdom,Gold,2025-01-22,Active
CUST000765,Jennifer,Crawford,Male,1990-09-20,jennifer.crawford@yahoo.com,0131088037,Hyderabad,Telangana,India,Gold,2025-11-28,Active
CUST000766,Joanna,Evans,Female,1963-06-17,joanna.evans@hotmail.com,0565011972,Singapore,Singapore,Singapore,Diamond,2024-09-12,Inactive
CUST000767,Amy,Griffin,Female,1984-01-27,amy.griffin@hotmail.com,1142958674,Singapore,Singapore,Singapore,Diamond,2023-10-08,Inactive
CUST000768,Matthew,Benitez,Male,2002-03-07,matthew.benitez@yahoo.com,2008061628,Sydney,New South Wales,Australia,Gold,2026-07-22,Inactive
CUST000769,Alicia,Wallace,Female,1980-04-03,,2369362120,Mumbai,Maharashtra,India,Gold,2026-03-18,Inactive
CUST000770,Christina,Thomas,Female,1998-11-19,christina.thomas@outlook.com,4282446114,Delhi,Delhi,India,Diamond,2021-10-08,Active
CUST000771,Malik,Mathews,Male,1959-09-21,malik.mathews@gmail.com,0121614222,Delhi,Delhi,India,Diamond,2026-03-03,Inactive
CUST000772,Kelly,Campbell,Female,1990-06-06,kelly.campbell@outlook.com,1798185748,Dubai,Dubai,UAE,Gold,2025-09-22,Active
CUST000773,Sara,Taylor,Male,1982-04-04,sara.taylor@hotmail.com,2182903846,Singapore,Singapore,Singapore,Silver,2023-07-25,Active
CUST000774,Douglas,Richardson,Female,1994-03-31,douglas.richardson@outlook.com,6376278978,London,England,United Kingdom,Diamond,2023-10-28,Active
CUST000775,Mary,Wong,Male,1985-03-06,mary.wong@yahoo.com,6711100594,Delhi,Delhi,India,Silver,2021-10-15,Inactive
CUST000776,Robert,Mcgee,Female,1971-03-25,robert.mcgee@gmail.com,7078865592,Mumbai,Maharashtra,India,Platinum,2021-09-21,Inactive
CUST000777,Randy,Williams,Male,1987-06-20,randy.williams@gmail.com,6630698461,Dubai,Dubai,UAE,Platinum,2026-05-27,Inactive
CUST000778,Brenda,Garcia,Female,1969-08-28,brenda.garcia@yahoo.com,7190601752,Dubai,Dubai,UAE,Silver,2023-01-13,Active
CUST000779,Amanda,Peters,Female,1974-06-23,amanda.peters@hotmail.com,0313124377,Bengaluru,Karnataka,India,Platinum,2022-07-23,Active
CUST000780,Nicholas,Whitney,Female,1994-03-28,nicholas.whitney@yahoo.com,8976778895,Singapore,Singapore,Singapore,Platinum,2021-11-07,Active
CUST000781,Timothy,Stokes,Female,1987-12-06,timothy.stokes@outlook.com,1775036253,Bengaluru,Karnataka,India,Gold,2025-11-04,Inactive
CUST000782,Donna,Hobbs,Male,1969-06-21,donna.hobbs@yahoo.com,,Singapore,Singapore,Singapore,Gold,2025-09-24,Active
CUST000783,Jonathan,Wilson,Female,2002-06-06,jonathan.wilson@hotmail.com,7857390735,Dubai,Dubai,UAE,Platinum,2022-03-04,Active
CUST000784,Danny,Potter,Female,1977-01-15,danny.potter@gmail.com,5041970673,New York,New York,United States,Silver,2023-08-30,Active
CUST000785,Austin,Alvarado,Male,1973-09-25,austin.alvarado@gmail.com,6289339352,Delhi,Delhi,India,Silver,2026-01-04,Inactive
CUST000786,Patricia,Williams,Female,1994-04-02,patricia.williams@outlook.com,0784818249,London,England,United Kingdom,Diamond,2022-07-15,Inactive
CUST000787,Brian,Carey,Female,1967-11-03,brian.carey@gmail.com,2875125748,Hyderabad,Telangana,India,Platinum,2022-12-30,Active
CUST000788,Lori,Barton,Male,1976-05-14,lori.barton@outlook.com,6732445616,New York,New York,United States,Platinum,2024-12-13,Active
CUST000789,Melissa,Lopez,Male,1999-06-02,melissa.lopez@gmail.com,8637254192,Delhi,Delhi,India,Platinum,2025-01-10,Active
CUST000790,Robert,Suarez,Male,1991-11-18,robert.suarez@outlook.com,1143729956,Delhi,Delhi,India,Diamond,2022-01-20,Inactive
CUST000791,Nicole,Davis,Male,2007-11-29,nicole.davis@gmail.com,2184975102,Sydney,New South Wales,Australia,Gold,2026-02-21,Active
CUST000792,Jesse,Davis,Male,1992-06-02,jesse.davis@gmail.com,6583718908,Hyderabad,Telangana,India,Gold,2025-05-17,Active
CUST000793,Daniel,Keller,Female,1976-07-30,daniel.keller@gmail.com,9905982355,Singapore,Singapore,Singapore,Diamond,2023-07-01,Inactive
CUST000794,Samuel,Bryant,Female,1971-05-21,samuel.bryant@hotmail.com,3929993188,Hyderabad,Telangana,India,Silver,2023-12-13,Inactive
CUST000795,Sandy,Wolf,Male,1970-01-15,sandy.wolf@gmail.com,1254805451,Bengaluru,Karnataka,India,Silver,2022-02-01,Active
CUST000796,Joshua,Potter,Female,2003-06-10,joshua.potter@hotmail.com,4314647491,Delhi,Delhi,India,Diamond,2022-04-10,Inactive
CUST000797,Jason,Hardy,Male,1974-11-03,jason.hardy@outlook.com,1591028194,Bengaluru,Karnataka,India,Silver,2024-09-07,Active
CUST000798,Anne,Martinez,Male,1997-06-02,anne.martinez@hotmail.com,9256892882,New York,New York,United States,Platinum,2021-11-06,Active
CUST000799,James,Campbell,Male,1991-10-12,james.campbell@hotmail.com,4310881149,Chennai ,Tamil Nadu,India,Silver,2025-11-25,Inactive
CUST000800,April,Liu,Female,1998-04-14,april.liu@outlook.com,8898319318,London,England,United Kingdom,Platinum,2026-01-03,Active
CUST000801,Kristina,Sosa,Male,1975-03-10,kristina.sosa@gmail.com,6222688290,Dubai,Dubai,UAE,Gold,2023-01-14,Inactive
CUST000802,Claire,Pearson,Male,1957-08-10,claire.pearson@gmail.com,4138723586, Bengaluru,Karnataka,India,Diamond,2025-02-04,Inactive
CUST000803,Kyle,Mullins,Female,1962-01-24,kyle.mullins@gmail.com,3970471509,Mumbai,Maharashtra,India,Gold,2023-11-14,Inactive
CUST000804,Jonathan,Barry,Male,1999-04-11,jonathan.barry@yahoo.com,6944397465,New York,New York,United States,Silver,2022-10-07,Active
CUST000805,Katie,Aguilar,Male,1991-07-24,katie.aguilar@yahoo.com,8252300472,Dubai,Dubai,UAE,Gold,2021-11-26,Active
CUST000806,Jennifer,Hall,Male,2006-07-08,jennifer.hall@outlook.com,9983914080,London,England,United Kingdom,Platinum,2022-12-24,Inactive
CUST000807,Natasha,Kelly,Male,1987-01-26,natasha.kelly@gmail.com,4906348851,Bengaluru,Karnataka,India,Platinum,2025-03-23,Inactive
CUST000808,Danielle,Brewer,Male,1989-06-23,danielle.brewer@yahoo.com,2701514917,Bengaluru,Karnataka,India,Diamond,2022-05-01,Inactive
CUST000809,Melissa,Rodriguez,Male,1968-06-18,,9461366260,DUBAI,Dubai,UAE,Platinum,2022-03-01,Inactive
CUST000810,Russell,Roberts,Male,1988-11-11,russell.roberts@hotmail.com,9929630155,Singapore,Singapore,Singapore,Silver,2025-01-27,Active
CUST000811,Kerri,Long,Male,2001-12-19,kerri.long@hotmail.com,4275828350,Mumbai,Maharashtra,India,Diamond,2022-03-27,Active
CUST000812,Kristy,Fuller,Female,1977-12-30,kristy.fuller@hotmail.com,6368881730,Chennai,Tamil Nadu,India,Silver,2025-08-14,Inactive
CUST000813,Deborah,Nelson,Male,1970-10-11,deborah.nelson@gmail.com,1769491117,Singapore,Singapore,Singapore,Platinum,2026-02-27,Active
CUST000814,Keith,Myers,Female,1987-08-21,keith.myers@outlook.com,3994345886,Delhi,Delhi,India,Platinum,2021-10-22,Active
CUST000815,Dennis,Larson,Female,2000-06-08,dennis.larson@gmail.com,7402263661,Delhi,Delhi,India,Platinum,2024-07-05,Inactive
CUST000816,Katherine,Wolfe,Male,1987-07-17,katherine.wolfe@gmail.com,2221484689,Hyderabad,Telangana,India,Gold,2023-02-15,Active
CUST000817,Meredith,Beard,Male,1991-09-02,meredith.beard@gmail.com,0577895508,Delhi,Delhi,India,Silver,2022-07-10,Inactive
CUST000818,Brandon,Mccormick,Male,1981-03-24,brandon.mccormick@hotmail.com,8733604074,Singapore,Singapore,Singapore,Silver,2023-08-02,Active
CUST000819,Jennifer,Cameron,Male,1983-07-30,jennifer.cameron@hotmail.com,,Delhi,Delhi,India,Gold,2025-03-07,Inactive
CUST000820,Christopher,Campbell,Female,1976-03-02,christopher.campbell@gmail.com,9461865718,Singapore,Singapore,Singapore,Gold,2023-12-06,Active
CUST000821,David,Anderson,Female,1979-08-07,david.anderson@outlook.com,6280530774,New York,New York,United States,Gold,2024-11-06,Inactive
CUST000822,Roy,Ruiz,Female,2008-04-26,roy.ruiz@gmail.com,7099682192,Chennai,Tamil Nadu,India,Gold,2025-12-04,Inactive
CUST000823,Jennifer,Wright,Female,1986-05-14,jennifer.wright@yahoo.com,0591594847,Delhi,Delhi,India,Diamond,2025-04-11,Inactive
CUST000824,Tyler,Johnson,Female,1987-05-28,tyler.johnson@gmail.com,9635547092,Hyderabad,Telangana,India,Platinum,2025-07-26,Active
CUST000825,Gregory,Stafford,Female,2005-09-16,gregory.stafford@outlook.com,8195557430,New York,New York,United States,Platinum,2022-03-18,Active
CUST000826,Ashley,Johnson,Male,1961-07-25,gmail.com,0486072776,Bengaluru,Karnataka,India,Diamond,2021-10-20,Inactive
CUST000827,Matthew,Hall,Male,1978-05-06,,5423636447,Chennai,Tamil Nadu,India,Silver,2026-05-28,Active
CUST000828,Debbie,Price,Male,2005-02-11,debbie.price@gmail.com,4524690791,Singapore,Singapore,Singapore,Silver,2022-07-02,Active
CUST000829,Melinda,Rios,Female,1996-02-11,melinda.rios@hotmail.com,4164981792,Hyderabad,Telangana,India,Gold,2025-01-26,Active
CUST000830,Linda,Lopez,Female,1985-07-02,linda.lopez@gmail.com,6131595385,Sydney,New South Wales,Australia,Gold,2022-11-22,Active
CUST000831,Alice,Goodman,Female,1970-06-10,alice.goodman@yahoo.com,7760167497,Delhi,Delhi,India,Silver,2023-07-21,Active
CUST000832,Debra,Abbott,Male,1979-01-02,debra.abbott@outlook.com,9722047811,New York,New York,United States,Gold,2025-04-27,Active
CUST000833,Diane,Watkins,Male,2005-04-05,diane.watkins@hotmail.com,7724374426,Bengaluru,Karnataka,India,Diamond,2023-05-13,Active
CUST000834,David,Anderson,Male,1993-11-11,david.anderson@yahoo.com,0145763687,Singapore,Singapore,Singapore,Silver,2025-05-02,Inactive
CUST000835,Lucas,Bridges,Male,1999-01-03,john@gmail,3941134154,New York,New York,United States,Diamond,2024-07-01,Active
CUST000836,David,Flores,Female,1964-11-25,david.flores@yahoo.com,6897936777,London,England,United Kingdom,Platinum,2022-06-30,Inactive
CUST000837,Miguel,Shah,Female,1962-07-03,miguel.shah@outlook.com,1129053440,Bengaluru,Karnataka,India,Platinum,2023-08-22,Active
CUST000838,Jay,James,Male,1980-10-08,jay.james@hotmail.com,2841290236,London,England,United Kingdom,Diamond,2022-01-17,Inactive
CUST000839,Mark,Frost,Male,1984-10-19,mark.frost@gmail.com,8928205711,Dubai,Dubai,UAE,Silver,2023-10-30,Active
CUST000840,Eric,Quinn,Male,1978-06-13,eric.quinn@outlook.com,4976183165,Sydney,New South Wales,Australia,Gold,2026-01-26,Active
CUST000841,Angela,Murphy,Female,1978-03-20,angela.murphy@outlook.com,2884075158,Delhi,Delhi,India,Silver,2023-02-02,Active
CUST000842,Glenn,Cohen,Female,1961-02-04,glenn.cohen@gmail.com,8155486345,Bengaluru,Karnataka,India,Diamond,2026-04-25,Inactive
CUST000843,William,Kirk,Female,1971-04-16,william.kirk@outlook.com,9418808299,Hyderabad,Telangana,India,Diamond,2024-10-12,Inactive
CUST000844,Steven,Oliver,Female,1956-09-01,steven.oliver@hotmail.com,6645412890,Delhi,Delhi,India,Gold,2025-06-25,Inactive
CUST000845,Zachary,Perez,Male,1987-02-01,zachary.perez@gmail.com,2411076204,Delhi,Delhi,India,Diamond,2021-08-15,Active
CUST000846,Nicole,Warner,Male,1997-06-26,nicole.warner@outlook.com,9789514161,Dubai,Dubai,UAE,Diamond,2021-10-13,Active
CUST000847,John,Johnson,Male,1969-09-29,john.johnson@yahoo.com,9898140391,Bengaluru,Karnataka,India,Diamond,2022-01-30,Inactive
CUST000848,Daniel,Myers,Female,1983-08-20,daniel.myers@hotmail.com,1679245455,London,England,United Kingdom,Platinum,2025-06-13,Active
CUST000849,Richard,Cruz,Male,1995-02-18,richard.cruz@gmail.com,6533539009,Dubai,Dubai,UAE,Platinum,2025-04-11,Inactive
CUST000850,Molly,Bryant,Female,1972-01-24,molly.bryant@yahoo.com,1549488198,Hyderabad,Telangana,India,Silver,2025-04-30,Inactive
CUST000851,Michael,Stevens,Male,2006-03-05,michael.stevens@outlook.com,4538923264,Bengaluru,Karnataka,India,Silver,2023-05-18,Active
CUST000852,Jason,Pierce,Female,1986-04-11,jason.pierce@gmail.com,2270767418,New York,New York,United States,Platinum,2022-10-29,Inactive
CUST000853,Glenda,Rose,Female,1986-09-18,glenda.rose@gmail.com,2370237703,Bengaluru,Karnataka,India,Platinum,2022-08-05,Active
CUST000854,Mark,Carrillo,Male,1981-12-16,mark.carrillo@outlook.com,6231391246,London,England,United Kingdom,Gold,2026-01-24,Inactive
CUST000855,Lindsey,Campbell,Male,1972-06-23,lindsey.campbell@outlook.com,5273783328,Sydney,New South Wales,Australia,Gold,2022-10-12,Active
CUST000856,Cory,Guzman,Female,1985-02-09,cory.guzman@outlook.com,3288955399,Mumbai,Maharashtra,India,Gold,2022-02-18,Active
CUST000857,Stephen,Allen,Female,1987-09-30,stephen.allen@hotmail.com,0600347751,Mumbai,Maharashtra,India,Gold,2023-05-05,Inactive
CUST000858,Troy,Anderson,Female,1988-08-09,troy.anderson@hotmail.com,3267265414,Bengaluru,Karnataka,India,Platinum,2023-07-22,Inactive
CUST000859,Amanda,Greer,Female,1982-07-19,amanda.greer@hotmail.com,4171114429,Hyderabad,Telangana,India,Diamond,2022-08-24,Active
CUST000860,Raymond,Lloyd,Male,2005-07-02,raymond.lloyd@outlook.com,0136470537,Bengaluru,Karnataka,India,Platinum,2024-01-13,Active
CUST000861,Nicole,Cruz,Female,1996-12-24,nicole.cruz@hotmail.com,3094445075,Chennai,Tamil Nadu,India,Platinum,2023-05-04,Active
CUST000862,Donna,Garcia,Female,2003-01-26,donna.garcia@hotmail.com,1549025542,Dubai,Dubai,UAE,Gold,2023-08-26,Active
CUST000863,Monica,Klein,Male,1972-03-31,monica.klein@gmail.com,3750821764,Hyderabad,Telangana,India,Gold,2023-06-13,Inactive
CUST000864,Vincent,Lin,Male,1973-07-19,vincent.lin@hotmail.com,2492337855,Dubai,Dubai,UAE,Silver,2023-08-09,Inactive
CUST000865,Sarah,Duncan,Female,1961-04-22,sarah.duncan@hotmail.com,9882894951,Delhi,Delhi,India,Platinum,2022-07-08,Inactive
CUST000866,Beth,Bennett,Male,2002-01-03,beth.bennett@yahoo.com,1228346121,DELHI,Delhi,India,Diamond,2022-01-17,Inactive
CUST000867,Matthew,Miller,Female,1966-05-26,###@gmail.com,1557742958,Sydney,New South Wales,Australia,Diamond,2021-09-22,Active
CUST000868,Emily,Potter,Female,1982-11-22,emily.potter@gmail.com,8929391008,Bengaluru,Karnataka,India,Platinum,2022-07-17,Active
CUST000869,Elizabeth,Guerrero,Male,1987-09-22,elizabeth.guerrero@outlook.com,8964906582,Chennai ,Tamil Nadu,India,Diamond,2026-04-18,Active
CUST000870,Sara,Ramirez,Female,1998-02-17,sara.ramirez@gmail.com,4486752472,Singapore,Singapore,Singapore,Diamond,2024-02-01,Inactive
CUST000871,Brent,Day,Female,1994-10-12,brent.day@hotmail.com,8616640102,Sydney,New South Wales,Australia,Gold,2025-06-17,Inactive
CUST000872,Angela,Coleman,Female,2006-07-26,angela.coleman@outlook.com,4691874138,Mumbai,Maharashtra,India,Diamond,2025-11-24,Inactive
CUST000873,Melissa,Molina,Male,2002-01-03,melissa.molina@hotmail.com,0559273073,Singapore ,Singapore,Singapore,Diamond,2023-05-29,Inactive
CUST000874,Kelly,Singleton,Male,1985-11-25,kelly.singleton@yahoo.com,1890786325,Sydney,New South Wales,Australia,Gold,2022-07-04,Inactive
CUST000875,William,Leonard,Female,1970-01-23,william.leonard@yahoo.com,0791365586,Delhi,Delhi,India,Diamond,2025-10-20,Inactive
CUST000876,Laura,Gutierrez,Male,1973-05-28,laura.gutierrez@gmail.com,9852580952,Dubai,Dubai,UAE,Silver,2023-08-07,Inactive
CUST000877,Kenneth,Barajas,Female,1974-11-25,kenneth.barajas@gmail.com,6698666762,London,England,United Kingdom,Diamond,2025-02-03,Active
CUST000878,Darren,Fuller,Female,1980-03-02,darren.fuller@outlook.com,7694003791,Bengaluru,Karnataka,India,Platinum,2024-04-02,Inactive
CUST000879,Taylor,Rogers,Male,1967-10-22,taylor.rogers@gmail.com,0923260776,Bengaluru,Karnataka,India,Gold,2024-10-05,Active
CUST000880,Tara,Pena,Male,1964-03-10,tara.pena@gmail.com,,Dubai,Dubai,UAE,Silver,2022-10-21,Inactive
CUST000881,Matthew,Williams,Female,1970-02-24,abc@,2078821314,London,England,United Kingdom,Platinum,2024-02-25,Inactive
CUST000882,Stephanie,Brown,Male,1968-03-25,stephanie.brown@outlook.com,3093134784,Dubai,Dubai,UAE,Gold,2022-05-27,Inactive
CUST000883,Catherine,Mason,Female,2000-03-28,catherine.mason@gmail.com,2953300712,Delhi,Delhi,India,Silver,2023-01-22,Inactive
CUST000884,Lori,Smith,Female,1971-08-31,lori.smith@gmail.com,9322398837,Sydney,New South Wales,Australia,Silver,2025-10-13,Active
CUST000885,David,Stevenson,Female,2003-12-08,david.stevenson@hotmail.com,4758590300,London,England,United Kingdom,Silver,2021-08-23,Active
CUST000886,Robert,Hansen,Female,1968-08-09,robert.hansen@hotmail.com,0832339897,Dubai,Dubai,UAE,Platinum,2025-01-25,Active
CUST000887,Cristina,Payne,Female,1973-06-22,cristina.payne@hotmail.com,4156234660,Hyderabad,Telangana,India,Diamond,2024-02-08,Active
CUST000888,David,Reyes,Male,1970-02-23,david.reyes@gmail.com,1638865481,London,England,United Kingdom,Silver,2022-11-22,Inactive
CUST000889,Diana,Wells,Female,1975-10-14,diana.wells@hotmail.com,5074579756,Hyderabad,Telangana,India,Platinum,2026-01-13,Active
CUST000890,Matthew,Matthews,Male,1998-08-20,matthew.matthews@outlook.com,1647047581,Mumbai,Maharashtra,India,Silver,2026-02-06,Active
CUST000891,Lisa,Ortiz,Female,1983-12-13,lisa.ortiz@yahoo.com,2283261934,Hyderabad,Telangana,India,Gold,2026-03-16,Active
CUST000892,Kelsey,West,Male,1969-03-28,kelsey.west@gmail.com,9192875276,Mumbai,Maharashtra,India,Silver,2022-04-23,Active
CUST000893,Amanda,Morris,Male,1990-06-16,amanda.morris@gmail.com,9907778120,Singapore,Singapore,Singapore,Platinum,2023-06-04,Active
CUST000894,Steven,Larson,Female,1986-07-21,steven.larson@hotmail.com,2363030314,London,England,United Kingdom,Gold,2023-10-13,Active
CUST000895,Susan,Mckinney,Female,1985-04-14,susan.mckinney@outlook.com,1933231139,Bengaluru,Karnataka,India,Gold,2025-09-08,Inactive
CUST000896,Reginald,Lopez,Female,1983-04-08,reginald.lopez@gmail.com,9866335873,Bengaluru ,Karnataka,India,Platinum,2021-09-26,Inactive
CUST000897,Morgan,Martinez,Female,1992-05-27,morgan.martinez@gmail.com,0177765799,Bengaluru,Karnataka,India,Gold,2025-10-13,Inactive
CUST000898,Spencer,Lindsey,Male,1963-05-10,spencer.lindsey@outlook.com,8939202130,New York,New York,United States,Diamond,2023-06-26,Active
CUST000899,Kurt,Lopez,Female,1983-11-03,kurt.lopez@gmail.com,,Bengaluru,Karnataka,India,Platinum,2022-07-25,Inactive
CUST000900,Alison,Bean,Male,1974-09-05,alison.bean@yahoo.com,6977613027,Mumbai,Maharashtra,India,Silver,2021-11-21,Active
CUST000901,Lisa,Mcknight,Male,1993-11-24,lisa.mcknight@outlook.com,7700158360,Delhi,Delhi,India,Platinum,2025-11-01,Inactive
CUST000902,Misty,Cochran,Female,1994-04-23,misty.cochran@outlook.com,0586146920,Hyderabad,Telangana,India,Gold,2024-12-10,Active
CUST000903,Jason,Patterson,Female,1989-08-13,jason.patterson@outlook.com,6210872208,Sydney,New South Wales,Australia,Platinum,2022-08-14,Inactive
CUST000904,Steven,Garcia,Female,1984-08-31,steven.garcia@gmail.com,6738563626,New York,New York,United States,Diamond,2025-07-11,Inactive
CUST000905,Gavin,Bartlett,Male,1956-02-08,gavin.bartlett@gmail.com,9875207549,Chennai,Tamil Nadu,India,Silver,2024-02-02,Inactive
CUST000906,Derrick,Robertson,Male,2008-05-25,derrick.robertson@outlook.com,7527870936,Dubai,Dubai,UAE,Silver,2023-08-03,Inactive
CUST000907,Jacqueline,Johnson,Female,1957-08-24,jacqueline.johnson@gmail.com,0255839875,New York,New York,United States,Gold,2025-05-27,Active
CUST000908,Jared,Russell,Female,2005-10-30,jared.russell@gmail.com,6641247584,Singapore,Singapore,Singapore,Gold,2021-12-29,Active
CUST000909,Rachel,Thomas,Male,1995-04-04,rachel.thomas@yahoo.com,5576608260,London,England,United Kingdom,Diamond,2025-10-31,Inactive
CUST000910,Danny,Jackson,Female,1989-06-30,danny.jackson@yahoo.com,2293282788,Singapore,Singapore,Singapore,Platinum,2025-12-27,Inactive
CUST000911,Johnathan,Rubio,Female,1957-11-29,johnathan.rubio@yahoo.com,2397740410,Delhi,Delhi,India,Diamond,2022-05-24,Active
CUST000912,Kristina,Holmes,Male,1999-06-15,kristina.holmes@hotmail.com,1472152455,Singapore,Singapore,Singapore,Platinum,2024-07-17,Inactive
CUST000913,Lori,Rich,Male,2005-06-10,lori.rich@yahoo.com,3890116872,Singapore,Singapore,Singapore,Platinum,2024-06-04,Active
CUST000914,Jorge,Norman,Male,1991-11-20,jorge.norman@outlook.com,4522100631,Hyderabad,Telangana,India,Silver,2025-04-20,Inactive
CUST000915,Michelle,Salas,Female,1965-07-03,michelle.salas@gmail.com,6317747776,Mumbai,Maharashtra,India,Gold,2025-05-11,Active
CUST000916,Alexandria,Gomez,Male,1966-08-08,alexandria.gomez@hotmail.com,5897539533,Dubai,Dubai,UAE,Silver,2022-09-24,Inactive
CUST000917,Tyrone,Green,Female,1978-01-01,tyrone.green@hotmail.com,5345972457,New York,New York,United States,Gold,2022-12-18,Active
CUST000918,Stephanie,Lamb,Female,2001-07-24,@gmail.com,1435465172,Bengaluru,Karnataka,India,Silver,2021-09-20,Inactive
CUST000919,Robin,Rivera,Female,1994-07-08,robin.rivera@yahoo.com,0958220216,Delhi,Delhi,India,Gold,2024-12-06,Inactive
CUST000920,Jessica,Smith,Male,1980-11-12,jessica.smith@outlook.com,4366047764,London,England,United Kingdom,Gold,2022-02-10,Inactive
CUST000921,Dustin,Campbell,Male,1990-04-04,dustin.campbell@hotmail.com,7349371061,New York,New York,United States,Diamond,2022-03-22,Inactive
CUST000922,Cynthia,Hahn,Male,1976-12-11,cynthia.hahn@yahoo.com,1907093003,London,England,United Kingdom,Diamond,2025-11-13,Active
CUST000923,Janet,Mathis,Male,1975-02-13,janet.mathis@yahoo.com,5975756905,Hyderabad,Telangana,India,Platinum,2023-05-19,Active
CUST000924,Pamela,Stewart,Female,1976-11-21,pamela.stewart@hotmail.com,8133316575,Dubai,Dubai,UAE,Gold,2022-03-01,Active
CUST000925,Charlene,Burke,Male,1986-06-09,charlene.burke@gmail.com,5453463901,Chennai,Tamil Nadu,India,Silver,2026-02-27,Active
CUST000926,Rebecca,Stone,Female,1999-11-08,rebecca.stone@outlook.com,5625025159,New York,New York,United States,Diamond,2022-12-19,Active
CUST000927,Nicolas,Drake,Female,1994-09-08,nicolas.drake@gmail.com,0133979432,London,England,United Kingdom,Gold,2023-11-12,Inactive
CUST000928,Brian,Cooper,Female,1977-01-14,brian.cooper@hotmail.com,3689682820,Dubai,Dubai,UAE,Diamond,2022-03-31,Inactive
CUST000929,Tiffany,Phillips,Male,1973-05-27,tiffany.phillips@gmail.com,9347452772,Delhi,Delhi,India,Gold,2023-09-20,Active
CUST000930,Deborah,Ortega,Female,1985-06-06,deborah.ortega@yahoo.com,3581461799,Chennai,Tamil Nadu,India,Diamond,2024-01-25,Active
CUST000931,Paul,Holt,Female,1978-10-30,paul.holt@gmail.com,9887466949,NEW YORK,New York,United States,Gold,2022-02-27,Inactive
CUST000932,Elizabeth,Bennett,Female,1957-08-13,elizabeth.bennett@gmail.com,0157195173,Hyderabad,Telangana,India,Silver,2025-02-16,Active
CUST000933,Brenda,Mitchell,Female,1972-09-22,brenda.mitchell@hotmail.com,4770472874,Mumbai,Maharashtra,India,Silver,2021-09-09,Active
CUST000934,Robin,Singh,Male,1982-07-12,robin.singh@yahoo.com,2395926763,Dubai,Dubai,UAE,Silver,2022-08-06,Inactive
CUST000935,Shawn,Brown,Male,1963-06-04,shawn.brown@hotmail.com,3736631892,Hyderabad,Telangana,India,Diamond,2023-02-07,Inactive
CUST000936,Omar,Kim,Female,1989-10-25,omar.kim@yahoo.com,4089735741,Mumbai,Maharashtra,India,Diamond,2026-07-23,Inactive
CUST000937,Raymond,Hernandez,Male,2007-02-23,raymond.hernandez@gmail.com,0205286445,Dubai,Dubai,UAE,Diamond,2024-10-20,Active
CUST000938,Daniel,Thomas,Female,2000-09-04,daniel.thomas@hotmail.com,1661435899,London,England,United Kingdom,Diamond,2022-09-26,Active
CUST000939,Michelle,Moran,Male,2008-04-11,michelle.moran@hotmail.com,7333816514,New York,New York,United States,Silver,2025-09-15,Inactive
CUST000940,Cynthia,Mccann,Male,1968-02-28,cynthia.mccann@hotmail.com,5073914472,Chennai,Tamil Nadu,India,Diamond,2022-04-30,Active
CUST000941,Yvette,Johnson,Male,2005-05-11,yvette.johnson@hotmail.com,5538653095,New York,New York,United States,Diamond,2024-04-10,Active
CUST000942,Laura,Hutchinson,Female,1977-04-23,laura.hutchinson@hotmail.com,5284469469,Sydney,New South Wales,Australia,Gold,2026-02-04,Active
CUST000943,David,Wagner,Male,1981-04-30,david.wagner@outlook.com,4353452108,Singapore,Singapore,Singapore,Platinum,2022-09-01,Inactive
CUST000944,John,Salazar,Male,1956-07-03,john.salazar@hotmail.com,7531444781,Singapore,Singapore,Singapore,Diamond,2026-03-16,Inactive
CUST000945,Tina,Clark,Male,1960-08-10,tina.clark@outlook.com,4373686372,Dubai,Dubai,UAE,Diamond,2023-12-22,Active
CUST000946,Ian,Ayers,Female,1980-06-19,ian.ayers@gmail.com,7668910135,New York,New York,United States,Silver,2021-12-13,Active
CUST000947,Teresa,Scott,Female,1988-07-11,teresa.scott@outlook.com,5993950234,Delhi,Delhi,India,Platinum,2023-05-21,Inactive
CUST000948,David,Gonzalez,Male,1982-07-05,david.gonzalez@gmail.com,2256290841,Sydney,New South Wales,Australia,Silver,2023-01-14,Inactive
CUST000949,Manuel,Smith,Female,2001-11-11,manuel.smith@hotmail.com,4960650612,London,England,United Kingdom,Platinum,2022-02-13,Active
CUST000950,Hannah,Clark,Male,1993-08-13,hannah.clark@outlook.com,8257081774,Bengaluru,Karnataka,India,Silver,2025-09-16,Active
CUST000951,Michelle,Sanders,Female,1996-08-10,michelle.sanders@outlook.com,4030339559,Mumbai,Maharashtra,India,Gold,2023-03-13,Inactive
CUST000952,Terri,Barrera,Male,1993-11-04,terri.barrera@gmail.com,8952230774,Mumbai,Maharashtra,India,Gold,2022-09-17,Inactive
CUST000953,Alicia,Cruz,Male,1999-05-17,alicia.cruz@yahoo.com,8271185294,Delhi,Delhi,India,Gold,2024-11-24,Inactive
CUST000954,Luke,Thomas,Male,1983-05-20,luke.thomas@yahoo.com,9235452350,London ,England,United Kingdom,Diamond,2022-10-13,Inactive
CUST000955,Bradley,Gibbs,Female,1989-02-02,bradley.gibbs@gmail.com,0607792877,Dubai,Dubai,UAE,Platinum,2025-05-15,Inactive
CUST000956,Logan,Fowler,Female,1973-04-28,logan.fowler@outlook.com,4848172848,Bengaluru,Karnataka,India,Silver,2023-12-19,Inactive
CUST000957,Michelle,Jordan,Female,1963-07-09,michelle.jordan@hotmail.com,,Singapore,Singapore,Singapore,Silver,2025-04-11,Inactive
CUST000958,Brenda,Freeman,Male,1976-04-23,brenda.freeman@hotmail.com,0318868796,New York,New York,United States,Platinum,2023-07-08,Active
CUST000959,Justin,Anderson,Female,1974-04-06,justin.anderson@yahoo.com,0782034286,Singapore,Singapore,Singapore,Gold,2023-08-29,Active
CUST000960,Holly,Walker,Male,1995-03-12,holly.walker@gmail.com,2099272589, Sydney,New South Wales,Australia,Silver,2023-07-20,Inactive
CUST000961,Elizabeth,Woods,Male,1967-06-08,elizabeth.woods@outlook.com,4006500953,Singapore,Singapore,Singapore,Diamond,2021-12-30,Active
CUST000962,Laura,Thomas,Male,1998-02-27,laura.thomas@outlook.com,0070263987,Mumbai,Maharashtra,India,Silver,2025-05-24,Inactive
CUST000963,Daniel,Bullock,Female,2003-12-27,daniel.bullock@gmail.com,6296056218,Mumbai,Maharashtra,India,Silver,2026-07-20,Inactive
CUST000964,Claudia,Clark,Female,1995-12-16,claudia.clark@hotmail.com,4440738924,Delhi,Delhi,India,Silver,2026-07-11,Active
CUST000965,Mary,Mitchell,Female,1956-04-27,mary.mitchell@hotmail.com,0124569788,Singapore,Singapore,Singapore,Gold,2026-07-22,Active
CUST000966,Lindsay,Sanders,Male,1970-01-09,lindsay.sanders@outlook.com,2852308861,Singapore ,Singapore,Singapore,Silver,2023-07-27,Inactive
CUST000967,Andrea,Johnson,Female,1999-06-01,andrea.johnson@outlook.com,6969115870,London,England,United Kingdom,Diamond,2021-09-07,Inactive
CUST000968,Linda,Schmidt,Male,2002-11-20,linda.schmidt@outlook.com,2771131922,Singapore,Singapore,Singapore,Gold,2022-04-04,Inactive
CUST000969,Christopher,Weaver,Female,1996-09-09,christopher.weaver@outlook.com,6220511872,Bengaluru,Karnataka,India,Platinum,2022-02-26,Active
CUST000970,Stacey,Garcia,Female,1968-04-06,stacey.garcia@outlook.com,7609547562,Bengaluru,Karnataka,India,Diamond,2022-09-23,Active
CUST000971,Matthew,Freeman,Male,1962-09-02,matthew.freeman@gmail.com,9992214449,Hyderabad,Telangana,India,Platinum,2026-03-02,Active
CUST000972,Shelby,Reyes,Female,1977-08-11,shelby.reyes@gmail.com,2372240232,Singapore,Singapore,Singapore,Diamond,2023-06-10,Active
CUST000973,Derrick,Gonzales,Female,1973-02-23,derrick.gonzales@outlook.com,6475800050,Bengaluru,Karnataka,India,Gold,2025-02-27,Active
CUST000974,Kenneth,Wilson,Male,1986-10-10,kenneth.wilson@outlook.com,6394815366,Mumbai,Maharashtra,India,Diamond,2025-10-18,Inactive
CUST000975,Elijah,Smith,Male,1964-11-24,elijah.smith@hotmail.com,9083060822,Mumbai,Maharashtra,India,Gold,2023-02-18,Active
CUST000976,Jenna,Robinson,Male,1997-07-22,jenna.robinson@outlook.com,7593477858,Mumbai,Maharashtra,India,Platinum,2025-03-05,Inactive
CUST000977,Andrea,Nichols,Female,1957-03-20,andrea.nichols@hotmail.com,1543361257,Mumbai,Maharashtra,India,Silver,2022-03-31,Active
CUST000978,Joseph,Hardin,Female,1964-12-16,joseph.hardin@gmail.com,8533347712,Sydney,New South Wales,Australia,Gold,2024-06-02,Inactive
CUST000979,Lee,Jackson,Male,2000-10-26,lee.jackson@outlook.com,1439316986,Sydney,New South Wales,Australia,Platinum,2022-11-10,Active
CUST000980,Tammy,Johnson,Male,1974-04-05,tammy.johnson@hotmail.com,5991049752,Mumbai,Maharashtra,India,Diamond,2023-05-08,Inactive
CUST000981,Cassandra,Whitaker,Female,1985-06-07,cassandra.whitaker@yahoo.com,1477422082,Singapore,Singapore,Singapore,Silver,2021-11-09,Inactive
CUST000982,Todd,Johnson,Male,1985-07-07,todd.johnson@yahoo.com,8774177502,London,England,United Kingdom,Silver,2021-11-22,Active
CUST000983,Tyler,Hernandez,Male,1961-10-12,tyler.hernandez@hotmail.com,9818087410,Sydney,New South Wales,Australia,Diamond,2023-12-05,Active
CUST000984,Amy,Ramsey,Female,2002-11-03,amy.ramsey@outlook.com,8923622531,Singapore,Singapore,Singapore,Silver,2022-05-01,Active
CUST000985,Jeremy,Bishop,Female,1979-08-18,jeremy.bishop@hotmail.com,4081342152,London,England,United Kingdom,Platinum,2025-04-17,Inactive
CUST000986,Mary,Wilson,Female,2004-05-12,mary.wilson@gmail.com,6505869816,Delhi,Delhi,India,Diamond,2022-09-18,Inactive
CUST000987,Susan,Powers,Female,1983-10-19,susan.powers@gmail.com,8672472941,London,England,United Kingdom,Gold,2023-10-17,Active
CUST000988,Tyler,Lawrence,Male,1996-01-16,tyler.lawrence@yahoo.com,0044939985, Delhi,Delhi,India,Silver,2025-09-06,Active
CUST000989,Katie,Wyatt,Male,1987-04-21,katie.wyatt@yahoo.com,0774599673,Mumbai,Maharashtra,India,Gold,2024-05-26,Active
CUST000990,Courtney,Miles,Female,1971-04-22,courtney.miles@gmail.com,5422023874,New York,New York,United States,Platinum,2023-09-25,Active
CUST000991,Charles,Hughes,Male,1959-06-18,charles.hughes@gmail.com,7447896773,Hyderabad,Telangana,India,Gold,2022-09-10,Active
CUST000992,Daniel,Velez,Male,1977-04-10,daniel.velez@yahoo.com,6002144521,Sydney,New South Wales,Australia,Platinum,2023-10-20,Inactive
CUST000993,Molly,Lambert,Female,1995-03-27,molly.lambert@yahoo.com,6052248421,Delhi,Delhi,India,Gold,2022-10-21,Active
CUST000994,Donna,Kelly,Male,1960-02-21,donna.kelly@gmail.com,9557582037,Chennai,Tamil Nadu,India,Gold,2026-02-10,Inactive
CUST000995,Mark,Buchanan,Male,1967-11-03,mark.buchanan@gmail.com,8123801340,London,England,United Kingdom,Diamond,2025-08-15,Inactive
CUST000996,George,Foster,Male,2000-11-30,george.foster@gmail.com,7043074224,London,England,United Kingdom,Diamond,2022-11-24,Active
CUST000997,Justin,Cooley,Female,2007-10-17,justin.cooley@outlook.com,0054901910,Hyderabad,Telangana,India,Gold,2023-01-16,Inactive
CUST000998,Catherine,Brennan,Female,1978-01-22,catherine.brennan@yahoo.com,2275265435,Singapore,Singapore,Singapore,Gold,2022-07-30,Active
CUST000999,Jared,Lopez,Male,1997-04-12,jared.lopez@hotmail.com,1575397035,London,England,United Kingdom,Gold,2022-04-01,Active
CUST001000,David,White,Female,1960-09-07,david.white@yahoo.com,9127555441,Singapore,Singapore,Singapore,Silver,2023-05-01,Active
CUST001001,Jeffrey,Watkins,Female,1987-07-07,jeffrey.watkins@hotmail.com,8016479124,Hyderabad,Telangana,India,Diamond,2025-11-06,Inactive
CUST001002,Sandy,Lewis,Male,2003-08-04,sandy.lewis@yahoo.com,6579431020,Sydney,New South Wales,Australia,Gold,2021-12-29,Active
CUST001003,Theodore,Harper,Female,2003-04-30,theodore.harper@outlook.com,8848425035,Bengaluru,Karnataka,India,Silver,2023-08-20,Active
CUST001004,Justin,Smith,Male,1959-06-18,justin.smith@gmail.com,5497904840,Chennai,Tamil Nadu,India,Gold,2025-07-17,Active
CUST001005,Juan,Boyd,Male,2007-01-11,juan.boyd@gmail.com,9271156647,Chennai,Tamil Nadu,India,Silver,2025-04-12,Active
CUST001006,Matthew,Zamora,Female,1957-12-14,matthew.zamora@hotmail.com,9688107179,Bengaluru,Karnataka,India,Silver,2025-04-06,Active
CUST001007,Daniel,Russo,Male,1971-05-16,daniel.russo@gmail.com,7524135627,Chennai,Tamil Nadu,India,Diamond,2023-09-08,Active
CUST001008,Rachel,Garcia,Male,1995-07-17,,3145726821,Sydney,New South Wales,Australia,Platinum,2024-04-08,Active
CUST001009,Jason,Gray,Female,1955-10-07,jason.gray@gmail.com,3173601348,Mumbai,Maharashtra,India,Platinum,2025-06-21,Inactive
CUST001010,Alexis,Edwards,Male,1998-11-19,alexis.edwards@hotmail.com,1337852767,Delhi,Delhi,India,Silver,2023-08-18,Inactive
CUST001011,Sandra,Guzman,Male,1959-09-09,sandra.guzman@outlook.com,5016591705,Bengaluru,Karnataka,India,Gold,2026-06-16,Active
CUST001012,Rachel,Carson,Male,1960-12-01,rachel.carson@gmail.com,0447545285,Bengaluru,Karnataka,India,Silver,2022-04-21,Inactive
CUST001013,Michael,Miller,Male,1987-01-08,michael.miller@gmail.com,7034738612,Mumbai,Maharashtra,India,Gold,2023-05-04,Active
CUST001014,Mark,Mcdonald,Male,1964-10-25,mark.mcdonald@hotmail.com,9470008701,Singapore,Singapore,Singapore,Silver,2022-06-07,Active
CUST001015,John,Bowman,Female,1981-03-27,john.bowman@yahoo.com,5240949669,Dubai,Dubai,UAE,Diamond,2022-08-28,Inactive
CUST001016,Megan,Griffith,Male,1975-08-02,megan.griffith@gmail.com,7963835401,Bengaluru,Karnataka,India,Gold,2026-02-04,Active
CUST001017,Douglas,Mckay,Male,1995-01-17,douglas.mckay@gmail.com,0104803599,Hyderabad,Telangana,India,Diamond,2021-11-14,Inactive
CUST001018,Amber,Alvarado,Female,1960-09-01,amber.alvarado@hotmail.com,3037930589,Bengaluru,Karnataka,India,Gold,2022-05-04,Inactive
CUST001019,Kiara,Smith,Male,1974-09-17,kiara.smith@gmail.com,5356825550,Chennai,Tamil Nadu,India,Silver,2023-03-13,Active
CUST001020,Jacob,Simmons,Male,2001-04-04,jacob.simmons@yahoo.com,7318817314,Chennai,Tamil Nadu,India,Silver,2024-08-21,Inactive
CUST001021,Nicole,Smith,Female,1972-02-03,nicole.smith@outlook.com,3063844086,London,England,United Kingdom,Platinum,2022-07-26,Active
CUST001022,Jennifer,Williams,Male,1986-10-31,jennifer.williams@yahoo.com,3976052796,Singapore,Singapore,Singapore,Gold,2023-06-02,Inactive
CUST001023,Leslie,Bennett,Female,1968-01-28,leslie.bennett@yahoo.com,5331544106,Chennai,Tamil Nadu,India,Silver,2026-02-13,Inactive
CUST001024,Nathan,Walters,Female,1998-04-24,nathan.walters@outlook.com,1133929623,Mumbai,Maharashtra,India,Diamond,2023-05-22,Active
CUST001025,Dustin,Mack,Male,1975-06-19,dustin.mack@gmail.com,8963282818,London,England,United Kingdom,Platinum,2022-03-23,Active
CUST001026,Gary,Richard,Male,2005-05-06,gary.richard@yahoo.com,9126156823,Singapore,Singapore,Singapore,Silver,2022-07-03,Active
CUST001027,Jessica,Murray,Female,1998-03-11,jessica.murray@hotmail.com,3157811254,New York,New York,United States,Diamond,2025-05-20,Inactive
CUST001028,Brenda,Hampton,Male,1967-05-21,brenda.hampton@yahoo.com,0147152856,Delhi,Delhi,India,Platinum,2024-06-12,Inactive
CUST001029,Jennifer,Watson,Female,1956-01-18,jennifer.watson@yahoo.com,9426227934,Singapore,Singapore,Singapore,Diamond,2024-01-27,Active
CUST001030,Loretta,Montgomery,Male,1965-02-04,loretta.montgomery@gmail.com,0132632761,Chennai,Tamil Nadu,India,Gold,2021-12-03,Inactive
CUST001031,Richard,Jackson,Male,1982-12-03,richard.jackson@hotmail.com,5776730036,Sydney,New South Wales,Australia,Gold,2022-05-23,Inactive
CUST001032,Sheryl,Black,Male,1972-03-16,sheryl.black@yahoo.com,6859866234,Chennai,Tamil Nadu,India,Diamond,2024-03-20,Inactive
CUST001033,Amanda,Thomas,Female,1975-07-12,amanda.thomas@gmail.com,7470258036,Singapore,Singapore,Singapore,Silver,2022-02-09,Active
CUST001034,Mary,Luna,Male,1965-03-05,mary.luna@gmail.com,8412207721,New York,New York,United States,Platinum,2022-11-02,Active
CUST001035,James,Moore,Female,1956-10-10,james.moore@yahoo.com,9041753198,Singapore,Singapore,Singapore,Gold,2022-08-30,Active
CUST001036,Derek,Coleman,Male,1993-08-21,derek.coleman@gmail.com,9313755186,Bengaluru,Karnataka,India,Platinum,2023-02-02,Inactive
CUST001037,Ryan,Davis,Female,1962-08-26,ryan.davis@yahoo.com,3764745192,Chennai,Tamil Nadu,India,Gold,2024-11-30,Active
CUST001038,Ruth,Davenport,Female,1968-11-03,ruth.davenport@gmail.com,2164240158,Chennai,Tamil Nadu,India,Diamond,2021-09-05,Active
CUST001039,Regina,Moran,Female,1997-09-22,regina.moran@gmail.com,0406565743,New York,New York,United States,Silver,2021-11-13,Inactive
CUST001040,Eric,Vaughn,Male,1988-02-27,eric.vaughn@outlook.com,8406126183,Chennai,Tamil Nadu,India,Silver,2022-05-16,Inactive
CUST001041,Brianna,Clayton,Female,1969-01-17,brianna.clayton@yahoo.com,1786012454,CHENNAI,Tamil Nadu,India,Silver,2025-10-20,Inactive
CUST001042,Megan,Jones,Male,2001-12-10,megan.jones@yahoo.com,7652627116,Hyderabad,Telangana,India,Gold,2021-11-17,Active
CUST001043,Mary,Boone,Female,1992-07-20,mary.boone@gmail.com,2801663457,Hyderabad,Telangana,India,Diamond,2025-08-25,Inactive
CUST001044,Natalie,Rogers,Male,1985-11-02,natalie.rogers@hotmail.com,4912905322,Delhi,Delhi,India,Platinum,2023-05-21,Inactive
CUST001045,Maureen,Gonzales,Female,1970-04-14,maureen.gonzales@hotmail.com,6516926318,Delhi,Delhi,India,Gold,2025-04-04,Inactive
CUST001046,Carrie,Jones,Male,1962-11-19,carrie.jones@gmail.com,9617844268,Mumbai,Maharashtra,India,Platinum,2022-11-25,Inactive
CUST001047,Elizabeth,Martinez,Female,2006-12-18,elizabeth.martinez@outlook.com,5419415708,Sydney,New South Wales,Australia,Silver,2025-12-14,Inactive
CUST001048,Anna,Golden,Female,1974-01-19,anna.golden@hotmail.com,0913956674,Hyderabad,Telangana,India,Gold,2021-11-17,Active
CUST001049,Craig,Ramirez,Male,1991-03-28,craig.ramirez@gmail.com,2804788849,New York,New York,United States,Platinum,2023-04-05,Inactive
CUST001050,Susan,Perez,Female,1972-02-28,susan.perez@yahoo.com,7098148861,Bengaluru,Karnataka,India,Platinum,2022-01-13,Active
CUST001051,Steven,Dean,Female,2005-03-23,steven.dean@hotmail.com,6508215707,Sydney,New South Wales,Australia,Silver,2023-06-08,Active
CUST001052,Krista,Garcia,Female,1972-07-02,krista.garcia@yahoo.com,7331968961,Dubai,Dubai,UAE,Diamond,2025-07-12,Active
CUST001053,Gary,Tucker,Female,1991-03-19,gary.tucker@hotmail.com,1544292264,Singapore,Singapore,Singapore,Gold,2025-04-18,Inactive
CUST001054,Michael,Elliott,Male,1971-03-22,michael.elliott@gmail.com,9498207214,Singapore,Singapore,Singapore,Gold,2023-09-14,Active
CUST001055,Frederick,Pollard,Male,1982-07-02,frederick.pollard@hotmail.com,2373744869,London ,England,United Kingdom,Diamond,2026-06-25,Active
CUST001056,Tammy,Hernandez,Male,1967-10-29,tammy.hernandez@hotmail.com,6602787285,Dubai,Dubai,UAE,Diamond,2023-04-27,Active
CUST001057,Jessica,Salinas,Male,1967-08-25,jessica.salinas@hotmail.com,7493424662,Singapore,Singapore,Singapore,Platinum,2025-07-14,Active
CUST001058,Denise,Richards,Female,2002-11-14,denise.richards@hotmail.com,1616559094, Bengaluru,Karnataka,India,Silver,2023-06-02,Inactive
CUST001059,Susan,Gutierrez,Female,2003-07-16,susan.gutierrez@outlook.com,7623946529,BENGALURU,Karnataka,India,Platinum,2025-11-23,Active
CUST001060,Michael,Swanson,Male,2002-10-28,michael.swanson@outlook.com,7323503865, Chennai,Tamil Nadu,India,Silver,2024-01-08,Inactive
CUST001061,Diane,Jones,Female,1991-09-07,diane.jones@hotmail.com,5565474299,New York,New York,United States,Platinum,2023-09-27,Active
CUST001062,Rebecca,Salazar,Male,1964-12-01,rebecca.salazar@hotmail.com,5988319767,Dubai,Dubai,UAE,Platinum,2025-11-04,Active
CUST001063,Wesley,King,Female,1979-04-17,,8135222069,Mumbai,Maharashtra,India,Platinum,2021-12-20,Inactive
CUST001064,Diana,Espinoza,Male,1956-05-17,diana.espinoza@gmail.com,4811565509,Dubai,Dubai,UAE,Gold,2023-06-29,Active
CUST001065,Kimberly,Harris,Male,1995-01-26,kimberly.harris@gmail.com,1982502327,New York,New York,United States,Diamond,2022-09-21,Active
CUST001066,Dominique,Garza,Female,1995-10-18,dominique.garza@hotmail.com,0145868628,Singapore,Singapore,Singapore,Gold,2025-05-03,Active
CUST001067,Brittany,Murphy,Male,1976-10-11,brittany.murphy@yahoo.com,4995175476,London,England,United Kingdom,Silver,2021-11-22,Inactive
CUST001068,Christina,Stein,Male,1962-06-02,christina.stein@outlook.com,6413237819,New York,New York,United States,Silver,2022-04-16,Active
CUST001069,Brandy,Johnson,Male,1981-09-08,brandy.johnson@hotmail.com,5403903228,Dubai,Dubai,UAE,Platinum,2025-05-31,Active
CUST001070,Corey,Jackson,Female,1987-01-02,john@gmail,3764428632,Sydney,New South Wales,Australia,Diamond,2023-03-25,Inactive
CUST001071,Yvonne,Sanders,Male,1975-05-30,yvonne.sanders@gmail.com,8442066578,Chennai,Tamil Nadu,India,Gold,2022-06-05,Active
CUST001072,Peter,Rojas,Male,1967-05-08,peter.rojas@hotmail.com,4445896619,Sydney,New South Wales,Australia,Platinum,2023-08-10,Inactive
CUST001073,Brian,Sanchez,Female,1970-02-05,brian.sanchez@yahoo.com,7467024287,Mumbai,Maharashtra,India,Platinum,2026-02-16,Inactive
CUST001074,William,Duffy,Male,1975-08-18,william.duffy@outlook.com,6342396377,Dubai,Dubai,UAE,Diamond,2024-12-22,Inactive
CUST001075,Alexander,Cohen,Female,1996-03-05,alexander.cohen@gmail.com,6021370715,Bengaluru,Karnataka,India,Gold,2024-04-13,Inactive
CUST001076,Thomas,Johnson,Female,1969-05-31,thomas.johnson@outlook.com,1765937991, London,England,United Kingdom,Diamond,2025-08-16,Inactive
CUST001077,William,Powers,Male,1975-03-26,william.powers@hotmail.com,0977769006,Chennai,Tamil Nadu,India,Platinum,2025-10-24,Active
CUST001078,Jeffery,Smith,Female,1978-06-02,jeffery.smith@hotmail.com,7617982102,Bengaluru,Karnataka,India,Diamond,2023-04-07,Active
CUST001079,Kelly,Hill,Male,1999-04-11,kelly.hill@hotmail.com,0605273393,Sydney,New South Wales,Australia,Diamond,2025-09-29,Active
CUST001080,Andrea,Love,Male,1974-11-26,andrea.love@hotmail.com,2832537619,Mumbai,Maharashtra,India,Diamond,2024-08-20,Active
CUST001081,Kevin,Campbell,Female,1972-05-09,kevin.campbell@gmail.com,0798466166,Bengaluru,Karnataka,India,Platinum,2022-07-25,Inactive
CUST001082,Joshua,Weber,Male,1964-11-22,joshua.weber@gmail.com,6619284141,Chennai,Tamil Nadu,India,Gold,2023-06-18,Inactive
CUST001083,Gregory,Cook,Male,1987-12-17,gregory.cook@yahoo.com,4505729031,Dubai,Dubai,UAE,Diamond,2026-01-02,Active
CUST001084,Anna,Ford,Male,1957-12-02,anna.ford@gmail.com,0046208981,Hyderabad,Telangana,India,Diamond,2025-12-07,Active
CUST001085,Rachel,Mcgrath,Female,1960-09-14,rachel.mcgrath@yahoo.com,5771910413,Delhi,Delhi,India,Silver,2023-08-10,Active
CUST001086,Lee,Hull,Female,2004-07-05,lee.hull@hotmail.com,6091107638,New York,New York,United States,Platinum,2025-03-12,Inactive
CUST001087,Jenna,Mendoza,Female,1975-04-16,jenna.mendoza@outlook.com,9553586655,Dubai,Dubai,UAE,Platinum,2024-08-02,Active
CUST001088,Shawn,Ingram,Male,1987-07-13,shawn.ingram@yahoo.com,9499894984,New York,New York,United States,Platinum,2024-09-05,Inactive
CUST001089,Michelle,Best,Female,1994-09-17,michelle.best@outlook.com,3882875569,Dubai,Dubai,UAE,Silver,2021-10-21,Active
CUST001090,Lisa,Reed,Female,1987-08-01,lisa.reed@outlook.com,8343900662,Sydney,New South Wales,Australia,Gold,2022-08-18,Active
CUST001091,Jason,Rogers,Male,1995-07-24,jason.rogers@gmail.com,2247165571,Dubai,Dubai,UAE,Silver,2023-09-21,Active
CUST001092,Amy,Kim,Female,1980-11-06,amy.kim@yahoo.com,6163267120,Sydney,New South Wales,Australia,Gold,2025-10-23,Active
CUST001093,Felicia,Davis,Male,1994-11-01,felicia.davis@gmail.com,1576145769,Bengaluru,Karnataka,India,Diamond,2022-12-16,Inactive
CUST001094,Robert,Knight,Male,1956-03-21,robert.knight@outlook.com,1161192313,London,England,United Kingdom,Platinum,2024-01-01,Active
CUST001095,Rachel,Hatfield,Male,1982-08-26,rachel.hatfield@hotmail.com,1118676094,Singapore,Singapore,Singapore,Platinum,2024-01-21,Inactive
CUST001096,Margaret,Mercado,Male,1984-05-21,margaret.mercado@outlook.com,4033700913,Mumbai,Maharashtra,India,Diamond,2022-10-17,Active
CUST001097,Erik,Shields,Male,2001-01-23,erik.shields@yahoo.com,4788664699,Hyderabad,Telangana,India,Platinum,2025-05-17,Inactive
CUST001098,James,Stone,Female,1966-12-09,james.stone@outlook.com,1295529255,Singapore,Singapore,Singapore,Platinum,2023-11-25,Inactive
CUST001099,Martha,Wood,Female,1957-03-09,martha.wood@outlook.com,9774245569,BENGALURU,Karnataka,India,Diamond,2022-01-03,Active
CUST001100,Brittany,Munoz,Male,1976-04-22,brittany.munoz@hotmail.com,4904017361,New York,New York,United States,Platinum,2023-12-22,Inactive
CUST001101,April,Johnson,Female,1958-10-07,april.johnson@gmail.com,8889039370,London,England,United Kingdom,Platinum,2022-05-13,Inactive
CUST001102,Cynthia,Ross,Female,2006-06-05,cynthia.ross@hotmail.com,3528311930,London,England,United Kingdom,Diamond,2026-05-18,Inactive
CUST001103,Lee,Miranda,Male,1966-03-25,lee.miranda@outlook.com,1266416645,Singapore,Singapore,Singapore,Platinum,2026-04-23,Active
CUST001104,Virginia,Bishop,Female,2001-07-14,virginia.bishop@yahoo.com,7189757070,London,England,United Kingdom,Silver,2023-08-20,Active
CUST001105,Vanessa,Allen,Female,1955-12-15,vanessa.allen@gmail.com,8366612409,New York,New York,United States,Diamond,2023-01-27,Active
CUST001106,Jeremy,Taylor,Female,2000-02-18,jeremy.taylor@yahoo.com,8391906278,Mumbai,Maharashtra,India,Diamond,2024-02-08,Inactive
CUST001107,Jennifer,Reynolds,Male,1984-08-15,,7211815310,Dubai,Dubai,UAE,Diamond,2025-09-14,Inactive
CUST001108,Pamela,Spence,Male,1972-09-15,pamela.spence@hotmail.com,3867512756,Hyderabad,Telangana,India,Silver,2025-06-17,Inactive
CUST001109,Lisa,Williams,Male,1996-04-15,lisa.williams@hotmail.com,9135494550,Dubai,Dubai,UAE,Gold,2023-01-02,Active
CUST001110,Ronnie,Rhodes,Male,1968-10-23,ronnie.rhodes@outlook.com,8779519252,Singapore,Singapore,Singapore,Silver,2021-10-08,Inactive
CUST001111,Donald,Nielsen,Male,1989-02-03,donald.nielsen@gmail.com,6312174872,Sydney,New South Wales,Australia,Platinum,2025-09-21,Active
CUST001112,Sandra,Roberts,Male,2002-06-26,sandra.roberts@outlook.com,5628327867,Singapore,Singapore,Singapore,Diamond,2025-10-08,Active
CUST001113,Gloria,Pineda,Female,1957-08-28,gloria.pineda@yahoo.com,7210134998,Mumbai,Maharashtra,India,Diamond,2025-03-21,Inactive
CUST001114,Veronica,Little,Male,2004-06-04,veronica.little@hotmail.com,2565846911,Bengaluru,Karnataka,India,Silver,2022-04-11,Inactive
CUST001115,Mark,Silva,Female,1986-03-18,mark.silva@hotmail.com,5357965615,Mumbai,Maharashtra,India,Gold,2022-08-11,Active
CUST001116,Carly,Hill,Female,1964-04-03,carly.hill@outlook.com,4628679050,New York,New York,United States,Diamond,2023-06-18,Active
CUST001117,Jeff,Buck,Female,2001-10-16,jeff.buck@outlook.com,4371610865,Delhi,Delhi,India,Gold,2024-03-26,Active
CUST001118,Samantha,Monroe,Female,1971-07-10,samantha.monroe@yahoo.com,7297291685,Chennai,Tamil Nadu,India,Platinum,2023-11-08,Inactive
CUST001119,Kimberly,Love,Female,1986-12-24,kimberly.love@yahoo.com,6937852838,Mumbai,Maharashtra,India,Silver,2023-12-29,Inactive
CUST001120,James,Orozco,Male,1986-03-15,james.orozco@gmail.com,2470498589,Mumbai,Maharashtra,India,Silver,2021-08-26,Active
CUST001121,Maria,Petty,Female,1988-11-16,maria.petty@yahoo.com,8505836006,Chennai,Tamil Nadu,India,Diamond,2026-05-28,Inactive
CUST001122,Kathryn,Gray,Male,1972-02-28,kathryn.gray@gmail.com,3072418989,Sydney,New South Wales,Australia,Diamond,2022-06-27,Active
CUST001123,Lindsey,Wade,Female,2007-02-03,lindsey.wade@yahoo.com,4162237389,Delhi,Delhi,India,Platinum,2021-10-20,Active
CUST001124,Kathy,Garrett,Male,1976-12-25,kathy.garrett@yahoo.com,1802545156,Bengaluru,Karnataka,India,Gold,2024-01-30,Inactive
CUST001125,Teresa,Noble,Male,1994-01-03,teresa.noble@yahoo.com,4804212433,Hyderabad,Telangana,India,Diamond,2025-03-15,Inactive
CUST001126,Jose,Walker,Female,1967-06-05,jose.walker@hotmail.com,0778521418,Mumbai,Maharashtra,India,Gold,2025-09-27,Inactive
CUST001127,Marissa,Greene,Male,2003-09-14,marissa.greene@yahoo.com,5409801820,Dubai,Dubai,UAE,Platinum,2025-08-25,Active
CUST001128,Jennifer,Wallace,Female,1956-10-03,jennifer.wallace@yahoo.com,8834108585,Singapore,Singapore,Singapore,Gold,2024-12-02,Active
CUST001129,Alexander,Thomas,Female,1964-09-29,alexander.thomas@gmail.com,6483805778,Mumbai,Maharashtra,India,Silver,2026-02-10,Inactive
CUST001130,Joseph,Mitchell,Male,1957-09-08,,6513073839,Hyderabad,Telangana,India,Silver,2024-05-17,Active
CUST001131,Michelle,Watts,Female,1956-08-26,michelle.watts@hotmail.com,7479504743,Sydney,New South Wales,Australia,Silver,2022-05-30,Active
CUST001132,Emily,Alexander,Male,1980-05-10,emily.alexander@yahoo.com,7580972765,Chennai,Tamil Nadu,India,Silver,2021-10-31,Active
CUST001133,Jesse,Chapman,Female,1964-08-28,jesse.chapman@outlook.com,8760342693,Chennai,Tamil Nadu,India,Diamond,2022-11-18,Inactive
CUST001134,Kristin,Mcknight,Female,1992-04-03,kristin.mcknight@hotmail.com,5155108265,Sydney,New South Wales,Australia,Silver,2023-07-22,Active
CUST001135,Ruth,Griffin,Male,1963-12-16,ruth.griffin@hotmail.com,1435549835,New York,New York,United States,Diamond,2024-09-23,Inactive
CUST001136,Brendan,Morse,Male,1996-05-25,brendan.morse@outlook.com,6125261774,Dubai,Dubai,UAE,Silver,2024-09-04,Active
CUST001137,Tina,Pierce,Male,1973-06-29,tina.pierce@hotmail.com,6694282109,London,England,United Kingdom,Gold,2024-07-18,Inactive
CUST001138,Wesley,Cummings,Female,1997-06-11,wesley.cummings@hotmail.com,9259820429,Mumbai,Maharashtra,India,Gold,2021-10-10,Inactive
CUST001139,Sean,Chang,Female,1972-01-16,sean.chang@yahoo.com,1069975086,Bengaluru,Karnataka,India,Platinum,2023-07-11,Active
CUST001140,Thomas,Smith,Female,2002-05-29,thomas.smith@gmail.com,6786283481,Hyderabad,Telangana,India,Diamond,2022-05-19,Active
CUST001141,Joseph,Moon,Female,1976-07-30,joseph.moon@yahoo.com,,London,England,United Kingdom,Diamond,2024-12-27,Inactive
CUST001142,Greg,Thomas,Female,1959-09-02,greg.thomas@yahoo.com,,Mumbai,Maharashtra,India,Gold,2025-09-09,Inactive
CUST001143,Brian,Gardner,Female,1993-07-25,brian.gardner@hotmail.com,4699122455,Singapore,Singapore,Singapore,Platinum,2022-02-10,Inactive
CUST001144,Scott,Williams,Male,1982-12-10,scott.williams@yahoo.com,6537547794,Singapore,Singapore,Singapore,Silver,2024-08-14,Active
CUST001145,Pamela,Gonzalez,Male,1963-04-24,pamela.gonzalez@yahoo.com,2391915405,Delhi,Delhi,India,Diamond,2024-04-29,Inactive
CUST001146,Kelly,Fitzgerald,Female,1961-09-04,kelly.fitzgerald@outlook.com,1983578436,Chennai,Tamil Nadu,India,Gold,2024-08-07,Inactive
CUST001147,Alison,Adams,Male,2007-07-31,alison.adams@hotmail.com,1629338343,Hyderabad,Telangana,India,Diamond,2026-05-27,Inactive
CUST001148,Stephen,Cobb,Female,1999-12-23,stephen.cobb@hotmail.com,1172462091,London,England,United Kingdom,Gold,2023-12-26,Active
CUST001149,Jessica,Perry,Male,1972-04-03,jessica.perry@gmail.com,9568250244,Mumbai,Maharashtra,India,Diamond,2023-03-30,Active
CUST001150,Jennifer,Archer,Female,2004-09-28,jennifer.archer@outlook.com,0543574730,London,England,United Kingdom,Diamond,2022-04-29,Active
CUST001151,Matthew,Mcgrath,Female,1991-06-22,matthew.mcgrath@yahoo.com,9021175334,Mumbai,Maharashtra,India,Diamond,2025-12-05,Active
CUST001152,Kyle,Calhoun,Female,1976-05-18,kyle.calhoun@outlook.com,0364742774,Dubai,Dubai,UAE,Silver,2023-11-23,Inactive
CUST001153,Bonnie,Rogers,Male,1961-06-01,bonnie.rogers@outlook.com,0628686286,Bengaluru,Karnataka,India,Gold,2025-01-09,Active
CUST001154,Ricky,Morton,Male,1978-11-09,ricky.morton@outlook.com,4541701855,New York,New York,United States,Silver,2023-06-21,Active
CUST001155,Tracy,Jackson,Female,1987-01-26,tracy.jackson@gmail.com,7303059649,Chennai,Tamil Nadu,India,Platinum,2022-09-12,Inactive
CUST001156,Jodi,Walker,Female,1976-04-26,jodi.walker@gmail.com,0511441572,London,England,United Kingdom,Silver,2026-03-22,Inactive
CUST001157,Jennifer,Robinson,Male,1967-05-24,jennifer.robinson@hotmail.com,1512165551,Delhi,Delhi,India,Gold,2023-06-02,Active
CUST001158,Thomas,Myers,Female,1963-09-11,thomas.myers@yahoo.com,6473012108,Sydney,New South Wales,Australia,Diamond,2024-08-31,Inactive
CUST001159,Dale,Bass,Male,1974-02-25,dale.bass@gmail.com,7677935277,Dubai,Dubai,UAE,Platinum,2025-10-30,Inactive
CUST001160,William,Mcdonald,Male,1962-11-23,william.mcdonald@yahoo.com,7690524486,Hyderabad,Telangana,India,Silver,2025-11-25,Active
CUST001161,Ralph,Hayes,Male,1981-04-17,ralph.hayes@hotmail.com,7663152651,Chennai,Tamil Nadu,India,Diamond,2023-12-15,Active
CUST001162,Phillip,White,Male,1968-10-26,phillip.white@hotmail.com,9077393166,Hyderabad,Telangana,India,Diamond,2024-07-22,Active
CUST001163,Kara,Vargas,Male,1960-04-23,kara.vargas@hotmail.com,2584758216, Hyderabad,Telangana,India,Gold,2022-08-27,Inactive
CUST001164,Carlos,Hayes,Female,1959-07-23,carlos.hayes@yahoo.com,4478121838,Sydney,New South Wales,Australia,Diamond,2026-03-17,Inactive
CUST001165,David,Brown,Female,1998-04-19,david.brown@gmail.com,9792881887,Delhi,Delhi,India,Platinum,2022-09-05,Inactive
CUST001166,Kimberly,Williams,Male,2003-10-06,kimberly.williams@gmail.com,4445303228,Chennai,Tamil Nadu,India,Diamond,2021-12-08,Inactive
CUST001167,Matthew,Ferguson,Female,2006-03-04,matthew.ferguson@outlook.com,3356770255, Hyderabad,Telangana,India,Platinum,2021-09-26,Active
CUST001168,Joseph,Baker,Male,1959-05-20,joseph.baker@outlook.com,5744656024,London,England,United Kingdom,Diamond,2024-08-26,Active
CUST001169,Alexandra,Tran,Male,1968-06-23,alexandra.tran@outlook.com,1474065620,Delhi,Delhi,India,Silver,2022-04-08,Active
CUST001170,Kristy,Harrison,Male,1962-06-18,kristy.harrison@gmail.com,3689161862,Bengaluru,Karnataka,India,Diamond,2022-02-15,Inactive
CUST001171,Jesse,Perez,Male,1957-09-24,jesse.perez@outlook.com,0836651699,Dubai,Dubai,UAE,Silver,2024-03-04,Inactive
CUST001172,Amy,Barton,Female,1974-11-01,amy.barton@hotmail.com,3568396361,Singapore,Singapore,Singapore,Gold,2025-05-26,Inactive
CUST001173,Kristin,Brown,Female,1967-06-30,kristin.brown@gmail.com,2755927178,Sydney,New South Wales,Australia,Gold,2022-04-21,Active
CUST001174,Robert,Green,Female,2003-07-03,robert.green@yahoo.com,2508163334,New York,New York,United States,Gold,2024-08-30,Active
CUST001175,Shawn,Smith,Female,1968-08-12,shawn.smith@outlook.com,6869171374,Bengaluru,Karnataka,India,Diamond,2025-07-28,Active
CUST001176,Brian,Massey,Female,2003-12-15,brian.massey@hotmail.com,1558965256,Singapore,Singapore,Singapore,Silver,2023-06-03,Active
CUST001177,Victor,Buck,Female,1983-06-13,victor.buck@outlook.com,1971582855,Dubai,Dubai,UAE,Silver,2023-04-28,Inactive
CUST001178,Rachel,Roberts,Male,1956-09-28,rachel.roberts@outlook.com,1348225710,Delhi,Delhi,India,Platinum,2022-12-09,Inactive
CUST001179,Bryan,Hamilton,Male,2005-08-16,bryan.hamilton@hotmail.com,9175976244,Singapore,Singapore,Singapore,Silver,2024-04-24,Inactive
CUST001180,Anthony,Snyder,Female,1996-12-27,anthony.snyder@yahoo.com,2498329871,New York,New York,United States,Diamond,2023-11-15,Active
CUST001181,Laura,Nichols,Male,1978-06-01,laura.nichols@gmail.com,4115811130,Hyderabad,Telangana,India,Diamond,2024-04-23,Active
CUST001182,Jennifer,Harper,Male,1956-02-12,jennifer.harper@yahoo.com,,New York,New York,United States,Platinum,2022-12-15,Active
CUST001183,Lorraine,Stuart,Female,1995-08-25,lorraine.stuart@hotmail.com,7132641249,Singapore,Singapore,Singapore,Silver,2023-06-11,Inactive
CUST001184,George,Garcia,Male,1965-10-20,george.garcia@outlook.com,4099247982,Hyderabad,Telangana,India,Silver,2024-04-19,Inactive
CUST001185,Leah,Davis,Female,1994-08-06,leah.davis@hotmail.com,3573902844,New York,New York,United States,Diamond,2025-08-01,Active
CUST001186,Jessica,Mcdonald,Male,1993-03-04,jessica.mcdonald@hotmail.com,7165578457,Sydney,New South Wales,Australia,Silver,2026-05-03,Active
CUST001187,Sherry,Williams,Female,1961-11-01,sherry.williams@gmail.com,8627257703,Chennai,Tamil Nadu,India,Diamond,2024-12-25,Inactive
CUST001188,Jennifer,Mitchell,Male,1956-05-18,jennifer.mitchell@outlook.com,1011314034,Hyderabad,Telangana,India,Platinum,2023-06-28,Active
CUST001189,Mark,Mcpherson,Female,1996-01-22,mark.mcpherson@gmail.com,0051456506,New York,New York,United States,Diamond,2023-07-22,Active
CUST001190,Kathryn,Brown,Male,2008-03-16,kathryn.brown@hotmail.com,3801508681,Sydney,New South Wales,Australia,Silver,2024-05-12,Active
CUST001191,Micheal,Vaughn,Male,1984-06-30,micheal.vaughn@gmail.com,0148119122,Delhi,Delhi,India,Platinum,2022-10-21,Active
CUST001192,Stuart,Estrada,Female,1979-10-07,stuart.estrada@hotmail.com,1633946042,Dubai,Dubai,UAE,Platinum,2024-11-18,Inactive
CUST001193,Amanda,Evans,Female,1968-06-11,amanda.evans@outlook.com,9935194568,London,England,United Kingdom,Platinum,2024-01-14,Inactive
CUST001194,Kevin,Shepherd,Female,1976-03-28,kevin.shepherd@outlook.com,2823379770,Hyderabad,Telangana,India,Diamond,2022-04-09,Active
CUST001195,Walter,Bush,Male,1963-03-10,walter.bush@outlook.com,6682549361,Bengaluru,Karnataka,India,Diamond,2025-05-21,Active
CUST001196,Michael,Barr,Female,1964-02-08,michael.barr@gmail.com,9537398798,Bengaluru,Karnataka,India,Platinum,2023-06-07,Inactive
CUST001197,Carrie,Owen,Female,2001-06-18,carrie.owen@outlook.com,8473714064,Singapore,Singapore,Singapore,Silver,2022-10-09,Active
CUST001198,Crystal,Roberts,Female,1968-09-21,crystal.roberts@hotmail.com,0600059435,Dubai,Dubai,UAE,Gold,2023-09-14,Inactive
CUST001199,Jessica,Curry,Male,1994-07-23,jessica.curry@hotmail.com,2169932369,Hyderabad,Telangana,India,Gold,2026-06-20,Active
CUST001200,Andrew,Leblanc,Male,1961-06-18,andrew.leblanc@outlook.com,2631213092,Mumbai,Maharashtra,India,Platinum,2022-06-07,Inactive
CUST001201,Connor,Meyers,Female,2001-02-24,connor.meyers@yahoo.com,7712727853,Singapore,Singapore,Singapore,Silver,2024-01-19,Active
CUST001202,Maria,Todd,Female,2008-06-14,maria.todd@outlook.com,2820294195,London,England,United Kingdom,Gold,2021-09-17,Inactive
CUST001203,Nicholas,Franklin,Female,1982-02-26,nicholas.franklin@gmail.com,6813166332,Bengaluru,Karnataka,India,Gold,2024-08-19,Active
CUST001204,Susan,Potter,Male,1980-09-14,susan.potter@gmail.com,,Delhi,Delhi,India,Platinum,2022-12-23,Active
CUST001205,Ricky,Hall,Female,1994-02-16,ricky.hall@gmail.com,3267970356, Hyderabad,Telangana,India,Gold,2025-03-22,Inactive
CUST001206,Vincent,Rogers,Male,2003-01-31,vincent.rogers@yahoo.com,2717184400,Dubai,Dubai,UAE,Gold,2022-03-15,Active
CUST001207,Michelle,Carter,Female,1987-10-03,michelle.carter@outlook.com,8273546589,New York,New York,United States,Diamond,2025-08-19,Inactive
CUST001208,Teresa,Mendez,Male,1972-01-26,teresa.mendez@gmail.com,4208880235,London,England,United Kingdom,Diamond,2025-03-23,Inactive
CUST001209,Anthony,Griffin,Female,1993-01-15,anthony.griffin@yahoo.com,0529668577,Mumbai,Maharashtra,India,Gold,2026-01-24,Active
CUST001210,Brian,Reynolds,Female,1980-01-26,brian.reynolds@yahoo.com,1468894585,New York,New York,United States,Diamond,2023-10-10,Active
CUST001211,Carl,Wagner,Male,1968-08-14,carl.wagner@hotmail.com,7893671875,Delhi,Delhi,India,Gold,2021-12-16,Active
CUST001212,Kelly,Martinez,Female,1962-03-08,kelly.martinez@gmail.com,6971406788,Singapore,Singapore,Singapore,Platinum,2023-01-08,Inactive
CUST001213,Valerie,Ramirez,Female,1967-07-11,valerie.ramirez@hotmail.com,2555760318,Chennai,Tamil Nadu,India,Platinum,2024-02-27,Active
CUST001214,Colin,Clark,Female,1968-07-21,colin.clark@outlook.com,3443748558,London,England,United Kingdom,Platinum,2024-01-27,Active
CUST001215,Kristen,Martin,Male,1958-08-02,kristen.martin@hotmail.com,9617365839,Hyderabad,Telangana,India,Silver,2021-09-29,Inactive
CUST001216,Michael,Long,Male,2005-11-21,michael.long@yahoo.com,5951086240,Sydney,New South Wales,Australia,Gold,2024-11-11,Inactive
CUST001217,Sarah,Anderson,Female,1986-01-17,,2418816894,London,England,United Kingdom,Gold,2023-06-25,Active
CUST001218,Courtney,Cook,Female,1981-05-09,courtney.cook@gmail.com,1508614882,Delhi,Delhi,India,Diamond,2026-02-16,Active
CUST001219,Judy,Sanchez,Male,1980-07-07,judy.sanchez@gmail.com,9684886034,Chennai,Tamil Nadu,India,Platinum,2024-02-11,Active
CUST001220,Wayne,Briggs,Male,2006-11-16,wayne.briggs@yahoo.com,2433063820,Singapore,Singapore,Singapore,Diamond,2022-06-22,Inactive
CUST001221,Kevin,Cole,Male,1980-07-18,kevin.cole@yahoo.com,2575377989,Sydney,New South Wales,Australia,Diamond,2026-01-19,Inactive
CUST001222,Eric,Valdez,Male,1964-09-06,eric.valdez@hotmail.com,8353348668,New York,New York,United States,Gold,2022-05-26,Active
CUST001223,Susan,Johnson,Female,1972-06-21,susan.johnson@gmail.com,5892944783,Dubai,Dubai,UAE,Platinum,2023-03-19,Active
CUST001224,David,Lyons,Female,1968-04-14,david.lyons@outlook.com,8099054522,Chennai,Tamil Nadu,India,Gold,2024-07-30,Active
CUST001225,Miguel,Mcdonald,Male,1968-11-29,miguel.mcdonald@gmail.com,1846823572,New York,New York,United States,Silver,2025-07-24,Active
CUST001226,Eugene,Hodges,Female,2003-01-27,eugene.hodges@outlook.com,0378863344,Dubai,Dubai,UAE,Platinum,2024-02-06,Inactive
CUST001227,Michael,Maynard,Male,1990-08-25,michael.maynard@yahoo.com,5736894536,Sydney,New South Wales,Australia,Platinum,2026-01-02,Active
CUST001228,Thomas,Mathews,Male,1990-01-13,thomas.mathews@hotmail.com,0667265426,Mumbai,Maharashtra,India,Gold,2025-01-21,Active
CUST001229,Erica,Hernandez,Male,1965-03-21,erica.hernandez@hotmail.com,3214626156,New York,New York,United States,Platinum,2022-06-17,Inactive
CUST001230,Andrea,Knight,Male,2001-10-12,andrea.knight@hotmail.com,4742043742,Delhi,Delhi,India,Silver,2022-04-30,Active
CUST001231,Alison,Becker,Female,1988-10-02,alison.becker@hotmail.com,0164859835,Chennai,Tamil Nadu,India,Gold,2026-01-25,Inactive
CUST001232,Jerry,Cantu,Female,1987-08-06,jerry.cantu@hotmail.com,0189483057,Hyderabad,Telangana,India,Platinum,2021-10-24,Active
CUST001233,Christopher,Maynard,Male,1990-07-28,christopher.maynard@outlook.com,9270906138,New York,New York,United States,Gold,2023-09-22,Inactive
CUST001234,Haley,Burns,Male,1990-03-05,haley.burns@outlook.com,4961850383,Singapore,Singapore,Singapore,Silver,2022-10-11,Inactive
CUST001235,Melissa,Black,Female,2002-04-05,melissa.black@hotmail.com,3111974650,New York,New York,United States,Gold,2026-03-03,Inactive
CUST001236,Jonathon,Roberts,Female,1969-02-21,jonathon.roberts@yahoo.com,5448342089,Chennai,Tamil Nadu,India,Silver,2024-08-10,Active
CUST001237,Nicole,Stokes,Male,1969-11-30,nicole.stokes@outlook.com,3594367944,New York,New York,United States,Diamond,2022-06-19,Active
CUST001238,Kevin,James,Male,2006-06-18,kevin.james@yahoo.com,,Bengaluru,Karnataka,India,Gold,2024-10-22,Inactive
CUST001239,Timothy,Bullock,Male,1991-05-31,timothy.bullock@gmail.com,0590092116,Singapore,Singapore,Singapore,Platinum,2023-03-08,Inactive
CUST001240,Michael,Greene,Female,2004-03-24,michael.greene@yahoo.com,6563458838,Mumbai,Maharashtra,India,Gold,2022-11-11,Active
CUST001241,Steven,Lyons,Male,1980-10-19,steven.lyons@hotmail.com,4451032223,Hyderabad,Telangana,India,Gold,2024-09-14,Active
CUST001242,Nicholas,Sellers,Male,2006-05-16,nicholas.sellers@yahoo.com,0997699984,Singapore,Singapore,Singapore,Silver,2023-03-13,Active
CUST001243,Heather,Ballard,Male,1974-03-17,heather.ballard@yahoo.com,9514335470,Hyderabad,Telangana,India,Silver,2025-02-13,Inactive
CUST001244,Karen,Thomas,Female,1988-01-18,karen.thomas@yahoo.com,8294224080,New York,New York,United States,Gold,2022-07-31,Inactive
CUST001245,Ashley,Soto,Male,1975-08-16,ashley.soto@gmail.com,5524780631,London,England,United Kingdom,Silver,2026-01-03,Active
CUST001246,Dale,Lee,Male,1976-01-16,dale.lee@hotmail.com,0235507449,Chennai,Tamil Nadu,India,Diamond,2025-11-01,Inactive
CUST001247,Jeffrey,Zuniga,Male,1968-09-12,jeffrey.zuniga@gmail.com,8522053794,Dubai,Dubai,UAE,Diamond,2025-05-12,Inactive
CUST001248,Lisa,Anderson,Female,1984-12-26,lisa.anderson@hotmail.com,1311446029,Singapore,Singapore,Singapore,Diamond,2023-07-22,Active
CUST001249,Helen,Kim,Female,1969-12-23,helen.kim@hotmail.com,3291813734,Sydney,New South Wales,Australia,Gold,2022-02-17,Active
CUST001250,Roberto,Jensen,Female,1975-06-17,roberto.jensen@yahoo.com,9850276979,Dubai,Dubai,UAE,Gold,2024-11-29,Inactive
CUST001251,Alex,Cervantes,Male,1978-05-19,alex.cervantes@outlook.com,7750716913,Mumbai,Maharashtra,India,Gold,2025-07-26,Active
CUST001252,Calvin,Sparks,Female,1987-08-28,calvin.sparks@outlook.com,6837560035,Delhi,Delhi,India,Silver,2021-10-28,Active
CUST001253,James,Holmes,Male,2002-07-04,james.holmes@yahoo.com,1316053967,New York,New York,United States,Diamond,2023-02-03,Inactive
CUST001254,John,Flores,Female,1991-06-14,john.flores@yahoo.com,2009851878,Mumbai,Maharashtra,India,Silver,2024-10-19,Inactive
CUST001255,Michael,Taylor,Female,1957-12-30,michael.taylor@gmail.com,3977694972,Delhi,Delhi,India,Platinum,2026-02-16,Inactive
CUST001256,Christopher,Avery,Male,2004-12-12,christopher.avery@yahoo.com,3024333658,Singapore,Singapore,Singapore,Silver,2021-10-11,Inactive
CUST001257,Russell,Rodriguez,Male,2008-04-20,russell.rodriguez@hotmail.com,1478893490,Bengaluru,Karnataka,India,Gold,2025-11-03,Active
CUST001258,Bobby,Lopez,Female,1957-05-23,bobby.lopez@hotmail.com,5971602683,Hyderabad,Telangana,India,Platinum,2021-11-08,Inactive
CUST001259,William,Jones,Male,2007-08-29,william.jones@yahoo.com,8279368060,Chennai,Tamil Nadu,India,Silver,2026-05-08,Inactive
CUST001260,Brian,Duncan,Male,1973-08-11,brian.duncan@outlook.com,6743588773,Hyderabad,Telangana,India,Silver,2022-01-18,Inactive
CUST001261,Robert,Davis,Female,1965-03-01,robert.davis@hotmail.com,0360718635,Delhi,Delhi,India,Silver,2023-02-07,Active
CUST001262,William,Richardson,Male,2003-10-26,william.richardson@hotmail.com,2218978760,Sydney,New South Wales,Australia,Diamond,2024-05-21,Inactive
CUST001263,Laura,Stein,Male,1959-09-25,laura.stein@hotmail.com,6778796505,Sydney,New South Wales,Australia,Diamond,2022-08-03,Inactive
CUST001264,Kristina,Townsend,Male,1998-10-10,kristina.townsend@gmail.com,0795746484,Chennai,Tamil Nadu,India,Gold,2022-12-12,Inactive
CUST001265,Bryan,Wilkinson,Male,1990-08-29,bryan.wilkinson@yahoo.com,3140819777,Singapore,Singapore,Singapore,Gold,2025-12-27,Active
CUST001266,Bradley,Silva,Male,1973-11-18,bradley.silva@gmail.com,6103287163,Delhi,Delhi,India,Gold,2022-11-26,Inactive
CUST001267,Marissa,Shepherd,Male,1992-12-23,marissa.shepherd@outlook.com,8347027331,Sydney,New South Wales,Australia,Gold,2021-10-31,Inactive
CUST001268,Brittany,Rivera,Female,2006-12-17,brittany.rivera@outlook.com,4006791014,London,England,United Kingdom,Silver,2026-05-02,Inactive
CUST001269,Francisco,Stevens,Female,2003-10-13,francisco.stevens@gmail.com,6050683699,Bengaluru,Karnataka,India,Gold,2023-01-01,Active
CUST001270,Sarah,Tran,Male,2003-04-28,@gmail.com,2468811128,Sydney,New South Wales,Australia,Platinum,2023-08-12,Inactive
CUST001271,Latoya,Clark,Female,2004-04-24,latoya.clark@yahoo.com,1313200524,Delhi,Delhi,India,Silver,2022-01-02,Inactive
CUST001272,Kyle,Church,Male,1989-08-23,kyle.church@yahoo.com,4035074568,Mumbai,Maharashtra,India,Gold,2023-01-08,Active
CUST001273,Brooke,Molina,Female,1982-07-24,brooke.molina@gmail.com,6240417949,Dubai,Dubai,UAE,Gold,2022-02-15,Active
CUST001274,Brooke,Thompson,Male,1983-08-03,brooke.thompson@hotmail.com,2788688340,Sydney,New South Wales,Australia,Platinum,2023-12-22,Inactive
CUST001275,Frederick,Wilson,Male,1986-05-31,,2034530826,Hyderabad,Telangana,India,Gold,2025-11-15,Inactive
CUST001276,John,James,Male,1993-04-20,john.james@gmail.com,7136643661,Delhi,Delhi,India,Platinum,2021-12-14,Inactive
CUST001277,Cindy,Woodard,Male,1976-08-13,cindy.woodard@hotmail.com,4374029985,London,England,United Kingdom,Diamond,2022-09-25,Active
CUST001278,Jonathan,Gordon,Female,1986-10-28,jonathan.gordon@yahoo.com,4791867250,New York,New York,United States,Silver,2026-01-04,Inactive
CUST001279,Justin,Hale,Male,2005-04-25,justin.hale@outlook.com,6013340306,New York,New York,United States,Diamond,2024-11-28,Inactive
CUST001280,Beth,Boyd,Male,1963-10-13,,3112876923,BENGALURU,Karnataka,India,Diamond,2025-10-04,Inactive
CUST001281,Molly,Cooper,Male,1988-02-19,molly.cooper@outlook.com,2873675039,Sydney,New South Wales,Australia,Platinum,2022-03-20,Inactive
CUST001282,Michael,Lin,Male,1995-03-07,michael.lin@hotmail.com,4305109947,Chennai,Tamil Nadu,India,Silver,2023-06-25,Active
CUST001283,Eric,Peterson,Male,1973-01-21,eric.peterson@outlook.com,3676194643,Hyderabad,Telangana,India,Silver,2025-02-20,Inactive
CUST001284,Kimberly,Harrison,Female,1993-04-04,kimberly.harrison@outlook.com,2230797722,Singapore,Singapore,Singapore,Gold,2026-05-04,Active
CUST001285,Dawn,Moore,Female,1957-04-02,dawn.moore@hotmail.com,3710728670,Dubai,Dubai,UAE,Gold,2023-11-11,Active
CUST001286,Randall,Bradshaw,Female,1971-05-13,randall.bradshaw@gmail.com,9988155134, Hyderabad,Telangana,India,Gold,2024-06-20,Inactive
CUST001287,Nancy,Anderson,Female,2001-07-20,nancy.anderson@hotmail.com,2323306401,Bengaluru,Karnataka,India,Gold,2026-01-24,Inactive
CUST001288,Christopher,Lopez,Female,1959-08-05,christopher.lopez@outlook.com,5948038497,Dubai,Dubai,UAE,Gold,2021-10-29,Inactive
CUST001289,Tiffany,Johnson,Male,1962-11-14,tiffany.johnson@yahoo.com,8744117930,Sydney,New South Wales,Australia,Diamond,2023-05-05,Active
CUST001290,Erik,Frank,Male,1998-09-03,erik.frank@hotmail.com,6701526241,Bengaluru,Karnataka,India,Diamond,2025-03-27,Active
CUST001291,Nancy,Gilbert,Female,1958-11-25,nancy.gilbert@outlook.com,4667077580,Chennai,Tamil Nadu,India,Silver,2022-03-22,Active
CUST001292,Sara,Gomez,Female,1965-02-23,sara.gomez@outlook.com,5572719824,Dubai,Dubai,UAE,Silver,2025-11-04,Inactive
CUST001293,Danielle,Cooke,Male,1959-01-04,danielle.cooke@hotmail.com,2431509265,Hyderabad,Telangana,India,Silver,2025-05-21,Inactive
CUST001294,Hannah,Garrison,Male,1963-07-31,,4221315329,Bengaluru,Karnataka,India,Gold,2024-02-11,Active
CUST001295,Bridget,Brown,Female,2005-01-17,bridget.brown@outlook.com,1295681033,Mumbai,Maharashtra,India,Diamond,2024-08-24,Active
CUST001296,Brandy,Lopez,Female,1958-11-07,brandy.lopez@yahoo.com,4718053558,London,England,United Kingdom,Silver,2022-03-02,Inactive
CUST001297,Andrew,Stevens,Male,1999-08-25,andrew.stevens@yahoo.com,2907602611,Chennai,Tamil Nadu,India,Platinum,2025-08-17,Active
CUST001298,David,Hoffman,Male,1980-04-30,david.hoffman@outlook.com,2390402948,Chennai,Tamil Nadu,India,Platinum,2023-04-24,Active
CUST001299,Gregory,Ortega,Female,1984-11-25,gregory.ortega@gmail.com,0794919531,London,England,United Kingdom,Silver,2025-09-06,Inactive
CUST001300,Katelyn,Smith,Female,1989-06-09,katelyn.smith@gmail.com,9160453386,London,England,United Kingdom,Silver,2025-06-14,Active
CUST001301,Joseph,Wolf,Male,1967-04-12,joseph.wolf@gmail.com,8018071028,Sydney,New South Wales,Australia,Gold,2025-03-10,Active
CUST001302,Patricia,Brown,Male,1966-01-21,patricia.brown@hotmail.com,0148378514,Hyderabad,Telangana,India,Platinum,2024-10-08,Inactive
CUST001303,Hunter,Black,Male,1966-01-19,hunter.black@outlook.com,1415925110,Hyderabad,Telangana,India,Silver,2023-09-02,Active
CUST001304,Victor,Carter,Female,1959-02-02,victor.carter@outlook.com,5196703400,London,England,United Kingdom,Diamond,2022-09-07,Inactive
CUST001305,Scott,Miller,Female,1963-08-14,scott.miller@gmail.com,9473572745,New York,New York,United States,Silver,2025-02-26,Inactive
CUST001306,Jason,Wilson,Female,1998-12-11,jason.wilson@yahoo.com,5109326120,Delhi,Delhi,India,Platinum,2026-05-27,Active
CUST001307,Daniel,Wells,Female,1966-10-14,daniel.wells@yahoo.com,0702265707,New York,New York,United States,Gold,2025-08-28,Active
CUST001308,Katherine,Adams,Female,1990-06-02,katherine.adams@hotmail.com,5128404901,Hyderabad,Telangana,India,Platinum,2022-07-08,Active
CUST001309,Heather,Calhoun,Male,1981-08-27,heather.calhoun@hotmail.com,6245269274,New York,New York,United States,Diamond,2026-05-18,Active
CUST001310,Paul,Barajas,Female,1995-06-10,paul.barajas@yahoo.com,2388221973,Singapore,Singapore,Singapore,Diamond,2024-12-13,Inactive
CUST001311,Jessica,James,Male,1968-03-31,jessica.james@yahoo.com,1799436026,London,England,United Kingdom,Silver,2025-11-30,Active
CUST001312,Patrick,Berry,Female,1968-12-12,patrick.berry@hotmail.com,,New York,New York,United States,Platinum,2024-01-17,Inactive
CUST001313,Renee,Cervantes,Female,1966-08-21,renee.cervantes@hotmail.com,1565063223,Dubai,Dubai,UAE,Diamond,2025-11-02,Active
CUST001314,Sean,Martinez,Male,1969-06-26,sean.martinez@yahoo.com,5494707916, Chennai,Tamil Nadu,India,Gold,2026-04-29,Inactive
CUST001315,Rachel,Hoffman,Male,2008-04-14,rachel.hoffman@gmail.com,7262214706,London,England,United Kingdom,Silver,2021-11-14,Active
CUST001316,Whitney,Oliver,Female,1957-01-24,whitney.oliver@gmail.com,5748833379,Hyderabad,Telangana,India,Gold,2023-02-04,Inactive
CUST001317,Gabriela,Williamson,Male,1972-01-18,gabriela.williamson@yahoo.com,8264226475,Hyderabad,Telangana,India,Gold,2024-11-22,Inactive
CUST001318,Ashlee,Murphy,Male,2003-07-29,ashlee.murphy@outlook.com,4055331935,Chennai,Tamil Nadu,India,Silver,2022-03-24,Inactive
CUST001319,Taylor,Butler,Male,1962-09-02,taylor.butler@yahoo.com,1511288568,Singapore,Singapore,Singapore,Platinum,2024-10-13,Active
CUST001320,Shirley,Palmer,Male,1976-05-04,shirley.palmer@gmail.com,0503498685,Bengaluru,Karnataka,India,Platinum,2024-06-10,Inactive
CUST001321,Robin,Pearson,Female,2008-03-24,robin.pearson@outlook.com,8100410583,Chennai,Tamil Nadu,India,Platinum,2026-03-08,Active
CUST001322,Logan,Drake,Female,1984-01-11,logan.drake@outlook.com,1888124526,Mumbai,Maharashtra,India,Gold,2024-11-06,Active
CUST001323,Justin,Johnson,Male,1989-11-05,justin.johnson@hotmail.com,1155882240,Sydney,New South Wales,Australia,Diamond,2022-07-26,Inactive
CUST001324,Logan,Bennett,Male,1959-11-15,logan.bennett@outlook.com,6665334335,Dubai,Dubai,UAE,Silver,2024-04-28,Inactive
CUST001325,Jennifer,Lopez,Female,1955-10-29,jennifer.lopez@yahoo.com,0920545224,Hyderabad,Telangana,India,Gold,2024-10-16,Inactive
CUST001326,Michael,Chen,Female,1955-08-10,michael.chen@outlook.com,5317425861,New York,New York,United States,Silver,2024-07-18,Active
CUST001327,Nicole,Cannon,Female,1969-06-17,nicole.cannon@yahoo.com,6488755151,Sydney,New South Wales,Australia,Gold,2023-11-16,Inactive
CUST001328,Laura,Wheeler,Female,1961-11-20,laura.wheeler@outlook.com,7052466596,Hyderabad,Telangana,India,Gold,2026-03-18,Active
CUST001329,Ashley,White,Female,1999-05-21,ashley.white@outlook.com,1100694322,New York,New York,United States,Diamond,2023-02-25,Inactive
CUST001330,Brenda,Fields,Male,1986-03-30,brenda.fields@outlook.com,6554816817,Mumbai,Maharashtra,India,Gold,2023-11-12,Inactive
CUST001331,Amanda,Hall,Male,1998-09-23,amanda.hall@gmail.com,6389483014,Dubai,Dubai,UAE,Silver,2026-05-20,Inactive
CUST001332,John,Johns,Female,1984-05-23,john.johns@gmail.com,4148083989,Delhi,Delhi,India,Platinum,2024-07-06,Active
CUST001333,Brandon,Rodgers,Male,1971-12-08,brandon.rodgers@yahoo.com,2852305286,Bengaluru,Karnataka,India,Gold,2024-03-28,Inactive
CUST001334,Cynthia,Holden,Male,1958-03-02,cynthia.holden@hotmail.com,0934247406,Chennai,Tamil Nadu,India,Platinum,2023-04-08,Active
CUST001335,Benjamin,Parsons,Female,1989-06-09,benjamin.parsons@hotmail.com,7258631830,Hyderabad,Telangana,India,Diamond,2025-12-04,Active
CUST001336,Joseph,Hodges,Female,1998-06-22,joseph.hodges@yahoo.com,3845990942,Chennai,Tamil Nadu,India,Silver,2026-07-11,Inactive
CUST001337,Tara,Wagner,Male,2005-05-15,tara.wagner@yahoo.com,1811983869,London,England,United Kingdom,Gold,2021-12-03,Inactive
CUST001338,Charles,Rollins,Male,1975-01-08,charles.rollins@gmail.com,7630154515,Chennai,Tamil Nadu,India,Platinum,2024-08-07,Active
CUST001339,David,Barker,Female,1960-03-10,david.barker@hotmail.com,7540724836,London,England,United Kingdom,Silver,2024-07-07,Active
CUST001340,Lauren,Houston,Male,1993-07-19,lauren.houston@yahoo.com,3873858147,Sydney,New South Wales,Australia,Platinum,2023-06-08,Active
CUST001341,Nathaniel,Vasquez,Female,2000-12-04,nathaniel.vasquez@yahoo.com,3606648743,Hyderabad,Telangana,India,Gold,2024-11-24,Inactive
CUST001342,Willie,Meyer,Male,1982-09-10,willie.meyer@gmail.com,5038966542,Dubai,Dubai,UAE,Gold,2025-08-22,Inactive
CUST001343,Maureen,Dunlap,Female,2004-03-21,maureen.dunlap@hotmail.com,3224085039,Singapore,Singapore,Singapore,Gold,2022-04-24,Active
CUST001344,Robert,Rodriguez,Male,2001-08-06,robert.rodriguez@gmail.com,8111696964,Hyderabad,Telangana,India,Silver,2022-06-04,Active
CUST001345,Sabrina,Diaz,Male,2004-11-21,sabrina.diaz@hotmail.com,2826253162,Chennai,Tamil Nadu,India,Platinum,2023-08-28,Active
CUST001346,Linda,Brooks,Female,2001-08-16,linda.brooks@hotmail.com,0857030848,Mumbai,Maharashtra,India,Platinum,2022-11-15,Inactive
CUST001347,Michael,Wilson,Female,1972-06-26,michael.wilson@hotmail.com,3362602150,Dubai,Dubai,UAE,Platinum,2025-01-16,Inactive
CUST001348,Donald,Bridges,Male,1958-11-03,donald.bridges@hotmail.com,5642042410,Dubai ,Dubai,UAE,Silver,2022-06-29,Active
CUST001349,Savannah,Matthews,Male,1994-03-31,savannah.matthews@gmail.com,7425452358,London,England,United Kingdom,Silver,2021-07-28,Inactive
CUST001350,Lori,Ward,Female,2003-06-27,lori.ward@hotmail.com,6589445033,Sydney,New South Wales,Australia,Silver,2022-02-28,Active
CUST001351,Christine,Cummings,Male,2006-02-08,christine.cummings@outlook.com,8463297476,Singapore,Singapore,Singapore,Gold,2023-09-26,Inactive
CUST001352,Gina,Lewis,Female,2007-01-27,gina.lewis@yahoo.com,9480779629,New York,New York,United States,Gold,2024-12-06,Active
CUST001353,Robert,Martin,Male,2006-02-20,robert.martin@outlook.com,1529239331,Delhi,Delhi,India,Gold,2024-07-24,Inactive
CUST001354,Jennifer,Foster,Male,1973-12-08,jennifer.foster@outlook.com,9208669116,Dubai,Dubai,UAE,Gold,2024-12-17,Inactive
CUST001355,Anthony,Yates,Male,1979-09-13,anthony.yates@yahoo.com,6380396762,Sydney ,New South Wales,Australia,Silver,2026-01-12,Inactive
CUST001356,Michael,Jones,Male,1997-04-06,michael.jones@outlook.com,9056396394,Dubai,Dubai,UAE,Silver,2022-09-15,Inactive
CUST001357,Madison,Mcintosh,Male,1967-04-02,madison.mcintosh@outlook.com,5088594438,Chennai,Tamil Nadu,India,Diamond,2023-08-22,Inactive
CUST001358,Kristin,Gray,Female,1987-10-16,kristin.gray@gmail.com,4911606250,Dubai,Dubai,UAE,Silver,2024-05-21,Active
CUST001359,Laurie,Taylor,Male,2001-05-30,laurie.taylor@yahoo.com,9236847895,New York,New York,United States,Silver,2026-01-15,Inactive
CUST001360,Laura,Paul,Female,1999-03-21,laura.paul@hotmail.com,3426099659,Dubai,Dubai,UAE,Platinum,2023-06-09,Active
CUST001361,Jason,Stephenson,Female,1998-12-29,jason.stephenson@yahoo.com,,London,England,United Kingdom,Diamond,2024-08-30,Active
CUST001362,Samantha,Vaughn,Female,1967-12-29,samantha.vaughn@hotmail.com,2529691166,Singapore,Singapore,Singapore,Diamond,2026-01-31,Inactive
CUST001363,Karen,Deleon,Male,1966-04-25,karen.deleon@outlook.com,6830679566,Hyderabad,Telangana,India,Silver,2026-05-30,Active
CUST001364,Sonya,Roberts,Female,1996-10-25,sonya.roberts@yahoo.com,5482046504,Bengaluru,Karnataka,India,Silver,2026-05-10,Inactive
CUST001365,Crystal,Joyce,Female,1981-09-17,crystal.joyce@yahoo.com,2550080653,London,England,United Kingdom,Platinum,2025-03-16,Active
CUST001366,Valerie,Simpson,Male,1993-11-29,valerie.simpson@gmail.com,7077671322,Sydney,New South Wales,Australia,Platinum,2025-12-06,Inactive
CUST001367,Daniel,Thompson,Male,2005-04-04,daniel.thompson@yahoo.com,2604966255,Hyderabad,Telangana,India,Diamond,2024-12-03,Active
CUST001368,Debra,Barnes,Male,1981-11-25,debra.barnes@hotmail.com,6586699891,Bengaluru,Karnataka,India,Diamond,2026-01-31,Inactive
CUST001369,Samantha,Bright,Female,2004-10-05,samantha.bright@hotmail.com,0340054608,Chennai,Tamil Nadu,India,Platinum,2023-01-25,Active
CUST001370,David,Parks,Female,1964-12-03,david.parks@yahoo.com,6144338366,Sydney,New South Wales,Australia,Gold,2025-10-05,Inactive
CUST001371,Joshua,Walter,Female,1962-03-12,joshua.walter@hotmail.com,9539611292,Mumbai,Maharashtra,India,Silver,2025-01-09,Active
CUST001372,Catherine,Mitchell,Male,2007-07-14,catherine.mitchell@gmail.com,0141909658,London,England,United Kingdom,Gold,2022-01-03,Inactive
CUST001373,Kelsey,Patton,Female,1961-07-10,kelsey.patton@hotmail.com,2514794818,Sydney,New South Wales,Australia,Diamond,2025-08-01,Active
CUST001374,Emily,Curtis,Male,1972-05-10,emily.curtis@gmail.com,2021268861,New York,New York,United States,Gold,2022-11-16,Inactive
CUST001375,Sarah,Snyder,Male,1983-04-18,sarah.snyder@hotmail.com,8219634899,Delhi ,Delhi,India,Silver,2024-09-24,Inactive
CUST001376,Caitlin,Gonzalez,Female,1976-05-16,caitlin.gonzalez@yahoo.com,5497851831,New York,New York,United States,Diamond,2023-04-14,Active
CUST001377,Rodney,Tanner,Female,1989-11-22,rodney.tanner@gmail.com,1255131148,Mumbai,Maharashtra,India,Platinum,2025-05-24,Active
CUST001378,Melanie,Ware,Female,1964-01-15,melanie.ware@gmail.com,0805535343,Bengaluru,Karnataka,India,Diamond,2025-02-05,Inactive
CUST001379,Richard,Vasquez,Female,1993-05-26,richard.vasquez@gmail.com,0554619976,Bengaluru,Karnataka,India,Platinum,2022-08-14,Active
CUST001380,Jim,Robinson,Male,1962-01-13,jim.robinson@hotmail.com,6336870614,Dubai,Dubai,UAE,Diamond,2025-08-25,Active
CUST001381,Christina,Martin,Male,1994-03-31,christina.martin@yahoo.com,4034679698, Dubai,Dubai,UAE,Gold,2023-03-11,Active
CUST001382,Kathleen,Christian,Male,1962-10-26,kathleen.christian@yahoo.com,5533916854, New York,New York,United States,Gold,2021-08-01,Active
CUST001383,Nancy,Gibbs,Male,1978-06-27,nancy.gibbs@hotmail.com,2697568079,Singapore,Singapore,Singapore,Silver,2025-06-01,Active
CUST001384,Samuel,Bryan,Male,1994-05-21,samuel.bryan@yahoo.com,7117718812,Delhi,Delhi,India,Gold,2025-06-08,Active
CUST001385,Nicole,Collins,Male,1974-04-08,nicole.collins@gmail.com,1937695581, Sydney,New South Wales,Australia,Silver,2021-10-03,Active
CUST001386,Catherine,Leach,Male,1959-05-15,catherine.leach@gmail.com,2314266224,Hyderabad,Telangana,India,Silver,2022-10-28,Active
CUST001387,Katie,Petersen,Female,1960-11-07,katie.petersen@outlook.com,0399908672,Delhi,Delhi,India,Gold,2022-12-13,Inactive
CUST001388,Kyle,Marshall,Female,1975-11-13,kyle.marshall@gmail.com,8897649792,Hyderabad,Telangana,India,Gold,2025-01-28,Inactive
CUST001389,Mark,Cruz,Male,1956-11-10,mark.cruz@outlook.com,0136889447,Dubai ,Dubai,UAE,Platinum,2023-09-06,Inactive
CUST001390,Zoe,Hines,Female,1997-04-11,zoe.hines@gmail.com,0669065777,Delhi,Delhi,India,Silver,2023-12-12,Inactive
CUST001391,Chelsey,Hogan,Male,1996-05-24,chelsey.hogan@yahoo.com,1413629889,Dubai,Dubai,UAE,Silver,2023-10-31,Active
CUST001392,David,Thompson,Male,1960-09-07,david.thompson@gmail.com,3355262260,Mumbai,Maharashtra,India,Gold,2025-07-29,Active
CUST001393,Stephen,Foley,Male,1999-10-31,stephen.foley@gmail.com,0932552104,New York,New York,United States,Diamond,2025-01-16,Inactive
CUST001394,Jason,Cook,Female,1993-08-03,jason.cook@yahoo.com,0214932962,Singapore,Singapore,Singapore,Silver,2022-08-25,Inactive
CUST001395,Savannah,Little,Female,2003-06-23,savannah.little@hotmail.com,0009665224,Dubai,Dubai,UAE,Gold,2023-12-07,Inactive
CUST001396,Brandy,Lambert,Female,1988-06-25,brandy.lambert@hotmail.com,8764665487,Dubai,Dubai,UAE,Silver,2023-07-23,Active
CUST001397,John,Horton,Male,1972-01-16,john.horton@outlook.com,8587495643,Bengaluru,Karnataka,India,Diamond,2022-12-07,Active
CUST001398,Bridget,Brennan,Male,1969-02-27,bridget.brennan@hotmail.com,4460208677,Hyderabad,Telangana,India,Silver,2026-04-11,Inactive
CUST001399,Jeffery,Lambert,Female,1968-05-10,jeffery.lambert@outlook.com,7413472572,Hyderabad,Telangana,India,Diamond,2026-07-01,Active
CUST001400,Tyrone,Campbell,Female,2000-06-10,tyrone.campbell@outlook.com,7061238913,Hyderabad,Telangana,India,Diamond,2025-09-17,Active
CUST001401,Robert,Martin,Male,1991-02-26,robert.martin@gmail.com,9828706253,Sydney,New South Wales,Australia,Gold,2022-10-02,Inactive
CUST001402,Laura,Ramos,Male,2001-03-24,laura.ramos@hotmail.com,0082464567,Dubai,Dubai,UAE,Gold,2024-01-17,Active
CUST001403,Raymond,Nguyen,Male,1968-11-23,raymond.nguyen@yahoo.com,6009014257,Singapore,Singapore,Singapore,Silver,2024-01-04,Active
CUST001404,April,Rose,Female,1982-07-23,april.rose@hotmail.com,6238948320,Mumbai,Maharashtra,India,Silver,2022-12-16,Active
CUST001405,Laura,Dickerson,Female,1972-10-10,laura.dickerson@yahoo.com,9921636916,Hyderabad,Telangana,India,Silver,2023-07-09,Inactive
CUST001406,John,Ferrell,Male,1978-08-12,john.ferrell@hotmail.com,,Singapore,Singapore,Singapore,Silver,2023-06-13,Inactive
CUST001407,Debbie,Madden,Female,1998-10-07,debbie.madden@outlook.com,8974439159,Hyderabad,Telangana,India,Platinum,2022-03-01,Inactive
CUST001408,Desiree,Myers,Female,1964-06-10,desiree.myers@gmail.com,6919014718,New York,New York,United States,Diamond,2025-07-29,Active
CUST001409,Richard,Stout,Male,1977-09-03,###@gmail.com,8635502574,Mumbai,Maharashtra,India,Silver,2025-01-26,Inactive
CUST001410,Alexander,Harris,Female,1971-09-01,alexander.harris@yahoo.com,6686257830,Sydney,New South Wales,Australia,Platinum,2026-01-04,Inactive
CUST001411,Kevin,Dickerson,Female,1975-12-05,kevin.dickerson@outlook.com,8145026802,Dubai,Dubai,UAE,Diamond,2023-09-11,Inactive
CUST001412,Eric,Anderson,Male,1962-05-29,eric.anderson@gmail.com,,Delhi,Delhi,India,Gold,2025-12-21,Inactive
CUST001413,Alexandra,Briggs,Male,1993-09-02,alexandra.briggs@yahoo.com,8398068044,Dubai,Dubai,UAE,Platinum,2023-07-08,Inactive
CUST001414,Crystal,Kelley,Male,1987-04-17,crystal.kelley@gmail.com,5459651827,Singapore,Singapore,Singapore,Gold,2025-03-30,Inactive
CUST001415,Victoria,Ryan,Male,1979-02-03,victoria.ryan@outlook.com,5449947136,Singapore,Singapore,Singapore,Gold,2023-01-15,Inactive
CUST001416,John,Herrera,Male,2008-03-30,john.herrera@hotmail.com,1746551027,London,England,United Kingdom,Gold,2025-01-17,Active
CUST001417,Holly,Huang,Male,1962-11-14,holly.huang@yahoo.com,1509424541,Hyderabad,Telangana,India,Silver,2023-08-08,Active
CUST001418,Joseph,Perez,Male,1981-05-29,joseph.perez@hotmail.com,5841983440,New York,New York,United States,Silver,2023-11-01,Active
CUST001419,Jill,Smith,Male,1966-03-11,jill.smith@hotmail.com,6263935526,BENGALURU ,Karnataka,India,Platinum,2022-03-02,Inactive
CUST001420,Elizabeth,Sanchez,Female,1962-03-07,elizabeth.sanchez@hotmail.com,5353627134,Hyderabad,Telangana,India,Platinum,2025-05-04,Inactive
CUST001421,Patty,Turner,Male,1980-11-18,patty.turner@outlook.com,3306712453,Chennai,Tamil Nadu,India,Diamond,2022-09-29,Active
CUST001422,Jamie,Powell,Male,1988-09-22,jamie.powell@yahoo.com,9703369592,Singapore,Singapore,Singapore,Silver,2023-04-16,Active
CUST001423,Valerie,Anthony,Male,1985-03-27,valerie.anthony@hotmail.com,6970803435,Sydney,New South Wales,Australia,Diamond,2021-11-03,Active
CUST001424,Olivia,Sutton,Male,1999-04-02,olivia.sutton@outlook.com,9683658611,Singapore,Singapore,Singapore,Gold,2026-05-15,Active
CUST001425,James,Soto,Male,1973-12-07,james.soto@hotmail.com,9091523352,Mumbai,Maharashtra,India,Silver,2025-09-22,Inactive
CUST001426,Karen,Rogers,Female,1986-10-18,karen.rogers@outlook.com,7591532200,London,England,United Kingdom,Platinum,2026-02-07,Inactive
CUST001427,Joy,Young,Female,1956-03-11,abc@,1211100535,Singapore,Singapore,Singapore,Silver,2022-09-19,Active
CUST001428,Mike,Weiss,Female,1974-01-06,mike.weiss@outlook.com,5786822782,Singapore,Singapore,Singapore,Diamond,2024-02-28,Active
CUST001429,Hannah,Sanders,Female,1994-04-02,hannah.sanders@hotmail.com,1625178874,New York ,New York,United States,Gold,2024-02-16,Active
CUST001430,Ronald,Thompson,Male,1979-02-13,ronald.thompson@gmail.com,6160808364,Chennai,Tamil Nadu,India,Silver,2022-05-25,Active
CUST001431,Tyler,Casey,Female,1961-03-29,tyler.casey@hotmail.com,7378448714,New York,New York,United States,Gold,2025-08-30,Active
CUST001432,April,Wright,Female,1993-06-19,april.wright@outlook.com,3732794445,Bengaluru,Karnataka,India,Diamond,2021-10-26,Active
CUST001433,Jennifer,Mccormick,Male,1979-01-17,jennifer.mccormick@yahoo.com,1086819124,Mumbai,Maharashtra,India,Gold,2025-01-15,Active
CUST001434,Phillip,Rowland,Male,1966-04-04,phillip.rowland@gmail.com,4795509407,London,England,United Kingdom,Silver,2025-11-01,Active
CUST001435,Rebecca,Collins,Male,1977-08-27,###@gmail.com,6819144970,London,England,United Kingdom,Platinum,2023-11-13,Inactive
CUST001436,Carlos,Silva,Female,1974-04-11,carlos.silva@hotmail.com,6021576833,Mumbai,Maharashtra,India,Gold,2026-03-15,Active
CUST001437,Christopher,Anthony,Female,1981-10-23,christopher.anthony@outlook.com,0265387690,Singapore,Singapore,Singapore,Gold,2025-10-15,Inactive
CUST001438,Abigail,Castillo,Female,1957-01-02,abigail.castillo@yahoo.com,5823487840,Dubai,Dubai,UAE,Gold,2023-10-31,Active
CUST001439,Michael,Carlson,Female,1977-01-23,michael.carlson@outlook.com,7597073185,Delhi,Delhi,India,Silver,2024-08-31,Inactive
CUST001440,Patricia,Leon,Female,1979-11-10,gmail.com,3017483951,Hyderabad,Telangana,India,Platinum,2022-11-19,Active
CUST001441,Danielle,Powell,Female,2005-06-23,danielle.powell@gmail.com,1769482910,Hyderabad,Telangana,India,Gold,2025-01-28,Inactive
CUST001442,Lisa,Pitts,Male,1990-07-21,lisa.pitts@hotmail.com,0402056775,Delhi,Delhi,India,Platinum,2022-10-07,Inactive
CUST001443,Mary,Marquez,Male,1967-04-07,mary.marquez@yahoo.com,6648577852,New York,New York,United States,Diamond,2026-01-18,Inactive
CUST001444,Adam,Jimenez,Male,1992-03-10,adam.jimenez@yahoo.com,2661479429, Chennai,Tamil Nadu,India,Platinum,2022-12-10,Active
CUST001445,Amy,Lopez,Female,1979-11-28,amy.lopez@gmail.com,9430852439,Dubai,Dubai,UAE,Platinum,2025-04-10,Active
CUST001446,Stephen,Perkins,Male,1987-06-05,stephen.perkins@outlook.com,9867073665,Singapore,Singapore,Singapore,Platinum,2024-02-08,Active
CUST001447,Carol,Sherman,Male,1998-08-23,carol.sherman@outlook.com,6987975623,Singapore,Singapore,Singapore,Platinum,2024-01-09,Active
CUST001448,Shane,Blanchard,Female,1972-08-05,shane.blanchard@hotmail.com,2187273947,London,England,United Kingdom,Diamond,2024-12-24,Inactive
CUST001449,Rachel,Adkins,Male,1986-01-10,rachel.adkins@hotmail.com,2080889962,Hyderabad,Telangana,India,Gold,2024-09-12,Active
CUST001450,Mary,Howell,Male,1989-08-21,mary.howell@gmail.com,2538621824,Chennai,Tamil Nadu,India,Platinum,2022-12-11,Inactive
CUST001451,Riley,Howard,Male,2007-04-25,riley.howard@gmail.com,1281676202,Dubai,Dubai,UAE,Gold,2025-12-25,Active
CUST001452,Peter,Davis,Female,1957-12-05,peter.davis@hotmail.com,9258508078,London,England,United Kingdom,Diamond,2025-08-21,Inactive
CUST001453,Jill,Hunt,Female,1966-04-20,jill.hunt@hotmail.com,7614745606,Hyderabad,Telangana,India,Silver,2022-11-25,Active
CUST001454,Zachary,Rodriguez,Female,1979-10-17,zachary.rodriguez@gmail.com,3763047153,Singapore,Singapore,Singapore,Diamond,2024-06-11,Inactive
CUST001455,Katie,Ortiz,Male,2000-04-23,katie.ortiz@gmail.com,0851907810,New York,New York,United States,Silver,2024-02-10,Active
CUST001456,Randy,Hawkins,Female,1984-09-21,randy.hawkins@gmail.com,0601650519,Dubai,Dubai,UAE,Diamond,2025-09-04,Inactive
CUST001457,Kayla,Thomas,Male,1999-03-03,kayla.thomas@yahoo.com,2524400476,London,England,United Kingdom,Platinum,2023-01-18,Inactive
CUST001458,Samuel,Olson,Female,1955-08-03,samuel.olson@hotmail.com,9590069074,New York,New York,United States,Diamond,2026-01-02,Inactive
CUST001459,Sydney,Pope,Male,1962-08-25,sydney.pope@hotmail.com,6866190055,New York,New York,United States,Platinum,2023-11-10,Active
CUST001460,Abigail,Waters,Male,1981-05-27,abigail.waters@hotmail.com,3327137442,Delhi,Delhi,India,Platinum,2022-01-14,Inactive
CUST001461,Justin,Anderson,Male,2001-08-28,,0749927699,Singapore,Singapore,Singapore,Diamond,2025-12-31,Inactive
CUST001462,Ana,Dunn,Male,1980-10-25,ana.dunn@yahoo.com,5564632893,New York,New York,United States,Silver,2022-03-06,Inactive
CUST001463,Brandon,Ellis,Female,2001-05-01,brandon.ellis@hotmail.com,1462624908,Chennai,Tamil Nadu,India,Diamond,2023-06-14,Inactive
CUST001464,Dan,Bell,Male,1988-03-14,dan.bell@yahoo.com,9974320357,Delhi,Delhi,India,Silver,2023-06-13,Inactive
CUST001465,James,Lloyd,Male,1957-02-04,,9069025111,London,England,United Kingdom,Gold,2026-04-01,Active
CUST001466,Christopher,Chavez,Female,1978-12-30,christopher.chavez@outlook.com,3860700334,London,England,United Kingdom,Diamond,2026-03-02,Active
CUST001467,Sean,Kerr,Female,1963-06-11,sean.kerr@yahoo.com,1856710006,Bengaluru,Karnataka,India,Gold,2022-10-05,Active
CUST001468,Wendy,Ford,Female,1964-08-26,wendy.ford@gmail.com,9329882926,SINGAPORE,Singapore,Singapore,Diamond,2023-12-12,Inactive
CUST001469,Anna,Patterson,Male,1976-02-23,anna.patterson@gmail.com,0468529343,Dubai,Dubai,UAE,Platinum,2023-08-10,Inactive
CUST001470,Jill,Martinez,Male,1993-11-02,john@gmail,4369034807,Sydney,New South Wales,Australia,Platinum,2023-10-28,Active
CUST001471,Cody,Arellano,Female,1997-12-20,cody.arellano@hotmail.com,9091612341,Mumbai,Maharashtra,India,Gold,2021-09-01,Active
CUST001472,Michael,Mendoza,Male,1976-04-09,michael.mendoza@outlook.com,3544207203,Sydney,New South Wales,Australia,Diamond,2026-03-17,Active
CUST001473,Kyle,Rodriguez,Female,1990-07-21,kyle.rodriguez@hotmail.com,9462594409,Bengaluru,Karnataka,India,Platinum,2023-06-04,Active
CUST001474,Stacey,Brown,Female,1961-11-26,stacey.brown@gmail.com,0298501652,Bengaluru,Karnataka,India,Platinum,2021-12-14,Active
CUST001475,Michael,Foster,Female,2002-02-21,abc@,8645776503,Delhi,Delhi,India,Diamond,2026-02-28,Inactive
CUST001476,Scott,Simpson,Male,1955-10-24,scott.simpson@gmail.com,8121386215,Singapore,Singapore,Singapore,Platinum,2022-10-20,Inactive
CUST001477,Jessica,Daniels,Female,1989-12-08,jessica.daniels@outlook.com,3063191746,Chennai,Tamil Nadu,India,Platinum,2023-12-29,Active
CUST001478,Kaitlyn,Roberts,Male,1993-05-30,kaitlyn.roberts@yahoo.com,2186318920,Bengaluru,Karnataka,India,Platinum,2022-11-23,Inactive
CUST001479,Stephanie,Reed,Male,1980-04-25,stephanie.reed@outlook.com,3417531434,Dubai,Dubai,UAE,Silver,2025-02-05,Inactive
CUST001480,Kelly,Collins,Female,1997-05-27,kelly.collins@yahoo.com,2833204101,Mumbai,Maharashtra,India,Diamond,2026-01-31,Inactive
CUST001481,Penny,Jones,Female,1958-09-23,penny.jones@hotmail.com,6381108253,New York ,New York,United States,Diamond,2025-09-24,Inactive
CUST001482,Shelby,Hernandez,Male,1968-02-04,shelby.hernandez@gmail.com,2138994895,Hyderabad,Telangana,India,Silver,2025-10-17,Active
CUST001483,Kathryn,Hopkins,Male,1962-01-03,kathryn.hopkins@outlook.com,8423037917,New York,New York,United States,Gold,2022-04-18,Inactive
CUST001484,Adam,Dennis,Male,1973-06-02,adam.dennis@hotmail.com,6129200776,Chennai,Tamil Nadu,India,Diamond,2023-06-04,Active
CUST001485,Candice,Barnes,Male,1998-05-15,candice.barnes@gmail.com,4746862842,Dubai,Dubai,UAE,Silver,2023-01-03,Active
CUST001486,Aaron,Herrera,Male,1999-03-17,aaron.herrera@hotmail.com,2379032067,New York,New York,United States,Silver,2022-10-02,Active
CUST001487,Aimee,Erickson,Female,1984-09-14,aimee.erickson@gmail.com,3850570099,London,England,United Kingdom,Silver,2023-08-01,Active
CUST001488,Tyler,Camacho,Female,2006-07-06,tyler.camacho@gmail.com,9335659115,Hyderabad,Telangana,India,Gold,2025-04-05,Active
CUST001489,James,Hayden,Male,1968-09-01,james.hayden@gmail.com,4304683179,Dubai,Dubai,UAE,Silver,2025-11-01,Active
CUST001490,Donald,Goodman,Male,1982-05-22,donald.goodman@hotmail.com,9436467586,Mumbai,Maharashtra,India,Platinum,2024-06-12,Active
CUST001491,Michael,Good,Male,1998-01-08,abc@,3969919060,Chennai,Tamil Nadu,India,Silver,2026-02-02,Active
CUST001492,Blake,Grant,Female,1983-09-11,blake.grant@gmail.com,6793738863,London,England,United Kingdom,Diamond,2025-09-25,Active
CUST001493,Robert,Scott,Male,1970-07-15,robert.scott@gmail.com,7046949748,New York,New York,United States,Platinum,2023-01-16,Active
CUST001494,Kathleen,Jenkins,Male,2000-07-19,kathleen.jenkins@hotmail.com,3886823185,New York,New York,United States,Diamond,2022-06-24,Active
CUST001495,Robert,Peterson,Female,1975-06-27,robert.peterson@yahoo.com,9763904760,Bengaluru,Karnataka,India,Platinum,2023-06-15,Active
CUST001496,Jesse,Lamb,Female,1977-04-23,jesse.lamb@outlook.com,2906208118,Hyderabad,Telangana,India,Gold,2025-02-25,Inactive
CUST001497,Jennifer,Rojas,Female,1987-08-15,jennifer.rojas@gmail.com,3723480023,Hyderabad,Telangana,India,Diamond,2022-10-04,Inactive
CUST001498,James,Graham,Female,1989-07-29,james.graham@outlook.com,5406301647,Delhi,Delhi,India,Gold,2021-09-26,Inactive
CUST001499,Zachary,Dean,Male,1956-09-01,zachary.dean@hotmail.com,9114685583,Dubai,Dubai,UAE,Silver,2024-01-15,Active
CUST001500,Richard,Curry,Female,1966-11-11,richard.curry@outlook.com,2620072589,Singapore,Singapore,Singapore,Gold,2024-10-29,Inactive
CUST001501,Andrew,Wilson,Male,2002-09-01,andrew.wilson@yahoo.com,,Bengaluru,Karnataka,India,Platinum,2024-05-21,Inactive
CUST001502,Holly,Ward,Female,1979-07-31,holly.ward@hotmail.com,5435723242,Hyderabad,Telangana,India,Gold,2023-06-20,Active
CUST001503,Ryan,Jensen,Male,1956-04-27,ryan.jensen@yahoo.com,5320200266,Delhi,Delhi,India,Silver,2025-06-30,Inactive
CUST001504,Jason,Jones,Male,1959-07-17,jason.jones@outlook.com,7874446015,New York,New York,United States,Diamond,2025-06-06,Inactive
CUST001505,Laura,Holt,Female,1999-02-25,laura.holt@gmail.com,8085814043,Mumbai,Maharashtra,India,Gold,2022-03-23,Active
CUST001506,Jesse,Herrera,Male,1956-06-07,jesse.herrera@yahoo.com,0844059768,Singapore,Singapore,Singapore,Gold,2024-03-11,Active
CUST001507,Paula,Hill,Female,1973-02-16,paula.hill@hotmail.com,4118862868,London,England,United Kingdom,Diamond,2023-04-12,Inactive
CUST001508,Sherri,Smith,Male,2003-09-21,sherri.smith@hotmail.com,3718410309,Sydney,New South Wales,Australia,Silver,2023-03-31,Inactive
CUST001509,Kari,Thornton,Male,1992-04-01,kari.thornton@hotmail.com,6885170458,Chennai,Tamil Nadu,India,Silver,2024-04-03,Inactive
CUST001510,Leslie,Wade,Male,2001-11-25,leslie.wade@gmail.com,2504715314,Sydney,New South Wales,Australia,Silver,2024-07-14,Active
CUST001511,Shane,Ramirez,Male,1979-03-31,shane.ramirez@hotmail.com,2402602591,Hyderabad,Telangana,India,Silver,2025-08-30,Inactive
CUST001512,Sherry,Phillips,Female,1955-09-11,sherry.phillips@outlook.com,0319243514,New York,New York,United States,Silver,2023-08-14,Active
CUST001513,Kimberly,Holloway,Male,1963-09-23,kimberly.holloway@gmail.com,7680357523,Delhi,Delhi,India,Diamond,2024-10-22,Active
CUST001514,Melissa,Freeman,Female,2001-10-01,melissa.freeman@yahoo.com,1034061995,Bengaluru,Karnataka,India,Silver,2025-11-25,Inactive
CUST001515,Carlos,Campos,Female,1989-09-27,carlos.campos@outlook.com,7872773395,London,England,United Kingdom,Gold,2025-03-11,Active
CUST001516,Bryan,Mccarthy,Male,2007-02-05,bryan.mccarthy@yahoo.com,9353462503,Singapore,Singapore,Singapore,Diamond,2024-11-03,Active
CUST001517,Nina,Taylor,Male,1980-04-05,nina.taylor@yahoo.com,6714939223,Chennai,Tamil Nadu,India,Diamond,2021-07-28,Inactive
CUST001518,Joann,Pearson,Female,1993-11-21,joann.pearson@yahoo.com,0639587023,Chennai,Tamil Nadu,India,Gold,2021-11-20,Inactive
CUST001519,Carol,Greene,Male,1984-03-25,carol.greene@outlook.com,4927410200,Bengaluru,Karnataka,India,Platinum,2024-09-05,Active
CUST001520,Joseph,Harding,Male,1967-01-25,joseph.harding@hotmail.com,7345275092,Delhi,Delhi,India,Silver,2024-05-24,Active
CUST001521,Scott,Lester,Female,1989-05-19,scott.lester@outlook.com,1829070644,Chennai,Tamil Nadu,India,Platinum,2025-02-14,Active
CUST001522,Jonathan,Norman,Female,1955-08-09,jonathan.norman@yahoo.com,8852326324,Dubai,Dubai,UAE,Gold,2021-10-08,Inactive
CUST001523,Michael,Bentley,Male,1983-06-27,michael.bentley@gmail.com,3393806088,Delhi,Delhi,India,Gold,2024-05-28,Active
CUST001524,Tyler,Mills,Male,1973-03-26,tyler.mills@yahoo.com,2195462524,Hyderabad,Telangana,India,Silver,2026-03-07,Inactive
CUST001525,Wendy,Ponce,Male,2003-04-09,wendy.ponce@yahoo.com,3127111291,Sydney,New South Wales,Australia,Platinum,2021-11-03,Active
CUST001526,Leslie,James,Male,1958-11-21,leslie.james@yahoo.com,7823137127,Sydney,New South Wales,Australia,Diamond,2025-08-19,Inactive
CUST001527,Amanda,Adams,Male,1991-07-09,amanda.adams@hotmail.com,3605244600,London,England,United Kingdom,Platinum,2025-03-10,Inactive
CUST001528,Jennifer,Sanders,Male,1980-10-12,jennifer.sanders@gmail.com,3897442960,Hyderabad,Telangana,India,Gold,2026-05-16,Active
CUST001529,Paul,Williams,Female,1980-10-06,paul.williams@hotmail.com,6440780868,Singapore,Singapore,Singapore,Gold,2024-09-13,Inactive
CUST001530,Rebecca,Nolan,Female,1990-11-13,rebecca.nolan@outlook.com,8744997372,Bengaluru,Karnataka,India,Silver,2024-09-21,Active
CUST001531,Matthew,Johnson,Male,1956-09-12,matthew.johnson@outlook.com,7399565560,Bengaluru,Karnataka,India,Diamond,2023-01-27,Active
CUST001532,Mary,Bennett,Male,1971-03-15,mary.bennett@outlook.com,9556670996,Sydney,New South Wales,Australia,Platinum,2021-10-09,Inactive
CUST001533,Amy,Clark,Male,1965-03-17,amy.clark@hotmail.com,1550792163,Sydney,New South Wales,Australia,Gold,2024-08-02,Active
CUST001534,Tonya,Hernandez,Female,1965-05-12,tonya.hernandez@yahoo.com,1244795599,Delhi,Delhi,India,Diamond,2022-12-28,Inactive
CUST001535,Shelby,Hernandez,Female,1987-08-04,shelby.hernandez@yahoo.com,5905179883,Mumbai,Maharashtra,India,Platinum,2026-07-12,Active
CUST001536,Catherine,Taylor,Male,1983-11-22,catherine.taylor@gmail.com,9506601135,Sydney,New South Wales,Australia,Platinum,2025-01-09,Active
CUST001537,Carlos,Robinson,Female,2000-01-19,carlos.robinson@hotmail.com,8102236981,London,England,United Kingdom,Diamond,2023-05-13,Active
CUST001538,Bryan,Ryan,Female,1976-02-29,bryan.ryan@outlook.com,2344435140,Dubai,Dubai,UAE,Gold,2023-04-26,Inactive
CUST001539,Shane,Campbell,Male,2006-04-14,shane.campbell@hotmail.com,0908535159,Dubai,Dubai,UAE,Diamond,2023-06-09,Inactive
CUST001540,Allison,Walker,Female,1971-03-19,allison.walker@outlook.com,1664619744,Delhi,Delhi,India,Diamond,2024-03-19,Inactive
CUST001541,Joshua,Miller,Male,1968-05-26,joshua.miller@outlook.com,9213941579,Chennai,Tamil Nadu,India,Platinum,2022-02-22,Active
CUST001542,Sabrina,Holder,Male,1962-02-15,sabrina.holder@yahoo.com,0727025116,Dubai,Dubai,UAE,Gold,2025-01-28,Inactive
CUST001543,Ryan,Davis,Male,1956-03-24,ryan.davis@hotmail.com,0444680339,Bengaluru,Karnataka,India,Gold,2022-11-25,Active
CUST001544,Marissa,Smith,Female,1976-01-25,marissa.smith@yahoo.com,5547554942,Mumbai,Maharashtra,India,Gold,2022-12-11,Inactive
CUST001545,Elizabeth,Ford,Male,2001-02-09,elizabeth.ford@hotmail.com,6076498364,Chennai,Tamil Nadu,India,Platinum,2025-11-18,Inactive
CUST001546,John,Anderson,Male,1985-11-12,john.anderson@outlook.com,6128183755,Delhi,Delhi,India,Diamond,2023-01-03,Active
CUST001547,Debbie,Martinez,Male,1985-09-06,debbie.martinez@hotmail.com,2023961400,Hyderabad,Telangana,India,Diamond,2024-03-17,Inactive
CUST001548,James,Wolf,Female,1976-09-16,james.wolf@outlook.com,6092637359,Sydney,New South Wales,Australia,Platinum,2024-06-23,Active
CUST001549,Jessica,Flores,Female,1997-03-18,jessica.flores@yahoo.com,3501361264,Singapore,Singapore,Singapore,Platinum,2024-10-22,Active
CUST001550,Jessica,Navarro,Male,1963-09-30,jessica.navarro@outlook.com,6957807026,Chennai,Tamil Nadu,India,Silver,2025-02-06,Inactive
CUST001551,Melissa,Gonzales,Male,1969-11-23,melissa.gonzales@outlook.com,3165666025,Mumbai,Maharashtra,India,Gold,2023-01-14,Inactive
CUST001552,Darlene,Mccann,Male,1993-03-29,darlene.mccann@yahoo.com,6237627333,SYDNEY,New South Wales,Australia,Platinum,2025-11-09,Active
CUST001553,Michelle,Williams,Female,1972-09-21,michelle.williams@yahoo.com,2784304606,Delhi,Delhi,India,Gold,2024-05-22,Active
CUST001554,Kimberly,Perry,Male,1971-03-09,kimberly.perry@yahoo.com,6208784685,Chennai ,Tamil Nadu,India,Platinum,2022-01-02,Active
CUST001555,Kenneth,Williams,Female,1970-03-19,kenneth.williams@gmail.com,1874845619,Delhi,Delhi,India,Diamond,2026-05-07,Active
CUST001556,Margaret,Tucker,Male,1956-08-17,margaret.tucker@outlook.com,8121307382,Hyderabad,Telangana,India,Silver,2023-06-16,Active
CUST001557,Michael,Johnson,Female,1966-06-14,michael.johnson@yahoo.com,6999173507,London,England,United Kingdom,Silver,2025-01-26,Active
CUST001558,Jackson,Fields,Female,1961-05-25,jackson.fields@outlook.com,,Chennai,Tamil Nadu,India,Silver,2024-08-17,Active
CUST001559,Victor,Ramsey,Female,1963-06-02,victor.ramsey@gmail.com,9094900049,Mumbai,Maharashtra,India,Gold,2024-08-31,Active
CUST001560,Danielle,Pace,Female,1998-12-06,danielle.pace@gmail.com,7380851165,Dubai,Dubai,UAE,Gold,2025-10-01,Active
CUST001561,Joshua,Wallace,Female,1989-05-20,joshua.wallace@outlook.com,4762077399,New York,New York,United States,Platinum,2022-07-07,Active
CUST001562,Patricia,Roberts,Female,1994-07-03,patricia.roberts@hotmail.com,5307102449,Singapore,Singapore,Singapore,Silver,2025-07-17,Inactive
CUST001563,Michael,Bryant,Female,1957-10-24,michael.bryant@outlook.com,7461796765,Singapore,Singapore,Singapore,Diamond,2026-02-24,Active
CUST001564,Shelby,Lawson,Male,1958-12-02,shelby.lawson@yahoo.com,8031920277,New York,New York,United States,Gold,2025-12-06,Active
CUST001565,Alexandra,Davis,Female,1957-08-06,alexandra.davis@outlook.com,6330820358,Hyderabad,Telangana,India,Platinum,2022-09-02,Active
CUST001566,Alan,Hernandez,Male,1982-10-10,alan.hernandez@outlook.com,2739963871, London,England,United Kingdom,Silver,2022-04-18,Active
CUST001567,Jessica,Cole,Male,1986-10-29,jessica.cole@hotmail.com,4550534091,Mumbai ,Maharashtra,India,Diamond,2025-03-22,Active
CUST001568,Steven,Landry,Female,1983-10-10,steven.landry@outlook.com,7997557593,London,England,United Kingdom,Diamond,2023-11-24,Inactive
CUST001569,Adrian,Lopez,Female,2000-05-30,adrian.lopez@yahoo.com,2510922807,Mumbai,Maharashtra,India,Silver,2024-10-02,Active
CUST001570,Maria,White,Male,1974-02-22,maria.white@outlook.com,7282611399,Bengaluru,Karnataka,India,Gold,2022-02-27,Inactive
CUST001571,Tammy,George,Male,1957-02-24,tammy.george@gmail.com,7486161430,Hyderabad,Telangana,India,Gold,2023-08-20,Active
CUST001572,Stacy,Brewer,Male,1979-09-20,stacy.brewer@gmail.com,4839672844,New York,New York,United States,Silver,2021-12-25,Inactive
CUST001573,Michael,Schwartz,Female,1981-12-25,michael.schwartz@yahoo.com,4901624965,Bengaluru,Karnataka,India,Silver,2022-01-22,Active
CUST001574,Melissa,Nunez,Female,2001-12-22,melissa.nunez@outlook.com,4417594075,Hyderabad,Telangana,India,Silver,2022-10-16,Active
CUST001575,Joshua,Castillo,Male,1982-05-16,joshua.castillo@hotmail.com,3239422449,London,England,United Kingdom,Diamond,2026-06-13,Active
CUST001576,Jane,Hendrix,Female,1981-07-07,jane.hendrix@yahoo.com,6519369910,Sydney,New South Wales,Australia,Diamond,2025-11-19,Active
CUST001577,Lance,Rodriguez,Male,1983-02-18,lance.rodriguez@gmail.com,4291989036,Hyderabad,Telangana,India,Diamond,2022-04-04,Active
CUST001578,Joseph,Kennedy,Male,1965-09-29,joseph.kennedy@outlook.com,4733179182,Chennai,Tamil Nadu,India,Diamond,2021-12-07,Inactive
CUST001579,Gary,Reyes,Male,1990-11-10,gary.reyes@gmail.com,4908949814,Chennai,Tamil Nadu,India,Diamond,2026-07-08,Active
CUST001580,Mason,Hartman,Female,1997-10-10,mason.hartman@yahoo.com,8844835535,Singapore,Singapore,Singapore,Gold,2025-08-04,Inactive
CUST001581,Kevin,Bryant,Female,1987-07-30,kevin.bryant@outlook.com,6156125368,Hyderabad,Telangana,India,Silver,2023-10-14,Active
CUST001582,John,Turner,Female,2008-03-25,john.turner@hotmail.com,2404965739,Delhi,Delhi,India,Diamond,2022-09-17,Inactive
CUST001583,Melissa,Buchanan,Female,1963-11-19,melissa.buchanan@gmail.com,7322989651,Hyderabad,Telangana,India,Platinum,2021-08-04,Active
CUST001584,Margaret,Reyes,Male,1969-08-02,margaret.reyes@outlook.com,0274763704,Delhi,Delhi,India,Platinum,2024-07-26,Inactive
CUST001585,Suzanne,Thornton,Female,1963-10-05,suzanne.thornton@hotmail.com,4858715601,Singapore,Singapore,Singapore,Platinum,2024-01-14,Active
CUST001586,Eric,Smith,Female,1971-10-29,eric.smith@outlook.com,8677725146,Mumbai,Maharashtra,India,Gold,2023-08-21,Active
CUST001587,William,Castillo,Male,1958-03-06,william.castillo@hotmail.com,9404989490,Hyderabad,Telangana,India,Platinum,2023-02-21,Active
CUST001588,Nancy,Kim,Female,1958-12-28,nancy.kim@outlook.com,3712921321,Hyderabad,Telangana,India,Platinum,2022-05-07,Active
CUST001589,Jackie,George,Female,1970-07-29,,6052481239,Chennai,Tamil Nadu,India,Gold,2023-04-11,Inactive
CUST001590,Willie,Mendez,Female,1982-10-14,willie.mendez@gmail.com,1775942966,New York,New York,United States,Diamond,2023-09-06,Inactive
CUST001591,Richard,Lewis,Female,1990-05-05,richard.lewis@yahoo.com,8024167025,Hyderabad,Telangana,India,Gold,2024-05-16,Active
CUST001592,Jerome,Lopez,Male,1972-09-17,jerome.lopez@gmail.com,2027708506,Sydney,New South Wales,Australia,Silver,2022-09-14,Active
CUST001593,Heather,Salazar,Male,1985-06-19,heather.salazar@outlook.com,3101901016,Bengaluru,Karnataka,India,Silver,2025-03-09,Active
CUST001594,Danielle,Hubbard,Female,1973-11-21,danielle.hubbard@outlook.com,6624790236,New York,New York,United States,Gold,2024-10-18,Inactive
CUST001595,Samuel,Meadows,Female,1991-11-29,samuel.meadows@yahoo.com,3128252064,Mumbai,Maharashtra,India,Gold,2021-12-02,Active
CUST001596,Ronald,Fisher,Female,2000-07-30,ronald.fisher@yahoo.com,0255658463,Hyderabad,Telangana,India,Diamond,2024-02-04,Active
CUST001597,Monica,Lambert,Male,1995-12-28,monica.lambert@gmail.com,8213654976,Bengaluru,Karnataka,India,Gold,2021-08-30,Inactive
CUST001598,Daniel,Ferguson,Male,1958-04-10,daniel.ferguson@outlook.com,3675130993,Mumbai,Maharashtra,India,Diamond,2023-01-31,Active
CUST001599,Jonathan,Brown,Male,1959-12-20,jonathan.brown@hotmail.com,0034086501,Chennai,Tamil Nadu,India,Gold,2022-03-28,Inactive
CUST001600,Brian,Thomas,Male,1977-09-02,brian.thomas@outlook.com,4690956990,London,England,United Kingdom,Gold,2024-04-30,Active
CUST001601,Ricky,Malone,Female,1996-07-12,ricky.malone@yahoo.com,9966503086,Bengaluru,Karnataka,India,Silver,2025-09-03,Active
CUST001602,Thomas,Smith,Male,1968-02-10,thomas.smith@gmail.com,0298653710,London,England,United Kingdom,Platinum,2026-07-26,Inactive
CUST001603,Todd,Sanford,Male,1995-11-16,@gmail.com,3428227869,Delhi,Delhi,India,Platinum,2022-08-08,Inactive
CUST001604,Michael,Walters,Male,1994-09-16,michael.walters@hotmail.com,3436571576,Chennai,Tamil Nadu,India,Silver,2025-05-26,Active
CUST001605,Steven,Neal,Female,1977-05-24,steven.neal@gmail.com,4821116827,Mumbai,Maharashtra,India,Diamond,2024-05-13,Inactive
CUST001606,Vanessa,Davila,Male,1994-07-22,vanessa.davila@gmail.com,3911504257,Delhi,Delhi,India,Silver,2022-07-21,Inactive
CUST001607,Priscilla,Montoya,Female,1996-05-20,priscilla.montoya@outlook.com,0951699372,BENGALURU,Karnataka,India,Gold,2024-10-31,Active
CUST001608,Brian,Miller,Male,1982-06-24,brian.miller@yahoo.com,8747509902,Dubai,Dubai,UAE,Silver,2022-07-21,Active
CUST001609,Laura,Baldwin,Male,1996-07-23,laura.baldwin@yahoo.com,2152299012,Sydney,New South Wales,Australia,Silver,2023-08-09,Inactive
CUST001610,Larry,Nixon,Male,1999-09-10,,2485160149,Mumbai,Maharashtra,India,Gold,2022-01-18,Inactive
CUST001611,Bryan,Harding,Male,1965-12-21,bryan.harding@gmail.com,7640597743,Dubai,Dubai,UAE,Platinum,2021-08-09,Active
CUST001612,Andrea,Howard,Male,1988-04-30,andrea.howard@outlook.com,9798672611,Delhi,Delhi,India,Silver,2021-10-16,Active
CUST001613,Billy,Gray,Male,1971-05-25,billy.gray@yahoo.com,9848172252,Bengaluru,Karnataka,India,Platinum,2022-01-13,Inactive
CUST001614,Julie,Jones,Female,1993-04-06,julie.jones@outlook.com,5750419513,Dubai,Dubai,UAE,Gold,2022-02-24,Active
CUST001615,Mark,Vazquez,Female,2002-02-04,mark.vazquez@gmail.com,0163526079,Sydney,New South Wales,Australia,Silver,2023-03-20,Active
CUST001616,Kevin,Wade,Male,1962-08-19,kevin.wade@yahoo.com,7934428036,New York,New York,United States,Diamond,2023-09-24,Active
CUST001617,Nicholas,Miller,Male,1983-12-10,nicholas.miller@outlook.com,3448759612,New York,New York,United States,Platinum,2024-05-14,Inactive
CUST001618,Frederick,Sanders,Male,1963-02-16,frederick.sanders@yahoo.com,8729911346,Chennai,Tamil Nadu,India,Gold,2024-09-17,Active
CUST001619,William,Graham,Female,1973-12-12,william.graham@yahoo.com,4244225344,Sydney,New South Wales,Australia,Diamond,2023-12-30,Inactive
CUST001620,Emily,Campbell,Male,1969-01-01,emily.campbell@outlook.com,4933676404,Sydney,New South Wales,Australia,Platinum,2021-08-02,Active
CUST001621,Brandon,Perez,Female,1981-02-23,brandon.perez@yahoo.com,5173720895,Hyderabad,Telangana,India,Silver,2022-04-30,Inactive
CUST001622,Matthew,Charles,Female,2005-02-04,matthew.charles@hotmail.com,5592167824,Singapore,Singapore,Singapore,Platinum,2022-07-06,Inactive
CUST001623,Melissa,Boyd,Male,1977-06-04,melissa.boyd@yahoo.com,8201595813,Hyderabad,Telangana,India,Silver,2022-10-10,Inactive
CUST001624,Sean,Golden,Female,1997-07-31,sean.golden@outlook.com,0361504284,Bengaluru,Karnataka,India,Gold,2022-04-22,Inactive
CUST001625,Christopher,Fitzgerald,Male,1970-09-26,christopher.fitzgerald@outlook.com,2493726628,Bengaluru,Karnataka,India,Diamond,2024-10-18,Active
CUST001626,Chad,Vasquez,Male,2004-03-22,chad.vasquez@yahoo.com,7994506039,Singapore,Singapore,Singapore,Gold,2023-07-08,Inactive
CUST001627,Richard,Cook,Female,2005-06-19,richard.cook@hotmail.com,5894442590,Delhi,Delhi,India,Platinum,2022-01-17,Inactive
CUST001628,Adam,Lowe,Male,1958-11-17,adam.lowe@gmail.com,9421463134,Singapore,Singapore,Singapore,Platinum,2021-09-12,Active
CUST001629,Kathy,Ferguson,Male,1970-02-06,kathy.ferguson@outlook.com,5285105625,Singapore,Singapore,Singapore,Platinum,2022-05-05,Active
CUST001630,Matthew,Burns,Male,1995-01-23,matthew.burns@yahoo.com,9253768847,Bengaluru,Karnataka,India,Gold,2026-01-05,Inactive
CUST001631,Kimberly,Caldwell,Female,2006-01-29,kimberly.caldwell@outlook.com,,Dubai,Dubai,UAE,Platinum,2023-04-11,Active
CUST001632,Raymond,Mitchell,Male,1972-07-29,raymond.mitchell@outlook.com,4593953367,Singapore,Singapore,Singapore,Silver,2025-06-03,Active
CUST001633,Tiffany,Orr,Female,1985-04-16,tiffany.orr@yahoo.com,7056483634,New York,New York,United States,Diamond,2025-10-24,Active
CUST001634,Bryan,Velazquez,Male,1957-02-11,bryan.velazquez@gmail.com,3937813819,Singapore,Singapore,Singapore,Platinum,2021-11-15,Active
CUST001635,William,Parker,Male,1971-08-08,william.parker@gmail.com,8465032677,Mumbai,Maharashtra,India,Platinum,2021-12-31,Inactive
CUST001636,Michael,Martinez,Female,1990-03-24,michael.martinez@yahoo.com,,London,England,United Kingdom,Silver,2026-05-04,Active
CUST001637,Jason,Mooney,Female,1963-03-02,jason.mooney@yahoo.com,3726681685,New York,New York,United States,Diamond,2022-02-18,Inactive
CUST001638,Robert,Hall,Female,1968-03-16,robert.hall@gmail.com,4716155006,Mumbai,Maharashtra,India,Gold,2024-02-11,Active
CUST001639,Daniel,Love,Female,1962-11-04,daniel.love@yahoo.com,6771174770,Delhi,Delhi,India,Diamond,2021-10-28,Inactive
CUST001640,Brett,Nash,Female,2004-05-23,brett.nash@hotmail.com,1625020341,Dubai,Dubai,UAE,Platinum,2026-05-17,Active
CUST001641,Dana,Dixon,Female,2004-05-28,dana.dixon@gmail.com,4212743336,New York,New York,United States,Silver,2025-09-24,Active
CUST001642,Donald,Baldwin,Female,2001-05-30,,0083650723,Hyderabad,Telangana,India,Platinum,2024-06-29,Active
CUST001643,Brittany,Castaneda,Male,1978-03-18,brittany.castaneda@yahoo.com,2998523757, SYDNEY,New South Wales,Australia,Gold,2022-07-30,Active
CUST001644,Charles,Thomas,Female,2003-04-11,charles.thomas@gmail.com,6913672692,Singapore,Singapore,Singapore,Silver,2024-02-22,Active
CUST001645,Joe,Rodriguez,Female,1981-11-30,joe.rodriguez@hotmail.com,0804439746,London,England,United Kingdom,Gold,2026-06-07,Active
CUST001646,Susan,Howard,Male,1992-06-16,susan.howard@outlook.com,2617089229,Dubai,Dubai,UAE,Silver,2023-10-13,Inactive
CUST001647,Jason,Steele,Male,1974-01-17,jason.steele@outlook.com,0091233889,Chennai,Tamil Nadu,India,Gold,2025-11-19,Inactive
CUST001648,Samuel,Smith,Male,2006-05-07,samuel.smith@hotmail.com,4903653455,Hyderabad,Telangana,India,Silver,2022-05-21,Active
CUST001649,Steven,Brown,Male,1962-06-16,steven.brown@yahoo.com,2554838122,New York,New York,United States,Silver,2026-03-22,Active
CUST001650,Andrea,George,Female,1955-12-22,andrea.george@gmail.com,6500191976,Mumbai,Maharashtra,India,Diamond,2025-09-25,Active
CUST001651,Jamie,Lara,Female,2000-11-11,jamie.lara@hotmail.com,2315427314,Singapore,Singapore,Singapore,Platinum,2024-12-30,Active
CUST001652,April,James,Female,1966-09-13,april.james@outlook.com,1871636066,Sydney,New South Wales,Australia,Diamond,2024-01-31,Active
CUST001653,Debra,Collins,Male,1986-07-12,debra.collins@gmail.com,0634457079,Sydney,New South Wales,Australia,Silver,2022-10-23,Active
CUST001654,Dorothy,Warner,Male,1992-11-27,dorothy.warner@gmail.com,3061913251,New York,New York,United States,Silver,2025-04-07,Inactive
CUST001655,Rachel,Miller,Male,1970-08-28,rachel.miller@yahoo.com,2036157767,HYDERABAD,Telangana,India,Silver,2024-06-17,Active
CUST001656,Elizabeth,Russell,Female,1982-04-24,elizabeth.russell@yahoo.com,6300623788,Hyderabad,Telangana,India,Diamond,2025-07-30,Inactive
CUST001657,Latoya,White,Male,1973-09-17,latoya.white@outlook.com,4903535212,Delhi,Delhi,India,Platinum,2023-12-09,Active
CUST001658,Kristopher,Williams,Male,1994-06-06,kristopher.williams@hotmail.com,4960099966,Mumbai,Maharashtra,India,Diamond,2021-07-27,Active
CUST001659,Todd,Mays,Female,1955-10-23,todd.mays@gmail.com,2671608289,Delhi,Delhi,India,Platinum,2025-02-26,Inactive
CUST001660,Stephen,Dennis,Female,1955-11-13,stephen.dennis@outlook.com,2456135937,London,England,United Kingdom,Platinum,2025-10-04,Active
CUST001661,Lisa,Strickland,Male,1961-10-26,lisa.strickland@hotmail.com,7952506529,Delhi,Delhi,India,Diamond,2022-03-20,Active
CUST001662,Brittney,Phelps,Female,1974-01-11,brittney.phelps@outlook.com,6163105561,London,England,United Kingdom,Silver,2023-09-24,Active
CUST001663,Michael,Thompson,Male,1968-08-02,michael.thompson@outlook.com,6909644064,Bengaluru,Karnataka,India,Diamond,2026-01-02,Inactive
CUST001664,Jeffery,Little,Male,1987-06-21,jeffery.little@hotmail.com,1059233732,Mumbai,Maharashtra,India,Diamond,2024-05-05,Active
CUST001665,Eric,Moran,Male,1956-07-05,eric.moran@gmail.com,7076276251,Chennai,Tamil Nadu,India,Diamond,2022-12-02,Inactive
CUST001666,Terrance,Johnson,Female,1958-09-26,terrance.johnson@gmail.com,5709564374,Singapore,Singapore,Singapore,Gold,2025-09-11,Inactive
CUST001667,Colleen,Estrada,Male,2000-11-08,colleen.estrada@hotmail.com,8625217232,London,England,United Kingdom,Gold,2025-12-31,Active
CUST001668,Caroline,Maxwell,Male,1964-11-08,caroline.maxwell@hotmail.com,6352179527,Bengaluru,Karnataka,India,Gold,2023-07-08,Active
CUST001669,Paula,Lang,Male,2001-04-21,paula.lang@outlook.com,0685527187,Dubai,Dubai,UAE,Silver,2024-07-04,Inactive
CUST001670,Keith,Butler,Male,2005-07-31,keith.butler@outlook.com,4890736340,Dubai,Dubai,UAE,Silver,2022-09-21,Active
CUST001671,Sean,Park,Male,1994-04-20,sean.park@yahoo.com,,Hyderabad,Telangana,India,Silver,2024-04-07,Active
CUST001672,Dawn,Hall,Male,1966-01-03,dawn.hall@outlook.com,4200643036,Delhi,Delhi,India,Silver,2026-01-18,Inactive
CUST001673,Steven,Simon,Female,2002-10-14,steven.simon@yahoo.com,6481634724,Dubai,Dubai,UAE,Diamond,2025-01-25,Active
CUST001674,Sarah,Anderson,Male,2004-02-02,sarah.anderson@outlook.com,2462674534,Mumbai,Maharashtra,India,Gold,2021-08-02,Inactive
CUST001675,Joshua,Young,Female,1971-07-23,joshua.young@gmail.com,6406670154,NEW YORK,New York,United States,Gold,2022-08-23,Inactive
CUST001676,Erica,Cox,Female,1994-05-18,erica.cox@yahoo.com,3376086095,Hyderabad,Telangana,India,Gold,2023-07-11,Active
CUST001677,Jamie,Gonzalez,Female,1980-11-12,jamie.gonzalez@outlook.com,9499396106,Hyderabad,Telangana,India,Gold,2023-11-18,Inactive
CUST001678,Antonio,Hamilton,Male,1985-05-19,antonio.hamilton@gmail.com,6283323828,Singapore,Singapore,Singapore,Silver,2025-02-25,Active
CUST001679,Lisa,Gutierrez,Male,1989-10-14,lisa.gutierrez@yahoo.com,2209067212,Sydney,New South Wales,Australia,Gold,2026-01-09,Inactive
CUST001680,Tyler,Simon,Male,1991-08-17,tyler.simon@gmail.com,1267403639,Sydney,New South Wales,Australia,Gold,2025-12-11,Inactive
CUST001681,Glenn,Snyder,Female,2001-04-22,glenn.snyder@gmail.com,2510175908,Sydney,New South Wales,Australia,Diamond,2022-04-26,Active
CUST001682,James,Powell,Female,1996-06-04,james.powell@outlook.com,9450407954,Sydney,New South Wales,Australia,Silver,2023-08-21,Active
CUST001683,Michelle,Taylor,Male,1992-02-16,,0711063792,Mumbai,Maharashtra,India,Silver,2023-03-25,Active
CUST001684,Leroy,Anderson,Female,1965-05-21,leroy.anderson@hotmail.com,1863712917,Sydney,New South Wales,Australia,Platinum,2026-02-21,Active
CUST001685,Joseph,Oliver,Male,1992-12-04,joseph.oliver@outlook.com,4752034254,Singapore,Singapore,Singapore,Platinum,2025-08-19,Active
CUST001686,Michael,Michael,Male,1965-07-20,michael.michael@gmail.com,4672445127,Dubai,Dubai,UAE,Platinum,2024-01-06,Active
CUST001687,Joseph,Robles,Male,1957-12-03,joseph.robles@hotmail.com,3106278606,London,England,United Kingdom,Silver,2025-10-08,Inactive
CUST001688,Derek,Hernandez,Female,1986-05-15,derek.hernandez@hotmail.com,0512669557,Singapore,Singapore,Singapore,Silver,2023-08-14,Active
CUST001689,Sean,Smith,Male,1973-10-06,sean.smith@gmail.com,5148565428,Chennai,Tamil Nadu,India,Gold,2026-04-30,Active
CUST001690,Steven,Cain,Female,1994-02-03,steven.cain@gmail.com,8057635364,Delhi,Delhi,India,Gold,2024-06-18,Inactive
CUST001691,Roger,Marks,Female,1961-04-08,roger.marks@hotmail.com,9329143726,Mumbai,Maharashtra,India,Silver,2025-10-26,Active
CUST001692,John,Anderson,Female,1966-09-17,john.anderson@outlook.com,1222689545,Mumbai,Maharashtra,India,Platinum,2026-01-10,Inactive
CUST001693,John,Lyons,Female,1958-02-13,john.lyons@gmail.com,4319754201,Chennai,Tamil Nadu,India,Platinum,2022-01-10,Inactive
CUST001694,Adrian,Vargas,Female,1970-03-12,adrian.vargas@yahoo.com,8460355967,Bengaluru,Karnataka,India,Platinum,2023-08-26,Inactive
CUST001695,Sabrina,Morrow,Female,1999-01-09,sabrina.morrow@yahoo.com,8284643230,Singapore,Singapore,Singapore,Silver,2021-11-20,Active
CUST001696,Keith,Nguyen,Male,1993-04-12,keith.nguyen@hotmail.com,2005119223,Sydney,New South Wales,Australia,Diamond,2023-08-23,Inactive
CUST001697,Rebecca,Long,Male,1998-07-14,rebecca.long@gmail.com,0101580917,New York,New York,United States,Platinum,2022-12-18,Active
CUST001698,David,Barrett,Female,1994-11-29,david.barrett@outlook.com,8131034090,New York,New York,United States,Silver,2023-06-11,Inactive
CUST001699,Jamie,Hill,Male,1976-07-14,jamie.hill@outlook.com,3676042936,Delhi,Delhi,India,Gold,2024-05-03,Inactive
CUST001700,Oscar,Williamson,Female,1987-07-23,oscar.williamson@hotmail.com,6859204845,Mumbai,Maharashtra,India,Diamond,2021-08-11,Inactive
CUST001701,Lauren,Morgan,Male,1974-03-02,lauren.morgan@hotmail.com,8882712880,Sydney,New South Wales,Australia,Gold,2022-09-28,Inactive
CUST001702,Dustin,Kemp,Female,1986-02-07,dustin.kemp@outlook.com,9338286005,Bengaluru,Karnataka,India,Silver,2024-11-10,Inactive
CUST001703,Robert,Cox,Female,1971-08-23,robert.cox@hotmail.com,5912924138,Sydney,New South Wales,Australia,Diamond,2025-06-10,Inactive
CUST001704,Ivan,Bryan,Female,2008-07-12,ivan.bryan@gmail.com,7283503089,Mumbai,Maharashtra,India,Gold,2023-10-28,Inactive
CUST001705,Roger,Ray,Male,1998-04-07,roger.ray@hotmail.com,4508348006,Mumbai,Maharashtra,India,Diamond,2026-05-01,Inactive
CUST001706,Richard,Barnes,Male,1965-07-07,richard.barnes@yahoo.com,6264023205,Bengaluru,Karnataka,India,Silver,2024-08-15,Active
CUST001707,Sabrina,Reid,Male,1974-03-27,sabrina.reid@outlook.com,9869520802,Delhi,Delhi,India,Gold,2024-11-23,Inactive
CUST001708,Nichole,Hart,Male,1991-05-02,nichole.hart@hotmail.com,0815694430,Delhi,Delhi,India,Platinum,2025-05-22,Active
CUST001709,Ralph,Watson,Male,2000-11-10,ralph.watson@yahoo.com,2322982438,Bengaluru,Karnataka,India,Platinum,2022-04-23,Active
CUST001710,George,Bryan,Female,1997-11-15,george.bryan@hotmail.com,5022125572,Sydney,New South Wales,Australia,Silver,2023-03-26,Inactive
CUST001711,Vernon,Mitchell,Female,1971-09-27,vernon.mitchell@gmail.com,8815284556,Mumbai,Maharashtra,India,Diamond,2025-03-21,Active
CUST001712,Michael,Carter,Female,2005-10-26,michael.carter@gmail.com,3260881264,Dubai ,Dubai,UAE,Gold,2026-07-05,Active
CUST001713,Krystal,Leon,Male,2002-10-12,krystal.leon@hotmail.com,,London,England,United Kingdom,Gold,2022-01-26,Active
CUST001714,Teresa,Wright,Male,1982-05-11,teresa.wright@gmail.com,,Delhi,Delhi,India,Platinum,2023-09-19,Active
CUST001715,Melissa,Garcia,Male,1977-10-15,melissa.garcia@outlook.com,1619896916,Delhi,Delhi,India,Silver,2024-09-15,Active
CUST001716,Eric,Jackson,Female,1981-08-14,eric.jackson@hotmail.com,3912634398,Singapore,Singapore,Singapore,Diamond,2021-08-17,Active
CUST001717,Julia,Deleon,Female,1992-09-06,julia.deleon@gmail.com,3154029725,Hyderabad ,Telangana,India,Diamond,2022-08-12,Active
CUST001718,Mary,Williams,Female,1972-09-23,mary.williams@yahoo.com,0916480834,London,England,United Kingdom,Gold,2024-02-19,Inactive
CUST001719,Cynthia,Davis,Male,1993-11-30,cynthia.davis@outlook.com,7783169749,Delhi,Delhi,India,Gold,2025-11-29,Inactive
CUST001720,Travis,Moreno,Female,2007-02-15,travis.moreno@gmail.com,7051717708,London,England,United Kingdom,Platinum,2025-08-17,Inactive
CUST001721,Anthony,Johnson,Female,2002-08-22,anthony.johnson@outlook.com,5567592077,Bengaluru,Karnataka,India,Silver,2025-05-12,Inactive
CUST001722,Joseph,Wilkerson,Female,1984-02-01,joseph.wilkerson@outlook.com,5437499875,New York,New York,United States,Diamond,2025-03-29,Active
CUST001723,Jeffrey,Mccormick,Male,1962-09-08,jeffrey.mccormick@yahoo.com,7936166716,Delhi,Delhi,India,Gold,2024-06-14,Inactive
CUST001724,Patricia,Lewis,Male,1977-09-22,patricia.lewis@outlook.com,5385664669,Dubai,Dubai,UAE,Diamond,2023-06-03,Active
CUST001725,Adrienne,White,Male,1995-03-14,adrienne.white@yahoo.com,9121276422,London,England,United Kingdom,Platinum,2022-12-22,Active
CUST001726,Matthew,Friedman,Female,2002-07-31,matthew.friedman@gmail.com,6158388545,Mumbai,Maharashtra,India,Silver,2022-07-30,Active
CUST001727,Daniel,Dorsey,Male,1965-06-08,daniel.dorsey@gmail.com,,Sydney,New South Wales,Australia,Platinum,2022-06-15,Inactive
CUST001728,Ronald,Jones,Male,1968-07-17,ronald.jones@yahoo.com,7287672350,Chennai,Tamil Nadu,India,Platinum,2023-09-19,Active
CUST001729,Sergio,Underwood,Male,1973-01-23,sergio.underwood@gmail.com,5290268851,Hyderabad,Telangana,India,Gold,2022-06-10,Inactive
CUST001730,Margaret,Black,Female,1989-11-07,margaret.black@outlook.com,1432494743,Singapore,Singapore,Singapore,Platinum,2023-04-19,Inactive
CUST001731,John,Wright,Female,1995-11-19,john.wright@gmail.com,6445081417,Singapore,Singapore,Singapore,Diamond,2025-12-02,Active
CUST001732,Lauren,Brown,Male,1985-06-28,lauren.brown@hotmail.com,1642823420,Dubai,Dubai,UAE,Gold,2023-07-16,Inactive
CUST001733,Robert,Martinez,Male,2004-12-26,robert.martinez@hotmail.com,6821695921,Singapore,Singapore,Singapore,Diamond,2022-07-28,Active
CUST001734,Steven,Hopkins,Male,1965-04-02,steven.hopkins@yahoo.com,7174901345,SINGAPORE,Singapore,Singapore,Gold,2022-08-31,Inactive
CUST001735,Austin,Roy,Female,1993-01-20,austin.roy@yahoo.com,3483740789,Sydney,New South Wales,Australia,Platinum,2023-02-16,Active
CUST001736,Sarah,Crawford,Female,1983-04-20,sarah.crawford@outlook.com,1967652835,London,England,United Kingdom,Platinum,2025-05-31,Inactive
CUST001737,Michael,Dean,Female,2000-06-26,michael.dean@gmail.com,8963285084,New York,New York,United States,Diamond,2025-11-23,Active
CUST001738,Rebecca,Mahoney,Male,1968-05-26,rebecca.mahoney@outlook.com,7277463591,Chennai,Tamil Nadu,India,Gold,2025-12-05,Inactive
CUST001739,Steven,Lee,Female,1996-10-04,steven.lee@hotmail.com,3708844396,Hyderabad,Telangana,India,Platinum,2023-09-28,Inactive
CUST001740,Jose,Wilkerson,Male,1993-07-31,jose.wilkerson@yahoo.com,1954765181,Singapore,Singapore,Singapore,Diamond,2023-12-04,Active
CUST001741,Christian,Stanton,Male,1982-09-28,christian.stanton@yahoo.com,2354876234,Hyderabad,Telangana,India,Diamond,2022-10-13,Inactive
CUST001742,Lauren,Swanson,Male,1960-04-24,lauren.swanson@gmail.com,9775768687,New York,New York,United States,Platinum,2022-07-06,Inactive
CUST001743,Cory,Gonzalez,Male,1967-11-14,cory.gonzalez@yahoo.com,2263882321,New York,New York,United States,Platinum,2025-06-16,Active
CUST001744,Sean,Dixon,Male,2004-05-15,sean.dixon@hotmail.com,4806771991,Sydney,New South Wales,Australia,Silver,2021-12-04,Inactive
CUST001745,Brenda,Mcdonald,Male,1975-04-05,brenda.mcdonald@yahoo.com,1655873525,Delhi,Delhi,India,Platinum,2023-05-15,Inactive
CUST001746,Lindsey,Mcpherson,Female,2000-06-01,lindsey.mcpherson@gmail.com,8470903071,New York,New York,United States,Gold,2026-05-11,Inactive
CUST001747,Norma,Knapp,Female,1958-01-29,norma.knapp@outlook.com,1219554025,New York,New York,United States,Diamond,2022-10-24,Inactive
CUST001748,Matthew,Miller,Female,1977-10-18,matthew.miller@hotmail.com,8184643712,Delhi,Delhi,India,Gold,2026-07-19,Active
CUST001749,Daniel,Morgan,Female,1955-10-03,daniel.morgan@outlook.com,7806386690,Hyderabad,Telangana,India,Gold,2024-06-25,Active
CUST001750,Jerome,Morris,Male,1955-09-20,jerome.morris@hotmail.com,9654084226,Delhi,Delhi,India,Gold,2023-12-15,Inactive
CUST001751,Joshua,Taylor,Male,1956-05-19,joshua.taylor@outlook.com,7436279213,Sydney,New South Wales,Australia,Diamond,2023-10-06,Inactive
CUST001752,Christopher,Rodriguez,Male,1985-10-23,christopher.rodriguez@yahoo.com,0002007060,Hyderabad,Telangana,India,Diamond,2024-01-29,Active
CUST001753,Michael,Johnson,Female,2001-01-06,michael.johnson@gmail.com,4144892546,Dubai,Dubai,UAE,Gold,2021-11-10,Inactive
CUST001754,Shane,Collins,Male,1961-05-14,shane.collins@yahoo.com,1668622246,Chennai,Tamil Nadu,India,Platinum,2025-12-24,Active
CUST001755,Danielle,Daniels,Male,2008-07-22,danielle.daniels@gmail.com,3833200440,Singapore,Singapore,Singapore,Platinum,2026-03-05,Inactive
CUST001756,Steven,Thompson,Male,1965-12-08,steven.thompson@gmail.com,3195449210,New York,New York,United States,Gold,2024-10-10,Inactive
CUST001757,Erica,Harris,Female,1994-10-27,erica.harris@outlook.com,0379119555,London,England,United Kingdom,Silver,2023-08-26,Active
CUST001758,Sara,Barker,Male,2005-11-02,sara.barker@gmail.com,4081148415,Dubai,Dubai,UAE,Diamond,2024-08-25,Active
CUST001759,Noah,Boone,Female,1961-01-23,noah.boone@outlook.com,,Singapore,Singapore,Singapore,Silver,2024-02-24,Inactive
CUST001760,Jessica,Bailey,Male,2003-09-01,jessica.bailey@gmail.com,5666347662,Bengaluru,Karnataka,India,Diamond,2024-08-31,Inactive
CUST001761,Brenda,Ingram,Female,1960-02-29,brenda.ingram@outlook.com,9892217518,Sydney,New South Wales,Australia,Gold,2025-03-29,Active
CUST001762,Glenn,Schwartz,Male,1996-04-02,glenn.schwartz@outlook.com,0804828926,Bengaluru ,Karnataka,India,Platinum,2024-04-17,Active
CUST001763,Troy,Castro,Female,1989-09-27,troy.castro@gmail.com,0552267208,Sydney,New South Wales,Australia,Gold,2025-05-11,Inactive
CUST001764,Rachel,Stewart,Female,1962-05-27,rachel.stewart@outlook.com,6916833538,London,England,United Kingdom,Silver,2026-04-18,Active
CUST001765,Brandon,Henderson,Male,1996-01-07,brandon.henderson@gmail.com,1738830800,Hyderabad,Telangana,India,Silver,2024-06-25,Inactive
CUST001766,Gary,Rice,Female,1987-12-15,gary.rice@yahoo.com,8123454444,Sydney,New South Wales,Australia,Platinum,2022-12-05,Inactive
CUST001767,Albert,Brown,Female,1959-04-22,albert.brown@yahoo.com,8241540051,New York,New York,United States,Silver,2023-08-19,Inactive
CUST001768,Courtney,Higgins,Male,1999-09-17,courtney.higgins@gmail.com,2237085635,Singapore,Singapore,Singapore,Platinum,2023-04-11,Inactive
CUST001769,Jason,Rivera,Male,1964-11-27,jason.rivera@yahoo.com,,Chennai,Tamil Nadu,India,Silver,2022-08-17,Inactive
CUST001770,Erin,Cruz,Male,1978-01-08,erin.cruz@hotmail.com,3122231459,Sydney,New South Wales,Australia,Silver,2025-09-28,Active
CUST001771,Crystal,Russo,Male,1967-11-21,crystal.russo@yahoo.com,7716298532,Bengaluru,Karnataka,India,Diamond,2025-03-16,Inactive
CUST001772,Paul,Sims,Female,1963-10-17,paul.sims@hotmail.com,9591292801, New York,New York,United States,Silver,2024-06-08,Active
CUST001773,Maria,Hooper,Male,2002-04-17,maria.hooper@yahoo.com,0241245634,New York,New York,United States,Platinum,2024-06-28,Inactive
CUST001774,Joshua,Rivera,Female,1971-01-24,joshua.rivera@outlook.com,5978415907,Sydney,New South Wales,Australia,Platinum,2022-10-09,Active
CUST001775,Raven,Smith,Female,1964-09-26,raven.smith@yahoo.com,6576808049,Bengaluru,Karnataka,India,Platinum,2023-11-26,Inactive
CUST001776,William,Carter,Female,1960-06-29,william.carter@gmail.com,3930630412,Chennai,Tamil Nadu,India,Platinum,2024-10-30,Inactive
CUST001777,Dustin,Hall,Female,1975-12-25,dustin.hall@outlook.com,9924821607,Hyderabad,Telangana,India,Silver,2025-05-03,Active
CUST001778,Angela,Smith,Male,1973-01-25,angela.smith@yahoo.com,4239306197,BENGALURU,Karnataka,India,Platinum,2025-07-31,Active
CUST001779,Alan,Smith,Male,1959-06-04,alan.smith@yahoo.com,2476982416,Sydney,New South Wales,Australia,Silver,2023-11-27,Active
CUST001780,Robert,Nunez,Female,1970-02-18,robert.nunez@outlook.com,7465673274,Hyderabad,Telangana,India,Gold,2023-10-19,Inactive
CUST001781,Zachary,Taylor,Male,1986-03-25,zachary.taylor@yahoo.com,3291843712,Sydney,New South Wales,Australia,Platinum,2023-10-05,Inactive
CUST001782,Amy,Porter,Male,2005-06-25,amy.porter@outlook.com,0238362964,Sydney,New South Wales,Australia,Gold,2026-02-07,Inactive
CUST001783,Samuel,Reynolds,Male,1973-11-06,samuel.reynolds@hotmail.com,0894486706,Singapore,Singapore,Singapore,Gold,2022-10-29,Active
CUST001784,Joel,Cruz,Male,1995-12-26,joel.cruz@outlook.com,2315937444,London,England,United Kingdom,Silver,2021-09-27,Active
CUST001785,Kimberly,Jenkins,Male,1965-04-09,kimberly.jenkins@outlook.com,0595531669,New York,New York,United States,Platinum,2025-09-06,Active
CUST001786,Stacie,Munoz,Female,1981-01-18,john@gmail,5922064272,Singapore,Singapore,Singapore,Platinum,2021-10-22,Active
CUST001787,Samuel,Stewart,Male,1971-08-20,samuel.stewart@yahoo.com,5755769398,Mumbai,Maharashtra,India,Platinum,2023-07-23,Active
CUST001788,Jennifer,Zhang,Male,1985-11-11,jennifer.zhang@hotmail.com,7460816883,Chennai,Tamil Nadu,India,Platinum,2025-08-19,Inactive
CUST001789,Daniel,Bell,Female,1975-11-12,daniel.bell@hotmail.com,5757530836,Dubai,Dubai,UAE,Platinum,2025-07-20,Inactive
CUST001790,Colin,Nguyen,Female,1993-10-19,colin.nguyen@yahoo.com,9699101028,Hyderabad,Telangana,India,Silver,2023-03-08,Active
CUST001791,Yolanda,Herrera,Male,1960-09-26,yolanda.herrera@gmail.com,,Singapore,Singapore,Singapore,Platinum,2024-07-16,Active
CUST001792,Aimee,Ball,Female,1969-02-18,aimee.ball@gmail.com,5627980274,Sydney,New South Wales,Australia,Platinum,2026-03-13,Inactive
CUST001793,Madison,Le,Female,1973-07-19,madison.le@gmail.com,7185943949,Mumbai,Maharashtra,India,Gold,2022-08-10,Inactive
CUST001794,Ryan,Harris,Male,1977-08-01,ryan.harris@hotmail.com,1614065526,Delhi,Delhi,India,Silver,2023-01-21,Active
CUST001795,Chelsea,Mercer,Female,1981-08-04,chelsea.mercer@gmail.com,6902308064,Chennai,Tamil Nadu,India,Platinum,2026-03-13,Inactive
CUST001796,Lauren,Escobar,Female,2003-06-04,lauren.escobar@hotmail.com,4506014866,Singapore,Singapore,Singapore,Diamond,2022-02-19,Inactive
CUST001797,Gloria,Campbell,Male,1996-01-02,gloria.campbell@gmail.com,1787788833,New York,New York,United States,Gold,2024-12-23,Inactive
CUST001798,Anthony,Smith,Male,1961-11-22,anthony.smith@outlook.com,3556764645,Sydney,New South Wales,Australia,Diamond,2025-12-12,Active
CUST001799,Jane,Hayes,Female,1966-08-31,jane.hayes@outlook.com,7254119041,Bengaluru,Karnataka,India,Gold,2022-06-07,Inactive
CUST001800,Christina,Wells,Male,1982-06-03,christina.wells@gmail.com,3097550483,Bengaluru,Karnataka,India,Silver,2022-05-12,Active
CUST001801,Brent,Keller,Male,2006-01-13,brent.keller@hotmail.com,9836004501,Dubai,Dubai,UAE,Diamond,2023-11-03,Active
CUST001802,Amanda,Gomez,Male,1990-10-19,amanda.gomez@outlook.com,,Delhi,Delhi,India,Silver,2025-11-15,Inactive
CUST001803,Steven,Mcguire,Female,1991-04-13,steven.mcguire@gmail.com,5014585788,Chennai,Tamil Nadu,India,Gold,2023-06-03,Inactive
CUST001804,Kiara,Mason,Male,1976-01-26,kiara.mason@hotmail.com,0624149700,Bengaluru,Karnataka,India,Diamond,2026-07-21,Inactive
CUST001805,Shawn,Freeman,Male,2005-04-07,shawn.freeman@gmail.com,9904022869,Bengaluru,Karnataka,India,Platinum,2023-01-29,Active
CUST001806,James,King,Female,1990-07-29,james.king@gmail.com,9647267851,London,England,United Kingdom,Gold,2022-01-12,Active
CUST001807,Nichole,Williams,Female,1991-07-15,nichole.williams@outlook.com,0520678344,Bengaluru,Karnataka,India,Gold,2025-11-06,Active
CUST001808,Brooke,Mendoza,Female,1993-07-08,brooke.mendoza@hotmail.com,1470259434,Delhi,Delhi,India,Silver,2022-05-06,Active
CUST001809,Johnny,Mills,Female,1964-07-04,@gmail.com,1862123906,New York,New York,United States,Platinum,2024-06-24,Active
CUST001810,Mark,Richardson,Male,1979-10-04,mark.richardson@gmail.com,4563777501,Hyderabad,Telangana,India,Silver,2024-11-18,Active
CUST001811,Vincent,Bailey,Male,1968-10-29,vincent.bailey@yahoo.com,5328929711,Bengaluru,Karnataka,India,Platinum,2025-01-31,Active
CUST001812,Jason,Caldwell,Male,1984-12-09,jason.caldwell@outlook.com,8959557168,Chennai,Tamil Nadu,India,Platinum,2023-01-30,Active
CUST001813,Brenda,Morales,Female,1992-04-25,brenda.morales@gmail.com,4158453425,Delhi,Delhi,India,Gold,2025-04-11,Inactive
CUST001814,Susan,Garcia,Female,1973-06-03,susan.garcia@hotmail.com,1321201865,Dubai,Dubai,UAE,Diamond,2024-06-09,Inactive
CUST001815,Samantha,Morton,Female,1998-02-08,samantha.morton@yahoo.com,8382541072,SYDNEY,New South Wales,Australia,Platinum,2021-09-21,Active
CUST001816,Ann,Wright,Female,1959-01-29,ann.wright@gmail.com,3102145872,London,England,United Kingdom,Gold,2022-12-06,Inactive
CUST001817,Kimberly,Schneider,Female,1995-07-18,kimberly.schneider@hotmail.com,5444166495,Dubai,Dubai,UAE,Platinum,2024-07-09,Inactive
CUST001818,Tina,Baldwin,Male,1964-08-29,tina.baldwin@yahoo.com,3535829943,Chennai,Tamil Nadu,India,Silver,2024-11-07,Inactive
CUST001819,Bryan,Warner,Male,1966-11-11,bryan.warner@outlook.com,3084776204,HYDERABAD,Telangana,India,Diamond,2022-05-10,Inactive
CUST001820,Stephanie,Stuart,Male,1962-12-30,stephanie.stuart@outlook.com,2416201223,Dubai,Dubai,UAE,Gold,2022-07-06,Active
CUST001821,Kevin,Harvey,Female,1991-05-25,kevin.harvey@outlook.com,8223510450,Dubai,Dubai,UAE,Platinum,2024-08-07,Active
CUST001822,Wendy,Figueroa,Male,2007-06-12,wendy.figueroa@outlook.com,3911982950,Hyderabad,Telangana,India,Diamond,2024-06-21,Active
CUST001823,Joseph,Lee,Female,1974-03-21,joseph.lee@yahoo.com,0977864499,Bengaluru,Karnataka,India,Silver,2021-09-09,Inactive
CUST001824,Pam,Campos,Female,1982-06-11,pam.campos@outlook.com,1312134361,London,England,United Kingdom,Silver,2025-01-15,Active
CUST001825,Joshua,Cook,Male,1995-04-05,joshua.cook@yahoo.com,8764873869,London,England,United Kingdom,Gold,2023-09-22,Active
CUST001826,Stephanie,Powers,Male,1987-04-24,stephanie.powers@yahoo.com,7708415735,New York ,New York,United States,Gold,2023-11-30,Inactive
CUST001827,Daniel,Gomez,Male,1967-04-25,daniel.gomez@outlook.com,3355902146,Dubai,Dubai,UAE,Platinum,2022-03-06,Active
CUST001828,Joshua,Cole,Male,1963-07-26,joshua.cole@outlook.com,4787240776,Sydney,New South Wales,Australia,Diamond,2023-11-01,Active
CUST001829,Deborah,Johnson,Female,1964-06-07,deborah.johnson@outlook.com,7216848907,New York,New York,United States,Platinum,2026-02-02,Inactive
CUST001830,Jennifer,Taylor,Male,1964-05-24,jennifer.taylor@hotmail.com,2223111561,Mumbai,Maharashtra,India,Gold,2022-07-06,Active
CUST001831,Nathaniel,Juarez,Male,2002-03-26,nathaniel.juarez@yahoo.com,3663425509,Delhi,Delhi,India,Diamond,2025-03-01,Inactive
CUST001832,Shawn,Jones,Male,1986-09-26,shawn.jones@yahoo.com,9725056594,Mumbai,Maharashtra,India,Diamond,2026-02-14,Active
CUST001833,Tanya,Arnold,Female,1995-10-28,tanya.arnold@yahoo.com,7287569610,Singapore,Singapore,Singapore,Silver,2021-11-14,Active
CUST001834,Luke,Fisher,Male,1994-01-10,luke.fisher@hotmail.com,3030552646,New York,New York,United States,Platinum,2024-09-29,Active
CUST001835,Joseph,Gordon,Female,2005-11-15,joseph.gordon@outlook.com,0719494880,Singapore,Singapore,Singapore,Platinum,2025-02-06,Active
CUST001836,Brooke,Curtis,Male,1971-09-19,brooke.curtis@yahoo.com,8727563129,Bengaluru,Karnataka,India,Gold,2023-09-09,Active
CUST001837,Derek,Good,Male,1992-06-10,derek.good@gmail.com,6964331342,Sydney,New South Wales,Australia,Silver,2026-05-16,Active
CUST001838,Carrie,Fernandez,Female,2007-09-18,carrie.fernandez@hotmail.com,6137735426,Sydney,New South Wales,Australia,Diamond,2024-10-16,Inactive
CUST001839,Teresa,Thomas,Male,1993-10-11,teresa.thomas@hotmail.com,1473363395,Mumbai,Maharashtra,India,Gold,2022-04-13,Inactive
CUST001840,Kara,Jimenez,Male,1987-01-24,kara.jimenez@yahoo.com,8423949130,Hyderabad,Telangana,India,Platinum,2024-11-22,Active
CUST001841,Kimberly,Brooks,Male,1988-05-22,kimberly.brooks@outlook.com,5777137198,Hyderabad,Telangana,India,Diamond,2023-06-05,Active
CUST001842,Stephen,Wong,Female,1969-09-12,stephen.wong@yahoo.com,1902017384,Singapore,Singapore,Singapore,Silver,2025-03-23,Inactive
CUST001843,Holly,Mendez,Female,1970-03-23,holly.mendez@yahoo.com,7144215074,Hyderabad,Telangana,India,Gold,2022-07-16,Inactive
CUST001844,Amanda,Howard,Male,1956-08-03,amanda.howard@hotmail.com,8730338315,London,England,United Kingdom,Diamond,2023-10-30,Active
CUST001845,Deanna,Baker,Male,1966-07-13,deanna.baker@outlook.com,4245789039,Hyderabad,Telangana,India,Diamond,2026-02-25,Inactive
CUST001846,Susan,Burns,Female,1987-11-19,susan.burns@yahoo.com,3964257883,Delhi,Delhi,India,Gold,2024-08-04,Active
CUST001847,Bobby,Smith,Male,1962-10-30,bobby.smith@outlook.com,1267727185,New York,New York,United States,Diamond,2023-05-15,Inactive
CUST001848,Jacob,Daniel,Male,1960-08-16,jacob.daniel@hotmail.com,0107065244,London,England,United Kingdom,Silver,2024-04-20,Active
CUST001849,Nicholas,Little,Male,2003-01-20,nicholas.little@hotmail.com,,Hyderabad,Telangana,India,Silver,2023-12-03,Inactive
CUST001850,John,Peters,Male,2004-08-19,john.peters@yahoo.com,4248228746,Singapore,Singapore,Singapore,Silver,2021-09-26,Active
CUST001851,Douglas,Long,Female,1970-07-09,douglas.long@yahoo.com,1791919706,Mumbai,Maharashtra,India,Gold,2024-11-09,Inactive
CUST001852,Jonathan,Smith,Male,1987-08-23,jonathan.smith@gmail.com,1526744260,New York,New York,United States,Diamond,2023-09-21,Active
CUST001853,Nichole,Thompson,Male,1960-12-28,@gmail.com,6846358175,Sydney,New South Wales,Australia,Silver,2022-07-25,Active
CUST001854,Scott,Rosales,Female,2000-09-28,,7766007810,New York,New York,United States,Platinum,2024-07-02,Active
CUST001855,Jennifer,Hicks,Male,1979-08-28,jennifer.hicks@outlook.com,8665834162,Singapore,Singapore,Singapore,Silver,2025-01-02,Inactive
CUST001856,Clayton,Mendoza,Female,1988-05-26,clayton.mendoza@yahoo.com,7101992250,Dubai,Dubai,UAE,Platinum,2023-06-08,Inactive
CUST001857,Amber,Coffey,Male,1985-06-23,amber.coffey@hotmail.com,9184751867,Dubai,Dubai,UAE,Silver,2026-02-16,Inactive
CUST001858,Miranda,Esparza,Male,1972-03-25,miranda.esparza@outlook.com,6732114418,Chennai,Tamil Nadu,India,Diamond,2024-06-07,Inactive
CUST001859,Jerry,Armstrong,Female,1966-06-27,jerry.armstrong@outlook.com,5122336848,Sydney,New South Wales,Australia,Gold,2022-01-01,Active
CUST001860,Jessica,Bean,Male,2005-08-20,jessica.bean@yahoo.com,4905494705,Sydney,New South Wales,Australia,Platinum,2024-04-23,Active
CUST001861,Joshua,Sanders,Male,1966-02-27,joshua.sanders@gmail.com,9775361297,Sydney,New South Wales,Australia,Platinum,2023-07-25,Active
CUST001862,Amanda,Franklin,Male,1978-12-09,amanda.franklin@yahoo.com,9862497015,Sydney,New South Wales,Australia,Silver,2025-10-14,Active
CUST001863,Wesley,Wilson,Female,1973-07-17,wesley.wilson@hotmail.com,6457888855,Mumbai,Maharashtra,India,Platinum,2024-09-28,Inactive
CUST001864,Sarah,Shah,Female,1979-09-15,sarah.shah@yahoo.com,7084331402,London,England,United Kingdom,Diamond,2022-02-20,Inactive
CUST001865,Jason,Andrews,Female,1977-02-25,jason.andrews@hotmail.com,3117701424,Hyderabad,Telangana,India,Platinum,2025-05-21,Inactive
CUST001866,Wayne,Jones,Female,1962-02-09,wayne.jones@gmail.com,0727473206, New York,New York,United States,Gold,2026-04-26,Active
CUST001867,Devin,Juarez,Female,2007-01-09,devin.juarez@yahoo.com,6057871197,Bengaluru,Karnataka,India,Platinum,2025-06-10,Active
CUST001868,Charles,Newton,Male,2003-10-10,charles.newton@gmail.com,6774487393,Singapore,Singapore,Singapore,Platinum,2022-11-23,Active
CUST001869,Richard,Baker,Male,1989-07-24,richard.baker@hotmail.com,2368024262,Chennai,Tamil Nadu,India,Silver,2025-10-09,Inactive
CUST001870,Ryan,Moreno,Male,1969-02-02,ryan.moreno@outlook.com,5135934150,Dubai,Dubai,UAE,Silver,2024-11-27,Active
CUST001871,Steven,Kim,Male,1991-07-01,steven.kim@yahoo.com,4995673514,Hyderabad,Telangana,India,Diamond,2025-04-05,Inactive
CUST001872,Phillip,Ballard,Female,1982-10-13,,8277902021,BENGALURU,Karnataka,India,Gold,2023-03-22,Inactive
CUST001873,Katherine,Moyer,Male,1996-04-06,katherine.moyer@yahoo.com,8698681497,Bengaluru,Karnataka,India,Gold,2023-09-19,Active
CUST001874,Maria,White,Female,1958-02-07,maria.white@outlook.com,1206007881,New York,New York,United States,Silver,2023-01-07,Active
CUST001875,George,Underwood,Male,1959-10-19,,7360881622,Hyderabad,Telangana,India,Gold,2022-10-03,Inactive
CUST001876,Jeffery,Nolan,Male,1989-11-23,jeffery.nolan@outlook.com,0779940050, Hyderabad,Telangana,India,Diamond,2021-09-15,Inactive
CUST001877,John,Anderson,Male,1957-02-20,john.anderson@outlook.com,5666075198,Chennai,Tamil Nadu,India,Platinum,2025-11-21,Active
CUST001878,Jennifer,Taylor,Female,1966-08-28,jennifer.taylor@yahoo.com,6775728351,London,England,United Kingdom,Platinum,2023-09-30,Inactive
CUST001879,Curtis,Evans,Female,1992-05-05,curtis.evans@hotmail.com,8749880470,Chennai,Tamil Nadu,India,Gold,2025-06-14,Active
CUST001880,Nicole,Chaney,Male,1990-08-05,nicole.chaney@outlook.com,4863777135,Dubai,Dubai,UAE,Silver,2022-08-05,Inactive
CUST001881,Monica,Jones,Female,1969-10-08,monica.jones@gmail.com,6737222099,Bengaluru,Karnataka,India,Diamond,2021-12-24,Inactive
CUST001882,Phillip,Welch,Female,1967-12-30,phillip.welch@hotmail.com,9916793111,New York,New York,United States,Silver,2022-04-01,Inactive
CUST001883,Michael,Figueroa,Female,1972-06-07,michael.figueroa@gmail.com,6077301512,Singapore,Singapore,Singapore,Silver,2024-02-01,Inactive
CUST001884,Michelle,Mann,Male,2002-08-16,michelle.mann@yahoo.com,1370143583,New York,New York,United States,Platinum,2025-06-07,Active
CUST001885,James,Valentine,Male,1959-07-13,james.valentine@hotmail.com,7408056017,London,England,United Kingdom,Silver,2023-02-24,Inactive
CUST001886,Richard,Johnson,Male,1979-10-21,richard.johnson@yahoo.com,6727205374,Mumbai,Maharashtra,India,Silver,2022-09-28,Active
CUST001887,Stephanie,Mason,Male,1959-04-03,stephanie.mason@hotmail.com,9915195883,Delhi,Delhi,India,Diamond,2024-12-31,Inactive
CUST001888,Philip,Mata,Female,1995-06-30,,7043744105,Delhi,Delhi,India,Gold,2026-07-17,Inactive
CUST001889,Collin,Pearson,Female,1960-03-29,collin.pearson@outlook.com,5373849030,Chennai,Tamil Nadu,India,Diamond,2023-01-02,Active
CUST001890,Michael,Lee,Male,1977-01-06,michael.lee@hotmail.com,0066112235,Chennai,Tamil Nadu,India,Platinum,2023-08-11,Active
CUST001891,David,Mullins,Female,1998-12-05,david.mullins@hotmail.com,0977519589,Dubai,Dubai,UAE,Platinum,2023-04-21,Inactive
CUST001892,Kathleen,Bailey,Female,1985-01-03,kathleen.bailey@yahoo.com,5293409844,Mumbai,Maharashtra,India,Gold,2022-03-11,Active
CUST001893,Michelle,Love,Male,1986-09-03,michelle.love@hotmail.com,7109189519,Hyderabad,Telangana,India,Silver,2023-01-05,Inactive
CUST001894,Ashley,Fisher,Female,2002-08-14,ashley.fisher@gmail.com,0649119154,Sydney ,New South Wales,Australia,Silver,2022-11-02,Active
CUST001895,Michael,Hill,Male,1964-04-13,michael.hill@yahoo.com,4881216715,Chennai,Tamil Nadu,India,Platinum,2025-11-26,Inactive
CUST001896,Maria,Brock,Male,2000-09-11,maria.brock@yahoo.com,5974786276,New York,New York,United States,Diamond,2025-11-27,Active
CUST001897,Sally,Butler,Male,1980-10-19,sally.butler@outlook.com,4174771518,London,England,United Kingdom,Silver,2023-07-28,Inactive
CUST001898,Gary,Reeves,Female,1986-11-03,gary.reeves@gmail.com,6848282458,Singapore,Singapore,Singapore,Platinum,2025-11-06,Active
CUST001899,Timothy,Wood,Female,1999-12-14,timothy.wood@yahoo.com,5391805397,Hyderabad,Telangana,India,Gold,2026-07-23,Active
CUST001900,Claire,Kane,Male,2006-09-28,claire.kane@hotmail.com,6000514298,Dubai,Dubai,UAE,Platinum,2025-07-18,Active
CUST001901,Lauren,Hardin,Male,1971-06-04,lauren.hardin@hotmail.com,4683977454,Hyderabad,Telangana,India,Platinum,2025-05-24,Active
CUST001902,Rebecca,Bond,Male,1985-05-29,rebecca.bond@gmail.com,2147058320,Delhi,Delhi,India,Platinum,2023-12-26,Active
CUST001903,Mark,Ruiz,Male,1979-04-07,mark.ruiz@outlook.com,5303018078,New York,New York,United States,Gold,2024-11-28,Active
CUST001904,George,Lyons,Male,1991-09-26,george.lyons@yahoo.com,7870794530,Hyderabad,Telangana,India,Silver,2024-10-03,Active
CUST001905,Karen,Schneider,Male,1981-02-06,karen.schneider@gmail.com,0371025885,London,England,United Kingdom,Silver,2022-06-13,Active
CUST001906,Cole,Key,Female,1966-06-15,cole.key@outlook.com,3261122710,Bengaluru,Karnataka,India,Gold,2025-12-09,Inactive
CUST001907,Matthew,Dillon,Female,1994-12-17,matthew.dillon@gmail.com,4350152708,Mumbai,Maharashtra,India,Diamond,2023-01-29,Active
CUST001908,Patricia,Murphy,Female,1996-07-20,patricia.murphy@hotmail.com,1643962264,Mumbai ,Maharashtra,India,Gold,2025-08-23,Active
CUST001909,Albert,Davis,Male,2001-08-22,albert.davis@outlook.com,8176575601,Dubai,Dubai,UAE,Gold,2024-10-25,Inactive
CUST001910,Michelle,Chen,Female,1967-11-19,,3791068948,New York,New York,United States,Diamond,2022-06-09,Inactive
CUST001911,Joshua,Burns,Male,1980-04-23,joshua.burns@gmail.com,1677728610,Singapore,Singapore,Singapore,Gold,2023-09-20,Inactive
CUST001912,Nicole,Reese,Female,1988-10-10,nicole.reese@gmail.com,1681466758,Delhi,Delhi,India,Diamond,2024-03-19,Active
CUST001913,Gregg,Fields,Male,1967-10-27,gregg.fields@outlook.com,5731859147,Dubai,Dubai,UAE,Diamond,2022-11-05,Inactive
CUST001914,Julian,Williams,Female,1961-09-21,julian.williams@gmail.com,8416534569,London,England,United Kingdom,Silver,2025-06-03,Inactive
CUST001915,Karen,Quinn,Male,2005-10-23,karen.quinn@gmail.com,0667198973,Sydney,New South Wales,Australia,Gold,2026-05-28,Active
CUST001916,Dustin,Perkins,Male,1978-11-19,dustin.perkins@yahoo.com,6704848411,New York,New York,United States,Gold,2023-01-28,Active
CUST001917,Jennifer,Day,Male,1975-09-19,jennifer.day@gmail.com,1679432772,Hyderabad,Telangana,India,Diamond,2025-04-29,Active
CUST001918,Curtis,Williams,Female,1994-08-28,curtis.williams@hotmail.com,2625960206,Chennai,Tamil Nadu,India,Platinum,2024-12-05,Inactive
CUST001919,Tracy,Mahoney,Male,1975-08-31,tracy.mahoney@hotmail.com,1851749769,Mumbai,Maharashtra,India,Gold,2024-02-21,Inactive
CUST001920,William,Branch,Male,1989-12-07,william.branch@yahoo.com,2998714278,Delhi,Delhi,India,Gold,2024-06-28,Inactive
CUST001921,Rachael,Rogers,Female,1999-01-14,rachael.rogers@hotmail.com,0448826426,Hyderabad,Telangana,India,Diamond,2023-07-16,Active
CUST001922,Melinda,Diaz,Female,2006-06-01,melinda.diaz@gmail.com,5401349645,Bengaluru,Karnataka,India,Platinum,2026-04-28,Inactive
CUST001923,Thomas,Davenport,Female,1961-02-01,thomas.davenport@outlook.com,2118845361,Sydney,New South Wales,Australia,Silver,2024-09-25,Inactive
CUST001924,Mathew,Brown,Female,1961-10-04,mathew.brown@outlook.com,6008175838,Sydney,New South Wales,Australia,Diamond,2024-04-02,Inactive
CUST001925,Matthew,Espinoza,Female,1972-03-28,matthew.espinoza@yahoo.com,3776384966,Sydney,New South Wales,Australia,Gold,2023-03-15,Active
CUST001926,Aaron,Ellis,Male,1986-07-18,aaron.ellis@hotmail.com,6105951404,New York,New York,United States,Gold,2026-05-29,Inactive
CUST001927,Mary,Stewart,Female,1978-07-08,mary.stewart@gmail.com,6566563372,Chennai,Tamil Nadu,India,Gold,2021-12-30,Active
CUST001928,Travis,Kelley,Male,1995-04-23,travis.kelley@yahoo.com,3479323208,Singapore,Singapore,Singapore,Diamond,2021-12-29,Inactive
CUST001929,Luis,Tucker,Male,1993-08-03,luis.tucker@gmail.com,6362864997,Delhi,Delhi,India,Diamond,2026-05-14,Active
CUST001930,Nicholas,Becker,Male,1997-07-25,nicholas.becker@outlook.com,9173088206,Chennai,Tamil Nadu,India,Platinum,2025-07-11,Inactive
CUST001931,Steven,Lowery,Female,1994-06-21,steven.lowery@outlook.com,7790774154,Singapore,Singapore,Singapore,Platinum,2026-01-07,Active
CUST001932,Juan,Bridges,Female,1970-11-01,juan.bridges@hotmail.com,6536731448,MUMBAI,Maharashtra,India,Platinum,2023-05-10,Inactive
CUST001933,Beth,Adams,Female,1969-06-08,beth.adams@gmail.com,7657974195,Singapore,Singapore,Singapore,Silver,2024-12-26,Inactive
CUST001934,Stephen,Shaw,Male,1970-07-06,stephen.shaw@yahoo.com,5691361396,Dubai,Dubai,UAE,Platinum,2025-02-09,Active
CUST001935,Mark,Rivera,Female,2001-02-12,mark.rivera@hotmail.com,5275827729,Bengaluru,Karnataka,India,Diamond,2026-02-21,Active
CUST001936,Julia,Williams,Male,1998-03-03,julia.williams@hotmail.com,2135021766,HYDERABAD,Telangana,India,Platinum,2024-07-09,Active
CUST001937,Thomas,White,Female,1991-12-19,thomas.white@hotmail.com,6452340003,New York,New York,United States,Platinum,2025-01-22,Inactive
CUST001938,Toni,Harris,Male,1978-04-21,toni.harris@hotmail.com,1178928273,Delhi,Delhi,India,Diamond,2025-02-17,Inactive
CUST001939,Billy,Aguilar,Female,1998-08-04,billy.aguilar@hotmail.com,2716970094,London,England,United Kingdom,Silver,2026-03-09,Inactive
CUST001940,William,Johnson,Female,1993-02-11,william.johnson@yahoo.com,9361067988,Mumbai,Maharashtra,India,Diamond,2025-05-11,Active
CUST001941,Johnny,Nelson,Male,1983-04-29,johnny.nelson@outlook.com,4028289370,BENGALURU,Karnataka,India,Diamond,2025-01-26,Active
CUST001942,Brandon,Green,Female,1969-04-15,brandon.green@hotmail.com,5663120341,Mumbai,Maharashtra,India,Silver,2025-11-08,Active
CUST001943,Donald,Maddox,Female,1994-09-21,donald.maddox@hotmail.com,3096113051,Hyderabad,Telangana,India,Gold,2026-03-13,Inactive
CUST001944,Kyle,Brown,Male,1975-01-02,kyle.brown@hotmail.com,5241087880,Sydney,New South Wales,Australia,Gold,2024-06-16,Active
CUST001945,Dalton,Gomez,Female,1989-05-07,dalton.gomez@hotmail.com,7823799023,Sydney,New South Wales,Australia,Gold,2024-01-25,Inactive
CUST001946,Brandon,Hicks,Male,1985-05-21,brandon.hicks@outlook.com,2606675030,Bengaluru,Karnataka,India,Diamond,2022-04-17,Inactive
CUST001947,Thomas,Weber,Female,1970-05-12,thomas.weber@outlook.com,2494290148,Singapore,Singapore,Singapore,Diamond,2023-02-07,Active
CUST001948,Marc,Huff,Female,1958-03-17,abc@,2983844496,Dubai,Dubai,UAE,Diamond,2022-12-22,Inactive
CUST001949,Darlene,Spencer,Male,1979-09-04,darlene.spencer@outlook.com,9675365378,Sydney,New South Wales,Australia,Gold,2023-10-21,Active
CUST001950,Tara,Schaefer,Male,2003-05-27,tara.schaefer@yahoo.com,7865363857,Dubai,Dubai,UAE,Silver,2025-08-18,Inactive
CUST001951,Joshua,Fowler,Female,1989-03-21,joshua.fowler@outlook.com,6884751992,Delhi,Delhi,India,Silver,2022-07-02,Active
CUST001952,Tara,Mata,Female,1999-12-11,tara.mata@hotmail.com,0729433415,Chennai,Tamil Nadu,India,Platinum,2026-03-11,Active
CUST001953,Jeremy,Kane,Female,1997-02-24,jeremy.kane@hotmail.com,4759096996,Mumbai,Maharashtra,India,Platinum,2023-11-13,Inactive
CUST001954,Michael,Yu,Female,1997-02-12,michael.yu@yahoo.com,5198713935,Hyderabad,Telangana,India,Silver,2024-01-27,Active
CUST001955,Dale,Jimenez,Female,1980-12-13,dale.jimenez@outlook.com,6496642796,Dubai,Dubai,UAE,Platinum,2021-10-06,Inactive
CUST001956,Justin,Knapp,Male,1965-11-11,justin.knapp@hotmail.com,1462799128,New York,New York,United States,Platinum,2022-07-28,Inactive
CUST001957,Joseph,Velez,Female,1973-05-20,###@gmail.com,0298603526,Dubai,Dubai,UAE,Gold,2026-05-14,Active
CUST001958,Brian,Myers,Male,1977-03-04,brian.myers@yahoo.com,6737684773,Singapore,Singapore,Singapore,Gold,2023-09-09,Active
CUST001959,Cindy,Atkinson,Male,1957-12-21,cindy.atkinson@outlook.com,4742199789,Sydney,New South Wales,Australia,Gold,2025-06-13,Active
CUST001960,Brian,Brown,Female,1966-11-26,brian.brown@hotmail.com,,Bengaluru,Karnataka,India,Silver,2023-02-04,Inactive
CUST001961,Paul,Pham,Male,1962-04-06,paul.pham@outlook.com,6613944875,Mumbai,Maharashtra,India,Platinum,2023-09-26,Active
CUST001962,Brian,Spence,Male,1981-11-20,brian.spence@gmail.com,0297750795,Sydney,New South Wales,Australia,Platinum,2025-05-02,Inactive
CUST001963,Meghan,Rose,Male,1979-01-10,meghan.rose@gmail.com,1925261271,Singapore,Singapore,Singapore,Silver,2024-09-21,Inactive
CUST001964,Jason,Acosta,Female,1975-07-24,jason.acosta@gmail.com,9481224518,Singapore,Singapore,Singapore,Gold,2023-03-13,Inactive
CUST001965,Benjamin,Smith,Female,1983-03-27,benjamin.smith@yahoo.com,5681991602,Singapore,Singapore,Singapore,Platinum,2022-09-06,Inactive
CUST001966,Whitney,White,Female,2001-05-30,whitney.white@gmail.com,5722387201,MUMBAI,Maharashtra,India,Diamond,2026-05-06,Inactive
CUST001967,Ryan,Garza,Female,1962-12-12,ryan.garza@gmail.com,6756163078,London,England,United Kingdom,Silver,2025-04-07,Active
CUST001968,Anthony,Knapp,Female,1976-01-25,anthony.knapp@outlook.com,8670329093,Delhi,Delhi,India,Silver,2022-06-29,Active
CUST001969,Evelyn,Gutierrez,Female,1971-07-03,evelyn.gutierrez@hotmail.com,2065484603,London,England,United Kingdom,Gold,2024-07-21,Inactive
CUST001970,Ryan,Lambert,Female,2001-08-05,ryan.lambert@yahoo.com,7426248881,Bengaluru,Karnataka,India,Gold,2024-03-13,Inactive
CUST001971,Lauren,Castro,Female,1984-03-12,@gmail.com,2575757832,New York,New York,United States,Gold,2025-10-01,Active
CUST001972,Jeffrey,Sandoval,Male,1983-03-27,jeffrey.sandoval@yahoo.com,9435062077,Delhi,Delhi,India,Silver,2023-12-12,Active
CUST001973,Gina,Zamora,Male,1964-08-08,gina.zamora@hotmail.com,,Hyderabad,Telangana,India,Gold,2023-10-15,Inactive
CUST001974,Dennis,Moore,Female,1992-07-11,dennis.moore@hotmail.com,8337865297,Mumbai,Maharashtra,India,Silver,2024-05-20,Active
CUST001975,Danielle,Sweeney,Male,1965-04-01,danielle.sweeney@outlook.com,3321012695,New York,New York,United States,Platinum,2025-02-26,Active
CUST001976,Brandi,Miller,Male,1971-09-15,brandi.miller@hotmail.com,5658346314,London,England,United Kingdom,Diamond,2022-07-28,Inactive
CUST001977,Melissa,Norris,Female,1959-10-04,melissa.norris@outlook.com,2783168566,New York,New York,United States,Platinum,2026-02-01,Inactive
CUST001978,Shawn,Harmon,Female,1995-03-23,abc@,3455909777,Chennai,Tamil Nadu,India,Platinum,2024-10-03,Inactive
CUST001979,Michael,Romero,Male,1962-10-17,michael.romero@outlook.com,,Dubai,Dubai,UAE,Diamond,2023-07-12,Inactive
CUST001980,Michele,Boyd,Female,1997-03-09,michele.boyd@hotmail.com,6913823969,New York,New York,United States,Platinum,2024-06-04,Active
CUST001981,Roger,Eaton,Male,1988-09-15,roger.eaton@yahoo.com,6521740403,Sydney,New South Wales,Australia,Platinum,2021-10-06,Inactive
CUST001982,Brittany,Medina,Male,2001-07-19,gmail.com,1996431342,Delhi,Delhi,India,Diamond,2024-04-16,Active
CUST001983,Jose,Mitchell,Male,2000-03-05,jose.mitchell@yahoo.com,4837834315,Hyderabad,Telangana,India,Gold,2025-07-26,Active
CUST001984,Elizabeth,Graham,Female,1957-02-03,elizabeth.graham@outlook.com,0787029144,Mumbai,Maharashtra,India,Gold,2024-03-25,Active
CUST001985,Andrew,Webster,Male,1996-04-10,andrew.webster@hotmail.com,9676785089,Delhi,Delhi,India,Diamond,2023-11-17,Inactive
CUST001986,Amy,Wilson,Female,1985-02-23,amy.wilson@gmail.com,6295438124,Dubai,Dubai,UAE,Diamond,2022-08-07,Active
CUST001987,Steven,Shields,Male,1991-08-07,steven.shields@gmail.com,4764772651,Singapore,Singapore,Singapore,Silver,2022-05-28,Active
CUST001988,Joshua,Phillips,Male,1995-02-07,joshua.phillips@gmail.com,3043721263,Chennai,Tamil Nadu,India,Silver,2023-04-26,Active
CUST001989,Shannon,Miller,Female,1969-02-20,,9167518191,Mumbai,Maharashtra,India,Silver,2024-09-21,Inactive
CUST001990,Lisa,Murphy,Female,1982-03-08,lisa.murphy@hotmail.com,4710278007,Sydney,New South Wales,Australia,Gold,2024-01-23,Inactive
CUST001991,Melissa,Lee,Female,1998-08-11,,3421511542,Hyderabad,Telangana,India,Silver,2021-10-04,Active
CUST001992,Julie,Cantu,Male,1956-09-10,julie.cantu@yahoo.com,0147018329,Mumbai,Maharashtra,India,Silver,2022-10-20,Inactive
CUST001993,Jasmine,Cortez,Male,1993-02-18,jasmine.cortez@hotmail.com,0872158886,Sydney,New South Wales,Australia,Silver,2021-12-24,Active
CUST001994,Larry,Keller,Male,1981-12-29,larry.keller@hotmail.com,1652283283,Hyderabad,Telangana,India,Platinum,2022-06-16,Inactive
CUST001995,Elizabeth,Bartlett,Male,1982-12-22,elizabeth.bartlett@yahoo.com,9497351402,Mumbai,Maharashtra,India,Diamond,2024-07-26,Active
CUST001996,Dawn,Thornton,Male,2007-01-01,dawn.thornton@gmail.com,6092493915,Bengaluru,Karnataka,India,Gold,2022-11-16,Active
CUST001997,Dorothy,Mcintyre,Female,1958-09-21,dorothy.mcintyre@yahoo.com,4928920814,Bengaluru,Karnataka,India,Gold,2023-10-28,Active
CUST001998,Hannah,Dixon,Male,1987-02-19,hannah.dixon@yahoo.com,9419263758,Mumbai,Maharashtra,India,Platinum,2024-02-21,Inactive
CUST001999,Nancy,Willis,Female,2001-11-05,,7211176466,Mumbai,Maharashtra,India,Platinum,2023-10-31,Inactive
CUST002000,Leslie,Simpson,Male,1978-06-22,leslie.simpson@outlook.com,0708764053,London,England,United Kingdom,Platinum,2025-05-03,Active
CUST002001,Carrie,Wilson,Male,1993-03-05,carrie.wilson@gmail.com,1082797892,Sydney,New South Wales,Australia,Silver,2026-02-12,Inactive
CUST002002,Cory,Rollins,Male,1994-11-28,cory.rollins@gmail.com,6654376718,Singapore,Singapore,Singapore,Silver,2022-11-23,Inactive
CUST002003,Erin,Ortiz,Male,2001-05-21,erin.ortiz@outlook.com,2659926476,Delhi,Delhi,India,Platinum,2025-02-24,Active
CUST002004,Patricia,Daniels,Male,2006-05-31,patricia.daniels@outlook.com,5560576504,London,England,United Kingdom,Platinum,2024-11-22,Active
CUST002005,Christopher,Hoffman,Female,1997-09-24,christopher.hoffman@yahoo.com,5405102116,Mumbai,Maharashtra,India,Platinum,2025-12-02,Inactive
CUST002006,Ryan,Anderson,Male,1969-07-29,ryan.anderson@hotmail.com,6422113999,Sydney,New South Wales,Australia,Diamond,2023-02-03,Inactive
CUST002007,Madison,Robertson,Female,1958-08-29,madison.robertson@gmail.com,6598228340,Bengaluru,Karnataka,India,Gold,2023-04-11,Inactive
CUST002008,April,Kennedy,Male,1960-08-19,april.kennedy@outlook.com,6343534220,Bengaluru,Karnataka,India,Diamond,2023-05-07,Inactive
CUST002009,Jose,Martin,Male,1967-12-17,jose.martin@outlook.com,5209019360,New York,New York,United States,Platinum,2022-05-07,Inactive
CUST002010,Kaitlyn,Cook,Male,1995-07-03,kaitlyn.cook@yahoo.com,0061831738,Dubai,Dubai,UAE,Diamond,2023-09-26,Active
CUST002011,Brandon,Vang,Female,1959-04-17,brandon.vang@yahoo.com,6981175294,Delhi,Delhi,India,Gold,2022-11-22,Active
CUST002012,Susan,Hodge,Male,1971-12-01,susan.hodge@hotmail.com,5410670531,Chennai,Tamil Nadu,India,Gold,2023-03-11,Inactive
CUST002013,Scott,Myers,Female,1991-02-04,scott.myers@yahoo.com,6008508479,Delhi,Delhi,India,Silver,2022-10-24,Active
CUST002014,Julie,Miller,Female,1958-09-30,julie.miller@yahoo.com,1363476455,Singapore,Singapore,Singapore,Silver,2023-05-27,Inactive
CUST002015,James,Turner,Male,1977-09-24,james.turner@gmail.com,1246210266,London,England,United Kingdom,Diamond,2023-10-01,Active
CUST002016,Brandon,Barker,Male,1993-08-03,brandon.barker@gmail.com,4984902278,Mumbai,Maharashtra,India,Silver,2024-07-25,Inactive
CUST002017,Tami,Bentley,Female,2004-10-23,gmail.com,6439191593,DELHI,Delhi,India,Platinum,2024-07-08,Inactive
CUST002018,Melissa,Ward,Male,2002-10-04,melissa.ward@gmail.com,9440022870,London,England,United Kingdom,Gold,2024-02-14,Inactive
CUST002019,Sarah,Higgins,Male,1988-11-28,sarah.higgins@gmail.com,3699166265,Sydney,New South Wales,Australia,Diamond,2026-03-11,Active
CUST002020,Virginia,Mcmillan,Male,1995-06-23,virginia.mcmillan@outlook.com,4186241975,London,England,United Kingdom,Silver,2021-11-09,Active
CUST002021,Seth,Duncan,Male,1968-11-22,seth.duncan@gmail.com,4384293431,Hyderabad,Telangana,India,Gold,2025-10-01,Active
CUST002022,Marvin,Anderson,Female,1964-11-13,marvin.anderson@yahoo.com,1436268058,New York,New York,United States,Gold,2021-08-04,Active
CUST002023,John,Perez,Female,1976-04-01,john.perez@outlook.com,2996519641,DUBAI,Dubai,UAE,Silver,2026-03-17,Active
CUST002024,Julie,Schultz,Male,1992-02-17,julie.schultz@hotmail.com,2379581553,Mumbai,Maharashtra,India,Silver,2024-04-14,Inactive
CUST002025,Stephanie,Hess,Male,1999-08-06,stephanie.hess@hotmail.com,5034343681,New York,New York,United States,Platinum,2022-02-12,Active
CUST002026,Kenneth,Walker,Female,2007-08-06,kenneth.walker@hotmail.com,,London,England,United Kingdom,Diamond,2022-05-23,Active
CUST002027,Dennis,Willis,Male,2006-07-01,dennis.willis@gmail.com,,Dubai,Dubai,UAE,Platinum,2025-12-01,Active
CUST002028,Amy,Reeves,Female,1983-12-18,amy.reeves@yahoo.com,6384427804,Singapore,Singapore,Singapore,Silver,2024-01-07,Inactive
CUST002029,Denise,Gray,Male,1999-03-31,denise.gray@gmail.com,2766250262,New York,New York,United States,Platinum,2022-06-05,Inactive
CUST002030,Jason,Casey,Male,1989-12-27,jason.casey@yahoo.com,3685905278,Singapore,Singapore,Singapore,Platinum,2021-09-27,Inactive
CUST002031,Sean,Johnson,Female,2007-08-01,sean.johnson@yahoo.com,6304413397,Chennai,Tamil Nadu,India,Silver,2021-11-17,Inactive
CUST002032,Ryan,Lopez,Female,1982-10-15,ryan.lopez@hotmail.com,5518205144,Sydney,New South Wales,Australia,Diamond,2022-06-03,Inactive
CUST002033,Leslie,Turner,Male,1981-04-23,leslie.turner@yahoo.com,4740645280,Mumbai,Maharashtra,India,Diamond,2025-06-07,Inactive
CUST002034,Taylor,Morgan,Male,1987-06-22,taylor.morgan@gmail.com,2891798559,Bengaluru,Karnataka,India,Diamond,2023-08-31,Inactive
CUST002035,Tom,Horn,Female,1962-09-05,tom.horn@yahoo.com,8990043800,Singapore,Singapore,Singapore,Diamond,2023-04-15,Inactive
CUST002036,Tiffany,Riddle,Male,1985-03-18,tiffany.riddle@yahoo.com,6902714253,Dubai,Dubai,UAE,Gold,2025-01-29,Inactive
CUST002037,Elizabeth,Harrington,Female,1972-08-28,elizabeth.harrington@hotmail.com,0768382378, Singapore,Singapore,Singapore,Diamond,2023-10-03,Inactive
CUST002038,Ashley,Johnson,Male,1999-09-02,ashley.johnson@gmail.com,3385359378,Mumbai,Maharashtra,India,Diamond,2022-05-03,Active
CUST002039,Ian,Gardner,Female,2000-05-08,ian.gardner@outlook.com,5648021023,Mumbai,Maharashtra,India,Silver,2026-03-17,Inactive
CUST002040,Margaret,Jones,Female,2003-03-25,margaret.jones@hotmail.com,3068324614,Delhi,Delhi,India,Gold,2023-04-29,Active
CUST002041,Chase,Duran,Male,1973-08-28,chase.duran@gmail.com,0219727139,New York,New York,United States,Platinum,2022-12-23,Inactive
CUST002042,George,Perez,Male,1964-08-26,george.perez@yahoo.com,1107453567,Mumbai,Maharashtra,India,Diamond,2022-07-30,Active
CUST002043,John,Walker,Male,1992-04-19,john.walker@yahoo.com,1428602963,LONDON,England,United Kingdom,Diamond,2023-05-15,Inactive
CUST002044,Brianna,Jarvis,Female,2002-10-20,brianna.jarvis@gmail.com,6357304231,New York,New York,United States,Gold,2024-02-10,Inactive
CUST002045,Kayla,Torres,Female,1977-07-14,kayla.torres@hotmail.com,8269952925,Bengaluru,Karnataka,India,Platinum,2023-09-19,Inactive
CUST002046,Christopher,Williams,Male,1962-03-09,christopher.williams@yahoo.com,7516766197,Mumbai,Maharashtra,India,Diamond,2023-10-22,Active
CUST002047,Carol,Nelson,Female,1983-10-17,carol.nelson@gmail.com,1738668846,Sydney,New South Wales,Australia,Gold,2024-03-27,Active
CUST002048,Mary,Powell,Male,1965-03-26,,9528481384,Mumbai,Maharashtra,India,Platinum,2024-12-04,Inactive
CUST002049,Micheal,West,Female,1961-08-02,micheal.west@yahoo.com,8661698517,Delhi,Delhi,India,Diamond,2023-11-26,Inactive
CUST002050,Joseph,Smith,Female,1975-01-12,joseph.smith@outlook.com,8671544625,Mumbai,Maharashtra,India,Platinum,2025-07-23,Active
CUST002051,Adam,Gonzales,Female,1972-08-13,adam.gonzales@yahoo.com,1717425567,London,England,United Kingdom,Diamond,2023-07-22,Inactive
CUST002052,Eric,Brown,Male,2007-11-02,eric.brown@hotmail.com,7668561298,Sydney,New South Wales,Australia,Gold,2022-07-21,Active
CUST002053,Lisa,Myers,Female,1997-07-03,lisa.myers@outlook.com,2036952280,Chennai,Tamil Nadu,India,Gold,2023-02-02,Active
CUST002054,Christopher,Martinez,Male,2003-08-29,christopher.martinez@gmail.com,0174126534,Singapore,Singapore,Singapore,Silver,2023-05-30,Inactive
CUST002055,Nicole,Vazquez,Male,1964-07-05,nicole.vazquez@outlook.com,8383024154,Mumbai,Maharashtra,India,Gold,2025-05-14,Inactive
CUST002056,Rodney,Obrien,Female,1986-07-28,rodney.obrien@hotmail.com,8512238086,Chennai,Tamil Nadu,India,Platinum,2026-04-24,Active
CUST002057,Rebecca,Haley,Female,1993-09-16,rebecca.haley@outlook.com,4246063341,Singapore,Singapore,Singapore,Platinum,2024-11-19,Active
CUST002058,Peggy,Davis,Female,1960-01-12,peggy.davis@gmail.com,0524080668,Chennai,Tamil Nadu,India,Diamond,2026-07-24,Inactive
CUST002059,Paul,Hernandez,Male,1964-05-25,paul.hernandez@yahoo.com,0065579275,Chennai,Tamil Nadu,India,Platinum,2022-02-19,Inactive
CUST002060,Jacob,Rich,Male,1972-03-10,jacob.rich@yahoo.com,1814282859,London,England,United Kingdom,Gold,2023-02-16,Active
CUST002061,Jose,Johnson,Male,2005-04-22,jose.johnson@hotmail.com,4009342954,Bengaluru,Karnataka,India,Gold,2024-03-01,Inactive
CUST002062,Natalie,Klein,Male,1986-04-16,natalie.klein@gmail.com,1307379921,Bengaluru,Karnataka,India,Diamond,2025-07-10,Inactive
CUST002063,Justin,Cox,Male,2003-02-06,justin.cox@yahoo.com,7519332067,Sydney,New South Wales,Australia,Gold,2024-12-04,Active
CUST002064,Jennifer,Bright,Female,1982-06-13,jennifer.bright@outlook.com,4321426402,London,England,United Kingdom,Silver,2026-02-09,Inactive
CUST002065,Brianna,Aguilar,Female,1986-11-06,brianna.aguilar@yahoo.com,4329877955,Mumbai,Maharashtra,India,Silver,2022-12-08,Inactive
CUST002066,Ashley,Aguirre,Male,1979-07-21,ashley.aguirre@outlook.com,9796817631,Chennai,Tamil Nadu,India,Silver,2025-11-08,Inactive
CUST002067,Mason,Aguirre,Female,2006-05-21,mason.aguirre@outlook.com,2197260176,Singapore ,Singapore,Singapore,Silver,2026-06-07,Inactive
CUST002068,Brittany,Reeves,Female,2001-08-30,brittany.reeves@outlook.com,0694762347,New York ,New York,United States,Silver,2024-10-19,Active
CUST002069,Ashley,Neal,Male,1964-07-15,ashley.neal@outlook.com,3040989380,Sydney,New South Wales,Australia,Gold,2026-03-29,Inactive
CUST002070,Howard,Woodward,Male,1970-06-04,howard.woodward@outlook.com,7385092091,Delhi,Delhi,India,Diamond,2025-03-27,Inactive
CUST002071,Heather,Sanchez,Female,1986-12-24,heather.sanchez@yahoo.com,0433919837,New York,New York,United States,Diamond,2021-10-08,Inactive
CUST002072,Andrew,Townsend,Female,2006-03-25,andrew.townsend@gmail.com,0966056403,Sydney,New South Wales,Australia,Platinum,2022-10-26,Inactive
CUST002073,Peter,Armstrong,Male,1976-11-30,peter.armstrong@outlook.com,2806889621,Sydney,New South Wales,Australia,Gold,2022-09-11,Inactive
CUST002074,Joseph,Price,Female,1982-12-08,joseph.price@yahoo.com,1173619065,Sydney,New South Wales,Australia,Gold,2023-07-07,Active
CUST002075,Tiffany,Gamble,Male,1961-06-08,tiffany.gamble@hotmail.com,6872065115,New York,New York,United States,Gold,2023-03-29,Active
CUST002076,Haley,Delacruz,Female,1993-11-12,gmail.com,8351727261,New York,New York,United States,Gold,2021-12-08,Inactive
CUST002077,Adam,Lopez,Female,1988-08-28,adam.lopez@gmail.com,3964317945,New York,New York,United States,Gold,2021-12-05,Inactive
CUST002078,Jennifer,Myers,Female,1958-11-09,jennifer.myers@hotmail.com,0856169290,Hyderabad,Telangana,India,Gold,2022-08-16,Inactive
CUST002079,Elizabeth,Howell,Male,1983-08-08,elizabeth.howell@yahoo.com,6870113070,Singapore,Singapore,Singapore,Silver,2026-03-19,Active
CUST002080,Scott,Harrington,Male,2004-11-03,scott.harrington@yahoo.com,,Bengaluru,Karnataka,India,Diamond,2023-07-24,Active
CUST002081,David,White,Female,1967-02-24,david.white@outlook.com,9576917403,Dubai,Dubai,UAE,Gold,2026-07-14,Inactive
CUST002082,Jesse,Jones,Female,1995-08-04,jesse.jones@yahoo.com,0660758974,Sydney ,New South Wales,Australia,Platinum,2023-07-26,Inactive
CUST002083,Alexander,Garcia,Male,1971-06-14,alexander.garcia@gmail.com,8800547851,Delhi,Delhi,India,Gold,2025-09-16,Active
CUST002084,Danielle,Reynolds,Male,1972-11-11,danielle.reynolds@hotmail.com,0631034306,Hyderabad,Telangana,India,Gold,2022-08-31,Active
CUST002085,Steven,Francis,Female,1991-04-23,,1310798065,Chennai,Tamil Nadu,India,Silver,2021-09-28,Active
CUST002086,Cynthia,Horne,Female,1995-06-07,cynthia.horne@hotmail.com,9351542511,London,England,United Kingdom,Silver,2024-09-10,Inactive
CUST002087,Maria,Thomas,Female,1967-02-13,maria.thomas@gmail.com,7649056100,Singapore,Singapore,Singapore,Platinum,2023-02-01,Active
CUST002088,Lisa,Turner,Male,1977-08-09,lisa.turner@yahoo.com,3325278771,Bengaluru,Karnataka,India,Silver,2025-05-23,Active
CUST002089,Brian,Johnson,Male,1982-09-19,brian.johnson@yahoo.com,2308923390,Dubai,Dubai,UAE,Gold,2021-09-04,Active
CUST002090,Lisa,Carroll,Female,1961-12-01,lisa.carroll@gmail.com,9144767092,London,England,United Kingdom,Diamond,2026-07-02,Active
CUST002091,Mary,Mills,Female,1969-06-30,mary.mills@gmail.com,5089187913,Singapore,Singapore,Singapore,Silver,2025-07-04,Inactive
CUST002092,Xavier,Wheeler,Female,1987-11-05,xavier.wheeler@outlook.com,1572448549,Dubai,Dubai,UAE,Silver,2026-02-08,Active
CUST002093,Kevin,Luna,Female,1961-01-02,kevin.luna@gmail.com,4984965744,New York,New York,United States,Gold,2025-10-12,Inactive
CUST002094,Roy,Brown,Female,1981-01-24,roy.brown@gmail.com,5294884589,Mumbai,Maharashtra,India,Silver,2024-12-24,Inactive
CUST002095,Bethany,Gonzales,Female,1965-08-25,bethany.gonzales@hotmail.com,7100067294,Hyderabad,Telangana,India,Platinum,2022-03-15,Inactive
CUST002096,Ronald,Schaefer,Male,1970-02-02,ronald.schaefer@gmail.com,4507990757,Singapore,Singapore,Singapore,Gold,2025-11-16,Active
CUST002097,Christina,Morrison,Female,2001-07-27,christina.morrison@outlook.com,3740551353,Dubai,Dubai,UAE,Silver,2025-04-19,Inactive
CUST002098,Carolyn,Coleman,Male,1999-07-20,carolyn.coleman@yahoo.com,2161622789,Dubai,Dubai,UAE,Diamond,2022-07-12,Inactive
CUST002099,Karina,Schmidt,Male,1977-05-18,karina.schmidt@gmail.com,4285258356,Bengaluru,Karnataka,India,Gold,2025-11-06,Inactive
CUST002100,Zachary,Hudson,Male,1995-01-05,zachary.hudson@yahoo.com,3155618125,Dubai,Dubai,UAE,Platinum,2025-04-12,Inactive
CUST002101,Darrell,Garza,Female,1997-08-28,darrell.garza@hotmail.com,1196270879,Dubai,Dubai,UAE,Silver,2023-09-08,Inactive
CUST002102,Richard,Ferguson,Male,1958-02-21,richard.ferguson@gmail.com,9063477102,Delhi,Delhi,India,Gold,2025-03-08,Inactive
CUST002103,Bill,Thomas,Male,2004-11-10,bill.thomas@hotmail.com,0570533566,Sydney,New South Wales,Australia,Platinum,2022-10-02,Inactive
CUST002104,Melanie,Morales,Male,1990-09-05,melanie.morales@gmail.com,8271936248,London ,England,United Kingdom,Platinum,2024-05-03,Active
CUST002105,Lauren,Thompson,Male,1975-08-28,lauren.thompson@outlook.com,6511184992,Dubai,Dubai,UAE,Silver,2025-02-03,Inactive
CUST002106,Scott,Wilson,Female,1965-05-04,scott.wilson@yahoo.com,2682237852,Sydney,New South Wales,Australia,Diamond,2024-03-10,Active
CUST002107,Michael,Conley,Female,2004-10-09,michael.conley@yahoo.com,0985413355,Singapore ,Singapore,Singapore,Gold,2024-12-18,Active
CUST002108,Lisa,Nelson,Female,1982-11-07,lisa.nelson@gmail.com,4984436678,Singapore,Singapore,Singapore,Diamond,2025-07-29,Inactive
CUST002109,Teresa,Gonzales,Male,1964-07-15,teresa.gonzales@gmail.com,3366503216,Sydney,New South Wales,Australia,Platinum,2024-01-21,Active
CUST002110,Tanner,Mercer,Female,1985-05-18,tanner.mercer@outlook.com,6184827398,Mumbai,Maharashtra,India,Gold,2024-03-20,Active
CUST002111,Angela,Johnson,Female,1988-03-27,angela.johnson@hotmail.com,3135198783,New York,New York,United States,Platinum,2022-04-04,Active
CUST002112,Stacey,Williams,Male,2000-07-31,stacey.williams@hotmail.com,5988504011,New York,New York,United States,Silver,2021-10-25,Active
CUST002113,Tyler,Bautista,Male,1967-10-02,tyler.bautista@yahoo.com,6625151926,Delhi,Delhi,India,Gold,2022-09-10,Inactive
CUST002114,William,Daniel,Male,2005-01-25,william.daniel@hotmail.com,9382657034,Hyderabad,Telangana,India,Diamond,2023-09-21,Active
CUST002115,Robert,Reed,Female,1958-10-01,,0301494418,Bengaluru,Karnataka,India,Silver,2025-05-11,Active
CUST002116,Kelly,Gay,Female,1982-04-23,kelly.gay@outlook.com,9127625106,Sydney,New South Wales,Australia,Gold,2024-06-12,Inactive
CUST002117,Peter,Adams,Female,2002-10-26,peter.adams@yahoo.com,6417318847,Delhi,Delhi,India,Platinum,2022-07-07,Inactive
CUST002118,Anthony,Rodgers,Female,1966-09-25,anthony.rodgers@hotmail.com,7184807439,Chennai,Tamil Nadu,India,Gold,2026-06-24,Inactive
CUST002119,Stacy,Bennett,Female,1974-04-04,stacy.bennett@outlook.com,2868766134,Bengaluru,Karnataka,India,Silver,2022-01-18,Inactive
CUST002120,William,Wilkinson,Male,1963-08-05,william.wilkinson@gmail.com,1296849530,Hyderabad,Telangana,India,Diamond,2021-11-04,Active
CUST002121,Sharon,Berry,Male,1980-05-18,sharon.berry@outlook.com,9776838556,Singapore,Singapore,Singapore,Gold,2024-01-21,Inactive
CUST002122,Joshua,Hill,Female,1959-05-26,joshua.hill@hotmail.com,4491756035,Delhi,Delhi,India,Platinum,2025-09-07,Active
CUST002123,Jeffrey,Christian,Female,1979-11-12,jeffrey.christian@gmail.com,6558866289,Delhi,Delhi,India,Platinum,2023-07-20,Active
CUST002124,Thomas,Reyes,Female,1979-02-18,thomas.reyes@gmail.com,9840987411,Sydney,New South Wales,Australia,Diamond,2026-04-10,Inactive
CUST002125,Phillip,Fletcher,Female,1998-01-04,phillip.fletcher@yahoo.com,5333300238,Sydney,New South Wales,Australia,Platinum,2025-01-22,Active
CUST002126,Gail,Simmons,Male,1966-07-24,@gmail.com,5584092449,New York,New York,United States,Silver,2024-06-17,Active
CUST002127,Luke,Williams,Female,1998-06-13,luke.williams@yahoo.com,8103464390,Hyderabad,Telangana,India,Gold,2026-07-14,Active
CUST002128,Phillip,Castro,Male,1967-02-04,phillip.castro@hotmail.com,4493308033,Singapore,Singapore,Singapore,Gold,2023-03-19,Inactive
CUST002129,Kenneth,Kim,Male,1999-07-28,kenneth.kim@yahoo.com,4310826829,London,England,United Kingdom,Gold,2022-07-20,Active
CUST002130,Pam,Gomez,Female,1956-03-09,pam.gomez@hotmail.com,6299913077,Sydney,New South Wales,Australia,Gold,2025-03-20,Inactive
CUST002131,Rebecca,Santiago,Male,1956-11-20,rebecca.santiago@outlook.com,6154023369,Singapore,Singapore,Singapore,Platinum,2022-04-03,Inactive
CUST002132,Lori,Davis,Female,2007-11-01,lori.davis@yahoo.com,5313731502,Singapore,Singapore,Singapore,Diamond,2022-08-19,Inactive
CUST002133,Allison,Foster,Male,2000-01-17,allison.foster@outlook.com,0914810322,Mumbai,Maharashtra,India,Platinum,2023-12-08,Active
CUST002134,Andrew,Moore,Female,1996-04-20,andrew.moore@outlook.com,8674427351,Singapore,Singapore,Singapore,Diamond,2024-11-02,Active
CUST002135,Kristi,Murray,Female,1982-01-11,kristi.murray@outlook.com,4585443595,Bengaluru,Karnataka,India,Gold,2022-12-26,Inactive
CUST002136,Ariel,Blackburn,Female,1991-10-09,ariel.blackburn@yahoo.com,7571435528,Hyderabad,Telangana,India,Diamond,2023-02-19,Inactive
CUST002137,Charles,Miller,Male,2003-02-08,charles.miller@hotmail.com,1520027392,Mumbai,Maharashtra,India,Gold,2023-11-11,Active
CUST002138,James,Jones,Male,1974-03-10,james.jones@outlook.com,3933876857,Hyderabad,Telangana,India,Platinum,2025-03-13,Active
CUST002139,Lee,Hill,Male,1973-04-07,lee.hill@hotmail.com,8849891850,Mumbai,Maharashtra,India,Silver,2025-07-04,Active
CUST002140,Meghan,Yang,Female,2000-03-14,meghan.yang@outlook.com,8153275605,London,England,United Kingdom,Diamond,2022-12-29,Active
CUST002141,Carol,Townsend,Male,1983-04-29,carol.townsend@gmail.com,7679435803,Mumbai,Maharashtra,India,Diamond,2025-09-13,Inactive
CUST002142,Daniel,Berg,Female,1993-10-30,daniel.berg@hotmail.com,7814454826,Delhi,Delhi,India,Gold,2022-06-24,Inactive
CUST002143,James,Watson,Male,1985-09-07,james.watson@outlook.com,6182246876,Chennai,Tamil Nadu,India,Platinum,2022-04-12,Active
CUST002144,Jack,Herrera,Female,1959-06-29,jack.herrera@yahoo.com,9353900183,Mumbai,Maharashtra,India,Diamond,2026-04-07,Inactive
CUST002145,Ruben,Livingston,Female,1999-03-24,ruben.livingston@hotmail.com,4347749255,London,England,United Kingdom,Silver,2025-08-24,Inactive
CUST002146,Monica,Bryan,Male,1958-09-27,monica.bryan@gmail.com,6915527058,Mumbai,Maharashtra,India,Silver,2026-05-25,Active
CUST002147,Edward,Reed,Female,1965-11-14,edward.reed@outlook.com,9458530620, New York,New York,United States,Gold,2022-03-20,Inactive
CUST002148,Joshua,Miller,Male,1985-10-27,joshua.miller@yahoo.com,4788042082,Hyderabad,Telangana,India,Gold,2021-11-28,Active
CUST002149,Chad,Smith,Female,1980-11-02,chad.smith@yahoo.com,,New York,New York,United States,Platinum,2022-03-24,Active
CUST002150,Cynthia,Young,Female,1970-09-16,cynthia.young@yahoo.com,4842385309,New York,New York,United States,Diamond,2022-12-26,Active
CUST002151,Angela,Taylor,Female,1996-10-22,angela.taylor@gmail.com,8120405864,Bengaluru,Karnataka,India,Platinum,2021-09-05,Inactive
CUST002152,Keith,Foster,Female,1961-04-17,keith.foster@hotmail.com,0481106346,Hyderabad,Telangana,India,Gold,2025-11-22,Inactive
CUST002153,Jose,Gonzales,Male,1997-03-18,jose.gonzales@yahoo.com,1967773307,Delhi,Delhi,India,Gold,2022-11-19,Inactive
CUST002154,Courtney,Pena,Female,1988-12-12,courtney.pena@hotmail.com,9286603354,Singapore,Singapore,Singapore,Gold,2024-08-30,Inactive
CUST002155,Jacqueline,Thompson,Female,1977-07-13,jacqueline.thompson@outlook.com,9722418926,Dubai,Dubai,UAE,Diamond,2022-02-06,Active
CUST002156,Kelly,Moss,Female,1971-09-20,kelly.moss@hotmail.com,5397924652,Chennai,Tamil Nadu,India,Gold,2023-04-13,Active
CUST002157,Justin,Andrade,Male,1981-10-20,justin.andrade@outlook.com,9377799462,Chennai,Tamil Nadu,India,Platinum,2022-08-05,Inactive
CUST002158,Kellie,Calderon,Male,1999-04-20,kellie.calderon@outlook.com,8632068512,Singapore,Singapore,Singapore,Platinum,2021-11-18,Active
CUST002159,Sharon,Martin,Male,2008-01-20,sharon.martin@outlook.com,0305744541,London,England,United Kingdom,Diamond,2023-03-12,Active
CUST002160,Anna,Jackson,Male,1984-07-06,anna.jackson@hotmail.com,8309594248,Singapore,Singapore,Singapore,Platinum,2022-03-24,Active
CUST002161,Kaitlyn,Freeman,Female,1975-09-08,kaitlyn.freeman@gmail.com,7761956405,Mumbai,Maharashtra,India,Diamond,2025-11-26,Active
CUST002162,Lori,Morrison,Female,1988-07-25,lori.morrison@yahoo.com,9457890014,Chennai,Tamil Nadu,India,Platinum,2025-09-27,Active
CUST002163,Patricia,Thompson,Female,1977-06-24,patricia.thompson@hotmail.com,9777197764,London,England,United Kingdom,Diamond,2022-08-06,Inactive
CUST002164,Daniel,Johnson,Female,1962-07-04,daniel.johnson@gmail.com,9837291640, Singapore,Singapore,Singapore,Diamond,2021-11-28,Active
CUST002165,Alexis,Bauer,Male,1971-07-29,alexis.bauer@yahoo.com,9649955765,Dubai,Dubai,UAE,Platinum,2021-08-12,Active
CUST002166,Tina,Rivera,Male,1971-07-03,tina.rivera@gmail.com,8918140960,New York ,New York,United States,Platinum,2022-09-22,Inactive
CUST002167,Joshua,Hurley,Female,2007-07-26,joshua.hurley@yahoo.com,3833093123,Bengaluru,Karnataka,India,Diamond,2023-06-16,Inactive
CUST002168,Sandra,Anderson,Male,1985-05-30,sandra.anderson@outlook.com,4472244414,Hyderabad,Telangana,India,Gold,2024-04-16,Inactive
CUST002169,Michael,Reynolds,Female,1979-10-22,michael.reynolds@gmail.com,,Hyderabad,Telangana,India,Diamond,2023-01-09,Inactive
CUST002170,Wayne,Wade,Female,1984-01-11,wayne.wade@hotmail.com,3522437296,Sydney,New South Wales,Australia,Platinum,2022-11-23,Active
CUST002171,Alyssa,White,Male,1981-08-02,alyssa.white@hotmail.com,4375479082,Chennai,Tamil Nadu,India,Silver,2023-12-28,Active
CUST002172,Sally,Cruz,Female,1974-03-30,sally.cruz@yahoo.com,9654509277,Hyderabad,Telangana,India,Gold,2025-02-08,Inactive
CUST002173,Bryan,Ward,Male,1965-08-07,bryan.ward@yahoo.com,0827324792,Bengaluru,Karnataka,India,Gold,2025-05-13,Active
CUST002174,Harold,Simmons,Female,1961-06-07,harold.simmons@hotmail.com,0411218246,Sydney,New South Wales,Australia,Gold,2021-12-06,Active
CUST002175,Joseph,Daniels,Female,1971-06-12,joseph.daniels@gmail.com,4366027661,Singapore,Singapore,Singapore,Gold,2023-07-22,Active
CUST002176,Robert,Wright,Female,1976-05-29,robert.wright@yahoo.com,8140983654,Delhi,Delhi,India,Silver,2024-04-23,Inactive
CUST002177,Cassie,Moore,Male,1985-04-26,@gmail.com,6789972698, Sydney,New South Wales,Australia,Platinum,2022-07-14,Active
CUST002178,Maria,Kelly,Male,1957-05-19,maria.kelly@outlook.com,5197056121,Hyderabad,Telangana,India,Diamond,2024-07-20,Inactive
CUST002179,Laura,Crosby,Male,2004-12-13,laura.crosby@yahoo.com,9323847966,Singapore,Singapore,Singapore,Gold,2026-05-13,Inactive
CUST002180,Christopher,Norton,Female,2007-03-03,christopher.norton@yahoo.com,1399957689,Bengaluru ,Karnataka,India,Gold,2024-06-25,Active
CUST002181,Anthony,Williams,Female,1968-06-01,anthony.williams@gmail.com,8881989181,Delhi,Delhi,India,Diamond,2024-12-20,Active
CUST002182,Jennifer,Edwards,Male,1958-08-25,jennifer.edwards@yahoo.com,7162460801,Sydney,New South Wales,Australia,Diamond,2026-01-19,Active
CUST002183,Andrea,Blankenship,Female,1978-11-08,andrea.blankenship@gmail.com,8783827019,Dubai,Dubai,UAE,Silver,2024-08-15,Active
CUST002184,William,Williams,Female,1999-05-19,william.williams@yahoo.com,7352743689,Sydney,New South Wales,Australia,Platinum,2021-11-10,Active
CUST002185,Joshua,Smith,Male,1972-03-18,joshua.smith@gmail.com,1806162150,New York,New York,United States,Gold,2023-08-16,Active
CUST002186,Christopher,Johnson,Male,1985-06-11,christopher.johnson@outlook.com,1412661002,Mumbai,Maharashtra,India,Gold,2024-09-04,Inactive
CUST002187,Patrick,Garcia,Male,1956-02-09,patrick.garcia@hotmail.com,8319614177,Hyderabad,Telangana,India,Platinum,2024-12-29,Inactive
CUST002188,Sherry,Roberts,Male,2007-01-17,sherry.roberts@yahoo.com,4649028240,Delhi,Delhi,India,Diamond,2021-09-09,Active
CUST002189,Jesse,Dean,Female,1965-10-23,jesse.dean@gmail.com,6876754208,Delhi,Delhi,India,Silver,2022-01-17,Active
CUST002190,Richard,Morales,Male,1988-10-18,richard.morales@outlook.com,0231733449,Hyderabad,Telangana,India,Gold,2025-03-30,Inactive
CUST002191,Jennifer,Smith,Male,2002-07-15,jennifer.smith@hotmail.com,3888601874,Hyderabad,Telangana,India,Gold,2024-09-04,Active
CUST002192,Victoria,Baker,Female,2007-08-01,victoria.baker@gmail.com,3193924896,SYDNEY,New South Wales,Australia,Silver,2026-03-17,Active
CUST002193,Christina,Bell,Female,2002-01-08,christina.bell@gmail.com,5799308754,Singapore,Singapore,Singapore,Diamond,2024-03-01,Inactive
CUST002194,Patrick,Porter,Female,1972-03-15,patrick.porter@hotmail.com,9094994549,Delhi,Delhi,India,Platinum,2022-08-04,Inactive
CUST002195,Raymond,Harper,Male,1965-12-11,raymond.harper@hotmail.com,0971652585,Chennai,Tamil Nadu,India,Gold,2022-02-18,Active
CUST002196,Sydney,Chavez,Male,2007-10-31,sydney.chavez@outlook.com,3031308606,Dubai,Dubai,UAE,Silver,2023-06-26,Active
CUST002197,Robert,Martin,Female,1978-03-28,robert.martin@gmail.com,0661369700,Delhi,Delhi,India,Silver,2022-10-12,Active
CUST002198,David,Smith,Male,1963-10-24,david.smith@gmail.com,5442857088,London,England,United Kingdom,Gold,2023-03-13,Inactive
CUST002199,Alejandra,Arnold,Female,1966-02-09,alejandra.arnold@outlook.com,6044578233,Sydney,New South Wales,Australia,Diamond,2026-03-05,Inactive
CUST002200,Matthew,Gutierrez,Female,2000-04-13,matthew.gutierrez@gmail.com,6016381261,Delhi,Delhi,India,Platinum,2026-04-11,Active
CUST002201,Collin,Pacheco,Female,1995-05-09,collin.pacheco@hotmail.com,9159450171,Mumbai,Maharashtra,India,Diamond,2023-07-23,Active
CUST002202,Mackenzie,Guerrero,Female,2003-08-30,mackenzie.guerrero@gmail.com,9029961513,Mumbai,Maharashtra,India,Gold,2023-02-04,Active
CUST002203,Rebecca,Miller,Male,1977-01-13,rebecca.miller@outlook.com,2628545049,New York,New York,United States,Platinum,2025-05-11,Inactive
CUST002204,Dustin,Price,Female,2008-01-26,dustin.price@outlook.com,2730525962,Dubai,Dubai,UAE,Silver,2026-07-25,Inactive
CUST002205,Gloria,Nguyen,Male,1978-07-16,gloria.nguyen@gmail.com,4385355380,Chennai,Tamil Nadu,India,Silver,2025-02-20,Inactive
CUST002206,Mitchell,King,Male,1964-05-02,mitchell.king@hotmail.com,9947729676,Bengaluru,Karnataka,India,Gold,2023-08-23,Active
CUST002207,Charles,Clayton,Male,2006-07-06,charles.clayton@gmail.com,6098646166,Mumbai,Maharashtra,India,Gold,2025-02-18,Inactive
CUST002208,Tara,Navarro,Female,1958-11-11,tara.navarro@outlook.com,9653015802,Singapore ,Singapore,Singapore,Silver,2026-04-18,Inactive
CUST002209,Jennifer,Williams,Female,1995-10-25,jennifer.williams@hotmail.com,3785162360,Sydney,New South Wales,Australia,Diamond,2023-07-24,Inactive
CUST002210,Michael,Hart,Female,1970-02-24,michael.hart@hotmail.com,8246719376,Dubai,Dubai,UAE,Diamond,2021-09-04,Active
CUST002211,Jason,Hunter,Female,1996-08-03,jason.hunter@outlook.com,6320059411,Sydney,New South Wales,Australia,Platinum,2026-07-03,Active
CUST002212,Dean,Diaz,Male,1975-06-27,dean.diaz@hotmail.com,2970653368,Dubai,Dubai,UAE,Platinum,2022-06-28,Inactive
CUST002213,Deanna,Santana,Male,1982-09-09,deanna.santana@gmail.com,,New York,New York,United States,Platinum,2021-11-28,Inactive
CUST002214,Lindsey,Cook,Female,1960-12-18,lindsey.cook@hotmail.com,0477245531,London,England,United Kingdom,Diamond,2022-11-17,Active
CUST002215,Judith,Smith,Female,1967-05-22,judith.smith@outlook.com,3459314646,Sydney,New South Wales,Australia,Platinum,2025-10-25,Inactive
CUST002216,Kelly,Gross,Female,1988-02-07,kelly.gross@hotmail.com,2014233755,Hyderabad,Telangana,India,Silver,2025-05-17,Active
CUST002217,Heidi,Reynolds,Female,1968-10-24,heidi.reynolds@hotmail.com,0434825674,New York,New York,United States,Gold,2021-11-23,Inactive
CUST002218,Heather,Ray,Male,2000-03-18,heather.ray@hotmail.com,8508033490,Dubai,Dubai,UAE,Silver,2023-11-17,Active
CUST002219,Brandon,Hickman,Male,1982-10-07,brandon.hickman@gmail.com,6339291633,Singapore,Singapore,Singapore,Silver,2022-06-08,Inactive
CUST002220,Kimberly,Reed,Female,2008-01-14,kimberly.reed@outlook.com,8915122214,New York,New York,United States,Platinum,2023-07-08,Active
CUST002221,Michael,Nelson,Male,1989-07-04,michael.nelson@hotmail.com,8404420027,London,England,United Kingdom,Gold,2026-01-22,Active
CUST002222,Amy,Johnson,Male,1980-12-18,amy.johnson@outlook.com,8812060348,Singapore,Singapore,Singapore,Diamond,2023-06-01,Active
CUST002223,Zachary,Wood,Female,1978-10-15,zachary.wood@outlook.com,5083841984,Dubai,Dubai,UAE,Gold,2025-08-03,Active
CUST002224,Stephanie,Bradford,Male,2003-04-24,stephanie.bradford@gmail.com,5681035858,London,England,United Kingdom,Diamond,2022-01-19,Inactive
CUST002225,Susan,Robinson,Female,1959-02-02,susan.robinson@yahoo.com,8507327322,Singapore,Singapore,Singapore,Gold,2023-08-12,Active
CUST002226,Kimberly,Jones,Male,2004-03-24,kimberly.jones@outlook.com,,Singapore,Singapore,Singapore,Silver,2024-01-01,Inactive
CUST002227,John,Osborne,Male,1981-09-18,john.osborne@gmail.com,6196922742,Bengaluru,Karnataka,India,Gold,2025-04-20,Active
CUST002228,Michael,Pugh,Male,1982-12-19,michael.pugh@hotmail.com,5579050364,Singapore,Singapore,Singapore,Gold,2026-06-22,Inactive
CUST002229,Eric,Sullivan,Female,2003-01-23,eric.sullivan@hotmail.com,7958067138,Dubai,Dubai,UAE,Platinum,2026-07-14,Active
CUST002230,April,Stevens,Male,2000-11-12,april.stevens@yahoo.com,5662605916,Hyderabad,Telangana,India,Gold,2025-10-28,Inactive
CUST002231,Karen,White,Male,1974-03-28,karen.white@yahoo.com,3306655480,Delhi,Delhi,India,Silver,2022-05-25,Active
CUST002232,Daniel,Campos,Male,1992-09-29,daniel.campos@gmail.com,7556875435,Delhi,Delhi,India,Silver,2023-03-18,Inactive
CUST002233,Robert,White,Male,1989-09-04,robert.white@hotmail.com,7872322143,Chennai,Tamil Nadu,India,Diamond,2024-10-15,Inactive
CUST002234,Marcus,Marsh,Male,2000-10-01,###@gmail.com,3749725469,Delhi,Delhi,India,Diamond,2025-02-09,Active
CUST002235,Daniel,Foster,Female,2004-11-18,daniel.foster@hotmail.com,8499392900,Chennai,Tamil Nadu,India,Diamond,2021-12-22,Active
CUST002236,Suzanne,Romero,Male,1986-04-27,suzanne.romero@yahoo.com,1004301661,Delhi,Delhi,India,Silver,2022-09-22,Inactive
CUST002237,Nicholas,White,Female,1967-12-11,nicholas.white@gmail.com,4800952379,Delhi,Delhi,India,Platinum,2024-03-17,Active
CUST002238,Amanda,Adams,Female,1990-11-11,amanda.adams@gmail.com,0971697167,London,England,United Kingdom,Platinum,2025-12-29,Active
CUST002239,Kevin,Smith,Female,1963-01-21,kevin.smith@yahoo.com,5755775945,Chennai,Tamil Nadu,India,Diamond,2026-04-16,Active
CUST002240,Karen,Jones,Female,1967-05-07,karen.jones@outlook.com,2009809258,London,England,United Kingdom,Silver,2023-11-27,Active
CUST002241,Leslie,Craig,Female,1970-05-27,leslie.craig@outlook.com,4569616088,Mumbai,Maharashtra,India,Diamond,2024-08-08,Inactive
CUST002242,Thomas,Jenkins,Female,1981-05-01,thomas.jenkins@outlook.com,3266579483,Hyderabad,Telangana,India,Gold,2026-06-01,Active
CUST002243,Bradley,Wilcox,Male,1966-09-09,bradley.wilcox@outlook.com,7259651757,Bengaluru,Karnataka,India,Diamond,2024-02-25,Inactive
CUST002244,Nathaniel,Lewis,Male,1967-01-24,nathaniel.lewis@yahoo.com,3176140029,New York,New York,United States,Diamond,2025-09-28,Active
CUST002245,Shelby,Hernandez,Male,1965-11-28,shelby.hernandez@outlook.com,7952236425,New York,New York,United States,Platinum,2023-04-28,Inactive
CUST002246,James,Singh,Male,1975-08-13,james.singh@outlook.com,1776765624,London,England,United Kingdom,Gold,2023-01-27,Active
CUST002247,Rebecca,Woods,Female,1997-09-02,rebecca.woods@gmail.com,8147307810,Hyderabad,Telangana,India,Platinum,2022-03-18,Active
CUST002248,Heather,Cole,Female,2002-04-04,heather.cole@outlook.com,1190088011,London,England,United Kingdom,Platinum,2022-09-04,Active
CUST002249,Michelle,Rodriguez,Male,1961-02-03,michelle.rodriguez@gmail.com,,Chennai,Tamil Nadu,India,Silver,2024-12-26,Active
CUST002250,Blake,Hoffman,Female,1995-07-11,blake.hoffman@hotmail.com,0684106359,Hyderabad,Telangana,India,Diamond,2023-11-26,Active
CUST002251,Tina,White,Male,2001-02-02,tina.white@outlook.com,2442047884,Hyderabad,Telangana,India,Diamond,2023-03-14,Inactive
CUST002252,Amy,Mitchell,Male,1987-04-05,amy.mitchell@gmail.com,5406288377,Sydney,New South Wales,Australia,Diamond,2022-04-13,Inactive
CUST002253,Sarah,Houston,Male,1972-12-02,sarah.houston@hotmail.com,4580639050,Mumbai,Maharashtra,India,Gold,2021-09-21,Inactive
CUST002254,Elizabeth,Nguyen,Female,1972-01-28,elizabeth.nguyen@outlook.com,4610481438,Sydney,New South Wales,Australia,Platinum,2025-08-11,Inactive
CUST002255,Justin,Case,Male,1966-04-09,justin.case@yahoo.com,5866501041,Delhi,Delhi,India,Silver,2026-02-13,Inactive
CUST002256,Whitney,Hill,Female,1966-09-27,whitney.hill@yahoo.com,5103223008,New York,New York,United States,Gold,2025-09-17,Inactive
CUST002257,Elaine,Figueroa,Male,2006-12-27,elaine.figueroa@yahoo.com,4906782188,Dubai,Dubai,UAE,Diamond,2025-03-19,Inactive
CUST002258,Beverly,Davis,Female,1959-12-28,beverly.davis@yahoo.com,2925460678,New York,New York,United States,Gold,2024-01-28,Active
CUST002259,Jessica,Moses,Female,1994-06-29,jessica.moses@yahoo.com,8588985418,London,England,United Kingdom,Diamond,2025-12-30,Active
CUST002260,Kathryn,Malone,Female,1978-07-26,kathryn.malone@hotmail.com,6243719152,Singapore,Singapore,Singapore,Silver,2023-09-25,Inactive
CUST002261,Richard,George,Male,2002-09-09,richard.george@gmail.com,6458291535,Mumbai,Maharashtra,India,Gold,2023-11-04,Active
CUST002262,Jared,Franklin,Male,1999-01-28,jared.franklin@hotmail.com,5826931012,New York,New York,United States,Gold,2024-02-24,Active
CUST002263,Adam,Hayes,Male,1973-07-28,adam.hayes@outlook.com,9456151883,Sydney,New South Wales,Australia,Silver,2025-04-20,Active
CUST002264,Jesse,Rios,Male,1966-10-16,jesse.rios@gmail.com,4025670933,Bengaluru,Karnataka,India,Diamond,2022-06-07,Active
CUST002265,Pamela,Ramirez,Female,1958-02-15,pamela.ramirez@yahoo.com,9008830206,SINGAPORE,Singapore,Singapore,Platinum,2023-07-23,Inactive
CUST002266,Robyn,Frost,Male,1966-04-05,robyn.frost@hotmail.com,4503776680,Mumbai,Maharashtra,India,Diamond,2022-06-03,Active
CUST002267,Jose,Anderson,Female,1969-08-17,jose.anderson@gmail.com,8671258966,Mumbai,Maharashtra,India,Gold,2022-03-30,Active
CUST002268,Leonard,Turner,Female,2006-07-22,leonard.turner@gmail.com,0923285933,Singapore,Singapore,Singapore,Gold,2024-04-13,Inactive
CUST002269,Andrew,Reeves,Female,1991-07-18,andrew.reeves@hotmail.com,0670034543,New York,New York,United States,Silver,2022-04-11,Active
CUST002270,Frank,Perez,Female,1975-05-19,frank.perez@yahoo.com,4539242158,Mumbai,Maharashtra,India,Diamond,2024-06-01,Active
CUST002271,Samuel,Collins,Male,1970-11-27,samuel.collins@yahoo.com,4543216806,Hyderabad,Telangana,India,Diamond,2026-06-18,Inactive
CUST002272,Justin,Hamilton,Male,1978-10-16,justin.hamilton@hotmail.com,1555458846,Hyderabad,Telangana,India,Silver,2023-12-23,Inactive
CUST002273,John,Wong,Male,1965-08-26,john.wong@outlook.com,6971575531,Hyderabad,Telangana,India,Gold,2025-03-12,Active
CUST002274,Stephen,Taylor,Male,1987-01-28,stephen.taylor@gmail.com,8158064027,Mumbai,Maharashtra,India,Silver,2025-12-05,Active
CUST002275,Cassandra,White,Female,1956-01-10,cassandra.white@outlook.com,7793386538,London,England,United Kingdom,Diamond,2023-04-20,Active
CUST002276,Mark,Ellis,Male,1998-12-02,mark.ellis@outlook.com,0009824359,Mumbai,Maharashtra,India,Diamond,2023-02-16,Inactive
CUST002277,Dustin,Scott,Male,1975-06-22,dustin.scott@yahoo.com,9336158721,New York,New York,United States,Silver,2025-03-22,Inactive
CUST002278,Catherine,Parrish,Female,1956-02-28,catherine.parrish@outlook.com,8166508887,Singapore,Singapore,Singapore,Diamond,2022-04-15,Active
CUST002279,Ana,Thornton,Female,2000-04-12,ana.thornton@yahoo.com,8621197036,Hyderabad,Telangana,India,Diamond,2022-06-26,Active
CUST002280,Katherine,Nelson,Female,1976-11-29,katherine.nelson@hotmail.com,0359294867,Delhi,Delhi,India,Diamond,2022-09-29,Inactive
CUST002281,Robin,Ruiz,Male,1987-05-23,robin.ruiz@gmail.com,2363027466,Mumbai,Maharashtra,India,Diamond,2024-02-05,Active
CUST002282,Pamela,Barton,Male,1987-12-21,pamela.barton@gmail.com,0706310633,Delhi,Delhi,India,Platinum,2026-05-31,Inactive
CUST002283,Frank,Baker,Male,1969-02-05,frank.baker@gmail.com,3588297662,Sydney,New South Wales,Australia,Silver,2025-03-13,Active
CUST002284,David,Ayers,Female,1987-07-02,david.ayers@outlook.com,7387818278,Mumbai,Maharashtra,India,Silver,2021-09-13,Active
CUST002285,Keith,Watkins,Female,1973-04-06,keith.watkins@yahoo.com,2570986021,Dubai,Dubai,UAE,Silver,2026-06-30,Active
CUST002286,Desiree,Caldwell,Female,1997-04-23,desiree.caldwell@gmail.com,2938990922,Mumbai,Maharashtra,India,Silver,2025-09-26,Active
CUST002287,Brian,Watkins,Male,1979-02-10,brian.watkins@gmail.com,1474120120,Chennai,Tamil Nadu,India,Diamond,2024-10-29,Active
CUST002288,Dylan,Yang,Male,1986-07-05,dylan.yang@outlook.com,8664816015,Delhi,Delhi,India,Diamond,2024-02-16,Active
CUST002289,Jorge,Brown,Male,1980-02-29,jorge.brown@hotmail.com,4784144452,New York,New York,United States,Diamond,2024-03-17,Active
CUST002290,Mary,Rios,Female,1969-08-28,mary.rios@yahoo.com,4637678097,Hyderabad,Telangana,India,Gold,2023-08-19,Inactive
CUST002291,Timothy,Wilkins,Female,1964-12-16,timothy.wilkins@hotmail.com,5397358083,Hyderabad,Telangana,India,Gold,2022-11-02,Active
CUST002292,Karen,Oconnell,Female,1959-07-22,karen.oconnell@yahoo.com,4643180359,Chennai,Tamil Nadu,India,Silver,2025-09-22,Inactive
CUST002293,Michael,Meyer,Male,2003-04-23,michael.meyer@yahoo.com,2319182851,Delhi,Delhi,India,Silver,2025-09-18,Active
CUST002294,Matthew,Smith,Female,1965-12-10,matthew.smith@hotmail.com,5124743920,Dubai,Dubai,UAE,Silver,2024-04-14,Inactive
CUST002295,Veronica,Edwards,Female,1967-03-02,veronica.edwards@yahoo.com,9956869354,Mumbai,Maharashtra,India,Silver,2022-12-12,Active
CUST002296,Shannon,Ingram,Male,1959-08-11,shannon.ingram@yahoo.com,8227639422,Chennai,Tamil Nadu,India,Gold,2024-06-10,Inactive
CUST002297,Annette,Ellis,Female,1956-07-21,annette.ellis@outlook.com,4406782535,Dubai,Dubai,UAE,Diamond,2025-08-13,Inactive
CUST002298,Timothy,Peterson,Female,1959-02-16,timothy.peterson@yahoo.com,1653505104,London,England,United Kingdom,Diamond,2024-02-14,Inactive
CUST002299,Christie,Fritz,Male,1974-02-17,christie.fritz@hotmail.com,4667135221,Hyderabad,Telangana,India,Gold,2025-10-18,Active
CUST002300,Angelica,Williamson,Male,1986-08-20,angelica.williamson@gmail.com,4713438737,Delhi,Delhi,India,Silver,2024-03-11,Inactive
CUST002301,Andrew,Taylor,Female,1960-02-07,andrew.taylor@yahoo.com,6066604900,Dubai,Dubai,UAE,Platinum,2025-05-20,Inactive
CUST002302,Jeremy,Fowler,Male,1977-01-27,jeremy.fowler@gmail.com,2152136608,Hyderabad,Telangana,India,Silver,2022-06-27,Active
CUST002303,Richard,Kerr,Female,1999-09-10,richard.kerr@yahoo.com,1188505546,Dubai,Dubai,UAE,Silver,2021-11-07,Inactive
CUST002304,Jeffrey,Butler,Female,2007-12-15,jeffrey.butler@outlook.com,9408084645,Bengaluru,Karnataka,India,Platinum,2025-02-10,Active
CUST002305,Paula,Jackson,Male,1988-12-02,paula.jackson@yahoo.com,8388025874,Dubai,Dubai,UAE,Platinum,2023-10-11,Inactive
CUST002306,David,Sanders,Male,2006-12-10,david.sanders@gmail.com,6264309583,Hyderabad,Telangana,India,Gold,2025-02-24,Active
CUST002307,Julie,Walker,Male,1969-05-24,julie.walker@yahoo.com,8714599644,Dubai,Dubai,UAE,Platinum,2025-02-23,Active
CUST002308,Jeffrey,Smith,Female,1979-01-23,jeffrey.smith@yahoo.com,4192196381,Chennai,Tamil Nadu,India,Gold,2022-11-16,Active
CUST002309,Jasmine,Brown,Female,2003-10-26,jasmine.brown@outlook.com,3309358452,Sydney,New South Wales,Australia,Gold,2024-07-13,Active
CUST002310,Joanne,Matthews,Male,1963-11-04,joanne.matthews@gmail.com,8786287775,Bengaluru,Karnataka,India,Gold,2025-09-14,Inactive
CUST002311,Alexis,Ramirez,Female,2006-07-03,alexis.ramirez@hotmail.com,3429621500,Dubai,Dubai,UAE,Diamond,2023-10-29,Inactive
CUST002312,Ashley,Best,Male,1990-11-13,ashley.best@yahoo.com,9634745488,Delhi,Delhi,India,Platinum,2024-12-11,Inactive
CUST002313,Joe,Perkins,Male,1963-06-25,joe.perkins@hotmail.com,8759649330,New York,New York,United States,Gold,2024-01-01,Active
CUST002314,David,Rodriguez,Female,1988-01-01,david.rodriguez@yahoo.com,9457561484,London,England,United Kingdom,Silver,2023-02-22,Active
CUST002315,Kristina,Garza,Female,1978-05-13,kristina.garza@hotmail.com,6535013483,London,England,United Kingdom,Diamond,2025-06-04,Active
CUST002316,Gary,Nguyen,Female,1986-04-11,gary.nguyen@outlook.com,9575344291,Chennai,Tamil Nadu,India,Silver,2022-03-08,Active
CUST002317,Jeanne,Perez,Male,2004-08-18,jeanne.perez@gmail.com,5515007653,Bengaluru,Karnataka,India,Silver,2026-03-31,Active
CUST002318,Michael,Odom,Female,1981-08-26,michael.odom@gmail.com,4387496450,Singapore,Singapore,Singapore,Diamond,2021-10-21,Inactive
CUST002319,Jordan,Cohen,Male,2003-02-06,jordan.cohen@outlook.com,9440836800,Bengaluru,Karnataka,India,Diamond,2026-04-22,Active
CUST002320,Eric,Rose,Male,1983-12-09,eric.rose@hotmail.com,6318124247,Bengaluru,Karnataka,India,Silver,2022-12-05,Inactive
CUST002321,Tammy,Cobb,Male,2007-03-21,tammy.cobb@gmail.com,8774276384,Delhi,Delhi,India,Gold,2022-01-12,Active
CUST002322,Steven,Kline,Female,1959-06-19,steven.kline@gmail.com,4474860221,Mumbai,Maharashtra,India,Platinum,2024-11-03,Inactive
CUST002323,William,Mckinney,Female,1962-08-01,william.mckinney@outlook.com,3055323054,Bengaluru,Karnataka,India,Gold,2022-07-19,Inactive
CUST002324,Diamond,Farmer,Male,1995-07-23,diamond.farmer@hotmail.com,6966410539,SYDNEY,New South Wales,Australia,Diamond,2026-02-01,Active
CUST002325,Anthony,Bennett,Female,2007-10-26,anthony.bennett@outlook.com,8334631342,Bengaluru,Karnataka,India,Silver,2022-03-21,Active
CUST002326,Marcus,Henry,Male,1968-09-05,marcus.henry@gmail.com,7521623670,Bengaluru,Karnataka,India,Silver,2023-11-10,Inactive
CUST002327,Kelly,Wade,Female,2008-06-01,kelly.wade@outlook.com,8507112158,Hyderabad,Telangana,India,Silver,2024-12-14,Active
CUST002328,Joanna,Gomez,Female,1962-07-18,joanna.gomez@outlook.com,5903373907,New York,New York,United States,Diamond,2022-08-07,Active
CUST002329,Paul,Gray,Female,1961-09-02,paul.gray@outlook.com,8357320168,Chennai,Tamil Nadu,India,Diamond,2025-02-09,Active
CUST002330,Evelyn,Bray,Female,1976-12-10,evelyn.bray@outlook.com,4908842306,Chennai,Tamil Nadu,India,Silver,2021-09-21,Inactive
CUST002331,Matthew,Friedman,Female,1981-04-02,matthew.friedman@yahoo.com,3678724804,Singapore,Singapore,Singapore,Gold,2025-09-13,Active
CUST002332,Miguel,Parsons,Male,1980-09-19,miguel.parsons@gmail.com,6196905961,Dubai,Dubai,UAE,Platinum,2025-03-24,Inactive
CUST002333,Daniel,Rios,Male,1994-03-31,daniel.rios@gmail.com,9066656160,Bengaluru,Karnataka,India,Platinum,2025-05-22,Active
CUST002334,Nicole,Mejia,Female,2003-07-10,nicole.mejia@yahoo.com,6655171727,Mumbai,Maharashtra,India,Platinum,2025-05-16,Inactive
CUST002335,Julie,Marquez,Male,2003-07-23,julie.marquez@gmail.com,8578547671,Delhi,Delhi,India,Gold,2022-10-26,Active
CUST002336,Ashley,Cook,Female,1978-09-21,ashley.cook@hotmail.com,4495183005,Hyderabad,Telangana,India,Platinum,2025-05-06,Active
CUST002337,Jack,Sanford,Male,1967-07-01,jack.sanford@hotmail.com,4194053176,Singapore ,Singapore,Singapore,Diamond,2024-04-01,Inactive
CUST002338,Renee,Kidd,Female,1961-01-12,renee.kidd@outlook.com,4655966935,Bengaluru,Karnataka,India,Diamond,2022-01-02,Active
CUST002339,Angela,Wells,Male,1961-04-03,angela.wells@hotmail.com,5805318306,Sydney,New South Wales,Australia,Silver,2023-04-24,Active
CUST002340,Mark,Arnold,Female,1964-05-19,mark.arnold@yahoo.com,9211000189,Singapore,Singapore,Singapore,Diamond,2023-01-12,Active
CUST002341,Sharon,Garcia,Female,1967-02-07,sharon.garcia@hotmail.com,3886716324,Chennai,Tamil Nadu,India,Diamond,2024-02-18,Inactive
CUST002342,Francisco,Smith,Male,1972-06-24,francisco.smith@gmail.com,4137910866,Sydney,New South Wales,Australia,Silver,2024-07-27,Active
CUST002343,Jeffrey,Miller,Female,1991-09-07,jeffrey.miller@yahoo.com,8903821432,New York,New York,United States,Diamond,2024-09-26,Active
CUST002344,Brandy,Gonzales,Male,1998-05-12,brandy.gonzales@hotmail.com,,Bengaluru,Karnataka,India,Gold,2024-07-28,Inactive
CUST002345,Isabel,Johnston,Female,1998-04-26,isabel.johnston@hotmail.com,5732599298,London,England,United Kingdom,Silver,2025-12-28,Active
CUST002346,Melanie,Reynolds,Male,1983-11-04,melanie.reynolds@gmail.com,3836794277,New York,New York,United States,Platinum,2022-07-29,Active
CUST002347,James,Maldonado,Female,1971-03-18,james.maldonado@outlook.com,4607026386,Singapore,Singapore,Singapore,Diamond,2023-06-20,Active
CUST002348,Paul,Martinez,Male,1960-02-23,paul.martinez@outlook.com,5355959066,Chennai,Tamil Nadu,India,Silver,2023-08-09,Inactive
CUST002349,Aaron,Norris,Female,1990-12-24,aaron.norris@hotmail.com,5863815065,Singapore,Singapore,Singapore,Gold,2022-12-22,Inactive
CUST002350,Michael,Morrison,Male,1996-09-21,michael.morrison@outlook.com,4049244072,London,England,United Kingdom,Platinum,2021-09-15,Active
CUST002351,Elizabeth,Valencia,Male,1972-03-24,elizabeth.valencia@gmail.com,1382019090,Delhi,Delhi,India,Silver,2025-05-26,Inactive
CUST002352,Jeremy,Saunders,Female,1962-02-13,jeremy.saunders@hotmail.com,4498607839,London,England,United Kingdom,Silver,2024-09-30,Inactive
CUST002353,John,Martin,Female,1996-03-06,john.martin@yahoo.com,8381229211,Bengaluru,Karnataka,India,Silver,2025-03-28,Active
CUST002354,Dominique,Cox,Female,1994-09-18,dominique.cox@yahoo.com,2174850322,Hyderabad,Telangana,India,Silver,2024-11-18,Inactive
CUST002355,Kelly,Salinas,Female,1956-08-02,kelly.salinas@outlook.com,0745679488,Mumbai,Maharashtra,India,Platinum,2022-06-01,Inactive
CUST002356,David,Chung,Female,1999-01-23,david.chung@gmail.com,8412426459,Sydney,New South Wales,Australia,Diamond,2023-09-16,Active
CUST002357,Linda,Warren,Female,1973-05-18,linda.warren@hotmail.com,3751216098,London,England,United Kingdom,Silver,2021-10-28,Inactive
CUST002358,Joseph,Murphy,Female,1972-07-13,joseph.murphy@yahoo.com,2224727298,Bengaluru,Karnataka,India,Gold,2022-04-23,Inactive
CUST002359,Monica,Sutton,Male,1959-03-31,monica.sutton@gmail.com,5783248822,London,England,United Kingdom,Gold,2025-05-15,Active
CUST002360,Heather,Mathis,Male,1973-12-10,heather.mathis@hotmail.com,1140099204,Delhi,Delhi,India,Platinum,2024-04-29,Active
CUST002361,Justin,Weaver,Male,1990-12-06,justin.weaver@hotmail.com,0637554355,Bengaluru,Karnataka,India,Gold,2025-10-14,Active
CUST002362,Kevin,Barnes,Female,1982-09-23,kevin.barnes@hotmail.com,5737840255,Hyderabad,Telangana,India,Platinum,2026-03-30,Active
CUST002363,Allison,Gutierrez,Female,1964-01-15,allison.gutierrez@outlook.com,6073542268,New York,New York,United States,Gold,2023-10-14,Inactive
CUST002364,Jacob,Nelson,Male,1963-05-19,jacob.nelson@yahoo.com,0553009849,Bengaluru,Karnataka,India,Silver,2023-09-21,Inactive
CUST002365,Raymond,Clarke,Male,1986-01-13,raymond.clarke@yahoo.com,7236764166,Singapore,Singapore,Singapore,Diamond,2022-05-16,Inactive
CUST002366,Erin,Parrish,Male,1997-05-17,erin.parrish@yahoo.com,6272622374,Delhi,Delhi,India,Platinum,2022-05-31,Inactive
CUST002367,Christine,Scott,Male,1964-04-25,christine.scott@hotmail.com,5877295315,CHENNAI,Tamil Nadu,India,Platinum,2021-10-15,Inactive
CUST002368,Jerry,Flores,Male,2005-06-21,,1909741361,Dubai,Dubai,UAE,Platinum,2025-05-09,Active
CUST002369,Sarah,Martinez,Male,1999-11-14,sarah.martinez@yahoo.com,5711178290,Singapore,Singapore,Singapore,Gold,2024-05-15,Active
CUST002370,Debbie,Williams,Male,2005-10-02,debbie.williams@gmail.com,,London,England,United Kingdom,Platinum,2022-01-05,Inactive
CUST002371,Ronald,Lee,Female,1983-03-11,ronald.lee@outlook.com,2882496875,New York,New York,United States,Platinum,2025-07-26,Active
CUST002372,Kimberly,Taylor,Female,2002-01-11,kimberly.taylor@outlook.com,1865695841,Bengaluru,Karnataka,India,Diamond,2024-11-21,Inactive
CUST002373,Amanda,Chapman,Male,1980-05-13,amanda.chapman@hotmail.com,4179778581,Sydney,New South Wales,Australia,Silver,2024-04-18,Inactive
CUST002374,Elizabeth,Ali,Male,1990-04-04,elizabeth.ali@hotmail.com,6137697319,Bengaluru,Karnataka,India,Platinum,2023-12-26,Inactive
CUST002375,Jennifer,Barry,Female,1968-12-21,jennifer.barry@yahoo.com,9115108906,Hyderabad,Telangana,India,Diamond,2023-09-11,Active
CUST002376,Christopher,Jenkins,Female,1998-04-04,christopher.jenkins@yahoo.com,6120522923,Sydney,New South Wales,Australia,Diamond,2023-03-24,Active
CUST002377,Amber,Baker,Female,2006-09-11,amber.baker@outlook.com,7399115221,Mumbai,Maharashtra,India,Platinum,2023-03-23,Inactive
CUST002378,Melissa,Washington,Female,2007-06-17,melissa.washington@hotmail.com,4312671763,Sydney,New South Wales,Australia,Silver,2025-06-26,Active
CUST002379,Shane,Roberts,Female,1957-02-11,shane.roberts@outlook.com,8331813052,Delhi,Delhi,India,Silver,2025-08-23,Active
CUST002380,Eric,Rivers,Male,1976-08-28,eric.rivers@gmail.com,2257730810,Bengaluru,Karnataka,India,Silver,2022-11-24,Inactive
CUST002381,Gregory,Scott,Male,1994-12-03,gregory.scott@outlook.com,3034230814,Sydney,New South Wales,Australia,Silver,2023-01-28,Active
CUST002382,Jessica,Clark,Female,1991-04-26,jessica.clark@yahoo.com,0685431519,Singapore,Singapore,Singapore,Diamond,2024-12-09,Active
CUST002383,Andrew,Allen,Female,1956-09-27,andrew.allen@yahoo.com,7221697335,Hyderabad,Telangana,India,Diamond,2026-02-02,Inactive
CUST002384,Amanda,Phillips,Female,1959-03-03,amanda.phillips@hotmail.com,8854351120,Sydney,New South Wales,Australia,Platinum,2026-05-30,Inactive
CUST002385,Lindsay,Irwin,Male,1973-03-30,lindsay.irwin@outlook.com,7191666040,Delhi,Delhi,India,Silver,2026-03-21,Active
CUST002386,Dominique,Andrews,Male,1959-05-26,dominique.andrews@hotmail.com,4698367741,Chennai,Tamil Nadu,India,Diamond,2025-09-12,Inactive
CUST002387,Chad,York,Male,1984-10-31,chad.york@gmail.com,9349055871,Mumbai,Maharashtra,India,Gold,2024-07-27,Inactive
CUST002388,Tracy,Wright,Male,1962-12-07,tracy.wright@outlook.com,8363941065,Mumbai,Maharashtra,India,Diamond,2024-05-14,Active
CUST002389,Justin,Pruitt,Male,1958-11-09,justin.pruitt@gmail.com,6494469819,London,England,United Kingdom,Silver,2025-01-19,Inactive
CUST002390,Melissa,Duncan,Female,1968-03-20,melissa.duncan@hotmail.com,3406224606,Delhi,Delhi,India,Silver,2026-02-27,Active
CUST002391,Joseph,Smith,Female,1993-06-18,joseph.smith@gmail.com,3941262359,Chennai,Tamil Nadu,India,Gold,2022-09-08,Inactive
CUST002392,Curtis,Molina,Male,1991-06-01,curtis.molina@outlook.com,6309602010,New York,New York,United States,Diamond,2021-08-20,Inactive
CUST002393,Danielle,Parsons,Female,1972-09-16,danielle.parsons@outlook.com,7987130236,Singapore,Singapore,Singapore,Diamond,2024-02-17,Active
CUST002394,Meghan,Ochoa,Male,2003-09-23,meghan.ochoa@outlook.com,4716982936,Mumbai,Maharashtra,India,Gold,2023-03-31,Inactive
CUST002395,Holly,Farrell,Male,1990-08-27,holly.farrell@outlook.com,7975098591,London,England,United Kingdom,Silver,2021-09-20,Active
CUST002396,Mary,Chaney,Male,1965-06-12,mary.chaney@hotmail.com,8353116563,Dubai,Dubai,UAE,Diamond,2024-07-08,Inactive
CUST002397,Kayla,Lambert,Female,1982-09-25,kayla.lambert@outlook.com,2636995653,Delhi,Delhi,India,Silver,2023-03-01,Active
CUST002398,Amy,Johnson,Male,1999-06-14,amy.johnson@hotmail.com,1589400358,London,England,United Kingdom,Silver,2024-02-09,Inactive
CUST002399,Christie,Blair,Female,1987-02-26,christie.blair@yahoo.com,5484522571, London,England,United Kingdom,Diamond,2024-11-12,Active
CUST002400,James,Barry,Male,1968-06-18,james.barry@outlook.com,9166327792,Hyderabad,Telangana,India,Gold,2021-12-21,Active
CUST002401,Amanda,Jackson,Male,1974-02-01,amanda.jackson@hotmail.com,5187865919,Singapore,Singapore,Singapore,Diamond,2024-12-11,Inactive
CUST002402,Amanda,Jackson,Female,1964-02-06,amanda.jackson@hotmail.com,9725754291,Delhi,Delhi,India,Diamond,2023-08-17,Inactive
CUST002403,Dawn,Sexton,Female,1957-10-29,dawn.sexton@yahoo.com,8404073357,Singapore,Singapore,Singapore,Gold,2023-06-11,Inactive
CUST002404,Ashley,Duran,Male,1968-09-11,ashley.duran@hotmail.com,6619700072,Chennai,Tamil Nadu,India,Diamond,2022-11-10,Inactive
CUST002405,Leah,Melton,Male,1971-01-24,leah.melton@gmail.com,9405931261,Bengaluru,Karnataka,India,Gold,2026-03-12,Inactive
CUST002406,Justin,Gomez,Female,1967-12-21,justin.gomez@outlook.com,3859689887,London,England,United Kingdom,Diamond,2025-08-04,Active
CUST002407,Tonya,Bates,Male,1968-05-01,tonya.bates@yahoo.com,8601033864,Mumbai,Maharashtra,India,Gold,2023-06-10,Inactive
CUST002408,Anthony,Kim,Male,1970-07-22,anthony.kim@yahoo.com,4185338236,Hyderabad ,Telangana,India,Platinum,2021-12-29,Active
CUST002409,Christy,Howard,Male,1972-10-23,christy.howard@hotmail.com,2466715337,Delhi,Delhi,India,Gold,2022-04-15,Inactive
CUST002410,Daisy,Petersen,Female,1988-06-24,daisy.petersen@gmail.com,1991841932,Hyderabad,Telangana,India,Platinum,2021-11-17,Inactive
CUST002411,Robert,Cowan,Female,1987-07-12,robert.cowan@gmail.com,4022881584, New York,New York,United States,Gold,2025-07-14,Inactive
CUST002412,Brittany,Allen,Female,1961-02-16,brittany.allen@hotmail.com,7030883882, Mumbai,Maharashtra,India,Diamond,2025-06-13,Active
CUST002413,Jean,Jacobs,Male,1999-05-20,jean.jacobs@hotmail.com,6963321685,Bengaluru,Karnataka,India,Gold,2022-02-27,Active
CUST002414,Michelle,Contreras,Male,1992-05-05,michelle.contreras@yahoo.com,8491547137,Sydney,New South Wales,Australia,Diamond,2025-06-23,Active
CUST002415,Katherine,Johnson,Male,1985-02-07,katherine.johnson@yahoo.com,2736854072,Sydney,New South Wales,Australia,Gold,2025-02-27,Inactive
CUST002416,Felicia,Chang,Female,1968-03-30,felicia.chang@gmail.com,4250491508,Bengaluru,Karnataka,India,Silver,2025-05-07,Active
CUST002417,Jacob,Pitts,Male,1978-02-18,jacob.pitts@gmail.com,2078363969,Hyderabad,Telangana,India,Silver,2022-06-16,Inactive
CUST002418,Kimberly,Hubbard,Female,1991-01-07,kimberly.hubbard@yahoo.com,0719802298,Singapore,Singapore,Singapore,Platinum,2023-04-23,Active
CUST002419,David,Green,Female,1994-07-19,david.green@gmail.com,2808888510,London,England,United Kingdom,Gold,2025-07-08,Active
CUST002420,Michael,Garcia,Female,1961-04-19,,6210490872,Delhi,Delhi,India,Platinum,2025-12-18,Inactive
CUST002421,Gabrielle,Barr,Male,1987-10-15,gabrielle.barr@hotmail.com,,New York,New York,United States,Gold,2025-02-24,Inactive
CUST002422,Mary,Jackson,Female,1985-06-26,mary.jackson@gmail.com,2553050186,Delhi,Delhi,India,Silver,2023-12-14,Inactive
CUST002423,Cynthia,Sullivan,Male,1981-06-03,cynthia.sullivan@gmail.com,2344107674,Sydney,New South Wales,Australia,Silver,2021-10-25,Active
CUST002424,Jeffrey,Jordan,Female,2000-08-09,john@gmail,2663383103,Singapore,Singapore,Singapore,Silver,2025-01-26,Active
CUST002425,Gerald,Howard,Male,1977-07-16,gerald.howard@yahoo.com,1257804693,Chennai,Tamil Nadu,India,Diamond,2023-05-03,Active
CUST002426,Heather,Martin,Female,1961-08-11,heather.martin@outlook.com,,Chennai,Tamil Nadu,India,Silver,2024-01-20,Active
CUST002427,Carolyn,Carter,Male,2000-06-11,carolyn.carter@outlook.com,3245998474,Bengaluru,Karnataka,India,Platinum,2024-01-02,Inactive
CUST002428,Christine,Coleman,Male,1990-02-03,christine.coleman@hotmail.com,2679164508,Hyderabad,Telangana,India,Diamond,2024-10-31,Inactive
CUST002429,Jennifer,Johnson,Male,1973-03-14,jennifer.johnson@gmail.com,0669047571,New York,New York,United States,Silver,2023-12-13,Inactive
CUST002430,Jane,Long,Male,1974-05-15,jane.long@outlook.com,2522211859,Sydney,New South Wales,Australia,Platinum,2025-11-11,Inactive
CUST002431,Ryan,Watson,Male,1964-01-06,ryan.watson@yahoo.com,8416704469,Mumbai,Maharashtra,India,Diamond,2025-06-13,Inactive
CUST002432,Paula,Cook,Female,1958-01-18,paula.cook@outlook.com,2449855445,London,England,United Kingdom,Silver,2026-05-04,Inactive
CUST002433,Edward,Nguyen,Female,1973-06-11,edward.nguyen@outlook.com,1903265394,New York,New York,United States,Silver,2023-03-11,Inactive
CUST002434,Wendy,Matthews,Female,1966-04-10,,,Hyderabad,Telangana,India,Diamond,2024-09-03,Inactive
CUST002435,Paul,Harris,Male,1971-09-09,gmail.com,0415193401,Delhi,Delhi,India,Platinum,2025-03-07,Active
CUST002436,Jason,Myers,Female,1974-09-15,jason.myers@outlook.com,9269905144,Mumbai,Maharashtra,India,Gold,2026-06-29,Inactive
CUST002437,Maureen,Bryant,Male,1975-04-13,maureen.bryant@outlook.com,3119577655,Mumbai,Maharashtra,India,Platinum,2024-01-15,Inactive
CUST002438,Megan,Macias,Female,1998-09-24,megan.macias@outlook.com,0232331154,Delhi,Delhi,India,Silver,2025-10-21,Active
CUST002439,Susan,Garcia,Male,2002-09-27,susan.garcia@hotmail.com,9264069943,Delhi,Delhi,India,Platinum,2024-07-10,Inactive
CUST002440,Amanda,Lawrence,Female,1981-12-19,amanda.lawrence@hotmail.com,1181782718,Dubai,Dubai,UAE,Platinum,2024-05-30,Inactive
CUST002441,Steven,Carroll,Male,1978-12-24,steven.carroll@hotmail.com,2218450729,Delhi,Delhi,India,Silver,2023-09-03,Active
CUST002442,Austin,Roberts,Male,1955-08-14,austin.roberts@outlook.com,7889513879,Singapore,Singapore,Singapore,Diamond,2024-05-11,Active
CUST002443,Kari,Smith,Female,2000-07-29,kari.smith@outlook.com,4200014801,Delhi,Delhi,India,Platinum,2025-02-23,Active
CUST002444,Carrie,Castillo,Female,1975-04-24,carrie.castillo@hotmail.com,8935370170,London,England,United Kingdom,Silver,2024-12-29,Inactive
CUST002445,Mary,Mathews,Male,1982-04-24,mary.mathews@outlook.com,2845890943,Mumbai ,Maharashtra,India,Gold,2024-11-23,Inactive
CUST002446,Heather,Graves,Female,1989-07-25,heather.graves@yahoo.com,4603591585,New York,New York,United States,Silver,2024-09-15,Inactive
CUST002447,Rodney,Ponce,Male,1957-03-13,@gmail.com,1387650754,Bengaluru,Karnataka,India,Silver,2025-04-03,Inactive
CUST002448,Gregg,White,Female,1964-07-13,gregg.white@gmail.com,7695611167,London,England,United Kingdom,Gold,2026-04-19,Active
CUST002449,Kent,Blankenship,Male,2006-12-06,kent.blankenship@yahoo.com,1030601936,Dubai,Dubai,UAE,Gold,2022-02-10,Inactive
CUST002450,Ashley,Drake,Male,1966-07-27,ashley.drake@outlook.com,7625762923,Mumbai,Maharashtra,India,Silver,2021-11-18,Inactive
CUST002451,Kevin,Brown,Female,1978-07-22,kevin.brown@yahoo.com,1078602502,Mumbai,Maharashtra,India,Platinum,2023-07-06,Inactive
CUST002452,Sandra,Johnson,Female,1964-06-09,sandra.johnson@gmail.com,1532958600,Bengaluru,Karnataka,India,Silver,2023-03-08,Inactive
CUST002453,Devon,Kelly,Female,1984-02-05,devon.kelly@gmail.com,7818245474,Chennai,Tamil Nadu,India,Platinum,2026-07-26,Inactive
CUST002454,Melissa,Floyd,Male,2006-06-03,melissa.floyd@hotmail.com,5703953277,Sydney,New South Wales,Australia,Silver,2026-07-25,Active
CUST002455,Jennifer,Higgins,Male,1959-07-18,jennifer.higgins@gmail.com,7939206595,Mumbai,Maharashtra,India,Silver,2022-04-26,Inactive
CUST002456,Katherine,Reyes,Female,1983-05-01,katherine.reyes@hotmail.com,0580601432,Singapore,Singapore,Singapore,Gold,2022-01-26,Inactive
CUST002457,Jeffrey,Martinez,Male,1967-03-10,jeffrey.martinez@yahoo.com,4605571461,Dubai,Dubai,UAE,Diamond,2022-11-25,Active
CUST002458,Phillip,Jones,Male,1976-09-07,phillip.jones@yahoo.com,8865295688,New York,New York,United States,Gold,2024-04-21,Active
CUST002459,Shelby,Deleon,Female,1991-06-26,shelby.deleon@hotmail.com,2940934457,Bengaluru,Karnataka,India,Gold,2022-10-29,Active
CUST002460,Dominique,Powell,Male,1960-03-12,dominique.powell@yahoo.com,1385810471,London,England,United Kingdom,Platinum,2022-07-05,Active
CUST002461,Keith,Cook,Female,2000-07-07,keith.cook@outlook.com,7192953935,Hyderabad,Telangana,India,Gold,2022-06-27,Active
CUST002462,Brent,Cervantes,Male,2005-07-05,brent.cervantes@outlook.com,8643489635,Bengaluru,Karnataka,India,Diamond,2024-08-12,Active
CUST002463,Albert,Nguyen,Male,1980-06-19,albert.nguyen@gmail.com,6146724258,Dubai,Dubai,UAE,Platinum,2023-03-01,Active
CUST002464,Paula,Jenkins,Male,1982-09-21,paula.jenkins@hotmail.com,6288258020,New York,New York,United States,Silver,2025-07-30,Active
CUST002465,Kyle,Coleman,Female,1995-06-28,kyle.coleman@hotmail.com,3593454030,Hyderabad,Telangana,India,Platinum,2024-06-09,Active
CUST002466,Thomas,Mcclure,Female,1989-05-14,thomas.mcclure@gmail.com,3165635337,Hyderabad,Telangana,India,Silver,2026-02-05,Active
CUST002467,James,Hall,Female,1970-07-02,james.hall@hotmail.com,7042293734,Delhi,Delhi,India,Silver,2022-01-25,Inactive
CUST002468,Kevin,Jackson,Male,1965-11-04,,8596474125,Hyderabad,Telangana,India,Platinum,2024-08-02,Inactive
CUST002469,Emily,Clark,Male,1994-10-03,emily.clark@hotmail.com,8412006355,Delhi,Delhi,India,Platinum,2025-10-20,Inactive
CUST002470,Amy,Fuller,Female,1975-05-01,@gmail.com,8707453387,Hyderabad,Telangana,India,Diamond,2022-06-19,Inactive
CUST002471,Todd,Long,Male,1966-07-31,todd.long@gmail.com,0668963057,Chennai,Tamil Nadu,India,Silver,2026-03-24,Active
CUST002472,Veronica,Green,Female,2001-03-15,veronica.green@hotmail.com,4083261370,Sydney,New South Wales,Australia,Silver,2023-07-26,Active
CUST002473,Grant,Boyd,Male,1960-06-16,grant.boyd@hotmail.com,6751116346,Delhi,Delhi,India,Platinum,2024-01-31,Inactive
CUST002474,Sarah,White,Male,1962-02-13,sarah.white@outlook.com,6970756484,Dubai,Dubai,UAE,Silver,2022-12-30,Inactive
CUST002475,Robert,Moreno,Male,2004-03-01,robert.moreno@gmail.com,6025352965,London,England,United Kingdom,Gold,2023-05-25,Inactive
CUST002476,Joe,Obrien,Female,1989-11-09,joe.obrien@outlook.com,2910819223,New York,New York,United States,Gold,2023-07-21,Active
CUST002477,Joan,Gonzalez,Female,1987-04-13,joan.gonzalez@gmail.com,8152925874,Mumbai,Maharashtra,India,Silver,2026-03-02,Active
CUST002478,Stephen,Smith,Male,1983-01-06,stephen.smith@gmail.com,,London,England,United Kingdom,Silver,2025-04-03,Active
CUST002479,Sandra,Harris,Male,1974-07-21,sandra.harris@hotmail.com,9489299200,Sydney,New South Wales,Australia,Silver,2025-03-08,Inactive
CUST002480,Alan,Flores,Male,1975-11-21,alan.flores@outlook.com,0107447650,Singapore,Singapore,Singapore,Platinum,2022-10-28,Inactive
CUST002481,Sarah,Guerrero,Male,1974-09-12,sarah.guerrero@outlook.com,1131498714,Dubai,Dubai,UAE,Silver,2023-11-20,Inactive
CUST002482,Jose,Lin,Male,1955-09-29,jose.lin@outlook.com,4227164592,Sydney,New South Wales,Australia,Platinum,2023-02-15,Active
CUST002483,Scott,English,Female,1996-12-11,scott.english@hotmail.com,6533708404,London,England,United Kingdom,Gold,2021-10-30,Inactive
CUST002484,Charles,Landry,Male,1993-11-17,charles.landry@yahoo.com,5740208275,Dubai,Dubai,UAE,Silver,2024-11-09,Inactive
CUST002485,Patricia,Martin,Female,2004-05-30,patricia.martin@gmail.com,6929478860,Delhi,Delhi,India,Diamond,2026-01-07,Active
CUST002486,Rodney,Rodriguez,Male,1974-08-25,rodney.rodriguez@hotmail.com,0595447103,Chennai,Tamil Nadu,India,Gold,2022-04-04,Active
CUST002487,Kathleen,Davidson,Female,1995-09-25,kathleen.davidson@outlook.com,7947773359,Sydney,New South Wales,Australia,Gold,2023-01-05,Active
CUST002488,Anne,Meadows,Female,1974-12-07,anne.meadows@gmail.com,0761691518,London,England,United Kingdom,Platinum,2024-02-19,Inactive
CUST002489,Stephen,Ross,Female,1987-07-16,stephen.ross@yahoo.com,3367788108,Dubai,Dubai,UAE,Diamond,2024-06-21,Inactive
CUST002490,Joseph,Gomez,Male,1958-06-30,joseph.gomez@gmail.com,3680707876,Sydney,New South Wales,Australia,Silver,2022-02-12,Inactive
CUST002491,Jennifer,Dawson,Male,1963-12-21,jennifer.dawson@hotmail.com,9735549796,Bengaluru,Karnataka,India,Platinum,2022-10-16,Active
CUST002492,Travis,Hull,Female,2000-08-07,travis.hull@hotmail.com,9941173927,London,England,United Kingdom,Gold,2026-02-25,Active
CUST002493,Phillip,Lewis,Female,1998-08-17,phillip.lewis@outlook.com,6430261317,Mumbai,Maharashtra,India,Diamond,2026-04-29,Active
CUST002494,Ronald,Wyatt,Female,1989-12-01,ronald.wyatt@hotmail.com,,Singapore,Singapore,Singapore,Gold,2022-03-20,Active
CUST002495,Candice,Zhang,Female,1975-06-26,candice.zhang@hotmail.com,9491139940,Dubai,Dubai,UAE,Gold,2022-01-07,Inactive
CUST002496,Christina,Cherry,Male,2002-08-20,christina.cherry@gmail.com,0836766660,London,England,United Kingdom,Diamond,2021-10-10,Active
CUST002497,Karen,Ponce,Male,1987-03-24,karen.ponce@outlook.com,,Chennai,Tamil Nadu,India,Diamond,2026-03-30,Inactive
CUST002498,Miguel,Smith,Male,1964-07-18,miguel.smith@yahoo.com,1822842626,London,England,United Kingdom,Platinum,2023-06-07,Active
CUST002499,Michelle,Mcdaniel,Male,1988-03-02,michelle.mcdaniel@hotmail.com,6218420908,Mumbai,Maharashtra,India,Gold,2023-07-12,Active
CUST002500,Julie,Kelly,Female,1973-08-07,julie.kelly@gmail.com,2659623205,New York,New York,United States,Gold,2025-04-22,Inactive
CUST002501,Erin,Ryan,Female,1999-12-03,erin.ryan@outlook.com,3171559022,Singapore,Singapore,Singapore,Silver,2025-06-09,Inactive
CUST002502,Austin,Sanchez,Male,2001-01-16,austin.sanchez@hotmail.com,2112462457,Bengaluru,Karnataka,India,Silver,2023-03-22,Active
CUST002503,Cheryl,Sanchez,Female,1979-04-08,cheryl.sanchez@outlook.com,1175699306,Bengaluru,Karnataka,India,Platinum,2022-01-02,Inactive
CUST002504,Brenda,Coleman,Female,1958-07-19,brenda.coleman@gmail.com,8713151146,Dubai,Dubai,UAE,Gold,2025-06-02,Inactive
CUST002505,Gregory,Nolan,Male,2003-05-02,gregory.nolan@gmail.com,4465512284,Sydney,New South Wales,Australia,Gold,2023-09-09,Active
CUST002506,Stephanie,Miller,Male,1986-05-06,stephanie.miller@hotmail.com,8147033448,London,England,United Kingdom,Gold,2026-01-11,Active
CUST002507,Richard,Roberts,Male,1995-12-12,richard.roberts@gmail.com,9524431537,Delhi,Delhi,India,Platinum,2026-06-24,Active
CUST002508,Paul,Peck,Female,1962-12-27,paul.peck@outlook.com,3602406154,Delhi,Delhi,India,Platinum,2023-02-01,Inactive
CUST002509,Erika,Foster,Female,1956-04-26,erika.foster@outlook.com,0456368232,Bengaluru,Karnataka,India,Gold,2025-01-23,Inactive
CUST002510,Caroline,Parrish,Female,1964-05-07,caroline.parrish@yahoo.com,1253093664,Singapore,Singapore,Singapore,Diamond,2025-12-10,Inactive
CUST002511,Anthony,Wallace,Female,1956-09-05,anthony.wallace@hotmail.com,4559526509,Hyderabad,Telangana,India,Gold,2024-04-06,Active
CUST002512,Steven,Burgess,Female,1970-04-05,steven.burgess@hotmail.com,4928471351,Delhi,Delhi,India,Silver,2023-05-13,Active
CUST002513,Benjamin,Savage,Female,1959-04-26,benjamin.savage@outlook.com,7363209846,Delhi,Delhi,India,Gold,2024-06-07,Active
CUST002514,Christopher,Lopez,Male,1984-12-24,christopher.lopez@hotmail.com,7427542640,Bengaluru,Karnataka,India,Silver,2026-06-24,Inactive
CUST002515,Charles,Rush,Female,2006-10-30,charles.rush@yahoo.com,1232414116,Dubai,Dubai,UAE,Platinum,2026-07-14,Inactive
CUST002516,James,Oconnor,Female,1990-01-27,james.oconnor@yahoo.com,0711143164,Mumbai,Maharashtra,India,Platinum,2021-12-23,Inactive
CUST002517,Kevin,Ochoa,Male,1955-09-11,kevin.ochoa@hotmail.com,0521381986,Bengaluru,Karnataka,India,Gold,2022-12-21,Inactive
CUST002518,Tammy,Perry,Female,1997-09-04,tammy.perry@hotmail.com,7292592359,New York,New York,United States,Gold,2025-06-19,Inactive
CUST002519,David,Scott,Male,1971-06-02,david.scott@hotmail.com,5206433790,Chennai,Tamil Nadu,India,Platinum,2026-07-08,Inactive
CUST002520,James,Thompson,Male,1999-10-23,james.thompson@hotmail.com,3251357575,Chennai,Tamil Nadu,India,Gold,2026-04-05,Inactive
CUST002521,Patrick,Hickman,Female,2005-11-07,patrick.hickman@gmail.com,6116477108,Bengaluru,Karnataka,India,Platinum,2023-12-02,Active
CUST002522,Nicholas,Howard,Male,1993-05-15,nicholas.howard@yahoo.com,1320679653,Mumbai,Maharashtra,India,Gold,2021-11-11,Inactive
CUST002523,Sherri,Cole,Male,1959-10-04,sherri.cole@yahoo.com,3366188058,Hyderabad,Telangana,India,Diamond,2022-02-24,Inactive
CUST002524,William,Lynch,Male,1979-10-01,william.lynch@hotmail.com,9394168174,Mumbai,Maharashtra,India,Diamond,2023-03-02,Active
CUST002525,Tonya,Merritt,Male,1961-09-29,tonya.merritt@yahoo.com,,Sydney,New South Wales,Australia,Silver,2023-01-23,Inactive
CUST002526,Michelle,Shelton,Female,1994-05-31,michelle.shelton@yahoo.com,1173102907,Sydney,New South Wales,Australia,Diamond,2023-03-31,Inactive
CUST002527,Veronica,Delacruz,Female,1973-01-12,veronica.delacruz@gmail.com,2811922981,New York,New York,United States,Gold,2023-03-22,Active
CUST002528,Melanie,Bird,Female,1964-05-02,melanie.bird@gmail.com,9870757863,Sydney,New South Wales,Australia,Platinum,2024-09-04,Active
CUST002529,Mark,Guzman,Female,1973-11-29,,7779981849,Mumbai,Maharashtra,India,Silver,2023-12-28,Inactive
CUST002530,Stephen,Pena,Male,2000-10-17,stephen.pena@outlook.com,5632762827,Chennai,Tamil Nadu,India,Silver,2023-02-11,Active
CUST002531,Lori,Wright,Female,1975-12-28,lori.wright@hotmail.com,4635078827,New York,New York,United States,Gold,2022-03-06,Inactive
CUST002532,Sean,Marshall,Female,2000-08-04,sean.marshall@gmail.com,9805515594,Hyderabad,Telangana,India,Diamond,2021-11-16,Active
CUST002533,Heather,Leonard,Male,1960-04-16,heather.leonard@outlook.com,4830927691,London,England,United Kingdom,Platinum,2026-06-27,Inactive
CUST002534,Michelle,Lewis,Female,1965-10-12,michelle.lewis@hotmail.com,3909116934,Mumbai,Maharashtra,India,Gold,2024-02-08,Active
CUST002535,Robert,Anderson,Male,1968-03-17,robert.anderson@outlook.com,7010970116,London,England,United Kingdom,Silver,2022-10-14,Inactive
CUST002536,Jennifer,Young,Female,1980-05-08,jennifer.young@outlook.com,9144306033,Delhi,Delhi,India,Platinum,2025-03-15,Active
CUST002537,Brandy,Velez,Female,1994-04-12,brandy.velez@yahoo.com,8957661583,London,England,United Kingdom,Gold,2024-09-29,Active
CUST002538,Carolyn,Rodriguez,Male,1991-02-02,carolyn.rodriguez@gmail.com,1804174941,Singapore,Singapore,Singapore,Platinum,2021-10-16,Active
CUST002539,Kimberly,Martin,Female,1957-02-22,kimberly.martin@hotmail.com,0253309962,New York,New York,United States,Gold,2022-07-14,Active
CUST002540,Anita,Mckenzie,Female,1996-05-06,anita.mckenzie@gmail.com,9564267867, Singapore,Singapore,Singapore,Silver,2021-08-01,Inactive
CUST002541,Jacqueline,Fuller,Male,1994-07-30,jacqueline.fuller@outlook.com,4558734369,Dubai,Dubai,UAE,Gold,2023-03-14,Inactive
CUST002542,Janet,Jones,Female,1992-02-23,janet.jones@yahoo.com,2053176495,Delhi,Delhi,India,Silver,2023-12-16,Active
CUST002543,Jeremy,Jenkins,Female,1955-12-25,jeremy.jenkins@gmail.com,4434131651,Hyderabad ,Telangana,India,Silver,2025-03-25,Inactive
CUST002544,Randall,Fowler,Male,1964-03-09,randall.fowler@yahoo.com,7635356001,Chennai ,Tamil Nadu,India,Silver,2025-10-03,Inactive
CUST002545,Dustin,Franklin,Female,1971-04-05,dustin.franklin@gmail.com,3839966344,Chennai,Tamil Nadu,India,Platinum,2026-07-11,Active
CUST002546,Bobby,Chen,Female,1982-03-11,bobby.chen@outlook.com,9677874174,Bengaluru,Karnataka,India,Platinum,2026-01-25,Active
CUST002547,Karen,Fox,Male,1983-02-22,karen.fox@hotmail.com,7535824735,Delhi,Delhi,India,Platinum,2026-02-09,Inactive
CUST002548,Lori,Campos,Male,1966-08-24,lori.campos@hotmail.com,7560132053,Hyderabad,Telangana,India,Diamond,2023-10-21,Inactive
CUST002549,Donna,Stewart,Male,1981-12-18,donna.stewart@yahoo.com,3042600050,Hyderabad,Telangana,India,Platinum,2025-12-13,Active
CUST002550,Amber,Sutton,Female,2001-12-02,amber.sutton@outlook.com,2098063971,Singapore,Singapore,Singapore,Gold,2026-04-17,Inactive
CUST002551,Heidi,Griffin,Female,1962-11-13,heidi.griffin@gmail.com,7110378713,Delhi,Delhi,India,Diamond,2024-11-23,Inactive
CUST002552,Carolyn,Mccann,Female,1993-12-14,carolyn.mccann@yahoo.com,2561821201,Dubai,Dubai,UAE,Diamond,2025-11-30,Inactive
CUST002553,Tracy,Arroyo,Female,1994-11-12,tracy.arroyo@yahoo.com,3138745661,Sydney,New South Wales,Australia,Diamond,2025-03-04,Inactive
CUST002554,Andrea,Solis,Male,1992-03-25,,1876575888,Sydney,New South Wales,Australia,Diamond,2024-05-08,Inactive
CUST002555,Rodney,Burch,Male,1981-12-21,rodney.burch@hotmail.com,9631837036,Dubai,Dubai,UAE,Platinum,2024-11-17,Inactive
CUST002556,Anne,Ellis,Male,2003-01-15,anne.ellis@yahoo.com,1914184129, Chennai,Tamil Nadu,India,Silver,2023-04-01,Active
CUST002557,Matthew,Boyer,Male,1975-03-02,matthew.boyer@yahoo.com,4879246524,Sydney,New South Wales,Australia,Gold,2026-06-16,Inactive
CUST002558,Debra,Johnson,Female,1986-07-28,debra.johnson@yahoo.com,5575401597,Singapore ,Singapore,Singapore,Silver,2026-02-27,Active
CUST002559,Rebecca,Watkins,Female,1960-05-24,rebecca.watkins@outlook.com,6436050610,Hyderabad,Telangana,India,Diamond,2022-04-11,Active
CUST002560,Carmen,Ross,Female,1999-06-20,,3701445045,Hyderabad,Telangana,India,Diamond,2021-08-20,Active
CUST002561,Sean,Jacobs,Female,1986-08-11,sean.jacobs@yahoo.com,0422467908,Bengaluru,Karnataka,India,Platinum,2025-12-28,Active
CUST002562,John,Pitts,Male,2005-12-15,john.pitts@gmail.com,3216784377,Sydney,New South Wales,Australia,Gold,2025-11-07,Inactive
CUST002563,Joyce,Campbell,Male,1972-07-09,joyce.campbell@yahoo.com,7445090282,Bengaluru,Karnataka,India,Platinum,2025-04-12,Inactive
CUST002564,Judith,Morton,Male,1963-06-14,judith.morton@yahoo.com,3395370049,Chennai,Tamil Nadu,India,Diamond,2022-09-17,Active
CUST002565,Danny,Turner,Male,1967-07-17,danny.turner@yahoo.com,9661377289,Singapore,Singapore,Singapore,Platinum,2024-03-27,Active
CUST002566,Michele,Mcdaniel,Female,1972-08-16,michele.mcdaniel@hotmail.com,0293408579,Mumbai,Maharashtra,India,Diamond,2025-05-03,Inactive
CUST002567,Roy,Curry,Male,2004-04-26,roy.curry@yahoo.com,2875244314,Dubai,Dubai,UAE,Platinum,2024-03-26,Active
CUST002568,Daniel,Cortez,Female,1964-08-11,daniel.cortez@outlook.com,9849435274,London,England,United Kingdom,Diamond,2022-05-23,Inactive
CUST002569,Tiffany,Rivers,Male,1966-04-22,tiffany.rivers@hotmail.com,9468534737,Hyderabad,Telangana,India,Silver,2024-12-17,Inactive
CUST002570,Brent,Olsen,Male,1974-12-17,brent.olsen@yahoo.com,0359451829,Sydney,New South Wales,Australia,Diamond,2022-10-06,Active
CUST002571,Anita,White,Female,1994-09-06,anita.white@hotmail.com,8388238169,Chennai,Tamil Nadu,India,Silver,2024-05-13,Inactive
CUST002572,Michelle,White,Female,1981-08-15,michelle.white@yahoo.com,2151723187,London,England,United Kingdom,Diamond,2023-10-01,Inactive
CUST002573,Gabriel,Spencer,Female,1966-02-14,gabriel.spencer@hotmail.com,9356116097,London,England,United Kingdom,Diamond,2026-02-25,Inactive
CUST002574,Sonia,Carpenter,Male,2004-06-09,sonia.carpenter@yahoo.com,3288798711,Chennai,Tamil Nadu,India,Silver,2023-05-24,Active
CUST002575,Nathan,Mccoy,Male,1955-10-31,nathan.mccoy@yahoo.com,3947739534,Singapore,Singapore,Singapore,Diamond,2021-08-11,Inactive
CUST002576,Brittany,Scott,Female,1965-11-04,brittany.scott@yahoo.com,1178968656,Mumbai,Maharashtra,India,Platinum,2022-09-09,Active
CUST002577,Kelly,Meyers,Female,1970-07-02,kelly.meyers@yahoo.com,5227413332,Bengaluru,Karnataka,India,Silver,2024-11-21,Inactive
CUST002578,Suzanne,Oneal,Female,1980-05-01,suzanne.oneal@hotmail.com,3121707054,Sydney,New South Wales,Australia,Platinum,2025-03-17,Inactive
CUST002579,Jean,Bradley,Male,1978-02-17,jean.bradley@gmail.com,1526244399,Bengaluru,Karnataka,India,Silver,2022-10-05,Active
CUST002580,Danielle,Costa,Male,1977-12-28,danielle.costa@hotmail.com,2669810972,Delhi,Delhi,India,Diamond,2026-06-12,Inactive
CUST002581,William,Johnson,Male,1961-03-22,william.johnson@yahoo.com,3455775645,Sydney,New South Wales,Australia,Platinum,2024-08-09,Active
CUST002582,Kristen,Lawrence,Male,1983-04-17,kristen.lawrence@outlook.com,5541338491,Mumbai,Maharashtra,India,Gold,2022-05-31,Active
CUST002583,Gary,Williamson,Female,1959-11-29,gary.williamson@gmail.com,1199287228,Hyderabad,Telangana,India,Silver,2025-05-29,Active
CUST002584,Stephen,Richardson,Female,1998-08-09,stephen.richardson@yahoo.com,3278697355,Delhi,Delhi,India,Diamond,2026-01-30,Active
CUST002585,Annette,Nguyen,Male,1962-12-11,annette.nguyen@hotmail.com,3106634896,Sydney,New South Wales,Australia,Diamond,2022-04-25,Active
CUST002586,Austin,Williams,Male,2006-08-09,,7775125157,Bengaluru,Karnataka,India,Diamond,2023-01-28,Inactive
CUST002587,Keith,Johnson,Female,2001-07-25,keith.johnson@outlook.com,9255983742,Mumbai,Maharashtra,India,Diamond,2025-02-06,Active
CUST002588,Matthew,Brown,Female,1977-10-05,matthew.brown@outlook.com,5494874969,Singapore,Singapore,Singapore,Gold,2021-10-11,Inactive
CUST002589,Ashley,Kaiser,Female,1997-11-20,ashley.kaiser@outlook.com,7779276324,Singapore,Singapore,Singapore,Platinum,2026-01-04,Active
CUST002590,Brian,Brock,Female,1966-01-03,brian.brock@outlook.com,,Dubai,Dubai,UAE,Silver,2025-12-04,Active
CUST002591,Karen,Lamb,Male,1961-04-24,karen.lamb@yahoo.com,,Delhi,Delhi,India,Gold,2023-11-21,Inactive
CUST002592,Sharon,Alexander,Male,1980-02-29,sharon.alexander@hotmail.com,6841983784,Singapore,Singapore,Singapore,Platinum,2024-11-30,Active
CUST002593,Michael,Powell,Female,1960-06-19,michael.powell@hotmail.com,8467004967,Mumbai,Maharashtra,India,Silver,2024-02-22,Active
CUST002594,Ronald,Munoz,Female,2001-09-07,ronald.munoz@yahoo.com,0721790011,Dubai,Dubai,UAE,Platinum,2024-03-09,Inactive
CUST002595,Kristen,Richards,Male,1980-07-15,kristen.richards@outlook.com,8217998848,Singapore,Singapore,Singapore,Gold,2023-11-17,Inactive
CUST002596,Allison,Brown,Female,1973-04-05,allison.brown@outlook.com,8850978967,Delhi,Delhi,India,Diamond,2025-11-15,Active
CUST002597,Anthony,Jackson,Male,1957-01-07,anthony.jackson@gmail.com,4053653265,Hyderabad,Telangana,India,Gold,2022-07-15,Inactive
CUST002598,Bobby,Orr,Male,1991-06-02,bobby.orr@outlook.com,4985873633,Singapore,Singapore,Singapore,Platinum,2023-03-13,Active
CUST002599,James,Barton,Male,1996-05-07,james.barton@hotmail.com,5584898970,London,England,United Kingdom,Silver,2026-01-20,Active
CUST002600,Matthew,Reyes,Female,1998-06-21,matthew.reyes@gmail.com,1249948966, Delhi,Delhi,India,Diamond,2025-06-02,Inactive
CUST002601,James,Lewis,Male,1988-10-06,james.lewis@gmail.com,9269081317,Singapore,Singapore,Singapore,Platinum,2023-09-03,Inactive
CUST002602,Christopher,Martin,Female,1958-12-31,christopher.martin@gmail.com,2458014873,Dubai,Dubai,UAE,Diamond,2023-10-26,Active
CUST002603,Lee,Williams,Male,1976-09-12,lee.williams@hotmail.com,,Hyderabad,Telangana,India,Gold,2025-03-06,Active
CUST002604,Nicole,Hardy,Female,2007-09-25,nicole.hardy@outlook.com,8161819561,Mumbai,Maharashtra,India,Platinum,2026-05-14,Active
CUST002605,Heather,Hernandez,Male,1963-11-08,heather.hernandez@hotmail.com,6972639030,Dubai,Dubai,UAE,Diamond,2024-12-14,Inactive
CUST002606,Carlos,Martin,Male,1995-09-12,carlos.martin@yahoo.com,,Mumbai,Maharashtra,India,Silver,2023-12-29,Active
CUST002607,Micheal,Williams,Female,1958-01-31,micheal.williams@yahoo.com,1195243914,Chennai,Tamil Nadu,India,Gold,2025-06-01,Inactive
CUST002608,Troy,Parks,Female,1973-04-06,troy.parks@hotmail.com,3060421647,Hyderabad,Telangana,India,Platinum,2022-06-12,Active
CUST002609,Trevor,Vega,Female,1970-08-15,trevor.vega@yahoo.com,9966727664,Mumbai,Maharashtra,India,Silver,2025-12-09,Active
CUST002610,Denise,Wallace,Male,2000-06-06,denise.wallace@outlook.com,7488035884,Bengaluru,Karnataka,India,Silver,2026-07-18,Active
CUST002611,Scott,Parker,Female,1990-02-15,scott.parker@hotmail.com,5339918455,Bengaluru,Karnataka,India,Silver,2026-05-15,Inactive
CUST002612,Patrick,Cain,Female,1985-02-20,patrick.cain@hotmail.com,5673675204,Delhi,Delhi,India,Gold,2025-02-23,Inactive
CUST002613,Vicki,Gross,Male,1992-10-15,vicki.gross@yahoo.com,7519536490,Chennai,Tamil Nadu,India,Silver,2025-03-28,Inactive
CUST002614,Andrea,Castillo,Male,1967-05-01,andrea.castillo@outlook.com,6652117612,Singapore,Singapore,Singapore,Diamond,2026-02-21,Active
CUST002615,Krista,Patrick,Female,2000-07-02,krista.patrick@yahoo.com,0509066149,Delhi,Delhi,India,Platinum,2023-05-01,Active
CUST002616,Jeffrey,Martinez,Female,2004-01-16,jeffrey.martinez@gmail.com,,Singapore,Singapore,Singapore,Gold,2022-01-18,Active
CUST002617,Trevor,White,Male,1960-08-07,trevor.white@gmail.com,9926726474,Sydney,New South Wales,Australia,Diamond,2025-10-14,Active
CUST002618,Nicholas,Warner,Male,1971-08-17,nicholas.warner@hotmail.com,9902287489,London,England,United Kingdom,Gold,2024-11-29,Inactive
CUST002619,Cassandra,Deleon,Male,1981-05-06,cassandra.deleon@outlook.com,9622064388,Dubai,Dubai,UAE,Gold,2026-07-22,Inactive
CUST002620,Logan,Page,Male,1957-06-27,logan.page@gmail.com,8686237118,Mumbai,Maharashtra,India,Platinum,2023-07-04,Inactive
CUST002621,Caleb,Cowan,Male,1994-10-02,caleb.cowan@outlook.com,2350828603,Singapore,Singapore,Singapore,Diamond,2026-07-08,Inactive
CUST002622,Kenneth,Edwards,Female,1993-06-07,kenneth.edwards@hotmail.com,4047703278,Mumbai,Maharashtra,India,Diamond,2024-07-26,Inactive
CUST002623,Derrick,Garrison,Male,1979-07-21,derrick.garrison@hotmail.com,1379559586,Mumbai,Maharashtra,India,Platinum,2023-11-26,Active
CUST002624,Joseph,Morgan,Female,2001-12-30,joseph.morgan@hotmail.com,8004366577,London,England,United Kingdom,Platinum,2026-04-13,Inactive
CUST002625,Elizabeth,Baker,Female,1985-04-28,elizabeth.baker@hotmail.com,1899686611,Chennai,Tamil Nadu,India,Platinum,2025-06-01,Active
CUST002626,Jason,Oneal,Female,1985-06-18,jason.oneal@hotmail.com,9774591221,Bengaluru,Karnataka,India,Gold,2023-09-06,Active
CUST002627,Harold,Miller,Male,1972-09-07,harold.miller@gmail.com,0932685937,London,England,United Kingdom,Platinum,2023-04-27,Inactive
CUST002628,Caitlin,Stokes,Female,1978-09-20,caitlin.stokes@yahoo.com,7094082577, Bengaluru,Karnataka,India,Platinum,2024-09-28,Active
CUST002629,Mary,Wallace,Male,2001-08-24,mary.wallace@outlook.com,0869046344,Chennai,Tamil Nadu,India,Gold,2022-01-19,Inactive
CUST002630,Lauren,Sanchez,Male,1998-04-03,lauren.sanchez@outlook.com,1153389654,Mumbai,Maharashtra,India,Gold,2023-07-12,Active
CUST002631,Keith,Carroll,Male,1958-11-01,keith.carroll@yahoo.com,0349592493,New York,New York,United States,Silver,2022-03-15,Inactive
CUST002632,Casey,Gomez,Male,1973-07-09,casey.gomez@outlook.com,9337370109,Chennai,Tamil Nadu,India,Platinum,2024-08-15,Active
CUST002633,Meredith,Martin,Female,1985-08-19,meredith.martin@gmail.com,3007783198,Delhi ,Delhi,India,Diamond,2024-02-10,Active
CUST002634,Alison,Smith,Female,1977-11-16,,4533688919,Sydney,New South Wales,Australia,Gold,2024-04-12,Active
CUST002635,Justin,Erickson,Male,1968-04-14,justin.erickson@hotmail.com,4286601702,Delhi,Delhi,India,Platinum,2023-10-10,Inactive
CUST002636,Jennifer,Shaw,Male,1991-06-07,jennifer.shaw@outlook.com,4827237804, Sydney,New South Wales,Australia,Gold,2026-06-02,Inactive
CUST002637,Daniel,Choi,Male,1985-07-27,daniel.choi@yahoo.com,6905691745,New York,New York,United States,Silver,2023-06-28,Inactive
CUST002638,Wyatt,Anderson,Male,1991-02-21,wyatt.anderson@yahoo.com,5159700148,Hyderabad,Telangana,India,Gold,2023-08-20,Active
CUST002639,Johnny,Pope,Male,1983-09-12,johnny.pope@hotmail.com,8182799616,Mumbai,Maharashtra,India,Diamond,2025-12-09,Inactive
CUST002640,Amy,Miller,Male,1978-09-20,amy.miller@hotmail.com,1202365020,Singapore,Singapore,Singapore,Platinum,2023-04-28,Active
CUST002641,Jessica,Adams,Male,1987-10-05,jessica.adams@hotmail.com,2661648522,Chennai,Tamil Nadu,India,Silver,2024-07-26,Active
CUST002642,Michael,Ingram,Male,1977-08-15,michael.ingram@yahoo.com,6205004728,New York,New York,United States,Silver,2022-12-30,Inactive
CUST002643,David,Barron,Male,1958-10-08,david.barron@outlook.com,1022007916,Bengaluru ,Karnataka,India,Platinum,2026-03-15,Active
CUST002644,Carlos,Walker,Male,2005-09-11,carlos.walker@gmail.com,6061549751,London,England,United Kingdom,Silver,2023-11-09,Inactive
CUST002645,Joshua,Werner,Male,2004-01-17,joshua.werner@gmail.com,0021219001,Singapore,Singapore,Singapore,Diamond,2025-04-08,Inactive
CUST002646,Christian,Allen,Female,1960-10-28,christian.allen@gmail.com,7745326245,Chennai,Tamil Nadu,India,Gold,2021-11-08,Inactive
CUST002647,Bryan,Barnes,Female,1972-12-04,bryan.barnes@yahoo.com,0915707521,Hyderabad,Telangana,India,Silver,2024-07-09,Active
CUST002648,Johnny,White,Male,1988-01-11,johnny.white@yahoo.com,9533081976,New York,New York,United States,Gold,2023-07-07,Inactive
CUST002649,Ashley,Santiago,Male,1975-07-12,ashley.santiago@outlook.com,6380363240,Dubai,Dubai,UAE,Gold,2024-12-06,Active
CUST002650,Mary,Jones,Male,1957-08-25,mary.jones@gmail.com,6002764567,Dubai,Dubai,UAE,Diamond,2021-08-05,Inactive
CUST002651,Dominic,Peterson,Female,1958-05-18,dominic.peterson@hotmail.com,4981833927,Chennai,Tamil Nadu,India,Diamond,2026-03-09,Inactive
CUST002652,Rebecca,Berry,Male,1985-06-02,rebecca.berry@hotmail.com,0982297487,Singapore,Singapore,Singapore,Silver,2022-09-04,Inactive
CUST002653,Jeremy,Cortez,Male,1970-10-20,jeremy.cortez@outlook.com,8245649785,Dubai,Dubai,UAE,Silver,2024-10-28,Active
CUST002654,James,Lewis,Male,1996-07-10,james.lewis@hotmail.com,2791058032,Mumbai,Maharashtra,India,Gold,2024-10-14,Inactive
CUST002655,Christina,Wright,Female,1998-04-25,christina.wright@gmail.com,1965115960,London,England,United Kingdom,Silver,2022-11-17,Inactive
CUST002656,Megan,Hendrix,Male,1960-03-04,megan.hendrix@yahoo.com,0078070084,Bengaluru,Karnataka,India,Gold,2022-05-28,Active
CUST002657,Kristy,Barnes,Male,1992-08-29,kristy.barnes@hotmail.com,0535367930,Singapore,Singapore,Singapore,Silver,2024-04-20,Inactive
CUST002658,Patricia,Russell,Female,1998-06-23,patricia.russell@hotmail.com,3992860890,Bengaluru,Karnataka,India,Diamond,2024-12-07,Inactive
CUST002659,Christopher,Goodman,Female,1964-09-17,christopher.goodman@yahoo.com,9820736727,Delhi,Delhi,India,Silver,2025-11-10,Inactive
CUST002660,Matthew,Owen,Female,1985-12-05,matthew.owen@outlook.com,6661168310,Hyderabad,Telangana,India,Silver,2024-06-15,Active
CUST002661,Philip,Alvarado,Female,1985-06-02,philip.alvarado@gmail.com,1084535809,Dubai,Dubai,UAE,Diamond,2024-06-06,Inactive
CUST002662,Haley,Wise,Female,1985-06-11,haley.wise@yahoo.com,0226196997,New York,New York,United States,Gold,2022-01-28,Active
CUST002663,Katherine,Cohen,Female,1964-06-26,katherine.cohen@yahoo.com,4955568353,Sydney,New South Wales,Australia,Platinum,2021-08-15,Active
CUST002664,Michael,Moore,Male,1998-09-07,michael.moore@yahoo.com,9682970626,Mumbai,Maharashtra,India,Platinum,2025-07-02,Inactive
CUST002665,Makayla,Riley,Female,1967-12-09,makayla.riley@yahoo.com,3069421584,Bengaluru,Karnataka,India,Platinum,2026-02-22,Active
CUST002666,Cindy,Brown,Female,1966-05-08,cindy.brown@hotmail.com,3063368968,Singapore,Singapore,Singapore,Platinum,2025-04-13,Inactive
CUST002667,Regina,Nguyen,Male,1990-11-30,regina.nguyen@hotmail.com,7938510749,Dubai,Dubai,UAE,Silver,2026-06-24,Active
CUST002668,Shawn,Guzman,Male,1997-05-29,shawn.guzman@gmail.com,2571449708,Bengaluru,Karnataka,India,Silver,2023-09-14,Inactive
CUST002669,Gregory,Jones,Female,1965-05-04,gregory.jones@gmail.com,2365909843,Sydney,New South Wales,Australia,Gold,2025-10-20,Active
CUST002670,Brenda,Mcguire,Female,1957-12-15,brenda.mcguire@hotmail.com,7889658226,Sydney,New South Wales,Australia,Gold,2024-03-16,Inactive
CUST002671,Scott,Ortega,Female,1957-03-02,scott.ortega@hotmail.com,4247658058,New York,New York,United States,Gold,2022-12-12,Inactive
CUST002672,Dalton,Houston,Male,1957-12-01,dalton.houston@yahoo.com,1289021824,Delhi,Delhi,India,Diamond,2022-11-17,Active
CUST002673,Breanna,Gentry,Male,1998-09-28,breanna.gentry@outlook.com,0386890509,London,England,United Kingdom,Diamond,2022-08-12,Inactive
CUST002674,Carl,Castro,Female,1966-02-06,carl.castro@outlook.com,8324999321,Dubai,Dubai,UAE,Diamond,2025-06-07,Inactive
CUST002675,Diane,Wong,Female,1978-03-16,diane.wong@outlook.com,4717458333,Mumbai,Maharashtra,India,Silver,2024-06-25,Inactive
CUST002676,Brian,Gonzalez,Male,1991-10-17,brian.gonzalez@hotmail.com,,Chennai,Tamil Nadu,India,Platinum,2023-01-23,Active
CUST002677,Stacy,Montgomery,Male,1989-02-26,stacy.montgomery@outlook.com,6437419892,Mumbai,Maharashtra,India,Diamond,2025-06-08,Active
CUST002678,Adam,Wells,Female,2001-06-20,adam.wells@gmail.com,6249787575,Singapore,Singapore,Singapore,Diamond,2023-12-04,Inactive
CUST002679,Tyler,Day,Male,1991-03-14,tyler.day@hotmail.com,6814710142,Mumbai,Maharashtra,India,Platinum,2024-02-16,Inactive
CUST002680,Rachel,Wells,Female,1976-08-02,rachel.wells@hotmail.com,2549959877,Dubai,Dubai,UAE,Platinum,2025-07-25,Inactive
CUST002681,Michelle,Lane,Male,1969-10-08,michelle.lane@gmail.com,1399957835,Mumbai,Maharashtra,India,Gold,2024-06-26,Inactive
CUST002682,Wendy,Lowe,Male,1994-07-16,wendy.lowe@outlook.com,1720733077,London,England,United Kingdom,Platinum,2026-04-14,Active
CUST002683,Paul,Snow,Male,1968-08-02,paul.snow@gmail.com,5367880118,Mumbai,Maharashtra,India,Gold,2022-03-16,Active
CUST002684,Aaron,Johnson,Female,1978-02-09,aaron.johnson@gmail.com,2528903282,Dubai,Dubai,UAE,Gold,2024-04-08,Active
CUST002685,Faith,Mitchell,Male,1960-12-23,faith.mitchell@outlook.com,1767590593,Chennai,Tamil Nadu,India,Gold,2023-05-24,Inactive
CUST002686,Charles,Cuevas,Male,2005-02-13,charles.cuevas@gmail.com,5064795567,Dubai,Dubai,UAE,Diamond,2023-08-17,Active
CUST002687,Ashley,Wilson,Male,1976-07-13,ashley.wilson@outlook.com,2803363576,Singapore,Singapore,Singapore,Diamond,2022-12-14,Inactive
CUST002688,Andrea,Williams,Female,1969-05-24,andrea.williams@hotmail.com,8438812112,London,England,United Kingdom,Diamond,2021-09-24,Active
CUST002689,Cassie,Downs,Female,1975-09-27,cassie.downs@hotmail.com,2317253009,Delhi,Delhi,India,Silver,2024-06-10,Inactive
CUST002690,Dennis,Gardner,Male,1985-05-13,dennis.gardner@outlook.com,8529679936,Hyderabad,Telangana,India,Gold,2023-03-07,Inactive
CUST002691,Kevin,Rodriguez,Female,1961-12-08,kevin.rodriguez@gmail.com,5951929135,Sydney,New South Wales,Australia,Platinum,2025-05-20,Active
CUST002692,Carol,Jones,Male,1957-11-22,carol.jones@gmail.com,8588944338,Mumbai,Maharashtra,India,Platinum,2024-09-15,Inactive
CUST002693,Anthony,Salazar,Female,1983-08-22,anthony.salazar@outlook.com,4943246363,Mumbai,Maharashtra,India,Diamond,2021-11-08,Active
CUST002694,Mark,Watts,Male,1961-03-01,john@gmail,5305022117,Dubai,Dubai,UAE,Platinum,2022-01-05,Active
CUST002695,Holly,Lee,Male,1987-09-09,holly.lee@outlook.com,6928544936,Singapore,Singapore,Singapore,Silver,2022-02-19,Inactive
CUST002696,Alexandra,Green,Male,1996-07-15,alexandra.green@outlook.com,2626607048,DUBAI,Dubai,UAE,Platinum,2024-11-08,Active
CUST002697,Andrew,Aguirre,Male,1971-05-19,,7838653759,Delhi,Delhi,India,Silver,2026-05-07,Active
CUST002698,Jeff,Carpenter,Male,1957-09-23,jeff.carpenter@hotmail.com,9618114989,Dubai,Dubai,UAE,Platinum,2025-04-08,Active
CUST002699,Shane,Russell,Male,1962-11-15,shane.russell@hotmail.com,8205755067,Sydney,New South Wales,Australia,Silver,2023-05-09,Inactive
CUST002700,Angela,Nielsen,Male,1998-05-15,angela.nielsen@outlook.com,5762755906,Mumbai,Maharashtra,India,Gold,2024-04-01,Inactive
CUST002701,Charles,Austin,Female,1980-10-08,charles.austin@outlook.com,6386963305,Sydney,New South Wales,Australia,Silver,2023-06-14,Inactive
CUST002702,Craig,Lawson,Male,2007-09-20,craig.lawson@gmail.com,2690038525,Chennai,Tamil Nadu,India,Platinum,2024-02-02,Active
CUST002703,Vincent,Harper,Male,1981-09-02,vincent.harper@outlook.com,9422873822,Hyderabad,Telangana,India,Silver,2024-08-06,Active
CUST002704,Erin,Green,Female,1998-10-15,erin.green@gmail.com,1985199907,Bengaluru,Karnataka,India,Silver,2026-02-03,Active
CUST002705,Mike,Cervantes,Female,1959-02-27,mike.cervantes@yahoo.com,1430397160,New York,New York,United States,Silver,2024-12-26,Inactive
CUST002706,Cathy,Hart,Male,2003-06-08,cathy.hart@gmail.com,0293494297,Singapore,Singapore,Singapore,Platinum,2023-09-14,Inactive
CUST002707,Jeremiah,Coleman,Male,1969-12-10,jeremiah.coleman@yahoo.com,3142985752,Bengaluru,Karnataka,India,Platinum,2024-12-23,Active
CUST002708,Lauren,Guzman,Male,2002-09-15,lauren.guzman@yahoo.com,0228557900,Bengaluru,Karnataka,India,Gold,2022-11-23,Active
CUST002709,Peter,Swanson,Male,1956-12-22,peter.swanson@yahoo.com,1928461175,Bengaluru,Karnataka,India,Gold,2022-09-10,Active
CUST002710,Donna,Brown,Male,1966-11-25,,3954792211,New York,New York,United States,Platinum,2022-09-07,Inactive
CUST002711,Paul,Howard,Male,1962-07-08,paul.howard@hotmail.com,1338062658,Chennai,Tamil Nadu,India,Gold,2021-10-12,Inactive
CUST002712,Linda,Stevenson,Female,1963-04-01,linda.stevenson@yahoo.com,7388993912,Hyderabad,Telangana,India,Platinum,2023-03-09,Active
CUST002713,Erin,Solomon,Male,1960-05-24,erin.solomon@gmail.com,1736200722,Chennai,Tamil Nadu,India,Diamond,2021-07-27,Active
CUST002714,Brittany,Mckinney,Female,1978-11-21,brittany.mckinney@outlook.com,7776650471,Hyderabad,Telangana,India,Gold,2021-08-26,Active
CUST002715,Stephen,Casey,Female,1958-02-14,stephen.casey@gmail.com,1786235845,Hyderabad,Telangana,India,Gold,2025-09-23,Inactive
CUST002716,James,Greene,Male,2000-10-20,james.greene@hotmail.com,0268057691,Dubai,Dubai,UAE,Platinum,2025-05-28,Active
CUST002717,Kimberly,Yates,Female,1959-06-10,kimberly.yates@hotmail.com,7771213156,Dubai,Dubai,UAE,Gold,2022-04-28,Active
CUST002718,Veronica,Pearson,Male,1966-02-23,veronica.pearson@yahoo.com,5202682233,New York,New York,United States,Silver,2026-03-01,Active
CUST002719,Mark,Riley,Male,1997-05-31,mark.riley@yahoo.com,1655183997,London,England,United Kingdom,Diamond,2021-11-14,Active
CUST002720,Cindy,Daugherty,Male,2008-02-18,cindy.daugherty@outlook.com,6476268537,Dubai,Dubai,UAE,Silver,2024-09-28,Active
CUST002721,Hector,Johnson,Female,1966-07-25,hector.johnson@yahoo.com,4278617542,Singapore,Singapore,Singapore,Gold,2021-12-28,Inactive
CUST002722,Kristin,Lee,Male,1981-01-23,kristin.lee@gmail.com,9125854380,Delhi,Delhi,India,Gold,2023-01-27,Active
CUST002723,Joseph,Barry,Female,1980-10-27,joseph.barry@yahoo.com,2904985305,Chennai,Tamil Nadu,India,Silver,2022-04-25,Active
CUST002724,Amy,Foster,Male,2006-04-09,amy.foster@gmail.com,9363025125,Singapore,Singapore,Singapore,Platinum,2022-09-04,Active
CUST002725,Hannah,Hunt,Male,1964-05-04,,7159255080,Dubai,Dubai,UAE,Platinum,2024-01-08,Inactive
CUST002726,Kevin,Alvarez,Male,1958-01-27,kevin.alvarez@outlook.com,1042765559,Bengaluru,Karnataka,India,Diamond,2021-12-04,Active
CUST002727,Jeremy,Hartman,Male,1967-09-23,jeremy.hartman@yahoo.com,3454061446,Hyderabad,Telangana,India,Platinum,2022-07-12,Inactive
CUST002728,Jonathan,Johnson,Male,1975-03-06,jonathan.johnson@outlook.com,6928547012,Hyderabad,Telangana,India,Diamond,2022-09-21,Inactive
CUST002729,Amy,Hatfield,Female,1973-07-11,amy.hatfield@yahoo.com,8261419381, Bengaluru,Karnataka,India,Gold,2024-08-01,Active
CUST002730,Erin,Martin,Female,1990-02-01,erin.martin@gmail.com,4707244247,Dubai,Dubai,UAE,Silver,2025-07-11,Inactive
CUST002731,Summer,Turner,Female,1963-09-29,summer.turner@yahoo.com,3525498440,Mumbai,Maharashtra,India,Silver,2021-11-20,Inactive
CUST002732,Joyce,Sutton,Male,1995-08-09,joyce.sutton@yahoo.com,4518074442,New York,New York,United States,Platinum,2025-05-21,Active
CUST002733,Brittany,Ferguson,Female,1986-07-15,brittany.ferguson@gmail.com,0396772030,Delhi,Delhi,India,Gold,2022-04-13,Active
CUST002734,Kathryn,Williams,Male,1981-11-08,kathryn.williams@yahoo.com,6230638992,New York,New York,United States,Diamond,2023-04-11,Inactive
CUST002735,Lisa,Farmer,Female,1990-02-18,lisa.farmer@gmail.com,4055759145,Mumbai,Maharashtra,India,Gold,2023-02-24,Active
CUST002736,Erica,Mayer,Male,1980-02-08,erica.mayer@yahoo.com,6902461863,London,England,United Kingdom,Silver,2021-12-25,Inactive
CUST002737,Dustin,Rocha,Male,1968-01-14,dustin.rocha@hotmail.com,5030801750,London,England,United Kingdom,Gold,2024-07-09,Inactive
CUST002738,Kyle,Campbell,Female,2007-09-12,kyle.campbell@gmail.com,3415947344,Delhi ,Delhi,India,Diamond,2023-07-03,Inactive
CUST002739,Christopher,Simmons,Female,1984-07-29,gmail.com,2978188870,London,England,United Kingdom,Platinum,2022-09-01,Inactive
CUST002740,Erin,Stewart,Male,1964-04-10,erin.stewart@outlook.com,7736175883,Sydney,New South Wales,Australia,Diamond,2025-03-13,Active
CUST002741,David,Taylor,Male,1962-10-29,david.taylor@hotmail.com,8159213500,Delhi,Delhi,India,Silver,2024-07-23,Active
CUST002742,Pamela,Ayala,Female,1977-06-15,pamela.ayala@outlook.com,3054005227,London,England,United Kingdom,Diamond,2022-08-15,Inactive
CUST002743,Steve,Williams,Male,1983-11-27,steve.williams@gmail.com,2106746925,New York,New York,United States,Silver,2022-10-04,Active
CUST002744,Christopher,Woodward,Female,1967-11-09,christopher.woodward@gmail.com,0007668686,Chennai,Tamil Nadu,India,Diamond,2025-04-28,Inactive
CUST002745,Julie,Mills,Female,1980-06-12,julie.mills@yahoo.com,4829545457,Hyderabad,Telangana,India,Silver,2026-03-17,Active
CUST002746,Patrick,Miller,Female,1982-04-07,patrick.miller@hotmail.com,0179686740,Hyderabad,Telangana,India,Gold,2025-12-08,Active
CUST002747,Amy,Huff,Female,1996-12-27,amy.huff@hotmail.com,5847028275,BENGALURU,Karnataka,India,Silver,2026-06-01,Active
CUST002748,Emily,Donovan,Female,1993-08-14,emily.donovan@yahoo.com,4456142123,Mumbai,Maharashtra,India,Silver,2023-04-21,Inactive
CUST002749,Jamie,Rojas,Male,1957-04-25,jamie.rojas@yahoo.com,4031615568,Chennai,Tamil Nadu,India,Diamond,2022-04-06,Active
CUST002750,Susan,Anderson,Female,1989-02-13,susan.anderson@gmail.com,9055551225,Hyderabad,Telangana,India,Diamond,2026-01-11,Active
CUST002751,Tony,Baker,Female,1975-06-20,tony.baker@gmail.com,5880229982,Mumbai,Maharashtra,India,Diamond,2021-08-28,Inactive
CUST002752,Taylor,Pittman,Female,1961-06-28,taylor.pittman@gmail.com,3977854312,London,England,United Kingdom,Platinum,2025-08-31,Inactive
CUST002753,Jonathan,Bowen,Female,1965-07-01,jonathan.bowen@outlook.com,9091358442,Bengaluru,Karnataka,India,Gold,2025-08-05,Active
CUST002754,Morgan,Stevens,Male,1996-01-29,morgan.stevens@gmail.com,3232667458,London,England,United Kingdom,Platinum,2023-11-29,Inactive
CUST002755,Monica,Colon,Female,2006-09-27,monica.colon@yahoo.com,4410843000,Chennai,Tamil Nadu,India,Gold,2022-05-20,Inactive
CUST002756,Megan,Clarke,Female,1994-05-09,megan.clarke@hotmail.com,4065880622,Mumbai,Maharashtra,India,Diamond,2023-04-24,Inactive
CUST002757,Christine,Bryant,Female,1980-03-18,christine.bryant@gmail.com,1791767139,Dubai,Dubai,UAE,Silver,2021-09-15,Inactive
CUST002758,Martha,Burgess,Male,1979-09-06,martha.burgess@hotmail.com,3559156648,New York,New York,United States,Gold,2026-04-02,Active
CUST002759,Levi,Conrad,Female,1964-01-14,levi.conrad@gmail.com,7961504525,Bengaluru,Karnataka,India,Gold,2023-05-26,Inactive
CUST002760,Jaclyn,Miller,Male,2002-12-21,jaclyn.miller@gmail.com,9697189502,Mumbai,Maharashtra,India,Diamond,2022-05-24,Inactive
CUST002761,Christopher,Murray,Female,2002-03-08,christopher.murray@outlook.com,0286335412,Chennai,Tamil Nadu,India,Gold,2022-09-27,Inactive
CUST002762,Katherine,Stafford,Female,1961-10-04,katherine.stafford@outlook.com,6785794288,Delhi,Delhi,India,Diamond,2024-09-18,Inactive
CUST002763,Patrick,Russell,Male,1988-11-04,patrick.russell@yahoo.com,9227305084,Sydney,New South Wales,Australia,Gold,2022-06-22,Active
CUST002764,Jacob,Quinn,Female,1982-06-14,jacob.quinn@gmail.com,8275510385,Delhi,Delhi,India,Silver,2024-02-17,Inactive
CUST002765,Collin,Mcconnell,Female,1986-02-27,collin.mcconnell@gmail.com,1802209574,DELHI,Delhi,India,Platinum,2023-12-01,Active
CUST002766,Justin,Gordon,Female,1996-12-31,justin.gordon@gmail.com,0088585459,Hyderabad,Telangana,India,Silver,2021-10-18,Active
CUST002767,Justin,Castillo,Female,1989-03-22,justin.castillo@gmail.com,9199060556,Hyderabad,Telangana,India,Platinum,2024-05-29,Inactive
CUST002768,Elizabeth,Johnson,Male,1973-12-23,elizabeth.johnson@yahoo.com,2750346666,Chennai,Tamil Nadu,India,Gold,2022-10-24,Inactive
CUST002769,Jill,Evans,Male,2003-05-29,jill.evans@hotmail.com,2472992909,Sydney,New South Wales,Australia,Silver,2026-02-21,Active
CUST002770,Nicholas,Nelson,Male,1966-06-21,nicholas.nelson@outlook.com,5970901304,London,England,United Kingdom,Diamond,2024-06-09,Active
CUST002771,Thomas,Carr,Female,1974-01-18,thomas.carr@gmail.com,4129563557,Sydney,New South Wales,Australia,Silver,2022-06-24,Active
CUST002772,Deborah,Clark,Male,1973-12-26,deborah.clark@outlook.com,7062805940,New York,New York,United States,Gold,2026-06-23,Active
CUST002773,Jennifer,Sparks,Female,1994-01-13,jennifer.sparks@gmail.com,4316449493,London,England,United Kingdom,Silver,2022-08-03,Active
CUST002774,Brian,Clayton,Female,1995-01-19,brian.clayton@outlook.com,9575730272,Delhi,Delhi,India,Silver,2023-04-08,Active
CUST002775,Craig,Macias,Male,1976-12-20,craig.macias@gmail.com,5967615624,Sydney,New South Wales,Australia,Diamond,2022-08-23,Inactive
CUST002776,Jerry,King,Female,1964-07-28,jerry.king@outlook.com,5438692245,Bengaluru,Karnataka,India,Platinum,2023-07-12,Active
CUST002777,Andrew,Miller,Male,2002-04-28,andrew.miller@outlook.com,2922882251,Mumbai,Maharashtra,India,Platinum,2022-06-22,Active
CUST002778,Joshua,Nelson,Female,1976-05-19,joshua.nelson@gmail.com,1417646200,Delhi,Delhi,India,Gold,2025-12-25,Inactive
CUST002779,Jodi,Little,Female,1998-05-09,jodi.little@gmail.com,4501759017,Sydney,New South Wales,Australia,Diamond,2024-07-08,Active
CUST002780,Jake,Alexander,Female,1994-10-31,jake.alexander@gmail.com,3993709439,Bengaluru,Karnataka,India,Platinum,2024-02-27,Inactive
CUST002781,Sara,Harrison,Female,1994-05-02,sara.harrison@gmail.com,1700159587,Dubai,Dubai,UAE,Platinum,2024-03-29,Inactive
CUST002782,Mark,Wilkins,Female,1990-07-29,mark.wilkins@hotmail.com,1241023125,Hyderabad,Telangana,India,Diamond,2022-09-22,Inactive
CUST002783,Hayden,Lawrence,Female,1971-05-27,hayden.lawrence@outlook.com,7806570345,New York,New York,United States,Gold,2025-05-20,Active
CUST002784,Elizabeth,Lane,Male,1977-10-01,elizabeth.lane@hotmail.com,9615933452,Dubai ,Dubai,UAE,Diamond,2025-01-13,Active
CUST002785,Michael,Hicks,Male,1976-10-04,michael.hicks@hotmail.com,1682078764,Chennai,Tamil Nadu,India,Gold,2022-07-07,Inactive
CUST002786,Amanda,Lopez,Female,1963-12-01,amanda.lopez@hotmail.com,1416826018,Dubai,Dubai,UAE,Gold,2024-10-21,Inactive
CUST002787,Melissa,Smith,Male,1987-11-06,melissa.smith@yahoo.com,9835473160,Singapore,Singapore,Singapore,Platinum,2023-09-08,Inactive
CUST002788,Gloria,Pace,Male,1996-06-06,gloria.pace@hotmail.com,5127359242,London,England,United Kingdom,Diamond,2025-08-20,Active
CUST002789,Kathryn,Wang,Male,2006-12-13,kathryn.wang@gmail.com,9699305597,Sydney,New South Wales,Australia,Gold,2021-12-28,Inactive
CUST002790,Brittany,Aguilar,Male,1992-02-15,brittany.aguilar@hotmail.com,8456092722,Chennai,Tamil Nadu,India,Gold,2025-07-31,Active
CUST002791,Alicia,Macdonald,Female,1984-04-17,alicia.macdonald@yahoo.com,2530048709,London,England,United Kingdom,Silver,2024-06-22,Inactive
CUST002792,Rebecca,Holt,Female,1996-01-05,,9251358653,Delhi,Delhi,India,Gold,2025-12-28,Inactive
CUST002793,Maxwell,Price,Female,1994-03-14,maxwell.price@gmail.com,2347040685,Bengaluru,Karnataka,India,Gold,2026-03-20,Active
CUST002794,Tammie,Anderson,Female,1996-03-31,tammie.anderson@yahoo.com,6514401440,Delhi,Delhi,India,Gold,2023-06-08,Active
CUST002795,Emma,Wallace,Female,2001-02-25,emma.wallace@outlook.com,9756344925,Sydney,New South Wales,Australia,Platinum,2026-02-24,Active
CUST002796,Tina,Shah,Male,1986-12-01,tina.shah@hotmail.com,6640901999,Chennai,Tamil Nadu,India,Diamond,2025-10-18,Inactive
CUST002797,Nicole,Sellers,Male,1997-10-21,nicole.sellers@yahoo.com,4166255699,Delhi,Delhi,India,Gold,2025-01-14,Active
CUST002798,Stephanie,Mack,Male,2005-07-24,stephanie.mack@yahoo.com,1338701301,Bengaluru,Karnataka,India,Platinum,2022-10-20,Inactive
CUST002799,Tracy,Ruiz,Male,1983-12-30,tracy.ruiz@hotmail.com,1491694736,Chennai,Tamil Nadu,India,Gold,2021-08-30,Active
CUST002800,Bonnie,Case,Female,2002-10-28,bonnie.case@outlook.com,5707259994,Mumbai,Maharashtra,India,Diamond,2025-04-19,Inactive
CUST002801,David,Crawford,Female,1970-06-23,david.crawford@outlook.com,2515169249,Dubai,Dubai,UAE,Platinum,2022-03-15,Active
CUST002802,Adrienne,Marks,Male,2006-08-09,adrienne.marks@hotmail.com,4549438755,Dubai,Dubai,UAE,Silver,2024-12-20,Active
CUST002803,Jeffrey,Griffin,Female,1959-12-19,jeffrey.griffin@hotmail.com,5801593764,London,England,United Kingdom,Diamond,2025-09-07,Inactive
CUST002804,Eddie,Manning,Female,1993-12-09,eddie.manning@outlook.com,2037039244,Dubai,Dubai,UAE,Silver,2023-01-05,Active
CUST002805,Christopher,Butler,Male,1987-02-09,christopher.butler@outlook.com,4516078383,London,England,United Kingdom,Silver,2025-01-20,Active
CUST002806,Kevin,Murillo,Male,1971-05-19,kevin.murillo@yahoo.com,7660433173,Mumbai,Maharashtra,India,Gold,2022-09-26,Active
CUST002807,Tiffany,Fleming,Female,1962-11-12,tiffany.fleming@hotmail.com,4421786797,Bengaluru,Karnataka,India,Gold,2023-05-29,Inactive
CUST002808,Todd,Lynch,Female,2002-09-12,todd.lynch@yahoo.com,2511735862,London,England,United Kingdom,Gold,2026-01-10,Active
CUST002809,Mary,Torres,Female,1996-08-05,mary.torres@yahoo.com,4201341800,Delhi,Delhi,India,Diamond,2022-04-11,Inactive
CUST002810,Walter,Smith,Female,1964-01-15,walter.smith@outlook.com,4021401762,Bengaluru,Karnataka,India,Silver,2026-04-24,Active
CUST002811,Lisa,Brown,Female,1959-12-02,lisa.brown@yahoo.com,9485239606,London,England,United Kingdom,Diamond,2021-11-16,Inactive
CUST002812,Paul,Duncan,Male,2003-10-12,paul.duncan@yahoo.com,,Chennai,Tamil Nadu,India,Platinum,2024-12-11,Active
CUST002813,Alan,Simon,Female,1976-07-16,alan.simon@hotmail.com,,Singapore,Singapore,Singapore,Platinum,2026-07-11,Active
CUST002814,Jay,Burch,Female,2001-05-04,jay.burch@hotmail.com,9584110111,London,England,United Kingdom,Silver,2023-10-02,Active
CUST002815,Debra,Khan,Male,2002-03-24,debra.khan@outlook.com,8401412752,Delhi,Delhi,India,Silver,2026-01-27,Active
CUST002816,Beth,Martinez,Male,1977-08-25,beth.martinez@hotmail.com,5439318898,Dubai,Dubai,UAE,Platinum,2023-11-29,Inactive
CUST002817,Helen,Duran,Male,1967-01-25,helen.duran@gmail.com,2374722330,Hyderabad,Telangana,India,Diamond,2022-11-18,Inactive
CUST002818,William,Dickerson,Female,1999-10-13,william.dickerson@gmail.com,0130285209,Singapore,Singapore,Singapore,Platinum,2024-06-23,Inactive
CUST002819,Michael,Miller,Female,1986-03-05,michael.miller@hotmail.com,8287125143,Singapore,Singapore,Singapore,Diamond,2025-12-06,Active
CUST002820,Sarah,Wright,Male,1956-01-18,sarah.wright@yahoo.com,4253121328,Singapore,Singapore,Singapore,Diamond,2024-01-30,Inactive
CUST002821,Shannon,Bruce,Female,1962-08-31,shannon.bruce@gmail.com,3274931400,Hyderabad,Telangana,India,Diamond,2023-08-31,Inactive
CUST002822,Susan,Wall,Female,1957-01-07,susan.wall@hotmail.com,3929966264,Mumbai,Maharashtra,India,Diamond,2023-08-28,Inactive
CUST002823,David,Hopkins,Female,1963-11-30,david.hopkins@yahoo.com,0840077910,Sydney,New South Wales,Australia,Silver,2021-08-17,Inactive
CUST002824,William,Moss,Female,1993-09-12,william.moss@gmail.com,0135669728,New York,New York,United States,Diamond,2025-01-13,Active
CUST002825,Matthew,Henry,Male,1978-06-16,matthew.henry@hotmail.com,6701843635,Dubai,Dubai,UAE,Platinum,2022-10-12,Inactive
CUST002826,Jamie,Griffith,Female,1998-09-08,jamie.griffith@yahoo.com,2117906923,Dubai,Dubai,UAE,Platinum,2026-07-02,Inactive
CUST002827,Sheri,West,Male,2001-01-22,sheri.west@outlook.com,9248773861,SYDNEY,New South Wales,Australia,Gold,2022-02-20,Inactive
CUST002828,Heather,Thomas,Male,1999-02-06,heather.thomas@hotmail.com,2014729793,New York,New York,United States,Silver,2021-09-26,Active
CUST002829,Kayla,Morales,Male,1997-09-15,kayla.morales@hotmail.com,5825403142,Bengaluru,Karnataka,India,Diamond,2022-02-26,Active
CUST002830,Caitlyn,Galvan,Female,1982-11-23,caitlyn.galvan@hotmail.com,3792869503,Chennai,Tamil Nadu,India,Silver,2023-12-12,Inactive
CUST002831,Matthew,Hurley,Female,1989-12-16,matthew.hurley@hotmail.com,1140936619,Singapore,Singapore,Singapore,Gold,2025-09-12,Active
CUST002832,Peter,Wilkinson,Male,2000-10-28,peter.wilkinson@outlook.com,5514345965,Singapore,Singapore,Singapore,Platinum,2022-08-13,Inactive
CUST002833,Yvonne,Wheeler,Male,1985-03-26,yvonne.wheeler@yahoo.com,2224104962,Sydney,New South Wales,Australia,Platinum,2024-08-28,Active
CUST002834,Michael,Davis,Male,1984-01-28,michael.davis@hotmail.com,4683458241,Hyderabad,Telangana,India,Platinum,2024-08-01,Inactive
CUST002835,Carl,Golden,Male,2007-12-26,carl.golden@yahoo.com,8789106133,Dubai,Dubai,UAE,Platinum,2023-07-06,Active
CUST002836,Adrian,Howard,Female,1989-06-12,adrian.howard@hotmail.com,1376464811,Chennai,Tamil Nadu,India,Diamond,2023-08-14,Inactive
CUST002837,Brittany,Rowland,Female,2008-06-09,brittany.rowland@yahoo.com,0543770184,Hyderabad,Telangana,India,Silver,2023-05-19,Active
CUST002838,Malik,Dean,Female,1967-05-09,malik.dean@outlook.com,0110912242,Sydney,New South Wales,Australia,Silver,2026-01-07,Inactive
CUST002839,Kristina,Thomas,Female,1994-07-18,kristina.thomas@gmail.com,2670887373,Delhi,Delhi,India,Platinum,2026-07-23,Active
CUST002840,Susan,Reese,Male,1974-04-23,susan.reese@hotmail.com,1751036018,Dubai,Dubai,UAE,Platinum,2024-08-29,Active
CUST002841,Michelle,Chase,Male,1969-09-02,michelle.chase@yahoo.com,5542876388,Delhi,Delhi,India,Gold,2025-10-27,Active
CUST002842,Alison,Walls,Female,1970-07-12,@gmail.com,7179434516,London,England,United Kingdom,Silver,2021-10-20,Inactive
CUST002843,Tara,Wood,Female,1961-06-01,tara.wood@yahoo.com,8241153872,Dubai,Dubai,UAE,Silver,2023-12-21,Active
CUST002844,Natasha,Miller,Female,1985-03-19,natasha.miller@outlook.com,0514954314,Bengaluru,Karnataka,India,Platinum,2022-01-18,Inactive
CUST002845,Rebecca,Figueroa,Male,1961-05-21,rebecca.figueroa@hotmail.com,8552285822,Bengaluru,Karnataka,India,Platinum,2022-01-20,Active
CUST002846,Carrie,Hess,Male,1994-06-14,carrie.hess@gmail.com,7931976794,Delhi,Delhi,India,Platinum,2022-09-07,Active
CUST002847,John,Cannon,Female,1984-10-06,john.cannon@gmail.com,0230974245,London,England,United Kingdom,Diamond,2022-03-20,Active
CUST002848,Sheena,Brown,Male,1982-05-20,sheena.brown@gmail.com,6265925916,Hyderabad,Telangana,India,Diamond,2025-04-27,Inactive
CUST002849,Travis,Frank,Male,1970-08-31,travis.frank@yahoo.com,2283962543,Sydney,New South Wales,Australia,Diamond,2024-02-20,Active
CUST002850,David,Leonard,Male,1997-11-05,david.leonard@hotmail.com,7388192085,Hyderabad,Telangana,India,Silver,2024-03-06,Active
CUST002851,Nicholas,Bell,Male,1977-11-18,nicholas.bell@hotmail.com,4722708493,Singapore,Singapore,Singapore,Silver,2026-01-16,Inactive
CUST002852,Kristen,Keith,Male,1988-12-04,kristen.keith@outlook.com,4705141763, Sydney,New South Wales,Australia,Silver,2023-05-25,Active
CUST002853,Paul,Nelson,Male,1972-03-29,paul.nelson@hotmail.com,9502242870,Hyderabad,Telangana,India,Platinum,2024-12-22,Active
CUST002854,Julie,Bruce,Female,1971-05-22,julie.bruce@outlook.com,2094105744,London,England,United Kingdom,Diamond,2022-01-28,Inactive
CUST002855,Douglas,Bradford,Male,1987-12-20,douglas.bradford@gmail.com,6884343622,New York,New York,United States,Platinum,2025-11-09,Inactive
CUST002856,Colton,Dominguez,Male,1975-11-18,colton.dominguez@gmail.com,9613762207,Dubai,Dubai,UAE,Silver,2024-10-08,Active
CUST002857,Devin,Dixon,Male,1994-09-02,devin.dixon@gmail.com,9550215472,Bengaluru,Karnataka,India,Silver,2024-12-13,Active
CUST002858,Trevor,Zimmerman,Male,1983-07-27,trevor.zimmerman@yahoo.com,9848343635,Dubai,Dubai,UAE,Diamond,2023-09-21,Inactive
CUST002859,George,Fleming,Female,1990-08-08,george.fleming@outlook.com,9061128040,Dubai,Dubai,UAE,Diamond,2023-07-25,Active
CUST002860,Daniel,Foster,Male,1992-07-06,daniel.foster@outlook.com,6076678243,Hyderabad,Telangana,India,Platinum,2022-01-02,Inactive
CUST002861,Danny,Whitehead,Male,1996-12-28,danny.whitehead@yahoo.com,5672818716,Chennai,Tamil Nadu,India,Diamond,2025-07-17,Active
CUST002862,Joanna,Larson,Male,1959-03-16,joanna.larson@hotmail.com,1018651276,New York,New York,United States,Diamond,2023-08-07,Inactive
CUST002863,Laura,Brown,Female,1988-10-08,laura.brown@outlook.com,5538339220,Hyderabad,Telangana,India,Diamond,2024-12-31,Active
CUST002864,Daniel,Walker,Male,1997-07-16,daniel.walker@outlook.com,1119087762,Mumbai,Maharashtra,India,Diamond,2023-12-28,Active
CUST002865,Jerry,Oliver,Female,1976-02-26,jerry.oliver@yahoo.com,5762092606,Mumbai,Maharashtra,India,Silver,2025-07-09,Active
CUST002866,Rachel,Irwin,Female,1980-08-15,rachel.irwin@gmail.com,1331126279,Dubai,Dubai,UAE,Silver,2023-03-25,Active
CUST002867,Andrew,Padilla,Male,1988-07-01,andrew.padilla@gmail.com,9660430231,Mumbai,Maharashtra,India,Platinum,2021-10-02,Active
CUST002868,Rebecca,Cardenas,Female,1969-03-13,rebecca.cardenas@yahoo.com,2710827428,Hyderabad ,Telangana,India,Platinum,2021-11-04,Active
CUST002869,Lisa,Smith,Female,2003-02-01,@gmail.com,1779315126,Mumbai,Maharashtra,India,Platinum,2021-10-14,Active
CUST002870,James,Brandt,Male,1974-11-09,james.brandt@gmail.com,2136386984,Singapore,Singapore,Singapore,Gold,2023-09-17,Inactive
CUST002871,Gina,Proctor,Male,1978-04-24,gina.proctor@outlook.com,6827375267,Chennai,Tamil Nadu,India,Gold,2025-12-16,Active
CUST002872,Paul,Smith,Male,1966-09-27,paul.smith@outlook.com,2503449181,New York,New York,United States,Platinum,2022-02-10,Inactive
CUST002873,Shelby,Miller,Male,1986-10-20,shelby.miller@gmail.com,3963811823,Dubai,Dubai,UAE,Silver,2026-02-09,Active
CUST002874,Laura,Garcia,Female,1963-03-22,laura.garcia@hotmail.com,6908179011,Dubai,Dubai,UAE,Silver,2025-08-04,Active
CUST002875,Andrea,Brown,Male,1964-12-28,andrea.brown@yahoo.com,9271303821,Bengaluru,Karnataka,India,Silver,2022-02-13,Inactive
CUST002876,Deanna,Smith,Male,1981-07-13,deanna.smith@gmail.com,0815884037,Bengaluru,Karnataka,India,Silver,2025-12-10,Active
CUST002877,Katherine,Foley,Female,1979-11-22,katherine.foley@outlook.com,5903028347,Hyderabad,Telangana,India,Gold,2021-09-20,Inactive
CUST002878,Edward,Cunningham,Male,1998-05-25,edward.cunningham@outlook.com,3227403384, New York,New York,United States,Gold,2021-11-27,Active
CUST002879,Stacy,Hernandez,Male,1955-10-14,stacy.hernandez@gmail.com,8551798465,Delhi,Delhi,India,Silver,2023-11-02,Inactive
CUST002880,Andrew,Gill,Female,1964-01-05,andrew.gill@outlook.com,3732812817,Hyderabad,Telangana,India,Platinum,2021-09-09,Active
CUST002881,Jeffrey,Mendez,Male,2000-10-11,jeffrey.mendez@gmail.com,5713329592,Dubai,Dubai,UAE,Platinum,2025-06-10,Inactive
CUST002882,Caitlin,Fuller,Male,1962-05-24,caitlin.fuller@outlook.com,9997941341, Hyderabad,Telangana,India,Platinum,2023-07-11,Inactive
CUST002883,Stephanie,Weaver,Male,1970-02-23,stephanie.weaver@outlook.com,8089329640,Singapore,Singapore,Singapore,Silver,2023-01-09,Active
CUST002884,Evan,Herrera,Female,1992-05-06,evan.herrera@gmail.com,4237693332,Sydney,New South Wales,Australia,Diamond,2023-01-10,Inactive
CUST002885,Sabrina,Allen,Male,2004-12-21,sabrina.allen@gmail.com,3557755475, Dubai,Dubai,UAE,Silver,2024-12-03,Active
CUST002886,Vincent,Elliott,Male,1978-03-10,vincent.elliott@outlook.com,9366708466,Hyderabad,Telangana,India,Silver,2026-06-27,Inactive
CUST002887,Jimmy,Trujillo,Male,1995-08-21,jimmy.trujillo@hotmail.com,2771401233,Singapore,Singapore,Singapore,Platinum,2024-09-09,Active
CUST002888,Gail,Sanchez,Female,1972-03-31,gail.sanchez@gmail.com,3131171527,New York,New York,United States,Platinum,2024-04-13,Active
CUST002889,Renee,Higgins,Male,1959-04-01,renee.higgins@gmail.com,9314171239,Bengaluru,Karnataka,India,Gold,2023-04-26,Active
CUST002890,Grace,Shannon,Female,1971-09-29,grace.shannon@outlook.com,1404682775,London,England,United Kingdom,Silver,2025-11-08,Inactive
CUST002891,Kimberly,Brown,Female,2003-05-25,kimberly.brown@hotmail.com,5598873612,New York,New York,United States,Gold,2023-11-27,Inactive
CUST002892,Holly,Stevens,Female,1980-07-31,holly.stevens@outlook.com,9023870542,Chennai,Tamil Nadu,India,Gold,2025-04-22,Active
CUST002893,Wanda,Mack,Male,1970-12-09,wanda.mack@outlook.com,5768377994,Delhi,Delhi,India,Gold,2025-01-08,Active
CUST002894,April,Powers,Female,1997-04-11,april.powers@outlook.com,8470010267,Delhi,Delhi,India,Platinum,2023-03-02,Active
CUST002895,Mary,Ball,Female,1994-11-20,mary.ball@yahoo.com,3661433192,London,England,United Kingdom,Diamond,2022-05-25,Active
CUST002896,John,Barker,Male,2000-10-02,john.barker@hotmail.com,9437104702,Sydney,New South Wales,Australia,Diamond,2025-11-14,Active
CUST002897,Jasmine,Johnson,Female,1997-01-11,jasmine.johnson@gmail.com,1922813571,Singapore,Singapore,Singapore,Platinum,2022-11-24,Inactive
CUST002898,Brandon,Bennett,Male,1989-06-07,brandon.bennett@gmail.com,5658700089,Sydney,New South Wales,Australia,Gold,2026-06-21,Active
CUST002899,Jennifer,Mccarthy,Male,1958-03-15,jennifer.mccarthy@outlook.com,5718213250,New York,New York,United States,Platinum,2022-07-02,Active
CUST002900,Jason,Walker,Male,1999-04-15,jason.walker@hotmail.com,5513023791,London,England,United Kingdom,Gold,2025-11-27,Inactive
CUST002901,Philip,Figueroa,Female,1997-09-14,philip.figueroa@outlook.com,6349888566,New York,New York,United States,Diamond,2021-12-09,Active
CUST002902,Jenna,Sanders,Female,1993-01-28,jenna.sanders@outlook.com,5118241035,Sydney,New South Wales,Australia,Silver,2025-02-18,Active
CUST002903,Raymond,Carr,Female,1970-12-31,raymond.carr@hotmail.com,3696970302,Chennai,Tamil Nadu,India,Silver,2022-10-29,Inactive
CUST002904,Christina,Baker,Female,2002-10-04,christina.baker@hotmail.com,8637882831,Hyderabad,Telangana,India,Diamond,2023-08-22,Active
CUST002905,Michelle,Simmons,Female,1989-05-24,michelle.simmons@outlook.com,6326466694,London,England,United Kingdom,Platinum,2026-01-06,Active
CUST002906,Stephanie,Mendoza,Female,1969-01-18,stephanie.mendoza@gmail.com,8139795686,London,England,United Kingdom,Silver,2022-12-13,Inactive
CUST002907,Leslie,Franklin,Male,1989-04-26,leslie.franklin@outlook.com,0154318932,Bengaluru,Karnataka,India,Silver,2024-03-10,Active
CUST002908,Charles,Carter,Male,1972-04-18,charles.carter@outlook.com,9075341073,Sydney,New South Wales,Australia,Platinum,2024-09-21,Inactive
CUST002909,Thomas,Moore,Male,1972-01-16,thomas.moore@gmail.com,7254863586, Delhi,Delhi,India,Platinum,2025-03-27,Inactive
CUST002910,Sarah,Kemp,Female,1957-06-18,sarah.kemp@yahoo.com,0021660298,SINGAPORE,Singapore,Singapore,Platinum,2022-05-04,Inactive
CUST002911,Julia,Deleon,Female,1973-02-26,julia.deleon@outlook.com,5968270983,Mumbai,Maharashtra,India,Gold,2024-05-06,Active
CUST002912,Megan,Murphy,Male,1985-11-26,megan.murphy@yahoo.com,3474764273,Sydney,New South Wales,Australia,Platinum,2024-04-20,Inactive
CUST002913,Linda,Lewis,Male,1998-07-03,linda.lewis@outlook.com,1586060955,Singapore,Singapore,Singapore,Gold,2024-07-03,Inactive
CUST002914,Caitlin,Harmon,Female,1981-07-21,caitlin.harmon@gmail.com,2778363128,Dubai,Dubai,UAE,Silver,2026-07-12,Inactive
CUST002915,Kim,Miles,Male,1994-11-13,kim.miles@yahoo.com,7262898188,Hyderabad,Telangana,India,Silver,2025-12-21,Inactive
CUST002916,Aaron,Estes,Female,1979-05-15,aaron.estes@yahoo.com,5591604840,Sydney,New South Wales,Australia,Gold,2025-04-12,Inactive
CUST002917,Jason,Fox,Female,1996-06-23,jason.fox@yahoo.com,2076188183,Bengaluru,Karnataka,India,Platinum,2025-03-07,Inactive
CUST002918,Stephanie,Long,Female,1967-07-12,stephanie.long@gmail.com,5980327804,Dubai,Dubai,UAE,Diamond,2026-06-30,Active
CUST002919,Ronald,Oconnell,Female,1989-03-29,ronald.oconnell@hotmail.com,2606053053,Hyderabad,Telangana,India,Gold,2023-07-20,Inactive
CUST002920,Teresa,Rose,Male,2005-08-19,teresa.rose@hotmail.com,5751985003,London,England,United Kingdom,Platinum,2023-11-01,Inactive
CUST002921,Brenda,Taylor,Female,2003-07-24,brenda.taylor@hotmail.com,0561218171,Sydney,New South Wales,Australia,Platinum,2024-11-06,Active
CUST002922,Corey,Scott,Female,2001-03-08,corey.scott@outlook.com,3387247699,CHENNAI,Tamil Nadu,India,Silver,2023-09-28,Inactive
CUST002923,Anthony,Brady,Male,1976-11-25,anthony.brady@hotmail.com,4878432338,Bengaluru,Karnataka,India,Platinum,2023-03-04,Inactive
CUST002924,Wayne,Sims,Male,2004-02-09,wayne.sims@hotmail.com,8383327831,Singapore,Singapore,Singapore,Silver,2025-01-24,Active
CUST002925,Caitlin,Roberts,Female,1985-07-14,caitlin.roberts@hotmail.com,0125135838,Sydney,New South Wales,Australia,Silver,2025-03-17,Active
CUST002926,Bryan,Olson,Female,1968-07-14,bryan.olson@hotmail.com,6782007944,New York,New York,United States,Gold,2026-05-13,Active
CUST002927,Vanessa,Ware,Male,2001-07-27,vanessa.ware@yahoo.com,2925368476,Bengaluru,Karnataka,India,Diamond,2022-09-09,Active
CUST002928,Tyler,Christensen,Male,1957-05-14,tyler.christensen@gmail.com,5071502374, Dubai,Dubai,UAE,Silver,2023-03-13,Inactive
CUST002929,Lisa,Whitehead,Female,1973-05-26,lisa.whitehead@gmail.com,3119261620,Sydney,New South Wales,Australia,Gold,2025-09-14,Active
CUST002930,Vincent,Cunningham,Male,2002-01-31,vincent.cunningham@gmail.com,5579653218,Delhi,Delhi,India,Diamond,2022-03-22,Inactive
CUST002931,Cheryl,Powers,Male,1963-07-27,@gmail.com,5917588372,Hyderabad,Telangana,India,Diamond,2026-07-04,Inactive
CUST002932,Joann,Harrington,Female,1966-03-03,joann.harrington@yahoo.com,5520325286,Bengaluru,Karnataka,India,Diamond,2025-08-11,Active
CUST002933,Amanda,Fuller,Female,1984-08-05,amanda.fuller@outlook.com,9884328938,Bengaluru,Karnataka,India,Gold,2025-04-11,Inactive
CUST002934,Ryan,Soto,Female,1995-12-25,ryan.soto@yahoo.com,0269765283,Hyderabad,Telangana,India,Gold,2022-04-25,Inactive
CUST002935,Rhonda,Joseph,Male,1986-07-25,rhonda.joseph@outlook.com,8820468095,Mumbai,Maharashtra,India,Diamond,2024-02-16,Active
CUST002936,Linda,Arnold,Female,1973-02-17,linda.arnold@yahoo.com,0667382409,London,England,United Kingdom,Platinum,2024-05-08,Inactive
CUST002937,Matthew,Thompson,Male,1969-03-13,matthew.thompson@yahoo.com,0919695633,New York,New York,United States,Gold,2023-02-07,Active
CUST002938,Martha,Joyce,Male,1975-11-26,martha.joyce@outlook.com,8337649853,Mumbai,Maharashtra,India,Silver,2022-02-10,Active
CUST002939,Carolyn,Wolfe,Female,1975-09-11,carolyn.wolfe@hotmail.com,3311039516,Delhi,Delhi,India,Gold,2022-10-02,Active
CUST002940,Peter,Morris,Female,1972-04-26,peter.morris@gmail.com,5088049579,Bengaluru,Karnataka,India,Silver,2025-10-21,Active
CUST002941,Jodi,Sullivan,Male,1995-03-26,,4079124083,DELHI,Delhi,India,Platinum,2023-08-12,Inactive
CUST002942,Chelsea,Wright,Female,1995-09-03,chelsea.wright@hotmail.com,5301794432,Delhi,Delhi,India,Platinum,2023-01-13,Active
CUST002943,Linda,Lee,Male,1962-06-04,linda.lee@yahoo.com,1868504874,Hyderabad,Telangana,India,Platinum,2023-08-15,Inactive
CUST002944,Jenna,Williams,Female,1998-01-14,jenna.williams@gmail.com,6697760343,New York,New York,United States,Gold,2022-10-05,Active
CUST002945,Monica,Daniels,Male,1978-06-22,monica.daniels@outlook.com,7311530218,London,England,United Kingdom,Gold,2024-04-21,Active
CUST002946,Thomas,Livingston,Male,1995-08-02,thomas.livingston@hotmail.com,5703860143,Chennai,Tamil Nadu,India,Platinum,2024-11-06,Active
CUST002947,Jason,Francis,Male,1979-05-13,jason.francis@yahoo.com,3635886830,Delhi,Delhi,India,Gold,2026-02-04,Active
CUST002948,Vicki,Roy,Male,1963-04-26,vicki.roy@gmail.com,7997158103,Sydney,New South Wales,Australia,Silver,2024-07-10,Inactive
CUST002949,David,Harris,Female,2007-12-09,david.harris@gmail.com,0859549068,Chennai,Tamil Nadu,India,Platinum,2025-05-02,Active
CUST002950,Jennifer,Sanchez,Male,1960-10-28,jennifer.sanchez@yahoo.com,9489423852,Mumbai,Maharashtra,India,Silver,2025-08-18,Active
CUST002951,William,Phillips,Female,1994-04-15,william.phillips@hotmail.com,3834110036,Dubai,Dubai,UAE,Gold,2023-06-22,Inactive
CUST002952,Jesus,Thomas,Male,1975-11-29,jesus.thomas@gmail.com,2509249775,Dubai,Dubai,UAE,Gold,2022-09-29,Active
CUST002953,Jennifer,Williams,Female,1964-05-18,jennifer.williams@hotmail.com,6433494079,Hyderabad,Telangana,India,Silver,2024-11-10,Active
CUST002954,Shannon,Rice,Female,1981-09-25,shannon.rice@gmail.com,8299277654,Sydney,New South Wales,Australia,Gold,2025-10-27,Active
CUST002955,April,Harris,Male,1972-03-02,april.harris@hotmail.com,4663707222,Delhi,Delhi,India,Gold,2025-12-17,Active
CUST002956,Justin,Rhodes,Female,1974-03-29,justin.rhodes@hotmail.com,7317893463,London,England,United Kingdom,Diamond,2022-07-19,Active
CUST002957,David,Sanchez,Female,1957-06-01,david.sanchez@hotmail.com,0610808099,Delhi,Delhi,India,Diamond,2021-08-10,Active
CUST002958,Stephanie,Berry,Male,1976-12-27,stephanie.berry@hotmail.com,7153633242,Mumbai,Maharashtra,India,Silver,2021-11-19,Active
CUST002959,Joan,Miles,Male,1961-04-20,joan.miles@gmail.com,8489627278,Singapore,Singapore,Singapore,Platinum,2024-07-01,Inactive
CUST002960,John,Smith,Male,1988-04-25,john.smith@yahoo.com,0489799231,Bengaluru,Karnataka,India,Silver,2022-08-11,Inactive
CUST002961,Melissa,Brown,Male,1968-08-28,melissa.brown@outlook.com,8045092321,Hyderabad,Telangana,India,Silver,2023-03-11,Inactive
CUST002962,Christina,Vargas,Male,1996-07-13,christina.vargas@gmail.com,4857713710,London,England,United Kingdom,Diamond,2023-08-08,Inactive
CUST002963,Alex,Moore,Female,1966-10-20,alex.moore@gmail.com,8425910180,London,England,United Kingdom,Platinum,2022-09-04,Active
CUST002964,Andrew,Marquez,Male,1979-11-04,andrew.marquez@gmail.com,1548837754,Dubai,Dubai,UAE,Diamond,2023-02-20,Active
CUST002965,Heather,Jones,Female,1971-07-12,heather.jones@hotmail.com,5124036579,Dubai,Dubai,UAE,Platinum,2022-09-17,Active
CUST002966,Justin,Gilbert,Male,2007-12-06,justin.gilbert@gmail.com,6086462063,New York,New York,United States,Gold,2022-02-21,Active
CUST002967,Erica,Cruz,Female,1964-04-09,erica.cruz@yahoo.com,1544390594,Hyderabad,Telangana,India,Platinum,2021-12-16,Active
CUST002968,Joshua,Russell,Male,2005-09-12,joshua.russell@gmail.com,1893293573,DUBAI,Dubai,UAE,Gold,2025-11-22,Inactive
CUST002969,Joseph,Murray,Male,2007-06-06,joseph.murray@outlook.com,5291498567, Hyderabad,Telangana,India,Silver,2025-08-07,Active
CUST002970,John,Werner,Female,1970-06-04,john.werner@outlook.com,0624460383,Dubai,Dubai,UAE,Platinum,2024-03-13,Active
CUST002971,Ronald,Sanchez,Female,1979-10-26,ronald.sanchez@outlook.com,5890161049,Mumbai,Maharashtra,India,Silver,2023-03-05,Active
CUST002972,Johnny,Parks,Female,2004-11-12,johnny.parks@yahoo.com,1538373992,Dubai,Dubai,UAE,Silver,2024-11-16,Active
CUST002973,Daniel,Miller,Female,1982-03-20,daniel.miller@outlook.com,1415392434,Bengaluru,Karnataka,India,Platinum,2025-11-29,Active
CUST002974,Daniel,Walls,Male,1970-09-06,daniel.walls@hotmail.com,2071350701,Sydney,New South Wales,Australia,Platinum,2026-03-25,Active
CUST002975,John,Warner,Female,2007-11-08,john.warner@yahoo.com,4799327226,London,England,United Kingdom,Silver,2023-05-01,Inactive
CUST002976,Karen,Cole,Male,1983-04-23,karen.cole@outlook.com,3695245929,Sydney,New South Wales,Australia,Platinum,2025-04-10,Active
CUST002977,Melanie,Miller,Female,1963-08-15,melanie.miller@gmail.com,2578917320,Singapore,Singapore,Singapore,Platinum,2021-08-02,Inactive
CUST002978,Renee,Parks,Male,2004-02-26,renee.parks@outlook.com,9970091535,Delhi,Delhi,India,Silver,2025-01-06,Inactive
CUST002979,Rachel,Thomas,Female,1999-05-19,rachel.thomas@outlook.com,3215368611,Hyderabad,Telangana,India,Platinum,2022-10-11,Inactive
CUST002980,Melanie,Long,Female,1975-02-10,melanie.long@hotmail.com,7602684831,Singapore,Singapore,Singapore,Gold,2026-04-22,Inactive
CUST002981,Erin,Bailey,Female,1986-02-09,erin.bailey@hotmail.com,5616091349,Sydney,New South Wales,Australia,Silver,2024-02-21,Inactive
CUST002982,Grant,Hicks,Male,1996-06-24,grant.hicks@yahoo.com,6962709191,Chennai,Tamil Nadu,India,Gold,2022-11-17,Inactive
CUST002983,Beth,Davis,Male,2003-04-19,beth.davis@hotmail.com,3052199598,Hyderabad,Telangana,India,Platinum,2022-12-31,Active
CUST002984,Julie,Bell,Female,1980-06-28,julie.bell@outlook.com,9273425236,London,England,United Kingdom,Diamond,2021-09-19,Active
CUST002985,Luis,Hernandez,Male,1963-01-12,,0606115287,Bengaluru,Karnataka,India,Silver,2023-11-23,Active
CUST002986,Jennifer,Stewart,Female,1973-12-20,,4672393427,Sydney,New South Wales,Australia,Silver,2024-11-15,Active
CUST002987,Amber,Miller,Female,1983-09-27,amber.miller@outlook.com,2604042807,Dubai,Dubai,UAE,Silver,2025-07-27,Active
CUST002988,Mark,Bartlett,Female,1962-08-27,mark.bartlett@hotmail.com,6127298901,Chennai,Tamil Nadu,India,Platinum,2023-01-28,Active
CUST002989,George,Marquez,Male,1962-06-06,george.marquez@outlook.com,7013159294,New York,New York,United States,Diamond,2026-03-03,Active
CUST002990,Courtney,Lamb,Male,1988-11-27,,3092827499,Chennai,Tamil Nadu,India,Diamond,2023-03-04,Inactive
CUST002991,Ashley,Rodriguez,Male,1975-09-24,ashley.rodriguez@yahoo.com,8948867439,London,England,United Kingdom,Diamond,2024-07-04,Inactive
CUST002992,Anthony,Carter,Female,1960-06-29,anthony.carter@yahoo.com,4678275947,Chennai,Tamil Nadu,India,Platinum,2022-01-22,Inactive
CUST002993,Scott,Bennett,Female,1980-04-23,scott.bennett@hotmail.com,3130352498,Chennai,Tamil Nadu,India,Silver,2022-02-03,Inactive
CUST002994,Christopher,Mckinney,Female,1982-10-03,christopher.mckinney@hotmail.com,0663440399,DUBAI,Dubai,UAE,Diamond,2026-07-05,Active
CUST002995,Victoria,Ross,Female,2002-10-30,victoria.ross@gmail.com,6024433199,Singapore,Singapore,Singapore,Gold,2023-07-10,Inactive
CUST002996,Michelle,Woodard,Female,2006-11-13,michelle.woodard@gmail.com,8107784830,New York,New York,United States,Diamond,2021-09-15,Active
CUST002997,Rick,Turner,Male,1976-02-24,rick.turner@outlook.com,7590124670,Mumbai,Maharashtra,India,Platinum,2024-03-13,Active
CUST002998,Kurt,Mcgrath,Male,1993-10-29,kurt.mcgrath@gmail.com,2334801089,New York,New York,United States,Silver,2025-04-21,Inactive
CUST002999,Joseph,Murphy,Male,1987-12-02,joseph.murphy@yahoo.com,9110647990,New York,New York,United States,Gold,2024-06-04,Inactive
CUST003000,Jonathan,Johnson,Female,1995-03-08,jonathan.johnson@outlook.com,6658558146,London,England,United Kingdom,Gold,2023-10-26,Active
CUST003001,Raymond,Woods,Female,1973-03-29,raymond.woods@yahoo.com,3832515781,Chennai,Tamil Nadu,India,Silver,2022-10-17,Inactive
CUST003002,Yesenia,Hernandez,Male,1989-07-31,yesenia.hernandez@hotmail.com,4565279507,Singapore,Singapore,Singapore,Silver,2024-03-06,Inactive
CUST003003,Laura,Nelson,Male,1998-03-01,laura.nelson@hotmail.com,7381832601,Bengaluru,Karnataka,India,Diamond,2026-03-23,Inactive
CUST003004,Sean,Hubbard,Male,2004-04-18,sean.hubbard@yahoo.com,7033703204,Chennai,Tamil Nadu,India,Diamond,2024-05-14,Inactive
CUST003005,Jonathan,Mckee,Male,1988-10-27,jonathan.mckee@outlook.com,3092745957,Sydney,New South Wales,Australia,Silver,2024-08-10,Inactive
CUST003006,Thomas,Burton,Female,2001-07-12,thomas.burton@gmail.com,4423013670,New York,New York,United States,Gold,2025-05-20,Inactive
CUST003007,Diana,Rasmussen,Female,1999-05-10,diana.rasmussen@outlook.com,0841580908,Mumbai,Maharashtra,India,Gold,2023-10-25,Active
CUST003008,Edward,Scott,Female,1986-02-14,edward.scott@yahoo.com,3917601740,London,England,United Kingdom,Diamond,2023-02-18,Inactive
CUST003009,Diana,Brooks,Female,1977-07-12,diana.brooks@yahoo.com,4826024729,Dubai,Dubai,UAE,Diamond,2021-07-30,Inactive
CUST003010,Adam,Murphy,Male,1956-08-30,adam.murphy@yahoo.com,6318803849,Chennai,Tamil Nadu,India,Diamond,2025-11-29,Active
CUST003011,Heather,Hood,Female,2001-01-13,heather.hood@outlook.com,2060776379,Mumbai,Maharashtra,India,Diamond,2022-12-07,Inactive
CUST003012,Thomas,Brown,Male,1995-05-16,thomas.brown@outlook.com,0635051468,Bengaluru,Karnataka,India,Diamond,2025-11-09,Inactive
CUST003013,David,Gibbs,Female,1970-01-08,david.gibbs@gmail.com,5807593765,Chennai,Tamil Nadu,India,Gold,2021-12-01,Active
CUST003014,Craig,Baker,Male,1983-10-05,craig.baker@outlook.com,9155810863,Bengaluru,Karnataka,India,Platinum,2026-06-30,Active
CUST003015,Bethany,Brooks,Female,1959-02-08,bethany.brooks@outlook.com,0785238505,Sydney,New South Wales,Australia,Gold,2022-09-22,Inactive
CUST003016,Mackenzie,Brown,Male,2006-07-19,mackenzie.brown@hotmail.com,9616204465,Singapore,Singapore,Singapore,Silver,2022-05-23,Inactive
CUST003017,Todd,Hill,Female,1955-11-19,todd.hill@outlook.com,7770495255,Dubai,Dubai,UAE,Silver,2024-01-13,Active
CUST003018,Susan,Adams,Male,1973-06-04,susan.adams@outlook.com,4691468313,Chennai,Tamil Nadu,India,Gold,2023-09-19,Active
CUST003019,David,House,Female,1980-10-15,###@gmail.com,8108056610,Bengaluru,Karnataka,India,Platinum,2026-06-25,Active
CUST003020,Gerald,Olsen,Male,1985-12-27,gerald.olsen@outlook.com,2927025861,New York,New York,United States,Platinum,2025-11-01,Inactive
CUST003021,Loretta,Soto,Female,1957-12-11,loretta.soto@outlook.com,1149038120, Chennai,Tamil Nadu,India,Silver,2022-11-06,Active
CUST003022,Angela,Owens,Female,1980-01-31,angela.owens@gmail.com,5524992250,Hyderabad,Telangana,India,Gold,2023-01-06,Active
CUST003023,James,Brown,Male,1994-09-14,james.brown@outlook.com,0105120560,Dubai,Dubai,UAE,Gold,2025-05-09,Active
CUST003024,Stephanie,Tran,Male,1993-07-19,stephanie.tran@outlook.com,0496389467,Mumbai,Maharashtra,India,Silver,2024-01-04,Inactive
CUST003025,Jason,Juarez,Male,1958-05-28,jason.juarez@yahoo.com,,London,England,United Kingdom,Gold,2025-04-01,Active
CUST003026,Robert,Silva,Female,1992-05-12,robert.silva@yahoo.com,3536326802,New York,New York,United States,Diamond,2025-08-09,Active
CUST003027,Julian,Michael,Female,1993-07-18,julian.michael@outlook.com,2821722793,MUMBAI,Maharashtra,India,Platinum,2023-05-15,Inactive
CUST003028,Eric,Hall,Female,1959-05-06,eric.hall@hotmail.com,3042304844,Hyderabad,Telangana,India,Silver,2022-08-13,Inactive
CUST003029,Kenneth,Watson,Female,1969-08-13,kenneth.watson@outlook.com,5453990374,Mumbai,Maharashtra,India,Silver,2022-02-07,Inactive
CUST003030,Linda,Richardson,Male,2005-12-06,linda.richardson@hotmail.com,0549029573,Singapore,Singapore,Singapore,Silver,2025-05-25,Active
CUST003031,Ethan,Miller,Female,1964-10-12,ethan.miller@gmail.com,1474867390,Hyderabad,Telangana,India,Platinum,2021-10-29,Active
CUST003032,Daniel,White,Female,1965-11-28,daniel.white@hotmail.com,7494369682,New York,New York,United States,Platinum,2021-10-03,Active
CUST003033,Carlos,Escobar,Female,1984-08-21,carlos.escobar@gmail.com,7225019504,London,England,United Kingdom,Platinum,2023-12-06,Inactive
CUST003034,Hannah,Robinson,Male,1991-05-09,hannah.robinson@hotmail.com,0660182669,Chennai,Tamil Nadu,India,Silver,2025-01-04,Inactive
CUST003035,Alejandro,Lopez,Male,1982-01-09,alejandro.lopez@gmail.com,3165550621,Hyderabad,Telangana,India,Gold,2026-06-23,Active
CUST003036,George,Martinez,Female,1990-03-15,george.martinez@outlook.com,7786380632,Mumbai,Maharashtra,India,Gold,2026-05-29,Inactive
CUST003037,Bryce,White,Male,1959-04-12,,3918757645,Sydney,New South Wales,Australia,Silver,2025-08-02,Active
CUST003038,Patrick,Torres,Female,1961-03-31,patrick.torres@hotmail.com,5542533120,New York,New York,United States,Diamond,2025-11-05,Active
CUST003039,Ricardo,Hines,Female,1975-01-12,ricardo.hines@hotmail.com,4253138492, Mumbai,Maharashtra,India,Diamond,2024-06-20,Active
CUST003040,Deborah,Christian,Female,1998-08-26,deborah.christian@outlook.com,8302167217,New York,New York,United States,Diamond,2021-09-11,Inactive
CUST003041,Jose,Ortiz,Female,2008-04-05,jose.ortiz@outlook.com,,Hyderabad,Telangana,India,Gold,2025-04-25,Active
CUST003042,Jessica,Jackson,Male,1961-09-17,jessica.jackson@hotmail.com,3032273878,Bengaluru,Karnataka,India,Gold,2023-11-13,Active
CUST003043,Max,Smith,Female,1978-03-17,max.smith@yahoo.com,3887839426,Delhi,Delhi,India,Gold,2022-10-31,Inactive
CUST003044,Vanessa,Ball,Female,1987-10-24,vanessa.ball@yahoo.com,5548358663,Chennai,Tamil Nadu,India,Gold,2026-06-12,Active
CUST003045,Julian,Simpson,Female,1996-10-25,julian.simpson@gmail.com,3153287734,Mumbai,Maharashtra,India,Silver,2024-04-15,Inactive
CUST003046,Tracy,Galvan,Female,1998-05-19,tracy.galvan@outlook.com,8185823211,Bengaluru,Karnataka,India,Silver,2023-08-13,Active
CUST003047,Mike,Ray,Female,1990-02-23,mike.ray@gmail.com,,Mumbai,Maharashtra,India,Diamond,2022-11-03,Active
CUST003048,Daniel,Smith,Female,1995-06-08,gmail.com,4520868495,Sydney,New South Wales,Australia,Silver,2022-04-29,Inactive
CUST003049,Gregory,Wood,Female,1967-08-12,gregory.wood@gmail.com,3043992166,Mumbai,Maharashtra,India,Platinum,2025-12-04,Inactive
CUST003050,Nicholas,Martin,Female,1981-07-01,nicholas.martin@hotmail.com,2831145920,Hyderabad,Telangana,India,Diamond,2026-01-07,Inactive
CUST003051,Shane,Rubio,Male,2003-04-14,shane.rubio@outlook.com,5709624790,New York,New York,United States,Diamond,2024-08-24,Active
CUST003052,Melvin,Horton,Male,2003-07-26,melvin.horton@outlook.com,2408122204,Chennai,Tamil Nadu,India,Silver,2026-07-03,Inactive
CUST003053,Christopher,Arias,Male,2001-12-20,christopher.arias@gmail.com,9922302390,Mumbai,Maharashtra,India,Silver,2026-01-31,Inactive
CUST003054,David,Hartman,Male,1985-02-02,david.hartman@outlook.com,3744203509,Bengaluru,Karnataka,India,Platinum,2023-07-08,Inactive
CUST003055,Nicholas,Rivera,Male,1995-03-17,nicholas.rivera@yahoo.com,,Dubai,Dubai,UAE,Platinum,2024-10-29,Inactive
CUST003056,Gregory,Hogan,Female,1990-12-09,gmail.com,6892495537,Bengaluru,Karnataka,India,Platinum,2024-07-27,Active
CUST003057,Sarah,Ruiz,Female,1984-03-27,sarah.ruiz@gmail.com,9924837263,Singapore,Singapore,Singapore,Diamond,2026-06-29,Active
CUST003058,Derek,Scott,Female,1971-10-17,derek.scott@gmail.com,1140032771,Chennai,Tamil Nadu,India,Diamond,2023-09-10,Inactive
CUST003059,Sara,Gutierrez,Female,1985-08-12,sara.gutierrez@gmail.com,1130624238,Mumbai,Maharashtra,India,Gold,2026-04-24,Inactive
CUST003060,Melinda,Wiley,Female,1964-06-26,melinda.wiley@gmail.com,0673909702,Hyderabad,Telangana,India,Silver,2023-09-28,Active
CUST003061,John,Robles,Male,1999-03-22,john.robles@gmail.com,7095479547,Singapore,Singapore,Singapore,Platinum,2025-12-22,Inactive
CUST003062,Danielle,Howard,Female,1989-07-02,danielle.howard@hotmail.com,4491492930,Mumbai,Maharashtra,India,Platinum,2026-03-29,Active
CUST003063,Jessica,Smith,Female,1967-04-13,jessica.smith@yahoo.com,3658456609,Mumbai,Maharashtra,India,Diamond,2026-03-10,Inactive
CUST003064,Bryce,Ward,Female,1981-04-16,bryce.ward@hotmail.com,4028812030,Dubai,Dubai,UAE,Diamond,2025-11-24,Active
CUST003065,Nicholas,Fleming,Female,1970-03-30,nicholas.fleming@outlook.com,9511262917,Singapore,Singapore,Singapore,Gold,2024-08-30,Active
CUST003066,Dennis,Wu,Female,1975-09-09,dennis.wu@gmail.com,6523205989,New York,New York,United States,Silver,2025-01-17,Active
CUST003067,Tara,Bush,Male,1967-07-31,tara.bush@outlook.com,8170302411,Dubai,Dubai,UAE,Diamond,2022-10-04,Active
CUST003068,Jonathan,Gray,Female,1963-01-29,jonathan.gray@yahoo.com,3694401344,Hyderabad,Telangana,India,Platinum,2026-06-09,Active
CUST003069,William,Long,Male,1968-07-15,william.long@yahoo.com,2405359875,Sydney,New South Wales,Australia,Diamond,2021-09-17,Active
CUST003070,Shelly,Hill,Female,1992-08-23,shelly.hill@gmail.com,5440916390,Dubai,Dubai,UAE,Gold,2022-03-10,Active
CUST003071,Michael,Patel,Female,1998-01-23,michael.patel@gmail.com,3096388959,Singapore,Singapore,Singapore,Diamond,2026-03-15,Inactive
CUST003072,Teresa,Spears,Female,1989-04-30,teresa.spears@hotmail.com,3378833634,Chennai ,Tamil Nadu,India,Diamond,2025-02-11,Inactive
CUST003073,Kelly,Patel,Female,1966-09-20,kelly.patel@hotmail.com,1865951332,Delhi,Delhi,India,Silver,2023-04-25,Active
CUST003074,Renee,Dean,Male,1987-06-24,renee.dean@gmail.com,5887243257,Mumbai,Maharashtra,India,Gold,2023-09-13,Inactive
CUST003075,David,Ford,Female,1962-05-11,david.ford@outlook.com,8144556060,Sydney,New South Wales,Australia,Gold,2022-07-13,Inactive
CUST003076,Jason,Williams,Male,1998-11-21,jason.williams@hotmail.com,3454402011,Dubai,Dubai,UAE,Diamond,2023-10-21,Inactive
CUST003077,Stephanie,Best,Female,1962-10-31,stephanie.best@gmail.com,8361696961,Dubai,Dubai,UAE,Platinum,2024-12-26,Inactive
CUST003078,Mary,Hudson,Male,1979-09-02,mary.hudson@hotmail.com,0090224028,New York,New York,United States,Platinum,2023-08-07,Active
CUST003079,Brandon,Mathews,Female,2004-10-04,brandon.mathews@hotmail.com,2271580051,Singapore,Singapore,Singapore,Platinum,2022-10-05,Inactive
CUST003080,Christopher,Petersen,Female,1989-10-30,christopher.petersen@yahoo.com,0542089367,Dubai,Dubai,UAE,Gold,2025-09-13,Inactive
CUST003081,Joseph,Ibarra,Female,1975-09-03,joseph.ibarra@hotmail.com,3527055543,Hyderabad,Telangana,India,Diamond,2022-08-03,Active
CUST003082,Shelley,Matthews,Female,1957-12-06,###@gmail.com,9460914512,Mumbai,Maharashtra,India,Platinum,2022-11-30,Inactive
CUST003083,Wendy,Liu,Female,2005-01-16,wendy.liu@gmail.com,4936764746,London,England,United Kingdom,Platinum,2021-10-15,Active
CUST003084,Amanda,Perez,Male,1963-06-19,amanda.perez@yahoo.com,5883272781,New York,New York,United States,Gold,2023-11-05,Inactive
CUST003085,Daniel,Carney,Male,1959-11-07,daniel.carney@hotmail.com,5782234440,Mumbai,Maharashtra,India,Diamond,2022-05-28,Active
CUST003086,Mark,Smith,Female,2004-05-19,mark.smith@hotmail.com,5447668598,Sydney,New South Wales,Australia,Diamond,2022-01-19,Active
CUST003087,Michelle,Warren,Female,1962-07-24,michelle.warren@gmail.com,2070854779,Sydney,New South Wales,Australia,Silver,2025-08-08,Inactive
CUST003088,Amy,Faulkner,Female,1967-12-25,amy.faulkner@yahoo.com,2589663969,Delhi,Delhi,India,Silver,2021-11-06,Inactive
CUST003089,Jose,Fitzpatrick,Male,2004-03-12,jose.fitzpatrick@yahoo.com,0729092863,Sydney,New South Wales,Australia,Platinum,2023-02-28,Inactive
CUST003090,Shannon,Olsen,Female,1963-07-26,shannon.olsen@outlook.com,0202448650,New York,New York,United States,Silver,2025-12-23,Inactive
CUST003091,Rodney,Suarez,Male,1967-02-18,rodney.suarez@outlook.com,,Bengaluru,Karnataka,India,Platinum,2024-07-21,Inactive
CUST003092,Joel,Warner,Female,1969-01-13,joel.warner@gmail.com,8577584453,Delhi,Delhi,India,Platinum,2021-09-09,Active
CUST003093,John,Perry,Female,1994-04-18,john.perry@hotmail.com,8329563541,Bengaluru,Karnataka,India,Platinum,2021-07-28,Active
CUST003094,Katrina,Brown,Female,1963-11-29,katrina.brown@hotmail.com,5022852269,Sydney,New South Wales,Australia,Platinum,2024-12-14,Active
CUST003095,Heather,Esparza,Female,1961-06-11,heather.esparza@outlook.com,6165558055,Singapore ,Singapore,Singapore,Gold,2024-12-10,Inactive
CUST003096,Justin,Walker,Female,2000-03-19,justin.walker@outlook.com,8019179573,Hyderabad,Telangana,India,Diamond,2024-11-14,Active
CUST003097,Samantha,Kemp,Male,1996-11-20,samantha.kemp@hotmail.com,9826019525,New York,New York,United States,Diamond,2024-01-10,Active
CUST003098,Hannah,Davis,Male,1966-09-27,hannah.davis@yahoo.com,3063232431,Dubai,Dubai,UAE,Gold,2025-02-26,Inactive
CUST003099,Melissa,Stone,Male,1969-11-15,melissa.stone@outlook.com,9786279468,New York,New York,United States,Diamond,2021-10-03,Active
CUST003100,Michael,Jones,Male,1999-01-03,,9312653220,New York,New York,United States,Gold,2024-09-22,Active
CUST003101,Tammy,Lopez,Male,1972-12-05,tammy.lopez@yahoo.com,9703771105,Hyderabad,Telangana,India,Silver,2025-11-26,Active
CUST003102,Erin,Curtis,Female,1987-01-06,erin.curtis@outlook.com,9933902057,Delhi,Delhi,India,Silver,2025-07-19,Active
CUST003103,Kevin,Stokes,Male,1977-11-01,kevin.stokes@hotmail.com,9471705383,Sydney,New South Wales,Australia,Platinum,2022-06-30,Active
CUST003104,Joseph,Schroeder,Male,1963-11-05,joseph.schroeder@yahoo.com,1954654222,Delhi,Delhi,India,Silver,2021-10-13,Inactive
CUST003105,Savannah,Ramos,Female,1956-06-08,savannah.ramos@hotmail.com,9555337561,Mumbai,Maharashtra,India,Silver,2022-08-03,Active
CUST003106,Ronald,Butler,Female,1983-08-23,ronald.butler@hotmail.com,5675418890,DELHI,Delhi,India,Diamond,2025-03-04,Active
CUST003107,Elaine,Reid,Male,2005-06-03,,8152222165,Chennai,Tamil Nadu,India,Platinum,2023-06-28,Inactive
CUST003108,Jennifer,Watts,Male,1995-03-25,jennifer.watts@yahoo.com,2719027479,Sydney,New South Wales,Australia,Gold,2026-03-12,Active
CUST003109,Andrew,Mitchell,Female,1961-09-05,andrew.mitchell@yahoo.com,7143140010,Mumbai,Maharashtra,India,Diamond,2026-05-08,Active
CUST003110,Lance,Fields,Male,2002-05-02,lance.fields@outlook.com,8861567057,Bengaluru,Karnataka,India,Diamond,2025-06-13,Active
CUST003111,Carla,Fleming,Male,1973-03-07,carla.fleming@gmail.com,0206589879,Bengaluru,Karnataka,India,Silver,2026-03-18,Active
CUST003112,Nathan,Chavez,Female,1979-08-20,nathan.chavez@outlook.com,8941858841,New York,New York,United States,Gold,2023-02-14,Active
CUST003113,Sandra,Hubbard,Male,1971-05-18,sandra.hubbard@gmail.com,5308909530,Dubai,Dubai,UAE,Platinum,2025-03-06,Inactive
CUST003114,Autumn,Berger,Female,1996-01-01,autumn.berger@gmail.com,7529219219,Dubai,Dubai,UAE,Gold,2024-03-27,Active
CUST003115,Jordan,Williams,Female,2005-09-08,jordan.williams@yahoo.com,7404996489,Mumbai,Maharashtra,India,Gold,2024-11-27,Inactive
CUST003116,Rebecca,Perkins,Male,1970-04-11,rebecca.perkins@gmail.com,,Sydney,New South Wales,Australia,Gold,2024-12-26,Inactive
CUST003117,William,Gomez,Female,1999-12-17,william.gomez@yahoo.com,8611141141,Mumbai,Maharashtra,India,Platinum,2023-02-28,Active
CUST003118,Crystal,Miller,Female,2000-09-07,crystal.miller@gmail.com,5143833161,Singapore,Singapore,Singapore,Diamond,2026-05-16,Active
CUST003119,Madison,Bell,Female,1965-05-12,madison.bell@gmail.com,5224968304,New York,New York,United States,Silver,2026-01-21,Active
CUST003120,Thomas,Pope,Female,1976-02-21,thomas.pope@yahoo.com,6204838008,Bengaluru,Karnataka,India,Diamond,2023-06-22,Active
CUST003121,Ernest,Oneill,Male,1997-01-26,ernest.oneill@hotmail.com,2385982877,Sydney,New South Wales,Australia,Silver,2022-07-14,Active
CUST003122,Wendy,Wagner,Female,1956-07-11,wendy.wagner@gmail.com,9144371282,Delhi,Delhi,India,Platinum,2023-06-08,Active
CUST003123,Kara,Davis,Female,1998-11-05,kara.davis@outlook.com,7126675363,Bengaluru,Karnataka,India,Diamond,2023-02-14,Active
CUST003124,Michael,Becker,Male,1983-07-29,michael.becker@yahoo.com,4930468838,London,England,United Kingdom,Diamond,2022-08-17,Active
CUST003125,Barbara,Smith,Female,1995-10-16,barbara.smith@hotmail.com,1676563792,New York,New York,United States,Diamond,2021-09-21,Inactive
CUST003126,Crystal,Leonard,Male,1963-03-25,crystal.leonard@yahoo.com,9143326031,Hyderabad,Telangana,India,Diamond,2023-03-02,Inactive
CUST003127,Andrew,Jackson,Female,1976-12-31,andrew.jackson@hotmail.com,7354156844,Mumbai,Maharashtra,India,Gold,2026-06-30,Inactive
CUST003128,Rebecca,Hansen,Male,1968-05-16,rebecca.hansen@gmail.com,4986261315,Sydney,New South Wales,Australia,Platinum,2021-12-15,Active
CUST003129,Russell,Jones,Female,1984-06-11,russell.jones@yahoo.com,2864137191,Dubai,Dubai,UAE,Silver,2023-04-01,Inactive
CUST003130,Brandon,Conrad,Female,2002-05-30,brandon.conrad@yahoo.com,7907287111,Singapore,Singapore,Singapore,Silver,2024-04-27,Active
CUST003131,Brandy,Garcia,Female,1992-08-06,brandy.garcia@gmail.com,0434369901,Mumbai,Maharashtra,India,Gold,2024-04-29,Active
CUST003132,Erika,Carr,Female,1988-07-28,,3570220208,New York,New York,United States,Silver,2022-11-27,Inactive
CUST003133,Brandon,Ruiz,Female,1956-09-16,brandon.ruiz@hotmail.com,6604017947,Chennai,Tamil Nadu,India,Silver,2023-02-07,Active
CUST003134,Chad,Cole,Female,1986-11-21,chad.cole@yahoo.com,4775426971,Singapore,Singapore,Singapore,Platinum,2024-09-04,Active
CUST003135,Elizabeth,Adams,Male,1973-04-22,###@gmail.com,8354722095,Bengaluru,Karnataka,India,Silver,2023-06-21,Inactive
CUST003136,Mark,Wheeler,Male,1979-10-21,mark.wheeler@outlook.com,9990234504,Bengaluru,Karnataka,India,Gold,2021-12-30,Active
CUST003137,Melinda,Martin,Female,1973-10-06,melinda.martin@gmail.com,0252093387,Bengaluru,Karnataka,India,Gold,2022-09-24,Inactive
CUST003138,Whitney,Le,Male,2008-05-19,whitney.le@hotmail.com,5813157731,Singapore,Singapore,Singapore,Diamond,2024-08-06,Active
CUST003139,Ruth,Wilkerson,Female,1986-01-28,ruth.wilkerson@yahoo.com,6216874503,Sydney,New South Wales,Australia,Gold,2023-03-03,Inactive
CUST003140,Kyle,Schmidt,Male,1987-11-27,kyle.schmidt@hotmail.com,9212414687,London,England,United Kingdom,Silver,2025-03-29,Active
CUST003141,Daniel,Smith,Female,1958-11-20,daniel.smith@hotmail.com,2865215792,Singapore,Singapore,Singapore,Diamond,2024-03-24,Inactive
CUST003142,Thomas,Vargas,Female,1977-04-29,thomas.vargas@gmail.com,4671483538,Bengaluru,Karnataka,India,Diamond,2024-11-29,Active
CUST003143,Mark,Jones,Female,2000-04-06,mark.jones@gmail.com,8292332609,Hyderabad,Telangana,India,Gold,2026-05-25,Inactive
CUST003144,Annette,Lowe,Male,1986-12-21,annette.lowe@gmail.com,5956664999,Mumbai,Maharashtra,India,Platinum,2024-04-22,Inactive
CUST003145,Tyrone,Cox,Female,1989-08-13,tyrone.cox@gmail.com,3387181305,Chennai,Tamil Nadu,India,Silver,2024-05-07,Inactive
CUST003146,Steven,Price,Male,1988-01-11,steven.price@outlook.com,6177121736,Hyderabad,Telangana,India,Silver,2026-02-08,Active
CUST003147,Tracy,Allen,Female,1966-04-21,tracy.allen@outlook.com,1857029778,Mumbai,Maharashtra,India,Gold,2023-04-18,Inactive
CUST003148,Lisa,Henderson,Male,2005-08-30,lisa.henderson@gmail.com,4848755771,Dubai,Dubai,UAE,Platinum,2025-02-10,Active
CUST003149,Joshua,Williams,Female,1993-05-15,joshua.williams@outlook.com,,New York ,New York,United States,Silver,2022-11-10,Inactive
CUST003150,Tiffany,Williams,Female,1973-07-18,tiffany.williams@yahoo.com,4322441190,Delhi,Delhi,India,Diamond,2022-09-16,Inactive
CUST003151,Misty,Cooper,Male,1970-11-03,misty.cooper@outlook.com,3399861165,New York,New York,United States,Diamond,2023-08-24,Active
CUST003152,Latoya,Smith,Female,1996-12-10,latoya.smith@gmail.com,9646990260,New York,New York,United States,Platinum,2023-05-13,Inactive
CUST003153,Erin,Ross,Male,1971-04-12,erin.ross@yahoo.com,7320126773,Delhi,Delhi,India,Gold,2026-03-09,Active
CUST003154,Lisa,Tate,Male,1966-05-11,lisa.tate@gmail.com,7088062374, Hyderabad,Telangana,India,Silver,2026-02-10,Active
CUST003155,Tiffany,Jones,Female,1976-12-31,tiffany.jones@hotmail.com,3549629888,New York,New York,United States,Diamond,2026-03-21,Active
CUST003156,Kenneth,Adams,Female,1959-11-09,kenneth.adams@gmail.com,2964704430,London,England,United Kingdom,Gold,2023-03-10,Inactive
CUST003157,Sharon,Martinez,Female,1990-04-15,sharon.martinez@outlook.com,3314189897,Mumbai,Maharashtra,India,Gold,2023-08-19,Inactive
CUST003158,Robert,Haley,Female,1968-05-02,robert.haley@outlook.com,3010518676,London,England,United Kingdom,Gold,2023-03-26,Active
CUST003159,Donald,Baker,Female,1975-05-10,donald.baker@outlook.com,0549621624,Chennai,Tamil Nadu,India,Silver,2026-03-24,Active
CUST003160,Brandon,Phillips,Female,1979-02-05,brandon.phillips@hotmail.com,5820352772,Hyderabad,Telangana,India,Silver,2026-06-25,Active
CUST003161,Nicole,Jordan,Male,1957-10-24,nicole.jordan@outlook.com,7551551835,Hyderabad,Telangana,India,Diamond,2026-06-04,Inactive
CUST003162,Aaron,Waters,Female,1975-04-20,aaron.waters@outlook.com,6703134638,Dubai,Dubai,UAE,Gold,2023-07-01,Active
CUST003163,Walter,Stein,Female,1961-05-08,walter.stein@gmail.com,3927686963,Dubai,Dubai,UAE,Gold,2025-09-04,Active
CUST003164,Jennifer,Johnson,Male,2006-03-24,jennifer.johnson@hotmail.com,3904257522,Sydney,New South Wales,Australia,Diamond,2021-09-12,Active
CUST003165,Joseph,Pace,Male,1992-03-13,abc@,5737327981,Mumbai,Maharashtra,India,Diamond,2022-04-06,Active
CUST003166,Cheryl,Edwards,Female,2006-04-10,cheryl.edwards@hotmail.com,1836101360,Sydney,New South Wales,Australia,Gold,2023-01-04,Inactive
CUST003167,Troy,Thompson,Female,1991-10-21,troy.thompson@gmail.com,9307522364,Chennai,Tamil Nadu,India,Silver,2025-04-06,Inactive
CUST003168,Carlos,Smith,Male,1983-09-18,carlos.smith@gmail.com,9495233066,Bengaluru,Karnataka,India,Diamond,2023-03-18,Inactive
CUST003169,Barry,Myers,Male,1970-10-15,barry.myers@yahoo.com,4285193918,Chennai,Tamil Nadu,India,Platinum,2024-06-04,Inactive
CUST003170,Edward,Smith,Male,1979-12-11,edward.smith@yahoo.com,0111130145,Singapore,Singapore,Singapore,Diamond,2025-05-16,Inactive
CUST003171,Martin,Ross,Female,1999-09-24,martin.ross@outlook.com,8157283693,Mumbai,Maharashtra,India,Gold,2023-09-02,Inactive
CUST003172,Sarah,Smith,Male,1990-10-16,sarah.smith@gmail.com,9808575071,Delhi,Delhi,India,Diamond,2021-08-01,Inactive
CUST003173,Lisa,George,Female,1958-01-19,lisa.george@yahoo.com,1507527388,Hyderabad,Telangana,India,Diamond,2022-02-27,Inactive
CUST003174,Amanda,Callahan,Female,1960-09-04,amanda.callahan@hotmail.com,5980534615,Sydney,New South Wales,Australia,Platinum,2024-04-01,Inactive
CUST003175,Brittney,White,Male,1973-04-19,brittney.white@hotmail.com,1680777004,Bengaluru,Karnataka,India,Diamond,2022-12-16,Inactive
CUST003176,David,Short,Male,1995-04-05,david.short@outlook.com,8296795519,Dubai,Dubai,UAE,Diamond,2024-01-01,Active
CUST003177,Melanie,Shaffer,Male,1989-02-09,melanie.shaffer@outlook.com,2469035397,Bengaluru,Karnataka,India,Platinum,2026-03-09,Inactive
CUST003178,Katherine,Velasquez,Female,1977-08-22,katherine.velasquez@gmail.com,,Hyderabad,Telangana,India,Diamond,2023-10-05,Active
CUST003179,Peggy,Ayala,Male,1969-12-11,peggy.ayala@yahoo.com,5736494363,Singapore,Singapore,Singapore,Diamond,2025-07-22,Inactive
CUST003180,Caroline,Sanchez,Female,1970-05-02,caroline.sanchez@hotmail.com,3586361250,Dubai,Dubai,UAE,Platinum,2025-12-01,Inactive
CUST003181,Brian,Wright,Male,1986-04-24,brian.wright@hotmail.com,4123167541,New York,New York,United States,Silver,2023-05-14,Inactive
CUST003182,Kelly,Werner,Male,1970-08-12,kelly.werner@hotmail.com,6871226161,Delhi,Delhi,India,Platinum,2022-11-22,Inactive
CUST003183,Theresa,Jones,Male,1984-01-18,theresa.jones@hotmail.com,5219863738,London,England,United Kingdom,Platinum,2023-07-23,Active
CUST003184,Benjamin,Buck,Male,1995-11-12,benjamin.buck@yahoo.com,5394499099,Delhi,Delhi,India,Gold,2023-08-20,Active
CUST003185,Justin,Lozano,Female,2001-11-30,justin.lozano@gmail.com,5159174880,Chennai,Tamil Nadu,India,Gold,2024-01-15,Active
CUST003186,Tara,Hernandez,Female,1982-03-13,tara.hernandez@hotmail.com,9196800967,Mumbai,Maharashtra,India,Diamond,2025-02-01,Inactive
CUST003187,Jessica,Smith,Female,1968-03-13,jessica.smith@yahoo.com,0544870633,London,England,United Kingdom,Silver,2025-03-04,Inactive
CUST003188,Johnny,Park,Female,1979-05-23,johnny.park@gmail.com,7854469645,New York,New York,United States,Gold,2023-03-17,Active
CUST003189,Patricia,Scott,Female,1967-02-15,patricia.scott@gmail.com,,Delhi,Delhi,India,Diamond,2022-05-19,Active
CUST003190,Samuel,Mullins,Male,1991-04-14,samuel.mullins@yahoo.com,3298850495,Chennai,Tamil Nadu,India,Platinum,2023-02-26,Active
CUST003191,Dana,Edwards,Female,2006-08-19,dana.edwards@gmail.com,2887693327,London,England,United Kingdom,Diamond,2025-07-15,Active
CUST003192,Anthony,Williams,Female,1976-06-06,anthony.williams@gmail.com,0845208203,Hyderabad,Telangana,India,Platinum,2025-09-28,Active
CUST003193,Teresa,Nelson,Female,1964-08-20,teresa.nelson@yahoo.com,5998730039,Hyderabad,Telangana,India,Gold,2023-11-22,Inactive
CUST003194,Dennis,Bell,Male,1991-11-15,dennis.bell@gmail.com,9009843461,London,England,United Kingdom,Platinum,2024-07-16,Inactive
CUST003195,Melanie,Johnson,Male,1988-04-24,melanie.johnson@outlook.com,4915374567,Singapore,Singapore,Singapore,Gold,2026-02-19,Inactive
CUST003196,Sandra,Mccoy,Male,2003-01-04,sandra.mccoy@gmail.com,7712470396,Hyderabad,Telangana,India,Silver,2024-06-17,Active
CUST003197,Laura,Hernandez,Female,1990-01-10,laura.hernandez@outlook.com,6564456252,Chennai,Tamil Nadu,India,Diamond,2026-05-26,Active
CUST003198,Gregory,Walker,Male,2003-04-06,gregory.walker@hotmail.com,8620053100,Delhi,Delhi,India,Silver,2025-03-28,Inactive
CUST003199,Frederick,Fuentes,Male,1968-08-18,frederick.fuentes@gmail.com,8159387836,Mumbai,Maharashtra,India,Gold,2022-05-07,Active
CUST003200,Ryan,Lopez,Female,1960-10-03,ryan.lopez@gmail.com,9269770567,Singapore,Singapore,Singapore,Platinum,2023-07-11,Active
CUST003201,Benjamin,Giles,Female,1975-04-27,benjamin.giles@yahoo.com,5983857832,Bengaluru,Karnataka,India,Gold,2023-05-22,Active
CUST003202,Yolanda,Ruiz,Male,1979-10-15,yolanda.ruiz@outlook.com,9755867972,Singapore,Singapore,Singapore,Platinum,2024-08-12,Inactive
CUST003203,Jessica,Williams,Female,2006-05-02,jessica.williams@hotmail.com,,New York,New York,United States,Gold,2022-12-27,Inactive
CUST003204,Amanda,Mason,Female,1979-09-20,amanda.mason@gmail.com,5577526951,New York,New York,United States,Platinum,2024-07-05,Inactive
CUST003205,Stephen,Webb,Male,1966-02-16,stephen.webb@gmail.com,3091770489,Hyderabad,Telangana,India,Gold,2025-04-06,Inactive
CUST003206,Michael,Krueger,Male,1972-04-13,michael.krueger@yahoo.com,1039824826,Chennai,Tamil Nadu,India,Diamond,2024-04-10,Inactive
CUST003207,William,Bell,Female,1965-04-26,william.bell@yahoo.com,9144576850,Delhi,Delhi,India,Platinum,2026-02-07,Active
CUST003208,Stephanie,Wilson,Female,2002-12-25,stephanie.wilson@outlook.com,7848156652,MUMBAI,Maharashtra,India,Gold,2025-08-29,Inactive
CUST003209,Janice,Hughes,Female,2000-04-16,janice.hughes@yahoo.com,1920061310,Delhi,Delhi,India,Platinum,2023-01-14,Inactive
CUST003210,Carrie,Vaughn,Male,1971-02-10,carrie.vaughn@hotmail.com,5886372303,Hyderabad,Telangana,India,Gold,2024-07-29,Inactive
CUST003211,Anthony,Gonzales,Female,1989-12-16,anthony.gonzales@hotmail.com,8911384538,Sydney,New South Wales,Australia,Silver,2023-10-04,Active
CUST003212,Jeremy,Fischer,Male,1959-04-27,jeremy.fischer@gmail.com,4305127104,Mumbai,Maharashtra,India,Gold,2022-02-14,Inactive
CUST003213,Thomas,Stephens,Female,1983-07-17,thomas.stephens@outlook.com,0821502792,Bengaluru,Karnataka,India,Gold,2022-07-28,Inactive
CUST003214,Jennifer,Clark,Male,1972-08-11,jennifer.clark@yahoo.com,9284759471,CHENNAI,Tamil Nadu,India,Diamond,2023-04-23,Inactive
CUST003215,Taylor,Graham,Male,1981-10-02,taylor.graham@yahoo.com,,MUMBAI,Maharashtra,India,Diamond,2022-08-11,Active
CUST003216,Robert,Yates,Male,2005-01-20,robert.yates@outlook.com,3903174282,Chennai,Tamil Nadu,India,Gold,2022-11-29,Inactive
CUST003217,Tracy,Williams,Female,2003-01-30,,2537648006,Mumbai,Maharashtra,India,Silver,2022-07-21,Active
CUST003218,Tanya,Todd,Male,1961-09-22,tanya.todd@gmail.com,3336824311,Sydney,New South Wales,Australia,Gold,2023-02-07,Active
CUST003219,Corey,Mcconnell,Male,1971-06-24,corey.mcconnell@hotmail.com,7245147503,New York,New York,United States,Silver,2022-10-11,Inactive
CUST003220,Kellie,Huff,Female,1963-12-06,kellie.huff@hotmail.com,7525016990,Sydney,New South Wales,Australia,Platinum,2024-01-27,Inactive
CUST003221,David,Flores,Female,1960-03-17,david.flores@yahoo.com,8314108166,Delhi,Delhi,India,Silver,2025-09-04,Active
CUST003222,Gregory,Huffman,Female,2006-05-05,gregory.huffman@outlook.com,2385857365,Hyderabad,Telangana,India,Platinum,2025-01-26,Inactive
CUST003223,Joshua,Benson,Male,1965-08-10,joshua.benson@hotmail.com,4721985859,Dubai,Dubai,UAE,Platinum,2025-12-18,Active
CUST003224,Lori,Hill,Male,1969-06-18,lori.hill@gmail.com,7545450346,Mumbai,Maharashtra,India,Diamond,2024-02-23,Active
CUST003225,Victoria,Hall,Male,1982-03-15,victoria.hall@gmail.com,6676314920,Mumbai,Maharashtra,India,Gold,2022-02-03,Active
CUST003226,Nancy,Mcdaniel,Female,1958-06-02,nancy.mcdaniel@gmail.com,4476260398,London,England,United Kingdom,Diamond,2025-09-23,Inactive
CUST003227,Toni,Perkins,Male,1964-03-05,toni.perkins@yahoo.com,4742254700,Chennai,Tamil Nadu,India,Silver,2021-10-25,Active
CUST003228,Zachary,Whitaker,Male,2007-07-10,zachary.whitaker@gmail.com,1609088295,London,England,United Kingdom,Silver,2026-07-05,Active
CUST003229,Anthony,Medina,Male,1983-02-24,anthony.medina@hotmail.com,3566745857,London,England,United Kingdom,Silver,2024-05-14,Inactive
CUST003230,Monica,Parker,Male,1996-03-06,monica.parker@outlook.com,1253227093,Sydney,New South Wales,Australia,Silver,2023-09-09,Inactive
CUST003231,Andrew,Rogers,Male,1983-01-07,andrew.rogers@gmail.com,9373636970,Hyderabad,Telangana,India,Gold,2026-07-01,Inactive
CUST003232,Teresa,Marshall,Male,2007-01-01,teresa.marshall@hotmail.com,2869741425,Delhi,Delhi,India,Silver,2021-11-27,Inactive
CUST003233,Amanda,Macias,Male,1987-08-02,amanda.macias@gmail.com,9523248499,London,England,United Kingdom,Gold,2022-04-18,Active
CUST003234,Tony,Clements,Male,1981-05-11,tony.clements@outlook.com,6769945791,Delhi,Delhi,India,Diamond,2025-03-02,Inactive
CUST003235,Tonya,Porter,Female,2006-10-02,tonya.porter@yahoo.com,1523625739,Dubai,Dubai,UAE,Platinum,2023-09-03,Active
CUST003236,Shelley,Skinner,Female,1974-12-04,shelley.skinner@hotmail.com,8843879404,DUBAI,Dubai,UAE,Gold,2023-04-15,Inactive
CUST003237,Sherri,Henry,Male,2007-06-21,,8323725447,Delhi,Delhi,India,Silver,2025-11-11,Active
CUST003238,Kevin,Cox,Female,1957-03-09,kevin.cox@outlook.com,7910670226, Delhi,Delhi,India,Gold,2025-06-27,Inactive
CUST003239,Alison,Pierce,Female,1985-07-17,alison.pierce@yahoo.com,4687560624,New York,New York,United States,Diamond,2021-09-01,Inactive
CUST003240,Jacob,Webb,Male,1977-07-01,jacob.webb@gmail.com,7010559893,Delhi,Delhi,India,Silver,2024-10-21,Active
CUST003241,Daniel,Jones,Female,1995-08-16,daniel.jones@outlook.com,3502250322,Dubai,Dubai,UAE,Platinum,2026-07-04,Inactive
CUST003242,Lawrence,Coleman,Female,1970-10-27,lawrence.coleman@yahoo.com,8192854042,London,England,United Kingdom,Platinum,2024-06-03,Active
CUST003243,Elizabeth,Long,Male,1986-05-11,elizabeth.long@gmail.com,9765248867,Delhi,Delhi,India,Platinum,2026-05-13,Inactive
CUST003244,Destiny,Barr,Male,1974-12-01,destiny.barr@yahoo.com,0343230893,Chennai,Tamil Nadu,India,Gold,2025-10-29,Inactive
CUST003245,Amber,Flores,Female,1976-02-10,amber.flores@hotmail.com,3544219376,Chennai,Tamil Nadu,India,Platinum,2023-06-03,Inactive
CUST003246,Stacy,Henry,Male,1988-05-24,stacy.henry@hotmail.com,8531751463, Bengaluru ,Karnataka,India,Gold,2025-06-15,Active
CUST003247,Cameron,Frazier,Female,1963-10-13,cameron.frazier@hotmail.com,1968552061,Delhi,Delhi,India,Gold,2021-12-15,Active
CUST003248,Michael,Castillo,Female,1977-01-09,,7806751524,Mumbai,Maharashtra,India,Gold,2025-08-11,Active
CUST003249,Zachary,Cole,Male,2003-08-24,zachary.cole@gmail.com,8481195582,Bengaluru,Karnataka,India,Gold,2025-01-06,Active
CUST003250,Vicki,Harris,Male,1973-01-26,vicki.harris@yahoo.com,8779572089,Bengaluru,Karnataka,India,Platinum,2024-12-26,Active
CUST003251,Randy,Mendoza,Female,2001-09-10,randy.mendoza@hotmail.com,1903454933,Dubai,Dubai,UAE,Platinum,2025-03-06,Inactive
CUST003252,Walter,Nunez,Female,1992-01-03,walter.nunez@outlook.com,8671884244,Mumbai,Maharashtra,India,Platinum,2022-06-21,Active
CUST003253,Robert,Hartman,Male,1989-11-03,robert.hartman@gmail.com,6107399787,New York,New York,United States,Silver,2021-09-28,Inactive
CUST003254,Alex,Johnson,Female,1967-06-13,alex.johnson@outlook.com,8990969901,Singapore,Singapore,Singapore,Platinum,2025-06-04,Active
CUST003255,Richard,Hampton,Male,1959-10-12,richard.hampton@hotmail.com,0762562235,Mumbai,Maharashtra,India,Platinum,2021-12-14,Active
CUST003256,Stephanie,Hernandez,Male,1977-03-26,stephanie.hernandez@gmail.com,0607523723,Mumbai,Maharashtra,India,Platinum,2024-01-14,Active
CUST003257,Sherry,Hogan,Female,1975-06-21,sherry.hogan@yahoo.com,9172324294,Hyderabad,Telangana,India,Platinum,2026-05-02,Active
CUST003258,Kathy,West,Female,1989-11-20,kathy.west@yahoo.com,1967234375,Hyderabad,Telangana,India,Platinum,2025-07-03,Inactive
CUST003259,Matthew,Clark,Female,1964-01-15,matthew.clark@hotmail.com,3429542160,MUMBAI,Maharashtra,India,Diamond,2025-09-06,Active
CUST003260,Martha,Alvarado,Female,1977-09-18,martha.alvarado@gmail.com,6052425851,Chennai,Tamil Nadu,India,Silver,2022-12-04,Active
CUST003261,Robert,Maxwell,Male,1997-09-08,robert.maxwell@outlook.com,4096912535,London,England,United Kingdom,Diamond,2023-05-24,Inactive
CUST003262,Lauren,Hendricks,Male,2000-08-19,lauren.hendricks@outlook.com,0840940252,Singapore,Singapore,Singapore,Gold,2026-01-23,Active
CUST003263,Jennifer,Harrington,Male,1972-05-19,jennifer.harrington@gmail.com,9243233929,Delhi,Delhi,India,Diamond,2025-03-10,Inactive
CUST003264,Bryan,Williams,Female,1998-07-16,bryan.williams@yahoo.com,0767689229,Chennai,Tamil Nadu,India,Diamond,2022-12-12,Active
CUST003265,Carlos,Martin,Female,1979-02-16,carlos.martin@outlook.com,8869050692,Singapore,Singapore,Singapore,Silver,2023-02-19,Inactive
CUST003266,Marcus,Freeman,Male,2002-06-02,marcus.freeman@outlook.com,1677912066,Hyderabad,Telangana,India,Platinum,2023-12-11,Inactive
CUST003267,Kristine,Swanson,Female,1982-12-21,kristine.swanson@hotmail.com,7012106528,Singapore,Singapore,Singapore,Silver,2023-06-20,Inactive
CUST003268,Lisa,Herrera,Female,1968-01-28,lisa.herrera@gmail.com,6132333564,Hyderabad,Telangana,India,Silver,2026-06-04,Active
CUST003269,Jennifer,Castillo,Female,1962-10-26,jennifer.castillo@gmail.com,1884394486,Sydney,New South Wales,Australia,Platinum,2023-04-08,Active
CUST003270,Lori,Avery,Male,1972-11-28,lori.avery@outlook.com,0212504554,New York,New York,United States,Platinum,2021-09-22,Active
CUST003271,Dylan,Baker,Male,1973-06-13,dylan.baker@hotmail.com,2280215263,Bengaluru,Karnataka,India,Platinum,2023-12-24,Inactive
CUST003272,Robert,Cabrera,Male,1977-08-29,robert.cabrera@gmail.com,4121740788,Singapore,Singapore,Singapore,Platinum,2025-07-13,Active
CUST003273,Raymond,Martinez,Female,1977-07-31,raymond.martinez@outlook.com,5574142254,New York,New York,United States,Gold,2022-09-17,Active
CUST003274,Angela,Norris,Male,2007-10-07,angela.norris@outlook.com,6240279930,Hyderabad,Telangana,India,Silver,2025-04-28,Active
CUST003275,Sarah,Yang,Female,2003-01-18,sarah.yang@hotmail.com,5136659034,Dubai,Dubai,UAE,Gold,2023-03-31,Inactive
CUST003276,Deborah,Berry,Male,1962-12-13,deborah.berry@hotmail.com,9585219808,New York,New York,United States,Gold,2025-04-27,Active
CUST003277,Peter,Arellano,Male,1969-01-19,peter.arellano@yahoo.com,3274382864,Chennai,Tamil Nadu,India,Platinum,2023-10-15,Active
CUST003278,Kevin,Watkins,Female,1966-03-11,,2128920780,New York,New York,United States,Silver,2024-11-08,Inactive
CUST003279,Anthony,Wells,Male,1983-10-19,anthony.wells@outlook.com,0343588543,London,England,United Kingdom,Silver,2026-07-04,Active
CUST003280,David,Aguirre,Female,1967-10-21,david.aguirre@gmail.com,7060853725,New York,New York,United States,Platinum,2022-11-05,Inactive
CUST003281,Jamie,Henry,Male,1979-05-12,jamie.henry@gmail.com,0737502938,Dubai,Dubai,UAE,Silver,2024-11-04,Inactive
CUST003282,Alison,Nelson,Female,1970-06-30,alison.nelson@yahoo.com,0217470041,Delhi,Delhi,India,Platinum,2025-09-15,Inactive
CUST003283,Kenneth,Pace,Male,2002-06-03,kenneth.pace@hotmail.com,3429575696,London,England,United Kingdom,Gold,2026-07-17,Active
CUST003284,Joseph,Taylor,Male,1980-06-17,joseph.taylor@gmail.com,1031669177,Singapore,Singapore,Singapore,Silver,2023-10-17,Active
CUST003285,Jay,Tate,Female,2005-10-16,jay.tate@yahoo.com,7494247487,Bengaluru,Karnataka,India,Silver,2024-09-13,Active
CUST003286,Justin,Warren,Female,2005-07-04,justin.warren@gmail.com,8316654280, SYDNEY,New South Wales,Australia,Diamond,2024-06-03,Active
CUST003287,Tracy,Howard,Female,1973-08-31,tracy.howard@yahoo.com,3992896949,Singapore,Singapore,Singapore,Diamond,2026-06-10,Inactive
CUST003288,Christopher,Harris,Female,1960-11-09,christopher.harris@outlook.com,,Dubai,Dubai,UAE,Diamond,2023-03-14,Inactive
CUST003289,Lisa,Castillo,Female,1985-02-20,lisa.castillo@outlook.com,4477271726,New York,New York,United States,Diamond,2023-03-20,Inactive
CUST003290,Heather,Sutton,Male,1955-08-23,heather.sutton@hotmail.com,4296741100,Chennai,Tamil Nadu,India,Diamond,2026-02-17,Inactive
CUST003291,Rachel,Williams,Male,1983-01-20,rachel.williams@hotmail.com,0623734574,Delhi,Delhi,India,Diamond,2021-12-05,Active
CUST003292,Dale,Johnson,Male,1958-06-22,dale.johnson@yahoo.com,0313767981,Sydney,New South Wales,Australia,Platinum,2021-11-01,Inactive
CUST003293,Jennifer,Vargas,Female,1963-12-19,jennifer.vargas@outlook.com,5417098862,Mumbai,Maharashtra,India,Diamond,2023-02-16,Inactive
CUST003294,Antonio,Marshall,Female,1966-08-12,antonio.marshall@hotmail.com,1605815115,Mumbai,Maharashtra,India,Platinum,2022-01-13,Inactive
CUST003295,Robert,Rodriguez,Female,1991-12-15,robert.rodriguez@gmail.com,6167806280,Bengaluru,Karnataka,India,Gold,2023-04-10,Active
CUST003296,Heather,Turner,Female,2000-10-08,heather.turner@yahoo.com,4816038823,New York,New York,United States,Platinum,2023-06-05,Active
CUST003297,Stacy,Wells,Male,1993-05-07,stacy.wells@hotmail.com,2713470863,Dubai,Dubai,UAE,Silver,2026-03-17,Inactive
CUST003298,Patrick,Singleton,Female,1984-05-23,patrick.singleton@outlook.com,8199669018,SYDNEY,New South Wales,Australia,Diamond,2024-09-28,Active
CUST003299,Christopher,Guzman,Male,2000-05-05,christopher.guzman@gmail.com,3007606963,New York,New York,United States,Diamond,2022-11-10,Active
CUST003300,Angela,Davis,Female,1998-05-09,angela.davis@outlook.com,2887844683,London,England,United Kingdom,Diamond,2024-06-11,Active
CUST003301,Amy,Patterson,Male,1972-12-15,amy.patterson@gmail.com,1594181778,Singapore,Singapore,Singapore,Silver,2025-11-24,Active
CUST003302,Keith,Johnson,Male,1968-11-07,keith.johnson@gmail.com,7098296842,Singapore,Singapore,Singapore,Platinum,2022-07-30,Active
CUST003303,Krista,Ruiz,Male,1984-09-27,krista.ruiz@outlook.com,8649730229,Bengaluru,Karnataka,India,Silver,2022-05-10,Inactive
CUST003304,Juan,Mitchell,Male,2006-12-22,juan.mitchell@yahoo.com,1528866649,Chennai,Tamil Nadu,India,Gold,2022-01-20,Active
CUST003305,Charles,Butler,Female,1969-10-01,charles.butler@outlook.com,7611557114,Mumbai,Maharashtra,India,Silver,2023-08-11,Active
CUST003306,Albert,Eaton,Female,1969-07-31,albert.eaton@outlook.com,,Delhi,Delhi,India,Diamond,2022-08-20,Active
CUST003307,Brandon,George,Male,1981-11-16,brandon.george@yahoo.com,4683324138,London,England,United Kingdom,Platinum,2022-07-06,Inactive
CUST003308,Vicki,Floyd,Female,1988-04-13,vicki.floyd@yahoo.com,4552121187,London,England,United Kingdom,Diamond,2022-12-17,Inactive
CUST003309,David,Cruz,Male,2002-10-19,david.cruz@gmail.com,6501976435,Singapore,Singapore,Singapore,Gold,2025-03-02,Active
CUST003310,Adam,Johns,Male,1982-06-16,adam.johns@hotmail.com,1384955979,London,England,United Kingdom,Gold,2024-10-24,Active
CUST003311,Ryan,Baker,Male,1996-01-15,ryan.baker@hotmail.com,8138947780,Mumbai,Maharashtra,India,Silver,2024-07-26,Inactive
CUST003312,Timothy,Villanueva,Female,2006-11-18,timothy.villanueva@yahoo.com,0792073647,New York,New York,United States,Diamond,2022-11-10,Active
CUST003313,Eric,Allen,Female,1962-04-02,eric.allen@yahoo.com,4180422796,Hyderabad,Telangana,India,Gold,2025-09-03,Inactive
CUST003314,Veronica,Tucker,Male,1957-12-28,veronica.tucker@yahoo.com,1421332402,Hyderabad,Telangana,India,Silver,2024-09-12,Active
CUST003315,Patricia,Marshall,Male,2002-07-03,patricia.marshall@outlook.com,3482403179,London,England,United Kingdom,Silver,2021-09-14,Active
CUST003316,Brandon,Chambers,Male,1999-04-18,brandon.chambers@outlook.com,7298970864,Sydney,New South Wales,Australia,Platinum,2026-01-21,Active
CUST003317,Sean,Marquez,Male,1966-09-01,sean.marquez@yahoo.com,6252911400,Sydney,New South Wales,Australia,Silver,2025-03-09,Inactive
CUST003318,Robert,Moreno,Female,1974-11-14,robert.moreno@gmail.com,5043076805,Singapore,Singapore,Singapore,Gold,2024-03-08,Inactive
CUST003319,Melissa,Nelson,Female,1973-08-21,melissa.nelson@gmail.com,8008431731,Chennai ,Tamil Nadu,India,Diamond,2026-05-28,Inactive
CUST003320,Erin,Cisneros,Female,1989-03-16,erin.cisneros@hotmail.com,4567537692,Chennai,Tamil Nadu,India,Platinum,2021-10-10,Inactive
CUST003321,Kelly,Sanchez,Female,1975-01-04,kelly.sanchez@gmail.com,7432530373,Hyderabad,Telangana,India,Silver,2021-12-19,Inactive
CUST003322,Victoria,Johnson,Male,1977-04-06,victoria.johnson@outlook.com,7944023448,Delhi,Delhi,India,Silver,2025-07-11,Active
CUST003323,Mary,Erickson,Male,1987-06-04,mary.erickson@hotmail.com,0535558072,Sydney,New South Wales,Australia,Gold,2023-05-12,Active
CUST003324,Adrienne,Daniel,Male,1983-07-07,adrienne.daniel@outlook.com,4687172323,DUBAI,Dubai,UAE,Diamond,2023-10-07,Active
CUST003325,Justin,Neal,Female,1989-04-08,justin.neal@outlook.com,2364513250,Delhi,Delhi,India,Platinum,2026-06-03,Inactive
CUST003326,Nicholas,Gomez,Female,1982-01-14,nicholas.gomez@gmail.com,6697722634,Delhi,Delhi,India,Platinum,2021-08-31,Inactive
CUST003327,Brooke,Ford,Male,2000-06-06,brooke.ford@outlook.com,9018444612,Bengaluru,Karnataka,India,Gold,2022-01-11,Inactive
CUST003328,Jasmine,Sanders,Female,1971-10-21,jasmine.sanders@hotmail.com,,Bengaluru,Karnataka,India,Gold,2023-10-08,Inactive
CUST003329,Kelsey,Terry,Male,1982-09-12,kelsey.terry@outlook.com,0577842332,Mumbai,Maharashtra,India,Gold,2026-05-24,Inactive
CUST003330,Kenneth,Burns,Male,2006-11-24,kenneth.burns@hotmail.com,2958009836,London,England,United Kingdom,Silver,2024-07-26,Inactive
CUST003331,Dawn,Gonzalez,Male,1993-03-28,dawn.gonzalez@gmail.com,2007717541,Dubai,Dubai,UAE,Silver,2022-01-13,Active
CUST003332,Kristin,Peck,Female,2003-07-22,kristin.peck@gmail.com,4722254193,Delhi,Delhi,India,Platinum,2025-01-03,Inactive
CUST003333,Kevin,Warner,Male,1971-03-15,kevin.warner@hotmail.com,3188974143,Sydney,New South Wales,Australia,Gold,2024-07-23,Inactive
CUST003334,Lucas,Lopez,Female,2001-11-18,lucas.lopez@yahoo.com,8203649179,Bengaluru,Karnataka,India,Silver,2023-05-23,Inactive
CUST003335,Robert,Barnes,Female,1968-08-26,robert.barnes@hotmail.com,3110012559,Dubai,Dubai,UAE,Platinum,2021-09-06,Active
CUST003336,Thomas,Reed,Male,1956-05-03,thomas.reed@hotmail.com,7555611725,New York,New York,United States,Diamond,2026-06-07,Active
CUST003337,Nicholas,Fowler,Male,1969-02-21,nicholas.fowler@hotmail.com,1876606884,Singapore,Singapore,Singapore,Platinum,2026-06-13,Inactive
CUST003338,Julie,Brown,Male,1958-05-03,julie.brown@yahoo.com,7561714411,Mumbai,Maharashtra,India,Platinum,2025-11-25,Inactive
CUST003339,Carmen,Khan,Male,1995-02-21,carmen.khan@outlook.com,1988266862,Mumbai,Maharashtra,India,Silver,2024-09-18,Inactive
CUST003340,Eric,Turner,Female,1985-09-27,eric.turner@outlook.com,5278869390,Sydney,New South Wales,Australia,Silver,2023-08-02,Active
CUST003341,Sandra,Schultz,Female,1972-06-26,sandra.schultz@hotmail.com,0454237163,Singapore,Singapore,Singapore,Gold,2026-05-09,Inactive
CUST003342,Kim,Chase,Male,1991-06-14,kim.chase@hotmail.com,6130639227,Dubai,Dubai,UAE,Platinum,2022-09-20,Active
CUST003343,Christopher,Francis,Female,1970-11-10,christopher.francis@yahoo.com,4514074749,London,England,United Kingdom,Silver,2025-11-20,Inactive
CUST003344,Bryan,Martin,Male,1960-02-29,bryan.martin@yahoo.com,9624145072,Hyderabad,Telangana,India,Platinum,2026-05-21,Active
CUST003345,Caleb,Oliver,Female,1961-12-29,caleb.oliver@outlook.com,0207572818,New York,New York,United States,Silver,2026-06-27,Inactive
CUST003346,Daniel,Gray,Female,2007-10-29,daniel.gray@gmail.com,7760775150,Singapore,Singapore,Singapore,Silver,2021-12-22,Inactive
CUST003347,Thomas,Keller,Male,1966-08-31,thomas.keller@hotmail.com,3928747218,Chennai,Tamil Nadu,India,Platinum,2023-09-01,Inactive
CUST003348,Gregory,Moore,Male,2004-02-19,gregory.moore@hotmail.com,6438776393,Bengaluru,Karnataka,India,Platinum,2023-03-10,Active
CUST003349,Abigail,Summers,Male,2006-08-04,abigail.summers@gmail.com,4269271297,London,England,United Kingdom,Silver,2022-11-11,Inactive
CUST003350,Scott,Flores,Female,1962-01-24,scott.flores@gmail.com,1619548407,Sydney,New South Wales,Australia,Diamond,2023-02-01,Inactive
CUST003351,Alyssa,Wells,Male,1985-05-10,alyssa.wells@outlook.com,3431159488,Delhi,Delhi,India,Platinum,2024-06-12,Active
CUST003352,Heather,Simmons,Male,1987-07-31,heather.simmons@outlook.com,2435472995,Singapore,Singapore,Singapore,Diamond,2023-05-23,Inactive
CUST003353,Alexandra,Huang,Male,1964-04-08,abc@,9844337355,London,England,United Kingdom,Silver,2022-03-28,Inactive
CUST003354,Katelyn,Graves,Female,1964-05-25,katelyn.graves@outlook.com,2337235483,Mumbai,Maharashtra,India,Diamond,2022-11-27,Inactive
CUST003355,Brooke,Romero,Female,1970-06-11,brooke.romero@gmail.com,7891101623,Bengaluru,Karnataka,India,Platinum,2022-01-04,Active
CUST003356,Heather,Wilson,Male,1992-04-05,heather.wilson@yahoo.com,1672521759,London,England,United Kingdom,Diamond,2024-06-29,Inactive
CUST003357,Edward,Webb,Female,1989-03-05,edward.webb@yahoo.com,4638439479,Dubai,Dubai,UAE,Platinum,2022-12-23,Active
CUST003358,Derek,Terry,Male,1983-07-08,derek.terry@gmail.com,0505786208,Delhi,Delhi,India,Diamond,2024-05-07,Active
CUST003359,Monica,Franco,Female,2002-10-30,monica.franco@gmail.com,1144525690,Bengaluru,Karnataka,India,Gold,2022-08-10,Inactive
CUST003360,Adam,Salazar,Female,1961-06-09,adam.salazar@yahoo.com,8507479287,HYDERABAD,Telangana,India,Diamond,2021-10-04,Inactive
CUST003361,Kelly,Kim,Female,1978-02-14,kelly.kim@gmail.com,9306488546,Bengaluru,Karnataka,India,Diamond,2023-09-21,Inactive
CUST003362,Victoria,Simpson,Female,1976-06-25,victoria.simpson@gmail.com,7772880823,Mumbai,Maharashtra,India,Silver,2023-12-21,Active
CUST003363,Alyssa,Gutierrez,Female,1983-01-22,alyssa.gutierrez@yahoo.com,5501295052,Hyderabad,Telangana,India,Diamond,2021-10-27,Inactive
CUST003364,Angela,Goodman,Male,1974-02-05,angela.goodman@yahoo.com,0870828493,Dubai,Dubai,UAE,Diamond,2023-05-27,Inactive
CUST003365,Kylie,Navarro,Male,1959-11-09,kylie.navarro@yahoo.com,7062980296,Hyderabad,Telangana,India,Platinum,2025-12-10,Active
CUST003366,Michelle,Smith,Male,1955-11-05,michelle.smith@yahoo.com,3119761806,Bengaluru,Karnataka,India,Platinum,2026-05-07,Inactive
CUST003367,Carlos,West,Female,1994-08-28,carlos.west@hotmail.com,5642617853,Singapore,Singapore,Singapore,Platinum,2021-11-09,Active
CUST003368,Katherine,Tran,Male,1983-01-13,katherine.tran@gmail.com,5939763963,London,England,United Kingdom,Silver,2022-11-28,Active
CUST003369,Rebecca,Chen,Male,1974-04-23,rebecca.chen@yahoo.com,6232533678,Delhi,Delhi,India,Diamond,2025-06-18,Inactive
CUST003370,Stephen,Joseph,Female,1976-06-20,stephen.joseph@gmail.com,9151159026,Singapore,Singapore,Singapore,Silver,2024-04-20,Inactive
CUST003371,Richard,Humphrey,Male,1999-05-16,richard.humphrey@outlook.com,6303600491,Dubai,Dubai,UAE,Gold,2025-07-18,Active
CUST003372,Derek,Wilson,Male,1962-08-20,derek.wilson@outlook.com,4060316133,Singapore,Singapore,Singapore,Platinum,2022-02-20,Inactive
CUST003373,Sandra,Cunningham,Male,1974-10-21,sandra.cunningham@hotmail.com,3316967496,London,England,United Kingdom,Silver,2023-03-30,Inactive
CUST003374,Ana,Henderson,Male,2001-08-11,ana.henderson@yahoo.com,3889678846,MUMBAI,Maharashtra,India,Platinum,2024-06-08,Active
CUST003375,David,Sosa,Female,1998-08-08,david.sosa@outlook.com,5051612358,Hyderabad,Telangana,India,Gold,2025-09-04,Active
CUST003376,Sherry,Richardson,Male,1986-03-29,sherry.richardson@yahoo.com,3050910156,New York,New York,United States,Gold,2022-06-22,Inactive
CUST003377,Chase,Golden,Male,1960-07-25,chase.golden@outlook.com,5339799561,Chennai,Tamil Nadu,India,Gold,2025-02-28,Inactive
CUST003378,Kathy,Zhang,Female,1991-05-31,kathy.zhang@gmail.com,0618344120,Bengaluru,Karnataka,India,Silver,2022-07-07,Active
CUST003379,Amanda,Gutierrez,Female,1965-07-25,amanda.gutierrez@hotmail.com,6560786621,Dubai,Dubai,UAE,Platinum,2022-05-23,Inactive
CUST003380,Dennis,Stephens,Female,1997-12-19,dennis.stephens@outlook.com,7193573231,Dubai,Dubai,UAE,Diamond,2026-04-12,Inactive
CUST003381,Teresa,Edwards,Female,1959-05-14,teresa.edwards@yahoo.com,4998463794,Mumbai,Maharashtra,India,Gold,2022-10-11,Inactive
CUST003382,Derek,Oconnor,Male,1993-11-11,derek.oconnor@outlook.com,9167719784,London,England,United Kingdom,Platinum,2023-06-09,Active
CUST003383,Sarah,Cox,Female,1985-08-06,sarah.cox@outlook.com,8614799820,London,England,United Kingdom,Diamond,2025-10-26,Active
CUST003384,Jessica,Norman,Female,1957-01-10,,5088574077,Hyderabad,Telangana,India,Platinum,2023-09-21,Inactive
CUST003385,Robert,Becker,Male,1979-07-23,robert.becker@gmail.com,4126290587,Delhi,Delhi,India,Gold,2025-08-13,Active
CUST003386,Matthew,Simmons,Male,2007-10-28,matthew.simmons@hotmail.com,3044062730,Mumbai,Maharashtra,India,Diamond,2021-08-01,Active
CUST003387,Christopher,Cox,Female,2007-09-04,christopher.cox@yahoo.com,1262749166,Mumbai,Maharashtra,India,Platinum,2024-10-21,Inactive
CUST003388,Tiffany,Thompson,Male,2001-08-25,tiffany.thompson@yahoo.com,6935296238,Sydney,New South Wales,Australia,Platinum,2023-03-23,Active
CUST003389,Kristine,Smith,Male,1983-03-20,###@gmail.com,2886127595,Bengaluru,Karnataka,India,Gold,2022-03-29,Active
CUST003390,Clifford,Stewart,Female,2000-07-19,clifford.stewart@yahoo.com,4834333130,Chennai,Tamil Nadu,India,Gold,2025-06-03,Active
CUST003391,Michael,Johnson,Male,1974-12-08,michael.johnson@gmail.com,9003328281,Mumbai,Maharashtra,India,Silver,2023-06-08,Inactive
CUST003392,Thomas,White,Male,1998-08-28,thomas.white@hotmail.com,5948472410,Chennai,Tamil Nadu,India,Silver,2024-09-01,Active
CUST003393,Patrick,Carroll,Female,1974-12-30,patrick.carroll@outlook.com,6202220810,Sydney,New South Wales,Australia,Platinum,2022-10-21,Inactive
CUST003394,Sherry,Lyons,Female,1980-09-27,sherry.lyons@yahoo.com,9561495012, Dubai,Dubai,UAE,Silver,2023-05-15,Active
CUST003395,Elizabeth,Taylor,Female,1996-03-19,elizabeth.taylor@yahoo.com,9415505697,New York,New York,United States,Gold,2024-03-14,Inactive
CUST003396,Rachel,Roberson,Male,1967-10-07,rachel.roberson@outlook.com,0116865110,Hyderabad,Telangana,India,Platinum,2021-12-19,Inactive
CUST003397,Robert,Brown,Male,2000-09-24,robert.brown@outlook.com,9390908289,London,England,United Kingdom,Diamond,2025-11-07,Inactive
CUST003398,William,Palmer,Male,1961-12-19,william.palmer@gmail.com,9923919176,Delhi,Delhi,India,Platinum,2024-04-27,Active
CUST003399,Marcus,Ferguson,Male,1967-10-01,marcus.ferguson@hotmail.com,1187754569,Sydney,New South Wales,Australia,Platinum,2022-10-07,Inactive
CUST003400,Brianna,Stevens,Male,1955-11-04,brianna.stevens@hotmail.com,8249575957,London,England,United Kingdom,Gold,2021-11-01,Active
CUST003401,Derek,Hubbard,Male,1956-12-09,derek.hubbard@outlook.com,1780268822,Sydney,New South Wales,Australia,Platinum,2024-09-27,Active
CUST003402,Mark,Mccall,Male,1987-08-14,mark.mccall@outlook.com,2094465409,Bengaluru,Karnataka,India,Silver,2025-07-04,Active
CUST003403,Thomas,Johns,Female,1985-06-17,thomas.johns@yahoo.com,1117385934,London,England,United Kingdom,Gold,2022-03-27,Active
CUST003404,Mathew,Klein,Male,1996-08-22,mathew.klein@outlook.com,5849846333,Delhi,Delhi,India,Gold,2025-03-01,Active
CUST003405,John,Stout,Male,2001-12-04,john.stout@hotmail.com,3942326508,Mumbai,Maharashtra,India,Platinum,2026-01-14,Inactive
CUST003406,Ashley,Pearson,Female,2008-01-31,,6375859310,Hyderabad,Telangana,India,Silver,2023-12-23,Inactive
CUST003407,Eric,Johnson,Male,2007-08-06,eric.johnson@outlook.com,3229668451,Mumbai,Maharashtra,India,Platinum,2025-07-31,Active
CUST003408,Bill,Garcia,Male,1961-02-25,bill.garcia@hotmail.com,3054204018,Dubai,Dubai,UAE,Diamond,2025-11-17,Active
CUST003409,Kimberly,Mendoza,Female,1968-08-14,john@gmail,1774619543,Sydney,New South Wales,Australia,Diamond,2024-12-11,Active
CUST003410,Casey,Riddle,Male,2002-05-11,casey.riddle@gmail.com,0548044138,Hyderabad,Telangana,India,Platinum,2025-06-24,Inactive
CUST003411,Judy,Moreno,Male,1963-03-29,judy.moreno@outlook.com,2987918982,London,England,United Kingdom,Silver,2024-02-19,Active
CUST003412,Angela,Gentry,Female,1973-04-11,angela.gentry@yahoo.com,8802043930,Hyderabad ,Telangana,India,Silver,2021-08-01,Active
CUST003413,Robert,Barnett,Female,1977-04-14,abc@,7445484160,Mumbai,Maharashtra,India,Gold,2025-10-24,Inactive
CUST003414,Rachel,Campbell,Female,1966-04-22,rachel.campbell@hotmail.com,5471978434,Sydney,New South Wales,Australia,Diamond,2026-06-22,Inactive
CUST003415,Christopher,Evans,Male,1966-07-15,christopher.evans@outlook.com,0390245750,Dubai,Dubai,UAE,Silver,2025-05-15,Active
CUST003416,Jennifer,Kelly,Female,1972-05-31,jennifer.kelly@gmail.com,0192081448,Singapore,Singapore,Singapore,Gold,2025-01-03,Inactive
CUST003417,Kimberly,Butler,Female,1977-04-04,kimberly.butler@yahoo.com,1283751769,Mumbai,Maharashtra,India,Platinum,2024-01-17,Inactive
CUST003418,Kayla,Juarez,Female,2004-11-17,kayla.juarez@yahoo.com,6472176334,Sydney,New South Wales,Australia,Diamond,2025-04-14,Inactive
CUST003419,Kayla,Burns,Female,1993-09-09,abc@,2786691403,Bengaluru,Karnataka,India,Silver,2024-11-06,Active
CUST003420,Diane,Maxwell,Female,2004-03-28,diane.maxwell@gmail.com,3581482069,Dubai,Dubai,UAE,Gold,2023-12-07,Inactive
CUST003421,April,Hudson,Female,1987-08-07,april.hudson@outlook.com,7988664852,Sydney,New South Wales,Australia,Gold,2022-04-12,Active
CUST003422,Timothy,Henry,Male,2004-07-12,timothy.henry@yahoo.com,3758356394,Delhi,Delhi,India,Gold,2025-10-01,Inactive
CUST003423,Daniel,Phillips,Female,1985-02-20,daniel.phillips@yahoo.com,4180803959,London,England,United Kingdom,Silver,2023-01-01,Inactive
CUST003424,Jenna,Mayer,Female,1981-09-21,jenna.mayer@gmail.com,9062424916,Chennai,Tamil Nadu,India,Platinum,2023-05-05,Active
CUST003425,Raymond,Cameron,Male,1995-06-10,raymond.cameron@yahoo.com,3441894825,Delhi,Delhi,India,Diamond,2025-08-08,Inactive
CUST003426,Christopher,Kramer,Male,1963-04-23,christopher.kramer@outlook.com,1932042507,Delhi,Delhi,India,Silver,2022-02-17,Active
CUST003427,Dana,Perkins,Female,1956-10-17,dana.perkins@hotmail.com,8247906829,Chennai,Tamil Nadu,India,Silver,2022-01-26,Active
CUST003428,John,Blankenship,Female,1974-08-09,john.blankenship@yahoo.com,8430714013,London,England,United Kingdom,Platinum,2021-10-05,Active
CUST003429,Randall,Blevins,Female,1959-04-09,randall.blevins@hotmail.com,6551661381,Delhi,Delhi,India,Gold,2023-06-14,Active
CUST003430,Carly,Salazar,Male,1979-08-30,carly.salazar@outlook.com,8134246368,Mumbai ,Maharashtra,India,Gold,2022-06-04,Inactive
CUST003431,Manuel,Patterson,Female,1990-09-20,manuel.patterson@outlook.com,0201082777,Sydney,New South Wales,Australia,Diamond,2021-10-25,Active
CUST003432,Taylor,Jones,Female,1961-06-17,taylor.jones@yahoo.com,3135766191,Mumbai,Maharashtra,India,Diamond,2025-04-26,Inactive
CUST003433,Gary,Cunningham,Male,1986-06-16,gary.cunningham@hotmail.com,,London,England,United Kingdom,Silver,2025-04-14,Active
CUST003434,Amy,Price,Male,1971-10-10,amy.price@hotmail.com,2014209245,Delhi,Delhi,India,Platinum,2026-04-24,Active
CUST003435,Juan,Wallace,Male,1984-07-19,juan.wallace@hotmail.com,1154466429,New York,New York,United States,Silver,2022-12-14,Active
CUST003436,Lisa,Stewart,Male,1966-02-02,lisa.stewart@hotmail.com,9117260954,Bengaluru,Karnataka,India,Diamond,2026-07-23,Inactive
CUST003437,Erin,French,Female,1957-04-04,erin.french@hotmail.com,5214062234,Hyderabad,Telangana,India,Diamond,2023-06-04,Active
CUST003438,Christopher,Medina,Male,1995-01-16,christopher.medina@gmail.com,1258852436,Singapore,Singapore,Singapore,Gold,2022-02-03,Inactive
CUST003439,Patricia,Cooper,Male,1967-02-24,patricia.cooper@hotmail.com,3619983096,Hyderabad,Telangana,India,Gold,2023-12-06,Active
CUST003440,Jennifer,Holt,Male,1987-06-19,jennifer.holt@gmail.com,0036703207,London,England,United Kingdom,Diamond,2022-06-27,Active
CUST003441,Bradley,Hutchinson,Male,1996-05-26,bradley.hutchinson@hotmail.com,0222010321,Hyderabad,Telangana,India,Diamond,2025-05-17,Active
CUST003442,Jacob,Weaver,Female,1971-12-23,jacob.weaver@outlook.com,3261645056,Mumbai,Maharashtra,India,Gold,2023-05-22,Inactive
CUST003443,Tony,Villanueva,Female,1990-06-22,tony.villanueva@outlook.com,7450719405,Mumbai,Maharashtra,India,Diamond,2023-06-05,Active
CUST003444,Billy,Crosby,Male,1963-08-13,billy.crosby@outlook.com,6398775435,Mumbai,Maharashtra,India,Diamond,2023-11-05,Active
CUST003445,Michael,Jones,Male,1956-10-31,michael.jones@gmail.com,7597513919,Hyderabad,Telangana,India,Diamond,2022-10-12,Inactive
CUST003446,John,Anderson,Male,1988-12-18,john.anderson@outlook.com,4978780116,Chennai,Tamil Nadu,India,Silver,2022-10-28,Active
CUST003447,Ashley,Gomez,Male,1962-11-21,ashley.gomez@outlook.com,4634848493,Singapore,Singapore,Singapore,Diamond,2021-08-21,Inactive
CUST003448,Jason,Conner,Female,2001-10-05,jason.conner@outlook.com,2466269642,Dubai,Dubai,UAE,Gold,2023-06-06,Inactive
CUST003449,Jacqueline,Thompson,Female,1981-01-16,jacqueline.thompson@gmail.com,1394062531,Hyderabad,Telangana,India,Silver,2022-08-26,Inactive
CUST003450,Darlene,Nichols,Male,1983-09-17,darlene.nichols@hotmail.com,,Sydney,New South Wales,Australia,Diamond,2023-04-03,Inactive
CUST003451,Andrea,Waters,Male,1977-01-06,,3163703936,Hyderabad,Telangana,India,Silver,2024-10-18,Inactive
CUST003452,Jeff,Wong,Female,1964-03-23,jeff.wong@outlook.com,0681045333,London,England,United Kingdom,Gold,2021-11-14,Inactive
CUST003453,James,Dunlap,Male,1980-05-15,james.dunlap@hotmail.com,8579711507,Dubai,Dubai,UAE,Gold,2025-11-04,Active
CUST003454,Laura,Hampton,Male,2002-06-17,,0522236414,Dubai,Dubai,UAE,Platinum,2023-08-17,Inactive
CUST003455,Ashley,Rodriguez,Female,2001-09-29,ashley.rodriguez@hotmail.com,8573097067,London,England,United Kingdom,Silver,2021-08-10,Inactive
CUST003456,Rebecca,Stokes,Male,1960-01-02,rebecca.stokes@gmail.com,2527460011,Mumbai,Maharashtra,India,Silver,2025-05-12,Inactive
CUST003457,Kristen,Jimenez,Female,1970-12-26,kristen.jimenez@outlook.com,1283236463,Singapore,Singapore,Singapore,Platinum,2022-03-03,Active
CUST003458,Brenda,Cooper,Male,1973-05-25,abc@,2817795445,Chennai,Tamil Nadu,India,Silver,2022-11-26,Inactive
CUST003459,Brenda,Torres,Male,2000-03-06,brenda.torres@outlook.com,6289713860,Singapore,Singapore,Singapore,Diamond,2026-07-09,Active
CUST003460,Cynthia,Hines,Female,1996-06-28,cynthia.hines@outlook.com,4772482703,Mumbai,Maharashtra,India,Silver,2022-04-13,Active
CUST003461,Sheena,Hamilton,Female,1995-07-20,sheena.hamilton@hotmail.com,0207359544,Bengaluru,Karnataka,India,Platinum,2023-12-24,Active
CUST003462,Regina,Hall,Female,1966-06-26,regina.hall@outlook.com,4020969477,Mumbai,Maharashtra,India,Gold,2024-01-23,Inactive
CUST003463,George,Gould,Female,2008-05-24,george.gould@gmail.com,3586022952,Dubai,Dubai,UAE,Platinum,2024-12-18,Inactive
CUST003464,Frederick,Wilson,Female,1996-02-25,frederick.wilson@outlook.com,8269539463,Dubai,Dubai,UAE,Diamond,2023-05-02,Active
CUST003465,Jill,White,Female,2002-02-24,jill.white@hotmail.com,0454213803,Hyderabad,Telangana,India,Platinum,2025-02-14,Active
CUST003466,Alexis,Livingston,Male,2006-06-13,alexis.livingston@outlook.com,5422329922,Mumbai,Maharashtra,India,Diamond,2022-02-01,Inactive
CUST003467,Frank,Greene,Male,1974-03-16,frank.greene@outlook.com,2469517170,Mumbai,Maharashtra,India,Platinum,2023-12-12,Inactive
CUST003468,George,Thompson,Female,1969-05-17,george.thompson@yahoo.com,0422442948,London,England,United Kingdom,Diamond,2025-12-23,Active
CUST003469,Thomas,Day,Male,1963-02-25,thomas.day@gmail.com,0493497425,Delhi,Delhi,India,Gold,2024-03-13,Active
CUST003470,Aaron,Austin,Female,1961-02-22,aaron.austin@hotmail.com,9372530075,Dubai,Dubai,UAE,Platinum,2022-06-17,Active
CUST003471,Richard,Schmidt,Female,1959-06-03,richard.schmidt@yahoo.com,1394897108,Dubai,Dubai,UAE,Platinum,2023-12-03,Active
CUST003472,Susan,Cook,Male,1977-08-19,susan.cook@gmail.com,1991960100,Mumbai,Maharashtra,India,Platinum,2023-11-13,Inactive
CUST003473,Pamela,Harrison,Female,1970-10-06,pamela.harrison@yahoo.com,8688906202,Dubai,Dubai,UAE,Gold,2023-03-13,Active
CUST003474,Stephanie,Watson,Male,1988-09-22,stephanie.watson@gmail.com,3218244049,London,England,United Kingdom,Platinum,2024-11-29,Inactive
CUST003475,Sara,Walsh,Male,1966-08-23,sara.walsh@yahoo.com,4638255913,Sydney,New South Wales,Australia,Platinum,2021-09-15,Inactive
CUST003476,Michael,Mcdonald,Male,2005-07-06,michael.mcdonald@gmail.com,0415321360,Dubai,Dubai,UAE,Diamond,2022-11-03,Inactive
CUST003477,Kimberly,Johnson,Male,2003-11-03,kimberly.johnson@hotmail.com,4136531558,Bengaluru,Karnataka,India,Gold,2021-08-27,Active
CUST003478,Amber,Mcgee,Male,1999-10-01,amber.mcgee@outlook.com,0118000757,New York,New York,United States,Silver,2025-06-20,Inactive
CUST003479,Angela,Webb,Male,1971-09-16,angela.webb@yahoo.com,4240276499,Delhi,Delhi,India,Diamond,2021-08-10,Active
CUST003480,Alexis,Robinson,Female,1956-11-09,alexis.robinson@outlook.com,6435105027,Sydney,New South Wales,Australia,Diamond,2023-08-08,Inactive
CUST003481,Deborah,Daniel,Female,1979-06-19,deborah.daniel@outlook.com,3781953596,Mumbai,Maharashtra,India,Diamond,2021-10-28,Active
CUST003482,Marissa,Stout,Male,1983-05-20,marissa.stout@outlook.com,3266302250,Mumbai,Maharashtra,India,Diamond,2023-12-13,Active
CUST003483,Nicholas,Mathis,Male,1976-08-19,nicholas.mathis@hotmail.com,8863669753,Mumbai,Maharashtra,India,Gold,2024-04-18,Active
CUST003484,Lisa,Simmons,Male,1989-12-09,lisa.simmons@outlook.com,0901331113,Delhi,Delhi,India,Gold,2021-12-09,Inactive
CUST003485,Jonathan,French,Male,1977-01-21,jonathan.french@gmail.com,7265663190,Mumbai,Maharashtra,India,Gold,2026-03-14,Active
CUST003486,Jennifer,Edwards,Female,1972-09-24,jennifer.edwards@hotmail.com,8725729760,Mumbai,Maharashtra,India,Diamond,2025-04-06,Active
CUST003487,Andrew,Matthews,Male,1961-03-26,andrew.matthews@gmail.com,3689017532,New York,New York,United States,Platinum,2025-08-01,Active
CUST003488,James,Brown,Female,1998-09-18,james.brown@outlook.com,2193047916,Singapore,Singapore,Singapore,Diamond,2025-07-15,Active
CUST003489,Destiny,Greene,Female,1964-05-30,destiny.greene@outlook.com,1121809647,Sydney,New South Wales,Australia,Silver,2021-11-09,Active
CUST003490,Michael,Diaz,Male,2000-07-11,michael.diaz@yahoo.com,4703333706,Chennai,Tamil Nadu,India,Platinum,2024-08-12,Inactive
CUST003491,Greg,Garcia,Female,2007-02-02,greg.garcia@outlook.com,0308077210,Hyderabad,Telangana,India,Silver,2021-09-14,Active
CUST003492,Tammy,Mcguire,Male,1966-05-28,tammy.mcguire@gmail.com,6486634539,Mumbai,Maharashtra,India,Gold,2022-02-11,Inactive
CUST003493,Joshua,Gonzalez,Female,1992-12-26,joshua.gonzalez@yahoo.com,0310970936,Mumbai,Maharashtra,India,Gold,2023-09-06,Inactive
CUST003494,Steven,Valencia,Female,1955-10-20,steven.valencia@hotmail.com,1555630199,London,England,United Kingdom,Gold,2023-10-12,Inactive
CUST003495,Ashley,Reyes,Male,2002-08-09,ashley.reyes@gmail.com,4591873927,Bengaluru,Karnataka,India,Diamond,2023-01-12,Inactive
CUST003496,Christopher,Brown,Female,1965-01-31,christopher.brown@hotmail.com,7884717440,Dubai,Dubai,UAE,Silver,2022-04-12,Inactive
CUST003497,Tiffany,Grant,Male,2001-10-20,###@gmail.com,0996864234,Mumbai,Maharashtra,India,Gold,2025-07-09,Inactive
CUST003498,Jennifer,Bowman,Female,1974-09-17,jennifer.bowman@gmail.com,1570602363,London,England,United Kingdom,Silver,2022-09-26,Inactive
CUST003499,Stacy,Cervantes,Female,2003-10-22,stacy.cervantes@hotmail.com,1864735221,Bengaluru,Karnataka,India,Silver,2025-08-14,Active
CUST003500,Sherry,Brown,Male,1976-10-08,sherry.brown@hotmail.com,9231716487,New York,New York,United States,Silver,2025-12-15,Inactive
CUST003501,Alexis,Diaz,Male,1979-12-04,alexis.diaz@outlook.com,,Dubai,Dubai,UAE,Platinum,2024-08-30,Active
CUST003502,Sarah,Wilson,Female,1984-07-20,sarah.wilson@yahoo.com,7558442520,Sydney,New South Wales,Australia,Gold,2021-12-27,Active
CUST003503,Martin,Schneider,Female,1984-04-13,martin.schneider@hotmail.com,4939826087,Sydney,New South Wales,Australia,Gold,2023-07-22,Active
CUST003504,David,Moore,Female,1978-10-01,david.moore@yahoo.com,3196193207,Sydney,New South Wales,Australia,Diamond,2023-06-16,Inactive
CUST003505,Susan,Hill,Female,1997-09-02,susan.hill@yahoo.com,8601716590,Singapore,Singapore,Singapore,Silver,2021-08-26,Active
CUST003506,William,Patrick,Male,2007-08-25,william.patrick@gmail.com,1110764875, New York,New York,United States,Gold,2024-04-12,Active
CUST003507,Beverly,Cook,Female,1968-07-04,beverly.cook@outlook.com,2942433832,Mumbai,Maharashtra,India,Gold,2024-10-13,Inactive
CUST003508,Joshua,Hall,Female,2007-05-29,joshua.hall@outlook.com,9841740019,Hyderabad,Telangana,India,Gold,2026-04-19,Inactive
CUST003509,Natalie,Mills,Female,1985-07-26,natalie.mills@gmail.com,8899336661,Singapore,Singapore,Singapore,Platinum,2024-12-08,Active
CUST003510,Pamela,Weiss,Male,1976-08-13,pamela.weiss@yahoo.com,5411365522,Sydney,New South Wales,Australia,Platinum,2021-09-22,Active
CUST003511,Ashley,Jordan,Female,1968-12-12,ashley.jordan@outlook.com,5399366442,Singapore,Singapore,Singapore,Platinum,2023-04-04,Active
CUST003512,Sheila,Shields,Male,2004-01-18,sheila.shields@yahoo.com,4649564775,Delhi,Delhi,India,Diamond,2025-12-27,Inactive
CUST003513,Bonnie,Baker,Male,1973-11-04,bonnie.baker@yahoo.com,6518159839,Dubai,Dubai,UAE,Silver,2026-01-01,Inactive
CUST003514,Kimberly,Ferguson,Female,1977-11-05,kimberly.ferguson@yahoo.com,6941109945,Chennai,Tamil Nadu,India,Silver,2022-05-22,Inactive
CUST003515,Christopher,Carr,Female,1979-08-20,christopher.carr@hotmail.com,,Hyderabad,Telangana,India,Silver,2026-02-03,Inactive
CUST003516,Sheila,Ortiz,Female,1962-09-24,sheila.ortiz@yahoo.com,1529237971,Delhi,Delhi,India,Platinum,2026-03-10,Active
CUST003517,Sylvia,Ortega,Female,1981-06-21,sylvia.ortega@yahoo.com,2294889941,Delhi,Delhi,India,Silver,2023-01-15,Inactive
CUST003518,Gary,Stewart,Male,1991-07-25,gary.stewart@hotmail.com,4220801996,New York,New York,United States,Platinum,2022-01-24,Inactive
CUST003519,Cynthia,Smith,Female,2002-07-18,cynthia.smith@hotmail.com,9781681565,Delhi,Delhi,India,Gold,2024-08-10,Inactive
CUST003520,Mark,Howard,Male,1958-10-09,mark.howard@outlook.com,2108635337,Delhi,Delhi,India,Gold,2023-07-30,Active
CUST003521,James,Wright,Female,1959-11-17,james.wright@hotmail.com,9891162414,Sydney,New South Wales,Australia,Platinum,2025-10-22,Inactive
CUST003522,Dennis,Lutz,Male,1987-03-20,dennis.lutz@yahoo.com,1239746466,Delhi,Delhi,India,Gold,2023-06-26,Inactive
CUST003523,Michael,Pruitt,Male,2002-11-07,michael.pruitt@gmail.com,0761389047,Sydney,New South Wales,Australia,Gold,2025-04-18,Inactive
CUST003524,Gabriel,Bishop,Male,2004-06-09,gabriel.bishop@gmail.com,9860154394,Hyderabad,Telangana,India,Diamond,2023-07-08,Inactive
CUST003525,Ashley,Kelly,Male,2003-06-28,ashley.kelly@outlook.com,1965416956,Chennai,Tamil Nadu,India,Diamond,2026-01-09,Active
CUST003526,Mark,Mccarty,Male,1967-03-16,mark.mccarty@gmail.com,4381666907,Hyderabad,Telangana,India,Diamond,2022-08-18,Inactive
CUST003527,Ronnie,Howell,Female,1999-01-26,ronnie.howell@outlook.com,1216165363,Hyderabad,Telangana,India,Diamond,2024-01-19,Active
CUST003528,Albert,Bailey,Female,1966-10-23,albert.bailey@yahoo.com,7542289160,Bengaluru,Karnataka,India,Diamond,2023-12-02,Inactive
CUST003529,Alexander,Sanders,Female,1975-04-27,alexander.sanders@gmail.com,4390956887,Sydney,New South Wales,Australia,Platinum,2024-11-20,Active
CUST003530,Kurt,Reese,Male,1999-09-22,kurt.reese@yahoo.com,5229164187,Bengaluru,Karnataka,India,Silver,2021-12-29,Inactive
CUST003531,Autumn,Smith,Female,1974-02-10,autumn.smith@outlook.com,5937782511,Delhi,Delhi,India,Silver,2023-08-29,Active
CUST003532,Jonathan,Weber,Male,1990-11-07,jonathan.weber@outlook.com,7698852439,Delhi,Delhi,India,Silver,2023-10-22,Active
CUST003533,Rachel,Wells,Female,1986-08-13,rachel.wells@yahoo.com,4470342071,Chennai,Tamil Nadu,India,Platinum,2022-06-01,Active
CUST003534,Christopher,Walker,Male,1960-09-29,christopher.walker@gmail.com,1400370665,London,England,United Kingdom,Diamond,2025-03-21,Inactive
CUST003535,Natalie,Martin,Male,1988-06-20,natalie.martin@hotmail.com,3349837730,Bengaluru,Karnataka,India,Diamond,2024-04-10,Active
CUST003536,Edgar,Hamilton,Male,1983-01-18,edgar.hamilton@outlook.com,7028340427,Bengaluru,Karnataka,India,Gold,2025-09-11,Active
CUST003537,Ann,Myers,Male,1998-11-04,ann.myers@gmail.com,9354662072,New York,New York,United States,Diamond,2024-06-26,Active
CUST003538,Yvonne,Cross,Female,1978-10-09,yvonne.cross@yahoo.com,1377710263,Delhi,Delhi,India,Gold,2021-10-31,Active
CUST003539,James,Pierce,Male,1977-05-21,james.pierce@outlook.com,1179868407,London,England,United Kingdom,Silver,2025-11-29,Active
CUST003540,Lindsey,Williams,Male,1990-11-18,lindsey.williams@outlook.com,7309456181,Sydney,New South Wales,Australia,Platinum,2026-03-30,Active
CUST003541,Holly,Simmons,Female,1990-04-14,holly.simmons@outlook.com,6996932134,Bengaluru,Karnataka,India,Silver,2026-05-29,Inactive
CUST003542,Bryan,Roach,Male,1990-02-05,bryan.roach@yahoo.com,4177300968,Chennai,Tamil Nadu,India,Gold,2022-07-06,Active
CUST003543,Jay,Silva,Female,1964-05-15,jay.silva@outlook.com,3551175931, Chennai,Tamil Nadu,India,Diamond,2024-03-02,Inactive
CUST003544,Ashley,Mills,Female,1969-05-25,ashley.mills@yahoo.com,0429855213,London,England,United Kingdom,Diamond,2026-03-26,Inactive
CUST003545,Kiara,Bowers,Male,1964-10-31,kiara.bowers@outlook.com,4104797462,Chennai,Tamil Nadu,India,Diamond,2024-07-25,Inactive
CUST003546,Lydia,Miller,Male,1956-07-14,lydia.miller@outlook.com,1906228071,Delhi,Delhi,India,Diamond,2021-07-29,Inactive
CUST003547,Tabitha,Newman,Male,2006-05-21,tabitha.newman@yahoo.com,7982435403,Sydney,New South Wales,Australia,Platinum,2025-12-20,Active
CUST003548,Erika,Greene,Male,1971-05-12,erika.greene@hotmail.com,9767170795,Bengaluru,Karnataka,India,Diamond,2026-06-17,Inactive
CUST003549,Angela,Johnson,Female,1987-01-18,angela.johnson@hotmail.com,1406942890,Bengaluru,Karnataka,India,Diamond,2022-06-19,Active
CUST003550,Steven,Hall,Male,1987-09-15,steven.hall@outlook.com,6591546696,Sydney,New South Wales,Australia,Diamond,2025-12-19,Active
CUST003551,Shawn,Hull,Male,1976-10-06,shawn.hull@hotmail.com,6364880822,Hyderabad,Telangana,India,Platinum,2026-03-05,Active
CUST003552,Julie,Gilbert,Female,2007-06-30,julie.gilbert@gmail.com,2448093305,Delhi,Delhi,India,Silver,2021-08-01,Active
CUST003553,Jenny,Smith,Female,1966-02-06,jenny.smith@yahoo.com,3181003400,New York,New York,United States,Gold,2025-12-15,Active
CUST003554,Mary,Weaver,Female,2004-09-26,mary.weaver@hotmail.com,1063107431,Bengaluru,Karnataka,India,Gold,2022-08-12,Active
CUST003555,Christy,Campbell,Female,2001-01-01,christy.campbell@hotmail.com,8215368032, Singapore,Singapore,Singapore,Diamond,2022-03-26,Active
CUST003556,Samantha,Lambert,Male,1967-04-14,samantha.lambert@gmail.com,1216018532,Delhi,Delhi,India,Silver,2022-06-05,Active
CUST003557,Samantha,Edwards,Female,1964-02-05,samantha.edwards@yahoo.com,3028498091,Singapore,Singapore,Singapore,Diamond,2021-08-25,Inactive
CUST003558,Gary,Martin,Female,1967-09-11,gary.martin@hotmail.com,4614340518,London,England,United Kingdom,Silver,2025-04-03,Inactive
CUST003559,Michael,Ortega,Female,2004-04-06,michael.ortega@yahoo.com,2070348080,New York,New York,United States,Silver,2022-03-12,Active
CUST003560,Johnny,King,Male,1969-10-01,johnny.king@outlook.com,9338174815,London,England,United Kingdom,Platinum,2021-11-03,Inactive
CUST003561,Heather,Woods,Female,1989-09-09,heather.woods@hotmail.com,6075038853,Chennai,Tamil Nadu,India,Silver,2025-10-08,Active
CUST003562,Shannon,Patterson,Female,1992-05-23,shannon.patterson@hotmail.com,9518593308,Dubai,Dubai,UAE,Silver,2024-08-23,Inactive
CUST003563,Andrea,Solis,Female,2003-11-06,andrea.solis@gmail.com,2616198421,London,England,United Kingdom,Gold,2023-09-02,Active
CUST003564,Jessica,Flynn,Male,1981-01-11,jessica.flynn@yahoo.com,5914889181,Bengaluru,Karnataka,India,Gold,2021-08-22,Inactive
CUST003565,James,Weber,Male,1963-11-18,james.weber@yahoo.com,2499505483,Bengaluru,Karnataka,India,Gold,2022-08-09,Inactive
CUST003566,John,Rush,Male,1968-06-13,john.rush@outlook.com,1434966682,Singapore,Singapore,Singapore,Silver,2025-08-30,Inactive
CUST003567,Kelly,Williams,Male,1996-01-31,kelly.williams@outlook.com,6017675127,Bengaluru,Karnataka,India,Silver,2026-03-18,Active
CUST003568,Lisa,Peterson,Male,1959-01-29,lisa.peterson@outlook.com,7026197892,London,England,United Kingdom,Platinum,2023-11-28,Inactive
CUST003569,James,Anderson,Male,1970-12-12,,3140981428,London,England,United Kingdom,Platinum,2023-01-29,Inactive
CUST003570,Paul,Mahoney,Female,1972-05-16,paul.mahoney@yahoo.com,5904733006,Hyderabad,Telangana,India,Platinum,2025-05-01,Active
CUST003571,Michael,Smith,Female,1986-02-19,michael.smith@hotmail.com,9136651326,Chennai,Tamil Nadu,India,Platinum,2023-07-02,Active
CUST003572,Rebecca,Dominguez,Female,1970-07-18,rebecca.dominguez@outlook.com,4409807302,Bengaluru,Karnataka,India,Gold,2023-08-21,Inactive
CUST003573,Douglas,Vincent,Male,1986-03-23,douglas.vincent@hotmail.com,0731577423,Bengaluru,Karnataka,India,Silver,2025-05-07,Inactive
CUST003574,Shannon,Vaughan,Male,1972-11-30,shannon.vaughan@hotmail.com,4192815564,Bengaluru,Karnataka,India,Platinum,2022-10-16,Inactive
CUST003575,James,Bullock,Male,1988-10-26,james.bullock@yahoo.com,1415739688,Singapore,Singapore,Singapore,Silver,2023-06-01,Active
CUST003576,Joan,Carr,Male,1961-12-28,joan.carr@gmail.com,1813871726,Bengaluru,Karnataka,India,Silver,2022-05-09,Active
CUST003577,Troy,Parrish,Female,1959-07-30,troy.parrish@yahoo.com,9274191984,New York,New York,United States,Platinum,2023-07-24,Active
CUST003578,Janice,Martinez,Male,1993-06-29,john@gmail,1393992638,Bengaluru,Karnataka,India,Gold,2023-11-30,Active
CUST003579,Joy,Scott,Male,1964-11-12,joy.scott@outlook.com,2505709643,Singapore,Singapore,Singapore,Diamond,2024-06-27,Inactive
CUST003580,Kathryn,Riggs,Male,1965-09-30,kathryn.riggs@yahoo.com,3747727368,New York,New York,United States,Platinum,2025-12-17,Active
CUST003581,Haley,Morris,Female,1999-02-01,haley.morris@hotmail.com,4530586303,Mumbai,Maharashtra,India,Platinum,2022-07-27,Inactive
CUST003582,Yolanda,Brown,Female,1973-05-30,yolanda.brown@outlook.com,9658973106,Chennai,Tamil Nadu,India,Gold,2022-10-21,Inactive
CUST003583,Ariana,Williamson,Male,1972-10-03,ariana.williamson@outlook.com,9517829616,Chennai,Tamil Nadu,India,Gold,2023-07-16,Inactive
CUST003584,Leonard,Mooney,Male,2001-04-21,leonard.mooney@outlook.com,9422284745,Chennai,Tamil Nadu,India,Silver,2022-05-12,Active
CUST003585,Sharon,George,Male,2003-11-25,sharon.george@gmail.com,5337655811,New York,New York,United States,Platinum,2022-10-11,Active
CUST003586,Stacey,Eaton,Male,1987-05-16,stacey.eaton@hotmail.com,7364431513,New York,New York,United States,Gold,2026-06-01,Inactive
CUST003587,Monica,Johnson,Female,1984-05-24,monica.johnson@yahoo.com,4947254995,Dubai,Dubai,UAE,Platinum,2023-05-08,Inactive
CUST003588,Bruce,Hamilton,Male,1975-12-10,bruce.hamilton@hotmail.com,8170078837,Singapore,Singapore,Singapore,Silver,2023-07-03,Inactive
CUST003589,John,Webb,Male,1991-02-10,john.webb@yahoo.com,5111138475,London,England,United Kingdom,Silver,2024-04-16,Active
CUST003590,David,Sims,Male,1987-03-30,david.sims@gmail.com,9586840729,Mumbai,Maharashtra,India,Silver,2022-02-22,Active
CUST003591,Matthew,Weber,Female,1971-01-22,matthew.weber@yahoo.com,6108329927,London,England,United Kingdom,Platinum,2023-09-24,Inactive
CUST003592,Kimberly,Moody,Male,1967-08-18,kimberly.moody@gmail.com,1769789045,Sydney,New South Wales,Australia,Silver,2025-11-15,Inactive
CUST003593,James,Montoya,Male,1992-03-24,james.montoya@gmail.com,6529951136,Chennai,Tamil Nadu,India,Diamond,2025-11-21,Active
CUST003594,Regina,Rodriguez,Male,1996-01-17,regina.rodriguez@yahoo.com,9578708003,Chennai ,Tamil Nadu,India,Diamond,2026-03-14,Inactive
CUST003595,Leslie,Mendez,Male,1970-05-29,leslie.mendez@hotmail.com,2439815014,Mumbai,Maharashtra,India,Gold,2026-03-25,Inactive
CUST003596,Aaron,Moran,Female,1965-11-16,aaron.moran@hotmail.com,7389082835,Chennai,Tamil Nadu,India,Gold,2022-09-09,Active
CUST003597,Alexandra,Hall,Female,1976-02-22,alexandra.hall@hotmail.com,9535707366,Delhi,Delhi,India,Gold,2026-06-06,Inactive
CUST003598,Paul,Williams,Male,2002-11-30,paul.williams@outlook.com,8681858725,Bengaluru,Karnataka,India,Gold,2023-09-27,Inactive
CUST003599,Mary,Conner,Male,1963-02-25,mary.conner@hotmail.com,3747246217,New York,New York,United States,Gold,2022-11-04,Inactive
CUST003600,Dominique,Torres,Male,1966-03-28,dominique.torres@hotmail.com,8139056354,New York,New York,United States,Platinum,2024-07-14,Active
CUST003601,Debbie,Knapp,Male,2006-02-11,debbie.knapp@outlook.com,1337706948,Mumbai,Maharashtra,India,Diamond,2022-02-15,Active
CUST003602,Derek,Campbell,Male,1958-01-08,derek.campbell@outlook.com,1509444382,Singapore,Singapore,Singapore,Platinum,2025-01-13,Active
CUST003603,Lisa,Lucas,Male,1959-01-10,lisa.lucas@gmail.com,7910246489,New York,New York,United States,Platinum,2024-11-19,Inactive
CUST003604,Emily,Perry,Female,1972-11-08,emily.perry@hotmail.com,7276253371,London,England,United Kingdom,Platinum,2024-06-07,Active
CUST003605,Clayton,Bishop,Female,1966-01-26,clayton.bishop@hotmail.com,1200443315,Bengaluru,Karnataka,India,Silver,2021-12-19,Inactive
CUST003606,Catherine,Berry,Female,1983-10-14,catherine.berry@gmail.com,0272035686,Hyderabad,Telangana,India,Gold,2025-08-05,Active
CUST003607,Ashley,Gray,Female,1998-03-19,ashley.gray@outlook.com,8555468608,Sydney,New South Wales,Australia,Diamond,2024-02-25,Active
CUST003608,Wendy,Torres,Male,1968-01-13,wendy.torres@outlook.com,9740803376,New York,New York,United States,Platinum,2025-04-12,Active
CUST003609,Jared,Robinson,Female,1978-06-05,jared.robinson@yahoo.com,8377970459,Singapore,Singapore,Singapore,Gold,2021-08-03,Active
CUST003610,Robert,Adams,Male,2000-05-01,robert.adams@outlook.com,3326645791,Delhi,Delhi,India,Diamond,2023-04-21,Active
CUST003611,Brendan,Garcia,Female,1998-04-29,brendan.garcia@hotmail.com,2986798277,Mumbai,Maharashtra,India,Silver,2023-08-24,Active
CUST003612,Justin,Hart,Female,1969-11-13,justin.hart@gmail.com,6480567858,Dubai,Dubai,UAE,Gold,2023-08-01,Active
CUST003613,Lisa,Hester,Female,2003-10-10,lisa.hester@outlook.com,6421301265,NEW YORK,New York,United States,Diamond,2022-08-28,Inactive
CUST003614,Brian,Thompson,Female,1966-11-13,brian.thompson@outlook.com,5552945321,Bengaluru,Karnataka,India,Platinum,2021-09-12,Active
CUST003615,Karina,Powell,Male,2006-09-13,karina.powell@yahoo.com,0143353917,Delhi,Delhi,India,Platinum,2025-03-28,Inactive
CUST003616,Mark,Morgan,Female,1992-03-17,mark.morgan@yahoo.com,3139797801,Dubai,Dubai,UAE,Gold,2026-07-08,Active
CUST003617,Julie,Green,Female,1956-05-18,julie.green@yahoo.com,4924989846,Delhi,Delhi,India,Diamond,2023-11-06,Inactive
CUST003618,Derek,Romero,Female,1961-01-11,derek.romero@gmail.com,9366228751,Sydney,New South Wales,Australia,Platinum,2025-11-28,Active
CUST003619,Alisha,Montes,Female,1975-07-07,alisha.montes@yahoo.com,4341274368,Mumbai,Maharashtra,India,Silver,2024-11-12,Inactive
CUST003620,Sharon,Cummings,Male,1970-05-22,sharon.cummings@outlook.com,6937808013,Hyderabad,Telangana,India,Gold,2021-11-10,Inactive
CUST003621,Elizabeth,Miller,Male,1963-11-27,elizabeth.miller@gmail.com,1178209388,Sydney,New South Wales,Australia,Silver,2024-10-23,Active
CUST003622,Jennifer,Miller,Male,1988-10-09,jennifer.miller@gmail.com,6696710599,Chennai,Tamil Nadu,India,Silver,2022-03-09,Active
CUST003623,Kari,Fowler,Male,1964-08-27,kari.fowler@outlook.com,3284560589,Chennai ,Tamil Nadu,India,Diamond,2026-05-21,Inactive
CUST003624,Scott,Donovan,Female,1974-09-08,scott.donovan@outlook.com,2490552989,Delhi,Delhi,India,Diamond,2022-04-25,Active
CUST003625,Angela,Mendez,Female,1995-06-28,angela.mendez@hotmail.com,7497861798,Singapore,Singapore,Singapore,Gold,2021-08-25,Inactive
CUST003626,Laurie,Huerta,Female,1964-09-04,laurie.huerta@gmail.com,5442803401,London,England,United Kingdom,Diamond,2026-05-20,Active
CUST003627,Chad,Odom,Male,1991-12-21,chad.odom@yahoo.com,1160790560,London,England,United Kingdom,Gold,2025-01-25,Inactive
CUST003628,Misty,Norton,Male,1959-05-09,misty.norton@gmail.com,0949753179,Chennai,Tamil Nadu,India,Platinum,2022-12-20,Inactive
CUST003629,Sarah,Wilson,Female,1990-09-18,sarah.wilson@outlook.com,7592095612,Singapore,Singapore,Singapore,Diamond,2026-05-16,Inactive
CUST003630,Joseph,Harrington,Male,1955-12-09,joseph.harrington@outlook.com,4191843298,Delhi,Delhi,India,Gold,2024-10-14,Active
CUST003631,Wesley,Barr,Male,2001-12-20,wesley.barr@yahoo.com,3043255970,New York,New York,United States,Gold,2024-05-08,Active
CUST003632,Brandon,Anderson,Female,2001-11-01,brandon.anderson@outlook.com,0574921444,London,England,United Kingdom,Gold,2025-04-15,Active
CUST003633,Juan,Mckee,Male,1983-06-09,juan.mckee@outlook.com,4463455237,Mumbai,Maharashtra,India,Silver,2024-02-06,Active
CUST003634,Lynn,Steele,Female,1971-04-16,lynn.steele@hotmail.com,2220259036,Singapore,Singapore,Singapore,Platinum,2025-02-11,Inactive
CUST003635,Bryan,Hogan,Female,1981-07-05,bryan.hogan@outlook.com,6774866138,Chennai,Tamil Nadu,India,Diamond,2025-09-24,Inactive
CUST003636,Ruben,Daniels,Female,1982-12-17,ruben.daniels@gmail.com,2987977062,Sydney,New South Wales,Australia,Gold,2023-09-24,Active
CUST003637,Andrea,Boyd,Male,1959-10-28,andrea.boyd@outlook.com,9542305146,LONDON,England,United Kingdom,Silver,2025-04-30,Inactive
CUST003638,Valerie,Lewis,Female,1966-01-26,valerie.lewis@outlook.com,9001639288,Hyderabad,Telangana,India,Diamond,2022-07-19,Inactive
CUST003639,John,Maxwell,Female,1960-05-16,john.maxwell@yahoo.com,5351981266,Sydney,New South Wales,Australia,Diamond,2026-02-08,Inactive
CUST003640,Alan,Foster,Female,1978-01-16,alan.foster@yahoo.com,7103914915,Chennai,Tamil Nadu,India,Platinum,2024-01-24,Active
CUST003641,Ronald,Smith,Male,1993-05-22,ronald.smith@outlook.com,9377420658,Delhi,Delhi,India,Silver,2023-08-23,Inactive
CUST003642,Krista,Torres,Female,2001-11-10,krista.torres@outlook.com,9021208829,London,England,United Kingdom,Gold,2025-08-22,Active
CUST003643,Randy,Brown,Male,1972-08-23,randy.brown@gmail.com,8460365411,Chennai,Tamil Nadu,India,Silver,2022-12-26,Inactive
CUST003644,Vernon,Parker,Female,1960-04-28,vernon.parker@gmail.com,4467281441,London,England,United Kingdom,Diamond,2024-09-15,Active
CUST003645,Michelle,Norman,Female,1978-03-14,michelle.norman@gmail.com,6342056896,Bengaluru,Karnataka,India,Silver,2024-12-31,Inactive
CUST003646,Brandon,Huffman,Male,1959-05-14,brandon.huffman@outlook.com,8178180792,Chennai,Tamil Nadu,India,Gold,2022-06-07,Active
CUST003647,John,Garcia,Female,1959-09-18,john.garcia@gmail.com,3043574404,Singapore,Singapore,Singapore,Diamond,2025-10-29,Inactive
CUST003648,Kristen,Melton,Male,1976-01-01,kristen.melton@outlook.com,6187471896,Bengaluru,Karnataka,India,Diamond,2023-05-04,Inactive
CUST003649,James,Salazar,Male,1957-04-30,james.salazar@gmail.com,8306369739,London,England,United Kingdom,Diamond,2026-04-29,Inactive
CUST003650,Jennifer,Taylor,Female,1970-05-24,jennifer.taylor@gmail.com,4478570513,Hyderabad,Telangana,India,Diamond,2026-03-16,Inactive
CUST003651,Bethany,Terry,Male,1998-08-10,bethany.terry@hotmail.com,9215589381,Mumbai,Maharashtra,India,Diamond,2023-07-02,Inactive
CUST003652,Kristi,Perez,Male,2005-05-31,,1018907672,Mumbai,Maharashtra,India,Gold,2024-07-27,Active
CUST003653,James,Donovan,Female,2007-03-20,james.donovan@gmail.com,6629129346,Sydney,New South Wales,Australia,Diamond,2025-05-31,Active
CUST003654,Marissa,Ward,Female,1986-06-09,marissa.ward@hotmail.com,9141922946,London,England,United Kingdom,Diamond,2025-02-19,Inactive
CUST003655,Scott,Mejia,Male,1967-04-23,scott.mejia@gmail.com,, Bengaluru,Karnataka,India,Silver,2025-07-04,Active
CUST003656,Jason,Browning,Male,1963-08-26,jason.browning@outlook.com,0965760564,Bengaluru,Karnataka,India,Diamond,2024-12-28,Active
CUST003657,Christopher,Rosario,Female,2008-03-22,christopher.rosario@yahoo.com,7604007497,London,England,United Kingdom,Silver,2022-04-03,Active
CUST003658,Crystal,Barrett,Female,1965-12-23,crystal.barrett@yahoo.com,0427481915,Singapore,Singapore,Singapore,Diamond,2022-12-05,Active
CUST003659,Kristin,Perez,Female,2006-05-30,kristin.perez@outlook.com,2388543050,DELHI,Delhi,India,Silver,2023-01-19,Active
CUST003660,Michael,Mosley,Male,1998-01-07,michael.mosley@outlook.com,7531268239,Dubai,Dubai,UAE,Platinum,2026-02-17,Inactive
CUST003661,Paul,Campbell,Female,1985-07-30,paul.campbell@gmail.com,1629781189,Sydney,New South Wales,Australia,Gold,2024-07-10,Active
CUST003662,Amanda,Roberts,Male,1984-12-02,amanda.roberts@hotmail.com,9322452293,Dubai,Dubai,UAE,Silver,2023-04-22,Active
CUST003663,Cynthia,Foster,Male,1989-10-11,cynthia.foster@hotmail.com,4305230156,Bengaluru,Karnataka,India,Platinum,2023-11-25,Inactive
CUST003664,Cynthia,Griffin,Female,1997-01-23,cynthia.griffin@gmail.com,7423346578,Mumbai,Maharashtra,India,Platinum,2021-09-09,Active
CUST003665,Scott,Campos,Male,1986-11-27,scott.campos@yahoo.com,7104268936,Bengaluru,Karnataka,India,Diamond,2024-04-16,Inactive
CUST003666,Nancy,Robinson,Female,1984-11-15,nancy.robinson@gmail.com,0707647252,Sydney,New South Wales,Australia,Silver,2025-09-12,Active
CUST003667,Scott,Everett,Male,1986-09-21,scott.everett@gmail.com,1302262359,Delhi,Delhi,India,Gold,2022-11-20,Inactive
CUST003668,Melissa,Leon,Male,1972-02-01,melissa.leon@outlook.com,7669155881,Bengaluru,Karnataka,India,Silver,2021-08-24,Inactive
CUST003669,Joel,Powers,Female,2008-01-10,joel.powers@yahoo.com,0568083036,Delhi,Delhi,India,Silver,2024-05-31,Active
CUST003670,Katie,Miller,Male,1978-07-29,katie.miller@yahoo.com,3916950248,Chennai,Tamil Nadu,India,Diamond,2024-10-20,Inactive
CUST003671,Melissa,Love,Female,1997-07-24,melissa.love@hotmail.com,5667419271,Chennai,Tamil Nadu,India,Platinum,2023-03-09,Active
CUST003672,Aaron,Ortiz,Male,1988-12-07,aaron.ortiz@hotmail.com,7132902182,Delhi,Delhi,India,Diamond,2022-09-19,Active
CUST003673,Carrie,Ramirez,Female,1992-11-04,carrie.ramirez@gmail.com,2246279953,Delhi,Delhi,India,Silver,2022-02-16,Active
CUST003674,Megan,Stephens,Male,1974-06-26,megan.stephens@outlook.com,2314752224,Sydney,New South Wales,Australia,Diamond,2025-03-26,Inactive
CUST003675,Andrea,Benson,Male,1985-04-02,andrea.benson@yahoo.com,9863924877,SYDNEY,New South Wales,Australia,Platinum,2022-04-16,Active
CUST003676,Crystal,Bailey,Male,1989-07-19,crystal.bailey@outlook.com,7462136498,Singapore,Singapore,Singapore,Gold,2023-02-21,Inactive
CUST003677,Phillip,Thomas,Male,2001-10-09,phillip.thomas@hotmail.com,2161565609,Sydney,New South Wales,Australia,Gold,2022-03-16,Inactive
CUST003678,Samuel,Griffin,Female,2006-07-10,samuel.griffin@outlook.com,8703588382,Chennai,Tamil Nadu,India,Platinum,2026-02-10,Inactive
CUST003679,Rachel,Anderson,Male,1994-12-17,rachel.anderson@hotmail.com,3074666594,New York,New York,United States,Platinum,2025-09-09,Inactive
CUST003680,Bradley,Townsend,Male,1983-08-08,bradley.townsend@outlook.com,8933162396,London,England,United Kingdom,Gold,2021-12-22,Inactive
CUST003681,Jillian,Smith,Male,1974-07-16,jillian.smith@yahoo.com,6152252917,Bengaluru,Karnataka,India,Silver,2024-07-12,Active
CUST003682,Jennifer,Smith,Male,1993-02-07,jennifer.smith@yahoo.com,1244991675,Delhi,Delhi,India,Gold,2024-09-07,Inactive
CUST003683,Sara,Mack,Female,1984-08-03,sara.mack@outlook.com,4986447240,Dubai,Dubai,UAE,Diamond,2024-05-21,Inactive
CUST003684,Patrick,Blake,Male,1976-05-31,patrick.blake@hotmail.com,4036667005,London,England,United Kingdom,Gold,2025-11-04,Inactive
CUST003685,Amanda,Smith,Female,1960-04-17,amanda.smith@hotmail.com,8982628631,Delhi,Delhi,India,Diamond,2021-11-08,Inactive
CUST003686,Linda,Morris,Male,1960-05-08,linda.morris@yahoo.com,8928158269,London,England,United Kingdom,Diamond,2026-04-15,Active
CUST003687,David,Russell,Female,1956-05-08,david.russell@outlook.com,0129789072,Dubai,Dubai,UAE,Gold,2025-01-15,Active
CUST003688,April,Smith,Female,1989-10-02,april.smith@yahoo.com,5066364800,Dubai,Dubai,UAE,Diamond,2022-05-05,Inactive
CUST003689,Jerry,Long,Male,2003-11-01,jerry.long@yahoo.com,6168830784,Singapore,Singapore,Singapore,Platinum,2025-06-26,Inactive
CUST003690,Monique,Irwin,Female,2000-06-20,monique.irwin@hotmail.com,2228562971,Mumbai,Maharashtra,India,Silver,2025-01-11,Active
CUST003691,Nancy,Hernandez,Female,2000-02-27,nancy.hernandez@hotmail.com,3693144497,Chennai,Tamil Nadu,India,Platinum,2025-12-03,Inactive
CUST003692,Allen,Gallagher,Female,1959-02-27,allen.gallagher@hotmail.com,5325555872,Sydney,New South Wales,Australia,Platinum,2021-12-27,Active
CUST003693,Michael,Compton,Male,1988-05-06,michael.compton@outlook.com,5485803932,HYDERABAD,Telangana,India,Gold,2025-04-02,Inactive
CUST003694,Gloria,Gonzalez,Female,1973-08-30,gloria.gonzalez@outlook.com,6682030372,Dubai,Dubai,UAE,Platinum,2022-03-17,Active
CUST003695,Kristen,Johnson,Male,1967-06-03,kristen.johnson@yahoo.com,3569676958,Bengaluru,Karnataka,India,Diamond,2025-01-19,Active
CUST003696,Mackenzie,Smith,Female,1971-05-13,mackenzie.smith@yahoo.com,1655071175,London,England,United Kingdom,Silver,2024-01-24,Inactive
CUST003697,Jeremy,Barnes,Male,1997-11-24,jeremy.barnes@outlook.com,4040653450,Bengaluru,Karnataka,India,Platinum,2023-09-26,Inactive
CUST003698,Nicole,Singleton,Male,2001-04-25,nicole.singleton@outlook.com,4111682709,Singapore,Singapore,Singapore,Silver,2022-02-18,Inactive
CUST003699,Marc,Horton,Male,2000-04-25,marc.horton@yahoo.com,5898302702,Bengaluru,Karnataka,India,Platinum,2026-04-17,Inactive
CUST003700,Jennifer,Dawson,Male,1985-02-28,jennifer.dawson@outlook.com,7704436497,Chennai,Tamil Nadu,India,Silver,2024-12-23,Active
CUST003701,Antonio,Stevens,Female,1998-03-11,antonio.stevens@gmail.com,2247520713,Delhi,Delhi,India,Diamond,2024-09-18,Active
CUST003702,Dawn,Joyce,Female,1995-05-15,dawn.joyce@hotmail.com,6592409486,Delhi,Delhi,India,Platinum,2023-11-25,Active
CUST003703,Megan,Morgan,Female,1956-04-18,megan.morgan@yahoo.com,7514213515,New York,New York,United States,Gold,2023-12-19,Inactive
CUST003704,Angela,Lin,Female,1972-05-01,angela.lin@yahoo.com,5767124581,Sydney,New South Wales,Australia,Diamond,2023-10-18,Active
CUST003705,Suzanne,Bryant,Female,1989-04-30,suzanne.bryant@yahoo.com,2253304066,Bengaluru,Karnataka,India,Platinum,2022-04-22,Active
CUST003706,Kevin,Graham,Female,2000-08-18,kevin.graham@yahoo.com,9901885815,London,England,United Kingdom,Platinum,2023-08-12,Active
CUST003707,Christopher,Charles,Female,1984-03-30,christopher.charles@outlook.com,9773864909,Bengaluru,Karnataka,India,Diamond,2022-08-06,Active
CUST003708,Erin,Riley,Female,1996-11-10,erin.riley@yahoo.com,4653083490,Delhi,Delhi,India,Diamond,2025-05-10,Active
CUST003709,Diane,Willis,Female,1978-09-03,diane.willis@hotmail.com,6266291293,Hyderabad,Telangana,India,Silver,2025-09-02,Active
CUST003710,Oscar,Lowery,Female,1972-07-31,oscar.lowery@yahoo.com,5597075107,Hyderabad,Telangana,India,Gold,2025-12-27,Inactive
CUST003711,Nicolas,Allen,Female,1978-08-12,nicolas.allen@yahoo.com,6698012673,New York,New York,United States,Silver,2023-04-02,Inactive
CUST003712,Vanessa,Ramos,Female,1958-05-10,vanessa.ramos@hotmail.com,4948297430,Sydney,New South Wales,Australia,Gold,2024-08-19,Active
CUST003713,Charles,Johnson,Female,1989-06-19,charles.johnson@outlook.com,9559203369,Sydney,New South Wales,Australia,Silver,2025-10-02,Inactive
CUST003714,Austin,Thomas,Male,1982-06-15,austin.thomas@yahoo.com,2901851905,Sydney ,New South Wales,Australia,Diamond,2022-10-23,Inactive
CUST003715,Christopher,Goodman,Female,1976-11-01,christopher.goodman@gmail.com,9293968092,Delhi,Delhi,India,Platinum,2021-09-12,Active
CUST003716,Ricardo,Garza,Female,1997-02-28,ricardo.garza@hotmail.com,7431198665,Singapore,Singapore,Singapore,Gold,2023-01-15,Inactive
CUST003717,Teresa,Russell,Female,1994-11-18,teresa.russell@outlook.com,9789628371, Chennai,Tamil Nadu,India,Diamond,2024-10-31,Inactive
CUST003718,Steven,Ross,Female,2006-07-18,steven.ross@hotmail.com,4944666403,New York,New York,United States,Platinum,2024-08-28,Inactive
CUST003719,Jesus,Vargas,Female,1972-06-28,jesus.vargas@hotmail.com,,Dubai,Dubai,UAE,Gold,2023-07-16,Active
CUST003720,Gregory,Craig,Male,1965-12-15,gregory.craig@outlook.com,0718849935,Delhi,Delhi,India,Silver,2026-04-15,Inactive
CUST003721,Jeremy,Winters,Female,1969-03-01,jeremy.winters@gmail.com,5365853875,Dubai,Dubai,UAE,Silver,2021-09-07,Inactive
CUST003722,Carolyn,English,Male,1983-12-28,carolyn.english@gmail.com,4348827326,New York,New York,United States,Silver,2024-12-12,Active
CUST003723,Alexander,Jones,Male,1959-08-11,alexander.jones@yahoo.com,8055059003,New York,New York,United States,Diamond,2022-11-03,Active
CUST003724,Brandy,Harris,Male,2001-12-17,brandy.harris@gmail.com,7278005078,Dubai,Dubai,UAE,Gold,2024-12-15,Active
CUST003725,Thomas,Larson,Male,1984-05-20,thomas.larson@gmail.com,5068549632,DUBAI,Dubai,UAE,Diamond,2021-07-27,Active
CUST003726,David,Jacobson,Female,1974-01-02,david.jacobson@hotmail.com,9138180225,Mumbai,Maharashtra,India,Gold,2024-11-27,Inactive
CUST003727,Audrey,Hays,Female,1956-08-31,audrey.hays@yahoo.com,3459008779,Chennai,Tamil Nadu,India,Silver,2021-09-14,Inactive
CUST003728,Thomas,Fitzpatrick,Male,1986-07-05,thomas.fitzpatrick@gmail.com,8662941706,Mumbai,Maharashtra,India,Silver,2023-01-15,Inactive
CUST003729,Misty,Jarvis,Male,1967-04-14,misty.jarvis@hotmail.com,0885607166,Sydney,New South Wales,Australia,Silver,2023-04-11,Inactive
CUST003730,Diane,Barber,Female,1968-12-06,diane.barber@outlook.com,6345148563,Mumbai,Maharashtra,India,Gold,2024-11-15,Active
CUST003731,Theresa,Torres,Male,1955-11-20,theresa.torres@gmail.com,1808768191,Hyderabad,Telangana,India,Platinum,2025-08-09,Inactive
CUST003732,Debbie,Jones,Female,2006-07-08,debbie.jones@outlook.com,9601520432,Dubai,Dubai,UAE,Diamond,2025-08-31,Inactive
CUST003733,Cynthia,Johnson,Male,1972-02-13,cynthia.johnson@outlook.com,4055646799,SYDNEY,New South Wales,Australia,Diamond,2021-10-28,Inactive
CUST003734,Monica,Carter,Male,1960-06-02,monica.carter@outlook.com,9471697417,Hyderabad,Telangana,India,Platinum,2024-06-08,Active
CUST003735,Michael,Williams,Female,1990-01-07,michael.williams@gmail.com,8131614914,Hyderabad,Telangana,India,Gold,2025-03-15,Active
CUST003736,Adam,Beasley,Male,1969-09-24,adam.beasley@gmail.com,0645547844,Bengaluru,Karnataka,India,Silver,2021-08-04,Active
CUST003737,Rebecca,Dillon,Male,1958-09-10,rebecca.dillon@gmail.com,9898240572,Bengaluru,Karnataka,India,Gold,2025-03-01,Active
CUST003738,Ashley,Hopkins,Female,1987-10-27,ashley.hopkins@hotmail.com,6116160882,New York,New York,United States,Silver,2026-03-22,Inactive
CUST003739,Joshua,West,Female,1957-05-08,joshua.west@gmail.com,2321349475,Sydney,New South Wales,Australia,Gold,2023-05-31,Inactive
CUST003740,Heather,Butler,Female,1962-12-04,heather.butler@hotmail.com,3028389176,Bengaluru,Karnataka,India,Platinum,2023-01-23,Inactive
CUST003741,Haley,Mason,Female,1985-06-15,haley.mason@hotmail.com,9394304461,Singapore,Singapore,Singapore,Diamond,2024-04-09,Inactive
CUST003742,Diane,Obrien,Male,1962-02-18,diane.obrien@yahoo.com,0711174676,Sydney,New South Wales,Australia,Silver,2025-02-21,Inactive
CUST003743,Andrea,Joyce,Male,1984-11-12,andrea.joyce@outlook.com,6048358431,Mumbai,Maharashtra,India,Platinum,2025-02-13,Inactive
CUST003744,Levi,Johnson,Male,1959-11-01,levi.johnson@hotmail.com,3372639760,Delhi,Delhi,India,Platinum,2022-04-18,Inactive
CUST003745,Brenda,Knox,Male,2003-07-02,brenda.knox@hotmail.com,6029375175,Bengaluru,Karnataka,India,Platinum,2026-05-18,Inactive
CUST003746,Jonathan,Young,Female,1958-06-23,jonathan.young@outlook.com,3729297756,Chennai,Tamil Nadu,India,Diamond,2022-12-07,Active
CUST003747,Christopher,Huynh,Female,2002-11-11,christopher.huynh@gmail.com,1745217770,Hyderabad,Telangana,India,Silver,2021-12-09,Inactive
CUST003748,Michael,Decker,Female,1956-10-08,michael.decker@yahoo.com,0671884421,Bengaluru,Karnataka,India,Silver,2022-07-29,Inactive
CUST003749,John,Bowers,Male,1970-09-29,john.bowers@yahoo.com,5349244413,Sydney,New South Wales,Australia,Diamond,2026-07-18,Inactive
CUST003750,David,Flores,Male,1990-04-09,david.flores@outlook.com,6980889644,Bengaluru,Karnataka,India,Silver,2025-01-05,Active
CUST003751,Matthew,Hogan,Male,1977-07-12,matthew.hogan@yahoo.com,7106502270,Dubai,Dubai,UAE,Silver,2023-12-10,Active
CUST003752,Bianca,Lyons,Male,1980-02-25,bianca.lyons@gmail.com,9827694193,Bengaluru,Karnataka,India,Diamond,2025-01-08,Inactive
CUST003753,Robert,Francis,Female,1961-05-03,robert.francis@hotmail.com,0421664899,Chennai,Tamil Nadu,India,Silver,2022-05-22,Inactive
CUST003754,Andrew,Klein,Male,1967-03-11,andrew.klein@yahoo.com,9839599037,Singapore,Singapore,Singapore,Diamond,2023-05-06,Inactive
CUST003755,Robert,Gonzalez,Male,1990-03-18,robert.gonzalez@outlook.com,5146341806,Chennai,Tamil Nadu,India,Silver,2023-05-25,Inactive
CUST003756,Helen,Clark,Male,1988-12-14,helen.clark@hotmail.com,2929874293,Sydney,New South Wales,Australia,Platinum,2026-07-13,Inactive
CUST003757,Matthew,Frye,Female,2002-05-18,,3765119623,London ,England,United Kingdom,Diamond,2022-03-09,Inactive
CUST003758,Aaron,Perkins,Male,1964-11-21,aaron.perkins@yahoo.com,1540760713,Singapore,Singapore,Singapore,Gold,2025-09-17,Active
CUST003759,Samantha,Smith,Female,1989-03-25,samantha.smith@hotmail.com,8381363878,London,England,United Kingdom,Diamond,2023-12-25,Inactive
CUST003760,Joseph,Woods,Male,1991-03-17,joseph.woods@outlook.com,9005816231,New York,New York,United States,Silver,2023-03-24,Inactive
CUST003761,Thomas,Blake,Male,2000-10-25,thomas.blake@outlook.com,1820661701,Delhi,Delhi,India,Platinum,2025-11-24,Active
CUST003762,Scott,King,Female,1957-04-09,scott.king@yahoo.com,2359005957,Singapore,Singapore,Singapore,Gold,2024-01-06,Active
CUST003763,Michelle,Johnson,Male,1970-03-11,michelle.johnson@gmail.com,9177132064,Singapore,Singapore,Singapore,Silver,2025-04-24,Active
CUST003764,Michael,Flores,Male,1999-11-01,michael.flores@outlook.com,4048993483,Bengaluru,Karnataka,India,Silver,2025-09-15,Active
CUST003765,Robyn,Miller,Female,1997-12-11,robyn.miller@gmail.com,5178894606, New York,New York,United States,Gold,2022-07-29,Active
CUST003766,Mike,Alexander,Male,1959-02-28,mike.alexander@outlook.com,7925902088,Chennai,Tamil Nadu,India,Silver,2026-01-21,Inactive
CUST003767,Laura,Thornton,Female,1973-01-10,laura.thornton@outlook.com,6750973908,Chennai,Tamil Nadu,India,Silver,2025-01-19,Active
CUST003768,Wendy,Dixon,Female,1960-08-04,wendy.dixon@hotmail.com,2145395272,Dubai,Dubai,UAE,Silver,2022-05-27,Inactive
CUST003769,Andrew,Perkins,Male,1963-02-08,andrew.perkins@gmail.com,1480769654,Dubai,Dubai,UAE,Gold,2026-01-26,Inactive
CUST003770,Tina,Hodge,Female,1971-06-16,tina.hodge@hotmail.com,8899637550,Singapore,Singapore,Singapore,Platinum,2025-05-07,Active
CUST003771,Stephen,Sharp,Male,1976-02-17,stephen.sharp@outlook.com,5457168622,Mumbai,Maharashtra,India,Platinum,2024-03-15,Inactive
CUST003772,Christopher,Hodge,Male,1974-02-08,christopher.hodge@yahoo.com,2605338379,New York,New York,United States,Silver,2025-03-01,Active
CUST003773,Timothy,Greene,Male,1983-05-24,timothy.greene@yahoo.com,5378602578,Bengaluru,Karnataka,India,Silver,2022-12-23,Active
CUST003774,Kevin,Love,Male,1996-07-25,kevin.love@yahoo.com,6831543186,Hyderabad,Telangana,India,Diamond,2021-10-13,Inactive
CUST003775,Carrie,Davis,Female,1979-08-28,carrie.davis@gmail.com,4979420826,New York,New York,United States,Silver,2023-05-04,Inactive
CUST003776,Cheryl,Brown,Male,2004-09-28,cheryl.brown@yahoo.com,0847763473,Singapore,Singapore,Singapore,Gold,2024-04-29,Inactive
CUST003777,David,Garcia,Female,1979-01-09,david.garcia@gmail.com,0467633798,New York,New York,United States,Platinum,2021-09-18,Active
CUST003778,Matthew,Taylor,Male,2007-06-08,matthew.taylor@yahoo.com,0489435666,London,England,United Kingdom,Diamond,2022-11-10,Inactive
CUST003779,Jessica,Farrell,Female,1976-12-14,jessica.farrell@yahoo.com,8301160102,New York,New York,United States,Gold,2022-02-27,Inactive
CUST003780,Whitney,Harris,Male,1957-12-02,whitney.harris@yahoo.com,2448203360,Singapore,Singapore,Singapore,Silver,2023-09-12,Active
CUST003781,Christopher,White,Female,2003-02-16,christopher.white@yahoo.com,0530187790,Hyderabad,Telangana,India,Silver,2026-03-08,Inactive
CUST003782,Anne,Gregory,Male,1986-06-04,anne.gregory@gmail.com,0660258001,Mumbai ,Maharashtra,India,Diamond,2023-01-24,Active
CUST003783,Tiffany,Brown,Male,1966-05-19,tiffany.brown@hotmail.com,2810052357,London,England,United Kingdom,Platinum,2023-03-16,Active
CUST003784,Natasha,Nguyen,Female,1958-11-15,natasha.nguyen@yahoo.com,5851804290,Chennai,Tamil Nadu,India,Silver,2025-02-22,Inactive
CUST003785,Denise,Vega,Male,1962-07-03,denise.vega@hotmail.com,5972749507,Hyderabad,Telangana,India,Silver,2023-09-17,Active
CUST003786,Grace,Cook,Female,1995-03-31,grace.cook@hotmail.com,1270860189,Sydney,New South Wales,Australia,Diamond,2022-01-09,Inactive
CUST003787,Pam,Johnson,Male,1964-06-25,pam.johnson@hotmail.com,4759032051,Delhi,Delhi,India,Silver,2025-10-18,Active
CUST003788,Jeffrey,Keith,Female,1989-07-09,jeffrey.keith@outlook.com,1541424356,Delhi,Delhi,India,Silver,2023-03-22,Inactive
CUST003789,Leslie,Lane,Female,1982-12-04,leslie.lane@outlook.com,4409091735,Singapore,Singapore,Singapore,Silver,2024-10-12,Inactive
CUST003790,Lisa,Torres,Male,2004-03-05,lisa.torres@gmail.com,0232490176,Sydney ,New South Wales,Australia,Diamond,2025-07-23,Inactive
CUST003791,Sarah,Petersen,Male,1987-07-17,sarah.petersen@outlook.com,1604628048, Mumbai,Maharashtra,India,Silver,2026-06-16,Active
CUST003792,Jessica,Ingram,Female,1988-08-09,jessica.ingram@outlook.com,8432216319,Chennai,Tamil Nadu,India,Gold,2021-07-31,Active
CUST003793,Steven,Knight,Female,1982-09-07,steven.knight@gmail.com,,Hyderabad,Telangana,India,Gold,2026-03-31,Active
CUST003794,Jessica,Jones,Female,1998-05-27,jessica.jones@yahoo.com,6120768718,Delhi,Delhi,India,Silver,2026-06-22,Inactive
CUST003795,Marilyn,Miller,Male,1979-12-24,marilyn.miller@gmail.com,0416643235,London,England,United Kingdom,Silver,2023-01-16,Active
CUST003796,Robert,Dixon,Female,2005-02-19,robert.dixon@outlook.com,7555862442,Hyderabad,Telangana,India,Gold,2025-11-13,Active
CUST003797,Jaime,Hartman,Female,1991-09-29,jaime.hartman@yahoo.com,8124039937,Dubai,Dubai,UAE,Gold,2025-11-23,Active
CUST003798,Vanessa,Russo,Male,1996-05-11,vanessa.russo@hotmail.com,8490323282,Hyderabad,Telangana,India,Silver,2025-02-11,Inactive
CUST003799,Brandon,Cross,Female,1977-01-24,brandon.cross@hotmail.com,4359347542,Delhi,Delhi,India,Gold,2022-03-27,Inactive
CUST003800,Shawn,Walker,Female,1982-07-17,shawn.walker@outlook.com,7662192523,Chennai,Tamil Nadu,India,Gold,2026-07-07,Active
CUST003801,Suzanne,Anderson,Female,1991-09-17,suzanne.anderson@gmail.com,5398461318,Sydney,New South Wales,Australia,Platinum,2026-06-01,Active
CUST003802,Randall,Anderson,Female,1991-09-25,randall.anderson@gmail.com,3593294945,Sydney,New South Wales,Australia,Platinum,2026-01-01,Inactive
CUST003803,Andrew,Montes,Male,1957-06-25,abc@,5587121543,Sydney,New South Wales,Australia,Gold,2025-01-11,Inactive
CUST003804,Kimberly,Conway,Female,1996-12-21,kimberly.conway@yahoo.com,4001483565,Hyderabad,Telangana,India,Silver,2024-07-11,Inactive
CUST003805,Kim,Spencer,Male,2002-04-10,kim.spencer@hotmail.com,9929666703,Dubai,Dubai,UAE,Silver,2022-09-07,Inactive
CUST003806,Tina,Dominguez,Male,1988-01-29,tina.dominguez@hotmail.com,5482281873,Chennai,Tamil Nadu,India,Silver,2025-09-05,Inactive
CUST003807,Cory,Butler,Female,1998-12-12,cory.butler@yahoo.com,9783645074,Mumbai,Maharashtra,India,Diamond,2025-02-12,Inactive
CUST003808,Christian,Henry,Female,1965-09-07,christian.henry@yahoo.com,1278619593,Sydney,New South Wales,Australia,Platinum,2026-05-04,Active
CUST003809,Amber,Williams,Male,1963-06-24,,4872412707,Bengaluru,Karnataka,India,Silver,2025-03-10,Active
CUST003810,Matthew,Hamilton,Male,1988-04-27,matthew.hamilton@yahoo.com,4643694493,London,England,United Kingdom,Gold,2024-09-08,Active
CUST003811,Michelle,Middleton,Female,1964-10-15,,6173680748,Chennai,Tamil Nadu,India,Platinum,2021-08-27,Inactive
CUST003812,Louis,Pena,Male,2004-02-21,@gmail.com,1720259786,London,England,United Kingdom,Silver,2023-10-26,Active
CUST003813,Veronica,Hanson,Male,1963-11-25,veronica.hanson@gmail.com,6045716606,London,England,United Kingdom,Gold,2026-06-01,Inactive
CUST003814,Kimberly,Yang,Female,1984-01-19,kimberly.yang@outlook.com,5895833247,Hyderabad,Telangana,India,Gold,2025-08-01,Active
CUST003815,Donald,Monroe,Male,1993-11-24,donald.monroe@hotmail.com,0101756187,Bengaluru,Karnataka,India,Silver,2021-12-23,Active
CUST003816,Cindy,Scott,Male,2007-10-14,cindy.scott@hotmail.com,0427905028,London,England,United Kingdom,Gold,2022-08-19,Active
CUST003817,Hannah,Small,Female,1956-11-22,john@gmail,4600470797,Dubai,Dubai,UAE,Silver,2023-05-11,Active
CUST003818,Teresa,Pace,Male,1993-03-21,teresa.pace@hotmail.com,0940370592,New York,New York,United States,Silver,2022-09-10,Inactive
CUST003819,Beth,Harris,Male,1958-05-23,beth.harris@outlook.com,6221182096,New York,New York,United States,Silver,2024-04-17,Active
CUST003820,Debbie,Lawson,Female,1992-11-30,debbie.lawson@yahoo.com,9737590278,Dubai,Dubai,UAE,Diamond,2022-05-12,Inactive
CUST003821,Jesse,Jackson,Male,1986-03-07,jesse.jackson@outlook.com,9735577870,Hyderabad,Telangana,India,Diamond,2024-09-14,Active
CUST003822,Richard,Warren,Female,1996-12-04,richard.warren@yahoo.com,3023188867,London,England,United Kingdom,Silver,2022-04-05,Inactive
CUST003823,Michael,Murphy,Male,1962-10-07,michael.murphy@outlook.com,9359865643,DUBAI,Dubai,UAE,Gold,2023-07-03,Inactive
CUST003824,Justin,Brown,Male,1986-03-28,justin.brown@yahoo.com,1485631657,Mumbai,Maharashtra,India,Silver,2026-01-25,Active
CUST003825,Thomas,Martinez,Male,1978-03-09,thomas.martinez@outlook.com,2099854468,Mumbai,Maharashtra,India,Gold,2022-10-07,Active
CUST003826,Mark,Larson,Female,1966-02-26,mark.larson@hotmail.com,9470284690,Hyderabad,Telangana,India,Silver,2022-07-09,Active
CUST003827,Kimberly,Taylor,Female,1988-11-03,abc@,1927756337,Delhi,Delhi,India,Platinum,2023-06-30,Active
CUST003828,Michelle,Esparza,Male,1980-06-16,michelle.esparza@outlook.com,6013337417,Bengaluru,Karnataka,India,Diamond,2024-03-19,Active
CUST003829,Ricardo,Moss,Male,1990-01-12,ricardo.moss@gmail.com,7126281230,Delhi,Delhi,India,Silver,2022-06-06,Inactive
CUST003830,Brandon,Johnson,Female,1956-01-05,brandon.johnson@gmail.com,5287723559,Chennai,Tamil Nadu,India,Platinum,2025-09-11,Active
CUST003831,James,Hanson,Female,1957-07-25,james.hanson@gmail.com,5587329146,Sydney,New South Wales,Australia,Platinum,2022-10-04,Inactive
CUST003832,Anthony,Rivera,Male,1968-03-18,anthony.rivera@gmail.com,,Mumbai,Maharashtra,India,Silver,2026-06-15,Inactive
CUST003833,Kayla,Cunningham,Female,1973-12-22,kayla.cunningham@hotmail.com,8942017690,London,England,United Kingdom,Gold,2022-05-05,Inactive
CUST003834,Elizabeth,Ryan,Female,1960-01-22,elizabeth.ryan@outlook.com,6202830816,Singapore,Singapore,Singapore,Silver,2025-01-31,Inactive
CUST003835,Jonathan,Ortega,Female,1988-01-18,jonathan.ortega@yahoo.com,7339193081,Delhi,Delhi,India,Platinum,2026-05-30,Inactive
CUST003836,Rachel,Moore,Female,2008-04-24,rachel.moore@yahoo.com,2143699359,Sydney,New South Wales,Australia,Gold,2022-10-11,Active
CUST003837,John,Brennan,Male,1986-07-20,john.brennan@gmail.com,0230108689,BENGALURU,Karnataka,India,Gold,2025-08-26,Inactive
CUST003838,Nathaniel,Lee,Male,1981-03-06,nathaniel.lee@hotmail.com,,London,England,United Kingdom,Gold,2025-12-14,Inactive
CUST003839,Brenda,Wyatt,Female,1979-02-19,brenda.wyatt@hotmail.com,6371104161,Hyderabad,Telangana,India,Diamond,2023-05-26,Inactive
CUST003840,Peter,Skinner,Female,1957-10-17,peter.skinner@hotmail.com,0099952857,Delhi,Delhi,India,Gold,2024-09-12,Inactive
CUST003841,Angela,Watson,Female,1970-12-27,angela.watson@gmail.com,,Hyderabad,Telangana,India,Gold,2024-12-25,Inactive
CUST003842,James,Flores,Female,1975-12-09,james.flores@outlook.com,6068047564,Chennai,Tamil Nadu,India,Gold,2023-04-10,Inactive
CUST003843,Jack,Cole,Male,1962-06-26,jack.cole@hotmail.com,3633794747,Sydney,New South Wales,Australia,Diamond,2022-04-27,Inactive
CUST003844,Deanna,Schroeder,Male,1990-12-25,deanna.schroeder@outlook.com,7078438553,Singapore,Singapore,Singapore,Silver,2023-07-11,Active
CUST003845,Anthony,Wallace,Female,1955-08-03,anthony.wallace@yahoo.com,6817247203,Bengaluru,Karnataka,India,Gold,2023-09-18,Active
CUST003846,Jennifer,Welch,Male,1974-05-21,jennifer.welch@hotmail.com,7721585961,Hyderabad,Telangana,India,Silver,2026-05-08,Active
CUST003847,James,Thompson,Female,1984-05-22,james.thompson@hotmail.com,2938721056,Bengaluru,Karnataka,India,Silver,2024-07-31,Active
CUST003848,Chad,Ali,Female,2005-06-08,chad.ali@outlook.com,7070102944,Delhi,Delhi,India,Silver,2025-11-15,Active
CUST003849,Kristen,Martin,Male,1972-01-12,kristen.martin@outlook.com,2261480075,Mumbai,Maharashtra,India,Gold,2021-10-18,Active
CUST003850,William,Flores,Female,1970-07-16,,7230005528, Bengaluru,Karnataka,India,Gold,2026-03-22,Inactive
CUST003851,Ryan,Wilson,Female,2004-08-02,ryan.wilson@hotmail.com,7664859246,Sydney,New South Wales,Australia,Gold,2022-08-16,Inactive
CUST003852,Claudia,James,Male,1980-04-10,claudia.james@hotmail.com,4706123977,Hyderabad,Telangana,India,Silver,2021-08-06,Inactive
CUST003853,Jennifer,Carter,Male,1973-10-23,jennifer.carter@gmail.com,9702413739,Hyderabad,Telangana,India,Platinum,2024-12-29,Inactive
CUST003854,Anthony,Williams,Male,1992-09-25,anthony.williams@hotmail.com,2148051274,CHENNAI,Tamil Nadu,India,Platinum,2024-05-17,Inactive
CUST003855,Timothy,Lindsey,Female,1985-06-16,timothy.lindsey@hotmail.com,7172818285,Dubai,Dubai,UAE,Silver,2026-02-04,Inactive
CUST003856,Linda,West,Male,1997-01-01,linda.west@gmail.com,8933471178,Dubai,Dubai,UAE,Platinum,2022-01-17,Inactive
CUST003857,Jessica,Duncan,Male,1971-07-26,jessica.duncan@outlook.com,1080231770,Hyderabad,Telangana,India,Diamond,2024-08-02,Active
CUST003858,Shannon,Thomas,Male,2007-01-13,shannon.thomas@hotmail.com,8007404962,Dubai,Dubai,UAE,Gold,2024-05-13,Active
CUST003859,Russell,Mcgee,Male,1972-07-30,russell.mcgee@hotmail.com,2149657587,Chennai,Tamil Nadu,India,Platinum,2025-07-17,Inactive
CUST003860,Jeanette,Hawkins,Female,1988-07-27,jeanette.hawkins@gmail.com,4396798395,Delhi,Delhi,India,Silver,2024-01-24,Inactive
CUST003861,Cory,Thomas,Male,1979-09-26,cory.thomas@outlook.com,9918956500,Bengaluru,Karnataka,India,Platinum,2021-07-31,Active
CUST003862,Carol,Gillespie,Male,1977-09-23,carol.gillespie@hotmail.com,5559857362,Mumbai,Maharashtra,India,Silver,2026-03-17,Active
CUST003863,Ian,Kirk,Male,1978-08-28,ian.kirk@yahoo.com,5538059185,Mumbai,Maharashtra,India,Platinum,2024-05-18,Inactive
CUST003864,Judy,Taylor,Female,1968-03-20,judy.taylor@hotmail.com,0409777596,Delhi,Delhi,India,Diamond,2024-09-07,Active
CUST003865,Jennifer,Peterson,Female,2005-09-23,jennifer.peterson@yahoo.com,8676649236,Sydney,New South Wales,Australia,Gold,2025-04-12,Inactive
CUST003866,Kristin,Green,Male,1993-03-25,kristin.green@gmail.com,2339703272,Chennai,Tamil Nadu,India,Silver,2024-06-05,Active
CUST003867,Dean,Nash,Female,2003-02-17,dean.nash@hotmail.com,7982081544,New York,New York,United States,Gold,2024-01-02,Active
CUST003868,Joshua,Black,Male,1973-04-20,joshua.black@outlook.com,1333032493,Hyderabad,Telangana,India,Silver,2025-02-23,Inactive
CUST003869,Gabrielle,Adkins,Male,1986-05-01,gabrielle.adkins@hotmail.com,9918290357,Singapore,Singapore,Singapore,Diamond,2022-03-12,Active
CUST003870,Michael,Lopez,Female,1975-02-20,michael.lopez@yahoo.com,8222089030,New York,New York,United States,Platinum,2023-08-29,Inactive
CUST003871,Wendy,Miller,Female,1998-02-19,wendy.miller@gmail.com,8230928596,London,England,United Kingdom,Silver,2024-11-16,Active
CUST003872,James,Garcia,Female,1970-04-06,james.garcia@hotmail.com,1588551951,Bengaluru,Karnataka,India,Diamond,2021-10-31,Inactive
CUST003873,Mariah,Williams,Female,1980-04-29,mariah.williams@gmail.com,6414256774,London,England,United Kingdom,Platinum,2023-02-28,Inactive
CUST003874,Shawn,Garrison,Female,1990-09-06,shawn.garrison@yahoo.com,5841440017,Delhi,Delhi,India,Platinum,2024-03-06,Inactive
CUST003875,John,Bell,Male,1989-02-27,john.bell@gmail.com,6417122024,Hyderabad,Telangana,India,Diamond,2023-11-26,Active
CUST003876,Jeffrey,Moore,Female,2003-01-26,jeffrey.moore@outlook.com,4275931188,New York,New York,United States,Silver,2023-05-17,Inactive
CUST003877,Derek,Kirby,Male,1960-02-15,derek.kirby@hotmail.com,8412119654,Bengaluru,Karnataka,India,Diamond,2025-06-09,Inactive
CUST003878,Andrea,Hall,Male,1991-11-13,andrea.hall@yahoo.com,5546554945,Dubai,Dubai,UAE,Diamond,2026-05-29,Inactive
CUST003879,Matthew,Fuentes,Male,1977-01-02,matthew.fuentes@outlook.com,2306575800,Dubai,Dubai,UAE,Gold,2025-02-26,Inactive
CUST003880,Holly,Goodwin,Male,2003-07-21,holly.goodwin@yahoo.com,4986861257,Sydney,New South Wales,Australia,Platinum,2024-02-06,Inactive
CUST003881,Victoria,Fitzpatrick,Male,1959-12-24,victoria.fitzpatrick@hotmail.com,3567947529,Sydney,New South Wales,Australia,Diamond,2026-03-16,Active
CUST003882,Timothy,Cannon,Female,2004-12-22,timothy.cannon@outlook.com,7626502301,Sydney,New South Wales,Australia,Diamond,2022-02-28,Inactive
CUST003883,Maurice,Steele,Female,1999-03-30,maurice.steele@yahoo.com,6519585495,Chennai,Tamil Nadu,India,Diamond,2022-09-10,Active
CUST003884,Kimberly,Snyder,Male,1959-07-15,kimberly.snyder@gmail.com,8041604335,Hyderabad,Telangana,India,Platinum,2023-10-21,Active
CUST003885,Brittany,Owens,Male,1979-12-06,brittany.owens@yahoo.com,1979067231,Mumbai,Maharashtra,India,Diamond,2022-07-13,Inactive
CUST003886,Robert,Jones,Female,1993-07-31,robert.jones@hotmail.com,3036006697,Dubai,Dubai,UAE,Gold,2025-04-05,Inactive
CUST003887,Daniel,Huang,Female,2008-03-27,daniel.huang@hotmail.com,8637243216,Singapore,Singapore,Singapore,Platinum,2023-08-25,Active
CUST003888,Alice,Griffin,Female,2006-09-13,alice.griffin@yahoo.com,9101194741,Mumbai,Maharashtra,India,Silver,2021-12-21,Inactive
CUST003889,Adam,Cline,Male,1961-09-03,adam.cline@gmail.com,4315124985,Chennai,Tamil Nadu,India,Platinum,2022-05-06,Active
CUST003890,Denise,Pittman,Male,1989-10-26,denise.pittman@hotmail.com,0616592754,Delhi,Delhi,India,Platinum,2021-12-07,Inactive
CUST003891,Alice,Craig,Male,1968-07-23,alice.craig@hotmail.com,3027777318,Bengaluru,Karnataka,India,Platinum,2023-01-21,Inactive
CUST003892,Johnny,Green,Female,1980-05-24,johnny.green@hotmail.com,0025440657,Sydney ,New South Wales,Australia,Gold,2024-07-27,Inactive
CUST003893,Janet,Stone,Female,1969-04-12,janet.stone@hotmail.com,0674649911,New York,New York,United States,Silver,2024-12-27,Active
CUST003894,Anthony,Gutierrez,Male,1960-02-06,anthony.gutierrez@yahoo.com,1673505353,London,England,United Kingdom,Gold,2026-01-13,Active
CUST003895,Manuel,Wright,Male,1992-11-14,manuel.wright@hotmail.com,9380282126,Chennai,Tamil Nadu,India,Gold,2025-09-18,Active
CUST003896,Aaron,Stewart,Male,1983-02-24,aaron.stewart@hotmail.com,2709455761,Delhi,Delhi,India,Diamond,2021-09-25,Inactive
CUST003897,Jason,Gonzalez,Male,2002-05-11,jason.gonzalez@outlook.com,9043821940,Bengaluru,Karnataka,India,Diamond,2023-10-16,Inactive
CUST003898,Christina,Frazier,Female,1981-12-29,christina.frazier@outlook.com,,London,England,United Kingdom,Silver,2023-12-25,Inactive
CUST003899,Lisa,Odom,Male,1994-03-24,lisa.odom@hotmail.com,2972018175,Dubai,Dubai,UAE,Gold,2022-09-10,Active
CUST003900,Philip,King,Female,1980-10-01,philip.king@gmail.com,6197946840,Mumbai,Maharashtra,India,Silver,2024-02-22,Active
CUST003901,Kevin,Bryant,Male,1998-08-31,kevin.bryant@yahoo.com,3040018336,Dubai,Dubai,UAE,Diamond,2023-07-19,Inactive
CUST003902,Shawn,Hernandez,Female,1983-02-01,shawn.hernandez@outlook.com,4797037066,New York,New York,United States,Platinum,2023-01-27,Inactive
CUST003903,Donald,Thomas,Female,2001-10-16,donald.thomas@gmail.com,2176451221,Delhi,Delhi,India,Silver,2025-04-06,Active
CUST003904,Eric,Higgins,Male,1993-03-13,eric.higgins@hotmail.com,5787969414,London,England,United Kingdom,Platinum,2024-10-21,Inactive
CUST003905,Brendan,Smith,Male,2004-09-04,brendan.smith@yahoo.com,7373806186,Sydney,New South Wales,Australia,Diamond,2024-03-12,Inactive
CUST003906,Rachel,Mcmillan,Female,1979-08-04,rachel.mcmillan@hotmail.com,3843743324,Sydney,New South Wales,Australia,Diamond,2025-08-21,Inactive
CUST003907,William,Gonzalez,Male,1959-09-01,william.gonzalez@yahoo.com,6333564368,Chennai,Tamil Nadu,India,Silver,2024-12-11,Inactive
CUST003908,Jacqueline,Schaefer,Female,1994-11-20,jacqueline.schaefer@hotmail.com,6420610876,Delhi,Delhi,India,Gold,2023-08-05,Inactive
CUST003909,David,Boyle,Female,2004-07-26,david.boyle@gmail.com,4849992813,Singapore,Singapore,Singapore,Diamond,2024-06-29,Inactive
CUST003910,Roberto,Perez,Male,1992-06-07,roberto.perez@outlook.com,1422990791,Chennai,Tamil Nadu,India,Silver,2024-08-15,Active
CUST003911,Michael,Clark,Male,1965-05-06,michael.clark@yahoo.com,8003545027,Hyderabad,Telangana,India,Silver,2024-08-29,Active
CUST003912,Wendy,Wells,Female,2001-08-21,wendy.wells@outlook.com,7618283483,New York,New York,United States,Diamond,2024-11-06,Active
CUST003913,Adam,Mcdaniel,Female,1965-02-02,adam.mcdaniel@yahoo.com,6913449621,Mumbai,Maharashtra,India,Diamond,2025-12-07,Inactive
CUST003914,Charles,Fuller,Female,1978-08-09,charles.fuller@hotmail.com,5828277612,Singapore,Singapore,Singapore,Platinum,2022-05-03,Inactive
CUST003915,Jodi,Lynch,Female,1970-04-15,jodi.lynch@yahoo.com,1911911341,Bengaluru,Karnataka,India,Diamond,2025-04-10,Active
CUST003916,Ryan,Hall,Female,1973-09-22,ryan.hall@hotmail.com,5171122214,Hyderabad,Telangana,India,Gold,2021-12-28,Inactive
CUST003917,Corey,Potts,Male,2001-05-15,corey.potts@yahoo.com,4690534642,Dubai,Dubai,UAE,Gold,2021-08-28,Inactive
CUST003918,Troy,Carter,Male,1966-05-12,troy.carter@outlook.com,6990935175, New York,New York,United States,Gold,2024-06-13,Active
CUST003919,Kenneth,Copeland,Female,1959-07-03,kenneth.copeland@hotmail.com,4496295765,Sydney,New South Wales,Australia,Diamond,2023-12-10,Active
CUST003920,Jennifer,Garcia,Female,1995-05-20,jennifer.garcia@gmail.com,2534735667,Sydney,New South Wales,Australia,Platinum,2023-05-23,Inactive
CUST003921,Joshua,Navarro,Male,1995-08-10,joshua.navarro@hotmail.com,6694069455,Hyderabad,Telangana,India,Gold,2026-03-24,Inactive
CUST003922,Denise,Schultz,Male,2004-09-11,denise.schultz@yahoo.com,4127368321,Mumbai,Maharashtra,India,Gold,2022-01-31,Active
CUST003923,John,Walker,Male,1979-12-24,john.walker@hotmail.com,7349020403,Chennai,Tamil Nadu,India,Diamond,2024-08-30,Inactive
CUST003924,Aaron,Roberts,Male,1963-04-24,aaron.roberts@gmail.com,3877782016,Delhi,Delhi,India,Silver,2023-06-11,Inactive
CUST003925,James,Walker,Male,1980-01-30,james.walker@yahoo.com,6364602364,Bengaluru,Karnataka,India,Silver,2024-02-20,Inactive
CUST003926,Thomas,Berry,Male,2000-06-27,thomas.berry@gmail.com,9756974973,New York,New York,United States,Silver,2022-12-24,Active
CUST003927,Carol,Johnson,Male,1972-12-10,carol.johnson@yahoo.com,5269760228,Chennai,Tamil Nadu,India,Diamond,2025-02-19,Active
CUST003928,Shannon,Mccormick,Female,2007-06-08,shannon.mccormick@gmail.com,7622259600,Singapore,Singapore,Singapore,Platinum,2021-08-27,Active
CUST003929,Mary,Shelton,Female,1977-10-22,mary.shelton@hotmail.com,9262036560, Singapore,Singapore,Singapore,Silver,2023-07-10,Active
CUST003930,Rachel,Smith,Male,1972-03-26,###@gmail.com,3582189545,Hyderabad,Telangana,India,Gold,2023-07-12,Inactive
CUST003931,Randy,Rodriguez,Female,1997-07-21,randy.rodriguez@gmail.com,2979982231,Hyderabad,Telangana,India,Silver,2022-10-23,Active
CUST003932,Sean,Smith,Male,1975-07-26,sean.smith@hotmail.com,3501736237,Dubai ,Dubai,UAE,Diamond,2023-10-12,Inactive
CUST003933,Christopher,Phillips,Female,1984-07-18,christopher.phillips@gmail.com,0337364843,Bengaluru,Karnataka,India,Diamond,2022-05-30,Active
CUST003934,Nancy,Thompson,Male,2008-07-15,nancy.thompson@outlook.com,0946974412,Sydney,New South Wales,Australia,Silver,2023-02-17,Active
CUST003935,Daniel,Wells,Male,1976-09-24,daniel.wells@hotmail.com,2549034093,New York,New York,United States,Gold,2026-07-19,Active
CUST003936,Cindy,Anderson,Male,1975-09-13,cindy.anderson@yahoo.com,7023271168,Hyderabad,Telangana,India,Silver,2024-12-20,Active
CUST003937,Kimberly,Orozco,Male,1969-04-13,kimberly.orozco@hotmail.com,7314829843,London,England,United Kingdom,Silver,2022-01-19,Active
CUST003938,Steven,Scott,Male,1977-10-02,steven.scott@hotmail.com,7609326440,London,England,United Kingdom,Gold,2026-03-17,Inactive
CUST003939,Stephanie,Thomas,Male,1988-02-18,stephanie.thomas@outlook.com,0249432612,New York,New York,United States,Diamond,2021-11-01,Inactive
CUST003940,Jonathan,Sanchez,Female,1975-09-09,jonathan.sanchez@outlook.com,9659754180,Sydney,New South Wales,Australia,Gold,2022-12-13,Inactive
CUST003941,Corey,Lewis,Male,1960-12-25,corey.lewis@yahoo.com,3554786675,New York,New York,United States,Platinum,2025-09-10,Active
CUST003942,Peter,Floyd,Female,1982-09-23,peter.floyd@yahoo.com,0838208267,Hyderabad,Telangana,India,Gold,2023-01-28,Active
CUST003943,Jonathan,Patterson,Male,1974-04-05,jonathan.patterson@hotmail.com,6464974503,Chennai,Tamil Nadu,India,Gold,2022-10-30,Active
CUST003944,Emily,Brown,Male,1981-06-10,emily.brown@gmail.com,5140861517,Chennai,Tamil Nadu,India,Silver,2022-05-10,Inactive
CUST003945,Cristina,Davis,Male,2001-03-10,cristina.davis@outlook.com,3520756771,Singapore,Singapore,Singapore,Diamond,2022-03-07,Active
CUST003946,Kenneth,Roth,Female,1959-07-15,kenneth.roth@outlook.com,1172550372,Hyderabad,Telangana,India,Diamond,2023-11-08,Active
CUST003947,Eric,Martin,Female,1959-11-01,eric.martin@gmail.com,0304279578,Dubai,Dubai,UAE,Platinum,2023-08-28,Active
CUST003948,Larry,Rogers,Male,1992-03-05,larry.rogers@yahoo.com,7893469577,Bengaluru,Karnataka,India,Gold,2023-04-22,Active
CUST003949,Eugene,Peterson,Female,1973-03-25,eugene.peterson@yahoo.com,6862131158,Bengaluru,Karnataka,India,Platinum,2026-06-02,Inactive
CUST003950,Sue,Singleton,Female,1965-06-15,sue.singleton@outlook.com,9868601387,Sydney,New South Wales,Australia,Platinum,2023-08-03,Active
CUST003951,Belinda,Brown,Male,1975-12-06,belinda.brown@gmail.com,3729778113,Singapore,Singapore,Singapore,Diamond,2023-12-11,Inactive
CUST003952,Leslie,Peck,Female,1970-08-31,leslie.peck@outlook.com,2760009066,New York,New York,United States,Diamond,2026-01-17,Inactive
CUST003953,Daniel,Hays,Female,1967-11-24,daniel.hays@gmail.com,1613052896,Mumbai,Maharashtra,India,Gold,2022-06-27,Inactive
CUST003954,Cheryl,Johnson,Male,2004-02-16,cheryl.johnson@hotmail.com,0737441205,DUBAI,Dubai,UAE,Diamond,2025-03-12,Active
CUST003955,John,Mora,Male,1962-09-19,john.mora@yahoo.com,1016918809,New York,New York,United States,Diamond,2024-03-15,Active
CUST003956,Rebecca,Collins,Male,1980-11-11,rebecca.collins@gmail.com,2283432664,Mumbai,Maharashtra,India,Silver,2023-01-08,Inactive
CUST003957,Elizabeth,Moyer,Female,2005-05-18,elizabeth.moyer@gmail.com,8934057157,London,England,United Kingdom,Silver,2026-01-04,Inactive
CUST003958,Scott,Ward,Female,2000-03-05,scott.ward@yahoo.com,2588145471,Singapore,Singapore,Singapore,Gold,2023-06-02,Active
CUST003959,Jenna,Haley,Male,1957-03-24,jenna.haley@yahoo.com,3623323208,Hyderabad,Telangana,India,Silver,2024-01-10,Inactive
CUST003960,Kyle,Sullivan,Male,1965-10-10,kyle.sullivan@yahoo.com,3084753600,New York,New York,United States,Gold,2023-05-20,Inactive
CUST003961,Bridget,Bean,Female,1957-10-14,bridget.bean@hotmail.com,1022057561,London,England,United Kingdom,Platinum,2025-06-08,Inactive
CUST003962,Ashley,Ray,Female,2004-08-14,ashley.ray@hotmail.com,7677373341,Sydney,New South Wales,Australia,Silver,2024-03-21,Active
CUST003963,Ronald,Crane,Female,2002-12-11,ronald.crane@hotmail.com,0258449178,London,England,United Kingdom,Gold,2025-01-01,Inactive
CUST003964,Pamela,Grant,Female,1981-10-17,pamela.grant@outlook.com,4045084507,Sydney,New South Wales,Australia,Diamond,2025-02-23,Inactive
CUST003965,Steven,Brown,Male,1983-07-19,steven.brown@gmail.com,1851860671,Delhi,Delhi,India,Platinum,2023-12-07,Active
CUST003966,Kenneth,Bishop,Female,1964-10-03,,5199463915,Sydney,New South Wales,Australia,Platinum,2026-01-10,Inactive
CUST003967,Leslie,Pollard,Male,1968-12-02,leslie.pollard@hotmail.com,1611039346,New York,New York,United States,Platinum,2021-09-24,Inactive
CUST003968,Christina,Fernandez,Male,1992-01-16,christina.fernandez@hotmail.com,6441513519,New York,New York,United States,Gold,2022-12-31,Active
CUST003969,Marco,Nelson,Female,1979-05-25,marco.nelson@hotmail.com,1624449642,Sydney,New South Wales,Australia,Platinum,2026-05-09,Active
CUST003970,Lauren,Moore,Female,1980-11-03,lauren.moore@gmail.com,9561793135,Dubai,Dubai,UAE,Platinum,2025-10-15,Active
CUST003971,Daniel,Gonzalez,Male,1994-10-16,daniel.gonzalez@yahoo.com,1183110406,Mumbai,Maharashtra,India,Platinum,2022-07-14,Inactive
CUST003972,Keith,Aguilar,Female,1986-08-12,keith.aguilar@gmail.com,7682055688,London,England,United Kingdom,Diamond,2026-02-18,Active
CUST003973,Alyssa,Henderson,Female,2002-09-10,alyssa.henderson@outlook.com,4552230395,Dubai,Dubai,UAE,Platinum,2026-06-04,Active
CUST003974,Roberta,Williams,Female,1971-03-16,roberta.williams@yahoo.com,0298091308,Hyderabad,Telangana,India,Silver,2025-10-27,Inactive
CUST003975,John,Lewis,Male,1987-11-09,john.lewis@gmail.com,6315337898,Hyderabad,Telangana,India,Diamond,2024-07-09,Inactive
CUST003976,Joshua,Nunez,Male,1997-04-07,joshua.nunez@outlook.com,5611732319,London,England,United Kingdom,Gold,2025-03-20,Inactive
CUST003977,Jasmine,Brown,Female,1976-12-08,jasmine.brown@yahoo.com,3691159076, London,England,United Kingdom,Platinum,2022-03-23,Inactive
CUST003978,Justin,Edwards,Male,1966-07-20,justin.edwards@hotmail.com,3344998534,Mumbai,Maharashtra,India,Gold,2023-12-13,Inactive
CUST003979,Ashley,Sandoval,Female,1976-05-09,ashley.sandoval@hotmail.com,5356703130,Singapore,Singapore,Singapore,Diamond,2025-03-01,Active
CUST003980,Tammy,Chase,Male,1967-01-10,tammy.chase@hotmail.com,6461021688,Singapore,Singapore,Singapore,Platinum,2022-08-28,Active
CUST003981,Craig,White,Male,2007-06-04,craig.white@hotmail.com,0598989038,BENGALURU,Karnataka,India,Platinum,2021-11-26,Inactive
CUST003982,Travis,Smith,Male,2007-05-04,travis.smith@hotmail.com,7937038601,Mumbai,Maharashtra,India,Silver,2024-02-23,Active
CUST003983,Ashley,Bennett,Female,1980-03-16,ashley.bennett@gmail.com,9481263653,Delhi,Delhi,India,Platinum,2022-05-31,Active
CUST003984,Jennifer,Wright,Male,1995-06-18,jennifer.wright@gmail.com,0572173794,Dubai,Dubai,UAE,Platinum,2022-02-06,Active
CUST003985,Beth,Rojas,Female,1998-01-01,beth.rojas@gmail.com,1784588827,Bengaluru,Karnataka,India,Gold,2022-12-14,Inactive
CUST003986,Jeffrey,Gilmore,Female,1961-02-22,jeffrey.gilmore@outlook.com,4649431883,Hyderabad,Telangana,India,Diamond,2025-05-03,Inactive
CUST003987,Melissa,Cantu,Female,1964-01-06,melissa.cantu@gmail.com,7961060123,Sydney,New South Wales,Australia,Platinum,2022-01-24,Active
CUST003988,Jack,Gonzalez,Male,1979-08-10,jack.gonzalez@outlook.com,8975629128,Dubai,Dubai,UAE,Gold,2025-07-20,Active
CUST003989,Gary,Johnson,Male,1971-10-09,gary.johnson@yahoo.com,4076169756,New York,New York,United States,Gold,2025-07-26,Active
CUST003990,Cody,Whitehead,Male,1990-04-25,cody.whitehead@hotmail.com,4398287855,HYDERABAD,Telangana,India,Gold,2023-01-25,Inactive
CUST003991,Jason,Murray,Male,1965-01-28,jason.murray@gmail.com,0508079846,London,England,United Kingdom,Gold,2024-05-12,Inactive
CUST003992,Russell,Estes,Female,1998-02-22,russell.estes@yahoo.com,5313762502,Mumbai,Maharashtra,India,Gold,2023-02-21,Inactive
CUST003993,Kevin,Arroyo,Female,1960-06-22,kevin.arroyo@outlook.com,0530522471,Mumbai ,Maharashtra,India,Silver,2023-08-15,Active
CUST003994,Todd,Glass,Male,1986-12-23,todd.glass@yahoo.com,4028997947,Sydney,New South Wales,Australia,Gold,2025-02-24,Active
CUST003995,Phillip,Serrano,Male,1966-05-23,phillip.serrano@yahoo.com,0161113361,Delhi,Delhi,India,Diamond,2023-06-27,Inactive
CUST003996,James,Rose,Female,1998-05-17,james.rose@outlook.com,8262936842,Mumbai,Maharashtra,India,Silver,2022-08-06,Active
CUST003997,Victoria,Hale,Female,2003-11-27,victoria.hale@gmail.com,1814745157,Hyderabad,Telangana,India,Silver,2025-12-17,Active
CUST003998,Melissa,Tucker,Female,1963-07-10,melissa.tucker@hotmail.com,9271069357,Chennai,Tamil Nadu,India,Platinum,2022-06-05,Active
CUST003999,Karen,Williams,Female,1959-05-03,karen.williams@yahoo.com,9430576871,Dubai,Dubai,UAE,Gold,2022-06-08,Active
CUST004000,Richard,Pratt,Male,1977-04-20,richard.pratt@hotmail.com,2604655756,Chennai,Tamil Nadu,India,Silver,2022-12-05,Active
CUST004001,Thomas,Avila,Male,1982-04-30,thomas.avila@gmail.com,4327137359,Dubai,Dubai,UAE,Diamond,2023-03-07,Inactive
CUST004002,Marisa,Marquez,Male,2000-10-11,marisa.marquez@hotmail.com,8829154963,Delhi,Delhi,India,Silver,2024-01-17,Inactive
CUST004003,Jill,Henderson,Female,1976-03-15,jill.henderson@outlook.com,3077620288,Singapore ,Singapore,Singapore,Silver,2024-03-04,Active
CUST004004,Erica,Bray,Female,1969-12-16,erica.bray@hotmail.com,2660643485,Bengaluru,Karnataka,India,Diamond,2024-12-21,Inactive
CUST004005,Veronica,Morales,Female,1979-05-09,veronica.morales@yahoo.com,4947049310,London,England,United Kingdom,Gold,2022-01-14,Inactive
CUST004006,Christopher,Smith,Male,1973-09-13,christopher.smith@gmail.com,2316196890,Sydney,New South Wales,Australia,Diamond,2025-03-06,Active
CUST004007,Cheyenne,Lopez,Male,1988-11-17,cheyenne.lopez@yahoo.com,7845739925,Chennai,Tamil Nadu,India,Gold,2025-11-21,Active
CUST004008,Maria,Harris,Male,1957-09-19,maria.harris@outlook.com,0790106461,Delhi,Delhi,India,Diamond,2024-09-13,Active
CUST004009,Pamela,Durham,Female,1963-03-23,pamela.durham@hotmail.com,6113022381,Mumbai,Maharashtra,India,Gold,2025-11-08,Inactive
CUST004010,Spencer,Sheppard,Female,1981-08-31,spencer.sheppard@gmail.com,3231601122,New York,New York,United States,Diamond,2022-11-09,Inactive
CUST004011,Bonnie,West,Female,1998-08-16,bonnie.west@yahoo.com,5633162842,Bengaluru,Karnataka,India,Platinum,2022-10-29,Active
CUST004012,Sarah,Navarro,Female,2004-10-30,sarah.navarro@outlook.com,2239060801,Hyderabad,Telangana,India,Platinum,2025-05-07,Inactive
CUST004013,Bradley,Butler,Male,2001-02-02,bradley.butler@gmail.com,1293235480,London,England,United Kingdom,Silver,2021-08-18,Inactive
CUST004014,Jodi,Smith,Female,1971-05-17,jodi.smith@gmail.com,9129873441,Delhi,Delhi,India,Gold,2024-06-05,Inactive
CUST004015,Laura,Martinez,Female,1970-12-18,laura.martinez@gmail.com,2374234400,Dubai,Dubai,UAE,Gold,2026-02-05,Active
CUST004016,Brianna,Carpenter,Female,1985-04-29,brianna.carpenter@yahoo.com,0458747582,New York,New York,United States,Gold,2021-10-18,Inactive
CUST004017,Jason,Wise,Male,1973-06-28,jason.wise@gmail.com,8295041727,Dubai,Dubai,UAE,Gold,2023-01-30,Active
CUST004018,Paige,Rios,Female,1975-02-24,paige.rios@yahoo.com,3429523015,Chennai,Tamil Nadu,India,Diamond,2022-12-22,Inactive
CUST004019,John,Harris,Female,1969-04-19,john.harris@outlook.com,3441790385,Mumbai,Maharashtra,India,Gold,2026-07-19,Inactive
CUST004020,Courtney,Acosta,Female,1970-11-07,courtney.acosta@gmail.com,6919940460,Dubai,Dubai,UAE,Gold,2023-08-26,Active
CUST004021,Margaret,Johnson,Female,1976-11-26,margaret.johnson@yahoo.com,1275688977,Bengaluru,Karnataka,India,Platinum,2021-08-21,Inactive
CUST004022,Michael,Evans,Female,1984-01-08,michael.evans@outlook.com,9564205958,Hyderabad,Telangana,India,Platinum,2022-12-09,Inactive
CUST004023,Michael,Frederick,Male,2003-03-08,michael.frederick@outlook.com,0553110934,Delhi,Delhi,India,Diamond,2025-04-28,Active
CUST004024,Phillip,Baker,Female,2004-12-31,phillip.baker@yahoo.com,7620922244,Mumbai,Maharashtra,India,Platinum,2024-01-13,Active
CUST004025,Stephanie,Ray,Male,1974-03-02,stephanie.ray@outlook.com,3209541960,Delhi,Delhi,India,Silver,2026-05-09,Active
CUST004026,Krystal,Guerrero,Female,1978-11-30,krystal.guerrero@hotmail.com,0051966617,Chennai,Tamil Nadu,India,Gold,2023-06-27,Inactive
CUST004027,Tammy,George,Male,2007-01-02,tammy.george@yahoo.com,0386178878,New York,New York,United States,Diamond,2025-12-20,Active
CUST004028,Nathan,Murphy,Male,1984-05-20,nathan.murphy@gmail.com,0900364528,Chennai,Tamil Nadu,India,Diamond,2024-01-23,Active
CUST004029,Mark,Hoffman,Male,1984-01-06,mark.hoffman@yahoo.com,2942539044,Hyderabad,Telangana,India,Gold,2022-03-12,Active
CUST004030,Mary,Lawrence,Female,1961-08-03,mary.lawrence@gmail.com,2304281442, Bengaluru,Karnataka,India,Platinum,2024-10-05,Inactive
CUST004031,Katherine,Wilson,Male,1980-11-21,katherine.wilson@gmail.com,3859366559,Delhi,Delhi,India,Gold,2021-09-07,Inactive
CUST004032,Veronica,Rodriguez,Male,1983-08-21,veronica.rodriguez@yahoo.com,9020333826,Hyderabad,Telangana,India,Silver,2025-09-22,Active
CUST004033,Michael,Alvarez,Male,1999-04-14,michael.alvarez@gmail.com,5963717977,Delhi,Delhi,India,Silver,2024-01-10,Inactive
CUST004034,Paula,Coleman,Female,1968-06-03,paula.coleman@outlook.com,3591262525,Chennai,Tamil Nadu,India,Platinum,2025-02-18,Inactive
CUST004035,Eric,Anderson,Male,1985-08-21,eric.anderson@yahoo.com,2452781694,Bengaluru,Karnataka,India,Platinum,2025-12-05,Inactive
CUST004036,Steve,Murray,Female,2002-03-08,steve.murray@yahoo.com,6713392008,Sydney,New South Wales,Australia,Platinum,2024-01-14,Active
CUST004037,John,Clay,Male,2004-09-23,john.clay@gmail.com,7170366773,New York,New York,United States,Diamond,2023-08-23,Active
CUST004038,Ryan,Williams,Male,2006-09-07,ryan.williams@hotmail.com,2923201302,New York,New York,United States,Silver,2026-01-04,Inactive
CUST004039,William,Padilla,Female,1968-11-19,william.padilla@outlook.com,6975174170,Dubai,Dubai,UAE,Silver,2024-01-28,Active
CUST004040,Joyce,Clements,Female,1981-10-19,joyce.clements@gmail.com,7463995211,Hyderabad ,Telangana,India,Diamond,2025-07-29,Inactive
CUST004041,Amanda,Green,Male,2001-11-08,amanda.green@yahoo.com,0821740258,Hyderabad,Telangana,India,Gold,2022-10-27,Active
CUST004042,John,Dixon,Female,1973-05-10,john.dixon@outlook.com,5160221734,Singapore,Singapore,Singapore,Silver,2024-02-24,Inactive
CUST004043,Shawn,Curtis,Female,1976-07-25,shawn.curtis@outlook.com,8432599597,Bengaluru,Karnataka,India,Diamond,2024-01-31,Active
CUST004044,Jason,Anderson,Male,1975-02-09,jason.anderson@outlook.com,7068684174,London,England,United Kingdom,Gold,2022-08-10,Active
CUST004045,Daryl,James,Male,1997-02-21,daryl.james@hotmail.com,0025409391,MUMBAI,Maharashtra,India,Silver,2023-09-14,Active
CUST004046,Krystal,Brown,Male,1998-10-15,krystal.brown@gmail.com,7428540080,Bengaluru,Karnataka,India,Diamond,2025-08-31,Active
CUST004047,Cody,Le,Female,1982-10-17,cody.le@yahoo.com,4845207654,Hyderabad,Telangana,India,Diamond,2023-02-14,Inactive
CUST004048,Stephen,Wagner,Male,2000-11-26,gmail.com,0344883543,MUMBAI,Maharashtra,India,Diamond,2021-10-29,Inactive
CUST004049,Mike,Guzman,Male,1992-05-02,mike.guzman@hotmail.com,5858180851,Singapore,Singapore,Singapore,Diamond,2024-08-15,Active
CUST004050,Stacy,Diaz,Male,1984-08-11,stacy.diaz@gmail.com,4783785691,Hyderabad,Telangana,India,Platinum,2023-07-06,Inactive
CUST004051,Diane,Nelson,Male,1993-05-01,diane.nelson@outlook.com,1768769594,Dubai,Dubai,UAE,Silver,2022-09-18,Inactive
CUST004052,Crystal,Hanson,Male,1983-08-27,crystal.hanson@hotmail.com,3926117005,Hyderabad,Telangana,India,Silver,2023-04-26,Active
CUST004053,Caroline,Brown,Male,1962-07-09,caroline.brown@gmail.com,1217188755,Bengaluru,Karnataka,India,Platinum,2023-04-13,Inactive
CUST004054,Holly,Harris,Male,1998-04-12,holly.harris@hotmail.com,8227829344,Delhi,Delhi,India,Platinum,2022-07-31,Active
CUST004055,Angie,Fisher,Male,1965-01-23,angie.fisher@gmail.com,2032814013,Mumbai,Maharashtra,India,Gold,2025-11-09,Inactive
CUST004056,Joel,Taylor,Female,1968-10-27,joel.taylor@hotmail.com,8652753529,Delhi,Delhi,India,Diamond,2023-01-30,Inactive
CUST004057,Travis,Perez,Female,1994-10-13,travis.perez@outlook.com,8833181036,Dubai,Dubai,UAE,Diamond,2021-12-18,Active
CUST004058,Donald,Guerra,Female,1963-01-24,donald.guerra@yahoo.com,6552224136,Chennai,Tamil Nadu,India,Platinum,2024-07-29,Active
CUST004059,Samantha,Hart,Male,1987-09-23,samantha.hart@outlook.com,3743326675,Sydney,New South Wales,Australia,Silver,2025-05-09,Inactive
CUST004060,Larry,Martin,Male,2003-02-28,larry.martin@outlook.com,2205477484,Chennai,Tamil Nadu,India,Diamond,2024-02-18,Active
CUST004061,Tonya,Krueger,Female,1979-11-26,tonya.krueger@outlook.com,7819204148,New York,New York,United States,Gold,2026-07-24,Active
CUST004062,Glenn,Harris,Male,1983-02-13,glenn.harris@hotmail.com,8150137424,Bengaluru,Karnataka,India,Gold,2026-02-16,Inactive
CUST004063,Richard,Cardenas,Male,2003-08-14,richard.cardenas@yahoo.com,3503816141,Dubai,Dubai,UAE,Diamond,2022-03-31,Inactive
CUST004064,Deborah,Jones,Female,1998-10-15,deborah.jones@hotmail.com,1199287229,New York,New York,United States,Diamond,2025-08-19,Active
CUST004065,Christopher,Key,Male,1993-01-21,christopher.key@gmail.com,1683362473,New York,New York,United States,Gold,2024-09-19,Active
CUST004066,Sara,Wong,Female,2000-07-11,sara.wong@gmail.com,3227769072,Mumbai,Maharashtra,India,Diamond,2025-04-08,Active
CUST004067,Erik,Sparks,Male,2002-10-27,erik.sparks@outlook.com,5868645806,Singapore,Singapore,Singapore,Gold,2026-07-26,Active
CUST004068,Jessica,Dominguez,Female,1976-01-14,jessica.dominguez@gmail.com,4252318857,Singapore,Singapore,Singapore,Platinum,2022-07-01,Inactive
CUST004069,Emily,Adams,Male,1976-11-28,emily.adams@yahoo.com,7558467504,London,England,United Kingdom,Silver,2025-10-20,Inactive
CUST004070,Christopher,Mueller,Female,1972-02-09,christopher.mueller@hotmail.com,4188407879,New York,New York,United States,Gold,2024-03-16,Active
CUST004071,Peter,Sutton,Female,2002-12-22,peter.sutton@outlook.com,4664954960,Singapore,Singapore,Singapore,Silver,2022-02-06,Active
CUST004072,Christine,Perry,Female,2002-08-10,christine.perry@gmail.com,0022427126,Dubai,Dubai,UAE,Diamond,2022-02-16,Inactive
CUST004073,Patricia,Perry,Female,1956-01-08,patricia.perry@outlook.com,2981306078,New York,New York,United States,Platinum,2021-08-14,Active
CUST004074,Christine,Bush,Female,1990-09-29,christine.bush@yahoo.com,6745967920,Mumbai,Maharashtra,India,Platinum,2024-11-16,Inactive
CUST004075,Heidi,Palmer,Male,1996-05-21,heidi.palmer@outlook.com,1461219438,Chennai,Tamil Nadu,India,Platinum,2025-09-21,Inactive
CUST004076,Natasha,Jacobson,Female,1980-05-21,natasha.jacobson@hotmail.com,9960497532,Dubai,Dubai,UAE,Diamond,2026-02-07,Active
CUST004077,Christy,Scott,Female,1996-09-07,christy.scott@hotmail.com,9088740157,Sydney,New South Wales,Australia,Diamond,2022-11-11,Inactive
CUST004078,Melanie,Simpson,Male,1969-10-19,melanie.simpson@hotmail.com,9680826303,DUBAI,Dubai,UAE,Silver,2021-11-30,Inactive
CUST004079,Breanna,Bryant,Male,1974-01-29,breanna.bryant@gmail.com,0931130614,Sydney,New South Wales,Australia,Platinum,2024-02-01,Active
CUST004080,Patricia,Miller,Male,1991-04-06,patricia.miller@hotmail.com,2555421912,Bengaluru,Karnataka,India,Gold,2024-01-31,Inactive
CUST004081,Richard,Valenzuela,Male,1986-10-30,richard.valenzuela@gmail.com,3921438322,Mumbai,Maharashtra,India,Silver,2021-08-27,Inactive
CUST004082,Laura,Swanson,Male,1983-12-17,laura.swanson@yahoo.com,4511917461,Chennai,Tamil Nadu,India,Silver,2026-07-20,Active
CUST004083,Dennis,Hernandez,Female,1979-05-21,dennis.hernandez@gmail.com,6299839408,Dubai,Dubai,UAE,Platinum,2025-04-18,Active
CUST004084,Brian,Guzman,Male,1988-02-12,brian.guzman@gmail.com,5628302545,London,England,United Kingdom,Diamond,2023-05-15,Active
CUST004085,Catherine,Reid,Male,1997-08-10,catherine.reid@gmail.com,4542200718,London,England,United Kingdom,Diamond,2026-01-17,Inactive
CUST004086,Julian,Gross,Female,1999-01-27,julian.gross@outlook.com,5988879322,Hyderabad,Telangana,India,Gold,2021-10-09,Inactive
CUST004087,Tammie,Hall,Female,1991-01-13,,7761035530,Delhi,Delhi,India,Platinum,2026-03-03,Inactive
CUST004088,Brandon,Walker,Female,1984-04-10,brandon.walker@gmail.com,1232555715,Dubai,Dubai,UAE,Gold,2025-12-10,Inactive
CUST004089,Veronica,Spencer,Female,1981-05-25,veronica.spencer@outlook.com,8006642609,Delhi,Delhi,India,Silver,2022-10-13,Inactive
CUST004090,Joseph,Webster,Female,1985-06-29,###@gmail.com,8349060048,Delhi,Delhi,India,Silver,2022-03-23,Inactive
CUST004091,David,Horne,Female,2004-09-04,david.horne@hotmail.com,6865017913,Sydney,New South Wales,Australia,Platinum,2024-02-09,Inactive
CUST004092,James,Patton,Male,2002-03-20,james.patton@outlook.com,7595947214,New York,New York,United States,Diamond,2023-01-29,Inactive
CUST004093,Mark,Taylor,Male,1983-01-12,mark.taylor@hotmail.com,5643038876,Hyderabad,Telangana,India,Platinum,2022-01-26,Inactive
CUST004094,Kathy,Hobbs,Female,1963-04-13,kathy.hobbs@gmail.com,9075408189,Chennai,Tamil Nadu,India,Diamond,2025-02-08,Inactive
CUST004095,Rachel,Mcintosh,Male,1993-01-22,rachel.mcintosh@outlook.com,8617364117,Chennai,Tamil Nadu,India,Silver,2022-11-13,Active
CUST004096,Janet,Cross,Male,2004-05-21,janet.cross@gmail.com,0630222191,London,England,United Kingdom,Silver,2026-05-20,Active
CUST004097,Matthew,Thompson,Female,1962-07-07,matthew.thompson@hotmail.com,0242716676,Chennai,Tamil Nadu,India,Silver,2025-10-12,Active
CUST004098,Gregory,Ballard,Male,2007-01-13,gregory.ballard@hotmail.com,6360812992,Hyderabad,Telangana,India,Diamond,2026-02-23,Inactive
CUST004099,Victoria,Sanchez,Female,1988-10-17,victoria.sanchez@hotmail.com,6465795938,Hyderabad,Telangana,India,Silver,2025-05-27,Active
CUST004100,Kevin,Hudson,Male,1955-10-21,kevin.hudson@outlook.com,6571842468,Dubai,Dubai,UAE,Diamond,2024-06-06,Inactive
CUST004101,Luke,Turner,Female,1960-09-14,luke.turner@outlook.com,9455172901,New York,New York,United States,Diamond,2024-12-23,Active
CUST004102,Christopher,Mahoney,Male,1963-03-16,gmail.com,9205907595,Delhi,Delhi,India,Gold,2021-12-06,Active
CUST004103,Brian,Moore,Female,1969-10-24,brian.moore@yahoo.com,3002808468,Mumbai,Maharashtra,India,Platinum,2026-04-25,Active
CUST004104,Tristan,Meyer,Male,2001-06-04,tristan.meyer@hotmail.com,5784271287,Delhi,Delhi,India,Silver,2025-01-07,Inactive
CUST004105,Matthew,Roach,Female,1980-09-16,matthew.roach@gmail.com,7763468648,Mumbai,Maharashtra,India,Diamond,2021-09-16,Inactive
CUST004106,Nathan,Chandler,Female,1992-05-11,nathan.chandler@outlook.com,4229389062,Singapore,Singapore,Singapore,Platinum,2021-11-08,Inactive
CUST004107,Cassie,Webster,Female,1966-09-08,cassie.webster@yahoo.com,6585862242,Hyderabad,Telangana,India,Diamond,2021-12-24,Inactive
CUST004108,Roberto,Morgan,Female,1956-02-06,roberto.morgan@yahoo.com,3947864289,New York,New York,United States,Platinum,2024-05-19,Active
CUST004109,Brian,Miller,Male,1964-06-16,brian.miller@outlook.com,1149010560,Chennai,Tamil Nadu,India,Gold,2024-03-12,Inactive
CUST004110,Ashley,Haley,Male,1979-09-26,ashley.haley@gmail.com,7901738968, Dubai,Dubai,UAE,Platinum,2023-06-27,Inactive
CUST004111,Sally,Pierce,Male,1999-02-17,sally.pierce@hotmail.com,8623132229,Chennai ,Tamil Nadu,India,Gold,2025-11-14,Active
CUST004112,Beth,Fields,Female,2000-01-20,beth.fields@hotmail.com,4101029753,New York,New York,United States,Platinum,2026-04-05,Inactive
CUST004113,Eric,West,Male,2006-04-10,eric.west@hotmail.com,0566930046,London,England,United Kingdom,Silver,2023-03-12,Active
CUST004114,Bradley,Macdonald,Female,2005-04-13,bradley.macdonald@yahoo.com,2563927355,Mumbai,Maharashtra,India,Diamond,2023-02-28,Active
CUST004115,Julie,Miller,Female,1988-11-16,julie.miller@gmail.com,7682360909,Sydney,New South Wales,Australia,Silver,2025-10-16,Active
CUST004116,Jeffery,Meyer,Female,1986-04-30,jeffery.meyer@yahoo.com,0199005661,Mumbai,Maharashtra,India,Diamond,2023-03-27,Inactive
CUST004117,Chris,Gibbs,Male,1987-02-03,chris.gibbs@outlook.com,1515577026,Bengaluru,Karnataka,India,Diamond,2023-03-25,Inactive
CUST004118,Michelle,Campbell,Female,2004-05-14,michelle.campbell@gmail.com,0817120387,Bengaluru,Karnataka,India,Diamond,2024-11-21,Active
CUST004119,Desiree,Hudson,Male,2004-04-08,desiree.hudson@yahoo.com,4075985691,Hyderabad,Telangana,India,Diamond,2024-11-12,Active
CUST004120,Kelly,Morris,Male,2002-05-31,kelly.morris@gmail.com,3509225352,New York,New York,United States,Gold,2026-07-02,Active
CUST004121,Kimberly,Mora,Female,1974-07-21,kimberly.mora@outlook.com,7276047842,Singapore,Singapore,Singapore,Gold,2022-12-18,Active
CUST004122,Lauren,Park,Female,1961-05-13,lauren.park@yahoo.com,0450281658,Delhi,Delhi,India,Gold,2024-12-09,Inactive
CUST004123,Pamela,Miles,Female,2007-11-28,pamela.miles@outlook.com,3692837595,Chennai,Tamil Nadu,India,Gold,2024-02-05,Active
CUST004124,Mary,Robinson,Female,1962-04-12,mary.robinson@outlook.com,5223135860,Chennai,Tamil Nadu,India,Silver,2024-03-03,Active
CUST004125,Danielle,Reynolds,Male,1970-11-25,danielle.reynolds@gmail.com,7092013136,Bengaluru,Karnataka,India,Platinum,2024-12-22,Inactive
CUST004126,Rachel,Clark,Female,2007-05-08,rachel.clark@yahoo.com,0626412549,Delhi,Delhi,India,Silver,2023-04-30,Active
CUST004127,Richard,Miller,Female,1956-09-24,richard.miller@yahoo.com,0901915527,Chennai,Tamil Nadu,India,Silver,2026-05-09,Inactive
CUST004128,Bobby,Tran,Female,1965-04-26,bobby.tran@yahoo.com,9105438874,Chennai,Tamil Nadu,India,Diamond,2022-03-29,Active
CUST004129,Michael,Anderson,Female,1980-10-12,michael.anderson@gmail.com,8028257089,Hyderabad,Telangana,India,Platinum,2026-03-11,Active
CUST004130,Dana,Yu,Male,1959-05-15,dana.yu@gmail.com,5088279498,London,England,United Kingdom,Gold,2025-08-10,Active
CUST004131,Kayla,Sharp,Male,1981-06-20,kayla.sharp@gmail.com,9155989699, Bengaluru,Karnataka,India,Silver,2025-04-20,Inactive
CUST004132,Paul,Todd,Female,2006-11-22,paul.todd@outlook.com,4620197763,Chennai,Tamil Nadu,India,Silver,2026-04-26,Active
CUST004133,Ruth,Carroll,Female,1958-07-09,ruth.carroll@outlook.com,3619936260,Singapore,Singapore,Singapore,Platinum,2024-08-15,Active
CUST004134,Brian,Schultz,Female,1963-04-26,brian.schultz@yahoo.com,4066220977,Bengaluru,Karnataka,India,Diamond,2022-06-12,Active
CUST004135,Joshua,Schneider,Male,1974-05-12,joshua.schneider@outlook.com,7636287246,Mumbai,Maharashtra,India,Platinum,2022-06-20,Inactive
CUST004136,Nichole,Romero,Female,1970-08-26,nichole.romero@gmail.com,1343211782,London,England,United Kingdom,Diamond,2026-04-25,Active
CUST004137,Corey,Orozco,Female,1962-06-08,corey.orozco@yahoo.com,1925163629,New York,New York,United States,Diamond,2025-12-10,Active
CUST004138,Nathan,Porter,Male,2000-10-11,nathan.porter@yahoo.com,3032974111,Delhi,Delhi,India,Platinum,2025-12-20,Active
CUST004139,Shannon,Peterson,Male,1992-09-25,shannon.peterson@outlook.com,0572056010,Hyderabad,Telangana,India,Diamond,2025-10-31,Active
CUST004140,David,Martin,Female,1986-08-22,david.martin@yahoo.com,5921181028,London,England,United Kingdom,Diamond,2026-05-07,Active
CUST004141,Nicholas,Hamilton,Female,1984-11-06,nicholas.hamilton@gmail.com,5668435458,New York,New York,United States,Platinum,2021-10-07,Active
CUST004142,Christopher,Anderson,Female,1956-08-12,christopher.anderson@hotmail.com,8130521720,Mumbai,Maharashtra,India,Platinum,2022-11-30,Inactive
CUST004143,Antonio,Duke,Male,1971-12-31,antonio.duke@yahoo.com,8101474150,Hyderabad,Telangana,India,Diamond,2025-11-20,Active
CUST004144,Thomas,Vargas,Female,1970-12-16,thomas.vargas@yahoo.com,7778329893,Delhi,Delhi,India,Gold,2024-10-11,Inactive
CUST004145,Melissa,James,Female,1980-08-24,melissa.james@outlook.com,5044007647,Singapore,Singapore,Singapore,Diamond,2023-09-19,Active
CUST004146,Lisa,Scott,Female,1957-01-28,lisa.scott@hotmail.com,8278841329,New York,New York,United States,Diamond,2026-07-13,Active
CUST004147,Lisa,Jones,Male,1997-06-23,lisa.jones@yahoo.com,5667171214,Delhi,Delhi,India,Diamond,2022-12-13,Active
CUST004148,Teresa,Moore,Female,2002-09-09,teresa.moore@hotmail.com,2542167073, Hyderabad,Telangana,India,Gold,2023-06-28,Active
CUST004149,Samantha,Cook,Male,1988-06-11,samantha.cook@outlook.com,7752021662,Hyderabad,Telangana,India,Platinum,2022-12-22,Inactive
CUST004150,John,Olsen,Female,1982-07-02,john.olsen@outlook.com,6731642690,Mumbai,Maharashtra,India,Silver,2023-07-27,Inactive
CUST004151,Chad,Baker,Male,1959-10-12,chad.baker@outlook.com,3751843890,Sydney,New South Wales,Australia,Silver,2021-08-31,Active
CUST004152,Chloe,Roman,Female,2006-08-20,chloe.roman@outlook.com,8902009640,Sydney,New South Wales,Australia,Diamond,2021-10-10,Active
CUST004153,Crystal,Vaughn,Female,2000-02-08,crystal.vaughn@outlook.com,1660915925,Bengaluru,Karnataka,India,Silver,2025-02-26,Inactive
CUST004154,Stephanie,Smith,Male,1988-04-23,stephanie.smith@outlook.com,5919135051,Hyderabad,Telangana,India,Silver,2024-10-10,Active
CUST004155,Brian,Reynolds,Male,1991-09-22,brian.reynolds@yahoo.com,9893905845,Delhi,Delhi,India,Gold,2025-09-30,Inactive
CUST004156,Stephen,Owens,Female,1968-10-21,stephen.owens@yahoo.com,5980990351,Singapore,Singapore,Singapore,Gold,2023-10-29,Inactive
CUST004157,Lisa,Kramer,Female,1985-01-17,lisa.kramer@hotmail.com,9954163730, New York,New York,United States,Platinum,2025-04-15,Active
CUST004158,Patricia,Pugh,Male,1979-02-14,patricia.pugh@gmail.com,7034859464,Mumbai,Maharashtra,India,Gold,2022-03-12,Inactive
CUST004159,Debra,Bailey,Male,1958-01-05,debra.bailey@gmail.com,9042027843,Delhi,Delhi,India,Diamond,2022-12-26,Inactive
CUST004160,Mark,Glass,Male,1960-06-22,mark.glass@outlook.com,6853184456,London,England,United Kingdom,Platinum,2023-08-03,Active
CUST004161,David,Krause,Female,1991-05-14,david.krause@yahoo.com,4491644178,Mumbai,Maharashtra,India,Platinum,2026-04-07,Inactive
CUST004162,Leroy,Glover,Male,2000-01-11,leroy.glover@hotmail.com,5271358370,Mumbai,Maharashtra,India,Silver,2024-01-10,Inactive
CUST004163,Eugene,Wilson,Female,2002-12-17,eugene.wilson@gmail.com,6734500945,London,England,United Kingdom,Gold,2023-02-13,Inactive
CUST004164,Adriana,Jones,Female,1998-10-14,adriana.jones@hotmail.com,1865172420,Hyderabad,Telangana,India,Silver,2024-07-24,Active
CUST004165,Dennis,Lopez,Male,1977-08-24,dennis.lopez@yahoo.com,0717342694, Mumbai,Maharashtra,India,Diamond,2023-07-28,Inactive
CUST004166,Nicole,Alvarez,Female,1992-07-31,@gmail.com,0010108295,Singapore,Singapore,Singapore,Gold,2026-03-18,Active
CUST004167,Rebecca,Scott,Male,2007-06-19,rebecca.scott@gmail.com,6821769205,Mumbai,Maharashtra,India,Gold,2021-09-25,Active
CUST004168,Joshua,Walker,Female,2005-09-27,joshua.walker@outlook.com,5037896493,New York,New York,United States,Diamond,2025-07-27,Inactive
CUST004169,Jared,Rodriguez,Male,1964-07-09,jared.rodriguez@hotmail.com,6952646124,Mumbai,Maharashtra,India,Diamond,2024-01-27,Inactive
CUST004170,Danny,Bennett,Male,2008-02-20,danny.bennett@outlook.com,9535999803,London,England,United Kingdom,Gold,2024-03-05,Inactive
CUST004171,Kevin,Thompson,Male,1963-01-05,kevin.thompson@outlook.com,3722537085,Sydney,New South Wales,Australia,Silver,2024-06-19,Inactive
CUST004172,David,Walsh,Male,1998-10-12,david.walsh@outlook.com,6804642770,Mumbai,Maharashtra,India,Gold,2022-04-12,Active
CUST004173,Brandon,Mccoy,Male,1970-04-11,brandon.mccoy@gmail.com,7922187470,Sydney,New South Wales,Australia,Silver,2024-06-27,Inactive
CUST004174,Shannon,Garcia,Male,1976-03-15,shannon.garcia@hotmail.com,4412594597,New York,New York,United States,Gold,2025-06-30,Active
CUST004175,Lisa,Garza,Female,1992-02-12,lisa.garza@gmail.com,7824168239,London,England,United Kingdom,Silver,2022-05-14,Inactive
CUST004176,Travis,Moore,Male,2001-01-28,travis.moore@yahoo.com,7595779785,Hyderabad,Telangana,India,Silver,2024-02-22,Active
CUST004177,Samuel,Scott,Female,1957-08-26,samuel.scott@outlook.com,5827111577,Chennai,Tamil Nadu,India,Platinum,2023-05-13,Active
CUST004178,Tracy,Smith,Female,2007-07-10,tracy.smith@gmail.com,7466373875,Sydney,New South Wales,Australia,Silver,2022-11-24,Active
CUST004179,Brandi,Smith,Female,1993-05-15,brandi.smith@outlook.com,9366181940,Chennai,Tamil Nadu,India,Diamond,2024-02-03,Inactive
CUST004180,Todd,Lamb,Female,1989-06-02,todd.lamb@gmail.com,5498217935,Dubai,Dubai,UAE,Silver,2022-06-16,Inactive
CUST004181,Brian,Mason,Female,1987-09-14,brian.mason@outlook.com,0462193373,Dubai,Dubai,UAE,Silver,2025-11-21,Inactive
CUST004182,Henry,Goodman,Male,1994-07-05,henry.goodman@yahoo.com,0797919460,Chennai,Tamil Nadu,India,Gold,2022-07-29,Active
CUST004183,David,Ruiz,Female,2001-03-22,david.ruiz@outlook.com,7143442054,Sydney,New South Wales,Australia,Diamond,2022-08-21,Inactive
CUST004184,Cheryl,Adkins,Male,1972-05-05,cheryl.adkins@hotmail.com,5696132878,Mumbai,Maharashtra,India,Diamond,2022-08-07,Active
CUST004185,Daniel,Hampton,Male,1995-05-19,daniel.hampton@hotmail.com,9875420435,Chennai,Tamil Nadu,India,Platinum,2025-12-21,Inactive
CUST004186,Monica,Mullins,Female,1980-06-02,monica.mullins@outlook.com,3791475502,Singapore,Singapore,Singapore,Diamond,2025-08-19,Inactive
CUST004187,Trevor,Sanders,Female,1971-01-03,trevor.sanders@yahoo.com,8304840537,New York,New York,United States,Platinum,2024-11-10,Active
CUST004188,Cory,Kim,Female,1988-03-08,cory.kim@yahoo.com,0204175804,Hyderabad,Telangana,India,Silver,2023-08-28,Active
CUST004189,Andrea,Kelly,Female,1969-01-06,andrea.kelly@yahoo.com,7196594362,Sydney,New South Wales,Australia,Silver,2021-10-01,Active
CUST004190,Kelly,Larson,Female,2005-05-28,kelly.larson@outlook.com,5683287981,Chennai,Tamil Nadu,India,Silver,2024-03-05,Active
CUST004191,Ashley,Warren,Female,2004-08-12,ashley.warren@yahoo.com,4644453829,Chennai,Tamil Nadu,India,Silver,2022-08-28,Active
CUST004192,Shannon,Haley,Female,1977-02-14,shannon.haley@gmail.com,0616115828,Singapore,Singapore,Singapore,Silver,2023-08-04,Active
CUST004193,Victor,Johnson,Female,1969-09-15,victor.johnson@outlook.com,2172276492,Dubai,Dubai,UAE,Platinum,2022-11-24,Active
CUST004194,Gregory,Hooper,Female,1965-11-03,gregory.hooper@yahoo.com,2989951082,Mumbai,Maharashtra,India,Gold,2021-12-31,Active
CUST004195,Dawn,Diaz,Female,1991-03-17,dawn.diaz@gmail.com,3789917044,Singapore,Singapore,Singapore,Platinum,2023-04-11,Inactive
CUST004196,Kristen,Wiley,Female,2003-05-07,kristen.wiley@hotmail.com,8898733147,Bengaluru,Karnataka,India,Gold,2023-07-01,Inactive
CUST004197,Paula,Phillips,Female,2007-05-14,paula.phillips@hotmail.com,1922300809,SINGAPORE,Singapore,Singapore,Gold,2023-08-04,Inactive
CUST004198,Tanya,Harper,Male,1973-09-25,tanya.harper@gmail.com,5801696357,Chennai,Tamil Nadu,India,Diamond,2026-05-17,Active
CUST004199,Katherine,Vazquez,Female,1991-07-22,katherine.vazquez@outlook.com,4531045206,Delhi,Delhi,India,Gold,2021-08-12,Inactive
CUST004200,Eric,Jordan,Male,1962-11-26,eric.jordan@gmail.com,1186222535,Hyderabad,Telangana,India,Diamond,2026-06-22,Inactive
CUST004201,Abigail,Mcdonald,Male,1972-06-29,abigail.mcdonald@gmail.com,5833050007,Dubai,Dubai,UAE,Silver,2021-11-07,Inactive
CUST004202,Loretta,Ortega,Male,1994-09-05,loretta.ortega@gmail.com,0713630996,Chennai,Tamil Nadu,India,Platinum,2022-10-28,Active
CUST004203,Jason,Davis,Female,2004-02-20,jason.davis@outlook.com,5496311086,Chennai,Tamil Nadu,India,Silver,2025-10-11,Inactive
CUST004204,Tyler,Anderson,Male,1992-07-26,tyler.anderson@gmail.com,0215020642,Dubai,Dubai,UAE,Platinum,2022-03-28,Inactive
CUST004205,Kristin,Dominguez,Male,2004-01-24,kristin.dominguez@hotmail.com,0833827986,Bengaluru,Karnataka,India,Platinum,2021-10-19,Inactive
CUST004206,Victoria,Guzman,Male,1959-06-20,victoria.guzman@gmail.com,5523251792,Sydney,New South Wales,Australia,Platinum,2026-01-10,Active
CUST004207,Mandy,Golden,Female,2005-03-04,mandy.golden@yahoo.com,0017680991,Dubai,Dubai,UAE,Silver,2025-01-22,Active
CUST004208,Natasha,Brown,Female,1958-03-26,natasha.brown@yahoo.com,,New York,New York,United States,Platinum,2023-12-24,Active
CUST004209,John,Wallace,Male,1974-03-27,john.wallace@outlook.com,7768675609,Singapore,Singapore,Singapore,Silver,2022-07-30,Inactive
CUST004210,Randy,Jenkins,Male,1959-06-25,randy.jenkins@outlook.com,3951397847,Hyderabad,Telangana,India,Diamond,2025-07-18,Active
CUST004211,Anthony,Reilly,Male,1957-07-25,anthony.reilly@hotmail.com,4686823440,Sydney,New South Wales,Australia,Platinum,2022-05-31,Inactive
CUST004212,Philip,Walsh,Female,1968-03-20,philip.walsh@hotmail.com,2413309953,Singapore,Singapore,Singapore,Platinum,2023-05-27,Active
CUST004213,Karen,Jackson,Male,1971-11-29,karen.jackson@hotmail.com,1579482476,Mumbai,Maharashtra,India,Gold,2022-03-17,Active
CUST004214,Sharon,Hicks,Female,1959-12-16,sharon.hicks@hotmail.com,0949074656,Dubai,Dubai,UAE,Platinum,2025-09-02,Inactive
CUST004215,Brittany,Atkinson,Female,1978-03-07,brittany.atkinson@gmail.com,6646189814,Bengaluru,Karnataka,India,Diamond,2022-06-15,Inactive
CUST004216,Teresa,Romero,Female,1965-03-08,teresa.romero@hotmail.com,1328107681,Delhi,Delhi,India,Gold,2022-02-28,Active
CUST004217,Lauren,Carter,Female,1974-03-01,lauren.carter@yahoo.com,8604401904,Hyderabad,Telangana,India,Platinum,2022-07-06,Inactive
CUST004218,Kevin,Brown,Male,1964-05-02,kevin.brown@outlook.com,2668872060,Delhi,Delhi,India,Silver,2026-05-11,Active
CUST004219,Virginia,Wilson,Male,1968-12-12,virginia.wilson@gmail.com,2005314649,New York,New York,United States,Silver,2023-02-12,Inactive
CUST004220,Gabriel,Ortiz,Male,1980-12-05,gabriel.ortiz@outlook.com,1515828932,Sydney,New South Wales,Australia,Diamond,2023-09-16,Inactive
CUST004221,Thomas,Walls,Female,1999-02-10,thomas.walls@gmail.com,3284133680,Delhi,Delhi,India,Diamond,2022-02-14,Inactive
CUST004222,Joe,Jones,Male,1983-01-10,joe.jones@outlook.com,0946863199,Singapore,Singapore,Singapore,Diamond,2022-04-27,Active
CUST004223,Susan,Brown,Male,2006-06-25,susan.brown@gmail.com,9583637418,Chennai,Tamil Nadu,India,Platinum,2025-11-11,Inactive
CUST004224,Gavin,Martin,Male,1991-08-23,gavin.martin@yahoo.com,7365887282,Mumbai,Maharashtra,India,Silver,2025-01-30,Inactive
CUST004225,Omar,Stark,Female,1985-10-05,omar.stark@yahoo.com,9156053996,Sydney,New South Wales,Australia,Silver,2023-02-10,Inactive
CUST004226,Raymond,Watson,Male,2003-10-11,raymond.watson@gmail.com,,New York,New York,United States,Gold,2024-07-13,Active
CUST004227,Richard,Lawson,Female,1997-12-29,richard.lawson@yahoo.com,2088652055,Mumbai,Maharashtra,India,Platinum,2022-11-28,Active
CUST004228,Gregory,Freeman,Male,1958-04-04,gregory.freeman@gmail.com,3535502981,Mumbai,Maharashtra,India,Platinum,2023-12-14,Inactive
CUST004229,Savannah,Obrien,Female,1993-03-18,savannah.obrien@hotmail.com,1540244576,Dubai,Dubai,UAE,Gold,2022-02-27,Active
CUST004230,Brittney,Snyder,Male,1991-05-30,brittney.snyder@outlook.com,4880587476,Chennai,Tamil Nadu,India,Silver,2023-09-27,Active
CUST004231,Daisy,Jones,Male,1969-09-19,daisy.jones@outlook.com,2415262709,Dubai,Dubai,UAE,Silver,2023-03-01,Active
CUST004232,Tara,Cunningham,Male,1956-12-27,tara.cunningham@gmail.com,2182719183,Mumbai,Maharashtra,India,Gold,2022-05-16,Inactive
CUST004233,Allison,Watson,Male,1965-09-08,allison.watson@outlook.com,3963085698,Dubai,Dubai,UAE,Gold,2026-07-08,Inactive
CUST004234,William,Stark,Male,1989-09-21,william.stark@gmail.com,7414463040,Dubai,Dubai,UAE,Diamond,2022-05-28,Active
CUST004235,Eugene,Garner,Female,2005-11-27,eugene.garner@gmail.com,2993651502,Delhi,Delhi,India,Diamond,2025-12-29,Inactive
CUST004236,Jack,Harris,Male,1959-06-13,,4719962086,Bengaluru,Karnataka,India,Silver,2022-12-05,Active
CUST004237,Larry,Meadows,Female,1974-05-30,larry.meadows@yahoo.com,2961324196,Mumbai,Maharashtra,India,Silver,2021-12-07,Active
CUST004238,Sandra,Campbell,Female,1968-08-12,sandra.campbell@gmail.com,5471356187,Dubai,Dubai,UAE,Platinum,2025-10-04,Active
CUST004239,Monica,Rivera,Male,1982-01-11,monica.rivera@outlook.com,,Chennai,Tamil Nadu,India,Silver,2023-05-31,Active
CUST004240,Amy,Matthews,Female,1974-01-13,amy.matthews@yahoo.com,5687153050,Sydney,New South Wales,Australia,Platinum,2026-05-25,Inactive
CUST004241,Lauren,Phillips,Female,2002-02-03,lauren.phillips@outlook.com,8198894399,Sydney,New South Wales,Australia,Diamond,2021-11-12,Inactive
CUST004242,Erica,Frank,Male,1959-03-16,erica.frank@hotmail.com,2224305973,Mumbai,Maharashtra,India,Silver,2023-11-28,Active
CUST004243,Patricia,Fritz,Male,1958-08-09,patricia.fritz@gmail.com,7686397162,New York,New York,United States,Platinum,2024-10-28,Active
CUST004244,Eric,Burnett,Male,1995-06-17,eric.burnett@yahoo.com,3190360112,Sydney,New South Wales,Australia,Gold,2023-04-17,Active
CUST004245,Amy,Watkins,Female,1972-07-01,amy.watkins@gmail.com,3821137636,Delhi,Delhi,India,Silver,2024-01-31,Inactive
CUST004246,Linda,Owen,Male,2000-07-30,linda.owen@yahoo.com,6524980198,Dubai,Dubai,UAE,Silver,2026-03-24,Inactive
CUST004247,Jamie,Hill,Male,1994-09-06,jamie.hill@outlook.com,8534789469,London,England,United Kingdom,Gold,2025-10-01,Inactive
CUST004248,Mark,Roberts,Female,1990-12-24,mark.roberts@yahoo.com,,Dubai,Dubai,UAE,Platinum,2026-06-26,Inactive
CUST004249,Sandra,Edwards,Male,2007-07-16,sandra.edwards@outlook.com,4728100289,Dubai,Dubai,UAE,Diamond,2022-02-26,Active
CUST004250,Virginia,Burnett,Male,1964-03-20,virginia.burnett@outlook.com,9101509632,New York,New York,United States,Platinum,2026-01-19,Inactive
CUST004251,Fernando,Guzman,Male,1973-10-20,fernando.guzman@gmail.com,6297862593,Bengaluru,Karnataka,India,Diamond,2026-03-12,Active
CUST004252,Nicholas,Nunez,Female,1977-12-13,nicholas.nunez@yahoo.com,5564829155,Singapore,Singapore,Singapore,Gold,2022-06-08,Inactive
CUST004253,Michael,Bauer,Male,1984-02-02,michael.bauer@hotmail.com,1819040308,Sydney,New South Wales,Australia,Silver,2023-08-29,Inactive
CUST004254,Gregory,Barrera,Female,1963-07-05,gregory.barrera@gmail.com,5540853641,Sydney,New South Wales,Australia,Silver,2022-09-15,Active
CUST004255,David,Brown,Female,1995-03-18,david.brown@gmail.com,6416882393,New York,New York,United States,Diamond,2023-01-22,Inactive
CUST004256,Joseph,Maldonado,Male,1965-02-25,joseph.maldonado@hotmail.com,9221124400,Chennai,Tamil Nadu,India,Silver,2022-05-16,Active
CUST004257,William,Moody,Male,1997-04-06,william.moody@outlook.com,1047710207,Bengaluru,Karnataka,India,Silver,2024-07-12,Active
CUST004258,Sherri,Goodman,Female,2000-01-05,sherri.goodman@outlook.com,2093288691,Delhi,Delhi,India,Platinum,2022-01-12,Inactive
CUST004259,Zachary,Martinez,Female,1977-04-15,zachary.martinez@outlook.com,5012581826,London,England,United Kingdom,Silver,2023-01-30,Active
CUST004260,Lori,Gilmore,Female,1982-04-04,lori.gilmore@outlook.com,5689645527,Delhi,Delhi,India,Diamond,2022-12-11,Active
CUST004261,Christian,Alvarez,Male,1962-12-08,christian.alvarez@yahoo.com,7552995080,New York,New York,United States,Gold,2025-07-11,Active
CUST004262,Amanda,Nunez,Female,1955-09-18,amanda.nunez@gmail.com,9363724975,London,England,United Kingdom,Platinum,2026-04-19,Active
CUST004263,Megan,Robinson,Female,2007-04-10,megan.robinson@outlook.com,3527798847,Dubai,Dubai,UAE,Gold,2023-05-29,Inactive
CUST004264,Kayla,Smith,Male,1997-11-27,kayla.smith@outlook.com,5748644989,New York,New York,United States,Platinum,2024-01-22,Active
CUST004265,Laurie,Webster,Male,1958-08-02,laurie.webster@hotmail.com,7703108351,New York,New York,United States,Silver,2025-08-09,Inactive
CUST004266,Alicia,Hale,Female,1999-03-25,alicia.hale@hotmail.com,1809977347,Sydney,New South Wales,Australia,Platinum,2025-06-01,Active
CUST004267,Edward,Nguyen,Female,1978-06-12,edward.nguyen@outlook.com,4285360722,Chennai,Tamil Nadu,India,Diamond,2022-04-22,Active
CUST004268,Larry,Hoover,Male,1973-10-24,larry.hoover@gmail.com,0724618879,London,England,United Kingdom,Platinum,2025-11-04,Inactive
CUST004269,John,White,Male,1974-06-14,john.white@outlook.com,5267178119,Delhi,Delhi,India,Platinum,2022-01-31,Active
CUST004270,Steven,Avery,Female,2007-10-25,gmail.com,9498925207,Chennai,Tamil Nadu,India,Diamond,2022-04-02,Inactive
CUST004271,Jacob,Estes,Male,1956-08-28,jacob.estes@gmail.com,4343927607,Hyderabad,Telangana,India,Gold,2024-07-05,Active
CUST004272,David,Peterson,Male,1956-04-23,david.peterson@hotmail.com,8554330557,Chennai,Tamil Nadu,India,Diamond,2026-06-21,Active
CUST004273,Alice,Brady,Male,1963-05-03,alice.brady@yahoo.com,1842070391,Singapore,Singapore,Singapore,Diamond,2022-04-02,Active
CUST004274,John,Harrison,Male,1983-10-24,john.harrison@gmail.com,3720585252,NEW YORK,New York,United States,Diamond,2021-11-06,Inactive
CUST004275,Melissa,Hebert,Male,1959-04-15,melissa.hebert@hotmail.com,9190246788,Singapore,Singapore,Singapore,Silver,2024-06-05,Active
CUST004276,Michelle,Chan,Female,2006-07-09,michelle.chan@hotmail.com,6556350614,Bengaluru,Karnataka,India,Silver,2025-08-21,Inactive
CUST004277,Diana,Porter,Female,1963-07-12,diana.porter@gmail.com,,Chennai,Tamil Nadu,India,Silver,2025-01-08,Inactive
CUST004278,Jaime,Jones,Male,2004-11-09,jaime.jones@hotmail.com,,Sydney,New South Wales,Australia,Silver,2021-10-31,Active
CUST004279,Christine,Perkins,Female,1971-12-05,christine.perkins@outlook.com,2063335939,Sydney,New South Wales,Australia,Gold,2025-02-22,Active
CUST004280,Carolyn,Howell,Female,1956-01-18,carolyn.howell@gmail.com,9899335653,New York,New York,United States,Platinum,2025-03-31,Inactive
CUST004281,Krista,Howell,Male,1963-01-23,krista.howell@yahoo.com,7003925051,Singapore,Singapore,Singapore,Gold,2022-01-11,Active
CUST004282,Ashley,Nelson,Male,1964-11-22,ashley.nelson@hotmail.com,6641649844,Singapore,Singapore,Singapore,Gold,2024-01-25,Inactive
CUST004283,Michael,Michael,Female,1962-05-12,michael.michael@yahoo.com,3449888323,Mumbai,Maharashtra,India,Silver,2026-03-04,Inactive
CUST004284,Alexander,Hicks,Male,1988-04-18,alexander.hicks@hotmail.com,8865098190,Dubai,Dubai,UAE,Gold,2025-10-17,Inactive
CUST004285,Mark,Garcia,Male,1983-01-18,,3911746029,Delhi,Delhi,India,Platinum,2022-12-27,Active
CUST004286,Nicole,Miller,Female,1999-06-27,nicole.miller@gmail.com,3028174878,Chennai,Tamil Nadu,India,Silver,2024-10-25,Inactive
CUST004287,John,Gallegos,Female,2007-02-02,john.gallegos@hotmail.com,5815049486,Delhi,Delhi,India,Gold,2026-04-12,Active
CUST004288,Victor,Martinez,Female,1977-01-21,victor.martinez@yahoo.com,2461719492,Mumbai,Maharashtra,India,Platinum,2023-02-17,Inactive
CUST004289,Michael,Maldonado,Male,1993-03-29,michael.maldonado@yahoo.com,5876660426,Bengaluru,Karnataka,India,Platinum,2026-02-01,Inactive
CUST004290,Alexis,Vasquez,Male,1963-07-28,alexis.vasquez@yahoo.com,7067655502,Chennai,Tamil Nadu,India,Gold,2025-11-23,Inactive
CUST004291,Barry,Wilcox,Female,1994-04-16,barry.wilcox@hotmail.com,0405895731,Bengaluru,Karnataka,India,Platinum,2023-06-14,Inactive
CUST004292,Danny,Black,Male,1966-06-26,danny.black@gmail.com,8793437746,Mumbai,Maharashtra,India,Diamond,2024-09-06,Inactive
CUST004293,Samantha,Smith,Male,2000-09-24,samantha.smith@outlook.com,4897036514,New York ,New York,United States,Gold,2024-11-02,Active
CUST004294,Ashley,Meyer,Female,1979-11-06,ashley.meyer@yahoo.com,7153899207,Bengaluru,Karnataka,India,Silver,2023-07-17,Active
CUST004295,Tracy,Kelley,Male,1972-07-11,tracy.kelley@outlook.com,0328981362,Sydney,New South Wales,Australia,Silver,2023-06-08,Inactive
CUST004296,Danielle,Miller,Male,1998-03-09,danielle.miller@yahoo.com,4896242642, Dubai,Dubai,UAE,Gold,2024-06-01,Inactive
CUST004297,Eric,Wood,Female,2004-06-18,eric.wood@hotmail.com,6795030984,New York,New York,United States,Silver,2023-05-17,Active
CUST004298,Brandon,Avila,Female,1957-05-19,brandon.avila@yahoo.com,0904463266,Singapore,Singapore,Singapore,Diamond,2022-11-09,Active
CUST004299,Jacob,Collins,Male,1996-08-14,jacob.collins@outlook.com,9085252227,Bengaluru,Karnataka,India,Silver,2025-02-11,Active
CUST004300,Christopher,Stone,Female,1956-03-12,christopher.stone@yahoo.com,8674253543,New York ,New York,United States,Silver,2022-03-18,Inactive
CUST004301,Brian,Potter,Female,1998-11-02,brian.potter@hotmail.com,2509629617,Sydney,New South Wales,Australia,Diamond,2021-12-27,Inactive
CUST004302,Rebecca,Price,Female,1980-06-27,rebecca.price@outlook.com,5782375654,New York,New York,United States,Platinum,2022-06-08,Inactive
CUST004303,William,Phelps,Male,1960-12-10,william.phelps@gmail.com,6005390526,Chennai,Tamil Nadu,India,Silver,2024-04-02,Active
CUST004304,Luis,Clark,Male,1994-06-21,luis.clark@gmail.com,8723866310,New York,New York,United States,Silver,2025-10-22,Inactive
CUST004305,Andrea,Bates,Male,1973-09-14,andrea.bates@outlook.com,3409384410,Bengaluru,Karnataka,India,Silver,2025-03-29,Inactive
CUST004306,Ronald,Lewis,Female,1962-07-27,ronald.lewis@yahoo.com,3619152377,Hyderabad,Telangana,India,Platinum,2022-08-15,Active
CUST004307,Stephanie,Ford,Female,1987-08-07,stephanie.ford@yahoo.com,1165506554,Hyderabad,Telangana,India,Silver,2025-05-05,Active
CUST004308,Jay,Cox,Male,1975-03-23,jay.cox@gmail.com,3825389563,New York,New York,United States,Diamond,2022-07-26,Inactive
CUST004309,Gary,Perry,Female,1970-04-14,gary.perry@yahoo.com,2364416236,Mumbai,Maharashtra,India,Platinum,2024-09-26,Active
CUST004310,Lindsey,Hunter,Female,2004-05-08,lindsey.hunter@gmail.com,3481667312,London,England,United Kingdom,Platinum,2022-11-17,Active
CUST004311,Elizabeth,Carr,Female,1973-01-29,elizabeth.carr@outlook.com,0032668412,Mumbai,Maharashtra,India,Gold,2025-11-29,Active
CUST004312,Steven,Manning,Male,1987-05-19,,2399488969,Sydney,New South Wales,Australia,Silver,2022-09-13,Active
CUST004313,Tyler,Johnson,Male,1986-08-02,###@gmail.com,4065937833,Delhi,Delhi,India,Gold,2024-06-29,Active
CUST004314,Kimberly,Wong,Male,1957-11-06,kimberly.wong@outlook.com,4790497867,Singapore,Singapore,Singapore,Gold,2026-02-03,Inactive
CUST004315,Robert,Moore,Male,1986-12-25,robert.moore@hotmail.com,2770553630,Sydney,New South Wales,Australia,Gold,2025-05-22,Active
CUST004316,Eric,Williams,Female,1956-03-08,eric.williams@hotmail.com,7725900439,Chennai,Tamil Nadu,India,Silver,2022-05-19,Active
CUST004317,Tyrone,Mitchell,Female,1958-07-01,tyrone.mitchell@gmail.com,9937735119,Dubai,Dubai,UAE,Silver,2025-12-11,Inactive
CUST004318,Dustin,Rogers,Female,2005-09-13,dustin.rogers@yahoo.com,4191861132,Chennai,Tamil Nadu,India,Platinum,2024-11-24,Inactive
CUST004319,Elizabeth,Wilkerson,Female,1971-09-17,elizabeth.wilkerson@hotmail.com,7788560922,Delhi,Delhi,India,Diamond,2024-09-15,Active
CUST004320,Jessica,Ortega,Female,1978-07-29,jessica.ortega@hotmail.com,4815585603, Hyderabad,Telangana,India,Platinum,2023-10-17,Active
CUST004321,Nicholas,Wilkerson,Female,1980-01-20,nicholas.wilkerson@gmail.com,8523058493,Chennai,Tamil Nadu,India,Diamond,2021-12-11,Inactive
CUST004322,Charles,Brewer,Female,1969-03-21,charles.brewer@hotmail.com,2379122390,Singapore,Singapore,Singapore,Platinum,2024-07-09,Inactive
CUST004323,Caroline,Hayes,Male,1987-03-13,gmail.com,8446673284,Delhi,Delhi,India,Silver,2022-11-08,Inactive
CUST004324,Donna,Chaney,Female,1963-05-17,donna.chaney@yahoo.com,1531157094,Delhi,Delhi,India,Silver,2026-03-31,Active
CUST004325,Maurice,Lopez,Female,1991-09-28,maurice.lopez@hotmail.com,8039947980,Chennai,Tamil Nadu,India,Gold,2026-07-20,Inactive
CUST004326,Douglas,Keller,Female,1977-10-02,douglas.keller@gmail.com,,Chennai,Tamil Nadu,India,Gold,2026-03-16,Active
CUST004327,John,Evans,Male,1970-06-22,john.evans@yahoo.com,9368402556,Hyderabad,Telangana,India,Silver,2025-10-09,Inactive
CUST004328,David,Li,Female,1990-09-18,david.li@yahoo.com,0833062842,Sydney,New South Wales,Australia,Platinum,2025-11-01,Inactive
CUST004329,Gary,Phillips,Male,1960-02-10,gary.phillips@outlook.com,3863555470,Delhi,Delhi,India,Platinum,2022-02-13,Inactive
CUST004330,Victor,Smith,Male,1972-05-31,victor.smith@yahoo.com,3894186690,New York,New York,United States,Platinum,2025-12-28,Inactive
CUST004331,Jennifer,Mills,Female,1993-01-19,jennifer.mills@yahoo.com,,Chennai,Tamil Nadu,India,Diamond,2022-02-16,Inactive
CUST004332,Heather,Myers,Male,2002-11-21,heather.myers@outlook.com,3964030146,Dubai,Dubai,UAE,Diamond,2024-01-12,Active
CUST004333,Chad,Lee,Female,1987-06-22,chad.lee@gmail.com,4209375580,Sydney,New South Wales,Australia,Silver,2024-05-02,Active
CUST004334,Jessica,Knight,Female,1999-09-21,jessica.knight@yahoo.com,8379544644,Bengaluru,Karnataka,India,Gold,2022-04-29,Inactive
CUST004335,Amber,Johnson,Female,1967-10-03,amber.johnson@outlook.com,8006537881,Hyderabad,Telangana,India,Platinum,2023-12-03,Active
CUST004336,Natalie,Ellis,Female,1965-08-19,natalie.ellis@yahoo.com,6395614544,Hyderabad,Telangana,India,Gold,2024-08-28,Inactive
CUST004337,Patricia,Phelps,Female,2002-07-27,patricia.phelps@yahoo.com,, London,England,United Kingdom,Silver,2025-12-12,Inactive
CUST004338,Robert,Smith,Female,2006-04-08,robert.smith@hotmail.com,3935861044,New York,New York,United States,Platinum,2025-07-23,Inactive
CUST004339,Jose,Hill,Female,1993-05-13,jose.hill@gmail.com,4317311071,Hyderabad,Telangana,India,Platinum,2026-01-09,Inactive
CUST004340,Kathleen,Mccullough,Female,1991-08-18,kathleen.mccullough@outlook.com,9563593285,Dubai,Dubai,UAE,Gold,2023-01-31,Active
CUST004341,Scott,Burns,Male,1976-05-21,scott.burns@outlook.com,1074235580,Singapore,Singapore,Singapore,Diamond,2022-11-09,Active
CUST004342,Jacob,Davis,Female,1979-11-05,jacob.davis@hotmail.com,1194760706,Bengaluru,Karnataka,India,Gold,2023-02-23,Active
CUST004343,Cynthia,Edwards,Male,1964-09-15,cynthia.edwards@yahoo.com,4970369898,Chennai,Tamil Nadu,India,Silver,2025-11-27,Inactive
CUST004344,Richard,Welch,Male,1983-02-18,richard.welch@gmail.com,1676333590,Dubai,Dubai,UAE,Gold,2024-07-14,Inactive
CUST004345,Scott,Schwartz,Male,1990-09-22,scott.schwartz@yahoo.com,7869024313,London,England,United Kingdom,Silver,2022-11-13,Active
CUST004346,Austin,Ryan,Male,1969-06-03,austin.ryan@gmail.com,1443547680,Hyderabad,Telangana,India,Diamond,2023-08-03,Inactive
CUST004347,Eugene,Stevens,Male,2007-05-11,eugene.stevens@hotmail.com,0365383365,Sydney,New South Wales,Australia,Platinum,2021-09-12,Inactive
CUST004348,Brian,Daniel,Male,1984-11-10,brian.daniel@hotmail.com,6701680420,Singapore,Singapore,Singapore,Platinum,2022-12-02,Inactive
CUST004349,Albert,King,Female,1962-10-14,albert.king@hotmail.com,4274160487,Bengaluru ,Karnataka,India,Platinum,2023-03-18,Inactive
CUST004350,Cynthia,Williams,Male,1985-01-04,cynthia.williams@outlook.com,0357825206,Sydney,New South Wales,Australia,Diamond,2023-04-26,Inactive
CUST004351,Andrew,Adkins,Male,1956-03-14,andrew.adkins@outlook.com,7018206398,Singapore,Singapore,Singapore,Diamond,2022-02-14,Inactive
CUST004352,Lisa,Edwards,Female,1978-08-04,lisa.edwards@hotmail.com,3672072890,Singapore,Singapore,Singapore,Gold,2021-08-30,Active
CUST004353,Erik,Hall,Female,1985-10-04,erik.hall@hotmail.com,6968450673,Mumbai,Maharashtra,India,Silver,2022-03-18,Active
CUST004354,Felicia,Sheppard,Male,1959-03-29,felicia.sheppard@outlook.com,0078534694,Delhi,Delhi,India,Diamond,2024-03-02,Active
CUST004355,Melissa,Mcfarland,Female,1987-04-12,melissa.mcfarland@yahoo.com,7429246927,Mumbai,Maharashtra,India,Platinum,2022-04-04,Inactive
CUST004356,Christina,Gonzalez,Male,1976-10-27,christina.gonzalez@gmail.com,9578633718,Sydney,New South Wales,Australia,Diamond,2025-03-04,Inactive
CUST004357,Patrick,Yu,Male,1978-12-13,patrick.yu@hotmail.com,5898227068,Hyderabad,Telangana,India,Diamond,2026-04-22,Inactive
CUST004358,John,Donovan,Female,1960-10-18,john.donovan@outlook.com,2313107781,Bengaluru,Karnataka,India,Diamond,2025-09-29,Inactive
CUST004359,Jasmine,Carter,Male,1965-07-20,,7089243422,Chennai,Tamil Nadu,India,Platinum,2024-08-24,Inactive
CUST004360,Janet,Smith,Female,2001-02-04,janet.smith@gmail.com,2394184746,New York,New York,United States,Silver,2022-10-07,Inactive
CUST004361,Eric,Dixon,Male,1988-02-12,eric.dixon@outlook.com,0158389292,Mumbai,Maharashtra,India,Diamond,2025-09-18,Inactive
CUST004362,Anthony,Owens,Male,1959-09-29,anthony.owens@yahoo.com,5367926020,New York,New York,United States,Platinum,2023-02-14,Active
CUST004363,Kim,Thompson,Female,1994-07-27,kim.thompson@yahoo.com,9932636816,Hyderabad,Telangana,India,Gold,2022-03-17,Inactive
CUST004364,Stephanie,Johnson,Male,1995-05-16,stephanie.johnson@gmail.com,6835130155,Chennai,Tamil Nadu,India,Platinum,2024-04-25,Active
CUST004365,Joshua,Bell,Male,1978-04-28,joshua.bell@gmail.com,1609229795,Mumbai,Maharashtra,India,Gold,2021-09-21,Inactive
CUST004366,Caleb,Haley,Female,2001-01-05,caleb.haley@yahoo.com,0930971456,NEW YORK,New York,United States,Gold,2023-10-26,Inactive
CUST004367,Lauren,White,Female,1977-06-22,lauren.white@outlook.com,4366446143,Dubai,Dubai,UAE,Platinum,2022-10-04,Inactive
CUST004368,Ruth,Hopkins,Male,1998-07-03,ruth.hopkins@yahoo.com,4255215139,Mumbai,Maharashtra,India,Platinum,2023-10-16,Inactive
CUST004369,Stephen,Collins,Male,1956-08-08,stephen.collins@hotmail.com,,Singapore,Singapore,Singapore,Platinum,2023-06-11,Inactive
CUST004370,Sally,Garcia,Female,1956-01-28,sally.garcia@hotmail.com,9539867368,Dubai,Dubai,UAE,Silver,2021-12-18,Active
CUST004371,Victoria,Johnston,Male,1963-10-13,victoria.johnston@hotmail.com,5460761139,London,England,United Kingdom,Diamond,2022-12-28,Active
CUST004372,John,Calhoun,Female,1965-04-15,john.calhoun@outlook.com,8602319982,Mumbai,Maharashtra,India,Diamond,2022-03-25,Inactive
CUST004373,Lindsay,Sanchez,Male,1968-06-23,lindsay.sanchez@yahoo.com,9283167990,Bengaluru,Karnataka,India,Platinum,2026-01-23,Active
CUST004374,Rebecca,Mendoza,Female,2005-08-15,rebecca.mendoza@gmail.com,6526069656,Hyderabad,Telangana,India,Gold,2025-02-28,Active
CUST004375,Jeffrey,Snow,Male,1981-04-05,jeffrey.snow@yahoo.com,1917598223,Hyderabad,Telangana,India,Diamond,2024-12-27,Active
CUST004376,Michelle,Chapman,Male,1973-08-14,michelle.chapman@yahoo.com,1450920732,Dubai,Dubai,UAE,Diamond,2023-08-16,Active
CUST004377,Rebecca,Cervantes,Male,1977-01-23,rebecca.cervantes@hotmail.com,6840305619,Bengaluru,Karnataka,India,Platinum,2022-03-05,Active
CUST004378,Patrick,Jones,Male,2000-06-04,patrick.jones@hotmail.com,2958781148,Dubai,Dubai,UAE,Platinum,2023-05-10,Inactive
CUST004379,Jennifer,Brock,Female,2006-03-22,jennifer.brock@hotmail.com,1136572324,Hyderabad,Telangana,India,Gold,2022-09-25,Inactive
CUST004380,Terri,Reed,Male,1982-05-17,terri.reed@hotmail.com,5065172157,Chennai,Tamil Nadu,India,Platinum,2024-12-18,Inactive
CUST004381,Charles,King,Male,1962-07-03,charles.king@gmail.com,7460121627,London,England,United Kingdom,Diamond,2021-10-13,Inactive
CUST004382,Vanessa,Hansen,Female,1992-09-12,vanessa.hansen@hotmail.com,6508868620,New York,New York,United States,Gold,2024-07-20,Inactive
CUST004383,Kathleen,Wilson,Female,1991-11-19,kathleen.wilson@outlook.com,3081160946,Sydney,New South Wales,Australia,Silver,2022-05-31,Inactive
CUST004384,Mark,Middleton,Male,1976-11-13,mark.middleton@gmail.com,1342973774,Chennai,Tamil Nadu,India,Platinum,2025-10-29,Active
CUST004385,Scott,Hernandez,Male,2000-07-23,scott.hernandez@outlook.com,3653235502,Delhi,Delhi,India,Silver,2024-01-14,Inactive
CUST004386,Samantha,Allen,Female,1999-11-26,samantha.allen@outlook.com,0531981143,New York,New York,United States,Silver,2022-04-28,Inactive
CUST004387,Charles,Cruz,Male,1987-02-07,charles.cruz@gmail.com,0404955014,Hyderabad,Telangana,India,Gold,2021-09-23,Active
CUST004388,Austin,Miller,Male,2002-04-21,austin.miller@gmail.com,6787899840,Hyderabad,Telangana,India,Silver,2024-01-03,Active
CUST004389,Joshua,Cunningham,Male,1966-10-11,joshua.cunningham@hotmail.com,2536649276,New York,New York,United States,Platinum,2024-05-02,Active
CUST004390,Jamie,Gray,Female,1969-06-02,jamie.gray@outlook.com,9094670300,London,England,United Kingdom,Gold,2026-05-29,Inactive
CUST004391,Michael,Whitaker,Male,1980-06-11,michael.whitaker@hotmail.com,8679298247,Bengaluru,Karnataka,India,Platinum,2024-10-07,Inactive
CUST004392,Margaret,Roth,Male,2000-02-08,,7704228344,Delhi,Delhi,India,Diamond,2025-04-06,Inactive
CUST004393,Jonathan,Little,Female,1962-11-14,jonathan.little@outlook.com,0439404665,London,England,United Kingdom,Diamond,2026-02-06,Inactive
CUST004394,Mary,Rogers,Male,1994-09-29,mary.rogers@gmail.com,5278988447,Dubai,Dubai,UAE,Diamond,2023-05-03,Active
CUST004395,Amber,Jacobs,Male,1992-06-05,amber.jacobs@hotmail.com,1864924365,SYDNEY,New South Wales,Australia,Silver,2025-10-10,Inactive
CUST004396,Dawn,Knight,Female,2005-08-13,dawn.knight@hotmail.com,9228812205,Hyderabad,Telangana,India,Platinum,2021-11-11,Active
CUST004397,Alicia,Cannon,Male,1958-07-23,alicia.cannon@hotmail.com,1366790791,Delhi,Delhi,India,Silver,2023-03-19,Active
CUST004398,Christopher,Clark,Male,1965-10-04,christopher.clark@gmail.com,8721625685,Delhi,Delhi,India,Silver,2026-02-14,Active
CUST004399,Brenda,Thomas,Male,1993-11-12,brenda.thomas@outlook.com,1067835480,Hyderabad,Telangana,India,Platinum,2025-10-09,Inactive
CUST004400,Nicole,Brown,Male,1963-08-22,nicole.brown@gmail.com,2001966988,Delhi,Delhi,India,Platinum,2023-12-08,Active
CUST004401,Felicia,Anderson,Male,2005-09-09,felicia.anderson@hotmail.com,9522410978,Dubai,Dubai,UAE,Silver,2021-12-04,Active
CUST004402,Robert,White,Male,1997-02-25,robert.white@outlook.com,4397509791,Bengaluru,Karnataka,India,Platinum,2025-10-19,Active
CUST004403,Lindsay,Smith,Female,1957-04-10,lindsay.smith@hotmail.com,3253972640,Chennai,Tamil Nadu,India,Diamond,2022-06-14,Inactive
CUST004404,Cheryl,Nelson,Female,1960-01-25,cheryl.nelson@outlook.com,4316973704,London,England,United Kingdom,Diamond,2023-11-01,Active
CUST004405,Adam,Lucas,Female,1957-03-30,abc@,0828263105,Mumbai,Maharashtra,India,Platinum,2023-04-25,Active
CUST004406,Ethan,Willis,Male,1973-05-03,ethan.willis@hotmail.com,2361707178,London,England,United Kingdom,Diamond,2024-07-06,Active
CUST004407,Elizabeth,Diaz,Male,1990-12-15,elizabeth.diaz@outlook.com,1000076427,New York,New York,United States,Silver,2023-03-10,Active
CUST004408,Christopher,Lopez,Female,1961-07-26,christopher.lopez@outlook.com,7961323467,Sydney,New South Wales,Australia,Silver,2024-02-19,Active
CUST004409,Bradley,Martin,Female,1970-12-25,bradley.martin@hotmail.com,6829798253,Delhi,Delhi,India,Silver,2025-04-27,Inactive
CUST004410,Thomas,Duffy,Female,1997-05-22,thomas.duffy@outlook.com,9460304957,London,England,United Kingdom,Platinum,2026-07-06,Active
CUST004411,Thomas,Robertson,Male,1972-04-16,thomas.robertson@outlook.com,3258325408,Hyderabad,Telangana,India,Diamond,2024-06-08,Active
CUST004412,Shaun,Garcia,Female,1957-03-20,shaun.garcia@hotmail.com,3193003009,Chennai,Tamil Nadu,India,Gold,2025-07-01,Active
CUST004413,Maria,Warren,Male,1960-03-25,maria.warren@outlook.com,9317384188,Hyderabad,Telangana,India,Platinum,2025-04-07,Inactive
CUST004414,Walter,Wood,Female,1972-05-14,walter.wood@hotmail.com,1322084941,Hyderabad,Telangana,India,Platinum,2025-10-16,Active
CUST004415,Steve,Summers,Female,1969-06-05,steve.summers@hotmail.com,8353303843,New York,New York,United States,Gold,2023-10-07,Inactive
CUST004416,Jonathan,Hendrix,Female,1970-05-05,jonathan.hendrix@outlook.com,6031942516,New York,New York,United States,Platinum,2025-09-15,Active
CUST004417,Andrew,Murray,Female,1983-09-18,andrew.murray@yahoo.com,0656664212,DUBAI ,Dubai,UAE,Gold,2021-12-14,Inactive
CUST004418,Tabitha,Rhodes,Male,1959-03-19,tabitha.rhodes@gmail.com,3113441391,Delhi,Delhi,India,Diamond,2023-11-29,Active
CUST004419,Jeremy,Harrell,Male,2007-12-12,jeremy.harrell@outlook.com,9779350130,New York,New York,United States,Platinum,2024-10-30,Inactive
CUST004420,Dana,Hanna,Female,1987-01-26,dana.hanna@gmail.com,3665800392,Dubai,Dubai,UAE,Platinum,2025-07-01,Inactive
CUST004421,Andrew,Allen,Male,1957-01-24,andrew.allen@outlook.com,4578885429,London,England,United Kingdom,Platinum,2026-02-11,Inactive
CUST004422,Michael,Castro,Male,1990-10-19,michael.castro@hotmail.com,9319162630,London,England,United Kingdom,Gold,2026-02-04,Active
CUST004423,Jessica,Jones,Female,2000-05-02,jessica.jones@hotmail.com,3615560205,Mumbai,Maharashtra,India,Gold,2021-09-28,Inactive
CUST004424,Charles,Johnson,Male,2004-01-14,charles.johnson@outlook.com,3549209449,Sydney,New South Wales,Australia,Silver,2022-08-04,Active
CUST004425,Robyn,Padilla,Female,2007-07-29,robyn.padilla@gmail.com,5708902346,Dubai,Dubai,UAE,Silver,2025-09-06,Active
CUST004426,Nathaniel,Taylor,Male,1987-10-02,nathaniel.taylor@hotmail.com,5450058895,Delhi,Delhi,India,Silver,2024-01-26,Inactive
CUST004427,Maria,Terry,Female,1956-05-01,maria.terry@yahoo.com,5972294287,Sydney,New South Wales,Australia,Diamond,2026-03-04,Inactive
CUST004428,Shane,Foster,Female,1974-07-12,shane.foster@yahoo.com,6353091792,Dubai,Dubai,UAE,Diamond,2023-02-07,Inactive
CUST004429,Robert,Carney,Male,1971-05-27,robert.carney@yahoo.com,1403635723,Singapore,Singapore,Singapore,Platinum,2023-05-14,Inactive
CUST004430,Theresa,Dunn,Female,1987-04-08,theresa.dunn@outlook.com,2416494477,Hyderabad,Telangana,India,Gold,2023-10-09,Inactive
CUST004431,Timothy,Jimenez,Male,1983-05-01,timothy.jimenez@gmail.com,9882314196,New York,New York,United States,Gold,2025-09-30,Inactive
CUST004432,Colin,Gardner,Male,1987-09-15,colin.gardner@hotmail.com,8952757240,Mumbai,Maharashtra,India,Diamond,2025-11-28,Inactive
CUST004433,Derrick,Pearson,Male,1991-09-26,derrick.pearson@hotmail.com,5909155383,Delhi,Delhi,India,Platinum,2023-07-17,Active
CUST004434,Kara,Morris,Male,2005-12-01,kara.morris@gmail.com,0811923611,Mumbai,Maharashtra,India,Silver,2024-07-29,Inactive
CUST004435,Heidi,Kramer,Female,1997-09-26,heidi.kramer@outlook.com,1630702089,New York,New York,United States,Silver,2026-04-12,Active
CUST004436,Marvin,Davis,Male,2004-12-14,marvin.davis@gmail.com,7453432916,Mumbai,Maharashtra,India,Gold,2026-02-09,Active
CUST004437,Shawn,Thompson,Female,1961-04-20,shawn.thompson@yahoo.com,7217972436,London,England,United Kingdom,Platinum,2025-10-05,Active
CUST004438,Monica,Lee,Male,2007-03-12,monica.lee@yahoo.com,0777664226,Delhi,Delhi,India,Platinum,2022-02-05,Inactive
CUST004439,Justin,Martinez,Female,1969-10-25,john@gmail,5067270852,London,England,United Kingdom,Gold,2021-09-19,Inactive
CUST004440,Gwendolyn,Mccarthy,Female,1998-09-05,gwendolyn.mccarthy@outlook.com,9099474649,Sydney,New South Wales,Australia,Diamond,2022-04-06,Active
CUST004441,Christopher,West,Female,1983-10-24,christopher.west@gmail.com,4643055001,Dubai,Dubai,UAE,Platinum,2023-06-19,Inactive
CUST004442,Nicholas,Santiago,Female,2003-08-23,nicholas.santiago@hotmail.com,8127182546,Hyderabad,Telangana,India,Silver,2022-08-12,Active
CUST004443,Bethany,Perez,Female,1971-12-27,bethany.perez@outlook.com,2163834491,Mumbai,Maharashtra,India,Diamond,2024-11-04,Inactive
CUST004444,Mike,Cummings,Male,1962-12-08,mike.cummings@yahoo.com,9262449832,London,England,United Kingdom,Diamond,2024-07-20,Active
CUST004445,Gabriel,Brown,Male,1985-07-22,gabriel.brown@gmail.com,7722885311,Singapore,Singapore,Singapore,Platinum,2025-11-15,Active
CUST004446,Rodney,Blankenship,Male,2006-02-13,rodney.blankenship@hotmail.com,4678391905,Dubai,Dubai,UAE,Gold,2022-05-21,Inactive
CUST004447,Christopher,Byrd,Male,1960-03-23,christopher.byrd@gmail.com,3283745107,Bengaluru,Karnataka,India,Platinum,2022-03-17,Inactive
CUST004448,Lindsay,Mitchell,Female,1978-05-18,lindsay.mitchell@gmail.com,1976157682,London,England,United Kingdom,Diamond,2021-10-06,Active
CUST004449,Jody,Lambert,Female,1999-01-21,jody.lambert@gmail.com,2176324436,Mumbai,Maharashtra,India,Diamond,2024-10-22,Inactive
CUST004450,Ricardo,Rhodes,Female,1993-02-23,ricardo.rhodes@hotmail.com,6218632668,Sydney,New South Wales,Australia,Gold,2025-04-08,Inactive
CUST004451,Kathy,Chandler,Female,1972-01-25,kathy.chandler@hotmail.com,8022405425,Dubai,Dubai,UAE,Diamond,2024-05-21,Active
CUST004452,Kelly,Roth,Female,1995-01-28,kelly.roth@yahoo.com,9326935601,Bengaluru,Karnataka,India,Gold,2023-12-03,Inactive
CUST004453,Lawrence,Avila,Male,2001-03-29,lawrence.avila@gmail.com,2987423752,Chennai,Tamil Nadu,India,Silver,2024-06-13,Active
CUST004454,James,Ramirez,Male,2000-04-23,james.ramirez@outlook.com,3757345561,Mumbai,Maharashtra,India,Gold,2022-03-03,Inactive
CUST004455,Sharon,Callahan,Male,1986-11-14,sharon.callahan@hotmail.com,1280230217,Dubai,Dubai,UAE,Silver,2024-06-15,Active
CUST004456,Maria,Brady,Male,1977-01-30,maria.brady@hotmail.com,7372194492,Mumbai,Maharashtra,India,Silver,2026-02-26,Inactive
CUST004457,Stephanie,Wall,Female,1967-02-20,stephanie.wall@yahoo.com,9182478593,Bengaluru,Karnataka,India,Silver,2021-08-14,Active
CUST004458,Daniel,Taylor,Male,1986-06-13,daniel.taylor@hotmail.com,2657010065,Chennai,Tamil Nadu,India,Platinum,2022-05-05,Active
CUST004459,Sherry,Rogers,Female,1972-02-29,sherry.rogers@yahoo.com,8788109462,Sydney,New South Wales,Australia,Gold,2025-06-12,Active
CUST004460,Shelby,Ortiz,Female,1961-08-06,shelby.ortiz@yahoo.com,3934599581,Mumbai,Maharashtra,India,Platinum,2024-08-14,Active
CUST004461,Amy,Chung,Male,1983-08-20,amy.chung@gmail.com,7753314869,Mumbai,Maharashtra,India,Diamond,2022-09-05,Active
CUST004462,Melissa,Davis,Female,1964-10-20,melissa.davis@yahoo.com,2619565770,Chennai,Tamil Nadu,India,Diamond,2022-11-11,Inactive
CUST004463,Michelle,Colon,Male,1967-08-04,michelle.colon@yahoo.com,0701407242,New York,New York,United States,Platinum,2026-06-06,Inactive
CUST004464,Crystal,Walker,Female,1968-03-04,crystal.walker@yahoo.com,4465863422,Mumbai,Maharashtra,India,Silver,2024-12-03,Inactive
CUST004465,Danny,Parker,Female,1994-06-14,danny.parker@outlook.com,4534103761,Dubai,Dubai,UAE,Gold,2024-06-30,Inactive
CUST004466,Catherine,Kennedy,Male,1962-07-10,catherine.kennedy@yahoo.com,6684652648,New York,New York,United States,Diamond,2026-02-13,Inactive
CUST004467,Tanya,Avila,Male,1957-08-14,tanya.avila@outlook.com,6039794002,New York,New York,United States,Gold,2023-06-14,Inactive
CUST004468,Ashley,Ross,Female,1987-04-16,ashley.ross@yahoo.com,0873571304,Dubai,Dubai,UAE,Diamond,2024-10-21,Active
CUST004469,Rhonda,Wolfe,Male,1970-05-11,rhonda.wolfe@yahoo.com,0399271907,Hyderabad,Telangana,India,Diamond,2025-04-21,Inactive
CUST004470,Garrett,Miller,Female,1982-10-23,garrett.miller@yahoo.com,2542759130,Dubai,Dubai,UAE,Diamond,2026-02-09,Active
CUST004471,Karen,Kennedy,Male,1985-12-01,karen.kennedy@yahoo.com,0847784477,Mumbai,Maharashtra,India,Silver,2024-06-03,Active
CUST004472,Amber,Hamilton,Female,1960-03-16,amber.hamilton@hotmail.com,8957342321,Bengaluru,Karnataka,India,Diamond,2024-01-04,Active
CUST004473,Kevin,Lopez,Female,2005-08-14,kevin.lopez@hotmail.com,4163441656,Hyderabad,Telangana,India,Silver,2023-03-28,Active
CUST004474,Tracy,Middleton,Female,1968-08-19,tracy.middleton@hotmail.com,5713050053,Delhi,Delhi,India,Silver,2021-11-07,Inactive
CUST004475,Carrie,Campos,Female,1997-10-05,carrie.campos@hotmail.com,,New York,New York,United States,Silver,2022-05-29,Active
CUST004476,Randy,Shaw,Male,2001-07-25,randy.shaw@gmail.com,8775349209,Sydney,New South Wales,Australia,Gold,2024-08-07,Active
CUST004477,Eric,Graves,Male,1956-01-23,eric.graves@yahoo.com,9067709219,Dubai ,Dubai,UAE,Platinum,2024-05-13,Inactive
CUST004478,Alexander,Williams,Female,1989-08-27,alexander.williams@gmail.com,5576017805,Chennai,Tamil Nadu,India,Platinum,2026-03-22,Active
CUST004479,Henry,Wagner,Male,1993-08-15,henry.wagner@outlook.com,7949069769,Bengaluru,Karnataka,India,Gold,2026-04-01,Active
CUST004480,Jennifer,Young,Male,1999-09-09,jennifer.young@yahoo.com,4396142707,Mumbai,Maharashtra,India,Silver,2023-06-18,Inactive
CUST004481,Clinton,Allen,Male,1994-04-22,clinton.allen@hotmail.com,5486864188,Bengaluru,Karnataka,India,Platinum,2023-03-13,Inactive
CUST004482,Mark,Rodriguez,Female,1977-07-25,mark.rodriguez@outlook.com,2020888054,Delhi,Delhi,India,Silver,2025-07-04,Active
CUST004483,Nicole,Coleman,Female,1979-12-02,nicole.coleman@gmail.com,7853854277,DUBAI,Dubai,UAE,Gold,2024-06-29,Inactive
CUST004484,Elijah,Walker,Female,1960-01-06,elijah.walker@hotmail.com,1220548231,Hyderabad,Telangana,India,Gold,2023-07-15,Inactive
CUST004485,Nicholas,Long,Male,1994-09-26,nicholas.long@hotmail.com,1840576855,New York,New York,United States,Gold,2026-05-20,Active
CUST004486,Michael,Robertson,Male,1964-06-19,michael.robertson@outlook.com,3084887991,New York,New York,United States,Diamond,2025-07-10,Active
CUST004487,Kimberly,Clark,Male,1990-12-19,kimberly.clark@hotmail.com,8863798021,Dubai,Dubai,UAE,Diamond,2024-06-11,Inactive
CUST004488,Laura,Rosales,Male,1990-02-11,laura.rosales@hotmail.com,9637646109,Singapore,Singapore,Singapore,Platinum,2025-04-07,Inactive
CUST004489,Martha,Parsons,Male,1973-09-24,martha.parsons@hotmail.com,8654083872,New York,New York,United States,Gold,2025-03-03,Inactive
CUST004490,Jeffrey,Reed,Male,1958-08-26,jeffrey.reed@outlook.com,7852860112,Delhi,Delhi,India,Diamond,2022-01-13,Active
CUST004491,Jenna,Gonzalez,Female,1962-07-03,jenna.gonzalez@outlook.com,3518276288,Dubai,Dubai,UAE,Gold,2025-06-03,Inactive
CUST004492,Donald,Williamson,Female,1955-10-26,donald.williamson@gmail.com,0037407608,Bengaluru,Karnataka,India,Gold,2022-11-02,Inactive
CUST004493,Elizabeth,Moore,Female,1979-01-16,elizabeth.moore@hotmail.com,2586565421, Sydney,New South Wales,Australia,Diamond,2023-08-17,Inactive
CUST004494,Shane,Watkins,Male,1969-09-30,shane.watkins@hotmail.com,9301541842,New York,New York,United States,Diamond,2026-02-17,Active
CUST004495,Emily,Graham,Male,1976-05-09,emily.graham@hotmail.com,4839883520,Singapore,Singapore,Singapore,Silver,2023-09-18,Active
CUST004496,Christopher,Forbes,Male,1986-07-01,christopher.forbes@outlook.com,6659385503,London,England,United Kingdom,Diamond,2025-08-05,Inactive
CUST004497,Kathryn,Boyd,Female,1967-12-31,kathryn.boyd@hotmail.com,4208838159,Delhi,Delhi,India,Platinum,2021-07-31,Active
CUST004498,April,Fisher,Male,2003-12-12,april.fisher@yahoo.com,9113215149,New York,New York,United States,Diamond,2022-10-14,Active
CUST004499,Alexandra,Young,Male,1958-04-09,alexandra.young@gmail.com,2254113885,Mumbai,Maharashtra,India,Platinum,2021-11-29,Inactive
CUST004500,Mckenzie,Lynch,Female,2007-10-26,mckenzie.lynch@outlook.com,1539230079,Bengaluru,Karnataka,India,Gold,2023-02-11,Active
CUST004501,Elizabeth,Adams,Female,1968-03-15,elizabeth.adams@hotmail.com,7931504669,Hyderabad,Telangana,India,Platinum,2022-06-05,Inactive
CUST004502,Christian,Wade,Female,1987-09-30,christian.wade@hotmail.com,2597523437,Chennai,Tamil Nadu,India,Platinum,2021-10-30,Inactive
CUST004503,Jennifer,Brown,Female,2006-09-30,jennifer.brown@yahoo.com,9575441001,Sydney,New South Wales,Australia,Diamond,2021-12-18,Inactive
CUST004504,Brandon,Cohen,Female,1963-10-11,brandon.cohen@gmail.com,3293184897,London,England,United Kingdom,Diamond,2024-05-01,Inactive
CUST004505,Rebecca,Trujillo,Male,1957-05-09,rebecca.trujillo@outlook.com,4940990056,Hyderabad,Telangana,India,Platinum,2025-11-30,Active
CUST004506,Laura,Carter,Female,1963-01-12,laura.carter@outlook.com,2391581363,New York,New York,United States,Gold,2023-03-11,Active
CUST004507,Stephanie,Walker,Male,1963-03-02,stephanie.walker@hotmail.com,8310483569,Hyderabad,Telangana,India,Diamond,2024-01-13,Active
CUST004508,Mark,Jones,Male,1997-10-08,mark.jones@hotmail.com,3479808410,Dubai,Dubai,UAE,Silver,2023-02-25,Active
CUST004509,Ashley,Jones,Male,1998-10-18,ashley.jones@gmail.com,1411350711,Singapore,Singapore,Singapore,Diamond,2023-02-04,Inactive
CUST004510,Jacob,Cox,Male,1989-05-28,jacob.cox@hotmail.com,6338733462,London,England,United Kingdom,Gold,2024-11-12,Active
CUST004511,David,Riley,Female,1959-07-14,david.riley@outlook.com,1689050476,Sydney,New South Wales,Australia,Gold,2022-03-03,Inactive
CUST004512,Debra,Hernandez,Male,1992-03-06,debra.hernandez@gmail.com,9146177042,Delhi,Delhi,India,Gold,2023-04-28,Inactive
CUST004513,Margaret,Wright,Male,1969-07-30,margaret.wright@gmail.com,6737564807,New York,New York,United States,Gold,2022-01-31,Inactive
CUST004514,Sean,Larsen,Female,1976-11-08,sean.larsen@gmail.com,4988662186,Chennai,Tamil Nadu,India,Platinum,2023-07-30,Active
CUST004515,Melissa,Lopez,Male,1963-10-20,melissa.lopez@gmail.com,0051694251,Sydney,New South Wales,Australia,Gold,2024-11-25,Active
CUST004516,Doris,Jones,Male,1975-12-06,doris.jones@yahoo.com,2589712166,Sydney,New South Wales,Australia,Platinum,2022-05-15,Inactive
CUST004517,Dawn,Frost,Male,1987-06-05,dawn.frost@gmail.com,5671151577,Bengaluru,Karnataka,India,Silver,2023-05-17,Inactive
CUST004518,Cameron,Rodriguez,Female,1997-10-11,cameron.rodriguez@yahoo.com,4939522492,Delhi,Delhi,India,Platinum,2023-03-02,Inactive
CUST004519,Bridget,Cruz,Male,1967-02-02,bridget.cruz@outlook.com,3868780540,Mumbai,Maharashtra,India,Diamond,2021-08-19,Inactive
CUST004520,James,Garcia,Female,1997-08-27,james.garcia@hotmail.com,2129846435,London,England,United Kingdom,Diamond,2021-08-03,Active
CUST004521,Anthony,Jackson,Female,1990-08-19,anthony.jackson@yahoo.com,7176826107,Sydney ,New South Wales,Australia,Diamond,2025-09-20,Active
CUST004522,Mark,Medina,Male,1980-09-28,mark.medina@yahoo.com,4943853720,Dubai,Dubai,UAE,Silver,2026-01-11,Active
CUST004523,Michael,Smith,Female,2002-03-01,michael.smith@hotmail.com,,Mumbai,Maharashtra,India,Silver,2025-01-23,Active
CUST004524,Sharon,Pierce,Male,2001-01-19,sharon.pierce@gmail.com,8115127680,Hyderabad,Telangana,India,Diamond,2025-10-30,Active
CUST004525,Troy,Brandt,Female,1999-08-03,troy.brandt@gmail.com,2333170223,Hyderabad,Telangana,India,Gold,2023-04-11,Active
CUST004526,Craig,Davis,Female,2005-05-30,craig.davis@hotmail.com,5662983097,Chennai,Tamil Nadu,India,Silver,2024-12-11,Active
CUST004527,Maria,Farrell,Female,1970-11-06,maria.farrell@gmail.com,3244892612,Dubai,Dubai,UAE,Platinum,2022-06-23,Active
CUST004528,Devin,Morgan,Male,1980-12-06,devin.morgan@yahoo.com,8395312593,Hyderabad,Telangana,India,Gold,2025-09-25,Inactive
CUST004529,Alexandria,Hood,Male,1984-01-23,alexandria.hood@outlook.com,6243104510,Dubai,Dubai,UAE,Platinum,2022-05-23,Inactive
CUST004530,Katherine,James,Female,1960-02-07,katherine.james@gmail.com,1963697764,Delhi,Delhi,India,Diamond,2023-07-22,Active
CUST004531,Michael,Robinson,Male,2005-05-28,michael.robinson@hotmail.com,7714791305,Bengaluru,Karnataka,India,Gold,2022-08-11,Active
CUST004532,Anthony,Harris,Female,2006-11-20,anthony.harris@hotmail.com,8518836737,Chennai,Tamil Nadu,India,Platinum,2024-11-15,Inactive
CUST004533,Amy,Pierce,Female,1981-02-20,amy.pierce@outlook.com,9030445796,Singapore,Singapore,Singapore,Gold,2022-05-08,Inactive
CUST004534,Stacie,Allen,Male,1958-08-31,stacie.allen@outlook.com,5096411118,Delhi,Delhi,India,Silver,2023-02-17,Active
CUST004535,Maurice,Campbell,Female,1983-11-24,maurice.campbell@yahoo.com,2112253579,Mumbai ,Maharashtra,India,Gold,2025-10-09,Inactive
CUST004536,Jessica,Allen,Male,1982-10-20,jessica.allen@hotmail.com,4641349360,Singapore,Singapore,Singapore,Diamond,2022-10-22,Inactive
CUST004537,Michael,Castro,Male,1988-10-31,michael.castro@outlook.com,5143633560,Mumbai,Maharashtra,India,Platinum,2024-02-04,Inactive
CUST004538,Mary,Vasquez,Male,1962-10-26,mary.vasquez@gmail.com,2635874043,Dubai,Dubai,UAE,Silver,2025-08-02,Active
CUST004539,Daniel,Gonzalez,Female,1990-12-12,daniel.gonzalez@yahoo.com,6268107601,London,England,United Kingdom,Silver,2025-06-20,Inactive
CUST004540,Sean,Hines,Male,1985-04-06,sean.hines@gmail.com,6465536376,London,England,United Kingdom,Platinum,2024-09-24,Active
CUST004541,Bradley,Wheeler,Female,1989-03-07,bradley.wheeler@gmail.com,6042236621,Chennai,Tamil Nadu,India,Silver,2022-10-26,Active
CUST004542,Michael,Richardson,Male,1984-12-16,michael.richardson@gmail.com,2458650682,Dubai,Dubai,UAE,Diamond,2025-12-24,Active
CUST004543,Maria,Gonzales,Female,1986-07-26,maria.gonzales@hotmail.com,5660909276,Bengaluru,Karnataka,India,Silver,2022-12-06,Inactive
CUST004544,Stephen,Conrad,Male,1967-02-01,stephen.conrad@outlook.com,6401401974,Hyderabad,Telangana,India,Diamond,2022-08-15,Inactive
CUST004545,Lauren,Williams,Female,1961-09-17,lauren.williams@yahoo.com,6034684944,Hyderabad,Telangana,India,Diamond,2026-07-22,Active
CUST004546,Kristine,Gutierrez,Male,1977-09-21,kristine.gutierrez@gmail.com,5621590538,Dubai,Dubai,UAE,Platinum,2023-08-13,Inactive
CUST004547,Elizabeth,Campbell,Female,1982-10-14,@gmail.com,9355902365,New York,New York,United States,Silver,2024-04-09,Active
CUST004548,Kimberly,Scott,Male,1970-07-09,kimberly.scott@gmail.com,6337128048,Mumbai,Maharashtra,India,Silver,2021-07-29,Active
CUST004549,Donna,Stevenson,Female,1959-12-07,donna.stevenson@outlook.com,1515346134,Chennai,Tamil Nadu,India,Platinum,2021-08-21,Active
CUST004550,April,Parker,Female,1973-10-07,april.parker@gmail.com,6653914616,London,England,United Kingdom,Diamond,2024-10-31,Active
CUST004551,Michael,Perez,Female,1964-05-20,michael.perez@gmail.com,4859102829, Singapore,Singapore,Singapore,Diamond,2025-08-09,Inactive
CUST004552,Shannon,Fletcher,Male,1993-05-09,shannon.fletcher@gmail.com,8672293836,Sydney,New South Wales,Australia,Diamond,2022-08-04,Inactive
CUST004553,Cameron,Patel,Male,2008-07-10,cameron.patel@gmail.com,5021599824,Mumbai,Maharashtra,India,Diamond,2024-06-19,Active
CUST004554,John,Shea,Female,1956-08-23,john.shea@yahoo.com,4553315527,Mumbai,Maharashtra,India,Platinum,2024-06-09,Active
CUST004555,Ashley,Kelly,Male,2002-05-22,ashley.kelly@hotmail.com,1512278344,Hyderabad,Telangana,India,Silver,2021-11-26,Active
CUST004556,Tamara,Goodwin,Female,1958-07-19,tamara.goodwin@outlook.com,1386365734,Singapore,Singapore,Singapore,Platinum,2026-06-27,Active
CUST004557,Dustin,Waller,Male,2005-05-26,dustin.waller@gmail.com,8015927082,Singapore,Singapore,Singapore,Platinum,2022-09-30,Active
CUST004558,Chad,Carter,Male,1982-10-27,chad.carter@hotmail.com,9414153123,New York,New York,United States,Silver,2025-04-24,Active
CUST004559,Donald,Bishop,Female,1959-05-09,donald.bishop@yahoo.com,7182929752,Mumbai,Maharashtra,India,Silver,2022-04-13,Active
CUST004560,Sharon,Anderson,Female,2002-11-11,sharon.anderson@yahoo.com,8964027592,New York,New York,United States,Silver,2022-05-11,Active
CUST004561,Jennifer,Salas,Male,1957-05-24,jennifer.salas@yahoo.com,9982731616,Singapore,Singapore,Singapore,Diamond,2021-09-09,Inactive
CUST004562,Sierra,Davis,Male,2004-06-01,sierra.davis@gmail.com,,Hyderabad,Telangana,India,Gold,2025-12-07,Active
CUST004563,Sherry,Kirk,Male,2007-10-16,sherry.kirk@gmail.com,8677042797,Delhi,Delhi,India,Platinum,2023-03-08,Inactive
CUST004564,Marcus,Cole,Female,1966-12-25,marcus.cole@outlook.com,8131284713,Hyderabad,Telangana,India,Silver,2022-07-02,Inactive
CUST004565,Peter,Davis,Male,1978-05-03,peter.davis@yahoo.com,2946642488,Chennai,Tamil Nadu,India,Silver,2024-01-15,Active
CUST004566,Carlos,Lewis,Female,1983-01-18,gmail.com,2596883341,Chennai,Tamil Nadu,India,Gold,2023-01-19,Inactive
CUST004567,David,Nguyen,Female,1993-08-31,david.nguyen@gmail.com,5468760804,New York,New York,United States,Silver,2024-03-13,Active
CUST004568,Travis,Banks,Female,1976-04-12,travis.banks@outlook.com,9464180295,Sydney,New South Wales,Australia,Silver,2023-11-14,Inactive
CUST004569,Christina,Bonilla,Male,1994-12-22,christina.bonilla@outlook.com,7013774127,Dubai,Dubai,UAE,Diamond,2022-08-11,Active
CUST004570,Jose,Lane,Female,1957-07-21,jose.lane@outlook.com,2001534007,London,England,United Kingdom,Gold,2021-12-15,Inactive
CUST004571,Melissa,Nielsen,Male,2005-12-07,melissa.nielsen@outlook.com,3737585427,Chennai,Tamil Nadu,India,Silver,2026-05-07,Inactive
CUST004572,Jennifer,Smith,Female,1968-04-27,jennifer.smith@gmail.com,0633614812,Singapore,Singapore,Singapore,Platinum,2025-01-23,Active
CUST004573,Devin,Branch,Male,1970-05-01,devin.branch@hotmail.com,6067795851,Mumbai,Maharashtra,India,Gold,2022-04-13,Inactive
CUST004574,Charles,Davis,Male,2005-06-11,charles.davis@hotmail.com,1247020483,London,England,United Kingdom,Gold,2023-02-14,Inactive
CUST004575,Jay,Brown,Male,1980-05-12,jay.brown@gmail.com,4831504249,Sydney,New South Wales,Australia,Platinum,2025-09-22,Active
CUST004576,Monique,Valencia,Male,1984-01-26,monique.valencia@outlook.com,8337494722,Mumbai,Maharashtra,India,Gold,2023-09-27,Inactive
CUST004577,Jessica,Crawford,Female,1999-08-02,jessica.crawford@gmail.com,7702758938,Delhi,Delhi,India,Silver,2022-09-27,Active
CUST004578,Marie,Briggs,Female,1984-07-14,marie.briggs@hotmail.com,3843103580,London,England,United Kingdom,Platinum,2023-10-15,Active
CUST004579,Don,Benson,Female,1959-12-11,don.benson@gmail.com,7346588866,LONDON,England,United Kingdom,Platinum,2022-09-21,Active
CUST004580,Erin,Wall,Male,1977-05-26,erin.wall@outlook.com,1025290388,Mumbai,Maharashtra,India,Platinum,2022-02-16,Active
CUST004581,Taylor,Landry,Male,1960-04-27,taylor.landry@gmail.com,9110205271,New York,New York,United States,Silver,2026-06-14,Active
CUST004582,Crystal,Perry,Female,1967-02-09,crystal.perry@gmail.com,9636114316,Delhi,Delhi,India,Platinum,2022-06-27,Inactive
CUST004583,Jonathan,Jensen,Male,1993-01-07,jonathan.jensen@hotmail.com,1191655306,Chennai,Tamil Nadu,India,Platinum,2022-04-16,Active
CUST004584,Andrew,Smith,Male,1984-12-08,andrew.smith@hotmail.com,9696949348,Delhi,Delhi,India,Silver,2023-01-13,Inactive
CUST004585,Janet,Curtis,Male,1977-01-10,janet.curtis@yahoo.com,8291837580,Delhi,Delhi,India,Platinum,2023-05-14,Inactive
CUST004586,Caitlin,Mendoza,Male,1967-10-10,caitlin.mendoza@outlook.com,2782929097,Delhi,Delhi,India,Silver,2021-11-17,Active
CUST004587,Angela,Harris,Male,1977-10-12,angela.harris@hotmail.com,7224984337,Delhi,Delhi,India,Gold,2022-07-06,Inactive
CUST004588,Jennifer,Norman,Female,1970-06-07,jennifer.norman@hotmail.com,7269939495,CHENNAI,Tamil Nadu,India,Silver,2025-03-14,Inactive
CUST004589,Christopher,Vaughan,Male,1990-07-11,christopher.vaughan@outlook.com,,Delhi,Delhi,India,Silver,2025-07-20,Active
CUST004590,Jennifer,Jacobs,Female,1983-06-21,jennifer.jacobs@yahoo.com,2874450734,Mumbai,Maharashtra,India,Gold,2024-09-14,Active
CUST004591,Leonard,Henson,Male,1962-01-03,leonard.henson@yahoo.com,9551572917,Hyderabad,Telangana,India,Gold,2026-03-03,Active
CUST004592,Jennifer,Edwards,Female,2007-04-21,jennifer.edwards@outlook.com,4860340524,Bengaluru,Karnataka,India,Platinum,2026-04-29,Inactive
CUST004593,Lisa,Garcia,Male,1977-07-16,lisa.garcia@gmail.com,,Bengaluru,Karnataka,India,Gold,2022-09-18,Active
CUST004594,Joshua,Macias,Female,1966-07-05,joshua.macias@outlook.com,4330539685,Sydney,New South Wales,Australia,Diamond,2023-07-09,Inactive
CUST004595,Marc,Baker,Male,1985-10-01,marc.baker@hotmail.com,0324637746,Delhi,Delhi,India,Diamond,2024-09-05,Active
CUST004596,Crystal,Boone,Male,1978-04-17,crystal.boone@outlook.com,9573895826,Hyderabad,Telangana,India,Diamond,2026-02-04,Active
CUST004597,Christine,Myers,Male,1991-12-23,christine.myers@outlook.com,1238616173,London,England,United Kingdom,Platinum,2025-10-30,Inactive
CUST004598,Chase,Smith,Male,1987-10-28,chase.smith@hotmail.com,,Chennai,Tamil Nadu,India,Gold,2023-10-16,Active
CUST004599,Cheryl,Murphy,Male,1983-09-07,cheryl.murphy@gmail.com,0752040068,Bengaluru,Karnataka,India,Platinum,2022-02-09,Active
CUST004600,Karina,Shannon,Female,2004-07-25,karina.shannon@hotmail.com,, Delhi,Delhi,India,Platinum,2021-12-31,Inactive
CUST004601,Krista,Peterson,Female,1973-04-18,krista.peterson@outlook.com,9915583067,Hyderabad,Telangana,India,Diamond,2024-08-12,Active
CUST004602,Richard,Ray,Male,1981-02-27,richard.ray@yahoo.com,5236380360,Chennai,Tamil Nadu,India,Gold,2024-03-23,Inactive
CUST004603,Jennifer,Carpenter,Female,1986-01-22,jennifer.carpenter@gmail.com,0080602611,Sydney,New South Wales,Australia,Gold,2022-09-07,Active
CUST004604,Eric,Ochoa,Female,2001-09-14,eric.ochoa@gmail.com,3035521652,Chennai,Tamil Nadu,India,Silver,2022-10-09,Active
CUST004605,Gerald,Gonzalez,Female,1967-05-01,gerald.gonzalez@yahoo.com,7845374068,Sydney,New South Wales,Australia,Gold,2023-07-23,Inactive
CUST004606,Spencer,Koch,Male,1975-01-22,###@gmail.com,3480371314,Singapore,Singapore,Singapore,Silver,2026-05-22,Inactive
CUST004607,Michael,Lee,Male,1958-03-18,michael.lee@hotmail.com,0100968063,Mumbai,Maharashtra,India,Silver,2021-09-16,Inactive
CUST004608,Tyler,Schmidt,Male,1982-03-26,tyler.schmidt@hotmail.com,0766210107,Chennai,Tamil Nadu,India,Diamond,2023-01-24,Active
CUST004609,Robin,Nichols,Male,1965-01-08,robin.nichols@hotmail.com,1582380109,Delhi,Delhi,India,Diamond,2021-12-01,Inactive
CUST004610,Monica,Clark,Male,1978-02-11,monica.clark@gmail.com,3274961184,Singapore,Singapore,Singapore,Silver,2024-07-10,Active
CUST004611,Erik,Garcia,Male,1996-08-29,erik.garcia@yahoo.com,1207605746,Mumbai,Maharashtra,India,Silver,2022-07-29,Inactive
CUST004612,Robin,Molina,Female,1968-09-23,robin.molina@outlook.com,5688709914,Sydney,New South Wales,Australia,Silver,2023-12-24,Inactive
CUST004613,Jennifer,Hood,Female,1962-09-25,jennifer.hood@outlook.com,0450203794,Bengaluru,Karnataka,India,Platinum,2024-01-16,Inactive
CUST004614,Shannon,Hernandez,Male,1966-09-02,shannon.hernandez@gmail.com,9765321153,Dubai,Dubai,UAE,Platinum,2026-03-03,Inactive
CUST004615,Jason,Taylor,Male,1986-10-09,jason.taylor@yahoo.com,7546533252,London,England,United Kingdom,Platinum,2024-01-18,Inactive
CUST004616,Mary,Payne,Male,1956-12-12,mary.payne@gmail.com,5176769967,New York,New York,United States,Diamond,2023-04-03,Active
CUST004617,Kiara,Curtis,Female,1973-10-07,kiara.curtis@hotmail.com,6919790296,Mumbai,Maharashtra,India,Gold,2021-12-02,Inactive
CUST004618,Matthew,Jones,Male,1991-09-14,matthew.jones@hotmail.com,5526269959,London,England,United Kingdom,Silver,2025-06-20,Active
CUST004619,Caleb,Moran,Male,1969-01-30,caleb.moran@hotmail.com,4653375779,Dubai,Dubai,UAE,Gold,2025-11-16,Active
CUST004620,Raymond,Brown,Female,1991-07-04,raymond.brown@outlook.com,3291451457,London,England,United Kingdom,Diamond,2026-05-04,Inactive
CUST004621,Nancy,Adkins,Male,1973-01-07,nancy.adkins@yahoo.com,1532150481,Chennai,Tamil Nadu,India,Silver,2023-09-17,Inactive
CUST004622,Shannon,Reid,Female,1989-10-19,shannon.reid@outlook.com,0705763501,London,England,United Kingdom,Diamond,2022-06-28,Inactive
CUST004623,Michael,King,Female,1987-02-10,michael.king@outlook.com,9943656713,Delhi,Delhi,India,Platinum,2024-03-18,Inactive
CUST004624,Zachary,Schneider,Male,1974-06-13,zachary.schneider@yahoo.com,5567874575,Chennai,Tamil Nadu,India,Silver,2022-10-24,Inactive
CUST004625,Mark,Serrano,Female,1969-06-13,mark.serrano@gmail.com,4813990968,Dubai,Dubai,UAE,Silver,2023-12-27,Active
CUST004626,Dylan,Hale,Female,1997-11-19,dylan.hale@hotmail.com,9581099376,Dubai,Dubai,UAE,Silver,2026-06-26,Active
CUST004627,Anna,Dixon,Male,2004-06-02,anna.dixon@yahoo.com,2302692034,Sydney,New South Wales,Australia,Silver,2026-02-06,Active
CUST004628,Robert,Richardson,Female,1979-04-25,robert.richardson@gmail.com,3143454482,Bengaluru,Karnataka,India,Platinum,2024-08-10,Active
CUST004629,Sarah,Harris,Male,1999-08-09,sarah.harris@hotmail.com,1871608154,Bengaluru,Karnataka,India,Silver,2022-07-05,Inactive
CUST004630,Brandon,Garcia,Female,1969-01-06,brandon.garcia@outlook.com,9795281381,Delhi,Delhi,India,Gold,2023-06-19,Active
CUST004631,Mario,Collins,Female,1996-12-02,mario.collins@yahoo.com,4254319788,Singapore,Singapore,Singapore,Platinum,2023-07-12,Inactive
CUST004632,Amber,Hanson,Male,1980-08-15,amber.hanson@yahoo.com,2934293641,Bengaluru,Karnataka,India,Diamond,2021-11-16,Active
CUST004633,Meghan,Thomas,Male,1992-07-10,meghan.thomas@gmail.com,3318661881,Sydney ,New South Wales,Australia,Gold,2023-12-21,Active
CUST004634,Michael,Smith,Male,1974-07-07,michael.smith@outlook.com,1151935125,Mumbai,Maharashtra,India,Platinum,2025-12-02,Inactive
CUST004635,Joshua,James,Female,2003-09-20,joshua.james@outlook.com,9518472965,New York,New York,United States,Silver,2026-03-06,Active
CUST004636,Jared,Vargas,Male,1991-04-04,jared.vargas@yahoo.com,1819612865,Mumbai,Maharashtra,India,Diamond,2021-12-14,Active
CUST004637,Bobby,Cole,Male,1998-06-02,bobby.cole@yahoo.com,8967192376,Mumbai,Maharashtra,India,Gold,2022-05-28,Inactive
CUST004638,Rose,Willis,Male,2002-09-28,rose.willis@outlook.com,6831346313,Mumbai,Maharashtra,India,Diamond,2022-10-21,Active
CUST004639,Danielle,Ellis,Male,1992-08-12,danielle.ellis@hotmail.com,3102673885,Bengaluru,Karnataka,India,Gold,2024-01-08,Inactive
CUST004640,Megan,Ayers,Male,1973-03-15,megan.ayers@hotmail.com,6496137365,Dubai,Dubai,UAE,Platinum,2025-12-14,Inactive
CUST004641,Glen,Mckay,Female,1995-01-13,glen.mckay@outlook.com,3317966953,Mumbai,Maharashtra,India,Diamond,2022-03-27,Active
CUST004642,Christopher,Shepard,Male,2007-04-05,christopher.shepard@hotmail.com,7689526733,Singapore,Singapore,Singapore,Diamond,2023-11-14,Active
CUST004643,Sara,Boyd,Male,1995-07-20,sara.boyd@hotmail.com,0155156635,Hyderabad,Telangana,India,Diamond,2026-06-17,Active
CUST004644,Fred,Carrillo,Female,1962-01-31,fred.carrillo@yahoo.com,0437606503,Bengaluru,Karnataka,India,Platinum,2025-04-03,Inactive
CUST004645,Jo,Johnson,Female,2002-05-31,jo.johnson@hotmail.com,8678297395,Chennai,Tamil Nadu,India,Diamond,2023-08-20,Active
CUST004646,Oscar,Rios,Male,1962-07-16,oscar.rios@yahoo.com,8914513665,Mumbai,Maharashtra,India,Diamond,2022-04-02,Active
CUST004647,Thomas,Hudson,Male,1975-06-13,thomas.hudson@hotmail.com,8682894398,New York,New York,United States,Gold,2022-11-20,Inactive
CUST004648,Jennifer,Nelson,Female,1984-11-16,jennifer.nelson@outlook.com,7218046533,New York,New York,United States,Gold,2022-09-29,Inactive
CUST004649,Stacey,Thomas,Male,1959-12-23,stacey.thomas@gmail.com,8303301611,Mumbai,Maharashtra,India,Silver,2023-02-11,Inactive
CUST004650,Christine,Hayes,Female,1955-10-04,christine.hayes@yahoo.com,4020372899,Singapore,Singapore,Singapore,Diamond,2026-03-28,Inactive
CUST004651,Jason,Bennett,Male,1984-04-07,jason.bennett@gmail.com,1636484772,London,England,United Kingdom,Gold,2023-12-04,Inactive
CUST004652,David,Watson,Male,1965-12-07,david.watson@gmail.com,3080197515,Delhi,Delhi,India,Diamond,2025-07-24,Inactive
CUST004653,Christopher,West,Male,2001-12-28,christopher.west@hotmail.com,6259765938,Singapore,Singapore,Singapore,Silver,2026-04-06,Inactive
CUST004654,James,Hanson,Male,1976-11-01,james.hanson@outlook.com,0181680906,Dubai,Dubai,UAE,Diamond,2026-02-02,Inactive
CUST004655,Stacy,Serrano,Female,1991-05-01,stacy.serrano@hotmail.com,6765564501,Chennai,Tamil Nadu,India,Gold,2024-08-23,Active
CUST004656,Joshua,Walker,Female,2005-10-13,joshua.walker@gmail.com,2362400120,Delhi,Delhi,India,Diamond,2026-03-04,Active
CUST004657,Crystal,Perez,Female,1969-10-12,crystal.perez@gmail.com,1942973716,Mumbai,Maharashtra,India,Platinum,2025-02-17,Active
CUST004658,Jessica,Ramirez,Male,1993-02-22,jessica.ramirez@gmail.com,8752343025,Chennai,Tamil Nadu,India,Diamond,2024-07-11,Active
CUST004659,Shawn,Lopez,Female,1962-07-16,shawn.lopez@yahoo.com,5459294138,Singapore,Singapore,Singapore,Silver,2023-10-30,Active
CUST004660,James,White,Male,1967-09-13,james.white@yahoo.com,0046354569,Chennai,Tamil Nadu,India,Gold,2023-09-01,Inactive
CUST004661,Brenda,Hill,Male,1963-02-15,brenda.hill@hotmail.com,6055335126,Chennai,Tamil Nadu,India,Diamond,2025-06-20,Inactive
CUST004662,Jeffrey,Ross,Female,2003-05-01,jeffrey.ross@hotmail.com,8844231648,Singapore,Singapore,Singapore,Platinum,2023-01-23,Inactive
CUST004663,Neil,Duarte,Female,1995-05-27,neil.duarte@hotmail.com,8199366122,London,England,United Kingdom,Silver,2025-04-30,Inactive
CUST004664,Eric,Dominguez,Female,2008-01-06,eric.dominguez@hotmail.com,5019158058,Hyderabad,Telangana,India,Platinum,2024-09-28,Inactive
CUST004665,Marco,Oliver,Female,1978-08-07,marco.oliver@yahoo.com,4401151817,Mumbai,Maharashtra,India,Platinum,2022-08-20,Inactive
CUST004666,Zachary,Roberts,Female,1998-07-29,zachary.roberts@hotmail.com,3998086003,Hyderabad,Telangana,India,Diamond,2021-10-04,Active
CUST004667,Heather,Allen,Male,1982-03-09,heather.allen@hotmail.com,9281627081,Singapore,Singapore,Singapore,Gold,2023-12-17,Inactive
CUST004668,Jennifer,Torres,Male,1997-04-06,jennifer.torres@hotmail.com,0283076081,London,England,United Kingdom,Diamond,2026-02-01,Active
CUST004669,Lauren,Rogers,Male,1980-03-20,lauren.rogers@gmail.com,7998371029,Bengaluru,Karnataka,India,Gold,2025-04-12,Active
CUST004670,Lindsay,Hanson,Female,1993-11-28,lindsay.hanson@outlook.com,3647042643,CHENNAI,Tamil Nadu,India,Gold,2021-10-05,Active
CUST004671,Nicholas,Bryant,Female,1996-11-03,nicholas.bryant@yahoo.com,5950760709,London,England,United Kingdom,Diamond,2023-03-27,Active
CUST004672,Timothy,Valencia,Male,1982-03-22,timothy.valencia@gmail.com,8001734885,Sydney,New South Wales,Australia,Silver,2026-02-20,Active
CUST004673,Jeffrey,Montgomery,Male,1994-02-07,,5120322769,Hyderabad,Telangana,India,Gold,2025-01-28,Inactive
CUST004674,Edward,Thornton,Female,1996-01-21,edward.thornton@outlook.com,9302394171,Mumbai,Maharashtra,India,Gold,2022-08-04,Active
CUST004675,Dennis,Hurley,Female,1967-02-02,@gmail.com,9822432345,Hyderabad,Telangana,India,Diamond,2025-05-06,Active
CUST004676,James,Hodge,Male,1994-04-25,james.hodge@gmail.com,5599054179,Chennai,Tamil Nadu,India,Silver,2025-10-27,Active
CUST004677,David,Bryant,Female,1979-11-13,david.bryant@gmail.com,4501371358,Dubai,Dubai,UAE,Platinum,2025-12-14,Active
CUST004678,Cory,Andrews,Female,1967-09-28,cory.andrews@yahoo.com,7632351150,London,England,United Kingdom,Platinum,2025-04-26,Active
CUST004679,Gregory,Bailey,Female,1993-02-05,gregory.bailey@gmail.com,7468558827,Chennai,Tamil Nadu,India,Gold,2026-02-27,Active
CUST004680,James,Kelly,Female,1962-08-01,james.kelly@gmail.com,1759293665,New York,New York,United States,Gold,2024-06-30,Inactive
CUST004681,Carolyn,Gonzalez,Male,1970-06-22,carolyn.gonzalez@gmail.com,6333372782,Sydney,New South Wales,Australia,Silver,2024-06-12,Inactive
CUST004682,Arthur,Martin,Male,1959-03-21,arthur.martin@hotmail.com,6307327765,London,England,United Kingdom,Platinum,2023-02-05,Active
CUST004683,Amy,Chan,Female,1984-01-25,amy.chan@outlook.com,6177362833,Bengaluru,Karnataka,India,Gold,2022-07-10,Active
CUST004684,Collin,Phillips,Female,1976-05-31,,7882630381,Bengaluru,Karnataka,India,Diamond,2024-11-08,Inactive
CUST004685,Janet,Wu,Male,1996-01-04,janet.wu@gmail.com,0997321141,Singapore,Singapore,Singapore,Silver,2026-03-18,Active
CUST004686,Ethan,Fletcher,Male,1963-02-16,ethan.fletcher@yahoo.com,8528453021,New York,New York,United States,Platinum,2025-09-03,Active
CUST004687,Alexandra,Mcneil,Male,1995-11-03,alexandra.mcneil@hotmail.com,5054750610,Hyderabad,Telangana,India,Platinum,2023-07-12,Inactive
CUST004688,David,Brooks,Female,1958-10-16,david.brooks@yahoo.com,9841729726,Chennai,Tamil Nadu,India,Diamond,2026-07-12,Inactive
CUST004689,Sherry,Nolan,Male,1986-01-20,sherry.nolan@hotmail.com,9021304213,Sydney,New South Wales,Australia,Gold,2024-01-06,Inactive
CUST004690,Christopher,Davis,Female,1987-10-26,christopher.davis@outlook.com,2645690326,Dubai,Dubai,UAE,Silver,2026-03-29,Active
CUST004691,Melvin,Hogan,Male,1969-04-19,melvin.hogan@outlook.com,9618698921, Dubai,Dubai,UAE,Platinum,2024-05-07,Inactive
CUST004692,Mark,Ward,Male,1968-06-12,mark.ward@gmail.com,0427160133,Mumbai,Maharashtra,India,Silver,2022-08-26,Active
CUST004693,Rachael,Kim,Female,1973-12-12,rachael.kim@hotmail.com,5431629159,Dubai,Dubai,UAE,Silver,2023-08-16,Active
CUST004694,Chad,Thompson,Male,1974-08-12,chad.thompson@outlook.com,2884826558,Delhi,Delhi,India,Gold,2022-02-22,Active
CUST004695,Phillip,Gomez,Female,1989-04-15,phillip.gomez@yahoo.com,6575371866,Sydney,New South Wales,Australia,Diamond,2026-01-17,Inactive
CUST004696,Kimberly,Wilson,Female,2003-08-16,kimberly.wilson@outlook.com,3122510132,Dubai,Dubai,UAE,Gold,2024-05-04,Active
CUST004697,Kevin,Thompson,Male,1992-11-30,kevin.thompson@gmail.com,0034566902,Chennai,Tamil Nadu,India,Silver,2025-11-18,Inactive
CUST004698,Larry,Patterson,Male,1970-05-27,larry.patterson@outlook.com,0567606452,Bengaluru,Karnataka,India,Gold,2024-05-22,Active
CUST004699,Anthony,Morris,Male,1985-09-26,anthony.morris@hotmail.com,6746742847,New York,New York,United States,Gold,2025-12-25,Active
CUST004700,Renee,Briggs,Female,1963-08-26,renee.briggs@outlook.com,6852359229,New York,New York,United States,Gold,2025-02-20,Active
CUST004701,Nicholas,Davila,Male,1971-08-05,nicholas.davila@outlook.com,6882103440,Mumbai,Maharashtra,India,Silver,2025-04-13,Inactive
CUST004702,Mackenzie,Perry,Female,1975-11-07,mackenzie.perry@hotmail.com,6044063954,Hyderabad,Telangana,India,Silver,2025-05-20,Inactive
CUST004703,Allison,Castillo,Female,1991-03-31,allison.castillo@hotmail.com,9231026226,Chennai,Tamil Nadu,India,Silver,2024-12-19,Inactive
CUST004704,Amanda,Blackwell,Female,1970-01-27,amanda.blackwell@gmail.com,8477140613,Hyderabad,Telangana,India,Silver,2024-09-13,Active
CUST004705,Michael,Payne,Female,1987-09-07,michael.payne@hotmail.com,4588092084,Mumbai,Maharashtra,India,Platinum,2024-10-25,Active
CUST004706,Daniel,Webb,Female,2004-05-11,daniel.webb@outlook.com,1792994702,Sydney,New South Wales,Australia,Silver,2025-03-30,Inactive
CUST004707,David,Conner,Male,1992-06-21,david.conner@yahoo.com,1346308017,London,England,United Kingdom,Silver,2025-03-23,Active
CUST004708,Jason,Scott,Female,1990-01-13,jason.scott@gmail.com,7344680401,Mumbai,Maharashtra,India,Diamond,2022-03-12,Active
CUST004709,Elizabeth,Rodriguez,Male,1961-04-22,elizabeth.rodriguez@outlook.com,3569823574,Delhi,Delhi,India,Diamond,2025-01-11,Inactive
CUST004710,Grace,Boyd,Female,1963-03-25,grace.boyd@hotmail.com,6289279674,Dubai,Dubai,UAE,Silver,2025-10-19,Active
CUST004711,Travis,Anderson,Male,1963-03-14,travis.anderson@outlook.com,0372742799,New York ,New York,United States,Diamond,2023-08-23,Inactive
CUST004712,Laura,Ramos,Male,1972-01-15,laura.ramos@yahoo.com,4936747526,London,England,United Kingdom,Gold,2024-08-21,Active
CUST004713,Andrew,Curtis,Male,2001-06-29,andrew.curtis@outlook.com,5138377942,Bengaluru,Karnataka,India,Silver,2026-02-12,Inactive
CUST004714,Scott,Diaz,Male,2006-10-27,scott.diaz@outlook.com,8724190778,Bengaluru,Karnataka,India,Silver,2024-10-06,Inactive
CUST004715,Christopher,Green,Male,1970-04-08,christopher.green@outlook.com,5229646276,Bengaluru,Karnataka,India,Silver,2023-04-05,Inactive
CUST004716,Michelle,Thompson,Male,1977-12-24,michelle.thompson@gmail.com,3349032168,Dubai,Dubai,UAE,Diamond,2022-08-21,Inactive
CUST004717,Alexa,Herrera,Female,1995-11-16,alexa.herrera@yahoo.com,8129586727,Chennai,Tamil Nadu,India,Diamond,2025-07-11,Active
CUST004718,Michael,Hartman,Male,1981-02-02,john@gmail,6577134632,New York,New York,United States,Platinum,2023-07-09,Inactive
CUST004719,Jonathan,Thompson,Female,1958-02-16,jonathan.thompson@outlook.com,2761885519,Sydney,New South Wales,Australia,Platinum,2026-07-04,Inactive
CUST004720,Wesley,Lopez,Male,1974-11-11,wesley.lopez@gmail.com,7083642545,Delhi,Delhi,India,Silver,2023-11-26,Active
CUST004721,Susan,Ward,Male,1979-08-22,,9258022516,Delhi,Delhi,India,Silver,2024-04-15,Inactive
CUST004722,Stephanie,Jones,Female,1974-04-15,stephanie.jones@hotmail.com,3788879372,New York,New York,United States,Diamond,2025-06-14,Inactive
CUST004723,Terri,Bridges,Male,1969-07-15,terri.bridges@hotmail.com,8614576081,Chennai,Tamil Nadu,India,Silver,2025-01-30,Active
CUST004724,Erin,Cannon,Female,1971-10-29,erin.cannon@hotmail.com,4996340113,Chennai,Tamil Nadu,India,Gold,2025-11-18,Inactive
CUST004725,Samuel,Anderson,Male,1968-01-21,samuel.anderson@hotmail.com,7027157805,New York,New York,United States,Silver,2025-12-06,Inactive
CUST004726,Jared,Mejia,Female,1989-01-25,jared.mejia@yahoo.com,0129155069,Chennai,Tamil Nadu,India,Silver,2024-02-24,Active
CUST004727,Jonathan,Lewis,Male,1956-07-09,jonathan.lewis@gmail.com,7340362937,Delhi,Delhi,India,Gold,2025-09-08,Active
CUST004728,Jerry,Johnson,Male,1959-02-09,jerry.johnson@hotmail.com,5210139720,Dubai,Dubai,UAE,Gold,2026-04-20,Active
CUST004729,Haley,Herrera,Male,1993-04-25,haley.herrera@hotmail.com,9704834878, Chennai,Tamil Nadu,India,Platinum,2025-10-22,Active
CUST004730,William,Baker,Female,1970-03-04,william.baker@outlook.com,6109774489,Delhi,Delhi,India,Platinum,2023-03-06,Inactive
CUST004731,Jamie,White,Male,1956-07-04,jamie.white@hotmail.com,1108885352,Sydney,New South Wales,Australia,Platinum,2022-09-26,Active
CUST004732,Jesse,Gomez,Male,1971-04-24,jesse.gomez@yahoo.com,6105558279,Hyderabad,Telangana,India,Silver,2021-12-21,Inactive
CUST004733,Joseph,Parrish,Male,1982-10-04,joseph.parrish@hotmail.com,9788166029,New York,New York,United States,Gold,2022-12-26,Inactive
CUST004734,Sean,Thompson,Female,1955-09-18,sean.thompson@hotmail.com,3210989284,London,England,United Kingdom,Gold,2024-05-26,Inactive
CUST004735,Andrea,West,Female,1998-08-31,andrea.west@gmail.com,1139914530,London,England,United Kingdom,Diamond,2024-05-10,Active
CUST004736,Omar,Dawson,Male,1989-11-03,omar.dawson@outlook.com,4362318379,Hyderabad,Telangana,India,Diamond,2025-10-06,Inactive
CUST004737,Jennifer,Norton,Female,1985-01-15,jennifer.norton@hotmail.com,2300391472,Hyderabad,Telangana,India,Platinum,2022-11-27,Active
CUST004738,Travis,Wright,Male,1999-02-09,travis.wright@yahoo.com,0381849847,Hyderabad,Telangana,India,Platinum,2023-08-22,Active
CUST004739,John,Glass,Male,1981-11-06,john.glass@outlook.com,8236379181,Mumbai,Maharashtra,India,Silver,2022-05-26,Active
CUST004740,Jonathan,Berger,Male,1970-06-18,jonathan.berger@gmail.com,5214292894,Mumbai,Maharashtra,India,Diamond,2021-12-10,Active
CUST004741,Paul,Daniels,Female,2005-07-31,paul.daniels@yahoo.com,6306060912,New York,New York,United States,Gold,2023-12-21,Inactive
CUST004742,Mark,Paul,Female,1969-03-12,mark.paul@gmail.com,9542963411,Chennai,Tamil Nadu,India,Diamond,2025-11-18,Active
CUST004743,Shane,Walter,Female,1990-01-02,shane.walter@hotmail.com,7797481945,Dubai,Dubai,UAE,Platinum,2021-08-06,Inactive
CUST004744,Misty,Tucker,Female,1969-12-17,misty.tucker@gmail.com,3039674724,London,England,United Kingdom,Diamond,2025-11-02,Inactive
CUST004745,Angela,Flowers,Female,2007-01-19,angela.flowers@yahoo.com,3136042832,London,England,United Kingdom,Diamond,2021-09-23,Active
CUST004746,Jennifer,Vasquez,Male,1979-04-05,jennifer.vasquez@outlook.com,7628086684,Sydney,New South Wales,Australia,Diamond,2024-03-08,Active
CUST004747,Carrie,Peters,Male,1961-10-24,carrie.peters@hotmail.com,7790732386,NEW YORK,New York,United States,Diamond,2024-12-31,Active
CUST004748,Tina,Tyler,Male,1994-12-19,tina.tyler@yahoo.com,4860936934,Delhi,Delhi,India,Diamond,2023-10-08,Active
CUST004749,Michael,Thomas,Male,1975-03-26,michael.thomas@yahoo.com,7242239265,New York,New York,United States,Platinum,2023-01-25,Inactive
CUST004750,Daniel,Ortiz,Male,1967-04-08,daniel.ortiz@outlook.com,0006632040,Mumbai,Maharashtra,India,Platinum,2025-12-28,Inactive
CUST004751,Julia,Trevino,Female,1955-09-09,julia.trevino@outlook.com,8310621086,Sydney,New South Wales,Australia,Diamond,2024-09-26,Inactive
CUST004752,Steven,Wang,Male,1988-11-20,steven.wang@yahoo.com,9635240408,Dubai,Dubai,UAE,Silver,2026-02-15,Active
CUST004753,Michael,Harrison,Female,2002-08-01,michael.harrison@hotmail.com,6072265484,Sydney,New South Wales,Australia,Diamond,2025-07-14,Active
CUST004754,Charles,Weber,Female,1999-05-07,charles.weber@yahoo.com,5636125293,Singapore,Singapore,Singapore,Gold,2024-02-05,Inactive
CUST004755,Tiffany,Hunter,Male,1993-03-10,tiffany.hunter@hotmail.com,1069420952,Dubai,Dubai,UAE,Diamond,2022-10-28,Active
CUST004756,Christopher,Lopez,Female,1985-01-13,christopher.lopez@yahoo.com,1902728091,New York,New York,United States,Gold,2024-11-16,Active
CUST004757,Laura,Spence,Male,1961-09-16,laura.spence@outlook.com,7431278220, Dubai,Dubai,UAE,Gold,2021-09-22,Active
CUST004758,Daniel,Callahan,Male,1961-11-03,daniel.callahan@gmail.com,0230189070,Dubai,Dubai,UAE,Silver,2026-06-18,Inactive
CUST004759,Anthony,King,Male,1999-02-27,anthony.king@gmail.com,6381495355,Hyderabad,Telangana,India,Diamond,2025-06-18,Inactive
CUST004760,Jasmine,Garcia,Female,1988-12-16,jasmine.garcia@gmail.com,,SINGAPORE,Singapore,Singapore,Silver,2026-06-26,Active
CUST004761,Max,Nolan,Male,1956-08-12,max.nolan@outlook.com,5701642957,Delhi,Delhi,India,Platinum,2025-02-22,Active
CUST004762,Bryan,Nguyen,Male,1979-10-02,bryan.nguyen@gmail.com,2475609315,Mumbai,Maharashtra,India,Silver,2025-01-26,Active
CUST004763,Travis,Murray,Male,1970-03-28,@gmail.com,4104974612,London,England,United Kingdom,Silver,2023-04-29,Inactive
CUST004764,Crystal,Greer,Male,2007-11-20,crystal.greer@gmail.com,6858609963,Singapore,Singapore,Singapore,Silver,2023-03-10,Active
CUST004765,Jonathan,Wagner,Male,1971-04-20,jonathan.wagner@yahoo.com,0342623167,Bengaluru,Karnataka,India,Diamond,2021-08-27,Inactive
CUST004766,Alexa,Brown,Female,2003-11-27,,5233382159,Sydney,New South Wales,Australia,Silver,2022-05-01,Active
CUST004767,Gary,Chambers,Female,1967-01-14,gary.chambers@hotmail.com,2354815098,Bengaluru,Karnataka,India,Silver,2022-10-25,Inactive
CUST004768,Brittany,Johnson,Female,1990-03-24,,8438448499, Chennai,Tamil Nadu,India,Silver,2022-07-13,Active
CUST004769,Jessica,Stephenson,Male,2002-12-05,jessica.stephenson@hotmail.com,4539111874,Hyderabad,Telangana,India,Diamond,2022-10-30,Inactive
CUST004770,Stephen,Sims,Female,1998-12-18,stephen.sims@hotmail.com,4350936031,Mumbai,Maharashtra,India,Silver,2022-04-06,Active
CUST004771,John,Briggs,Male,1987-05-09,john.briggs@outlook.com,2875372306,Dubai,Dubai,UAE,Platinum,2024-01-06,Inactive
CUST004772,Melanie,Curtis,Male,1958-03-02,melanie.curtis@gmail.com,7558830126,London,England,United Kingdom,Platinum,2025-09-21,Inactive
CUST004773,Christina,Navarro,Female,2006-02-22,christina.navarro@yahoo.com,0236920827,Dubai,Dubai,UAE,Gold,2022-05-27,Active
CUST004774,Krista,Mitchell,Female,1995-10-30,krista.mitchell@gmail.com,0703809977,Dubai,Dubai,UAE,Platinum,2023-02-06,Active
CUST004775,Lisa,Bell,Male,2006-06-19,lisa.bell@gmail.com,8252905984,Hyderabad,Telangana,India,Gold,2024-05-11,Active
CUST004776,Erica,Mills,Male,1955-09-22,erica.mills@gmail.com,7036995708,Singapore,Singapore,Singapore,Gold,2024-09-02,Inactive
CUST004777,Lisa,Brown,Male,1987-12-21,lisa.brown@outlook.com,3507034040,Dubai ,Dubai,UAE,Gold,2021-12-13,Inactive
CUST004778,Zachary,Walsh,Male,1977-06-20,zachary.walsh@hotmail.com,5263163778,London,England,United Kingdom,Silver,2026-04-27,Inactive
CUST004779,Robin,Robinson,Female,2003-11-10,robin.robinson@yahoo.com,,Dubai,Dubai,UAE,Diamond,2024-09-11,Active
CUST004780,Emily,Carroll,Male,1955-11-26,emily.carroll@hotmail.com,5939137105,Hyderabad,Telangana,India,Diamond,2022-06-28,Active
CUST004781,Tracey,Harper,Female,1990-01-05,tracey.harper@yahoo.com,7690257773,Singapore,Singapore,Singapore,Silver,2021-08-08,Active
CUST004782,Jesse,Phillips,Female,1974-05-08,john@gmail,2642681218,Bengaluru,Karnataka,India,Gold,2023-08-16,Inactive
CUST004783,Michael,Black,Female,1970-01-20,michael.black@yahoo.com,8416150366,Chennai,Tamil Nadu,India,Silver,2023-12-23,Inactive
CUST004784,Destiny,Mayo,Male,1971-07-20,destiny.mayo@outlook.com,4001097735,Chennai,Tamil Nadu,India,Silver,2023-07-31,Inactive
CUST004785,Charlene,Gibbs,Female,1957-03-06,charlene.gibbs@hotmail.com,2220745351,Bengaluru,Karnataka,India,Gold,2026-04-23,Active
CUST004786,Holly,Mason,Male,1967-10-11,holly.mason@hotmail.com,4729093108,Sydney,New South Wales,Australia,Silver,2024-02-23,Inactive
CUST004787,Heather,Wright,Male,1991-10-10,heather.wright@yahoo.com,7880527192,Chennai,Tamil Nadu,India,Gold,2023-05-21,Active
CUST004788,Jennifer,Wilson,Female,1975-09-14,jennifer.wilson@outlook.com,8848861360,New York,New York,United States,Gold,2022-11-05,Active
CUST004789,Joshua,Leonard,Female,1984-11-27,joshua.leonard@hotmail.com,1741456394,Dubai,Dubai,UAE,Gold,2025-01-01,Inactive
CUST004790,Kim,Russell,Female,1982-07-22,kim.russell@hotmail.com,9880321602,Delhi,Delhi,India,Platinum,2022-04-27,Active
CUST004791,Chelsea,Stephens,Male,1970-01-26,chelsea.stephens@outlook.com,3723445541,Dubai,Dubai,UAE,Platinum,2023-11-18,Inactive
CUST004792,Keith,Washington,Female,1966-09-20,keith.washington@yahoo.com,7996699267,Dubai,Dubai,UAE,Platinum,2024-01-29,Inactive
CUST004793,Megan,Sanchez,Female,1982-11-16,megan.sanchez@outlook.com,7273557959,Delhi,Delhi,India,Silver,2026-07-21,Active
CUST004794,Elizabeth,Avery,Female,1999-08-06,elizabeth.avery@hotmail.com,7807631537,Mumbai,Maharashtra,India,Platinum,2024-04-01,Active
CUST004795,Debra,Cruz,Male,2006-03-11,debra.cruz@gmail.com,2840971101,Bengaluru,Karnataka,India,Silver,2022-10-20,Inactive
CUST004796,Darlene,Molina,Male,2001-04-15,darlene.molina@outlook.com,4855117781,New York,New York,United States,Platinum,2025-04-20,Inactive
CUST004797,Johnny,Stevens,Female,1976-07-22,johnny.stevens@yahoo.com,7040475399,Singapore,Singapore,Singapore,Platinum,2023-07-28,Active
CUST004798,Alexander,Cox,Male,1963-12-05,alexander.cox@yahoo.com,5980250551,London,England,United Kingdom,Platinum,2024-02-24,Inactive
CUST004799,Kathleen,Garcia,Female,2002-10-24,kathleen.garcia@yahoo.com,0254392771,Chennai,Tamil Nadu,India,Platinum,2023-06-01,Active
CUST004800,Sean,Lopez,Female,1959-07-28,sean.lopez@hotmail.com,9684183035,Bengaluru,Karnataka,India,Gold,2026-03-22,Inactive
CUST004801,Miranda,Walsh,Male,1980-04-14,miranda.walsh@outlook.com,7966853565,London,England,United Kingdom,Platinum,2026-07-20,Inactive
CUST004802,Elizabeth,Smith,Male,2005-06-06,elizabeth.smith@yahoo.com,1770424029,Dubai,Dubai,UAE,Silver,2022-09-07,Inactive
CUST004803,Nicholas,Diaz,Female,1985-09-08,nicholas.diaz@yahoo.com,9973904685,Delhi,Delhi,India,Platinum,2026-01-06,Inactive
CUST004804,Heather,Gutierrez,Female,1956-03-30,heather.gutierrez@outlook.com,0482575428,Chennai,Tamil Nadu,India,Gold,2022-11-21,Active
CUST004805,Mackenzie,Jenkins,Male,1956-03-05,mackenzie.jenkins@hotmail.com,8325383342,Hyderabad,Telangana,India,Diamond,2021-11-09,Inactive
CUST004806,Angela,Ramirez,Female,1979-10-29,angela.ramirez@yahoo.com,8083348100,Bengaluru,Karnataka,India,Platinum,2023-02-05,Active
CUST004807,Laura,Jacobs,Male,1985-06-12,laura.jacobs@outlook.com,5052810601,Dubai,Dubai,UAE,Platinum,2022-07-16,Inactive
CUST004808,Sarah,Robinson,Female,1988-08-01,sarah.robinson@yahoo.com,6678654736,London,England,United Kingdom,Gold,2023-01-06,Active
CUST004809,Jason,Anderson,Female,1982-09-05,jason.anderson@outlook.com,1491075443,London,England,United Kingdom,Platinum,2025-10-21,Inactive
CUST004810,Laura,Taylor,Female,1991-10-30,laura.taylor@yahoo.com,1533788550,Hyderabad,Telangana,India,Silver,2022-01-24,Active
CUST004811,Kevin,Ramos,Female,1989-06-16,kevin.ramos@outlook.com,9600277214,Hyderabad,Telangana,India,Diamond,2021-10-04,Active
CUST004812,Adam,Tran,Female,1959-01-04,adam.tran@yahoo.com,7759801986,New York,New York,United States,Diamond,2026-04-03,Inactive
CUST004813,Amber,Singh,Female,1972-05-24,amber.singh@yahoo.com,7562466602,Delhi,Delhi,India,Silver,2022-05-05,Active
CUST004814,Melody,Simmons,Male,1962-09-19,melody.simmons@outlook.com,1939594934,Sydney,New South Wales,Australia,Platinum,2023-03-02,Inactive
CUST004815,Don,Warren,Male,2003-09-14,don.warren@outlook.com,5129148089,Bengaluru,Karnataka,India,Diamond,2025-05-08,Active
CUST004816,Ashley,Mendoza,Male,1974-07-03,ashley.mendoza@outlook.com,0995073103,CHENNAI,Tamil Nadu,India,Diamond,2023-09-30,Active
CUST004817,Alvin,Perez,Male,2004-09-04,alvin.perez@yahoo.com,5239034238,Mumbai,Maharashtra,India,Silver,2024-07-18,Active
CUST004818,James,Rice,Female,1968-05-20,james.rice@hotmail.com,3182009465,New York,New York,United States,Diamond,2023-10-01,Inactive
CUST004819,James,Olson,Male,1978-04-24,james.olson@yahoo.com,3436927523,London,England,United Kingdom,Silver,2022-07-30,Active
CUST004820,Leah,Downs,Female,1957-09-10,leah.downs@hotmail.com,3922670475,Chennai,Tamil Nadu,India,Gold,2023-11-08,Active
CUST004821,Pamela,Kline,Male,2008-03-28,,8932948360,Dubai,Dubai,UAE,Gold,2026-01-04,Active
CUST004822,Brooke,Anderson,Male,1968-04-10,brooke.anderson@yahoo.com,5921652985,Dubai,Dubai,UAE,Silver,2022-01-09,Inactive
CUST004823,Chad,Howard,Female,1969-06-27,chad.howard@yahoo.com,3980653266,Singapore,Singapore,Singapore,Silver,2024-05-29,Active
CUST004824,Michele,Garcia,Male,1998-01-16,michele.garcia@yahoo.com,2787983733,Mumbai,Maharashtra,India,Diamond,2021-08-28,Active
CUST004825,Katherine,Greene,Male,1998-05-20,katherine.greene@gmail.com,6541335877,Sydney,New South Wales,Australia,Diamond,2024-12-23,Inactive
CUST004826,Cynthia,Morton,Female,1986-07-28,cynthia.morton@yahoo.com,0472848815,Delhi,Delhi,India,Diamond,2023-11-04,Active
CUST004827,Lori,Miller,Female,1972-10-14,lori.miller@yahoo.com,9233898103,Delhi,Delhi,India,Gold,2022-02-20,Active
CUST004828,Linda,Villarreal,Female,1981-08-27,linda.villarreal@yahoo.com,9501490693,Delhi,Delhi,India,Gold,2026-05-10,Active
CUST004829,Jacqueline,Jones,Female,2003-10-09,,9347994136,Dubai,Dubai,UAE,Silver,2023-04-14,Active
CUST004830,Melissa,Townsend,Female,1988-09-11,melissa.townsend@yahoo.com,9867157457,Singapore,Singapore,Singapore,Platinum,2022-07-25,Active
CUST004831,Mark,Brown,Male,2001-11-18,mark.brown@outlook.com,5790397408,Mumbai,Maharashtra,India,Gold,2025-06-30,Inactive
CUST004832,Jennifer,Compton,Female,1965-02-16,jennifer.compton@yahoo.com,9752438223,London,England,United Kingdom,Platinum,2021-10-22,Inactive
CUST004833,Jessica,George,Female,1962-10-05,jessica.george@yahoo.com,6664939280,Hyderabad,Telangana,India,Silver,2024-12-08,Active
CUST004834,Sara,Henderson,Male,1995-07-05,sara.henderson@outlook.com,1874756935,Mumbai,Maharashtra,India,Silver,2022-05-13,Active
CUST004835,David,Bauer,Female,1996-04-21,,7993648385,London,England,United Kingdom,Diamond,2024-09-25,Inactive
CUST004836,Dillon,Rodgers,Female,2006-12-02,dillon.rodgers@gmail.com,6322181259,Hyderabad,Telangana,India,Diamond,2025-06-12,Active
CUST004837,Shaun,Turner,Female,1964-03-12,shaun.turner@outlook.com,6541187870,Mumbai,Maharashtra,India,Gold,2023-06-21,Inactive
CUST004838,Sally,Davis,Male,1982-01-28,sally.davis@yahoo.com,7845236412,London,England,United Kingdom,Gold,2021-10-29,Active
CUST004839,Keith,Ramirez,Male,1999-12-01,keith.ramirez@hotmail.com,2262786467,New York,New York,United States,Gold,2023-05-30,Active
CUST004840,Shannon,Delgado,Male,1969-02-13,shannon.delgado@yahoo.com,7899050738,Hyderabad,Telangana,India,Diamond,2024-09-10,Inactive
CUST004841,Lisa,Bradley,Male,1983-09-03,lisa.bradley@outlook.com,7035782383,New York,New York,United States,Gold,2025-03-26,Active
CUST004842,Zachary,Maxwell,Male,1985-01-25,zachary.maxwell@outlook.com,4202335155,Delhi,Delhi,India,Platinum,2023-01-26,Inactive
CUST004843,Carol,Harris,Male,1982-11-25,carol.harris@hotmail.com,6393159037,Singapore,Singapore,Singapore,Platinum,2022-08-22,Inactive
CUST004844,Tyler,Ramos,Male,2001-09-08,tyler.ramos@gmail.com,2639008557,Bengaluru,Karnataka,India,Silver,2025-05-31,Active
CUST004845,Erica,Rogers,Female,1977-12-01,erica.rogers@gmail.com,1681025878,HYDERABAD,Telangana,India,Gold,2026-02-21,Inactive
CUST004846,Tiffany,Pace,Female,1984-08-11,tiffany.pace@yahoo.com,8846189350,London,England,United Kingdom,Gold,2025-04-20,Inactive
CUST004847,Shane,Contreras,Male,1986-02-25,shane.contreras@yahoo.com,3249271587,New York,New York,United States,Platinum,2025-01-12,Active
CUST004848,Allison,Barrera,Male,1989-11-30,allison.barrera@hotmail.com,0474888484,Singapore,Singapore,Singapore,Platinum,2024-12-28,Active
CUST004849,Austin,Stanley,Male,1996-09-11,austin.stanley@outlook.com,2794834302,Bengaluru,Karnataka,India,Diamond,2023-11-01,Active
CUST004850,Crystal,Smith,Male,1996-07-06,crystal.smith@gmail.com,1679738658,Dubai,Dubai,UAE,Silver,2023-02-18,Inactive
CUST004851,Christopher,Anderson,Male,1966-11-23,christopher.anderson@gmail.com,2932529733,Delhi,Delhi,India,Gold,2024-08-07,Inactive
CUST004852,Brenda,Downs,Male,1995-10-03,,0274364928,CHENNAI,Tamil Nadu,India,Diamond,2022-01-17,Active
CUST004853,Dawn,Henson,Male,1987-10-15,dawn.henson@gmail.com,3373200431,Singapore,Singapore,Singapore,Diamond,2025-01-16,Inactive
CUST004854,Christina,Orozco,Female,2005-12-08,christina.orozco@outlook.com,4435416876,Dubai,Dubai,UAE,Platinum,2023-07-13,Active
CUST004855,Amanda,Lee,Female,1968-11-07,gmail.com,2389323488,Hyderabad,Telangana,India,Diamond,2024-01-27,Inactive
CUST004856,Kyle,Hicks,Male,1971-06-19,kyle.hicks@yahoo.com,1182394029,Hyderabad,Telangana,India,Gold,2022-09-14,Inactive
CUST004857,Andrea,Warner,Male,1962-12-22,andrea.warner@hotmail.com,6589605282,Dubai,Dubai,UAE,Platinum,2022-07-09,Active
CUST004858,Katrina,Cisneros,Male,1976-05-20,katrina.cisneros@outlook.com,7294537315,Singapore,Singapore,Singapore,Silver,2021-10-15,Active
CUST004859,Heather,Chang,Male,1983-09-23,heather.chang@yahoo.com,4987620754,Hyderabad,Telangana,India,Silver,2022-12-31,Active
CUST004860,David,Lopez,Female,2007-03-19,david.lopez@gmail.com,3901368489,Chennai,Tamil Nadu,India,Silver,2021-10-11,Active
CUST004861,Marie,Silva,Male,1999-05-05,marie.silva@outlook.com,3924654737,Chennai,Tamil Nadu,India,Diamond,2021-07-30,Active
CUST004862,Benjamin,Wright,Male,1964-04-29,benjamin.wright@hotmail.com,3950138963,Sydney,New South Wales,Australia,Gold,2022-10-31,Inactive
CUST004863,Pamela,Santana,Male,1977-08-26,pamela.santana@outlook.com,,Mumbai,Maharashtra,India,Diamond,2025-02-04,Active
CUST004864,Erin,Smith,Female,1970-06-09,erin.smith@outlook.com,0055934034,London,England,United Kingdom,Diamond,2022-07-27,Inactive
CUST004865,Bianca,Hall,Female,1966-10-17,bianca.hall@yahoo.com,4083944122,Dubai,Dubai,UAE,Gold,2025-04-10,Active
CUST004866,Anne,Bailey,Female,1967-09-09,anne.bailey@yahoo.com,3694748057,Hyderabad,Telangana,India,Silver,2021-11-23,Active
CUST004867,Justin,Klein,Female,1979-01-12,justin.klein@hotmail.com,7852615755,New York,New York,United States,Diamond,2025-07-27,Inactive
CUST004868,Lindsey,Wright,Female,1955-12-07,lindsey.wright@gmail.com,9698016335,Bengaluru,Karnataka,India,Gold,2024-02-24,Inactive
CUST004869,Melanie,Brown,Female,1999-12-29,melanie.brown@gmail.com,7400396319,Dubai,Dubai,UAE,Gold,2023-02-16,Inactive
CUST004870,Paul,Ramirez,Female,1995-04-30,paul.ramirez@gmail.com,2924251988,Hyderabad,Telangana,India,Gold,2026-02-19,Active
CUST004871,Kathleen,Martinez,Female,1971-06-07,kathleen.martinez@gmail.com,1139425638,Delhi,Delhi,India,Gold,2021-10-25,Inactive
CUST004872,Samantha,Harrell,Female,1957-07-19,samantha.harrell@outlook.com,4918683464,Chennai,Tamil Nadu,India,Silver,2022-09-30,Inactive
CUST004873,Jennifer,Watkins,Female,1977-09-24,jennifer.watkins@yahoo.com,1778095758,Mumbai,Maharashtra,India,Platinum,2025-08-12,Inactive
CUST004874,Kathy,Hernandez,Male,1987-12-11,,0264966278,Mumbai,Maharashtra,India,Platinum,2023-05-16,Active
CUST004875,Erica,Swanson,Male,1970-04-08,erica.swanson@hotmail.com,5232249954,Bengaluru,Karnataka,India,Diamond,2023-12-29,Inactive
CUST004876,Pedro,Lee,Female,1992-07-30,pedro.lee@outlook.com,4595293032,Mumbai,Maharashtra,India,Silver,2024-03-31,Active
CUST004877,Rachael,Simon,Male,1983-09-01,rachael.simon@hotmail.com,0372173123,Bengaluru,Karnataka,India,Silver,2022-05-01,Inactive
CUST004878,Jill,Fischer,Male,1991-01-26,jill.fischer@hotmail.com,8970953101,London,England,United Kingdom,Platinum,2023-04-24,Active
CUST004879,Larry,Grimes,Male,1995-10-02,larry.grimes@hotmail.com,6188280814,Delhi,Delhi,India,Platinum,2023-12-02,Active
CUST004880,Ian,Adams,Male,1979-11-19,ian.adams@hotmail.com,,Hyderabad,Telangana,India,Silver,2025-12-10,Active
CUST004881,Elizabeth,Sandoval,Male,2008-03-17,elizabeth.sandoval@yahoo.com,7888660987,Delhi,Delhi,India,Diamond,2022-01-20,Active
CUST004882,Bethany,Jackson,Male,1990-02-08,bethany.jackson@yahoo.com,7932163050,Hyderabad,Telangana,India,Silver,2026-07-03,Active
CUST004883,Patrick,Doyle,Female,1979-04-08,patrick.doyle@outlook.com,8573782718,Dubai,Dubai,UAE,Silver,2025-10-07,Active
CUST004884,Scott,Hamilton,Male,1992-12-19,scott.hamilton@outlook.com,7396202680,Mumbai,Maharashtra,India,Silver,2022-07-31,Active
CUST004885,Edward,Ryan,Female,1996-08-28,edward.ryan@hotmail.com,5389276099,Bengaluru,Karnataka,India,Platinum,2022-02-19,Inactive
CUST004886,Laura,Taylor,Male,2001-04-06,laura.taylor@yahoo.com,1321313001,Bengaluru,Karnataka,India,Diamond,2022-07-14,Active
CUST004887,Kevin,Thompson,Male,1959-03-19,kevin.thompson@hotmail.com,6985050896,Bengaluru,Karnataka,India,Platinum,2023-02-27,Active
CUST004888,Shannon,Murphy,Female,1957-03-31,shannon.murphy@hotmail.com,6901861434,New York,New York,United States,Gold,2026-07-08,Active
CUST004889,Jessica,Larson,Male,2003-11-23,jessica.larson@gmail.com,1803766884,Chennai,Tamil Nadu,India,Gold,2022-03-28,Active
CUST004890,Joshua,Hughes,Male,2001-05-12,joshua.hughes@yahoo.com,0633314651,Delhi,Delhi,India,Diamond,2025-03-14,Active
CUST004891,Aaron,Williams,Female,1987-10-05,aaron.williams@yahoo.com,8302386372,London,England,United Kingdom,Gold,2025-01-30,Inactive
CUST004892,Joseph,Vaughn,Male,1961-10-17,joseph.vaughn@outlook.com,7615954617,Mumbai,Maharashtra,India,Silver,2025-06-21,Active
CUST004893,Jerry,Allen,Female,1969-03-12,jerry.allen@outlook.com,4484723592,Mumbai,Maharashtra,India,Diamond,2023-04-09,Active
CUST004894,Leah,Lynch,Female,1963-03-21,leah.lynch@outlook.com,4742969099,Chennai,Tamil Nadu,India,Gold,2025-04-01,Inactive
CUST004895,Savannah,Reed,Male,1959-10-28,savannah.reed@yahoo.com,5011375021,Hyderabad,Telangana,India,Gold,2024-07-22,Inactive
CUST004896,Charles,Greene,Female,1963-12-21,charles.greene@hotmail.com,0652771255,Chennai,Tamil Nadu,India,Platinum,2023-11-17,Inactive
CUST004897,Andrew,Porter,Male,1968-10-19,andrew.porter@yahoo.com,6386987638,Bengaluru,Karnataka,India,Gold,2022-11-07,Active
CUST004898,Anna,Snyder,Female,1997-11-10,anna.snyder@gmail.com,3829547031,Chennai,Tamil Nadu,India,Gold,2023-08-16,Active
CUST004899,Donald,Armstrong,Female,1974-05-30,donald.armstrong@outlook.com,9929276486,Bengaluru,Karnataka,India,Gold,2021-09-04,Inactive
CUST004900,Benjamin,Miranda,Male,1964-02-20,benjamin.miranda@yahoo.com,8122727694,Mumbai,Maharashtra,India,Diamond,2025-07-12,Inactive
CUST004901,Andrew,Flynn,Female,2003-03-26,andrew.flynn@gmail.com,2394875528,Bengaluru,Karnataka,India,Platinum,2026-07-13,Active
CUST004902,Lisa,Baldwin,Female,1966-11-10,lisa.baldwin@outlook.com,1302385333,Bengaluru,Karnataka,India,Platinum,2023-12-20,Inactive
CUST004903,Kimberly,Mitchell,Male,1990-05-11,kimberly.mitchell@hotmail.com,0393919429,Delhi,Delhi,India,Diamond,2021-10-08,Active
CUST004904,Summer,Campbell,Female,1996-06-20,summer.campbell@yahoo.com,0531402633,New York,New York,United States,Platinum,2025-01-06,Inactive
CUST004905,Donna,Hubbard,Male,2002-02-11,john@gmail,0465181870,New York,New York,United States,Diamond,2021-11-23,Active
CUST004906,Kelly,Bell,Male,1970-11-28,kelly.bell@outlook.com,6072097295,London,England,United Kingdom,Platinum,2024-08-20,Inactive
CUST004907,Scott,Hampton,Male,2008-02-10,scott.hampton@outlook.com,8808186968,Sydney,New South Wales,Australia,Platinum,2025-06-20,Active
CUST004908,Edward,Williams,Male,1960-06-20,edward.williams@hotmail.com,1935921418,London,England,United Kingdom,Diamond,2026-02-24,Active
CUST004909,William,Baird,Female,1979-05-31,william.baird@yahoo.com,7808557355,Sydney,New South Wales,Australia,Gold,2022-07-14,Active
CUST004910,Bradley,Ellis,Female,2004-08-19,bradley.ellis@outlook.com,8791169315,Chennai,Tamil Nadu,India,Gold,2022-07-07,Active
CUST004911,Richard,Finley,Female,1968-02-22,richard.finley@gmail.com,5684563422,Bengaluru,Karnataka,India,Diamond,2025-05-01,Active
CUST004912,Allison,Mccann,Male,1981-06-03,allison.mccann@hotmail.com,9811802450,Hyderabad,Telangana,India,Diamond,2025-08-18,Active
CUST004913,Paul,Curtis,Female,2006-03-12,paul.curtis@gmail.com,7304119965,Mumbai,Maharashtra,India,Silver,2024-12-07,Inactive
CUST004914,Evelyn,Valenzuela,Male,2002-11-15,evelyn.valenzuela@outlook.com,5571824541,Hyderabad,Telangana,India,Silver,2021-09-22,Inactive
CUST004915,Timothy,Evans,Female,1967-03-24,timothy.evans@gmail.com,9362902004,London,England,United Kingdom,Diamond,2022-05-07,Inactive
CUST004916,Chelsea,Hernandez,Male,1972-12-14,chelsea.hernandez@hotmail.com,5697520698,Bengaluru,Karnataka,India,Silver,2024-04-29,Inactive
CUST004917,Sheila,Smith,Male,2006-01-24,sheila.smith@outlook.com,5127646102,Singapore,Singapore,Singapore,Gold,2024-08-22,Inactive
CUST004918,Kevin,Brown,Male,2006-07-23,kevin.brown@hotmail.com,3522790924,London,England,United Kingdom,Silver,2023-09-14,Inactive
CUST004919,Bianca,Butler,Female,1968-12-20,bianca.butler@outlook.com,2823035881,New York,New York,United States,Diamond,2025-06-28,Inactive
CUST004920,Brandon,King,Female,1994-02-16,brandon.king@yahoo.com,9475314426,Singapore,Singapore,Singapore,Diamond,2022-06-14,Active
CUST004921,Katelyn,Cervantes,Female,2006-07-13,katelyn.cervantes@gmail.com,9271503979,Singapore,Singapore,Singapore,Platinum,2024-09-07,Active
CUST004922,Stacey,Scott,Female,1979-04-01,stacey.scott@outlook.com,5467321028,Delhi,Delhi,India,Diamond,2022-05-06,Inactive
CUST004923,Elizabeth,Washington,Female,1971-03-17,elizabeth.washington@hotmail.com,7811418639,New York,New York,United States,Silver,2023-09-22,Inactive
CUST004924,Lori,Bartlett,Male,1987-05-01,lori.bartlett@outlook.com,3693065750,Dubai,Dubai,UAE,Diamond,2024-10-25,Inactive
CUST004925,Gabriel,Martinez,Male,1977-03-14,gabriel.martinez@outlook.com,6190273797,Chennai,Tamil Nadu,India,Gold,2024-02-21,Active
CUST004926,Andrew,Miller,Female,1982-03-30,andrew.miller@gmail.com,0082183921,New York,New York,United States,Platinum,2024-10-17,Active
CUST004927,David,Williams,Female,1976-10-26,david.williams@gmail.com,0710689475,Delhi,Delhi,India,Silver,2023-08-02,Inactive
CUST004928,John,Jacobs,Male,1991-07-04,john.jacobs@yahoo.com,7069289793,London,England,United Kingdom,Diamond,2021-12-31,Inactive
CUST004929,Nancy,Harper,Female,1965-11-23,nancy.harper@yahoo.com,7656399672,Chennai,Tamil Nadu,India,Silver,2022-01-18,Active
CUST004930,Kenneth,Gonzalez,Male,1967-02-18,kenneth.gonzalez@gmail.com,0969024568,Bengaluru,Karnataka,India,Silver,2023-09-05,Inactive
CUST004931,Kelly,Lane,Female,1995-11-13,kelly.lane@hotmail.com,5542849983,Mumbai,Maharashtra,India,Platinum,2026-07-01,Active
CUST004932,Steven,Smith,Female,1974-11-18,steven.smith@outlook.com,,Chennai ,Tamil Nadu,India,Diamond,2025-04-25,Inactive
CUST004933,David,Wagner,Female,1969-03-29,david.wagner@gmail.com,0685475272,Hyderabad,Telangana,India,Diamond,2023-08-20,Active
CUST004934,Michael,Parker,Male,1981-05-19,michael.parker@hotmail.com,7254470784,London,England,United Kingdom,Silver,2025-03-11,Active
CUST004935,Francisco,Evans,Female,1984-07-22,francisco.evans@yahoo.com,2916233905,Bengaluru,Karnataka,India,Platinum,2024-10-28,Active
CUST004936,Manuel,Rowe,Female,1966-07-27,manuel.rowe@yahoo.com,3622552191,Mumbai,Maharashtra,India,Platinum,2025-10-03,Inactive
CUST004937,Karl,Johnson,Male,1983-08-17,karl.johnson@outlook.com,8606646185,London,England,United Kingdom,Diamond,2023-12-04,Active
CUST004938,Gloria,Walker,Male,2006-02-10,gloria.walker@yahoo.com,0193780947,Chennai,Tamil Nadu,India,Platinum,2026-04-03,Active
CUST004939,Karen,Parker,Male,1985-01-02,karen.parker@yahoo.com,5374065936,Dubai,Dubai,UAE,Silver,2023-10-23,Inactive
CUST004940,Kurt,Sanchez,Female,1999-10-20,kurt.sanchez@gmail.com,7764848723,Chennai,Tamil Nadu,India,Gold,2022-12-22,Inactive
CUST004941,Ellen,Romero,Male,2005-05-05,ellen.romero@gmail.com,2236333703,Sydney,New South Wales,Australia,Platinum,2021-07-27,Inactive
CUST004942,James,Cross,Male,1993-07-15,james.cross@hotmail.com,5886012053,Bengaluru,Karnataka,India,Silver,2024-11-17,Inactive
CUST004943,Emily,Jones,Male,1977-07-12,emily.jones@gmail.com,9498806128,Delhi,Delhi,India,Silver,2023-06-25,Active
CUST004944,Christopher,Riley,Male,1974-05-26,christopher.riley@gmail.com,1308692303,Hyderabad,Telangana,India,Platinum,2025-05-17,Inactive
CUST004945,Jacob,Anderson,Female,1981-07-01,jacob.anderson@yahoo.com,4040058397,Bengaluru,Karnataka,India,Gold,2024-09-11,Inactive
CUST004946,John,Newman,Female,1992-08-08,john.newman@outlook.com,4414437340,Delhi,Delhi,India,Gold,2025-08-26,Inactive
CUST004947,Manuel,Scott,Female,1966-10-27,manuel.scott@hotmail.com,9968935881,Singapore,Singapore,Singapore,Silver,2021-10-07,Inactive
CUST004948,Randy,King,Female,2008-05-29,randy.king@outlook.com,2959978314,Delhi,Delhi,India,Diamond,2023-08-10,Active
CUST004949,Nathaniel,Sanford,Male,1973-03-02,nathaniel.sanford@yahoo.com,0770917974,Sydney,New South Wales,Australia,Gold,2022-11-11,Inactive
CUST004950,Francisco,Singh,Female,2007-06-19,francisco.singh@yahoo.com,8847446307,New York,New York,United States,Gold,2025-02-27,Inactive
CUST004951,Nicholas,Santos,Female,1998-01-28,nicholas.santos@hotmail.com,0046844365,SYDNEY,New South Wales,Australia,Diamond,2025-08-01,Inactive
CUST004952,Kristina,Arnold,Female,2003-01-18,kristina.arnold@hotmail.com,0219416094,New York,New York,United States,Platinum,2024-03-11,Active
CUST004953,Pamela,Todd,Male,2001-04-09,pamela.todd@hotmail.com,9639326565,Chennai,Tamil Nadu,India,Gold,2021-09-02,Inactive
CUST004954,Ruben,Vaughn,Female,1990-04-09,ruben.vaughn@gmail.com,9357760074,Hyderabad,Telangana,India,Gold,2021-11-03,Inactive
CUST004955,Thomas,Crosby,Male,1970-10-19,thomas.crosby@outlook.com,5454038296,Singapore,Singapore,Singapore,Platinum,2024-02-25,Inactive
CUST004956,Melanie,Snyder,Male,1970-04-09,melanie.snyder@yahoo.com,8296032734,Sydney,New South Wales,Australia,Silver,2023-08-14,Active
CUST004957,Michael,Knapp,Female,1960-08-08,michael.knapp@outlook.com,8656468802,Dubai,Dubai,UAE,Diamond,2023-06-23,Active
CUST004958,Jennifer,Turner,Male,1970-08-09,jennifer.turner@outlook.com,5105971663,Mumbai,Maharashtra,India,Platinum,2024-10-30,Active
CUST004959,Erik,Miller,Female,1982-02-01,erik.miller@gmail.com,8313678862,Sydney,New South Wales,Australia,Gold,2021-09-13,Inactive
CUST004960,John,Martinez,Female,1958-06-09,john.martinez@outlook.com,7010595888,Hyderabad,Telangana,India,Silver,2024-01-11,Inactive
CUST004961,Erin,Martin,Male,1960-11-24,erin.martin@hotmail.com,7577391688,MUMBAI,Maharashtra,India,Gold,2022-06-26,Active
CUST004962,Jeremy,Medina,Female,1992-01-06,jeremy.medina@outlook.com,8620565126,Sydney,New South Wales,Australia,Gold,2024-12-18,Inactive
CUST004963,Yvette,Curtis,Female,1981-02-14,yvette.curtis@outlook.com,4847734596,Delhi,Delhi,India,Platinum,2022-03-02,Inactive
CUST004964,Todd,Martinez,Male,2007-12-23,todd.martinez@outlook.com,2486588613,Delhi,Delhi,India,Gold,2026-06-04,Inactive
CUST004965,Lauren,Ferguson,Female,1967-11-15,lauren.ferguson@gmail.com,8883478251,Sydney,New South Wales,Australia,Gold,2026-04-22,Active
CUST004966,Whitney,Ali,Male,1963-12-06,whitney.ali@gmail.com,8561925093,Bengaluru,Karnataka,India,Gold,2021-09-17,Inactive
CUST004967,Calvin,Matthews,Male,1982-09-21,calvin.matthews@yahoo.com,8574195895,Bengaluru,Karnataka,India,Gold,2025-08-28,Active
CUST004968,Bianca,Lyons,Male,1998-08-13,bianca.lyons@outlook.com,8721800235,Sydney,New South Wales,Australia,Diamond,2023-12-09,Inactive
CUST004969,Brandon,White,Male,1956-12-09,brandon.white@gmail.com,3119673176,Chennai,Tamil Nadu,India,Silver,2023-07-21,Inactive
CUST004970,Tina,Stevens,Male,1973-07-13,tina.stevens@outlook.com,2232324597,Mumbai,Maharashtra,India,Gold,2024-06-06,Active
CUST004971,Jessica,Washington,Male,1982-09-30,jessica.washington@gmail.com,1110619149,Mumbai,Maharashtra,India,Silver,2024-12-18,Inactive
CUST004972,Larry,Russell,Female,1993-06-06,larry.russell@hotmail.com,4175519234,Singapore,Singapore,Singapore,Silver,2023-04-28,Inactive
CUST004973,Michael,Odonnell,Male,1972-04-25,michael.odonnell@hotmail.com,0001514327,Sydney,New South Wales,Australia,Gold,2024-05-28,Active
CUST004974,Lawrence,Hill,Female,1960-10-24,lawrence.hill@gmail.com,3636494380,Hyderabad,Telangana,India,Diamond,2026-05-21,Inactive
CUST004975,Wanda,Salazar,Male,1971-03-28,wanda.salazar@outlook.com,8363895073,Bengaluru,Karnataka,India,Diamond,2025-02-13,Inactive
CUST004976,Cassie,Lewis,Female,2003-06-03,cassie.lewis@hotmail.com,0232144786,London,England,United Kingdom,Platinum,2024-10-17,Active
CUST004977,Sandra,Thomas,Female,1979-08-02,sandra.thomas@yahoo.com,4550811778,London,England,United Kingdom,Platinum,2022-04-29,Inactive
CUST004978,Nicole,Garcia,Male,2000-02-04,nicole.garcia@outlook.com,9097370822,Bengaluru,Karnataka,India,Diamond,2023-01-28,Active
CUST004979,Amy,Fox,Female,1978-06-06,amy.fox@yahoo.com,1380044809,Chennai,Tamil Nadu,India,Diamond,2023-09-17,Inactive
CUST004980,Brenda,Diaz,Male,1968-09-22,brenda.diaz@hotmail.com,3680411530,Hyderabad,Telangana,India,Diamond,2024-04-25,Inactive
CUST004981,Matthew,Davis,Female,1996-10-21,matthew.davis@yahoo.com,0498117438,Chennai,Tamil Nadu,India,Gold,2025-11-19,Inactive
CUST004982,Tasha,Erickson,Female,1976-12-31,tasha.erickson@hotmail.com,9375149343,Mumbai,Maharashtra,India,Platinum,2022-10-06,Inactive
CUST004983,Olivia,Sandoval,Female,2003-02-09,olivia.sandoval@outlook.com,0039684799,New York,New York,United States,Diamond,2024-04-03,Inactive
CUST004984,Charlene,Lyons,Male,1985-10-15,charlene.lyons@gmail.com,6330306582,Hyderabad,Telangana,India,Platinum,2025-06-25,Inactive
CUST004985,Alexander,Thomas,Female,1994-12-19,alexander.thomas@gmail.com,9362712575, Dubai,Dubai,UAE,Silver,2023-05-06,Inactive
CUST004986,Katie,Mcintosh,Male,2007-12-18,katie.mcintosh@hotmail.com,1914345023,Delhi,Delhi,India,Diamond,2025-05-01,Inactive
CUST004987,Amanda,Allen,Male,2000-01-18,amanda.allen@hotmail.com,9410286874,Sydney,New South Wales,Australia,Gold,2022-07-05,Active
CUST004988,Elijah,Hamilton,Female,2005-07-18,elijah.hamilton@yahoo.com,3035173948,Mumbai,Maharashtra,India,Platinum,2023-01-09,Active
CUST004989,Laurie,Vazquez,Male,1974-12-20,laurie.vazquez@hotmail.com,5117873320,Sydney,New South Wales,Australia,Gold,2025-11-20,Active
CUST004990,Ebony,Hopkins,Male,1970-10-20,ebony.hopkins@yahoo.com,0059495143,London,England,United Kingdom,Platinum,2025-06-28,Active
CUST004991,Miguel,Oliver,Male,2007-12-10,miguel.oliver@outlook.com,1938994002,London,England,United Kingdom,Gold,2026-06-05,Active
CUST004992,Heather,Nicholson,Male,1975-09-11,heather.nicholson@hotmail.com,4623855700,Mumbai,Maharashtra,India,Gold,2026-03-23,Active
CUST004993,Norman,Williams,Male,2003-09-03,norman.williams@yahoo.com,0873138778,Singapore,Singapore,Singapore,Diamond,2023-10-06,Active
CUST004994,Nathan,Cline,Female,2001-09-25,nathan.cline@outlook.com,0959731838,Dubai,Dubai,UAE,Silver,2021-08-07,Inactive
CUST004995,Heidi,Jackson,Male,1967-07-09,heidi.jackson@outlook.com,7856277691,Chennai,Tamil Nadu,India,Silver,2025-11-04,Inactive
CUST004996,Kimberly,Holmes,Male,1999-04-18,kimberly.holmes@outlook.com,2180214382,London,England,United Kingdom,Platinum,2022-05-25,Inactive
CUST004997,Colleen,Ramirez,Male,2001-10-03,colleen.ramirez@gmail.com,6301565684,Singapore,Singapore,Singapore,Platinum,2026-07-26,Active
CUST004998,Michelle,Kelly,Male,2000-11-04,michelle.kelly@hotmail.com,5079139421,Sydney,New South Wales,Australia,Gold,2026-02-16,Inactive
CUST004999,Marie,Bishop,Male,1976-02-20,marie.bishop@hotmail.com,8174777194,Mumbai,Maharashtra,India,Silver,2023-09-07,Active
CUST005000,Ryan,Hernandez,Male,1997-09-09,ryan.hernandez@hotmail.com,6362833808,Chennai,Tamil Nadu,India,Diamond,2025-03-07,Active
CUST004802,Elizabeth,Smith,Male,2005-06-06,elizabeth.smith@yahoo.com,1770424029,Dubai,Dubai,UAE,Silver,2022-09-07,Inactive
CUST001349,Savannah,Matthews,Male,1994-03-31,savannah.matthews@gmail.com,7425452358,London,England,United Kingdom,Silver,2021-07-28,Inactive
CUST002758,Martha,Burgess,Male,1979-09-06,martha.burgess@hotmail.com,3559156648,New York,New York,United States,Gold,2026-04-02,Active
CUST004634,Michael,Smith,Male,1974-07-07,michael.smith@outlook.com,1151935125,Mumbai,Maharashtra,India,Platinum,2025-12-02,Inactive
CUST002398,Amy,Johnson,Male,1999-06-14,amy.johnson@hotmail.com,1589400358,London,England,United Kingdom,Silver,2024-02-09,Inactive
CUST002517,Kevin,Ochoa,Male,1955-09-11,kevin.ochoa@hotmail.com,0521381986,Bengaluru,Karnataka,India,Gold,2022-12-21,Inactive
CUST001381,Christina,Martin,Male,1994-03-31,christina.martin@yahoo.com,4034679698, Dubai,Dubai,UAE,Gold,2023-03-11,Active
CUST004512,Debra,Hernandez,Male,1992-03-06,debra.hernandez@gmail.com,9146177042,Delhi,Delhi,India,Gold,2023-04-28,Inactive
CUST000277,Jeremy,Diaz,Female,1961-10-03,jeremy.diaz@hotmail.com,8825674355,New York,New York,United States,Gold,2022-02-10,Inactive
CUST004421,Andrew,Allen,Male,1957-01-24,andrew.allen@outlook.com,4578885429,London,England,United Kingdom,Platinum,2026-02-11,Inactive
CUST004011,Bonnie,West,Female,1998-08-16,bonnie.west@yahoo.com,5633162842,Bengaluru,Karnataka,India,Platinum,2022-10-29,Active
CUST001439,Michael,Carlson,Female,1977-01-23,michael.carlson@outlook.com,7597073185,Delhi,Delhi,India,Silver,2024-08-31,Inactive
CUST000256,Stacy,White,Male,1968-09-29,stacy.white@gmail.com,2739731016,Singapore,Singapore,Singapore,Platinum,2024-09-17,Active
CUST004698,Larry,Patterson,Male,1970-05-27,larry.patterson@outlook.com,0567606452,Bengaluru,Karnataka,India,Gold,2024-05-22,Active
CUST001421,Patty,Turner,Male,1980-11-18,patty.turner@outlook.com,3306712453,Chennai,Tamil Nadu,India,Diamond,2022-09-29,Active
CUST003258,Kathy,West,Female,1989-11-20,kathy.west@yahoo.com,1967234375,Hyderabad,Telangana,India,Platinum,2025-07-03,Inactive
CUST000552,Bradley,Weaver,Female,1971-12-24,bradley.weaver@gmail.com,3627183623,Mumbai,Maharashtra,India,Gold,2021-11-01,Active
CUST002466,Thomas,Mcclure,Female,1989-05-14,thomas.mcclure@gmail.com,3165635337,Hyderabad,Telangana,India,Silver,2026-02-05,Active
CUST003279,Anthony,Wells,Male,1983-10-19,anthony.wells@outlook.com,0343588543,London,England,United Kingdom,Silver,2026-07-04,Active
CUST003414,Rachel,Campbell,Female,1966-04-22,rachel.campbell@hotmail.com,5471978434,Sydney,New South Wales,Australia,Diamond,2026-06-22,Inactive
CUST001666,Terrance,Johnson,Female,1958-09-26,terrance.johnson@gmail.com,5709564374,Singapore,Singapore,Singapore,Gold,2025-09-11,Inactive
CUST004354,Felicia,Sheppard,Male,1959-03-29,felicia.sheppard@outlook.com,0078534694,Delhi,Delhi,India,Diamond,2024-03-02,Active
CUST000597,Robert,Jones,Female,1966-05-30,robert.jones@yahoo.com,3124415330,Hyderabad,Telangana,India,Diamond,2023-01-05,Active
CUST002915,Kim,Miles,Male,1994-11-13,kim.miles@yahoo.com,7262898188,Hyderabad,Telangana,India,Silver,2025-12-21,Inactive
CUST002060,Jacob,Rich,Male,1972-03-10,jacob.rich@yahoo.com,1814282859,London,England,United Kingdom,Gold,2023-02-16,Active
CUST001631,Kimberly,Caldwell,Female,2006-01-29,kimberly.caldwell@outlook.com,,Dubai,Dubai,UAE,Platinum,2023-04-11,Active
CUST002261,Richard,George,Male,2002-09-09,richard.george@gmail.com,6458291535,Mumbai,Maharashtra,India,Gold,2023-11-04,Active
CUST003331,Dawn,Gonzalez,Male,1993-03-28,dawn.gonzalez@gmail.com,2007717541,Dubai,Dubai,UAE,Silver,2022-01-13,Active
CUST001308,Katherine,Adams,Female,1990-06-02,katherine.adams@hotmail.com,5128404901,Hyderabad,Telangana,India,Platinum,2022-07-08,Active
CUST000546,Matthew,Gardner,Female,1957-10-27,matthew.gardner@gmail.com,6461033653,Bengaluru,Karnataka,India,Silver,2021-08-25,Active
CUST004631,Mario,Collins,Female,1996-12-02,mario.collins@yahoo.com,4254319788,Singapore,Singapore,Singapore,Platinum,2023-07-12,Inactive
CUST002891,Kimberly,Brown,Female,2003-05-25,kimberly.brown@hotmail.com,5598873612,New York,New York,United States,Gold,2023-11-27,Inactive
CUST004914,Evelyn,Valenzuela,Male,2002-11-15,evelyn.valenzuela@outlook.com,5571824541,Hyderabad,Telangana,India,Silver,2021-09-22,Inactive
CUST004242,Erica,Frank,Male,1959-03-16,erica.frank@hotmail.com,2224305973,Mumbai,Maharashtra,India,Silver,2023-11-28,Active
CUST001783,Samuel,Reynolds,Male,1973-11-06,samuel.reynolds@hotmail.com,0894486706,Singapore,Singapore,Singapore,Gold,2022-10-29,Active
CUST003271,Dylan,Baker,Male,1973-06-13,dylan.baker@hotmail.com,2280215263,Bengaluru,Karnataka,India,Platinum,2023-12-24,Inactive
CUST001567,Jessica,Cole,Male,1986-10-29,jessica.cole@hotmail.com,4550534091,Mumbai ,Maharashtra,India,Diamond,2025-03-22,Active
CUST001495,Robert,Peterson,Female,1975-06-27,robert.peterson@yahoo.com,9763904760,Bengaluru,Karnataka,India,Platinum,2023-06-15,Active
CUST001463,Brandon,Ellis,Female,2001-05-01,brandon.ellis@hotmail.com,1462624908,Chennai,Tamil Nadu,India,Diamond,2023-06-14,Inactive
CUST003900,Philip,King,Female,1980-10-01,philip.king@gmail.com,6197946840,Mumbai,Maharashtra,India,Silver,2024-02-22,Active
CUST000955,Bradley,Gibbs,Female,1989-02-02,bradley.gibbs@gmail.com,0607792877,Dubai,Dubai,UAE,Platinum,2025-05-15,Inactive
CUST004895,Savannah,Reed,Male,1959-10-28,savannah.reed@yahoo.com,5011375021,Hyderabad,Telangana,India,Gold,2024-07-22,Inactive
CUST001450,Mary,Howell,Male,1989-08-21,mary.howell@gmail.com,2538621824,Chennai,Tamil Nadu,India,Platinum,2022-12-11,Inactive
CUST003003,Laura,Nelson,Male,1998-03-01,laura.nelson@hotmail.com,7381832601,Bengaluru,Karnataka,India,Diamond,2026-03-23,Inactive
CUST004243,Patricia,Fritz,Male,1958-08-09,patricia.fritz@gmail.com,7686397162,New York,New York,United States,Platinum,2024-10-28,Active
CUST002638,Wyatt,Anderson,Male,1991-02-21,wyatt.anderson@yahoo.com,5159700148,Hyderabad,Telangana,India,Gold,2023-08-20,Active
CUST000263,Amber,Moore,Female,2004-03-07,amber.moore@outlook.com,6594763569,Sydney,New South Wales,Australia,Silver,2025-01-18,Inactive
CUST002844,Natasha,Miller,Female,1985-03-19,natasha.miller@outlook.com,0514954314,Bengaluru,Karnataka,India,Platinum,2022-01-18,Inactive
CUST000429,Aaron,Chen,Female,1969-08-07,aaron.chen@outlook.com,3024243104,HYDERABAD ,Telangana,India,Platinum,2026-02-01,Active
CUST003351,Alyssa,Wells,Male,1985-05-10,alyssa.wells@outlook.com,3431159488,Delhi,Delhi,India,Platinum,2024-06-12,Active
